row_type,window,feature,failed_mean,winner_control_mean,failed_n,winner_n,date,stock_id,name,sector,hrr_score,failure_type,ret_s40,mae40,mfe40,mkt_fwd40,room_h250,rs_slope13,resdays10,srs_20,dist_ma150,stop_dist_atr,rr_res,res_dist_capped,supply15,rs120_pct,secmkt_20,atr5_20,brk_vol,ext_ma60_atr,stage2_age,dcap60,group,n,fail_rate,ev,entry_date,exit_date,exit_reason,failure_reason,ret,mae,mfe,n_conditions,C2_RS_LEADS,C3_LOW_OVERHEAD,C4_COMPRESSION,C5_BASE_VOL_CONTRACTION,C6_BREAKOUT_VOLUME,C7_TIGHT_STOP,beta,atr_pct,val20,mkt_stage,grp_stage,stop_dist_pct
FEATURE_CONTRAST,PRE_2020_2022,room_h250,0.10973334,0.09934332,6297.0,6479.0,,,,,,,,,,,,,,,,,,,,,,,,,,,,,,,,,,,,,,,,,,,,,,,,,,
FEATURE_CONTRAST,PRE_2020_2022,rs_slope13,0.3695189,0.43689704,6297.0,6479.0,,,,,,,,,,,,,,,,,,,,,,,,,,,,,,,,,,,,,,,,,,,,,,,,,,
FEATURE_CONTRAST,PRE_2020_2022,resdays10,0.03143798,0.021871338,6297.0,6479.0,,,,,,,,,,,,,,,,,,,,,,,,,,,,,,,,,,,,,,,,,,,,,,,,,,
FEATURE_CONTRAST,PRE_2020_2022,srs_20,0.099561766,0.17911646,6297.0,6479.0,,,,,,,,,,,,,,,,,,,,,,,,,,,,,,,,,,,,,,,,,,,,,,,,,,
FEATURE_CONTRAST,PRE_2020_2022,dist_ma150,0.35815743,0.44834557,6297.0,6479.0,,,,,,,,,,,,,,,,,,,,,,,,,,,,,,,,,,,,,,,,,,,,,,,,,,
FEATURE_CONTRAST,PRE_2020_2022,stop_dist_atr,3.2054582,4.3669815,6297.0,6479.0,,,,,,,,,,,,,,,,,,,,,,,,,,,,,,,,,,,,,,,,,,,,,,,,,,
FEATURE_CONTRAST,PRE_2020_2022,rr_res,3.2356918,2.419129,6297.0,6479.0,,,,,,,,,,,,,,,,,,,,,,,,,,,,,,,,,,,,,,,,,,,,,,,,,,
FEATURE_CONTRAST,PRE_2020_2022,res_dist_capped,0.39330834,0.5049182,6297.0,6479.0,,,,,,,,,,,,,,,,,,,,,,,,,,,,,,,,,,,,,,,,,,,,,,,,,,
FEATURE_CONTRAST,PRE_2020_2022,supply15,0.11256844,0.09713873,6297.0,6479.0,,,,,,,,,,,,,,,,,,,,,,,,,,,,,,,,,,,,,,,,,,,,,,,,,,
FEATURE_CONTRAST,PRE_2020_2022,rs120_pct,0.79781324,0.81502604,6297.0,6479.0,,,,,,,,,,,,,,,,,,,,,,,,,,,,,,,,,,,,,,,,,,,,,,,,,,
FEATURE_CONTRAST,PRE_2020_2022,secmkt_20,0.008645601,0.023168892,6297.0,6479.0,,,,,,,,,,,,,,,,,,,,,,,,,,,,,,,,,,,,,,,,,,,,,,,,,,
FEATURE_CONTRAST,PRE_2020_2022,atr5_20,1.0850949,1.1566281,6297.0,6479.0,,,,,,,,,,,,,,,,,,,,,,,,,,,,,,,,,,,,,,,,,,,,,,,,,,
FEATURE_CONTRAST,PRE_2020_2022,brk_vol,1.2962806,1.6036625,6297.0,6479.0,,,,,,,,,,,,,,,,,,,,,,,,,,,,,,,,,,,,,,,,,,,,,,,,,,
FEATURE_CONTRAST,PRE_2020_2022,ext_ma60_atr,2.9187095,3.539377,6297.0,6479.0,,,,,,,,,,,,,,,,,,,,,,,,,,,,,,,,,,,,,,,,,,,,,,,,,,
FEATURE_CONTRAST,PRE_2020_2022,stage2_age,95.09306,85.30853,6297.0,6479.0,,,,,,,,,,,,,,,,,,,,,,,,,,,,,,,,,,,,,,,,,,,,,,,,,,
FEATURE_CONTRAST,PRE_2020_2022,dcap60,0.6978953,0.6304732,6297.0,6479.0,,,,,,,,,,,,,,,,,,,,,,,,,,,,,,,,,,,,,,,,,,,,,,,,,,
FEATURE_CONTRAST,DISCOVERY,room_h250,0.10270574,0.08329479,4551.0,6324.0,,,,,,,,,,,,,,,,,,,,,,,,,,,,,,,,,,,,,,,,,,,,,,,,,,
FEATURE_CONTRAST,DISCOVERY,rs_slope13,0.30978984,0.35709774,4551.0,6324.0,,,,,,,,,,,,,,,,,,,,,,,,,,,,,,,,,,,,,,,,,,,,,,,,,,
FEATURE_CONTRAST,DISCOVERY,resdays10,0.027767962,0.019392788,4551.0,6324.0,,,,,,,,,,,,,,,,,,,,,,,,,,,,,,,,,,,,,,,,,,,,,,,,,,
FEATURE_CONTRAST,DISCOVERY,srs_20,0.08158375,0.16197239,4551.0,6324.0,,,,,,,,,,,,,,,,,,,,,,,,,,,,,,,,,,,,,,,,,,,,,,,,,,
FEATURE_CONTRAST,DISCOVERY,dist_ma150,0.36087617,0.41389534,4551.0,6324.0,,,,,,,,,,,,,,,,,,,,,,,,,,,,,,,,,,,,,,,,,,,,,,,,,,
FEATURE_CONTRAST,DISCOVERY,stop_dist_atr,3.1370125,4.359987,4551.0,6324.0,,,,,,,,,,,,,,,,,,,,,,,,,,,,,,,,,,,,,,,,,,,,,,,,,,
FEATURE_CONTRAST,DISCOVERY,rr_res,2.555999,2.3645132,4551.0,6324.0,,,,,,,,,,,,,,,,,,,,,,,,,,,,,,,,,,,,,,,,,,,,,,,,,,
FEATURE_CONTRAST,DISCOVERY,res_dist_capped,0.31160846,0.45145017,4551.0,6324.0,,,,,,,,,,,,,,,,,,,,,,,,,,,,,,,,,,,,,,,,,,,,,,,,,,
FEATURE_CONTRAST,DISCOVERY,supply15,0.11005321,0.08953868,4551.0,6324.0,,,,,,,,,,,,,,,,,,,,,,,,,,,,,,,,,,,,,,,,,,,,,,,,,,
FEATURE_CONTRAST,DISCOVERY,rs120_pct,0.7817778,0.8009284,4551.0,6324.0,,,,,,,,,,,,,,,,,,,,,,,,,,,,,,,,,,,,,,,,,,,,,,,,,,
FEATURE_CONTRAST,DISCOVERY,secmkt_20,0.0020664767,0.0075696586,4551.0,6324.0,,,,,,,,,,,,,,,,,,,,,,,,,,,,,,,,,,,,,,,,,,,,,,,,,,
FEATURE_CONTRAST,DISCOVERY,atr5_20,1.0685799,1.162351,4551.0,6324.0,,,,,,,,,,,,,,,,,,,,,,,,,,,,,,,,,,,,,,,,,,,,,,,,,,
FEATURE_CONTRAST,DISCOVERY,brk_vol,1.247655,1.6332682,4551.0,6324.0,,,,,,,,,,,,,,,,,,,,,,,,,,,,,,,,,,,,,,,,,,,,,,,,,,
FEATURE_CONTRAST,DISCOVERY,ext_ma60_atr,2.9214141,3.7075324,4551.0,6324.0,,,,,,,,,,,,,,,,,,,,,,,,,,,,,,,,,,,,,,,,,,,,,,,,,,
FEATURE_CONTRAST,DISCOVERY,stage2_age,118.50472,103.884094,4551.0,6324.0,,,,,,,,,,,,,,,,,,,,,,,,,,,,,,,,,,,,,,,,,,,,,,,,,,
FEATURE_CONTRAST,DISCOVERY,dcap60,0.50785863,0.51691675,4551.0,6324.0,,,,,,,,,,,,,,,,,,,,,,,,,,,,,,,,,,,,,,,,,,,,,,,,,,
FEATURE_CONTRAST,STRICT_OOS,room_h250,0.13499321,0.099542804,3474.0,4880.0,,,,,,,,,,,,,,,,,,,,,,,,,,,,,,,,,,,,,,,,,,,,,,,,,,
FEATURE_CONTRAST,STRICT_OOS,rs_slope13,0.3537621,0.39825344,3474.0,4880.0,,,,,,,,,,,,,,,,,,,,,,,,,,,,,,,,,,,,,,,,,,,,,,,,,,
FEATURE_CONTRAST,STRICT_OOS,resdays10,0.0333867,0.021609835,3474.0,4880.0,,,,,,,,,,,,,,,,,,,,,,,,,,,,,,,,,,,,,,,,,,,,,,,,,,
FEATURE_CONTRAST,STRICT_OOS,srs_20,0.10859716,0.19362545,3474.0,4880.0,,,,,,,,,,,,,,,,,,,,,,,,,,,,,,,,,,,,,,,,,,,,,,,,,,
FEATURE_CONTRAST,STRICT_OOS,dist_ma150,0.44298664,0.4930204,3474.0,4880.0,,,,,,,,,,,,,,,,,,,,,,,,,,,,,,,,,,,,,,,,,,,,,,,,,,
FEATURE_CONTRAST,STRICT_OOS,stop_dist_atr,2.995834,4.2024636,3474.0,4880.0,,,,,,,,,,,,,,,,,,,,,,,,,,,,,,,,,,,,,,,,,,,,,,,,,,
FEATURE_CONTRAST,STRICT_OOS,rr_res,2.3203557,2.0562017,3474.0,4880.0,,,,,,,,,,,,,,,,,,,,,,,,,,,,,,,,,,,,,,,,,,,,,,,,,,
FEATURE_CONTRAST,STRICT_OOS,res_dist_capped,0.3063669,0.45509544,3474.0,4880.0,,,,,,,,,,,,,,,,,,,,,,,,,,,,,,,,,,,,,,,,,,,,,,,,,,
FEATURE_CONTRAST,STRICT_OOS,supply15,0.11510932,0.07849397,3474.0,4880.0,,,,,,,,,,,,,,,,,,,,,,,,,,,,,,,,,,,,,,,,,,,,,,,,,,
FEATURE_CONTRAST,STRICT_OOS,rs120_pct,0.81414276,0.8169579,3474.0,4880.0,,,,,,,,,,,,,,,,,,,,,,,,,,,,,,,,,,,,,,,,,,,,,,,,,,
FEATURE_CONTRAST,STRICT_OOS,secmkt_20,-0.008357917,0.00899446,3474.0,4880.0,,,,,,,,,,,,,,,,,,,,,,,,,,,,,,,,,,,,,,,,,,,,,,,,,,
FEATURE_CONTRAST,STRICT_OOS,atr5_20,1.0613971,1.1718624,3474.0,4880.0,,,,,,,,,,,,,,,,,,,,,,,,,,,,,,,,,,,,,,,,,,,,,,,,,,
FEATURE_CONTRAST,STRICT_OOS,brk_vol,1.2482761,1.5932679,3474.0,4880.0,,,,,,,,,,,,,,,,,,,,,,,,,,,,,,,,,,,,,,,,,,,,,,,,,,
FEATURE_CONTRAST,STRICT_OOS,ext_ma60_atr,2.7206306,3.5715685,3474.0,4880.0,,,,,,,,,,,,,,,,,,,,,,,,,,,,,,,,,,,,,,,,,,,,,,,,,,
FEATURE_CONTRAST,STRICT_OOS,stage2_age,81.2323,69.283195,3474.0,4880.0,,,,,,,,,,,,,,,,,,,,,,,,,,,,,,,,,,,,,,,,,,,,,,,,,,
FEATURE_CONTRAST,STRICT_OOS,dcap60,0.51247126,0.63883084,3474.0,4880.0,,,,,,,,,,,,,,,,,,,,,,,,,,,,,,,,,,,,,,,,,,,,,,,,,,
FAILED_SETUP,,,,,,,2025-03-07,3376.0,新日興,電子零組件業,0.788283752860412,MARKET_DOWN,-0.1162069,-0.37931034,0.024904212,-0.0851617269576098,0.16346154,0.32500637,0.032,0.09379118,0.23854655,2.2952433,0.2014792,0.023413273,0.10297803,0.8023873,0.04435157,0.8,0.5994752,2.5572073,12.0,0.35685763,,,,,,,,,,,,,,,,,,,,,,,,
FAILED_SETUP,,,,,,,2025-03-07,3029.0,零壹,電子工業,0.776094584286804,MARKET_DOWN,-0.089200005,-0.3478169,0.046666667,-0.0851617269576098,0.1638796,0.2875417,0.048,0.0900589,0.30038446,2.4015386,1.0873314,0.09698997,0.2894938,0.95888597,0.03294175,0.8905109,1.6709808,1.7455128,323.0,0.71780694,,,,,,,,,,,,,,,,,,,,,,,,
FAILED_SETUP,,,,,,,2025-03-07,3045.0,台灣大,電子工業,0.6408492245105517,MARKET_DOWN,-0.065,-0.068376064,0.029914536,-0.0851617269576098,0.017094018,0.021017075,0.008,0.038439535,0.039630353,4.8395452,0.06574624,0.004273506,0.01338309,0.59416443,0.03332024,1.1428571,1.0956025,2.4287877,17.0,-0.0046505034,,,,,,,,,,,,,,,,,,,,,,,,
FAILED_SETUP,,,,,,,2025-03-07,3059.0,華晶科,光電業,0.7829087210780574,MARKET_DOWN,-0.11551021,-0.3548753,0.012471642,-0.0851617269576098,0.2018244,0.37173042,0.02,0.09938515,0.22522336,1.906845,0.015855337,0.0018314533,0.21158192,0.81962866,0.032751057,1.0721649,0.5509308,2.0995636,11.0,-0.02712112,,,,,,,,,,,,,,,,,,,,,,,,
FAILED_SETUP,,,,,,,2025-03-07,3078.0,僑威,電子零組件業,0.6279125349605897,MARKET_DOWN,-0.019600004,-0.24727273,0.18181817,-0.0851617269576098,0.120584644,0.24553342,0.088,-0.06013327,0.18379311,0.5377198,0.5592978,0.010962239,0.32573932,0.82360744,0.04654421,0.9341693,1.0326244,1.4354712,33.0,0.17267236,,,,,,,,,,,,,,,,,,,,,,,,
FAILED_SETUP,,,,,,,2025-03-07,3147.0,大綜,資訊服務業,0.9222018815153824,MARKET_DOWN,-0.18441688,-0.31761786,0.5037221,-0.0851617269576098,0.051980197,0.4977017,0.012,0.17846604,0.32175258,3.811282,5.4224973,1.0,0.04804016,0.85013264,-0.00867809,1.5090439,2.2040768,3.3358974,59.0,0.20048991,,,,,,,,,,,,,,,,,,,,,,,,
FAILED_SETUP,,,,,,,2025-03-07,3032.0,偉訓,電子工業,0.7369082125603864,MARKET_DOWN,-0.09388075,-0.44560668,0.072175734,-0.0851617269576098,0.119324185,0.13193534,0.036,0.05784286,0.22479337,2.361842,1.1022993,0.10348469,0.11895978,0.88063663,0.03320103,1.1777778,0.6755448,1.1039473,60.0,0.5001123,,,,,,,,,,,,,,,,,,,,,,,,
FAILED_SETUP,,,,,,,2025-03-07,3149.0,正達,電子工業,0.6596847190439867,MARKET_DOWN,-0.15566756,-0.32409915,0.073569484,-0.0851617269576098,0.28378382,0.14916816,0.044,0.1664291,0.13846152,3.3535426,0.18230134,0.028378405,0.1930999,0.8103448,0.03252309,1.2536231,0.62600243,2.4551358,13.0,0.71851444,,,,,,,,,,,,,,,,,,,,,,,,
FAILED_SETUP,,,,,,,2025-03-07,3162.0,精確,電機機械,0.6732519705059751,MARKET_DOWN,-0.09393479,-0.16956522,0.4021739,-0.0851617269576098,0.1543478,0.103676,0.064,0.05455657,0.20704284,2.3910673,0.8909974,0.08369565,0.3022852,0.8965517,0.057015423,0.7626077,0.1334137,2.1262846,66.0,0.20457833,,,,,,,,,,,,,,,,,,,,,,,,
FAILED_SETUP,,,,,,,2025-03-07,3213.0,茂訊,電腦及週邊設備業,0.8382557843885076,MARKET_DOWN,-0.2620723,-0.3180723,0.12048192,-0.0851617269576098,0.20647773,0.42939728,0.016,0.37898657,0.2915888,3.1590042,3.815741,1.0,0.31159073,0.80106103,0.06420178,1.2450029,0.9580944,2.61911,5.0,-0.2585268,,,,,,,,,,,,,,,,,,,,,,,,
FAILED_SETUP,,,,,,,2025-03-14,6140.0,訊達,資訊服務業,0.6656262714327231,SECTOR_WEAK,-0.07540541,-0.14864863,0.5585586,-0.015179963677678,0.21385543,0.32270405,0.14,0.022437612,0.23044464,1.4005579,1.341399,0.10114874,0.60075325,0.8860927,-0.02999055,0.9319371,0.23065925,1.9805447,14.0,0.55067617,,,,,,,,,,,,,,,,,,,,,,,,
FAILED_SETUP,,,,,,,2025-03-14,6547.0,高端疫苗,生技醫療業,0.7695727986050567,TOO_EXTENDED,-0.15063551,-0.31028038,0.057943925,-0.015179963677678,0.14933838,0.48340988,0.136,0.1280971,0.20561557,3.9312196,0.012549227,0.0018903592,0.19664888,0.69403976,0.056215927,1.0753912,1.6142659,4.1743903,0.0,-0.7793022,,,,,,,,,,,,,,,,,,,,,,,,
FAILED_SETUP,,,,,,,2025-03-14,6485.0,點序,半導體業,0.703859343214182,TOO_EXTENDED,-0.16955584,-0.41941625,0.008883249,-0.015179963677678,0.19785126,0.51999944,0.228,0.076855704,0.32632947,2.8086185,0.2166205,0.036729272,0.32240084,0.87947017,0.0053677005,1.2201934,3.0810614,4.114164,0.0,0.14941308,,,,,,,,,,,,,,,,,,,,,,,,
FAILED_SETUP,,,,,,,2025-03-14,6435.0,大中,半導體業,0.8698634117988956,TOO_EXTENDED,-0.089367084,-0.33502108,0.05907173,-0.015179963677678,0.021367522,0.29753593,0.004,0.100743234,0.17440273,2.9070585,0.057881884,0.005172735,0.021021282,0.78410596,0.005070399,0.97222227,1.3732735,4.152418,11.0,0.14839496,,,,,,,,,,,,,,,,,,,,,,,,
FAILED_SETUP,,,,,,,2025-03-14,6272.0,驊陞,電子零組件業,0.6656989247311828,STOP_TOO_TIGHT,-0.06276945,-0.26092833,0.34642547,-0.015179963677678,0.19405594,0.24093601,0.116,0.04410717,0.14701593,0.8004415,0.23987779,0.015056997,0.24132882,0.8384106,0.039219696,1.3828675,2.0888321,0.95047516,5.0,0.9634527,,,,,,,,,,,,,,,,,,,,,,,,
FAILED_SETUP,,,,,,,2025-03-14,6227.0,茂綸,電子通路業,0.9696207497820404,TOO_EXTENDED,-0.25658333,-0.3101852,0.2685185,-0.015179963677678,0.0,0.5448548,0.0,0.21687302,0.39435634,5.913933,3.8973691,1.0,0.0,0.9337748,0.062542565,2.1717172,3.4476657,4.896087,19.0,0.18141462,,,,,,,,,,,,,,,,,,,,,,,,
FAILED_SETUP,,,,,,,2025-03-14,6206.0,飛捷,電子工業,0.7891136297587911,STOCK_SPECIFIC,-0.09017606,-0.36267605,0.03169014,-0.015179963677678,0.28873238,0.77840734,0.032,0.08674957,0.4742219,1.2492683,3.201874,0.28873238,0.1920624,0.97218543,0.018538851,0.76785713,0.4357976,2.8235772,27.0,-0.19307095,,,,,,,,,,,,,,,,,,,,,,,,
FAILED_SETUP,,,,,,,2025-03-14,6190.0,萬泰科,通信網路業,0.678747457134554,SECTOR_WEAK,-0.102928676,-0.2966208,0.13516895,-0.015179963677678,0.13413386,0.19170922,0.14,0.15327686,0.08761579,2.982798,0.03363407,0.0034619102,0.38199642,0.5629139,-0.0068241097,1.085595,1.1351246,2.5303972,0.0,0.41195485,,,,,,,,,,,,,,,,,,,,,,,,
FAILED_SETUP,,,,,,,2025-03-14,6170.0,統振,通信網路業,0.8149346120313862,SECTOR_WEAK,-0.105026186,-0.24956371,0.04537522,-0.015179963677678,0.06457243,0.17925502,0.032,0.13874897,0.1721387,2.234801,0.19730999,0.020722715,0.096885264,0.8847682,-0.0045444863,1.232816,0.48933107,2.15168,5.0,0.1073611,,,,,,,,,,,,,,,,,,,,,,,,
FAILED_SETUP,,,,,,,2025-03-14,6517.0,保勝光學,光電業,0.6376344086021505,TOO_EXTENDED,-0.24837838,-0.2972973,0.3820639,-0.015179963677678,0.2242268,0.1555426,0.144,0.18389069,0.116793156,9.014395,0.0675498,0.01677791,0.5603029,0.87019867,0.042445246,1.9652605,24.037214,4.8977704,0.0,1.2781584,,,,,,,,,,,,,,,,,,,,,,,,
FAILED_SETUP,,,,,,,2025-03-14,6005.0,群益證,金融保險,0.8281734960767219,STOCK_SPECIFIC,-0.060126584,-0.2585895,0.0072332732,-0.015179963677678,0.03231598,0.25120315,0.008,0.05075506,0.17931853,2.8734567,0.11943639,0.007181302,0.016800977,0.8768212,0.061359107,1.2166667,2.5296712,2.895062,67.0,0.41148505,,,,,,,,,,,,,,,,,,,,,,,,
FAILED_SETUP,,,,,,,2025-03-14,4763.0,材料*-KY,化學生技醫療,0.6508965417029934,STOCK_SPECIFIC,-0.07887851,-0.30529594,0.022845276,-0.015179963677678,0.1991658,0.12146149,0.008,0.017031247,0.12362598,1.4894118,1.3495923,0.10645383,0.05202639,0.7854305,0.07643231,1.6983758,2.9001052,0.8522097,136.0,0.67583656,,,,,,,,,,,,,,,,,,,,,,,,
FAILED_SETUP,,,,,,,2025-03-14,5876.0,上海商銀,金融保險,0.6297369950595757,STOCK_SPECIFIC,-0.04567567,-0.070945956,0.086711705,-0.015179963677678,0.058365483,0.17616798,0.148,0.009431208,0.0948186,2.4688694,0.073881306,0.0033745782,0.13730553,0.7324503,0.063116126,1.1805556,1.527221,2.5879714,11.0,-0.28649524,,,,,,,,,,,,,,,,,,,,,,,,
FAILED_SETUP,,,,,,,2025-03-14,5608.0,四維航,航運業,0.6720807904678872,STOCK_SPECIFIC,-0.1626747,-0.3421687,0.043373495,-0.015179963677678,0.21307506,0.23522429,0.168,0.12582144,0.151273,3.0390353,0.20838094,0.033898305,0.49497285,0.797351,0.102015994,0.8229665,0.47288468,2.5501606,2.0,0.20467068,,,,,,,,,,,,,,,,,,,,,,,,
FAILED_SETUP,,,,,,,2025-03-14,5439.0,高技,電子零組件業,0.9803676256902064,TOO_EXTENDED,-0.31394738,-0.31871346,0.14327486,-0.015179963677678,0.0059701493,0.4923371,0.0,0.43602434,0.59865874,5.918031,3.1852472,1.0,0.0,0.98410594,0.032709457,1.2405797,0.8851854,4.924803,57.0,-0.48191535,,,,,,,,,,,,,,,,,,,,,,,,
FAILED_SETUP,,,,,,,2025-03-14,5203.0,訊連,資訊服務業,0.7778247602441151,SECTOR_WEAK,-0.10542169,-0.31566265,0.008032123,-0.015179963677678,0.17886178,0.51000065,0.064,0.058860574,0.2612177,2.2408538,1.6966317,0.17886178,0.33952487,0.8927152,-0.032983914,0.68327403,0.42730543,2.8705692,22.0,-0.22096731,,,,,,,,,,,,,,,,,,,,,,,,
FAILED_SETUP,,,,,,,2025-03-14,4933.0,友輝,光電業,0.8464123801220577,STOCK_SPECIFIC,-0.12013301,-0.20072551,0.036275692,-0.015179963677678,0.056372553,0.28583673,0.02,0.11309757,0.16207413,3.3116665,0.09181002,0.011029414,0.099442944,0.69536424,0.037525807,1.2142857,0.60251313,2.6655555,51.0,0.15146334,,,,,,,,,,,,,,,,,,,,,,,,
FAILED_SETUP,,,,,,,2025-03-14,4931.0,新盛力,電腦及週邊設備業,0.9173016564952048,STOCK_SPECIFIC,-0.3098348,-0.3160793,0.08700441,-0.015179963677678,0.07867731,0.29498288,0.008,0.3517172,0.72601557,5.6998844,3.2275264,1.0,0.0813187,0.994702,0.0362312,1.5648038,1.4123667,3.754607,131.0,0.65981776,,,,,,,,,,,,,,,,,,,,,,,,
FAILED_SETUP,,,,,,,2025-03-14,4916.0,事欣科,電腦及週邊設備業,0.8184437663469921,STOCK_SPECIFIC,-0.1788372,-0.3532669,0.076411955,-0.015179963677678,0.2729332,0.48447037,0.02,0.16545941,0.36680254,2.3649163,0.5087267,0.090979256,0.23586504,0.9735099,0.03801409,0.87120116,0.23781508,1.9933405,36.0,0.9303421,,,,,,,,,,,,,,,,,,,,,,,,
FAILED_SETUP,,,,,,,2025-03-14,4772.0,台特化,化學工業,0.7355100261551875,STOCK_SPECIFIC,-0.12187633,-0.34968016,0.061833687,-0.015179963677678,0.2182628,0.42783734,0.08,0.08970705,0.17286973,2.0466497,0.047555193,0.0057958527,0.3777773,0.81456953,0.025454337,0.839416,0.2895041,0.79070765,32.0,0.11408044,,,,,,,,,,,,,,,,,,,,,,,,
FAILED_SETUP,,,,,,,2025-03-14,4722.0,國精化,化學生技醫療,0.6998067422260971,STOP_TOO_TIGHT,-0.065351434,-0.29952076,0.12619808,-0.015179963677678,0.20450886,0.44891694,0.048,-0.045599896,0.2909619,0.99606955,15.301882,1.0,0.46562037,0.93245035,0.083185755,0.8595041,0.2831171,2.0594203,48.0,0.31457776,,,,,,,,,,,,,,,,,,,,,,,,
FAILED_SETUP,,,,,,,2025-03-14,6558.0,興能高,電子工業,0.7150828247602441,STOP_TOO_TIGHT,-0.02948121,-0.3255814,0.1627907,-0.015179963677678,0.21739131,0.28935087,0.08,0.019182669,0.56535053,0.44199225,5.837665,0.17210144,0.26024845,0.9933775,0.01897926,1.00271,0.53754276,1.2317051,75.0,0.45431456,,,,,,,,,,,,,,,,,,,,,,,,
FAILED_SETUP,,,,,,,2025-03-14,5903.0,全家,貿易百貨,0.6598125544899738,STOCK_SPECIFIC,-0.04759493,-0.07594936,0.070886075,-0.015179963677678,0.070886075,0.09456762,0.008,0.025550218,0.046970904,2.957303,0.053191535,0.0025316474,0.09193544,0.58410597,0.06695215,2.745098,1.3754802,2.307116,40.0,0.14984158,,,,,,,,,,,,,,,,,,,,,,,,
FAILED_SETUP,,,,,,,2025-03-14,6613.0,朋億*,其他電子業,0.6737576285963381,STOCK_SPECIFIC,-0.10566292,-0.3752809,0.006741573,-0.015179963677678,0.19595343,0.2363648,0.072,0.004107188,0.1983112,3.1648078,0.04279062,0.004521382,0.24728937,0.9178808,0.010884129,1.1848533,0.6575914,1.7368337,30.0,0.7080297,,,,,,,,,,,,,,,,,,,,,,,,
FAILED_SETUP,,,,,,,2025-03-14,8932.0,智通*,數位雲端,0.6901336820691659,STOCK_SPECIFIC,-0.053891633,-0.27783254,0.014778304,-0.015179963677678,0.086086094,0.16826227,0.088,0.05761362,0.09693343,1.6398288,0.06624123,0.003569848,0.07923355,0.821192,0.0,0.9072219,0.673738,0.61241275,121.0,0.1269022,,,,,,,,,,,,,,,,,,,,,,,,
FAILED_SETUP,,,,,,,2025-03-14,6657.0,華安,生技醫療業,0.8706044754431851,STOCK_SPECIFIC,-0.18134615,-0.2815934,0.071428575,-0.015179963677678,0.16621253,0.42971808,0.024,0.2422472,0.33843863,2.8969905,0.7126311,0.12923291,0.27016744,0.9231788,0.05253703,0.90082645,0.87412965,3.0812194,26.0,0.2149429,,,,,,,,,,,,,,,,,,,,,,,,
FAILED_SETUP,,,,,,,2025-03-14,4534.0,慶騰,電機機械,0.9426954373728568,STOCK_SPECIFIC,-0.30945456,-0.46446282,0.052892562,-0.015179963677678,0.031404957,0.4007512,0.0,0.43127295,0.2693728,5.119297,0.06409571,0.01983471,0.0,0.7536424,0.056784607,1.1107829,,3.4649088,16.0,0.31133625,,,,,,,,,,,,,,,,,,,,,,,,
FAILED_SETUP,,,,,,,2025-03-14,9802.0,鈺齊-KY,運動休閒,0.7097878523684976,STOCK_SPECIFIC,-0.10032847,-0.33379176,0.025220476,-0.015179963677678,0.1925926,0.34461632,0.08,0.05475639,0.12936322,1.7654128,0.096605286,0.00969226,0.34298328,0.78807944,0.0064143823,0.7920792,0.46439674,0.6999999,29.0,-0.10133781,,,,,,,,,,,,,,,,,,,,,,,,
FAILED_SETUP,,,,,,,2025-03-14,8937.0,合騏*,其他,0.8279642545771578,STOCK_SPECIFIC,-0.10254958,-0.40509915,0.093484424,-0.015179963677678,0.12068967,0.37606347,0.056,0.085183464,0.53089505,2.4601943,1.1768909,0.12068967,0.075644635,0.9986755,0.046756547,0.8021978,0.32097742,1.9788024,191.0,-0.33981878,,,,,,,,,,,,,,,,,,,,,,,,
FAILED_SETUP,,,,,,,2025-03-14,8499.0,鼎炫-KY,其他,0.9189261842487648,STOCK_SPECIFIC,-0.25232837,-0.27462688,0.047761187,-0.015179963677678,0.07575758,0.45776162,0.02,0.3098624,0.35149893,4.659134,3.96309,1.0,0.23268205,0.91523176,0.050520964,1.3515358,1.5086251,3.8637795,23.0,-0.44003874,,,,,,,,,,,,,,,,,,,,,,,,
FAILED_SETUP,,,,,,,2025-03-14,9907.0,統一實,其他,0.8480921243824471,TOO_EXTENDED,-0.15534623,-0.15789473,0.18836568,-0.015179963677678,0.01949862,0.20324583,0.008,0.1709663,0.12978347,7.1374526,0.024831448,0.0038574717,0.021738913,0.7231788,0.048268974,1.2121212,0.7306785,5.9627266,15.0,0.15373397,,,,,,,,,,,,,,,,,,,,,,,,
FAILED_SETUP,,,,,,,2025-03-14,8415.0,大國鋼,鋼鐵工業,0.6342226097064806,STOCK_SPECIFIC,-0.034782603,-0.20685112,0.032938063,-0.015179963677678,0.08507851,0.19675139,0.044,-0.07742562,0.107738264,1.2198018,1.5804973,0.05497381,0.38641942,0.73377484,0.13338807,0.9519231,0.3148635,2.476568,24.0,-0.36249167,,,,,,,,,,,,,,,,,,,,,,,,
FAILED_SETUP,,,,,,,2025-03-14,8299.0,群聯,半導體業,0.8007570473699506,STOCK_SPECIFIC,-0.15166119,-0.33223686,0.0065789474,-0.015179963677678,0.24627498,0.46998453,0.052,0.2056835,0.24955374,3.1257627,0.07454638,0.011305792,0.14589791,0.84370863,0.0034948592,1.304,2.2091415,3.4672513,0.0,0.6314198,,,,,,,,,,,,,,,,,,,,,,,,
FAILED_SETUP,,,,,,,2025-03-14,8234.0,新漢,電腦及週邊設備業,0.8867509444928799,STOCK_SPECIFIC,-0.19183673,-0.3329753,0.055853926,-0.015179963677678,0.16013072,0.86384505,0.032,0.18987182,0.561582,2.601873,0.834724,0.16013072,0.047255356,0.9788079,0.03775385,1.1845102,4.236914,3.1350677,28.0,0.13133109,,,,,,,,,,,,,,,,,,,,,,,,
FAILED_SETUP,,,,,,,2025-03-14,8155.0,博智,電子零組件業,0.7518918918918918,STOCK_SPECIFIC,-0.23951557,-0.32387543,0.16262977,-0.015179963677678,0.12052165,0.29077554,0.164,0.1990538,0.16437899,5.0490174,0.07559837,0.018106986,0.32284904,0.83178806,0.035207827,1.5895793,1.6093563,3.6326864,0.0,1.1039094,,,,,,,,,,,,,,,,,,,,,,,,
FAILED_SETUP,,,,,,,2025-03-14,8111.0,立碁,光電業,0.7924774774774774,STOCK_SPECIFIC,-0.1971689,-0.30230325,0.36084455,-0.015179963677678,0.12328768,0.21508987,0.064,0.11428118,0.27769166,4.9677024,0.56573826,0.11154599,0.22084092,0.98013246,0.037604626,1.2866408,1.0627735,1.0381116,131.0,0.8935319,,,,,,,,,,,,,,,,,,,,,,,,
FAILED_SETUP,,,,,,,2025-03-14,6651.0,全宇昕,半導體業,0.781303400174368,STOCK_SPECIFIC,-0.1639,-0.32925293,0.059090916,-0.015179963677678,0.074418604,0.15107077,0.052,0.19301572,0.14188395,4.844645,0.45404884,0.074418604,0.13443306,0.5192053,0.0069262343,1.5282391,0.66771305,3.6209214,33.0,0.3447693,,,,,,,,,,,,,,,,,,,,,,,,
FAILED_SETUP,,,,,,,2025-03-14,8096.0,擎亞,電子通路業,0.8046512641673932,STOCK_SPECIFIC,-0.16433989,-0.32865167,0.11235956,-0.015179963677678,0.20294116,0.7093465,0.028,0.041469622,0.44324645,1.954821,1.2348869,0.20294116,0.01781792,0.8821192,0.07233274,0.8122867,1.6271814,2.8407915,27.0,0.7732791,,,,,,,,,,,,,,,,,,,,,,,,
FAILED_SETUP,,,,,,,2025-03-14,7722.0,LINEPAY,數位雲端,0.6334829991281604,STOP_TOO_TIGHT,-0.022272727,-0.35123968,0.009641874,-0.015179963677678,0.27945206,0.54451734,0.048,-0.098783195,0.28766087,0.5053125,9.846914,0.21931763,0.1895224,0.94437087,0.0,0.86562943,0.6021438,2.1471355,36.0,-0.4182107,,,,,,,,,,,,,,,,,,,,,,,,
FAILED_SETUP,,,,,,,2025-03-14,6944.0,兆聯實業,綠能環保,0.6530717814588783,STOCK_SPECIFIC,-0.066105075,-0.23003179,0.30423635,-0.015179963677678,0.07563025,0.20639062,0.116,0.01858199,0.092278354,2.1099727,1.0896108,0.07202881,0.075819924,0.7708609,0.01799862,1.475,1.4979883,0.5587215,317.0,0.32513744,,,,,,,,,,,,,,,,,,,,,,,,
FAILED_SETUP,,,,,,,2025-03-14,6922.0,宸曜,電腦及週邊設備業,0.6765170008718395,STOCK_SPECIFIC,-0.09748837,-0.38372093,0.044186044,-0.015179963677678,0.27014217,0.36667523,0.064,0.010795236,0.21490125,1.6485393,0.58337253,0.05687204,0.2770306,0.88874173,0.040985864,0.9335727,1.6497977,0.5361423,53.0,0.9375435,,,,,,,,,,,,,,,,,,,,,,,,
FAILED_SETUP,,,,,,,2025-03-14,6919.0,康霈*,生技醫療業,0.7114908456843941,STOCK_SPECIFIC,-0.078083426,-0.39007893,0.056369785,-0.015179963677678,0.15515289,0.63552177,0.068,-0.06338944,0.37613207,1.5539103,1.6099168,0.12570782,0.15787256,0.95099336,0.061927523,0.89180326,0.31938168,3.1193378,42.0,-0.39360413,,,,,,,,,,,,,,,,,,,,,,,,
FAILED_SETUP,,,,,,,2025-03-14,6916.0,華凌,電子工業,0.7263673350770126,STOCK_SPECIFIC,-0.21014443,-0.4296029,0.09205774,-0.015179963677678,0.21841154,0.17214055,0.044,0.23301342,0.11788263,2.7908905,0.010684616,0.0022453126,0.67673707,0.7629139,0.019555213,1.606504,0.3749765,1.5289645,0.0,-0.062194213,,,,,,,,,,,,,,,,,,,,,,,,
FAILED_SETUP,,,,,,,2025-03-14,6877.0,鏵友益,其他電子業,0.9362031386224936,SECTOR_WEAK,-0.3332832,-0.39646018,0.044247787,-0.015179963677678,0.05381166,0.27401158,0.0,0.5319607,0.42121652,4.855009,3.0004513,1.0,0.0,0.9695364,-0.0056125363,1.923445,6.1323533,3.2615101,22.0,-0.0058234353,,,,,,,,,,,,,,,,,,,,,,,,
FAILED_SETUP,,,,,,,2025-03-14,6761.0,穩得,電子零組件業,0.7186224934612032,STOCK_SPECIFIC,-0.114930876,-0.318894,0.050691247,-0.015179963677678,0.08920188,0.22617018,0.1,0.11424571,0.08431527,3.5268686,0.04084921,0.0046948353,0.2095552,0.34172186,0.03699671,1.2030075,3.9053893,2.9819527,3.0,0.64127225,,,,,,,,,,,,,,,,,,,,,,,,
FAILED_SETUP,,,,,,,2025-03-14,6757.0,台灣虎航,航運業,0.7388942167974426,STOCK_SPECIFIC,-0.116547085,-0.12556055,0.22197309,-0.015179963677678,0.053227633,0.17116506,0.06,0.008671099,0.24012208,3.8200526,0.2915138,0.033975083,0.1132903,0.8953642,0.10745785,0.88059705,0.40916863,1.5457567,205.0,0.36407858,,,,,,,,,,,,,,,,,,,,,,,,
FAILED_SETUP,,,,,,,2025-03-14,6670.0,復盛應用,運動休閒,0.6461086893344957,STOCK_SPECIFIC,-0.075112104,-0.21823618,0.11210762,-0.015179963677678,0.06917293,0.1342309,0.076,0.013289213,0.08361859,2.7534246,0.36036357,0.027067667,0.08387954,0.7178808,0.014451328,1.0091743,1.4461852,0.6398886,3.0,0.13472113,,,,,,,,,,,,,,,,,,,,,,,,
FAILED_SETUP,,,,,,,2025-03-14,6658.0,聯策,其他電子業,0.6788346410927056,STOCK_SPECIFIC,-0.22197647,-0.43529412,0.01764706,-0.015179963677678,0.3179143,0.17654097,0.036,0.21437974,0.097615294,4.373378,0.007275029,0.0016148853,0.15589865,0.79072845,0.0035998363,1.6953642,3.6168292,2.6430712,3.0,0.90352106,,,,,,,,,,,,,,,,,,,,,,,,
FAILED_SETUP,,,,,,,2025-03-14,8045.0,達運光電,通信網路業,0.8266143562917756,SECTOR_WEAK,-0.19126761,-0.46901408,0.0035211279,-0.015179963677678,0.12356628,1.1728213,0.096,0.10588987,0.39547384,3.4725115,0.40500733,0.07746478,0.17505538,0.9284768,-0.008222747,1.374613,1.855968,3.8641706,22.0,-0.1562207,,,,,,,,,,,,,,,,,,,,,,,,
FAILED_SETUP,,,,,,,2025-03-14,4532.0,瑞智,電機機械,0.7401772740482417,TOO_EXTENDED,-0.0958,-0.18114655,0.120163165,-0.015179963677678,0.07382553,0.19400494,0.068,0.077092595,0.118310764,4.4459667,0.21016951,0.020134239,0.15837169,0.7602649,0.057952058,1.3047209,0.78299105,4.6357274,0.0,0.14760432,,,,,,,,,,,,,,,,,,,,,,,,
FAILED_SETUP,,,,,,,2025-03-14,1524.0,耿鼎,汽車工業,0.8155100261551874,STOCK_SPECIFIC,-0.144038,-0.28147268,0.08669834,-0.015179963677678,0.049576785,0.13688037,0.004,0.1510635,0.15843636,6.151884,0.3441924,0.049576785,0.024620207,0.8715232,0.032223973,2.1686745,3.9672241,3.2675116,113.0,0.15117918,,,,,,,,,,,,,,,,,,,,,,,,
FAILED_SETUP,,,,,,,2025-03-14,3694.0,海華,電子工業,0.6231095611740773,STOCK_SPECIFIC,-0.06714771,-0.36587438,0.028862469,-0.015179963677678,0.2265758,0.11664621,0.092,0.040641047,0.20409235,1.0388367,0.56698245,0.038071573,0.2957776,0.91258276,0.018829051,0.8189911,0.18498588,0.3502189,54.0,0.09209988,,,,,,,,,,,,,,,,,,,,,,,,
FAILED_SETUP,,,,,,,2025-03-14,2543.0,皇昌,建材營造,0.64462074978204,STOCK_SPECIFIC,-0.078095235,-0.2857143,0.023280423,-0.015179963677678,0.22470714,0.44144675,0.044,-0.106612705,0.26493323,1.038392,0.5413581,0.042277493,0.16262372,0.9708609,0.08837172,1.0714285,0.5242084,1.133882,448.0,0.36016023,,,,,,,,,,,,,,,,,,,,,,,,
FAILED_SETUP,,,,,,,2025-03-14,2516.0,新建,建材營造,0.9485658238884046,TOO_EXTENDED,-0.18541752,-0.38900203,0.07535642,-0.015179963677678,0.05532787,0.974012,0.008,0.16548887,0.6654911,3.2024121,5.393234,1.0,0.011431024,0.9880795,0.07727996,0.85767096,0.7178233,4.429816,81.0,-1.9010462,,,,,,,,,,,,,,,,,,,,,,,,
FAILED_SETUP,,,,,,,2025-03-14,2466.0,冠西電,光電業,0.8155899447834931,STOCK_SPECIFIC,-0.20866968,-0.23900789,0.29650506,-0.015179963677678,0.1241535,1.6726135,0.056,0.02030299,0.7466044,3.3652728,0.59497625,0.1241535,0.3014192,0.9960265,0.040867783,1.1887705,1.7461567,2.6198485,52.0,-0.4526603,,,,,,,,,,,,,,,,,,,,,,,,
FAILED_SETUP,,,,,,,2025-03-14,2387.0,精元,電腦及週邊設備業,0.7143185120604476,STOCK_SPECIFIC,-0.1033137,-0.32326952,0.005891016,-0.015179963677678,0.09063894,0.10847909,0.04,0.09462835,0.11261737,3.0883648,9.679258,1.0,0.14112014,0.7470199,0.039907653,0.8210526,0.36555946,1.6179243,69.0,0.04677696,,,,,,,,,,,,,,,,,,,,,,,,
FAILED_SETUP,,,,,,,2025-03-14,2328.0,廣宇,電子零組件業,0.9520807904678874,TOO_EXTENDED,-0.2720055,-0.4065934,0.053113554,-0.015179963677678,0.039106146,0.46878237,0.004,0.33886325,0.4145866,5.1275215,3.6763964,1.0,0.07317753,0.9549669,0.033662833,1.5387979,2.6398122,4.216687,97.0,-0.12731841,,,,,,,,,,,,,,,,,,,,,,,,
FAILED_SETUP,,,,,,,2025-03-14,2250.0,IKKA-KY,汽車工業,0.6461987794245859,STOP_TOO_TIGHT,-0.063720934,-0.38604653,0.034883715,-0.015179963677678,0.23846154,0.50000507,0.08,-0.047070954,0.2072145,0.99636364,1.0246079,0.06528897,0.36740565,0.86092716,0.043493524,0.6869806,0.3299733,0.35757568,49.0,0.48864448,,,,,,,,,,,,,,,,,,,,,,,,
FAILED_SETUP,,,,,,,2025-03-14,2059.0,川湖,電子零組件業,0.8589305434466725,STOCK_SPECIFIC,-0.14217277,-0.36910996,0.04712042,-0.015179963677678,0.10026385,0.27027905,0.036,0.16048211,0.36331123,2.8477154,0.70522535,0.10026385,0.04597474,0.96291393,0.0354192,0.86543536,0.5306816,2.8026216,78.0,1.0958028,,,,,,,,,,,,,,,,,,,,,,,,
FAILED_SETUP,,,,,,,2025-03-14,2034.0,允強,鋼鐵工業,0.8129686137750654,STOCK_SPECIFIC,-0.10844278,-0.30581614,0.031894926,-0.015179963677678,0.09659092,0.40415123,0.056,0.09345084,0.19222012,2.198913,0.06527788,0.0070789154,0.43685353,0.81059605,0.12561466,0.74,0.32508022,3.2330613,9.0,-0.27682412,,,,,,,,,,,,,,,,,,,,,,,,
FAILED_SETUP,,,,,,,2025-03-14,2032.0,新鋼,鋼鐵工業,0.8788113920371986,STOCK_SPECIFIC,-0.17297296,-0.33169532,0.007370982,-0.015179963677678,0.108910896,0.43613544,0.04,0.1948833,0.30984548,3.1488817,0.046517987,0.008046354,0.2915903,0.92715234,0.124854475,0.6909093,0.26719135,3.952503,10.0,-0.7469983,,,,,,,,,,,,,,,,,,,,,,,,
FAILED_SETUP,,,,,,,2025-03-14,2023.0,燁輝,鋼鐵工業,0.7317000871839581,STOCK_SPECIFIC,-0.0846087,-0.2637681,0.0057971017,-0.015179963677678,0.017441861,0.19469029,0.004,-0.029828565,0.1191207,2.8982978,0.68342036,0.057823304,0.009489323,0.7298013,0.13027427,0.9952153,0.9601717,2.8926713,29.0,-0.019255593,,,,,,,,,,,,,,,,,,,,,,,,
FAILED_SETUP,,,,,,,2025-03-14,2597.0,潤弘,建材營造,0.872438244696309,STOCK_SPECIFIC,-0.120599456,-0.19891009,0.057220712,-0.015179963677678,0.07317073,0.36216843,0.004,0.11007762,0.2204572,3.2612634,0.13482782,0.016260162,0.012892357,0.8781457,0.079533525,1.496063,3.8491485,3.394386,297.0,-0.34093332,,,,,,,,,,,,,,,,,,,,,,,,
FAILED_SETUP,,,,,,,2025-03-14,2014.0,中鴻,鋼鐵工業,0.8503603603603604,STOCK_SPECIFIC,-0.15522727,-0.37190083,0.035123967,-0.015179963677678,0.08057851,0.33071366,0.036,0.12193046,0.21398592,3.1211276,0.04931353,0.0076548047,0.14747241,0.90066224,0.11972812,0.7982646,0.41401872,3.460534,8.0,-0.46010268,,,,,,,,,,,,,,,,,,,,,,,,
FAILED_SETUP,,,,,,,2025-03-14,1736.0,喬山,化學生技醫療,0.8070284800929961,STOCK_SPECIFIC,-0.1870529,-0.21914358,0.14105792,-0.015179963677678,0.11111111,0.12388719,0.028,0.21773489,0.26417947,3.3864496,0.0405006,0.0075757545,0.05186856,0.96556294,0.058159817,1.027027,1.3655694,1.330836,213.0,0.2510157,,,,,,,,,,,,,,,,,,,,,,,,
FAILED_SETUP,,,,,,,2025-03-14,1708.0,東鹼,化學生技醫療,0.7413251961639059,STOCK_SPECIFIC,-0.06939998,-0.28625,0.00125,-0.015179963677678,0.043274846,0.0928399,0.032,0.12503804,0.09398459,2.252985,0.1179702,0.00818713,0.063030005,0.6490066,0.06410108,1.2036201,1.0104531,3.6224155,15.0,0.14099553,,,,,,,,,,,,,,,,,,,,,,,,
FAILED_SETUP,,,,,,,2025-03-14,1569.0,濱川,電腦及週邊設備業,0.7493606509735542,STOCK_SPECIFIC,-0.26252174,-0.36231884,0.22753623,-0.015179963677678,0.27058825,0.13059136,0.036,0.2963584,0.44551054,2.921613,0.28008887,0.073529415,0.19416228,0.9907285,0.035840396,0.95412844,0.6738058,1.1602151,172.0,-0.021741826,,,,,,,,,,,,,,,,,,,,,,,,
FAILED_SETUP,,,,,,,2025-03-14,1563.0,巧新,電機機械,0.6252731764022087,TOO_EXTENDED,-0.12093618,-0.30638298,0.0,-0.015179963677678,0.35789654,0.23737286,0.112,0.10164528,0.1408779,4.932397,0.19614619,0.023721172,0.27330497,0.7192053,0.057471775,0.9646302,0.57627606,4.992562,0.0,0.1775519,,,,,,,,,,,,,,,,,,,,,,,,
FAILED_SETUP,,,,,,,2025-03-14,1536.0,和大,汽車工業,0.7236210403952339,STOCK_SPECIFIC,-0.082341,-0.36062247,0.06359946,-0.015179963677678,0.23673469,0.25160164,0.036,0.093724824,0.14594269,1.6414258,0.16541941,0.013620799,0.21092077,0.77880794,0.035759915,0.7757009,0.22349256,1.3316636,23.0,1.1207114,,,,,,,,,,,,,,,,,,,,,,,,
FAILED_SETUP,,,,,,,2025-03-14,1464.0,得力,紡織纖維,0.6231487939552456,SECTOR_WEAK,-0.021061465,-0.2681564,0.10055865,-0.015179963677678,0.11516857,0.055772815,0.1,0.04793138,0.11980201,0.61372125,1.7338237,0.036516864,0.21916774,0.8834437,-0.042463552,1.3043478,0.81265694,0.35135585,121.0,0.21465626,,,,,,,,,,,,,,,,,,,,,,,,
FAILED_SETUP,,,,,,,2025-03-14,1463.0,強盛新,紡織纖維,0.830514385353095,STOCK_SPECIFIC,-0.13309056,-0.3090586,0.10834814,-0.015179963677678,0.07042254,0.19935791,0.024,0.2023656,0.14158587,2.1900206,7.513681,1.0,0.16072717,0.7523179,0.0039664605,1.770751,2.9048223,1.6421016,423.0,0.069659606,,,,,,,,,,,,,,,,,,,,,,,,
FAILED_SETUP,,,,,,,2025-03-14,1307.0,三芳,塑膠工業,0.6519398430688753,STOCK_SPECIFIC,-0.07465741,-0.3137045,0.037473228,-0.015179963677678,0.20860216,0.24602626,0.056,-0.02779931,0.17540894,1.3807924,1.0081896,0.07526882,0.3097569,0.9072848,0.09983963,0.8915423,0.48378828,1.5848182,144.0,0.35603207,,,,,,,,,,,,,,,,,,,,,,,,
FAILED_SETUP,,,,,,,2025-03-14,1215.0,卜蜂,食品工業,0.6471984888113921,SECTOR_WEAK,-0.08689321,-0.12135923,0.0776699,-0.015179963677678,0.0626384,0.082035825,0.12,0.1514274,0.05784965,5.5688887,0.13598941,0.011816557,0.24207547,0.6,-0.00718618,1.270903,0.6564285,4.301629,0.0,0.025163136,,,,,,,,,,,,,,,,,,,,,,,,
FAILED_SETUP,,,,,,,2025-03-14,4510.0,高鋒,電機機械,0.7155100261551874,STOCK_SPECIFIC,-0.15897143,-0.34666666,0.097142875,-0.015179963677678,0.2653846,0.2065975,0.044,0.15329032,0.1356522,2.2256,0.14516401,0.023076931,0.2003037,0.50993377,0.05578332,0.71255064,0.28447926,0.99644446,27.0,0.2690972,,,,,,,,,,,,,,,,,,,,,,,,
FAILED_SETUP,,,,,,,2025-03-14,2002.0,中鋼,鋼鐵工業,0.7055289160127869,TOO_EXTENDED,-0.11227274,-0.22314052,0.006198345,-0.015179963677678,0.0639149,0.21301557,0.112,0.04590989,0.11919675,3.9830363,0.22633532,0.025411285,0.11494144,0.77483445,0.12484994,0.9655176,0.5818055,4.7986026,5.0,-0.1325606,,,,,,,,,,,,,,,,,,,,,,,,
FAILED_SETUP,,,,,,,2025-03-14,2606.0,裕民,航運業,0.8959125254286544,STOCK_SPECIFIC,-0.13719206,-0.37284768,0.0,-0.015179963677678,0.03311259,0.36491176,0.0,0.09121156,0.30641672,2.4788375,0.24135938,0.03311259,0.0,0.9311258,0.10359284,0.9411765,1.2118205,3.2088318,50.0,0.7341861,,,,,,,,,,,,,,,,,,,,,,,,
FAILED_SETUP,,,,,,,2025-03-14,2027.0,大成鋼,鋼鐵工業,0.9273873873873876,TOO_EXTENDED,-0.18334632,-0.26167315,0.031128401,-0.015179963677678,0.021526406,0.6080474,0.004,0.097744316,0.43176332,4.2355056,5.4541593,1.0,0.024250658,0.94834435,0.12215661,1.0222744,1.0934539,5.9655433,20.0,-1.2374887,,,,,,,,,,,,,,,,,,,,,,,,
FAILED_SETUP,,,,,,,2025-03-14,2637.0,慧洋-KY,航運業,0.8918773612322,STOCK_SPECIFIC,-0.2096154,-0.41025642,0.0023310024,-0.015179963677678,0.03647059,0.25161353,0.004,0.21014777,0.19974029,3.3130264,0.10879656,0.022805434,0.025193185,0.8807947,0.097357325,1.0073146,1.5271852,2.7600877,13.0,0.46720505,,,,,,,,,,,,,,,,,,,,,,,,
FAILED_SETUP,,,,,,,2025-03-14,3679.0,新至陞,電子零組件業,0.7544710839872131,STOCK_SPECIFIC,-0.05470968,-0.28709677,0.0,-0.015179963677678,0.058064517,0.22122975,0.064,0.047178492,0.1298474,1.7719404,1.0613207,0.058064517,0.0775168,0.794702,0.03709459,0.8143712,0.4183458,2.0773633,34.0,-0.085039966,,,,,,,,,,,,,,,,,,,,,,,,
FAILED_SETUP,,,,,,,2025-03-14,2612.0,中航,航運業,0.7998488811392036,STOCK_SPECIFIC,-0.15358013,-0.31845844,0.0060852044,-0.015179963677678,0.07537562,0.22108956,0.024,0.09852493,0.13271993,3.8198557,0.0009078975,0.00013943501,0.12427169,0.77748346,0.105670474,0.96984935,2.2878957,3.185105,4.0,0.34695098,,,,,,,,,,,,,,,,,,,,,,,,
FAILED_SETUP,,,,,,,2025-03-14,3596.0,智易,通信網路業,0.8509997093868062,SECTOR_WEAK,-0.10924205,-0.13202934,0.23716381,-0.015179963677678,0.044117644,0.22373667,0.024,0.11202139,0.22576511,3.1120398,9.153984,1.0,0.029658798,0.93907285,-0.0073723462,1.3864542,0.8813369,2.5747929,59.0,0.16600324,,,,,,,,,,,,,,,,,,,,,,,,
FAILED_SETUP,,,,,,,2025-03-14,3570.0,大塚,資訊服務業,0.7536559139784946,SECTOR_WEAK,-0.07938006,-0.23180594,0.509434,-0.015179963677678,0.06199461,0.094110936,0.044,0.14591639,0.1353899,2.4252942,0.40747035,0.03234502,0.12937742,0.82384104,-0.033754107,1.1583011,0.60833323,1.4466666,71.0,0.1818316,,,,,,,,,,,,,,,,,,,,,,,,
FAILED_SETUP,,,,,,,2025-03-14,3563.0,牧德,電子工業,0.9620735251380412,TOO_EXTENDED,-0.33305264,-0.4008772,0.040350877,-0.015179963677678,0.019469026,0.36814597,0.0,0.51239026,0.49746493,5.88,3.0025284,1.0,0.0,0.97748345,0.016312968,1.4948357,1.3244445,4.8568954,9.0,0.5023306,,,,,,,,,,,,,,,,,,,,,,,,
FAILED_SETUP,,,,,,,2025-03-14,3558.0,神準,通信網路業,0.7142749200813716,SECTOR_WEAK,-0.06872881,-0.38135594,0.059322033,-0.015179963677678,0.115879826,0.108085886,0.076,0.06308305,0.2738996,1.4104347,0.115607984,0.007945599,0.26755148,0.93509936,-0.006185782,0.8888889,0.37158808,1.936232,36.0,0.5816221,,,,,,,,,,,,,,,,,,,,,,,,
FAILED_SETUP,,,,,,,2025-03-14,3491.0,昇達科,通信網路業,0.9006843940714908,SECTOR_WEAK,-0.15926829,-0.30155212,0.101995565,-0.015179963677678,0.06651635,0.52768433,0.028,0.1579922,0.28127348,3.5979247,0.16988628,0.027057497,0.04531581,0.90596026,-0.009811618,1.1672434,0.61465615,2.5687537,75.0,0.06588992,,,,,,,,,,,,,,,,,,,,,,,,
FAILED_SETUP,,,,,,,2025-03-14,3484.0,崧騰,電子零組件業,0.8053894216797441,STOCK_SPECIFIC,-0.13184616,-0.37692305,0.07692308,-0.015179963677678,0.11993769,0.24368098,0.028,0.1542835,0.1386369,2.242617,0.05369725,0.007079776,0.14029433,0.7059603,0.037168976,0.94375,0.8987323,1.69919,16.0,0.6993625,,,,,,,,,,,,,,,,,,,,,,,,
FAILED_SETUP,,,,,,,2025-03-14,3376.0,新日興,電子零組件業,0.726200232490555,STOCK_SPECIFIC,-0.08098837,-0.37209302,0.009689924,-0.015179963677678,0.18627451,0.3262171,0.052,0.014328805,0.20841627,1.681207,0.53686965,0.0434802,0.12197283,0.8476821,0.03713323,0.88148147,0.31961477,1.9793104,17.0,0.4666795,,,,,,,,,,,,,,,,,,,,,,,,
FAILED_SETUP,,,,,,,2025-03-14,3260.0,威剛,半導體業,0.6314196454519034,TOO_EXTENDED,-0.16318947,-0.2968421,0.041052632,-0.015179963677678,0.23603415,0.16525537,0.156,0.21141274,0.103370406,5.2425604,0.16842496,0.02748518,0.4512218,0.62913907,0.003509562,1.6934307,2.8191435,4.500934,0.0,0.7473992,,,,,,,,,,,,,,,,,,,,,,,,
FAILED_SETUP,,,,,,,2025-03-14,3213.0,茂訊,電腦及週邊設備業,0.7988346410927056,STOCK_SPECIFIC,-0.203875,-0.2925,0.16250001,-0.015179963677678,0.26808512,0.38917476,0.024,0.20456411,0.2175661,2.518456,4.9049664,1.0,0.24477257,0.7642384,0.037511192,0.67001677,0.24343663,1.8968627,10.0,-0.10297222,,,,,,,,,,,,,,,,,,,,,,,,
FAILED_SETUP,,,,,,,2025-03-14,3379.0,彬台,電機機械,0.8940409764603313,STOCK_SPECIFIC,-0.2837139,-0.43741402,0.06464924,-0.015179963677678,0.1479374,1.4294871,0.048,0.25814164,0.65035117,3.7021024,0.5214316,0.1479374,0.3216311,0.9854305,0.05391883,0.7833935,0.30940983,3.2914958,55.0,0.46268234,,,,,,,,,,,,,,,,,,,,,,,,
FAILED_SETUP,,,,,,,2025-03-14,3149.0,正達,電子工業,0.709821272885789,STOCK_SPECIFIC,-0.15558824,-0.3367497,0.10541714,-0.015179963677678,0.28378382,0.23229001,0.056,0.19950439,0.12471121,3.3525102,0.18239428,0.028378405,0.21003176,0.8900662,0.017916357,1.1104478,0.5236158,2.1638541,18.0,0.7716806,,,,,,,,,,,,,,,,,,,,,,,,
FAILED_SETUP,,,,,,,2025-03-14,2641.0,正德,航運業,0.8237619877942459,STOCK_SPECIFIC,-0.14026316,-0.28728074,0.04385962,-0.015179963677678,0.075921886,0.29789674,0.056,0.11429245,0.19829485,2.5584002,0.21983552,0.030834824,0.23072587,0.8516556,0.102266826,1.0594059,0.64268696,2.812667,6.0,-0.0011916377,,,,,,,,,,,,,,,,,,,,,,,,
FAILED_SETUP,,,,,,,2025-03-14,3162.0,精確,電機機械,0.6647573379831444,STOCK_SPECIFIC,-0.092499994,-0.22357723,0.3109756,-0.015179963677678,0.13948497,0.18124881,0.076,-0.02704121,0.20895562,2.1525,0.75397295,0.06974249,0.30526605,0.9019868,0.060057655,1.1947368,0.34055227,1.9076576,71.0,0.30853122,,,,,,,,,,,,,,,,,,,,,,,,
FAILED_SETUP,,,,,,,2025-03-14,3029.0,零壹,電子工業,0.7029003196745133,STOCK_SPECIFIC,-0.10413115,-0.35850844,0.008058185,-0.015179963677678,0.15231788,0.09568175,0.036,0.029166244,0.29882044,2.5120902,0.826772,0.08609272,0.17222762,0.9642384,0.01893263,1.1497976,0.36466756,1.5713747,328.0,0.85037106,,,,,,,,,,,,,,,,,,,,,,,,
FAILED_SETUP,,,,,,,2025-03-14,3032.0,偉訓,電子工業,0.6292473118279569,STOCK_SPECIFIC,-0.055774193,-0.43010753,0.09677419,-0.015179963677678,0.15092291,0.05922305,0.12,0.07618245,0.17538457,1.0585715,2.4139528,0.13463627,0.26459944,0.8754967,0.01865835,1.3126491,1.4618723,0.26224485,65.0,0.5433336,,,,,,,,,,,,,,,,,,,,,,,,
FAILED_SETUP,,,,,,,2025-03-14,3045.0,台灣大,電子工業,0.6999825632083696,STOCK_SPECIFIC,-0.056538466,-0.068376064,0.029914534,-0.015179963677678,0.017094018,0.08832968,0.012,0.08721955,0.03588714,4.307442,0.07558581,0.004273506,0.016237743,0.50463575,0.018594079,0.8666667,0.80859303,2.284496,22.0,-0.004022098,,,,,,,,,,,,,,,,,,,,,,,,
FAILED_SETUP,,,,,,,2025-03-14,2812.0,台中銀,金融保險,0.8158544027898866,TOO_EXTENDED,-0.11572813,-0.14077668,0.046116535,-0.015179963677678,0.0048543676,0.14468001,0.0,0.11629638,0.11991008,6.5443125,8.640942,1.0,0.0,0.7549669,0.058387917,1.1724133,0.70273334,4.428757,513.0,-0.02351989,,,,,,,,,,,,,,,,,,,,,,,,
FAILED_SETUP,,,,,,,2025-03-14,3078.0,僑威,電子零組件業,0.7003371113048533,STOCK_SPECIFIC,-0.091529414,-0.26941177,0.14705881,-0.015179963677678,0.09393579,0.26122862,0.088,-0.016427677,0.2014988,2.378166,0.32126644,0.02940533,0.28899738,0.8688742,0.03764411,1.039039,0.854049,1.5808587,38.0,0.08001383,,,,,,,,,,,,,,,,,,,,,,,,
FAILED_SETUP,,,,,,,2025-03-14,3090.0,日電貿,電子零組件業,0.6375951758209822,STOCK_SPECIFIC,-0.08717743,-0.26478496,0.017473113,-0.015179963677678,0.14693877,0.041601367,0.02,0.02394032,0.115326256,4.0537505,0.31213218,0.02721088,0.16421555,0.792053,0.037230454,1.3694917,2.3367848,2.6229167,36.0,0.72150296,,,,,,,,,,,,,,,,,,,,,,,,
FAILED_SETUP,,,,,,,2025-03-14,3147.0,大綜,資訊服務業,0.7633057250799187,SECTOR_WEAK,-0.08343407,-0.2445055,0.66483516,-0.015179963677678,0.18055555,0.3289448,0.06,0.107826635,0.16312723,1.2845317,0.9987926,0.08333333,0.23150808,0.7443709,-0.03541991,1.1512195,0.36954275,0.5399799,64.0,0.59066117,,,,,,,,,,,,,,,,,,,,,,,,
FAILED_SETUP,,,,,,,2025-03-14,3059.0,華晶科,光電業,0.7650247021214762,STOCK_SPECIFIC,-0.09708333,-0.3414352,0.033564813,-0.015179963677678,0.23563893,0.42270803,0.024,0.08334293,0.18530089,1.5152515,0.036226623,0.0035170014,0.2201822,0.8370861,0.038773105,0.7784679,0.25882968,1.2645159,16.0,0.07185621,,,,,,,,,,,,,,,,,,,,,,,,
FAILED_SETUP,,,,,,,2025-03-21,5530.0,龍巖,其他,0.882172104466054,TOO_EXTENDED,-0.24721271,-0.26650366,0.04767726,-0.0136940756261464,0.12219451,0.48978496,0.008,0.2954193,0.5065654,5.1380763,4.0450993,1.0,0.0437733,0.9655172,0.042208027,1.8601824,5.462944,5.15366,86.0,-0.20494579,,,,,,,,,,,,,,,,,,,,,,,,
FAILED_SETUP,,,,,,,2025-03-21,6272.0,驊陞,電子零組件業,0.7037170288439795,STOCK_SPECIFIC,-0.0719283,-0.27086243,0.32832772,-0.0136940756261464,0.16952054,0.30799952,0.076,0.07335371,0.16431321,1.0216082,0.23328197,0.016779575,0.15230629,0.85278517,0.042361714,0.707656,0.18794107,1.1295434,10.0,0.88323975,,,,,,,,,,,,,,,,,,,,,,,,
FAILED_SETUP,,,,,,,2025-03-21,6203.0,海韻電,電子零組件業,0.666978474949117,STOCK_SPECIFIC,-0.14461063,-0.30160692,0.06551298,-0.0136940756261464,0.05686993,0.2426009,0.232,0.084810995,0.14892377,3.655938,0.12676889,0.01833213,0.275327,0.7493369,0.040377352,0.7740113,0.52913135,2.186979,1.0,0.27769217,,,,,,,,,,,,,,,,,,,,,,,,
FAILED_SETUP,,,,,,,2025-03-21,6190.0,萬泰科,通信網路業,0.6628482144692749,STOCK_SPECIFIC,-0.09485713,-0.30186337,0.007453416,-0.0136940756261464,0.12252475,0.1930473,0.088,0.106728755,0.10842844,2.0019474,0.1299353,0.012325289,0.30117187,0.6299735,0.01789726,1.674931,9.062128,2.0702872,1.0,0.4035848,,,,,,,,,,,,,,,,,,,,,,,,
FAILED_SETUP,,,,,,,2025-03-21,6170.0,統振,通信網路業,0.7891771687807954,STOCK_SPECIFIC,-0.11171234,-0.26369864,0.025684932,-0.0136940756261464,0.055363324,0.20425421,0.036,0.12820752,0.17587225,3.262,0.10646034,0.011892933,0.0919853,0.8633952,0.020916793,0.5651214,0.23617855,2.8108335,10.0,0.11980336,,,,,,,,,,,,,,,,,,,,,,,,
FAILED_SETUP,,,,,,,2025-03-21,6166.0,凌華,電子工業,0.7831417939598281,SECTOR_WEAK,-0.19555429,-0.26742858,0.035428572,-0.0136940756261464,0.06329114,0.2172267,0.004,0.07308385,0.1683667,4.0126295,0.023807999,0.004655756,0.022553835,0.85013264,-0.0010921105,1.3576072,5.7362914,1.6360692,60.0,0.6378912,,,,,,,,,,,,,,,,,,,,,,,,
FAILED_SETUP,,,,,,,2025-03-21,6285.0,啟碁,電子工業,0.8089245698073644,SECTOR_WEAK,-0.13611466,-0.3535032,0.022292994,-0.0136940756261464,0.082809456,0.35580355,0.04,0.11013452,0.21730936,3.7870886,0.015734538,0.0021417013,0.054187868,0.8899204,-0.0012854103,1.1980677,5.085311,2.6006327,4.0,0.5054792,,,,,,,,,,,,,,,,,,,,,,,,
FAILED_SETUP,,,,,,,2025-03-21,6140.0,訊達,資訊服務業,0.9166224652727808,TOO_EXTENDED,-0.2490488,-0.3085366,0.26585367,-0.0136940756261464,0.038659804,0.5379544,0.0,0.11931282,0.42623362,5.170127,0.15522984,0.038659804,0.0,0.938992,0.0084201945,1.0982504,7.4355903,4.3329115,19.0,0.52873945,,,,,,,,,,,,,,,,,,,,,,,,
FAILED_SETUP,,,,,,,2025-03-21,5876.0,上海商銀,金融保險,0.6387964885590345,STOCK_SPECIFIC,-0.053139653,-0.07821229,0.07821229,-0.0136940756261464,0.04659279,0.13917331,0.072,0.016717058,0.103645265,3.1858368,0.052818708,0.0028067678,0.08097456,0.75596815,0.048958875,0.68771935,2.1485205,3.0690594,16.0,-0.30730325,,,,,,,,,,,,,,,,,,,,,,,,
FAILED_SETUP,,,,,,,2025-03-21,5439.0,高技,電子零組件業,0.97045770714692,TOO_EXTENDED,-0.31212536,-0.36512262,0.065395094,-0.0136940756261464,0.013513514,0.5847829,0.0,0.4306979,0.7172136,5.587805,3.2038412,1.0,0.0,0.9801061,0.035943188,1.1160221,1.3053811,5.615447,62.0,-0.2825132,,,,,,,,,,,,,,,,,,,,,,,,
FAILED_SETUP,,,,,,,2025-03-21,4303.0,信立,塑膠工業,0.9682976638364068,TOO_EXTENDED,-0.37087095,-0.3956989,0.016129032,-0.0136940756261464,0.04725275,0.97331727,0.0,0.52907556,0.7717493,7.1220355,2.6963556,1.0,0.0,0.98275864,0.034472834,1.4002047,1.4171149,7.0674534,44.0,0.3722451,,,,,,,,,,,,,,,,,,,,,,,,
FAILED_SETUP,,,,,,,2025-03-21,5203.0,訊連,資訊服務業,0.6409551612836907,STOCK_SPECIFIC,-0.071875,-0.29,0.04583333,-0.0136940756261464,0.21338913,0.45211926,0.076,-0.023051528,0.21620198,1.5681819,2.9688923,0.21338913,0.39812744,0.87665784,0.01842375,0.76785713,0.30354062,1.9154546,27.0,-0.09302319,,,,,,,,,,,,,,,,,,,,,,,,
FAILED_SETUP,,,,,,,2025-03-21,4933.0,友輝,光電業,0.7951796495411964,STOCK_SPECIFIC,-0.11032967,-0.1929182,0.046398044,-0.0136940756261464,0.056372553,0.22581375,0.028,0.12890813,0.1545645,3.1705265,0.09996779,0.011029414,0.1045793,0.5954907,0.03121027,0.5861386,0.21271037,2.4450293,56.0,0.3515086,,,,,,,,,,,,,,,,,,,,,,,,
FAILED_SETUP,,,,,,,2025-03-21,4931.0,新盛力,電腦及週邊設備業,0.9329481987075376,STOCK_SPECIFIC,-0.30412272,-0.3315393,0.033369217,-0.0136940756261464,0.078688525,0.6494405,0.004,0.43223345,0.72872007,4.686517,3.2881463,1.0,0.034630924,0.99469495,0.0064601586,1.3668529,1.1080265,3.2227094,136.0,0.8866946,,,,,,,,,,,,,,,,,,,,,,,,
FAILED_SETUP,,,,,,,2025-03-21,4916.0,事欣科,電腦及週邊設備業,0.6904757988802313,STOP_TOO_TIGHT,-0.0570907,-0.3539823,0.07300886,-0.0136940756261464,0.2572707,0.5367514,0.036,-0.00300888,0.36153188,0.86843735,1.3584628,0.07755559,0.30143657,0.969496,0.012564427,0.7428127,0.27244666,2.0329726,41.0,1.1058944,,,,,,,,,,,,,,,,,,,,,,,,
FAILED_SETUP,,,,,,,2025-03-21,4772.0,台特化,化學工業,0.8179752335135653,STOCK_SPECIFIC,-0.11778226,-0.38508064,0.004032258,-0.0136940756261464,0.10953347,0.5969097,0.044,0.09996113,0.27609146,2.4414327,0.1275931,0.015028204,0.12844284,0.8302387,0.010140731,0.7504836,1.3657565,2.2595024,37.0,0.01473004,,,,,,,,,,,,,,,,,,,,,,,,
FAILED_SETUP,,,,,,,2025-03-21,4766.0,南寶,化學生技醫療,0.8097873536042982,TOO_EXTENDED,-0.18517426,-0.24396783,0.006702413,-0.0136940756261464,0.060268674,0.22903278,0.004,0.09929493,0.19186912,6.279091,0.32547003,0.060268674,0.014211151,0.84217507,0.04246866,1.3989637,2.8789082,4.116667,1.0,0.260574,,,,,,,,,,,,,,,,,,,,,,,,
FAILED_SETUP,,,,,,,2025-03-21,4722.0,國精化,化學生技醫療,0.713468061923069,STOCK_SPECIFIC,-0.1106525,-0.33459786,0.06980274,-0.0136940756261464,0.13677812,0.53785604,0.028,-0.05267022,0.3505285,1.7014666,1.2361051,0.13677812,0.3401207,0.9403183,0.059340686,0.869773,0.58986306,2.4472778,53.0,0.29325494,,,,,,,,,,,,,,,,,,,,,,,,
FAILED_SETUP,,,,,,,2025-03-21,4534.0,慶騰,電機機械,0.6899172851435346,STOCK_SPECIFIC,-0.14223827,-0.41516244,0.019855596,-0.0136940756261464,0.1539855,0.28288472,0.136,0.15402213,0.14902651,2.3225265,0.8278618,0.117753625,0.35256767,0.68037134,0.0044052172,0.96216214,0.9787934,1.8023158,21.0,0.47038886,,,,,,,,,,,,,,,,,,,,,,,,
FAILED_SETUP,,,,,,,2025-03-21,4532.0,瑞智,電機機械,0.7476107262049162,TOO_EXTENDED,-0.07322688,-0.17426544,0.1438747,-0.0136940756261464,0.06666669,0.1983048,0.044,0.1251014,0.1252391,3.3887773,0.18208256,0.013333338,0.117381096,0.7586207,0.0026712033,0.79338855,0.68893313,4.5007405,2.0,0.17314631,,,,,,,,,,,,,,,,,,,,,,,,
FAILED_SETUP,,,,,,,2025-03-21,6435.0,大中,半導體業,0.8157514579607053,SECTOR_WEAK,-0.08161702,-0.3293617,0.02127659,-0.0136940756261464,0.068085104,0.3124214,0.02,0.11265372,0.17020218,2.7970834,0.010970759,0.0008954007,0.057942457,0.7798408,-0.009119231,0.937931,0.628581,3.9073613,16.0,0.13199838,,,,,,,,,,,,,,,,,,,,,,,,
FAILED_SETUP,,,,,,,2025-03-21,5388.0,中磊,電子工業,0.6697052555114684,SECTOR_WEAK,-0.09126866,-0.34153593,0.018656716,-0.0136940756261464,0.0954283,0.23551111,0.108,0.04418793,0.14699918,2.761613,0.41179416,0.0375839,0.16278563,0.87267905,-0.0008717022,0.9039548,2.2612374,1.5411289,41.0,0.42495093,,,,,,,,,,,,,,,,,,,,,,,,
FAILED_SETUP,,,,,,,2025-03-21,6517.0,保勝光學,光電業,0.94535405659149,TOO_EXTENDED,-0.34912765,-0.39148936,0.19680852,-0.0136940756261464,0.035675675,0.54893965,0.0,0.38950273,0.3164761,8.701742,0.07741304,0.027027031,0.0,0.7612732,0.031246597,1.807947,4.538419,6.334028,1.0,0.8280279,,,,,,,,,,,,,,,,,,,,,,,,
FAILED_SETUP,,,,,,,2025-03-21,9907.0,統一實,其他,0.810916716350404,TOO_EXTENDED,-0.13925001,-0.15555558,0.19166665,-0.0136940756261464,0.019390594,0.21885553,0.012,0.1513921,0.12840712,5.8485003,0.07805324,0.010868914,0.019608783,0.6618037,0.052716795,0.8979593,0.8935468,5.1936116,20.0,0.036974296,,,,,,,,,,,,,,,,,,,,,,,,
FAILED_SETUP,,,,,,,2025-03-21,6558.0,興能高,電子工業,0.8718378871048429,SECTOR_WEAK,-0.1523125,-0.4109375,0.0,-0.0136940756261464,0.08387097,0.68453705,0.016,0.08895963,0.69819593,2.6970751,0.28591466,0.043548375,0.059371646,0.9960212,-0.0011989431,0.9738652,0.7995459,2.606555,80.0,0.47453752,,,,,,,,,,,,,,,,,,,,,,,,
FAILED_SETUP,,,,,,,2025-03-21,4173.0,久裕,生技醫療業,0.8748744200708591,STOCK_SPECIFIC,-0.17213874,-0.17530638,0.11753372,-0.0136940756261464,0.024952015,0.24719179,0.0,0.199481,0.21482976,4.1415887,5.8092675,1.0,0.0,0.83156496,0.047166027,1.6265055,0.8846682,3.5084977,20.0,-0.09516318,,,,,,,,,,,,,,,,,,,,,,,,
FAILED_SETUP,,,,,,,2025-03-21,8937.0,合騏*,其他,0.7271053911994683,STOCK_SPECIFIC,-0.117548764,-0.41504177,0.07520891,-0.0136940756261464,0.11111111,0.46702954,0.06,-0.026717829,0.48319468,2.8133335,0.94523424,0.11111111,0.07689217,1.0,0.05614517,1.0033003,1.1636702,1.5533334,196.0,-0.1407392,,,,,,,,,,,,,,,,,,,,,,,,
FAILED_SETUP,,,,,,,2025-03-21,8499.0,鼎炫-KY,其他,0.8747401026568807,STOCK_SPECIFIC,-0.19220859,-0.2546012,0.033742335,-0.0136940756261464,0.07250755,0.44156575,0.032,0.24365997,0.3370856,3.7649786,0.37723368,0.07250755,0.28097203,0.91909814,0.055128276,0.74251497,0.2312558,3.7864091,28.0,-0.33529413,,,,,,,,,,,,,,,,,,,,,,,,
FAILED_SETUP,,,,,,,2025-03-21,8431.0,匯鑽科,其他電子業,0.8168671148482419,SECTOR_WEAK,-0.14359376,-0.35696372,0.019886363,-0.0136940756261464,0.045454547,0.19430393,0.0,0.16927454,0.145622,3.666477,0.4557241,0.065439135,0.0,0.6883289,-0.03177028,1.265625,4.116246,2.625302,6.0,0.44965556,,,,,,,,,,,,,,,,,,,,,,,,
FAILED_SETUP,,,,,,,2025-03-21,8415.0,大國鋼,鋼鐵工業,0.6551523748826437,STOCK_SPECIFIC,-0.043341953,-0.22020726,0.0155440355,-0.0136940756261464,0.07522698,0.20720159,0.028,-0.011338735,0.11316449,1.858888,1.0473825,0.0453956,0.29823035,0.7228117,0.077577084,0.76041675,0.48800534,2.9129622,29.0,-0.47745892,,,,,,,,,,,,,,,,,,,,,,,,
FAILED_SETUP,,,,,,,2025-03-21,8383.0,千附,其他電子業,0.8994147598390931,SECTOR_WEAK,-0.23712784,-0.352014,0.1278459,-0.0136940756261464,0.030630631,0.27981353,0.0,0.29928863,0.25402,9.454364,4.2171345,1.0,0.0,0.82758623,-0.02908911,2.3504272,16.099062,7.1541977,65.0,0.29387915,,,,,,,,,,,,,,,,,,,,,,,,
FAILED_SETUP,,,,,,,2025-03-21,8299.0,群聯,半導體業,0.6779020442288056,SECTOR_WEAK,-0.10460751,-0.30716723,0.005119454,-0.0136940756261464,0.28012964,0.34472838,0.124,0.15919423,0.20739731,2.383889,0.21483137,0.022472974,0.20442313,0.8328912,-0.009971358,0.7223301,0.506385,2.882218,3.0,0.5920449,,,,,,,,,,,,,,,,,,,,,,,,
FAILED_SETUP,,,,,,,2025-03-21,8234.0,新漢,電腦及週邊設備業,0.7577229086573056,STOCK_SPECIFIC,-0.16120401,-0.3076923,0.006688963,-0.0136940756261464,0.18201998,0.83480716,0.06,0.036014225,0.49680188,2.2076335,1.1291281,0.18201998,0.14015593,0.9708223,0.011797903,0.91793317,0.85857254,2.516285,33.0,0.36661273,,,,,,,,,,,,,,,,,,,,,,,,
FAILED_SETUP,,,,,,,2025-03-21,8155.0,博智,電子零組件業,0.9053706406803588,TOO_EXTENDED,-0.30668768,-0.3835962,0.028391166,-0.0136940756261464,0.05,0.39348328,0.008,0.34006903,0.2971135,5.136151,0.061765835,0.018942822,0.093986474,0.8381963,0.036867235,1.3918389,1.0441357,4.1335135,1.0,0.93003815,,,,,,,,,,,,,,,,,,,,,,,,
FAILED_SETUP,,,,,,,2025-03-21,8096.0,擎亞,電子通路業,0.6775744742090006,STOCK_SPECIFIC,-0.1524359,-0.3190883,0.0056980057,-0.0136940756261464,0.17867436,0.8119757,0.04,-0.089034215,0.44168848,1.9431129,1.1721278,0.17867436,0.06898112,0.9429708,0.07500518,1.0353752,0.8630305,2.8647642,32.0,0.8815386,,,,,,,,,,,,,,,,,,,,,,,,
FAILED_SETUP,,,,,,,2025-03-21,6547.0,高端疫苗,生技醫療業,0.8965262501456248,TOO_EXTENDED,-0.14805505,-0.3229358,0.03853211,-0.0136940756261464,0.036363635,0.6596609,0.024,0.1787502,0.24492599,4.223028,0.17192623,0.025454545,0.05137173,0.7732096,0.042167068,1.1820331,0.692357,4.7521496,3.0,-0.8696646,,,,,,,,,,,,,,,,,,,,,,,,
FAILED_SETUP,,,,,,,2025-03-21,6944.0,兆聯實業,綠能環保,0.6949651528545877,STOCK_SPECIFIC,-0.09484265,-0.25372505,0.26410276,-0.0136940756261464,0.032258064,0.16392139,0.052,0.025006782,0.1294534,3.2948554,0.3036803,0.028801844,0.038151063,0.77055705,0.01021152,0.5855856,1.5377996,1.68526,322.0,0.3248073,,,,,,,,,,,,,,,,,,,,,,,,
FAILED_SETUP,,,,,,,2025-03-21,6877.0,鏵友益,其他電子業,0.7593963939886106,SECTOR_WEAK,-0.23118047,-0.33463416,0.004878049,-0.0136940756261464,0.14563106,0.12500493,0.028,0.3430517,0.28787562,2.5460017,0.12598908,0.029126216,0.22031598,0.96153843,-0.03862435,1.2107279,0.7545223,1.6981581,27.0,0.32256553,,,,,,,,,,,,,,,,,,,,,,,,
FAILED_SETUP,,,,,,,2025-03-21,6829.0,千附精密,電機機械,0.8685176428664432,STOCK_SPECIFIC,-0.26714286,-0.2987013,0.12337662,-0.0136940756261464,0.06333333,0.2692249,0.0,0.1940356,0.2351643,5.6466665,0.2637223,0.07045153,0.0,0.7161804,0.0010761541,1.8473282,4.0123515,3.0870917,5.0,0.2820459,,,,,,,,,,,,,,,,,,,,,,,,
FAILED_SETUP,,,,,,,2025-03-21,6781.0,AES-KY,電子零組件業,0.6689363568457338,STOCK_SPECIFIC,-0.17515208,-0.41751152,0.0046082954,-0.0136940756261464,0.19158879,0.17240067,0.068,0.043220136,0.3540076,2.920483,0.13339543,0.023364486,0.25803155,0.99071616,0.040053356,0.9243028,1.2644339,0.21309917,76.0,0.8511059,,,,,,,,,,,,,,,,,,,,,,,,
FAILED_SETUP,,,,,,,2025-03-21,6757.0,台灣虎航,航運業,0.8519308128259423,STOCK_SPECIFIC,-0.17135647,-0.17981073,0.14616193,-0.0136940756261464,0.009513742,0.31091022,0.0,0.041101225,0.30928215,5.4710793,5.835788,1.0,0.0,0.9270557,0.07984247,1.0736842,3.7920754,3.1821744,210.0,0.30673748,,,,,,,,,,,,,,,,,,,,,,,,
FAILED_SETUP,,,,,,,2025-03-21,6672.0,騰輝電子-KY,電子零組件業,0.8937035285732886,TOO_EXTENDED,-0.17317477,-0.38716814,0.013274336,-0.0136940756261464,0.010078387,0.43730524,0.0,0.117748946,0.23250614,5.939566,0.056447156,0.009775223,0.0,0.8474801,0.039147522,1.1764705,5.5495634,4.907588,18.0,0.23574118,,,,,,,,,,,,,,,,,,,,,,,,
FAILED_SETUP,,,,,,,2025-03-21,6670.0,復盛應用,運動休閒,0.8344236343825168,SECTOR_WEAK,-0.1558663,-0.28649387,0.046384722,-0.0136940756261464,0.013698629,0.22636884,0.004,0.11855958,0.17960286,5.021978,6.415755,1.0,0.00985471,0.79045093,-0.00921894,1.1803279,1.594146,2.9942262,8.0,-0.019356085,,,,,,,,,,,,,,,,,,,,,,,,
FAILED_SETUP,,,,,,,2025-03-21,6667.0,信紘科,其他電子業,0.6787449545308142,SECTOR_WEAK,-0.20889391,-0.32054177,0.006772009,-0.0136940756261464,0.13636363,0.2227207,0.132,0.3206876,0.1101206,4.304186,0.3590339,0.074999996,0.13607359,0.45490715,-0.033767253,0.8995215,0.6260939,3.3186047,2.0,1.0484816,,,,,,,,,,,,,,,,,,,,,,,,
FAILED_SETUP,,,,,,,2025-03-21,6657.0,華安,生技醫療業,0.8314782453759861,STOCK_SPECIFIC,-0.12438247,-0.3054449,0.015936255,-0.0136940756261464,0.13829787,0.49611002,0.028,0.12990266,0.35162002,2.0780349,0.8216865,0.1022034,0.2126544,0.93766576,0.043572295,0.7012346,0.34124035,3.0830693,31.0,0.29501575,,,,,,,,,,,,,,,,,,,,,,,,
FAILED_SETUP,,,,,,,2025-03-21,6651.0,全宇昕,半導體業,0.8087237789793246,SECTOR_WEAK,-0.1527027,-0.3352957,0.0,-0.0136940756261464,0.06392694,0.3031049,0.052,0.19990145,0.14682902,4.2,0.35883135,0.054794516,0.14306402,0.55437666,-0.0072204582,1.06412,0.6726529,3.381888,38.0,0.45085984,,,,,,,,,,,,,,,,,,,,,,,,
FAILED_SETUP,,,,,,,2025-03-21,6596.0,寬宏藝術,文化創意業,0.8709607121564111,STOCK_SPECIFIC,-0.162,-0.1964056,0.46108073,-0.0136940756261464,0.022267206,0.3618288,0.004,0.10850455,0.24866728,5.6273685,6.1728396,1.0,0.0028827072,0.90716183,0.0071472772,1.4175154,1.8149136,3.047953,51.0,0.080872245,,,,,,,,,,,,,,,,,,,,,,,,
FAILED_SETUP,,,,,,,2025-03-21,6919.0,康霈*,生技醫療業,0.7396160989014755,STOCK_SPECIFIC,-0.09441861,-0.40088594,0.03765227,-0.0136940756261464,0.122112215,0.6646804,0.064,-0.011519634,0.39724794,2.2022877,0.99037,0.09350935,0.13414824,0.96021223,0.047588445,0.7008761,0.34972447,3.5099015,47.0,-0.42565802,,,,,,,,,,,,,,,,,,,,,,,,
FAILED_SETUP,,,,,,,2025-03-21,3709.0,鑫聯大投控,電腦及週邊設備業,0.8630949199235214,TOO_EXTENDED,-0.24223861,-0.2613941,0.38873997,-0.0136940756261464,0.039509386,0.20455424,0.004,0.3084998,0.27788073,6.710716,0.1631011,0.039509386,0.05965652,0.93501323,0.01294327,1.3333334,9.527235,5.134116,25.0,0.05582439,,,,,,,,,,,,,,,,,,,,,,,,
FAILED_SETUP,,,,,,,2025-03-21,3454.0,晶睿,光電業,0.8947561385114067,STOCK_SPECIFIC,-0.16957237,-0.36907893,0.0,-0.0136940756261464,0.006557375,0.41135165,0.0,0.119369365,0.22277816,3.5905473,0.0400645,0.006793832,0.0,0.85411143,0.03218028,1.0763053,2.1832225,3.104146,21.0,0.3840678,,,,,,,,,,,,,,,,,,,,,,,,
FAILED_SETUP,,,,,,,2025-03-21,3596.0,智易,通信網路業,0.9187550968661554,STOCK_SPECIFIC,-0.17945945,-0.20045045,0.13963963,-0.0136940756261464,0.015801355,0.36662027,0.0,0.19681872,0.31207424,4.914185,5.572289,1.0,0.0,0.95225465,0.014266584,1.1310345,1.3331586,3.963583,64.0,0.10023808,,,,,,,,,,,,,,,,,,,,,,,,
FAILED_SETUP,,,,,,,2025-03-21,2543.0,皇昌,建材營造,0.6242614255463497,STOCK_SPECIFIC,-0.095327094,-0.2990654,0.0020768433,-0.0136940756261464,0.20292887,0.45124108,0.048,-0.10286231,0.26159835,1.6309642,0.24907158,0.02374327,0.14609511,0.9734748,0.085444994,0.5614618,0.499771,1.3462844,453.0,0.53595805,,,,,,,,,,,,,,,,,,,,,,,,
FAILED_SETUP,,,,,,,2025-03-21,2516.0,新建,建材營造,0.8942730069968409,STOCK_SPECIFIC,-0.184,-0.3939394,0.048484847,-0.0136940756261464,0.08865979,0.92612576,0.012,0.14240396,0.61663073,2.9932394,5.4347825,1.0,0.019334724,0.9840849,0.075092934,1.0998249,1.1061448,3.4485133,86.0,-1.846618,,,,,,,,,,,,,,,,,,,,,,,,
FAILED_SETUP,,,,,,,2025-03-21,2471.0,資通,電子工業,0.6759825387361827,SECTOR_WEAK,-0.13800327,-0.26022914,0.17021276,-0.0136940756261464,0.09240922,0.09241637,0.028,0.057028234,0.16008985,3.7594907,0.046599183,0.0064308397,0.22067773,0.81962866,-0.00094798894,1.2322738,10.44958,2.0472403,28.0,0.6219317,,,,,,,,,,,,,,,,,,,,,,,,
FAILED_SETUP,,,,,,,2025-03-21,2466.0,冠西電,光電業,0.6623486359244259,STOCK_SPECIFIC,-0.13876073,-0.17177914,0.41104296,-0.0136940756261464,0.22962964,1.266106,0.072,-0.06340604,0.54838216,2.220561,1.6548603,0.22962964,0.41058406,0.9933687,0.038287926,0.7058824,0.39449778,0.5672978,57.0,-0.2317196,,,,,,,,,,,,,,,,,,,,,,,,
FAILED_SETUP,,,,,,,2025-03-21,2454.0,聯發科,電子工業,0.6426608553826334,SECTOR_WEAK,-0.1288,-0.24,0.026666667,-0.0136940756261464,0.06418919,0.11075743,0.088,0.041942675,0.1278482,3.864,0.104918584,0.013513514,0.09260348,0.8938992,-0.00084866484,0.92462313,0.6217162,0.48633334,111.0,0.91293395,,,,,,,,,,,,,,,,,,,,,,,,
FAILED_SETUP,,,,,,,2025-03-21,2453.0,凌群,電子工業,0.909298054453376,SECTOR_WEAK,-0.2324573,-0.33639947,0.027595272,-0.0136940756261464,0.044973545,0.36281645,0.0,0.20173861,0.31234813,5.7064514,0.1585777,0.03686254,0.0,0.9137931,-0.0018567175,1.3580705,25.062635,4.5198927,2.0,0.55955213,,,,,,,,,,,,,,,,,,,,,,,,
FAILED_SETUP,,,,,,,2025-03-21,2328.0,廣宇,電子零組件業,0.8539901180759717,STOCK_SPECIFIC,-0.23232244,-0.378119,0.028790804,-0.0136940756261464,0.11434109,0.3838328,0.024,0.2663453,0.33550325,3.5340145,4.3043623,1.0,0.21356966,0.92970824,0.037476726,1.2210175,0.94012725,2.5666668,102.0,0.08009886,,,,,,,,,,,,,,,,,,,,,,,,
FAILED_SETUP,,,,,,,2025-03-21,2302.0,麗正,電子工業,0.822267908417453,SECTOR_WEAK,-0.14700891,-0.3348214,0.084821455,-0.0136940756261464,0.07158839,0.26593044,0.004,0.11384173,0.20327333,3.1255581,0.030873649,0.0045387014,0.057210714,0.86604774,-0.00017269605,1.5135137,3.8063188,2.4630501,33.0,0.09864256,,,,,,,,,,,,,,,,,,,,,,,,
FAILED_SETUP,,,,,,,2025-03-21,2059.0,川湖,電子零組件業,0.7067234089211433,STOCK_SPECIFIC,-0.08034211,-0.36578947,0.08947369,-0.0136940756261464,0.117962465,0.25122026,0.064,0.008682909,0.31448245,1.8423275,1.4682521,0.117962465,0.07269805,0.94827586,0.0404111,0.7915567,1.1921468,2.4600575,83.0,1.220189,,,,,,,,,,,,,,,,,,,,,,,,
FAILED_SETUP,,,,,,,2025-03-21,2034.0,允強,鋼鐵工業,0.6268251063917272,STOCK_SPECIFIC,-0.044401538,-0.2857143,0.013513514,-0.0136940756261464,0.11992265,0.31992096,0.084,-0.05628939,0.16183665,1.2150942,0.07249733,0.003218993,0.5406276,0.7148541,0.080697976,0.6721991,0.4613832,3.3767292,14.0,-0.2230481,,,,,,,,,,,,,,,,,,,,,,,,
FAILED_SETUP,,,,,,,2025-03-21,2032.0,新鋼,鋼鐵工業,0.7118219883089025,STOCK_SPECIFIC,-0.081443265,-0.29896903,0.020618556,-0.0136940756261464,0.16363639,0.385644,0.06,0.025652185,0.23569058,1.9927918,0.06378466,0.0051948307,0.41044757,0.88859415,0.074970804,0.59999996,0.276484,3.7848341,15.0,-0.73954374,,,,,,,,,,,,,,,,,,,,,,,,
FAILED_SETUP,,,,,,,2025-03-21,2027.0,大成鋼,鋼鐵工業,0.9108701164312684,TOO_EXTENDED,-0.1675442,-0.27701375,0.021611001,-0.0136940756261464,0.043307096,0.640371,0.02,0.16201714,0.40434942,4.381357,5.968574,1.0,0.067929156,0.94562334,0.06697668,0.8550725,0.8417702,5.8418956,25.0,-1.3117453,,,,,,,,,,,,,,,,,,,,,,,,
FAILED_SETUP,,,,,,,2025-03-21,2014.0,中鴻,鋼鐵工業,0.682152916264057,STOCK_SPECIFIC,-0.09072962,-0.34763947,0.019313306,-0.0136940756261464,0.12715517,0.29636556,0.108,0.052560057,0.1577424,2.2336605,0.071261376,0.0064655175,0.31309372,0.8435013,0.07346082,0.7407407,0.5580394,2.8994968,13.0,-0.6011149,,,,,,,,,,,,,,,,,,,,,,,,
FAILED_SETUP,,,,,,,2025-03-21,3605.0,宏致,電子零組件業,0.8150586268100299,STOCK_SPECIFIC,-0.19039999,-0.42518517,0.0014814815,-0.0136940756261464,0.037369207,0.33868924,0.004,0.030957656,0.23252086,4.509474,0.10990944,0.020926757,0.038489588,0.74403185,0.040187012,1.3051146,2.0367825,3.7374268,37.0,1.0089147,,,,,,,,,,,,,,,,,,,,,,,,
FAILED_SETUP,,,,,,,2025-03-21,1815.0,富喬,電子零組件業,0.6821995161831925,STOCK_SPECIFIC,-0.09212668,-0.33031675,0.06636502,-0.0136940756261464,0.111111104,0.19264907,0.068,0.0218126,0.2551559,2.415593,1.040854,0.095890425,0.17685765,0.93368703,0.040283453,0.74516696,0.7526183,1.8930318,80.0,0.6691064,,,,,,,,,,,,,,,,,,,,,,,,
FAILED_SETUP,,,,,,,2025-03-21,1736.0,喬山,化學生技醫療,0.6512996580388287,STOCK_SPECIFIC,-0.15695313,-0.19791666,0.1796875,-0.0136940756261464,0.14583333,0.017976807,0.064,0.18693691,0.20512177,2.7755919,0.24888001,0.039062496,0.08196262,0.96419096,0.031126793,0.9245742,0.4928275,0.80361843,218.0,0.43190628,,,,,,,,,,,,,,,,,,,,,,,,
FAILED_SETUP,,,,,,,2025-03-21,1569.0,濱川,電腦及週邊設備業,0.9089821344133552,STOCK_SPECIFIC,-0.22869359,-0.47743466,0.005938242,-0.0136940756261464,0.06403941,0.4027756,0.008,0.23815244,0.6701022,3.3824842,0.28002277,0.06403941,0.0659445,0.9973475,0.008639066,0.79798824,0.9844663,3.4206607,177.0,0.15133342,,,,,,,,,,,,,,,,,,,,,,,,
FAILED_SETUP,,,,,,,2025-03-21,1524.0,耿鼎,汽車工業,0.8607806857041043,TOO_EXTENDED,-0.208,-0.33516482,0.0,-0.0136940756261464,0.021205356,0.17412663,0.0,0.25136366,0.23974948,6.674861,4.807692,1.0,0.0,0.89920425,0.007364761,1.5304348,1.4961538,4.4591937,118.0,0.046777144,,,,,,,,,,,,,,,,,,,,,,,,
FAILED_SETUP,,,,,,,2025-03-21,1466.0,聚隆,紡織纖維,0.8539298122982668,TOO_EXTENDED,-0.24379008,-0.27405247,0.12536442,-0.0136940756261464,0.13872835,0.36365262,0.012,0.3528904,0.32421604,4.451255,4.1018896,1.0,0.16647126,0.92175066,0.01712627,1.5155282,1.695863,4.362357,17.0,0.18182011,,,,,,,,,,,,,,,,,,,,,,,,
FAILED_SETUP,,,,,,,2025-03-21,1464.0,得力,紡織纖維,0.7946464916428526,SECTOR_WEAK,-0.07335998,-0.3013333,0.050666668,-0.0136940756261464,0.058666658,0.21849574,0.028,0.12628034,0.167812,2.1882951,0.50890607,0.037333343,0.06179813,0.88063663,-0.050054625,0.86725646,2.003857,1.6757582,126.0,0.14903846,,,,,,,,,,,,,,,,,,,,,,,,
FAILED_SETUP,,,,,,,2025-03-21,1463.0,強盛新,紡織纖維,0.8563036670024603,SECTOR_WEAK,-0.1923684,-0.36019737,0.019736841,-0.0136940756261464,0.039999995,0.24633309,0.008,0.2747089,0.19718446,3.4256065,5.1983585,1.0,0.10427844,0.8222812,-0.010604142,0.90879995,1.3090074,2.3274753,428.0,0.13513294,,,,,,,,,,,,,,,,,,,,,,,,
FAILED_SETUP,,,,,,,2025-03-21,2597.0,潤弘,建材營造,0.8534562748846994,TOO_EXTENDED,-0.123437494,-0.234375,0.0,-0.0136940756261464,0.031250004,0.33566755,0.0,0.056665383,0.2615533,3.6866665,8.101266,1.0,0.0,0.88196284,0.0794521,0.8097166,0.928302,4.2285185,302.0,-0.35793945,,,,,,,,,,,,,,,,,,,,,,,,
FAILED_SETUP,,,,,,,2025-03-21,2606.0,裕民,航運業,0.7208733373080323,STOCK_SPECIFIC,-0.08230337,-0.3349719,0.015449438,-0.0136940756261464,0.09859155,0.28660646,0.072,0.031509735,0.21370287,1.8645455,1.1979042,0.09859155,0.2271696,0.9018568,0.079465225,0.55944055,0.21505037,2.4319696,55.0,0.7155646,,,,,,,,,,,,,,,,,,,,,,,,
FAILED_SETUP,,,,,,,2025-03-21,2010.0,春源,鋼鐵工業,0.7657141094961041,TOO_EXTENDED,-0.13141507,-0.18396229,0.041554034,-0.0136940756261464,0.03702151,0.17343435,0.024,0.09738617,0.14358321,6.000613,0.0749582,0.009850636,0.065864995,0.78912467,0.077041164,1.0952381,1.5051265,5.2087164,8.0,0.07917239,,,,,,,,,,,,,,,,,,,,,,,,
FAILED_SETUP,,,,,,,2025-03-21,2641.0,正德,航運業,0.7389123030639447,STOCK_SPECIFIC,-0.119030856,-0.28414097,0.022026408,-0.0136940756261464,0.09010988,0.27465627,0.092,0.096063584,0.17461793,3.1655235,0.0482709,0.0057457266,0.38149983,0.82626,0.07629986,0.5,0.25504577,3.3340306,11.0,-0.04573572,,,,,,,,,,,,,,,,,,,,,,,,
FAILED_SETUP,,,,,,,2025-03-21,2612.0,中航,航運業,0.6373429822577661,STOCK_SPECIFIC,-0.06345795,-0.30218068,0.07165109,-0.0136940756261464,0.09104187,0.20594293,0.084,0.023172962,0.11183099,2.017783,0.18113714,0.011494592,0.31804773,0.72944295,0.08038102,0.64592594,0.20452785,3.313443,9.0,0.30753553,,,,,,,,,,,,,,,,,,,,,,,,
FAILED_SETUP,,,,,,,2025-03-21,3570.0,大塚,資訊服務業,0.6371750854902929,STOCK_SPECIFIC,-0.08431635,-0.23592493,0.5013405,-0.0136940756261464,0.06486487,0.108431965,0.048,0.0056383433,0.1293342,3.0157535,0.4167061,0.03513514,0.13683379,0.8647215,0.0148464395,0.7678572,0.35372365,1.5150684,76.0,0.3882886,,,,,,,,,,,,,,,,,,,,,,,,
FAILED_SETUP,,,,,,,2025-03-21,3563.0,牧德,電子工業,0.9113621567539044,SECTOR_WEAK,-0.27816164,-0.39342806,0.007104796,-0.0136940756261464,0.057040997,0.39280334,0.02,0.40917358,0.45420763,4.606029,3.595032,1.0,0.04761773,0.9549072,-0.0029390054,0.87000847,0.7793906,4.134804,14.0,0.5492374,,,,,,,,,,,,,,,,,,,,,,,,
FAILED_SETUP,,,,,,,2025-03-21,3558.0,神準,通信網路業,0.7175380166252064,STOCK_SPECIFIC,-0.09741273,-0.40041068,0.0,-0.0136940756261464,0.083333336,0.24695781,0.04,-0.011250138,0.29018024,2.1633875,0.4633911,0.045140192,0.13600214,0.9310345,0.021852776,0.805492,0.4453309,2.4116178,41.0,0.5809673,,,,,,,,,,,,,,,,,,,,,,,,
FAILED_SETUP,,,,,,,2025-03-21,3484.0,崧騰,電子零組件業,0.6341029172919964,STOCK_SPECIFIC,-0.0853261,-0.371118,0.0,-0.0136940756261464,0.13228346,0.106216595,0.052,0.06509862,0.11513755,1.7604121,0.2130819,0.018181447,0.22660194,0.53183025,0.04065321,0.9170183,0.4974905,1.6659037,21.0,1.0825125,,,,,,,,,,,,,,,,,,,,,,,,
FAILED_SETUP,,,,,,,2025-03-21,3481.0,群創,電子工業,0.6222651672457392,SECTOR_WEAK,-0.13222222,-0.28086418,0.009259259,-0.0136940756261464,0.0716628,0.09055494,0.1,0.13249981,0.07119485,4.6135373,0.14048964,0.01857585,0.19746105,0.56631297,-0.0014058371,0.9937894,1.551016,3.447947,0.0,0.726901,,,,,,,,,,,,,,,,,,,,,,,,
FAILED_SETUP,,,,,,,2025-03-21,3479.0,安勤,電腦及週邊設備業,0.6603140012198214,STOCK_SPECIFIC,-0.14285713,-0.2744589,0.038961045,-0.0136940756261464,0.09332133,0.26124448,0.084,0.01612886,0.123452194,3.6959996,0.13143687,0.018776694,0.3057674,0.5106101,0.012766568,1.2289157,1.382139,3.3544,12.0,0.48935267,,,,,,,,,,,,,,,,,,,,,,,,
FAILED_SETUP,,,,,,,2025-03-21,3379.0,彬台,電機機械,0.866481637575982,STOCK_SPECIFIC,-0.19922438,-0.433518,0.1565097,-0.0136940756261464,0.1302521,1.316385,0.052,0.2283533,0.63911843,3.0838592,0.65379596,0.1302521,0.2752035,0.9814324,0.00041613387,0.74269557,0.21112147,3.4583716,60.0,0.5379012,,,,,,,,,,,,,,,,,,,,,,,,
FAILED_SETUP,,,,,,,2025-03-21,3323.0,加百裕,電腦及週邊設備業,0.8613474229559426,STOCK_SPECIFIC,-0.2569388,-0.43650794,0.006802721,-0.0136940756261464,0.097447805,0.28007454,0.012,0.3121999,0.38716045,5.1172256,0.37926468,0.097447805,0.15657508,0.97214854,0.008013061,1.5503513,3.2709448,3.1789784,81.0,1.4047366,,,,,,,,,,,,,,,,,,,,,,,,
FAILED_SETUP,,,,,,,2025-03-21,3264.0,欣銓,半導體業,0.6787476957025281,SECTOR_WEAK,-0.0978543,-0.26887417,0.10463577,-0.0136940756261464,0.13557415,0.43802157,0.156,0.054632135,0.19074258,2.881114,0.8484553,0.083025,0.31611112,0.7877984,-0.0081941355,0.7858546,0.3792146,2.8526464,21.0,-0.13513146,,,,,,,,,,,,,,,,,,,,,,,,
FAILED_SETUP,,,,,,,2025-03-21,3213.0,茂訊,電腦及週邊設備業,0.8474078794980915,STOCK_SPECIFIC,-0.16089219,-0.36877322,0.022304833,-0.0136940756261464,0.13740458,0.5752426,0.032,0.20984688,0.3411413,2.5038016,0.8540164,0.13740458,0.26081127,0.867374,0.009024905,0.9533679,1.7763774,3.3023415,15.0,-0.064891934,,,,,,,,,,,,,,,,,,,,,,,,
FAILED_SETUP,,,,,,,2025-03-21,3491.0,昇達科,通信網路業,0.9359792493301262,STOCK_SPECIFIC,-0.16074075,-0.35185185,0.0,-0.0136940756261464,0.01948718,0.5016647,0.0,0.19738515,0.38647935,3.6700673,6.221198,1.0,0.0,0.9496021,0.0136258295,0.96912116,3.1580713,3.9576623,80.0,0.47406107,,,,,,,,,,,,,,,,,,,,,,,,
FAILED_SETUP,,,,,,,2025-03-21,3162.0,精確,電機機械,0.955253798236056,SECTOR_WEAK,-0.290159,-0.3926868,0.020667726,-0.0136940756261464,0.04368932,0.61558086,0.0,0.3627258,0.56860757,6.4038596,0.13941693,0.040453076,0.0,0.9761273,-0.0017445666,1.7301294,2.5101154,6.252631,76.0,0.017107315,,,,,,,,,,,,,,,,,,,,,,,,
FAILED_SETUP,,,,,,,2025-03-21,2812.0,台中銀,金融保險,0.8010375334936919,TOO_EXTENDED,-0.12785712,-0.15714283,0.026190506,-0.0136940756261464,0.0,0.13051993,0.0,0.13625133,0.13777635,8.353333,7.8212304,1.0,0.0,0.7387268,0.043844506,0.7244091,0.90976423,6.02778,518.0,-0.0332588,,,,,,,,,,,,,,,,,,,,,,,,
FAILED_SETUP,,,,,,,2025-03-21,3163.0,波若威,通信網路業,0.9712725204388616,TOO_EXTENDED,-0.31427616,-0.45879734,0.0155902,-0.0136940756261464,0.0,0.74234456,0.0,0.3507286,0.41493985,5.810412,3.1819148,1.0,0.0,0.90318304,0.008834693,1.5413711,5.8985033,4.6989217,32.0,0.23738058,,,,,,,,,,,,,,,,,,,,,,,,
FAILED_SETUP,,,,,,,2025-03-21,2852.0,第一保,金融保險,0.8555889064780742,TOO_EXTENDED,-0.10966441,-0.15100671,0.040268466,-0.0136940756261464,0.008403383,0.22611837,0.0,0.11752188,0.21749924,5.1697164,9.118729,1.0,0.0,0.88461536,0.049054988,0.4843749,0.77928734,5.8135586,550.0,0.39072946,,,,,,,,,,,,,,,,,,,,,,,,
FAILED_SETUP,,,,,,,2025-03-21,2884.0,玉山金,金融保險,0.6751821165957389,TOO_EXTENDED,-0.053187937,-0.14429533,0.015100668,-0.0136940756261464,0.0033444825,0.13317578,0.012,0.026362693,0.07121108,4.6229177,0.06288042,0.0033444797,0.0116973575,0.63793105,0.04854249,0.5350323,1.8652209,4.3288207,39.0,0.06432103,,,,,,,,,,,,,,,,,,,,,,,,
FAILED_SETUP,,,,,,,2025-03-21,2883.0,凱基金,金融保險,0.6490505266476155,STOCK_SPECIFIC,-0.042108107,-0.24594598,0.0108108185,-0.0136940756261464,0.013477115,0.062303845,0.004,0.03113749,0.08352804,2.3453755,23.748396,1.0,0.0060905577,0.73607427,0.048151728,0.8888886,1.1225482,2.498924,253.0,0.44085994,,,,,,,,,,,,,,,,,,,,,,,,
FAILED_SETUP,,,,,,,2025-03-21,3059.0,華晶科,光電業,0.7660451059805513,STOCK_SPECIFIC,-0.089875005,-0.3534091,0.003409091,-0.0136940756261464,0.19908987,0.5261526,0.024,0.094870895,0.21249007,2.08917,0.06834404,0.006142421,0.2089869,0.8594164,0.032816518,0.63180363,0.38172022,1.9533962,21.0,0.111723125,,,,,,,,,,,,,,,,,,,,,,,,
FAILED_SETUP,,,,,,,2025-03-21,3078.0,僑威,電子零組件業,0.803540223268436,STOCK_SPECIFIC,-0.12050113,-0.2927107,0.110478364,-0.0136940756261464,0.050228305,0.35725486,0.024,0.036492176,0.23770705,3.5099525,0.41682848,0.050228305,0.07182477,0.89522547,0.04010553,0.8645161,0.64879245,2.415719,43.0,0.17933746,,,,,,,,,,,,,,,,,,,,,,,,
FAILED_SETUP,,,,,,,2025-03-21,3128.0,昇銳,光電業,0.6350678097352713,STOP_TOO_TIGHT,-0.030342478,-0.38869864,0.0,-0.0136940756261464,0.1589506,0.2102231,0.028,0.004815603,0.12665609,0.48930988,0.24069451,0.0073032677,0.3562481,0.68302387,0.04043743,1.821036,0.4724325,1.7262986,3.0,-0.38117698,,,,,,,,,,,,,,,,,,,,,,,,
FAILED_SETUP,,,,,,,2025-03-21,3147.0,大綜,資訊服務業,0.7975987335786682,STOCK_SPECIFIC,-0.12992267,-0.29123712,0.5618557,-0.0136940756261464,0.11256544,0.25302488,0.028,0.16218054,0.21691753,2.3215132,0.1611913,0.020942405,0.11468703,0.73342174,0.00594942,0.6486487,0.83470213,1.3639255,69.0,1.024054,,,,,,,,,,,,,,,,,,,,,,,,
FAILED_SETUP,,,,,,,2025-03-21,3045.0,台灣大,電子工業,0.687448174722285,SECTOR_WEAK,-0.05614406,-0.07627118,0.021186449,-0.0136940756261464,0.0042194123,0.07274445,0.0,0.11375456,0.04564974,4.5243897,0.07515331,0.0042194123,0.0,0.52519894,-0.0012915048,0.9677419,1.5466262,3.2837396,27.0,0.014049954,,,,,,,,,,,,,,,,,,,,,,,,
FAILED_SETUP,,,,,,,2025-03-28,6596.0,寬宏藝術,文化創意業,0.8350405169217732,SECTOR_WEAK,-0.15258425,-0.18737644,0.5271148,0.0319783145453935,0.030612249,0.23627332,0.024,0.19047895,0.22228792,5.2545724,6.5537558,1.0,0.02656251,0.93324435,-0.04109383,0.8294574,1.1874248,2.2934673,56.0,0.1693583,,,,,,,,,,,,,,,,,,,,,,,,
FAILED_SETUP,,,,,,,2025-03-28,6166.0,凌華,電子工業,0.8363028088201544,SECTOR_WEAK,-0.1927867,-0.26490825,0.028669726,0.0319783145453935,0.026666664,0.23883964,0.0,0.14650771,0.19891298,4.0094376,5.18708,1.0,0.0,0.90787715,-0.023526406,0.8959608,1.123702,2.1457126,65.0,0.5519031,,,,,,,,,,,,,,,,,,,,,,,,
FAILED_SETUP,,,,,,,2025-03-28,6547.0,高端疫苗,生技醫療業,0.6882721607259503,STOCK_SPECIFIC,-0.09491228,-0.28070176,0.10331384,0.0319783145453935,0.0940499,0.5444749,0.244,0.109397635,0.17095317,2.4432259,0.18200462,0.017274473,0.29292396,0.78905207,0.014612789,0.79545456,0.58556294,2.3383512,8.0,-0.69433826,,,,,,,,,,,,,,,,,,,,,,,,
FAILED_SETUP,,,,,,,2025-03-28,6517.0,保勝光學,光電業,0.9023639284642408,TOO_EXTENDED,-0.37505618,-0.41573033,0.06741573,0.0319783145453935,0.125,0.67524403,0.008,0.558808,0.39714238,5.4167757,0.009081034,0.0034058979,0.25225568,0.80106807,0.0056041074,1.8957529,4.525741,4.177134,6.0,0.6223649,,,,,,,,,,,,,,,,,,,,,,,,
FAILED_SETUP,,,,,,,2025-03-28,6203.0,海韻電,電子零組件業,0.8245732041028901,STOCK_SPECIFIC,-0.14461063,-0.30160692,0.048207674,0.0319783145453935,0.032335337,0.3182901,0.012,0.11217831,0.19019975,3.8811846,0.05013322,0.0072497968,0.012796001,0.81708944,0.0010467768,0.92953527,1.4031804,2.9758291,6.0,0.26184452,,,,,,,,,,,,,,,,,,,,,,,,
FAILED_SETUP,,,,,,,2025-03-28,5876.0,上海商銀,金融保險,0.6509259749660152,STOCK_SPECIFIC,-0.05101903,-0.076147825,0.08062709,0.0319783145453935,0.03736154,0.17695594,0.04,0.04520658,0.10855802,3.5239778,0.1098722,0.0056055733,0.050551984,0.80507344,0.048385862,0.8641115,1.1453166,3.534807,21.0,-0.3331612,,,,,,,,,,,,,,,,,,,,,,,,
FAILED_SETUP,,,,,,,2025-03-28,4933.0,友輝,光電業,0.8111417121268294,STOCK_SPECIFIC,-0.07806251,-0.17375,0.067499995,0.0319783145453935,0.047387615,0.3132733,0.032,0.14788462,0.15379223,2.6737006,0.031130701,0.0024301407,0.11525546,0.77837116,0.009440893,0.9355432,0.72759724,2.6637104,61.0,0.39914656,,,,,,,,,,,,,,,,,,,,,,,,
FAILED_SETUP,,,,,,,2025-03-28,5515.0,建國,建材營造,0.7671239164592271,STOCK_SPECIFIC,-0.13295162,-0.18548387,0.041935492,0.0319783145453935,0.068690106,0.20795022,0.024,0.1345142,0.16039701,4.6533065,0.2898145,0.038531307,0.060838383,0.88518023,0.056324374,1.2207793,0.82789654,3.676882,48.0,0.18203959,,,,,,,,,,,,,,,,,,,,,,,,
FAILED_SETUP,,,,,,,2025-03-28,5439.0,高技,電子零組件業,0.95467048002401,SECTOR_WEAK,-0.25403363,-0.34733894,0.14005601,0.0319783145453935,0.04266667,0.55677557,0.008,0.41907808,0.683416,4.378138,3.936487,1.0,0.026237128,0.98264354,-0.0023768498,1.0147784,0.8353254,5.2652874,67.0,0.11394543,,,,,,,,,,,,,,,,,,,,,,,,
FAILED_SETUP,,,,,,,2025-03-28,5315.0,光聯,光電業,0.7340412760623554,STOCK_SPECIFIC,-0.11030835,-0.22246696,0.15418504,0.0319783145453935,0.07327585,0.19675454,0.048,0.16384213,0.12966841,4.124234,0.21491458,0.023706872,0.14360788,0.8491322,0.0144531205,0.84848505,0.75000054,3.4821572,38.0,0.27196154,,,,,,,,,,,,,,,,,,,,,,,,
FAILED_SETUP,,,,,,,2025-03-28,4931.0,新盛力,電腦及週邊設備業,0.8458362021785568,SECTOR_WEAK,-0.1936,-0.24727273,0.16363637,0.0319783145453935,0.13448277,0.42314214,0.048,0.32431194,0.5828254,2.6306825,5.165289,1.0,0.24035299,0.9959947,-0.036049202,0.82320946,0.7042214,2.0785882,141.0,1.2341968,,,,,,,,,,,,,,,,,,,,,,,,
FAILED_SETUP,,,,,,,2025-03-28,4766.0,南寶,化學生技醫療,0.7842081104461275,STOCK_SPECIFIC,-0.15808864,-0.21883656,0.031855956,0.0319783145453935,0.07611508,0.25929937,0.028,0.15499671,0.16534369,5.4912715,0.06875614,0.0108695645,0.04956852,0.8437917,0.029865138,0.8523002,1.0054008,3.3572738,6.0,0.13129275,,,,,,,,,,,,,,,,,,,,,,,,
FAILED_SETUP,,,,,,,2025-03-28,6649.0,台生材,生技醫療業,0.6880814928587822,STOCK_SPECIFIC,-0.090073526,-0.27328432,0.03308823,0.0319783145453935,0.13691932,0.25162622,0.052,0.10219717,0.15541074,1.5733944,0.08143315,0.007334971,0.43279952,0.72897196,0.017560985,0.966474,0.277538,1.436748,130.0,-0.0016183213,,,,,,,,,,,,,,,,,,,,,,,,
FAILED_SETUP,,,,,,,2025-03-28,5530.0,龍巖,其他,0.8163356460639444,STOCK_SPECIFIC,-0.1684,-0.2,0.032,0.0319783145453935,0.17955439,0.4641756,0.028,0.18765989,0.40629607,2.6669683,5.9382424,1.0,0.16014066,0.97196263,0.05090559,1.0615385,0.89540255,3.0382605,91.0,-0.11721105,,,,,,,,,,,,,,,,,,,,,,,,
FAILED_SETUP,,,,,,,2025-03-28,6657.0,華安,生技醫療業,0.6462563776636124,STOP_TOO_TIGHT,-0.043047894,-0.24092889,0.11030479,0.0319783145453935,0.22285715,0.39732042,0.076,0.049652893,0.24184029,0.90862143,0.43584302,0.018762125,0.40085313,0.9279039,0.016123062,0.7166455,0.37430173,2.176331,36.0,0.21687266,,,,,,,,,,,,,,,,,,,,,,,,
FAILED_SETUP,,,,,,,2025-03-28,8930.0,青鋼,鋼鐵工業,0.7043271013187861,STOCK_SPECIFIC,-0.10914404,-0.2596538,0.011984021,0.0319783145453935,0.07336202,0.19813614,0.068,0.14565898,0.119837366,4.3105354,0.27145606,0.029627811,0.21966529,0.76635516,0.0075638564,0.89491,0.5186482,2.7318442,12.0,0.015139904,,,,,,,,,,,,,,,,,,,,,,,,
FAILED_SETUP,,,,,,,2025-03-28,6757.0,台灣虎航,航運業,0.7539342902035555,STOCK_SPECIFIC,-0.10754247,-0.1166478,0.23442808,0.0319783145453935,0.10398231,0.27985004,0.016,0.07830359,0.22783825,2.787086,0.09257504,0.009955749,0.059217468,0.9479306,0.04938914,1.3744494,0.54649615,1.1294898,215.0,0.22664014,,,,,,,,,,,,,,,,,,,,,,,,
FAILED_SETUP,,,,,,,2025-03-28,6829.0,千附精密,電機機械,0.8635294740744663,SECTOR_WEAK,-0.25993443,-0.29180327,0.026229506,0.0319783145453935,0.10897436,0.40131274,0.016,0.327736,0.262783,3.921979,0.112645015,0.029280318,0.14368747,0.86515355,-0.036478896,1.4772727,4.2679276,2.4636042,10.0,0.43917397,,,,,,,,,,,,,,,,,,,,,,,,
FAILED_SETUP,,,,,,,2025-03-28,6944.0,兆聯實業,綠能環保,0.6396147802905918,STOCK_SPECIFIC,-0.076755844,-0.23881303,0.28936198,0.0319783145453935,0.041860465,0.19006844,0.08,0.05561701,0.11150363,2.889904,0.49992403,0.038372092,0.055710666,0.8104139,0.00036521567,0.84033614,1.8095194,1.1122471,327.0,0.3098626,,,,,,,,,,,,,,,,,,,,,,,,
FAILED_SETUP,,,,,,,2025-03-28,7402.0,邑錡,光電業,0.7278816446868988,STOCK_SPECIFIC,-0.22742991,-0.30093458,0.018691583,0.0319783145453935,0.21796022,0.6267222,0.136,0.17843097,0.32745528,3.6398504,0.23899066,0.054353625,0.2758437,0.87716955,0.008831988,1.3672131,6.7093396,3.0779557,5.0,-0.8885289,,,,,,,,,,,,,,,,,,,,,,,,
FAILED_SETUP,,,,,,,2025-03-28,8155.0,博智,電子零組件業,0.6912945995092068,SECTOR_WEAK,-0.20369565,-0.292029,0.02173913,0.0319783145453935,0.17073171,0.29379728,0.16,0.28527978,0.15144624,2.883077,0.054061852,0.011012164,0.4208229,0.7089453,-0.0010925542,1.0434783,0.9517057,2.0360107,6.0,1.0463514,,,,,,,,,,,,,,,,,,,,,,,,
FAILED_SETUP,,,,,,,2025-03-28,8171.0,天宇,通信網路業,0.8541885140264464,SECTOR_WEAK,-0.11507075,-0.22523585,0.023584906,0.0319783145453935,0.059633028,0.25155035,0.004,0.19258288,0.2242262,2.6734247,0.049829733,0.005733945,0.025990387,0.9319092,-0.0117235305,1.4760383,5.66322,3.3561645,24.0,-0.13350548,,,,,,,,,,,,,,,,,,,,,,,,
FAILED_SETUP,,,,,,,2025-03-28,8234.0,新漢,電腦及週邊設備業,0.6318256448281341,SECTOR_WEAK,-0.068811886,-0.23143564,0.11014852,0.0319783145453935,0.27544913,0.5648768,0.048,0.006987693,0.35748544,0.97178537,2.8368587,0.1952096,0.20517138,0.97463286,-0.03150877,0.68267584,0.38555074,1.2983353,38.0,0.4488607,,,,,,,,,,,,,,,,,,,,,,,,
FAILED_SETUP,,,,,,,2025-03-28,8383.0,千附,其他電子業,0.6984022738908603,SECTOR_WEAK,-0.12879999,-0.26,0.06000001,0.0319783145453935,0.26027396,0.22405268,0.008,0.23100872,0.14111745,2.096744,7.7639756,1.0,0.11748762,0.7837116,-0.058434673,2.2473795,2.4747605,1.5720156,70.0,0.6547849,,,,,,,,,,,,,,,,,,,,,,,,
FAILED_SETUP,,,,,,,2025-03-28,8436.0,大江,生技醫療業,0.7263545363063397,STOCK_SPECIFIC,-0.12745762,-0.14576271,0.03050848,0.0319783145453935,0.093333334,0.25040215,0.088,0.20452572,0.13613412,3.8144925,0.061540358,0.007843788,0.26071116,0.76769024,0.012231054,0.6608696,0.37898022,3.800966,6.0,-0.3701648,,,,,,,,,,,,,,,,,,,,,,,,
FAILED_SETUP,,,,,,,2025-03-28,8499.0,鼎炫-KY,其他,0.6573963243472274,STOP_TOO_TIGHT,-0.043445945,-0.17905405,0.13851352,0.0319783145453935,0.17161717,0.33782434,0.048,0.022851992,0.21038616,0.7694017,3.950131,0.17161717,0.43208358,0.91855806,0.063707285,0.9710983,0.5806841,1.7011397,33.0,-0.13440023,,,,,,,,,,,,,,,,,,,,,,,,
FAILED_SETUP,,,,,,,2025-03-28,8937.0,合騏*,其他,0.9183747329767138,STOCK_SPECIFIC,-0.17068064,-0.45026177,0.007853403,0.0319783145453935,0.012987018,0.53705245,0.0,0.12108972,0.5630244,4.346667,0.076089576,0.012987018,0.0,0.9986649,0.05453767,1.0440677,3.2179356,3.2399998,201.0,-0.40500206,,,,,,,,,,,,,,,,,,,,,,,,
FAILED_SETUP,,,,,,,2025-03-28,9907.0,統一實,其他,0.6709602245643769,TOO_EXTENDED,-0.08439305,-0.121387295,0.23988439,0.0319783145453935,0.051428597,0.23209669,0.06,0.08453282,0.08787998,4.645453,0.35158032,0.029670937,0.11433142,0.68758345,0.058624733,0.7248324,0.76245475,4.626893,25.0,-0.027231516,,,,,,,,,,,,,,,,,,,,,,,,
FAILED_SETUP,,,,,,,2025-03-28,9927.0,泰銘,其他,0.674123898804795,TOO_EXTENDED,-0.09184001,-0.14400001,0.0039999927,0.0319783145453935,0.08037986,0.25540376,0.052,0.08754637,0.09976151,4.773862,0.22767213,0.02090941,0.15778366,0.6315087,0.060378682,1.1,1.1762562,4.5858088,6.0,-0.22029874,,,,,,,,,,,,,,,,,,,,,,,,
FAILED_SETUP,,,,,,,2025-03-28,4722.0,國精化,化學生技醫療,0.6598149815511184,STOP_TOO_TIGHT,-0.008324867,-0.2580372,0.10829104,0.0319783145453935,0.19108279,0.46557027,0.08,0.030684235,0.2691997,0.13971592,22.953253,0.19108279,0.57705826,0.9132176,0.040252075,0.84157157,1.074648,1.6210278,58.0,0.5494188,,,,,,,,,,,,,,,,,,,,,,,,
FAILED_SETUP,,,,,,,2025-03-28,6670.0,復盛應用,運動休閒,0.7784986670903731,SECTOR_WEAK,-0.1058526,-0.24421965,0.1083815,0.0319783145453935,0.0493653,0.23956253,0.028,0.16090456,0.13588808,3.1963634,0.026649076,0.002820874,0.057124175,0.8251001,-0.06747068,1.0425743,0.70710874,1.6404314,13.0,-0.17912146,,,,,,,,,,,,,,,,,,,,,,,,
FAILED_SETUP,,,,,,,2025-03-28,4572.0,駐龍,電機機械,0.8037180234097769,SECTOR_WEAK,-0.094441175,-0.11176471,0.12941176,0.0319783145453935,0.10555556,0.2545841,0.008,0.21905132,0.15320548,1.8967934,0.6686384,0.063147,0.14699863,0.753004,-0.031140696,2.394052,7.681638,2.578481,36.0,0.07843686,,,,,,,,,,,,,,,,,,,,,,,,
FAILED_SETUP,,,,,,,2025-03-28,1569.0,濱川,電腦及週邊設備業,0.6934925763112829,SECTOR_WEAK,-0.098,-0.3888889,0.048611112,0.0319783145453935,0.14285715,0.3042274,0.048,0.02697692,0.50103945,1.3532054,1.457726,0.14285715,0.23480055,0.9919893,-0.031883802,0.866607,0.71061283,2.3278995,182.0,0.53849953,,,,,,,,,,,,,,,,,,,,,,,,
FAILED_SETUP,,,,,,,2025-03-28,4303.0,信立,塑膠工業,0.9399060784209876,SECTOR_WEAK,-0.3075858,-0.33491126,0.097041406,0.0319783145453935,0.0731982,0.8980463,0.016,0.5025899,0.6801529,3.959456,3.2511253,1.0,0.060433064,0.9853138,-0.014318091,1.367765,1.2807319,4.3828073,49.0,0.3462312,,,,,,,,,,,,,,,,,,,,,,,,
FAILED_SETUP,,,,,,,2025-03-28,1210.0,大成,食品工業,0.7660946630651625,SECTOR_WEAK,-0.052968763,-0.09027779,0.1545139,0.0319783145453935,0.005154627,0.20326397,0.0,0.11462739,0.09996725,3.714262,0.39297396,0.020815345,0.0,0.76502,-0.0049541625,0.84931487,0.96053696,4.6727543,14.0,-0.10558971,,,,,,,,,,,,,,,,,,,,,,,,
FAILED_SETUP,,,,,,,2025-03-28,1319.0,東陽,汽車工業,0.8316084953127483,SECTOR_WEAK,-0.12423077,-0.13846155,0.06538461,0.0319783145453935,0.05597016,0.22480911,0.02,0.22834118,0.21077043,3.0348995,8.049536,1.0,0.022682289,0.8518024,-0.015215957,1.0526316,0.5731646,3.078747,23.0,-0.054978866,,,,,,,,,,,,,,,,,,,,,,,,
FAILED_SETUP,,,,,,,2025-03-28,1466.0,聚隆,紡織纖維,0.8369083558427344,SECTOR_WEAK,-0.22108108,-0.25225225,0.15915914,0.0319783145453935,0.16913947,0.45707303,0.02,0.34339246,0.2722102,3.2411318,4.523227,1.0,0.23812678,0.90387183,-0.03693937,1.0739727,0.68247175,2.8425577,22.0,0.07350409,,,,,,,,,,,,,,,,,,,,,,,,
FAILED_SETUP,,,,,,,2025-03-28,1524.0,耿鼎,汽車工業,0.7138375439153999,SECTOR_WEAK,-0.12956521,-0.26932365,0.03743962,0.0319783145453935,0.08799048,0.10927026,0.032,0.20580576,0.14907455,3.3081934,0.24778736,0.032104623,0.06261844,0.799733,-0.014036048,1.1538461,0.7668335,2.0002937,123.0,0.25352216,,,,,,,,,,,,,,,,,,,,,,,,
FAILED_SETUP,,,,,,,2025-03-28,1616.0,億泰,電器電纜,0.6473774341048321,TOO_EXTENDED,-0.1721915,-0.193617,0.1787234,0.0319783145453935,0.25301632,0.32869014,0.16,0.21611694,0.16897152,4.105145,0.060243662,0.010373446,0.4515363,0.84646195,0.033985816,1.3768547,1.9024647,4.1484303,0.0,0.59714663,,,,,,,,,,,,,,,,,,,,,,,,
FAILED_SETUP,,,,,,,2025-03-28,1736.0,喬山,化學生技醫療,0.8232120473844958,STOCK_SPECIFIC,-0.10273417,-0.2607595,0.14683545,0.0319783145453935,0.065375306,0.1855282,0.008,0.1802191,0.27228293,1.8874418,0.636354,0.065375306,0.025571704,0.96795726,0.026735846,1.1403508,5.0940337,2.0589147,223.0,0.0055581476,,,,,,,,,,,,,,,,,,,,,,,,
FAILED_SETUP,,,,,,,2025-03-28,2010.0,春源,鋼鐵工業,0.711936161573363,STOCK_SPECIFIC,-0.101756066,-0.15609758,0.07711929,0.0319783145453935,0.057157803,0.19917528,0.06,0.13747704,0.11576518,4.2020135,0.28950945,0.029459342,0.12531431,0.8024032,0.0067984406,0.99459434,1.1516974,3.6074355,13.0,0.043508414,,,,,,,,,,,,,,,,,,,,,,,,
FAILED_SETUP,,,,,,,2025-03-28,2027.0,大成鋼,鋼鐵工業,0.8684921349504793,TOO_EXTENDED,-0.07175049,-0.27867204,0.026156934,0.0319783145453935,0.041257374,0.7768138,0.024,0.103886865,0.38718557,1.8187246,13.937186,1.0,0.06623991,0.9586115,0.0009889562,0.96954304,0.42983907,4.983303,30.0,-1.4434568,,,,,,,,,,,,,,,,,,,,,,,,
FAILED_SETUP,,,,,,,2025-03-28,2302.0,麗正,電子工業,0.7367159225323517,SECTOR_WEAK,-0.087971374,-0.2887828,0.002386635,0.0319783145453935,0.11724139,0.26611948,0.024,0.10638092,0.15835255,1.5001163,0.26131818,0.022988519,0.12860633,0.8744993,-0.02234354,1.1972787,0.67233694,1.3152128,38.0,0.1330493,,,,,,,,,,,,,,,,,,,,,,,,
FAILED_SETUP,,,,,,,2025-03-28,2328.0,廣宇,電子零組件業,0.7404904401249934,STOCK_SPECIFIC,-0.076285094,-0.300216,0.04643629,0.0319783145453935,0.20545074,0.2663308,0.02,0.1580128,0.21564627,1.0577111,13.108722,1.0,0.30502483,0.92256343,0.00019056573,0.8206735,0.34456307,1.2135828,107.0,0.318094,,,,,,,,,,,,,,,,,,,,,,,,
FAILED_SETUP,,,,,,,2025-03-28,2453.0,凌群,電子工業,0.6795085006090779,SECTOR_WEAK,-0.087343745,-0.2109375,0.110937506,0.0319783145453935,0.18086697,0.231624,0.064,0.1637836,0.14887917,1.4906666,0.081345886,0.0071050543,0.40423214,0.8718291,-0.023578292,1.2669684,0.40989825,1.0924444,7.0,0.8909074,,,,,,,,,,,,,,,,,,,,,,,,
FAILED_SETUP,,,,,,,2025-03-28,2466.0,冠西電,光電業,0.6492064332750738,STOCK_SPECIFIC,-0.12370787,-0.15730338,0.43570536,0.0319783145453935,0.21909425,0.6924761,0.092,0.013500082,0.51726186,2.31596,1.1279387,0.13953489,0.40858948,0.99465954,0.013991417,0.62288135,0.18029508,0.15036172,62.0,0.62881345,,,,,,,,,,,,,,,,,,,,,,,,
FAILED_SETUP,,,,,,,2025-03-28,2471.0,資通,電子工業,0.7104690782620976,SECTOR_WEAK,-0.10122867,-0.22866894,0.22013651,0.0319783145453935,0.09240922,0.16289704,0.048,0.15710936,0.15107004,2.4643323,0.06352785,0.0064308397,0.33322167,0.85447264,-0.023527348,1.1453363,0.54032636,1.6312565,33.0,0.76518023,,,,,,,,,,,,,,,,,,,,,,,,
FAILED_SETUP,,,,,,,2025-03-28,2516.0,新建,建材營造,0.632002189149586,STOP_TOO_TIGHT,-0.040642858,-0.2857143,0.03809524,0.0319783145453935,0.22790697,0.79944086,0.048,-0.05375573,0.40223488,0.5814599,1.8310378,0.074418604,0.14987665,0.9799733,0.057585392,1.0393701,0.43746367,1.1439579,91.0,-1.8582733,,,,,,,,,,,,,,,,,,,,,,,,
FAILED_SETUP,,,,,,,2025-03-28,2597.0,潤弘,建材營造,0.7403315502356866,STOCK_SPECIFIC,-0.065,-0.18333334,0.05277778,0.0319783145453935,0.07317073,0.3491181,0.044,0.04766907,0.20053172,1.8508475,0.25015634,0.016260162,0.048957262,0.9105474,0.054678176,0.68421054,0.6791482,2.5956686,307.0,-0.47082675,,,,,,,,,,,,,,,,,,,,,,,,
FAILED_SETUP,,,,,,,2025-03-28,4532.0,瑞智,電機機械,0.8505358120156066,SECTOR_WEAK,-0.076,-0.20111857,0.10667555,0.0319783145453935,0.022364225,0.28911683,0.012,0.17956474,0.16666253,3.2555223,0.25222784,0.019169316,0.02325269,0.870494,-0.03360911,1.2473118,1.2316157,5.1426206,7.0,0.12149427,,,,,,,,,,,,,,,,,,,,,,,,
FAILED_SETUP,,,,,,,2025-03-28,2812.0,台中銀,金融保險,0.771895909468072,TOO_EXTENDED,-0.06070732,-0.13658537,0.03902436,0.0319783145453935,0.01891253,0.19773571,0.012,0.13140507,0.13471752,4.0052886,16.472479,1.0,0.016504131,0.787717,0.044663493,0.9863015,1.1862438,5.849428,523.0,-0.043286953,,,,,,,,,,,,,,,,,,,,,,,,
FAILED_SETUP,,,,,,,2025-03-28,4173.0,久裕,生技醫療業,0.7544374415196935,STOCK_SPECIFIC,-0.11954921,-0.12291807,0.18852457,0.0319783145453935,0.08669353,0.22182716,0.04,0.16732477,0.14907025,2.2562437,0.0021101355,0.00025226502,0.3677897,0.8224299,0.01775778,0.9852215,0.28968897,1.7151935,25.0,-0.11127109,,,,,,,,,,,,,,,,,,,,,,,,
FAILED_SETUP,,,,,,,2025-03-28,3596.0,智易,通信網路業,0.9169782673940292,SECTOR_WEAK,-0.16060403,-0.20581655,0.13199106,0.0319783145453935,0.054585155,0.35194567,0.004,0.2935938,0.33302286,3.8215208,6.226494,1.0,0.011813847,0.9666222,-0.019042948,1.2777778,1.2217195,3.75019,69.0,0.10678153,,,,,,,,,,,,,,,,,,,,,,,,
FAILED_SETUP,,,,,,,2025-03-28,3563.0,牧德,電子工業,0.8059883833836483,SECTOR_WEAK,-0.148,-0.310101,0.16161616,0.0319783145453935,0.15145631,0.38128936,0.052,0.27101594,0.30846128,2.6164286,6.756757,1.0,0.12713084,0.94926566,-0.024197266,0.716516,0.45946363,2.9592261,19.0,0.5381741,,,,,,,,,,,,,,,,,,,,,,,,
FAILED_SETUP,,,,,,,2025-03-28,3491.0,昇達科,通信網路業,0.6578571050262167,SECTOR_WEAK,-0.02653938,-0.24821003,0.023866348,0.0319783145453935,0.15715949,0.4162651,0.112,0.061415847,0.20472352,0.5087582,2.2809691,0.060535505,0.19044167,0.8678238,-0.011148901,1.0925714,0.69901013,0.7350763,85.0,0.51950365,,,,,,,,,,,,,,,,,,,,,,,,
FAILED_SETUP,,,,,,,2025-03-28,2634.0,漢翔,航運業,0.7057606412089756,STOCK_SPECIFIC,-0.17338869,-0.17382812,0.083984375,0.0319783145453935,0.11472276,0.2884706,0.16,0.21617556,0.15059417,4.002738,0.013433562,0.0023292275,0.47508022,0.67957276,0.04401396,1.4246575,2.564943,3.2309716,0.0,-0.07000836,,,,,,,,,,,,,,,,,,,,,,,,
FAILED_SETUP,,,,,,,2025-03-28,3213.0,茂訊,電腦及週邊設備業,0.6408241088925374,SECTOR_WEAK,-0.043277312,-0.2865546,0.037815128,0.0319783145453935,0.22131148,0.49734062,0.056,0.018845903,0.23340298,0.71034485,5.113799,0.22131148,0.4039689,0.7543391,-0.03169285,0.7777778,0.34809917,2.2034485,20.0,0.14008625,,,,,,,,,,,,,,,,,,,,,,,,
FAILED_SETUP,,,,,,,2025-03-28,3479.0,安勤,電腦及週邊設備業,0.7569832106350299,SECTOR_WEAK,-0.1277533,-0.26167402,0.02202643,0.0319783145453935,0.079183556,0.37354782,0.084,0.16585352,0.13147183,3.2741935,0.04385686,0.005602859,0.29770622,0.6248331,-0.033818454,0.8536585,1.8481753,3.1996772,17.0,0.47192115,,,,,,,,,,,,,,,,,,,,,,,,
FAILED_SETUP,,,,,,,2025-03-28,3162.0,精確,電機機械,0.8095210352559011,SECTOR_WEAK,-0.14465517,-0.26819924,0.0823755,0.0319783145453935,0.20560749,0.47674426,0.012,0.1798784,0.3272141,2.0002646,4.7940432e-08,6.934831e-09,0.23434602,0.96395195,-0.03397182,1.2886763,0.71761197,2.0966885,81.0,0.21356249,,,,,,,,,,,,,,,,,,,,,,,,
FAILED_SETUP,,,,,,,2025-03-28,3078.0,僑威,電子零組件業,0.6890030542167611,STOCK_SPECIFIC,-0.08398576,-0.26334518,0.02965599,0.0319783145453935,0.11940298,0.3153385,0.056,0.04446543,0.2135583,1.8492538,0.6698417,0.056257166,0.20205747,0.9092123,0.0015151844,1.4453782,1.4840267,1.3059703,48.0,0.6019459,,,,,,,,,,,,,,,,,,,,,,,,
FAILED_SETUP,,,,,,,2025-03-28,3060.0,銘異,電腦及週邊設備業,0.6249686633829423,SECTOR_WEAK,-0.18615659,-0.2989324,0.010676157,0.0319783145453935,0.33839905,0.25127414,0.076,0.2670072,0.12915072,4.0460773,0.00935855,0.0017421558,0.2892091,0.7236315,-0.032668002,0.8347824,1.3291242,2.9643648,0.0,0.52563816,,,,,,,,,,,,,,,,,,,,,,,,
FAILED_SETUP,,,,,,,2025-03-28,3045.0,台灣大,電子工業,0.6234027152516639,SECTOR_WEAK,-0.022801721,-0.060344823,0.03879311,0.0319783145453935,0.012765959,0.08349743,0.024,0.112370215,0.03387593,1.8989742,1.04938316e-07,2.3927742e-09,0.022252213,0.5260347,-0.023258718,0.88135594,0.6860069,2.5846152,32.0,-0.07665267,,,,,,,,,,,,,,,,,,,,,,,,
FAILED_SETUP,,,,,,,2025-03-28,2852.0,第一保,金融保險,0.8735907349540101,TOO_EXTENDED,-0.10783919,-0.1524288,0.023450593,0.0319783145453935,0.014729941,0.31541964,0.004,0.13764296,0.23580812,5.3971243,9.2730665,1.0,0.0072649047,0.92656875,0.048429444,0.9113925,0.9098294,6.68004,555.0,0.30580434,,,,,,,,,,,,,,,,,,,,,,,,
FAILED_SETUP,,,,,,,2025-03-28,2838.0,聯邦銀,金融保險,0.7497131154776406,TOO_EXTENDED,-0.080504425,-0.091988124,0.03857569,0.0319783145453935,0.020289857,0.194321,0.008,0.112064585,0.11237695,4.8078456,12.421678,1.0,0.012451234,0.74899864,0.049572147,0.8421054,0.8058209,4.953164,44.0,-0.16452226,,,,,,,,,,,,,,,,,,,,,,,,
FAILED_SETUP,,,,,,,2025-03-28,3163.0,波若威,通信網路業,0.8175131966880285,SECTOR_WEAK,-0.13025424,-0.31355932,0.01977401,0.0319783145453935,0.2,0.4719728,0.008,0.22101524,0.2260965,1.6854831,7.6772933,1.0,0.055263925,0.83444595,-0.016963476,1.1183673,1.413734,1.7984334,37.0,0.86727595,,,,,,,,,,,,,,,,,,,,,,,,
FAILED_SETUP,,,,,,,2025-04-02,6517.0,保勝光學,光電業,0.7459797033567525,SECTOR_WEAK,-0.31640223,-0.36089388,0.0,0.0985100624728654,0.13179074,0.44645697,0.016,0.5810742,0.37447226,3.6810772,0.029907105,0.009462675,0.3627828,0.8885906,-0.008487942,1.398374,1.775702,3.4038072,9.0,0.72882515,,,,,,,,,,,,,,,,,,,,,,,,
FAILED_SETUP,,,,,,,2025-04-02,5515.0,建國,建材營造,0.6767369242779079,TOO_EXTENDED,-0.06471506,-0.12780659,0.053540558,0.0985100624728654,0.040435474,0.31591788,0.004,0.20440751,0.18654917,1.972106,0.17111987,0.011074033,0.0074945632,0.904698,0.025046399,0.9341318,0.76707155,4.0508766,51.0,0.1775735,,,,,,,,,,,,,,,,,,,,,,,,
FAILED_SETUP,,,,,,,2025-04-02,5439.0,高技,電子零組件業,0.915248503773094,SECTOR_WEAK,-0.18368421,-0.31871346,0.19005847,0.0985100624728654,0.028947372,0.7977557,0.004,0.46581417,0.6771414,2.9914286,5.444126,1.0,0.0104542915,0.98791945,-0.025168937,0.9955157,0.7871422,5.128571,70.0,0.30598843,,,,,,,,,,,,,,,,,,,,,,,,
FAILED_SETUP,,,,,,,2025-04-02,5201.0,凱衛,資訊服務業,0.7261774655217279,STOCK_SPECIFIC,-0.067092866,-0.089311846,0.8653002,0.0985100624728654,0.07783641,0.50083923,0.004,0.21392077,0.31031016,1.1136374,0.33849996,0.022710934,0.056554407,0.9409396,0.020380484,1.4665203,2.8924098,2.9604185,41.0,0.020855187,,,,,,,,,,,,,,,,,,,,,,,,
FAILED_SETUP,,,,,,,2025-04-02,4303.0,信立,塑膠工業,0.7026281550871715,SECTOR_WEAK,-0.11857142,-0.18903318,0.33766234,0.0985100624728654,0.23927176,0.68248004,0.012,0.31534496,0.43529955,1.1526853,8.433736,1.0,0.09577938,0.9771812,-0.0082156025,1.1710421,1.2225801,2.1407983,52.0,0.60748434,,,,,,,,,,,,,,,,,,,,,,,,
FAILED_SETUP,,,,,,,2025-04-02,3596.0,智易,通信網路業,0.6900858704137394,SECTOR_WEAK,-0.056216218,-0.12776414,0.24324325,0.0985100624728654,0.06858408,0.39933854,0.012,0.20327364,0.30306932,1.1481004,17.788462,1.0,0.02206074,0.96912754,-0.053129848,1.2970027,0.47096494,2.9848268,72.0,0.15305793,,,,,,,,,,,,,,,,,,,,,,,,
FAILED_SETUP,,,,,,,2025-04-02,3709.0,鑫聯大投控,電腦及週邊設備業,0.8424408014571949,SECTOR_WEAK,-0.16432352,-0.18970588,0.52352947,0.0985100624728654,0.02251656,0.40516463,0.0,0.41955557,0.3036956,2.8703852,6.085556,1.0,0.0,0.9637584,-0.046779137,1.2132963,3.9843905,3.9719849,33.0,0.13713506,,,,,,,,,,,,,,,,,,,,,,,,
FAILED_SETUP,,,,,,,2025-04-02,2832.0,台產,金融保險,0.699791829300026,TOO_EXTENDED,-0.033349052,-0.06918237,0.14937107,0.0985100624728654,0.0014164306,0.34182516,0.0,0.15728484,0.1985875,1.477313,29.98586,1.0,0.0,0.8979866,0.048395235,1.0894942,1.1630652,6.4114423,48.0,0.0493834,,,,,,,,,,,,,,,,,,,,,,,,
FAILED_SETUP,,,,,,,2025-04-02,2429.0,銘旺科,電子零組件業,0.7692688004163413,SECTOR_WEAK,-0.2105762,-0.267658,0.15799257,0.0985100624728654,0.16080402,1.0199047,0.036,0.51760375,0.73765403,2.3940527,4.7488747,1.0,0.2945344,0.98926175,-0.025676938,1.0715096,0.6703562,3.9752953,36.0,0.9629754,,,,,,,,,,,,,,,,,,,,,,,,
FAILED_SETUP,,,,,,,2025-04-02,1466.0,聚隆,紡織纖維,0.6964610981004423,SECTOR_WEAK,-0.15785715,-0.19155844,0.25324672,0.0985100624728654,0.1520468,0.5638218,0.024,0.43009815,0.2813788,2.388351,0.96319234,0.1520468,0.24581295,0.9194631,-0.060913853,0.89552236,0.20442186,3.1684208,25.0,0.08365701,,,,,,,,,,,,,,,,,,,,,,,,
FAILED_SETUP,,,,,,,2025-04-02,4173.0,久裕,生技醫療業,0.7618266978922716,SECTOR_WEAK,-0.12823889,-0.13357088,0.10757811,0.0985100624728654,0.05839416,0.36419073,0.0,0.31873608,0.26313847,2.3036368,7.7979465,1.0,0.0,0.91543627,-0.0073016537,1.3564546,4.3091273,3.331515,28.0,-0.07306378,,,,,,,,,,,,,,,,,,,,,,,,
FAILED_SETUP,,,,,,,2025-04-11,8436.0,大江,生技醫療業,0.662587744261051,SECTOR_WEAK,-0.056462094,-0.11913358,0.09747292,0.1398573982900715,0.18411553,0.3155301,0.38,0.06737732,0.047232583,1.0328301,0.12787728,0.007220219,0.6871304,0.83466667,-0.0446069,1.8978101,1.5826417,0.61965406,14.0,0.113647714,,,,,,,,,,,,,,,,,,,,,,,,
FAILED_SETUP,,,,,,,2025-04-11,8096.0,擎亞,電子通路業,0.731725479036236,SECTOR_WEAK,-0.12117647,-0.22638147,0.1087344,0.1398573982900715,0.50091743,0.71858704,0.028,0.026492268,0.105386995,1.4664406,0.6662509,0.08073393,0.059546728,0.94533336,-0.036617808,1.1923465,0.70981526,-0.8892911,45.0,1.1268739,,,,,,,,,,,,,,,,,,,,,,,,
FAILED_SETUP,,,,,,,2025-04-11,5439.0,高技,電子零組件業,0.8604455195092644,SECTOR_WEAK,-0.09850994,-0.22847682,0.5331126,0.1398573982900715,0.31208053,0.67258406,0.028,0.16420671,0.29176563,1.1317935,0.075992964,0.007486062,0.15240751,0.98933333,-0.11243804,1.3589743,1.5980299,0.7076087,75.0,0.7337246,,,,,,,,,,,,,,,,,,,,,,,,
FAILED_SETUP,,,,,,,2025-04-11,4173.0,久裕,生技醫療業,0.7247818250806299,SECTOR_WEAK,-0.025131013,-0.06546729,0.19463664,0.1398573982900715,0.27753302,0.21037833,0.032,0.05956058,0.04125257,0.30693346,0.5258786,0.013215862,0.4747354,0.884,-0.04419581,1.5594202,1.1413395,-0.15644439,33.0,0.3463125,,,,,,,,,,,,,,,,,,,,,,,,
FAILED_SETUP,,,,,,,2025-04-11,2027.0,大成鋼,鋼鐵工業,0.8617877695566939,SECTOR_WEAK,-0.06700998,-0.21926911,0.062015485,0.1398573982900715,0.18834081,0.75564444,0.048,0.12171448,0.19488825,1.0902704,2.8106382,0.18834081,0.31249902,0.9586667,-0.073942386,1.7177665,1.0219269,0.4522523,38.0,-0.36774534,,,,,,,,,,,,,,,,,,,,,,,,
FAILED_SETUP,,,,,,,2025-04-11,1736.0,喬山,化學生技醫療,0.6736071586669197,SECTOR_WEAK,-0.13853592,-0.22651935,0.04419889,0.1398573982900715,0.26183844,0.16333248,0.176,0.08615891,0.079309724,1.5296297,0.8042724,0.11142061,0.18289514,0.904,-0.062989764,1.3448275,1.4754132,-0.31619462,2.0,0.7085032,,,,,,,,,,,,,,,,,,,,,,,,
FAILED_SETUP,,,,,,,2025-04-11,1569.0,濱川,電腦及週邊設備業,0.6753794346423828,SECTOR_WEAK,-0.12975806,-0.29032257,0.053225808,0.1398573982900715,0.5,0.46092767,0.06,9.592202e-05,0.09914575,1.5708508,2.0604584,0.2673611,0.08709681,0.98,-0.10559182,1.2019513,0.4077336,-1.4833101,190.0,0.86263376,,,,,,,,,,,,,,,,,,,,,,,,
FAILED_SETUP,,,,,,,2025-04-11,1442.0,名軒,建材營造,0.7674128881300197,SECTOR_WEAK,-0.15265839,-0.15900621,0.014906832,0.1398573982900715,0.10691822,0.2916591,0.2,0.13725607,0.07359893,2.7136595,0.35430768,0.05408804,0.13824168,0.944,-0.0075071724,2.2516212,0.8415561,-0.25394315,2.0,0.31627002,,,,,,,,,,,,,,,,,,,,,,,,
FAILED_SETUP,,,,,,,2025-04-11,3491.0,昇達科,通信網路業,0.6957313602731929,SECTOR_WEAK,-0.15943396,-0.16037735,0.07816712,0.1398573982900715,0.35607094,0.20935094,0.052,0.08000684,0.020900846,1.9348131,1.5231237,0.24283765,0.14972444,0.91333336,-0.13113663,1.4624882,1.1523647,-1.7123833,1.0,1.0065067,,,,,,,,,,,,,,,,,,,,,,,,
FAILED_SETUP,,,,,,,2025-04-18,8171.0,天宇,通信網路業,0.690990990990991,SECTOR_WEAK,-0.16181701,-0.23453608,0.0025773195,0.1625331044373033,0.19072165,0.40996978,0.24,0.16626275,0.07266276,2.4621568,0.07889996,0.012767355,0.67087567,0.91184574,-0.067148976,0.7387198,0.36046872,0.28888887,4.0,0.38526505,,,,,,,,,,,,,,,,,,,,,,,,
FAILED_SETUP,,,,,,,2025-04-18,8436.0,大江,生技醫療業,0.7725225225225225,SECTOR_WEAK,-0.13742574,-0.1980198,0.0033003322,0.1625331044373033,0.093333334,0.47084585,0.096,0.06701463,0.13378684,2.5681057,0.057076555,0.007843788,0.24831015,0.8815427,-0.018502323,0.79999995,1.1494864,1.7875183,19.0,0.064031065,,,,,,,,,,,,,,,,,,,,,,,,
FAILED_SETUP,,,,,,,2025-04-18,5439.0,高技,電子零組件業,0.6396396396396395,SECTOR_WEAK,-0.02483146,-0.12734082,0.7340824,0.1625331044373033,0.46441948,0.4531687,0.036,-0.00092741364,0.14120771,0.2571191,5.012194,0.12446009,0.13169861,0.96694213,-0.08522236,0.9126984,0.68613255,-0.7096953,80.0,0.9958636,,,,,,,,,,,,,,,,,,,,,,,,
FAILED_SETUP,,,,,,,2025-04-18,1319.0,東陽,汽車工業,0.8067567567567568,SECTOR_WEAK,-0.12347826,-0.15019763,0.08300395,0.1625331044373033,0.10116732,0.38602707,0.06,0.12399715,0.13117525,1.8072727,0.10135295,0.012514886,0.0897278,0.91873276,-0.037350535,0.9463723,0.72090906,0.89765835,36.0,0.37800005,,,,,,,,,,,,,,,,,,,,,,,,
FAILED_SETUP,,,,,,,2025-04-18,2027.0,大成鋼,鋼鐵工業,0.7175675675675676,SECTOR_WEAK,-0.053382024,-0.23483147,0.0,0.1625331044373033,0.19101124,0.74252355,0.072,0.010313338,0.18155186,0.9037228,3.578194,0.19101124,0.33406013,0.95592284,-0.042617626,0.7205732,0.45267087,-0.06594201,43.0,-0.32479253,,,,,,,,,,,,,,,,,,,,,,,,
FAILED_SETUP,,,,,,,2025-04-18,4173.0,久裕,生技醫療業,0.6788288288288289,SECTOR_WEAK,-0.073416196,-0.099778295,0.15077603,0.1625331044373033,0.22531483,0.28811634,0.072,0.0577199,0.08221013,0.94100565,0.07863396,0.005773006,0.51094246,0.88567495,-0.018179463,0.60607326,0.28380695,0.30480006,38.0,0.36945516,,,,,,,,,,,,,,,,,,,,,,,,
FAILED_SETUP,,,,,,,2025-04-25,1319.0,東陽,汽車工業,0.7542713567839197,SECTOR_WEAK,-0.15034483,-0.21146692,0.049808428,0.107532490350352,0.09689923,0.347635,0.068,0.110202305,0.12509812,2.3885217,0.057138037,0.008590409,0.10265599,0.91584855,-0.033021025,0.6928105,0.88690275,0.8460869,41.0,0.33954665,,,,,,,,,,,,,,,,,,,,,,,,
FAILED_SETUP,,,,,,,2025-04-25,2027.0,大成鋼,鋼鐵工業,0.6311557788944724,SECTOR_WEAK,-0.06961038,-0.22195984,0.018890217,0.107532490350352,0.23831774,0.53397346,0.08,-0.021944834,0.12966517,1.1480387,3.423595,0.23831774,0.35913032,0.9354839,-0.014798685,0.87951803,0.5046112,-1.0501621,48.0,-0.14010066,,,,,,,,,,,,,,,,,,,,,,,,
FAILED_SETUP,,,,,,,2025-04-25,8436.0,大江,生技醫療業,0.6376884422110553,SECTOR_WEAK,-0.09564014,-0.183391,0.051903117,0.107532490350352,0.1388889,0.46492183,0.292,0.07767899,0.087503776,1.758909,4.0886643e-08,3.910404e-09,0.48865825,0.83590466,-0.029246062,0.86378735,0.6856391,0.7721212,24.0,-0.026407568,,,,,,,,,,,,,,,,,,,,,,,,
FAILED_SETUP,,,,,,,2025-05-02,1319.0,東陽,汽車工業,0.7614525139664805,SECTOR_WEAK,-0.16316982,-0.2233693,0.033962265,0.0839152018288618,0.06792453,0.3820322,0.036,0.05335425,0.14814708,3.7367902,0.2775208,0.045283016,0.04461335,0.8908297,-0.01875884,0.5925926,0.5864694,1.5425926,45.0,0.3780469,,,,,,,,,,,,,,,,,,,,,,,,
FAILED_SETUP,,,,,,,2025-05-02,8436.0,大江,生技醫療業,0.6603351955307263,SECTOR_WEAK,-0.12295301,-0.2080537,0.0033557047,0.0839152018288618,0.104377106,0.4550452,0.152,0.030237261,0.11839133,3.4659457,0.1465928,0.018024025,0.3050625,0.80786026,-0.023648534,0.477193,0.8386271,1.5923424,28.0,-0.028570509,,,,,,,,,,,,,,,,,,,,,,,,
FAILED_SETUP,,,,,,,2025-05-09,8222.0,寶一,電機機械,0.8930107526881722,STOCK_SPECIFIC,-0.22586466,-0.2639098,0.02706767,0.0614864308451579,0.045112785,0.98801243,0.0,0.09267604,0.5740266,3.290767,0.17402485,0.039306063,0.0,0.9666161,0.06600382,1.1564766,2.0346055,3.9195619,32.0,-0.26407152,,,,,,,,,,,,,,,,,,,,,,,,
FAILED_SETUP,,,,,,,2025-05-09,6757.0,台灣虎航,航運業,0.8903225806451612,TOO_EXTENDED,-0.25068808,-0.26146787,0.0,0.0614864308451579,0.0,0.38397118,0.0,0.14591634,0.36536032,5.6010246,3.989021,1.0,0.0,0.95751137,0.010569721,1.9932508,3.0326564,4.12245,242.0,0.42134804,,,,,,,,,,,,,,,,,,,,,,,,
FAILED_SETUP,,,,,,,2025-05-09,6005.0,群益證,金融保險,0.660752688172043,SECTOR_WEAK,-0.21092251,-0.23398593,3.0775038e-09,0.0614864308451579,0.06877325,0.15475002,0.104,0.16149516,0.09244494,9.093638,0.16743588,0.035315998,0.11810941,0.8816388,-0.06938037,0.7444792,0.38954127,1.0380683,18.0,0.75550634,,,,,,,,,,,,,,,,,,,,,,,,
FAILED_SETUP,,,,,,,2025-05-09,5876.0,上海商銀,金融保險,0.660752688172043,SECTOR_WEAK,-0.04561905,-0.046560865,0.033753283,0.0614864308451579,0.026595725,0.22555299,0.028,-0.034824178,0.11636304,2.694375,0.020682655,0.0009435231,0.030452961,0.86949927,-0.062763944,1.0,0.77175814,2.211459,48.0,-0.0075948066,,,,,,,,,,,,,,,,,,,,,,,,
FAILED_SETUP,,,,,,,2025-05-09,6148.0,驊宏資,資訊服務業,0.7301075268817205,STOCK_SPECIFIC,-0.2613617,-0.2751773,0.04822694,0.0614864308451579,0.15942028,0.9970961,0.032,-0.041202992,0.90939206,3.0277464,3.8261154,1.0,0.21741097,0.9939302,0.19953725,0.8197767,0.3806819,3.101282,59.0,0.5291518,,,,,,,,,,,,,,,,,,,,,,,,
FAILED_SETUP,,,,,,,2025-05-16,4572.0,駐龍,電機機械,0.6736363636363636,STOCK_SPECIFIC,-0.13672,-0.13866666,0.021333337,0.0506945092950466,0.05851064,0.24540848,0.004,-0.10763656,0.18189438,3.3541121,0.13097352,0.0179067,0.04496366,0.84626865,0.077521026,0.8580858,1.2045711,2.5655763,68.0,0.28135487,,,,,,,,,,,,,,,,,,,,,,,,
FAILED_SETUP,,,,,,,2025-05-16,8222.0,寶一,電機機械,0.74,STOCK_SPECIFIC,-0.18844828,-0.26913318,0.004702182,0.0506945092950466,0.08934169,0.64934224,0.032,-0.060723778,0.47910017,3.2061334,0.020749884,0.00391028,0.22692563,0.9641791,0.076614946,0.5772152,0.21395841,3.4957778,37.0,-0.214601,,,,,,,,,,,,,,,,,,,,,,,,
FAILED_SETUP,,,,,,,2025-05-16,6148.0,驊宏資,資訊服務業,0.7645454545454545,SECTOR_WEAK,-0.16219828,-0.2658046,0.028735636,0.0506945092950466,0.14942528,0.9944239,0.052,0.03612705,0.8548122,2.4240184,0.9212507,0.14942528,0.25463256,0.9955224,-0.013339908,0.61141807,0.24114315,3.5879102,64.0,0.49672163,,,,,,,,,,,,,,,,,,,,,,,,
FAILED_SETUP,,,,,,,2025-05-16,4728.0,雙美,生技醫療業,0.7172727272727273,SECTOR_WEAK,-0.076000005,-0.092857145,0.029761905,0.0506945092950466,0.18160377,0.5713531,0.028,-0.0026667172,0.337851,1.3666055,13.157894,1.0,0.053528316,0.958209,-0.09648735,1.272101,0.6660433,1.9191132,42.0,0.13486968,,,,,,,,,,,,,,,,,,,,,,,,
FAILED_SETUP,,,,,,,2025-05-16,4541.0,晟田,其他,0.8336363636363636,SECTOR_WEAK,-0.16486032,-0.22788803,0.020484176,0.0506945092950466,0.09124767,0.63088304,0.008,0.046044257,0.42768523,2.9266112,0.55348474,0.09124767,0.07653029,0.96716416,-0.08521967,0.7537608,0.5187499,2.831956,103.0,0.6597131,,,,,,,,,,,,,,,,,,,,,,,,
FAILED_SETUP,,,,,,,2025-05-16,3147.0,大綜,資訊服務業,0.6872727272727273,SECTOR_WEAK,-0.1577612,-0.22814499,0.0063965884,0.0506945092950466,0.28936172,0.43562937,0.02,0.02003906,0.3419114,2.0350883,1.8341755,0.28936172,0.026507096,0.9716418,-0.0143041,0.93426573,,1.5196463,25.0,0.84424514,,,,,,,,,,,,,,,,,,,,,,,,
FAILED_SETUP,,,,,,,2025-05-16,3596.0,智易,通信網路業,0.6322727272727273,SECTOR_WEAK,-0.052269664,-0.12436815,0.011235952,0.0506945092950466,0.12694877,0.25238165,0.072,-0.0051644132,0.1917401,1.3345902,1.4487147,0.075723834,0.11354248,0.8507463,-0.07037571,0.74038464,0.36305338,1.1284152,101.0,0.2967272,,,,,,,,,,,,,,,,,,,,,,,,
FAILED_SETUP,,,,,,,2025-05-16,2753.0,八方雲集,觀光餐旅,0.6681818181818182,STOCK_SPECIFIC,-0.075649865,-0.07754846,0.12561052,0.0506945092950466,0.047368422,0.26260313,0.012,-0.15296152,0.18544047,2.0688083,0.20871778,0.015789472,0.062096473,0.89402986,0.050457817,0.951049,1.0762581,2.0782382,49.0,0.33312407,,,,,,,,,,,,,,,,,,,,,,,,
FAILED_SETUP,,,,,,,2025-05-16,2547.0,日勝生,建材營造,0.7318181818181817,SECTOR_WEAK,-0.11760871,-0.13405797,0.039855063,0.0506945092950466,0.0729927,0.31411165,0.036,0.02395521,0.21433306,2.84025,0.62064,0.07299267,0.09329283,0.9447761,-0.07048197,1.462963,0.81428224,1.8579173,59.0,0.6564229,,,,,,,,,,,,,,,,,,,,,,,,
FAILED_SETUP,,,,,,,2025-05-16,4532.0,瑞智,電機機械,0.7804545454545455,STOCK_SPECIFIC,-0.18870606,-0.25718847,0.019169329,0.0506945092950466,0.022364218,0.28292435,0.0,0.008951205,0.1974365,5.300705,5.2992473,1.0,0.0,0.8641791,0.07469631,0.73051226,1.7358613,3.0016148,23.0,0.73546004,,,,,,,,,,,,,,,,,,,,,,,,
FAILED_SETUP,,,,,,,2025-05-23,5314.0,世紀*,半導體業,0.6671428571428571,STOCK_SPECIFIC,-0.14051448,-0.27652737,0.19774917,0.0837640348486319,0.33279994,0.57830083,0.056,0.009733836,0.6486203,2.2785847,0.8540045,0.11999999,0.4488338,1.0,0.0027877574,0.85365856,1.6914432,1.0344687,37.0,0.37501213,,,,,,,,,,,,,,,,,,,,,,,,
FAILED_SETUP,,,,,,,2025-05-23,6752.0,叡揚,資訊服務業,0.7136799719887955,SECTOR_WEAK,-0.11077844,-0.14371258,0.005988024,0.0837640348486319,0.24024023,0.2525595,0.032,0.110161334,0.23047838,1.6602564,9.027027,1.0,0.29851368,0.9147059,-0.09674053,0.7983871,0.32931697,1.5532093,30.0,0.8690311,,,,,,,,,,,,,,,,,,,,,,,,
FAILED_SETUP,,,,,,,2025-05-23,6670.0,復盛應用,運動休閒,0.780672268907563,SECTOR_WEAK,-0.14110811,-0.21647258,0.010810811,0.0837640348486319,0.03508772,0.19078489,0.012,0.15224214,0.14767884,3.90877,0.02869134,0.004048581,0.027644642,0.8573529,-0.09320522,1.161512,0.6227878,2.4363275,22.0,0.6947573,,,,,,,,,,,,,,,,,,,,,,,,
FAILED_SETUP,,,,,,,2025-05-23,8072.0,陞泰,電子通路業,0.8830602240896359,SECTOR_WEAK,-0.18082353,-0.18587354,0.07843137,0.0837640348486319,0.05631068,1.1919441,0.0,0.075202756,0.7196665,2.577006,0.22550553,0.040776707,0.0,0.9823529,-0.038509935,0.9564165,2.535314,4.270326,33.0,0.39750934,,,,,,,,,,,,,,,,,,,,,,,,
FAILED_SETUP,,,,,,,2025-05-23,6516.0,勤崴國際,資訊服務業,0.7391141456582633,SECTOR_WEAK,-0.16037974,-0.2100662,0.006904488,0.0837640348486319,0.11757858,0.19169621,0.032,0.13063973,0.17728215,3.653895,0.44563589,0.07147097,0.25090316,0.875,-0.08764905,1.0798259,0.58370405,2.0995631,28.0,0.58950585,,,,,,,,,,,,,,,,,,,,,,,,
FAILED_SETUP,,,,,,,2025-05-23,6148.0,驊宏資,資訊服務業,0.708077731092437,SECTOR_WEAK,-0.062721886,-0.28846154,0.0,0.0837640348486319,0.18343195,0.91263694,0.068,-0.020741047,0.73879766,1.0714802,2.9245286,0.18343195,0.31596428,0.9970588,-0.08787079,0.8836713,0.39877862,3.1168668,69.0,0.66387945,,,,,,,,,,,,,,,,,,,,,,,,
FAILED_SETUP,,,,,,,2025-05-23,6140.0,訊達,資訊服務業,0.7624754901960784,SECTOR_WEAK,-0.11588236,-0.16363637,0.018181821,0.0837640348486319,0.11016045,0.43119255,0.04,0.016477741,0.47420534,1.8231972,0.4522382,0.05240643,0.26101005,0.9867647,-0.0914716,0.95886075,0.3495822,2.3927884,61.0,1.3464724,,,,,,,,,,,,,,,,,,,,,,,,
FAILED_SETUP,,,,,,,2025-05-23,4728.0,雙美,生技醫療業,0.6638340336134455,SECTOR_WEAK,-0.04898568,-0.10978521,0.03221957,0.0837640348486319,0.19570406,0.58349067,0.032,-0.090866916,0.30163562,1.0135802,3.995128,0.19570406,0.058209863,0.9529412,-0.039447647,0.69239765,0.48480967,1.4629629,47.0,0.2057743,,,,,,,,,,,,,,,,,,,,,,,,
FAILED_SETUP,,,,,,,2025-05-23,2547.0,日勝生,建材營造,0.753109243697479,SECTOR_WEAK,-0.12314287,-0.15293804,0.021428572,0.0837640348486319,0.050000027,0.37610844,0.036,0.015374108,0.22681008,3.2838092,0.40603244,0.049999997,0.08421001,0.9397059,-0.037459098,0.6502463,0.41442862,2.1206346,64.0,0.5761183,,,,,,,,,,,,,,,,,,,,,,,,
FAILED_SETUP,,,,,,,2025-05-23,3528.0,安馳,電子通路業,0.8537675070028012,SECTOR_WEAK,-0.16424309,-0.1878453,0.011049729,0.0837640348486319,0.09977827,0.85820824,0.036,0.14739837,0.47699362,2.4655921,0.12150071,0.019955652,0.36549628,0.975,-0.04334414,0.6216216,0.3400156,2.4215243,74.0,1.0995858,,,,,,,,,,,,,,,,,,,,,,,,
FAILED_SETUP,,,,,,,2025-05-23,3434.0,哲固,光電業,0.6531862745098039,STOCK_SPECIFIC,-0.10963259,-0.30910543,0.0063897762,0.0837640348486319,0.2683706,1.3139241,0.036,-0.11765943,0.6917538,1.2879624,1.7922193,0.19648564,0.3066952,0.98970586,0.0013107518,0.72021186,2.410103,2.394638,47.0,0.22602974,,,,,,,,,,,,,,,,,,,,,,,,
FAILED_SETUP,,,,,,,2025-05-23,3027.0,盛達,電子工業,0.6425350140056022,SECTOR_WEAK,-0.21897097,-0.2348285,0.035620052,0.0837640348486319,0.20691769,0.32524037,0.22,0.1799463,0.19256018,4.069562,0.113721475,0.024901703,0.5406851,0.7676471,-0.011324156,0.98791945,0.34384632,3.083596,2.0,1.1628883,,,,,,,,,,,,,,,,,,,,,,,,
FAILED_SETUP,,,,,,,2025-05-23,2832.0,台產,金融保險,0.6789355742296919,SECTOR_WEAK,-0.06831896,-0.09448701,0.028735641,0.0837640348486319,0.050287325,0.2713276,0.036,-0.018625978,0.1382965,3.4671872,0.23133521,0.015804581,0.101152994,0.85294116,-0.04159367,0.6835442,0.28868434,2.214237,82.0,0.40658924,,,,,,,,,,,,,,,,,,,,,,,,
FAILED_SETUP,,,,,,,2025-05-23,2753.0,八方雲集,觀光餐旅,0.7203466386554622,STOCK_SPECIFIC,-0.11025316,-0.11958423,0.07431687,0.0837640348486319,0.02020202,0.3647954,0.004,-0.11617982,0.22289084,3.0949237,0.4266159,0.047035754,0.0052921944,0.9073529,0.11074587,0.86153847,0.34398407,2.718274,54.0,0.24384564,,,,,,,,,,,,,,,,,,,,,,,,
FAILED_SETUP,,,,,,,2025-05-23,2468.0,華經,電子工業,0.6243802521008404,SECTOR_WEAK,-0.033466667,-0.11407407,0.057777774,0.0837640348486319,0.28464976,0.8547219,0.04,-0.19883372,0.7213956,0.58029354,8.505471,0.28464976,0.11851524,0.99852943,-0.009649919,0.7675569,0.40572447,2.3812845,72.0,0.7134937,,,,,,,,,,,,,,,,,,,,,,,,
FAILED_SETUP,,,,,,,2025-05-23,1319.0,東陽,汽車工業,0.717671568627451,SECTOR_WEAK,-0.12040892,-0.2747739,0.0111524165,0.0837640348486319,0.052044615,0.316145,0.024,0.011023898,0.14364265,4.085225,0.24698983,0.029739778,0.026517918,0.84705883,-0.08798771,0.86187845,0.4795394,1.7636635,60.0,0.53771716,,,,,,,,,,,,,,,,,,,,,,,,
FAILED_SETUP,,,,,,,2025-05-23,4532.0,瑞智,電機機械,0.6568312324929971,STOCK_SPECIFIC,-0.10769736,-0.23519737,0.0032894737,0.0837640348486319,0.052631546,0.26315212,0.044,-0.053659465,0.15453893,3.1502402,9.285279,1.0,0.061963603,0.8367647,0.068006225,0.8744187,0.37981784,1.9853983,28.0,0.7291054,,,,,,,,,,,,,,,,,,,,,,,,
FAILED_SETUP,,,,,,,2025-05-29,6114.0,久威,電子零組件業,0.8181849802371541,STOCK_SPECIFIC,-0.19396347,-0.21589687,0.05263159,0.1124459653063816,0.16666667,0.28936452,0.028,0.16356774,0.263315,2.627983,0.08701455,0.016877644,0.25670278,0.9443631,0.043781605,0.9704142,0.7218525,2.2959805,9.0,1.1901248,,,,,,,,,,,,,,,,,,,,,,,,
FAILED_SETUP,,,,,,,2025-05-29,6148.0,驊宏資,資訊服務業,0.6426181818181819,SECTOR_WEAK,-0.019966455,-0.22986577,0.09731544,0.1124459653063816,0.3536379,0.6987273,0.028,-0.094435014,0.4851125,0.32349533,0.5133049,0.010248878,0.18770036,0.9912152,-0.12930891,0.88395065,0.19588068,0.6154957,73.0,0.48324886,,,,,,,,,,,,,,,,,,,,,,,,
FAILED_SETUP,,,,,,,2025-05-29,6165.0,浪凡,電子零組件業,0.7431747035573123,STOCK_SPECIFIC,-0.12280612,-0.124149665,0.09183673,0.1124459653063816,0.06598985,0.45051658,0.044,-0.051097393,0.23588456,2.6815383,0.5373499,0.06598985,0.1420511,0.87847733,0.04400218,0.73495936,0.449526,2.8792222,34.0,0.75569534,,,,,,,,,,,,,,,,,,,,,,,,
FAILED_SETUP,,,,,,,2025-05-29,6516.0,勤崴國際,資訊服務業,0.7407430830039525,SECTOR_WEAK,-0.08097206,-0.16591437,0.05346294,0.1124459653063816,0.15662652,0.19192281,0.04,0.16513304,0.13177702,1.756987,0.14879458,0.0120482035,0.35635197,0.885798,-0.13513328,0.7283407,0.36511093,1.2092905,32.0,0.55450404,,,,,,,,,,,,,,,,,,,,,,,,
FAILED_SETUP,,,,,,,2025-05-29,8114.0,振樺電,電腦及週邊設備業,0.6378339920948616,STOCK_SPECIFIC,-0.19212264,-0.19427514,0.011006292,0.1124459653063816,0.18266253,0.15691938,0.124,0.2012704,0.10322999,4.846062,0.3545207,0.06811146,0.2008261,0.715959,0.007949911,0.9385475,1.1559471,3.2977335,13.0,1.0152178,,,,,,,,,,,,,,,,,,,,,,,,
FAILED_SETUP,,,,,,,2025-05-29,6757.0,台灣虎航,航運業,0.765391304347826,STOCK_SPECIFIC,-0.15054923,-0.1658031,0.017616581,0.1124459653063816,0.13305613,0.22364452,0.028,0.101462945,0.16721131,4.654279,0.24857016,0.037422046,0.15431987,0.8740849,0.009630111,0.46673936,1.1561552,1.994813,256.0,0.33932132,,,,,,,,,,,,,,,,,,,,,,,,
FAILED_SETUP,,,,,,,2025-05-29,8072.0,陞泰,電子通路業,0.6919272727272727,SECTOR_WEAK,-0.091782615,-0.12513731,0.19565217,0.1124459653063816,0.19037198,0.9429892,0.068,-0.061015476,0.4969537,1.2891604,1.8834342,0.17286651,0.66445154,0.9795022,-0.053622846,0.8968363,0.36668646,2.427481,37.0,0.4733291,,,,,,,,,,,,,,,,,,,,,,,,
FAILED_SETUP,,,,,,,2025-05-29,4933.0,友輝,光電業,0.7287494071146245,SECTOR_WEAK,-0.12681764,-0.13110848,0.014302742,0.1124459653063816,0.02619048,0.20628335,0.02,-0.018593453,0.1455691,5.2266665,0.02816195,0.003571432,0.06431992,0.8916545,-0.004433067,0.81415933,0.5392945,2.4766083,26.0,0.96335644,,,,,,,,,,,,,,,,,,,,,,,,
FAILED_SETUP,,,,,,,2025-05-29,6752.0,叡揚,資訊服務業,0.6505075098814229,SECTOR_WEAK,-0.03422018,-0.14984709,0.009174315,0.1124459653063816,0.26299694,0.31296274,0.048,-0.024302928,0.1967866,0.60957193,7.6854343,0.26299694,0.19410816,0.94143486,-0.13477421,0.61538464,0.15259454,1.3729504,34.0,0.75300497,,,,,,,,,,,,,,,,,,,,,,,,
FAILED_SETUP,,,,,,,2025-05-29,4931.0,新盛力,電腦及週邊設備業,0.6268711462450594,STOP_TOO_TIGHT,-0.025357991,-0.09307876,0.43735743,0.1124459653063816,0.16804734,0.28524595,0.124,-0.048455868,0.24744114,0.5509259,5.3669343,0.13609467,0.34858632,0.96046853,0.012788683,1.0331125,0.30369616,0.5587037,182.0,1.3326397,,,,,,,,,,,,,,,,,,,,,,,,
FAILED_SETUP,,,,,,,2025-05-29,5490.0,同亨,電腦及週邊設備業,0.7509407114624506,STOCK_SPECIFIC,-0.12886515,-0.13980265,0.026539216,0.1124459653063816,0.25000003,0.33438483,0.048,0.116693996,0.2368028,2.0464556,0.17410383,0.022435915,0.2776708,0.8374817,0.010156608,1.3467337,0.99838173,3.086878,8.0,0.9472371,,,,,,,,,,,,,,,,,,,,,,,,
FAILED_SETUP,,,,,,,2025-05-29,3570.0,大塚,資訊服務業,0.7165438735177865,SECTOR_WEAK,-0.0077601825,-0.11764706,0.0067873276,0.1124459653063816,0.2527964,0.333481,0.06,0.07228118,0.2268311,0.14040938,32.57609,0.2527964,0.2695739,0.9019034,-0.14049377,0.60245186,0.2750128,1.7240741,35.0,0.31117868,,,,,,,,,,,,,,,,,,,,,,,,
FAILED_SETUP,,,,,,,2025-05-29,1319.0,東陽,汽車工業,0.6288221343873518,SECTOR_WEAK,-0.089961536,-0.24966991,0.034615386,0.1124459653063816,0.0842912,0.2096855,0.116,0.018372882,0.102661595,3.00422,0.6814321,0.061302684,0.13649528,0.81112736,-0.08094499,0.8505747,1.4862002,0.46452585,64.0,0.6813115,,,,,,,,,,,,,,,,,,,,,,,,
FAILED_SETUP,,,,,,,2025-05-29,2535.0,達欣工,建材營造,0.8073391304347826,SECTOR_WEAK,-0.10116318,-0.10985461,0.004846513,0.1124459653063816,0.04213938,0.2210276,0.012,0.061504196,0.18091908,3.8620272,9.885019,1.0,0.02345006,0.9136164,-0.018606957,1.1704545,0.97285223,3.1540558,35.0,0.37381056,,,,,,,,,,,,,,,,,,,,,,,,
FAILED_SETUP,,,,,,,2025-05-29,2547.0,日勝生,建材營造,0.7423083003952569,SECTOR_WEAK,-0.064999975,-0.13322599,0.00740738,0.1124459653063816,0.08088237,0.31132028,0.08,0.04231041,0.18145317,1.6944818,1.2443442,0.08088234,0.15105578,0.8535871,-0.017912868,0.7961164,0.39274156,1.0427591,68.0,0.64977264,,,,,,,,,,,,,,,,,,,,,,,,
FAILED_SETUP,,,,,,,2025-05-29,2753.0,八方雲集,觀光餐旅,0.7825612648221344,STOCK_SPECIFIC,-0.080534354,-0.115103744,0.079784125,0.1124459653063816,0.02020202,0.319891,0.008,-0.03668962,0.21374223,2.6375,0.5840458,0.047035754,0.009174688,0.93557835,0.06665358,0.80898875,0.46602672,2.8013887,58.0,0.2646552,,,,,,,,,,,,,,,,,,,,,,,,
FAILED_SETUP,,,,,,,2025-05-29,2439.0,美律,電子工業,0.6282750988142292,SECTOR_WEAK,-0.12832668,-0.15537848,0.01992032,0.1124459653063816,0.1318983,0.18275945,0.192,0.080885984,0.12535806,4.848817,0.12320336,0.01581028,0.28610095,0.8345534,-0.016384512,1.1014493,2.6787567,2.4196413,0.0,0.9185219,,,,,,,,,,,,,,,,,,,,,,,,
FAILED_SETUP,,,,,,,2025-05-29,3027.0,盛達,電子工業,0.6942608695652174,SECTOR_WEAK,-0.17952941,-0.26928106,0.026143791,0.1124459653063816,0.20219086,0.35165307,0.22,0.18665871,0.19576642,3.349756,0.11634711,0.020887729,0.516461,0.6676428,-0.016026264,0.7379135,0.3694619,2.9085367,6.0,1.15259,,,,,,,,,,,,,,,,,,,,,,,,
FAILED_SETUP,,,,,,,2025-05-29,3528.0,安馳,電子通路業,0.6705359683794466,SECTOR_WEAK,-0.05841076,-0.10146699,0.118581906,0.1124459653063816,0.20242423,0.65908086,0.08,-0.060413472,0.33128932,1.0043844,1.9714091,0.1151515,0.5752984,0.97218156,-0.05384711,0.6938776,0.21287838,1.0118119,78.0,1.2829663,,,,,,,,,,,,,,,,,,,,,,,,
FAILED_SETUP,,,,,,,2025-05-29,4303.0,信立,塑膠工業,0.7512822134387351,SECTOR_WEAK,-0.047311556,-0.1017588,0.1482412,0.1124459653063816,0.18238212,0.39712378,0.088,0.06323853,0.32081348,0.9074698,3.1730947,0.15012406,0.28838328,0.9751098,-0.0449704,0.9240247,0.3430808,0.9421687,90.0,0.9321762,,,,,,,,,,,,,,,,,,,,,,,,
FAILED_SETUP,,,,,,,2025-05-29,2832.0,台產,金融保險,0.6633612648221344,SECTOR_WEAK,-0.02862517,-0.087934814,0.002894366,0.1124459653063816,0.057887107,0.24577358,0.092,-0.0033062578,0.12299291,1.4808551,0.8088982,0.02315485,0.17998333,0.8696925,-0.044372644,0.7648903,0.40695617,1.3850268,86.0,0.45545995,,,,,,,,,,,,,,,,,,,,,,,,
FAILED_SETUP,,,,,,,2025-06-06,5312.0,寶島科,生技醫療業,0.8200613588745884,SECTOR_WEAK,-0.15055557,-0.1716848,0.024691358,0.0754505791341004,0.0754717,0.18371117,0.028,0.10439593,0.27162698,4.6143246,6.642066,1.0,0.05867653,0.95230997,-0.035106372,0.6041666,0.24494813,3.6828828,201.0,0.6345244,,,,,,,,,,,,,,,,,,,,,,,,
FAILED_SETUP,,,,,,,2025-06-06,9907.0,統一實,其他,0.7061972463334332,SECTOR_WEAK,-0.017443608,-0.0729736,0.017543871,0.0754505791341004,0.07788949,0.16522479,0.08,0.003405511,0.18234208,0.77952003,4.465216,0.07788949,0.26737887,0.8941878,-0.07507484,0.7184467,0.22831835,2.9810658,40.0,0.4449777,,,,,,,,,,,,,,,,,,,,,,,,
FAILED_SETUP,,,,,,,2025-06-06,8072.0,陞泰,電子通路業,0.8522253816222687,SECTOR_WEAK,-0.16942346,-0.23647834,0.083499,0.0754505791341004,0.1077543,0.8614489,0.032,0.059949744,0.5872593,2.5411716,0.4695743,0.079556905,0.32061267,0.9850969,-0.06019498,0.9235569,0.33535907,2.9749377,42.0,0.44495952,,,,,,,,,,,,,,,,,,,,,,,,
FAILED_SETUP,,,,,,,2025-06-06,6516.0,勤崴國際,資訊服務業,0.6695495360670457,SECTOR_WEAK,-0.04320497,-0.15492332,0.05953723,0.0754505791341004,0.1851852,0.070002206,0.052,0.13122489,0.09806686,1.0748786,0.10110061,0.0043680486,0.36519063,0.8703428,-0.16029377,0.93758667,0.4271847,0.6912436,37.0,0.49070755,,,,,,,,,,,,,,,,,,,,,,,,
FAILED_SETUP,,,,,,,2025-06-06,6148.0,驊宏資,資訊服務業,0.6651466626758455,SECTOR_WEAK,-0.044420525,-0.2615894,0.043046355,0.0754505791341004,0.3114754,0.6170026,0.056,-0.054109577,0.4906941,0.72935915,7.01197,0.3114754,0.28074387,0.9925484,-0.15889646,0.9133425,0.35246032,0.59071696,78.0,0.30504894,,,,,,,,,,,,,,,,,,,,,,,,
FAILED_SETUP,,,,,,,2025-06-06,6140.0,訊達,資訊服務業,0.6594941634241246,SECTOR_WEAK,-0.029411754,-0.041666668,0.16666669,0.0754505791341004,0.2720588,0.20807572,0.068,0.0040406114,0.24630894,0.503748,7.000002,0.20588234,0.36882204,0.97913563,-0.1636891,0.708,0.18880796,-0.012243694,70.0,1.1865929,,,,,,,,,,,,,,,,,,,,,,,,
FAILED_SETUP,,,,,,,2025-06-06,5876.0,上海商銀,金融保險,0.6694896737503742,SECTOR_WEAK,-0.04905118,-0.056135077,0.04146787,0.0754505791341004,0.027689032,0.115944654,0.052,-0.0071342895,0.09006902,2.3681622,0.040967643,0.0020095112,0.048959672,0.8539493,-0.03101731,0.91191715,0.34159032,0.8990191,67.0,-0.06422199,,,,,,,,,,,,,,,,,,,,,,,,
FAILED_SETUP,,,,,,,2025-06-06,4949.0,有成精密,光電業,0.7345480395091291,SECTOR_WEAK,-0.1515643,-0.18042226,0.19769675,0.0754505791341004,0.2620424,0.88433224,0.044,-0.011207378,0.655158,2.0378065,1.117254,0.16933581,0.5041468,0.9895678,-0.0020546194,0.8126287,0.24675217,2.056347,52.0,0.3596514,,,,,,,,,,,,,,,,,,,,,,,,
FAILED_SETUP,,,,,,,2025-06-06,8088.0,品安,半導體業,0.8365624064651301,STOCK_SPECIFIC,-0.17321621,-0.1965645,0.09594595,0.0754505791341004,0.16734573,0.4964765,0.028,0.094690785,0.45323268,3.026172,0.14080806,0.02439024,0.02838213,0.976155,0.0040488415,1.0635295,3.395916,2.7649803,21.0,1.1525513,,,,,,,,,,,,,,,,,,,,,,,,
FAILED_SETUP,,,,,,,2025-06-06,3528.0,安馳,電子通路業,0.6383058964381921,SECTOR_WEAK,-0.042282615,-0.11231884,0.10507245,0.0754505791341004,0.20534629,0.39250186,0.096,-0.10479547,0.30525804,0.8598948,2.787469,0.11786147,0.5842188,0.96870345,-0.048166,0.8024819,0.11629896,0.6189474,83.0,1.2483824,,,,,,,,,,,,,,,,,,,,,,,,
FAILED_SETUP,,,,,,,2025-06-06,3339.0,泰谷,光電業,0.6704968572283747,SECTOR_WEAK,-0.19206896,-0.26666668,0.0,0.0754505791341004,0.22988506,0.31035754,0.2,0.080682695,0.21442796,4.15524,0.17953321,0.03448276,0.46756184,0.6915052,-0.0066633765,1.4765841,8.160424,4.6310244,0.0,0.72956175,,,,,,,,,,,,,,,,,,,,,,,,
FAILED_SETUP,,,,,,,2025-06-06,2645.0,長榮航太,航運業,0.7424498653097875,SECTOR_WEAK,-0.07977974,-0.09586784,0.1600881,0.0754505791341004,0.048888896,0.13839231,0.044,0.066278905,0.11817169,2.668842,0.02634887,0.0021021059,0.1518327,0.85543966,-0.054313544,0.79452056,0.23117568,2.2625964,25.0,0.50686795,,,,,,,,,,,,,,,,,,,,,,,,
FAILED_SETUP,,,,,,,2025-06-06,2597.0,潤弘,建材營造,0.6503831188266986,SECTOR_WEAK,-0.07221311,-0.073128626,0.11224566,0.0754505791341004,0.0879121,0.07779305,0.092,0.03746362,0.11889831,3.7375755,0.41848058,0.030219786,0.09156145,0.8882265,-0.04285762,0.8266667,0.9204293,1.272727,40.0,0.46643063,,,,,,,,,,,,,,,,,,,,,,,,
FAILED_SETUP,,,,,,,2025-06-06,2535.0,達欣工,建材營造,0.7755357677342113,SECTOR_WEAK,-0.08676898,-0.109854594,0.0048465244,0.0754505791341004,0.043831185,0.12631808,0.02,0.0626181,0.16806944,3.356875,11.524857,1.0,0.04141461,0.9150522,-0.043832727,0.87542087,0.6982211,2.8711433,40.0,0.3940017,,,,,,,,,,,,,,,,,,,,,,,,
FAILED_SETUP,,,,,,,2025-06-06,2480.0,敦陽科,電子工業,0.6427626459143969,SECTOR_WEAK,-0.03741539,-0.052307695,0.114388235,0.0754505791341004,0.07453416,0.12243537,0.076,-0.027780818,0.12532327,1.5065489,0.58102095,0.021739125,0.08519054,0.90462,-0.02035453,0.94871795,0.566423,3.0870206,31.0,0.60119694,,,,,,,,,,,,,,,,,,,,,,,,
FAILED_SETUP,,,,,,,2025-06-06,1210.0,大成,食品工業,0.6292023346303501,SECTOR_WEAK,-0.029443543,-0.02945991,0.094926335,0.0754505791341004,0.090163946,0.13938972,0.084,-0.018019184,0.097819954,1.2530352,0.2931004,0.008629913,0.25125423,0.8077496,-0.0634794,0.8934708,0.26094434,0.87529,40.0,-0.0022754353,,,,,,,,,,,,,,,,,,,,,,,,
FAILED_SETUP,,,,,,,2025-06-06,4303.0,信立,塑膠工業,0.6247725231966477,SECTOR_WEAK,-0.028869132,-0.09148667,0.1613723,0.0754505791341004,0.22336328,0.26074788,0.08,-0.09915939,0.2554594,0.637435,6.58098,0.18998717,0.30157706,0.9552906,-0.064940244,0.6235138,0.26461312,-0.022445083,95.0,0.9464462,,,,,,,,,,,,,,,,,,,,,,,,
FAILED_SETUP,,,,,,,2025-06-13,8088.0,品安,半導體業,0.6455405078252945,SECTOR_WEAK,-0.113991596,-0.16730773,0.08963586,0.0894044870951795,0.20864695,0.15975131,0.068,-0.035510093,0.37100852,1.8527803,0.06221687,0.0070922007,0.34397066,0.97604793,-0.010521884,0.95471233,0.24525183,1.610569,26.0,1.208097,,,,,,,,,,,,,,,,,,,,,,,,
FAILED_SETUP,,,,,,,2025-06-13,8072.0,陞泰,電子通路業,0.7855029122342319,SECTOR_WEAK,-0.11110639,-0.18286937,0.15957446,0.0894044870951795,0.15789475,0.74443763,0.088,0.079278864,0.48545814,1.8578907,1.1558386,0.12842105,0.6544998,0.98203593,-0.051093478,0.7908869,0.37995422,2.1462514,47.0,0.5571309,,,,,,,,,,,,,,,,,,,,,,,,
FAILED_SETUP,,,,,,,2025-06-13,8059.0,凱碩,通信網路業,0.6661611198929095,SECTOR_WEAK,-0.14612499,-0.21111111,0.076388896,0.0894044870951795,0.26657644,0.0993841,0.084,0.16059834,0.13214202,2.191875,0.2129898,0.031123133,0.34628034,0.72904193,-0.054972917,1.2450879,0.88135046,3.0472224,5.0,1.1816989,,,,,,,,,,,,,,,,,,,,,,,,
FAILED_SETUP,,,,,,,2025-06-13,6658.0,聯策,其他電子業,0.6483089104398969,SECTOR_WEAK,-0.14402731,-0.25938568,0.06825938,0.0894044870951795,0.2443637,0.05407368,0.052,0.04842354,0.1887835,2.391903,1.6966484,0.2443637,0.3206877,0.88023955,-0.0063450304,1.0503927,1.2270015,3.4326427,0.0,1.8296313,,,,,,,,,,,,,,,,,,,,,,,,
FAILED_SETUP,,,,,,,2025-06-13,6591.0,動力-KY,電腦及週邊設備業,0.6761723700887199,SECTOR_WEAK,-0.047412794,-0.07669537,0.1366279,0.0894044870951795,0.22093023,0.25408486,0.04,-0.006367812,0.2541699,0.6706021,0.7449407,0.03531972,0.4089938,0.9191617,-0.027947772,0.6775956,0.5989993,2.3074644,20.0,0.9033483,,,,,,,,,,,,,,,,,,,,,,,,
FAILED_SETUP,,,,,,,2025-06-13,6190.0,萬泰科,通信網路業,0.6236040500704918,SECTOR_WEAK,-0.054494362,-0.05493132,0.27938643,0.0894044870951795,0.1211372,0.020475656,0.096,0.06767568,0.10680409,1.9156733,0.20321283,0.0110739535,0.36223298,0.82185626,-0.056796562,0.9930394,1.1085162,2.4203763,17.0,1.2780616,,,,,,,,,,,,,,,,,,,,,,,,
FAILED_SETUP,,,,,,,2025-06-13,6165.0,浪凡,電子零組件業,0.7291664886572393,STOCK_SPECIFIC,-0.10076401,-0.14832544,0.089983016,0.0894044870951795,0.06598985,0.32774562,0.044,-0.02979685,0.2155325,2.5884736,0.65489507,0.06598985,0.13937683,0.9041916,0.015721116,0.8842105,0.5840773,2.4100206,44.0,0.5696246,,,,,,,,,,,,,,,,,,,,,,,,
FAILED_SETUP,,,,,,,2025-06-13,4949.0,有成精密,光電業,0.8637344953788751,STOCK_SPECIFIC,-0.21624999,-0.24290779,0.10638299,0.0894044870951795,0.17173524,1.0751851,0.04,0.20556776,0.72369653,3.4705486,0.39612675,0.0856624,0.39525968,0.99550897,0.0112966625,0.9859344,0.41835645,2.7398286,57.0,0.38620207,,,,,,,,,,,,,,,,,,,,,,,,
FAILED_SETUP,,,,,,,2025-06-13,3563.0,牧德,電子工業,0.7710912689936059,SECTOR_WEAK,-0.12171875,-0.18213661,0.07180385,0.0894044870951795,0.067708336,0.014624078,0.008,0.09046763,0.32804576,2.8124356,0.2424761,0.029513888,0.025107581,0.91766465,-0.03361257,1.1391305,0.71659756,3.7289877,34.0,1.5740588,,,,,,,,,,,,,,,,,,,,,,,,
FAILED_SETUP,,,,,,,2025-06-13,3379.0,彬台,電機機械,0.7156249554976432,SECTOR_WEAK,-0.07245638,-0.11409397,0.07248322,0.0894044870951795,0.13112582,0.068864755,0.052,0.027189916,0.4231678,1.1212465,0.95056033,0.068874165,0.23563021,0.98952097,-0.032251053,0.7811159,0.20535947,2.381627,45.0,1.9194382,,,,,,,,,,,,,,,,,,,,,,,,
FAILED_SETUP,,,,,,,2025-06-13,3004.0,豐達科,鋼鐵工業,0.817291123737913,SECTOR_WEAK,-0.090581395,-0.09689922,0.124031015,0.0894044870951795,0.23773585,0.3857945,0.028,0.23649645,0.33583426,1.2681395,2.624555,0.23773585,0.49246144,0.9520958,-0.04772163,0.75067025,0.65997744,2.3408532,25.0,0.4104293,,,,,,,,,,,,,,,,,,,,,,,,
FAILED_SETUP,,,,,,,2025-06-13,2745.0,五福,觀光餐旅,0.859606100739095,TOO_EXTENDED,-0.14516605,-0.16974169,0.1402214,0.0894044870951795,0.051660515,0.3221181,0.0,0.07634193,0.2759506,3.5305128,0.15251656,0.022140225,0.0,0.9161677,0.00062936585,1.1574467,1.2850277,4.749231,26.0,0.9196967,,,,,,,,,,,,,,,,,,,,,,,,
FAILED_SETUP,,,,,,,2025-06-13,2743.0,山富,觀光餐旅,0.7002762706312926,SECTOR_WEAK,-0.088374995,-0.112500004,0.108333334,0.0894044870951795,0.3247934,0.2865914,0.06,0.10095303,0.21283804,1.7780837,0.21230093,0.018762093,0.28845936,0.88922155,-0.00151631,0.81481487,0.734322,3.3116567,14.0,1.1640897,,,,,,,,,,,,,,,,,,,,,,,,
FAILED_SETUP,,,,,,,2025-06-13,2615.0,萬海,航運業,0.637366314920038,SECTOR_WEAK,-0.034504946,-0.10955372,0.039603963,0.0894044870951795,0.32178217,0.21694922,0.052,0.03844955,0.15834545,0.58431137,2.2955525,0.07920792,0.14652626,0.8592814,-0.05422019,0.7218045,0.33725113,1.5103793,28.0,1.0411084,,,,,,,,,,,,,,,,,,,,,,,,
FAILED_SETUP,,,,,,,2025-06-13,2468.0,華經,電子工業,0.6769086170803607,SECTOR_WEAK,-0.11108108,-0.21321322,0.07207206,0.0894044870951795,0.27893174,0.5858082,0.044,-0.049657118,0.5787378,2.1399171,2.5110643,0.27893174,0.11566217,0.99850297,-0.03259551,0.9814551,4.7845316,1.1560607,86.0,0.30007958,,,,,,,,,,,,,,,,,,,,,,,,
FAILED_SETUP,,,,,,,2025-06-13,2408.0,南亞科,電子工業,0.7167542473049372,SECTOR_WEAK,-0.25296703,-0.26373625,0.12637363,0.0894044870951795,0.40934578,0.23827314,0.064,0.19969438,0.45216015,4.6149883,0.18204981,0.0460526,0.03927377,0.9685629,-0.034449566,1.0858725,0.84053415,4.168258,4.0,1.0286762,,,,,,,,,,,,,,,,,,,,,,,,
FAILED_SETUP,,,,,,,2025-06-13,4946.0,辣椒,文化創意業,0.6711966505746144,SECTOR_WEAK,-0.06083784,-0.3189189,0.072972976,0.0894044870951795,0.5121951,1.0985506,0.048,0.00740072,0.9385031,0.71949774,1.5760264,0.09588204,0.18823466,1.0,-0.036540344,0.9037901,1.6376917,1.5110198,71.0,0.24124302,,,,,,,,,,,,,,,,,,,,,,,,
FAILED_SETUP,,,,,,,2025-06-20,5251.0,天鉞電,光電業,0.9644524361146652,SECTOR_WEAK,-0.2872,-0.288,0.0352,0.1197523285916364,-1.110223e-16,1.4639065,0.0,0.17751618,0.85422,4.6365314,3.4818943,1.0,0.0,0.9955157,-0.016860573,1.1315789,1.9891604,4.099908,43.0,0.4526122,,,,,,,,,,,,,,,,,,,,,,,,
FAILED_SETUP,,,,,,,2025-06-20,8072.0,陞泰,電子通路業,0.7302137003354197,SECTOR_WEAK,-0.08853862,-0.19822256,0.13778706,0.1197523285916364,0.13989638,0.71758074,0.092,-0.006381836,0.476393,1.4463823,1.2523444,0.11088084,0.5664388,0.9790732,-0.057354975,1.0801687,1.5721284,1.7325212,52.0,0.85577464,,,,,,,,,,,,,,,,,,,,,,,,
FAILED_SETUP,,,,,,,2025-06-20,6873.0,泓德能源,綠能環保,0.6232597945987066,SECTOR_WEAK,-0.07518519,-0.19161081,0.028806586,0.1197523285916364,0.23158917,0.15184337,0.124,0.020907432,0.16599132,1.7224243,0.08126573,0.0061099795,0.22945678,0.83557546,-0.019529345,1.443609,1.3352286,2.7226608,5.0,0.39064577,,,,,,,,,,,,,,,,,,,,,,,,
FAILED_SETUP,,,,,,,2025-06-20,6658.0,聯策,其他電子業,0.6854801341678481,SECTOR_WEAK,-0.116901405,-0.24413145,0.10211267,0.1197523285916364,0.26743418,0.14116052,0.048,0.059900254,0.17287397,2.17875,0.014713335,0.0017200095,0.25524867,0.813154,-0.0051446725,0.83196723,1.3345683,3.4738495,0.0,1.7492636,,,,,,,,,,,,,,,,,,,,,,,,
FAILED_SETUP,,,,,,,2025-06-20,8088.0,品安,半導體業,0.7383225561049829,SECTOR_WEAK,-0.11399161,-0.16730775,0.058823537,0.1197523285916364,0.18182538,0.09060458,0.052,0.089347504,0.38122606,2.0347502,0.01589816,0.0018122569,0.2847397,0.97309417,-0.02891368,0.8724672,0.32775536,2.0604167,31.0,1.2400811,,,,,,,,,,,,,,,,,,,,,,,,
FAILED_SETUP,,,,,,,2025-06-20,5876.0,上海商銀,金融保險,0.697375427919361,SECTOR_WEAK,-0.040870987,-0.04801582,0.05042672,0.1197523285916364,0.022245754,0.057836577,0.008,0.013712855,0.083795115,2.5583665,0.15551226,0.0063559394,0.012346706,0.8251121,-0.022459956,0.95906436,1.2006592,0.9939101,77.0,-0.103819594,,,,,,,,,,,,,,,,,,,,,,,,
FAILED_SETUP,,,,,,,2025-06-20,4949.0,有成精密,光電業,0.8357100867941492,SECTOR_WEAK,-0.12948276,-0.2637931,0.025862062,0.1197523285916364,0.12542956,0.6666962,0.032,0.062119137,0.73290807,2.0737672,0.3302233,0.042758223,0.29040146,0.99701047,-0.0134791825,1.088,1.5781852,2.7104847,62.0,0.72807336,,,,,,,,,,,,,,,,,,,,,,,,
FAILED_SETUP,,,,,,,2025-06-20,6165.0,浪凡,電子零組件業,0.6237681109305301,SECTOR_WEAK,-0.06915641,-0.1183896,0.028119521,0.1197523285916364,0.11652174,0.21311156,0.1,-0.07043972,0.17334965,1.4729946,1.3831283,0.095652185,0.2208126,0.8953662,-0.0042314525,1.32,3.4833496,1.0559268,49.0,0.60988826,,,,,,,,,,,,,,,,,,,,,,,,
FAILED_SETUP,,,,,,,2025-06-20,3379.0,彬台,電機機械,0.6929924962827206,SECTOR_WEAK,-0.054692212,-0.09712723,0.093023255,0.1197523285916364,0.14784946,0.049738202,0.084,0.057159334,0.36705232,1.048165,1.5482535,0.08467741,0.27747816,0.9835575,-0.043982532,0.6445498,0.9030517,2.6682584,50.0,1.9201941,,,,,,,,,,,,,,,,,,,,,,,,
FAILED_SETUP,,,,,,,2025-06-20,1419.0,新紡,紡織纖維,0.6324924789930496,SECTOR_WEAK,-0.03838112,-0.12216502,0.158516,0.1197523285916364,0.39166668,0.37374097,0.028,-0.03009224,0.27222866,0.6694119,10.204671,0.39166668,0.3898092,0.9058296,-0.099627905,0.6427746,0.3707718,2.4840686,20.0,0.44367757,,,,,,,,,,,,,,,,,,,,,,,,
FAILED_SETUP,,,,,,,2025-06-20,2059.0,川湖,電子零組件業,0.6707112970711298,SECTOR_WEAK,-0.059618138,-0.05966587,0.5202864,0.1197523285916364,0.06506024,0.12084496,0.068,-0.038487736,0.21501347,1.7662627,0.08083575,0.004819277,0.04055989,0.91180867,-0.0046279714,1.0447761,1.6246808,2.8153198,48.0,1.3743993,,,,,,,,,,,,,,,,,,,,,,,,
FAILED_SETUP,,,,,,,2025-06-20,3563.0,牧德,電子工業,0.7524464884677895,SECTOR_WEAK,-0.07341103,-0.16396396,0.06486487,0.1197523285916364,0.08127208,0.025288824,0.032,0.09280495,0.29497758,1.6152233,0.5259227,0.038608532,0.07172101,0.93721974,-0.03888665,1.1128719,1.2778398,3.4189653,39.0,1.575603,,,,,,,,,,,,,,,,,,,,,,,,
FAILED_SETUP,,,,,,,2025-06-20,2731.0,雄獅,觀光餐旅,0.696804868771396,SECTOR_WEAK,-0.00029412046,-0.022822248,0.15889853,0.1197523285916364,0.1318328,0.18675956,0.104,0.049992185,0.16630831,0.007826162,,0.05454329,0.3065832,0.8863976,-0.12486206,0.88135594,0.37708664,1.9072464,27.0,0.71199554,,,,,,,,,,,,,,,,,,,,,,,,
FAILED_SETUP,,,,,,,2025-06-20,3004.0,豐達科,鋼鐵工業,0.6616169300459905,SECTOR_WEAK,-0.02517242,-0.107279696,0.091954015,0.1197523285916364,0.24714829,0.34688124,0.04,-0.048683904,0.30313763,0.41246647,9.818217,0.24714829,0.5230068,0.9506726,-0.07099928,0.8979592,0.54717475,2.1930299,30.0,0.3348092,,,,,,,,,,,,,,,,,,,,,,,,
FAILED_SETUP,,,,,,,2025-06-20,2408.0,南亞科,電子工業,0.8246948373041946,SECTOR_WEAK,-0.29432526,-0.30449826,0.036332175,0.1197523285916364,0.2801358,0.3304137,0.028,0.398176,0.5762571,5.3762527,0.02644819,0.007784371,0.039228305,0.9760837,-0.040907696,1.0829103,1.1602972,5.287923,9.0,1.0235095,,,,,,,,,,,,,,,,,,,,,,,,
FAILED_SETUP,,,,,,,2025-06-27,8489.0,三貝德,文化創意業,0.7210831986779672,SECTOR_WEAK,-0.055216346,-0.11057692,0.17307693,0.0677771677056369,0.2759022,0.2229544,0.012,0.076074086,0.23850168,0.768411,4.996749,0.2759022,0.26878205,0.9006024,-0.068066016,0.90211433,0.07782723,1.4195141,44.0,0.4664033,,,,,,,,,,,,,,,,,,,,,,,,
FAILED_SETUP,,,,,,,2025-06-27,8072.0,陞泰,電子通路業,0.8010694304835895,SECTOR_WEAK,-0.11262195,-0.21940774,0.044715457,0.0677771677056369,0.124744385,0.5778675,0.084,0.09137734,0.46318108,1.9273041,0.8534262,0.09611452,0.45557603,0.9789157,-0.07910423,1.0353754,0.47640258,1.3791302,57.0,0.8977246,,,,,,,,,,,,,,,,,,,,,,,,
FAILED_SETUP,,,,,,,2025-06-27,7750.0,新代,電機機械,0.7907597097228878,SECTOR_WEAK,-0.10450632,-0.13775462,0.07555485,0.0677771677056369,0.098092645,0.55027956,0.064,0.026960235,0.4693488,2.0904484,0.86040974,0.089918256,0.18407765,0.9698795,-0.031624343,0.89537716,0.41213682,3.6381538,46.0,0.37012532,,,,,,,,,,,,,,,,,,,,,,,,
FAILED_SETUP,,,,,,,2025-06-27,5465.0,富驊,電腦及週邊設備業,0.6229352653334419,SECTOR_WEAK,-0.08139423,-0.09374999,0.12217695,0.0677771677056369,0.10628019,0.08963815,0.068,0.0031973938,0.09075579,1.8553426,2.3507259e-07,1.9133553e-08,0.37559593,0.78313255,-0.022050284,1.5428572,0.40581116,2.8109589,27.0,1.1351945,,,,,,,,,,,,,,,,,,,,,,,,
FAILED_SETUP,,,,,,,2025-06-27,5251.0,天鉞電,光電業,0.9164858075380964,SECTOR_WEAK,-0.2575,-0.25833333,0.026666667,0.0677771677056369,0.07833333,0.98627687,0.008,0.2457998,0.77113056,3.9398906,3.883495,1.0,0.09105283,0.9939759,-0.040390648,1.1181703,1.2791563,3.1363995,48.0,0.6834975,,,,,,,,,,,,,,,,,,,,,,,,
FAILED_SETUP,,,,,,,2025-06-27,3705.0,永信,生技醫療業,0.6342281417241394,SECTOR_WEAK,-0.054788858,-0.08595042,0.08429752,0.0677771677056369,0.10494588,0.06743021,0.076,0.038655814,0.092840925,2.915078,0.011247249,0.00061622396,0.28815228,0.810241,-0.06441408,1.091395,0.5995848,0.5390544,55.0,0.08001815,,,,,,,,,,,,,,,,,,,,,,,,
FAILED_SETUP,,,,,,,2025-06-27,4949.0,有成精密,光電業,0.7103251617728052,SECTOR_WEAK,-0.1,-0.23885918,0.055258468,0.0677771677056369,0.15929203,0.5759437,0.068,-0.04079357,0.62712735,1.5834678,0.7413323,0.07413323,0.46555647,0.9954819,-0.030916782,0.79521674,0.56606287,1.8149195,67.0,0.57500947,,,,,,,,,,,,,,,,,,,,,,,,
FAILED_SETUP,,,,,,,2025-06-27,2745.0,五福,觀光餐旅,0.8333487047689421,SECTOR_WEAK,-0.18704379,-0.2189781,0.12773722,0.0677771677056369,0.055555552,0.31257778,0.008,0.078643754,0.25198618,3.9423075,0.13860886,0.025925925,0.028748961,0.88554215,-0.060695294,1.25,4.5191708,3.3823078,36.0,0.9101681,,,,,,,,,,,,,,,,,,,,,,,,
FAILED_SETUP,,,,,,,2025-06-27,2468.0,華經,電子工業,0.6370606207078136,SECTOR_WEAK,-0.10299999,-0.2060606,0.007575763,0.0677771677056369,0.32615384,0.08151336,0.06,0.025599517,0.42916822,1.9994118,0.089619026,0.009230759,0.17740344,0.9924699,-0.019518482,0.8267831,1.3857901,-0.15980388,96.0,-0.09151061,,,,,,,,,,,,,,,,,,,,,,,,
FAILED_SETUP,,,,,,,2025-06-27,2408.0,南亞科,電子工業,0.6545806729021122,SECTOR_WEAK,-0.20244859,-0.24859811,0.0037383179,0.0677771677056369,0.41996235,0.26059577,0.12,0.12833862,0.4024739,3.4228895,0.022795966,0.004615011,0.17425676,0.9563253,-0.020335462,1.0300158,0.6029587,3.059669,14.0,0.9165173,,,,,,,,,,,,,,,,,,,,,,,,
FAILED_SETUP,,,,,,,2025-06-27,2344.0,華邦電,電子工業,0.6895297712354668,SECTOR_WEAK,-0.22197646,-0.22352943,0.002352941,0.0677771677056369,0.28178123,0.082069494,0.048,0.15758114,0.24719897,5.199843,0.023996621,0.005326685,0.077471055,0.89909637,-0.020414595,1.3953489,1.8260432,4.2532816,0.0,1.315671,,,,,,,,,,,,,,,,,,,,,,,,
FAILED_SETUP,,,,,,,2025-06-27,1419.0,新紡,紡織纖維,0.6804501082361772,SECTOR_WEAK,-0.1567776,-0.21247178,0.010590015,0.0677771677056369,0.25942686,0.4717113,0.036,-0.0322521,0.39044237,2.9309497,1.6547444,0.25942686,0.22680768,0.935241,-0.09822393,1.0014144,4.394319,3.7380471,25.0,0.4335524,,,,,,,,,,,,,,,,,,,,,,,,
FAILED_SETUP,,,,,,,2025-06-27,1210.0,大成,食品工業,0.6896804490745282,TOO_EXTENDED,-0.11452488,-0.16338283,0.009049774,0.0677771677056369,0.010638301,0.08165631,0.0,-0.059713475,0.16251679,6.2530584,0.09289074,0.010638301,0.0,0.87349397,0.034931764,1.2081633,3.593823,4.167059,55.0,0.040888585,,,,,,,,,,,,,,,,,,,,,,,,
FAILED_SETUP,,,,,,,2025-06-27,3379.0,彬台,電機機械,0.6745580525896918,SECTOR_WEAK,-0.07827585,-0.12862395,0.019893894,0.0677771677056369,0.14171122,0.20071992,0.096,-0.012153201,0.3403897,1.7107246,1.0076797,0.078876995,0.29061642,0.97590363,-0.03067018,1.0287206,0.350013,2.7475846,55.0,1.9601864,,,,,,,,,,,,,,,,,,,,,,,,
FAILED_SETUP,,,,,,,2025-06-27,3653.0,健策,電子零組件業,0.7236857521949644,SECTOR_WEAK,-0.1387,-0.1483509,0.19836791,0.0677771677056369,0.083333336,0.35385382,0.104,0.059541542,0.15778857,3.7342305,0.2643595,0.036666665,0.098371536,0.59789157,-0.010279226,0.6857143,0.50037986,5.342735,0.0,1.5075966,,,,,,,,,,,,,,,,,,,,,,,,
FAILED_SETUP,,,,,,,2025-07-04,4949.0,有成精密,光電業,0.7086841839567873,SECTOR_WEAK,-0.052720446,-0.1988743,0.046904318,0.0804495307801786,0.21296296,0.32833448,0.112,0.020667473,0.51080936,0.86651975,2.349404,0.123861626,0.5688268,0.9924585,-0.021147458,0.87556225,0.3569811,0.7357196,72.0,0.38577163,,,,,,,,,,,,,,,,,,,,,,,,
FAILED_SETUP,,,,,,,2025-07-04,7750.0,新代,電機機械,0.7178529961128779,SECTOR_WEAK,-0.031767562,-0.09765848,0.25271112,0.0804495307801786,0.15472779,0.4270632,0.088,-0.011334892,0.37185016,0.5736648,4.600032,0.1461318,0.24761067,0.9638009,-0.045122344,0.93098783,0.664461,1.9934087,51.0,0.88732094,,,,,,,,,,,,,,,,,,,,,,,,
FAILED_SETUP,,,,,,,2025-07-04,6658.0,聯策,其他電子業,0.6918698571356454,STOCK_SPECIFIC,-0.123175524,-0.27251732,0.009237875,0.0804495307801786,0.2443637,0.21058682,0.068,0.083193,0.20262724,2.3045988,1.9838657,0.2443637,0.3376324,0.84313726,0.017423006,1.0198537,0.48595402,3.0883644,0.0,1.6231794,,,,,,,,,,,,,,,,,,,,,,,,
FAILED_SETUP,,,,,,,2025-07-04,6596.0,寬宏藝術,文化創意業,0.9659826341561916,SECTOR_WEAK,-0.22702703,-0.25225225,0.054054055,0.0804495307801786,0.017910447,0.7697919,0.0,0.29109558,0.7272534,6.0136366,4.404762,1.0,0.0,0.98340875,-0.033588395,1.0074074,5.04128,7.369356,122.0,-0.64370185,,,,,,,,,,,,,,,,,,,,,,,,
FAILED_SETUP,,,,,,,2025-07-04,6591.0,動力-KY,電腦及週邊設備業,0.624491392801252,SECTOR_WEAK,-0.051548477,-0.08070392,0.54465735,0.0804495307801786,0.2191582,0.29131916,0.08,-0.040670373,0.21287157,1.1282353,0.65602475,0.03381708,0.54693395,0.8959276,-0.0074766683,0.73913044,0.2621269,2.084163,35.0,0.136904,,,,,,,,,,,,,,,,,,,,,,,,
FAILED_SETUP,,,,,,,2025-07-04,5876.0,上海商銀,金融保險,0.6628893432278257,SECTOR_WEAK,-0.05666196,-0.11388287,0.01735358,0.0804495307801786,0.01513513,-0.007628473,0.008,0.008218518,0.09103651,2.9761126,0.019308094,0.0010940344,0.0047085397,0.84464556,-0.02431339,1.2881169,0.47381577,1.3148518,87.0,-0.20458551,,,,,,,,,,,,,,,,,,,,,,,,
FAILED_SETUP,,,,,,,2025-07-04,5251.0,天鉞電,光電業,0.8624337422383765,SECTOR_WEAK,-0.17214037,-0.2287695,0.055459272,0.0804495307801786,0.115517244,0.7392514,0.044,0.14403088,0.65804297,2.6486666,5.809212,1.0,0.26434225,0.9909502,-0.024973305,0.7050659,0.306334,2.086,53.0,1.0098746,,,,,,,,,,,,,,,,,,,,,,,,
FAILED_SETUP,,,,,,,2025-07-04,3653.0,健策,電子零組件業,0.7031033873491846,SECTOR_WEAK,-0.1057,-0.1483509,0.41043863,0.0804495307801786,0.09427609,0.3552862,0.16,0.05995458,0.14594534,3.1485107,0.4459607,0.047138046,0.16055365,0.49472097,-0.008985244,0.9488372,0.4389424,4.667329,0.0,1.3201973,,,,,,,,,,,,,,,,,,,,,,,,
FAILED_SETUP,,,,,,,2025-07-04,2743.0,山富,觀光餐旅,0.6465470240799637,STOCK_SPECIFIC,-0.13222222,-0.1563786,0.0946502,0.0804495307801786,0.287407,0.26150912,0.084,0.016461859,0.21355233,3.1237502,0.016614845,0.002196852,0.3172368,0.8717949,0.016831528,0.9906542,0.5307366,2.8933334,29.0,0.9506883,,,,,,,,,,,,,,,,,,,,,,,,
FAILED_SETUP,,,,,,,2025-07-04,2451.0,創見,電子工業,0.806197940330153,SECTOR_WEAK,-0.1981,-0.22146705,0.016666668,0.0804495307801786,0.05406119,0.08991547,0.008,0.11145414,0.2521652,5.2576303,0.53491026,0.105965726,0.019179024,0.9260935,-0.014955801,1.3067552,3.1149137,3.954871,36.0,0.39194834,,,,,,,,,,,,,,,,,,,,,,,,
FAILED_SETUP,,,,,,,2025-07-04,2379.0,瑞昱,電子工業,0.732293401988995,SECTOR_WEAK,-0.08156627,-0.103270225,0.020654045,0.0804495307801786,0.013745704,0.0372705,0.0,0.045321587,0.09219202,3.385,0.063195735,0.00515464,0.0,0.61085975,-0.014440811,1.0158731,1.5391362,3.6505952,29.0,0.77770686,,,,,,,,,,,,,,,,,,,,,,,,
FAILED_SETUP,,,,,,,2025-07-04,2072.0,世紀風電,鋼鐵工業,0.7471048513302034,SECTOR_WEAK,-0.119252585,-0.18665247,-0.01678519,0.0804495307801786,0.094625734,0.29634818,0.064,0.031065373,0.2472397,2.735283,0.117073424,0.013961309,0.108230285,0.84162897,-0.069109246,1.2287582,3.3055382,3.4273586,11.0,-0.077242844,,,,,,,,,,,,,,,,,,,,,,,,
FAILED_SETUP,,,,,,,2025-07-04,1210.0,大成,食品工業,0.7583623605431875,STOCK_SPECIFIC,-0.1105,-0.15958002,0.009090909,0.0804495307801786,0.013636356,0.071188405,0.004,0.024536889,0.15635294,6.0059996,0.06855895,0.007575764,0.012894054,0.88687783,0.016487904,0.9098712,0.73766285,3.6221569,60.0,-0.43527353,,,,,,,,,,,,,,,,,,,,,,,,
FAILED_SETUP,,,,,,,2025-07-04,2745.0,五福,觀光餐旅,0.8992061689131203,SECTOR_WEAK,-0.2575,-0.28666666,0.023333333,0.0804495307801786,0.051020414,0.4539815,0.008,0.22516362,0.3431363,5.5461535,0.047919694,0.012339321,0.040359862,0.9276018,-0.0150422305,1.1654676,1.0183027,4.1629057,41.0,0.30883664,,,,,,,,,,,,,,,,,,,,,,,,
FAILED_SETUP,,,,,,,2025-07-11,6499.0,益安,生技醫療業,0.8254474186394347,SECTOR_WEAK,-0.06892857,-0.27539682,0.027777784,0.0831135305507815,0.20233463,1.7335902,0.04,0.1743711,1.0099272,1.3288525,0.5080543,0.035019457,0.442558,0.99841017,-0.052624676,1.2755418,0.7278331,4.7824407,61.0,-0.86885124,,,,,,,,,,,,,,,,,,,,,,,,
FAILED_SETUP,,,,,,,2025-07-11,6276.0,安鈦克,電腦及週邊設備業,0.6303393676827067,STOCK_SPECIFIC,-0.06291379,-0.23103449,0.077586204,0.0831135305507815,0.20905924,0.43436268,0.084,-0.040903855,0.39505494,1.0642917,0.09022676,0.005676508,0.595439,0.9745628,0.013680406,0.7588235,0.40044996,1.5946876,44.0,1.4152079,,,,,,,,,,,,,,,,,,,,,,,,
FAILED_SETUP,,,,,,,2025-07-11,5251.0,天鉞電,光電業,0.7810072721646295,SECTOR_WEAK,-0.12636842,-0.21929824,0.010526316,0.0831135305507815,0.13111888,0.40482646,0.06,0.117699675,0.5875953,2.367183,1.0375922,0.13111888,0.28770947,0.9936407,-0.026851006,0.79315263,0.18438572,1.7680751,58.0,0.9538641,,,,,,,,,,,,,,,,,,,,,,,,
FAILED_SETUP,,,,,,,2025-07-11,6596.0,寬宏藝術,文化創意業,0.8609288771984115,SECTOR_WEAK,-0.123503186,-0.20700637,0.15286624,0.0831135305507815,0.10725552,0.6921819,0.016,0.14613414,0.58434576,2.7010944,8.096957,1.0,0.0955729,0.9761526,-0.07615965,1.3110368,1.0154016,4.3151574,127.0,-0.75601155,,,,,,,,,,,,,,,,,,,,,,,,
FAILED_SETUP,,,,,,,2025-07-11,3163.0,波若威,通信網路業,0.6395533549951004,SECTOR_WEAK,-0.08532608,-0.10869565,0.39130434,0.0831135305507815,0.2116611,0.21902224,0.036,0.047926627,0.16845809,2.035185,0.1138876,0.009717583,0.08529545,0.82034975,-0.021503724,0.8560191,0.8675152,2.4212582,26.0,1.1326015,,,,,,,,,,,,,,,,,,,,,,,,
FAILED_SETUP,,,,,,,2025-07-11,2745.0,五福,觀光餐旅,0.6860281602970757,SECTOR_WEAK,-0.19293478,-0.22463769,0.036231883,0.0831135305507815,0.12363637,0.3755907,0.032,-0.0143600395,0.24134818,3.4041095,0.03769529,0.007272732,0.11515029,0.8839428,-0.001599767,1.062937,0.4708505,1.9354947,46.0,0.3482193,,,,,,,,,,,,,,,,,,,,,,,,
FAILED_SETUP,,,,,,,2025-07-11,2379.0,瑞昱,電子工業,0.6236242199185105,SECTOR_WEAK,-0.08314433,-0.104811,0.018900344,0.0831135305507815,0.020761244,-0.029085994,0.0,0.02242459,0.079150125,3.8274574,0.14565907,0.012110726,0.0,0.6772655,-0.002235452,0.91729325,0.73938465,3.24887,34.0,0.8124111,,,,,,,,,,,,,,,,,,,,,,,,
FAILED_SETUP,,,,,,,2025-07-11,3528.0,安馳,電子通路業,0.6940584867708495,SECTOR_WEAK,-0.15192308,-0.18881118,0.12820512,0.0831135305507815,0.14947855,0.30878466,0.088,0.086680375,0.27370048,4.314184,0.43475065,0.06604866,0.48629382,0.9650239,-0.051968224,1.0070423,3.5694137,1.4137903,108.0,1.5881288,,,,,,,,,,,,,,,,,,,,,,,,
FAILED_SETUP,,,,,,,2025-07-18,6725.0,矽科宏晟,其他電子業,0.6989714496563811,STOCK_SPECIFIC,-0.097881064,-0.12886067,0.3132903,0.0914322535534712,0.06100218,0.22416542,0.02,-0.049863376,0.308618,2.3720756,0.6232276,0.06100218,0.045458805,0.8970359,0.03714425,0.7203792,0.599634,3.2015095,58.0,0.92857414,,,,,,,,,,,,,,,,,,,,,,,,
FAILED_SETUP,,,,,,,2025-07-18,6596.0,寬宏藝術,文化創意業,0.6246160232461603,SECTOR_WEAK,-0.052127663,-0.11702128,0.28368795,0.0914322535534712,0.26714802,0.3024738,0.072,-0.021440096,0.350263,0.9312218,2.0776541,0.10830325,0.15883493,0.9625585,-0.08733419,0.9550173,1.9087715,0.7924887,132.0,-1.1346408,,,,,,,,,,,,,,,,,,,,,,,,
FAILED_SETUP,,,,,,,2025-07-18,3528.0,安馳,電子通路業,0.6796434666297679,SECTOR_WEAK,-0.15585847,-0.19257541,0.12296983,0.0914322535534712,0.14947855,0.046507884,0.1,0.1435698,0.25198266,4.34388,0.4237733,0.06604866,0.49535283,0.9578783,-0.056627747,1.0592105,0.70950884,0.83148575,113.0,1.1451682,,,,,,,,,,,,,,,,,,,,,,,,
FAILED_SETUP,,,,,,,2025-07-18,3205.0,佰研,生技醫療業,0.8346639915133066,SECTOR_WEAK,-0.09460707,-0.13948919,0.2102161,0.0914322535534712,0.12645914,0.8219442,0.02,0.06606712,0.47293413,2.0429394,0.061692804,0.0058365758,0.22948214,0.9204368,-0.05589812,0.79703426,0.2526902,4.611515,30.0,-2.2104626,,,,,,,,,,,,,,,,,,,,,,,,
FAILED_SETUP,,,,,,,2025-07-18,2745.0,五福,觀光餐旅,0.6501199206678658,STOCK_SPECIFIC,-0.15943396,-0.19245283,0.030188682,0.0914322535534712,0.17490494,0.18944463,0.072,0.026621062,0.17403027,3.017857,0.33388084,0.053231943,0.27695337,0.8564743,0.017756628,0.7092199,0.5373035,0.75904757,51.0,0.032360774,,,,,,,,,,,,,,,,,,,,,,,,
FAILED_SETUP,,,,,,,2025-07-18,2379.0,瑞昱,電子工業,0.6352036345187031,STOCK_SPECIFIC,-0.08628425,-0.10787671,0.01541096,0.0914322535534712,0.008547008,-0.03915729,0.0,-0.00017467582,0.08551777,4.5809093,4.7171835e-09,4.0701864e-10,0.0,0.675507,0.0031467106,0.6577778,0.8094827,3.8083334,39.0,0.87489426,,,,,,,,,,,,,,,,,,,,,,,,
FAILED_SETUP,,,,,,,2025-07-18,1295.0,生合,食品工業,0.6363175130298417,STOCK_SPECIFIC,-0.08101266,-0.12236287,0.32911393,0.0914322535534712,0.23012552,0.22753005,0.048,-0.03966464,0.41966018,1.2162895,2.840612,0.23012552,0.36279497,0.95163804,0.009172728,0.6666667,0.31932828,2.3669503,29.0,-1.9369019,,,,,,,,,,,,,,,,,,,,,,,,
FAILED_SETUP,,,,,,,2025-07-18,3128.0,昇銳,光電業,0.7317213228172131,SECTOR_WEAK,-0.13623378,-0.1642655,0.1511216,0.0914322535534712,0.25714287,0.2902484,0.04,0.08835908,0.36450765,1.9943953,0.54028296,0.07360479,0.28859064,0.9235569,-0.05241765,0.74128443,0.161523,2.389218,31.0,0.79967654,,,,,,,,,,,,,,,,,,,,,,,,
FAILED_SETUP,,,,,,,2025-07-25,3297.0,杭特,光電業,0.7462761880429228,SECTOR_WEAK,-0.082947366,-0.1368421,0.3,0.0924867317189015,0.30985916,0.34012818,0.016,0.056840487,0.7172572,1.1653522,3.7356117,0.30985916,0.13198693,0.9953775,-0.06444987,0.76803553,0.5071733,2.37277,65.0,1.3369164,,,,,,,,,,,,,,,,,,,,,,,,
FAILED_SETUP,,,,,,,2025-07-25,7799.0,禾榮科,生技醫療業,0.7058252427184467,SECTOR_WEAK,-0.11174009,-0.30695245,0.042668875,0.0924867317189015,,0.7745312,0.032,-0.044106614,0.6673121,2.2125316,0.6227374,0.069584735,0.092098095,0.99229586,-0.03972039,1.1600689,1.3926661,4.854601,21.0,0.9373888,,,,,,,,,,,,,,,,,,,,,,,,
FAILED_SETUP,,,,,,,2025-07-25,6725.0,矽科宏晟,其他電子業,0.7278934593765969,STOCK_SPECIFIC,-0.07969275,-0.12798622,0.31460857,0.0924867317189015,0.063318774,0.16285065,0.028,-0.0041653207,0.28318828,2.6219487,0.7945362,0.063318774,0.053448875,0.87211096,0.0032912116,0.6511628,0.25157356,3.6208546,63.0,0.9164118,,,,,,,,,,,,,,,,,,,,,,,,
FAILED_SETUP,,,,,,,2025-07-25,5465.0,富驊,電腦及週邊設備業,0.700257622210867,STOCK_SPECIFIC,-0.14372975,-0.17328519,0.067388676,0.0924867317189015,0.07617897,0.17689009,0.032,0.01267996,0.14215742,4.405067,0.09116487,0.013103104,0.26460332,0.73035437,0.0003652418,1.8226453,1.2688395,2.8972178,13.0,0.4159124,,,,,,,,,,,,,,,,,,,,,,,,
FAILED_SETUP,,,,,,,2025-07-25,3515.0,華擎,電腦及週邊設備業,0.7828287344575029,SECTOR_WEAK,-0.06961679,-0.071167886,0.20985402,0.0924867317189015,0.1147541,0.39568788,0.032,0.066516034,0.24600747,1.728479,0.52602714,0.03662032,0.13481164,0.8243452,-0.0010497922,1.1328125,0.75414366,3.8780715,31.0,-0.76982087,,,,,,,,,,,,,,,,,,,,,,,,
FAILED_SETUP,,,,,,,2025-07-25,3205.0,佰研,生技醫療業,0.7390478623743826,SECTOR_WEAK,-0.045819096,-0.11959799,0.23819095,0.0924867317189015,0.18163265,0.8003144,0.076,0.027785009,0.38333413,1.2441715,0.6235703,0.028571429,0.5667569,0.9306626,-0.040621355,0.6666667,0.25560427,3.4158545,35.0,-1.7697518,,,,,,,,,,,,,,,,,,,,,,,,
FAILED_SETUP,,,,,,,2025-07-25,3128.0,昇銳,光電業,0.6926077329245445,SECTOR_WEAK,-0.059742644,-0.13251577,0.19485295,0.0924867317189015,0.29411766,0.32453105,0.016,0.023164108,0.30869898,1.1262376,1.7605752,0.10518142,0.2788033,0.92604005,-0.06277634,0.7115207,0.6297805,2.0799778,36.0,1.125923,,,,,,,,,,,,,,,,,,,,,,,,
FAILED_SETUP,,,,,,,2025-07-25,3040.0,遠見,其他,0.7906553398058251,SECTOR_WEAK,-0.121938325,-0.15565345,0.13069016,0.0924867317189015,0.06461087,0.27795175,0.024,0.027971111,0.34447196,2.3970308,0.31310213,0.038179148,0.053196132,0.9075501,-0.021420863,1.0731708,0.99929327,4.2076483,26.0,-1.5155039,,,,,,,,,,,,,,,,,,,,,,,,
FAILED_SETUP,,,,,,,2025-07-25,3036.0,文曄,電子通路業,0.7314575881451201,SECTOR_WEAK,-0.083333336,-0.10740741,0.037037037,0.0924867317189015,0.097619094,0.08982864,0.028,0.05911751,0.2227563,3.0681818,0.7183432,0.059861932,0.018475126,0.83975345,-0.042887755,0.69428575,0.18433854,3.04531,8.0,0.09555012,,,,,,,,,,,,,,,,,,,,,,,,
FAILED_SETUP,,,,,,,2025-07-25,1786.0,科妍,生技醫療業,0.6349046159087038,SECTOR_WEAK,-0.25330508,-0.2584746,0.033898305,0.0924867317189015,0.17379427,0.08494046,0.224,0.3137601,0.15160687,5.7401924,0.21949698,0.055599704,0.2999002,0.49768874,-0.046296462,1.7391304,1.9430012,4.1676726,6.0,0.5312668,,,,,,,,,,,,,,,,,,,,,,,,
FAILED_SETUP,,,,,,,2025-07-25,1560.0,中砂,電機機械,0.7904892692897293,SECTOR_WEAK,-0.1287426,-0.15677966,0.005649718,0.0924867317189015,0.12465423,0.3807366,0.044,0.117375694,0.27476782,3.6635728,0.32722384,0.042127647,0.098610915,0.77503854,-0.033984903,0.888266,0.51897216,3.9505002,13.0,1.1331891,,,,,,,,,,,,,,,,,,,,,,,,
FAILED_SETUP,,,,,,,2025-07-25,1295.0,生合,食品工業,0.6290261454607393,SECTOR_WEAK,-0.1480478,-0.17131475,0.2549801,0.0924867317189015,0.18072289,0.29479447,0.044,-0.12974925,0.4549922,2.4773333,1.2207062,0.18072289,0.31547228,0.9476117,-0.034355536,1.0154799,1.1243442,2.755637,34.0,-1.2205218,,,,,,,,,,,,,,,,,,,,,,,,
FAILED_SETUP,,,,,,,2025-08-01,7799.0,禾榮科,生技醫療業,0.7772727272727272,SECTOR_WEAK,-0.09657028,-0.34193933,0.053905215,0.0941608131078657,,0.87958896,0.044,0.08161935,0.60681087,2.0542955,0.833578,0.08049887,0.10980196,0.99387443,-0.050564855,0.61430246,0.51746935,4.108962,26.0,1.0014596,,,,,,,,,,,,,,,,,,,,,,,,
FAILED_SETUP,,,,,,,2025-08-01,6725.0,矽科宏晟,其他電子業,0.7107287599925636,STOCK_SPECIFIC,-0.0690731,-0.1341833,0.3052661,0.0941608131078657,0.054112554,0.14475004,0.016,-0.0057839532,0.27405906,2.336754,0.7834099,0.054112554,0.039695404,0.8820827,0.0069906465,1.0440677,1.2879349,3.347295,68.0,0.7740641,,,,,,,,,,,,,,,,,,,,,,,,
FAILED_SETUP,,,,,,,2025-08-01,5465.0,富驊,電腦及週邊設備業,0.7455549358616844,STOCK_SPECIFIC,-0.15290408,-0.21904762,0.055952374,0.0941608131078657,0.055753246,0.16217141,0.008,0.061471134,0.15935065,4.068217,0.18971989,0.029008944,0.069630556,0.72588056,0.03297201,1.0851725,0.73464483,2.462578,1.0,0.19752513,,,,,,,,,,,,,,,,,,,,,,,,
FAILED_SETUP,,,,,,,2025-08-01,3231.0,緯創,電腦及週邊設備業,0.6560587469789925,STOCK_SPECIFIC,-0.07518519,-0.10288066,0.06995885,0.0941608131078657,0.028340079,0.073881686,0.008,-0.036524788,0.15427838,3.2792306,0.22264971,0.016739959,0.022586642,0.8009188,0.03500606,1.2075472,1.2952853,2.8021016,59.0,0.24381597,,,,,,,,,,,,,,,,,,,,,,,,
FAILED_SETUP,,,,,,,2025-08-01,3577.0,泓格,電腦及週邊設備業,0.8412660345789179,TOO_EXTENDED,-0.17773046,-0.2954774,0.040201005,0.0941608131078657,0.12376238,0.6989692,0.012,0.14004055,0.55559564,2.9368746,5.6264977,1.0,0.20779637,0.96018374,0.03123132,1.1312494,1.804271,4.8946524,21.0,0.2890283,,,,,,,,,,,,,,,,,,,,,,,,
FAILED_SETUP,,,,,,,2025-08-01,3036.0,文曄,電子通路業,0.7757836029001675,SECTOR_WEAK,-0.09340659,-0.11721612,0.05860805,0.0941608131078657,0.061956372,0.10893929,0.0,0.098317996,0.24983644,3.686747,0.27054572,0.025270753,0.0,0.89586526,-0.04710066,0.94285715,0.4557425,3.875732,13.0,-0.10179585,,,,,,,,,,,,,,,,,,,,,,,,
FAILED_SETUP,,,,,,,2025-08-01,2607.0,榮運,航運業,0.6732366610894218,SECTOR_WEAK,-0.032758605,-0.045977004,0.10632185,0.0941608131078657,0.011428585,0.057554606,0.004,-0.020163748,0.1309444,1.7442614,0.34887278,0.011428585,0.005776855,0.79938745,-0.013422996,0.9218107,0.8438137,2.491894,53.0,0.27821615,,,,,,,,,,,,,,,,,,,,,,,,
FAILED_SETUP,,,,,,,2025-08-01,1295.0,生合,食品工業,0.6260290016731734,SECTOR_WEAK,-0.07026087,-0.09565217,0.36956522,0.0941608131078657,0.26180258,0.34517214,0.056,-0.015827613,0.34034324,1.2362841,3.726151,0.26180258,0.3973987,0.9326187,-0.056701258,0.7916667,0.49067435,1.4652311,39.0,-0.74000275,,,,,,,,,,,,,,,,,,,,,,,,
FAILED_SETUP,,,,,,,2025-08-01,3040.0,遠見,其他,0.7606767057073806,SECTOR_WEAK,-0.12064706,-0.15441176,0.13235295,0.0941608131078657,0.05839416,0.359816,0.032,0.019863293,0.33342284,2.9299998,0.2662045,0.03211679,0.06923574,0.8973966,-0.021318356,0.74885845,0.2911207,4.610667,31.0,-1.74114,,,,,,,,,,,,,,,,,,,,,,,,
FAILED_SETUP,,,,,,,2025-08-08,6121.0,新普,電腦及週邊設備業,0.6456335830212235,STOCK_SPECIFIC,-0.109,-0.11707317,0.0060975607,0.1274657661950238,0.017094018,-0.0034111384,0.008,0.021477036,0.11459072,4.7760305,2.286039,0.24917828,0.005283666,0.76366323,0.029447962,1.1098266,1.3149822,3.5104485,23.0,0.9016144,,,,,,,,,,,,,,,,,,,,,,,,
FAILED_SETUP,,,,,,,2025-08-08,7799.0,禾榮科,生技醫療業,0.6552777777777777,SECTOR_WEAK,-0.028173957,-0.38710186,0.09045385,0.1274657661950238,,0.758506,0.116,-0.020392168,0.5010408,0.68242913,4.4419594,0.12514758,0.21722037,0.9940916,-0.07074711,0.6529493,0.34401652,2.8798244,31.0,1.1038393,,,,,,,,,,,,,,,,,,,,,,,,
FAILED_SETUP,,,,,,,2025-08-08,7547.0,碩網,數位雲端,0.8744194756554308,SECTOR_WEAK,-0.2897826,-0.39130434,0.02536232,0.1274657661950238,0.06944444,0.5238343,0.004,0.30084014,0.47729516,3.6472964,3.4508626,1.0,0.054206513,0.9172821,-0.04807949,1.3592016,1.3132538,3.682986,21.0,-0.5182397,,,,,,,,,,,,,,,,,,,,,,,,
FAILED_SETUP,,,,,,,2025-08-08,6945.0,圓祥生技,生技醫療業,0.6458770287141073,SECTOR_WEAK,-0.25510058,-0.36332393,-0.005209087,0.1274657661950238,0.29927006,0.051615275,0.032,0.21352102,0.34054327,1.6219381,0.11794902,0.03008886,0.5006361,0.94534713,-0.06596373,2.0403192,0.7218765,0.8020787,69.0,0.56473756,,,,,,,,,,,,,,,,,,,,,,,,
FAILED_SETUP,,,,,,,2025-08-08,6788.0,華景電,半導體業,0.6854993757802746,SECTOR_WEAK,-0.045896944,-0.051526714,0.104961835,0.1274657661950238,0.075229354,0.3568205,0.04,-0.016589094,0.28690574,0.88372695,0.83953536,0.038532108,0.10613535,0.8833087,-0.03740443,1.255814,2.1346369,2.4191406,20.0,-0.655983,,,,,,,,,,,,,,,,,,,,,,,,
FAILED_SETUP,,,,,,,2025-08-08,6414.0,樺漢,電腦及週邊設備業,0.650992509363296,STOCK_SPECIFIC,-0.06235577,-0.072115384,0.0625,0.1274657661950238,0.008538587,0.05375482,0.0,-0.029472776,0.11098925,3.1670933,0.12428078,0.007749624,0.0,0.6528804,0.030497206,1.101695,1.2864434,3.384347,15.0,0.33498496,,,,,,,,,,,,,,,,,,,,,,,,
FAILED_SETUP,,,,,,,2025-08-08,5278.0,尚凡,電子商務業,0.7525156054931337,TOO_EXTENDED,-0.1714496,-0.26728538,0.038505096,0.1274657661950238,0.11166492,0.25971982,0.024,0.121265456,0.31220892,3.1681015,0.44866297,0.07692309,0.24844024,0.8197932,0.0,0.8527397,0.4073707,4.005032,24.0,0.821206,,,,,,,,,,,,,,,,,,,,,,,,
FAILED_SETUP,,,,,,,2025-08-08,3231.0,緯創,電腦及週邊設備業,0.6386641697877653,STOCK_SPECIFIC,-0.10821429,-0.13492064,0.25396824,0.1274657661950238,0.02008032,0.047704253,0.004,-0.044847492,0.15672663,4.439302,0.079225905,0.008573375,0.0076992805,0.75036925,0.030856738,1.0526315,1.2027597,2.4211361,64.0,0.3169506,,,,,,,,,,,,,,,,,,,,,,,,
FAILED_SETUP,,,,,,,2025-08-08,3661.0,世芯-KY,電子工業,0.7904275905118602,SECTOR_WEAK,-0.14286841,-0.14466175,0.17631578,0.1274657661950238,0.041666668,0.4536716,0.02,0.0661211,0.28694952,4.48413,0.29164365,0.041666668,0.019562263,0.6277696,-0.0024193337,0.8148148,0.70769745,5.2882004,33.0,0.9388906,,,,,,,,,,,,,,,,,,,,,,,,
FAILED_SETUP,,,,,,,2025-08-08,3577.0,泓格,電腦及週邊設備業,0.683105493133583,STOCK_SPECIFIC,-0.09634889,-0.31237322,0.006085191,0.1274657661950238,0.15816326,0.5296185,0.036,-0.026572755,0.4808344,1.504525,1.6415682,0.15816326,0.30558616,0.9039882,0.030200455,0.87477314,0.8477162,3.6235893,26.0,0.3596966,,,,,,,,,,,,,,,,,,,,,,,,
FAILED_SETUP,,,,,,,2025-08-08,3535.0,晶彩科,電子工業,0.6859019975031211,SECTOR_WEAK,-0.0918797,-0.18195488,0.34453166,0.1274657661950238,0.29271916,0.70341134,0.064,0.051548474,0.4881808,1.7673553,6.915319e-08,6.353774e-09,0.16344029,0.901034,-0.0022899148,0.8806201,0.31925854,5.04511,16.0,-0.4129888,,,,,,,,,,,,,,,,,,,,,,,,
FAILED_SETUP,,,,,,,2025-08-08,2607.0,榮運,航運業,0.7582646691635455,TOO_EXTENDED,-0.1095238,-0.12169312,0.018518519,0.1274657661950238,0.0026455026,0.11198327,0.0,0.019891521,0.21258318,5.467924,9.130435,1.0,0.0,0.8581979,0.027926344,1.3377928,1.7661126,5.0706077,58.0,0.3289219,,,,,,,,,,,,,,,,,,,,,,,,
FAILED_SETUP,,,,,,,2025-08-08,2427.0,三商電,電子工業,0.7131054931335831,SECTOR_WEAK,-0.11338492,-0.14075287,0.0,0.1274657661950238,0.05863706,0.120044984,0.012,0.05797354,0.19764152,2.8724813,0.118107654,0.013391627,0.0833396,0.6957164,-0.0023291935,1.6248674,0.9113263,3.443856,32.0,1.045558,,,,,,,,,,,,,,,,,,,,,,,,
FAILED_SETUP,,,,,,,2025-08-08,4991.0,環宇-KY,半導體業,0.7151810237203495,SECTOR_WEAK,-0.117197454,-0.17834395,0.18152866,0.1274657661950238,0.13291138,0.5117452,0.028,0.014964004,0.3437888,1.7765517,0.27001923,0.031645566,0.038744725,0.7444609,-0.038116023,1.4517766,0.8109163,3.714345,34.0,0.26146743,,,,,,,,,,,,,,,,,,,,,,,,
FAILED_SETUP,,,,,,,2025-08-15,6788.0,華景電,半導體業,0.6729590026132852,SECTOR_WEAK,-0.08934426,-0.1712204,0.05464481,0.114089154221052,0.057761732,0.23031804,0.032,-0.01693041,0.29691902,1.8023622,0.2424403,0.02166065,0.07915287,0.87849164,-0.010957829,0.9224953,0.5570406,2.350699,25.0,-0.5984697,,,,,,,,,,,,,,,,,,,,,,,,
FAILED_SETUP,,,,,,,2025-08-15,8499.0,鼎炫-KY,其他,0.6302548773024312,STOCK_SPECIFIC,-0.09490876,-0.11678832,0.25729927,0.114089154221052,0.12287334,0.6356794,0.056,-0.15144318,0.61903954,1.5760607,1.2946471,0.12287334,0.19723253,0.9734637,0.019692583,1.1066667,0.63678336,3.7081423,90.0,1.8216873,,,,,,,,,,,,,,,,,,,,,,,,
FAILED_SETUP,,,,,,,2025-08-15,8234.0,新漢,電腦及週邊設備業,0.8164149117277033,TOO_EXTENDED,-0.30569163,-0.315473,0.04845815,0.114089154221052,0.084070794,0.24306038,0.004,0.30119473,0.40021312,5.291329,3.2712705,1.0,0.024821147,0.7793296,0.019565744,1.0576923,0.36999437,4.00403,90.0,1.1042781,,,,,,,,,,,,,,,,,,,,,,,,
FAILED_SETUP,,,,,,,2025-08-15,7799.0,禾榮科,生技醫療業,0.6558355688215514,SECTOR_WEAK,-0.0913242,-0.40730965,0.074673675,0.114089154221052,,0.53600764,0.104,0.0013873996,0.48370606,2.7043903,1.1982538,0.10942957,0.17425251,0.9636871,-0.06925278,0.96640825,0.7382959,2.8990245,36.0,1.0644689,,,,,,,,,,,,,,,,,,,,,,,,
FAILED_SETUP,,,,,,,2025-08-15,7547.0,碩網,數位雲端,0.6534942501267581,SECTOR_WEAK,-0.20959677,-0.37741935,0.048387095,0.114089154221052,0.22709163,0.25972983,0.02,0.04573967,0.2690812,1.9992306,0.030682344,0.00643092,0.16086248,0.8519553,-0.044931203,0.96682465,0.6018631,1.4243706,26.0,-0.42529383,,,,,,,,,,,,,,,,,,,,,,,,
FAILED_SETUP,,,,,,,2025-08-15,6472.0,保瑞,生技醫療業,0.7933429983396622,SECTOR_WEAK,-0.15275462,-0.18622449,0.014030612,0.114089154221052,0.01532567,0.20220797,0.004,0.14757802,0.2020953,6.497103,0.02602896,0.003976044,0.00556567,0.702514,-0.07386618,1.307076,1.0109469,5.502949,53.0,0.093450226,,,,,,,,,,,,,,,,,,,,,,,,
FAILED_SETUP,,,,,,,2025-08-15,3032.0,偉訓,電子工業,0.6897116717258033,STOCK_SPECIFIC,-0.1380716,-0.14641148,0.09090909,0.114089154221052,0.14901367,0.33831826,0.06,0.09396336,0.27133197,2.2675195,1.0792493,0.14901367,0.12385867,0.7583799,0.016408693,1.1293185,1.1748911,2.5609777,38.0,0.74323934,,,,,,,,,,,,,,,,,,,,,,,,
FAILED_SETUP,,,,,,,2025-08-15,3661.0,世芯-KY,電子工業,0.8007233475367628,TOO_EXTENDED,-0.15076381,-0.29424652,0.010575793,0.114089154221052,0.038327526,0.4155149,0.004,0.037788227,0.42868206,4.413268,0.33158073,0.049990375,0.005678572,0.8407821,0.016946305,1.4059753,0.8448402,6.849222,38.0,0.6734822,,,,,,,,,,,,,,,,,,,,,,,,
FAILED_SETUP,,,,,,,2025-08-15,3167.0,大量,電機機械,0.94205698287757,TOO_EXTENDED,-0.2575,-0.2606429,0.09198113,0.114089154221052,0.018823529,1.2335979,0.0,0.24106473,0.96372575,4.153587,3.883495,1.0,0.0,0.9748603,0.03812574,1.2048193,0.8854919,5.417011,22.0,-1.5229572,,,,,,,,,,,,,,,,,,,,,,,,
FAILED_SETUP,,,,,,,2025-08-15,2364.0,倫飛,電腦及週邊設備業,0.7447794293784866,STOCK_SPECIFIC,-0.18889475,-0.22228071,0.0,0.114089154221052,0.06726458,0.23564517,0.016,0.10015298,0.29490554,4.2641587,0.11869852,0.022421528,0.025712568,0.7877095,0.023044797,1.2353568,0.9574496,3.692079,29.0,0.12936866,,,,,,,,,,,,,,,,,,,,,,,,
FAILED_SETUP,,,,,,,2025-08-15,1519.0,華城,電機機械,0.6349274264660708,TOO_EXTENDED,-0.13243385,-0.14748785,0.07293355,0.114089154221052,0.12258065,0.2513497,0.072,0.008658163,0.28497118,3.944702,0.41014224,0.054316718,0.07589854,0.6857542,0.04471203,1.0764021,0.46997115,4.1585655,19.0,0.104187794,,,,,,,,,,,,,,,,,,,,,,,,
FAILED_SETUP,,,,,,,2025-08-15,4114.0,健喬,生技醫療業,0.6262249762610235,SECTOR_WEAK,-0.06621885,-0.074792266,0.05124654,0.114089154221052,0.10096819,0.08138656,0.068,0.09476477,0.15627126,2.6561115,1.4563546,0.09643813,0.14009114,0.8198324,-0.073776074,0.9473685,1.3933585,2.5098736,32.0,-0.022751125,,,,,,,,,,,,,,,,,,,,,,,,
FAILED_SETUP,,,,,,,2025-08-22,8499.0,鼎炫-KY,其他,0.6746679045363667,STOCK_SPECIFIC,-0.09325411,-0.115173675,0.2595978,0.1388753646398413,0.17439704,0.6425056,0.064,-0.03582593,0.59452,1.2707118,1.0942233,0.10204082,0.30356404,0.9360544,0.024299016,1.4167776,0.7982974,2.7381206,95.0,1.9088701,,,,,,,,,,,,,,,,,,,,,,,,
FAILED_SETUP,,,,,,,2025-08-22,7799.0,禾榮科,生技醫療業,0.655934964946703,SECTOR_WEAK,-0.09734026,-0.4112337,0.06755859,0.1388753646398413,,0.60883796,0.092,-0.018388232,0.45712015,2.8059435,1.0190296,0.09919262,0.16202947,0.9510204,-0.025671724,0.93333334,1.313894,2.0812893,41.0,0.8325524,,,,,,,,,,,,,,,,,,,,,,,,
FAILED_SETUP,,,,,,,2025-08-22,7786.0,東方風能,綠能環保,0.8115917085345661,STOCK_SPECIFIC,-0.16402972,-0.22313873,0.041740738,0.1388753646398413,0.053380784,0.26349175,0.012,0.1193434,0.24377263,4.516713,6.096456,1.0,0.023930391,0.82585037,0.015172015,1.3989637,0.5432131,3.1703334,51.0,0.38201734,,,,,,,,,,,,,,,,,,,,,,,,
FAILED_SETUP,,,,,,,2025-08-22,7740.0,熙特爾,綠能環保,0.6490953108118871,STOCK_SPECIFIC,-0.20494208,-0.21235521,0.028957529,0.1388753646398413,0.13608517,0.040126033,0.036,0.11889296,0.15542664,4.295491,0.018912494,0.003875966,0.0874756,0.47619048,0.015768828,1.1368421,1.0625942,2.640848,11.0,0.36118093,,,,,,,,,,,,,,,,,,,,,,,,
FAILED_SETUP,,,,,,,2025-08-22,7610.0,聯友金屬,綠能環保,0.7129037356759069,STOP_TOO_TIGHT,-0.028371392,-0.18378852,0.37977618,0.1388753646398413,0.112435736,0.051810347,0.0,0.08516,0.18115053,0.39624617,0.1879006,0.0053310017,0.0,0.8734694,0.025796426,2.1863062,3.4382555,1.2678102,100.0,-0.47156426,,,,,,,,,,,,,,,,,,,,,,,,
FAILED_SETUP,,,,,,,2025-08-22,7547.0,碩網,數位雲端,0.6644440636382095,STOCK_SPECIFIC,-0.19,-0.3661157,0.020661157,0.1388753646398413,0.25203252,0.28334138,0.024,0.055905886,0.23349829,2.1244886,0.14150968,0.02688684,0.1552149,0.81632656,0.005917546,0.73434126,0.76283664,1.2288227,31.0,-0.6872863,,,,,,,,,,,,,,,,,,,,,,,,
FAILED_SETUP,,,,,,,2025-08-22,7642.0,昶瑞機電,電機機械,0.7421696426923368,STOCK_SPECIFIC,-0.14695653,-0.24031621,0.04347826,0.1388753646398413,0.1097561,0.38014203,0.036,0.052075457,0.28116956,2.1332788,0.4149228,0.060975615,0.19638252,0.8857143,0.038908727,1.0196078,1.8898062,1.5419127,55.0,-1.354878,,,,,,,,,,,,,,,,,,,,,,,,
FAILED_SETUP,,,,,,,2025-08-22,5340.0,建榮,電子零組件業,0.6451860105425126,STOCK_SPECIFIC,-0.16675,-0.19259258,0.08333335,0.1388753646398413,0.16888046,0.22748855,0.024,-0.03213318,0.29721126,2.6345453,0.187312,0.031234277,0.25404388,0.8489796,0.13987583,1.2494314,0.3000433,1.852685,28.0,0.17665114,,,,,,,,,,,,,,,,,,,,,,,,
FAILED_SETUP,,,,,,,2025-08-22,3708.0,上緯投控,化學生技醫療,0.95404051212951,TOO_EXTENDED,-0.2805788,-0.2926045,0.0,0.1388753646398413,0.0,0.73034334,0.0,0.19582373,0.7541574,5.3346725,0.047596592,0.013354594,0.0,0.95238096,0.10121163,1.2156862,5.359308,6.409712,18.0,-0.72579914,,,,,,,,,,,,,,,,,,,,,,,,
FAILED_SETUP,,,,,,,2025-08-22,3297.0,杭特,光電業,0.7037608689831991,STOCK_SPECIFIC,-0.23535322,-0.2621664,0.15384616,0.1388753646398413,0.2,0.42649812,0.044,0.018340835,0.6415289,3.2191412,0.8497866,0.2,0.36475322,0.9972789,0.05608453,1.5745721,2.3120282,1.5898517,85.0,1.0333977,,,,,,,,,,,,,,,,,,,,,,,,
FAILED_SETUP,,,,,,,2025-08-22,3167.0,大量,電機機械,0.9082218560495892,TOO_EXTENDED,-0.29190582,-0.29711342,0.016031561,0.1388753646398413,0.076744184,1.2831049,0.012,0.22840658,0.9203973,4.4132204,3.4257624,1.0,0.030989889,0.9863946,0.034231406,1.2455516,0.71826816,4.266215,27.0,-0.41511276,,,,,,,,,,,,,,,,,,,,,,,,
FAILED_SETUP,,,,,,,2025-08-22,2364.0,倫飛,電腦及週邊設備業,0.6540958870099676,STOCK_SPECIFIC,-0.09738028,-0.16751175,0.06197182,0.1388753646398413,0.14423077,0.19040562,0.044,0.046446845,0.196475,1.7771603,0.19748119,0.019230772,0.09747319,0.7346939,0.02771989,1.1464738,0.61580414,1.5636476,34.0,0.38311347,,,,,,,,,,,,,,,,,,,,,,,,
FAILED_SETUP,,,,,,,2025-08-22,6472.0,保瑞,生技醫療業,0.689879733409029,SECTOR_WEAK,-0.11787467,-0.15272245,0.007968129,0.1388753646398413,0.06568365,0.066954866,0.028,0.09681127,0.13708907,4.6891875,0.101792395,0.011998745,0.025004722,0.5619048,-0.03034621,0.9921925,0.34417692,2.8448167,58.0,0.2925399,,,,,,,,,,,,,,,,,,,,,,,,
FAILED_SETUP,,,,,,,2025-08-29,6667.0,信紘科,其他電子業,0.8533385037149909,TOO_EXTENDED,-0.20019704,-0.21346469,0.018062398,0.1751348989042329,0.0,0.39547646,0.0,0.050780613,0.4867037,5.6147366,4.9950786,1.0,0.0,0.91361254,0.12397147,1.0064516,2.7649305,5.738849,42.0,0.49368846,,,,,,,,,,,,,,,,,,,,,,,,
FAILED_SETUP,,,,,,,2025-08-29,8499.0,鼎炫-KY,其他,0.8310150097351645,TOO_EXTENDED,-0.21271428,-0.23174603,0.0,0.1751348989042329,0.056748465,0.9718765,0.0,0.0082199285,0.8597308,2.9452748,4.701142,1.0,0.0,0.9594241,0.055339914,1.0981308,1.5376308,4.331976,100.0,1.3163112,,,,,,,,,,,,,,,,,,,,,,,,
FAILED_SETUP,,,,,,,2025-08-29,8074.0,鉅橡,電子零組件業,0.7538446931958038,STOCK_SPECIFIC,-0.22906384,-0.23687944,0.0,0.1751348989042329,0.13802817,0.53296477,0.028,0.10611773,0.57698953,2.8510215,4.3655953,1.0,0.31779203,0.9031414,0.1530595,0.96329457,1.1616005,3.4337957,23.0,0.7566552,,,,,,,,,,,,,,,,,,,,,,,,
FAILED_SETUP,,,,,,,2025-08-29,7786.0,東方風能,綠能環保,0.658299569568983,SECTOR_WEAK,-0.09116294,-0.2152139,0.058548693,0.1751348989042329,0.08029197,0.19422247,0.036,0.078443766,0.20291503,2.7316406,10.969369,1.0,0.062564395,0.789267,-0.050511517,0.7894737,0.5212113,2.0282218,56.0,0.2870464,,,,,,,,,,,,,,,,,,,,,,,,
FAILED_SETUP,,,,,,,2025-08-29,7738.0,東聯互動,數位雲端,0.6463199255048286,SECTOR_WEAK,-0.068519406,-0.15929782,0.13690813,0.1751348989042329,0.11513859,0.26345295,0.052,0.03915367,0.283278,1.6620378,0.7779533,0.053304903,0.16050786,0.84947646,-0.031014703,0.91394657,1.6640723,1.3383648,56.0,0.07472427,,,,,,,,,,,,,,,,,,,,,,,,
FAILED_SETUP,,,,,,,2025-08-29,7642.0,昶瑞機電,電機機械,0.674862476964452,STOCK_SPECIFIC,-0.14015937,-0.27250996,0.051792834,0.1751348989042329,0.092,0.37642962,0.032,0.015583119,0.2837169,2.3678846,0.31392843,0.044000007,0.20161197,0.8638743,0.061444733,0.68167204,0.50277054,1.613141,60.0,-0.8102694,,,,,,,,,,,,,,,,,,,,,,,,
FAILED_SETUP,,,,,,,2025-08-29,6788.0,華景電,半導體業,0.7468457155508671,STOCK_SPECIFIC,-0.1234375,-0.21875,0.0,0.1751348989042329,0.012089809,0.18616222,0.0,-0.019918028,0.32763386,3.5677419,0.0009327864,0.00011514082,0.0,0.8337696,0.044335686,0.789916,1.4846413,3.4832735,35.0,-0.29143324,,,,,,,,,,,,,,,,,,,,,,,,
FAILED_SETUP,,,,,,,2025-08-29,6781.0,AES-KY,電子零組件業,0.626178553986208,STOCK_SPECIFIC,-0.12865168,-0.22097379,0.11610487,0.1751348989042329,0.074074075,0.16864346,0.016,-0.06455395,0.32800332,2.2683964,0.5757723,0.074074075,0.023605527,0.83115184,0.1554707,0.85714287,0.8630297,2.976823,27.0,-0.54263604,,,,,,,,,,,,,,,,,,,,,,,,
FAILED_SETUP,,,,,,,2025-08-29,6613.0,朋億*,其他電子業,0.6561910436487006,TOO_EXTENDED,-0.24447368,-0.27631578,0.0065789474,0.1751348989042329,0.1271633,0.23690745,0.04,0.09012629,0.2304469,7.9224367,0.5201513,0.1271633,0.14300308,0.63874346,0.12298146,1.0422535,2.624576,6.4851713,17.0,0.7935825,,,,,,,,,,,,,,,,,,,,,,,,
FAILED_SETUP,,,,,,,2025-08-29,5498.0,凱崴,電子零組件業,0.7461702449093881,STOCK_SPECIFIC,-0.24925002,-0.26666668,0.08780847,0.1751348989042329,0.21951222,1.3998349,0.032,0.07725525,0.9994148,2.518737,4.012036,1.0,0.23614599,0.9777487,0.153443,0.97724545,0.22109368,3.5873685,29.0,-0.35378832,,,,,,,,,,,,,,,,,,,,,,,,
FAILED_SETUP,,,,,,,2025-08-29,5340.0,建榮,電子零組件業,0.6666356443767215,STOCK_SPECIFIC,-0.21882813,-0.24305555,0.015625,0.1751348989042329,0.06944443,0.21375732,0.008,-0.053435028,0.39714485,3.3452704,0.3262031,0.07138242,0.08425388,0.8678011,0.15544644,0.89506173,0.71883374,2.7515867,33.0,0.36870828,,,,,,,,,,,,,,,,,,,,,,,,
FAILED_SETUP,,,,,,,2025-08-29,4971.0,IET-KY,半導體業,0.8624501748422514,TOO_EXTENDED,-0.2256693,-0.2808399,0.005249344,0.1751348989042329,0.02917772,0.6200241,0.0,0.101845846,0.4316528,4.1223288,0.12929416,0.02917772,0.0,0.7748691,0.042195894,1.3551402,0.9196458,4.043219,55.0,1.4981564,,,,,,,,,,,,,,,,,,,,,,,,
FAILED_SETUP,,,,,,,2025-08-29,4916.0,事欣科,電腦及週邊設備業,0.7312438349384959,STOCK_SPECIFIC,-0.19229043,-0.23053892,0.077844314,0.1751348989042329,0.08721805,0.3780913,0.016,0.02997192,0.4845306,2.8098438,5.200467,1.0,0.07863913,0.8246073,0.035118375,0.88073397,0.7206691,3.7838516,37.0,-0.06265991,,,,,,,,,,,,,,,,,,,,,,,,
FAILED_SETUP,,,,,,,2025-08-29,4526.0,東台,電機機械,0.7077747953661919,STOCK_SPECIFIC,-0.17414507,-0.18782383,0.049222793,0.1751348989042329,0.09560725,0.3061842,0.024,0.055850964,0.33555734,2.856085,0.31159985,0.05426358,0.1304732,0.7185864,0.06014008,0.99378884,0.8542054,3.3615577,14.0,0.7983718,,,,,,,,,,,,,,,,,,,,,,,,
FAILED_SETUP,,,,,,,2025-08-29,3708.0,上緯投控,化學生技醫療,0.7619927588609532,TOO_EXTENDED,-0.21204081,-0.25170067,0.0034013605,0.1751348989042329,0.079861104,0.6004978,0.008,-0.0006015553,0.6642058,3.6064465,0.029295044,0.006211745,0.13005634,0.92408377,0.12780863,1.1396011,0.82317835,5.018993,23.0,-0.16883406,,,,,,,,,,,,,,,,,,,,,,,,
FAILED_SETUP,,,,,,,2025-08-29,3551.0,世禾,其他電子業,0.6587721059863122,STOCK_SPECIFIC,-0.110394366,-0.13380301,0.062534966,0.1751348989042329,0.050991505,0.2552048,0.012,-0.08318582,0.33181265,3.0312707,9.058434,1.0,0.037025884,0.86256546,0.12861326,0.92753625,0.52321804,2.7051954,76.0,0.357959,,,,,,,,,,,,,,,,,,,,,,,,
FAILED_SETUP,,,,,,,2025-08-29,3297.0,杭特,光電業,0.7616307149322445,STOCK_SPECIFIC,-0.262,-0.28787878,0.11363637,0.1751348989042329,0.12556732,0.45571196,0.056,0.17638819,0.6821336,3.2321496,0.47926456,0.12556732,0.29703236,0.9973822,0.063131645,1.0718113,0.3961791,1.72243,90.0,0.9038947,,,,,,,,,,,,,,,,,,,,,,,,
FAILED_SETUP,,,,,,,2025-08-29,3167.0,大量,電機機械,0.7935649325701486,STOCK_SPECIFIC,-0.19724743,-0.25890735,0.004750594,0.1751348989042329,0.08169763,1.1620345,0.02,0.04996574,0.84915704,2.727791,5.0697746,1.0,0.042385127,0.986911,0.06041863,0.9375229,0.53312415,3.435918,32.0,-0.5547407,,,,,,,,,,,,,,,,,,,,,,,,
FAILED_SETUP,,,,,,,2025-08-29,6190.0,萬泰科,通信網路業,0.7642634159682744,STOCK_SPECIFIC,-0.20441088,-0.2205438,0.021148037,0.1751348989042329,0.055888224,0.15366872,0.004,0.15984224,0.32800993,3.9468334,0.2734112,0.055888224,0.024970261,0.83507854,0.07282545,0.73547274,1.097396,3.4197211,72.0,0.22311765,,,,,,,,,,,,,,,,,,,,,,,,
FAILED_SETUP,,,,,,,2025-09-05,5607.0,遠雄港,航運業,0.6837603563692928,TOO_EXTENDED,-0.084770545,-0.09560228,0.021032505,0.1365551028256375,0.030769233,0.13113938,0.012,-0.016063556,0.27214292,3.3641732,0.1583202,0.01342089,0.037924144,0.7821656,0.068524286,0.86926997,0.8844158,5.0247564,28.0,0.26478523,,,,,,,,,,,,,,,,,,,,,,,,
FAILED_SETUP,,,,,,,2025-09-05,4971.0,IET-KY,半導體業,0.6958844285085782,STOCK_SPECIFIC,-0.13268012,-0.21037464,0.0028818443,0.1365551028256375,0.1054131,0.46410742,0.04,0.022186102,0.30670452,1.8902053,9.533327e-09,1.2648829e-09,0.03986715,0.844586,0.06886918,1.1954023,0.72860813,1.9398826,60.0,1.3934411,,,,,,,,,,,,,,,,,,,,,,,,
FAILED_SETUP,,,,,,,2025-09-05,4989.0,榮科,電子零組件業,0.7584271810809311,STOCK_SPECIFIC,-0.29142857,-0.30158728,0.35930738,0.1365551028256375,0.23968254,0.7464315,0.024,0.15658893,0.6207594,3.0600002,0.48584527,0.1415892,0.3626323,0.92101914,0.11734134,1.1061879,0.9011109,2.5184343,25.0,1.486277,,,,,,,,,,,,,,,,,,,,,,,,
FAILED_SETUP,,,,,,,2025-09-05,5371.0,中光電,光電業,0.8629982840257151,TOO_EXTENDED,-0.294328,-0.3096,0.048,0.1365551028256375,0.12350597,0.949892,0.008,0.29765844,0.73232996,3.7432702,3.3975701,1.0,0.06635018,0.9031847,0.057226624,1.2367492,0.67713296,4.761999,16.0,0.36592737,,,,,,,,,,,,,,,,,,,,,,,,
FAILED_SETUP,,,,,,,2025-09-05,6667.0,信紘科,其他電子業,0.7014098576630097,STOCK_SPECIFIC,-0.12797928,-0.17271157,0.024179623,0.1365551028256375,0.08391608,0.34775743,0.008,-0.04636594,0.3848311,2.8977654,0.054641724,0.0069930083,0.046637207,0.8675159,0.06477425,1.3087934,0.48134568,3.1491559,47.0,0.49157766,,,,,,,,,,,,,,,,,,,,,,,,
FAILED_SETUP,,,,,,,2025-09-05,6691.0,洋基工程,電子工業,0.6916659769793222,STOCK_SPECIFIC,-0.097822584,-0.12701613,0.004032258,0.1365551028256375,0.041624367,0.27400067,0.016,-0.03481302,0.2915433,2.6955554,0.23870003,0.023350254,0.041470658,0.8802548,0.065215416,1.1929824,1.0986855,3.8351617,107.0,0.7704545,,,,,,,,,,,,,,,,,,,,,,,,
FAILED_SETUP,,,,,,,2025-09-05,6928.0,攸泰科技,電腦及週邊設備業,0.705130292596337,SECTOR_WEAK,-0.18988064,-0.30769232,0.010610079,0.1365551028256375,0.1512004,0.33498487,0.028,0.096552715,0.32144943,2.3776748,0.0015219052,0.0002889803,0.33465007,0.71210194,-0.0069754934,1.1837889,0.7550366,2.7833018,22.0,0.57423526,,,,,,,,,,,,,,,,,,,,,,,,
FAILED_SETUP,,,,,,,2025-09-05,7805.0,威聯通,電腦及週邊設備業,0.6396264367816092,SECTOR_WEAK,-0.16189432,-0.16587819,0.061949108,0.1365551028256375,,0.018517746,0.008,0.16537271,0.23629248,3.487663,1.1175187,0.18091993,0.09127866,0.82802546,-0.0048443666,1.4684287,1.8536404,2.4906769,52.0,0.5020923,,,,,,,,,,,,,,,,,,,,,,,,
FAILED_SETUP,,,,,,,2025-09-05,7738.0,東聯互動,數位雲端,0.6570685714101874,SECTOR_WEAK,-0.079664305,-0.16935657,0.12330536,0.1365551028256375,0.1223176,0.28776798,0.076,0.0864291,0.25543195,2.4798086,0.7542379,0.060085837,0.19147974,0.84713376,-0.075159855,0.8531856,0.448588,0.85183406,61.0,-0.06394171,,,,,,,,,,,,,,,,,,,,,,,,
FAILED_SETUP,,,,,,,2025-09-05,7786.0,東方風能,綠能環保,0.7260067183188197,SECTOR_WEAK,-0.10291035,-0.2733023,0.030524857,0.1365551028256375,0.04964539,0.27288464,0.024,0.076347716,0.2274977,3.192441,0.482414,0.04964539,0.037109498,0.77961785,-0.051607482,0.87935656,0.5398948,2.3177166,61.0,0.81324035,,,,,,,,,,,,,,,,,,,,,,,,
FAILED_SETUP,,,,,,,2025-09-05,4966.0,譜瑞-KY,半導體業,0.788891694555773,TOO_EXTENDED,-0.20282029,-0.2140266,0.06408706,0.1365551028256375,0.038156882,0.27320418,0.008,0.120992854,0.30537748,4.8271446,0.119293444,0.02419513,0.039493445,0.7566879,0.06727262,0.92345357,1.1436715,4.496409,7.0,1.1971792,,,,,,,,,,,,,,,,,,,,,,,,
FAILED_SETUP,,,,,,,2025-09-05,8034.0,榮群,通信網路業,0.8357513510231099,STOCK_SPECIFIC,-0.20180038,-0.2446184,0.060665354,0.1365551028256375,0.004098393,0.26904017,0.0,0.11832221,0.34939566,4.3223953,0.407496,0.08223285,0.0,0.8012739,0.07590392,1.081545,1.5744878,3.991081,17.0,-0.20592637,,,,,,,,,,,,,,,,,,,,,,,,
FAILED_SETUP,,,,,,,2025-09-05,8499.0,鼎炫-KY,其他,0.6280338139830791,STOCK_SPECIFIC,-0.10369643,-0.13571429,0.1,0.1365551028256375,0.25272727,0.65880704,0.064,-0.02002505,0.5204424,1.2762637,0.7714827,0.08,0.34057084,0.91847134,0.07453959,0.87953216,0.38361984,1.5917796,105.0,1.2393576,,,,,,,,,,,,,,,,,,,,,,,,
FAILED_SETUP,,,,,,,2025-09-05,8935.0,邦泰,其他,0.7811475733863528,STOCK_SPECIFIC,-0.2897826,-0.32971016,0.061594203,0.1365551028256375,0.13718411,0.26264054,0.016,0.4495955,0.4477352,3.7261896,3.4508626,1.0,0.2199832,0.75414014,0.06958917,1.2914147,1.0906471,3.9709373,6.0,1.6772598,,,,,,,,,,,,,,,,,,,,,,,,
FAILED_SETUP,,,,,,,2025-09-05,7642.0,昶瑞機電,電機機械,0.6415903586937202,STOP_TOO_TIGHT,-0.047754243,-0.24491526,0.008474577,0.1365551028256375,0.11885246,0.3156721,0.072,0.036967274,0.23864815,0.72376156,1.4589728,0.06967214,0.3294123,0.84968156,0.0041980804,1.0851735,0.26802483,0.96737003,65.0,0.62125814,,,,,,,,,,,,,,,,,,,,,,,,
FAILED_SETUP,,,,,,,2025-09-05,4916.0,事欣科,電腦及週邊設備業,0.6755432222836171,SECTOR_WEAK,-0.1737366,-0.21898928,0.10260337,0.1365551028256375,0.13679247,0.35145018,0.036,0.008088051,0.38601616,2.5052052,0.7873555,0.13679247,0.13043839,0.8267516,-0.0052842353,0.9867841,0.30635345,2.7656007,42.0,0.1320941,,,,,,,,,,,,,,,,,,,,,,,,
FAILED_SETUP,,,,,,,2025-09-05,4541.0,晟田,其他,0.7978597956112561,TOO_EXTENDED,-0.29960254,-0.33147854,0.004769475,0.1365551028256375,0.104928456,0.26469633,0.004,0.23076873,0.4033791,4.6695576,3.3377554,1.0,0.034033567,0.9095541,0.06680456,1.5643122,1.0036637,4.0630336,32.0,0.024127994,,,,,,,,,,,,,,,,,,,,,,,,
FAILED_SETUP,,,,,,,2025-09-05,4526.0,東台,電機機械,0.7106578652105617,STOCK_SPECIFIC,-0.16270587,-0.1973856,0.058823552,0.1365551028256375,0.11873353,0.30663267,0.044,0.13259217,0.29518035,2.9091482,0.47027907,0.076517165,0.18352115,0.7464968,0.0014326628,0.9209932,0.36754978,2.889204,19.0,0.8323996,,,,,,,,,,,,,,,,,,,,,,,,
FAILED_SETUP,,,,,,,2025-09-05,1616.0,億泰,電器電纜,0.673178079283079,STOCK_SPECIFIC,-0.093341835,-0.14540815,0.02040817,0.1365551028256375,0.09627727,0.30243146,0.052,-0.0018048593,0.39246994,2.024743,0.979765,0.09145306,0.2467256,0.9452229,0.0071006618,0.9508197,0.6924425,1.2937741,105.0,-0.43129128,,,,,,,,,,,,,,,,,,,,,,,,
FAILED_SETUP,,,,,,,2025-09-05,1810.0,和成,玻璃陶瓷,0.701226784882697,STOCK_SPECIFIC,-0.19867711,-0.21973091,0.029148007,0.1365551028256375,0.1557562,0.22845064,0.028,0.19067831,0.2909423,2.8583865,0.031784896,0.006314931,0.230545,0.7872611,0.0,1.2220367,0.74419534,3.0221305,19.0,0.2716634,,,,,,,,,,,,,,,,,,,,,,,,
FAILED_SETUP,,,,,,,2025-09-05,2345.0,智邦,電子工業,0.678067882124993,STOCK_SPECIFIC,-0.105652176,-0.14589372,0.14009662,0.1365551028256375,0.063725494,0.26388383,0.02,-0.053718816,0.38957462,2.5137932,0.6031631,0.063725494,0.016952988,0.89936304,0.0653594,1.15311,0.92353165,3.7604668,86.0,0.9321446,,,,,,,,,,,,,,,,,,,,,,,,
FAILED_SETUP,,,,,,,2025-09-05,2404.0,漢唐,電子工業,0.6886717908626682,STOCK_SPECIFIC,-0.107114285,-0.22761905,0.06666667,0.1365551028256375,0.20289855,0.7091968,0.036,-0.01213455,0.7115311,1.8857245,9.335823,1.0,0.057630673,0.9898089,0.0649692,1.3485113,0.65763015,3.438972,188.0,-0.07141257,,,,,,,,,,,,,,,,,,,,,,,,
FAILED_SETUP,,,,,,,2025-09-05,2406.0,國碩,電子工業,0.6664071612468904,STOCK_SPECIFIC,-0.08901408,-0.16666667,0.11502347,0.1365551028256375,0.28773585,0.61614215,0.036,0.03460421,0.5048624,1.0189635,0.0529914,0.004716981,0.26293358,0.8624204,0.06442509,0.67391306,0.28348213,2.9289827,15.0,-0.042411234,,,,,,,,,,,,,,,,,,,,,,,,
FAILED_SETUP,,,,,,,2025-09-05,2645.0,長榮航太,航運業,0.8232809914929178,TOO_EXTENDED,-0.23569947,-0.24870466,0.093264244,0.1365551028256375,0.15284973,0.5853413,0.008,0.20292498,0.6970605,3.3696296,4.2426906,1.0,0.09042725,0.9515924,0.055516493,1.2830188,0.6239455,4.411295,90.0,-0.46628055,,,,,,,,,,,,,,,,,,,,,,,,
FAILED_SETUP,,,,,,,2025-09-05,2368.0,金像電,電子零組件業,0.6296571107770584,STOCK_SPECIFIC,-0.05576099,-0.12401353,0.15445322,0.1365551028256375,0.17084283,0.4678345,0.064,-0.06700905,0.59736127,1.0288856,17.933683,1.0,0.089662395,0.96305734,0.120654464,1.1749735,0.6242188,3.1351879,80.0,-0.5659929,,,,,,,,,,,,,,,,,,,,,,,,
FAILED_SETUP,,,,,,,2025-09-05,3030.0,德律,電子工業,0.7134214444103957,STOCK_SPECIFIC,-0.1783,-0.2725,0.0,0.1365551028256375,0.13624679,0.3491978,0.056,0.08769234,0.4703357,3.3062253,5.608525,1.0,0.11961524,0.9261147,0.064290196,1.0414747,0.37319258,2.9336646,50.0,0.75660723,,,,,,,,,,,,,,,,,,,,,,,,
FAILED_SETUP,,,,,,,2025-09-05,3167.0,大量,電機機械,0.6768289784503871,STOP_TOO_TIGHT,-0.07411917,-0.19170985,0.07512953,0.1365551028256375,0.20314148,0.5468325,0.044,-0.001010259,0.61734974,0.91671926,2.7407413,0.20314148,0.11749687,0.9745223,0.004779175,1.0529011,0.52056265,1.5893593,37.0,-0.035558656,,,,,,,,,,,,,,,,,,,,,,,,
FAILED_SETUP,,,,,,,2025-09-05,3230.0,錦明,光電業,0.641286829907417,TOO_EXTENDED,-0.24710084,-0.25714287,0.1394958,0.1365551028256375,0.2010919,0.5461255,0.096,0.051893782,0.3237971,3.86182,0.1474704,0.03644006,0.30194697,0.68025476,0.06305547,1.3371105,1.1882042,4.1520324,0.0,0.6382775,,,,,,,,,,,,,,,,,,,,,,,,
FAILED_SETUP,,,,,,,2025-09-05,3294.0,英濟,電子零組件業,0.726470240493776,STOCK_SPECIFIC,-0.1710786,-0.28062156,0.009140768,0.1365551028256375,0.10545454,0.3454144,0.012,0.000325201,0.46380705,2.746583,0.8076672,0.13817458,0.08979216,0.88535035,0.11986696,1.2503536,0.35683683,3.2079666,68.0,1.0877094,,,,,,,,,,,,,,,,,,,,,,,,
FAILED_SETUP,,,,,,,2025-09-05,3297.0,杭特,光電業,0.6986880900043995,STOCK_SPECIFIC,-0.17690909,-0.246281,0.21487603,0.1365551028256375,0.22167487,0.44187754,0.064,0.12555179,0.4973569,2.0005608,1.2251986,0.21674877,0.4322156,0.9961783,0.060684588,0.78957915,0.16687116,0.38411215,95.0,1.2328585,,,,,,,,,,,,,,,,,,,,,,,,
FAILED_SETUP,,,,,,,2025-09-05,3447.0,展達,電子工業,0.7180444307445326,TOO_EXTENDED,-0.22214286,-0.2997449,0.0025510204,0.1365551028256375,0.27561134,0.49851778,0.02,0.164906,0.4590728,3.3538377,1.2406942,0.27561134,0.08397866,0.78853506,0.06387465,1.1332635,1.4020735,4.64024,10.0,0.21167372,,,,,,,,,,,,,,,,,,,,,,,,
FAILED_SETUP,,,,,,,2025-09-05,2884.0,玉山金,金融保險,0.6498075892954089,STOCK_SPECIFIC,-0.04896503,-0.13994169,0.002915452,0.1365551028256375,0.007288612,0.027489465,0.004,0.009287583,0.1509529,3.5357904,0.14885342,0.007288612,0.0050399974,0.7235669,0.0025871696,0.8324875,0.95170796,3.3667424,87.0,0.004340207,,,,,,,,,,,,,,,,,,,,,,,,
FAILED_SETUP,,,,,,,2025-09-12,6477.0,安集,電子工業,0.8287201418278609,TOO_EXTENDED,-0.16060404,-0.19910514,0.04586129,0.1004213405602199,0.050561808,0.3432163,0.012,0.10803181,0.3436047,3.4419866,0.117209725,0.018824356,0.06521376,0.69093233,0.005479571,0.8674157,0.9043468,4.5259705,30.0,0.46003053,,,,,,,,,,,,,,,,,,,,,,,,
FAILED_SETUP,,,,,,,2025-09-12,4958.0,臻鼎-KY,電子零組件業,0.6946656526698898,STOCK_SPECIFIC,-0.093947366,-0.16374269,0.040935673,0.1004213405602199,0.1923077,0.45704502,0.032,0.001928497,0.45978734,1.5951064,10.644258,1.0,0.15805028,0.8952746,0.00090725924,0.73965937,0.5636764,3.1470213,34.0,-0.7038538,,,,,,,,,,,,,,,,,,,,,,,,
FAILED_SETUP,,,,,,,2025-09-12,4966.0,譜瑞-KY,半導體業,0.6289300194075033,STOCK_SPECIFIC,-0.07366961,-0.18663304,0.10970996,0.1004213405602199,0.05779415,0.22006789,0.036,-0.107728384,0.27473527,1.8888683,0.09327702,0.0068716817,0.117638916,0.7318008,0.020938845,0.8559286,0.54921144,3.9645836,12.0,1.1499376,,,,,,,,,,,,,,,,,,,,,,,,
FAILED_SETUP,,,,,,,2025-09-12,5371.0,中光電,光電業,0.8086583143620463,SECTOR_WEAK,-0.20470001,-0.28083333,0.041666664,0.1004213405602199,0.1799163,0.8670948,0.036,0.2715356,0.61715955,2.6251602,0.009017532,0.0018458888,0.19694142,0.8659004,-0.013804145,0.93193716,0.419396,3.7629483,21.0,0.35570765,,,,,,,,,,,,,,,,,,,,,,,,
FAILED_SETUP,,,,,,,2025-09-12,5536.0,聖暉*,其他電子業,0.8633282139664887,SECTOR_WEAK,-0.23921719,-0.30209482,0.019845646,0.1004213405602199,0.12278761,0.97697294,0.028,0.2905398,0.928723,3.3863766,4.180301,1.0,0.08730627,0.9885057,-0.019609235,0.76616913,0.762592,4.5543966,80.0,-0.17420453,,,,,,,,,,,,,,,,,,,,,,,,
FAILED_SETUP,,,,,,,2025-09-12,6196.0,帆宣,電子工業,0.8442135516718601,STOCK_SPECIFIC,-0.16554528,-0.17190388,0.0018484289,0.1004213405602199,0.06077348,0.40046328,0.016,0.11541308,0.49117362,3.3796225,6.040643,1.0,0.036538024,0.9220945,0.005475172,1.009862,1.216549,3.9134192,101.0,0.797542,,,,,,,,,,,,,,,,,,,,,,,,
FAILED_SETUP,,,,,,,2025-09-12,6442.0,光聖,電子工業,0.7845826399142711,TOO_EXTENDED,-0.1542384,-0.16887417,0.14790288,0.1004213405602199,0.13207547,0.6879532,0.04,0.077999495,0.72130615,2.629516,6.4834695,1.0,0.07091844,0.95913154,0.00563616,0.6527652,0.44954294,4.644377,29.0,0.9677293,,,,,,,,,,,,,,,,,,,,,,,,
FAILED_SETUP,,,,,,,2025-09-12,6456.0,GIS-KY,光電業,0.7755312371912948,SECTOR_WEAK,-0.24426886,-0.30031446,0.031446543,0.1004213405602199,0.117274165,0.280424,0.024,0.24858353,0.30017307,4.281437,0.032439377,0.00792393,0.11903479,0.743295,-0.012916888,1.0139104,0.94723934,3.891798,12.0,0.7841876,,,,,,,,,,,,,,,,,,,,,,,,
FAILED_SETUP,,,,,,,2025-09-12,6672.0,騰輝電子-KY,電子零組件業,0.8659311897836532,SECTOR_WEAK,-0.21327999,-0.23377778,0.017777786,0.1004213405602199,0.0660793,0.4065777,0.016,0.24028003,0.4708977,3.5735745,4.688672,1.0,0.1062245,0.82758623,-0.0017430047,0.71983063,0.6178896,4.019783,48.0,0.9660415,,,,,,,,,,,,,,,,,,,,,,,,
FAILED_SETUP,,,,,,,2025-09-12,4916.0,事欣科,電腦及週邊設備業,0.6291265635879684,SECTOR_WEAK,-0.050857153,-0.22063492,0.031746034,0.1004213405602199,0.1421801,0.31951764,0.056,-0.023810755,0.34789336,0.7526176,2.7956755,0.1421801,0.18138821,0.85823756,-0.01347355,0.92035395,0.31685954,2.3837166,47.0,0.08828879,,,,,,,,,,,,,,,,,,,,,,,,
FAILED_SETUP,,,,,,,2025-09-12,6733.0,博晟生醫,生技醫療業,0.7755885214247973,SECTOR_WEAK,-0.15634783,-0.16086958,0.068478264,0.1004213405602199,0.0917226,0.2554652,0.044,0.23168631,0.39333358,3.5082927,0.38633543,0.060402703,0.2508987,0.8492976,-0.05555779,0.9355609,0.6952287,4.8788614,15.0,0.6896592,,,,,,,,,,,,,,,,,,,,,,,,
FAILED_SETUP,,,,,,,2025-09-12,6831.0,邁科,電腦及週邊設備業,0.6893772314925013,SECTOR_WEAK,-0.1,-0.12661357,0.049162317,0.1004213405602199,0.07988981,0.4427705,0.052,-0.025216501,0.37954032,1.9455725,0.72496176,0.072496176,0.17064276,0.9029374,-0.013303852,0.795756,0.5564731,1.3788656,59.0,1.7023963,,,,,,,,,,,,,,,,,,,,,,,,
FAILED_SETUP,,,,,,,2025-09-12,6895.0,宏碩系統,半導體業,0.6767949471355414,STOP_TOO_TIGHT,-0.07164835,-0.12820514,0.0970696,0.1004213405602199,0.25316456,0.72980714,0.032,-0.014521608,0.6045754,0.8833548,0.31573653,0.022622002,0.04144053,0.9374202,0.018998723,1.4952767,2.6679907,2.2746236,44.0,0.23671126,,,,,,,,,,,,,,,,,,,,,,,,
FAILED_SETUP,,,,,,,2025-09-12,6919.0,康霈*,生技醫療業,0.8063822537395247,SECTOR_WEAK,-0.32745844,-0.41567695,0.05463183,0.1004213405602199,0.33816424,0.7989849,0.008,0.45056605,0.8407899,3.521971,3.0538228,1.0,0.059049144,0.9808429,-0.06983352,1.3535912,1.9483734,2.4613802,40.0,1.3045722,,,,,,,,,,,,,,,,,,,,,,,,
FAILED_SETUP,,,,,,,2025-09-12,7786.0,東方風能,綠能環保,0.671260598817772,SECTOR_WEAK,-0.059845906,-0.35853788,0.010571582,0.1004213405602199,0.062836625,0.05146503,0.052,0.110633776,0.20491664,2.3616161,1.0499736,0.062836625,0.061379354,0.7879949,-0.10256321,0.74651814,0.30606833,1.9750842,66.0,0.8914604,,,,,,,,,,,,,,,,,,,,,,,,
FAILED_SETUP,,,,,,,2025-09-12,8034.0,榮群,通信網路業,0.8140405631632749,SECTOR_WEAK,-0.18096386,-0.22489962,0.05020081,0.1004213405602199,0.06692911,0.18431307,0.016,0.16998556,0.38789672,3.1152592,0.21896763,0.039625227,0.1374034,0.8148148,-0.06491181,1.2152919,0.47519583,3.540396,22.0,-0.37643844,,,,,,,,,,,,,,,,,,,,,,,,
FAILED_SETUP,,,,,,,2025-09-12,8932.0,智通*,數位雲端,0.820402076059635,SECTOR_WEAK,-0.17630771,-0.20330968,0.044917244,0.1004213405602199,0.18333334,0.43635607,0.016,0.23459163,0.74456006,2.9135573,5.6719017,1.0,0.055912275,0.9859515,-0.08493209,1.1601098,1.2183087,3.8369036,97.0,-0.33191305,,,,,,,,,,,,,,,,,,,,,,,,
FAILED_SETUP,,,,,,,2025-09-12,8935.0,邦泰,其他,0.6484985111037586,STOCK_SPECIFIC,-0.23404256,-0.31528047,0.0967118,0.1004213405602199,0.21856867,0.12553705,0.024,0.046567395,0.34395093,2.5022156,4.2727275,1.0,0.3260118,0.8084291,0.0136453025,1.0854503,0.49812156,2.4901526,11.0,1.6182259,,,,,,,,,,,,,,,,,,,,,,,,
FAILED_SETUP,,,,,,,2025-09-12,6727.0,亞泰金屬,電子零組件業,0.8150667410703262,SECTOR_WEAK,-0.21101522,-0.25888324,0.045685284,0.1004213405602199,0.19095477,1.9066863,0.016,0.09387426,1.3404652,2.5581539,4.7389946,1.0,0.08397775,0.9974457,-0.00032679658,1.2397261,1.949896,4.845372,24.0,-1.4501475,,,,,,,,,,,,,,,,,,,,,,,,
FAILED_SETUP,,,,,,,2025-09-12,4744.0,皇將,生技醫療業,0.7753253102484456,SECTOR_WEAK,-0.16314061,-0.2,0.009375,0.1004213405602199,0.113207564,0.26414067,0.016,0.10016618,0.37144166,3.20557,0.2403477,0.039210472,0.17394756,0.85057473,-0.05797877,1.3441559,0.6812982,3.6064978,57.0,0.12465701,,,,,,,,,,,,,,,,,,,,,,,,
FAILED_SETUP,,,,,,,2025-09-12,2228.0,劍麟,汽車工業,0.6344243675277409,SECTOR_WEAK,-0.12,-0.20177777,0.09777778,0.1004213405602199,0.15418503,0.16274214,0.032,0.0017760225,0.26131636,1.6578947,0.2103259,0.025239106,0.22203349,0.798212,-0.039740823,0.6832298,1.1196455,1.998882,23.0,1.6674142,,,,,,,,,,,,,,,,,,,,,,,,
FAILED_SETUP,,,,,,,2025-09-12,3605.0,宏致,電子零組件業,0.732814483034484,STOCK_SPECIFIC,-0.11777464,-0.17564103,0.0,0.1004213405602199,0.08461539,0.20382132,0.016,0.034711678,0.3231627,2.5822074,0.21817815,0.025695853,0.051840223,0.7356322,0.00051965227,1.2354684,0.46230727,3.6360376,56.0,0.011207419,,,,,,,,,,,,,,,,,,,,,,,,
FAILED_SETUP,,,,,,,2025-09-12,1295.0,生合,食品工業,0.7599844937505864,SECTOR_WEAK,-0.21507142,-0.30357143,0.021428572,0.1004213405602199,0.12903225,0.16223298,0.032,0.21775346,0.42278558,3.3455555,0.24997945,0.053763438,0.17543213,0.95657724,-0.019071417,1.0089021,0.40806267,1.4879631,69.0,-0.46520454,,,,,,,,,,,,,,,,,,,,,,,,
FAILED_SETUP,,,,,,,2025-09-12,1717.0,長興,化學生技醫療,0.6936241660452643,STOCK_SPECIFIC,-0.08669846,-0.09773538,0.036948763,0.1004213405602199,0.15613827,0.43103603,0.052,0.019474884,0.4619311,1.3780243,11.534231,1.0,0.35623297,0.87611747,0.021868581,1.0557077,0.41380015,3.7446997,23.0,0.91827506,,,,,,,,,,,,,,,,,,,,,,,,
FAILED_SETUP,,,,,,,2025-09-12,2313.0,華通,電子零組件業,0.6685840423903328,STOCK_SPECIFIC,-0.073624685,-0.07840618,0.19151671,0.1004213405602199,0.06727037,0.15678662,0.016,-0.033822782,0.24157669,1.9464079,0.0037895036,0.00027900102,0.044747215,0.7547893,0.0014047935,0.7440273,0.37436402,3.3986247,38.0,-0.19906974,,,,,,,,,,,,,,,,,,,,,,,,
FAILED_SETUP,,,,,,,2025-09-12,2316.0,楠梓電,電子零組件業,0.7368337621420353,STOP_TOO_TIGHT,-0.06194752,-0.08980827,0.15035318,0.1004213405602199,0.17171718,1.0015553,0.044,0.019465711,0.7385014,0.81775445,16.142696,1.0,0.30209434,0.9770115,0.00049095514,0.7191822,0.6051645,2.7394354,44.0,-2.5819707,,,,,,,,,,,,,,,,,,,,,,,,
FAILED_SETUP,,,,,,,2025-09-12,2345.0,智邦,電子工業,0.789236490056741,TOO_EXTENDED,-0.1585,-0.19636364,0.07272727,0.1004213405602199,0.05882353,0.21702607,0.004,0.014646481,0.48297036,3.5790322,6.3091483,1.0,0.0072955843,0.92720306,0.006132687,1.2368972,0.80793023,4.5182247,91.0,0.8799156,,,,,,,,,,,,,,,,,,,,,,,,
FAILED_SETUP,,,,,,,2025-09-12,2368.0,金像電,電子零組件業,0.8260574126291982,TOO_EXTENDED,-0.12568769,-0.19648397,0.19131334,0.1004213405602199,0.055441476,0.55243933,0.012,-0.0016320474,0.71730405,2.3731658,0.44110504,0.055441476,0.019269053,0.98467433,0.0009652603,1.0605428,0.8497142,4.12027,85.0,-0.62921154,,,,,,,,,,,,,,,,,,,,,,,,
FAILED_SETUP,,,,,,,2025-09-12,2404.0,漢唐,電子工業,0.6685450298519993,STOCK_SPECIFIC,-0.083333336,-0.32777777,0.0,0.1004213405602199,0.16901408,0.7018766,0.036,-0.07651133,0.705508,1.6050955,2.028169,0.16901408,0.053209234,0.99233717,0.006721868,0.78899086,0.6501188,3.4464362,193.0,0.07264734,,,,,,,,,,,,,,,,,,,,,,,,
FAILED_SETUP,,,,,,,2025-09-12,2498.0,宏達電,電子工業,0.822003565449706,STOCK_SPECIFIC,-0.2615695,-0.30044842,0.07473842,0.1004213405602199,0.15639098,0.50837946,0.024,0.36566362,0.50776553,3.8641322,0.1264777,0.03308271,0.22535321,0.8773946,0.0038831162,0.75821215,0.32487795,3.9639063,16.0,0.23227939,,,,,,,,,,,,,,,,,,,,,,,,
FAILED_SETUP,,,,,,,2025-09-12,2630.0,亞航,航運業,0.6392890829090515,STOCK_SPECIFIC,-0.18128572,-0.22698413,0.026984127,0.1004213405602199,0.26825398,0.4873967,0.04,-0.017648345,0.5270056,2.3376317,0.058617055,0.010626435,0.0887812,0.90676886,0.0035815476,0.83750004,0.53691643,3.151194,37.0,1.0010846,,,,,,,,,,,,,,,,,,,,,,,,
FAILED_SETUP,,,,,,,2025-09-12,3630.0,新鉅科,光電業,0.8856236327092972,SECTOR_WEAK,-0.2430886,-0.2721519,0.0,0.1004213405602199,0.07634543,0.5663068,0.02,0.38617012,0.611862,3.5422397,4.113726,1.0,0.14095928,0.9259259,-0.016357131,0.94538605,0.9727042,4.567369,15.0,-0.110595345,,,,,,,,,,,,,,,,,,,,,,,,
FAILED_SETUP,,,,,,,2025-09-12,2753.0,八方雲集,觀光餐旅,0.6664813159571159,STOCK_SPECIFIC,-0.0962954,-0.111380145,0.07263923,0.1004213405602199,0.01946472,0.05010484,0.0,-0.018614005,0.14758568,4.034638,0.19470763,0.01874945,0.0,0.7496807,0.017561851,1.0297029,1.5960965,3.0908213,133.0,0.35037735,,,,,,,,,,,,,,,,,,,,,,,,
FAILED_SETUP,,,,,,,2025-09-12,3040.0,遠見,其他,0.8237690062666976,STOCK_SPECIFIC,-0.21482758,-0.2937931,0.0,0.1004213405602199,0.07391911,0.4361715,0.012,0.13679107,0.32490954,5.0827503,0.05193747,0.011157601,0.035221357,0.8518519,0.013350238,1.3658537,0.5730841,2.2040606,61.0,-0.9695454,,,,,,,,,,,,,,,,,,,,,,,,
FAILED_SETUP,,,,,,,2025-09-12,3044.0,健鼎,電子零組件業,0.6334776961861539,STOCK_SPECIFIC,-0.07157895,-0.079744816,0.12440191,0.1004213405602199,0.08466454,0.29104027,0.052,-0.07674049,0.38041782,2.1227028,1.1828134,0.08466454,0.10880129,0.8914432,0.0019364988,0.8512586,0.5589343,3.1641319,78.0,0.38944337,,,,,,,,,,,,,,,,,,,,,,,,
FAILED_SETUP,,,,,,,2025-09-12,3059.0,華晶科,光電業,0.8334381898182214,SECTOR_WEAK,-0.23398568,-0.25731498,0.005163511,0.1004213405602199,0.10374149,0.32076257,0.012,0.24898411,0.43853,3.9128926,4.2737656,1.0,0.051942095,0.8403576,-0.013069832,1.1804817,0.9049081,4.2342615,38.0,1.8836373,,,,,,,,,,,,,,,,,,,,,,,,
FAILED_SETUP,,,,,,,2025-09-12,3211.0,順達,電腦及週邊設備業,0.9480283853253596,SECTOR_WEAK,-0.26869348,-0.30653265,0.006281407,0.1004213405602199,0.043103445,0.89641964,0.008,0.40041685,0.8927814,5.207513,3.721713,1.0,0.00669753,0.9833972,-0.020205515,0.9200438,0.86393344,6.22371,101.0,-0.53079575,,,,,,,,,,,,,,,,,,,,,,,,
FAILED_SETUP,,,,,,,2025-09-12,3230.0,錦明,光電業,0.7626906799539751,SECTOR_WEAK,-0.26920882,-0.3050571,0.061990213,0.1004213405602199,0.11004139,0.7199893,0.024,0.020355433,0.42251727,4.049693,0.21835862,0.058784064,0.10316053,0.57726693,-0.0073800567,1.0973451,0.88399047,4.372111,0.0,0.67355037,,,,,,,,,,,,,,,,,,,,,,,,
FAILED_SETUP,,,,,,,2025-09-12,3297.0,杭特,光電業,0.6271966775144568,SECTOR_WEAK,-0.08152709,-0.25697866,0.06732348,0.1004213405602199,0.22570017,0.34857905,0.08,0.0031355524,0.44394314,1.0998417,2.707785,0.22075783,0.4068106,0.9936143,-0.0070339087,0.9664694,0.26893836,0.07753164,100.0,0.7411028,,,,,,,,,,,,,,,,,,,,,,,,
FAILED_SETUP,,,,,,,2025-09-12,3416.0,融程電,電腦及週邊設備業,0.825558644734048,SECTOR_WEAK,-0.22357868,-0.23857868,0.0,0.1004213405602199,0.07106599,0.26966354,0.012,0.22157763,0.32896835,4.017133,4.472698,1.0,0.075134225,0.8033206,-0.01763766,1.0294118,0.5424758,3.448594,35.0,-0.01971349,,,,,,,,,,,,,,,,,,,,,,,,
FAILED_SETUP,,,,,,,2025-09-12,2645.0,長榮航太,航運業,0.6984192514530936,STOCK_SPECIFIC,-0.09562162,-0.24864864,0.0054054055,0.1004213405602199,0.19946092,0.5339048,0.052,0.026635075,0.5883648,1.3570411,10.457886,1.0,0.2799337,0.9399745,0.0018735628,0.84942085,0.41988426,3.4281027,95.0,-0.6558789,,,,,,,,,,,,,,,,,,,,,,,,
FAILED_SETUP,,,,,,,2025-09-19,6449.0,鈺邦,電子工業,0.8446379609007671,TOO_EXTENDED,-0.16371053,-0.16842106,0.22105263,0.0597265905736339,0.078947365,0.5973665,0.008,0.0543099,0.57644314,2.6798155,0.09644751,0.015789473,0.07736065,0.90909094,0.010503009,1.1129032,0.8554253,4.62359,16.0,-0.9568626,,,,,,,,,,,,,,,,,,,,,,,,
FAILED_SETUP,,,,,,,2025-09-19,6442.0,光聖,電子工業,0.6339673348181144,STOP_TOO_TIGHT,-0.024487805,-0.08170731,0.34756097,0.0597265905736339,0.25461254,0.57171375,0.04,-0.038358044,0.525786,0.43584496,10.397524,0.25461254,0.101366624,0.9469697,0.011062068,0.78983384,0.979587,2.758565,34.0,1.0528109,,,,,,,,,,,,,,,,,,,,,,,,
FAILED_SETUP,,,,,,,2025-09-19,6291.0,沛亨,半導體業,0.6588661222469685,STOCK_SPECIFIC,-0.1475,-0.23148148,0.086419754,0.0597265905736339,0.3490566,0.62370265,0.016,-0.0014206409,0.4961483,1.6479311,0.24699107,0.036431182,0.14483286,0.88383836,0.068977304,0.8402778,0.3673122,1.7032185,43.0,-0.24206635,,,,,,,,,,,,,,,,,,,,,,,,
FAILED_SETUP,,,,,,,2025-09-19,6209.0,今國光,電子工業,0.8517154169759961,TOO_EXTENDED,-0.13573365,-0.14919852,0.4648582,0.0597265905736339,0.042553186,0.39685613,0.0,0.0746116,0.39529198,3.217369,0.15675248,0.021276586,0.0,0.75,0.010397399,0.97866285,0.68405837,5.2458596,33.0,0.76511735,,,,,,,,,,,,,,,,,,,,,,,,
FAILED_SETUP,,,,,,,2025-09-19,6179.0,亞通,其他,0.8031591190299432,SECTOR_WEAK,-0.24782123,-0.27793294,0.06703911,0.0597265905736339,0.03597123,0.1338001,0.008,0.23410632,0.30300203,4.938688,0.0015455267,0.0003830143,0.049721804,0.81060606,-0.039867837,0.784689,0.9761746,3.1404235,30.0,1.6011723,,,,,,,,,,,,,,,,,,,,,,,,
FAILED_SETUP,,,,,,,2025-09-19,6191.0,精成科,電子工業,0.7926132145508537,STOCK_SPECIFIC,-0.20648855,-0.22137405,0.034351148,0.0597265905736339,0.14999999,0.44679478,0.04,0.18237635,0.53289145,3.0055556,0.7264325,0.14999999,0.12670511,0.95454544,0.009588092,0.60638297,0.85050356,2.2385716,93.0,-0.6706988,,,,,,,,,,,,,,,,,,,,,,,,
FAILED_SETUP,,,,,,,2025-09-19,6188.0,廣明,電腦及週邊設備業,0.7667750556792873,SECTOR_WEAK,-0.110609755,-0.24227643,0.06504065,0.0597265905736339,0.07755102,0.24321626,0.016,0.07302084,0.3172366,3.097073,0.57778203,0.06390833,0.08196319,0.8055556,-0.045745462,0.8325792,0.4828926,5.049014,16.0,0.26763245,,,,,,,,,,,,,,,,,,,,,,,,
FAILED_SETUP,,,,,,,2025-09-19,6456.0,GIS-KY,光電業,0.7948235585251175,SECTOR_WEAK,-0.16599064,-0.35881436,0.023400936,0.0597265905736339,0.099843994,0.38637757,0.016,0.12983312,0.31216225,3.3474157,0.23496242,0.03900156,0.08389196,0.7323232,-0.027852524,0.60509557,0.4915214,4.1748314,17.0,0.7828191,,,,,,,,,,,,,,,,,,,,,,,,
FAILED_SETUP,,,,,,,2025-09-19,5536.0,聖暉*,其他電子業,0.7255476367235832,SECTOR_WEAK,-0.08586683,-0.21984924,0.1620603,0.0597265905736339,0.2703379,0.84973735,0.024,0.0336315,0.6593,1.1886957,3.148339,0.2703379,0.086159535,0.9734849,-0.043204058,0.7369323,0.36624372,2.65686,85.0,0.54183483,,,,,,,,,,,,,,,,,,,,,,,,
FAILED_SETUP,,,,,,,2025-09-19,6196.0,帆宣,電子工業,0.6321212571145756,STOCK_SPECIFIC,-0.06892857,-0.13293651,0.043650795,0.0597265905736339,0.14285715,0.26744214,0.064,-0.014971121,0.35553062,1.6542857,2.0725389,0.14285715,0.11474568,0.88131315,0.010983314,0.68210524,0.5689368,2.465031,106.0,1.1758341,,,,,,,,,,,,,,,,,,,,,,,,
FAILED_SETUP,,,,,,,2025-09-19,6488.0,環球晶,半導體業,0.923295718881465,TOO_EXTENDED,-0.29783702,-0.2997988,0.12273642,0.0597265905736339,0.02970297,0.5464982,0.0,0.24283701,0.5032063,6.8963394,0.011327623,0.0033737856,0.0,0.8712121,0.0662943,2.1961932,4.3368263,6.9453506,16.0,1.6380934,,,,,,,,,,,,,,,,,,,,,,,,
FAILED_SETUP,,,,,,,2025-09-19,6753.0,龍德造船,航運業,0.7254941846077705,SECTOR_WEAK,-0.2591902,-0.29617834,0.07324841,0.0597265905736339,0.36305732,0.39702466,0.02,0.34691054,0.4078188,2.5197814,0.18138969,0.04701443,0.17657542,0.76641417,-0.046191063,0.8986315,0.5929589,2.0874305,31.0,0.3571134,,,,,,,,,,,,,,,,,,,,,,,,
FAILED_SETUP,,,,,,,2025-09-19,6672.0,騰輝電子-KY,電子零組件業,0.7110299430833952,SECTOR_WEAK,-0.098208524,-0.20758294,0.018957347,0.0597265905736339,0.14691944,0.3185412,0.048,0.05855647,0.3484529,1.7268331,1.4959948,0.14691944,0.2977678,0.82828283,-0.0113490345,0.7806401,0.24386808,2.637222,53.0,1.0647168,,,,,,,,,,,,,,,,,,,,,,,,
FAILED_SETUP,,,,,,,2025-09-19,6727.0,亞泰金屬,電子零組件業,0.7033323434793368,SECTOR_WEAK,-0.12723684,-0.28157896,0.08421053,0.0597265905736339,0.2707775,1.6126368,0.028,0.0002500749,1.1040742,1.3143688,7.859359,1.0,0.0928481,0.9949495,-0.010864021,1.0456693,0.9408737,3.0637913,29.0,-1.6464125,,,,,,,,,,,,,,,,,,,,,,,,
FAILED_SETUP,,,,,,,2025-09-19,6761.0,穩得,電子零組件業,0.8117381836179163,SECTOR_WEAK,-0.24015924,-0.24203822,0.06369427,0.0597265905736339,0.17405063,0.5297874,0.028,0.24274199,0.54731417,3.0512717,0.72473013,0.17405063,0.28604248,0.8901515,-0.013285094,0.7353535,0.5923132,3.4337764,34.0,-0.1703054,,,,,,,,,,,,,,,,,,,,,,,,
FAILED_SETUP,,,,,,,2025-09-19,6831.0,邁科,電腦及週邊設備業,0.8039326899282356,SECTOR_WEAK,-0.108391605,-0.17090486,0.011866918,0.0597265905736339,0.039787803,0.38147387,0.012,0.030691693,0.4118335,2.6645582,0.3013954,0.032668732,0.03314219,0.9280303,-0.04504809,0.7705382,1.0806683,1.9665278,64.0,1.8897651,,,,,,,,,,,,,,,,,,,,,,,,
FAILED_SETUP,,,,,,,2025-09-19,6923.0,中台,綠能環保,0.8632491957436278,SECTOR_WEAK,-0.18551965,-0.18689956,0.15283842,0.0597265905736339,0.07359308,0.31199923,0.0,0.20550804,0.4146211,3.7266667,0.019247796,0.0035708442,0.0,0.8421717,-0.17125934,1.4812398,0.53091705,3.5377116,44.0,-1.2854501,,,,,,,,,,,,,,,,,,,,,,,,
FAILED_SETUP,,,,,,,2025-09-19,7703.0,銳澤,其他電子業,0.692621133382826,SECTOR_WEAK,-0.09599577,-0.22881356,0.042372882,0.0597265905736339,0.31355932,0.48471552,0.02,0.057339005,0.4570756,1.554755,3.266387,0.31355932,0.0939555,0.905303,-0.043597955,1.0316455,1.471948,2.560948,46.0,0.10465489,,,,,,,,,,,,,,,,,,,,,,,,
FAILED_SETUP,,,,,,,2025-09-19,7738.0,東聯互動,數位雲端,0.7426434050977481,SECTOR_WEAK,-0.1561834,-0.23841843,-0.005603346,0.0597265905736339,0.043912176,0.043011747,0.016,0.13266848,0.31392726,4.9037166,0.28115773,0.043912176,0.0638725,0.86742425,-0.10058963,1.4294294,0.9934209,2.3240411,71.0,1.0521519,,,,,,,,,,,,,,,,,,,,,,,,
FAILED_SETUP,,,,,,,2025-09-19,5371.0,中光電,光電業,0.6957678792378124,SECTOR_WEAK,-0.08446902,-0.26902655,0.10619469,0.0597265905736339,0.25333333,0.8252934,0.04,0.041897267,0.5001411,1.1089627,0.7598403,0.06418297,0.22828144,0.8611111,-0.025992488,0.8666667,0.5845542,2.7248578,26.0,0.29473382,,,,,,,,,,,,,,,,,,,,,,,,
FAILED_SETUP,,,,,,,2025-09-19,8932.0,智通*,數位雲端,0.8259653551101213,SECTOR_WEAK,-0.117597185,-0.2860465,0.027906973,0.0597265905736339,0.16941176,0.56530946,0.02,0.16287357,0.710678,1.8399687,8.503605,1.0,0.050948326,0.9747475,-0.12495401,0.91939795,1.3720292,3.1975996,102.0,-0.2589997,,,,,,,,,,,,,,,,,,,,,,,,
FAILED_SETUP,,,,,,,2025-09-19,8935.0,邦泰,其他,0.7470002474634991,SECTOR_WEAK,-0.1695,-0.37037036,0.014814815,0.0597265905736339,0.17537314,0.25195938,0.024,0.14167814,0.38908085,2.0768557,1.0346497,0.17537314,0.3135346,0.7941919,-0.037389632,0.7733027,1.4039375,2.8737438,16.0,1.7436055,,,,,,,,,,,,,,,,,,,,,,,,
FAILED_SETUP,,,,,,,2025-09-19,6535.0,順藥,生技醫療業,0.7346528087107151,SECTOR_WEAK,-0.42485714,-0.42539683,0.014285714,0.0597265905736339,0.2820513,0.7691425,0.092,0.6416985,0.7383875,7.5549197,0.18860036,0.08012821,0.1941753,0.9141414,-0.13427034,1.0361067,0.8926872,7.3706994,1.0,0.6147297,,,,,,,,,,,,,,,,,,,,,,,,
FAILED_SETUP,,,,,,,2025-09-19,8034.0,榮群,通信網路業,0.7689863895075476,SECTOR_WEAK,-0.12308618,-0.22645293,0.04809619,0.0597265905736339,0.09054325,0.22517335,0.024,0.10937663,0.3439373,2.6871252,0.5088716,0.06263506,0.14909877,0.7739899,-0.045796644,0.5632653,0.2631369,3.518958,27.0,-0.48791397,,,,,,,,,,,,,,,,,,,,,,,,
FAILED_SETUP,,,,,,,2025-09-19,5234.0,達興材料,電子工業,0.7285538233110616,STOCK_SPECIFIC,-0.16638382,-0.1853786,0.079634465,0.0597265905736339,0.17060368,0.2438639,0.052,0.0930277,0.58805513,2.7967083,6.0102,1.0,0.08324286,0.9760101,0.010210628,0.7614973,0.51801264,3.3036048,68.0,-0.052822635,,,,,,,,,,,,,,,,,,,,,,,,
FAILED_SETUP,,,,,,,2025-09-19,4958.0,臻鼎-KY,電子零組件業,0.6299564464241525,SECTOR_WEAK,-0.04785294,-0.20294118,0.047058824,0.0597265905736339,0.18879056,0.50453496,0.04,-0.07539192,0.4410141,0.91477907,3.9452238,0.18879056,0.19045377,0.8926768,-0.009708252,0.79389316,0.98144716,2.9593039,39.0,-0.8280806,,,,,,,,,,,,,,,,,,,,,,,,
FAILED_SETUP,,,,,,,2025-09-19,2228.0,劍麟,汽車工業,0.7625449146250928,SECTOR_WEAK,-0.16455697,-0.24219409,0.008438818,0.0597265905736339,0.10548523,0.2299372,0.012,0.11173342,0.30520797,2.84375,0.64102566,0.10548523,0.093572274,0.8169192,-0.048638575,0.955414,2.28116,2.785661,28.0,1.9788187,,,,,,,,,,,,,,,,,,,,,,,,
FAILED_SETUP,,,,,,,2025-09-19,4991.0,環宇-KY,半導體業,0.70549715416976,STOCK_SPECIFIC,-0.1539466,-0.23738872,0.09198813,0.0597265905736339,0.09763313,0.435068,0.016,-0.05984836,0.37270403,3.1442423,0.55732846,0.085798815,0.030383864,0.8042929,0.07033685,1.0430108,4.0856504,1.7505051,64.0,0.93603605,,,,,,,,,,,,,,,,,,,,,,,,
FAILED_SETUP,,,,,,,2025-09-19,2345.0,智邦,電子工業,0.6254407324919574,STOCK_SPECIFIC,-0.088029556,-0.12906404,0.16256158,0.0597265905736339,0.15270936,0.24300228,0.06,-0.007462585,0.3425118,1.9068598,0.78343594,0.06896552,0.055480078,0.9179293,0.010921586,0.9905163,1.567637,2.1746726,96.0,1.0231555,,,,,,,,,,,,,,,,,,,,,,,,
FAILED_SETUP,,,,,,,2025-09-19,2455.0,全新,電子工業,0.7516609750061864,STOCK_SPECIFIC,-0.1326284,-0.17220543,0.018126888,0.0597265905736339,0.058950108,0.24202482,0.032,0.07113658,0.30990896,3.7705522,0.42223525,0.056000385,0.065538354,0.81565654,0.010429928,1.0553192,1.2625346,3.5014315,1.0,1.8624678,,,,,,,,,,,,,,,,,,,,,,,,
FAILED_SETUP,,,,,,,2025-09-19,2476.0,鉅祥,電子工業,0.8117144271219996,TOO_EXTENDED,-0.18918552,-0.22262444,0.027149322,0.0597265905736339,0.10000001,0.39603317,0.02,0.13587013,0.3798164,3.6999998,0.031142525,0.0058917147,0.08547582,0.7752525,0.010023871,0.8226691,0.612242,4.1682787,22.0,0.2726862,,,,,,,,,,,,,,,,,,,,,,,,
FAILED_SETUP,,,,,,,2025-09-19,2498.0,宏達電,電子工業,0.7595169512496908,TOO_EXTENDED,-0.1556315,-0.30460623,0.0,0.0597265905736339,0.12591508,0.5369996,0.036,0.03273005,0.5257342,2.6468592,0.03763062,0.00585651,0.2061079,0.91161615,0.010613862,0.8240741,0.5214645,4.399218,21.0,0.17227478,,,,,,,,,,,,,,,,,,,,,,,,
FAILED_SETUP,,,,,,,2025-09-19,2612.0,中航,航運業,0.7142316258351893,SECTOR_WEAK,-0.10478724,-0.1462766,0.07801418,0.0597265905736339,0.019434622,0.079269275,0.0,0.014491341,0.2297774,3.5358973,0.18546745,0.019434622,0.0,0.71338385,-0.030894471,0.75920683,1.4381119,4.0190167,50.0,0.72205305,,,,,,,,,,,,,,,,,,,,,,,,
FAILED_SETUP,,,,,,,2025-09-19,2634.0,漢翔,航運業,0.7312274189557041,SECTOR_WEAK,-0.22691011,-0.24317817,0.083467096,0.0597265905736339,0.15322581,0.2590422,0.052,0.24743119,0.32524356,4.0472593,0.014043307,0.0031865684,0.28120834,0.69823235,-0.04144297,0.6877579,0.23911974,3.4638047,34.0,-1.3698586,,,,,,,,,,,,,,,,,,,,,,,,
FAILED_SETUP,,,,,,,2025-09-19,2812.0,台中銀,金融保險,0.6246018312298935,SECTOR_WEAK,-0.05861606,-0.06707409,0.04017861,0.0597265905736339,0.02690583,-0.006030131,0.012,0.003928527,0.14102273,3.9531176,0.0765028,0.0044842926,0.012490681,0.57449496,-0.05496942,1.088,1.2334919,3.4791303,106.0,-0.16074678,,,,,,,,,,,,,,,,,,,,,,,,
FAILED_SETUP,,,,,,,2025-09-19,3005.0,神基,電腦及週邊設備業,0.7649487750556794,SECTOR_WEAK,-0.13724138,-0.22884013,0.037617557,0.0597265905736339,0.05345912,0.14903586,0.028,0.11829413,0.34126872,3.854843,0.38952625,0.05345912,0.0618436,0.8068182,-0.046607915,0.74380165,0.4348769,4.7796645,88.0,-0.19478473,,,,,,,,,,,,,,,,,,,,,,,,
FAILED_SETUP,,,,,,,2025-09-19,3059.0,華晶科,光電業,0.6649764909675823,SECTOR_WEAK,-0.12218796,-0.24349442,0.0111524165,0.0597265905736339,0.21535581,0.21006589,0.028,0.09620099,0.2906795,1.8199949,8.184113,1.0,0.090657435,0.790404,-0.027186932,0.83267033,0.31341305,2.218794,43.0,2.1461115,,,,,,,,,,,,,,,,,,,,,,,,
FAILED_SETUP,,,,,,,2025-09-19,2316.0,楠梓電,電子零組件業,0.7215466468695867,SECTOR_WEAK,-0.099999994,-0.15406698,0.09090909,0.0597265905736339,0.104761906,0.84875923,0.032,-0.09001536,0.7880547,1.5816215,1.0476191,0.104761906,0.1911414,0.99116164,-0.009568685,0.8345515,0.49886182,3.3870232,49.0,-1.9395578,,,,,,,,,,,,,,,,,,,,,,,,
FAILED_SETUP,,,,,,,2025-09-19,3163.0,波若威,通信網路業,0.6424617668893837,SECTOR_WEAK,-0.082600005,-0.12222222,0.15333334,0.0597265905736339,0.14798206,0.08609078,0.036,0.061893724,0.24748619,1.5769091,0.06282931,0.005189701,0.09443103,0.7070707,-0.04239886,0.701107,0.5158638,1.9783838,76.0,2.1450386,,,,,,,,,,,,,,,,,,,,,,,,
FAILED_SETUP,,,,,,,2025-09-19,3149.0,正達,電子工業,0.7027067557535263,TOO_EXTENDED,-0.19052266,-0.22648083,0.087108,0.0597265905736339,0.0968362,0.12853715,0.028,0.09038536,0.25591603,4.3495455,0.5082661,0.0968362,0.13501807,0.7386364,0.010252694,1.1711026,1.7682898,4.3126893,25.0,0.9256939,,,,,,,,,,,,,,,,,,,,,,,,
FAILED_SETUP,,,,,,,2025-09-19,3630.0,新鉅科,光電業,0.6983870329126454,SECTOR_WEAK,-0.14598902,-0.260989,0.01510989,0.0597265905736339,0.18948825,0.43582126,0.032,0.020088356,0.44226933,2.3960066,0.2558028,0.0373444,0.3293307,0.86616164,-0.025305478,0.6571429,0.19369008,3.318143,20.0,-0.4349275,,,,,,,,,,,,,,,,,,,,,,,,
FAILED_SETUP,,,,,,,2025-09-19,3625.0,西勝,電腦及週邊設備業,0.7028393961890622,SECTOR_WEAK,-0.08963043,-0.14565217,0.5543478,0.0597265905736339,0.10869565,0.46298662,0.06,0.009129773,0.38329223,1.5110471,0.21828765,0.019565217,0.13105655,0.82323235,-0.044734024,0.7383512,0.44205832,2.8555846,23.0,0.62917477,,,,,,,,,,,,,,,,,,,,,,,,
FAILED_SETUP,,,,,,,2025-09-19,3416.0,融程電,電腦及週邊設備業,0.6343167532788914,SECTOR_WEAK,-0.08553134,-0.23705722,0.027247956,0.0597265905736339,0.14986376,0.21997869,0.052,0.042200748,0.23137595,1.5153794,11.691621,1.0,0.2798151,0.709596,-0.045429565,0.8019802,0.50364304,1.8827586,40.0,-0.06070017,,,,,,,,,,,,,,,,,,,,,,,,
FAILED_SETUP,,,,,,,2025-09-19,4766.0,南寶,化學生技醫療,0.6744706755753527,SECTOR_WEAK,-0.15680148,-0.22181372,0.039215688,0.0597265905736339,0.09202454,0.104465894,0.044,0.1200121,0.21420059,3.1817052,0.5868857,0.09202454,0.21035556,0.59343433,-0.033715513,0.8975834,0.67695653,2.55299,43.0,0.97719115,,,,,,,,,,,,,,,,,,,,,,,,
FAILED_SETUP,,,,,,,2025-09-19,3230.0,錦明,光電業,0.758648849294729,SECTOR_WEAK,-0.25831953,-0.35596028,0.013245033,0.0597265905736339,0.14704277,0.66897887,0.068,0.19204618,0.3704708,3.5345469,0.06944267,0.017938398,0.2238091,0.6300505,-0.029984323,1.1036116,0.60453403,3.052858,4.0,0.90403926,,,,,,,,,,,,,,,,,,,,,,,,
FAILED_SETUP,,,,,,,2025-09-19,3219.0,倚強股份,半導體業,0.691959415986142,STOCK_SPECIFIC,-0.10784883,-0.4011628,0.022093024,0.0597265905736339,0.30384168,0.5291854,0.004,-0.005634672,0.6313633,1.0920941,2.8172925,0.30384168,0.046628993,0.9886364,0.06856374,1.1266942,0.94169265,2.2166433,29.0,-1.7243532,,,,,,,,,,,,,,,,,,,,,,,,
FAILED_SETUP,,,,,,,2025-09-19,3217.0,優群,電子零組件業,0.6453278891363524,SECTOR_WEAK,-0.09136986,-0.13150685,0.14246576,0.0597265905736339,0.04444445,0.058865912,0.016,0.005744594,0.17795087,3.2880282,0.009531563,0.0008708976,0.059557084,0.6628788,-0.010644258,1.148718,0.64619094,2.6216152,86.0,0.6356565,,,,,,,,,,,,,,,,,,,,,,,,
FAILED_SETUP,,,,,,,2025-09-19,3211.0,順達,電腦及週邊設備業,0.6877609502598366,SECTOR_WEAK,-0.054369748,-0.27591038,0.086834736,0.0597265905736339,0.1980198,0.6879673,0.052,-0.007206185,0.59896624,0.9149494,18.392582,1.0,0.058813777,0.9608586,-0.044484366,0.9975787,0.6563312,2.9626262,106.0,-0.09556434,,,,,,,,,,,,,,,,,,,,,,,,
FAILED_SETUP,,,,,,,2025-09-19,3306.0,鼎天,通信網路業,0.6283563474387528,SECTOR_WEAK,-0.100793645,-0.1675485,0.26102293,0.0597265905736339,0.21164021,0.29913586,0.084,0.09746657,0.2706805,2.1279254,0.60345024,0.06082395,0.35649747,0.7651515,-0.044312727,0.57225436,0.24227124,3.0098312,15.0,0.538115,,,,,,,,,,,,,,,,,,,,,,,,
FAILED_SETUP,,,,,,,2025-09-26,6649.0,台生材,生技醫療業,0.8766590389016018,SECTOR_WEAK,-0.26166922,-0.2863706,0.23124042,0.0671554506605978,0.118461534,0.5528104,0.028,0.23827265,0.52908796,4.160313,3.8216188,1.0,0.11065551,0.8961039,-0.078913584,0.7506561,0.54959536,3.917362,48.0,-0.9700527,,,,,,,,,,,,,,,,,,,,,,,,
FAILED_SETUP,,,,,,,2025-09-26,5439.0,高技,電子零組件業,0.6636155606407323,SECTOR_WEAK,-0.063942306,-0.12339743,0.16666667,0.0671554506605978,0.14239483,0.14664431,0.076,-0.00056075037,0.42364872,1.4141772,2.2269266,0.14239483,0.080817744,0.9194805,-0.09689392,0.63836014,0.36824292,1.9790736,193.0,1.9732418,,,,,,,,,,,,,,,,,,,,,,,,
FAILED_SETUP,,,,,,,2025-09-26,5490.0,同亨,電腦及週邊設備業,0.6565217391304348,SECTOR_WEAK,-0.16302839,-0.16561513,0.10410095,0.0671554506605978,0.18600954,0.02844541,0.036,0.19944406,0.1734192,2.6309817,0.006664738,0.0010865415,0.17934257,0.8,-0.09878829,0.88311684,0.32032827,1.4335151,24.0,1.0793259,,,,,,,,,,,,,,,,,,,,,,,,
FAILED_SETUP,,,,,,,2025-09-26,6188.0,廣明,電腦及週邊設備業,0.6649885583524027,SECTOR_WEAK,-0.051949147,-0.2101695,0.0,0.0671554506605978,0.11864407,0.17731103,0.056,-0.005534459,0.2617141,1.0794967,2.011219,0.104481116,0.19615233,0.82857144,-0.09844685,1.4009217,2.8986409,2.56718,21.0,1.0618072,,,,,,,,,,,,,,,,,,,,,,,,
FAILED_SETUP,,,,,,,2025-09-26,6291.0,沛亨,半導體業,0.7187643020594965,SECTOR_WEAK,-0.1553211,-0.23853211,0.1559633,0.0671554506605978,0.30792683,0.6697223,0.028,0.027145438,0.50932205,1.9374932,0.031114042,0.0048326673,0.18551335,0.9233766,-0.021250976,0.8801431,0.33819947,1.7486649,48.0,-0.41241145,,,,,,,,,,,,,,,,,,,,,,,,
FAILED_SETUP,,,,,,,2025-09-26,6449.0,鈺邦,電子工業,0.8011441647597255,SECTOR_WEAK,-0.15256,-0.15733333,0.23733334,0.0671554506605978,0.13941018,0.46334192,0.032,0.04061343,0.5227632,2.017481,0.22845143,0.03485255,0.21946551,0.9025974,-0.06865943,1.3108615,1.3033538,3.032158,21.0,-1.029533,,,,,,,,,,,,,,,,,,,,,,,,
FAILED_SETUP,,,,,,,2025-09-26,6456.0,GIS-KY,光電業,0.6709382151029748,SECTOR_WEAK,-0.034029126,-0.33899677,0.04368932,0.0671554506605978,0.15196079,0.30803955,0.076,0.021254968,0.24724871,0.8533913,0.38413844,0.013071896,0.22121641,0.75064933,-0.105420604,0.8026756,0.4588874,3.4702413,22.0,0.85768443,,,,,,,,,,,,,,,,,,,,,,,,
FAILED_SETUP,,,,,,,2025-09-26,6535.0,順藥,生技醫療業,0.7334096109839817,SECTOR_WEAK,-0.36207747,-0.38380283,0.125,0.0671554506605978,0.3986014,0.66637564,0.064,0.533176,0.5762497,5.912197,0.49249592,0.17832167,0.16921093,0.9116883,-0.09138803,0.9318182,0.7264549,5.2890487,6.0,0.5069503,,,,,,,,,,,,,,,,,,,,,,,,
FAILED_SETUP,,,,,,,2025-09-26,6735.0,美達科技,其他電子業,0.8862700228832953,SECTOR_WEAK,-0.29929343,-0.37005988,0.08383234,0.0671554506605978,0.16747573,0.6388064,0.016,0.49565983,0.616855,4.400931,0.10369436,0.031035038,0.24851106,0.90909094,-0.113208674,1.1873304,0.31469807,4.46115,15.0,0.09742106,,,,,,,,,,,,,,,,,,,,,,,,
FAILED_SETUP,,,,,,,2025-09-26,7711.0,永擎,電腦及週邊設備業,0.805949656750572,SECTOR_WEAK,-0.21013235,-0.22940661,0.19285563,0.0671554506605978,0.10615339,0.16096438,0.02,0.26847285,0.27779073,3.64093,0.17636459,0.037059903,0.047432814,0.5,-0.09869492,0.9275509,1.7102233,2.9517562,0.0,0.18061821,,,,,,,,,,,,,,,,,,,,,,,,
FAILED_SETUP,,,,,,,2025-09-26,6831.0,邁科,電腦及週邊設備業,0.6421052631578947,SECTOR_WEAK,-0.030809099,-0.14899063,0.09991362,0.0671554506605978,0.101123594,0.11578788,0.108,0.0052512903,0.31357777,0.70995265,3.037563,0.09358458,0.30826327,0.7974026,-0.098683335,1.015674,0.58569944,0.1819726,69.0,1.6853558,,,,,,,,,,,,,,,,,,,,,,,,
FAILED_SETUP,,,,,,,2025-09-26,6923.0,中台,綠能環保,0.8418764302059497,SECTOR_WEAK,-0.19257143,-0.19393939,0.14285715,0.0671554506605978,0.10222223,0.2973579,0.016,0.13876754,0.36030725,3.4948146,0.069238394,0.013333336,0.1688851,0.81038964,-0.12293318,1.1173184,0.8716774,2.3809085,49.0,-1.666411,,,,,,,,,,,,,,,,,,,,,,,,
FAILED_SETUP,,,,,,,2025-09-26,7402.0,邑錡,光電業,0.7672768878718536,SECTOR_WEAK,-0.1675,-0.23484848,0.11742425,0.0671554506605978,0.2788104,0.47285467,0.012,0.09469282,0.40857983,2.0297704,1.6645398,0.2788104,0.0407106,0.8064935,-0.10765137,1.0438596,1.949453,2.1763496,48.0,-0.011098849,,,,,,,,,,,,,,,,,,,,,,,,
FAILED_SETUP,,,,,,,2025-09-26,7751.0,竑騰,半導體業,0.7610983981693364,SECTOR_WEAK,-0.15336595,-0.17710371,0.0665362,0.0671554506605978,0.10966543,0.07931721,0.008,0.041578837,0.3784908,2.5427115,6.5203524,1.0,0.057675004,0.83766234,-0.021173043,1.3821989,1.1394585,2.07837,68.0,1.9061606,,,,,,,,,,,,,,,,,,,,,,,,
FAILED_SETUP,,,,,,,2025-09-26,8028.0,昇陽半導體,電子工業,0.7352402745995423,SECTOR_WEAK,-0.14181302,-0.17847025,0.0878187,0.0671554506605978,0.114285715,0.11534128,0.036,0.09694919,0.24560721,2.8605714,0.21274409,0.030169884,0.07934815,0.85584414,-0.06895207,1.038168,0.7195536,2.5771427,41.0,1.4552385,,,,,,,,,,,,,,,,,,,,,,,,
FAILED_SETUP,,,,,,,2025-09-26,8034.0,榮群,通信網路業,0.7311212814645309,SECTOR_WEAK,-0.082338214,-0.19415452,0.11482253,0.0671554506605978,0.124481305,0.16886719,0.06,0.10787081,0.28958234,2.1568754,0.123829864,0.0101959305,0.21593262,0.8168831,-0.13355048,0.78139544,0.39295468,2.985026,32.0,-0.24381174,,,,,,,,,,,,,,,,,,,,,,,,
FAILED_SETUP,,,,,,,2025-09-26,8462.0,柏文,觀光餐旅,0.6533180778032037,SECTOR_WEAK,-0.07396923,-0.07692308,0.046153847,0.0671554506605978,0.04294479,0.14834505,0.028,-0.07561102,0.21380445,2.9266088,0.58057636,0.04294479,0.074194364,0.60649353,-0.018331273,1.1162791,1.3664299,3.1571014,88.0,0.23274478,,,,,,,,,,,,,,,,,,,,,,,,
FAILED_SETUP,,,,,,,2025-09-26,5371.0,中光電,光電業,0.6297482837528604,SECTOR_WEAK,-0.05479638,-0.25882354,0.108597286,0.0671554506605978,0.29357797,0.76911145,0.052,-0.06605048,0.43286082,0.7602691,1.7948992,0.09835398,0.24498579,0.87792206,-0.10336486,0.8914286,0.5098978,1.8599244,31.0,0.5109448,,,,,,,,,,,,,,,,,,,,,,,,
FAILED_SETUP,,,,,,,2025-09-26,6761.0,穩得,電子零組件業,0.6430205949656751,SECTOR_WEAK,-0.06351351,-0.24324325,0.06081081,0.0671554506605978,0.2749141,0.4056097,0.052,-0.02325337,0.39806756,0.9501805,4.3284345,0.2749141,0.45314965,0.8831169,-0.09664952,0.80338264,0.3218506,2.478556,39.0,0.27481067,,,,,,,,,,,,,,,,,,,,,,,,
FAILED_SETUP,,,,,,,2025-09-26,5347.0,世界,半導體業,0.6416475972540046,SECTOR_WEAK,-0.14486957,-0.1536232,0.043478258,0.0671554506605978,0.04455446,-0.061381955,0.02,0.06960687,0.113462985,5.1703444,1.4252698,0.20647822,0.027564237,0.52597404,-0.021375945,1.7549407,1.1317701,2.555747,9.0,0.108822785,,,,,,,,,,,,,,,,,,,,,,,,
FAILED_SETUP,,,,,,,2025-09-26,8932.0,智通*,數位雲端,0.8068649885583523,SECTOR_WEAK,-0.065490656,-0.24570024,0.08599507,0.0671554506605978,0.18333334,0.5718895,0.04,0.09396866,0.64002925,1.219496,2.7993815,0.18333334,0.090246335,0.97402596,-0.15637869,0.71667826,0.34963688,3.149049,107.0,-0.16762905,,,,,,,,,,,,,,,,,,,,,,,,
FAILED_SETUP,,,,,,,2025-09-26,5284.0,jpp-KY,其他,0.6745995423340961,SECTOR_WEAK,-0.047937956,-0.06021898,0.17883211,0.0671554506605978,0.18114603,0.2300848,0.076,0.019804016,0.42414716,1.1044444,3.77876,0.18114603,0.15745215,0.94675326,-0.08997017,0.8606702,0.4674606,2.8337913,83.0,0.63913655,,,,,,,,,,,,,,,,,,,,,,,,
FAILED_SETUP,,,,,,,2025-09-26,2231.0,為升,汽車工業,0.7471395881006865,SECTOR_WEAK,-0.08681035,-0.21724138,0.14224137,0.0671554506605978,0.2974138,0.46518213,0.016,0.11459074,0.34284553,1.05603,1.0492098,0.09108227,0.17429915,0.7025974,-0.105964765,0.9262086,0.38693506,2.287191,14.0,0.33740962,,,,,,,,,,,,,,,,,,,,,,,,
FAILED_SETUP,,,,,,,2025-09-26,2429.0,銘旺科,電子零組件業,0.7766590389016017,SECTOR_WEAK,-0.2506724,-0.39568967,0.13793103,0.0671554506605978,0.34615386,0.39000562,0.02,0.31513962,0.6570282,3.1435678,1.3809012,0.34615386,0.014737664,0.95844156,-0.10037552,0.85372204,,2.671712,159.0,-0.13783747,,,,,,,,,,,,,,,,,,,,,,,,
FAILED_SETUP,,,,,,,2025-09-26,2476.0,鉅祥,電子工業,0.657437070938215,SECTOR_WEAK,-0.044601947,-0.17961165,0.058252428,0.0671554506605978,0.18627451,0.29108167,0.06,0.007892154,0.27060515,0.9254102,1.0162551,0.045326956,0.24671124,0.774026,-0.06836441,0.86956525,0.55944073,2.5013554,27.0,0.155705,,,,,,,,,,,,,,,,,,,,,,,,
FAILED_SETUP,,,,,,,2025-09-26,2480.0,敦陽科,電子工業,0.6283752860411899,SECTOR_WEAK,-0.060625006,-0.1875,0.028409092,0.0671554506605978,0.051136367,-0.010461905,0.04,0.030233124,0.13698055,3.4739537,0.8434864,0.051136367,0.030485384,0.63766235,-0.068486296,1.2786885,0.6775452,2.129845,111.0,0.30859834,,,,,,,,,,,,,,,,,,,,,,,,
FAILED_SETUP,,,,,,,2025-09-26,2612.0,中航,航運業,0.6759725400457666,SECTOR_WEAK,-0.05802239,-0.1016791,0.13432835,0.0671554506605978,0.05677654,0.08917803,0.056,0.045369364,0.17831251,1.5439717,0.662874,0.038461532,0.13979651,0.7376623,-0.08609367,1.2875988,1.3060168,1.9212767,55.0,0.31097615,,,,,,,,,,,,,,,,,,,,,,,,
FAILED_SETUP,,,,,,,2025-09-26,2812.0,台中銀,金融保險,0.6752860411899313,SECTOR_WEAK,-0.07105725,-0.079403535,0.0132158715,0.0671554506605978,0.028697595,0.0053724158,0.012,0.024736142,0.14747368,3.996813,14.073158,1.0,0.015527794,0.49610388,-0.016950082,1.2500004,1.3691897,3.178393,111.0,0.08975778,,,,,,,,,,,,,,,,,,,,,,,,
FAILED_SETUP,,,,,,,2025-09-26,3005.0,神基,電腦及週邊設備業,0.6940503432494278,SECTOR_WEAK,-0.035631068,-0.22977346,0.01618123,0.0671554506605978,0.094771236,0.19517773,0.084,0.043802146,0.2754448,1.1251096,2.6597922,0.094771236,0.15031284,0.85064936,-0.099396355,0.9411764,0.8707447,3.510219,93.0,-0.080704495,,,,,,,,,,,,,,,,,,,,,,,,
FAILED_SETUP,,,,,,,2025-09-26,3048.0,益登,電子通路業,0.751258581235698,SECTOR_WEAK,-0.07912718,-0.14962593,0.07481296,0.0671554506605978,0.1658416,0.32571018,0.068,0.09929205,0.40368757,1.2071195,1.9081953,0.1509901,0.426921,0.874026,-0.09867711,0.91616243,1.2036755,3.1855073,18.0,0.0021101418,,,,,,,,,,,,,,,,,,,,,,,,
FAILED_SETUP,,,,,,,2025-09-26,3059.0,華晶科,光電業,0.6395881006864989,SECTOR_WEAK,-0.074493825,-0.20970875,0.027184462,0.0671554506605978,0.2700587,0.1503004,0.044,0.08664804,0.22321175,1.487813,0.1648898,0.012283272,0.12744561,0.8025974,-0.10724173,0.5609248,0.3024941,1.7700764,48.0,2.2602422,,,,,,,,,,,,,,,,,,,,,,,,
FAILED_SETUP,,,,,,,2025-09-26,5309.0,系統電,電子零組件業,0.7434782608695653,SECTOR_WEAK,-0.15391374,-0.17252396,0.16613418,0.0671554506605978,0.32471728,0.47875324,0.036,0.14439589,0.43615583,1.9895281,2.1097355,0.32471728,0.12089801,0.9077922,-0.09856661,1.1810842,0.68001354,1.9952065,35.0,0.8427394,,,,,,,,,,,,,,,,,,,,,,,,
FAILED_SETUP,,,,,,,2025-09-26,3211.0,順達,電腦及週邊設備業,0.7050343249427917,SECTOR_WEAK,-0.039199438,-0.28089887,0.08988764,0.0671554506605978,0.19632769,0.38265657,0.064,0.01583675,0.5560585,0.70530677,5.0084314,0.19632769,0.06455336,0.97662336,-0.098903485,0.89162564,0.45919493,2.6546931,111.0,0.1820113,,,,,,,,,,,,,,,,,,,,,,,,
FAILED_SETUP,,,,,,,2025-09-26,3625.0,西勝,電腦及週邊設備業,0.8427917620137301,SECTOR_WEAK,-0.10075,-0.20833333,0.48958334,0.0671554506605978,0.11134021,0.5181411,0.012,0.056502398,0.44196463,1.6005673,0.5116267,0.05154639,0.033954307,0.88701296,-0.099570505,1.1748726,2.475893,2.9075649,28.0,1.6338376,,,,,,,,,,,,,,,,,,,,,,,,
FAILED_SETUP,,,,,,,2025-09-26,3653.0,健策,電子零組件業,0.7645308924485126,SECTOR_WEAK,-0.13939834,-0.19502075,0.14107884,0.0671554506605978,0.19134396,0.30444026,0.044,0.09014117,0.52689713,2.976772,1.3726416,0.19134396,0.094143115,0.9727273,-0.09800268,0.7654321,1.0508525,3.6252208,25.0,1.1820827,,,,,,,,,,,,,,,,,,,,,,,,
FAILED_SETUP,,,,,,,2025-09-26,3708.0,上緯投控,化學生技醫療,0.7194508009153318,SECTOR_WEAK,-0.19333334,-0.23703703,0.014814815,0.0671554506605978,0.16479401,0.69361377,0.02,-0.09679104,0.46001038,3.6909091,0.44147584,0.085351996,0.17142129,0.94285715,-0.03171984,1.2390572,2.6401265,2.408754,43.0,-1.2492228,,,,,,,,,,,,,,,,,,,,,,,,
FAILED_SETUP,,,,,,,2025-09-26,4714.0,永捷,化學工業,0.7215102974828375,STOCK_SPECIFIC,-0.21265881,-0.26588234,0.051764704,0.0671554506605978,0.056603722,0.03963974,0.032,0.111177504,0.19614078,5.122752,0.07763323,0.016509391,0.16066885,0.7168831,0.011006102,0.816121,0.9500343,2.2464242,18.0,0.8757425,,,,,,,,,,,,,,,,,,,,,,,,
FAILED_SETUP,,,,,,,2025-09-26,4744.0,皇將,生技醫療業,0.7068649885583523,SECTOR_WEAK,-0.05706556,-0.16065574,0.055737723,0.0671554506605978,0.17024796,0.21684788,0.044,0.057244122,0.27048945,1.2858572,0.71400744,0.040745236,0.31141335,0.74935067,-0.08041514,0.61962134,0.19894531,2.1369503,67.0,0.19720456,,,,,,,,,,,,,,,,,,,,,,,,
FAILED_SETUP,,,,,,,2025-09-26,4749.0,新應材,光電業,0.8837528604118994,SECTOR_WEAK,-0.14740984,-0.19781421,0.026229508,0.0671554506605978,0.052106433,0.2313167,0.008,0.18159729,0.45882633,3.7171652,0.11281277,0.016629713,0.023016164,0.9415584,-0.10969149,0.92831105,0.7384327,4.9087157,16.0,0.52811116,,,,,,,,,,,,,,,,,,,,,,,,
FAILED_SETUP,,,,,,,2025-09-26,5234.0,達興材料,電子工業,0.7446224256292907,SECTOR_WEAK,-0.081702664,-0.21982211,0.035578147,0.0671554506605978,0.14800514,0.25158387,0.056,0.029973382,0.5753443,1.4928689,1.8115093,0.14800514,0.081208006,0.98571426,-0.06855188,1.0479233,0.68945026,3.3428967,73.0,0.07757777,,,,,,,,,,,,,,,,,,,,,,,,
FAILED_SETUP,,,,,,,2025-09-26,5243.0,乙盛-KY,電子工業,0.7068649885583524,SECTOR_WEAK,-0.10416115,-0.12813738,0.25759578,0.0671554506605978,0.10343969,0.1907766,0.028,-0.026553364,0.31322095,2.5203192,0.252527,0.026303504,0.06474533,0.8701299,-0.06813513,1.4239372,2.0572226,2.4296963,25.0,0.24578547,,,,,,,,,,,,,,,,,,,,,,,,
FAILED_SETUP,,,,,,,2025-09-26,3149.0,正達,電子工業,0.6542334096109841,SECTOR_WEAK,-0.16129966,-0.19855596,0.12033694,0.0671554506605978,0.1414634,0.095044844,0.06,0.05371002,0.21701808,3.012135,0.7496178,0.120913096,0.20417562,0.7181818,-0.068695076,1.2437811,0.5365622,2.8146067,30.0,0.8035047,,,,,,,,,,,,,,,,,,,,,,,,
FAILED_SETUP,,,,,,,2025-10-03,6525.0,捷敏-KY,半導體業,0.7014018691588786,SECTOR_WEAK,-0.082947366,-0.14853801,0.023391811,0.0213542212153117,0.0035211279,0.084367976,0.0,-0.013669386,0.2315998,3.0363302,12.055838,1.0,0.0,0.68575233,-0.0320599,1.0506912,1.355983,4.5225277,54.0,0.318637,,,,,,,,,,,,,,,,,,,,,,,,
FAILED_SETUP,,,,,,,2025-10-03,6449.0,鈺邦,電子工業,0.958177570093458,SECTOR_WEAK,-0.25977063,-0.27522936,0.06422018,0.0213542212153117,0.0,0.6889275,0.0,0.2603138,0.7761651,3.678979,3.8495498,1.0,0.0,0.94007987,-0.085087515,1.0071429,1.705378,4.58546,25.0,-1.029533,,,,,,,,,,,,,,,,,,,,,,,,
FAILED_SETUP,,,,,,,2025-10-03,6150.0,撼訊,電腦及週邊設備業,0.7072429906542057,SECTOR_WEAK,-0.11536842,-0.26783624,0.115789466,0.0213542212153117,0.038140647,0.067822464,0.004,0.07578213,0.18918255,2.756407,0.07231847,0.008343267,0.083481416,0.6964048,-0.08723232,1.1695907,1.6214105,2.5275447,29.0,0.55737555,,,,,,,,,,,,,,,,,,,,,,,,
FAILED_SETUP,,,,,,,2025-10-03,5314.0,世紀*,半導體業,0.8186915887850468,SECTOR_WEAK,-0.20481928,-0.27148694,0.18473892,0.0213542212153117,0.19838056,1.3123286,0.02,0.19395822,0.71808416,2.3959732,4.882353,1.0,0.15396947,0.88282293,-0.035339832,1.3307048,1.3105516,2.8347175,37.0,0.0028874592,,,,,,,,,,,,,,,,,,,,,,,,
FAILED_SETUP,,,,,,,2025-10-03,5410.0,國眾,資訊服務業,0.8799065420560748,SECTOR_WEAK,-0.265179,-0.29713604,0.00477327,0.0213542212153117,0.0075376886,0.24783932,0.0,0.27653193,0.35791332,11.231335,3.7710378,1.0,0.0,0.7509987,-0.1217927,1.5981311,15.253796,9.321855,26.0,0.44345236,,,,,,,,,,,,,,,,,,,,,,,,
FAILED_SETUP,,,,,,,2025-10-03,5371.0,中光電,光電業,0.6224299065420561,SECTOR_WEAK,-0.09961207,-0.29396552,0.056034483,0.0213542212153117,0.21551724,0.81655663,0.06,-0.068526015,0.50975984,1.5554807,0.32198912,0.032074,0.261402,0.8868176,-0.13197443,0.8859935,1.2526939,2.40625,35.0,0.5109448,,,,,,,,,,,,,,,,,,,,,,,,
FAILED_SETUP,,,,,,,2025-10-03,6535.0,順藥,生技醫療業,0.6906542056074766,SECTOR_WEAK,-0.20867346,-0.4047619,0.0867347,0.0213542212153117,0.3605442,0.75059617,0.092,0.25455755,0.6059138,3.9399083,0.5786471,0.1207483,0.18795261,0.873502,-0.12860359,0.8145897,0.3794261,5.769648,10.0,0.5069503,,,,,,,,,,,,,,,,,,,,,,,,
FAILED_SETUP,,,,,,,2025-10-03,5439.0,高技,電子零組件業,0.7119158878504673,SECTOR_WEAK,-0.12428786,-0.17991005,0.13943028,0.0213542212153117,0.07132018,0.15267324,0.016,-0.017251888,0.48392564,3.1198926,0.57383066,0.07132018,0.017773855,0.9374168,-0.07252326,0.835443,0.90386355,3.2242692,197.0,1.9732418,,,,,,,,,,,,,,,,,,,,,,,,
FAILED_SETUP,,,,,,,2025-10-03,6649.0,台生材,生技醫療業,0.7785046728971963,SECTOR_WEAK,-0.14853773,-0.2672956,0.26415095,0.0213542212153117,0.14668769,0.41879407,0.044,0.1674961,0.46616715,2.5681164,0.98754495,0.14668769,0.18108939,0.8695073,-0.121519275,1.0997442,0.65450126,3.4068933,52.0,-0.9700527,,,,,,,,,,,,,,,,,,,,,,,,
FAILED_SETUP,,,,,,,2025-10-03,7711.0,永擎,電腦及週邊設備業,0.8149532710280374,SECTOR_WEAK,-0.28662732,-0.3069228,0.053738765,0.0213542212153117,0.08301158,0.23155643,0.008,0.30149814,0.33997726,5.213128,0.18409833,0.052767612,0.013467717,0.828229,-0.0864956,1.2073694,0.7028346,3.2667942,0.0,0.18061821,,,,,,,,,,,,,,,,,,,,,,,,
FAILED_SETUP,,,,,,,2025-10-03,6735.0,美達科技,其他電子業,0.7102803738317757,SECTOR_WEAK,-0.15044187,-0.3883721,0.010465116,0.0213542212153117,0.19950125,0.50227964,0.04,0.027034104,0.54934627,2.0058916,0.39429048,0.059317794,0.35708216,0.9054594,-0.09222612,1.0128441,0.4225759,3.1911333,19.0,0.09742106,,,,,,,,,,,,,,,,,,,,,,,,
FAILED_SETUP,,,,,,,2025-10-03,6923.0,中台,綠能環保,0.7186915887850468,SECTOR_WEAK,-0.1560362,-0.15746607,0.19457012,0.0213542212153117,0.1324201,0.11741821,0.024,0.14234214,0.30917868,2.3688715,0.2633741,0.041095894,0.19536789,0.7882823,-0.16493419,0.93062603,0.39010626,1.4324974,53.0,-1.666411,,,,,,,,,,,,,,,,,,,,,,,,
FAILED_SETUP,,,,,,,2025-10-03,7402.0,邑錡,光電業,0.7696261682242991,SECTOR_WEAK,-0.10558621,-0.3034483,0.041379306,0.0213542212153117,0.1661017,0.53427106,0.044,0.11489701,0.52773887,1.4147855,1.5731381,0.1661017,0.043245673,0.8601864,-0.13708864,0.94712645,1.9949503,3.0408802,52.0,-0.011098849,,,,,,,,,,,,,,,,,,,,,,,,
FAILED_SETUP,,,,,,,2025-10-03,7714.0,創泓科技,數位雲端,0.6574766355140187,SECTOR_WEAK,-0.064595595,-0.16911764,0.19117647,0.0213542212153117,0.24275362,0.24016346,0.056,0.18292388,0.26826712,1.1283487,1.2214154,0.07889805,0.25349143,0.6990679,-0.1812406,1.0406504,0.26914868,2.40082,45.0,0.33294407,,,,,,,,,,,,,,,,,,,,,,,,
FAILED_SETUP,,,,,,,2025-10-03,7751.0,竑騰,半導體業,0.6485981308411215,SECTOR_WEAK,-0.18184906,-0.20660378,0.16037735,0.0213542212153117,0.1592233,0.027012194,0.032,0.088178664,0.3022903,3.1162124,0.13487025,0.024526028,0.18519527,0.8988016,-0.03371153,1.178808,1.2308036,1.1316397,72.0,1.9061606,,,,,,,,,,,,,,,,,,,,,,,,
FAILED_SETUP,,,,,,,2025-10-03,8028.0,昇陽半導體,電子工業,0.6817757009345794,SECTOR_WEAK,-0.08615384,-0.2032967,0.054945055,0.0213542212153117,0.08033241,0.14777409,0.032,0.023194836,0.28140405,1.9512889,0.9324298,0.08033241,0.05376135,0.8388815,-0.08356848,0.908046,0.43957412,3.0748148,45.0,1.4552385,,,,,,,,,,,,,,,,,,,,,,,,
FAILED_SETUP,,,,,,,2025-10-03,8034.0,榮群,通信網路業,0.6733644859813084,SECTOR_WEAK,-0.030454531,-0.20247935,0.1694215,0.0213542212153117,0.11983468,0.12031222,0.068,0.14458095,0.28523305,1.0266662,0.19772296,0.00602156,0.22014254,0.78428763,-0.16124131,0.6161616,0.23986465,3.3490882,36.0,-0.24381174,,,,,,,,,,,,,,,,,,,,,,,,
FAILED_SETUP,,,,,,,2025-10-03,8932.0,智通*,數位雲端,0.6899532710280374,SECTOR_WEAK,-0.06892857,-0.26904762,0.05238094,0.0213542212153117,0.20924574,0.41835266,0.076,0.06730239,0.56823707,1.5352272,3.0356896,0.20924574,0.11651599,0.9680426,-0.18050528,0.73507315,0.28576562,2.5778546,111.0,-0.16762905,,,,,,,,,,,,,,,,,,,,,,,,
FAILED_SETUP,,,,,,,2025-10-03,5309.0,系統電,電子零組件業,0.8004672897196261,SECTOR_WEAK,-0.18868996,-0.2459971,0.062590964,0.0213542212153117,0.20058565,0.5787678,0.02,0.19658986,0.5604509,3.0398996,1.0630436,0.20058565,0.11814393,0.8908123,-0.07492305,0.9122056,0.44454888,3.2926576,39.0,0.8427394,,,,,,,,,,,,,,,,,,,,,,,,
FAILED_SETUP,,,,,,,2025-10-03,6727.0,亞泰金屬,電子零組件業,0.6990654205607477,SECTOR_WEAK,-0.21456632,-0.30357143,0.010204081,0.0213542212153117,0.20918368,1.5229802,0.012,-0.07394662,1.0584313,2.7772171,0.97491384,0.20918368,0.10804257,0.99201065,-0.072019525,0.9736434,0.8079549,3.200166,38.0,-1.018525,,,,,,,,,,,,,,,,,,,,,,,,
FAILED_SETUP,,,,,,,2025-10-03,5284.0,jpp-KY,其他,0.8570093457943925,SECTOR_WEAK,-0.1585,-0.16935484,0.041935485,0.0213542212153117,0.040716615,0.27389959,0.0,0.08160247,0.5842343,3.8110247,0.25688717,0.040716615,0.0,0.9640479,-0.15293977,1.1004016,0.8997162,4.9520683,87.0,0.63913655,,,,,,,,,,,,,,,,,,,,,,,,
FAILED_SETUP,,,,,,,2025-10-03,6235.0,華孚,電腦及週邊設備業,0.7394859813084113,SECTOR_WEAK,-0.18342069,-0.2137931,0.08275862,0.0213542212153117,0.08124269,0.16610074,0.036,0.1516513,0.293643,3.3972993,0.06698203,0.01228589,0.14427413,0.7390146,-0.088714756,0.8443843,0.9086591,2.9850063,19.0,1.1857677,,,,,,,,,,,,,,,,,,,,,,,,
FAILED_SETUP,,,,,,,2025-10-03,5234.0,達興材料,電子工業,0.6352803738317757,SECTOR_WEAK,-0.07818878,-0.21683674,0.015306123,0.0213542212153117,0.15544042,0.27789333,0.076,-0.028643321,0.53390807,1.5270463,1.9880145,0.15544042,0.105843045,0.96005327,-0.08326177,0.85813147,0.7908333,2.9913998,77.0,0.07757777,,,,,,,,,,,,,,,,,,,,,,,,
FAILED_SETUP,,,,,,,2025-10-03,5243.0,乙盛-KY,電子工業,0.6224299065420561,SECTOR_WEAK,-0.09095173,-0.11528149,0.2761394,0.0213542212153117,0.11084532,0.147228,0.056,-0.008377208,0.294386,1.8772726,0.36493468,0.033191442,0.11148703,0.8455393,-0.08338687,1.4992412,1.5096526,1.5785196,29.0,0.24578547,,,,,,,,,,,,,,,,,,,,,,,,
FAILED_SETUP,,,,,,,2025-10-03,2231.0,為升,汽車工業,0.6836448598130842,SECTOR_WEAK,-0.116071425,-0.27936506,0.015873017,0.0213542212153117,0.19444445,0.5750913,0.04,-0.0030892882,0.44632572,1.6058823,0.03866963,0.0044884393,0.23741898,0.7443409,-0.13068819,0.87531805,1.07339,3.1014118,18.0,0.33740962,,,,,,,,,,,,,,,,,,,,,,,,
FAILED_SETUP,,,,,,,2025-10-03,2316.0,楠梓電,電子零組件業,0.6289719626168224,SECTOR_WEAK,-0.041444674,-0.101434425,0.2602459,0.0213542212153117,0.1897436,0.5100577,0.088,-0.03648759,0.57933474,0.7441524,4.5782385,0.1897436,0.36366984,0.98268974,-0.07230995,0.7249545,0.27997753,1.4604028,58.0,-1.2854198,,,,,,,,,,,,,,,,,,,,,,,,
FAILED_SETUP,,,,,,,2025-10-03,2345.0,智邦,電子工業,0.8126168224299066,SECTOR_WEAK,-0.1387444,-0.20717488,0.058295965,0.0213542212153117,0.05882353,0.22811699,0.008,0.110732585,0.4251375,3.4708333,0.4239705,0.05882353,0.010271933,0.9214381,-0.0841497,1.0773994,1.0353262,3.4093711,105.0,0.8861891,,,,,,,,,,,,,,,,,,,,,,,,
FAILED_SETUP,,,,,,,2025-10-03,2376.0,技嘉,電腦及週邊設備業,0.7439252336448599,SECTOR_WEAK,-0.16340256,-0.23801917,0.0127795525,0.0213542212153117,0.0016051364,-0.0033505452,0.0,0.15723585,0.19754188,5.572218,0.21363807,0.034909006,0.0,0.73635155,-0.088514596,1.2453825,2.5731483,3.577735,51.0,1.258647,,,,,,,,,,,,,,,,,,,,,,,,
FAILED_SETUP,,,,,,,2025-10-03,2383.0,台光電,電子零組件業,0.7976635514018692,SECTOR_WEAK,-0.1864,-0.2109091,0.13454546,0.0213542212153117,0.0651341,0.20688127,0.032,0.13799404,0.50391656,4.7525826,0.09283722,0.017304858,0.026464064,0.9627164,-0.074340895,0.84745765,0.51942104,2.665966,113.0,1.7175415,,,,,,,,,,,,,,,,,,,,,,,,
FAILED_SETUP,,,,,,,2025-10-03,2455.0,全新,電子工業,0.6369158878504673,SECTOR_WEAK,-0.11077844,-0.2005988,0.002994012,0.0213542212153117,0.071943365,0.07714087,0.068,0.04229924,0.2865103,3.2173913,0.05644823,0.0062532467,0.120223254,0.84287614,-0.08369022,0.98245615,1.2670426,2.3347826,10.0,1.772459,,,,,,,,,,,,,,,,,,,,,,,,
FAILED_SETUP,,,,,,,2025-10-03,3149.0,正達,電子工業,0.7628504672897196,SECTOR_WEAK,-0.21513516,-0.25,0.048423424,0.0213542212153117,0.06849313,0.20011833,0.016,0.10625267,0.2914587,4.121048,0.22895627,0.04925654,0.06506969,0.7177097,-0.08413715,0.97258633,0.78244483,3.5460196,34.0,0.8035047,,,,,,,,,,,,,,,,,,,,,,,,
FAILED_SETUP,,,,,,,2025-10-03,3211.0,順達,電腦及週邊設備業,0.6607476635514019,SECTOR_WEAK,-0.042999998,-0.2888889,0.0027777778,0.0213542212153117,0.16186556,0.29581878,0.052,-0.025286334,0.5650152,0.82717556,3.7643156,0.16186556,0.05233337,0.96671104,-0.08556248,0.8327138,0.4319722,2.9073157,115.0,0.1820113,,,,,,,,,,,,,,,,,,,,,,,,
FAILED_SETUP,,,,,,,2025-10-03,3313.0,斐成,電子零組件業,0.7018691588785047,SECTOR_WEAK,-0.2258038,-0.28882834,0.11716621,0.0213542212153117,0.14441417,0.09650859,0.024,0.17357275,0.27492532,4.1141133,0.20514058,0.046321526,0.32194147,0.68841547,-0.07308636,1.1981982,0.41949922,3.4445627,16.0,-0.5635156,,,,,,,,,,,,,,,,,,,,,,,,
FAILED_SETUP,,,,,,,2025-10-03,2429.0,銘旺科,電子零組件業,0.7453271028037383,SECTOR_WEAK,-0.17242187,-0.45234376,0.00390625,0.0213542212153117,0.24015749,0.77158445,0.04,0.08112748,0.74283767,2.2802951,1.3928481,0.24015749,0.011403719,0.9786951,-0.073842846,1.3203883,0.8368349,3.159385,163.0,-0.13783747,,,,,,,,,,,,,,,,,,,,,,,,
FAILED_SETUP,,,,,,,2025-10-03,3535.0,晶彩科,電子工業,0.7724299065420561,SECTOR_WEAK,-0.13484237,-0.15258512,0.18032786,0.0213542212153117,0.11868687,0.22215876,0.044,0.16158278,0.55517745,2.503378,0.25745982,0.03471649,0.11136419,0.9587217,-0.08447674,0.7740668,0.602319,2.2687106,55.0,0.14157571,,,,,,,,,,,,,,,,,,,,,,,,
FAILED_SETUP,,,,,,,2025-10-03,3551.0,世禾,其他電子業,0.6366822429906542,SECTOR_WEAK,-0.15142858,-0.15714286,0.051428568,0.0213542212153117,0.05833715,-0.0775908,0.016,0.040133655,0.26387006,4.52439,0.38524532,0.05833715,0.03931172,0.88415444,-0.09418165,1.2749591,2.7839212,1.6029302,100.0,2.1989155,,,,,,,,,,,,,,,,,,,,,,,,
FAILED_SETUP,,,,,,,2025-10-03,3625.0,西勝,電腦及週邊設備業,0.9518691588785048,SECTOR_WEAK,-0.28654546,-0.37190083,0.18181819,0.0213542212153117,0.0033840947,0.60111374,0.0,0.29146254,0.7355469,5.299214,3.4898477,1.0,0.0,0.9280959,-0.09069088,1.4092953,2.6102543,5.447671,32.0,1.6338376,,,,,,,,,,,,,,,,,,,,,,,,
FAILED_SETUP,,,,,,,2025-10-03,4931.0,新盛力,電腦及週邊設備業,0.655607476635514,SECTOR_WEAK,-0.06711538,-0.24358974,0.099358976,0.0213542212153117,0.1826923,0.36765784,0.088,0.033983663,0.46176952,1.1451563,2.722063,0.1826923,0.06948151,0.930759,-0.086680055,0.9885058,0.5403126,1.4953516,271.0,0.6782224,,,,,,,,,,,,,,,,,,,,,,,,
FAILED_SETUP,,,,,,,2025-10-03,3653.0,健策,電子零組件業,0.6948598130841122,SECTOR_WEAK,-0.13886364,-0.1983471,0.22520661,0.0213542212153117,0.0987395,0.36366287,0.04,-0.057283126,0.6218803,2.9776583,0.71105367,0.0987395,0.06376892,0.9693742,-0.0720546,1.1236898,0.8400663,4.682335,29.0,1.1820827,,,,,,,,,,,,,,,,,,,,,,,,
FAILED_SETUP,,,,,,,2025-10-03,3707.0,漢磊,半導體業,0.7126168224299065,SECTOR_WEAK,-0.14978406,-0.2475083,0.11627907,0.0213542212153117,0.1803005,0.45024928,0.032,0.03175245,0.43660012,2.1288028,0.53499395,0.08013356,0.39556915,0.84687084,-0.03333685,0.75774974,0.79271704,3.0286117,19.0,1.6368906,,,,,,,,,,,,,,,,,,,,,,,,
FAILED_SETUP,,,,,,,2025-10-03,3708.0,上緯投控,化學生技醫療,0.6658878504672897,SECTOR_WEAK,-0.13913043,-0.18577075,0.06324112,0.0213542212153117,0.21960784,0.52375853,0.04,0.012924469,0.37683588,2.5936842,0.22549018,0.031372547,0.31623927,0.8788282,-0.020536995,1.2075472,0.4182805,1.1160703,47.0,-1.2492228,,,,,,,,,,,,,,,,,,,,,,,,
FAILED_SETUP,,,,,,,2025-10-03,4749.0,新應材,光電業,0.7939252336448598,SECTOR_WEAK,-0.07482797,-0.18534961,0.04217536,0.0213542212153117,0.062709965,0.27484444,0.024,0.09194781,0.43141815,2.0790308,0.35916647,0.026875699,0.05358946,0.9147803,-0.13560303,0.7532097,0.4861601,4.5977297,20.0,0.52811116,,,,,,,,,,,,,,,,,,,,,,,,
FAILED_SETUP,,,,,,,2025-10-03,4772.0,台特化,化學工業,0.8364485981308413,SECTOR_WEAK,-0.16219619,-0.17130308,0.016105419,0.0213542212153117,0.029850747,0.29474247,0.0,0.058748927,0.4358424,3.5168254,0.184041,0.029850747,0.0,0.8708389,-0.00028199313,0.683871,1.2817715,4.3470902,69.0,0.9089385,,,,,,,,,,,,,,,,,,,,,,,,
FAILED_SETUP,,,,,,,2025-10-03,3323.0,加百裕,電腦及週邊設備業,0.6976635514018692,SECTOR_WEAK,-0.20117953,-0.2933194,0.020876827,0.0213542212153117,0.19668737,0.1736273,0.048,0.24436343,0.3401419,3.75274,0.97767085,0.19668737,0.06549322,0.8442077,-0.090017274,0.9511811,0.675119,2.6693711,35.0,0.24129379,,,,,,,,,,,,,,,,,,,,,,,,
FAILED_SETUP,,,,,,,2025-10-09,6150.0,撼訊,電腦及週邊設備業,0.6629850746268657,SECTOR_WEAK,-0.044563584,-0.21945137,0.18952619,0.0512698609612003,0.065536715,0.02713305,0.008,0.14009479,0.24947058,0.8840282,0.38033637,0.016949153,0.06344325,0.7587131,-0.099538475,1.2461538,1.2704943,3.156184,32.0,0.55737555,,,,,,,,,,,,,,,,,,,,,,,,
FAILED_SETUP,,,,,,,2025-10-09,6235.0,華孚,電腦及週邊設備業,0.8194029850746268,SECTOR_WEAK,-0.1502146,-0.18454935,0.09155937,0.0512698609612003,0.038359787,0.2817583,0.004,0.2504923,0.37109682,2.712177,0.10287145,0.015452792,0.045788553,0.7922252,-0.10140739,1.1662763,1.4793282,3.8654978,22.0,1.1857677,,,,,,,,,,,,,,,,,,,,,,,,
FAILED_SETUP,,,,,,,2025-10-09,6449.0,鈺邦,電子工業,0.8262686567164177,SECTOR_WEAK,-0.1657868,-0.19796954,0.08629442,0.0512698609612003,0.09692672,0.69466907,0.012,0.2571605,0.68027246,2.107097,6.031843,1.0,0.0771442,0.9329759,-0.08150397,1.1332209,0.9284154,3.6086023,28.0,-1.029533,,,,,,,,,,,,,,,,,,,,,,,,
FAILED_SETUP,,,,,,,2025-10-09,6488.0,環球晶,半導體業,0.8050746268656717,SECTOR_WEAK,-0.2169612,-0.2823276,0.2025862,0.0512698609612003,0.049445007,0.3240748,0.016,0.26119903,0.4328839,4.1089797,0.06890904,0.014950589,0.0661043,0.8458445,-0.05397353,0.8699106,,4.1564627,28.0,1.7541314,,,,,,,,,,,,,,,,,,,,,,,,
FAILED_SETUP,,,,,,,2025-10-09,7711.0,永擎,電腦及週邊設備業,0.6268656716417911,SECTOR_WEAK,-0.18366586,-0.24915558,0.14156671,0.0512698609612003,0.14140387,0.08400622,0.036,0.18965313,0.2711457,2.9065573,0.21901125,0.040224887,0.07258219,0.81233245,-0.09657782,1.1063094,0.25474527,2.0414803,2.0,0.18061821,,,,,,,,,,,,,,,,,,,,,,,,
FAILED_SETUP,,,,,,,2025-10-09,6739.0,竹陞科技,其他電子業,0.8277611940298508,SECTOR_WEAK,-0.2007561,-0.2682927,0.10243902,0.0512698609612003,0.15646258,0.8328718,0.008,0.33368194,1.1748841,3.0729067,4.9811687,1.0,0.03406634,0.9946381,-0.1293153,1.1590679,1.4166023,4.9550667,115.0,-0.31212696,,,,,,,,,,,,,,,,,,,,,,,,
FAILED_SETUP,,,,,,,2025-10-09,6923.0,中台,綠能環保,0.846865671641791,SECTOR_WEAK,-0.24180487,-0.24308944,0.012195121,0.0512698609612003,0.056,0.22889435,0.0,0.3577779,0.47807127,4.3600836,4.1355658,1.0,0.0,0.8552279,-0.1473172,1.037037,3.09018,3.544868,56.0,-1.666411,,,,,,,,,,,,,,,,,,,,,,,,
FAILED_SETUP,,,,,,,2025-10-09,5410.0,國眾,資訊服務業,0.684776119402985,SECTOR_WEAK,-0.1527628,-0.20619948,0.07816712,0.0512698609612003,0.11968086,0.1517213,0.012,0.1958372,0.27530783,4.2889185,0.10458318,0.01597642,0.19969726,0.65817696,-0.10815719,2.0153847,1.0296673,4.896804,29.0,0.44345236,,,,,,,,,,,,,,,,,,,,,,,,
FAILED_SETUP,,,,,,,2025-10-09,8277.0,商丞,半導體業,0.8307462686567163,SECTOR_WEAK,-0.23548041,-0.455516,0.1850534,0.0512698609612003,0.038961038,0.22803943,0.004,0.29722828,0.45686176,3.140271,0.027575511,0.006493493,0.029871894,0.7412869,-0.050689947,1.4564643,2.3325448,4.0579433,3.0,0.20178543,,,,,,,,,,,,,,,,,,,,,,,,
FAILED_SETUP,,,,,,,2025-10-09,6649.0,台生材,生技醫療業,0.9101492537313434,SECTOR_WEAK,-0.12851095,-0.31970802,0.17372264,0.0512698609612003,0.025745258,0.66888624,0.0,0.22356853,0.68229413,2.208638,7.781438,1.0,0.0,0.89410186,-0.11415242,1.0347306,3.0479496,5.34325,55.0,-0.9700527,,,,,,,,,,,,,,,,,,,,,,,,
FAILED_SETUP,,,,,,,2025-10-09,5314.0,世紀*,半導體業,0.7450746268656717,SECTOR_WEAK,-0.17753845,-0.30230862,0.13461536,0.0512698609612003,0.14285713,0.67828876,0.028,0.099645704,0.75850976,2.1398675,5.6325827,1.0,0.14449877,0.9316354,-0.052067846,0.96808517,0.9384078,3.0834887,40.0,0.0028874592,,,,,,,,,,,,,,,,,,,,,,,,
FAILED_SETUP,,,,,,,2025-10-09,4739.0,康普,化學生技醫療,0.7125373134328358,SECTOR_WEAK,-0.13769764,-0.14563106,0.067961164,0.0512698609612003,0.042758618,0.17310977,0.0,0.010004314,0.36251715,2.8896463,0.13157368,0.018117383,0.0,0.8002681,-0.03912261,0.761035,1.1991743,3.432086,36.0,0.40323862,,,,,,,,,,,,,,,,,,,,,,,,
FAILED_SETUP,,,,,,,2025-10-09,5284.0,jpp-KY,其他,0.6355223880597014,SECTOR_WEAK,-0.026623137,-0.039179105,0.24813433,0.0512698609612003,0.10745234,0.14212298,0.048,0.060979582,0.46712917,0.54140925,4.0360513,0.10745234,0.101279184,0.93431634,-0.16459183,0.96875,0.62762594,3.1059227,90.0,0.63913655,,,,,,,,,,,,,,,,,,,,,,,,
FAILED_SETUP,,,,,,,2025-10-09,4772.0,台特化,化學工業,0.6982089552238806,SECTOR_WEAK,-0.07392126,-0.10866142,0.09291338,0.0512698609612003,0.038922153,0.26800165,0.008,-0.014156471,0.4210213,1.761823,0.4455299,0.032934133,0.010998376,0.8659517,-0.0033772234,0.9166667,0.5086283,4.6341376,72.0,0.9089385,,,,,,,,,,,,,,,,,,,,,,,,
FAILED_SETUP,,,,,,,2025-10-09,3625.0,西勝,電腦及週邊設備業,0.908358208955224,SECTOR_WEAK,-0.250625,-0.3402778,0.24131945,0.0512698609612003,0.04952077,0.6936805,0.0,0.33035713,0.8134765,3.4371428,3.990025,1.0,0.0,0.94101876,-0.10252579,1.6071428,2.4026265,4.73373,35.0,1.6338376,,,,,,,,,,,,,,,,,,,,,,,,
FAILED_SETUP,,,,,,,2025-10-09,3481.0,群創,電子工業,0.7388059701492536,SECTOR_WEAK,-0.13209999,-0.19333334,0.040000048,0.0512698609612003,0.019354839,0.1280649,0.0,0.10937237,0.20064804,3.6987998,0.030307729,0.0040036505,0.0,0.40348527,-0.08053945,0.98492473,1.5003555,4.609112,22.0,-0.059558768,,,,,,,,,,,,,,,,,,,,,,,,
FAILED_SETUP,,,,,,,2025-10-09,3479.0,安勤,電腦及週邊設備業,0.6355223880597015,SECTOR_WEAK,-0.054,-0.14400001,0.071111105,0.0512698609612003,0.030303031,0.017416377,0.0,0.049563486,0.16227391,1.911236,0.021951383,0.0011853747,0.0,0.59517425,-0.09800333,1.034965,3.4775724,3.1077905,61.0,0.013174425,,,,,,,,,,,,,,,,,,,,,,,,
FAILED_SETUP,,,,,,,2025-10-09,3363.0,上詮,通信網路業,0.626865671641791,SECTOR_WEAK,-0.052672412,-0.057471268,0.22413793,0.0512698609612003,0.095302016,0.06853318,0.028,0.071042806,0.33587557,1.1133188,1.0703105,0.05637584,0.037572965,0.9235925,-0.1627259,1.0902778,1.5808252,2.100506,82.0,1.9763725,,,,,,,,,,,,,,,,,,,,,,,,
FAILED_SETUP,,,,,,,2025-10-09,3149.0,正達,電子工業,0.7883582089552238,SECTOR_WEAK,-0.15724306,-0.19467956,0.078597344,0.0512698609612003,0.03654483,0.24171805,0.004,0.18498445,0.32294422,2.9845247,0.11373109,0.017883424,0.007799177,0.7372654,-0.081027456,0.74820143,1.250038,4.043935,37.0,0.8035047,,,,,,,,,,,,,,,,,,,,,,,,
FAILED_SETUP,,,,,,,2025-10-09,2614.0,東森,貿易百貨,0.6340298507462686,SECTOR_WEAK,-0.047714286,-0.06904762,0.10714286,0.0512698609612003,0.079254076,0.13130078,0.036,0.082917556,0.27890685,1.3685855,0.11368757,0.005424521,0.16604145,0.691689,-0.106169425,0.77011496,0.31249416,4.188618,41.0,0.1419963,,,,,,,,,,,,,,,,,,,,,,,,
FAILED_SETUP,,,,,,,2025-10-09,2317.0,鴻海,電子工業,0.662089552238806,SECTOR_WEAK,-0.019428572,-0.033333335,0.26190478,0.0512698609612003,0.045146726,0.14290223,0.028,0.04919438,0.3071573,0.6382123,1.111183,0.0215887,0.037030563,0.8243968,-0.08016434,1.0,0.74908453,3.2477987,38.0,1.4407984,,,,,,,,,,,,,,,,,,,,,,,,
FAILED_SETUP,,,,,,,2025-10-09,5309.0,系統電,電子零組件業,0.7113432835820895,SECTOR_WEAK,-0.0985246,-0.2280179,0.08345752,0.0512698609612003,0.12328768,0.59454286,0.008,0.0062308316,0.64647084,1.5607759,1.2513391,0.12328768,0.057877153,0.91957104,-0.07938979,0.9046563,1.233583,4.0430017,42.0,0.8427394,,,,,,,,,,,,,,,,,,,,,,,,
FAILED_SETUP,,,,,,,2025-10-17,6161.0,捷波,電腦及週邊設備業,0.7629077599164688,SECTOR_WEAK,-0.19462162,-0.20630631,0.05945946,0.0064398274670871,0.09653916,0.15723325,0.032,0.19387566,0.28120258,4.2778215,0.49603513,0.09653916,0.30316532,0.62213224,-0.08355224,1.047859,0.5471678,3.8311663,20.0,-0.34200442,,,,,,,,,,,,,,,,,,,,,,,,
FAILED_SETUP,,,,,,,2025-10-17,6235.0,華孚,電腦及週邊設備業,0.7205506408270512,SECTOR_WEAK,-0.11891397,-0.19605078,0.07616361,0.0064398274670871,0.110325314,0.17803608,0.048,0.115444034,0.2730273,2.2397344,0.1394395,0.016581304,0.27007434,0.74493927,-0.08628223,0.9125475,0.32905078,2.2089186,27.0,1.2967794,,,,,,,,,,,,,,,,,,,,,,,,
FAILED_SETUP,,,,,,,2025-10-17,6449.0,鈺邦,電子工業,0.7428350142852226,SECTOR_WEAK,-0.12733334,-0.21975309,0.037037037,0.0064398274670871,0.16876574,0.55256104,0.036,0.023149792,0.5444624,1.7439132,7.853403,1.0,0.20576884,0.9338731,-0.065219365,0.8704319,0.85937995,2.3648953,33.0,-0.6526129,,,,,,,,,,,,,,,,,,,,,,,,
FAILED_SETUP,,,,,,,2025-10-17,6488.0,環球晶,半導體業,0.7725356556859776,SECTOR_WEAK,-0.12788093,-0.32795155,0.12613522,0.0064398274670871,0.06122449,0.2111422,0.036,0.062739134,0.40413493,2.6922913,0.20599549,0.026342893,0.097023405,0.85290146,-0.03790447,1.1369606,0.2990127,3.5665655,33.0,1.5379431,,,,,,,,,,,,,,,,,,,,,,,,
FAILED_SETUP,,,,,,,2025-10-17,6579.0,研揚,電腦及週邊設備業,0.685318921895976,SECTOR_WEAK,-0.208,-0.2779661,0.0,0.0064398274670871,0.03169014,-0.03479382,0.016,0.13256781,0.15516806,6.410746,0.01786787,0.0037165172,0.024940694,0.44534412,-0.08410777,1.9259259,8.752181,4.10597,0.0,0.41308057,,,,,,,,,,,,,,,,,,,,,,,,
FAILED_SETUP,,,,,,,2025-10-17,6620.0,漢達,生技醫療業,0.7374754741661216,SECTOR_WEAK,-0.19463694,-0.2934619,0.043235913,0.0064398274670871,0.14074074,0.11632255,0.032,0.20696138,0.28393406,2.6025898,1.1143717,0.21689788,0.1151933,0.7112011,-0.050507385,1.4356165,0.66067666,2.1757975,99.0,-0.62899,,,,,,,,,,,,,,,,,,,,,,,,
FAILED_SETUP,,,,,,,2025-10-17,8028.0,昇陽半導體,電子工業,0.6614585843287093,SECTOR_WEAK,-0.1145,-0.19444445,0.0027777778,0.0064398274670871,0.08938547,0.11494291,0.044,0.011121789,0.25549164,2.0833213,0.062439516,0.0071493248,0.07145151,0.7408907,-0.0650878,1.3296703,0.93612504,1.7866426,53.0,1.6294953,,,,,,,,,,,,,,,,,,,,,,,,
FAILED_SETUP,,,,,,,2025-10-17,6664.0,群翊,電子零組件業,0.6343298566888116,SECTOR_WEAK,-0.14426763,-0.15009041,0.16998191,0.0064398274670871,0.12390306,0.050631918,0.096,0.08978807,0.29953554,3.7733784,0.60274446,0.086956516,0.25311524,0.8299595,-0.042150293,1.5058824,1.0172237,2.8939586,32.0,0.46509817,,,,,,,,,,,,,,,,,,,,,,,,
FAILED_SETUP,,,,,,,2025-10-17,6727.0,亞泰金屬,電子零組件業,0.7185943111539477,SECTOR_WEAK,-0.18976316,-0.28157896,0.05526316,0.0064398274670871,0.25065964,1.2988298,0.048,0.03203608,0.8631001,3.2150955,1.3209078,0.25065964,0.20134741,0.9905533,-0.041591223,0.75255626,0.45882732,2.3279831,46.0,-0.8324656,,,,,,,,,,,,,,,,,,,,,,,,
FAILED_SETUP,,,,,,,2025-10-17,6739.0,竹陞科技,其他電子業,0.7604259176390944,SECTOR_WEAK,-0.16936585,-0.2682927,0.02195122,0.0064398274670871,0.26081583,0.4556061,0.036,0.121038325,0.9052741,2.4863427,5.904378,1.0,0.08285761,0.9959514,-0.0765644,1.0339139,0.63601637,2.888619,120.0,-0.047289528,,,,,,,,,,,,,,,,,,,,,,,,
FAILED_SETUP,,,,,,,2025-10-17,8926.0,台汽電,油電燃氣業,0.6372442715683913,STOCK_SPECIFIC,-0.08700001,-0.1878788,0.038383838,0.0064398274670871,0.006079024,-0.056566186,0.0,0.004073663,0.13267446,5.481001,0.16581832,0.014426195,0.0,0.5708502,0.0,1.1295681,1.6738932,3.4289396,94.0,-0.025782708,,,,,,,,,,,,,,,,,,,,,,,,
FAILED_SETUP,,,,,,,2025-10-17,8932.0,智通*,數位雲端,0.7087948779732195,SECTOR_WEAK,-0.052939754,-0.26024097,0.021686748,0.0064398274670871,0.20048308,0.32252178,0.088,0.09480139,0.50921136,1.1563157,3.7870045,0.20048308,0.12590432,0.9676113,-0.19727613,1.2722372,0.47515294,1.6065583,119.0,-0.23404469,,,,,,,,,,,,,,,,,,,,,,,,
FAILED_SETUP,,,,,,,2025-10-17,5536.0,聖暉*,其他電子業,0.6882023567748672,SECTOR_WEAK,-0.11986873,-0.25894988,0.011933175,0.0064398274670871,0.22584541,0.39047268,0.04,0.0010961833,0.5671218,1.8479633,1.884106,0.22584541,0.15093762,0.9365722,-0.07355588,1.3613446,2.4228008,1.532764,102.0,1.001105,,,,,,,,,,,,,,,,,,,,,,,,
FAILED_SETUP,,,,,,,2025-10-17,6649.0,台生材,生技醫療業,0.7852713044875104,SECTOR_WEAK,-0.18557982,-0.37517053,0.002728513,0.0064398274670871,0.09686222,0.7199404,0.02,0.0063788956,0.6303743,2.8509283,5.388517,1.0,0.11390346,0.91363025,-0.04646953,1.3274531,0.4923924,3.693513,60.0,-0.9197194,,,,,,,,,,,,,,,,,,,,,,,,
FAILED_SETUP,,,,,,,2025-10-17,5410.0,國眾,資訊服務業,0.7585969501910433,SECTOR_WEAK,-0.15291336,-0.22703412,0.024934385,0.0064398274670871,0.10935442,0.18645099,0.028,0.17767653,0.27549213,3.3634634,0.04320362,0.0066064107,0.25536975,0.58704454,-0.08944657,1.2779783,0.39901227,3.403305,34.0,0.07243485,,,,,,,,,,,,,,,,,,,,,,,,
FAILED_SETUP,,,,,,,2025-10-17,8277.0,商丞,半導體業,0.846016775096669,SECTOR_WEAK,-0.2785294,-0.5,0.0882353,0.0064398274670871,0.059602667,0.28043598,0.028,0.22498785,0.41730803,3.6489906,0.023776779,0.006622532,0.11092129,0.75843453,-0.037141293,1.1169451,1.317773,3.076432,8.0,0.30666915,,,,,,,,,,,,,,,,,,,,,,,,
FAILED_SETUP,,,,,,,2025-10-17,5314.0,世紀*,半導體業,0.8429199224352576,SECTOR_WEAK,-0.18406594,-0.335532,0.036630053,0.0064398274670871,0.10037177,0.6694579,0.028,0.11406247,0.76722187,2.3740156,0.54530334,0.10037177,0.1344698,0.9689609,-0.039497454,0.8076924,0.59215593,3.1583488,3.0,-0.6149842,,,,,,,,,,,,,,,,,,,,,,,,
FAILED_SETUP,,,,,,,2025-10-17,1733.0,五鼎,生技醫療業,0.6279244546946176,SECTOR_WEAK,-0.1291404,-0.1418338,0.108882524,0.0064398274670871,0.09329445,0.068227425,0.06,0.09012659,0.13000917,3.4669232,0.12292698,0.01587484,0.2829216,0.3697706,-0.043560598,0.8304498,0.3536024,2.216667,41.0,-0.22462782,,,,,,,,,,,,,,,,,,,,,,,,
FAILED_SETUP,,,,,,,2025-10-17,2301.0,光寶科,電子工業,0.6753284453776691,SECTOR_WEAK,-0.054728918,-0.10843374,0.18674698,0.0064398274670871,0.1450151,0.2404326,0.052,-0.009304196,0.40020618,1.1776853,2.649698,0.1450151,0.15071873,0.88124156,-0.06494329,0.9826589,0.6599762,2.7383935,104.0,1.280647,,,,,,,,,,,,,,,,,,,,,,,,
FAILED_SETUP,,,,,,,2025-10-17,5392.0,能率,光電業,0.6321400296031118,SECTOR_WEAK,-0.0660577,-0.11752138,0.19017093,0.0064398274670871,0.2820513,0.2907272,0.036,0.004799201,0.3342918,0.95860475,4.269772,0.2820513,0.18759382,0.82861,-0.13964716,0.7772657,0.16237018,1.3251157,63.0,1.6498061,,,,,,,,,,,,,,,,,,,,,,,,
FAILED_SETUP,,,,,,,2025-10-17,3306.0,鼎天,通信網路業,0.7682099296639244,SECTOR_WEAK,-0.14660715,-0.23376623,0.1607143,0.0064398274670871,0.12071778,0.3366734,0.04,0.100911334,0.3417602,3.591875,0.3882872,0.056925673,0.25627923,0.75168693,-0.11471882,1.6069869,0.7395396,2.9000607,32.0,-0.12613022,,,,,,,,,,,,,,,,,,,,,,,,
FAILED_SETUP,,,,,,,2025-10-17,3479.0,安勤,電腦及週邊設備業,0.6987860429359862,SECTOR_WEAK,-0.086480685,-0.21030043,0.017167388,0.0064398274670871,0.034334768,0.037177645,0.008,0.055431224,0.1663257,2.7388349,0.21400204,0.018507043,0.019834911,0.6005398,-0.08514112,1.2571429,1.168601,2.4991586,66.0,-0.030682417,,,,,,,,,,,,,,,,,,,,,,,,
FAILED_SETUP,,,,,,,2025-10-17,3551.0,世禾,其他電子業,0.7015444104046906,SECTOR_WEAK,-0.15142858,-0.15714286,0.26285714,0.0064398274670871,0.054441262,-0.04556479,0.016,0.12316439,0.2623442,3.4193547,0.24506444,0.03710976,0.028513422,0.89068824,-0.07696488,1.3479854,1.3472539,1.3094647,108.0,1.5709846,,,,,,,,,,,,,,,,,,,,,,,,
FAILED_SETUP,,,,,,,2025-10-17,3625.0,西勝,電腦及週邊設備業,0.8840648055718106,SECTOR_WEAK,-0.25913906,-0.37086093,0.18377483,0.0064398274670871,0.10050251,0.6283471,0.016,0.31057072,0.68838024,3.1942856,3.8589318,1.0,0.04435633,0.94331986,-0.08919824,0.98887515,0.37859398,2.9605443,40.0,1.2526764,,,,,,,,,,,,,,,,,,,,,,,,
FAILED_SETUP,,,,,,,2025-10-17,3313.0,斐成,電子零組件業,0.7638784666047067,SECTOR_WEAK,-0.21412371,-0.3273196,0.05670103,0.0064398274670871,0.10236221,0.21756591,0.008,0.065459944,0.31312898,3.410909,0.03677321,0.007874016,0.16496134,0.7678812,-0.042153966,1.042654,1.2564131,3.0230694,24.0,-1.8446132,,,,,,,,,,,,,,,,,,,,,,,,
FAILED_SETUP,,,,,,,2025-10-17,4739.0,康普,化學生技醫療,0.6393652542081169,SECTOR_WEAK,-0.07756676,-0.0860534,0.12759645,0.0064398274670871,0.14413075,0.08958644,0.06,0.04268648,0.25478327,1.2158138,0.023667715,0.001835828,0.23423626,0.81511474,-0.06454107,1.2269601,0.4358912,1.2437984,41.0,0.514496,,,,,,,,,,,,,,,,,,,,,,,,
FAILED_SETUP,,,,,,,2025-10-17,4749.0,新應材,光電業,0.8319036636719332,SECTOR_WEAK,-0.11289934,-0.19693655,0.0,0.0064398274670871,0.048618786,0.24014041,0.016,0.12873484,0.4149486,3.1474073,0.11744682,0.013259669,0.0376169,0.9311741,-0.1441163,1.3353205,0.75729436,3.7567174,28.0,0.32086957,,,,,,,,,,,,,,,,,,,,,,,,
FAILED_SETUP,,,,,,,2025-10-17,4772.0,台特化,化學工業,0.7290397347194015,STOCK_SPECIFIC,-0.13520588,-0.16764706,0.0073529407,0.0064398274670871,0.038922157,0.23034188,0.016,-0.05783485,0.4023528,3.0646665,0.24358507,0.032934133,0.021665188,0.8933873,0.03795281,1.2901134,0.72347003,3.532222,77.0,0.86844265,,,,,,,,,,,,,,,,,,,,,,,,
FAILED_SETUP,,,,,,,2025-10-17,4934.0,太極,電子工業,0.6239876997923193,SECTOR_WEAK,-0.1817347,-0.207483,0.20068027,0.0064398274670871,0.24827586,0.18271744,0.1,0.20329612,0.25300288,2.8441825,0.15179384,0.027586207,0.2972924,0.7233468,-0.06524207,0.6940639,0.2024082,2.3865652,11.0,0.12636091,,,,,,,,,,,,,,,,,,,,,,,,
FAILED_SETUP,,,,,,,2025-10-17,5222.0,全訊,半導體業,0.6661836081374135,SECTOR_WEAK,-0.093898304,-0.1661017,0.016949153,0.0064398274670871,0.16107383,0.15532713,0.044,0.032718614,0.29000622,2.203409,0.1300049,0.012207239,0.28135458,0.7948718,-0.037485845,1.5776893,0.9847274,2.0450413,50.0,-0.36619163,,,,,,,,,,,,,,,,,,,,,,,,
FAILED_SETUP,,,,,,,2025-10-17,5284.0,jpp-KY,其他,0.6274184480167062,SECTOR_WEAK,-0.045999996,-0.06363636,0.21636364,0.0064398274670871,0.16181819,0.13505496,0.1,0.032138176,0.3694124,0.9624999,3.517787,0.16181819,0.18802647,0.90958166,-0.10819499,0.99025345,0.4620671,1.6396738,95.0,-0.15295658,,,,,,,,,,,,,,,,,,,,,,,,
FAILED_SETUP,,,,,,,2025-10-17,3706.0,神達,電腦及週邊設備業,0.7435412435601758,SECTOR_WEAK,-0.109750815,-0.13326111,0.18093175,0.0064398274670871,0.10503282,0.2215301,0.048,0.08312076,0.38727075,2.3956082,0.9570117,0.10503282,0.075087495,0.9055331,-0.08559551,1.2129033,0.4698043,1.8439267,45.0,0.45211428,,,,,,,,,,,,,,,,,,,,,,,,
FAILED_SETUP,,,,,,,2025-10-23,6418.0,詠昇,電子零組件業,0.7013921113689096,SECTOR_WEAK,-0.04892308,-0.34444445,0.083760686,-0.0106195588067709,0.3864818,1.4605666,0.004,-0.010005802,0.9618749,0.699267,7.0141582,0.34315422,0.079194106,0.99454296,-0.02712226,1.2668024,1.22528,2.4209187,49.0,-0.01611429,,,,,,,,,,,,,,,,,,,,,,,,
FAILED_SETUP,,,,,,,2025-10-23,5314.0,世紀*,半導體業,0.6805104408352669,SECTOR_WEAK,-0.06456692,-0.28582773,0.041665632,-0.0106195588067709,0.18400002,0.41436386,0.048,-0.026341049,0.59896576,1.0092305,2.849757,0.18400002,0.2349405,0.91405183,-0.057085257,0.66162163,0.32303074,2.4451988,7.0,-0.6149842,,,,,,,,,,,,,,,,,,,,,,,,
FAILED_SETUP,,,,,,,2025-10-23,5392.0,能率,光電業,0.7816705336426915,SECTOR_WEAK,-0.10880627,-0.19178084,0.0704501,-0.0106195588067709,0.16504855,0.37365308,0.036,0.21528171,0.4509085,2.0113697,1.516903,0.16504855,0.18978842,0.8540245,-0.14723204,0.880597,0.2902424,2.8032987,67.0,1.6498061,,,,,,,,,,,,,,,,,,,,,,,,
FAILED_SETUP,,,,,,,2025-10-23,5410.0,國眾,資訊服務業,0.762877030162413,SECTOR_WEAK,-0.16123235,-0.24390244,0.0025673942,-0.0106195588067709,0.09635417,0.1833986,0.016,0.15653948,0.28233746,3.5309238,0.59761065,0.09635417,0.20157635,0.6425648,-0.09590698,0.56838363,0.31822714,3.1762161,38.0,0.07243485,,,,,,,,,,,,,,,,,,,,,,,,
FAILED_SETUP,,,,,,,2025-10-23,6161.0,捷波,電腦及週邊設備業,0.6902552204176334,SECTOR_WEAK,-0.13634615,-0.2298951,0.013986014,-0.0106195588067709,0.059859157,0.17822699,0.028,-0.037402242,0.31770876,3.1151497,0.43902344,0.059859157,0.25671586,0.6562074,-0.06370435,0.86403084,0.3469539,4.186088,24.0,-0.34200442,,,,,,,,,,,,,,,,,,,,,,,,
FAILED_SETUP,,,,,,,2025-10-23,6182.0,合晶,半導體業,0.7911832946635731,SECTOR_WEAK,-0.20400576,-0.22622477,0.011527377,-0.0106195588067709,0.103550315,0.24709995,0.008,0.087761424,0.4247576,3.9405963,0.1450243,0.029585794,0.10668474,0.83901775,-0.057728745,1.1428572,0.74507385,3.5770044,27.0,1.3605496,,,,,,,,,,,,,,,,,,,,,,,,
FAILED_SETUP,,,,,,,2025-10-23,6235.0,華孚,電腦及週邊設備業,0.6874709976798143,SECTOR_WEAK,-0.14072903,-0.21595597,0.04951857,-0.0106195588067709,0.0948396,0.1567668,0.044,0.028283099,0.28227067,2.672276,0.017075682,0.0024030441,0.24399698,0.7271487,-0.06488093,0.73609126,0.20775206,2.0895522,31.0,1.2967794,,,,,,,,,,,,,,,,,,,,,,,,
FAILED_SETUP,,,,,,,2025-10-23,6449.0,鈺邦,電子工業,0.6517401392111368,SECTOR_WEAK,-0.10974811,-0.20654912,0.01511335,-0.0106195588067709,0.18670076,0.5800465,0.052,-0.06142759,0.49900684,1.5640513,1.7011752,0.18670076,0.25691098,0.9222374,-0.06698417,0.8671329,0.88040644,1.8708546,37.0,-0.6526129,,,,,,,,,,,,,,,,,,,,,,,,
FAILED_SETUP,,,,,,,2025-10-23,8926.0,台汽電,油電燃氣業,0.6480278422273782,STOCK_SPECIFIC,-0.09544642,-0.20833334,0.005952381,-0.0106195588067709,0.023904394,-0.036184646,0.004,0.02630098,0.1449785,5.475365,10.477082,1.0,0.02388214,0.57435197,0.0,1.1547619,0.9748006,3.5929534,98.0,-0.025782708,,,,,,,,,,,,,,,,,,,,,,,,
FAILED_SETUP,,,,,,,2025-10-23,6510.0,精測,半導體業,0.6354988399071926,SECTOR_WEAK,-0.0859292,-0.14159292,0.42477876,-0.0106195588067709,0.2265861,0.7106739,0.068,-0.056953624,0.63601094,1.4776087,2.6368928,0.2265861,0.12727295,0.94542974,-0.05571541,0.6666667,0.6995823,2.867802,125.0,-0.0007496878,,,,,,,,,,,,,,,,,,,,,,,,
FAILED_SETUP,,,,,,,2025-10-23,6649.0,台生材,生技醫療業,0.6394431554524362,SECTOR_WEAK,-0.03658767,-0.2764613,0.08056872,-0.0106195588067709,0.25625,0.35609418,0.056,0.009579431,0.40378582,0.49577966,3.7153912,0.1359375,0.2627105,0.86084586,-0.04113982,0.7671233,0.2924106,1.4021406,64.0,-0.9197194,,,,,,,,,,,,,,,,,,,,,,,,
FAILED_SETUP,,,,,,,2025-10-23,6739.0,竹陞科技,其他電子業,0.6350348027842228,SECTOR_WEAK,-0.029668875,-0.205298,0.10993378,-0.0106195588067709,0.37466308,0.32563114,0.024,-0.025289426,0.6902527,0.44545457,12.628153,0.37466308,0.052240334,0.98499316,-0.08846501,0.69481766,0.5156732,1.4676137,124.0,-0.047289528,,,,,,,,,,,,,,,,,,,,,,,,
FAILED_SETUP,,,,,,,2025-10-23,8261.0,富鼎,電子工業,0.7150812064965197,SECTOR_WEAK,-0.15754808,-0.1798077,0.028846154,-0.0106195588067709,0.039215688,-0.010753508,0.008,0.07772355,0.24613051,4.1556163,0.06814213,0.010735663,0.08413093,0.7244202,-0.06785779,1.495702,1.8980411,3.1990342,34.0,0.8669355,,,,,,,,,,,,,,,,,,,,,,,,
FAILED_SETUP,,,,,,,2025-10-23,8404.0,百和興業-KY,其他,0.622737819025522,SECTOR_WEAK,-0.15042552,-0.15957445,0.0070921984,-0.0106195588067709,0.2141779,0.18215488,0.1,0.123263635,0.29834813,4.167578,0.44713622,0.0672607,0.26000446,0.6957708,-0.10808404,0.9889625,4.2394433,4.6216373,0.0,0.65611815,,,,,,,,,,,,,,,,,,,,,,,,
FAILED_SETUP,,,,,,,2025-10-23,8499.0,鼎炫-KY,其他,0.6410672853828305,SECTOR_WEAK,-0.19333333,-0.20875421,0.36531988,-0.0106195588067709,0.17979452,-0.07538602,0.024,0.13024643,0.4076418,4.039598,0.08856873,0.017123288,0.16077904,0.9317872,-0.108563036,1.0698603,1.801365,1.335511,136.0,0.85406893,,,,,,,,,,,,,,,,,,,,,,,,
FAILED_SETUP,,,,,,,2025-10-23,4934.0,太極,電子工業,0.7164733178654292,SECTOR_WEAK,-0.1411672,-0.26498422,0.0063091484,-0.0106195588067709,0.12779553,0.2648454,0.056,0.08723741,0.34440163,2.506,0.83738196,0.11821086,0.12057955,0.7830832,-0.06801088,0.98812354,0.90763307,3.4029336,15.0,0.12636091,,,,,,,,,,,,,,,,,,,,,,,,
FAILED_SETUP,,,,,,,2025-10-23,6488.0,環球晶,半導體業,0.865661252900232,SECTOR_WEAK,-0.18131147,-0.39344263,0.016393442,-0.0106195588067709,0.020560747,0.3065059,0.0,0.04025609,0.5161415,3.8284614,0.3147837,0.0570739,0.0,0.86630285,-0.057107817,0.96825397,1.3245664,4.497756,37.0,1.5379431,,,,,,,,,,,,,,,,,,,,,,,,
FAILED_SETUP,,,,,,,2025-10-23,4749.0,新應材,光電業,0.6296983758700695,SECTOR_WEAK,-0.068034485,-0.15632184,0.040229887,-0.0106195588067709,0.11384977,0.15314642,0.132,0.06936212,0.31269133,1.9181944,1.121359,0.07629108,0.22475153,0.9004093,-0.1424829,0.7327327,0.5097507,1.7645832,32.0,0.32086957,,,,,,,,,,,,,,,,,,,,,,,,
FAILED_SETUP,,,,,,,2025-10-23,4722.0,國精化,化學生技醫療,0.8064965197215777,SECTOR_WEAK,-0.112318434,-0.19273743,0.08100559,-0.0106195588067709,0.2266289,1.2937386,0.008,0.123555705,0.9052319,1.581292,8.903258,1.0,0.07433961,0.9931787,-0.13048793,0.9441441,0.9123832,2.9029026,134.0,-1.2638568,,,,,,,,,,,,,,,,,,,,,,,,
FAILED_SETUP,,,,,,,2025-10-23,4441.0,振大環球,紡織纖維,0.6962877030162413,SECTOR_WEAK,-0.17788991,-0.19163764,0.043554008,-0.0106195588067709,0.096191466,-0.051210176,0.004,0.18934621,0.23751198,4.0843525,0.5407359,0.096191466,0.015680654,0.68076396,-0.058638267,0.99399734,0.67512953,2.6734421,24.0,0.9540868,,,,,,,,,,,,,,,,,,,,,,,,
FAILED_SETUP,,,,,,,2025-10-23,1733.0,五鼎,生技醫療業,0.6682134570765662,SECTOR_WEAK,-0.084456824,-0.16573815,0.0,-0.0106195588067709,0.08403361,0.091736,0.04,0.09622537,0.17160685,2.1824164,0.59699345,0.050420173,0.2397434,0.51432467,-0.04092156,1.0666667,0.35958537,2.6824336,45.0,-0.22462782,,,,,,,,,,,,,,,,,,,,,,,,
FAILED_SETUP,,,,,,,2025-10-23,2301.0,光寶科,電子工業,0.6522041763341068,SECTOR_WEAK,-0.11597183,-0.16619718,0.10985915,-0.0106195588067709,0.11143695,0.25005692,0.044,-0.077880695,0.42171624,2.8675623,0.9608967,0.11143695,0.11272847,0.8635743,-0.0668003,0.7898089,0.7743222,3.1758595,108.0,1.280647,,,,,,,,,,,,,,,,,,,,,,,,
FAILED_SETUP,,,,,,,2025-10-23,2328.0,廣宇,電子零組件業,0.64292343387471,SECTOR_WEAK,-0.1367474,-0.21453288,0.032871973,-0.0106195588067709,0.1254417,0.13550346,0.044,0.0035497467,0.27026296,3.1797702,0.9173242,0.1254417,0.12619123,0.7967258,-0.026927022,0.78527606,0.7938848,1.6765805,74.0,0.5566803,,,,,,,,,,,,,,,,,,,,,,,,
FAILED_SETUP,,,,,,,2025-10-23,2342.0,茂矽,電子工業,0.8610208816705338,SECTOR_WEAK,-0.27382585,-0.27836412,0.044854883,-0.0106195588067709,0.07638889,0.4376328,0.004,0.15477733,0.47657615,4.242102,0.00924673,0.002531994,0.06268199,0.76944065,-0.06843605,1.2886837,6.3912015,4.0770025,8.0,1.7204857,,,,,,,,,,,,,,,,,,,,,,,,
FAILED_SETUP,,,,,,,2025-10-23,2374.0,佳能,電子工業,0.6248259860788863,SECTOR_WEAK,-0.095627956,-0.116113745,0.09597157,-0.0106195588067709,0.21686746,0.35817167,0.068,-0.03159251,0.44579676,2.2644086,2.267825,0.21686746,0.13210468,0.9236016,-0.06710967,1.1193634,0.38036177,2.1141534,70.0,1.3721987,,,,,,,,,,,,,,,,,,,,,,,,
FAILED_SETUP,,,,,,,2025-10-23,2501.0,國建,建材營造,0.6531322505800465,SECTOR_WEAK,-0.08188796,-0.13485476,0.002074689,-0.0106195588067709,0.046898432,0.07135279,0.084,0.09104282,0.19367146,3.6838663,0.18749331,0.015353444,0.0954832,0.5702592,-0.08359178,0.96000004,0.6617548,3.9620001,2.0,0.015836338,,,,,,,,,,,,,,,,,,,,,,,,
FAILED_SETUP,,,,,,,2025-10-23,3016.0,嘉晶,電子工業,0.837122969837587,SECTOR_WEAK,-0.18365572,-0.23606558,0.039344262,-0.0106195588067709,0.109634556,0.5204412,0.008,0.110918686,0.58367777,3.0633202,0.020386707,0.0037441356,0.1434337,0.87858117,-0.068119496,1.0049505,0.6104835,3.9937828,24.0,1.6179047,,,,,,,,,,,,,,,,,,,,,,,,
FAILED_SETUP,,,,,,,2025-10-23,1504.0,東元,電機機械,0.8816705336426913,SECTOR_WEAK,-0.2602383,-0.3106383,0.03404256,-0.0106195588067709,0.11842105,1.0827231,0.016,0.37549147,0.8589044,3.8741357,3.842632,1.0,0.07442883,0.9699864,-0.105976574,1.038961,0.29455173,4.1681113,51.0,-0.25815636,,,,,,,,,,,,,,,,,,,,,,,,
FAILED_SETUP,,,,,,,2025-10-23,3306.0,鼎天,通信網路業,0.9273781902552204,SECTOR_WEAK,-0.25434044,-0.33049646,0.0028368793,-0.0106195588067709,0.039244186,0.50282985,0.0,0.27183768,0.49057505,6.4866667,3.9317384,1.0,0.0,0.83765346,-0.13704985,1.1617934,7.822265,4.7314816,36.0,-0.12613022,,,,,,,,,,,,,,,,,,,,,,,,
FAILED_SETUP,,,,,,,2025-10-23,3317.0,尼克森,半導體業,0.8591647331786543,SECTOR_WEAK,-0.1907826,-0.23304349,0.06086955,-0.0106195588067709,0.03231598,0.2520423,0.0,0.12312891,0.3654638,4.2425413,0.09410356,0.017953323,0.0,0.7680764,-0.05827464,1.4492222,2.7293174,3.9866035,37.0,0.37878633,,,,,,,,,,,,,,,,,,,,,,,,
FAILED_SETUP,,,,,,,2025-10-23,3515.0,華擎,電腦及週邊設備業,0.6320185614849188,SECTOR_WEAK,-0.16292682,-0.23089431,0.17073171,-0.0106195588067709,0.10684474,-0.07409404,0.02,0.07919617,0.24220225,3.8119566,0.102466166,0.016694488,0.083264746,0.8526603,-0.065676495,0.8392157,2.694441,1.2972827,92.0,1.5574976,,,,,,,,,,,,,,,,,,,,,,,,
FAILED_SETUP,,,,,,,2025-10-23,3551.0,世禾,其他電子業,0.6477958236658934,SECTOR_WEAK,-0.14899714,-0.1547278,0.26647565,-0.0106195588067709,0.06976744,-0.05309257,0.048,0.12905046,0.22901256,3.6767676,0.35023507,0.052184023,0.076732896,0.8594816,-0.09382739,0.68327403,0.55599713,0.9010526,112.0,1.5709846,,,,,,,,,,,,,,,,,,,,,,,,
FAILED_SETUP,,,,,,,2025-10-23,3625.0,西勝,電腦及週邊設備業,0.9663573085846868,SECTOR_WEAK,-0.3234527,-0.4555874,0.024355302,-0.0106195588067709,0.036231883,0.8588782,0.0,0.4297005,0.9107222,4.483376,3.091642,1.0,0.0,0.96725786,-0.07083853,0.93449783,2.2517662,4.3138533,44.0,1.2526764,,,,,,,,,,,,,,,,,,,,,,,,
FAILED_SETUP,,,,,,,2025-10-23,3706.0,神達,電腦及週邊設備業,0.6749419953596288,SECTOR_WEAK,-0.089285724,-0.1417749,0.17965367,-0.0106195588067709,0.1123348,0.12057403,0.064,0.035183847,0.35890946,2.2691553,1.2581497,0.1123348,0.081155956,0.89904505,-0.064833745,0.5464481,0.25075704,1.5786189,49.0,0.45211428,,,,,,,,,,,,,,,,,,,,,,,,
FAILED_SETUP,,,,,,,2025-10-23,3707.0,漢磊,半導體業,0.7222737819025522,SECTOR_WEAK,-0.13296178,-0.2786624,0.00955414,-0.0106195588067709,0.14216478,0.38783285,0.032,0.01610303,0.45057726,2.3521125,0.3402049,0.045234248,0.32750645,0.85675305,-0.056780994,1.0306407,0.39505792,2.853521,31.0,1.7607414,,,,,,,,,,,,,,,,,,,,,,,,
FAILED_SETUP,,,,,,,2025-10-23,3257.0,虹冠電,電子工業,0.7473317865429234,SECTOR_WEAK,-0.21414907,-0.26708075,0.016149068,-0.0106195588067709,0.04832214,0.08256959,0.004,0.054660887,0.24355756,6.003632,0.10125035,0.021682668,0.031167861,0.8144611,-0.067703605,1.0190641,1.6821951,2.9770317,61.0,1.4967415,,,,,,,,,,,,,,,,,,,,,,,,
FAILED_SETUP,,,,,,,2025-10-31,4722.0,國精化,化學生技醫療,0.7320627802690584,SECTOR_WEAK,-0.065,-0.19722222,0.07777778,0.0168098426693312,0.1961326,1.121956,0.028,0.0007601454,0.87703115,0.94682086,3.0174246,0.1961326,0.12493724,0.9931694,-0.15394577,0.9940358,0.5589451,2.6180542,139.0,-1.1889765,,,,,,,,,,,,,,,,,,,,,,,,
FAILED_SETUP,,,,,,,2025-10-31,8473.0,山林水,綠能環保,0.6318385650224216,SECTOR_WEAK,-0.1382885,-0.15036675,0.01833741,0.0168098426693312,0.104218364,0.0075300597,0.06,0.1181553,0.203674,3.9103208,0.0054193633,0.0007494356,0.18191803,0.65847,-0.08747238,0.790787,0.42475098,2.1604936,9.0,-0.852656,,,,,,,,,,,,,,,,,,,,,,,,
FAILED_SETUP,,,,,,,2025-10-31,4749.0,新應材,光電業,0.7352017937219731,SECTOR_WEAK,-0.10407735,-0.18895027,0.0,0.0168098426693312,0.0650954,0.13777243,0.052,0.079088986,0.35040691,2.758703,0.2803751,0.029180696,0.10063729,0.89344263,-0.17141077,1.0211382,1.3462017,2.177127,37.0,0.17826897,,,,,,,,,,,,,,,,,,,,,,,,
FAILED_SETUP,,,,,,,2025-10-31,4768.0,晶呈科技,化學工業,0.8502242152466367,SECTOR_WEAK,-0.21434869,-0.23046093,0.58316636,0.0168098426693312,0.084,0.7932634,0.056,0.27322313,0.81726813,4.909639,0.05473424,0.011732213,0.09777468,0.965847,-0.11353567,0.9319588,0.7470299,5.580874,31.0,0.8951276,,,,,,,,,,,,,,,,,,,,,,,,
FAILED_SETUP,,,,,,,2025-10-31,4772.0,台特化,化學工業,0.8354260089686101,SECTOR_WEAK,-0.09564516,-0.17008798,0.004398827,0.0168098426693312,0.023598822,0.24779777,0.004,0.07253496,0.38987514,2.0755,0.18504979,0.017699117,0.0074521196,0.87568307,-0.08807891,1.0283806,1.7170571,2.6992424,86.0,0.6823657,,,,,,,,,,,,,,,,,,,,,,,,
FAILED_SETUP,,,,,,,2025-10-31,5284.0,jpp-KY,其他,0.9132286995515696,SECTOR_WEAK,-0.18116823,-0.19781932,0.042056076,0.0168098426693312,0.0094191525,0.31523827,0.0,0.15475711,0.5302072,4.485785,0.0173304,0.003139718,0.0,0.9385246,-0.13650964,1.3716475,2.8615618,4.0380163,104.0,-0.34002155,,,,,,,,,,,,,,,,,,,,,,,,
FAILED_SETUP,,,,,,,2025-10-31,5434.0,崇越,電子通路業,0.7338565022421526,SECTOR_WEAK,-0.14616045,-0.18051575,0.017191976,0.0168098426693312,0.021929825,0.0048441538,0.0,0.03928749,0.24513105,5.3493633,6.841796,1.0,0.0,0.75136614,-0.04356089,1.2682927,3.4856071,4.0820227,57.0,0.98441535,,,,,,,,,,,,,,,,,,,,,,,,
FAILED_SETUP,,,,,,,2025-10-31,6664.0,群翊,電子零組件業,0.658744394618834,SECTOR_WEAK,-0.15797153,-0.16370107,0.15124555,0.0168098426693312,0.07771834,0.04362032,0.056,0.034979593,0.28556812,4.184916,0.250028,0.03949731,0.14139512,0.8306011,-0.029805638,1.0,0.94524103,2.327834,41.0,0.15175512,,,,,,,,,,,,,,,,,,,,,,,,
FAILED_SETUP,,,,,,,2025-10-31,6488.0,環球晶,半導體業,0.7378923766816143,SECTOR_WEAK,-0.09331683,-0.34059405,0.01980198,0.0168098426693312,0.098425195,0.21864909,0.032,0.04080792,0.4194157,1.8823109,0.25313812,0.023622047,0.09271165,0.84562844,-0.04529295,0.8187633,0.5027624,3.0156918,42.0,1.5060927,,,,,,,,,,,,,,,,,,,,,,,,
FAILED_SETUP,,,,,,,2025-10-31,6649.0,台生材,生技醫療業,0.6426008968609864,SECTOR_WEAK,-0.06298165,-0.29969418,0.04587156,0.0168098426693312,0.22003035,0.33411297,0.06,-0.0050580367,0.42013618,1.0297499,1.6383605,0.103186645,0.24977362,0.86748636,-0.12352643,0.58653843,0.2580028,1.6054167,69.0,-1.0840486,,,,,,,,,,,,,,,,,,,,,,,,
FAILED_SETUP,,,,,,,2025-10-31,6785.0,昱展新藥,生技醫療業,0.7912556053811659,SECTOR_WEAK,-0.083125,-0.17613636,0.20075758,0.0168098426693312,0.13636364,0.48058474,0.048,0.16053142,0.5105435,1.7556,0.18439062,0.01532747,0.116470076,0.8784153,-0.12817723,0.79856116,0.36033943,2.7979999,61.0,-0.87696594,,,,,,,,,,,,,,,,,,,,,,,,
FAILED_SETUP,,,,,,,2025-10-31,8155.0,博智,電子零組件業,0.7542600896860986,SECTOR_WEAK,-0.11544379,-0.12426035,0.115384616,0.0168098426693312,0.05278592,0.092812546,0.004,0.043569077,0.28631106,2.626346,0.06376741,0.0073615517,0.026112426,0.7172131,-0.029871589,0.9935484,0.9042013,2.6822116,74.0,1.1250664,,,,,,,,,,,,,,,,,,,,,,,,
FAILED_SETUP,,,,,,,2025-10-31,8261.0,富鼎,電子工業,0.7316143497757848,SECTOR_WEAK,-0.13679802,-0.1596059,0.0049261167,0.0168098426693312,0.04390244,0.052939855,0.012,0.057951704,0.2441743,2.7730384,0.042436622,0.005805246,0.10018108,0.69808745,-0.06674098,1.2897197,2.1597543,2.2950547,39.0,0.72925884,,,,,,,,,,,,,,,,,,,,,,,,
FAILED_SETUP,,,,,,,2025-10-31,4441.0,振大環球,紡織纖維,0.7013452914798206,SECTOR_WEAK,-0.140173,-0.19723183,0.03633218,0.0168098426693312,0.08860536,-0.0776901,0.004,0.18477184,0.23631842,3.6355128,0.6321143,0.08860536,0.015528041,0.7472678,-0.14710175,0.70886075,0.73498404,2.9851594,29.0,1.0198166,,,,,,,,,,,,,,,,,,,,,,,,
FAILED_SETUP,,,,,,,2025-10-31,6235.0,華孚,電腦及週邊設備業,0.6569506726457399,SECTOR_WEAK,-0.12076923,-0.2027972,0.04055944,0.0168098426693312,0.10875706,0.11721967,0.08,0.093724385,0.25528947,2.8245327,0.12540822,0.015145455,0.3148507,0.68715847,-0.08091975,0.8057143,0.30658484,1.8105141,36.0,1.2991287,,,,,,,,,,,,,,,,,,,,,,,,
FAILED_SETUP,,,,,,,2025-10-31,4129.0,聯合,生技醫療業,0.7183856502242152,SECTOR_WEAK,-0.10108,-0.128,0.052,0.0168098426693312,0.03614458,0.028239643,0.004,0.0436837,0.20766217,3.4684315,0.3575839,0.03614458,0.010435572,0.66256833,-0.12493395,0.821192,0.53452,2.4980392,109.0,-1.0488033,,,,,,,,,,,,,,,,,,,,,,,,
FAILED_SETUP,,,,,,,2025-10-31,3413.0,京鼎,電子工業,0.802017937219731,SECTOR_WEAK,-0.2098654,-0.24091521,0.009421265,0.0168098426693312,0.017520215,0.0014282647,0.0,0.20472835,0.27348697,5.62634,0.16417488,0.03445463,0.0,0.64071035,-0.06765963,1.3430127,2.427285,4.712371,17.0,1.0702019,,,,,,,,,,,,,,,,,,,,,,,,
FAILED_SETUP,,,,,,,2025-10-31,3625.0,西勝,電腦及週邊設備業,0.686322869955157,SECTOR_WEAK,-0.10315498,-0.29889297,0.020295203,0.0168098426693312,0.2906137,0.31381065,0.04,0.07360247,0.4993234,1.2005215,9.694151,1.0,0.1638164,0.9193989,-0.08077333,1.0522088,0.44732204,1.2679448,49.0,1.243314,,,,,,,,,,,,,,,,,,,,,,,,
FAILED_SETUP,,,,,,,2025-10-31,3706.0,神達,電腦及週邊設備業,0.8795964125560538,SECTOR_WEAK,-0.14039025,-0.22634147,0.06341463,0.0168098426693312,0.010000002,0.18993989,0.0,0.1282773,0.46696988,4.0131474,0.035615034,0.0050000036,0.0,0.92622954,-0.081471816,1.0336474,1.9616165,3.5392842,54.0,0.4275067,,,,,,,,,,,,,,,,,,,,,,,,
FAILED_SETUP,,,,,,,2025-10-31,1504.0,東元,電機機械,0.8885650224215246,SECTOR_WEAK,-0.20038462,-0.30769232,0.012820513,0.0168098426693312,0.0944206,0.72367,0.008,0.21582758,0.8330389,3.2659705,4.990403,1.0,0.044347975,0.954918,-0.08424666,0.6527778,0.9991127,4.2582755,56.0,-0.24922909,,,,,,,,,,,,,,,,,,,,,,,,
FAILED_SETUP,,,,,,,2025-10-31,1570.0,力肯,電機機械,0.7248878923766816,SECTOR_WEAK,-0.037373275,-0.11520738,0.038402442,0.0168098426693312,0.14307693,0.18836147,0.036,0.112284124,0.35623005,1.7740623,1.8532753,0.06926297,0.27670655,0.79234976,-0.077257276,0.928125,0.121184886,8.782131,14.0,-0.1562431,,,,,,,,,,,,,,,,,,,,,,,,
FAILED_SETUP,,,,,,,2025-10-31,1773.0,勝一,化學工業,0.6365470852017937,SECTOR_WEAK,-0.093898304,-0.1118644,0.0,0.0168098426693312,0.05821918,-0.042026743,0.028,0.075825244,0.14905874,3.3721735,0.14051381,0.013194008,0.18271862,0.6489071,-0.08778913,0.9801324,1.2470791,1.5075362,50.0,0.7164826,,,,,,,,,,,,,,,,,,,,,,,,
FAILED_SETUP,,,,,,,2025-10-31,2342.0,茂矽,電子工業,0.6959641255605382,SECTOR_WEAK,-0.1905294,-0.19558823,0.025,0.0168098426693312,0.15959005,0.37598768,0.06,0.0404672,0.38908553,2.2673001,0.025539769,0.004866077,0.3006408,0.75,-0.066725075,1.0559006,0.469773,2.3963335,13.0,1.8268917,,,,,,,,,,,,,,,,,,,,,,,,
FAILED_SETUP,,,,,,,2025-10-31,2374.0,佳能,電子工業,0.6439461883408072,SECTOR_WEAK,-0.113484316,-0.13356562,0.07433217,0.0168098426693312,0.1757858,0.32930398,0.06,-0.03196043,0.46634236,2.5568972,1.5489875,0.1757858,0.11627339,0.91803277,-0.06611993,0.95639944,0.90654343,2.0266807,75.0,1.345935,,,,,,,,,,,,,,,,,,,,,,,,
FAILED_SETUP,,,,,,,2025-10-31,3044.0,健鼎,電子零組件業,0.7854260089686099,SECTOR_WEAK,-0.13429198,-0.14452554,0.02919708,0.0168098426693312,0.023426061,0.008731178,0.0,0.073091,0.36146653,3.690143,7.4464617,1.0,0.0,0.886612,-0.030097108,1.2440192,1.525339,2.371442,109.0,0.94760114,,,,,,,,,,,,,,,,,,,,,,,,
FAILED_SETUP,,,,,,,2025-10-31,2301.0,光寶科,電子工業,0.74304932735426,SECTOR_WEAK,-0.12825,-0.17777778,0.008333334,0.0168098426693312,0.09749304,0.24483015,0.02,0.013604896,0.4624048,2.420899,0.43438834,0.055710305,0.09231525,0.88251364,-0.066470556,1.5249267,1.2069154,2.7707176,113.0,1.3939111,,,,,,,,,,,,,,,,,,,,,,,,
FAILED_SETUP,,,,,,,2025-10-31,3231.0,緯創,電腦及週邊設備業,0.7136771300448431,SECTOR_WEAK,-0.109,-0.12,0.026666671,0.0168098426693312,0.049833886,0.011487681,0.024,0.057951007,0.28889632,2.7578313,0.120374344,0.013120803,0.052214257,0.7568306,-0.080222,0.8120301,0.7257715,3.82751,120.0,0.61631083,,,,,,,,,,,,,,,,,,,,,,,,
FAILED_SETUP,,,,,,,2025-10-31,3257.0,虹冠電,電子工業,0.6477578475336323,SECTOR_WEAK,-0.14047554,-0.19836956,0.012228272,0.0168098426693312,0.11141305,0.035420734,0.028,0.050821252,0.21465205,2.954,0.24328849,0.03417608,0.12291409,0.6775956,-0.066667795,1.2086811,0.45642474,1.7619046,66.0,1.4766401,,,,,,,,,,,,,,,,,,,,,,,,
FAILED_SETUP,,,,,,,2025-10-31,3306.0,鼎天,通信網路業,0.694170403587444,SECTOR_WEAK,-0.1521129,-0.23870967,0.014516129,0.0168098426693312,0.1607143,0.1794585,0.06,0.13825333,0.31840223,2.8640783,0.3403939,0.051778305,0.36860397,0.80054647,-0.12178881,1.0402931,0.43146634,1.2109544,41.0,-0.2615553,,,,,,,,,,,,,,,,,,,,,,,,
FAILED_SETUP,,,,,,,2025-10-31,3317.0,尼克森,半導體業,0.7663677130044844,SECTOR_WEAK,-0.16162162,-0.2054054,0.009009009,0.0168098426693312,0.077738516,0.24882528,0.004,0.019551516,0.37161455,2.7783182,0.010931608,0.0017667841,0.055478416,0.76502734,-0.045072373,1.148789,2.3842483,2.995934,42.0,0.40071246,,,,,,,,,,,,,,,,,,,,,,,,
FAILED_SETUP,,,,,,,2025-10-31,3515.0,華擎,電腦及週邊設備業,0.6690582959641256,SECTOR_WEAK,-0.175,-0.2632399,0.020249221,0.0168098426693312,0.12149533,-0.09065545,0.016,0.13667949,0.30898625,3.753938,0.18691589,0.03271028,0.053167082,0.8770492,-0.08164543,1.4280992,0.7999039,2.2715194,97.0,1.3694357,,,,,,,,,,,,,,,,,,,,,,,,
FAILED_SETUP,,,,,,,2025-10-31,3551.0,世禾,其他電子業,0.634304932735426,SECTOR_WEAK,-0.10129683,-0.14985591,0.27377522,0.0168098426693312,0.060518727,-0.09718962,0.048,0.10600388,0.22096628,2.894706,0.42535713,0.04308733,0.07272784,0.80191255,-0.10134798,0.65882355,0.49725747,1.0360376,117.0,1.2621017,,,,,,,,,,,,,,,,,,,,,,,,
FAILED_SETUP,,,,,,,2025-10-31,3221.0,台嘉碩,通信網路業,0.7417040358744394,SECTOR_WEAK,-0.1689634,-0.20325203,0.0121951215,0.0168098426693312,0.057612307,0.16391578,0.064,0.13550022,0.28890455,3.4637496,0.19302511,0.03261418,0.06438141,0.636612,-0.121563025,1.0160183,4.692883,3.5486112,1.0,-0.10195543,,,,,,,,,,,,,,,,,,,,,,,,
FAILED_SETUP,,,,,,,2025-11-07,6515.0,穎崴,半導體業,0.8194719902574809,SECTOR_WEAK,-0.10075,-0.12291667,0.35208333,0.0971237025695828,0.11554622,0.8057182,0.064,0.08847384,0.730838,1.7271428,9.925558,1.0,0.055144526,0.9750692,-0.018447282,0.9640288,1.0211008,3.4136906,51.0,1.033361,,,,,,,,,,,,,,,,,,,,,,,,
FAILED_SETUP,,,,,,,2025-11-07,5434.0,崇越,電子通路業,0.6818114996520529,STOCK_SPECIFIC,-0.084101796,-0.14371258,0.013473053,0.0971237025695828,0.07250755,-0.01017058,0.016,0.012417511,0.1940114,3.0134866,0.107767574,0.009063447,0.048283592,0.7299169,0.016659578,1.0443864,0.5068301,2.5568328,62.0,1.1122414,,,,,,,,,,,,,,,,,,,,,,,,
FAILED_SETUP,,,,,,,2025-11-07,6126.0,信音,電子零組件業,0.7726561412665275,SECTOR_WEAK,-0.09250001,-0.1336478,0.034591194,0.0971237025695828,0.061761804,0.08358444,0.032,0.08241182,0.28223193,3.123717,0.011924875,0.001103051,0.13915797,0.70914125,-0.016348671,0.81054753,0.23965664,3.7927232,10.0,0.55040914,,,,,,,,,,,,,,,,,,,,,,,,
FAILED_SETUP,,,,,,,2025-11-07,6191.0,精成科,電子工業,0.6546081245650661,SECTOR_WEAK,-0.17236,-0.184,0.063999996,0.0971237025695828,0.19600001,0.014856732,0.056,0.04704053,0.31774572,3.487052,1.1371548,0.19600001,0.16693889,0.90720224,-0.027090425,1.3387755,1.7159374,1.0129094,124.0,0.99198097,,,,,,,,,,,,,,,,,,,,,,,,
FAILED_SETUP,,,,,,,2025-11-07,6217.0,中探針,電子零組件業,0.7371698851774531,SECTOR_WEAK,-0.05852941,-0.106862746,0.101960786,0.0971237025695828,0.12098299,0.45197943,0.06,-5.1980776e-05,0.4671622,1.0021583,0.690867,0.04043604,0.25545943,0.91135734,-0.015961155,0.9325153,0.30493033,1.7427258,47.0,0.60855216,,,,,,,,,,,,,,,,,,,,,,,,
FAILED_SETUP,,,,,,,2025-11-07,6510.0,精測,半導體業,0.6272555671537926,SECTOR_WEAK,-0.034672897,-0.093457945,0.55140185,0.0971237025695828,0.2647975,0.45087552,0.064,-0.058477484,0.4882367,0.61105883,7.6370173,0.2647975,0.15244752,0.9307479,-0.016336422,0.7263158,0.35847566,1.0927321,135.0,1.0846181,,,,,,,,,,,,,,,,,,,,,,,,
FAILED_SETUP,,,,,,,2025-11-07,6785.0,昱展新藥,生技醫療業,0.8543184585942937,SECTOR_WEAK,-0.09353681,-0.21903051,0.13824058,0.0971237025695828,0.06761566,0.35616434,0.028,0.079967834,0.56668764,2.3155556,0.1104044,0.010326875,0.030796697,0.9390582,-0.068596154,0.8924303,0.8546767,3.860741,66.0,0.023624882,,,,,,,,,,,,,,,,,,,,,,,,
FAILED_SETUP,,,,,,,2025-11-07,8926.0,台汽電,油電燃氣業,0.6343445546276966,STOCK_SPECIFIC,-0.050000012,-0.1939394,0.001010101,0.0971237025695828,0.037336025,-0.049780443,0.02,0.00204377,0.116193235,2.4661927,0.20663276,0.01033164,0.04939341,0.5554017,0.0,0.8608923,0.4930006,1.8126929,108.0,0.10194556,,,,,,,,,,,,,,,,,,,,,,,,
FAILED_SETUP,,,,,,,2025-11-07,8046.0,南電,電子零組件業,0.7992793145441893,SECTOR_WEAK,-0.13710669,-0.16094032,0.07233273,0.0971237025695828,0.102564104,0.4074768,0.056,0.042593878,0.68086463,2.4859016,0.25872755,0.03547328,0.15135051,0.9764543,-0.016325792,0.9271137,0.46354857,3.0628417,79.0,0.1558728,,,,,,,,,,,,,,,,,,,,,,,,
FAILED_SETUP,,,,,,,2025-11-07,8086.0,宏捷科,半導體業,0.6901439631176062,SECTOR_WEAK,-0.14004238,-0.21186441,0.004237288,0.0971237025695828,0.072649576,-0.031106781,0.016,0.0129350815,0.26342365,2.9660258,0.09154743,0.0128205195,0.049417283,0.8102493,-0.01726034,1.2420092,0.94219226,0.9228792,50.0,1.3711051,,,,,,,,,,,,,,,,,,,,,,,,
FAILED_SETUP,,,,,,,2025-11-07,8155.0,博智,電子零組件業,0.6634572894919972,SECTOR_WEAK,-0.09002994,-0.11377246,0.12874252,0.0971237025695828,0.09118541,0.14782335,0.028,-0.047256157,0.2322473,2.2633333,0.48988396,0.044104222,0.083201624,0.7520776,-0.015276725,0.87128717,0.5336407,1.6258066,79.0,0.90057206,,,,,,,,,,,,,,,,,,,,,,,,
FAILED_SETUP,,,,,,,2025-11-07,8261.0,富鼎,電子工業,0.6826117780097425,SECTOR_WEAK,-0.09301243,-0.11697723,0.018633533,0.0971237025695828,0.106515,0.055338804,0.048,0.050748117,0.16579404,1.7326447,0.023407925,0.002177228,0.19962496,0.66481996,-0.027059274,0.9194415,0.756643,0.7842056,44.0,0.6019822,,,,,,,,,,,,,,,,,,,,,,,,
FAILED_SETUP,,,,,,,2025-11-07,8277.0,商丞,半導體業,0.6640779401530967,SECTOR_WEAK,-0.14561644,-0.4760274,0.14041094,0.0971237025695828,0.09965637,0.265249,0.12,-0.025147114,0.337644,2.7306423,0.047198478,0.006872874,0.2952721,0.80470914,-0.016771484,0.909589,1.1480446,2.6394496,22.0,-0.630041,,,,,,,,,,,,,,,,,,,,,,,,
FAILED_SETUP,,,,,,,2025-11-07,8473.0,山林水,綠能環保,0.6571724947807932,SECTOR_WEAK,-0.072500005,-0.12247475,0.051767677,0.0971237025695828,0.11949685,-0.0077150906,0.068,0.09517785,0.17767912,2.88129,0.20132798,0.014596279,0.18656254,0.6454294,-0.044019926,0.64717376,0.41793045,2.104181,14.0,-0.51207775,,,,,,,,,,,,,,,,,,,,,,,,
FAILED_SETUP,,,,,,,2025-11-07,6944.0,兆聯實業,綠能環保,0.7922368649965205,SECTOR_WEAK,-0.085636675,-0.12903225,0.24278438,0.0971237025695828,0.065989845,0.13712506,0.02,0.08095915,0.2690706,2.5961766,0.07903376,0.0067681884,0.06622988,0.8642659,-0.04919977,1.2821671,2.5435152,1.8748163,121.0,0.9086948,,,,,,,,,,,,,,,,,,,,,,,,
FAILED_SETUP,,,,,,,2025-11-07,5284.0,jpp-KY,其他,0.7572003305497564,SECTOR_WEAK,-0.10748727,-0.12563667,0.13582343,0.0971237025695828,0.100511074,0.22581032,0.052,0.031758968,0.37870613,2.0236073,0.6498135,0.069846675,0.1254693,0.92105263,-0.036144502,1.3859348,2.581636,1.2977169,109.0,-0.15150855,,,,,,,,,,,,,,,,,,,,,,,,
FAILED_SETUP,,,,,,,2025-11-07,4722.0,國精化,化學生技醫療,0.6378683890048713,SECTOR_WEAK,-0.05618076,-0.1574344,0.13119534,0.0971237025695828,0.28486648,1.0616742,0.056,-0.07772836,0.68244326,0.8053134,5.0705347,0.28486648,0.18774986,0.98199445,-0.12997854,0.7824176,0.44315284,0.95213926,144.0,-0.9174497,,,,,,,,,,,,,,,,,,,,,,,,
FAILED_SETUP,,,,,,,2025-11-07,4441.0,振大環球,紡織纖維,0.7849399791231734,SECTOR_WEAK,-0.13795918,-0.21088435,0.0017006802,0.0971237025695828,0.07009167,0.019920489,0.0,0.10607183,0.2449974,3.616815,0.50806093,0.07009167,0.0,0.7825485,-0.016257197,1.0196078,1.538004,3.127806,34.0,0.3872377,,,,,,,,,,,,,,,,,,,,,,,,
FAILED_SETUP,,,,,,,2025-11-07,4768.0,晶呈科技,化學工業,0.8061638830897703,SECTOR_WEAK,-0.04434694,-0.21632653,0.6265306,0.0971237025695828,0.09274194,1.0229287,0.08,0.05198996,0.7499891,0.8692,0.44853923,0.019891342,0.1531919,0.97229916,-0.08957953,1.2985972,0.595045,3.7566667,36.0,0.22126564,,,,,,,,,,,,,,,,,,,,,,,,
FAILED_SETUP,,,,,,,2025-11-07,2059.0,川湖,電子零組件業,0.8597229471120389,SECTOR_WEAK,-0.1437515,-0.2376357,0.039806996,0.0971237025695828,0.078431375,0.21068107,0.02,0.1367972,0.5662471,3.7240624,6.9564486,1.0,0.01069154,0.93767315,-0.017255023,1.2989378,1.4344965,4.03201,144.0,1.6781039,,,,,,,,,,,,,,,,,,,,,,,,
FAILED_SETUP,,,,,,,2025-11-07,2211.0,長榮鋼,鋼鐵工業,0.8820746346555325,SECTOR_WEAK,-0.15328947,-0.15789473,0.065789476,0.0971237025695828,0.013274336,0.1467881,0.0,0.23297876,0.29123288,5.8951807,0.057731014,0.008849557,0.0,0.75900275,-0.102809496,0.7692308,0.65731627,4.9489155,45.0,-0.36775142,,,,,,,,,,,,,,,,,,,,,,,,
FAILED_SETUP,,,,,,,2025-11-07,2308.0,台達電,電子零組件業,0.7040422755741127,SECTOR_WEAK,-0.060510203,-0.095918365,0.071428575,0.0971237025695828,0.12435233,0.3160318,0.076,-0.02240206,0.63236296,1.7082305,16.526138,1.0,0.10983839,0.9792244,-0.015624387,0.79581153,0.6801421,3.1240742,94.0,0.8743534,,,,,,,,,,,,,,,,,,,,,,,,
FAILED_SETUP,,,,,,,2025-11-07,2330.0,台積電,電子工業,0.7380849860821155,SECTOR_WEAK,-0.06387755,-0.06462585,0.16373017,0.0971237025695828,0.04452055,0.083745256,0.052,0.037014943,0.2926002,3.2063413,15.654952,1.0,0.049716573,0.8185595,-0.026929384,0.86153847,0.61649895,5.0125513,89.0,1.4615561,,,,,,,,,,,,,,,,,,,,,,,,
FAILED_SETUP,,,,,,,2025-11-07,2880.0,華南金,金融保險,0.6306180410577593,SECTOR_WEAK,-0.04327733,-0.047058824,0.09243696,0.0971237025695828,0.008403365,-0.08047418,0.02,0.024179518,0.09148774,3.0550864,0.19417474,0.008403365,0.014610267,0.5166205,-0.027060466,1.0434783,0.6394372,1.64829,94.0,-0.02698487,,,,,,,,,,,,,,,,,,,,,,,,
FAILED_SETUP,,,,,,,2025-11-07,1504.0,東元,電機機械,0.730259220598469,SECTOR_WEAK,-0.078433186,-0.25345623,0.04608295,0.0971237025695828,0.16972478,0.7061296,0.08,0.011899152,0.658836,1.4016472,2.163941,0.16972478,0.23726073,0.9487535,-0.04719038,0.7790262,0.5159448,3.0108235,61.0,0.46599224,,,,,,,,,,,,,,,,,,,,,,,,
FAILED_SETUP,,,,,,,2025-11-07,3290.0,東浦,電子零組件業,0.813054540709812,SECTOR_WEAK,-0.13780738,-0.15881148,0.0,0.0971237025695828,0.07883818,0.22168687,0.024,0.13256493,0.2620938,4.0049624,0.04059872,0.005594803,0.060563687,0.6869806,-0.016146893,0.6123711,0.8640546,3.4100823,10.0,0.3681905,,,,,,,,,,,,,,,,,,,,,,,,
FAILED_SETUP,,,,,,,2025-11-07,3305.0,昇貿,電子工業,0.6877979297146835,SECTOR_WEAK,-0.15344,-0.19377778,0.048888884,0.0971237025695828,0.3859649,0.29795253,0.028,0.041721396,0.41830218,2.877,2.5154126,0.3859649,0.23545553,0.91689754,-0.027074322,1.3012048,2.7992387,0.46111104,69.0,0.5471603,,,,,,,,,,,,,,,,,,,,,,,,
FAILED_SETUP,,,,,,,2025-11-07,3628.0,盈正,其他電子業,0.8554466771050799,SECTOR_WEAK,-0.2585668,-0.27801725,0.07435345,0.0971237025695828,0.19125684,0.7762601,0.032,0.3049537,0.83111435,2.908485,3.8674724,1.0,0.31772473,0.96121883,-0.08177229,1.2616887,0.832375,3.2356567,55.0,0.053438377,,,,,,,,,,,,,,,,,,,,,,,,
FAILED_SETUP,,,,,,,2025-11-07,3685.0,元創精密,光電業,0.8617201635351426,SECTOR_WEAK,-0.14444445,-0.2074074,0.12345679,0.0971237025695828,0.16625,1.9573357,0.032,0.18748307,1.1062979,2.4594593,1.1509615,0.16625,0.22975284,0.9889197,-0.13393082,0.92333615,0.49504328,4.2662163,45.0,-2.8104746,,,,,,,,,,,,,,,,,,,,,,,,
FAILED_SETUP,,,,,,,2025-11-07,3706.0,神達,電腦及週邊設備業,0.6431584899095337,SECTOR_WEAK,-0.035770066,-0.13991323,0.071583524,0.0971237025695828,0.18736383,0.0701053,0.08,0.024394255,0.31786153,0.8128873,2.6494567,0.094771236,0.107480705,0.8767313,-0.041734442,1.4049008,0.49614313,0.64836496,59.0,0.6184713,,,,,,,,,,,,,,,,,,,,,,,,
FAILED_SETUP,,,,,,,2025-11-07,4129.0,聯合,生技醫療業,0.8139418058455113,SECTOR_WEAK,-0.109767444,-0.17054263,0.003875969,0.0971237025695828,0.023346309,0.07336713,0.016,0.16622618,0.22935241,4.3569226,0.03544812,0.0038910494,0.016232518,0.7105263,-0.07055143,1.075,0.74671185,3.4333332,114.0,-0.73263115,,,,,,,,,,,,,,,,,,,,,,,,
FAILED_SETUP,,,,,,,2025-11-07,3036.0,文曄,電子通路業,0.7205423625608908,STOCK_SPECIFIC,-0.12588629,-0.13043478,0.04347826,0.0971237025695828,0.09030101,0.030740049,0.008,0.039065458,0.20197488,3.3142138,0.39256254,0.04941824,0.033507645,0.69529086,0.014757554,1.5263158,1.2888421,2.8484275,79.0,0.34649226,,,,,,,,,,,,,,,,,,,,,,,,
FAILED_SETUP,,,,,,,2025-11-14,8277.0,商丞,半導體業,0.8353556824819887,SECTOR_WEAK,-0.21050632,-0.51582277,0.025316456,0.1187697446489299,0.07766991,0.38055348,0.004,0.030020786,0.39519343,3.3141637,0.015373662,0.003236253,0.04173574,0.8265162,-0.01445047,1.4973263,1.5315598,2.4779832,27.0,-0.0924851,,,,,,,,,,,,,,,,,,,,,,,,
FAILED_SETUP,,,,,,,2025-11-14,4768.0,晶呈科技,化學工業,0.7203259881871876,SECTOR_WEAK,-0.025503354,-0.1409396,1.1006712,0.1187697446489299,0.22072072,0.50519514,0.024,-0.019685514,0.52124816,0.39022005,0.52534914,0.013398166,0.15677476,0.9379408,-0.09896019,1.1620554,0.3622704,0.8243684,41.0,0.40314004,,,,,,,,,,,,,,,,,,,,,,,,
FAILED_SETUP,,,,,,,2025-11-14,4973.0,廣穎,半導體業,0.8144244499253585,SECTOR_WEAK,-0.16353597,-0.19230768,0.32506204,0.1187697446489299,0.08247423,0.4123848,0.02,0.031223774,0.3980865,2.6860843,0.0017746155,0.00029021347,0.16805565,0.79689705,-0.01437589,1.1284304,0.4041343,2.925667,21.0,0.51731795,,,,,,,,,,,,,,,,,,,,,,,,
FAILED_SETUP,,,,,,,2025-11-14,5284.0,jpp-KY,其他,0.7703454598559096,SECTOR_WEAK,-0.105969384,-0.12414966,0.13775511,0.1187697446489299,0.10238908,0.25418228,0.064,0.07935219,0.34153146,1.7411976,0.6763496,0.07167235,0.15216564,0.9167842,-0.021995988,1.0180624,0.5680547,0.72421825,114.0,0.07879892,,,,,,,,,,,,,,,,,,,,,,,,
FAILED_SETUP,,,,,,,2025-11-14,5864.0,致和證,金融保險,0.8148763549036152,STOCK_SPECIFIC,-0.11727552,-0.13622287,0.14551085,0.1187697446489299,0.027950307,0.13492317,0.02,0.11149983,0.24233432,4.4193325,0.17676353,0.020730035,0.062228106,0.7122708,0.0040850043,1.0,0.4398475,3.4397213,52.0,0.3769393,,,,,,,,,,,,,,,,,,,,,,,,
FAILED_SETUP,,,,,,,2025-11-14,6589.0,台康生技,生技醫療業,0.7471271175439735,SECTOR_WEAK,-0.22490244,-0.25365853,0.02804878,0.1187697446489299,0.17338218,0.17898932,0.06,0.21888658,0.27759808,6.1037354,0.08686442,0.01953602,0.13932987,0.6897038,-0.043164253,1.6495575,14.116793,5.293302,0.0,-1.4382148,,,,,,,,,,,,,,,,,,,,,,,,
FAILED_SETUP,,,,,,,2025-11-14,6138.0,茂達,半導體業,0.8255306029726747,SECTOR_WEAK,-0.11885892,-0.12863071,0.010373444,0.1187697446489299,0.041928723,0.13584922,0.024,0.13406993,0.3110084,4.2213683,0.35276043,0.041928723,0.016441809,0.8335684,-0.015711937,1.0518519,0.6610615,3.622807,86.0,0.4095973,,,,,,,,,,,,,,,,,,,,,,,,
FAILED_SETUP,,,,,,,2025-11-14,6217.0,中探針,電子零組件業,0.6262437528396184,STOCK_SPECIFIC,-0.085142314,-0.13567363,0.06641366,0.1187697446489299,0.13384321,0.19723967,0.072,-0.12674692,0.41337344,1.4407798,0.61511374,0.05237221,0.27381977,0.9026798,0.04854256,0.99656355,0.68334365,1.0473242,52.0,0.61082566,,,,,,,,,,,,,,,,,,,,,,,,
FAILED_SETUP,,,,,,,2025-11-14,6785.0,昱展新藥,生技醫療業,0.6249853962484584,SECTOR_WEAK,-0.023695651,-0.1403162,0.25296444,0.1187697446489299,0.18811882,0.26706603,0.072,-0.08243346,0.37293345,0.55217105,1.2806304,0.03034537,0.17172344,0.90691113,-0.033294227,0.9836065,0.28282216,0.75986844,71.0,0.09341251,,,,,,,,,,,,,,,,,,,,,,,,
FAILED_SETUP,,,,,,,2025-11-14,8046.0,南電,電子零組件業,0.7840632504705652,STOCK_SPECIFIC,-0.089894734,-0.18596491,0.028070178,0.1187697446489299,0.06548672,0.48033458,0.04,-0.034940585,0.67097354,1.6567206,0.007253539,0.00065205497,0.11050828,0.97884345,0.047548655,0.9559322,0.6808836,3.0252502,84.0,0.37700373,,,,,,,,,,,,,,,,,,,,,,,,
FAILED_SETUP,,,,,,,2025-11-14,3685.0,元創精密,光電業,0.6764222431362368,SECTOR_WEAK,-0.0364,-0.144,0.21333334,0.1187697446489299,0.2780822,1.8190719,0.032,-0.0849932,0.83552366,0.6306931,7.639621,0.2780822,0.17793013,0.99012697,-0.08109237,0.8781559,1.0506982,2.0218372,50.0,-1.9183651,,,,,,,,,,,,,,,,,,,,,,,,
FAILED_SETUP,,,,,,,2025-11-14,6126.0,信音,電子零組件業,0.6677719543064841,STOCK_SPECIFIC,-0.0698092,-0.12400636,0.20349762,0.1187697446489299,0.05573247,0.031575218,0.04,-0.05087368,0.25702536,2.285278,0.10714196,0.0074794944,0.18500403,0.7348378,0.04735075,1.0327868,1.2545652,3.090915,15.0,0.5465494,,,,,,,,,,,,,,,,,,,,,,,,
FAILED_SETUP,,,,,,,2025-11-14,3628.0,盈正,其他電子業,0.7790054845200233,SECTOR_WEAK,-0.16498786,-0.19660194,0.07524271,0.1187697446489299,0.33251834,0.4633398,0.016,0.15532811,0.5838155,1.630934,6.061052,1.0,0.096008494,0.93653035,-0.07559181,0.86066103,0.71420264,1.6723222,60.0,-0.06459922,,,,,,,,,,,,,,,,,,,,,,,,
FAILED_SETUP,,,,,,,2025-11-14,3706.0,神達,電腦及週邊設備業,0.63827481015123,SECTOR_WEAK,-0.05322684,-0.15548456,0.018104367,0.1187697446489299,0.17330463,-0.008892448,0.076,0.033361502,0.30242416,1.0984616,1.5369763,0.081808396,0.106871925,0.88293374,-0.02859308,0.90743166,0.59688675,0.5126012,64.0,0.82749027,,,,,,,,,,,,,,,,,,,,,,,,
FAILED_SETUP,,,,,,,2025-11-14,3324.0,雙鴻,其他電子業,0.7610688323489323,SECTOR_WEAK,-0.075359225,-0.16601942,0.048543688,0.1187697446489299,0.121212125,0.25976896,0.072,0.075238295,0.39541146,1.5703468,13.269776,1.0,0.077605605,0.8942172,-0.071207754,0.8903509,0.70290285,2.3913295,62.0,1.4769756,,,,,,,,,,,,,,,,,,,,,,,,
FAILED_SETUP,,,,,,,2025-11-14,3372.0,典範,半導體業,0.8611377945089893,SECTOR_WEAK,-0.16975552,-0.18826407,0.1735941,0.1187697446489299,0.05,0.3457587,0.004,0.051694985,0.3853294,2.8093066,0.13254353,0.022499997,0.032734983,0.819464,-0.014361681,1.1085451,1.8134992,2.873507,42.0,-0.008184246,,,,,,,,,,,,,,,,,,,,,,,,
FAILED_SETUP,,,,,,,2025-11-14,2009.0,第一銅,鋼鐵工業,0.662247679626144,SECTOR_WEAK,-0.08289788,-0.116389565,0.2921615,0.1187697446489299,0.14649929,0.048327103,0.1,0.105113685,0.19260988,2.4009833,0.46221676,0.03831679,0.51799446,0.6614951,-0.074106775,0.8858602,0.73951256,2.623997,2.0,0.16265067,,,,,,,,,,,,,,,,,,,,,,,,
FAILED_SETUP,,,,,,,2025-11-14,2211.0,長榮鋼,鋼鐵工業,0.7196801778412409,SECTOR_WEAK,-0.037373275,-0.115207374,0.11981566,0.1187697446489299,0.05963302,0.048904464,0.064,0.055740435,0.23013961,1.1354,0.78882205,0.029480861,0.07486081,0.69111425,-0.06910628,1.4100718,0.83931786,2.5083334,50.0,-0.08652549,,,,,,,,,,,,,,,,,,,,,,,,
FAILED_SETUP,,,,,,,2025-11-14,2317.0,鴻海,電子工業,0.7280943726877392,STOCK_SPECIFIC,-0.08599585,-0.114107884,0.004149378,0.1187697446489299,0.099585064,0.034088798,0.056,0.07617192,0.31146026,2.6497717,1.1580217,0.099585064,0.07356884,0.8561354,0.013601243,0.9716088,1.251924,2.1777778,62.0,1.3285418,,,,,,,,,,,,,,,,,,,,,,,,
FAILED_SETUP,,,,,,,2025-11-14,2330.0,台積電,電子工業,0.64583225157396,STOCK_SPECIFIC,-0.027068965,-0.05172414,0.19016093,0.1187697446489299,0.066433564,0.0806844,0.096,-0.042412598,0.2433933,1.4653333,36.942677,1.0,0.08941408,0.7912553,0.014431232,0.90434784,0.9811621,3.4808378,94.0,1.4172002,,,,,,,,,,,,,,,,,,,,,,,,
FAILED_SETUP,,,,,,,2025-11-14,2369.0,菱生,半導體業,0.8341314013110924,SECTOR_WEAK,-0.097352944,-0.13574661,0.2647059,0.1187697446489299,0.09750567,0.28847542,0.008,0.0867998,0.3509697,1.9559091,0.25621527,0.02494331,0.06849126,0.8251058,-0.015093524,1.2610837,0.6902092,2.4318182,45.0,-0.62689745,,,,,,,,,,,,,,,,,,,,,,,,
FAILED_SETUP,,,,,,,2025-11-14,1504.0,東元,電機機械,0.6605276822223664,SECTOR_WEAK,-0.014949995,-0.19,0.01,0.1187697446489299,0.2775551,0.597161,0.036,-0.06437204,0.4734587,0.27539465,18.565565,0.2775551,0.22347659,0.92524683,-0.027473185,1.0243902,1.482417,0.91153514,66.0,1.1238717,,,,,,,,,,,,,,,,,,,,,,,,
FAILED_SETUP,,,,,,,2025-11-14,2428.0,興勤,電子零組件業,0.6716825144414876,STOCK_SPECIFIC,-0.06454545,-0.071625344,0.12947659,0.1187697446489299,0.16712329,0.106768295,0.056,0.023226324,0.2618536,1.6158619,2.589234,0.16712329,0.30855584,0.76727784,0.04687586,0.74712646,0.45626056,2.039087,28.0,0.5769349,,,,,,,,,,,,,,,,,,,,,,,,
FAILED_SETUP,,,,,,,2025-11-14,2478.0,大毅,電子工業,0.8892905822028947,TOO_EXTENDED,-0.16148376,-0.16228747,0.10510047,0.1187697446489299,0.06965944,0.34060207,0.008,0.20375048,0.39735684,3.2504888,0.15337643,0.024767805,0.11663815,0.7686883,0.012781823,1.1283423,0.9724214,4.0724444,36.0,-0.021973504,,,,,,,,,,,,,,,,,,,,,,,,
FAILED_SETUP,,,,,,,2025-11-14,3006.0,晶豪科,電子工業,0.8381563574998377,STOCK_SPECIFIC,-0.13990475,-0.19470899,0.6084656,0.1187697446489299,0.09743041,0.5249623,0.028,0.07280324,0.52226204,2.1226375,0.1004536,0.014053937,0.15687394,0.8970381,0.013530397,1.112124,0.4664529,2.9134555,39.0,0.9269617,,,,,,,,,,,,,,,,,,,,,,,,
FAILED_SETUP,,,,,,,2025-11-14,3026.0,禾伸堂,電子工業,0.6626038488998507,STOCK_SPECIFIC,-0.04735849,-0.065094344,0.07075472,0.1187697446489299,0.19905213,0.1640395,0.052,0.014390724,0.22122633,1.0112231,4.2030926,0.19905213,0.45361042,0.7136812,0.013988621,0.92436975,0.5856417,1.5285853,57.0,0.40126273,,,,,,,,,,,,,,,,,,,,,,,,
FAILED_SETUP,,,,,,,2025-11-14,3036.0,文曄,電子通路業,0.6397497890569221,STOCK_SPECIFIC,-0.11702703,-0.12162162,0.060810816,0.1187697446489299,0.108843535,0.040362626,0.028,-0.03849751,0.16209237,2.7871265,0.00470606,0.0005507362,0.07355057,0.67559946,0.11664409,0.89497715,0.88624305,1.9122605,84.0,0.4241921,,,,,,,,,,,,,,,,,,,,,,,,
FAILED_SETUP,,,,,,,2025-11-14,2374.0,佳能,電子工業,0.6436846887778283,STOCK_SPECIFIC,-0.09347981,-0.11401426,0.0071258796,0.1187697446489299,0.20669055,0.122211695,0.108,0.01833551,0.36455137,1.8868836,2.2110715,0.20669055,0.17968793,0.90973204,0.013947543,1.2959805,0.65560144,0.548429,85.0,1.2524366,,,,,,,,,,,,,,,,,,,,,,,,
FAILED_SETUP,,,,,,,2025-11-21,5425.0,台半,半導體業,0.6711122745925223,SECTOR_WEAK,-0.122461274,-0.13597246,0.21858864,0.1982984609254976,0.13541667,0.05892069,0.104,0.00297715,0.17313863,2.5940106,0.3544204,0.043402772,0.35234833,0.7503526,-0.047382083,1.4048059,2.3762174,1.0657988,50.0,0.73199517,,,,,,,,,,,,,,,,,,,,,,,,
FAILED_SETUP,,,,,,,2025-11-21,5864.0,致和證,金融保險,0.6330131634207927,STOP_TOO_TIGHT,-0.023244146,-0.06688961,0.3511706,0.1982984609254976,0.11073822,0.010927965,0.132,-0.0006597965,0.13785711,0.7601563,4.428489,0.10293645,0.23720907,0.70803946,0.020778753,1.0888888,0.38075003,0.24609381,57.0,0.5880452,,,,,,,,,,,,,,,,,,,,,,,,
FAILED_SETUP,,,,,,,2025-11-21,6126.0,信音,電子零組件業,0.6669538294194741,STOP_TOO_TIGHT,-0.028089684,-0.08471761,0.25747508,0.1982984609254976,0.10316139,0.015644828,0.144,0.020391524,0.18762743,0.7088019,0.14089301,0.00395764,0.5702957,0.75176305,0.0014904041,1.318932,1.2743863,1.0318424,20.0,0.5104889,,,,,,,,,,,,,,,,,,,,,,,,
FAILED_SETUP,,,,,,,2025-11-21,6138.0,茂達,半導體業,0.7650947070523877,SECTOR_WEAK,-0.029496718,-0.0809628,0.06345733,0.1982984609254976,0.101995565,0.14531007,0.096,0.064192735,0.2185668,0.9296552,0.13407898,0.0039548897,0.11175902,0.8081805,-0.048146464,0.98194945,1.157656,0.95632184,91.0,0.64905334,,,,,,,,,,,,,,,,,,,,,,,,
FAILED_SETUP,,,,,,,2025-11-21,6257.0,矽格,電子工業,0.6795312214524771,SECTOR_WEAK,-0.019539615,-0.028907921,0.509636,0.1982984609254976,0.23661672,0.08481509,0.08,0.053903818,0.1417911,0.41410047,0.60273993,0.011777306,0.09365852,0.70944995,-0.018312428,0.9175476,0.9235829,0.25904906,110.0,1.1549217,,,,,,,,,,,,,,,,,,,,,,,,
FAILED_SETUP,,,,,,,2025-11-21,8046.0,南電,電子零組件業,0.7203302738300585,STOP_TOO_TIGHT,-0.033431955,-0.084812626,0.37869823,0.1982984609254976,0.204,0.3028689,0.052,-0.045223463,0.42973417,0.5238411,0.23657537,0.007909177,0.25098178,0.977433,0.0025104475,1.1446154,0.5365905,0.4362767,89.0,0.60595465,,,,,,,,,,,,,,,,,,,,,,,,
FAILED_SETUP,,,,,,,2025-11-21,6805.0,富世達,電子零組件業,0.7350022087364383,STOP_TOO_TIGHT,-0.0604,-0.08,0.22909091,0.1982984609254976,0.267658,0.16262257,0.06,0.03448286,0.4512751,0.79910654,16.556292,1.0,0.06600002,0.9647391,0.0016692266,1.1123595,1.1140357,1.3286369,68.0,1.6000977,,,,,,,,,,,,,,,,,,,,,,,,
FAILED_SETUP,,,,,,,2025-11-21,8054.0,安國,半導體業,0.6470586415472008,SECTOR_WEAK,-0.07285715,-0.07936508,0.27380952,0.1982984609254976,0.19997934,0.123724416,0.1,-0.023440758,0.19709632,1.0577779,0.43035987,0.031354792,0.32645667,0.88293374,-0.04702374,1.0202899,0.5717786,1.2738271,21.0,1.3307287,,,,,,,,,,,,,,,,,,,,,,,,
FAILED_SETUP,,,,,,,2025-11-21,8936.0,國統,其他,0.6571767925441889,SECTOR_WEAK,-0.027247386,-0.07317073,0.036585364,0.1982984609254976,0.20103987,-0.016980626,0.072,0.05688271,0.08329007,0.5340488,0.05304267,0.0014452741,0.219626,0.45980254,-0.018757023,0.7559055,0.3330133,1.1249249,15.0,-0.085645355,,,,,,,,,,,,,,,,,,,,,,,,
FAILED_SETUP,,,,,,,2025-11-21,4915.0,致伸,電子零組件業,0.6925003228390757,STOCK_SPECIFIC,-0.06393462,-0.08595641,0.02179177,0.1982984609254976,0.09204254,-0.06370433,0.084,0.09623034,0.081754334,2.174529,0.11334029,0.007246368,0.13673474,0.574048,0.0010967228,0.923077,0.6014298,0.922353,10.0,0.62953246,,,,,,,,,,,,,,,,,,,,,,,,
FAILED_SETUP,,,,,,,2025-11-21,6284.0,佳邦,電子零組件業,0.7280122923534957,STOCK_SPECIFIC,-0.049014777,-0.089901485,0.20320196,0.1982984609254976,0.1159601,0.14805986,0.12,0.077441335,0.13838609,1.1931477,0.21818751,0.0106944125,0.33730477,0.6177715,0.0012745605,1.0113636,0.35591656,1.4939328,14.0,0.9378221,,,,,,,,,,,,,,,,,,,,,,,,
FAILED_SETUP,,,,,,,2025-11-21,3685.0,元創精密,光電業,0.7031370958037403,SECTOR_WEAK,-0.08990424,-0.121751025,0.24487004,0.1982984609254976,0.31223628,0.97886825,0.032,-0.07984636,0.7157336,1.4535229,3.4729872,0.31223628,0.18119304,0.9915374,-0.09379342,0.9530516,0.8140014,0.71105844,55.0,-0.49310878,,,,,,,,,,,,,,,,,,,,,,,,
FAILED_SETUP,,,,,,,2025-11-21,6669.0,緯穎,電腦及週邊設備業,0.8294312868384859,SECTOR_WEAK,-0.028288178,-0.09852217,0.19458129,0.1982984609254976,0.15384616,0.23950209,0.064,0.11486319,0.39570877,0.5237459,35.350456,1.0,0.06806994,0.8984485,-0.07744345,1.0612245,0.87791044,2.1285014,139.0,1.5348364,,,,,,,,,,,,,,,,,,,,,,,,
FAILED_SETUP,,,,,,,2025-11-21,3086.0,華義*,文化創意業,0.8395544257281401,SECTOR_WEAK,-0.117608696,-0.12826087,0.16956522,0.1982984609254976,0.0864745,0.3274416,0.036,0.027029196,0.39955047,2.9019156,0.735273,0.0864745,0.058391288,0.8533145,-0.019362247,0.75,0.2927204,4.9543996,22.0,0.5646068,,,,,,,,,,,,,,,,,,,,,,,,
FAILED_SETUP,,,,,,,2025-11-21,2059.0,川湖,電子零組件業,0.6440095432234244,STOP_TOO_TIGHT,-0.052331034,-0.13103448,0.08413793,0.1982984609254976,0.24822696,0.084262006,0.068,-0.029943183,0.27840728,0.9002712,0.35236675,0.018439716,0.07508356,0.9012694,0.002338656,0.9366106,0.893763,-0.16730094,154.0,1.3096877,,,,,,,,,,,,,,,,,,,,,,,,
FAILED_SETUP,,,,,,,2025-11-21,2211.0,長榮鋼,鋼鐵工業,0.8848598886129931,SECTOR_WEAK,-0.09178261,-0.1652174,0.056521736,0.1982984609254976,0.013157893,0.1450689,0.0,0.096525595,0.27064446,2.7364817,0.44581053,0.040917654,0.0,0.76022565,-0.03881266,1.0612245,1.497797,3.2044444,55.0,-0.55083066,,,,,,,,,,,,,,,,,,,,,,,,
FAILED_SETUP,,,,,,,2025-11-21,2317.0,鴻海,電子工業,0.6674667595393446,SECTOR_WEAK,-0.016556289,-0.057395138,0.06622517,0.1982984609254976,0.17777778,-0.0011338498,0.064,-0.0008418877,0.20254543,0.47727266,0.3441182,0.00569732,0.13842809,0.83074754,-0.017879728,0.96507937,1.2115302,-0.14848486,67.0,1.2663138,,,,,,,,,,,,,,,,,,,,,,,,
FAILED_SETUP,,,,,,,2025-11-21,2327.0,國巨*,電子零組件業,0.7344466013362334,STOCK_SPECIFIC,-0.048405174,-0.060344826,0.29310346,0.1982984609254976,0.14410481,,0.068,0.051606018,0.5354277,1.0209091,2.9770539,0.14410481,0.3126294,0.9393512,0.0015241076,0.9352818,0.5910218,3.6909091,61.0,0.61871445,,,,,,,,,,,,,,,,,,,,,,,,
FAILED_SETUP,,,,,,,2025-11-21,2207.0,和泰車,汽車工業,0.7874743810887391,SECTOR_WEAK,-0.095178574,-0.12824675,0.027597403,0.1982984609254976,0.018628813,-0.010166153,0.02,0.11525769,0.07937513,4.7722096,0.13036735,0.012408179,0.027123231,0.41889986,-0.00839159,1.3679653,2.0504017,3.3968992,3.0,-0.112976305,,,,,,,,,,,,,,,,,,,,,,,,
FAILED_SETUP,,,,,,,2025-11-21,2428.0,興勤,電子零組件業,0.7706424046057808,STOCK_SPECIFIC,-0.08476563,-0.122395836,0.015625,0.1982984609254976,0.11811024,0.17701444,0.032,-0.019341866,0.29683188,1.8524389,1.3933742,0.11811024,0.25386992,0.8067701,0.0022669632,1.4028986,1.0920697,2.1720867,33.0,0.15129529,,,,,,,,,,,,,,,,,,,,,,,,
FAILED_SETUP,,,,,,,2025-11-21,2474.0,可成,電子工業,0.6369602167317325,SECTOR_WEAK,-0.0720241,-0.11807229,0.05793147,0.1982984609254976,0.058851477,-0.018219722,0.196,0.090685144,0.033823725,2.9678016,0.10938451,0.00787832,0.14186653,0.36530325,-0.018491045,1.1807228,1.2050242,3.091253,6.0,0.21419558,,,,,,,,,,,,,,,,,,,,,,,,
FAILED_SETUP,,,,,,,2025-11-21,2478.0,大毅,電子工業,0.9052598648081944,SECTOR_WEAK,-0.14160122,-0.18126889,0.13595165,0.1982984609254976,0.061443932,0.36737308,0.02,0.106794626,0.38316482,2.6405635,0.11932869,0.016897088,0.220585,0.82792664,-0.018629652,1.128655,1.0968791,3.321831,41.0,-0.37055147,,,,,,,,,,,,,,,,,,,,,,,,
FAILED_SETUP,,,,,,,2025-11-21,3006.0,晶豪科,電子工業,0.718097507203769,SECTOR_WEAK,-0.021013595,-0.05933251,1.039555,0.1982984609254976,0.27965042,0.3164216,0.06,0.016068537,0.27947304,0.29310343,0.97549844,0.02049873,0.31921202,0.8617771,-0.018078774,0.86628383,0.43344584,0.3752874,44.0,1.2278472,,,,,,,,,,,,,,,,,,,,,,,,
FAILED_SETUP,,,,,,,2025-11-21,2369.0,菱生,半導體業,0.6530246953174865,SECTOR_WEAK,-0.03743073,-0.037783377,0.697733,0.1982984609254976,0.24102564,0.0074770623,0.1,0.04840465,0.17635421,0.6381595,0.6515496,0.024387976,0.46024725,0.7983075,-0.047957722,1.045045,0.3690332,-0.20112474,50.0,0.5328138,,,,,,,,,,,,,,,,,,,,,,,,
FAILED_SETUP,,,,,,,2025-11-21,3628.0,盈正,其他電子業,0.6248854888061485,SECTOR_WEAK,-0.045735292,-0.11497326,0.18449199,0.1982984609254976,0.48299322,0.33755052,0.044,-0.05303061,0.38885364,0.52229005,10.560624,0.48299322,0.20810758,0.9238364,-0.054445386,0.6497326,0.30891564,0.54783714,65.0,0.23369668,,,,,,,,,,,,,,,,,,,,,,,,
FAILED_SETUP,,,,,,,2025-11-28,8054.0,安國,半導體業,0.9146681305135024,SECTOR_WEAK,-0.2212,-0.22666667,0.06999999,0.1819652387690533,0.036666665,0.28995484,0.0,0.22385395,0.4066808,3.7310843,0.76576823,0.16938794,0.0,0.8583815,-0.0023591588,1.1558074,3.3829153,3.7367067,26.0,1.4033366,,,,,,,,,,,,,,,,,,,,,,,,
FAILED_SETUP,,,,,,,2025-11-28,5425.0,台半,半導體業,0.7085296043761315,SECTOR_WEAK,-0.131431,-0.14480409,0.25553662,0.1819652387690533,0.114139706,0.003700535,0.052,0.089411944,0.17989862,2.5060322,0.18146476,0.023850095,0.25966832,0.6632948,-0.00064442796,1.0256411,1.1465334,1.0692188,55.0,0.73580915,,,,,,,,,,,,,,,,,,,,,,,,
FAILED_SETUP,,,,,,,2025-11-28,6957.0,裕慶-KY,其他,0.8232840248083516,STOCK_SPECIFIC,-0.13034403,-0.16743119,0.027522936,0.1819652387690533,0.0546697,0.14606346,0.012,0.09669709,0.27530342,3.2474284,0.052831475,0.0068862676,0.035575014,0.7456647,0.04469566,0.75789475,0.78641087,3.350476,14.0,-0.538841,,,,,,,,,,,,,,,,,,,,,,,,
FAILED_SETUP,,,,,,,2025-11-28,6805.0,富世達,電子零組件業,0.8552240070881005,STOCK_SPECIFIC,-0.17710191,-0.20382166,0.07643312,0.1819652387690533,0.08598726,0.2080314,0.004,0.06448079,0.6315617,2.6753953,0.4855242,0.08598726,0.011212519,0.9653179,0.036051802,0.85639685,0.7680909,3.2257733,73.0,1.6675031,,,,,,,,,,,,,,,,,,,,,,,,
FAILED_SETUP,,,,,,,2025-11-28,6781.0,AES-KY,電子零組件業,0.7707303825262914,STOCK_SPECIFIC,-0.18592334,-0.2195122,0.08362369,0.1819652387690533,0.06049822,-0.08709418,0.012,0.17733319,0.24092458,2.98816,0.17226706,0.03202847,0.013252927,0.73410404,0.034839574,0.8705234,1.1326739,1.9357333,28.0,1.519498,,,,,,,,,,,,,,,,,,,,,,,,
FAILED_SETUP,,,,,,,2025-11-28,6669.0,緯穎,電腦及週邊設備業,0.8946704418506106,SECTOR_WEAK,-0.13781181,-0.21991247,0.061269145,0.1819652387690533,0.03391685,0.35199448,0.008,0.10841486,0.513988,3.0509343,0.24610989,0.03391685,0.011234075,0.9104046,-0.03995558,0.8888889,0.6894664,4.008651,144.0,1.6334367,,,,,,,,,,,,,,,,,,,,,,,,
FAILED_SETUP,,,,,,,2025-11-28,6290.0,良維,電子零組件業,0.7026279902923841,STOCK_SPECIFIC,-0.07016575,-0.10220995,0.063535914,0.1819652387690533,0.13736263,0.43179202,0.068,-0.04776806,0.5415569,1.6018019,1.9576877,0.13736263,0.10706101,0.90606934,0.03734796,0.6594595,0.32388178,3.953003,133.0,0.35403135,,,,,,,,,,,,,,,,,,,,,,,,
FAILED_SETUP,,,,,,,2025-11-28,6257.0,矽格,電子工業,0.6714391925729034,STOCK_SPECIFIC,-0.08425,-0.092999995,0.41,0.1819652387690533,0.14925374,0.042027347,0.008,-0.030470623,0.21233678,2.5641303,1.7715578,0.14925374,0.038908344,0.6936416,0.0136878975,0.6219081,0.9333664,2.121304,115.0,1.3737229,,,,,,,,,,,,,,,,,,,,,,,,
FAILED_SETUP,,,,,,,2025-11-28,6138.0,茂達,半導體業,0.8152632998189453,STOCK_SPECIFIC,-0.077921,-0.12681913,0.101871096,0.1819652387690533,0.031120332,0.1809933,0.004,0.027552174,0.279254,2.8210754,0.34613204,0.026970955,0.0033768362,0.8135838,0.00020566476,0.93189967,0.6498334,2.682079,96.0,0.68173707,,,,,,,,,,,,,,,,,,,,,,,,
FAILED_SETUP,,,,,,,2025-11-28,3665.0,貿聯-KY,電子工業,0.90170152933472,STOCK_SPECIFIC,-0.19754659,-0.20807454,0.08074534,0.1819652387690533,0.07453416,0.31371403,0.008,0.16324359,0.6503677,2.6986063,5.062097,1.0,0.006850468,0.9768786,0.012373069,1.0983982,0.8677345,2.840586,146.0,0.43726608,,,,,,,,,,,,,,,,,,,,,,,,
FAILED_SETUP,,,,,,,2025-11-28,2515.0,中工,建材營造,0.6860865210524288,STOCK_SPECIFIC,-0.0744178,-0.13698632,0.054794535,0.1819652387690533,0.21107262,0.18862993,0.028,-0.0012166661,0.26702595,1.4912741,0.60131025,0.044748187,0.17827667,0.7413295,0.011430418,0.6390334,0.28519353,2.7337043,21.0,0.21735132,,,,,,,,,,,,,,,,,,,,,,,,
FAILED_SETUP,,,,,,,2025-11-28,2478.0,大毅,電子工業,0.7079382872992026,STOCK_SPECIFIC,-0.07899514,-0.12155592,0.23662885,0.1819652387690533,0.11993517,0.24847396,0.064,-0.004817984,0.29177466,1.3275486,0.9232664,0.072933555,0.49715313,0.7514451,0.01351278,0.88626295,0.39527366,1.8646239,46.0,-0.43139493,,,,,,,,,,,,,,,,,,,,,,,,
FAILED_SETUP,,,,,,,2025-11-28,2428.0,興勤,電子零組件業,0.6694999807388575,STOCK_SPECIFIC,-0.0702381,-0.10846561,0.015873017,0.1819652387690533,0.12698413,0.09429041,0.06,-0.015498123,0.26630387,1.5884615,1.8079097,0.12698413,0.31043014,0.78757226,0.036992915,0.7318612,0.64745915,1.7160969,38.0,0.18634361,,,,,,,,,,,,,,,,,,,,,,,,
FAILED_SETUP,,,,,,,2025-11-28,2327.0,國巨*,電子零組件業,0.7169602064794484,STOCK_SPECIFIC,-0.06055319,-0.07234042,0.2957447,0.1819652387690533,0.11489362,0.4776687,0.044,-0.072387025,0.5305417,1.4594872,1.8974,0.11489362,0.21817821,0.9176301,0.03765692,0.7651332,0.9724798,3.9632478,66.0,0.69280773,,,,,,,,,,,,,,,,,,,,,,,,
FAILED_SETUP,,,,,,,2025-11-28,2241.0,艾姆勒,電機機械,0.7605281405292962,SECTOR_WEAK,-0.08313269,-0.09165527,0.14637482,0.1819652387690533,0.07024793,0.23655322,0.064,0.037751377,0.29155448,2.1538734,0.0750516,0.006239242,0.16250785,0.8049133,-0.021736035,0.6451613,0.30342653,2.4662447,31.0,0.3882224,,,,,,,,,,,,,,,,,,,,,,,,
FAILED_SETUP,,,,,,,2025-11-28,2211.0,長榮鋼,鋼鐵工業,0.8448734542933087,STOCK_SPECIFIC,-0.110677965,-0.18644068,0.029661017,0.1819652387690533,0.02966102,0.15649135,0.012,0.10720581,0.29336166,3.0729413,0.05088922,0.0056323153,0.01885021,0.7254335,0.022270199,0.98013246,1.4129789,3.2803922,60.0,-0.6020318,,,,,,,,,,,,,,,,,,,,,,,,
FAILED_SETUP,,,,,,,2025-11-28,2207.0,和泰車,汽車工業,0.6542736623136484,STOCK_SPECIFIC,-0.07413621,-0.13621263,0.008305648,0.1819652387690533,0.03770492,-0.028905135,0.06,0.061070237,0.05848261,2.9895694,0.02318605,0.001718926,0.08171939,0.40751445,0.038163073,1.2528301,0.74260277,1.7684212,8.0,-0.07237003,,,,,,,,,,,,,,,,,,,,,,,,
FAILED_SETUP,,,,,,,2025-11-28,3086.0,華義*,文化創意業,0.7151230787010285,STOCK_SPECIFIC,-0.08786517,-0.0988764,0.08764045,0.1819652387690533,0.19026549,0.3485732,0.048,0.0012557409,0.37074026,1.4834689,0.95681596,0.084070794,0.08510521,0.83092487,0.024683496,1.6164949,1.13501,2.932159,27.0,0.55608225,,,,,,,,,,,,,,,,,,,,,,,,
FAILED_SETUP,,,,,,,2025-12-05,4169.0,泰宗,生技醫療業,0.7300997454196402,SECTOR_WEAK,-0.029632362,-0.09653957,0.11369964,0.1328433869963661,0.11452514,0.55145836,0.08,-0.034864962,0.6992501,0.6667579,3.864867,0.11452514,0.08756994,0.98398834,-0.004224437,0.9726027,2.550231,3.5255709,100.0,0.044648696,,,,,,,,,,,,,,,,,,,,,,,,
FAILED_SETUP,,,,,,,2025-12-05,5284.0,jpp-KY,其他,0.8238558490881015,SECTOR_WEAK,-0.22041285,-0.22477065,0.0,0.1328433869963661,0.032407407,-0.048218586,0.0,0.099564955,0.38217944,4.169628,4.5369406,1.0,0.0,0.8209607,-0.007562216,1.2270677,1.8660707,2.187741,129.0,1.233919,,,,,,,,,,,,,,,,,,,,,,,,
FAILED_SETUP,,,,,,,2025-12-05,5439.0,高技,電子零組件業,0.6515157965026501,STOCK_SPECIFIC,-0.15225807,-0.17302053,0.06304985,0.1328433869963661,0.122599706,-0.14849363,0.032,0.045556996,0.2681639,2.4310367,0.2813384,0.04283604,0.04459045,0.8471616,0.03799677,1.1383812,0.56868094,1.0102006,239.0,1.2481184,,,,,,,,,,,,,,,,,,,,,,,,
FAILED_SETUP,,,,,,,2025-12-05,6505.0,台塑化,油電燃氣業,0.7021455698843955,STOCK_SPECIFIC,-0.067782104,-0.10992219,0.062256794,0.1328433869963661,0.1106796,0.14279598,0.064,0.01808452,0.2404275,1.4345883,0.88384455,0.059908845,0.096432045,0.6957787,0.0,0.76831675,0.54658395,2.3611276,85.0,0.35904834,,,,,,,,,,,,,,,,,,,,,,,,
FAILED_SETUP,,,,,,,2025-12-05,6531.0,愛普*,半導體業,0.6258115270648137,SECTOR_WEAK,-0.06294776,-0.073383085,0.30597016,0.1328433869963661,0.1147541,0.10716952,0.088,-0.028930608,0.21995078,1.4885294,0.1078172,0.006786851,0.17493485,0.68122274,-0.003972534,0.8045326,0.42631355,1.184804,63.0,0.8771703,,,,,,,,,,,,,,,,,,,,,,,,
FAILED_SETUP,,,,,,,2025-12-05,8046.0,南電,電子零組件業,0.6596882433955177,STOCK_SPECIFIC,-0.12283088,-0.14705881,0.47058824,0.1328433869963661,0.11481481,0.2605816,0.092,-0.06209803,0.45169044,2.4813793,0.3824652,0.04697854,0.2147831,0.9737991,0.039193533,0.8705036,1.3816488,1.2458886,99.0,1.1518537,,,,,,,,,,,,,,,,,,,,,,,,
FAILED_SETUP,,,,,,,2025-12-05,6781.0,AES-KY,電子零組件業,0.6935674637953341,STOCK_SPECIFIC,-0.1288,-0.2,0.0036363637,0.1328433869963661,0.11469534,-0.08866535,0.04,0.123219535,0.21001801,1.96,0.30610657,0.039426524,0.05698648,0.77583694,0.037133887,1.0329671,0.73692536,1.6545455,33.0,0.9867959,,,,,,,,,,,,,,,,,,,,,,,,
FAILED_SETUP,,,,,,,2025-12-05,6805.0,富世達,電子零組件業,0.8295066983848753,STOCK_SPECIFIC,-0.16378641,-0.19093852,0.093851134,0.1328433869963661,0.1,0.30468848,0.024,0.05733294,0.55134165,2.5579062,0.6105513,0.1,0.031369593,0.91557497,0.03789443,1.0283018,1.0726795,2.7206497,78.0,1.4966649,,,,,,,,,,,,,,,,,,,,,,,,
FAILED_SETUP,,,,,,,2025-12-05,8054.0,安國,半導體業,0.8634001085096615,SECTOR_WEAK,-0.1987291,-0.22408026,0.036789298,0.1328433869963661,0.08813559,0.27213866,0.012,0.15148634,0.35206154,3.1273685,0.017057545,0.0033898305,0.038901255,0.7161572,-0.006539074,1.0,1.2107447,2.8282456,31.0,1.4816926,,,,,,,,,,,,,,,,,,,,,,,,
FAILED_SETUP,,,,,,,2025-12-05,3706.0,神達,電腦及週邊設備業,0.6526968824339552,SECTOR_WEAK,-0.104686506,-0.19234857,0.015940493,0.1328433869963661,0.16328709,-0.023507811,0.064,0.057107292,0.23762706,3.3719807,0.6932321,0.072572045,0.114714004,0.8136827,-0.04832562,0.7853577,0.89230514,0.8426241,79.0,1.5592283,,,,,,,,,,,,,,,,,,,,,,,,
FAILED_SETUP,,,,,,,2025-12-05,6669.0,緯穎,電腦及週邊設備業,0.944274028629857,SECTOR_WEAK,-0.16873418,-0.2478903,0.023206752,0.1328433869963661,0.01280683,0.35579082,0.0,0.18850876,0.5077577,4.1166177,0.050599635,0.008537888,0.0,0.8995633,-0.050731003,0.9117647,0.8765887,4.178125,149.0,1.7220514,,,,,,,,,,,,,,,,,,,,,,,,
FAILED_SETUP,,,,,,,2025-12-05,3673.0,TPK-KY,電子工業,0.7808004674262343,SECTOR_WEAK,-0.1035706,-0.11668612,0.080513425,0.1328433869963661,0.0258216,-0.04623513,0.004,0.08771802,0.19918838,3.2109559,0.16998667,0.017605621,0.010271681,0.73508006,-0.0016953538,1.0000001,0.608159,2.4261842,68.0,0.87863284,,,,,,,,,,,,,,,,,,,,,,,,
FAILED_SETUP,,,,,,,2025-12-05,2838.0,聯邦銀,金融保險,0.6593602103418054,STOCK_SPECIFIC,-0.06317136,-0.066496156,0.012787715,0.1328433869963661,0.041025627,0.0041397614,0.052,0.0061975317,0.12370046,3.6020834,0.64943403,0.041025627,0.102790184,0.6128093,0.008202737,0.9687501,0.6036739,2.097569,166.0,0.26658604,,,,,,,,,,,,,,,,,,,,,,,,
FAILED_SETUP,,,,,,,2025-12-05,3231.0,緯創,電腦及週邊設備業,0.8205805266892032,SECTOR_WEAK,-0.108344376,-0.1589404,0.06622516,0.1328433869963661,0.046357617,0.14446743,0.024,0.13604164,0.21261927,3.57875,0.09013943,0.0097661,0.051879473,0.6375546,-0.04977531,0.86956525,1.8800308,2.7835937,145.0,1.0511264,,,,,,,,,,,,,,,,,,,,,,,,
FAILED_SETUP,,,,,,,2025-12-05,2211.0,長榮鋼,鋼鐵工業,0.7803931388506322,STOCK_SPECIFIC,-0.11067797,-0.18644068,0.021186441,0.1328433869963661,0.025316458,0.14120309,0.02,0.009018866,0.27898523,3.6568,0.01255119,0.0013891403,0.020803606,0.75982535,0.02773821,0.7741936,0.30068356,3.3679333,65.0,-0.6437866,,,,,,,,,,,,,,,,,,,,,,,,
FAILED_SETUP,,,,,,,2025-12-05,2327.0,國巨*,電子零組件業,0.7429685739326405,TOO_EXTENDED,-0.07433962,-0.08595388,0.27672955,0.1328433869963661,0.10548523,0.5368202,0.04,-0.040329278,0.5017783,2.1869605,1.4189638,0.10548523,0.20139201,0.9170306,0.03907477,0.6436782,0.41339195,4.017034,71.0,0.81064075,,,,,,,,,,,,,,,,,,,,,,,,
FAILED_SETUP,,,,,,,2025-12-05,2360.0,致茂,電子工業,0.8093209799257126,SECTOR_WEAK,-0.08089196,-0.085427135,0.35678393,0.1328433869963661,0.085427135,0.2182194,0.044,0.06383893,0.50043505,1.575979,0.68333596,0.055276383,0.104390636,0.9665211,-0.0015303915,0.8270481,0.34246802,2.3104897,98.0,1.5708349,,,,,,,,,,,,,,,,,,,,,,,,
FAILED_SETUP,,,,,,,2025-12-05,2382.0,廣達,電腦及週邊設備業,0.6887312716497641,SECTOR_WEAK,-0.113159664,-0.12605043,0.013445377,0.1328433869963661,0.055462185,0.0074764336,0.04,0.07329087,0.082234606,5.3255367,0.49012327,0.055462185,0.05194739,0.44541484,-0.04862099,0.83397686,1.5892739,1.6966102,10.0,0.47017264,,,,,,,,,,,,,,,,,,,,,,,,
FAILED_SETUP,,,,,,,2025-12-05,2421.0,建準,電子零組件業,0.6328951212386796,STOP_TOO_TIGHT,-0.034,-0.16060607,0.006060606,0.1328433869963661,0.16766468,0.1332748,0.044,-0.060102772,0.32775104,0.7205505,4.9313135,0.16766468,0.13873084,0.83406115,0.03928521,0.6163142,0.3271285,2.3172781,138.0,0.82897645,,,,,,,,,,,,,,,,,,,,,,,,
FAILED_SETUP,,,,,,,2025-12-05,2241.0,艾姆勒,電機機械,0.8819857268060598,SECTOR_WEAK,-0.14292839,-0.21994884,0.010230179,0.1328433869963661,0.071611255,0.34492308,0.004,0.12703264,0.36896774,3.6992433,0.3935366,0.05624755,0.028668677,0.83114994,-0.015384907,1.2429752,1.9078119,3.4498029,36.0,0.23045099,,,,,,,,,,,,,,,,,,,,,,,,
FAILED_SETUP,,,,,,,2025-12-05,2481.0,強茂,電子工業,0.7943353783231084,SECTOR_WEAK,-0.15111358,-0.15256125,0.14142539,0.1328433869963661,0.15730338,0.06873726,0.012,0.1310968,0.41981634,3.129819,1.0409611,0.15730338,0.15192255,0.8893741,-0.0019866414,0.8165138,1.1979506,2.001977,76.0,0.787422,,,,,,,,,,,,,,,,,,,,,,,,
FAILED_SETUP,,,,,,,2025-12-05,3665.0,貿聯-KY,電子工業,0.76740995784817,SECTOR_WEAK,-0.074705884,-0.16993465,0.07189543,0.1328433869963661,0.14098361,0.24185203,0.064,0.06741778,0.5112265,1.0458823,13.385827,1.0,0.086855926,0.9272198,-0.0015947502,0.79820627,0.38424164,1.8938128,151.0,0.4482543,,,,,,,,,,,,,,,,,,,,,,,,
FAILED_SETUP,,,,,,,2025-12-05,3002.0,歐格,電腦及週邊設備業,0.6877613622135971,SECTOR_WEAK,-0.158125,-0.2159091,0.17045456,0.1328433869963661,0.20833336,0.3767934,0.024,-0.06289427,0.5525979,2.6994457,1.3175232,0.20833336,0.38890642,0.9213974,-0.04645713,0.96385527,0.24773303,3.063215,75.0,-1.7154127,,,,,,,,,,,,,,,,,,,,,,,,
FAILED_SETUP,,,,,,,2025-12-05,3086.0,華義*,文化創意業,0.66122073369225,STOCK_SPECIFIC,-0.055,-0.08863636,0.1,0.1328433869963661,0.22272727,0.328199,0.088,0.013681117,0.31353852,1.0521739,2.0661159,0.11363637,0.11589451,0.7714702,0.0072672465,0.6060606,0.7345168,2.2355072,32.0,0.50534284,,,,,,,,,,,,,,,,,,,,,,,,
FAILED_SETUP,,,,,,,2025-12-05,2478.0,大毅,電子工業,0.6463728558908226,SECTOR_WEAK,-0.046543628,-0.09060404,0.28020135,0.1328433869963661,0.15939598,0.23197336,0.104,0.011579099,0.23515923,0.940339,2.379236,0.11073827,0.68953884,0.7481805,-0.0011961358,0.63221884,0.14324072,1.1310732,51.0,-0.09182889,,,,,,,,,,,,,,,,,,,,,,,,
FAILED_SETUP,,,,,,,2025-12-12,5284.0,jpp-KY,其他,0.6769359107624846,SECTOR_WEAK,-0.14454699,-0.16107382,0.06375839,0.1506017524708489,0.08957655,0.02154613,0.036,0.021410653,0.27970225,2.7854502,0.1577432,0.022801302,0.067187846,0.74743026,-0.0028478084,0.7772512,0.36468446,1.2060046,134.0,1.1567264,,,,,,,,,,,,,,,,,,,,,,,,
FAILED_SETUP,,,,,,,2025-12-12,8054.0,安國,半導體業,0.7710755496545278,STOCK_SPECIFIC,-0.15342757,-0.18021202,0.09540636,0.1506017524708489,0.10309278,0.349564,0.024,0.05552333,0.30584624,2.4315202,0.11198856,0.017182132,0.059344225,0.72246695,0.0010788466,0.8045326,0.5791522,2.36656,36.0,1.0920211,,,,,,,,,,,,,,,,,,,,,,,,
FAILED_SETUP,,,,,,,2025-12-12,6805.0,富世達,電子零組件業,0.8579668241891667,STOCK_SPECIFIC,-0.17710191,-0.20382166,0.07643312,0.1506017524708489,0.062305294,0.4215571,0.0,0.039759815,0.5493639,3.1647968,0.35180476,0.062305294,0.0,0.9265786,0.0265846,0.75977653,0.9020124,3.1782656,83.0,1.1683539,,,,,,,,,,,,,,,,,,,,,,,,
FAILED_SETUP,,,,,,,2025-12-12,6669.0,緯穎,電腦及週邊設備業,0.7366523702623142,SECTOR_WEAK,-0.075070426,-0.17370892,0.13849765,0.1506017524708489,0.081725314,0.2282601,0.056,0.030630171,0.38118884,1.8539131,0.9676877,0.072644725,0.043821774,0.85022026,-0.030643288,0.7821229,1.1820942,2.453623,154.0,1.594063,,,,,,,,,,,,,,,,,,,,,,,,
FAILED_SETUP,,,,,,,2025-12-12,6290.0,良維,電子零組件業,0.6495374778347498,STOCK_SPECIFIC,-0.089972146,-0.13649026,0.06685237,0.1506017524708489,0.12806539,0.44154322,0.06,-0.073192894,0.47350678,2.4983428,1.4233893,0.12806539,0.093774244,0.9060206,0.027888387,1.1369863,3.765954,3.534807,143.0,-0.022311388,,,,,,,,,,,,,,,,,,,,,,,,
FAILED_SETUP,,,,,,,2025-12-12,6175.0,立敦,電子零組件業,0.8007739275512968,STOCK_SPECIFIC,-0.13470928,-0.14341083,0.16085272,0.1506017524708489,0.054307114,0.27794963,0.004,0.029516367,0.36426154,2.8663914,0.40314305,0.054307114,0.05137695,0.8237885,0.02663077,0.8437811,1.3547825,3.3199315,35.0,0.5019155,,,,,,,,,,,,,,,,,,,,,,,,
FAILED_SETUP,,,,,,,2025-12-12,6173.0,信昌電,電子零組件業,0.664374874433312,STOP_TOO_TIGHT,-0.034406777,-0.077041596,0.23882897,0.1506017524708489,0.118797004,0.45818916,0.044,-0.076321624,0.43632343,0.7425653,3.452721,0.118797004,0.28988677,0.87958884,0.02792885,0.7656033,0.18016699,2.4028897,65.0,-0.17837977,,,,,,,,,,,,,,,,,,,,,,,,
FAILED_SETUP,,,,,,,2025-12-12,5439.0,高技,電子零組件業,0.7147360697408304,STOCK_SPECIFIC,-0.16691643,-0.18731989,0.04466859,0.1506017524708489,0.07648725,-0.020254781,0.016,0.058029734,0.29254255,2.7769864,0.18668906,0.031161472,0.021244053,0.8443465,0.02631621,0.8806888,0.72998506,1.6656964,244.0,1.3943692,,,,,,,,,,,,,,,,,,,,,,,,
FAILED_SETUP,,,,,,,2025-12-12,3673.0,TPK-KY,電子工業,0.6523510451515971,STOCK_SPECIFIC,-0.051497005,-0.112574846,0.10898205,0.1506017524708489,0.04857821,-0.009758425,0.032,0.0043479456,0.17381847,1.6629832,0.52918,0.027251184,0.055961695,0.72687227,0.00074703695,0.9416058,0.8802928,1.9955796,73.0,0.78230315,,,,,,,,,,,,,,,,,,,,,,,,
FAILED_SETUP,,,,,,,2025-12-12,3002.0,歐格,電腦及週邊設備業,0.7753950437190451,SECTOR_WEAK,-0.18288603,-0.25735295,0.04595589,0.1506017524708489,0.15789473,0.5263585,0.032,0.041626465,0.57511723,2.9509745,0.86335045,0.15789473,0.40610465,0.9295154,-0.031222554,1.0870872,0.49969476,2.9383967,80.0,-1.5278825,,,,,,,,,,,,,,,,,,,,,,,,
FAILED_SETUP,,,,,,,2025-12-12,3653.0,健策,電子零組件業,0.8563185157362356,TOO_EXTENDED,-0.17358004,-0.20826162,0.15318416,0.1506017524708489,0.04841402,0.17131658,0.004,0.10572306,0.5686166,3.8366847,5.761031,1.0,0.007127129,0.9192364,0.025910927,0.89541286,0.63061905,4.2875,76.0,0.820195,,,,,,,,,,,,,,,,,,,,,,,,
FAILED_SETUP,,,,,,,2025-12-12,2614.0,東森,貿易百貨,0.7552947650701863,SECTOR_WEAK,-0.09178261,-0.12608695,0.052173913,0.1506017524708489,0.023758098,-0.057920698,0.0,0.079001375,0.25309336,2.6989956,4.8384898e-15,4.440892e-16,0.0,0.78414094,-0.03646084,1.1082803,6.321022,2.173516,85.0,-0.10344964,,,,,,,,,,,,,,,,,,,,,,,,
FAILED_SETUP,,,,,,,2025-12-12,2360.0,致茂,電子工業,0.7370795153780977,STOCK_SPECIFIC,-0.05320924,-0.06546855,0.3863928,0.1506017524708489,0.07329193,0.2736474,0.04,-0.004547462,0.47140646,1.3432871,0.8171186,0.04347826,0.09710744,0.938326,0.0008064443,0.6097902,0.45657998,2.7238426,103.0,1.4776393,,,,,,,,,,,,,,,,,,,,,,,,
FAILED_SETUP,,,,,,,2025-12-12,2327.0,國巨*,電子零組件業,0.6963356364811628,STOCK_SPECIFIC,-0.05248927,-0.06437768,0.30686694,0.1506017524708489,0.10315789,0.41625163,0.052,-0.039663132,0.4628977,1.7743006,1.9653139,0.10315789,0.22920737,0.92070484,0.027575029,0.9125,0.5189162,3.6511228,76.0,0.9756395,,,,,,,,,,,,,,,,,,,,,,,,
FAILED_SETUP,,,,,,,2025-12-12,2241.0,艾姆勒,電機機械,0.7316200941640971,STOCK_SPECIFIC,-0.092282325,-0.22295515,0.026385223,0.1506017524708489,0.10263158,0.35157242,0.032,0.006892143,0.30987808,2.3372314,0.24239118,0.022368422,0.08092364,0.82966226,0.016520713,1.0157728,0.84749585,2.0443118,41.0,0.24358627,,,,,,,,,,,,,,,,,,,,,,,,
FAILED_SETUP,,,,,,,2025-12-12,2211.0,長榮鋼,鋼鐵工業,0.6569098802421361,STOCK_SPECIFIC,-0.07132743,-0.15044248,0.022123892,0.1506017524708489,0.07522124,0.09652416,0.056,0.002660393,0.20366113,2.4530437,0.12406946,0.008849557,0.05930083,0.71365637,0.004818125,0.9714286,0.5703662,1.4248551,70.0,-0.49044073,,,,,,,,,,,,,,,,,,,,,,,,
FAILED_SETUP,,,,,,,2025-12-12,1608.0,華榮,電器電纜,0.7769315432255134,SECTOR_WEAK,-0.11517928,-0.14741036,0.10358564,0.1506017524708489,0.09256846,0.13967554,0.016,0.102687165,0.30899477,3.7944376,0.17176238,0.019783467,0.14105123,0.7914831,-0.088368475,0.997955,3.5247617,4.1103125,89.0,0.6772646,,,,,,,,,,,,,,,,,,,,,,,,
FAILED_SETUP,,,,,,,2025-12-12,3665.0,貿聯-KY,電子工業,0.6777185733877237,STOP_TOO_TIGHT,-0.04986577,-0.16442953,0.10067114,0.1506017524708489,0.1335505,0.2606808,0.056,-0.02025735,0.47592336,0.8422672,20.053837,1.0,0.073564276,0.9045521,0.0009070468,0.641604,0.38885438,2.0750608,156.0,0.3745517,,,,,,,,,,,,,,,,,,,,,,,,
FAILED_SETUP,,,,,,,2025-12-19,6425.0,易發,電機機械,0.9664440995173994,TOO_EXTENDED,-0.27765134,-0.35281837,0.0,0.1390465384282004,0.0042735045,0.62180626,0.0,0.2962117,0.6194987,7.462645,0.101602145,0.028209973,0.0,0.9375,0.02249413,0.9546044,1.736209,6.0671344,40.0,0.5953659,,,,,,,,,,,,,,,,,,,,,,,,
FAILED_SETUP,,,,,,,2025-12-19,8054.0,安國,半導體業,0.7980120605525374,STOCK_SPECIFIC,-0.1915,-0.22666667,0.033333335,0.1390465384282004,0.10309278,0.31738633,0.032,0.06285101,0.28057688,3.590625,0.08972393,0.017182132,0.06876177,0.59821427,0.053431462,0.9005848,0.698932,2.2097917,41.0,1.1192548,,,,,,,,,,,,,,,,,,,,,,,,
FAILED_SETUP,,,,,,,2025-12-19,8043.0,蜜望實,電子零組件業,0.6822753588281996,STOCK_SPECIFIC,-0.09396202,-0.14303796,0.3734177,0.1390465384282004,0.20912549,1.2806386,0.04,-0.09662263,1.0259345,1.215462,10.642598,1.0,0.19537394,0.99404764,0.029029325,1.1316907,0.6975818,3.1523197,54.0,-1.9094956,,,,,,,,,,,,,,,,,,,,,,,,
FAILED_SETUP,,,,,,,2025-12-19,7805.0,威聯通,電腦及週邊設備業,0.6322160373234851,STOCK_SPECIFIC,-0.1994505,-0.269863,0.06027397,0.1390465384282004,0.081115335,-0.02454615,0.052,0.041615352,0.08112799,4.0820456,0.36221194,0.07224335,0.15950646,0.44047618,0.023502098,0.7128713,2.3504393,1.1785172,16.0,-0.33017984,,,,,,,,,,,,,,,,,,,,,,,,
FAILED_SETUP,,,,,,,2025-12-19,6805.0,富世達,電子零組件業,0.8296558460673855,STOCK_SPECIFIC,-0.17917721,-0.20886075,0.08227848,0.1390465384282004,0.103559874,0.42971104,0.044,0.073737435,0.44817415,3.3875213,0.48766604,0.08737864,0.05060076,0.89880955,0.027243925,0.925816,0.8444912,2.1191452,88.0,1.4369686,,,,,,,,,,,,,,,,,,,,,,,,
FAILED_SETUP,,,,,,,2025-12-19,6785.0,昱展新藥,生技醫療業,0.8780153611475366,SECTOR_WEAK,-0.23531035,-0.30172414,0.093103446,0.1390465384282004,0.053819444,0.2575708,0.028,0.2873994,0.39486048,6.2238436,0.09408025,0.022138055,0.038252547,0.93303573,-0.037819657,0.83842796,1.021498,2.1448426,96.0,0.8430953,,,,,,,,,,,,,,,,,,,,,,,,
FAILED_SETUP,,,,,,,2025-12-19,6669.0,緯穎,電腦及週邊設備業,0.6817575222344135,STOCK_SPECIFIC,-0.09002309,-0.18706697,0.12009238,0.1390465384282004,0.11201867,0.22517642,0.088,-0.024469776,0.31649444,2.5441492,1.1406382,0.10268378,0.07155029,0.8467262,0.023150293,0.8786482,0.81667805,1.4168608,159.0,1.6914352,,,,,,,,,,,,,,,,,,,,,,,,
FAILED_SETUP,,,,,,,2025-12-19,6290.0,良維,電子零組件業,0.6967043112907111,STOCK_SPECIFIC,-0.11702703,-0.16216215,0.25135136,0.1390465384282004,0.13736263,0.41245544,0.08,-0.03618495,0.4279707,2.986207,1.1737684,0.13736263,0.12438153,0.9166667,0.028467428,1.0960854,0.80492353,2.2275863,148.0,0.20855772,,,,,,,,,,,,,,,,,,,,,,,,
FAILED_SETUP,,,,,,,2025-12-19,1316.0,上曜,建材營造,0.6527448461655114,STOCK_SPECIFIC,-0.16506024,-0.20180723,0.009036144,0.1390465384282004,0.20731707,0.081847735,0.044,0.07414976,0.13289599,5.55942,0.12401427,0.020469826,0.33344266,0.5520833,0.053759955,1.1055276,7.168396,2.4330916,0.0,0.10510086,,,,,,,,,,,,,,,,,,,,,,,,
FAILED_SETUP,,,,,,,2025-12-19,3653.0,健策,電子零組件業,0.627865496293521,STOCK_SPECIFIC,-0.07129456,-0.1369606,0.26266417,0.1390465384282004,0.19391635,0.053744074,0.04,-0.042840373,0.34231403,1.6072507,14.026316,1.0,0.07628144,0.86011904,0.028521666,0.8730159,1.6855445,1.3936555,81.0,0.9915708,,,,,,,,,,,,,,,,,,,,,,,,
FAILED_SETUP,,,,,,,2025-12-19,3002.0,歐格,電腦及週邊設備業,0.7797570940491163,STOCK_SPECIFIC,-0.17835492,-0.25323477,0.05175599,0.1390465384282004,0.19924812,0.5258298,0.06,0.10103947,0.48235232,3.0701365,1.117144,0.19924812,0.45120153,0.9255952,0.020473795,0.83439493,0.23802409,1.988106,85.0,-1.2182984,,,,,,,,,,,,,,,,,,,,,,,,
FAILED_SETUP,,,,,,,2025-12-19,2834.0,臺企銀,金融保險,0.6407074869983318,STOCK_SPECIFIC,-0.052646145,-0.06461539,0.009230741,0.1390465384282004,0.0030959751,-0.031494386,0.0,-0.030316137,0.06551795,4.9904156,18.994743,1.0,0.0,0.46875,0.024534075,1.0958904,1.6031696,2.7902787,116.0,0.23145379,,,,,,,,,,,,,,,,,,,,,,,,
FAILED_SETUP,,,,,,,2025-12-19,2614.0,東森,貿易百貨,0.8322695604856335,SECTOR_WEAK,-0.129625,-0.1625,0.008333334,0.1390465384282004,0.0021141649,0.050069723,0.0,0.10898121,0.2642268,3.9415383,0.5001757,0.06483528,0.0,0.79761904,-0.046370097,0.92903227,1.7110839,2.668024,90.0,0.10108582,,,,,,,,,,,,,,,,,,,,,,,,
FAILED_SETUP,,,,,,,2025-12-19,2241.0,艾姆勒,電機機械,0.727541681162523,STOCK_SPECIFIC,-0.08977543,-0.2324967,0.025099074,0.1390465384282004,0.10993377,0.2631595,0.056,-0.0026907697,0.2843631,2.0819256,0.014753517,0.0013245033,0.12953298,0.8005952,0.03508769,0.9484536,0.5837395,1.2253829,46.0,0.3367748,,,,,,,,,,,,,,,,,,,,,,,,
FAILED_SETUP,,,,,,,2025-12-19,1608.0,華榮,電器電纜,0.7078696889412227,SECTOR_WEAK,-0.09474184,-0.12771739,0.12907608,0.1390465384282004,0.15426998,0.15600295,0.076,0.07404865,0.22176583,3.0130246,0.8166882,0.07737454,0.25261223,0.77380955,-0.055686906,0.9017858,0.30959794,1.7658435,94.0,0.78500175,,,,,,,,,,,,,,,,,,,,,,,,
FAILED_SETUP,,,,,,,2025-12-19,1419.0,新紡,紡織纖維,0.7395304234574179,SECTOR_WEAK,-0.06645341,-0.08901252,0.12378303,0.1390465384282004,0.13741986,0.19407399,0.036,0.065438084,0.19868061,2.7871668,1.220688,0.08111888,0.10365464,0.51339287,-0.050748486,0.8479658,0.24089637,5.169306,146.0,-1.0499036,,,,,,,,,,,,,,,,,,,,,,,,
FAILED_SETUP,,,,,,,2025-12-19,6175.0,立敦,電子零組件業,0.8252629325340541,STOCK_SPECIFIC,-0.1556981,-0.16792452,0.13018867,0.1390465384282004,0.06226415,0.20856823,0.008,0.058650147,0.33557072,3.1479018,0.39990306,0.06226415,0.102411605,0.8154762,0.027322166,1.1711178,0.86217016,2.5526793,40.0,0.87646496,,,,,,,,,,,,,,,,,,,,,,,,
FAILED_SETUP,,,,,,,2025-12-26,6290.0,良維,電子零組件業,0.643573553295651,STOCK_SPECIFIC,-0.11702703,-0.16216217,0.27837837,0.0581754557497706,0.12195122,0.37728372,0.06,-0.06430082,0.42186898,3.0928571,1.0420774,0.12195122,0.10058067,0.9062958,0.030672465,0.8181818,0.5831038,2.0940475,152.0,0.2051784,,,,,,,,,,,,,,,,,,,,,,,,
FAILED_SETUP,,,,,,,2025-12-26,6425.0,易發,電機機械,0.8588291420083116,TOO_EXTENDED,-0.17410618,-0.32827735,0.017334778,0.0581754557497706,0.037919823,0.40615332,0.012,0.11098192,0.56475127,4.45505,0.011279109,0.0019637626,0.025839828,0.93118596,0.013678614,1.1073446,0.7327552,5.0224423,44.0,0.56736904,,,,,,,,,,,,,,,,,,,,,,,,
FAILED_SETUP,,,,,,,2025-12-26,6725.0,矽科宏晟,其他電子業,0.6636151922456474,STOCK_SPECIFIC,-0.22973244,-0.283596,0.0662757,0.0581754557497706,0.14379084,0.04623304,0.036,0.15012914,0.16973156,4.2709293,0.6259057,0.14379084,0.093755044,0.50951684,0.06250471,1.2976828,6.094778,2.9553835,4.0,0.7713237,,,,,,,,,,,,,,,,,,,,,,,,
FAILED_SETUP,,,,,,,2025-12-26,6785.0,昱展新藥,生技醫療業,0.8969794888702024,SECTOR_WEAK,-0.19463022,-0.4630225,0.006430869,0.0581754557497706,0.029220778,0.29229343,0.0,0.23859274,0.4614116,5.247183,0.17791553,0.03462774,0.0,0.9341142,-0.08114005,1.1790394,1.2875556,3.2984521,100.0,0.8202491,,,,,,,,,,,,,,,,,,,,,,,,
FAILED_SETUP,,,,,,,2025-12-26,6805.0,富世達,電子零組件業,0.7793904731564159,STOCK_SPECIFIC,-0.12916666,-0.22839506,0.14814815,0.0581754557497706,0.062305294,0.48681474,0.0,-0.037842233,0.46763927,3.0675395,0.3617727,0.046728972,0.0,0.90483165,0.03034264,0.8231511,0.61320966,2.9097035,92.0,1.466626,,,,,,,,,,,,,,,,,,,,,,,,
FAILED_SETUP,,,,,,,2025-12-26,6823.0,濾能,半導體業,0.8121049481466741,STOCK_SPECIFIC,-0.2789726,-0.33789954,0.0,0.0581754557497706,0.06666667,0.19898622,0.02,0.2196086,0.44098583,4.549628,0.024525752,0.006842013,0.14022988,0.9267936,0.044494085,1.3956522,1.064114,2.5030587,44.0,1.7759496,,,,,,,,,,,,,,,,,,,,,,,,
FAILED_SETUP,,,,,,,2025-12-26,8047.0,星雲,其他電子業,0.7658901624298308,STOCK_SPECIFIC,-0.11613678,-0.19593346,0.009242144,0.0581754557497706,0.11970534,1.787486,0.02,-0.022617705,1.0927832,1.8402092,0.6342936,0.07366482,0.03332197,0.99707174,0.067945264,1.0704225,1.5159272,3.0648892,51.0,-0.86612743,,,,,,,,,,,,,,,,,,,,,,,,
FAILED_SETUP,,,,,,,2025-12-26,7805.0,威聯通,電腦及週邊設備業,0.6255666645675203,SECTOR_WEAK,-0.1707,-0.2514045,0.08707865,0.0581754557497706,0.06263473,-0.0637063,0.028,0.11701295,0.0961012,3.586347,0.31584302,0.0539144,0.083238564,0.44216692,-0.006613356,0.8592054,2.439328,1.5607527,20.0,-0.24128167,,,,,,,,,,,,,,,,,,,,,,,,
FAILED_SETUP,,,,,,,2025-12-26,8043.0,蜜望實,電子零組件業,0.8882879873613747,TOO_EXTENDED,-0.17663367,-0.2739274,0.19361936,0.0581754557497706,0.061111122,1.0725318,0.008,0.12564443,1.2165984,2.464737,0.33968613,0.060000006,0.07734015,0.9897511,0.028486008,0.93955094,1.692909,4.1330957,58.0,-1.5327195,,,,,,,,,,,,,,,,,,,,,,,,
FAILED_SETUP,,,,,,,2025-12-26,8499.0,鼎炫-KY,其他,0.9186519705251625,SECTOR_WEAK,-0.34704775,-0.37185928,0.0012562814,0.0581754557497706,0.030150754,0.47021085,0.004,0.5581418,0.55785435,7.242509,2.881448,1.0,0.007871395,0.94143486,-0.054835737,0.8041776,0.6139446,5.2884517,180.0,0.073638305,,,,,,,,,,,,,,,,,,,,,,,,
FAILED_SETUP,,,,,,,2025-12-26,8111.0,立碁,光電業,0.7576642339500413,TOO_EXTENDED,-0.1262401,-0.19261213,0.0,0.0581754557497706,0.07783641,0.26210424,0.004,0.0098246215,0.35756207,4.084329,0.61657435,0.07783641,0.0015461948,0.76866764,0.035142045,0.9807693,,5.321138,94.0,0.6687271,,,,,,,,,,,,,,,,,,,,,,,,
FAILED_SETUP,,,,,,,2025-12-26,8112.0,至上,電子通路業,0.7666227362955288,SECTOR_WEAK,-0.12853947,-0.17105262,0.1381579,0.0581754557497706,0.14873837,0.5705078,0.032,0.09669962,0.4222613,3.0325053,0.17814039,0.02289807,0.24466436,0.83162516,-0.017489802,0.92824423,1.4077033,2.9433112,37.0,0.46623498,,,,,,,,,,,,,,,,,,,,,,,,
FAILED_SETUP,,,,,,,2025-12-26,6223.0,旺矽,半導體業,0.8216876202047956,STOCK_SPECIFIC,-0.12207547,-0.1509434,0.24528302,0.0581754557497706,0.038135592,0.2735389,0.004,0.02132197,0.5961286,2.629742,8.191654,1.0,0.0027841006,0.94582725,0.042565383,1.0301625,2.1296787,3.1515055,132.0,0.86948955,,,,,,,,,,,,,,,,,,,,,,,,
FAILED_SETUP,,,,,,,2025-12-26,6870.0,騰雲,數位雲端,0.7335871995111634,STOCK_SPECIFIC,-0.24951613,-0.2842742,0.024193548,0.0581754557497706,0.11632653,0.07583139,0.02,0.2879786,0.22203326,4.3315997,0.040895477,0.010204081,0.057795547,0.47584188,0.0,1.5711253,2.057707,2.8816667,13.0,0.3477579,,,,,,,,,,,,,,,,,,,,,,,,
FAILED_SETUP,,,,,,,2025-12-26,6209.0,今國光,電子工業,0.9230407299666906,TOO_EXTENDED,-0.22633864,-0.23444283,0.16497828,0.0581754557497706,0.01179941,0.69887704,0.0,0.100132756,0.7639101,4.3530817,4.4181585,1.0,0.0,0.97218156,0.0049356385,0.99846864,1.0404766,4.577833,98.0,0.16380058,,,,,,,,,,,,,,,,,,,,,,,,
FAILED_SETUP,,,,,,,2025-12-26,1608.0,華榮,電器電纜,0.7960114295874859,SECTOR_WEAK,-0.15248139,-0.20347393,0.03101737,0.0581754557497706,0.0607595,0.126875,0.004,0.14147465,0.31378016,4.9585013,0.39847156,0.0607595,0.079966255,0.79062957,-0.04601523,1.0581162,4.534578,3.8637846,98.0,0.6435198,,,,,,,,,,,,,,,,,,,,,,,,
FAILED_SETUP,,,,,,,2025-12-26,4903.0,聯光通,通信網路業,0.7803514094533205,STOCK_SPECIFIC,-0.19094537,-0.24474789,0.011554622,0.0581754557497706,0.09243698,0.42132697,0.016,0.023784325,0.4997637,2.8027754,0.48410168,0.09243698,0.07758472,0.897511,0.09802078,0.8892508,0.37377548,3.6482747,30.0,1.1870301,,,,,,,,,,,,,,,,,,,,,,,,
FAILED_SETUP,,,,,,,2025-12-26,6175.0,立敦,電子零組件業,0.6984386796122259,STOCK_SPECIFIC,-0.097408846,-0.19385798,0.14971209,0.0581754557497706,0.08897485,0.14919518,0.052,0.041276727,0.28597924,2.1929016,0.099284284,0.0096711675,0.25642204,0.77306,0.02944391,0.7229862,0.2838427,1.963889,44.0,0.9967812,,,,,,,,,,,,,,,,,,,,,,,,
FAILED_SETUP,,,,,,,2025-12-26,1303.0,南亞,塑膠工業,0.6796923392269956,SECTOR_WEAK,-0.03891753,-0.053264603,0.65807563,0.0581754557497706,0.18956521,0.30071142,0.068,0.05001737,0.4155652,0.94375014,3.4675906,0.13495006,0.19423974,0.9019034,-0.063231446,0.87162167,0.3256891,2.915278,94.0,0.29948297,,,,,,,,,,,,,,,,,,,,,,,,
FAILED_SETUP,,,,,,,2025-12-26,1587.0,吉茂,汽車工業,0.7880568642880691,SECTOR_WEAK,-0.22425373,-0.2789179,0.04291045,0.0581754557497706,0.11111111,0.116588674,0.012,0.22849557,0.4533309,4.10439,0.12412442,0.027835365,0.096680135,0.8696925,-0.029957589,1.4178145,0.8025582,3.3486178,70.0,-0.022775121,,,,,,,,,,,,,,,,,,,,,,,,
FAILED_SETUP,,,,,,,2025-12-26,2614.0,東森,貿易百貨,0.7312445697817117,SECTOR_WEAK,-0.11110638,-0.1468085,0.0,0.0581754557497706,0.03862661,-0.013143866,0.004,0.070058994,0.23284213,3.1786087,0.7275069,0.080830656,0.015445764,0.71303076,-0.06622617,1.1265823,1.3347965,1.9792753,94.0,0.05765801,,,,,,,,,,,,,,,,,,,,,,,,
FAILED_SETUP,,,,,,,2025-12-26,2881.0,富邦金,金融保險,0.6389400051614306,STOCK_SPECIFIC,-0.06619195,-0.07327141,0.014447885,0.0581754557497706,0.018556707,0.004532334,0.02,-0.009597824,0.12589067,4.1572223,15.107577,1.0,0.017909547,0.5475842,0.006265915,0.85161287,0.6129187,3.1273146,59.0,0.66711825,,,,,,,,,,,,,,,,,,,,,,,,
FAILED_SETUP,,,,,,,2025-12-26,3002.0,歐格,電腦及週邊設備業,0.7994207678959727,SECTOR_WEAK,-0.15999997,-0.2798574,0.0017825312,0.0581754557497706,0.14336917,0.5193108,0.024,0.1484955,0.52386796,3.1104941,0.67204314,0.10752688,0.35773563,0.92093706,-0.01010438,0.7036451,0.9250842,2.585726,89.0,-1.4875104,,,,,,,,,,,,,,,,,,,,,,,,
FAILED_SETUP,,,,,,,2025-12-26,1784.0,訊聯,生技醫療業,0.8813059671675866,SECTOR_WEAK,-0.1704934,-0.2,0.03964757,0.0581754557497706,0.030837005,0.29955032,0.0,0.1929298,0.3945378,3.5092487,0.003524657,0.00060093077,0.0,0.8272328,-0.08049013,1.3577236,5.8370123,3.3598304,46.0,-0.0017298425,,,,,,,,,,,,,,,,,,,,,,,,
FAILED_SETUP,,,,,,,2025-12-26,3055.0,蔚華科,電子工業,0.9040478298442522,TOO_EXTENDED,-0.23939024,-0.26707315,0.024390245,0.0581754557497706,0.006060606,0.36604494,0.0,0.24944553,0.3676239,4.88135,0.014686642,0.0035158389,0.0,0.61346996,0.005288534,1.0060606,2.4077456,4.657549,24.0,0.34606856,,,,,,,,,,,,,,,,,,,,,,,,
FAILED_SETUP,,,,,,,2025-12-26,3537.0,堡達,電子零組件業,0.7230165315716027,STOCK_SPECIFIC,-0.094962694,-0.1977612,0.054104473,0.0581754557497706,0.080223866,0.24875356,0.012,0.021217356,0.22517379,2.2373629,0.60683995,0.057627153,0.020170538,0.579795,0.029657988,0.96595746,2.4891264,2.9062274,31.0,1.0948068,,,,,,,,,,,,,,,,,,,,,,,,
FAILED_SETUP,,,,,,,2025-12-26,3665.0,貿聯-KY,電子工業,0.6720220283363595,STOCK_SPECIFIC,-0.10231511,-0.19935691,0.13826367,0.0581754557497706,0.1262136,0.4065063,0.052,-0.03906182,0.41441646,2.699879,1.2335773,0.1262136,0.0656599,0.85212296,0.005962822,0.8888889,0.5542536,2.279596,165.0,0.63776714,,,,,,,,,,,,,,,,,,,,,,,,
FAILED_SETUP,,,,,,,2025-12-26,3685.0,元創精密,光電業,0.7662326549209724,STOCK_SPECIFIC,-0.19075179,-0.24582338,0.017899761,0.0581754557497706,0.124096386,0.2908147,0.076,0.1537029,0.65463895,6.1991687,0.65056473,0.124096386,0.22292647,0.9912152,0.0359484,1.6037441,1.3600514,1.566759,79.0,0.11476533,,,,,,,,,,,,,,,,,,,,,,,,
FAILED_SETUP,,,,,,,2025-12-26,4577.0,達航科技,其他電子業,0.6898628498893362,STOCK_SPECIFIC,-0.13125838,-0.17365772,0.62416106,0.0581754557497706,0.16579406,0.38166928,0.012,-0.05649546,0.7188797,1.8883103,7.618561,1.0,0.0423432,0.9809663,0.06577015,1.0164424,1.5298233,3.1411495,83.0,0.0836739,,,,,,,,,,,,,,,,,,,,,,,,
FAILED_SETUP,,,,,,,2025-12-26,3017.0,奇鋐,電腦及週邊設備業,0.8266530857187309,SECTOR_WEAK,-0.14677632,-0.16776316,0.25657895,0.0581754557497706,0.04276316,0.4469791,0.012,0.06173992,0.43939877,4.7324243,0.29134917,0.04276316,0.012430588,0.8931186,-0.008479936,0.9423077,0.4739669,4.012273,138.0,1.6742536,,,,,,,,,,,,,,,,,,,,,,,,
FAILED_SETUP,,,,,,,2026-01-02,6823.0,濾能,半導體業,0.6476104693398504,STOCK_SPECIFIC,-0.19333333,-0.2707535,0.06896552,0.0259570428113935,0.18518518,0.14965671,0.064,0.08260996,0.2783604,2.7959368,0.11866017,0.022940965,0.43194628,0.8927039,0.04774073,0.856,0.24710622,0.6806069,48.0,1.7759496,,,,,,,,,,,,,,,,,,,,,,,,
FAILED_SETUP,,,,,,,2026-01-02,6223.0,旺矽,半導體業,0.6621504726151934,STOCK_SPECIFIC,-0.06913717,-0.1039823,0.45353982,0.0259570428113935,0.084070794,0.20155135,0.048,-0.059701394,0.4876245,1.4632107,14.464,1.0,0.02601526,0.9270386,0.045163106,0.9708738,0.80925786,1.9962096,136.0,0.86948955,,,,,,,,,,,,,,,,,,,,,,,,
FAILED_SETUP,,,,,,,2026-01-02,6290.0,良維,電子零組件業,0.7052275313572097,STOCK_SPECIFIC,-0.1217742,-0.16666667,0.30645162,0.0259570428113935,0.11290323,0.25625324,0.036,0.0035682179,0.40796986,3.5233333,0.28697574,0.03494624,0.061252985,0.9098712,0.012464949,0.7819549,1.472577,1.9703703,156.0,0.2051784,,,,,,,,,,,,,,,,,,,,,,,,
FAILED_SETUP,,,,,,,2026-01-02,6603.0,富強鑫,電機機械,0.7937991038997577,SECTOR_WEAK,-0.20108455,-0.20772058,0.32169116,0.0259570428113935,0.10074628,0.4248485,0.04,0.15464927,0.45982248,3.8001487,4.9730325,1.0,0.14345917,0.8369099,-0.006167846,0.93358636,0.5852276,3.549793,79.0,-1.1025839,,,,,,,,,,,,,,,,,,,,,,,,
FAILED_SETUP,,,,,,,2026-01-02,6664.0,群翊,電子零組件業,0.7544685336121575,STOCK_SPECIFIC,-0.16473684,-0.2121212,0.031897925,0.0259570428113935,0.05374593,0.13099632,0.012,0.07794131,0.25396237,4.290979,0.30364516,0.050021544,0.041693915,0.67238915,0.01156813,1.014433,0.7452803,2.8394659,84.0,-0.484452,,,,,,,,,,,,,,,,,,,,,,,,
FAILED_SETUP,,,,,,,2026-01-02,6669.0,緯穎,電腦及週邊設備業,0.6390907983858438,SECTOR_WEAK,-0.10439024,-0.2195122,0.07538803,0.0259570428113935,0.063616075,0.17888866,0.044,-0.06675346,0.3308955,3.6617777,0.5238756,0.0546875,0.037283625,0.8340486,-0.01534644,0.8669202,1.3057476,2.039074,167.0,1.7725999,,,,,,,,,,,,,,,,,,,,,,,,
FAILED_SETUP,,,,,,,2026-01-02,6785.0,昱展新藥,生技醫療業,0.8224293806662383,SECTOR_WEAK,-0.13009836,-0.452459,0.0,0.0259570428113935,0.025889967,-0.0009036126,0.0,0.18532784,0.4368866,3.7662375,0.24042909,0.03127943,0.0,0.91845495,-0.107395835,1.0087719,0.5030034,3.4509606,104.0,0.8202491,,,,,,,,,,,,,,,,,,,,,,,,
FAILED_SETUP,,,,,,,2026-01-02,6934.0,心誠鎂,生技醫療業,0.6397156330440115,SECTOR_WEAK,-0.19031928,-0.3408155,0.51987565,0.0259570428113935,0.15202825,0.019420931,0.012,0.13146953,0.12539577,2.5553906,0.16460128,0.031326797,0.026753701,0.490701,-0.10139102,0.91399306,1.0687134,1.0818046,5.0,0.19172074,,,,,,,,,,,,,,,,,,,,,,,,
FAILED_SETUP,,,,,,,2026-01-02,8358.0,金居,電子零組件業,0.8681834024094768,TOO_EXTENDED,-0.22477967,-0.27118644,0.07966102,0.0259570428113935,0.048275862,0.13242416,0.0,0.17806123,0.6646133,6.1479473,0.038351744,0.008620692,0.0,0.99570817,0.010561018,0.93424034,,4.8590508,120.0,2.0065193,,,,,,,,,,,,,,,,,,,,,,,,
FAILED_SETUP,,,,,,,2026-01-02,7810.0,捷創科技,半導體業,0.700561427377668,STOCK_SPECIFIC,-0.3557612,-0.48955223,0.0,0.0259570428113935,0.019136783,0.10346657,0.0,-0.0794447,0.3298768,3.8907151,0.05379109,0.019136783,0.0,0.81831187,0.04239364,1.2349364,2.4769785,1.739662,104.0,0.077047266,,,,,,,,,,,,,,,,,,,,,,,,
FAILED_SETUP,,,,,,,2026-01-02,8027.0,鈦昇,電機機械,0.7982766657008604,SECTOR_WEAK,-0.1636207,-0.26034483,0.060344826,0.0259570428113935,0.03539823,0.20647573,0.004,0.07823288,0.27033854,2.9856179,0.16225743,0.026548672,0.009792168,0.6623748,-0.0042458246,1.220339,1.2529035,2.6946068,28.0,0.25799412,,,,,,,,,,,,,,,,,,,,,,,,
FAILED_SETUP,,,,,,,2026-01-02,8042.0,金山電,電子零組件業,0.6373237928471548,STOCK_SPECIFIC,-0.10111505,-0.13097346,0.3539823,0.0259570428113935,0.12169312,0.31049109,0.032,-0.11860368,0.47289306,1.9651598,1.2035115,0.12169312,0.22326465,0.90844065,0.013933025,0.7723705,1.0852952,2.687633,62.0,0.07849013,,,,,,,,,,,,,,,,,,,,,,,,
FAILED_SETUP,,,,,,,2026-01-02,8043.0,蜜望實,電子零組件業,0.7969472123891947,TOO_EXTENDED,-0.14798672,-0.30641595,0.20022123,0.0259570428113935,0.06823267,0.9408244,0.012,-0.020640744,1.112207,2.364798,0.4535143,0.0671141,0.091576755,0.98712444,0.012693446,0.76470584,1.0293398,4.086574,62.0,-1.5327195,,,,,,,,,,,,,,,,,,,,,,,,
FAILED_SETUP,,,,,,,2026-01-02,8112.0,至上,電子通路業,0.756732719416485,STOCK_SPECIFIC,-0.15142857,-0.20353982,0.09355246,0.0259570428113935,0.13219894,0.5445958,0.028,0.034040447,0.42268234,3.6855383,0.05395605,0.008170487,0.22424877,0.86981404,0.010811154,1.0044312,1.3782552,2.6299999,41.0,0.46623498,,,,,,,,,,,,,,,,,,,,,,,,
FAILED_SETUP,,,,,,,2026-01-02,6209.0,今國光,電子工業,0.8603721293508523,SECTOR_WEAK,-0.18731342,-0.23880598,0.20149253,0.0259570428113935,0.061746992,0.51927984,0.016,0.11619202,0.6798077,3.60041,5.3386455,1.0,0.035987545,0.9713877,-0.0011291275,0.87425154,0.69192517,3.7799523,102.0,0.16380058,,,,,,,,,,,,,,,,,,,,,,,,
FAILED_SETUP,,,,,,,2026-01-02,8499.0,鼎炫-KY,其他,0.6990518302028612,SECTOR_WEAK,-0.14691488,-0.25835866,0.051671732,0.0259570428113935,0.24054463,0.20059288,0.02,0.19912195,0.2677194,2.5632198,0.2883306,0.04236006,0.06341251,0.7439199,-0.09140251,1.0874251,0.599774,1.433144,184.0,0.073638305,,,,,,,,,,,,,,,,,,,,,,,,
FAILED_SETUP,,,,,,,2026-01-02,7714.0,創泓科技,數位雲端,0.9061257311783256,TOO_EXTENDED,-0.28047746,-0.32360741,0.00795756,0.0259570428113935,0.0,0.20912172,0.0,0.19741172,0.49356854,5.4424996,0.15272227,0.042835154,0.0,0.8755365,0.0,1.5612535,1.8778127,4.5920343,105.0,-0.009467808,,,,,,,,,,,,,,,,,,,,,,,,
FAILED_SETUP,,,,,,,2026-01-02,6175.0,立敦,電子零組件業,0.7823492607382959,STOCK_SPECIFIC,-0.1882338,-0.30972695,0.022184301,0.0259570428113935,0.025500914,0.2608977,0.0,-0.021056341,0.34854093,4.8869305,0.13547468,0.025500914,0.0,0.83547926,0.012753313,0.8157894,1.3928405,3.0562234,48.0,0.9967812,,,,,,,,,,,,,,,,,,,,,,,,
FAILED_SETUP,,,,,,,2026-01-02,6177.0,達麗,建材營造,0.650797629995423,STOCK_SPECIFIC,-0.121986695,-0.16730037,0.076045625,0.0259570428113935,0.049429674,0.005461355,0.024,0.030651916,0.14905994,4.055576,0.40520543,0.049429674,0.041563947,0.55078685,0.010311137,1.1471137,1.3221025,2.837923,28.0,0.2918022,,,,,,,,,,,,,,,,,,,,,,,,
FAILED_SETUP,,,,,,,2026-01-02,1587.0,吉茂,汽車工業,0.6924058233918277,SECTOR_WEAK,-0.15919162,-0.25748503,0.11576846,0.0259570428113935,0.18118118,0.12316265,0.032,0.10296628,0.34625033,2.6937757,0.092934065,0.014794324,0.17104776,0.8569385,-0.041529555,0.79859895,0.3205344,2.0397668,74.0,-0.022775121,,,,,,,,,,,,,,,,,,,,,,,,
FAILED_SETUP,,,,,,,2026-01-02,6173.0,信昌電,電子零組件業,0.7695846613169398,STOCK_SPECIFIC,-0.13670886,-0.18846695,0.1308017,0.0259570428113935,0.058321472,0.20714329,0.004,-0.0034591977,0.43799478,3.7591157,0.031215342,0.0042674136,0.035780806,0.90414876,0.012597779,0.8805971,2.7286355,2.820304,78.0,0.68473315,,,,,,,,,,,,,,,,,,,,,,,,
FAILED_SETUP,,,,,,,2026-01-02,1608.0,華榮,電器電纜,0.7003598678105172,SECTOR_WEAK,-0.08043985,-0.17076325,0.07115136,0.0259570428113935,0.09542482,0.11603919,0.032,0.067687444,0.25620902,2.1600995,0.2790849,0.022449547,0.19762146,0.7467811,-0.038594,1.3530499,0.85305345,2.1405299,102.0,0.6435198,,,,,,,,,,,,,,,,,,,,,,,,
FAILED_SETUP,,,,,,,2026-01-02,1784.0,訊聯,生技醫療業,0.7391810802752967,SECTOR_WEAK,-0.11180189,-0.17924528,0.11320754,0.0259570428113935,0.109004736,0.16740963,0.016,0.111806214,0.2813335,1.956533,0.33912385,0.037914686,0.07470782,0.78683835,-0.1053821,1.1764706,0.8426439,1.456132,50.0,-0.0017298425,,,,,,,,,,,,,,,,,,,,,,,,
FAILED_SETUP,,,,,,,2026-01-02,2009.0,第一銅,鋼鐵工業,0.7393738216113848,SECTOR_WEAK,-0.14592214,-0.18237706,0.17213114,0.0259570428113935,0.11934157,0.10232138,0.008,0.14265299,0.30240542,2.7463915,0.02115114,0.0030864198,0.060652576,0.68240345,-0.0801389,1.4817659,0.6305875,2.3182278,35.0,0.8394617,,,,,,,,,,,,,,,,,,,,,,,,
FAILED_SETUP,,,,,,,2026-01-02,2399.0,映泰,電腦及週邊設備業,0.8616797470427432,SECTOR_WEAK,-0.17470163,-0.24050634,0.048824593,0.0259570428113935,0.032967035,0.29646093,0.0,0.16420656,0.32771337,3.9432654,0.010483599,0.0018315018,0.0,0.7639485,-0.020219503,1.1991787,2.9431784,3.2306123,37.0,1.1712087,,,,,,,,,,,,,,,,,,,,,,,,
FAILED_SETUP,,,,,,,2026-01-02,3017.0,奇鋐,電腦及週邊設備業,0.6971046808010314,SECTOR_WEAK,-0.09534483,-0.1275862,0.31724137,0.0259570428113935,0.08934708,0.13876756,0.06,0.035378758,0.34695178,2.706993,0.93709415,0.08934708,0.041829262,0.83834046,-0.017590966,0.9607843,1.2505883,1.8536131,142.0,1.6742536,,,,,,,,,,,,,,,,,,,,,,,,
FAILED_SETUP,,,,,,,2026-01-02,3048.0,益登,電子通路業,0.7899056449276276,TOO_EXTENDED,-0.2200309,-0.2955716,0.022657055,0.0259570428113935,0.030634569,0.07533186,0.008,0.11212483,0.34018907,6.4602594,0.07955909,0.017505458,0.027643114,0.85979974,0.0051613334,1.0913907,3.1742675,4.0881214,82.0,1.4808705,,,,,,,,,,,,,,,,,,,,,,,,
FAILED_SETUP,,,,,,,2026-01-02,3055.0,蔚華科,電子工業,0.7445904351587072,SECTOR_WEAK,-0.20246506,-0.2566709,0.00635324,0.0259570428113935,0.070063695,0.19492556,0.056,0.14813997,0.28544775,4.1618657,0.04930657,0.009982858,0.10706472,0.52217454,-0.000165184,1.1354167,0.38399503,3.4643035,28.0,0.34606856,,,,,,,,,,,,,,,,,,,,,,,,
FAILED_SETUP,,,,,,,2026-01-02,2402.0,毅嘉,電子零組件業,0.7617448339863023,STOCK_SPECIFIC,-0.23952086,-0.29057187,0.0,0.0259570428113935,0.08031497,0.11558942,0.028,0.21154676,0.3057118,4.0552897,0.08547245,0.020472435,0.112566836,0.82832617,0.0101063,0.75031054,0.6551758,2.6898754,104.0,1.5772405,,,,,,,,,,,,,,,,,,,,,,,,
FAILED_SETUP,,,,,,,2026-01-02,3231.0,緯創,電腦及週邊設備業,0.6719298908638927,SECTOR_WEAK,-0.12980892,-0.21337579,0.02547771,0.0259570428113935,0.019354837,-0.079293236,0.004,0.030420553,0.20025697,6.1359143,0.07455127,0.009677419,0.009321936,0.5865522,-0.017467981,0.92105263,2.4216235,3.3469534,163.0,1.3604615,,,,,,,,,,,,,,,,,,,,,,,,
FAILED_SETUP,,,,,,,2026-01-02,3537.0,堡達,電子零組件業,0.6950798469826953,STOCK_SPECIFIC,-0.12594596,-0.27027026,0.018018013,0.0259570428113935,0.080223866,0.28105643,0.016,-0.0072017713,0.22137372,3.025039,0.45755464,0.057627153,0.047299534,0.5522174,0.0125749605,1.09699,2.3190587,2.4880476,35.0,1.0948068,,,,,,,,,,,,,,,,,,,,,,,,
FAILED_SETUP,,,,,,,2026-01-02,3689.0,湧德,電子零組件業,0.8590909663521498,TOO_EXTENDED,-0.25463322,-0.26100385,0.030888028,0.0259570428113935,0.0,0.20748885,0.0,0.17234443,0.26705313,6.9316816,3.9272175,1.0,0.0,0.6909871,0.010667022,1.4921781,4.488114,5.145946,9.0,0.9617813,,,,,,,,,,,,,,,,,,,,,,,,
FAILED_SETUP,,,,,,,2026-01-02,4577.0,達航科技,其他電子業,0.6795828556791508,STOCK_SPECIFIC,-0.10265165,-0.14644714,0.677643,0.0259570428113935,0.15771231,0.43745,0.024,-0.068404526,0.67835015,1.4030795,1.5363836,0.15771231,0.08873513,0.9756795,0.069168136,0.9960265,0.41498774,2.8157923,87.0,0.0836739,,,,,,,,,,,,,,,,,,,,,,,,
FAILED_SETUP,,,,,,,2026-01-02,4939.0,亞電,電子零組件業,0.6243866080464258,STOCK_SPECIFIC,-0.100813955,-0.22739017,0.41860464,0.0259570428113935,0.14819762,0.51091975,0.064,-0.11452852,0.5381251,1.9472727,1.470011,0.14819762,0.45599216,0.8984263,0.013872724,0.79475987,0.16614206,3.8202612,64.0,0.73712534,,,,,,,,,,,,,,,,,,,,,,,,
FAILED_SETUP,,,,,,,2026-01-02,4977.0,眾達-KY,通信網路業,0.6465514417807787,STOCK_SPECIFIC,-0.15832753,-0.18815331,0.30313587,0.0259570428113935,0.103598535,0.05006096,0.08,0.06691839,0.289306,3.2457144,0.5447338,0.08624636,0.2187991,0.73819745,0.028708018,0.890511,0.53230983,2.7330952,28.0,1.8504169,,,,,,,,,,,,,,,,,,,,,,,,
FAILED_SETUP,,,,,,,2026-01-02,5515.0,建國,建材營造,0.852723783609008,TOO_EXTENDED,-0.13237502,-0.1388889,0.125,0.0259570428113935,0.01248268,0.36108786,0.0,0.056328874,0.34043434,3.6358042,7.5542955,1.0,0.0,0.70958513,0.0107111195,0.8305085,0.9372559,4.573842,29.0,-0.7250998,,,,,,,,,,,,,,,,,,,,,,,,
FAILED_SETUP,,,,,,,2026-01-02,3090.0,日電貿,電子零組件業,0.8850228644133986,TOO_EXTENDED,-0.24600893,-0.24642858,0.008928572,0.0259570428113935,0.018518513,0.32179925,0.0,0.15488037,0.36670968,6.0842586,0.07527578,0.018518513,0.0,0.74821174,0.010826147,1.0285714,2.323025,4.365983,82.0,0.95190597,,,,,,,,,,,,,,,,,,,,,,,,
FAILED_SETUP,,,,,,,2026-01-09,6603.0,富強鑫,電機機械,0.9728206127699384,SECTOR_WEAK,-0.31607988,-0.362426,0.063609466,0.017384629625853,0.0,0.6297959,0.0,0.40454036,0.77731323,6.798591,3.163757,1.0,0.0,0.93775934,-0.04153846,1.3436532,4.7652745,6.8801513,84.0,-0.9468554,,,,,,,,,,,,,,,,,,,,,,,,
FAILED_SETUP,,,,,,,2026-01-09,6126.0,信音,電子零組件業,0.7514909955562484,SECTOR_WEAK,-0.15425716,-0.16428572,0.15714285,0.017384629625853,0.08764365,-0.018213125,0.004,0.10635223,0.28875285,4.1760225,0.24731824,0.03815061,0.11578739,0.81466115,-0.037437823,1.8947368,3.2797182,3.1332524,53.0,0.2889112,,,,,,,,,,,,,,,,,,,,,,,,
FAILED_SETUP,,,,,,,2026-01-09,6139.0,亞翔,其他電子業,0.9077921571684728,SECTOR_WEAK,-0.15630542,-0.21592775,0.05090312,0.017384629625853,0.029950082,0.2496667,0.0,0.1454174,0.531841,3.365303,0.19161257,0.029950082,0.0,0.88934994,-0.028831804,0.83067095,0.5818599,3.915404,170.0,0.15872999,,,,,,,,,,,,,,,,,,,,,,,,
FAILED_SETUP,,,,,,,2026-01-09,6175.0,立敦,電子零組件業,0.6800650970608871,SECTOR_WEAK,-0.11250933,-0.24533583,0.08768656,0.017384629625853,0.13018867,0.1854402,0.036,-0.010022422,0.28012434,2.871667,0.55341315,0.06226415,0.17082013,0.79391426,-0.037232075,1.0672451,0.41521204,1.8333334,53.0,0.8907305,,,,,,,,,,,,,,,,,,,,,,,,
FAILED_SETUP,,,,,,,2026-01-09,6177.0,達麗,建材營造,0.7437783581507758,STOCK_SPECIFIC,-0.14633086,-0.19038816,0.0,0.017384629625853,0.044280443,0.037258983,0.004,0.061836224,0.17562345,4.4689918,0.12608542,0.01845019,0.00953772,0.63208854,0.022421602,1.1636363,1.6028668,3.1344757,33.0,0.336385,,,,,,,,,,,,,,,,,,,,,,,,
FAILED_SETUP,,,,,,,2026-01-09,6209.0,今國光,電子工業,0.6369505730100569,SECTOR_WEAK,-0.026779663,-0.13559324,0.36440676,0.017384629625853,0.19491525,0.23534337,0.052,-0.041186634,0.44820815,0.50617856,2.025316,0.054237284,0.20621538,0.94882435,-0.008057239,0.909621,0.4128074,1.3578186,107.0,0.34968552,,,,,,,,,,,,,,,,,,,,,,,,
FAILED_SETUP,,,,,,,2026-01-09,6831.0,邁科,電腦及週邊設備業,0.7113385826771654,SECTOR_WEAK,-0.1584095,-0.17184643,0.23583181,0.017384629625853,0.13577981,0.07026825,0.028,0.12713005,0.22457756,2.6957777,6.3127527,1.0,0.099000596,0.53665286,-0.046246886,1.0264901,0.39703277,2.047185,138.0,1.1369032,,,,,,,,,,,,,,,,,,,,,,,,
FAILED_SETUP,,,,,,,2026-01-09,5521.0,工信,建材營造,0.9105601465658376,SECTOR_WEAK,-0.36517525,-0.4309278,0.15463918,0.017384629625853,0.08659795,0.84459996,0.012,0.5040265,0.73528284,4.3047566,2.7384112,1.0,0.020033304,0.93222684,-0.00093242043,1.404145,1.48575,3.7191548,44.0,-1.7302684,,,,,,,,,,,,,,,,,,,,,,,,
FAILED_SETUP,,,,,,,2026-01-09,6967.0,汎瑋材料,電子零組件業,0.6750947220706323,SECTOR_WEAK,-0.14412904,-0.20129032,0.0,0.017384629625853,0.14054054,0.18476483,0.024,-0.0155773265,0.27338088,3.4144106,0.1281879,0.018475598,0.17511941,0.76763487,-0.035818774,1.0333745,1.5548106,2.9583304,43.0,-0.015078894,,,,,,,,,,,,,,,,,,,,,,,,
FAILED_SETUP,,,,,,,2026-01-09,7714.0,創泓科技,數位雲端,0.7132369221174086,STOCK_SPECIFIC,-0.17550153,-0.22492401,0.09118541,0.017384629625853,0.1550152,0.14059477,0.024,0.060227066,0.31935996,2.4949384,0.24246621,0.04255319,0.11378583,0.84647304,2.220446e-16,1.2867132,1.1305382,1.9912552,110.0,0.15573797,,,,,,,,,,,,,,,,,,,,,,,,
FAILED_SETUP,,,,,,,2026-01-09,8028.0,昇陽半導體,電子工業,0.6860992437826461,SECTOR_WEAK,-0.16819587,-0.185567,0.061855674,0.017384629625853,0.094986804,-0.0069077434,0.016,0.07023721,0.19503321,4.171872,0.047061604,0.007915568,0.03449377,0.6832642,-0.0087462785,1.4744028,0.58566666,2.6710806,33.0,1.5332062,,,,,,,,,,,,,,,,,,,,,,,,
FAILED_SETUP,,,,,,,2026-01-09,8038.0,長園科,電子零組件業,0.8173045139159585,SECTOR_WEAK,-0.3297213,-0.3786885,0.0016393443,0.017384629625853,0.07692308,0.09400084,0.02,0.36057225,0.29939362,8.494178,0.17108466,0.056410257,0.059815682,0.80359614,-0.040801574,1.5053763,4.109955,6.0923576,13.0,0.65014005,,,,,,,,,,,,,,,,,,,,,,,,
FAILED_SETUP,,,,,,,2026-01-09,8112.0,至上,電子通路業,0.7799430887970686,SECTOR_WEAK,-0.15602499,-0.21249999,0.19624999,0.017384629625853,0.10897437,0.5452261,0.024,0.03577967,0.4232977,2.8507013,0.032867834,0.005128204,0.18527195,0.8865837,-0.012879456,1.625,2.313235,1.6814843,46.0,0.5331962,,,,,,,,,,,,,,,,,,,,,,,,
FAILED_SETUP,,,,,,,2026-01-09,8042.0,金山電,電子零組件業,0.8998830591720589,SECTOR_WEAK,-0.21260466,-0.2387597,0.18604651,0.017384629625853,0.043887142,0.42346945,0.0,0.089212336,0.6135695,3.8016238,4.703566,1.0,0.0,0.9349931,-0.038359597,1.4436519,2.03177,3.647393,67.0,0.04704239,,,,,,,,,,,,,,,,,,,,,,,,
FAILED_SETUP,,,,,,,2026-01-09,8043.0,蜜望實,電子零組件業,0.7585518827473299,SECTOR_WEAK,-0.14892818,-0.3071823,0.19889502,0.017384629625853,0.09267735,0.9309014,0.032,-0.03856258,0.9705529,2.5848222,0.6146129,0.09153318,0.13947816,0.988935,-0.03699297,0.973357,1.4014838,3.3655937,67.0,-1.8753338,,,,,,,,,,,,,,,,,,,,,,,,
FAILED_SETUP,,,,,,,2026-01-09,6934.0,心誠鎂,生技醫療業,0.9007569969595386,SECTOR_WEAK,-0.26642177,-0.4334391,0.3770214,0.017384629625853,0.0046296297,0.21137454,0.0,0.28716043,0.30876845,3.6754997,0.24363366,0.06490931,0.0,0.65975106,-0.07885276,1.1500804,1.5828532,2.9179478,10.0,0.21739677,,,,,,,,,,,,,,,,,,,,,,,,
FAILED_SETUP,,,,,,,2026-01-09,5515.0,建國,建材營造,0.9279387230061588,TOO_EXTENDED,-0.20873608,-0.23172243,0.003717472,0.017384629625853,0.0,0.4583333,0.0,0.1455271,0.45739457,6.2888007,4.7907386,1.0,0.0,0.8077455,0.020185776,1.1919562,1.04269,6.4362664,34.0,-0.64922184,,,,,,,,,,,,,,,,,,,,,,,,
FAILED_SETUP,,,,,,,2026-01-09,1623.0,大東電,電器電纜,0.7188535900834176,STOCK_SPECIFIC,-0.16443326,-0.2978511,0.21028301,0.017384629625853,0.083179295,0.07175297,0.032,0.08754193,0.19035442,3.7804255,6.081495,1.0,0.17018148,0.593361,0.019508598,0.85636854,1.1025741,2.6815724,53.0,0.19436961,,,,,,,,,,,,,,,,,,,,,,,,
FAILED_SETUP,,,,,,,2026-01-09,4953.0,緯致,資訊服務業,0.7471973181570125,SECTOR_WEAK,-0.14938629,-0.22382672,0.02527076,0.017384629625853,0.014705883,0.025840478,0.0,0.01462864,0.2118057,5.7358413,2.5375442e-08,3.790743e-09,0.0,0.6874136,-0.03496006,1.4964029,2.383982,3.1534653,87.0,0.8423972,,,,,,,,,,,,,,,,,,,,,,,,
FAILED_SETUP,,,,,,,2026-01-09,5432.0,新門,光電業,0.6996682778514072,SECTOR_WEAK,-0.110726744,-0.20639534,0.0872093,0.017384629625853,0.15044247,0.14875361,0.04,0.06189699,0.27774864,2.2691915,0.41273054,0.045700308,0.067661256,0.7219917,-0.0095703695,1.0550724,0.69293,2.7662413,32.0,-0.17273796,,,,,,,,,,,,,,,,,,,,,,,,
FAILED_SETUP,,,,,,,2026-01-09,1586.0,和勤,電機機械,0.6607289311608326,SECTOR_WEAK,-0.19075376,-0.23618089,0.025125654,0.017384629625853,0.08975216,0.049885448,0.068,0.11087842,0.14049654,5.4413643,0.12944603,0.024692316,0.0766656,0.52973723,-0.028025297,1.7417722,13.907227,3.8862348,0.0,0.58525175,,,,,,,,,,,,,,,,,,,,,,,,
FAILED_SETUP,,,,,,,2026-01-09,1587.0,吉茂,汽車工業,0.8301376003742107,SECTOR_WEAK,-0.21241635,-0.31133828,0.039033458,0.017384629625853,0.10902256,0.21555175,0.012,0.23587206,0.40547395,3.8505895,0.12194609,0.025903344,0.091222994,0.90179807,-0.06081707,0.93048126,1.091926,2.7949457,79.0,-0.18884352,,,,,,,,,,,,,,,,,,,,,,,,
FAILED_SETUP,,,,,,,2026-01-09,2009.0,第一銅,鋼鐵工業,0.6319868246667186,SECTOR_WEAK,-0.14504617,-0.18153846,0.17333333,0.017384629625853,0.14046122,-0.06834418,0.032,0.07914369,0.2588954,2.629323,0.048899516,0.0070926873,0.13726409,0.7372061,-0.059068594,0.91335374,0.4611456,1.7396193,40.0,0.5371054,,,,,,,,,,,,,,,,,,,,,,,,
FAILED_SETUP,,,,,,,2026-01-09,2323.0,中環,電子工業,0.6779063693770953,SECTOR_WEAK,-0.08266055,-0.09541284,0.055045873,0.017384629625853,0.083333336,0.022576094,0.036,0.032211065,0.21268316,1.9556589,0.14831203,0.012259554,0.20718144,0.69709545,-0.007787236,1.2057416,0.5797577,2.0869768,42.0,-0.12911037,,,,,,,,,,,,,,,,,,,,,,,,
FAILED_SETUP,,,,,,,2026-01-09,2597.0,潤弘,建材營造,0.7164699462072192,STOCK_SPECIFIC,-0.106249996,-0.14166667,0.027777776,0.017384629625853,0.025069637,0.06797392,0.0,-0.0015131774,0.13766617,4.9583335,9.411765,1.0,0.0,0.52558786,0.026213327,1.3333333,1.6838849,3.337963,189.0,0.25283358,,,,,,,,,,,,,,,,,,,,,,,,
FAILED_SETUP,,,,,,,2026-01-09,2882.0,國泰金,金融保險,0.71845248304358,SECTOR_WEAK,-0.11236911,-0.11910994,0.06806282,0.017384629625853,0.018445322,0.030344663,0.024,0.07027336,0.1568984,5.5387096,0.1641494,0.018445322,0.021757526,0.54771787,-0.028729418,0.89719623,0.42930833,4.747312,84.0,0.23157701,,,,,,,,,,,,,,,,,,,,,,,,
FAILED_SETUP,,,,,,,2026-01-09,1784.0,訊聯,生技醫療業,0.7198873470024167,SECTOR_WEAK,-0.13624771,-0.21743119,0.08256881,0.017384629625853,0.114285715,0.14860557,0.036,0.0613476,0.25678366,2.794543,0.3145531,0.04285714,0.10806627,0.7966805,-0.075728655,0.68455136,0.3286477,1.2061827,55.0,-0.14406122,,,,,,,,,,,,,,,,,,,,,,,,
FAILED_SETUP,,,,,,,2026-01-09,3046.0,建碁,電腦及週邊設備業,0.7043755359787948,SECTOR_WEAK,-0.07792293,-0.18139099,0.050751884,0.017384629625853,0.055970155,-0.0017754396,0.004,0.07026409,0.1328642,2.7375944,0.33519536,0.026119405,0.045838922,0.4757953,-0.042871814,1.2520776,1.1946687,2.6547167,40.0,0.47305644,,,,,,,,,,,,,,,,,,,,,,,,
FAILED_SETUP,,,,,,,2026-01-09,3060.0,銘異,電腦及週邊設備業,0.7422351290247134,SECTOR_WEAK,-0.15813333,-0.19703703,0.14074075,0.017384629625853,0.20361993,0.2347442,0.028,0.13704164,0.37407076,2.3496225,0.33869427,0.053558853,0.21338752,0.8215768,-0.046458855,1.1807487,0.9974409,2.18218,35.0,0.22217268,,,,,,,,,,,,,,,,,,,,,,,,
FAILED_SETUP,,,,,,,2026-01-09,3090.0,日電貿,電子零組件業,0.6885741015046387,SECTOR_WEAK,-0.096686564,-0.160199,0.07960199,0.017384629625853,0.11881188,0.19161741,0.028,-0.012039497,0.2620489,1.8815768,0.20480585,0.019801974,0.16502883,0.61687416,-0.03732593,1.3672727,0.58627445,2.034486,87.0,0.9929255,,,,,,,,,,,,,,,,,,,,,,,,
FAILED_SETUP,,,,,,,2026-01-09,3622.0,洋華,電子工業,0.7283374912294379,SECTOR_WEAK,-0.12,-0.2020202,0.06493507,0.017384629625853,0.07163743,0.10491973,0.016,0.024195906,0.21163541,4.280294,0.3363073,0.04035687,0.09453635,0.62793916,-0.008402687,1.3299493,8.861002,3.0513477,43.0,-0.20577359,,,,,,,,,,,,,,,,,,,,,,,,
FAILED_SETUP,,,,,,,2026-01-09,3689.0,湧德,電子零組件業,0.7715346534653464,SECTOR_WEAK,-0.22157258,-0.22822581,0.032258064,0.017384629625853,0.094262294,0.14670062,0.02,0.18073574,0.20290068,3.9491787,4.5131936,1.0,0.056804653,0.6403873,-0.039300214,1.5638576,0.5305434,2.4684463,14.0,0.95398164,,,,,,,,,,,,,,,,,,,,,,,,
FAILED_SETUP,,,,,,,2026-01-09,3025.0,星通,通信網路業,0.8074978560848212,SECTOR_WEAK,-0.20854771,-0.26002768,0.089903176,0.017384629625853,0.16460104,0.36847913,0.016,0.22064675,0.4465334,4.6190805,0.2629296,0.054833367,0.25106952,0.7814661,-0.062606975,1.3190184,1.1220119,5.47644,23.0,-0.13313787,,,,,,,,,,,,,,,,,,,,,,,,
FAILED_SETUP,,,,,,,2026-01-09,4157.0,太景*-KY,生技醫療業,0.924412177438216,SECTOR_WEAK,-0.27442998,-0.28338763,0.052117262,0.017384629625853,0.06840391,0.584904,0.004,0.3762735,0.5943193,5.337104,0.047477745,0.0130293155,0.036374077,0.87413555,-0.07831434,1.2079772,1.7443354,5.9251885,25.0,-0.5343122,,,,,,,,,,,,,,,,,,,,,,,,
FAILED_SETUP,,,,,,,2026-01-16,8431.0,匯鑽科,其他電子業,0.6293258128732582,SECTOR_WEAK,-0.094512194,-0.11890244,0.14634146,-0.0431115720757219,0.23600605,0.5336085,0.028,-0.04518471,0.46712223,1.1857923,0.090379,0.008541917,0.21252908,0.86085826,-0.034910243,0.9150849,0.69408846,2.5297897,21.0,0.7578245,,,,,,,,,,,,,,,,,,,,,,,,
FAILED_SETUP,,,,,,,2026-01-16,6173.0,信昌電,電子零組件業,0.7668812209688123,SECTOR_WEAK,-0.15161943,-0.22132254,0.075573556,-0.0431115720757219,0.082099594,0.19162585,0.004,0.03602814,0.4536487,3.0841177,0.008876795,0.0013458946,0.03997731,0.8907672,-0.019797396,1.6049767,1.6282583,2.3035948,88.0,1.2224014,,,,,,,,,,,,,,,,,,,,,,,,
FAILED_SETUP,,,,,,,2026-01-16,6126.0,信音,電子零組件業,0.760087591240876,SECTOR_WEAK,-0.1599579,-0.17952313,0.13604489,-0.0431115720757219,0.032742154,0.017841185,0.0,0.049293466,0.33648553,3.130784,0.0069373646,0.0011096863,0.0,0.80884266,-0.019457107,1.4314381,4.5945654,3.0666003,58.0,0.20798379,,,,,,,,,,,,,,,,,,,,,,,,
FAILED_SETUP,,,,,,,2026-01-16,5521.0,工信,建材營造,0.8707339084273389,SECTOR_WEAK,-0.23106796,-0.553398,0.08737864,-0.0431115720757219,0.06896551,0.947444,0.008,0.19337699,0.8083141,2.6957927,0.041453287,0.009578526,0.040948696,0.9349805,-0.14540103,0.95431477,0.84872514,3.7616506,49.0,-1.931589,,,,,,,,,,,,,,,,,,,,,,,,
FAILED_SETUP,,,,,,,2026-01-16,5381.0,光譜,電子零組件業,0.6925587259455873,SECTOR_WEAK,-0.17671874,-0.18923612,0.25,-0.0431115720757219,0.06620209,0.14966832,0.008,-0.00072174566,0.22487305,4.4954567,0.08823723,0.015593173,0.054632265,0.6775032,-0.019274635,1.6990292,5.307325,3.991693,40.0,0.5539778,,,,,,,,,,,,,,,,,,,,,,,,
FAILED_SETUP,,,,,,,2026-01-16,4953.0,緯致,資訊服務業,0.6368307896483079,SECTOR_WEAK,-0.14007299,-0.21532847,0.03649635,-0.0431115720757219,0.025830258,-0.02253181,0.016,-0.0020584706,0.1930255,5.267843,0.0038315235,0.00053669297,0.022745661,0.6905072,-0.037405655,0.8888889,1.1880659,2.662745,92.0,0.7769342,,,,,,,,,,,,,,,,,,,,,,,,
FAILED_SETUP,,,,,,,2026-01-16,4939.0,亞電,電子零組件業,0.7335646980756471,SECTOR_WEAK,-0.12235813,-0.29508197,0.3846154,-0.0431115720757219,0.0969388,0.5314627,0.012,-0.03159956,0.5330385,2.412824,0.4795226,0.058673486,0.19741946,0.9050715,-0.019087259,1.254321,2.6636302,3.4846652,74.0,0.5502599,,,,,,,,,,,,,,,,,,,,,,,,
FAILED_SETUP,,,,,,,2026-01-16,6175.0,立敦,電子零組件業,0.6746648971466489,SECTOR_WEAK,-0.10032846,-0.26186132,0.023722628,-0.0431115720757219,0.095063984,0.16827022,0.012,-0.023554584,0.2983374,2.3395743,0.291547,0.02925046,0.04785336,0.8023407,-0.019141972,1.099567,0.61799484,1.8812056,58.0,1.2119151,,,,,,,,,,,,,,,,,,,,,,,,
FAILED_SETUP,,,,,,,2026-01-16,5432.0,新門,光電業,0.649378898473789,SECTOR_WEAK,-0.088750005,-0.25,0.062499996,-0.0431115720757219,0.09859155,0.2101482,0.02,-0.053379033,0.32238787,1.9700903,1.1108906,0.09859155,0.030915514,0.77113134,-0.031163486,0.83934426,0.824929,3.5168169,37.0,-0.3656625,,,,,,,,,,,,,,,,,,,,,,,,
FAILED_SETUP,,,,,,,2026-01-16,6196.0,帆宣,電子工業,0.672777704047777,SECTOR_WEAK,-0.1495302,-0.15604027,0.04026846,-0.0431115720757219,0.12416107,0.08384892,0.008,0.032562975,0.2679705,2.6156814,6.6876125,1.0,0.028027633,0.7269181,-0.029699173,1.6205128,2.4705436,2.7422783,185.0,0.73394805,,,,,,,,,,,,,,,,,,,,,,,,
FAILED_SETUP,,,,,,,2026-01-16,8043.0,蜜望實,電子零組件業,0.7640039814200398,SECTOR_WEAK,-0.18678573,-0.34138656,0.06092437,-0.0431115720757219,0.1409043,0.91579974,0.008,0.010711854,1.0348977,2.9671993,0.016888727,0.0031545728,0.06296425,0.9895969,-0.019659135,1.3183391,1.482294,3.51474,72.0,-1.3680509,,,,,,,,,,,,,,,,,,,,,,,,
FAILED_SETUP,,,,,,,2026-01-16,6284.0,佳邦,電子零組件業,0.7553045786330458,SECTOR_WEAK,-0.19872549,-0.21350762,0.026143795,-0.0431115720757219,0.06195652,0.095507495,0.004,0.114400014,0.24762419,5.5162416,0.19564474,0.038879596,0.05893123,0.64889467,-0.020590825,1.6904348,1.858894,3.212743,52.0,1.1789836,,,,,,,,,,,,,,,,,,,,,,,,
FAILED_SETUP,,,,,,,2026-01-16,6603.0,富強鑫,電機機械,0.7186994027869941,SECTOR_WEAK,-0.169984,-0.31039998,0.13280001,-0.0431115720757219,0.16155088,0.47822195,0.016,0.011205136,0.6000158,2.8824806,5.8829064,1.0,0.18841562,0.8985696,-0.008117836,1.2233286,0.78844833,3.8897934,89.0,-1.0805222,,,,,,,,,,,,,,,,,,,,,,,,
FAILED_SETUP,,,,,,,2026-01-16,6834.0,天二科技,電子零組件業,0.7083238221632382,SECTOR_WEAK,-0.25301254,-0.27196652,0.051603906,-0.0431115720757219,0.08690558,0.06588004,0.024,0.19448645,0.2274151,4.782938,0.14380153,0.03638359,0.17213906,0.4993498,-0.019883195,1.8369906,4.1831274,3.8242939,0.0,0.86280453,,,,,,,,,,,,,,,,,,,,,,,,
FAILED_SETUP,,,,,,,2026-01-16,6934.0,心誠鎂,生技醫療業,0.7983065693430657,SECTOR_WEAK,-0.40095836,-0.5373451,0.09559686,-0.0431115720757219,0.18345323,0.28926873,0.0,0.40012825,0.426303,4.633789,2.4940245,1.0,0.0,0.7321196,-0.092786096,1.7601651,1.3706896,2.7875507,15.0,0.10782032,,,,,,,,,,,,,,,,,,,,,,,,
FAILED_SETUP,,,,,,,2026-01-16,8038.0,長園科,電子零組件業,0.6336363636363636,SECTOR_WEAK,-0.26725808,-0.32078853,0.05734767,-0.0431115720757219,0.14337568,0.032247894,0.044,0.20501651,0.20622596,4.432739,0.074698225,0.019963702,0.1369488,0.7503251,-0.021587418,1.5783235,1.8129804,3.0665252,18.0,0.5087395,,,,,,,,,,,,,,,,,,,,,,,,
FAILED_SETUP,,,,,,,2026-01-16,8042.0,金山電,電子零組件業,0.8395580623755805,SECTOR_WEAK,-0.28469014,-0.3084507,0.03802817,-0.0431115720757219,0.09913793,0.38603878,0.004,0.20114033,0.70621693,4.5789967,3.512591,1.0,0.05635905,0.94018203,-0.021547355,1.3213829,0.91580564,3.8439589,72.0,0.71571416,,,,,,,,,,,,,,,,,,,,,,,,
FAILED_SETUP,,,,,,,2026-01-16,8110.0,華東,電子工業,0.9111320504313204,SECTOR_WEAK,-0.3957298,-0.40591073,0.061519902,-0.0431115720757219,0.056249995,2.0169594,0.008,0.45045602,1.9304484,6.704876,2.5269768,1.0,0.030119065,1.0,-0.032091953,1.2828282,1.49547,7.0126038,89.0,0.23532055,,,,,,,,,,,,,,,,,,,,,,,,
FAILED_SETUP,,,,,,,2026-01-16,8112.0,至上,電子通路業,0.6901380225613802,SECTOR_WEAK,-0.15455215,-0.22699386,0.201227,-0.0431115720757219,0.08805031,0.26800513,0.024,-0.02970889,0.42458034,2.909967,0.015416639,0.0023826747,0.17486845,0.86866057,-0.011796184,0.73604065,0.85106057,1.5736524,51.0,1.0222477,,,,,,,,,,,,,,,,,,,,,,,,
FAILED_SETUP,,,,,,,2026-01-16,4764.0,雙鍵,化學生技醫療,0.8251917717319177,SECTOR_WEAK,-0.20877953,-0.22047244,0.37795275,-0.0431115720757219,0.1007752,1.2791609,0.008,0.07595993,1.1311291,2.4341638,4.7897415,1.0,0.09318309,0.97789335,-0.017050069,1.122449,1.3680438,3.7868853,58.0,-0.26164925,,,,,,,,,,,,,,,,,,,,,,,,
FAILED_SETUP,,,,,,,2026-01-16,6275.0,元山,其他電子業,0.6532926343729264,SECTOR_WEAK,-0.16335627,-0.21170394,0.06540448,-0.0431115720757219,0.06509945,0.1153168,0.008,-0.06020986,0.22933972,5.1203847,0.37117973,0.06063454,0.085651495,0.6462939,-0.03353179,1.1541307,4.0552607,3.6011562,46.0,0.8843421,,,,,,,,,,,,,,,,,,,,,,,,
FAILED_SETUP,,,,,,,2026-01-16,4739.0,康普,化學生技醫療,0.6272488387524884,SECTOR_WEAK,-0.13441892,-0.16621621,0.24324325,-0.0431115720757219,0.07972973,-0.03782485,0.0,-0.026290594,0.19809034,3.268967,0.15044184,0.020222228,0.0,0.579974,-0.006264212,1.314879,4.260898,2.1079443,103.0,0.3646246,,,,,,,,,,,,,,,,,,,,,,,,
FAILED_SETUP,,,,,,,2026-01-16,2441.0,超豐,電子工業,0.8531745189117451,SECTOR_WEAK,-0.21565217,-0.2357488,0.07246377,-0.0431115720757219,0.034313727,0.32930526,0.0,0.07210211,0.52093136,4.65693,4.637097,1.0,0.0,0.85955787,-0.029897587,1.3026178,1.7352874,4.8283653,132.0,0.42211556,,,,,,,,,,,,,,,,,,,,,,,,
FAILED_SETUP,,,,,,,2026-01-16,3689.0,湧德,電子零組件業,0.6719402786994028,SECTOR_WEAK,-0.20313114,-0.21557377,0.053278692,-0.0431115720757219,0.094262294,0.14032139,0.04,0.10446389,0.1928037,3.5584412,4.922928,1.0,0.08251184,0.60598177,-0.02065443,0.8681926,1.3454753,2.1114872,19.0,0.92758036,,,,,,,,,,,,,,,,,,,,,,,,
FAILED_SETUP,,,,,,,2026-01-16,4157.0,太景*-KY,生技醫療業,0.7321897810218979,SECTOR_WEAK,-0.1930822,-0.24657534,0.10616438,-0.0431115720757219,0.1388889,0.51725626,0.024,0.049736645,0.4697577,3.15728,0.25176382,0.048611112,0.14465505,0.87386215,-0.08737851,0.971246,0.79927146,3.5899734,30.0,-0.64308614,,,,,,,,,,,,,,,,,,,,,,,,
FAILED_SETUP,,,,,,,2026-01-16,1587.0,吉茂,汽車工業,0.7328573324485733,SECTOR_WEAK,-0.08845283,-0.36320755,0.054716982,-0.0431115720757219,0.09057301,0.15687677,0.008,0.029026091,0.40356642,1.8996236,0.09990139,0.008836561,0.07105221,0.8855657,-0.08158504,0.8777877,1.0270981,3.3838398,84.0,-0.44237158,,,,,,,,,,,,,,,,,,,,,,,,
FAILED_SETUP,,,,,,,2026-01-16,1623.0,大東電,電器電纜,0.6882149966821499,STOCK_SPECIFIC,-0.15340762,-0.29782507,0.21032782,-0.0431115720757219,0.061594203,0.036354825,0.008,0.04304825,0.20275602,3.829439,0.4015068,0.061594203,0.08743084,0.59947985,0.005516783,0.9279279,2.032496,3.1176372,58.0,0.21059753,,,,,,,,,,,,,,,,,,,,,,,,
FAILED_SETUP,,,,,,,2026-01-16,1784.0,訊聯,生技醫療業,0.6570723291307233,SECTOR_WEAK,-0.11800001,-0.26818183,0.013636364,-0.0431115720757219,0.07762557,0.11587481,0.024,-0.029074928,0.28822353,2.5775888,0.121105015,0.014290392,0.078097045,0.81924576,-0.0838462,1.0936052,0.6585004,1.6760283,60.0,0.18125723,,,,,,,,,,,,,,,,,,,,,,,,
FAILED_SETUP,,,,,,,2026-01-16,1795.0,美時,生技醫療業,0.7862986065029862,SECTOR_WEAK,-0.208,-0.40735295,0.0867647,-0.0431115720757219,0.02074074,-0.020448359,0.0,0.13764873,0.37031418,6.130526,4.8076925,1.0,0.0,0.7802341,-0.088262685,1.8756477,5.0867243,4.129205,60.0,0.14177373,,,,,,,,,,,,,,,,,,,,,,,,
FAILED_SETUP,,,,,,,2026-01-16,2312.0,金寶,電子工業,0.8996761778367619,SECTOR_WEAK,-0.34829882,-0.36242604,0.09319527,-0.0431115720757219,0.0578635,0.3530766,0.0,0.3429736,0.6190776,8.366244,0.03894997,0.013566229,0.0,0.87256175,-0.031477552,2.3524415,7.1955423,7.424027,46.0,0.43673244,,,,,,,,,,,,,,,,,,,,,,,,
FAILED_SETUP,,,,,,,2026-01-16,2329.0,華泰,半導體業,0.7946157929661579,STOCK_SPECIFIC,-0.25295871,-0.28975534,0.08715597,-0.0431115720757219,0.04200322,0.14972821,0.0,0.03518447,0.3563985,5.1583295,0.03848739,0.009735721,0.0,0.7945384,0.023337798,1.16435,1.541613,3.4688196,144.0,1.4352939,,,,,,,,,,,,,,,,,,,,,,,,
FAILED_SETUP,,,,,,,2026-01-16,2331.0,精英,電腦及週邊設備業,0.7517106834771068,SECTOR_WEAK,-0.21439856,-0.2172352,0.07899462,-0.0431115720757219,0.11376147,0.15548159,0.008,0.15193316,0.34525135,4.736204,0.013886528,0.0029772518,0.10203425,0.78153443,-0.10306696,1.9722222,2.3556209,4.110765,55.0,0.1305207,,,,,,,,,,,,,,,,,,,,,,,,
FAILED_SETUP,,,,,,,2026-01-16,2345.0,智邦,電子工業,0.6327219641672196,SECTOR_WEAK,-0.078414634,-0.11382114,0.3699187,-0.0431115720757219,0.07317073,0.118401155,0.016,-0.07417675,0.2567444,1.5979881,12.752722,1.0,0.022534447,0.80624187,-0.028938701,1.0859729,0.7129029,2.51641,175.0,1.4050308,,,,,,,,,,,,,,,,,,,,,,,,
FAILED_SETUP,,,,,,,2026-01-16,2375.0,凱美,電子零組件業,0.7709953550099536,SECTOR_WEAK,-0.19126761,-0.29014084,0.028169015,-0.0431115720757219,0.033492822,0.04893549,0.0,0.029435528,0.3999573,3.895902,0.07504704,0.014354068,0.0,0.86996096,-0.019644616,1.5884316,4.30989,2.1420765,73.0,1.2994654,,,,,,,,,,,,,,,,,,,,,,,,
FAILED_SETUP,,,,,,,2026-01-16,2009.0,第一銅,鋼鐵工業,0.6664578633045787,SECTOR_WEAK,-0.13526532,-0.18571429,0.16734692,-0.0431115720757219,0.10344828,0.06207153,0.032,0.07420241,0.2811177,2.6138594,0.5126996,0.06935047,0.09946534,0.7230169,-0.07803765,0.78431374,0.47694397,2.1729577,45.0,0.47602844,,,,,,,,,,,,,,,,,,,,,,,,
FAILED_SETUP,,,,,,,2026-01-16,2404.0,漢唐,電子工業,0.6460238885202388,SECTOR_WEAK,-0.17530276,-0.18348624,0.041284405,-0.0431115720757219,0.13181818,0.109266266,0.032,0.038086552,0.26406163,3.08549,0.75194585,0.13181818,0.044971492,0.7308192,-0.029751401,1.6720142,1.952356,3.5481737,31.0,1.1922905,,,,,,,,,,,,,,,,,,,,,,,,
FAILED_SETUP,,,,,,,2026-01-16,2597.0,潤弘,建材營造,0.631369608493696,SECTOR_WEAK,-0.10376044,-0.1643454,0.008356547,-0.0431115720757219,0.027777778,-0.06586837,0.016,0.085071,0.13215458,4.828704,9.637584,1.0,0.015307927,0.4447334,-0.13854784,1.0066226,1.3449849,3.2234569,194.0,0.2939459,,,,,,,,,,,,,,,,,,,,,,,,
FAILED_SETUP,,,,,,,2026-01-16,2882.0,國泰金,金融保險,0.6719442601194426,SECTOR_WEAK,-0.056771643,-0.116797894,0.070866145,-0.0431115720757219,0.017060366,0.015915915,0.008,0.020003522,0.15442488,2.7037497,0.25427654,0.014435698,0.008767621,0.5396619,-0.12011005,1.1291292,0.7409684,4.253125,89.0,0.18998952,,,,,,,,,,,,,,,,,,,,,,,,
FAILED_SETUP,,,,,,,2026-01-16,2890.0,永豐金,金融保險,0.6699721300597213,SECTOR_WEAK,-0.032037683,-0.035958912,0.14554793,-0.0431115720757219,0.0051194476,-0.02416249,0.0,-0.008557499,0.14908521,2.56804,0.10652985,0.0034129692,0.0,0.55526656,-0.11869182,1.043478,0.9911058,4.7375813,146.0,-0.022763636,,,,,,,,,,,,,,,,,,,,,,,,
FAILED_SETUP,,,,,,,2026-01-16,3025.0,星通,通信網路業,0.7799588586595887,SECTOR_WEAK,-0.17317174,-0.25900277,0.09141274,-0.0431115720757219,0.08737863,0.35951728,0.024,0.1320486,0.44520447,3.3988736,0.21526134,0.03727718,0.17471673,0.7776333,-0.10268419,1.2423803,0.52417755,4.5604205,28.0,-0.100490846,,,,,,,,,,,,,,,,,,,,,,,,
FAILED_SETUP,,,,,,,2026-01-16,3060.0,銘異,電腦及週邊設備業,0.7505733244857332,SECTOR_WEAK,-0.11657224,-0.2322946,0.09065158,-0.0431115720757219,0.13031162,0.35474288,0.008,0.070686184,0.43944958,1.8674229,0.596509,0.06953639,0.069296375,0.8543563,-0.10171343,0.8009102,0.55336255,2.780713,40.0,0.16778421,,,,,,,,,,,,,,,,,,,,,,,,
FAILED_SETUP,,,,,,,2026-01-16,3152.0,璟德,通信網路業,0.734792302587923,SECTOR_WEAK,-0.18722223,-0.19135803,0.083333336,-0.0431115720757219,0.11585366,0.27284703,0.02,0.116686255,0.3348119,3.4662857,0.06708861,0.012560479,0.17369857,0.71781534,-0.102846816,1.6132597,1.5491599,4.233333,24.0,0.33751512,,,,,,,,,,,,,,,,,,,,,,,,
FAILED_SETUP,,,,,,,2026-01-16,3236.0,千如,電子零組件業,0.8960623755806237,SECTOR_WEAK,-0.26119402,-0.2862958,0.04477612,-0.0431115720757219,0.045883942,0.578732,0.004,0.24291578,0.73491496,4.575552,3.8285716,1.0,0.06899899,0.9362809,-0.021873571,1.3316832,1.1050886,4.5704017,69.0,1.0544274,,,,,,,,,,,,,,,,,,,,,,,,
FAILED_SETUP,,,,,,,2026-01-16,3624.0,光頡,電子零組件業,0.799041804910418,SECTOR_WEAK,-0.2434627,-0.28656718,0.029850753,-0.0431115720757219,0.090490796,0.39595672,0.008,0.08231768,0.54748344,3.9037268,0.024842164,0.00604814,0.064103335,0.89987,-0.02045577,1.2336956,0.6541942,3.3873222,86.0,0.28680375,,,,,,,,,,,,,,,,,,,,,,,,
FAILED_SETUP,,,,,,,2026-01-16,2399.0,映泰,電腦及週邊設備業,0.6263105507631055,SECTOR_WEAK,-0.09600386,-0.1891892,0.43629342,-0.0431115720757219,0.09090909,0.06494819,0.08,0.03681771,0.22972266,1.8867751,0.38280216,0.036750484,0.1404667,0.70221066,-0.10082451,1.081712,0.5873732,1.3652214,47.0,0.68555146,,,,,,,,,,,,,,,,,,,,,,,,
FAILED_SETUP,,,,,,,2026-01-23,6163.0,華電網,通信網路業,0.836551490514905,MARKET_DOWN,-0.25420976,-0.3138848,0.03988183,-0.063264123324515,0.1264706,1.5032697,0.028,0.20428562,1.1614047,3.770579,3.9337595,1.0,0.15304433,0.97772276,-0.11434438,1.0762331,0.52117807,4.9441833,100.0,-0.51955545,,,,,,,,,,,,,,,,,,,,,,,,
FAILED_SETUP,,,,,,,2026-01-23,6126.0,信音,電子零組件業,0.738518074912892,MARKET_DOWN,-0.18620922,-0.2160326,0.1005435,-0.063264123324515,0.10655737,0.030324968,0.004,0.07537456,0.31167662,2.7847602,0.013303963,0.0024773204,0.11079772,0.8094059,-0.021246124,1.346887,1.3307619,2.0475085,63.0,-0.4108578,,,,,,,,,,,,,,,,,,,,,,,,
FAILED_SETUP,,,,,,,2026-01-23,6122.0,擎邦,電機機械,0.6469645276809911,MARKET_DOWN,-0.1420583,-0.15106009,0.008833922,-0.063264123324515,0.12676057,0.06482292,0.012,0.005350706,0.18622418,3.301085,0.47540626,0.06753541,0.19471437,0.4789604,0.024955383,1.9951338,1.1686896,3.4206254,31.0,0.77282757,,,,,,,,,,,,,,,,,,,,,,,,
FAILED_SETUP,,,,,,,2026-01-23,5469.0,瀚宇博,電子工業,0.6842286101432442,MARKET_DOWN,-0.18075229,-0.27155963,0.0,-0.063264123324515,0.07476635,0.032159686,0.012,-0.0077035422,0.26983228,4.7970085,0.28437746,0.051401876,0.060913764,0.7351485,-0.008854681,1.4751773,1.7816322,2.6855652,165.0,1.0604948,,,,,,,,,,,,,,,,,,,,,,,,
FAILED_SETUP,,,,,,,2026-01-23,4939.0,亞電,電子零組件業,0.7966517857142856,MARKET_DOWN,-0.2212,-0.39444447,0.04888889,-0.063264123324515,0.18831168,0.7609544,0.004,0.08344301,0.747845,3.2905786,4.520796,1.0,0.015069957,0.94925743,-0.022299064,1.8222222,3.271082,3.9944904,79.0,0.008092787,,,,,,,,,,,,,,,,,,,,,,,,
FAILED_SETUP,,,,,,,2026-01-23,5381.0,光譜,電子零組件業,0.7512201171118853,MARKET_DOWN,-0.23882824,-0.27929375,0.02728732,-0.063264123324515,0.16129032,0.23059896,0.008,0.17766227,0.3000084,3.967733,0.010910531,0.0026057428,0.11190595,0.46658415,-0.023187269,1.8252428,1.1118577,3.168,45.0,0.40081742,,,,,,,,,,,,,,,,,,,,,,,,
FAILED_SETUP,,,,,,,2026-01-23,4989.0,榮科,電子零組件業,0.7885102109949671,MARKET_DOWN,-0.2054174,-0.20956522,0.3443478,-0.063264123324515,0.18150684,0.49057433,0.016,0.16926599,0.6792064,2.8194544,4.868137,1.0,0.12062405,0.9554455,-0.023451557,1.1032864,0.37447688,2.7319694,119.0,1.5647833,,,,,,,,,,,,,,,,,,,,,,,,
FAILED_SETUP,,,,,,,2026-01-23,4953.0,緯致,資訊服務業,0.6665916569879984,MARKET_DOWN,-0.12733334,-0.2037037,0.014814815,-0.063264123324515,0.040293038,-0.028233657,0.024,0.032706156,0.18745744,3.6741986,0.27163553,0.03458826,0.034786876,0.71039605,-0.035766095,1.3664596,2.358762,2.0305343,97.0,0.9212341,,,,,,,,,,,,,,,,,,,,,,,,
FAILED_SETUP,,,,,,,2026-01-23,6173.0,信昌電,電子零組件業,0.7307733255903988,MARKET_DOWN,-0.16631578,-0.24078947,0.046052635,-0.063264123324515,0.07057257,0.03840426,0.016,0.019407514,0.43203232,2.86343,6.0126586,1.0,0.080015354,0.90346533,-0.021672737,1.3196931,0.7060168,1.836084,93.0,1.3564167,,,,,,,,,,,,,,,,,,,,,,,,
FAILED_SETUP,,,,,,,2026-01-23,5432.0,新門,光電業,0.680757597754549,MARKET_DOWN,-0.12120548,-0.3178082,0.024657533,-0.063264123324515,0.07438016,0.0971761,0.016,-0.04463496,0.33311006,3.0661387,0.61366993,0.07438016,0.027938701,0.76237625,-0.04176715,0.904918,1.2410071,3.997855,42.0,-0.1457681,,,,,,,,,,,,,,,,,,,,,,,,
FAILED_SETUP,,,,,,,2026-01-23,6209.0,今國光,電子工業,0.712745596205962,MARKET_DOWN,-0.1797965,-0.2994186,0.17005815,-0.063264123324515,0.055389218,0.31676903,0.016,-0.109295785,0.5503156,4.2866335,0.30806616,0.055389218,0.035238836,0.9653465,-0.008157499,0.99651575,2.3548212,3.122855,117.0,0.014854571,,,,,,,,,,,,,,,,,,,,,,,,
FAILED_SETUP,,,,,,,2026-01-23,8110.0,華東,電子工業,0.8152717286101432,MARKET_DOWN,-0.31658065,-0.39096773,0.10451613,-0.063264123324515,0.16556293,1.7384064,0.028,0.2395105,1.5528811,3.8637793,3.1587527,1.0,0.12868206,0.99752474,-0.010551474,1.4056075,0.91250706,3.9412072,94.0,0.5528706,,,,,,,,,,,,,,,,,,,,,,,,
FAILED_SETUP,,,,,,,2026-01-23,6275.0,元山,其他電子業,0.6315506436314363,MARKET_DOWN,-0.13198213,-0.18214285,0.0071428637,-0.063264123324515,0.11531531,0.07798802,0.02,-0.031367667,0.21763793,2.8233013,0.43045554,0.05681244,0.18192492,0.6410891,-0.06737128,1.5311438,0.87687033,2.2034562,51.0,1.0823339,,,,,,,,,,,,,,,,,,,,,,,,
FAILED_SETUP,,,,,,,2026-01-23,6284.0,佳邦,電子零組件業,0.7123681281455673,MARKET_DOWN,-0.1671087,-0.2152174,0.0065217344,-0.063264123324515,0.071271926,0.017635176,0.016,0.07400806,0.22491108,4.322008,0.04113581,0.0068741515,0.09888804,0.6398515,-0.022230217,1.080916,0.7244876,2.5568275,57.0,1.1507294,,,,,,,,,,,,,,,,,,,,,,,,
FAILED_SETUP,,,,,,,2026-01-23,6603.0,富強鑫,電機機械,0.6423175571041424,MARKET_DOWN,-0.14817734,-0.31527093,0.0049261083,-0.063264123324515,0.18646863,0.36654466,0.024,-0.056890912,0.52324706,2.0149283,6.74867,1.0,0.25598487,0.90470296,0.022266086,1.1863118,1.2186797,2.4155767,94.0,-0.9751599,,,,,,,,,,,,,,,,,,,,,,,,
FAILED_SETUP,,,,,,,2026-01-23,6840.0,東研信超,其他電子業,0.8076903068137824,MARKET_DOWN,-0.25015485,-0.29032257,0.0012903226,-0.063264123324515,0.06615776,0.0920573,0.008,0.25097945,0.32498595,5.1210947,0.2961176,0.07407525,0.21635711,0.7710396,-0.06749618,1.8357488,1.5314789,4.51522,117.0,0.26064134,,,,,,,,,,,,,,,,,,,,,,,,
FAILED_SETUP,,,,,,,2026-01-23,6944.0,兆聯實業,綠能環保,0.6384025358110723,MARKET_DOWN,-0.10478724,-0.12898937,0.14095744,-0.063264123324515,0.073529415,0.17580584,0.024,-0.14140457,0.34040126,2.2746391,9.543147,1.0,0.050196234,0.8638614,0.10685864,0.9655172,0.7500614,3.1463916,174.0,0.7715999,,,,,,,,,,,,,,,,,,,,,,,,
FAILED_SETUP,,,,,,,2026-01-23,8042.0,金山電,電子零組件業,0.7005038956639567,MARKET_DOWN,-0.1964778,-0.24808575,0.026033685,-0.063264123324515,0.17511521,0.13980475,0.02,0.02954563,0.5468449,2.566,5.0896335,1.0,0.13020748,0.9319307,-0.021916017,1.0545877,0.39489812,2.1481667,77.0,0.9827748,,,,,,,,,,,,,,,,,,,,,,,,
FAILED_SETUP,,,,,,,2026-01-23,8043.0,蜜望實,電子零組件業,0.6342939411536973,MARKET_DOWN,-0.14017679,-0.3071823,0.0077348137,-0.063264123324515,0.20288247,0.49711013,0.032,-0.08556748,0.83658004,2.0603712,0.411264,0.05764967,0.17766927,0.990099,-0.020587252,0.9609714,0.30920264,2.0553365,77.0,-0.971404,,,,,,,,,,,,,,,,,,,,,,,,
FAILED_SETUP,,,,,,,2026-01-23,8070.0,長華*,電子通路業,0.7376131194347657,MARKET_DOWN,-0.17968561,-0.20283975,0.016227167,-0.063264123324515,0.030941697,-0.014852158,0.0,0.07708811,0.17246902,5.1999583,0.09692431,0.017415904,0.0,0.59653467,-0.020151585,1.4637225,1.9453112,2.701184,19.0,0.66042644,,,,,,,,,,,,,,,,,,,,,,,,
FAILED_SETUP,,,,,,,2026-01-23,8103.0,瀚荃,電子零組件業,0.6425232288037166,MARKET_DOWN,-0.16278414,-0.19603755,0.14181438,-0.063264123324515,0.098958336,-0.10661784,0.024,0.042799927,0.34806085,2.6718092,0.108784124,0.017708331,0.08747686,0.9009901,-0.022363251,1.2081785,1.068802,1.0488575,33.0,2.2254457,,,,,,,,,,,,,,,,,,,,,,,,
FAILED_SETUP,,,,,,,2026-01-23,4764.0,雙鍵,化學生技醫療,0.6520143728222997,MARKET_DOWN,-0.14843221,-0.16101694,0.48305085,-0.063264123324515,0.19831224,0.4645363,0.044,-0.039422676,0.8745158,1.6795206,1.3360459,0.19831224,0.29470888,0.9727723,-0.065542325,0.86783046,0.47076902,2.5565982,63.0,0.1658391,,,,,,,,,,,,,,,,,,,,,,,,
FAILED_SETUP,,,,,,,2026-01-23,8358.0,金居,電子零組件業,0.6532738095238095,MARKET_DOWN,-0.10827206,-0.21691176,0.17095588,-0.063264123324515,0.10746812,0.13138558,0.032,-0.051880363,0.40298778,2.6094937,0.1345864,0.014571947,0.036745116,0.9430693,-0.020893559,1.0416666,,2.211498,135.0,1.5936152,,,,,,,,,,,,,,,,,,,,,,,,
FAILED_SETUP,,,,,,,2026-01-23,6274.0,台燿,電子零組件業,0.7664652293844367,MARKET_DOWN,-0.116347656,-0.13867188,0.23046875,-0.063264123324515,0.015873017,0.33176473,0.0,-0.0942012,0.44593522,3.404,0.13642748,0.015873017,0.0,0.8824257,-0.020267332,1.3125,1.5730922,3.9042857,160.0,2.0428383,,,,,,,,,,,,,,,,,,,,,,,,
FAILED_SETUP,,,,,,,2026-01-23,4157.0,太景*-KY,生技醫療業,0.7573315911730546,MARKET_DOWN,-0.18470588,-0.23875433,0.11764706,-0.063264123324515,0.14685315,0.46996364,0.036,0.13169187,0.43546432,3.4280734,0.30288184,0.055944055,0.17240486,0.87376237,-0.076390415,0.57894737,0.41037163,3.4130888,35.0,-0.5377663,,,,,,,,,,,,,,,,,,,,,,,,
FAILED_SETUP,,,,,,,2026-01-23,4739.0,康普,化學生技醫療,0.6766054490902053,MARKET_DOWN,-0.14596,-0.17733334,0.22666667,-0.063264123324515,0.07066667,-0.00554489,0.016,0.03737655,0.1937661,2.9416122,0.04534986,0.0066192653,0.057418834,0.6732673,-0.06740204,1.3115727,1.0258074,1.7299799,108.0,0.4287964,,,,,,,,,,,,,,,,,,,,,,,,
FAILED_SETUP,,,,,,,2026-01-23,1605.0,華新,電器電纜,0.6791267421602788,MARKET_DOWN,-0.21326996,-0.25095057,0.17870721,-0.063264123324515,0.18532819,0.13444535,0.032,0.058958363,0.43118522,2.9484105,0.102719255,0.021906931,0.15618826,0.8576733,0.042013038,0.85429144,0.35956553,2.13738,65.0,1.7667885,,,,,,,,,,,,,,,,,,,,,,,,
FAILED_SETUP,,,,,,,2026-01-23,3707.0,漢磊,半導體業,0.6470274390243903,MARKET_DOWN,-0.21939346,-0.24416797,0.060653187,-0.063264123324515,0.1046875,-0.10935651,0.028,0.10103855,0.29910553,3.7980385,0.04985335,0.0109375,0.25558782,0.85643566,0.039771456,1.5591054,0.8600549,3.1504488,94.0,0.80052143,,,,,,,,,,,,,,,,,,,,,,,,
FAILED_SETUP,,,,,,,2026-01-23,1623.0,大東電,電器電纜,0.730660206155633,MARKET_DOWN,-0.2048155,-0.42595458,0.013931888,-0.063264123324515,0.037288137,0.10968856,0.008,-0.014598084,0.2689647,4.6315565,4.882443,1.0,0.06998537,0.67574257,0.020518979,1.5891,9.469222,3.2896304,63.0,0.089902215,,,,,,,,,,,,,,,,,,,,,,,,
FAILED_SETUP,,,,,,,2026-01-23,1795.0,美時,生技醫療業,0.7354620354239256,MARKET_DOWN,-0.1637267,-0.3742236,0.14751552,-0.063264123324515,0.06987578,-0.025036909,0.008,0.103747346,0.2896465,3.4733176,0.10560158,0.017289799,0.037359472,0.7636139,-0.07407017,1.3625498,1.2973056,1.9682353,65.0,0.31997547,,,,,,,,,,,,,,,,,,,,,,,,
FAILED_SETUP,,,,,,,2026-01-23,2009.0,第一銅,鋼鐵工業,0.6428462543554007,MARKET_DOWN,-0.09135645,-0.21782179,0.13267326,-0.063264123324515,0.112474434,0.050458897,0.06,0.043189254,0.25219694,2.4558558,0.85486805,0.07809771,0.14463943,0.7438119,-0.08303931,0.6244726,0.2421344,2.3581748,50.0,0.49567217,,,,,,,,,,,,,,,,,,,,,,,,
FAILED_SETUP,,,,,,,2026-01-23,2302.0,麗正,電子工業,0.6459785133565622,MARKET_DOWN,-0.18011935,-0.20525058,0.059665862,-0.063264123324515,0.10842656,-0.07517679,0.028,0.09790445,0.22150779,3.681464,0.039375033,0.0070922053,0.14427276,0.6782178,-0.008903905,1.9759034,2.8697505,2.5398376,43.0,0.4325759,,,,,,,,,,,,,,,,,,,,,,,,
FAILED_SETUP,,,,,,,2026-01-23,2329.0,華泰,半導體業,0.7146486643437863,MARKET_DOWN,-0.179937,-0.26850393,0.044094477,-0.063264123324515,0.13942307,0.14245614,0.016,0.044725895,0.34265986,2.6749835,0.009141472,0.0016448892,0.0742553,0.8131188,0.040407885,1.5278121,0.706927,2.3860092,149.0,1.8215278,,,,,,,,,,,,,,,,,,,,,,,,
FAILED_SETUP,,,,,,,2026-01-23,2331.0,精英,電腦及週邊設備業,0.7484102787456447,MARKET_DOWN,-0.21156757,-0.24864864,0.08288288,-0.063264123324515,0.107664235,0.10036772,0.028,0.17833763,0.33077246,3.5581818,0.5671568,0.11999198,0.21181752,0.8069307,-0.11355001,1.2785047,0.61345226,2.8883839,60.0,0.27618992,,,,,,,,,,,,,,,,,,,,,,,,
FAILED_SETUP,,,,,,,2026-01-23,2399.0,映泰,電腦及週邊設備業,0.6748560298102981,MARKET_DOWN,-0.12836957,-0.23913044,0.3478261,-0.063264123324515,0.074074075,-0.04679017,0.012,0.022141064,0.26744696,2.6596248,0.100981586,0.0129629625,0.048045818,0.7648515,-0.11019625,1.1726619,0.6164392,2.1068811,52.0,0.75170934,,,,,,,,,,,,,,,,,,,,,,,,
FAILED_SETUP,,,,,,,2026-01-23,2441.0,超豐,電子工業,0.7579431620209058,MARKET_DOWN,-0.14761,-0.209,0.055000003,-0.063264123324515,0.11445783,0.2863172,0.02,0.036792055,0.45042422,2.4748983,6.7746086,1.0,0.12877871,0.84529704,-0.009195227,1.3555555,0.64022654,3.0243914,137.0,0.8745425,,,,,,,,,,,,,,,,,,,,,,,,
FAILED_SETUP,,,,,,,2026-01-23,2457.0,飛宏,電子零組件業,0.6329933701122725,MARKET_DOWN,-0.2427762,-0.3243626,0.0028328612,-0.063264123324515,0.15834522,0.0064248247,0.06,0.094205834,0.34291187,3.83936,0.18215351,0.044222537,0.1440474,0.8118812,-0.022431958,1.9707057,2.8090916,2.3385599,50.0,0.2448319,,,,,,,,,,,,,,,,,,,,,,,,
FAILED_SETUP,,,,,,,2026-01-23,2462.0,良得電,電子零組件業,0.7494598093302363,MARKET_DOWN,-0.22744644,-0.23928571,0.039285716,-0.063264123324515,0.011131725,-0.007895357,0.0,0.087286524,0.15720579,5.8657236,0.13072482,0.029732896,0.0,0.42821783,-0.021325368,0.7505938,2.5333855,3.6696272,16.0,0.774914,,,,,,,,,,,,,,,,,,,,,,,,
FAILED_SETUP,,,,,,,2026-01-23,2375.0,凱美,電子零組件業,0.6491664246999613,MARKET_DOWN,-0.15558824,-0.27941176,0.009803922,-0.063264123324515,0.073529415,-0.10887663,0.024,0.033691697,0.3373892,2.6704328,0.063011944,0.009803917,0.08701109,0.87623763,-0.021815566,1.1687088,0.8408857,1.3932693,78.0,1.230731,,,,,,,,,,,,,,,,,,,,,,,,
FAILED_SETUP,,,,,,,2026-01-23,2495.0,普安,其他電子業,0.7882543312040263,MARKET_DOWN,-0.1299562,-0.17518249,0.24963504,-0.063264123324515,0.0620384,0.20491908,0.004,0.02072612,0.3815835,2.3559167,0.024331871,0.0031620776,0.029983493,0.81435645,-0.069217354,1.30821,1.0448645,2.7303088,45.0,0.48279807,,,,,,,,,,,,,,,,,,,,,,,,
FAILED_SETUP,,,,,,,2026-01-23,2472.0,立隆電,電子零組件業,0.6276446960898181,MARKET_DOWN,-0.13217022,-0.13617022,0.17446809,-0.063264123324515,0.07234043,-0.084011205,0.024,-0.0017267137,0.27220443,2.8420916,0.03219576,0.004255321,0.058197953,0.80445546,-0.021503627,0.8828829,0.46770707,1.8035293,67.0,1.0093461,,,,,,,,,,,,,,,,,,,,,,,,
FAILED_SETUP,,,,,,,2026-01-23,3622.0,洋華,電子工業,0.729596762485482,MARKET_DOWN,-0.12879999,-0.21,0.011428571,-0.063264123324515,0.04680851,0.092267215,0.004,-0.00030550305,0.22326256,2.9769812,0.0727291,0.009367508,0.024890792,0.6287129,-0.008937039,1.229541,3.587112,1.9629718,53.0,-0.17472887,,,,,,,,,,,,,,,,,,,,,,,,
FAILED_SETUP,,,,,,,2026-01-23,3543.0,州巧,電子工業,0.7148694589624467,MARKET_DOWN,-0.18423998,-0.19199999,0.176,-0.063264123324515,0.11959799,0.045560766,0.004,0.01585419,0.36753163,2.8067026,0.10829925,0.019953052,0.011980151,0.6138614,-0.009113514,1.6634699,3.730044,1.7227578,134.0,0.5133976,,,,,,,,,,,,,,,,,,,,,,,,
FAILED_SETUP,,,,,,,2026-01-23,3406.0,玉晶光,電子工業,0.6501506242740999,MARKET_DOWN,-0.12439076,-0.18907563,0.016806724,-0.063264123324515,0.012671595,-0.050332908,0.0,-0.004807703,0.09877933,4.4566665,0.0084891105,0.0010559668,0.0,0.39851484,-0.008900561,0.98640776,1.2552984,2.6318996,23.0,0.17225876,,,,,,,,,,,,,,,,,,,,,,,,
FAILED_SETUP,,,,,,,2026-01-23,3380.0,明泰,通信網路業,0.7192188104916764,MARKET_DOWN,-0.14449579,-0.16246499,0.071428575,-0.063264123324515,0.028612304,-0.059168667,0.0,0.071189225,0.1753498,3.5228777,0.00922526,0.0013330111,0.0,0.62376237,-0.1089209,0.99224806,0.9965945,2.412439,43.0,1.0263914,,,,,,,,,,,,,,,,,,,,,,,,
FAILED_SETUP,,,,,,,2026-01-23,3624.0,光頡,電子零組件業,0.7090689121176925,MARKET_DOWN,-0.17712219,-0.27170417,0.08842443,-0.063264123324515,0.14677419,0.21519895,0.04,0.06579975,0.4322894,2.4877098,0.253564,0.04491181,0.24895251,0.82054454,-0.02250515,1.150358,1.1479251,2.1084678,91.0,0.62705857,,,,,,,,,,,,,,,,,,,,,,,,
FAILED_SETUP,,,,,,,2026-01-23,3236.0,千如,電子零組件業,0.7434293941153698,MARKET_DOWN,-0.19690265,-0.22418879,0.032448385,-0.063264123324515,0.15156016,0.22049507,0.012,0.047988795,0.5273096,2.9433072,5.078652,1.0,0.14972773,0.92450494,-0.022108248,1.0702178,0.49866796,2.3274543,74.0,1.2035209,,,,,,,,,,,,,,,,,,,,,,,,
FAILED_SETUP,,,,,,,2026-01-23,3152.0,璟德,通信網路業,0.6844463801780875,MARKET_DOWN,-0.14570093,-0.18691589,0.093457945,-0.063264123324515,0.13664596,0.19045922,0.04,0.048526775,0.2901641,2.4802275,0.021314843,0.0031055924,0.25790852,0.7017327,-0.10881834,0.9166666,0.73589826,3.2056818,29.0,0.2861646,,,,,,,,,,,,,,,,,,,,,,,,
FAILED_SETUP,,,,,,,2026-01-23,3025.0,星通,通信網路業,0.734193524970964,MARKET_DOWN,-0.13340336,-0.25070027,0.103641465,-0.063264123324515,0.09803922,0.30862415,0.04,0.032564074,0.4074394,2.5793037,0.35566255,0.04744658,0.1509922,0.7846535,-0.107534416,0.7177914,0.424547,3.7852352,33.0,-0.124330044,,,,,,,,,,,,,,,,,,,,,,,,
FAILED_SETUP,,,,,,,2026-01-23,2882.0,國泰金,金融保險,0.666449501548587,MARKET_DOWN,-0.041018277,-0.121409915,0.06527415,-0.063264123324515,0.023498684,0.004333556,0.008,-0.012439406,0.15306713,1.879829,0.22278805,0.009138382,0.005266688,0.58168316,-0.10485466,1.0731708,0.97900003,3.7602565,94.0,0.2423077,,,,,,,,,,,,,,,,,,,,,,,,
FAILED_SETUP,,,,,,,2026-01-23,3354.0,律勝,電子零組件業,0.648121128532714,MARKET_DOWN,-0.09826923,-0.21328671,0.16083916,-0.063264123324515,0.23776224,0.48861575,0.044,0.003772876,0.49341094,1.441282,0.83496356,0.082051225,0.3701964,0.84653467,-0.02176247,0.9855769,0.23560072,3.425641,36.0,0.5843782,,,,,,,,,,,,,,,,,,,,,,,,
FAILED_SETUP,,,,,,,2026-01-30,6840.0,東研信超,其他電子業,0.6585906260242543,SECTOR_WEAK,-0.16817404,-0.21540655,0.012838801,9.431167863760416e-05,0.1819464,-0.021471106,0.024,0.17537385,0.17715257,2.7507668,0.0075036557,0.0012619201,0.40485448,0.5866189,-0.10363899,1.0189701,0.5042343,1.9782778,122.0,0.49491873,,,,,,,,,,,,,,,,,,,,,,,,
FAILED_SETUP,,,,,,,2026-01-30,6155.0,鈞寶,電子工業,0.7898475129153596,SECTOR_WEAK,-0.16891144,-0.2398524,0.023985235,9.431167863760416e-05,0.16245486,0.7738838,0.032,0.06973779,0.7411424,2.020016,5.920262,1.0,0.21302642,0.9605735,-0.018759683,0.7031432,0.49274167,2.4613082,71.0,0.09365848,,,,,,,,,,,,,,,,,,,,,,,,
FAILED_SETUP,,,,,,,2026-01-30,6163.0,華電網,通信網路業,0.749946465639681,SECTOR_WEAK,-0.1442373,-0.21271189,0.17627117,9.431167863760416e-05,0.28093645,1.1536267,0.008,0.033941668,0.8151087,1.8106384,6.9330196,1.0,0.13225035,0.9689367,-0.04503609,0.97977525,0.5463483,2.3468084,105.0,0.17445077,,,,,,,,,,,,,,,,,,,,,,,,
FAILED_SETUP,,,,,,,2026-01-30,6182.0,合晶,半導體業,0.6587882193191927,STOCK_SPECIFIC,-0.14437674,-0.15096954,0.078947365,9.431167863760416e-05,0.16914749,0.03948494,0.044,0.06538105,0.28983837,2.136691,0.065608025,0.009472272,0.20800798,0.83154124,0.024550196,0.8277311,0.37258014,2.0309906,95.0,1.0329616,,,,,,,,,,,,,,,,,,,,,,,,
FAILED_SETUP,,,,,,,2026-01-30,6261.0,久元,半導體業,0.6264013360178552,STOCK_SPECIFIC,-0.063060656,-0.083215795,0.16502115,9.431167863760416e-05,0.037868157,0.0677272,0.032,-0.079871595,0.1580557,2.5341702,0.48396158,0.030518934,0.1254854,0.651135,0.026761461,0.9588378,0.8040997,3.1070178,51.0,0.029826835,,,,,,,,,,,,,,,,,,,,,,,,
FAILED_SETUP,,,,,,,2026-01-30,6270.0,倍微,電子通路業,0.6753726334847279,SECTOR_WEAK,-0.14675099,-0.17704278,0.124513626,9.431167863760416e-05,0.07647057,0.03952404,0.032,0.04099965,0.14299925,3.6667361,0.40736336,0.05978097,0.22827218,0.4982079,-0.000135015,1.0468086,1.0742309,2.593403,19.0,0.08357979,,,,,,,,,,,,,,,,,,,,,,,,
FAILED_SETUP,,,,,,,2026-01-30,6274.0,台燿,電子零組件業,0.7508139407844423,SECTOR_WEAK,-0.086,-0.10909091,0.69292927,9.431167863760416e-05,0.09741551,0.14892505,0.016,0.010869434,0.4027162,1.9071361,0.20805402,0.017892646,0.013343646,0.90800476,-0.058686048,1.3252132,0.81322336,2.5218666,165.0,2.3600104,,,,,,,,,,,,,,,,,,,,,,,,
FAILED_SETUP,,,,,,,2026-01-30,6485.0,點序,半導體業,0.7654527009099281,STOCK_SPECIFIC,-0.16157894,-0.28229666,0.014354067,9.431167863760416e-05,0.18721461,0.22670369,0.032,0.15607883,0.5684023,1.6135836,0.0033880095,0.000547431,0.22181818,0.9295102,0.023229439,1.0753769,0.8159092,2.4378157,68.0,2.3395443,,,,,,,,,,,,,,,,,,,,,,,,
FAILED_SETUP,,,,,,,2026-01-30,6548.0,長科*,半導體業,0.8147839115980708,STOCK_SPECIFIC,-0.22088236,-0.2513369,0.019607836,9.431167863760416e-05,0.12068967,0.281339,0.02,0.15727516,0.5118336,3.0196867,4.527297,1.0,0.10394571,0.8900836,0.0235821,1.2324038,0.7794578,2.978977,98.0,1.1199088,,,,,,,,,,,,,,,,,,,,,,,,
FAILED_SETUP,,,,,,,2026-01-30,6776.0,展碁國際,電子通路業,0.7781130308563936,SECTOR_WEAK,-0.17185715,-0.20634921,0.19841269,9.431167863760416e-05,0.011146497,0.061377835,0.0,0.07931651,0.15822598,3.978425,5.818786,1.0,0.0,0.45878136,-0.006664666,0.9949579,2.7046108,3.5517495,12.0,0.26780266,,,,,,,,,,,,,,,,,,,,,,,,
FAILED_SETUP,,,,,,,2026-01-30,6862.0,三集瑞-KY,電子零組件業,0.6902714176460488,SECTOR_WEAK,-0.16604652,-0.18604651,0.22997417,9.431167863760416e-05,0.12,-0.073117904,0.02,0.16182199,0.26092693,2.622857,0.72268903,0.12,0.13961695,0.7419355,-0.060260884,0.9224138,0.88981706,2.3959184,22.0,0.9152739,,,,,,,,,,,,,,,,,,,,,,,,
FAILED_SETUP,,,,,,,2026-01-30,6139.0,亞翔,其他電子業,0.6606542741645987,SECTOR_WEAK,-0.05419643,-0.14732143,0.2,9.431167863760416e-05,0.11304348,0.058117755,0.088,0.032952216,0.3597499,1.06225,1.4119333,0.07652174,0.10770933,0.8781362,-0.10772184,1.1258742,1.0782672,1.8057083,185.0,0.29743657,,,,,,,,,,,,,,,,,,,,,,,,
FAILED_SETUP,,,,,,,2026-01-30,7792.0,安葆,其他電子業,0.7087799472460239,SECTOR_WEAK,-0.1648222,-0.21111111,0.05,9.431167863760416e-05,0.12771739,0.093582325,0.032,0.11284933,0.19960529,1.5846511,6.0671434,1.0,0.43912256,0.6200717,-0.10593371,1.0821074,1.9739966,1.3225554,34.0,0.3401643,,,,,,,,,,,,,,,,,,,,,,,,
FAILED_SETUP,,,,,,,2026-01-30,8042.0,金山電,電子零組件業,0.628239609183562,SECTOR_WEAK,-0.04596885,-0.15051903,0.0899654,9.431167863760416e-05,0.29441625,0.21022779,0.036,0.008933497,0.36762288,0.634778,1.6563855,0.07614213,0.19036606,0.9175627,-0.0590742,0.6644068,0.23150411,0.7125426,82.0,1.3946129,,,,,,,,,,,,,,,,,,,,,,,,
FAILED_SETUP,,,,,,,2026-01-30,8064.0,東捷,光電業,0.7039905729581246,SECTOR_WEAK,-0.1320937,-0.17208414,0.5659656,9.431167863760416e-05,0.1425891,0.18967491,0.052,0.09457713,0.236734,2.2865014,0.20611107,0.027225973,0.15430185,0.7001195,-0.08694268,0.8287972,0.44607115,2.371395,47.0,1.0225271,,,,,,,,,,,,,,,,,,,,,,,,
FAILED_SETUP,,,,,,,2026-01-30,8088.0,品安,半導體業,0.8924440074292581,STOCK_SPECIFIC,-0.29031983,-0.32917318,0.0062402496,9.431167863760416e-05,0.09431137,0.36790553,0.008,0.31482646,0.64965427,3.5640628,3.444477,1.0,0.015588679,0.9390681,0.02158182,0.86717564,0.8169987,3.528568,185.0,1.0057145,,,,,,,,,,,,,,,,,,,,,,,,
FAILED_SETUP,,,,,,,2026-01-30,8110.0,華東,電子工業,0.8525476424591469,SECTOR_WEAK,-0.14771655,-0.38057742,0.010498688,9.431167863760416e-05,0.10970997,1.8973719,0.044,0.19980611,1.4929612,1.7989043,6.7697225,1.0,0.13158962,0.9976105,-0.019401643,0.9519231,0.7705216,3.852131,99.0,0.84668124,,,,,,,,,,,,,,,,,,,,,,,,
FAILED_SETUP,,,,,,,2026-01-30,8112.0,至上,電子通路業,0.8186661672207395,SECTOR_WEAK,-0.1368924,-0.2382104,0.18379685,9.431167863760416e-05,0.022458626,0.1286896,0.0,0.017872607,0.46156904,2.4999056,0.16406041,0.022458622,0.0,0.91039425,-0.0030115007,1.1062124,1.8621346,2.1945846,61.0,1.05137,,,,,,,,,,,,,,,,,,,,,,,,
FAILED_SETUP,,,,,,,2026-01-30,8131.0,福懋科,電子工業,0.8753601473365485,SECTOR_WEAK,-0.1957874,-0.25065616,0.0,9.431167863760416e-05,0.081012666,0.833004,0.016,0.1107676,0.99025,2.6405308,5.107581,1.0,0.09302444,0.9749104,-0.018828548,1.1308501,0.5600029,4.130678,94.0,1.7909449,,,,,,,,,,,,,,,,,,,,,,,,
FAILED_SETUP,,,,,,,2026-01-30,8271.0,宇瞻,電子工業,0.6919913845577563,SECTOR_WEAK,-0.10983193,-0.15126051,0.81512606,9.431167863760416e-05,0.14574899,0.050690252,0.028,0.018696958,0.4575758,1.6264889,0.33175462,0.03643725,0.13034345,0.93428916,-0.018245354,0.84210527,0.93925244,1.910637,160.0,0.8301879,,,,,,,,,,,,,,,,,,,,,,,,
FAILED_SETUP,,,,,,,2026-01-30,8390.0,金益鼎,綠能環保,0.7487300026533065,STOP_TOO_TIGHT,-0.027999999,-0.057754014,0.18716578,9.431167863760416e-05,0.08,0.37155452,0.024,-0.016730484,0.3533971,0.47476685,2.857143,0.08,0.05160749,0.83751494,0.008860438,0.96153843,1.0591877,2.2607946,61.0,-0.124619626,,,,,,,,,,,,,,,,,,,,,,,,
FAILED_SETUP,,,,,,,2026-01-30,8422.0,可寧衛*,綠能環保,0.6741627257261477,SECTOR_WEAK,-0.14674035,-0.21270719,0.031767957,9.431167863760416e-05,0.41032606,0.3417722,0.016,0.044646807,0.535929,1.4963381,2.796273,0.41032606,0.19824857,0.8924731,-0.0048078406,0.60088366,0.5327157,1.7669414,53.0,0.67760783,,,,,,,,,,,,,,,,,,,,,,,,
FAILED_SETUP,,,,,,,2026-01-30,6934.0,心誠鎂,生技醫療業,0.8180749481044465,SECTOR_WEAK,-0.27596822,-0.53333336,0.16666667,9.431167863760416e-05,0.1587956,0.31797597,0.016,0.286596,0.3992415,2.157353,0.57541263,0.1587956,0.12372423,0.8172043,-0.050145086,0.9049084,1.263579,1.7198088,25.0,0.22059059,,,,,,,,,,,,,,,,,,,,,,,,
FAILED_SETUP,,,,,,,2026-01-30,6138.0,茂達,半導體業,0.7200009364611134,STOCK_SPECIFIC,-0.16910714,-0.1765873,0.03968254,9.431167863760416e-05,0.07129095,-0.045930654,0.008,0.075952634,0.23911175,3.8615534,5.9134107,1.0,0.024162762,0.7837515,0.024682071,1.2818182,0.9281299,2.7494068,139.0,0.9391527,,,,,,,,,,,,,,,,,,,,,,,,
FAILED_SETUP,,,,,,,2026-01-30,1795.0,美時,生技醫療業,0.8708782444475659,SECTOR_WEAK,-0.252,-0.44027779,0.02638889,9.431167863760416e-05,0.013850415,0.075716466,0.0,0.23437107,0.42015755,4.9132686,3.968254,1.0,0.0,0.8637993,-0.046697963,1.1813804,1.2713777,3.4584782,70.0,-0.002327587,,,,,,,,,,,,,,,,,,,,,,,,
FAILED_SETUP,,,,,,,2026-01-30,6026.0,福邦證,金融保險,0.7955246523388116,SECTOR_WEAK,-0.12295303,-0.12751679,0.030201362,9.431167863760416e-05,0.05647839,0.11362155,0.008,0.102297686,0.25263566,3.8860605,8.133187,1.0,0.05458992,0.7144564,-0.054614913,1.2620319,1.2296029,4.383838,55.0,0.3482379,,,,,,,,,,,,,,,,,,,,,,,,
FAILED_SETUP,,,,,,,2026-01-30,6126.0,信音,電子零組件業,0.8253119195892058,SECTOR_WEAK,-0.18028001,-0.23066668,0.07999999,9.431167863760416e-05,0.06299212,0.09278492,0.004,0.16494946,0.33796608,3.134007,0.16368486,0.02950911,0.05136795,0.8004779,-0.059304997,0.7664399,0.7773881,2.7443707,68.0,-0.038624775,,,,,,,,,,,,,,,,,,,,,,,,
FAILED_SETUP,,,,,,,2026-01-30,1605.0,華新,電器電纜,0.8919685973373289,SECTOR_WEAK,-0.20585044,-0.28709286,0.009650181,9.431167863760416e-05,0.06896552,0.28105026,0.004,0.25989628,0.56147176,3.2416553,0.17218445,0.035444245,0.020067018,0.9199522,-0.030176569,0.95533276,1.8306715,3.6795113,70.0,1.6825556,,,,,,,,,,,,,,,,,,,,,,,,
FAILED_SETUP,,,,,,,2026-01-30,2331.0,精英,電腦及週邊設備業,0.7482836228558942,SECTOR_WEAK,-0.165625,-0.21022727,0.07575758,9.431167863760416e-05,0.12825279,0.16682127,0.048,0.21581155,0.28450817,2.3819065,0.09676765,0.016027141,0.28769535,0.8112306,-0.13103741,0.97007877,0.38448685,1.9429313,65.0,0.7192751,,,,,,,,,,,,,,,,,,,,,,,,
FAILED_SETUP,,,,,,,2026-01-30,2344.0,華邦電,電子工業,0.9512478344336752,SECTOR_WEAK,-0.25362962,-0.29509404,0.06584362,9.431167863760416e-05,0.058365762,1.0876224,0.004,0.34286413,1.6359335,3.6936984,3.9427571,1.0,0.010444487,1.0,-0.02013463,1.2787089,1.5283359,5.767608,120.0,2.0096018,,,,,,,,,,,,,,,,,,,,,,,,
FAILED_SETUP,,,,,,,2026-01-30,2408.0,南亞科,電子工業,0.9844722261241434,SECTOR_WEAK,-0.34053224,-0.3596774,0.01451613,9.431167863760416e-05,0.0,1.1697785,0.0,0.5057551,1.7881279,4.91,2.9365795,1.0,0.0,0.9988053,-0.020929152,1.1265509,1.7735286,6.152713,163.0,0.86947286,,,,,,,,,,,,,,,,,,,,,,,,
FAILED_SETUP,,,,,,,2026-01-30,2492.0,華新科,電子零組件業,0.6295990385665902,SECTOR_WEAK,-0.1,-0.14393939,0.20833333,9.431167863760416e-05,0.21245421,-0.0306981,0.024,0.06337678,0.30182487,1.3638376,0.011772712,0.0011772711,0.1643299,0.8446834,-0.059459984,0.8926554,0.5089846,1.1968019,80.0,1.922984,,,,,,,,,,,,,,,,,,,,,,,,
FAILED_SETUP,,,,,,,2026-01-30,2495.0,普安,其他電子業,0.8243876324702283,SECTOR_WEAK,-0.12995619,-0.17518248,0.24963506,9.431167863760416e-05,0.082857125,0.33994916,0.012,0.0889231,0.40111127,2.2994092,0.26585606,0.03454964,0.058149625,0.83870965,-0.10941632,1.051282,0.90067726,2.7190654,50.0,0.5429753,,,,,,,,,,,,,,,,,,,,,,,,
FAILED_SETUP,,,,,,,2026-01-30,3016.0,嘉晶,電子工業,0.6790079755271495,SECTOR_WEAK,-0.13857143,-0.17207791,0.09253247,9.431167863760416e-05,0.2,0.0027478966,0.016,0.092040025,0.3301951,1.7704296,0.030947916,0.004288497,0.13514687,0.8876941,-0.018752847,1.1134903,0.42965898,1.8664938,92.0,0.31919175,,,,,,,,,,,,,,,,,,,,,,,,
FAILED_SETUP,,,,,,,2026-01-30,3025.0,星通,通信網路業,0.6967645268530225,SECTOR_WEAK,-0.04953917,-0.1781874,0.070660524,9.431167863760416e-05,0.14037625,0.33286256,0.064,0.015883096,0.33760774,0.936722,1.6615322,0.08231092,0.2400485,0.8040621,-0.043636892,1.1263158,1.6325256,2.7014868,38.0,0.40259472,,,,,,,,,,,,,,,,,,,,,,,,
FAILED_SETUP,,,,,,,2026-01-30,3060.0,銘異,電腦及週邊設備業,0.8059593263723057,SECTOR_WEAK,-0.072880365,-0.19940916,0.07385524,9.431167863760416e-05,0.12711863,0.4136528,0.02,0.122666635,0.39401215,1.0810016,0.9126612,0.06651508,0.1145518,0.87096775,-0.12924579,0.99685866,2.0460408,1.848409,50.0,0.21503271,,,,,,,,,,,,,,,,,,,,,,,,
FAILED_SETUP,,,,,,,2026-01-30,2451.0,創見,電子工業,0.9456328135974154,SECTOR_WEAK,-0.22017857,-0.24007937,0.32936507,9.431167863760416e-05,0.035647277,0.7710443,0.0,0.2399312,0.8291747,3.0284212,4.541768,1.0,0.0,0.9701314,-0.019592062,0.9570871,1.2397819,3.4808967,129.0,1.0243309,,,,,,,,,,,,,,,,,,,,,,,,
FAILED_SETUP,,,,,,,2026-01-30,3290.0,東浦,電子零組件業,0.6724143528273322,SECTOR_WEAK,-0.14280488,-0.1839431,0.11991869,9.431167863760416e-05,0.05798575,-0.09078902,0.028,0.09991328,0.1786301,4.3142104,0.06705702,0.009576069,0.10478853,0.76105136,-0.059893537,1.3314366,0.8896426,3.05943,68.0,0.516026,,,,,,,,,,,,,,,,,,,,,,,,
FAILED_SETUP,,,,,,,2026-01-30,3443.0,創意,電子工業,0.8556445193613336,SECTOR_WEAK,-0.1347093,-0.17054264,0.09689923,9.431167863760416e-05,0.0648855,0.5078494,0.024,0.12551285,0.55813265,2.242258,7.4233923,1.0,0.031076865,0.9271207,-0.018896926,0.8918919,1.3850713,2.6473117,78.0,1.4227778,,,,,,,,,,,,,,,,,,,,,,,,
FAILED_SETUP,,,,,,,2026-01-30,3701.0,大眾控,電腦及週邊設備業,0.7860348675687908,SECTOR_WEAK,-0.13064516,-0.1577061,0.33512545,9.431167863760416e-05,0.12410072,0.37137008,0.032,0.105545886,0.40822008,1.7038397,0.3539684,0.04624426,0.17678267,0.8422939,-0.12878387,0.9173333,1.1452763,3.1589592,34.0,-0.03346125,,,,,,,,,,,,,,,,,,,,,,,,
FAILED_SETUP,,,,,,,2026-01-30,4105.0,東洋,生技醫療業,0.6318961776778886,SECTOR_WEAK,-0.07230769,-0.10217818,0.0034965035,9.431167863760416e-05,0.01992966,-0.0552215,0.012,0.0035251318,0.076503694,6.073846,0.016213115,0.0011723329,0.019769482,0.52449226,-0.040300805,1.2511848,2.205858,3.1361306,201.0,0.18617073,,,,,,,,,,,,,,,,,,,,,,,,
FAILED_SETUP,,,,,,,2026-01-30,4157.0,太景*-KY,生技醫療業,0.6322557787454542,SECTOR_WEAK,-0.057142857,-0.1941392,0.0073260074,9.431167863760416e-05,0.20588236,0.31741658,0.068,-0.01730684,0.34367877,1.1679144,1.930147,0.11029412,0.34896827,0.86021507,-0.04094137,1.1392405,0.3844757,2.2924063,40.0,-0.13565096,,,,,,,,,,,,,,,,,,,,,,,,
FAILED_SETUP,,,,,,,2026-01-30,4764.0,雙鍵,化學生技醫療,0.6786277723150879,SECTOR_WEAK,-0.010000001,-0.123893805,0.54867256,9.431167863760416e-05,0.21367522,0.40167272,0.06,-0.005659016,0.7765451,0.12076336,21.36752,0.21367522,0.3272736,0.97371566,-0.07382272,0.8811881,1.3575824,2.2487276,68.0,0.83870214,,,,,,,,,,,,,,,,,,,,,,,,
FAILED_SETUP,,,,,,,2026-01-30,4916.0,事欣科,電腦及週邊設備業,0.653173198482933,SECTOR_WEAK,-0.13472441,-0.16220473,0.061417323,9.431167863760416e-05,0.15756631,0.06898647,0.072,0.13617174,0.16405305,2.3623276,0.91479284,0.12324493,0.17538035,0.35364395,-0.12915507,1.3928058,0.6313245,2.4796846,36.0,0.75867814,,,,,,,,,,,,,,,,,,,,,,,,
FAILED_SETUP,,,,,,,2026-01-30,4967.0,十銓,半導體業,0.9258622465702112,TOO_EXTENDED,-0.22886364,-0.29545453,0.19214876,9.431167863760416e-05,0.055445544,0.6469322,0.004,0.1891236,1.1460619,3.8480892,4.3694143,1.0,0.016512278,0.98805255,0.023317214,1.5609756,1.1429526,5.979818,79.0,1.6314298,,,,,,,,,,,,,,,,,,,,,,,,
FAILED_SETUP,,,,,,,2026-01-30,4989.0,榮科,電子零組件業,0.625769224766275,SECTOR_WEAK,-0.10298861,-0.13757116,0.5313093,9.431167863760416e-05,0.2945591,0.15883146,0.008,-0.052444674,0.470115,1.0940964,9.709812,1.0,0.06963768,0.9557945,-0.058440268,1.0761305,0.7404227,0.9689465,124.0,2.7935586,,,,,,,,,,,,,,,,,,,,,,,,
FAILED_SETUP,,,,,,,2026-01-30,3260.0,威剛,半導體業,0.9065958077757488,TOO_EXTENDED,-0.27164286,-0.27714285,0.52362204,9.431167863760416e-05,0.071526825,0.61654323,0.008,0.18013518,1.1613889,4.159531,3.6813042,1.0,0.017851656,0.9916368,0.023296265,1.2819875,2.1176734,5.664167,82.0,1.5974432,,,,,,,,,,,,,,,,,,,,,,,,
FAILED_SETUP,,,,,,,2026-01-30,5351.0,鈺創,半導體業,0.7025371853100467,STOP_TOO_TIGHT,-0.055692308,-0.17948718,0.50256413,9.431167863760416e-05,0.16503268,0.4764089,0.044,-0.021365853,0.57900167,0.6572334,17.955801,1.0,0.1443109,0.94504184,0.025671305,1.0781078,1.4351051,2.5508645,94.0,2.0360253,,,,,,,,,,,,,,,,,,,,,,,,
FAILED_SETUP,,,,,,,2026-02-06,6261.0,久元,半導體業,0.7232543806336189,SECTOR_WEAK,-0.06402455,-0.11323328,0.15552524,0.0392452354954142,0.029005522,0.074645944,0.016,-0.054369535,0.16615456,2.0857778,0.23212783,0.014861881,0.079131775,0.6835138,-0.012444917,1.4043584,0.86446,2.4125926,56.0,0.010692449,,,,,,,,,,,,,,,,,,,,,,,,
FAILED_SETUP,,,,,,,2026-02-06,6239.0,力成,半導體業,0.8117949683704129,SECTOR_WEAK,-0.17566532,-0.25201613,0.06048387,0.0392452354954142,0.1691023,0.21495324,0.06,0.15446344,0.48181236,2.7849772,5.692643,1.0,0.16509742,0.9362214,-0.015558718,0.8539326,0.551188,2.856469,114.0,1.4991592,,,,,,,,,,,,,,,,,,,,,,,,
FAILED_SETUP,,,,,,,2026-02-06,6134.0,萬旭,電子零組件業,0.8768320764246156,SECTOR_WEAK,-0.15424848,-0.15490799,0.088957034,0.0392452354954142,0.08024693,0.27295616,0.012,0.13856016,0.31596762,2.362383,0.0929731,0.014340959,0.11021605,0.6534296,-0.031687807,1.0875995,1.063274,2.5901566,51.0,0.8533294,,,,,,,,,,,,,,,,,,,,,,,,
FAILED_SETUP,,,,,,,2026-02-06,6126.0,信音,電子零組件業,0.7748096090029476,SECTOR_WEAK,-0.16132125,-0.2525907,0.049222793,0.0392452354954142,0.08,0.02340409,0.036,0.04974203,0.29221073,3.091419,0.28502917,0.045981262,0.30264652,0.8146811,-0.03075113,0.81180805,0.2495689,2.3631206,73.0,-0.05976975,,,,,,,,,,,,,,,,,,,,,,,,
FAILED_SETUP,,,,,,,2026-02-06,6120.0,達運,光電業,0.6300964723808219,SECTOR_WEAK,-0.06932585,-0.089887604,0.16853935,0.0392452354954142,0.106870264,-0.0002398238,0.204,0.06814772,0.121672854,1.3357732,0.055056266,0.0038168223,0.4072706,0.65583634,-0.07453413,0.9207549,0.48671162,1.0572164,45.0,0.67270416,,,,,,,,,,,,,,,,,,,,,,,,
FAILED_SETUP,,,,,,,2026-02-06,4967.0,十銓,半導體業,0.7526143986669063,SECTOR_WEAK,-0.14632054,-0.2302483,0.30248308,0.0392452354954142,0.26603326,0.32505682,0.02,-0.00043028404,0.7147137,1.6743172,6.8343105,1.0,0.05098627,0.9831528,-0.013499981,1.3685848,0.82707196,1.9265068,84.0,1.6753031,,,,,,,,,,,,,,,,,,,,,,,,
FAILED_SETUP,,,,,,,2026-02-06,5425.0,台半,半導體業,0.6525176694829412,SECTOR_WEAK,-0.057903234,-0.16451614,0.059677422,0.0392452354954142,0.21416804,-0.0010117786,0.056,0.06979647,0.12017001,0.97972727,0.028451983,0.0016474618,0.3835097,0.70998794,-0.014630299,0.6851386,0.24104024,0.60812205,24.0,0.90571356,,,,,,,,,,,,,,,,,,,,,,,,
FAILED_SETUP,,,,,,,2026-02-06,5347.0,世界,半導體業,0.6665639454093585,SECTOR_WEAK,-0.10218623,-0.14979756,0.13765183,0.0392452354954142,0.425,0.112759374,0.012,0.06209556,0.19496521,1.1217778,0.15121907,0.015452508,0.10413762,0.7280385,-0.014700051,1.0046948,1.1196703,1.0602963,24.0,0.6681582,,,,,,,,,,,,,,,,,,,,,,,,
FAILED_SETUP,,,,,,,2026-02-06,5292.0,華懋,綠能環保,0.7625264293234948,SECTOR_WEAK,-0.09293193,-0.109947644,0.35863873,0.0392452354954142,0.18489584,0.14192136,0.032,0.08072866,0.20786041,1.988,1.9895835,0.18489584,0.16686644,0.6883273,-0.035875663,0.6010929,0.26884702,2.7953334,30.0,0.35201105,,,,,,,,,,,,,,,,,,,,,,,,
FAILED_SETUP,,,,,,,2026-02-06,4105.0,東洋,生技醫療業,0.667938983573159,SECTOR_WEAK,-0.041633137,-0.08836553,0.018934911,0.0392452354954142,0.0295858,-0.08106141,0.032,0.025885696,0.062723756,2.8971765,0.25582716,0.010650887,0.051400386,0.56558365,-0.060238548,1.2758621,0.88168293,1.6209804,206.0,0.091307156,,,,,,,,,,,,,,,,,,,,,,,,
FAILED_SETUP,,,,,,,2026-02-06,6265.0,方土昶,電子通路業,0.786103811243983,SECTOR_WEAK,-0.14464,-0.2502857,0.15885714,0.0392452354954142,0.45068663,1.5871656,0.02,0.17560656,1.1309236,1.186765,3.1159198,0.45068663,0.08101581,0.99398315,-0.073332265,0.9502538,0.6372929,1.8316588,109.0,1.5393972,,,,,,,,,,,,,,,,,,,,,,,,
FAILED_SETUP,,,,,,,2026-02-06,6026.0,福邦證,金融保險,0.6995782721713848,SECTOR_WEAK,-0.07333336,-0.12457914,0.03367002,0.0392452354954142,0.100346014,0.038459525,0.056,0.0009331415,0.19054157,2.102897,0.12005564,0.008804083,0.20221844,0.71119136,-0.038327042,1.0695189,0.6327151,2.4121835,60.0,0.41775066,,,,,,,,,,,,,,,,,,,,,,,,
FAILED_SETUP,,,,,,,2026-02-06,6270.0,倍微,電子通路業,0.6693220111680833,SECTOR_WEAK,-0.06879309,-0.18965514,0.107279725,0.0392452354954142,0.14970061,0.014217471,0.068,0.043092713,0.11377883,1.3964995,0.044771932,0.0030799995,0.5133389,0.5451264,-0.06226893,1.4213593,1.0422887,1.3812033,24.0,0.059824117,,,,,,,,,,,,,,,,,,,,,,,,
FAILED_SETUP,,,,,,,2026-02-06,8299.0,群聯,半導體業,0.7883066115395919,SECTOR_WEAK,-0.17417085,-0.25879398,0.047738694,0.0392452354954142,0.30079156,0.42279148,0.036,0.11910848,0.901447,1.9765377,5.741489,1.0,0.07710005,0.98916966,-0.015127069,1.3181077,2.4314163,2.3536227,105.0,1.9260465,,,,,,,,,,,,,,,,,,,,,,,,
FAILED_SETUP,,,,,,,2026-02-06,6548.0,長科*,半導體業,0.6651774937725238,SECTOR_WEAK,-0.08420119,-0.17159763,0.08937046,0.0392452354954142,0.3171226,0.03814636,0.02,0.013018853,0.26275143,0.93897885,0.26237246,0.022092074,0.10135008,0.8808664,-0.013736316,0.81270677,0.3594287,0.62961257,103.0,1.1582989,,,,,,,,,,,,,,,,,,,,,,,,
FAILED_SETUP,,,,,,,2026-02-06,6691.0,洋基工程,電子工業,0.681039938595515,SECTOR_WEAK,-0.054401994,-0.07807309,0.17109634,0.0392452354954142,0.08813559,0.107310615,0.092,-0.016165838,0.20584816,1.9345992,1.5577693,0.08474576,0.12653767,0.7087846,-0.030422578,0.92753625,0.53900355,2.1566105,211.0,0.9638355,,,,,,,,,,,,,,,,,,,,,,,,
FAILED_SETUP,,,,,,,2026-02-06,6693.0,廣閎科,半導體業,0.6812847575920996,SECTOR_WEAK,-0.07424102,-0.114716105,0.7728853,0.0392452354954142,0.15967366,-0.016051391,0.052,0.016416615,0.24697219,1.505,0.14668234,0.010889846,0.12394136,0.8616125,-0.011814864,0.8839286,0.54209524,1.0684005,63.0,0.18368901,,,,,,,,,,,,,,,,,,,,,,,,
FAILED_SETUP,,,,,,,2026-02-06,7827.0,漢康-KY,生技醫療業,0.806070826306914,SECTOR_WEAK,-0.17572305,-0.21209261,0.23191729,0.0392452354954142,,0.22253343,0.02,0.20980278,0.3373606,2.9267297,0.40170166,0.07058824,0.031954926,0.71841156,-0.06556787,0.6052632,0.63814914,3.2426527,21.0,-0.6756052,,,,,,,,,,,,,,,,,,,,,,,,
FAILED_SETUP,,,,,,,2026-02-06,8064.0,東捷,光電業,0.7390783049851196,SECTOR_WEAK,-0.06883962,-0.18301886,0.6037736,0.0392452354954142,0.18945312,0.18535012,0.068,0.12587057,0.17510252,1.3336552,1.0075346,0.0693583,0.21417923,0.67990375,-0.07624074,1.0031949,0.38819152,1.4399043,52.0,0.9503857,,,,,,,,,,,,,,,,,,,,,,,,
FAILED_SETUP,,,,,,,2026-02-06,8074.0,鉅橡,電子零組件業,0.7691074378750395,SECTOR_WEAK,-0.15794913,-0.16216215,0.17647061,0.0392452354954142,0.28428093,0.75411,0.032,0.03438212,0.6327645,1.756187,1.7998259,0.28428093,0.09017812,0.87244284,-0.030810438,1.0124164,0.26285833,2.0512416,132.0,-0.76503575,,,,,,,,,,,,,,,,,,,,,,,,
FAILED_SETUP,,,,,,,2026-02-06,8103.0,瀚荃,電子零組件業,0.6810148289548398,SECTOR_WEAK,-0.1416598,-0.20515464,0.12886597,0.0392452354954142,0.110526316,-0.00040520277,0.048,-0.02968842,0.2828295,2.4197986,0.20062889,0.028421048,0.12348776,0.82912153,-0.029958377,1.0413983,1.3079733,0.8416519,43.0,2.1776698,,,,,,,,,,,,,,,,,,,,,,,,
FAILED_SETUP,,,,,,,2026-02-06,8131.0,福懋科,電子工業,0.6577530295637486,SECTOR_WEAK,-0.08186666,-0.15407406,0.08888889,0.0392452354954142,0.32198143,0.38238955,0.06,-0.035786435,0.5732195,0.9123112,12.214985,1.0,0.27764946,0.97713596,-0.030489327,0.99909174,0.3311401,1.1376376,99.0,1.9554564,,,,,,,,,,,,,,,,,,,,,,,,
FAILED_SETUP,,,,,,,2026-02-06,8210.0,勤誠,電腦及週邊設備業,0.6561913811158383,SECTOR_WEAK,-0.12484,-0.173,0.05,0.0392452354954142,0.13613102,-0.16578853,0.068,0.10956948,0.28616375,2.6124964,0.43453777,0.054247696,0.079159275,0.87725633,-0.09453838,1.5055679,1.3148928,0.8175386,180.0,1.5880529,,,,,,,,,,,,,,,,,,,,,,,,
FAILED_SETUP,,,,,,,2026-02-06,8390.0,金益鼎,綠能環保,0.6884027700499054,SECTOR_WEAK,-0.07155441,-0.08704664,0.15025906,0.0392452354954142,0.1356467,0.26759115,0.076,-0.044701234,0.26699224,1.2993281,1.895714,0.1356467,0.14892858,0.8423586,-0.02840182,0.89492756,1.2186162,0.9932347,66.0,-0.046043567,,,,,,,,,,,,,,,,,,,,,,,,
FAILED_SETUP,,,,,,,2026-02-06,8436.0,大江,生技醫療業,0.721440209094826,SECTOR_WEAK,-0.13989362,-0.15602836,0.014184397,0.0392452354954142,0.14487633,0.04297415,0.092,0.15146142,0.16952889,3.1741378,0.2354293,0.032935057,0.19098616,0.62695545,-0.06430771,0.9128631,0.63706064,2.767816,15.0,0.2536607,,,,,,,,,,,,,,,,,,,,,,,,
FAILED_SETUP,,,,,,,2026-02-06,3701.0,大眾控,電腦及週邊設備業,0.6524297857405774,SECTOR_WEAK,-0.05709709,-0.08737864,0.44660193,0.0392452354954142,0.27420998,0.24412227,0.06,-0.004160651,0.22042207,0.7505379,0.35562226,0.020304995,0.3236621,0.7809868,-0.09266992,0.9451974,0.56854326,1.3451232,39.0,-0.12286737,,,,,,,,,,,,,,,,,,,,,,,,
FAILED_SETUP,,,,,,,2026-02-06,6274.0,台燿,電子零組件業,0.8652202942964022,SECTOR_WEAK,-0.16832721,-0.18933824,0.82143855,0.0392452354954142,0.06358381,0.17784117,0.02,0.08612274,0.40961108,3.4554718,5.94081,1.0,0.014177961,0.9097473,-0.030984107,1.2175777,1.1799756,2.331761,170.0,2.2207139,,,,,,,,,,,,,,,,,,,,,,,,
FAILED_SETUP,,,,,,,2026-02-06,3587.0,閎康,其他電子業,0.6884586960677732,SECTOR_WEAK,-0.15239726,-0.17351598,0.6824082,0.0392452354954142,0.09022008,-0.04353273,0.072,0.14039046,0.090356156,3.290493,0.04610163,0.007025762,0.057213027,0.58965105,-0.08118469,1.5426997,2.742745,1.7943662,12.0,1.257649,,,,,,,,,,,,,,,,,,,,,,,,
FAILED_SETUP,,,,,,,2026-02-06,1528.0,恩德,電機機械,0.8026701820163611,SECTOR_WEAK,-0.22095327,-0.24485981,0.18691589,0.0392452354954142,0.28060263,0.6472241,0.044,0.1896048,0.51593405,3.0365872,1.2699637,0.28060263,0.032938592,0.78941035,-0.03863289,1.1528822,3.0209239,3.0996943,46.0,0.1581739,,,,,,,,,,,,,,,,,,,,,,,,
FAILED_SETUP,,,,,,,2026-02-06,3508.0,位速,其他電子業,0.9316324405144052,SECTOR_WEAK,-0.363375,-0.40555555,0.55277777,0.0392452354954142,0.08571429,0.2982193,0.0,0.5048148,0.459854,7.369859,0.078627944,0.028571429,0.0,0.8688327,-0.0772105,2.395722,11.049043,6.416432,34.0,0.5811241,,,,,,,,,,,,,,,,,,,,,,,,
FAILED_SETUP,,,,,,,2026-02-06,3532.0,台勝科,電子工業,0.7989023092309318,SECTOR_WEAK,-0.18512636,-0.20216607,0.41877255,0.0392452354954142,0.21052632,0.2744186,0.048,0.17672338,0.34689108,2.5014634,0.1320625,0.024448248,0.20043541,0.86762935,-0.03169875,0.849642,0.43681204,2.240813,53.0,0.9347202,,,,,,,,,,,,,,,,,,,,,,,,
FAILED_SETUP,,,,,,,2026-02-06,1215.0,卜蜂,食品工業,0.6348501838995844,SECTOR_WEAK,-0.06705085,-0.094915256,0.108474575,0.0392452354954142,0.074829936,-0.0912465,0.072,0.039086957,0.082739994,2.9776344,0.1014562,0.0068027247,0.07256572,0.6293622,-0.036310393,0.6011561,0.6832944,1.4978492,193.0,-0.24602108,,,,,,,,,,,,,,,,,,,,,,,,
FAILED_SETUP,,,,,,,2026-02-06,1519.0,華城,電機機械,0.7601210398815282,SECTOR_WEAK,-0.1739557,-0.1793249,0.17616034,0.0392452354954142,0.20879121,0.051975276,0.036,0.13564107,0.30812523,2.9828682,1.2002552,0.20879121,0.07504006,0.8303249,-0.03647553,0.8892825,0.69270015,1.6692076,138.0,1.2975638,,,,,,,,,,,,,,,,,,,,,,,,
FAILED_SETUP,,,,,,,2026-02-06,1590.0,亞德客-KY,電機機械,0.8766942587377269,SECTOR_WEAK,-0.23275,-0.23951612,0.028225806,0.0392452354954142,0.054393306,0.0624271,0.008,0.1710651,0.350818,5.65902,0.13412605,0.031217838,0.017477553,0.8495788,-0.034660384,1.4505495,1.2718939,4.3218956,63.0,0.13274175,,,,,,,,,,,,,,,,,,,,,,,,
FAILED_SETUP,,,,,,,2026-02-06,1789.0,神隆,生技醫療業,0.684856603978166,SECTOR_WEAK,-0.053222448,-0.17047815,0.0,0.0392452354954142,0.24358976,0.18705241,0.048,0.0019112269,0.24415143,0.8296295,1.3751286,0.07318771,0.28861907,0.7761733,-0.060506504,0.7253521,0.32223776,2.0449073,21.0,0.6703796,,,,,,,,,,,,,,,,,,,,,,,,
FAILED_SETUP,,,,,,,2026-02-06,1795.0,美時,生技醫療業,0.7896060354445404,SECTOR_WEAK,-0.16646972,-0.40472674,0.0073855245,0.0392452354954142,0.11463047,0.024665933,0.036,0.13855596,0.28130567,3.2802494,0.0073673106,0.0012264341,0.103725865,0.87484956,-0.063817896,0.9717514,0.68950593,1.6600138,75.0,-0.12971458,,,,,,,,,,,,,,,,,,,,,,,,
FAILED_SETUP,,,,,,,2026-02-06,2030.0,彰源,鋼鐵工業,0.6224542961739186,SECTOR_WEAK,-0.08477341,-0.08761327,0.042296074,0.0392452354954142,0.14417174,0.0004934956,0.16,0.04336436,0.12891313,1.6300414,0.47445703,0.040221337,0.5288291,0.599278,-0.03310717,0.90855443,0.5139824,1.6362385,16.0,-0.10654808,,,,,,,,,,,,,,,,,,,,,,,,
FAILED_SETUP,,,,,,,2026-02-06,2236.0,百達-KY,汽車工業,0.6276031991964915,SECTOR_WEAK,-0.087816596,-0.11790393,0.13537118,0.0392452354954142,0.19221506,0.13182859,0.144,0.025114186,0.12416752,2.7601962,0.063014284,0.0055337,0.20701744,0.54392296,-0.07482057,0.8242424,0.684532,1.661016,46.0,0.19180487,,,,,,,,,,,,,,,,,,,,,,,,
FAILED_SETUP,,,,,,,2026-02-06,2303.0,聯電,電子工業,0.7623586512698914,SECTOR_WEAK,-0.16410379,-0.16981134,0.17610063,0.0392452354954142,0.28756058,0.18626332,0.016,0.096079275,0.31094074,2.161509,6.0937047,1.0,0.13898967,0.8459687,-0.031262573,0.6450116,0.44301385,1.7829635,95.0,0.96310264,,,,,,,,,,,,,,,,,,,,,,,,
FAILED_SETUP,,,,,,,2026-02-06,2331.0,精英,電腦及週邊設備業,0.7530498226631627,SECTOR_WEAK,-0.12713741,-0.20419848,0.08396947,0.0392452354954142,0.2019802,0.07798565,0.032,0.13471822,0.19081165,2.3317,0.017061314,0.002169131,0.29047424,0.79181707,-0.095487416,0.7736132,0.27320257,0.9835,70.0,0.72815275,,,,,,,,,,,,,,,,,,,,,,,,
FAILED_SETUP,,,,,,,2026-02-06,2344.0,華邦電,電子工業,0.654621743236804,SECTOR_WEAK,-0.112735845,-0.19201818,0.2216981,0.0392452354954142,0.39059305,0.4516626,0.052,-0.02805787,0.89479804,1.1732117,8.870293,1.0,0.06038241,0.99879664,-0.030537408,1.21384,1.733823,1.3500935,125.0,2.0253918,,,,,,,,,,,,,,,,,,,,,,,,
FAILED_SETUP,,,,,,,2026-02-06,2408.0,南亞科,電子工業,0.8406824686200827,SECTOR_WEAK,-0.2220177,-0.29734513,0.07256637,0.0392452354954142,0.23674242,0.54877937,0.036,0.18704809,1.1157011,2.3198943,4.5041456,1.0,0.043208994,1.0,-0.031850267,1.3208723,1.9390259,2.1980186,168.0,0.8753563,,,,,,,,,,,,,,,,,,,,,,,,
FAILED_SETUP,,,,,,,2026-02-06,2431.0,聯昌,電子零組件業,0.90668943654537,SECTOR_WEAK,-0.31573528,-0.35588235,0.038235296,0.0392452354954142,0.07294833,0.20222807,0.008,0.36607745,0.33678252,4.6385803,0.1347749,0.04255319,0.063186884,0.7978339,-0.03060494,1.1413612,1.5361791,3.4380658,15.0,0.69003946,,,,,,,,,,,,,,,,,,,,,,,,
FAILED_SETUP,,,,,,,2026-02-06,1342.0,八貫,其他,0.7043080153967751,SECTOR_WEAK,-0.122869566,-0.14557667,0.024154596,0.0392452354954142,0.092734545,0.01457474,0.124,0.13125186,0.14793868,5.652,0.1000844,0.012297327,0.20832041,0.6413959,-0.10642352,1.6878049,16.45809,4.4081483,13.0,0.21339619,,,,,,,,,,,,,,,,,,,,,,,,
FAILED_SETUP,,,,,,,2026-02-06,2451.0,創見,電子工業,0.6428553085489768,SECTOR_WEAK,-0.10921109,-0.18336888,0.42857143,0.0392452354954142,0.24886878,0.28341997,0.044,-0.1136175,0.47340992,1.3085402,2.2787867,0.24886878,0.2490755,0.9566787,-0.029863907,1.0241287,0.943906,0.663382,134.0,1.683875,,,,,,,,,,,,,,,,,,,,,,,,
FAILED_SETUP,,,,,,,2026-02-06,2449.0,京元電子,電子工業,0.7996898388702944,SECTOR_WEAK,-0.123333335,-0.13973065,0.12121212,0.0392452354954142,0.14285715,0.14513886,0.036,0.04814716,0.49328616,2.3963552,8.108108,1.0,0.033093434,0.944645,-0.03084111,1.1333333,1.506604,2.4865265,124.0,2.1704895,,,,,,,,,,,,,,,,,,,,,,,,
FAILED_SETUP,,,,,,,2026-02-06,3324.0,雙鴻,其他電子業,0.6901587328762238,SECTOR_WEAK,-0.2044,-0.20454545,0.09090909,0.0392452354954142,0.0776699,-0.14999026,0.036,0.08862544,0.2020727,4.9260716,0.11874679,0.024271844,0.038695626,0.8375451,-0.079863206,1.7319587,2.07919,1.8352634,120.0,1.3208045,,,,,,,,,,,,,,,,,,,,,,,,
FAILED_SETUP,,,,,,,2026-02-06,3290.0,東浦,電子零組件業,0.6468254851439382,SECTOR_WEAK,-0.1445436,-0.18559839,0.11764705,0.0392452354954142,0.071060754,-0.13134931,0.044,0.017001979,0.15199034,3.881868,0.15256855,0.02205281,0.12932462,,-0.031511236,1.1715976,0.8465877,2.3038263,73.0,0.6915094,,,,,,,,,,,,,,,,,,,,,,,,
FAILED_SETUP,,,,,,,2026-02-06,3265.0,台星科,半導體業,0.7119510476141562,SECTOR_WEAK,-0.085875906,-0.091240875,0.3430657,0.0392452354954142,0.1773585,0.21301994,0.056,-0.0018685276,0.26084805,1.5465727,0.37563512,0.032258008,0.30572802,0.76534295,-0.013419665,0.971246,0.33026963,2.0800626,43.0,1.0748662,,,,,,,,,,,,,,,,,,,,,,,,
FAILED_SETUP,,,,,,,2026-02-06,3260.0,威剛,半導體業,0.8171955384733909,SECTOR_WEAK,-0.19944444,-0.2191358,0.64588803,0.0392452354954142,0.27079934,0.35549787,0.024,0.14717856,0.7411724,2.1261575,5.0139275,1.0,0.046451975,0.9843562,-0.015482582,1.3864077,1.9963343,2.0553074,87.0,1.7617996,,,,,,,,,,,,,,,,,,,,,,,,
FAILED_SETUP,,,,,,,2026-02-06,3443.0,創意,電子工業,0.7068634920091423,SECTOR_WEAK,-0.09981855,-0.13709678,0.36290324,0.0392452354954142,0.19157895,0.1907981,0.052,-0.023898577,0.37896997,1.5611261,10.018178,1.0,0.12105643,0.9410349,-0.030468369,1.1034483,1.05231,0.6753003,83.0,1.4469798,,,,,,,,,,,,,,,,,,,,,,,,
FAILED_SETUP,,,,,,,2026-02-06,3006.0,晶豪科,電子工業,0.8518282957116728,SECTOR_WEAK,-0.19745561,-0.21893491,0.3224852,0.0392452354954142,0.228125,0.4524438,0.02,0.14952609,0.85776454,1.9795763,5.0644293,1.0,0.09289226,0.98194945,-0.031650774,1.2522361,0.8560218,2.6220338,97.0,0.89836574,,,,,,,,,,,,,,,,,,,,,,,,
FAILED_SETUP,,,,,,,2026-02-06,2882.0,國泰金,金融保險,0.6529271278280446,SECTOR_WEAK,-0.05027559,-0.1167979,0.07086614,0.0392452354954142,0.035667103,0.028075762,0.088,-0.023604533,0.12512633,2.518028,0.42040426,0.021136072,0.0615605,0.64861614,-0.037625797,0.98181826,0.82174623,2.2840374,104.0,0.115292534,,,,,,,,,,,,,,,,,,,,,,,,
FAILED_SETUP,,,,,,,2026-02-06,2731.0,雄獅,觀光餐旅,0.7424923601064877,STOCK_SPECIFIC,-0.11463415,-0.1598916,0.0027100272,0.0392452354954142,5.6304406e-10,-0.061068118,0.0,0.017428113,0.13451418,5.0186443,4.911661e-09,5.6304406e-10,0.0,0.7160048,0.0,1.5483872,4.846681,3.3358757,186.0,0.585024,,,,,,,,,,,,,,,,,,,,,,,,
FAILED_SETUP,,,,,,,2026-02-06,2610.0,華航,航運業,0.656598271429509,SECTOR_WEAK,-0.116615385,-0.2131868,0.013186804,0.0392452354954142,0.07843906,-0.013479778,0.156,0.12165806,0.096211985,4.1732583,0.24169998,0.028185936,0.1243521,0.49699157,-0.07267386,0.7967477,0.60165167,3.5760305,9.0,0.041735224,,,,,,,,,,,,,,,,,,,,,,,,
FAILED_SETUP,,,,,,,2026-02-06,2464.0,盟立,電子工業,0.6294935556677881,SECTOR_WEAK,-0.17369048,-0.18121693,0.12433862,0.0392452354954142,0.17608896,0.025969716,0.156,0.06562555,0.11361466,3.0285668,0.17006308,0.029538339,0.3150404,0.5788207,-0.030948645,1.5026739,3.7392576,1.8570567,24.0,1.0827698,,,,,,,,,,,,,,,,,,,,,,,,
FAILED_SETUP,,,,,,,2026-02-06,3149.0,正達,電子工業,0.7466642698373296,SECTOR_WEAK,-0.23695283,-0.2509434,0.06603774,0.0392452354954142,0.29243353,0.09250774,0.024,0.15420079,0.2863569,3.0261445,1.2341424,0.29243353,0.07764074,0.8387485,-0.031636655,0.69781935,0.3361674,2.0012047,24.0,0.87716675,,,,,,,,,,,,,,,,,,,,,,,,
FAILED_SETUP,,,,,,,2026-02-11,6239.0,力成,半導體業,0.6862467085313302,SECTOR_WEAK,-0.06823529,-0.24746451,0.06693712,0.0695754760269027,0.15226337,0.29368296,0.072,-0.06727324,0.48238948,1.2075897,2.231446,0.15226337,0.16854097,0.93325245,-0.0027846606,0.75261325,0.29272205,3.1829062,117.0,1.3043514,,,,,,,,,,,,,,,,,,,,,,,,
FAILED_SETUP,,,,,,,2026-02-11,6192.0,巨路,電子工業,0.7310092219662875,SECTOR_WEAK,-0.05463115,-0.061475415,0.09836066,0.0695754760269027,0.03688525,0.03726659,0.028,0.02265387,0.15041521,2.050769,0.09092256,0.004967204,0.05086051,0.5618932,-0.02937869,0.86111116,1.292269,3.4492302,54.0,-0.064552404,,,,,,,,,,,,,,,,,,,,,,,,
FAILED_SETUP,,,,,,,2026-02-11,6134.0,萬旭,電子零組件業,0.6613650332519989,SECTOR_WEAK,-0.08978618,-0.093750015,0.16776314,0.0695754760269027,0.16861439,0.14759484,0.092,0.0047780285,0.20510206,1.3086643,0.2188038,0.019645557,0.2786993,0.559466,-0.029214399,1.0208817,0.25323403,1.2737442,54.0,0.76611173,,,,,,,,,,,,,,,,,,,,,,,,
FAILED_SETUP,,,,,,,2026-02-11,6126.0,信音,電子零組件業,0.8625336958944967,SECTOR_WEAK,-0.17625955,-0.26590332,0.030534353,0.0695754760269027,0.035805605,0.06400515,0.0,0.14403668,0.33115438,4.458759,0.018035557,0.0031789392,0.0,0.8264563,-0.030297333,0.61498713,0.6039898,3.8599236,76.0,-0.13138074,,,,,,,,,,,,,,,,,,,,,,,,
FAILED_SETUP,,,,,,,2026-02-11,5292.0,華懋,綠能環保,0.634851044464733,SECTOR_WEAK,-0.07170732,-0.07859079,0.4607046,0.0695754760269027,0.25,0.068821095,0.048,0.02699099,0.13824806,1.617642,3.4863944,0.25,0.20797732,0.6286408,-0.10787109,0.93121696,0.30913866,1.6139739,33.0,0.3490112,,,,,,,,,,,,,,,,,,,,,,,,
FAILED_SETUP,,,,,,,2026-02-11,4967.0,十銓,半導體業,0.6501507327325421,SECTOR_WEAK,-0.07695652,-0.1763285,0.39371982,0.0695754760269027,0.3358396,0.19625746,0.052,-0.0067016217,0.59027,0.8496,12.99435,1.0,0.10377548,0.98179615,-0.0038521204,0.79514414,0.4634242,1.2493334,87.0,1.5854079,,,,,,,,,,,,,,,,,,,,,,,,
FAILED_SETUP,,,,,,,2026-02-11,3663.0,鑫科,其他電子業,0.8230764827061587,SECTOR_WEAK,-0.2007206,-0.2485294,0.18529412,0.0695754760269027,0.14275925,0.31383094,0.024,0.14690061,0.276416,3.3523858,0.36365327,0.0729927,0.040383697,0.69902915,-0.08187511,1.1278689,2.1066556,3.6758187,19.0,0.45679086,,,,,,,,,,,,,,,,,,,,,,,,
FAILED_SETUP,,,,,,,2026-02-11,6257.0,矽格,電子工業,0.7008221556022208,SECTOR_WEAK,-0.07933852,-0.08171206,0.5097276,0.0695754760269027,0.105882354,0.13959076,0.06,-0.022634823,0.31014687,1.8904637,1.3345642,0.105882354,0.11580661,0.86771846,-0.029069867,1.0084033,0.5333207,2.7669318,166.0,1.3608848,,,,,,,,,,,,,,,,,,,,,,,,
FAILED_SETUP,,,,,,,2026-02-11,3581.0,博磊,半導體業,0.6354800832787699,SECTOR_WEAK,-0.08983871,-0.09677419,1.3093842,0.0695754760269027,0.16897507,0.06183658,0.08,-0.049568556,0.326715,1.4612948,0.24667169,0.022160668,0.19816919,0.9199029,-0.0030408988,1.1465517,1.0425258,0.70834744,83.0,1.4773692,,,,,,,,,,,,,,,,,,,,,,,,
FAILED_SETUP,,,,,,,2026-02-11,5347.0,世界,半導體業,0.6292314907649127,SECTOR_WEAK,-0.12692913,-0.17322835,0.18897638,0.0695754760269027,0.35714287,0.18833522,0.02,-0.016272776,0.24639764,1.5781819,0.5301201,0.06728768,0.1525228,0.7839806,-0.0038588762,0.7802469,0.2615073,1.5873193,27.0,0.6109736,,,,,,,,,,,,,,,,,,,,,,,,
FAILED_SETUP,,,,,,,2026-02-11,6261.0,久元,半導體業,0.7275951541377489,SECTOR_WEAK,-0.053696547,-0.103448264,0.33655173,0.0695754760269027,0.027586205,0.041160442,0.016,-0.008832118,0.16209686,1.7357322,0.2507065,0.013462072,0.05164216,0.7026699,-0.0034172686,0.98313254,0.68604493,2.182484,59.0,-0.033328235,,,,,,,,,,,,,,,,,,,,,,,,
FAILED_SETUP,,,,,,,2026-02-11,7827.0,漢康-KY,生技醫療業,0.8198307056086843,SECTOR_WEAK,-0.069711536,-0.114993125,0.3837353,0.0695754760269027,,0.33739203,0.008,0.27148747,0.349614,1.2392442,0.7172414,0.05,0.0075786975,0.7949029,-0.08133305,0.6666667,0.26172242,3.9045873,24.0,-0.6703652,,,,,,,,,,,,,,,,,,,,,,,,
FAILED_SETUP,,,,,,,2026-02-11,6275.0,元山,其他電子業,0.646920969385617,SECTOR_WEAK,-0.10159812,-0.14392522,0.10654207,0.0695754760269027,0.16792452,0.0041438937,0.092,0.072867565,0.1361904,2.7080781,1.0498431,0.10666209,0.4730481,0.6395631,-0.08000203,0.9773196,0.7709974,0.9503558,64.0,1.1496402,,,,,,,,,,,,,,,,,,,,,,,,
FAILED_SETUP,,,,,,,2026-02-11,6443.0,元晶,光電業,0.7558348632490702,SECTOR_WEAK,-0.04564,-0.078666665,0.50666666,0.0695754760269027,0.24528302,1.365733,0.048,0.015173204,0.8508664,0.51807564,0.038884163,0.0017746731,0.44103104,0.9466019,-0.10500532,0.8690386,0.32107586,2.942018,38.0,-0.6163517,,,,,,,,,,,,,,,,,,,,,,,,
FAILED_SETUP,,,,,,,2026-02-11,6691.0,洋基工程,電子工業,0.6918038736037273,SECTOR_WEAK,-0.062191103,-0.085667215,0.16144976,0.0695754760269027,0.07178631,0.17122951,0.056,-0.033295467,0.21298611,2.2299578,1.1005981,0.06844741,0.094841644,0.70995146,-0.028981473,1.0107527,0.48267087,2.2368495,214.0,0.9604587,,,,,,,,,,,,,,,,,,,,,,,,
FAILED_SETUP,,,,,,,2026-02-11,7780.0,大研生醫,食品工業,0.7506650460339312,SECTOR_WEAK,-0.21558467,-0.29435486,0.06048385,0.0695754760269027,0.21487603,0.13527234,0.04,0.32403153,0.20421256,3.4895568,0.33635563,0.07251311,0.5271052,0.5388349,-0.05218408,0.82277584,0.26212278,2.4951186,18.0,0.21226934,,,,,,,,,,,,,,,,,,,,,,,,
FAILED_SETUP,,,,,,,2026-02-11,8074.0,鉅橡,電子零組件業,0.7739514495704325,SECTOR_WEAK,-0.12446875,-0.1765625,0.34375,0.0695754760269027,0.25490195,0.51356125,0.032,0.048537835,0.6353142,1.604662,2.0479193,0.25490195,0.123931766,0.8871359,-0.02962609,0.8595988,0.39336365,2.359017,135.0,-0.8493952,,,,,,,,,,,,,,,,,,,,,,,,
FAILED_SETUP,,,,,,,2026-02-11,8103.0,瀚荃,電子零組件業,0.8968308640303588,SECTOR_WEAK,-0.22908333,-0.28611112,0.0,0.0695754760269027,0.0,0.08222233,0.0,0.16527978,0.4571469,4.051158,4.365224,1.0,0.0,0.88470876,-0.030417465,1.3078839,1.8885677,3.0499928,46.0,1.8738182,,,,,,,,,,,,,,,,,,,,,,,,
FAILED_SETUP,,,,,,,2026-02-11,8131.0,福懋科,電子工業,0.7571806682923864,SECTOR_WEAK,-0.13925,-0.20694444,0.02083334,0.0695754760269027,0.23232324,0.27206752,0.028,0.02145426,0.6550427,1.8324281,1.6683897,0.23232324,0.1427447,0.97694176,-0.029525042,0.66306305,0.6945119,1.9373368,102.0,1.9502445,,,,,,,,,,,,,,,,,,,,,,,,
FAILED_SETUP,,,,,,,2026-02-11,8299.0,群聯,半導體業,0.7005225957189489,SECTOR_WEAK,-0.1175,-0.2550505,0.053030305,0.0695754760269027,0.32884097,0.2649724,0.036,0.01292079,0.81056523,1.4671621,8.510638,1.0,0.09870996,0.99271846,-0.0041110483,0.85897434,0.74841434,2.165383,108.0,1.8792397,,,,,,,,,,,,,,,,,,,,,,,,
FAILED_SETUP,,,,,,,2026-02-11,8390.0,金益鼎,綠能環保,0.8577673331439056,SECTOR_WEAK,-0.16266355,-0.19813085,0.037383176,0.0695754760269027,0.053140093,0.2688322,0.012,0.07842899,0.36267522,3.0883396,0.26728952,0.04347826,0.029807504,0.875,-0.1098353,1.1834532,0.9852661,2.1289818,69.0,0.017163595,,,,,,,,,,,,,,,,,,,,,,,,
FAILED_SETUP,,,,,,,2026-02-11,3532.0,台勝科,電子工業,0.8652727234777127,SECTOR_WEAK,-0.15047297,-0.25337836,0.33445945,0.0695754760269027,0.087837845,0.39736468,0.012,0.08174839,0.47781283,2.234982,0.031942572,0.004806494,0.043806005,0.9053398,-0.029773781,0.8967255,1.0245378,3.5429869,56.0,0.7146287,,,,,,,,,,,,,,,,,,,,,,,,
FAILED_SETUP,,,,,,,2026-02-11,8436.0,大江,生技醫療業,0.6253168191253234,SECTOR_WEAK,-0.05985612,-0.1438849,0.017985612,0.0695754760269027,0.17818181,-0.01682367,0.108,0.07021121,0.13228552,1.664,0.30112252,0.018024025,0.25711113,0.59951454,-0.07650934,0.7478261,0.4709651,2.4533334,18.0,0.17313676,,,,,,,,,,,,,,,,,,,,,,,,
FAILED_SETUP,,,,,,,2026-02-11,6274.0,台燿,電子零組件業,0.8587871282631777,SECTOR_WEAK,-0.16216667,-0.18333334,0.83679736,0.0695754760269027,0.037593987,0.14359203,0.012,0.09033998,0.422067,3.453465,0.23182315,0.037593987,0.0073323017,0.85072815,-0.029693445,0.9102296,0.5960472,2.6987793,173.0,2.4265118,,,,,,,,,,,,,,,,,,,,,,,,
FAILED_SETUP,,,,,,,2026-02-11,3443.0,創意,電子工業,0.7312557142221564,SECTOR_WEAK,-0.11057769,-0.14741036,0.52589643,0.0695754760269027,0.14343435,0.124900155,0.06,0.015865965,0.41679546,1.9094349,9.043416,1.0,0.094405785,0.9393204,-0.02939937,0.8130081,0.36770105,1.22629,86.0,1.6432513,,,,,,,,,,,,,,,,,,,,,,,,
FAILED_SETUP,,,,,,,2026-02-11,3260.0,威剛,半導體業,0.7190045975391026,SECTOR_WEAK,-0.12072368,-0.16776316,0.7541701,0.0695754760269027,0.32482994,0.17664668,0.028,0.043282278,0.63064617,1.319127,2.6906893,0.32482994,0.06288507,0.9830097,-0.0045886636,0.79241705,0.6696822,1.640522,90.0,1.7631984,,,,,,,,,,,,,,,,,,,,,,,,
FAILED_SETUP,,,,,,,2026-02-11,3290.0,東浦,電子零組件業,0.6354596911310266,SECTOR_WEAK,-0.13222222,-0.17386831,0.13374485,0.0695754760269027,0.09014676,-0.092244975,0.08,0.08509642,0.12517752,3.12375,0.04756613,0.006289299,0.21982683,,-0.029823909,1.2,1.3395047,1.5474538,76.0,0.81466883,,,,,,,,,,,,,,,,,,,,,,,,
FAILED_SETUP,,,,,,,2026-02-11,1342.0,八貫,其他,0.6889895311291727,SECTOR_WEAK,-0.109970585,-0.13301162,0.04582434,0.0695754760269027,0.077802,0.005552647,0.112,0.11014658,0.14888655,4.089531,0.066026986,0.007261026,0.2481967,0.64320385,-0.090735,1.8305085,1.7422358,3.4963539,16.0,0.231731,,,,,,,,,,,,,,,,,,,,,,,,
FAILED_SETUP,,,,,,,2026-02-11,3324.0,雙鴻,其他電子業,0.740784360082615,SECTOR_WEAK,-0.20076713,-0.20091324,0.09589041,0.0695754760269027,0.089201875,-0.08079784,0.012,0.11810684,0.23009518,3.9257143,0.21046035,0.04225352,0.017029783,0.82281554,-0.08077881,1.6964824,0.78475374,2.0553572,123.0,1.3162124,,,,,,,,,,,,,,,,,,,,,,,,
FAILED_SETUP,,,,,,,2026-02-11,1514.0,亞力,電機機械,0.7246135685984018,SECTOR_WEAK,-0.1663158,-0.1902834,0.0728745,0.0695754760269027,0.21311475,0.057254493,0.024,0.13745214,0.16565126,3.092043,0.19269203,0.032047726,0.11107917,0.68082523,-0.049288858,0.6363636,0.15946536,2.1496775,15.0,0.6350319,,,,,,,,,,,,,,,,,,,,,,,,
FAILED_SETUP,,,,,,,2026-02-11,1519.0,華城,電機機械,0.7877760883233941,SECTOR_WEAK,-0.11138554,-0.2188755,0.11947791,0.0695754760269027,0.13753878,0.1444212,0.044,0.09444039,0.3718305,2.2315516,1.2347991,0.13753878,0.046059694,0.8543689,-0.047834333,0.8787603,0.64572084,2.777203,141.0,1.2477319,,,,,,,,,,,,,,,,,,,,,,,,
FAILED_SETUP,,,,,,,2026-02-11,1590.0,亞德客-KY,電機機械,0.8482948827699796,SECTOR_WEAK,-0.19582787,-0.22704919,0.11885246,0.0695754760269027,0.0625,0.072556,0.02,0.2131457,0.34464914,4.2445936,0.13747327,0.026921097,0.030693365,0.8531553,-0.04940638,1.3361169,0.91203034,3.7768612,66.0,0.085766785,,,,,,,,,,,,,,,,,,,,,,,,
FAILED_SETUP,,,,,,,2026-02-11,1721.0,國慶科技,化學生技醫療,0.6767077000604538,SECTOR_WEAK,-0.047964603,-0.07964602,0.6076696,0.0695754760269027,0.33333334,0.24855688,0.044,0.052702297,0.26300886,0.70259255,0.8610086,0.041297935,0.16548604,0.7160194,-0.09482808,0.8268551,0.2486065,1.8436213,30.0,1.1494423,,,,,,,,,,,,,,,,,,,,,,,,
FAILED_SETUP,,,,,,,2026-02-11,2208.0,台船,航運業,0.6520708809415899,SECTOR_WEAK,-0.18165323,-0.18951613,0.004032258,0.0695754760269027,0.27659574,0.024491625,0.036,0.08977795,0.1442576,4.5537906,0.05856377,0.010638298,0.2418281,0.782767,-0.03807566,1.0127877,1.7689995,2.543923,25.0,0.3238064,,,,,,,,,,,,,,,,,,,,,,,,
FAILED_SETUP,,,,,,,2026-02-11,2301.0,光寶科,電子工業,0.7116906172462099,SECTOR_WEAK,-0.15219513,-0.23031984,0.08401084,0.0695754760269027,0.09749304,-0.056139722,0.024,0.06825056,0.16947511,3.4184349,0.18302265,0.027855154,0.08107905,0.79611653,-0.02966094,0.9382716,1.2655768,2.0218842,184.0,1.3133591,,,,,,,,,,,,,,,,,,,,,,,,
FAILED_SETUP,,,,,,,2026-02-11,2303.0,聯電,電子工業,0.7649950293382892,SECTOR_WEAK,-0.18461657,-0.19018406,0.23006135,0.0695754760269027,0.2691083,0.21541771,0.024,0.15699169,0.3194386,2.993215,1.4576606,0.2691083,0.14517054,0.8434466,-0.030289412,0.47225502,0.3375694,2.136057,98.0,1.0358679,,,,,,,,,,,,,,,,,,,,,,,,
FAILED_SETUP,,,,,,,2026-02-11,2344.0,華邦電,電子工業,0.7598479822109094,SECTOR_WEAK,-0.17860262,-0.26429045,0.13100436,0.0695754760269027,0.2890995,0.49496755,0.036,0.05058267,0.97772944,2.1005137,5.599022,1.0,0.049838632,0.9987864,-0.029729117,0.8300268,1.3090361,1.988041,128.0,1.8623475,,,,,,,,,,,,,,,,,,,,,,,,
FAILED_SETUP,,,,,,,2026-02-11,2408.0,南亞科,電子工業,0.8596932243405133,SECTOR_WEAK,-0.20967796,-0.32711864,0.027118644,0.0695754760269027,0.17446043,0.49869117,0.028,0.16960557,1.1500553,2.4601421,4.7692184,1.0,0.03556579,1.0,-0.030390562,0.8773389,1.1164714,2.6982481,171.0,0.77551657,,,,,,,,,,,,,,,,,,,,,,,,
FAILED_SETUP,,,,,,,2026-02-11,1503.0,士電,電機機械,0.6999983931746582,SECTOR_WEAK,-0.12126146,-0.18348624,0.112385325,0.0695754760269027,0.19148935,0.06306072,0.04,0.07935604,0.15329544,1.8882142,0.04327598,0.0052477084,0.13448933,0.66626215,-0.047434896,0.7362832,0.39370388,1.8380952,19.0,1.4760504,,,,,,,,,,,,,,,,,,,,,,,,
FAILED_SETUP,,,,,,,2026-02-11,2449.0,京元電子,電子工業,0.9173834379425078,SECTOR_WEAK,-0.19265117,-0.20775193,0.03255814,0.0695754760269027,0.033492826,0.28477806,0.0,0.1528251,0.6172298,3.7492242,5.190729,1.0,0.0,0.95388347,-0.030120898,1.159322,1.0774448,3.8329022,127.0,2.2172098,,,,,,,,,,,,,,,,,,,,,,,,
FAILED_SETUP,,,,,,,2026-02-11,2431.0,聯昌,電子零組件業,0.7606724814365244,SECTOR_WEAK,-0.19826229,-0.28196722,0.114754096,0.0695754760269027,0.1611842,0.08232818,0.048,0.21305084,0.22696085,2.3257692,0.049774572,0.009868421,0.23793782,0.7196602,-0.02842799,1.2900232,0.43065014,1.975,18.0,0.60941255,,,,,,,,,,,,,,,,,,,,,,,,
FAILED_SETUP,,,,,,,2026-02-11,3264.0,欣銓,半導體業,0.8111295828737936,SECTOR_WEAK,-0.11676471,-0.15359478,0.44771242,0.0695754760269027,0.11803279,0.47239113,0.048,0.049684286,0.5939989,1.7865,1.0108602,0.11803279,0.10238281,0.940534,-0.0043846834,0.91964287,0.58073866,3.3983333,119.0,1.8676757,,,,,,,,,,,,,,,,,,,,,,,,
FAILED_SETUP,,,,,,,2026-02-11,3149.0,正達,電子工業,0.7214530561939119,SECTOR_WEAK,-0.13742575,-0.21386139,0.118811876,0.0695754760269027,0.28455284,0.15335816,0.036,0.11714114,0.2803942,1.8453941,2.0705934,0.28455284,0.09358533,0.8106796,-0.03011415,0.7721912,0.32149118,2.0884776,27.0,0.86622334,,,,,,,,,,,,,,,,,,,,,,,,
FAILED_SETUP,,,,,,,2026-02-11,3006.0,晶豪科,電子工業,0.7509656556020997,SECTOR_WEAK,-0.15231249,-0.175,0.396875,0.0695754760269027,0.27597404,0.40886852,0.032,0.030393204,0.7447789,1.529955,6.5654497,1.0,0.13632323,0.98058254,-0.02961685,0.7775832,0.4116991,2.1988788,100.0,0.87362397,,,,,,,,,,,,,,,,,,,,,,,,
FAILED_SETUP,,,,,,,2026-02-11,2889.0,國票金,金融保險,0.6549243080295485,STOCK_SPECIFIC,-0.07600001,-0.13623188,0.03188406,0.0695754760269027,0.0058139535,-0.07856567,0.0,-0.030579155,0.08694131,5.028494,0.07649885,0.005813914,0.0,0.55582523,0.0090677515,1.0256412,2.5672884,2.646576,145.0,-0.22493698,,,,,,,,,,,,,,,,,,,,,,,,
FAILED_SETUP,,,,,,,2026-02-11,3265.0,台星科,半導體業,0.6588271162111801,SECTOR_WEAK,-0.064,-0.09454546,0.33818182,0.0695754760269027,0.15555556,0.21169534,0.072,-0.0551002,0.27406567,1.2507614,0.20534565,0.013142122,0.30387622,0.7815534,-0.002899612,0.82191783,0.33991638,2.3186462,46.0,0.940029,,,,,,,,,,,,,,,,,,,,,,,,
FAILED_SETUP,,,,,,,2026-02-11,2610.0,華航,航運業,0.6347069530077873,SECTOR_WEAK,-0.091960795,-0.22004357,0.0,0.0695754760269027,0.07606364,-0.0027526983,0.152,0.07153637,0.09677776,3.7166045,0.28187242,0.02592121,0.12326319,0.5291262,-0.03704233,0.68376064,0.9766227,3.7935019,12.0,-0.03928385,,,,,,,,,,,,,,,,,,,,,,,,
FAILED_SETUP,,,,,,,2026-02-11,2495.0,普安,其他電子業,0.6665803532980978,SECTOR_WEAK,-0.08049537,-0.125387,0.4241486,0.0695754760269027,0.19936708,0.034530256,0.076,0.042589393,0.23726352,1.4218752,0.35105556,0.028258348,0.2829055,0.83859223,-0.078850076,0.7885118,0.35935825,0.5847007,58.0,0.6836401,,,,,,,,,,,,,,,,,,,,,,,,
FAILED_SETUP,,,,,,,2026-02-11,2484.0,希華,電子零組件業,0.6931855486004511,SECTOR_WEAK,-0.037913557,-0.05639099,0.924812,0.0695754760269027,0.17613637,0.07675403,0.048,0.036088083,0.18623313,0.70243824,1.0067344,0.03816888,0.59273005,0.6735437,-0.02887053,0.6018238,0.101022,2.2387226,19.0,1.2130561,,,,,,,,,,,,,,,,,,,,,,,,
FAILED_SETUP,,,,,,,2026-02-11,2454.0,聯發科,電子工業,0.9187791857820344,SECTOR_WEAK,-0.23643617,-0.2393617,0.22074468,0.0695754760269027,0.008086253,0.31363186,0.0,0.23098058,0.33327168,5.251477,4.229471,1.0,0.0,0.76820385,-0.030574584,1.1567944,0.7430303,4.5315275,43.0,0.71451354,,,,,,,,,,,,,,,,,,,,,,,,
FAILED_SETUP,,,,,,,2026-02-11,2882.0,國泰金,金融保險,0.7663096930567947,TOO_EXTENDED,-0.11094594,-0.17321867,0.0024570024,0.0695754760269027,0.0038071065,0.020184934,0.0,0.011382552,0.16554254,6.137572,9.013399,1.0,0.0,0.7014563,0.0072429837,0.92604506,1.3497814,4.0527506,107.0,0.13979091,,,,,,,,,,,,,,,,,,,,,,,,
FAILED_SETUP,,,,,,,2026-02-26,6691.0,洋基工程,電子工業,0.8356915185970065,TOO_EXTENDED,-0.15416047,-0.17533432,0.04754829,0.1261327439251471,0.0,0.251331,0.0,0.08331394,0.36549523,4.685484,6.486747,1.0,0.0,0.7438119,0.045455154,1.3838384,3.4602988,4.953817,218.0,0.7969753,,,,,,,,,,,,,,,,,,,,,,,,
FAILED_SETUP,,,,,,,2026-02-26,6134.0,萬旭,電子零組件業,0.6396119899865063,STOCK_SPECIFIC,-0.1102733,-0.11414792,0.14147909,0.1261327439251471,0.07692308,0.26092264,0.016,-0.037959624,0.28911984,1.7619447,0.10174625,0.011219895,0.1226426,0.63366336,0.07509428,0.8513854,0.48842448,2.303364,58.0,0.6474607,,,,,,,,,,,,,,,,,,,,,,,,
FAILED_SETUP,,,,,,,2026-02-26,6192.0,巨路,電子工業,0.7372032131344393,TOO_EXTENDED,-0.10593024,-0.11240311,0.03875969,0.1261327439251471,0.007575758,0.08285894,0.0,0.0493781,0.23570052,3.8262,9.440175,1.0,0.0,0.5878713,0.045660175,1.3517241,2.0435991,5.4203334,58.0,-0.2035116,,,,,,,,,,,,,,,,,,,,,,,,
FAILED_SETUP,,,,,,,2026-02-26,6239.0,力成,半導體業,0.6817144984373511,TOO_EXTENDED,-0.08128,-0.258,0.022000002,0.1261327439251471,0.08527132,0.4086619,0.02,-0.044974115,0.54219514,1.6302578,1.0491059,0.08527132,0.060283482,0.9195545,0.061254807,0.7943761,0.7203825,4.2274117,121.0,1.4016318,,,,,,,,,,,,,,,,,,,,,,,,
FAILED_SETUP,,,,,,,2026-02-26,6257.0,矽格,電子工業,0.840029453654366,TOO_EXTENDED,-0.17269231,-0.17482518,0.35664335,0.1261327439251471,0.0,0.32847577,0.0,0.03527349,0.5216673,3.9512002,5.7906456,1.0,0.0,0.8898515,0.045741986,1.2166667,2.3705928,5.625867,170.0,1.4549539,,,,,,,,,,,,,,,,,,,,,,,,
FAILED_SETUP,,,,,,,2026-02-26,6261.0,久元,半導體業,0.6294025585463915,STOCK_SPECIFIC,-0.08156626,-0.12985273,0.3253012,0.1261327439251471,0.023936171,0.057996534,0.004,-0.029158562,0.19626959,2.444183,0.0064337403,0.0005247761,0.010732657,0.6608911,0.06114558,1.0964912,1.5232518,2.6161416,63.0,-0.25328636,,,,,,,,,,,,,,,,,,,,,,,,
FAILED_SETUP,,,,,,,2026-02-26,6274.0,台燿,電子零組件業,0.7212427158478116,STOCK_SPECIFIC,-0.12994231,-0.15192308,1.0935354,0.1261327439251471,0.06972477,0.1447769,0.008,0.063519076,0.42606694,2.6132045,0.098844156,0.012844038,0.004595541,0.86262375,0.07428511,0.9544132,1.4690118,2.7371547,177.0,2.8079817,,,,,,,,,,,,,,,,,,,,,,,,
FAILED_SETUP,,,,,,,2026-02-26,6443.0,元晶,光電業,0.9085266083162352,SECTOR_WEAK,-0.20114955,-0.22879465,0.2611607,0.1261327439251471,0.024390243,2.0107424,0.0,0.11666619,1.1733892,2.7278054,4.9714255,1.0,0.0,0.9591584,-0.020838264,0.86725664,0.93896115,4.779171,42.0,-1.681315,,,,,,,,,,,,,,,,,,,,,,,,
FAILED_SETUP,,,,,,,2026-02-26,6770.0,力積電,電子工業,0.8840415289975064,TOO_EXTENDED,-0.19995798,-0.2857143,0.09243697,0.1261327439251471,0.028683182,0.91622037,0.0,0.06965592,1.3211944,2.6025782,5.0010505,1.0,0.0,0.9938119,0.04541328,0.8775137,1.0750328,5.080773,104.0,0.99065137,,,,,,,,,,,,,,,,,,,,,,,,
FAILED_SETUP,,,,,,,2026-02-26,8091.0,翔名,電子零組件業,0.6824646049576575,STOCK_SPECIFIC,-0.09485714,-0.1,0.425,0.1261327439251471,0.03448276,0.101798765,0.0,-0.026296746,0.26189372,2.100791,1.0099753,0.09580337,0.0,0.73762375,0.07512668,1.2376682,1.5842376,3.3180792,58.0,0.5393243,,,,,,,,,,,,,,,,,,,,,,,,
FAILED_SETUP,,,,,,,2026-02-26,7769.0,鴻勁,半導體業,0.9178869997962018,TOO_EXTENDED,-0.27413866,-0.27521008,0.079831935,0.1261327439251471,0.007201646,0.43995672,0.0,0.32377526,0.82682085,7.0399227,3.647789,1.0,0.0,0.9443069,0.057218455,1.6503067,9.267507,7.459986,180.0,0.30125228,,,,,,,,,,,,,,,,,,,,,,,,
FAILED_SETUP,,,,,,,2026-02-26,7788.0,松川精密,電子零組件業,0.8134334401929134,STOCK_SPECIFIC,-0.23825,-0.27222222,0.03888889,0.1261327439251471,0.058201056,0.48400894,0.012,0.25363088,0.5087908,3.4406304,0.24428566,0.058201056,0.09932223,0.8490099,0.072493955,0.8787879,0.96974695,3.5454633,42.0,-0.13615735,,,,,,,,,,,,,,,,,,,,,,,,
FAILED_SETUP,,,,,,,2026-02-26,7827.0,漢康-KY,生技醫療業,0.7456283621751247,SECTOR_WEAK,-0.12899296,-0.22519973,0.21142393,0.1261327439251471,,0.33962777,0.0,0.07829747,0.34478137,2.313153,0.3072893,0.039638158,0.0,0.7079208,-0.045832492,1.3314474,0.9294047,3.1684315,28.0,-1.1766301,,,,,,,,,,,,,,,,,,,,,,,,
FAILED_SETUP,,,,,,,2026-02-26,8074.0,鉅橡,電子零組件業,0.7356634922328504,STOCK_SPECIFIC,-0.121168435,-0.2003035,0.30500758,0.1261327439251471,0.10186513,0.7308471,0.008,-0.02030227,0.8048111,1.5947218,0.84069026,0.10186513,0.025839174,0.9096535,0.07486017,0.8770258,1.0849365,3.5873752,139.0,-1.8728822,,,,,,,,,,,,,,,,,,,,,,,,
FAILED_SETUP,,,,,,,2026-02-26,8213.0,志超,電子零組件業,0.6370981739342646,STOCK_SPECIFIC,-0.091839984,-0.14666666,0.061333347,0.1261327439251471,0.016795866,-0.031678542,0.0,0.01590849,0.1350727,2.731784,0.6310953,0.05795978,0.0,0.46163365,0.07552301,1.208633,2.4675257,3.5337107,30.0,0.49652722,,,,,,,,,,,,,,,,,,,,,,,,
FAILED_SETUP,,,,,,,2026-02-26,8390.0,金益鼎,綠能環保,0.663144695873704,SECTOR_WEAK,-0.18178083,-0.24931507,0.01369863,0.1261327439251471,0.058252428,0.084524766,0.024,0.03880356,0.33621696,3.7455647,0.2670452,0.048543695,0.05735305,0.7846535,-0.010061341,0.75695735,0.4656873,1.8070788,73.0,-0.034609273,,,,,,,,,,,,,,,,,,,,,,,,
FAILED_SETUP,,,,,,,2026-02-26,8431.0,匯鑽科,其他電子業,0.7024862365937088,STOCK_SPECIFIC,-0.14848214,-0.17857143,0.15476191,0.1261327439251471,0.14425771,0.5108167,0.028,0.049941853,0.4633316,2.3127816,0.9715492,0.14425771,0.19857118,0.77351487,0.049189568,1.0498177,2.3376143,2.3205583,43.0,0.7618051,,,,,,,,,,,,,,,,,,,,,,,,
FAILED_SETUP,,,,,,,2026-02-26,6126.0,信音,電子零組件業,0.6291311593129633,STOCK_SPECIFIC,-0.08719561,-0.21067032,0.01504788,0.1261327439251471,0.057441246,0.050795767,0.028,0.03423811,0.28293562,2.1196196,0.27676925,0.024133064,0.15821362,0.75123763,0.074445836,0.7318436,0.3734451,3.1015043,80.0,-0.5623726,,,,,,,,,,,,,,,,,,,,,,,,
FAILED_SETUP,,,,,,,2026-02-26,6862.0,三集瑞-KY,電子零組件業,0.7475984789298037,STOCK_SPECIFIC,-0.22,-0.26573426,0.10955711,0.1261327439251471,0.025,0.11275381,0.0,0.021363467,0.35118535,3.6601663,0.08264463,0.018181818,0.0,0.81064355,0.07459994,1.2895752,2.1725445,3.525854,34.0,0.38496554,,,,,,,,,,,,,,,,,,,,,,,,
FAILED_SETUP,,,,,,,2026-02-26,5607.0,遠雄港,航運業,0.6968467555938662,TOO_EXTENDED,-0.17439114,-0.17712179,0.053505536,0.1261327439251471,0.0053859963,-0.025014173,0.0,0.13516352,0.14118548,5.816615,0.104112,0.01815621,0.0,0.45915842,0.0072887903,1.3857143,3.7304575,4.365128,6.0,0.97841054,,,,,,,,,,,,,,,,,,,,,,,,
FAILED_SETUP,,,,,,,2026-02-26,3372.0,典範,半導體業,0.728601812471381,STOCK_SPECIFIC,-0.17253728,-0.24733475,0.083155654,0.1261327439251471,0.021442495,0.2513093,0.0,-0.07121719,0.45248967,3.2367995,0.011298096,0.0019493428,0.0,0.894802,0.061652955,1.1234347,5.118994,3.9406667,107.0,2.2608523,,,,,,,,,,,,,,,,,,,,,,,,
FAILED_SETUP,,,,,,,2026-02-26,4540.0,全球傳動,電機機械,0.6426669338741124,SECTOR_WEAK,-0.13387589,-0.17192268,0.27772126,0.1261327439251471,0.18955512,0.28385648,0.044,0.15887004,0.27198917,2.2011948,0.08668787,0.0116054155,0.22262616,0.5408416,-0.02841223,1.0521091,0.6754596,3.8387098,16.0,-0.39393443,,,,,,,,,,,,,,,,,,,,,,,,
FAILED_SETUP,,,,,,,2026-02-26,1503.0,士電,電機機械,0.720551172682695,SECTOR_WEAK,-0.1178,-0.20888889,0.035555556,0.1261327439251471,0.06779661,0.20104977,0.008,0.100217916,0.27780464,2.073017,0.575523,0.06779661,0.03154455,0.6509901,-0.027213344,0.87700534,1.3234475,3.593203,23.0,1.79889,,,,,,,,,,,,,,,,,,,,,,,,
FAILED_SETUP,,,,,,,2026-02-26,1519.0,華城,電機機械,0.8181266394826376,SECTOR_WEAK,-0.13147826,-0.24830918,0.033816423,0.1261327439251471,0.042056076,0.2822106,0.0,0.08190168,0.4905742,2.43,0.21324728,0.028037382,0.0,0.85272276,-0.026789295,1.1243433,2.249274,3.960119,145.0,0.8464658,,,,,,,,,,,,,,,,,,,,,,,,
FAILED_SETUP,,,,,,,2026-02-26,1590.0,亞德客-KY,電機機械,0.7239613445354556,SECTOR_WEAK,-0.13560352,-0.16916299,0.30396476,0.1261327439251471,0.058091287,0.13150518,0.024,0.19452536,0.33630526,2.4767127,0.1671049,0.022660013,0.035204154,0.7747525,-0.028479837,1.1380597,1.095722,3.18728,70.0,-0.6991148,,,,,,,,,,,,,,,,,,,,,,,,
FAILED_SETUP,,,,,,,2026-02-26,2327.0,國巨*,電子零組件業,0.6693344861626553,STOCK_SPECIFIC,-0.14515957,-0.14893617,0.19326241,0.1261327439251471,0.028523488,0.07286431,0.004,-0.05559173,0.44494647,3.2196066,0.15026276,0.021812078,0.0067412076,0.90470296,0.07538846,1.1891892,1.2802073,3.59897,121.0,2.2760046,,,,,,,,,,,,,,,,,,,,,,,,
FAILED_SETUP,,,,,,,2026-02-26,2344.0,華邦電,電子工業,0.7694679881034192,STOCK_SPECIFIC,-0.18217392,-0.2674892,0.12608695,0.1261327439251471,0.110204086,0.9347711,0.012,0.028883476,1.1862117,2.1774313,0.60493886,0.110204086,0.020843403,1.0,0.045623086,0.9415417,0.96478915,3.3515465,132.0,1.1842682,,,,,,,,,,,,,,,,,,,,,,,,
FAILED_SETUP,,,,,,,2026-02-26,2431.0,聯昌,電子零組件業,0.6494015383848644,STOCK_SPECIFIC,-0.17229508,-0.3114754,0.114754096,0.1261327439251471,0.11708861,0.1735406,0.036,0.120414265,0.26177928,2.3062696,0.036734153,0.006329114,0.22555046,0.6386139,0.07612837,0.65502185,0.59341747,2.5147336,22.0,0.78660244,,,,,,,,,,,,,,,,,,,,,,,,
FAILED_SETUP,,,,,,,2026-02-26,2449.0,京元電子,電子工業,0.8681986942400417,TOO_EXTENDED,-0.16,-0.18500797,0.046251994,0.1261327439251471,0.018348621,0.31831276,0.0,0.13655238,0.6371283,3.192,6.25,1.0,0.0,0.9368812,0.045140225,0.98569155,0.8638632,4.39303,131.0,2.5695443,,,,,,,,,,,,,,,,,,,,,,,,
FAILED_SETUP,,,,,,,2026-02-26,2454.0,聯發科,電子工業,0.8743403942081966,TOO_EXTENDED,-0.26195374,-0.2647815,0.37532133,0.1261327439251471,0.015424165,0.42763236,0.0,0.25575525,0.38481554,6.858654,3.8174682,1.0,0.0,0.72648513,0.04444482,0.9113924,1.1883428,5.7323875,47.0,0.2641447,,,,,,,,,,,,,,,,,,,,,,,,
FAILED_SETUP,,,,,,,2026-02-26,2484.0,希華,電子零組件業,0.6530089991817649,TOO_EXTENDED,-0.08927047,-0.10676157,0.82206404,0.1261327439251471,0.043261223,0.26079926,0.008,-0.08352528,0.3347159,1.7647738,0.13248317,0.011826835,0.102152936,0.7227723,0.07562772,0.9770492,0.6506625,4.358291,23.0,1.5898328,,,,,,,,,,,,,,,,,,,,,,,,
FAILED_SETUP,,,,,,,2026-02-26,2408.0,南亞科,電子工業,0.7043003552080767,STOCK_SPECIFIC,-0.09496269,-0.25932837,0.0858209,0.1261327439251471,0.1436077,0.68128794,0.032,-0.0057841055,1.1020004,1.065172,1.512254,0.1436077,0.03775218,0.99876237,0.04585222,0.7091295,0.6776029,2.7734928,175.0,-0.24996804,,,,,,,,,,,,,,,,,,,,,,,,
FAILED_SETUP,,,,,,,2026-02-26,2891.0,中信金,金融保險,0.7051680774611455,TOO_EXTENDED,-0.10326087,-0.105072476,0.030797096,0.1261327439251471,0.008944544,0.061906047,0.0,0.0064499956,0.23804039,4.458101,9.684211,1.0,0.0,0.6670792,0.08006421,1.5822222,3.262466,5.3262568,204.0,0.06636834,,,,,,,,,,,,,,,,,,,,,,,,
FAILED_SETUP,,,,,,,2026-02-26,2492.0,華新科,電子零組件業,0.690659431475212,STOCK_SPECIFIC,-0.18470588,-0.21799308,0.065743946,0.1261327439251471,0.060897436,0.08535113,0.0,-0.030588051,0.42891166,3.396909,0.32969952,0.060897436,0.0,0.8861386,0.07507787,1.0929577,1.0393515,3.6134849,92.0,2.7878587,,,,,,,,,,,,,,,,,,,,,,,,
FAILED_SETUP,,,,,,,2026-02-26,3543.0,州巧,電子工業,0.6580158922915331,STOCK_SPECIFIC,-0.208,-0.23366337,0.11485148,0.1261327439251471,0.09906542,0.06984573,0.004,0.008209011,0.36447588,3.7852252,0.19769955,0.041121505,0.012007983,0.855198,0.045845035,1.326969,2.5054042,3.265564,151.0,2.0750415,,,,,,,,,,,,,,,,,,,,,,,,
FAILED_SETUP,,,,,,,2026-02-26,3443.0,創意,電子工業,0.7656450404122014,STOCK_SPECIFIC,-0.17316666,-0.2074074,0.5925926,0.1261327439251471,0.02166065,0.23444588,0.0,-0.029698888,0.55428785,2.975318,0.12508556,0.02166065,0.0,0.9133663,0.046060577,0.9935484,1.4960196,2.7326515,90.0,1.7150909,,,,,,,,,,,,,,,,,,,,,,,,
FAILED_SETUP,,,,,,,2026-02-26,5521.0,工信,建材營造,0.7594610107601303,SECTOR_WEAK,-0.307,-0.5946428,0.0,0.1261327439251471,0.06896551,0.5370093,0.012,0.017221462,0.6294847,7.1209464,0.03120041,0.009578526,0.047733806,0.87747526,-0.022939531,1.4516766,3.4775121,4.1571994,71.0,-2.6412559,,,,,,,,,,,,,,,,,,,,,,,,
FAILED_SETUP,,,,,,,2026-02-26,4533.0,協易機,電機機械,0.6319677266285323,SECTOR_WEAK,-0.07009582,-0.1022364,0.30670926,0.1261327439251471,0.27010623,0.40390745,0.06,0.14528526,0.35170245,0.9892428,0.43438834,0.030448807,0.32655522,0.7178218,-0.028353756,0.74809164,0.18891767,2.790231,18.0,0.74150103,,,,,,,,,,,,,,,,,,,,,,,,
FAILED_SETUP,,,,,,,2026-02-26,3265.0,台星科,半導體業,0.7746280399819085,STOCK_SPECIFIC,-0.1,-0.12937063,0.2867133,0.1261327439251471,0.039999995,0.40053695,0.0,-0.0103817405,0.39995894,2.0120604,0.39999995,0.039999995,0.0,0.79950494,0.060888182,0.996633,1.7989849,3.8890452,50.0,0.859024,,,,,,,,,,,,,,,,,,,,,,,,
FAILED_SETUP,,,,,,,2026-02-26,3264.0,欣銓,半導體業,0.6452192715531936,STOCK_SPECIFIC,-0.08893688,-0.13953488,0.4717608,0.1261327439251471,0.082539685,0.5063896,0.024,-0.11722708,0.6108687,1.447027,0.9280704,0.082539685,0.0580942,0.92450494,0.062208295,0.853717,0.55976224,3.7317116,123.0,2.628982,,,,,,,,,,,,,,,,,,,,,,,,
FAILED_SETUP,,,,,,,2026-02-26,3324.0,雙鴻,其他電子業,0.7709304598471677,STOCK_SPECIFIC,-0.208,-0.2081448,0.18099548,0.1261327439251471,0.038961038,0.080861606,0.0,0.18964703,0.3156396,3.0999615,4.8076925,1.0,0.0,0.8180693,0.045400795,1.3166667,2.1033578,2.6120744,127.0,0.73260766,,,,,,,,,,,,,,,,,,,,,,,,
FAILED_SETUP,,,,,,,2026-03-06,6261.0,久元,半導體業,0.6824486215538847,STOP_TOO_TIGHT,-0.019900003,-0.071428575,0.73571426,0.2811682313716233,0.03355706,0.11278584,0.02,0.059954897,0.17487003,0.6132706,0.49877843,0.009925692,0.059884973,0.66459626,0.04953125,0.9105691,0.5923295,2.0530398,68.0,0.11485566,,,,,,,,,,,,,,,,,,,,,,,,
FAILED_SETUP,,,,,,,2026-03-06,8431.0,匯鑽科,其他電子業,0.6629304511278196,STOP_TOO_TIGHT,-0.075573504,-0.10823909,0.2536349,0.2811682313716233,0.2157738,0.5066744,0.048,0.09115867,0.3493232,0.96311766,2.8551514,0.2157738,0.30172825,0.8347826,0.10460758,1.2304394,0.48788816,0.73704356,48.0,0.92731297,,,,,,,,,,,,,,,,,,,,,,,,
FAILED_SETUP,,,,,,,2026-03-06,7827.0,漢康-KY,生技醫療業,0.8,SECTOR_WEAK,-0.21414179,-0.30094346,0.007510533,0.2811682313716233,,0.5203049,0.004,0.19879435,0.4156036,3.0456727,4.669803,1.0,0.008070273,0.79130435,-0.023647292,1.590883,0.60466564,2.777998,33.0,-0.8248108,,,,,,,,,,,,,,,,,,,,,,,,
FAILED_SETUP,,,,,,,2026-03-06,7769.0,鴻勁,半導體業,0.752765664160401,STOCK_SPECIFIC,-0.0694517,-0.09921671,0.5091384,0.2811682313716233,0.16132858,0.2759546,0.016,0.1265683,0.5359385,1.0888889,14.398497,1.0,0.074149005,0.9242236,0.048698414,1.4067996,0.49460006,2.6055555,185.0,1.3586823,,,,,,,,,,,,,,,,,,,,,,,,
FAILED_SETUP,,,,,,,2026-03-06,6770.0,力積電,電子工業,0.7299204260651628,STOP_TOO_TIGHT,-0.011706898,-0.12068967,0.34482756,0.2811682313716233,0.22706066,0.7124405,0.024,0.08089349,0.85234976,0.12759733,85.41972,1.0,0.08638191,0.99378884,0.05848919,1.1109171,0.46267217,2.3787472,109.0,1.8557746,,,,,,,,,,,,,,,,,,,,,,,,
FAILED_SETUP,,,,,,,2026-03-06,6691.0,洋基工程,電子工業,0.6823483709273181,STOP_TOO_TIGHT,-0.04327731,-0.067226894,0.1697479,0.2811682313716233,0.11023622,0.14647514,0.016,0.054776732,0.24915825,0.8967662,0.18194325,0.007874015,0.025144253,0.7093168,0.058750965,1.4234593,0.5309408,1.662355,223.0,1.054687,,,,,,,,,,,,,,,,,,,,,,,,
FAILED_SETUP,,,,,,,2026-03-06,6651.0,全宇昕,半導體業,0.7301484962406015,TOO_EXTENDED,-0.13451546,-0.14592196,0.24013856,0.2811682313716233,0.0787037,0.19431546,0.048,0.19661842,0.2908118,11.488804,0.5162562,0.06944444,0.12738532,0.75279504,0.050327297,0.8086253,0.3954712,13.162054,15.0,-0.13330409,,,,,,,,,,,,,,,,,,,,,,,,
FAILED_SETUP,,,,,,,2026-03-06,6443.0,元晶,光電業,0.8575632832080201,TOO_EXTENDED,-0.17632912,-0.21749137,0.3003452,0.2811682313716233,0.12681913,2.2598617,0.008,0.16120762,1.2019105,2.008633,5.671213,1.0,0.06675773,0.9763975,0.05236475,1.3781291,1.7214408,4.1405745,47.0,-1.007588,,,,,,,,,,,,,,,,,,,,,,,,
FAILED_SETUP,,,,,,,2026-03-06,6192.0,巨路,電子工業,0.6469235588972432,STOCK_SPECIFIC,-0.0584898,-0.06530613,0.052131742,0.2811682313716233,0.05928854,0.115352646,0.02,0.02405278,0.17356373,1.6179032,17.096998,1.0,0.04304419,0.5552795,0.058949135,1.3333333,0.38577327,2.6551075,63.0,0.34759897,,,,,,,,,,,,,,,,,,,,,,,,
FAILED_SETUP,,,,,,,2026-03-06,6510.0,精測,半導體業,0.7822944862155389,STOCK_SPECIFIC,-0.12772207,-0.14326647,0.28223497,0.2811682313716233,0.1488498,0.747721,0.04,0.1367363,0.8877082,1.5758839,1.1654196,0.1488498,0.041309714,0.9751553,0.048498496,0.961183,0.66696715,3.271086,210.0,-0.4563324,,,,,,,,,,,,,,,,,,,,,,,,
FAILED_SETUP,,,,,,,2026-03-06,4749.0,新應材,光電業,0.8089661654135337,STOCK_SPECIFIC,-0.12780568,-0.12991266,0.1790393,0.2811682313716233,0.014778325,0.12686434,0.0,0.21893868,0.24154972,2.6307867,7.8243785,1.0,0.0,0.63602483,0.050988927,1.6374846,3.7702806,3.5745318,117.0,0.7000731,,,,,,,,,,,,,,,,,,,,,,,,
FAILED_SETUP,,,,,,,2026-03-06,1312.0,國喬,塑膠工業,0.7454699248120301,STOCK_SPECIFIC,-0.21960914,-0.24104238,0.006514665,0.2811682313716233,0.014234873,0.14950871,0.0,0.014173515,0.2754562,4.626863,0.06481913,0.014234873,0.0,0.7614907,0.09697137,1.459854,3.6183755,2.178922,41.0,0.021332733,,,,,,,,,,,,,,,,,,,,,,,,
FAILED_SETUP,,,,,,,2026-03-06,2404.0,漢唐,電子工業,0.6758082706766917,STOCK_SPECIFIC,-0.12762377,-0.18712871,0.11881188,0.2811682313716233,0.13181818,0.24715109,0.04,0.17085901,0.1786893,2.3651376,1.0328654,0.13181818,0.065793104,0.24720497,0.05806418,1.4422058,0.9957483,2.551376,10.0,1.4511876,,,,,,,,,,,,,,,,,,,,,,,,
FAILED_SETUP,,,,,,,2026-03-06,2515.0,中工,建材營造,0.6665845864661655,STOCK_SPECIFIC,-0.16778125,-0.190625,0.031249998,0.2811682313716233,0.116766445,0.04956061,0.048,0.22553957,0.3061225,2.497209,0.28551558,0.04790416,0.160707,0.82981366,0.061112057,1.0514905,0.6064835,2.446512,81.0,0.45494297,,,,,,,,,,,,,,,,,,,,,,,,
FAILED_SETUP,,,,,,,2026-03-06,3508.0,位速,其他電子業,0.8993859649122806,STOCK_SPECIFIC,-0.34835443,-0.42334738,0.5724332,0.2811682313716233,0.08607595,0.68413305,0.004,0.5514881,0.5694117,3.4709911,0.10537791,0.03670886,0.023594828,0.77763975,0.1064126,1.3895782,,3.61655,46.0,0.5213436,,,,,,,,,,,,,,,,,,,,,,,,
FAILED_SETUP,,,,,,,2026-03-06,1215.0,卜蜂,食品工業,0.7529937343358395,SECTOR_WEAK,-0.09119874,-0.15772872,0.025236594,0.2811682313716233,0.0,0.038342472,0.0,0.16795011,0.18486847,3.5194783,10.965063,1.0,0.0,0.6484472,-0.015594201,1.3333334,1.3987824,4.4779706,205.0,-0.23126513,,,,,,,,,,,,,,,,,,,,,,,,
FAILED_SETUP,,,,,,,2026-03-06,4130.0,健亞,生技醫療業,0.8165908521303258,SECTOR_WEAK,-0.13669643,-0.21428572,0.071428575,0.2811682313716233,0.11373407,0.3726966,0.008,0.17269084,0.48301476,2.3993285,0.83201927,0.11373407,0.069897205,0.89068323,-0.022497775,1.0424929,1.188968,2.8402262,69.0,-0.119724646,,,,,,,,,,,,,,,,,,,,,,,,
FAILED_SETUP,,,,,,,2026-03-06,4169.0,泰宗,生技醫療業,0.8539310776942356,SECTOR_WEAK,-0.22340178,-0.250348,0.10049921,0.2811682313716233,0.05263158,0.12969583,0.0,0.32630235,0.5205662,4.366572,4.47624,1.0,0.0,0.9354037,-0.020206457,1.9895891,2.7124314,3.9235458,155.0,-0.80756515,,,,,,,,,,,,,,,,,,,,,,,,
FAILED_SETUP,,,,,,,2026-03-06,4123.0,晟德,生技醫療業,0.8109323308270676,SECTOR_WEAK,-0.1637335,-0.16519824,0.026431719,0.2811682313716233,0.050051074,0.1713854,0.004,0.21248062,0.304745,4.002654,0.6329166,0.10362965,0.097261615,0.7465839,-0.023285223,1.5644444,2.0234208,4.5787177,69.0,-0.48407835,,,,,,,,,,,,,,,,,,,,,,,,
FAILED_SETUP,,,,,,,2026-03-06,6133.0,金橋,電子工業,0.6683070175438597,STOP_TOO_TIGHT,-0.08012499,-0.12916668,0.15416665,0.2811682313716233,0.13182671,0.42250478,0.016,-0.05406343,0.4001508,0.99526787,0.3910711,0.031334568,0.1834457,0.8099379,0.05929793,1.6165802,1.1460255,2.177203,64.0,-1.1073147,,,,,,,,,,,,,,,,,,,,,,,,
FAILED_SETUP,,,,,,,2026-03-13,8431.0,匯鑽科,其他電子業,0.6264969211590042,STOCK_SPECIFIC,-0.15122059,-0.1882353,0.14117648,0.240893382051921,0.20147058,0.24347189,0.052,-0.0072496096,0.3382602,1.9560053,1.332296,0.20147058,0.2955036,0.83735704,0.16089799,1.0710608,0.6785258,0.48759058,53.0,1.2516108,,,,,,,,,,,,,,,,,,,,,,,,
FAILED_SETUP,,,,,,,2026-03-13,4130.0,健亞,生技醫療業,0.6742790223263193,SECTOR_WEAK,-0.09694915,-0.18644068,0.10939907,0.240893382051921,0.1967453,0.28011698,0.064,0.10603767,0.35487103,1.4034201,2.029366,0.1967453,0.30711383,0.8691233,-0.02531611,1.4818792,3.6484878,1.0375723,1.0,0.2671901,,,,,,,,,,,,,,,,,,,,,,,,
FAILED_SETUP,,,,,,,2026-03-13,8390.0,金益鼎,綠能環保,0.6226564920101243,STOCK_SPECIFIC,-0.117108196,-0.16885744,0.17290193,0.240893382051921,0.11,0.13671914,0.068,0.0034831802,0.25731337,2.2489321,0.68312895,0.08,0.112506405,0.7801779,0.12520236,1.0009372,0.28105855,0.8320388,83.0,0.7181363,,,,,,,,,,,,,,,,,,,,,,,,
FAILED_SETUP,,,,,,,2026-03-13,7827.0,漢康-KY,生技醫療業,0.7475131275735711,SECTOR_WEAK,-0.19061694,-0.28001705,0.037670586,0.240893382051921,,0.40169054,0.024,0.17429712,0.34927875,2.4248,5.2461233,1.0,0.02289999,0.77382463,-0.026504228,0.79512185,0.4760781,1.7830578,38.0,-0.43176702,,,,,,,,,,,,,,,,,,,,,,,,
FAILED_SETUP,,,,,,,2026-03-13,6770.0,力積電,電子工業,0.7203384836235881,STOCK_SPECIFIC,-0.12753424,-0.2237443,0.1872146,0.240893382051921,0.22706066,0.8083923,0.036,0.02259067,0.77149624,1.5394489,1.7803898,0.22706066,0.09956156,0.98983485,0.11133542,0.8927536,0.5452328,1.8626859,114.0,1.9957026,,,,,,,,,,,,,,,,,,,,,,,,
FAILED_SETUP,,,,,,,2026-03-13,6510.0,精測,半導體業,0.7532832155944241,STOCK_SPECIFIC,-0.1685498,-0.24590164,0.12862547,0.240893382051921,0.101167314,0.87736344,0.032,-0.04866116,0.87765455,2.2847862,0.60022205,0.101167314,0.032095958,0.9491741,0.12672739,1.1113029,0.76979196,3.1891737,215.0,-0.48736262,,,,,,,,,,,,,,,,,,,,,,,,
FAILED_SETUP,,,,,,,2026-03-13,6443.0,元晶,光電業,0.8736874315288429,STOCK_SPECIFIC,-0.29617187,-0.3359375,0.103515625,0.240893382051921,0.100790516,2.587712,0.008,0.12889066,1.202298,3.4076405,3.3764179,1.0,0.064246565,0.98221093,0.12703565,1.1502783,0.63012403,3.4164793,52.0,-0.9079778,,,,,,,,,,,,,,,,,,,,,,,,
FAILED_SETUP,,,,,,,2026-03-13,4934.0,太極,電子工業,0.6967934721015452,STOCK_SPECIFIC,-0.19046874,-0.21875,0.083333336,0.240893382051921,0.21715818,0.32743436,0.032,0.10443883,0.3250444,2.2020645,0.07037809,0.013404826,0.11095285,0.8221093,0.11082044,0.78125,0.30628738,1.6524014,69.0,-0.25826275,,,,,,,,,,,,,,,,,,,,,,,,
FAILED_SETUP,,,,,,,2026-03-13,4169.0,泰宗,生技醫療業,0.7189044614861546,SECTOR_WEAK,-0.12710956,-0.18335947,0.19883928,0.240893382051921,0.13895217,0.0786355,0.028,0.21974212,0.36443886,1.6400208,7.867229,1.0,0.07366683,0.8856417,-0.022620572,1.3521172,1.0331095,1.5628878,160.0,-0.26297677,,,,,,,,,,,,,,,,,,,,,,,,
FAILED_SETUP,,,,,,,2026-03-13,4123.0,晟德,生技醫療業,0.6431355067810056,SECTOR_WEAK,-0.14682023,-0.15505618,0.01348315,0.240893382051921,0.17485715,0.07520344,0.028,0.19236283,0.15652615,2.9411256,0.124544926,0.018285714,0.30980793,0.6035578,-0.026489949,1.1451398,0.31572527,1.246195,74.0,0.06254898,,,,,,,,,,,,,,,,,,,,,,,,
FAILED_SETUP,,,,,,,2026-03-13,3508.0,位速,其他電子業,0.8674594839635826,STOCK_SPECIFIC,-0.21808918,-0.51847136,0.4242038,0.240893382051921,0.09299363,0.6970845,0.008,0.2401494,0.5300156,2.4888887,0.19859813,0.043312103,0.055675592,0.80050826,0.16090287,0.95608354,1.2938995,3.29865,51.0,0.37716335,,,,,,,,,,,,,,,,,,,,,,,,
FAILED_SETUP,,,,,,,2026-03-13,2515.0,中工,建材營造,0.6311027161799705,STOCK_SPECIFIC,-0.16468748,-0.19062501,0.00625,0.240893382051921,0.16562504,0.07279924,0.068,0.18691398,0.23555662,2.5010164,0.5692602,0.09375003,0.19554959,0.76747143,0.050772,0.8372094,0.5786841,1.6855361,86.0,0.48170316,,,,,,,,,,,,,,,,,,,,,,,,
FAILED_SETUP,,,,,,,2026-03-13,2409.0,友達,電子工業,0.775172075101054,STOCK_SPECIFIC,-0.1475831,-0.15407853,0.32024166,0.240893382051921,0.08761325,0.3144669,0.02,0.1455631,0.2543569,2.2349677,0.08017305,0.011832188,0.11219341,0.7166455,0.110586494,1.046729,1.1070822,2.086275,35.0,0.8058384,,,,,,,,,,,,,,,,,,,,,,,,
FAILED_SETUP,,,,,,,2026-03-13,2344.0,華邦電,電子工業,0.6618571266669184,STOCK_SPECIFIC,-0.17136563,-0.25780842,0.14096916,0.240893382051921,0.24770643,0.63198286,0.052,-0.021533165,0.75290006,2.0381737,1.4454848,0.24770643,0.07288363,0.99364674,0.1115827,0.961517,0.89089113,1.0426646,142.0,1.6464967,,,,,,,,,,,,,,,,,,,,,,,,
FAILED_SETUP,,,,,,,2026-03-13,1529.0,樂事綠能,電機機械,0.7952098522911866,STOCK_SPECIFIC,-0.24908166,-0.26190478,0.0051020314,0.240893382051921,0.06982301,0.40497884,0.04,0.25170514,0.2732543,3.728073,0.02482722,0.006184005,0.12197006,0.5844981,0.038075067,1.503671,1.8888065,3.237818,0.0,0.43492994,,,,,,,,,,,,,,,,,,,,,,,,
FAILED_SETUP,,,,,,,2026-03-13,1310.0,台苯,塑膠工業,0.8281757394884968,STOCK_SPECIFIC,-0.27232912,-0.29535866,0.11814346,0.240893382051921,0.06329114,0.20490979,0.0,0.22463259,0.31339777,4.438055,0.046481363,0.012658228,0.0,0.7153748,0.17425744,1.775044,2.1473231,3.7204978,29.0,-0.48803738,,,,,,,,,,,,,,,,,,,,,,,,
FAILED_SETUP,,,,,,,2026-03-13,1303.0,南亞,塑膠工業,0.7236250991651241,STOCK_SPECIFIC,-0.19520408,-0.19614512,0.15079366,0.240893382051921,0.15568861,0.21863823,0.012,0.02193719,0.5244459,2.6086364,0.79756844,0.15568861,0.03910878,0.9199492,0.17877261,1.0424055,1.2738782,1.8813132,140.0,2.2216868,,,,,,,,,,,,,,,,,,,,,,,,
FAILED_SETUP,,,,,,,2026-03-13,3543.0,州巧,電子工業,0.7045173963960562,STOCK_SPECIFIC,-0.23525812,-0.2753346,0.07648184,0.240893382051921,0.14174756,0.0594967,0.008,0.15243213,0.27298838,3.3094332,0.34665498,0.0815534,0.02728977,0.80304956,0.110531025,1.11146,1.1908365,1.606718,161.0,1.6149675,,,,,,,,,,,,,,,,,,,,,,,,
FAILED_SETUP,,,,,,,2026-03-20,5498.0,凱崴,電子零組件業,0.6496436403508772,STOCK_SPECIFIC,-0.101855665,-0.10824742,0.4982818,0.2230367484146991,0.22977346,0.9517003,0.072,0.038927067,0.6931745,1.1958501,1.2073689,0.12297735,0.10068665,0.97051597,0.18213537,0.887538,1.1571445,1.0520173,160.0,1.008302,,,,,,,,,,,,,,,,,,,,,,,,
FAILED_SETUP,,,,,,,2026-03-20,6152.0,百一,通信網路業,0.7350869578460039,STOCK_SPECIFIC,-0.20854396,-0.26373628,0.09615385,0.2230367484146991,0.16535433,0.95875096,0.028,0.060343586,0.6907484,1.8909965,0.13844271,0.028871391,0.17910944,0.8918919,0.27530515,0.9357045,1.1637052,2.2773666,52.0,-0.96137697,,,,,,,,,,,,,,,,,,,,,,,,
FAILED_SETUP,,,,,,,2026-03-20,6443.0,元晶,光電業,0.747533275462963,STOCK_SPECIFIC,-0.1992,-0.24444444,0.07111111,0.2230367484146991,0.18947369,1.2910516,0.036,0.13003081,0.96991897,2.0389278,5.02008,1.0,0.26076904,0.9668305,0.1827366,0.88646024,0.3507581,2.110046,57.0,-0.4573729,,,,,,,,,,,,,,,,,,,,,,,,
FAILED_SETUP,,,,,,,2026-03-20,7828.0,創新服務,半導體業,0.7135721247563354,STOCK_SPECIFIC,-0.2522544,-0.31995156,0.09799109,0.2230367484146991,0.07386595,1.0886602,0.016,-0.17060742,0.7460335,2.6129692,0.29282323,0.07386595,0.041584875,0.8980344,0.20218231,1.0476336,2.2233658,2.666623,64.0,0.4292868,,,,,,,,,,,,,,,,,,,,,,,,
FAILED_SETUP,,,,,,,2026-03-20,7795.0,長廣,電子零組件業,0.7243207846003898,STOCK_SPECIFIC,-0.17014706,-0.20955883,0.14828432,0.2230367484146991,0.04597701,0.09265538,0.0,0.08802239,0.22670114,2.322294,0.02730882,0.0046465155,0.0,0.56388205,0.1815813,0.9637306,2.8253896,1.7085474,136.0,1.3276649,,,,,,,,,,,,,,,,,,,,,,,,
FAILED_SETUP,,,,,,,2026-03-20,7822.0,倍利科,半導體業,0.7817426596003899,STOCK_SPECIFIC,-0.28084296,-0.3474,0.19378048,0.2230367484146991,0.10842225,0.7090896,0.008,0.050561447,0.6067565,2.7494142,0.38606006,0.10842225,0.012215982,0.88820636,0.19924337,1.1069332,1.0676135,1.9396802,96.0,0.7613538,,,,,,,,,,,,,,,,,,,,,,,,
FAILED_SETUP,,,,,,,2026-03-20,4169.0,泰宗,生技醫療業,0.6534044529727097,SECTOR_WEAK,-0.15258859,-0.20719662,-0.0016550104,0.2230367484146991,0.1689008,0.19370346,0.04,0.20231162,0.32167932,1.6992524,6.55357,1.0,0.1150649,0.84029484,-0.0055060782,1.1828465,0.65685654,1.0672227,165.0,-0.31256652,,,,,,,,,,,,,,,,,,,,,,,,
FAILED_SETUP,,,,,,,2026-03-20,6770.0,力積電,電子工業,0.8685710587231968,STOCK_SPECIFIC,-0.19266197,-0.28169015,0.01830986,0.2230367484146991,0.04503312,0.99715525,0.004,0.07154116,0.97699183,2.4210618,0.23374161,0.04503312,0.0094131455,0.9889435,0.15546283,1.1178082,1.9894466,3.227286,119.0,1.6212693,,,,,,,,,,,,,,,,,,,,,,,,
FAILED_SETUP,,,,,,,2026-03-20,3653.0,健策,電子零組件業,0.7408823708576999,STOCK_SPECIFIC,-0.21596394,-0.22330096,0.5769764,0.2230367484146991,0.05324675,0.19353704,0.008,0.020064244,0.52836406,3.2781053,4.6304026,1.0,0.007774143,0.8083538,0.18200995,1.064588,0.55089647,3.9077194,136.0,1.2687337,,,,,,,,,,,,,,,,,,,,,,,,
FAILED_SETUP,,,,,,,2026-03-20,2890.0,永豐金,金融保險,0.6334863852339182,STOCK_SPECIFIC,-0.05079239,-0.055467524,0.066561,0.2230367484146991,0.040435452,0.081543244,0.024,0.049950197,0.17544496,1.959389,0.7960927,0.040435452,0.027908482,0.65356266,0.062178347,0.59475213,2.6035502,2.633916,183.0,0.36433703,,,,,,,,,,,,,,,,,,,,,,,,
FAILED_SETUP,,,,,,,2026-03-20,3485.0,敘豐,光電業,0.8851741441276804,TOO_EXTENDED,-0.20726,-0.32397094,0.33181533,0.2230367484146991,2.220446e-16,0.537501,0.0,0.122953,0.59050506,3.5180748,4.8248577,1.0,0.0,0.86240786,0.1876397,1.0440123,2.1539395,4.1808796,156.0,-0.1812557,,,,,,,,,,,,,,,,,,,,,,,,
FAILED_SETUP,,,,,,,2026-03-20,3135.0,凌航,半導體業,0.9573042306286548,TOO_EXTENDED,-0.283686,-0.31740615,0.6416382,0.2230367484146991,0.0,1.2153674,0.0,0.24482976,1.2982466,4.0126896,3.5250242,1.0,0.0,0.995086,0.19737123,1.0795181,0.6875382,4.893724,111.0,1.1995575,,,,,,,,,,,,,,,,,,,,,,,,
FAILED_SETUP,,,,,,,2026-03-20,2349.0,錸德,電子工業,0.6638531006335283,STOCK_SPECIFIC,-0.22617088,-0.23417722,0.0,0.2230367484146991,0.08227848,0.04412564,0.024,0.1036749,0.32246345,4.6323147,0.30782145,0.06962025,0.14300369,0.7751843,0.15525243,1.0931677,2.867531,1.8958334,59.0,0.25537583,,,,,,,,,,,,,,,,,,,,,,,,
FAILED_SETUP,,,,,,,2026-03-20,2323.0,中環,電子工業,0.8033081292641325,STOCK_SPECIFIC,-0.22703846,-0.27923077,0.0,0.2230367484146991,0.0,0.10573386,0.0,0.19508989,0.34078014,4.491413,0.0094252005,0.002139883,0.0,0.7567568,0.15476027,1.1896552,3.1925888,3.4959419,84.0,0.41809985,,,,,,,,,,,,,,,,,,,,,,,,
FAILED_SETUP,,,,,,,2026-03-20,1312.0,國喬,塑膠工業,0.6285727339181287,STOCK_SPECIFIC,-0.15529011,-0.29692832,0.05460751,0.2230367484146991,0.08041958,0.14459032,0.008,-0.06344807,0.26927584,2.45,0.18012756,0.02797203,0.08516356,0.76658475,0.2511892,0.9425287,2.3289835,1.5830772,51.0,-0.031521782,,,,,,,,,,,,,,,,,,,,,,,,
FAILED_SETUP,,,,,,,2026-03-20,1310.0,台苯,塑膠工業,0.8241273757309943,STOCK_SPECIFIC,-0.29878262,-0.37549406,0.04743083,0.2230367484146991,0.04489796,0.29690596,0.0,0.17209467,0.34575948,4.337246,0.24589579,0.073469386,0.0,0.71375924,0.23881891,1.0152284,2.0516355,3.2903824,34.0,-0.6520416,,,,,,,,,,,,,,,,,,,,,,,,
FAILED_SETUP,,,,,,,2026-03-20,1308.0,亞聚,塑膠工業,0.7129957054093568,STOCK_SPECIFIC,-0.22610623,-0.23893805,0.24778758,0.2230367484146991,0.06666667,0.1348075,0.0,0.052219052,0.26385134,3.439423,0.41024464,0.092758864,0.0,0.73341525,0.24120297,1.1034483,4.136885,2.3759615,70.0,-0.89448655,,,,,,,,,,,,,,,,,,,,,,,,
FAILED_SETUP,,,,,,,2026-03-20,3508.0,位速,其他電子業,0.8360585709064328,TOO_EXTENDED,-0.26581693,-0.56199306,0.11239861,0.2230367484146991,0.16701461,0.99435586,0.004,0.26629695,0.81208307,2.7332764,3.7619877,1.0,0.05387044,0.8513514,0.23147072,1.3254902,3.2225099,4.2955174,56.0,-0.18145789,,,,,,,,,,,,,,,,,,,,,,,,
FAILED_SETUP,,,,,,,2026-03-27,8047.0,星雲,其他電子業,0.8341045364181457,STOCK_SPECIFIC,-0.28105175,-0.31051752,0.0,0.3609872145287427,0.015025042,0.068299755,0.0,0.2703338,0.5104631,5.2143807,0.053460054,0.015025042,0.0,0.9777503,0.12874076,1.135988,0.699913,2.90118,107.0,-0.18920074,,,,,,,,,,,,,,,,,,,,,,,,
FAILED_SETUP,,,,,,,2026-03-27,7828.0,創新服務,半導體業,0.7535134140536561,STOCK_SPECIFIC,-0.25993702,-0.3269386,0.080977395,0.3609872145287427,0.0854129,0.8118223,0.024,-0.044538222,0.6766324,2.912583,0.32859075,0.0854129,0.05488982,0.92212605,0.08664184,0.9561475,0.561152,2.2530458,69.0,0.8171549,,,,,,,,,,,,,,,,,,,,,,,,
FAILED_SETUP,,,,,,,2026-03-27,7822.0,倍利科,半導體業,0.6860399441597765,STOP_TOO_TIGHT,-0.10699324,-0.22258145,0.42210713,0.3609872145287427,0.18116246,0.54675967,0.032,0.0034654478,0.47061512,0.9198755,1.693214,0.18116246,0.06027856,0.8875154,0.08594791,0.84033316,0.5119551,1.087445,101.0,0.94664323,,,,,,,,,,,,,,,,,,,,,,,,
FAILED_SETUP,,,,,,,2026-03-27,6443.0,元晶,光電業,0.6707390829563318,STOP_TOO_TIGHT,-0.058375,-0.22727273,0.038636364,0.3609872145287427,0.25555557,0.8395015,0.04,-0.021885125,0.794807,0.6849333,17.130621,1.0,0.24181415,0.96662545,0.08466665,0.8089623,0.25343934,1.3002222,62.0,0.7237451,,,,,,,,,,,,,,,,,,,,,,,,
FAILED_SETUP,,,,,,,2026-03-27,3701.0,大眾控,電腦及週邊設備業,0.6967751871007485,STOCK_SPECIFIC,-0.14934534,-0.1685761,0.30605564,0.3609872145287427,0.2016129,0.5628373,0.028,0.051286317,0.38261315,1.7333785,0.020858154,0.003115068,0.21547519,0.76267,0.06634408,0.9916248,0.41603115,1.1824965,66.0,0.5229042,,,,,,,,,,,,,,,,,,,,,,,,
FAILED_SETUP,,,,,,,2026-03-27,3653.0,健策,電子零組件業,0.8983215932863733,TOO_EXTENDED,-0.28804785,-0.29471034,0.43198994,0.3609872145287427,0.038366336,0.41912836,0.0,0.2985796,0.55203545,4.701821,3.4716454,1.0,0.0,0.855377,0.061291017,1.1125,0.66692007,4.1873226,141.0,1.0218433,,,,,,,,,,,,,,,,,,,,,,,,
FAILED_SETUP,,,,,,,2026-03-27,3576.0,聯合再生,電子工業,0.7566474265897063,STOCK_SPECIFIC,-0.12580276,-0.3440367,0.06651376,0.3609872145287427,0.20430107,1.8487062,0.032,0.055885233,1.2784289,1.224721,7.9489517,1.0,0.17779988,0.9802225,0.061149787,0.9777778,1.4317898,3.4275067,49.0,0.24647525,,,,,,,,,,,,,,,,,,,,,,,,
FAILED_SETUP,,,,,,,2026-03-27,3508.0,位速,其他電子業,0.7819407277629111,STOCK_SPECIFIC,-0.21055035,-0.55737704,0.0046838406,0.3609872145287427,0.24222222,0.83139795,0.008,0.1499031,0.6585785,2.06848,4.749458,1.0,0.16679938,0.85908526,0.12803371,1.065268,0.5606687,3.0726378,61.0,0.22475798,,,,,,,,,,,,,,,,,,,,,,,,
FAILED_SETUP,,,,,,,2026-03-27,3485.0,敘豐,光電業,0.8248348993395973,STOCK_SPECIFIC,-0.18372053,-0.3250828,0.37136203,0.3609872145287427,0.059665866,0.41689414,0.012,0.13286719,0.48102388,3.1466246,5.44305,1.0,0.047989383,0.86897403,0.08512592,1.0988842,0.24074866,2.9893172,161.0,-0.03829237,,,,,,,,,,,,,,,,,,,,,,,,
FAILED_SETUP,,,,,,,2026-03-27,2413.0,環科,電子零組件業,0.7610870443481774,STOCK_SPECIFIC,-0.18966667,-0.22222222,0.018518522,0.3609872145287427,0.0971223,0.6203603,0.024,-0.020139685,0.70735455,2.5559359,0.40775818,0.07733814,0.116077326,0.9419036,0.06401175,1.0927954,1.0081815,2.0746286,80.0,2.2756727,,,,,,,,,,,,,,,,,,,,,,,,
FAILED_SETUP,,,,,,,2026-03-27,2406.0,國碩,電子工業,0.7368873475493902,STOCK_SPECIFIC,-0.12158959,-0.18641618,0.054913294,0.3609872145287427,0.1162465,0.3406925,0.032,0.08400697,0.42108405,1.6092349,0.9560563,0.1162465,0.13313577,0.82323855,0.06117339,0.9009901,0.4271741,1.9536885,146.0,0.9023634,,,,,,,,,,,,,,,,,,,,,,,,
FAILED_SETUP,,,,,,,2026-03-27,2367.0,燿華,電子零組件業,0.9334225336901348,TOO_EXTENDED,-0.22716129,-0.2851613,0.047741946,0.3609872145287427,0.054987215,1.778622,0.0,0.215463,1.1274829,3.0316114,4.4021583,1.0,0.0,0.960445,0.06193892,1.1385084,3.583969,4.560189,60.0,-0.4738259,,,,,,,,,,,,,,,,,,,,,,,,
FAILED_SETUP,,,,,,,2026-03-27,1710.0,東聯,化學生技醫療,0.6460369841479366,STOCK_SPECIFIC,-0.208,-0.2612903,0.032258064,0.3609872145287427,0.1270903,0.1461731,0.048,0.12970102,0.18450242,3.4454963,0.8976329,0.18670765,0.18320458,0.6328801,0.07217992,1.2864865,1.8696936,1.9138677,36.0,-0.13937142,,,,,,,,,,,,,,,,,,,,,,,,
FAILED_SETUP,,,,,,,2026-03-27,1310.0,台苯,塑膠工業,0.6497205988823955,STOCK_SPECIFIC,-0.2423983,-0.34745762,0.050847456,0.3609872145287427,0.17777778,0.22996253,0.04,0.10547917,0.22636299,3.203536,0.27502945,0.06666667,0.35786846,0.6897404,0.16919707,1.1267606,0.91230214,1.8455734,39.0,-0.46709484,,,,,,,,,,,,,,,,,,,,,,,,
FAILED_SETUP,,,,,,,2026-03-27,1308.0,亞聚,塑膠工業,0.7694062776251105,STOCK_SPECIFIC,-0.2939737,-0.32368422,0.113157846,0.3609872145287427,0.12181303,0.22599624,0.004,0.17923574,0.33247772,3.8426046,0.07333755,0.021559311,0.059009645,0.78368354,0.15099604,1.5311353,2.9254603,2.369451,75.0,-1.3842872,,,,,,,,,,,,,,,,,,,,,,,,
FAILED_SETUP,,,,,,,2026-03-27,2605.0,新興,航運業,0.8844771379085516,SECTOR_WEAK,-0.2546154,-0.31701633,0.027972028,0.3609872145287427,0.07558139,0.52203286,0.004,0.36338186,0.58247256,3.6151772,3.9274924,1.0,0.022380888,0.8788628,-0.024308939,0.74153847,0.7878439,3.7686367,85.0,-0.27559906,,,,,,,,,,,,,,,,,,,,,,,,
FAILED_SETUP,,,,,,,2026-04-02,7828.0,創新服務,半導體業,0.7122040278562018,STOCK_SPECIFIC,-0.21465576,-0.2857569,0.1471177,0.3709767311408847,0.17832762,0.59169936,0.06,0.042170543,0.5125163,2.1590092,0.83076096,0.17832762,0.16260499,0.87435895,0.08868554,0.9023104,0.45445,0.977302,73.0,1.0151428,,,,,,,,,,,,,,,,,,,,,,,,
FAILED_SETUP,,,,,,,2026-04-02,7822.0,倍利科,半導體業,0.8990664408055713,STOCK_SPECIFIC,-0.2928534,-0.3843844,0.12612613,0.3709767311408847,0.05263158,0.6630762,0.0,0.11950531,0.63329935,2.8063104,0.1450277,0.042471852,0.0,0.9025641,0.088181615,1.0912008,1.4980092,1.8001703,105.0,0.36292887,,,,,,,,,,,,,,,,,,,,,,,,
FAILED_SETUP,,,,,,,2026-04-02,6983.0,華洋精機,其他電子業,0.8291116130246564,STOCK_SPECIFIC,-0.40036717,-0.43221548,0.2529421,0.3709767311408847,0.16990206,0.53807586,0.004,0.2637496,0.41284016,2.524421,2.4977071,1.0,0.020754676,0.78846157,0.0815791,1.3526404,0.31769893,1.5026426,51.0,0.124474354,,,,,,,,,,,,,,,,,,,,,,,,
FAILED_SETUP,,,,,,,2026-04-02,6805.0,富世達,電子零組件業,0.7247562582345191,STOCK_SPECIFIC,-0.14813954,-0.1498708,0.17571059,0.3709767311408847,0.084880635,0.13723578,0.028,0.08176856,0.33637396,2.3331978,6.7503924,1.0,0.017998287,0.8820513,0.05003913,0.9206963,0.9314566,2.3129845,152.0,1.0412216,,,,,,,,,,,,,,,,,,,,,,,,
FAILED_SETUP,,,,,,,2026-04-02,4167.0,松瑞藥,生技醫療業,0.6910370788631658,SECTOR_WEAK,-0.11740563,-0.12499997,0.0,0.3709767311408847,0.06855791,0.17027122,0.052,0.21357043,0.129104,3.4331024,0.07279975,0.0085471,0.13201831,0.62051284,-0.034546606,1.0249997,0.4613591,1.6195402,20.0,0.6200548,,,,,,,,,,,,,,,,,,,,,,,,
FAILED_SETUP,,,,,,,2026-04-02,4130.0,健亞,生技醫療業,0.7164238659890834,SECTOR_WEAK,-0.12372607,-0.25036818,0.030927835,0.3709767311408847,0.1317239,0.2938822,0.028,0.039121345,0.3515357,2.1983926,0.46286708,0.057268724,0.18222766,0.7935898,-0.032190092,0.86995995,0.42648917,1.1970783,15.0,0.052317947,,,,,,,,,,,,,,,,,,,,,,,,
FAILED_SETUP,,,,,,,2026-04-02,3653.0,健策,電子零組件業,0.7523583662714097,STOCK_SPECIFIC,-0.20928572,-0.27272728,0.4766234,0.3709767311408847,0.13072777,0.31110522,0.044,0.16492398,0.39166752,3.111862,4.7781568,1.0,0.037953664,0.8384615,0.04928701,1.0446602,0.83854586,2.3693793,145.0,1.2395427,,,,,,,,,,,,,,,,,,,,,,,,
FAILED_SETUP,,,,,,,2026-04-02,2890.0,永豐金,金融保險,0.6239600978731413,STOCK_SPECIFIC,-0.06267605,-0.10328638,0.053208128,0.3709767311408847,0.05188677,0.06363531,0.036,0.007826976,0.1450401,3.080769,0.8278564,0.05188677,0.041809116,0.6769231,0.029594695,0.9896909,0.7179879,2.1666672,192.0,0.55112255,,,,,,,,,,,,,,,,,,,,,,,,
FAILED_SETUP,,,,,,,2026-04-02,3036.0,文曄,電子通路業,0.7023207227555053,STOCK_SPECIFIC,-0.13157895,-0.13596492,0.3508772,0.3709767311408847,0.14732143,0.5492952,0.048,-0.0070878775,0.43727943,2.6168222,1.1196429,0.14732143,0.09346765,0.8192308,0.10138158,0.8888889,0.5757332,3.5770507,173.0,0.33937183,,,,,,,,,,,,,,,,,,,,,,,,
FAILED_SETUP,,,,,,,2026-04-02,2605.0,新興,航運業,0.8238132881611142,SECTOR_WEAK,-0.2377354,-0.30154946,0.011918951,0.3709767311408847,0.11985472,0.5205773,0.036,0.2562446,0.49442756,3.2968595,4.206357,1.0,0.15396976,0.8551282,-0.041874163,0.7763272,0.27294898,2.8663912,89.0,-0.15803815,,,,,,,,,,,,,,,,,,,,,,,,
FAILED_SETUP,,,,,,,2026-04-02,2367.0,燿華,電子零組件業,0.7347750799924713,STOCK_SPECIFIC,-0.18510205,-0.24625851,0.104761906,0.3709767311408847,0.15384614,1.4421209,0.06,0.0047985534,0.88411146,2.2540827,5.402426,1.0,0.21040136,0.95384616,0.05077362,1.0556046,1.4295491,2.7686589,64.0,-0.005743237,,,,,,,,,,,,,,,,,,,,,,,,
FAILED_SETUP,,,,,,,2026-04-02,1308.0,亞聚,塑膠工業,0.8025541125541125,STOCK_SPECIFIC,-0.2601902,-0.30706522,0.02173913,0.3709767311408847,0.13709678,0.3644361,0.008,0.19732712,0.38678327,2.752566,0.03465229,0.009016185,0.119294316,0.8051282,0.1979925,1.3730408,1.8821015,2.3304582,79.0,-1.413211,,,,,,,,,,,,,,,,,,,,,,,,
FAILED_SETUP,,,,,,,2026-04-02,1305.0,華夏,塑膠工業,0.8666723131940524,STOCK_SPECIFIC,-0.33264625,-0.33704737,0.0055710305,0.3709767311408847,0.119777195,0.58732,0.012,0.3344854,0.48748684,3.6664035,0.050471004,0.01678899,0.14417835,0.8038462,0.18782344,1.3422371,1.7358558,2.9893274,54.0,-1.522822,,,,,,,,,,,,,,,,,,,,,,,,
FAILED_SETUP,,,,,,,2026-04-02,1304.0,台聚,塑膠工業,0.8959552042160738,STOCK_SPECIFIC,-0.33258426,-0.33426967,0.014044944,0.3709767311408847,0.09217881,0.56150806,0.004,0.34314087,0.5560707,4.1858587,0.26071906,0.08671106,0.074253604,0.85384613,0.1874494,1.4339621,2.196587,3.6850164,82.0,-1.4844193,,,,,,,,,,,,,,,,,,,,,,,,
FAILED_SETUP,,,,,,,2026-04-02,3615.0,安可,光電業,0.6338829286655373,STOCK_SPECIFIC,-0.11157733,-0.14854516,0.6385911,0.3709767311408847,0.16436252,0.30782053,0.048,-0.0063903355,0.26024392,1.5179167,0.059660137,0.006656719,0.29085007,0.71410257,0.012166853,0.9215876,0.75378716,1.4937501,69.0,0.5422171,,,,,,,,,,,,,,,,,,,,,,,,
FAILED_SETUP,,,,,,,2026-04-10,7828.0,創新服務,半導體業,0.6937568759258136,STOCK_SPECIFIC,-0.18929166,-0.3398232,0.13680588,0.2269065120317992,0.0854129,0.5108094,0.028,0.058557373,0.60613537,2.224122,0.34082922,0.06451613,0.05862377,0.8950064,0.077791035,0.71450794,0.87448925,1.6710572,77.0,1.0151428,,,,,,,,,,,,,,,,,,,,,,,,
FAILED_SETUP,,,,,,,2026-04-10,7822.0,倍利科,半導體業,0.7185699806824384,STOCK_SPECIFIC,-0.2709603,-0.36532506,0.10216718,0.2269065120317992,0.11275964,0.40244904,0.012,0.12880413,0.6612582,2.800202,3.6905775,1.0,0.03522197,0.90524966,0.077350534,0.98118925,0.6575702,2.1714232,109.0,0.36292887,,,,,,,,,,,,,,,,,,,,,,,,
FAILED_SETUP,,,,,,,2026-04-10,7728.0,光焱科技,其他電子業,0.6541428806555843,STOCK_SPECIFIC,-0.20729537,-0.22064057,0.047449585,0.2269065120317992,0.14352392,0.29223695,0.02,0.055227686,0.7113189,2.33,0.60792965,0.126021,0.10490572,0.9231754,0.12043932,0.85254693,0.98322284,1.6848888,95.0,-0.16553771,,,,,,,,,,,,,,,,,,,,,,,,
FAILED_SETUP,,,,,,,2026-04-10,6983.0,華洋精機,其他電子業,0.7601391210942575,STOCK_SPECIFIC,-0.27581248,-0.4495709,0.27556035,0.2269065120317992,0.0884425,0.37616947,0.0,0.15528983,0.49687353,1.9394686,3.625652,1.0,0.0,,0.11946526,0.7359999,0.9558702,2.105496,55.0,0.124474354,,,,,,,,,,,,,,,,,,,,,,,,
FAILED_SETUP,,,,,,,2026-04-10,3653.0,健策,電子零組件業,0.7447764620275643,STOCK_SPECIFIC,-0.226,-0.3212121,0.37818182,0.2269065120317992,0.04,0.45772034,0.004,0.054905962,0.5105648,3.5905087,4.424779,1.0,0.0037461347,0.80921894,0.09052422,1.1350293,0.9032418,3.6200366,149.0,1.2395427,,,,,,,,,,,,,,,,,,,,,,,,
FAILED_SETUP,,,,,,,2026-04-10,3485.0,敘豐,光電業,0.8337468273287192,SECTOR_WEAK,-0.21491246,-0.37729093,0.26528051,0.2269065120317992,0.046277665,0.48671213,0.0,0.25234795,0.61418533,2.5965645,4.653057,1.0,0.0,0.86555696,-0.009067295,1.5816516,4.312206,2.982826,169.0,0.16052455,,,,,,,,,,,,,,,,,,,,,,,,
FAILED_SETUP,,,,,,,2026-04-10,2419.0,仲琦,電子工業,0.682890530929755,STOCK_SPECIFIC,-0.20351274,-0.22096318,0.09065156,0.2269065120317992,0.11157601,0.35309234,0.008,0.1337108,0.3629106,2.6157606,0.006853134,0.0013947001,0.07621789,0.7349552,0.04332943,1.238835,0.97912395,1.9252275,82.0,1.3850923,,,,,,,,,,,,,,,,,,,,,,,,
FAILED_SETUP,,,,,,,2026-04-10,2367.0,燿華,電子零組件業,0.6833418515406405,STOCK_SPECIFIC,-0.11282291,-0.2623169,0.014647137,0.2269065120317992,0.1,1.4385568,0.028,-0.045973785,0.9166359,1.3906449,8.863447,1.0,0.11731726,0.9590269,0.0915748,0.9982363,1.0411861,2.8043766,68.0,-0.005743237,,,,,,,,,,,,,,,,,,,,,,,,
FAILED_SETUP,,,,,,,2026-04-10,2010.0,春源,鋼鐵工業,0.6312857872989198,SECTOR_WEAK,-0.110941194,-0.12941179,0.0039215335,0.2269065120317992,0.04158418,0.12187427,0.016,0.13332206,0.18637429,4.6595297,9.013784,1.0,0.028044794,0.58386683,-0.07131821,0.7679997,1.2597982,3.9886262,90.0,0.26349396,,,,,,,,,,,,,,,,,,,,,,,,
FAILED_SETUP,,,,,,,2026-04-10,1305.0,華夏,塑膠工業,0.6278172887845528,STOCK_SPECIFIC,-0.27022853,-0.32000002,0.028571429,0.2269065120317992,0.20359282,0.42186394,0.036,0.24210244,0.36915174,2.8598702,0.25836372,0.06981725,0.3568509,0.7451985,0.029487496,0.8806722,0.41093794,1.9598993,58.0,-1.522822,,,,,,,,,,,,,,,,,,,,,,,,
FAILED_SETUP,,,,,,,2026-04-10,1304.0,台聚,塑膠工業,0.6310770190316963,STOCK_SPECIFIC,-0.26044643,-0.29464287,0.017857144,0.2269065120317992,0.22570531,0.37075904,0.016,0.21110336,0.36964738,2.9239616,0.08247051,0.021479148,0.22205693,0.77080667,0.0318072,1.0344827,0.48732924,1.9407321,86.0,-1.4844193,,,,,,,,,,,,,,,,,,,,,,,,
FAILED_SETUP,,,,,,,2026-04-10,2548.0,華固,建材營造,0.6228341375098537,SECTOR_WEAK,-0.11482353,-0.16508262,0.039215688,0.2269065120317992,0.03137255,0.014757727,0.004,0.12800227,0.18985404,3.4160001,1.1313094,0.12990093,0.012305231,0.65044814,-0.06707835,1.05,1.0666695,3.1675,88.0,0.103240594,,,,,,,,,,,,,,,,,,,,,,,,
FAILED_SETUP,,,,,,,2026-04-17,5291.0,邑昇,電子零組件業,0.6384199349385917,STOCK_SPECIFIC,-0.20686696,-0.21030043,0.16309012,0.2283134192668594,0.20341395,0.72705275,0.048,0.11500609,0.89401084,2.4808824,0.9833081,0.20341395,0.31469703,0.93982077,0.08245172,0.8500824,0.2758109,2.8899305,95.0,0.82919085,,,,,,,,,,,,,,,,,,,,,,,,
FAILED_SETUP,,,,,,,2026-04-17,8111.0,立碁,光電業,0.6470117404840396,STOCK_SPECIFIC,-0.31068426,-0.33870322,0.009603841,0.2283134192668594,0.031565648,0.032867014,0.0,0.115627296,0.25100696,6.9277244,0.024384096,0.007575755,0.0,0.6581306,0.012877473,1.3369565,5.4274693,3.5557678,6.0,1.0989941,,,,,,,,,,,,,,,,,,,,,,,,
FAILED_SETUP,,,,,,,2026-04-17,7768.0,頌勝科技,半導體業,0.6736641428414337,STOCK_SPECIFIC,-0.14812607,-0.15240027,0.1404069,0.2283134192668594,0.03954802,0.5401583,0.016,-0.01045186,0.50746554,3.1408176,6.751006,1.0,0.03711661,0.7554417,0.043825533,0.75274724,0.65343577,3.310085,87.0,0.9206157,,,,,,,,,,,,,,,,,,,,,,,,
FAILED_SETUP,,,,,,,2026-04-17,7751.0,竑騰,半導體業,0.7267666301082294,TOO_EXTENDED,-0.3186035,-0.37406483,0.3990025,0.2283134192668594,0.116094984,1.4113818,0.028,0.11190829,1.3227125,4.444135,3.1386976,1.0,0.046723347,0.9756722,0.042165928,1.0733963,1.5438542,4.585341,92.0,0.7339027,,,,,,,,,,,,,,,,,,,,,,,,
FAILED_SETUP,,,,,,,2026-04-17,6640.0,均華,半導體業,0.7616935939166589,TOO_EXTENDED,-0.36834356,-0.4153374,0.027607363,0.2283134192668594,0.14814815,0.955564,0.012,0.34821913,1.0478679,5.0636144,2.7148569,1.0,0.027865361,0.90140843,0.03974508,1.0789474,1.1310209,5.0979114,67.0,1.2247033,,,,,,,,,,,,,,,,,,,,,,,,
FAILED_SETUP,,,,,,,2026-04-17,6568.0,宏觀,半導體業,0.734939495839808,STOCK_SPECIFIC,-0.17136563,-0.27563953,0.24669604,0.2283134192668594,0.06888889,0.5978079,0.004,0.054288536,0.6274001,2.4754546,5.8354754,1.0,0.018047217,0.81946224,0.043047387,1.0,0.773255,3.090606,77.0,-0.45270747,,,,,,,,,,,,,,,,,,,,,,,,
FAILED_SETUP,,,,,,,2026-04-17,5340.0,建榮,電子零組件業,0.8079238526544298,STOCK_SPECIFIC,-0.2785,-0.38538557,0.003787879,0.2283134192668594,0.02238806,0.72281003,0.0,0.020460663,0.7740199,4.027136,3.5906641,1.0,0.0,0.9372599,0.08348269,1.2371134,7.232638,3.2359936,182.0,1.1447463,,,,,,,,,,,,,,,,,,,,,,,,
FAILED_SETUP,,,,,,,2026-04-17,4977.0,眾達-KY,通信網路業,0.8177067408479143,TOO_EXTENDED,-0.307,-0.334,0.092,0.2283134192668594,0.0,0.6789305,0.0,0.007574551,0.71800834,5.3591022,3.257329,1.0,0.0,0.86939824,0.1769302,1.0490694,0.47222146,5.2456355,93.0,1.1924891,,,,,,,,,,,,,,,,,,,,,,,,
FAILED_SETUP,,,,,,,2026-04-17,1301.0,台塑,塑膠工業,0.6224421527651098,SECTOR_WEAK,-0.18141666,-0.20185184,0.009259259,0.2283134192668594,0.054307114,0.18388468,0.008,0.0902029,0.25785175,3.9354663,0.09582215,0.017383734,0.023266463,0.62355953,-0.03273408,1.481332,0.84287304,2.5278335,63.0,1.2195345,,,,,,,,,,,,,,,,,,,,,,,,
FAILED_SETUP,,,,,,,2026-04-17,3653.0,健策,電子零組件業,0.7634874943107869,TOO_EXTENDED,-0.2486421,-0.4105263,0.1968421,0.2283134192668594,0.033954,0.6177277,0.0,-0.008386475,0.6244203,4.710741,4.021845,1.0,0.0,0.83610755,0.083876155,0.8761515,0.97272205,4.944207,154.0,1.0538602,,,,,,,,,,,,,,,,,,,,,,,,
FAILED_SETUP,,,,,,,2026-04-17,3563.0,牧德,電子工業,0.860223782305353,TOO_EXTENDED,-0.31117162,-0.31860226,0.024665982,0.2283134192668594,0.026123302,0.70901614,0.0,0.20872663,0.73271173,5.6896377,3.2136605,1.0,0.0,0.8412292,0.028943658,0.7400722,0.8253043,6.0076284,34.0,0.4118487,,,,,,,,,,,,,,,,,,,,,,,,
FAILED_SETUP,,,,,,,2026-04-17,2548.0,華固,建材營造,0.6567674593788314,SECTOR_WEAK,-0.12379311,-0.18427613,0.015325665,0.2283134192668594,0.011538458,0.023088908,0.0,0.14382605,0.2017453,4.663299,0.87381333,0.10817207,0.0,0.54161334,-0.08978016,0.6451613,0.30504087,4.29622,93.0,0.05929845,,,,,,,,,,,,,,,,,,,,,,,,
FAILED_SETUP,,,,,,,2026-04-17,2419.0,仲琦,電子工業,0.6526670272283949,STOCK_SPECIFIC,-0.23164178,-0.2578019,0.0,0.2283134192668594,0.08288044,0.30665177,0.008,0.07830926,0.37669593,3.1825302,0.14077207,0.032608695,0.08647819,0.7055058,0.029682681,0.7301276,0.8374993,1.9949845,87.0,1.4302855,,,,,,,,,,,,,,,,,,,,,,,,
FAILED_SETUP,,,,,,,2026-04-17,1815.0,富喬,電子零組件業,0.7350693782105515,STOCK_SPECIFIC,-0.2742568,-0.3385214,0.007782101,0.2283134192668594,0.0,0.3073595,0.0,-0.02650287,0.47212198,3.9693325,3.6462176,1.0,0.0,0.82330346,0.08389652,1.0422381,1.9421663,2.744248,234.0,0.8734216,,,,,,,,,,,,,,,,,,,,,,,,
FAILED_SETUP,,,,,,,2026-04-17,1309.0,台達化,塑膠工業,0.6225111457281718,SECTOR_WEAK,-0.17753848,-0.25641027,0.12820514,0.2283134192668594,0.37755105,0.55597484,0.016,0.22897296,0.5064562,1.5411131,0.052894946,0.009390889,0.13588369,0.7618438,-0.044057976,0.755504,0.51774573,1.6797031,57.0,-1.6874522,,,,,,,,,,,,,,,,,,,,,,,,
FAILED_SETUP,,,,,,,2026-04-17,3715.0,定穎投控,電子零組件業,0.7182399383347542,STOCK_SPECIFIC,-0.195,-0.22727273,0.01010101,0.2283134192668594,0.027777778,0.29015827,0.0,-0.0141110215,0.56095797,3.1984615,0.14245014,0.027777778,0.0,0.8476312,0.083826154,0.66917294,1.5104624,3.2356017,172.0,0.99140805,,,,,,,,,,,,,,,,,,,,,,,,
FAILED_SETUP,,,,,,,2026-04-24,7751.0,竑騰,半導體業,0.9650936943844612,TOO_EXTENDED,-0.48347825,-0.52551985,0.060491495,0.1889110709315753,0.002079002,1.5191872,0.0,0.35834137,1.7623401,7.750303,2.0683453,1.0,0.0,0.994012,0.027833788,1.2621256,2.918521,6.4441204,97.0,0.7339027,,,,,,,,,,,,,,,,,,,,,,,,
FAILED_SETUP,,,,,,,2026-04-24,6983.0,華洋精機,其他電子業,0.7264362899824561,SECTOR_WEAK,-0.24008314,-0.5150223,0.062971205,0.1889110709315753,0.11200942,0.39258254,0.008,0.021542614,0.47276637,2.3224976,4.1652236,1.0,0.03905036,0.7700599,-0.03566273,0.7629075,1.0781586,2.145191,65.0,0.34758872,,,,,,,,,,,,,,,,,,,,,,,,
FAILED_SETUP,,,,,,,2026-04-24,6821.0,聯寶,電子零組件業,0.6626621110663363,STOCK_SPECIFIC,-0.15602365,-0.19420783,0.29982963,0.1889110709315753,0.2708884,0.4214149,0.012,0.08398249,0.4440768,1.5802894,0.153724,0.02398458,0.22310084,0.7305389,0.012741301,1.1820436,0.58462214,2.2043824,16.0,-0.23289697,,,,,,,,,,,,,,,,,,,,,,,,
FAILED_SETUP,,,,,,,2026-04-24,6640.0,均華,半導體業,0.692296666834062,STOCK_SPECIFIC,-0.208,-0.37508196,0.026229508,0.1889110709315753,0.2358804,0.8471635,0.028,0.08042265,0.8354703,2.5303702,4.8076925,1.0,0.05950266,0.9125748,0.030723685,1.1313131,1.4597927,3.411852,72.0,1.2247033,,,,,,,,,,,,,,,,,,,,,,,,
FAILED_SETUP,,,,,,,2026-04-24,6588.0,東典光電,通信網路業,0.6479676625050577,SECTOR_WEAK,-0.18852459,-0.2237705,0.35655737,0.1889110709315753,0.35918367,1.1852748,0.028,0.032569796,1.0173243,1.819209,0.021650398,0.0040816325,0.20175074,0.98203593,-0.035709754,0.98651254,0.4704274,1.854143,91.0,-0.016697718,,,,,,,,,,,,,,,,,,,,,,,,
FAILED_SETUP,,,,,,,2026-04-24,6568.0,宏觀,半導體業,0.8793361186268853,TOO_EXTENDED,-0.27626354,-0.40639052,0.02166065,0.1889110709315753,0.031365313,0.8503941,0.0,0.050463997,0.89412475,4.04283,3.6197321,1.0,0.0,0.9041916,0.031235613,1.3704735,1.097323,4.4372954,82.0,-0.45270747,,,,,,,,,,,,,,,,,,,,,,,,
FAILED_SETUP,,,,,,,2026-04-24,5292.0,華懋,綠能環保,0.6787666155090469,SECTOR_WEAK,-0.18529175,-0.19919518,0.026156941,0.1889110709315753,0.09919029,0.12005632,0.024,0.12943842,0.41234323,2.9638162,0.2731222,0.05060729,0.14404066,0.76167667,-0.17098854,1.2207408,0.76610756,2.6701915,75.0,0.557279,,,,,,,,,,,,,,,,,,,,,,,,
FAILED_SETUP,,,,,,,2026-04-24,4977.0,眾達-KY,通信網路業,0.6647799752826632,SECTOR_WEAK,-0.2195946,-0.25,0.22972973,0.1889110709315753,0.19257541,0.6204454,0.008,-0.05289076,0.5266653,2.73,4.553846,1.0,0.04829186,0.7976048,-0.031186137,1.4256259,1.045101,2.5592,98.0,1.1924891,,,,,,,,,,,,,,,,,,,,,,,,
FAILED_SETUP,,,,,,,2026-04-24,3563.0,牧德,電子工業,0.7352211801528032,SECTOR_WEAK,-0.19542168,-0.27382258,0.028477548,0.1889110709315753,0.09680968,0.6614785,0.04,0.09919351,0.6096644,3.518141,5.1171393,1.0,0.069267005,0.81916165,-0.041696716,0.9815498,0.53864336,4.6541786,39.0,0.4118487,,,,,,,,,,,,,,,,,,,,,,,,
FAILED_SETUP,,,,,,,2026-04-24,3491.0,昇達科,通信網路業,0.6336758648311982,SECTOR_WEAK,-0.145,-0.17878787,0.33333334,0.1889110709315753,0.20700637,0.52060807,0.032,-0.018009456,0.7733434,2.086916,1.4276301,0.20700637,0.07377863,0.9688623,-0.032792766,0.9701789,1.121494,1.3242576,157.0,1.2844275,,,,,,,,,,,,,,,,,,,,,,,,
FAILED_SETUP,,,,,,,2026-04-24,3485.0,敘豐,光電業,0.7054821330073617,SECTOR_WEAK,-0.21157856,-0.4213838,0.03363859,0.1889110709315753,0.17168674,0.4150505,0.016,0.08004367,0.5397736,1.6360267,4.7263765,1.0,0.15363824,0.8227545,-0.0714491,1.3956184,1.0962207,1.3023785,179.0,0.098682806,,,,,,,,,,,,,,,,,,,,,,,,
FAILED_SETUP,,,,,,,2026-04-24,3131.0,弘塑,其他電子業,0.6772657415833875,SECTOR_WEAK,-0.16182108,-0.18530351,0.23482428,0.1889110709315753,0.15814696,0.5581052,0.052,0.05033726,0.7183325,2.1487877,6.179664,1.0,0.04742976,0.85508984,-0.03792293,1.1554575,1.5409003,3.6117172,77.0,0.4548384,,,,,,,,,,,,,,,,,,,,,,,,
FAILED_SETUP,,,,,,,2026-04-24,2548.0,華固,建材營造,0.7024817855601596,SECTOR_WEAK,-0.101034485,-0.18427613,0.011494253,0.1889110709315753,0.01532567,0.07173209,0.004,0.075407825,0.1959457,3.9274468,1.0286211,0.1039262,0.004122568,0.5532934,-0.18300506,0.964539,0.35879028,4.157801,98.0,0.05929845,,,,,,,,,,,,,,,,,,,,,,,,
FAILED_SETUP,,,,,,,2026-04-24,1309.0,台達化,塑膠工業,0.6623501924841169,SECTOR_WEAK,-0.115895525,-0.29104477,0.034825884,0.1889110709315753,0.31707317,0.5350141,0.016,0.11689032,0.54324865,1.3448659,0.0037987034,0.0004402527,0.13213435,0.8179641,-0.16400148,0.7679222,1.4209722,2.3290036,62.0,-1.6874522,,,,,,,,,,,,,,,,,,,,,,,,
FAILED_SETUP,,,,,,,2026-04-30,6909.0,創控,半導體業,0.6822242405780071,STOCK_SPECIFIC,-0.30842105,-0.31250668,0.048305407,0.1055090339942323,0.16071428,0.19238986,0.016,0.12863058,0.42398116,3.9784274,0.036306776,0.011197774,0.16203146,0.75326216,0.060381927,0.94876224,0.6248085,2.8870928,14.0,0.40040812,,,,,,,,,,,,,,,,,,,,,,,,
FAILED_SETUP,,,,,,,2026-04-30,6830.0,汎銓,電子工業,0.8656936728759848,SECTOR_WEAK,-0.4692735,-0.5122995,0.069518715,0.1055090339942323,0.13294117,3.349349,0.016,0.6087032,2.0045397,5.981295,2.1309536,1.0,0.005786409,0.9881376,-0.014850223,1.2165786,0.7368351,5.377995,152.0,-2.032891,,,,,,,,,,,,,,,,,,,,,,,,
FAILED_SETUP,,,,,,,2026-04-30,6805.0,富世達,電子零組件業,0.6944707565455924,STOCK_SPECIFIC,-0.23479357,-0.2614679,0.04357798,0.1055090339942323,0.053140096,0.36031166,0.008,-0.079955325,0.3683176,3.6842673,4.2590604,1.0,0.0055404264,0.6761566,0.035732992,1.2014925,0.8073379,2.2769494,170.0,1.0893117,,,,,,,,,,,,,,,,,,,,,,,,
FAILED_SETUP,,,,,,,2026-04-30,6739.0,竹陞科技,其他電子業,0.6338159938100942,SECTOR_WEAK,-0.1853125,-0.30357507,0.055555556,0.1055090339942323,0.23943663,0.8061174,0.04,0.0636829,0.544844,2.2710638,5.39629,1.0,0.06380809,0.83392644,-0.0056945006,0.80851066,0.6238914,2.12539,246.0,0.5649361,,,,,,,,,,,,,,,,,,,,,,,,
FAILED_SETUP,,,,,,,2026-04-30,6683.0,雍智科技,半導體業,0.9591293775232442,TOO_EXTENDED,-0.41914347,-0.44539616,0.09850107,0.1055090339942323,0.0,3.3257198,0.0,0.26482642,1.9392102,5.604008,2.385818,1.0,0.0,0.9964413,0.059188996,1.484472,0.3458856,5.2953305,102.0,0.33374953,,,,,,,,,,,,,,,,,,,,,,,,
FAILED_SETUP,,,,,,,2026-04-30,6588.0,東典光電,通信網路業,0.6746808722541299,STOCK_SPECIFIC,-0.23113403,-0.42199314,0.13745704,0.1055090339942323,0.18505338,1.6937814,0.024,-0.0631237,1.2132839,2.7293913,4.326494,1.0,0.1780882,0.9857651,0.0020193302,0.9797571,0.68775904,2.9098358,95.0,-0.16200723,,,,,,,,,,,,,,,,,,,,,,,,
FAILED_SETUP,,,,,,,2026-04-30,6584.0,南俊國際,電子零組件業,0.6362150923601149,STOCK_SPECIFIC,-0.17792036,-0.19764012,0.20648968,0.1055090339942323,0.26106194,1.0427271,0.02,-0.042533718,0.78626317,1.9367201,5.6204925,1.0,0.026511082,0.9145908,0.0348787,0.91749173,1.8315225,2.8967316,200.0,1.0317776,,,,,,,,,,,,,,,,,,,,,,,,
FAILED_SETUP,,,,,,,2026-04-30,2233.0,宇隆,汽車工業,0.8324109556189624,SECTOR_WEAK,-0.34418383,-0.38827258,0.24881141,0.1055090339942323,0.010000001,0.16265954,0.0,0.36642978,0.37431857,6.269113,0.029054243,0.010000001,0.0,0.6903915,-0.21102077,1.2302631,4.944741,3.7208247,0.0,-0.061304443,,,,,,,,,,,,,,,,,,,,,,,,
FAILED_SETUP,,,,,,,2026-04-30,5443.0,均豪,光電業,0.7879054652487482,STOCK_SPECIFIC,-0.2599101,-0.27940077,0.06367041,0.1055090339942323,0.023166023,0.27930543,0.0,0.071348384,0.33656725,3.6940837,0.17136294,0.04453896,0.0,0.63938314,0.001772941,1.323185,2.5286083,3.053739,36.0,0.64507776,,,,,,,,,,,,,,,,,,,,,,,,
FAILED_SETUP,,,,,,,2026-04-30,4977.0,眾達-KY,通信網路業,0.6829346534257007,SECTOR_WEAK,-0.208,-0.2719101,0.22696629,0.1055090339942323,0.1816092,0.60361946,0.012,0.0023685205,0.5156724,2.4682667,4.807692,1.0,0.054530744,0.78884935,-0.0006344397,1.0690161,1.1068044,2.2262223,102.0,1.0024183,,,,,,,,,,,,,,,,,,,,,,,,
FAILED_SETUP,,,,,,,2026-04-30,4577.0,達航科技,其他電子業,0.8222471991720877,SECTOR_WEAK,-0.4023446,-0.4756923,0.046153847,0.1055090339942323,0.15151516,1.4651446,0.02,0.3953474,1.438748,4.307454,2.4854314,1.0,0.011495191,0.98102015,-0.012670772,1.3314548,,4.230745,161.0,1.1936888,,,,,,,,,,,,,,,,,,,,,,,,
FAILED_SETUP,,,,,,,2026-04-30,3665.0,貿聯-KY,電子工業,0.8922015340754275,SECTOR_WEAK,-0.37579662,-0.38305086,0.020338982,0.1055090339942323,0.050541516,0.8072246,0.004,0.3784744,0.7824815,7.070797,2.6610138,1.0,0.0035226988,0.831554,-0.013599854,1.0809062,0.8685425,6.040091,243.0,0.57591754,,,,,,,,,,,,,,,,,,,,,,,,
FAILED_SETUP,,,,,,,2026-04-30,3163.0,波若威,通信網路業,0.7677584878660323,SECTOR_WEAK,-0.3373705,-0.45019922,0.035856575,0.1055090339942323,0.14847162,1.7182493,0.044,0.23575051,1.2565726,3.9386046,2.9641001,1.0,0.011223814,0.98339266,-0.0097843,1.162677,0.98279303,2.8364341,219.0,-0.1304549,,,,,,,,,,,,,,,,,,,,,,,,
FAILED_SETUP,,,,,,,2026-04-30,1591.0,駿吉-KY,電機機械,0.7616963697435543,STOCK_SPECIFIC,-0.4178209,-0.53507465,0.03880597,0.1055090339942323,0.07395994,0.20114593,0.008,0.43824497,0.2902157,5.9561706,0.03319003,0.013867488,0.032302964,0.58837485,0.03362843,1.1671588,2.1111548,3.1930852,8.0,0.8637946,,,,,,,,,,,,,,,,,,,,,,,,
FAILED_SETUP,,,,,,,2026-04-30,6530.0,創威,通信網路業,0.7572206656282445,SECTOR_WEAK,-0.29645082,-0.29654428,0.040983614,0.1055090339942323,0.17299578,0.82143426,0.016,0.18232252,0.682665,3.4895794,3.3732407,1.0,0.053706642,0.8446026,-0.0070351236,1.0406504,0.792427,3.1877096,49.0,-0.4706123,,,,,,,,,,,,,,,,,,,,,,,,
FAILED_SETUP,,,,,,,2026-05-08,6515.0,穎崴,半導體業,0.6346764067780382,STOCK_SPECIFIC,-0.22134832,-0.23340143,0.10061287,0.1140541554618488,0.19314642,1.0991901,0.04,-0.05281055,1.1246084,3.0628974,0.8725904,0.19314642,0.02205903,0.976,0.06389524,0.990411,0.77070236,3.2855122,168.0,0.83648664,,,,,,,,,,,,,,,,,,,,,,,,
FAILED_SETUP,,,,,,,2026-05-08,6588.0,東典光電,通信網路業,0.6826629828658801,SECTOR_WEAK,-0.223125,-0.42291668,0.048611112,0.1140541554618488,0.16433567,0.8033449,0.04,0.028556967,1.1170236,2.6854925,0.7365184,0.16433567,0.20066193,0.99314284,-0.11344796,0.9570552,0.42318496,2.5160995,100.0,0.19533265,,,,,,,,,,,,,,,,,,,,,,,,
FAILED_SETUP,,,,,,,2026-05-08,6715.0,嘉基,電子零組件業,0.7176764418893012,SECTOR_WEAK,-0.18797752,-0.21573034,0.27865168,0.1140541554618488,0.09438202,1.8915802,0.016,-0.117965825,1.4699535,2.24134,0.502092,0.09438202,0.09542307,0.9885714,-0.0018696636,1.1019067,1.1176687,3.7460608,56.0,-0.7716206,,,,,,,,,,,,,,,,,,,,,,,,
FAILED_SETUP,,,,,,,2026-05-08,6830.0,汎銓,電子工業,0.6704458401122478,SECTOR_WEAK,-0.21007875,-0.43569553,0.07874016,0.1140541554618488,0.27064803,2.8013082,0.024,0.026449265,1.5655743,1.8475845,4.76012,1.0,0.028537296,0.9851429,-0.0053612096,1.1826985,1.9787555,3.1426942,157.0,-2.165709,,,,,,,,,,,,,,,,,,,,,,,,
FAILED_SETUP,,,,,,,2026-05-08,6944.0,兆聯實業,綠能環保,0.6461986070650332,SECTOR_WEAK,-0.0937931,-0.09926855,0.16509926,0.1140541554618488,0.0840249,0.17562318,0.008,-0.028200096,0.38560164,1.9978379,10.661764,1.0,0.010924667,0.7211428,-0.14619054,1.2553431,1.3905677,3.336036,238.0,1.0930638,,,,,,,,,,,,,,,,,,,,,,,,
FAILED_SETUP,,,,,,,2026-05-08,6903.0,巨漢,其他電子業,0.8146027872226291,SECTOR_WEAK,-0.1305012,-0.1515513,0.07756563,0.1140541554618488,0.06398104,0.35298958,0.0,0.08078839,0.7453643,2.3410397,7.662765,1.0,0.0,0.928,-0.08714603,0.9805924,0.8363061,4.115443,167.0,1.0570672,,,,,,,,,,,,,,,,,,,,,,,,
FAILED_SETUP,,,,,,,2026-05-08,8438.0,昶昕,綠能環保,0.7432946097859501,SECTOR_WEAK,-0.18530194,-0.22824974,0.14636643,0.1140541554618488,0.08017817,0.32709002,0.016,0.06583095,0.7617631,4.2526174,0.43268934,0.08017817,0.01132359,0.93942857,-0.15333775,1.1295546,0.38686645,4.022259,82.0,0.96252155,,,,,,,,,,,,,,,,,,,,,,,,
FAILED_SETUP,,,,,,,2026-05-08,6426.0,統新,通信網路業,0.9350296154975586,SECTOR_WEAK,-0.2971756,-0.3225191,0.122137405,0.1140541554618488,0.032442745,0.82058823,0.0,0.39097315,1.1979128,3.1144001,0.109170295,0.032442745,0.0,0.9622857,-0.12478125,1.0151188,1.5646803,3.4526668,103.0,0.7106574,,,,,,,,,,,,,,,,,,,,,,,,
FAILED_SETUP,,,,,,,2026-05-08,6877.0,鏵友益,其他電子業,0.6894524848452555,SECTOR_WEAK,-0.28027606,-0.29141104,0.12269939,0.1140541554618488,0.19277108,0.62231976,0.04,0.2642223,0.6228793,3.331198,0.68779,0.19277108,0.1362197,0.77942854,-0.09138526,0.9224652,0.25266492,3.099323,49.0,0.094068356,,,,,,,,,,,,,,,,,,,,,,,,
FAILED_SETUP,,,,,,,2026-05-08,5475.0,德宏,電子零組件業,0.65678603202206,SECTOR_WEAK,-0.1684,-0.32615384,0.05846154,0.1140541554618488,0.24461539,1.5976479,0.024,-0.018992884,1.2808511,1.7493608,1.4525855,0.24461539,0.026642473,0.9942857,-0.003254063,1.0788382,1.2683154,2.5485542,224.0,0.27524152,,,,,,,,,,,,,,,,,,,,,,,,
FAILED_SETUP,,,,,,,2026-05-08,7744.0,崴寶,電子零組件業,0.7815017657671772,SECTOR_WEAK,-0.22238462,-0.27453953,0.056410257,0.1140541554618488,0.03723404,0.5844663,0.0,-0.00945426,0.478811,4.020596,4.496714,1.0,0.0,0.6948571,-0.0028120277,1.1362511,0.60935485,3.1507726,57.0,1.1672246,,,,,,,,,,,,,,,,,,,,,,,,
FAILED_SETUP,,,,,,,2026-05-08,4749.0,新應材,光電業,0.7078921344360269,SECTOR_WEAK,-0.24258515,-0.2478624,0.05676856,0.1140541554618488,0.0,0.072687246,0.0,0.066435605,0.2429357,3.968,4.122264,1.0,0.0,0.51771426,-0.022681547,1.1864407,2.1798396,2.4619048,22.0,0.91007453,,,,,,,,,,,,,,,,,,,,,,,,
FAILED_SETUP,,,,,,,2026-05-08,4577.0,達航科技,其他電子業,0.6895038208052877,SECTOR_WEAK,-0.17677419,-0.3892473,0.07526882,0.1140541554618488,0.33802816,1.3245106,0.016,0.11942653,0.9807873,1.54125,5.6569343,1.0,0.030781511,0.9737143,-0.088706724,0.92624354,0.9768633,2.0548959,166.0,1.052669,,,,,,,,,,,,,,,,,,,,,,,,
FAILED_SETUP,,,,,,,2026-05-08,3665.0,貿聯-KY,電子工業,0.7749887611611325,SECTOR_WEAK,-0.20986792,-0.31320754,0.13584906,0.1140541554618488,0.08,0.80067724,0.02,0.10329135,0.70696485,3.2374637,4.7649016,1.0,0.013964077,0.80685717,-0.005629655,1.0590112,0.61902434,4.7127514,248.0,0.4014745,,,,,,,,,,,,,,,,,,,,,,,,
FAILED_SETUP,,,,,,,2026-05-08,3555.0,博士旺,半導體業,0.623240631365203,STOCK_SPECIFIC,-0.22417219,-0.22516556,0.14348786,0.1140541554618488,0.25389755,0.7062586,0.032,0.008363854,0.92976624,2.8096838,0.2980528,0.066815145,0.06759957,0.95085716,0.06300676,1.1315789,0.85386515,2.6621213,190.0,0.22312894,,,,,,,,,,,,,,,,,,,,,,,,
FAILED_SETUP,,,,,,,2026-05-08,3533.0,嘉澤,電子工業,0.7404324807765835,SECTOR_WEAK,-0.17992537,-0.23880596,0.08395522,0.1140541554618488,0.094444446,0.60721606,0.004,-0.019738393,0.6393443,2.5283895,5.55786,1.0,0.007188675,0.7897143,-0.0048485575,1.2240117,1.1052816,3.3593009,66.0,1.0477455,,,,,,,,,,,,,,,,,,,,,,,,
FAILED_SETUP,,,,,,,2026-05-08,3529.0,力旺,半導體業,0.8315431135432962,TOO_EXTENDED,-0.33509153,-0.38619074,0.06750572,0.1140541554618488,0.10380623,1.0164365,0.012,0.25645655,0.86462307,4.231352,0.16177645,0.054209918,0.014939279,0.848,0.060578283,1.2511556,1.2863877,4.080805,37.0,0.9753447,,,,,,,,,,,,,,,,,,,,,,,,
FAILED_SETUP,,,,,,,2026-05-08,3339.0,泰谷,光電業,0.6798764336437417,SECTOR_WEAK,-0.21479754,-0.2834507,0.0035211267,0.1140541554618488,0.23639455,0.7780561,0.02,0.08420066,0.7739519,2.3494773,1.1005459,0.23639455,0.06745059,0.84114283,-0.023887433,0.9778633,,3.4244156,23.0,-0.13888091,,,,,,,,,,,,,,,,,,,,,,,,
FAILED_SETUP,,,,,,,2026-05-08,3081.0,聯亞,通信網路業,0.7205515697116482,SECTOR_WEAK,-0.21540187,-0.3140187,0.20186916,0.1140541554618488,0.26145038,1.2302206,0.024,0.17012781,1.4887358,2.1861248,1.2137796,0.26145038,0.040671967,0.99885714,-0.118890345,0.9691992,0.7300081,3.0106323,140.0,-0.2665342,,,,,,,,,,,,,,,,,,,,,,,,
FAILED_SETUP,,,,,,,2026-05-08,2243.0,宏旭-KY,汽車工業,0.6467715023109621,SECTOR_WEAK,-0.06547414,-0.09913793,1.9224138,0.1140541554618488,0.21008404,0.78495646,0.02,-0.0031226117,0.6484658,0.8070588,4.9413314,0.32352942,0.11454812,0.80228573,-0.13952288,1.2151898,1.0903581,2.7358,41.0,0.37849194,,,,,,,,,,,,,,,,,,,,,,,,
FAILED_SETUP,,,,,,,2026-05-08,4949.0,有成精密,光電業,0.704113729086082,SECTOR_WEAK,-0.19632885,-0.221303,0.15305068,0.1140541554618488,0.20064034,0.7785129,0.016,0.04593364,0.8658213,2.5754845,0.1522069,0.029882604,0.022341583,0.9097143,-0.022468645,1.184136,0.8139114,3.4176574,37.0,-0.11725632,,,,,,,,,,,,,,,,,,,,,,,,
FAILED_SETUP,,,,,,,2026-05-15,6187.0,萬潤,其他電子業,0.6444992131136627,SECTOR_WEAK,-0.08103139,-0.17219731,0.15695067,0.0940562195568699,0.32444444,1.6224148,0.028,-8.629191e-05,0.9682399,0.8294426,4.0039353,0.32444444,0.06062165,0.95530725,-0.090624295,0.96995705,0.6339202,2.195705,88.0,-0.3360431,,,,,,,,,,,,,,,,,,,,,,,,
FAILED_SETUP,,,,,,,2026-05-15,6217.0,中探針,電子零組件業,0.8122686263338824,SECTOR_WEAK,-0.25498304,-0.27118644,0.108474575,0.0940562195568699,0.23666666,3.55911,0.004,0.22896115,1.7598134,3.1624024,0.15687317,0.04,0.017208157,0.9955307,-0.013267975,1.2191235,3.5452821,4.533043,169.0,-0.33982474,,,,,,,,,,,,,,,,,,,,,,,,
FAILED_SETUP,,,,,,,2026-05-15,6426.0,統新,通信網路業,0.8185121358228338,SECTOR_WEAK,-0.22913043,-0.35177866,0.15019763,0.0940562195568699,0.1484375,0.82737696,0.016,0.279226,1.0373731,2.6137843,0.24719815,0.05664062,0.05706703,0.95865923,-0.1483267,0.95061725,0.72742224,3.091197,108.0,1.1331348,,,,,,,,,,,,,,,,,,,,,,,,
FAILED_SETUP,,,,,,,2026-05-15,6532.0,瑞耘,半導體業,0.8177046855774636,STOCK_SPECIFIC,-0.26551428,-0.31103608,0.07619048,0.0940562195568699,0.123853214,0.7266404,0.008,0.21509215,0.6833457,3.4448895,3.7662756,1.0,0.05246458,0.84581006,0.06463275,1.1294965,1.5684309,3.802942,32.0,0.47356474,,,,,,,,,,,,,,,,,,,,,,,,
FAILED_SETUP,,,,,,,2026-05-15,6679.0,鈺太,半導體業,0.6295269654205814,STOCK_SPECIFIC,-0.13742574,-0.24980997,0.16336633,0.0940562195568699,0.12459016,0.39918068,0.024,-0.029881988,0.40652382,2.434071,0.34779847,0.04779646,0.05060437,0.6625698,0.0676884,0.8711111,0.65657926,2.846277,43.0,0.8055722,,,,,,,,,,,,,,,,,,,,,,,,
FAILED_SETUP,,,,,,,2026-05-15,8155.0,博智,電子零組件業,0.6509284270724659,SECTOR_WEAK,-0.10708387,-0.1827961,0.11612903,0.0940562195568699,0.20300752,0.630407,0.04,0.021872532,0.7852349,1.4151766,9.338474,1.0,0.09270295,0.877095,-0.01146808,0.71139854,0.58385724,3.3758018,201.0,0.82247424,,,,,,,,,,,,,,,,,,,,,,,,
FAILED_SETUP,,,,,,,2026-05-15,8021.0,尖點,電子工業,0.8081138170700845,TOO_EXTENDED,-0.14026316,-0.1555024,0.5,0.0940562195568699,0.12570782,0.88933897,0.016,0.13045062,1.0352165,1.82202,0.78319055,0.109852776,0.008889254,0.9675978,0.0044012163,1.3117647,2.3933866,4.001887,209.0,1.5518734,,,,,,,,,,,,,,,,,,,,,,,,
FAILED_SETUP,,,,,,,2026-05-15,8039.0,台虹,電子零組件業,0.6225601921438872,SECTOR_WEAK,-0.08398577,-0.10676157,0.33970654,0.0940562195568699,0.18402778,0.48693752,0.02,-0.05848539,0.52170545,1.2806202,2.191178,0.18402778,0.038973413,0.8625698,-0.010613553,1.1496437,2.817856,2.487261,192.0,-0.10154457,,,,,,,,,,,,,,,,,,,,,,,,
FAILED_SETUP,,,,,,,2026-05-15,8147.0,正淩,電子零組件業,0.8391893873884462,SECTOR_WEAK,-0.21702413,-0.27270702,0.058981232,0.0940562195568699,0.044973545,0.3547395,0.0,0.18531871,0.5415819,2.8910716,4.607783,1.0,0.0,0.78547484,-0.012772918,1.2411215,2.3298078,3.0500002,60.0,0.6992691,,,,,,,,,,,,,,,,,,,,,,,,
FAILED_SETUP,,,,,,,2026-05-15,5443.0,均豪,光電業,0.7223108468924855,SECTOR_WEAK,-0.19105059,-0.25136188,0.046692606,0.0940562195568699,0.08396947,0.31328577,0.008,0.09195276,0.33392167,2.6136882,0.17052338,0.03257859,0.027905721,0.65139663,-0.051640097,0.79347825,1.5107844,2.5407605,46.0,0.34035257,,,,,,,,,,,,,,,,,,,,,,,,
FAILED_SETUP,,,,,,,2026-05-15,8271.0,宇瞻,電子工業,0.8248566169527647,TOO_EXTENDED,-0.25697675,-0.28166816,0.118393235,0.0940562195568699,0.11983471,0.8502826,0.024,0.36811677,0.83684003,4.120339,3.8914027,1.0,0.020721277,0.8223464,0.0031954257,1.0682148,0.9129698,4.645198,224.0,0.41331446,,,,,,,,,,,,,,,,,,,,,,,,
FAILED_SETUP,,,,,,,2026-05-15,8438.0,昶昕,綠能環保,0.7341024140845921,SECTOR_WEAK,-0.1515784,-0.20127119,0.17055084,0.0940562195568699,0.19914347,0.52444404,0.012,0.107223585,0.7524986,2.2483277,0.2542836,0.0385439,0.045607287,0.94748604,-0.124912225,1.7303965,1.305384,2.6832023,87.0,0.8519972,,,,,,,,,,,,,,,,,,,,,,,,
FAILED_SETUP,,,,,,,2026-05-15,6877.0,鏵友益,其他電子業,0.6317524337192573,SECTOR_WEAK,-0.08228572,-0.26666668,0.16190477,0.0940562195568699,0.25316456,0.6373979,0.04,0.08442805,0.50973684,1.2055814,3.0766525,0.25316456,0.10688381,0.7832402,-0.09219289,0.6639676,0.44615352,2.615659,54.0,0.101706594,,,,,,,,,,,,,,,,,,,,,,,,
FAILED_SETUP,,,,,,,2026-05-15,5284.0,jpp-KY,其他,0.7407035614877319,SECTOR_WEAK,-0.1602439,-0.20460212,0.30081302,0.0940562195568699,0.07569721,0.28256336,0.008,0.22250511,0.29023784,2.5123522,0.1326,0.02124834,0.010682723,0.5519553,-0.14361808,0.9411765,0.73182964,3.1314113,28.0,1.01018,,,,,,,,,,,,,,,,,,,,,,,,
FAILED_SETUP,,,,,,,2026-05-15,6715.0,嘉基,電子零組件業,0.8513407085805751,SECTOR_WEAK,-0.22788462,-0.26708806,0.21581197,0.0940562195568699,0.073068894,1.8220057,0.008,0.044574603,1.4819767,3.140063,0.07328911,0.016701462,0.02882849,0.99441344,-0.011549219,0.8687012,0.4004179,4.279986,61.0,-0.2537698,,,,,,,,,,,,,,,,,,,,,,,,
FAILED_SETUP,,,,,,,2026-05-15,4977.0,眾達-KY,通信網路業,0.6659207793453555,SECTOR_WEAK,-0.09775,-0.37272727,0.106818184,0.0940562195568699,0.20529802,0.5340507,0.028,0.08792295,0.50477535,1.1756719,1.3775738,0.13465784,0.08015301,0.84692734,-0.14078903,1.2136929,0.59255016,1.8555268,5.0,1.2569904,,,,,,,,,,,,,,,,,,,,,,,,
FAILED_SETUP,,,,,,,2026-05-15,5274.0,信驊,半導體業,0.7127487784426961,TOO_EXTENDED,-0.2138654,-0.22450984,0.14351453,0.0940562195568699,0.116312884,0.6618331,0.036,0.011554418,0.876405,3.5985274,4.675838,1.0,0.03045428,0.94413406,0.06713545,0.83788705,0.6574036,4.2301645,215.0,1.0722558,,,,,,,,,,,,,,,,,,,,,,,,
FAILED_SETUP,,,,,,,2026-05-15,1785.0,光洋科,其他電子業,0.6999393686712609,SECTOR_WEAK,-0.14351974,-0.23355263,0.10526315,0.0940562195568699,0.20915033,1.2573459,0.036,0.060425047,0.8876926,1.4934475,6.967683,1.0,0.10857986,0.8949721,-0.09177039,0.8100358,0.9203849,2.929617,49.0,0.38660365,,,,,,,,,,,,,,,,,,,,,,,,
FAILED_SETUP,,,,,,,2026-05-15,2308.0,台達電,電子零組件業,0.6634719881226301,SECTOR_WEAK,-0.087304786,-0.09858559,0.30226701,0.0940562195568699,0.14216867,0.53863406,0.044,0.027235873,0.63278687,1.6448814,11.454125,1.0,0.046134222,0.85027933,-0.011384759,0.7699531,0.9934069,3.8859887,216.0,1.5729549,,,,,,,,,,,,,,,,,,,,,,,,
FAILED_SETUP,,,,,,,2026-05-15,2360.0,致茂,電子工業,0.7066056859896828,STOCK_SPECIFIC,-0.13811764,-0.17899652,0.31529412,0.0940562195568699,0.12946428,0.99249285,0.032,-0.02170747,0.9117304,1.7787879,7.2402043,1.0,0.039401427,0.9396648,0.005580263,0.94333845,0.6378654,3.1437373,200.0,0.6040501,,,,,,,,,,,,,,,,,,,,,,,,
FAILED_SETUP,,,,,,,2026-05-15,2368.0,金像電,電子零組件業,0.6517240412346201,SECTOR_WEAK,-0.070860654,-0.21167335,0.29508197,0.0940562195568699,0.17829457,0.4893908,0.032,0.009844191,0.692595,0.87071943,14.112204,1.0,0.032684248,0.9083799,-0.011358186,1.2838197,1.2497848,2.3610313,243.0,1.104622,,,,,,,,,,,,,,,,,,,,,,,,
FAILED_SETUP,,,,,,,2026-05-15,3081.0,聯亞,通信網路業,0.7287238620319094,SECTOR_WEAK,-0.056588236,-0.29607844,0.26078433,0.0940562195568699,0.24482109,1.2837037,0.032,0.15932152,1.345289,0.5959292,4.32636,0.24482109,0.045105707,0.99776536,-0.14551009,0.9894535,0.90365267,2.8010325,145.0,0.38160363,,,,,,,,,,,,,,,,,,,,,,,,
FAILED_SETUP,,,,,,,2026-05-15,1711.0,永光,化學生技醫療,0.6778921985420181,STOCK_SPECIFIC,-0.17178988,-0.24124514,0.03696498,0.0940562195568699,0.26078433,0.9367662,0.032,0.06087795,0.8150543,2.3887923,1.5180424,0.26078433,0.14718519,0.9240223,3.6691144e-05,0.83622134,0.92347664,2.7954912,111.0,0.3263401,,,,,,,,,,,,,,,,,,,,,,,,
FAILED_SETUP,,,,,,,2026-05-15,3354.0,律勝,電子零組件業,0.6468007799287789,SECTOR_WEAK,-0.24311927,-0.2874618,0.12232416,0.0940562195568699,0.13939394,0.23145413,0.02,0.081475146,0.38756517,3.1709402,0.02492853,0.006060606,0.08564747,0.824581,-0.01171385,0.99808794,0.5301563,2.0518043,105.0,0.15424237,,,,,,,,,,,,,,,,,,,,,,,,
FAILED_SETUP,,,,,,,2026-05-15,3363.0,上詮,通信網路業,0.6568205398653693,SECTOR_WEAK,-0.12469512,-0.38414633,0.12560976,0.0940562195568699,0.26634958,0.6901586,0.028,0.046146177,0.64867395,1.6781945,2.1360064,0.26634958,0.042071912,0.89273745,-0.1417033,1.1217082,1.7581826,2.3006446,223.0,1.5579594,,,,,,,,,,,,,,,,,,,,,,,,
FAILED_SETUP,,,,,,,2026-05-15,3587.0,閎康,其他電子業,0.7005049234871471,SECTOR_WEAK,-0.118078604,-0.26637554,0.049490537,0.0940562195568699,0.13031162,0.42778066,0.024,0.039151806,0.56684947,1.6874888,0.5877873,0.0694051,0.12925926,0.76648045,-0.09107571,1.1113262,0.86575764,3.5735006,39.0,-0.077020794,,,,,,,,,,,,,,,,,,,,,,,,
FAILED_SETUP,,,,,,,2026-05-15,3645.0,達邁,電子工業,0.6559818711785992,STOCK_SPECIFIC,-0.13126315,-0.31113312,0.16267942,0.0940562195568699,0.13207547,0.6194692,0.028,-0.0598702,0.54702365,1.7054884,1.0061885,0.13207547,0.0663368,0.7888268,0.005786432,1.0653595,1.3760002,2.7558615,53.0,0.5307003,,,,,,,,,,,,,,,,,,,,,,,,
FAILED_SETUP,,,,,,,2026-05-15,4960.0,誠美材,光電業,0.6868476078849428,SECTOR_WEAK,-0.07532258,-0.3621701,0.13049853,0.0940562195568699,0.40145984,1.1270908,0.008,0.053628672,0.8063711,0.80265623,5.3298736,0.40145984,0.08044927,0.9027933,-0.052228104,1.0868031,0.72186846,2.3278646,56.0,0.17900124,,,,,,,,,,,,,,,,,,,,,,,,
FAILED_SETUP,,,,,,,2026-05-15,3265.0,台星科,半導體業,0.6515544773594402,STOCK_SPECIFIC,-0.12423077,-0.14064921,0.12362637,0.0940562195568699,0.05177112,0.19122945,0.012,-0.094792485,0.44414654,2.3534572,0.021933371,0.0027247996,0.043010663,0.7865922,0.06857822,0.7064935,1.0814849,3.0402725,102.0,1.1393799,,,,,,,,,,,,,,,,,,,,,,,,
FAILED_SETUP,,,,,,,2026-05-22,5291.0,邑昇,電子零組件業,0.7214394499356953,STOCK_SPECIFIC,-0.30384713,-0.4045189,0.03566879,0.013483287661189,0.10013004,0.70003057,0.012,0.0601528,0.7492247,4.683422,0.32954085,0.10013004,0.07621553,0.9294653,0.07358766,1.318413,1.7336901,2.3064983,119.0,-0.23963836,,,,,,,,,,,,,,,,,,,,,,,,
FAILED_SETUP,,,,,,,2026-05-22,5284.0,jpp-KY,其他,0.7805001367176961,SECTOR_WEAK,-0.2577964,-0.32276598,0.1497006,0.013483287661189,0.020731708,0.3524454,0.0,0.23646559,0.39016038,4.4514627,3.87903,1.0,0.0,0.5551763,-0.13697316,0.95726496,1.1595681,3.999754,33.0,1.0090578,,,,,,,,,,,,,,,,,,,,,,,,
FAILED_SETUP,,,,,,,2026-05-22,5236.0,凌陽創新,半導體業,0.659678739931975,TOO_EXTENDED,-0.19236842,-0.22460221,0.021052632,0.013483287661189,0.008287293,0.23294319,0.0,-0.072415344,0.3727027,5.654144,0.027725479,0.0053335065,0.0,0.54493743,0.029050631,1.3129771,0.8042427,5.5755067,35.0,-0.12248446,,,,,,,,,,,,,,,,,,,,,,,,
FAILED_SETUP,,,,,,,2026-05-22,4949.0,有成精密,光電業,0.6576029944129766,SECTOR_WEAK,-0.22113743,-0.385782,0.056872036,0.013483287661189,0.14562118,0.91604537,0.024,-0.009156666,0.830131,3.5386784,0.65850985,0.14562118,0.025026448,0.8953356,-0.0057331403,0.691708,1.8910986,3.3539395,47.0,0.19947612,,,,,,,,,,,,,,,,,,,,,,,,
FAILED_SETUP,,,,,,,2026-05-22,4908.0,前鼎,通信網路業,0.9335162622157848,SECTOR_WEAK,-0.46705282,-0.5758092,0.06473594,0.013483287661189,0.02808989,1.8245918,0.0,0.4814897,1.4700114,7.3248854,0.060142856,0.02808989,0.0,0.9556314,-0.0851899,1.1824235,2.722777,6.0470734,60.0,-0.5309006,,,,,,,,,,,,,,,,,,,,,,,,
FAILED_SETUP,,,,,,,2026-05-22,4749.0,新應材,光電業,0.6770085781900642,SECTOR_WEAK,-0.213775,-0.35393336,0.008333334,0.013483287661189,0.034188036,0.18107471,0.0,0.06063814,0.31987637,3.051334,4.6778154,1.0,0.0,0.59726965,-0.007863241,1.0186666,1.1543663,2.5773718,32.0,1.3929732,,,,,,,,,,,,,,,,,,,,,,,,
FAILED_SETUP,,,,,,,2026-05-22,4741.0,泓瀚,化學工業,0.7092797509951098,SECTOR_WEAK,-0.24151969,-0.31967524,0.36377952,0.013483287661189,0.09713376,1.4303641,0.016,-0.03236668,1.0732915,2.870468,4.140449,1.0,0.10009626,0.91581345,-0.06724077,0.79927665,0.8742903,3.712433,42.0,-0.124016285,,,,,,,,,,,,,,,,,,,,,,,,
FAILED_SETUP,,,,,,,2026-05-22,4571.0,鈞興-KY,電機機械,0.6864912691815889,SECTOR_WEAK,-0.3087069,-0.35603458,0.023706896,0.013483287661189,0.052287582,0.11795377,0.0,0.18606962,0.34417525,4.6963935,0.1124774,0.034722548,0.0,0.50511944,-0.006532,1.5310345,1.2914027,3.612022,5.0,0.8932503,,,,,,,,,,,,,,,,,,,,,,,,
FAILED_SETUP,,,,,,,2026-05-22,6224.0,聚鼎,電子零組件業,0.7812073437940702,TOO_EXTENDED,-0.342622,-0.38706017,0.10669693,0.013483287661189,0.12078978,0.78539604,0.004,0.23012008,0.82451636,4.334256,0.3525453,0.12078978,0.040367186,0.78953356,0.07227475,1.0262295,2.3575628,4.565125,27.0,0.46504024,,,,,,,,,,,,,,,,,,,,,,,,
FAILED_SETUP,,,,,,,2026-05-22,4919.0,新唐,電子工業,0.9285119745267276,TOO_EXTENDED,-0.38154393,-0.39667457,0.09263658,0.013483287661189,0.0,1.7720126,0.0,0.16766511,1.4530498,4.8257937,2.6209302,1.0,0.0,0.96245736,0.06873209,0.9983471,1.8296988,4.8571386,49.0,0.38929403,,,,,,,,,,,,,,,,,,,,,,,,
FAILED_SETUP,,,,,,,2026-05-22,6237.0,驊訊,半導體業,0.7483108183385236,TOO_EXTENDED,-0.31260037,-0.388117,0.06751825,0.013483287661189,0.023722628,0.21306555,0.0,0.2484139,0.35909328,5.5069346,0.031641297,0.009891081,0.0,0.5244596,0.027018761,1.3432835,2.8254356,4.882319,0.0,0.8283936,,,,,,,,,,,,,,,,,,,,,,,,
FAILED_SETUP,,,,,,,2026-05-22,6706.0,惠特,電子工業,0.834378398810467,STOCK_SPECIFIC,-0.38190475,-0.46031746,0.1904762,0.013483287661189,0.013513514,0.42204988,0.0,0.21765728,0.59747165,5.1954756,0.035384513,0.013513514,0.0,0.84414107,0.06844117,1.2186916,1.0425494,3.2978575,116.0,0.7370988,,,,,,,,,,,,,,,,,,,,,,,,
FAILED_SETUP,,,,,,,2026-05-22,6261.0,久元,半導體業,0.7316454766695755,STOCK_SPECIFIC,-0.32865626,-0.38359374,0.0078125,0.013483287661189,0.09677419,0.4330234,0.008,0.15804884,0.67938244,4.4116254,0.29445413,0.09677419,0.07575521,0.79977244,0.026468666,0.8476395,0.5701624,3.8607492,120.0,0.89746714,,,,,,,,,,,,,,,,,,,,,,,,
FAILED_SETUP,,,,,,,2026-05-22,6291.0,沛亨,半導體業,0.8511520548160721,STOCK_SPECIFIC,-0.27137432,-0.3851718,0.2983725,0.013483287661189,2.220446e-16,0.6684511,0.0,0.039131243,1.0898871,3.8234396,3.684947,1.0,0.0,0.9692833,0.027828913,0.9106552,1.5197592,3.9069004,201.0,0.6394792,,,,,,,,,,,,,,,,,,,,,,,,
FAILED_SETUP,,,,,,,2026-05-22,6419.0,京晨科,光電業,0.6854752851352376,SECTOR_WEAK,-0.16967742,-0.18709677,0.029032258,0.013483287661189,0.21943574,0.91184694,0.004,0.02589038,0.9071039,1.8690355,0.08077965,0.013706483,0.0871764,0.9215017,-0.0073503284,1.1666666,0.74125737,3.2834857,90.0,0.26337263,,,,,,,,,,,,,,,,,,,,,,,,
FAILED_SETUP,,,,,,,2026-05-22,6426.0,統新,通信網路業,0.7267015400015121,SECTOR_WEAK,-0.2895082,-0.47176686,0.06010929,0.013483287661189,0.09701493,0.45336905,0.012,0.073015764,1.0324587,3.4445202,0.032221384,0.009328355,0.041301087,0.9681456,-0.07476351,0.93246186,0.6255129,3.0745099,113.0,1.265163,,,,,,,,,,,,,,,,,,,,,,,,
FAILED_SETUP,,,,,,,2026-05-22,6679.0,鈺太,半導體業,0.777207407934994,STOCK_SPECIFIC,-0.22788773,-0.3796774,0.041358937,0.013483287661189,0.023845008,0.47173208,0.0,0.049703512,0.5219331,4.260197,0.010427443,0.0023762865,0.0,0.7235495,0.02776511,1.0073206,1.2962488,3.7821171,48.0,0.82248044,,,,,,,,,,,,,,,,,,,,,,,,
FAILED_SETUP,,,,,,,2026-05-22,6715.0,嘉基,電子零組件業,0.6223363238950071,STOCK_SPECIFIC,-0.22373791,-0.26315188,0.22234157,0.013483287661189,0.20910075,1.6945696,0.036,-0.04144115,1.2396535,2.5738747,0.2469613,0.055254605,0.107122056,0.9897611,0.074445486,1.2761905,0.5271347,2.4595764,66.0,0.026259556,,,,,,,,,,,,,,,,,,,,,,,,
FAILED_SETUP,,,,,,,2026-05-22,6716.0,應廣,半導體業,0.6586957900631258,STOCK_SPECIFIC,-0.22521739,-0.22876032,0.24637681,0.013483287661189,0.118226595,0.16178179,0.008,0.15052834,0.5941741,3.3368096,0.13941799,0.031399354,0.049102675,0.7906712,0.026679974,0.8946565,1.037011,2.7739944,63.0,1.7525011,,,,,,,,,,,,,,,,,,,,,,,,
FAILED_SETUP,,,,,,,2026-05-22,6727.0,亞泰金屬,電子零組件業,0.938364191275496,TOO_EXTENDED,-0.445,-0.5060395,0.056060605,0.013483287661189,0.0,1.5980045,0.0,0.24421595,1.4030759,5.9764533,2.247191,1.0,0.0,0.97497153,0.07216414,1.2403952,0.25817338,4.913057,187.0,-0.49368024,,,,,,,,,,,,,,,,,,,,,,,,
FAILED_SETUP,,,,,,,2026-05-22,6861.0,睿生光電,生技醫療業,0.8705936226480535,SECTOR_WEAK,-0.4991135,-0.5549096,0.044324324,0.013483287661189,0.09131403,3.7984378,0.004,0.94731987,2.5048554,5.510247,2.0035522,1.0,0.0030295646,0.9988623,-0.16148376,1.1754045,,5.32,151.0,-0.34356588,,,,,,,,,,,,,,,,,,,,,,,,
FAILED_SETUP,,,,,,,2026-05-22,7709.0,榮田,電機機械,0.680362577216489,SECTOR_WEAK,-0.26288044,-0.29539093,0.5923913,0.013483287661189,0.11479029,0.28442964,0.012,0.12405267,0.68499637,3.1882298,3.8040109,1.0,0.09410682,,-0.0054002535,1.409786,0.9455269,2.760452,73.0,0.4990369,,,,,,,,,,,,,,,,,,,,,,,,
FAILED_SETUP,,,,,,,2026-05-22,4540.0,全球傳動,電機機械,0.7468723184146243,SECTOR_WEAK,-0.3202985,-0.34871098,0.111261874,0.013483287661189,0.045454547,0.27123043,0.008,0.20895664,0.6043844,4.7077494,3.1220877,1.0,0.051741324,0.8088737,-0.007297931,1.0019343,0.78160334,3.6292973,33.0,0.110927135,,,,,,,,,,,,,,,,,,,,,,,,
FAILED_SETUP,,,,,,,2026-05-22,6245.0,立端,通信網路業,0.6452190834340297,SECTOR_WEAK,-0.13040541,-0.1846847,0.061936934,0.013483287661189,0.011363637,0.17033911,0.0,0.015687732,0.21245521,3.8784688,0.050460633,0.0065803393,0.0,0.39817974,-0.072346345,1.0050251,1.7759724,4.812918,0.0,0.12869862,,,,,,,,,,,,,,,,,,,,,,,,
FAILED_SETUP,,,,,,,2026-05-22,3714.0,富采,電子工業,0.8054558396146589,TOO_EXTENDED,-0.27291423,-0.4104153,0.023501763,0.013483287661189,0.02334151,0.91040653,0.0,-0.027808072,0.85692126,4.2282186,0.08552691,0.02334151,0.0,0.8725825,0.06991956,0.86567163,2.7076874,4.3348722,69.0,0.027035166,,,,,,,,,,,,,,,,,,,,,,,,
FAILED_SETUP,,,,,,,2026-05-22,5274.0,信驊,半導體業,0.6902743325464147,STOCK_SPECIFIC,-0.16683713,-0.2702461,0.105058365,0.013483287661189,0.0795838,0.5318341,0.016,-0.014433003,0.86412895,2.6909766,0.47701493,0.0795838,0.014881106,0.8976109,0.028339542,1.169286,0.93224746,3.9253495,220.0,1.0561447,,,,,,,,,,,,,,,,,,,,,,,,
FAILED_SETUP,,,,,,,2026-05-22,3504.0,揚明光,電子工業,0.6696354526391535,TOO_EXTENDED,-0.26996404,-0.28057554,0.17266187,0.013483287661189,0.07913669,0.2988332,0.004,0.04897028,0.46091953,4.642268,0.33755273,0.0911271,0.039794225,0.6609784,0.0695114,1.5235955,1.461267,4.2869415,22.0,0.40097606,,,,,,,,,,,,,,,,,,,,,,,,
FAILED_SETUP,,,,,,,2026-05-22,1582.0,信錦,電子零組件業,0.7068147213244154,STOCK_SPECIFIC,-0.29167363,-0.4073908,0.029288707,0.013483287661189,0.047826085,0.40662026,0.004,0.041942783,0.47693413,5.072453,3.4284894,1.0,0.009172339,0.6814562,0.073870696,1.6698413,2.037505,3.0624392,55.0,-0.30119184,,,,,,,,,,,,,,,,,,,,,,,,
FAILED_SETUP,,,,,,,2026-05-22,1717.0,長興,化學生技醫療,0.6601635823140195,SECTOR_WEAK,-0.17538825,-0.29564452,0.05764706,0.013483287661189,0.056302376,0.24006937,0.004,-0.011159428,0.49267346,3.24591,0.3210157,0.056302376,0.019702815,0.80546075,-0.042748187,1.0496761,1.4021186,2.734779,186.0,1.138828,,,,,,,,,,,,,,,,,,,,,,,,
FAILED_SETUP,,,,,,,2026-05-22,2233.0,宇隆,汽車工業,0.7777387026547793,SECTOR_WEAK,-0.34970587,-0.45938376,0.10364146,0.013483287661189,0.07348703,0.30374968,0.0,0.4412495,0.5199299,5.7494407,2.859546,1.0,0.0,0.73265076,-0.11314337,1.391716,2.113266,4.351206,15.0,0.39433512,,,,,,,,,,,,,,,,,,,,,,,,
FAILED_SETUP,,,,,,,2026-05-22,2236.0,百達-KY,汽車工業,0.6797072523879146,SECTOR_WEAK,-0.13666667,-0.15151516,0.2760943,0.013483287661189,0.010238908,0.09107525,0.0,0.06463938,0.32402524,3.3825002,7.3170733,1.0,0.0,0.6678043,-0.09210146,1.2432432,1.8760349,4.0125003,110.0,0.82891446,,,,,,,,,,,,,,,,,,,,,,,,
FAILED_SETUP,,,,,,,2026-05-22,2345.0,智邦,電子工業,0.637323487879501,STOCK_SPECIFIC,-0.19940828,-0.21104537,0.11439842,0.013483287661189,0.091093116,0.42724508,0.036,-0.002917582,0.73921615,2.954906,5.014837,1.0,0.039890826,0.8896473,0.06967192,0.85935086,0.4961824,3.3114822,254.0,1.2245338,,,,,,,,,,,,,,,,,,,,,,,,
FAILED_SETUP,,,,,,,2026-05-22,2355.0,敬鵬,電子零組件業,0.7975513428162235,STOCK_SPECIFIC,-0.27642646,-0.40808824,0.04411765,0.013483287661189,0.029141104,0.42446512,0.0,0.09948019,0.627518,4.624921,3.6175985,1.0,0.0,0.817975,0.07342493,1.5519127,2.6733649,3.7925892,84.0,0.21086372,,,,,,,,,,,,,,,,,,,,,,,,
FAILED_SETUP,,,,,,,2026-05-22,2360.0,致茂,電子工業,0.6612685111702735,STOCK_SPECIFIC,-0.21897654,-0.2560203,0.19189766,0.013483287661189,0.11453745,0.8113658,0.028,-0.02046418,0.8543429,3.112121,0.52305806,0.11453745,0.032086685,0.92719,0.06982161,0.94417864,0.91820806,2.7595959,205.0,0.766554,,,,,,,,,,,,,,,,,,,,,,,,
FAILED_SETUP,,,,,,,2026-05-22,2388.0,威盛,電子工業,0.7413958714815215,TOO_EXTENDED,-0.23584718,-0.31229237,0.0110741975,0.013483287661189,0.028409092,0.49860498,0.0,-0.034314845,0.55208296,4.0455627,0.090332724,0.021304717,0.0,0.69283277,0.06994237,1.0650045,1.5976212,4.9660106,18.0,0.39017358,,,,,,,,,,,,,,,,,,,,,,,,
FAILED_SETUP,,,,,,,2026-05-22,2399.0,映泰,電腦及週邊設備業,0.7458405678742673,TOO_EXTENDED,-0.16974522,-0.26008493,0.22080679,0.013483287661189,0.06337272,0.7973372,0.008,0.05076326,0.64292186,2.8300886,5.891182,1.0,0.030255757,0.8020478,0.0010351569,0.9145908,0.76633924,4.048968,51.0,0.09386654,,,,,,,,,,,,,,,,,,,,,,,,
FAILED_SETUP,,,,,,,2026-05-22,2455.0,全新,電子工業,0.8667714162344451,TOO_EXTENDED,-0.31268966,-0.4098121,0.057471264,0.013483287661189,0.0,0.9782721,0.0,0.03811476,1.0384997,4.5071716,3.198059,1.0,0.0,0.920364,0.069463275,1.1834711,1.4353772,4.417318,97.0,0.08986046,,,,,,,,,,,,,,,,,,,,,,,,
FAILED_SETUP,,,,,,,2026-05-22,2489.0,瑞軒,電子工業,0.8574318285559379,STOCK_SPECIFIC,-0.39285842,-0.4642258,0.02123894,0.013483287661189,-1.110223e-16,0.58914465,0.0,0.0513479,0.9699692,6.6117234,2.5454464,1.0,0.0,0.94084185,0.06945233,1.0693938,0.63261515,3.3341844,114.0,0.47638354,,,,,,,,,,,,,,,,,,,,,,,,
FAILED_SETUP,,,,,,,2026-05-22,2313.0,華通,電子零組件業,0.6863821388456656,STOCK_SPECIFIC,-0.31435812,-0.34356555,0.032094594,0.013483287661189,0.05755396,0.2489227,0.016,0.055058382,0.7247869,4.6775584,0.08009928,0.025179857,0.030713812,0.9499431,0.073634155,1.0821744,1.1310567,1.8800718,201.0,1.0405926,,,,,,,,,,,,,,,,,,,,,,,,
FAILED_SETUP,,,,,,,2026-05-22,3030.0,德律,電子工業,0.848757982377121,TOO_EXTENDED,-0.32964125,-0.38006258,0.025784753,0.013483287661189,0.038140643,0.899896,0.0,0.11094799,0.8855628,5.5855627,0.115703486,0.038140643,0.0,0.9135381,0.069081545,1.1929134,,4.3614655,115.0,-0.124393955,,,,,,,,,,,,,,,,,,,,,,,,
FAILED_SETUP,,,,,,,2026-05-22,3024.0,憶聲,光電業,0.7449007929982316,SECTOR_WEAK,-0.30782732,-0.3398329,0.0,0.013483287661189,0.045454554,0.43167698,0.008,0.14077817,0.52728283,5.505837,0.0043595717,0.0013419953,0.039981037,0.63139933,-0.008854799,1.2970028,0.6423914,5.4726214,8.0,0.26619586,,,,,,,,,,,,,,,,,,,,,,,,
FAILED_SETUP,,,,,,,2026-05-22,3491.0,昇達科,通信網路業,0.793621276783107,SECTOR_WEAK,-0.27513513,-0.43243244,0.081081085,0.013483287661189,0.025906736,0.15504493,0.0,0.2027459,0.8461303,4.0405154,3.6345775,1.0,0.0,0.9772469,-0.07833026,1.2495238,1.3984259,2.4698453,176.0,1.3779899,,,,,,,,,,,,,,,,,,,,,,,,
FAILED_SETUP,,,,,,,2026-05-22,3490.0,單井,光電業,0.853710060350843,SECTOR_WEAK,-0.34498838,-0.3784752,0.006976744,0.013483287661189,0.028735632,0.53783774,0.0,0.35264614,0.6570587,5.850225,0.15676768,0.054083027,0.0,0.71672356,-0.013660274,1.3879409,4.040062,5.8767133,51.0,0.30730084,,,,,,,,,,,,,,,,,,,,,,,,
FAILED_SETUP,,,,,,,2026-05-22,3443.0,創意,電子工業,0.7076750679708701,TOO_EXTENDED,-0.31053573,-0.3324991,0.05639098,0.013483287661189,0.15758754,0.74003315,0.02,0.124901876,0.9807322,3.987707,3.2202415,1.0,0.022482412,0.90102386,0.06893046,0.90166026,1.098131,4.2693963,147.0,1.8822818,,,,,,,,,,,,,,,,,,,,,,,,
FAILED_SETUP,,,,,,,2026-05-22,3169.0,亞信,半導體業,0.6317457306776001,STOCK_SPECIFIC,-0.19071428,-0.22353785,0.011904762,0.013483287661189,0.016393442,0.08053365,0.0,0.0074530873,0.25074327,3.6369731,0.00026872038,5.1248815e-05,0.0,0.49488056,0.02819936,1.00369,1.7119858,3.11582,24.0,1.0988643,,,,,,,,,,,,,,,,,,,,,,,,
FAILED_SETUP,,,,,,,2026-05-22,3455.0,由田,光電業,0.8150500911427578,SECTOR_WEAK,-0.35236797,-0.36967632,0.0017035775,0.013483287661189,0.100682594,1.3604994,0.008,0.26085824,1.1888976,5.474026,0.2857314,0.100682594,0.029455643,0.9442548,-0.0124450205,0.8170426,,5.649401,93.0,0.63107467,,,,,,,,,,,,,,,,,,,,,,,,
FAILED_SETUP,,,,,,,2026-05-22,3037.0,欣興,電子零組件業,0.9003817586273813,TOO_EXTENDED,-0.26235294,-0.26614743,0.10784314,0.013483287661189,0.016494846,1.2024952,0.0,0.13863362,1.4653003,4.247619,3.811659,1.0,0.0,0.9943117,0.07303829,0.95421684,1.5053573,5.154365,164.0,1.043759,,,,,,,,,,,,,,,,,,,,,,,,
FAILED_SETUP,,,,,,,2026-05-22,3581.0,博磊,半導體業,0.958397031997992,TOO_EXTENDED,-0.47321102,-0.6129458,0.09908257,0.013483287661189,0.0,1.8779556,0.0,0.434769,1.789756,6.9036326,2.1132221,1.0,0.0,0.9579067,0.02410316,1.1320754,,6.6496873,144.0,0.90060407,,,,,,,,,,,,,,,,,,,,,,,,
FAILED_SETUP,,,,,,,2026-05-22,3036.0,文曄,電子通路業,0.7994839138336098,STOCK_SPECIFIC,-0.33208904,-0.36069,0.05479452,0.013483287661189,0.043252595,0.38366005,0.0,0.17276739,0.61173385,5.801624,3.0112405,1.0,0.0,0.8202503,0.10939957,1.1146384,0.88672984,3.5842593,206.0,0.17110151,,,,,,,,,,,,,,,,,,,,,,,,
FAILED_SETUP,,,,,,,2026-05-22,3031.0,佰鴻,電子工業,0.698658567504656,TOO_EXTENDED,-0.20654412,-0.28445378,0.08382353,0.013483287661189,0.04592594,0.41388273,0.0,-0.056388848,0.49384755,4.499542,0.22235414,0.04592594,0.0,0.6916951,0.070096955,1.0888575,2.0659199,4.7147217,50.0,0.6976927,,,,,,,,,,,,,,,,,,,,,,,,
FAILED_SETUP,,,,,,,2026-05-22,3152.0,璟德,通信網路業,0.624686868957601,SECTOR_WEAK,-0.19236842,-0.33599824,0.24210526,0.013483287661189,0.079889804,0.056048192,0.0,0.1264937,0.27943042,3.6290781,0.03612636,0.006949571,0.0,0.6632537,-0.07627163,0.85776806,1.2752832,2.4442081,35.0,1.4043975,,,,,,,,,,,,,,,,,,,,,,,,
FAILED_SETUP,,,,,,,2026-05-29,6261.0,久元,半導體業,0.7228339325842696,MARKET_DOWN,-0.29090244,-0.3821138,0.0,-0.0823714635279839,0.10569105,0.29491368,0.012,0.15879266,0.6213224,4.281487,0.3633213,0.10569105,0.096298315,0.7653509,0.036309276,0.8265362,1.1342049,3.8310542,125.0,0.91367453,,,,,,,,,,,,,,,,,,,,,,,,
FAILED_SETUP,,,,,,,2026-05-29,5386.0,青雲,電腦及週邊設備業,0.9228774749969132,MARKET_DOWN,-0.40214285,-0.4642857,0.0048701297,-0.0823714635279839,0.059021924,1.1937871,0.0,0.39256656,1.8865719,6.3692927,2.4866786,1.0,0.0,0.9989035,0.022916894,1.2322859,1.1411514,5.4819403,141.0,0.5883081,,,,,,,,,,,,,,,,,,,,,,,,
FAILED_SETUP,,,,,,,2026-05-29,6224.0,聚鼎,電子零組件業,0.8637483578219534,MARKET_DOWN,-0.27942368,-0.4439701,0.0,-0.0823714635279839,0.02631579,0.75115466,0.0,0.05526131,0.95537466,4.3224998,0.056507282,0.015789473,0.0,0.8344298,0.09162199,0.8946565,2.9891636,6.1128798,32.0,0.055211943,,,,,,,,,,,,,,,,,,,,,,,,
FAILED_SETUP,,,,,,,2026-05-29,6204.0,艾華,電子零組件業,0.6720539757994815,MARKET_DOWN,-0.31431526,-0.3497537,0.28078818,-0.0823714635279839,0.033333335,0.050312363,0.0,0.05888386,0.25309905,5.5072994,0.06499878,0.02043011,0.0,0.37280703,0.09265508,1.1257036,1.3231585,4.0385942,19.0,0.5200163,,,,,,,,,,,,,,,,,,,,,,,,
FAILED_SETUP,,,,,,,2026-05-29,6190.0,萬泰科,通信網路業,0.8839473947400913,MARKET_DOWN,-0.24889131,-0.29115108,0.08260869,-0.0823714635279839,0.0010869565,0.42534658,0.0,0.23725699,0.733505,5.9365187,4.017818,1.0,0.0,0.82346493,-0.06836577,1.2200773,1.8365508,7.007778,56.0,0.49523836,,,,,,,,,,,,,,,,,,,,,,,,
FAILED_SETUP,,,,,,,2026-05-29,6147.0,頎邦,半導體業,0.9773997221879244,MARKET_DOWN,-0.47178915,-0.54875934,0.0015974441,-0.0823714635279839,0.0,3.280715,0.0,0.6927171,2.5446591,7.476962,2.119591,1.0,0.0,0.99451756,0.03235572,1.2921493,0.6001827,8.741097,51.0,-0.48693368,,,,,,,,,,,,,,,,,,,,,,,,
FAILED_SETUP,,,,,,,2026-05-29,5289.0,宜鼎,電腦及週邊設備業,0.8445325521669342,MARKET_DOWN,-0.32221025,-0.36927223,0.091644205,-0.0823714635279839,0.06906077,0.8394783,0.012,0.28002915,1.1321962,4.8090806,0.2143345,0.06906077,0.022638198,0.95504385,0.024625747,0.9147287,1.0134258,4.4014177,185.0,1.5972422,,,,,,,,,,,,,,,,,,,,,,,,
FAILED_SETUP,,,,,,,2026-05-29,4741.0,泓瀚,化學工業,0.6595845552948923,MARKET_DOWN,-0.19806743,-0.30598757,0.4243421,-0.0823714635279839,0.14833334,1.1205903,0.06,0.06515936,0.8965136,2.7280743,0.7489032,0.14833334,0.29420424,0.8980263,-0.07363532,0.6801452,0.518732,3.1112998,47.0,0.042944588,,,,,,,,,,,,,,,,,,,,,,,,
FAILED_SETUP,,,,,,,2026-05-29,5274.0,信驊,半導體業,0.8157380849487591,MARKET_DOWN,-0.22439328,-0.32065856,0.028719276,-0.0823714635279839,0.029551452,0.5418777,0.0,-0.03742159,0.9040506,3.7813518,0.05761652,0.01292876,0.0,0.9100877,0.03848885,1.0540719,1.9822696,4.22725,225.0,1.0215585,,,,,,,,,,,,,,,,,,,,,,,,
FAILED_SETUP,,,,,,,2026-05-29,4991.0,環宇-KY,半導體業,0.6371940914516195,MARKET_DOWN,-0.18630137,-0.55136985,0.05890411,-0.0823714635279839,0.2260274,0.6751639,0.008,-0.108430915,1.1182957,1.97921,0.30147058,0.056164384,0.0035484356,0.9769737,0.03915222,1.2413793,2.2028317,2.4417534,227.0,1.4803294,,,,,,,,,,,,,,,,,,,,,,,,
FAILED_SETUP,,,,,,,2026-05-29,4906.0,正文,電子工業,0.8515667847882454,MARKET_DOWN,-0.333125,-0.3661687,0.107142866,-0.0823714635279839,0.036217302,0.44923928,0.0,0.2226475,0.6187167,6.2764482,3.0018764,1.0,0.0,0.7302632,0.0771717,1.394636,2.182377,5.0401864,52.0,0.9558455,,,,,,,,,,,,,,,,,,,,,,,,
FAILED_SETUP,,,,,,,2026-05-29,4764.0,雙鍵,化學生技醫療,0.6798508157385685,MARKET_DOWN,-0.1217742,-0.23225807,0.20645161,-0.0823714635279839,0.19967267,0.7930243,0.04,0.1254721,1.1479105,1.3049383,8.211921,1.0,0.0748918,0.99122804,-0.090523936,1.1649122,2.7643254,3.0813055,142.0,0.65662205,,,,,,,,,,,,,,,,,,,,,,,,
FAILED_SETUP,,,,,,,2026-05-29,4739.0,康普,化學生技醫療,0.7828212310161747,MARKET_DOWN,-0.27428696,-0.3425023,0.16956522,-0.0823714635279839,0.004629633,0.10325424,0.0,0.21780361,0.41774866,4.3679724,0.016878793,0.004629633,0.0,0.6469298,-0.09337906,1.0818505,1.3263539,2.866007,56.0,1.1441993,,,,,,,,,,,,,,,,,,,,,,,,
FAILED_SETUP,,,,,,,2026-05-29,6278.0,台表科,電子工業,0.699977367576244,MARKET_DOWN,-0.27146727,-0.33592403,0.040632054,-0.0823714635279839,0.1515837,0.7237718,0.024,0.08869512,0.85760075,3.3876057,3.6836853,1.0,0.17078376,0.80701756,0.077620715,0.91172594,0.49352536,4.127606,30.0,0.38935524,,,,,,,,,,,,,,,,,,,,,,,,
FAILED_SETUP,,,,,,,2026-05-29,5284.0,jpp-KY,其他,0.7930751541342553,MARKET_DOWN,-0.262439,-0.40259978,0.007760532,-0.0823714635279839,0.06312292,0.33127266,0.004,0.29693893,0.5073112,4.564849,3.8104088,1.0,0.005109974,0.61403507,-0.12977277,1.1642084,0.71012646,4.800046,38.0,0.91970396,,,,,,,,,,,,,,,,,,,,,,,,
FAILED_SETUP,,,,,,,2026-05-29,6290.0,良維,電子零組件業,0.7571595937770095,MARKET_DOWN,-0.31345353,-0.40915397,0.040221915,-0.0823714635279839,0.04034582,0.21020006,0.0,-0.026239686,0.6810115,6.5237117,3.1902654,1.0,0.0,0.72039473,0.09249089,1.5529412,1.8824917,5.545155,250.0,0.7184718,,,,,,,,,,,,,,,,,,,,,,,,
FAILED_SETUP,,,,,,,2026-05-29,8064.0,東捷,光電業,0.8515591974317818,MARKET_DOWN,-0.29334483,-0.34624863,0.30689654,-0.0823714635279839,0.073426574,1.3175281,0.012,0.302243,1.2722578,3.4521163,3.4089572,1.0,0.036262307,0.94846493,-0.07640334,1.1991434,1.3786407,4.424474,59.0,-0.40606436,,,,,,,,,,,,,,,,,,,,,,,,
FAILED_SETUP,,,,,,,2026-05-29,6415.0,矽力*-KY,電子工業,0.7596896629213483,MARKET_DOWN,-0.31855,-0.32583332,0.15666667,-0.0823714635279839,0.155,0.70526594,0.012,0.17870174,1.1059904,3.9177454,3.1392245,1.0,0.029705146,0.9232456,0.07729012,1.3294048,1.0083407,4.6085277,25.0,0.9212774,,,,,,,,,,,,,,,,,,,,,,,,
FAILED_SETUP,,,,,,,2026-05-29,8358.0,金居,電子零組件業,0.9361197221879244,MARKET_DOWN,-0.42806908,-0.4732675,0.18995291,-0.0823714635279839,0.0,0.65981287,0.0,0.3260983,1.1021575,7.5222073,2.3360715,1.0,0.0,0.875,0.08973491,0.94455314,,7.1337934,38.0,0.88110185,,,,,,,,,,,,,,,,,,,,,,,,
FAILED_SETUP,,,,,,,2026-05-29,8299.0,群聯,半導體業,0.6408441280816561,MARKET_DOWN,-0.2840678,-0.3777867,0.06779661,-0.0823714635279839,0.1184466,0.07862127,0.02,0.16983134,0.56594604,3.777746,0.41696596,0.1184466,0.037905205,0.8333333,0.03627147,0.9482976,0.6568101,2.9352415,174.0,2.2882047,,,,,,,,,,,,,,,,,,,,,,,,
FAILED_SETUP,,,,,,,2026-05-29,8289.0,泰藝,電子零組件業,0.9155369934559822,MARKET_DOWN,-0.4081233,-0.45995876,0.018766755,-0.0823714635279839,0.051212937,0.6664732,0.0,0.3977508,1.3170364,5.760054,2.4502397,1.0,0.0,0.9594298,0.08925203,1.2185167,2.343455,5.341599,88.0,0.83904177,,,,,,,,,,,,,,,,,,,,,,,,
FAILED_SETUP,,,,,,,2026-05-29,8271.0,宇瞻,電子工業,0.6392780417335473,MARKET_DOWN,-0.15740442,-0.3163562,0.064386316,-0.0823714635279839,0.103869654,0.599664,0.024,-0.11229432,0.72887325,2.724428,0.6598903,0.103869654,0.020808164,0.8486842,0.079043046,0.9509982,1.440111,3.735655,234.0,0.31125313,,,,,,,,,,,,,,,,,,,,,,,,
FAILED_SETUP,,,,,,,2026-05-29,4576.0,大銀微系統,電機機械,0.775670914927769,MARKET_DOWN,-0.22425373,-0.32594004,0.018656716,-0.0823714635279839,0.09193246,0.7804608,0.012,0.091427654,0.8967162,3.1871212,4.4592347,1.0,0.037862487,0.8739035,-0.04013756,0.98385096,0.5491611,4.3175507,56.0,0.15576056,,,,,,,,,,,,,,,,,,,,,,,,
FAILED_SETUP,,,,,,,2026-05-29,8040.0,九暘,半導體業,0.7671634654484093,MARKET_DOWN,-0.35473216,-0.39910713,0.12946428,-0.0823714635279839,0.17040358,0.7376596,0.016,0.4637497,0.9604855,4.386593,2.8190284,1.0,0.13982704,0.8322368,0.034061857,1.3093094,0.5295061,4.8203206,21.0,1.1764858,,,,,,,,,,,,,,,,,,,,,,,,
FAILED_SETUP,,,,,,,2026-05-29,6411.0,晶焱,半導體業,0.6943697382392887,MARKET_DOWN,-0.31849107,-0.32589287,0.04464286,-0.0823714635279839,0.06818182,-0.01486904,0.0,0.23604438,0.3531245,5.6943445,0.031343516,0.00998263,0.0,0.502193,0.035983898,1.4285715,4.22569,4.557583,19.0,0.8888045,,,,,,,,,,,,,,,,,,,,,,,,
FAILED_SETUP,,,,,,,2026-05-29,7709.0,榮田,電機機械,0.9284397221879244,MARKET_DOWN,-0.4068148,-0.46646884,0.20576131,-0.0823714635279839,0.0,0.41327012,0.0,0.49650565,0.97888815,7.8191185,2.4581208,1.0,0.0,0.9144737,-0.04884521,0.77318114,0.22806355,5.9899435,78.0,7.02451e-05,,,,,,,,,,,,,,,,,,,,,,,,
FAILED_SETUP,,,,,,,2026-05-29,6861.0,睿生光電,生技醫療業,0.8194323579042679,MARKET_DOWN,-0.21255173,-0.5580117,0.009195402,-0.0823714635279839,0.11363637,2.0556343,0.016,0.38096684,2.1315536,2.1013637,0.5346292,0.11363637,0.026526408,0.997807,-0.18866378,1.0973036,1.6752392,4.249243,156.0,0.67823434,,,,,,,,,,,,,,,,,,,,,,,,
FAILED_SETUP,,,,,,,2026-05-29,6727.0,亞泰金屬,電子零組件業,0.78284648310491,MARKET_DOWN,-0.37491468,-0.44366226,0.017064847,-0.0823714635279839,0.18941979,1.2197542,0.008,0.2952651,1.219809,3.8114004,2.6672735,1.0,0.047999322,0.9605263,0.089605935,1.255881,0.8398594,3.3513837,192.0,-0.14907359,,,,,,,,,,,,,,,,,,,,,,,,
FAILED_SETUP,,,,,,,2026-05-29,6706.0,惠特,電子工業,0.7475617319010578,MARKET_DOWN,-0.27912623,-0.5121359,0.09223301,-0.0823714635279839,0.08029197,0.21866436,0.008,0.12976365,0.71361387,3.8061466,3.5826087,1.0,0.019342052,0.8377193,0.07751164,1.2388797,1.1891369,4.000867,121.0,1.062183,,,,,,,,,,,,,,,,,,,,,,,,
FAILED_SETUP,,,,,,,2026-05-29,6531.0,愛普*,半導體業,0.9322581491542168,MARKET_DOWN,-0.33494356,-0.43485808,0.052419353,-0.0823714635279839,0.008403362,1.1732587,0.0,0.23180476,1.2183421,3.7830968,2.9855778,1.0,0.0,0.9155702,0.035701554,0.9539832,1.8841754,4.3216763,175.0,0.8002347,,,,,,,,,,,,,,,,,,,,,,,,
FAILED_SETUP,,,,,,,2026-05-29,6451.0,訊芯-KY,電子工業,0.7563476404494381,MARKET_DOWN,-0.2691623,-0.33562058,0.31937173,-0.0823714635279839,0.14561403,1.1591465,0.012,0.09576394,1.2413296,3.274026,3.7152305,1.0,0.035507653,0.9649123,0.07758151,1.1469098,0.6691068,3.658327,77.0,0.94766635,,,,,,,,,,,,,,,,,,,,,,,,
FAILED_SETUP,,,,,,,2026-05-29,6426.0,統新,通信網路業,0.6693457472115899,MARKET_DOWN,-0.208,-0.46296296,0.04074074,-0.0823714635279839,0.101123594,0.10381435,0.032,0.11018149,0.9267498,2.706506,0.06302217,0.01310861,0.07011578,0.9660088,-0.064710975,0.84454757,0.24280946,2.9883535,118.0,1.0374933,,,,,,,,,,,,,,,,,,,,,,,,
FAILED_SETUP,,,,,,,2026-05-29,6894.0,衛司特,綠能環保,0.6847197127217353,MARKET_DOWN,-0.17688213,-0.23700887,0.059569076,-0.0823714635279839,0.07317073,0.12486106,0.004,0.052780364,0.46091706,3.545989,0.41366944,0.07317073,0.027871504,0.74451756,-0.040986918,1.2189974,2.588135,2.3805003,100.0,0.9448434,,,,,,,,,,,,,,,,,,,,,,,,
FAILED_SETUP,,,,,,,2026-05-29,4561.0,健椿,電機機械,0.666662406058361,MARKET_DOWN,-0.22174484,-0.3567291,0.12195123,-0.0823714635279839,0.042553194,-0.0017019169,0.016,0.24346457,0.37733218,4.2103305,0.19190162,0.042553194,0.068520226,0.5910088,-0.035669554,1.3685951,1.4932017,4.577905,8.0,1.1834646,,,,,,,,,,,,,,,,,,,,,,,,
FAILED_SETUP,,,,,,,2026-05-29,4760.0,勤凱,其他電子業,0.9671597221879245,MARKET_DOWN,-0.5422803,-0.5460251,0.066945605,-0.0823714635279839,0.0,0.9199664,0.0,0.9002169,1.2895513,7.4363527,1.8440647,1.0,0.0,0.89144737,-0.10746853,1.3959514,0.20090833,6.319699,56.0,1.0836774,,,,,,,,,,,,,,,,,,,,,,,,
FAILED_SETUP,,,,,,,2026-05-29,3691.0,碩禾,光電業,0.7730052438572663,MARKET_DOWN,-0.2924412,-0.3852941,0.047058824,-0.0823714635279839,0.037037037,-0.0057883365,0.0,0.30020574,0.593171,4.0348406,0.4221594,0.12345679,0.0,0.8278509,-0.07648475,1.1794872,1.1005164,3.0252175,109.0,0.839926,,,,,,,,,,,,,,,,,,,,,,,,
FAILED_SETUP,,,,,,,2026-05-29,2399.0,映泰,電腦及週邊設備業,0.7149335794542536,MARKET_DOWN,-0.15839836,-0.30184805,0.18069816,-0.0823714635279839,0.06889353,0.60345924,0.012,-0.05096221,0.63835365,2.621262,6.3131967,1.0,0.02958558,0.78070176,0.030188188,1.1223776,0.3796953,3.6472492,56.0,0.3504168,,,,,,,,,,,,,,,,,,,,,,,,
FAILED_SETUP,,,,,,,2026-05-29,2383.0,台光電,電子零組件業,0.6818703675350867,MARKET_DOWN,-0.17017543,-0.18518518,0.21832359,-0.0823714635279839,0.10058594,0.661245,0.016,-0.1158192,1.0868431,2.578481,5.876289,1.0,0.00873262,0.9495614,0.09317149,1.2821317,1.41308,4.020816,267.0,0.82542485,,,,,,,,,,,,,,,,,,,,,,,,
FAILED_SETUP,,,,,,,2026-05-29,2360.0,致茂,電子工業,0.7164457126394206,MARKET_DOWN,-0.22410715,-0.30768555,0.07539683,-0.0823714635279839,0.109126985,0.4456894,0.008,-0.039035212,0.9574032,3.5296876,0.017706951,0.003968254,0.008000586,0.9177632,0.0785541,1.0867052,1.4466274,3.7932293,210.0,0.9517058,,,,,,,,,,,,,,,,,,,,,,,,
FAILED_SETUP,,,,,,,2026-05-29,2355.0,敬鵬,電子零組件業,0.6995442680166275,MARKET_DOWN,-0.21114285,-0.38636675,0.022222219,-0.0823714635279839,0.08728944,0.23382255,0.008,0.03437758,0.5906526,2.8783307,4.7361298,1.0,0.030421034,0.7916667,0.09185269,1.103785,0.78820544,2.9574187,89.0,0.3745302,,,,,,,,,,,,,,,,,,,,,,,,
FAILED_SETUP,,,,,,,2026-05-29,2351.0,順德,電子工業,0.7659825682182986,MARKET_DOWN,-0.27978674,-0.31516588,0.1042654,-0.0823714635279839,0.12289157,0.90574324,0.012,0.120681606,0.99680513,3.7145617,3.5741508,1.0,0.034747064,0.86951756,0.07756063,1.2972972,1.3716409,4.46794,55.0,0.645506,,,,,,,,,,,,,,,,,,,,,,,,
FAILED_SETUP,,,,,,,2026-05-29,2338.0,光罩,電子工業,0.6262333658476354,MARKET_DOWN,-0.23736441,-0.35508475,0.016949153,-0.0823714635279839,0.06044905,-0.06831949,0.0,0.004387058,0.37791348,4.2996273,0.0072762202,0.0017271157,0.0,0.6600877,0.07836748,1.347243,1.1476219,2.672076,66.0,1.3453968,,,,,,,,,,,,,,,,,,,,,,,,
FAILED_SETUP,,,,,,,2026-05-29,2337.0,旺宏,電子工業,0.661504332222085,MARKET_DOWN,-0.20274337,-0.33333334,0.13274336,-0.0823714635279839,0.072072074,0.19832633,0.008,-0.14719963,0.9069107,2.710479,0.103682905,0.021021022,0.021080649,0.9846491,0.079208106,1.1190476,0.9403773,2.0964508,170.0,1.2369133,,,,,,,,,,,,,,,,,,,,,,,,
FAILED_SETUP,,,,,,,2026-05-29,2313.0,華通,電子零組件業,0.6400371428571427,MARKET_DOWN,-0.19873483,-0.3599992,0.020531552,-0.0823714635279839,0.07381371,0.1013935,0.012,-0.07826043,0.6955045,2.6535208,0.008843292,0.0017574702,0.022065917,0.9528509,0.09269925,1.1121719,0.9269695,1.7849036,206.0,1.734291,,,,,,,,,,,,,,,,,,,,,,,,
FAILED_SETUP,,,,,,,2026-05-29,2308.0,台達電,電子零組件業,0.721731590731366,MARKET_DOWN,-0.24032652,-0.35172987,0.028571429,-0.0823714635279839,0.057259712,0.3536188,0.004,-0.11303324,0.8039399,4.820585,4.1610055,1.0,0.0043629464,0.87828946,0.09320314,1.4352442,1.4486623,5.1715403,226.0,1.7123183,,,,,,,,,,,,,,,,,,,,,,,,
FAILED_SETUP,,,,,,,2026-05-29,2233.0,宇隆,汽車工業,0.6514231123183932,MARKET_DOWN,-0.21613315,-0.45750707,0.024079321,-0.0823714635279839,0.11614731,0.19685453,0.016,0.10311685,0.51013887,3.1695251,4.6267776,1.0,0.031089172,0.69078946,-0.07561054,1.1698924,0.6934491,3.716716,20.0,0.57081366,,,,,,,,,,,,,,,,,,,,,,,,
FAILED_SETUP,,,,,,,2026-05-29,2070.0,精湛,電機機械,0.8276146083878668,MARKET_DOWN,-0.22177835,-0.3795103,0.0,-0.0823714635279839,0.068298966,0.56304395,0.004,0.20922266,0.7666481,3.8488817,0.08134804,0.018041234,0.10156205,0.7719298,-0.043128766,1.3872341,1.2331382,5.9515276,26.0,0.5235967,,,,,,,,,,,,,,,,,,,,,,,,
FAILED_SETUP,,,,,,,2026-05-29,2049.0,上銀,電機機械,0.708751929044738,MARKET_DOWN,-0.22313376,-0.25426936,0.015286624,-0.0823714635279839,0.095115684,0.33898377,0.02,0.13679159,0.5972954,3.8256476,4.481617,1.0,0.038509052,0.77960527,-0.04115194,1.27797,0.9038419,4.2640667,77.0,0.26083744,,,,,,,,,,,,,,,,,,,,,,,,
FAILED_SETUP,,,,,,,2026-05-29,1727.0,中華化,化學生技醫療,0.680401346668313,MARKET_DOWN,-0.25514287,-0.2611745,0.0952381,-0.0823714635279839,0.19148935,0.56013805,0.016,0.09022016,0.83078843,3.3959155,3.9193728,1.0,0.040574726,0.7839912,-0.08600629,1.153447,0.5645285,3.9085681,191.0,0.0036589464,,,,,,,,,,,,,,,,,,,,,,,,
FAILED_SETUP,,,,,,,2026-05-29,1597.0,直得,電機機械,0.6809617804667243,MARKET_DOWN,-0.2101939,-0.35180056,0.03601108,-0.0823714635279839,0.22777778,0.81997025,0.028,0.14711706,0.89552164,2.2944276,4.7575116,1.0,0.08459215,0.85635966,-0.04192202,1.1509434,1.7570179,3.4005184,33.0,0.49731463,,,,,,,,,,,,,,,,,,,,,,,,
FAILED_SETUP,,,,,,,2026-05-29,3707.0,漢磊,半導體業,0.7259699213894719,MARKET_DOWN,-0.2784,-0.39,0.11666667,-0.0823714635279839,0.08510638,0.15519044,0.004,0.16325398,0.5377374,3.6200619,0.018691452,0.0052037,0.019310327,0.7017544,0.03652827,1.1896552,0.8410338,3.7341762,30.0,1.1659865,,,,,,,,,,,,,,,,,,,,,,,,
FAILED_SETUP,,,,,,,2026-05-29,2426.0,鼎元,電子工業,0.8384078314195168,MARKET_DOWN,-0.33354923,-0.3821734,0.20634921,-0.0823714635279839,0.093596056,2.3176467,0.008,0.19246005,1.6469114,4.831919,2.998058,1.0,0.06709502,0.9879386,0.07718786,1.2454756,1.3491893,5.4161024,89.0,0.24668103,,,,,,,,,,,,,,,,,,,,,,,,
FAILED_SETUP,,,,,,,2026-05-29,2451.0,創見,電子工業,0.728068988764045,MARKET_DOWN,-0.285,-0.35892352,0.09116809,-0.0823714635279839,0.06508876,0.27423918,0.012,0.111803524,0.50827765,5.438796,0.2283816,0.06508876,0.024435157,0.6864035,0.07764998,0.87,0.7162175,3.64589,203.0,1.687061,,,,,,,,,,,,,,,,,,,,,,,,
FAILED_SETUP,,,,,,,2026-05-29,1582.0,信錦,電子零組件業,0.7974991122360786,MARKET_DOWN,-0.29063636,-0.43524277,0.004132231,-0.0823714635279839,0.029288704,0.3013288,0.0,0.10838488,0.505417,3.9962502,3.4407258,1.0,0.0,0.68201756,0.09121323,1.181208,1.2685647,2.5160985,60.0,-0.24460804,,,,,,,,,,,,,,,,,,,,,,,,
FAILED_SETUP,,,,,,,2026-05-29,3030.0,德律,電子工業,0.6251030662221674,MARKET_DOWN,-0.19368675,-0.333754,0.006024096,-0.0823714635279839,0.12962963,0.4346007,0.036,-0.04524281,0.7544366,3.0414054,0.3888167,0.07530864,0.044097207,0.88596493,0.078564204,1.0593607,1.085254,3.2092793,120.0,0.0019363984,,,,,,,,,,,,,,,,,,,,,,,,
FAILED_SETUP,,,,,,,2026-05-29,3016.0,嘉晶,電子工業,0.88956768366465,MARKET_DOWN,-0.29520577,-0.3852723,0.104693145,-0.0823714635279839,0.06884058,0.7341717,0.0,0.31272548,1.0962343,3.62281,3.3874676,1.0,0.0,0.8958333,0.07657569,1.4391143,3.9678051,5.0770674,35.0,1.0236416,,,,,,,,,,,,,,,,,,,,,,,,
FAILED_SETUP,,,,,,,2026-05-29,3581.0,博磊,半導體業,0.7341253274066757,MARKET_DOWN,-0.19627906,-0.57101786,0.057082452,-0.0823714635279839,0.26638478,1.466851,0.008,0.13178062,1.4812725,2.1237907,5.0947866,1.0,0.01313682,0.94298244,0.036607765,1.2512316,1.672158,4.452015,149.0,0.8672649,,,,,,,,,,,,,,,,,,,,,,,,
FAILED_SETUP,,,,,,,2026-05-29,3580.0,友威科,其他電子業,0.6495190838375108,MARKET_DOWN,-0.20234285,-0.28011352,0.12380952,-0.0823714635279839,0.10096154,0.18468282,0.028,0.15685642,0.4610709,2.4202116,0.20078981,0.040628385,0.1496287,0.7160088,-0.09530664,0.9702624,0.3706239,2.3107405,55.0,-0.29377282,,,,,,,,,,,,,,,,,,,,,,,,
FAILED_SETUP,,,,,,,2026-05-29,3551.0,世禾,其他電子業,0.6230765119150513,MARKET_DOWN,-0.15455753,-0.22686937,0.03988329,-0.0823714635279839,0.04222222,-0.077048756,0.0,0.0979869,0.20829156,3.6358364,6.470083,1.0,0.0,0.5252193,-0.0933011,1.1302211,2.4489472,3.383767,33.0,0.95152694,,,,,,,,,,,,,,,,,,,,,,,,
FAILED_SETUP,,,,,,,2026-05-29,3490.0,單井,光電業,0.6279639996707413,MARKET_DOWN,-0.26842856,-0.30582944,0.01038961,-0.0823714635279839,0.16384916,0.21276368,0.02,0.18500486,0.43695346,3.7677865,0.16078316,0.043158792,0.15523265,0.63486844,-0.07350947,0.95791584,0.41030762,3.1387587,56.0,0.45253518,,,,,,,,,,,,,,,,,,,,,,,,
FAILED_SETUP,,,,,,,2026-05-29,3467.0,台灣精材,半導體業,0.731564813763016,MARKET_DOWN,-0.24005221,-0.37852737,0.0,-0.0823714635279839,0.07898259,0.4424152,0.008,0.031008394,0.6062213,4.84806,0.011153295,0.0026773731,0.08087134,0.75548244,0.038428325,1.1402714,0.4889192,5.6215315,22.0,1.3479669,,,,,,,,,,,,,,,,,,,,,,,,
FAILED_SETUP,,,,,,,2026-05-29,3438.0,類比科,半導體業,0.704108025682183,MARKET_DOWN,-0.23899858,-0.26503956,0.13399154,-0.0823714635279839,0.04895105,0.2095219,0.012,0.115350015,0.38973475,4.4176908,0.13005008,0.031081783,0.067771725,0.61513156,0.037857562,0.8533969,0.5585639,4.6749225,25.0,0.886409,,,,,,,,,,,,,,,,,,,,,,,,
FAILED_SETUP,,,,,,,2026-05-29,3663.0,鑫科,其他電子業,0.709834125200642,MARKET_DOWN,-0.25917608,-0.31489843,0.058690745,-0.0823714635279839,0.06363636,0.07513058,0.012,0.27326146,0.4630821,4.069392,0.49279872,0.12772164,0.030086413,0.7730263,-0.0971206,0.9761273,0.7411527,2.7973418,50.0,-0.011491727,,,,,,,,,,,,,,,,,,,,,,,,
FAILED_SETUP,,,,,,,2026-05-29,3305.0,昇貿,電子工業,0.6726699518459068,MARKET_DOWN,-0.33691588,-0.36163443,0.04672897,-0.0823714635279839,0.07619048,0.039089274,0.012,0.22534588,0.41751418,4.806667,0.009422539,0.003174603,0.014942722,0.622807,0.077106655,1.1443299,0.70228064,3.5946667,5.0,0.55524397,,,,,,,,,,,,,,,,,,,,,,,,
FAILED_SETUP,,,,,,,2026-05-29,3264.0,欣銓,半導體業,0.7782261748363996,MARKET_DOWN,-0.20395918,-0.22780745,0.13019018,-0.0823714635279839,0.06365503,0.22397333,0.0,0.062198393,0.7070469,3.4979,0.11074408,0.022587271,0.0,0.89364034,0.037359197,0.97575754,2.2221472,3.8972502,185.0,1.0285931,,,,,,,,,,,,,,,,,,,,,,,,
FAILED_SETUP,,,,,,,2026-05-29,3152.0,璟德,通信網路業,0.6301500160513644,MARKET_DOWN,-0.200575,-0.36919832,0.18,-0.0823714635279839,0.065,0.0021355248,0.012,0.08408742,0.38341287,3.3831928,0.027932428,0.0056025465,0.05644164,0.6885965,-0.06365713,1.2636364,0.54055625,3.3292167,40.0,1.4026642,,,,,,,,,,,,,,,,,,,,,,,,
FAILED_SETUP,,,,,,,2026-05-29,3044.0,健鼎,電子零組件業,0.6392065185002263,MARKET_DOWN,-0.15289623,-0.3048815,0.12830189,-0.0823714635279839,0.0403071,0.058970377,0.004,-0.08033359,0.4188582,2.8576574,0.26362392,0.0403071,0.0051079006,0.6480263,0.09282318,1.0596745,0.8845696,3.5149875,246.0,1.0429169,,,,,,,,,,,,,,,,,,,,,,,,
FAILED_SETUP,,,,,,,2026-05-29,3037.0,欣興,電子零組件業,0.783765362801992,MARKET_DOWN,-0.2820187,-0.3004396,0.042056076,-0.0823714635279839,0.07109005,0.73464143,0.004,-0.04698996,1.493157,4.4006667,3.5458643,1.0,0.0031920457,0.99561405,0.09262009,1.2373255,0.68879205,5.26908,169.0,1.1500559,,,,,,,,,,,,,,,,,,,,,,,,
FAILED_SETUP,,,,,,,2026-05-29,3036.0,文曄,電子通路業,0.714270002881014,MARKET_DOWN,-0.28816754,-0.34841704,0.05061082,-0.0823714635279839,0.06759099,0.24131368,0.02,0.13316295,0.56343144,5.2182393,3.4702034,1.0,0.024790348,0.7905702,0.13189238,0.7801653,0.5335674,3.1665914,211.0,0.14456302,,,,,,,,,,,,,,,,,,,,,,,,
FAILED_SETUP,,,,,,,2026-05-29,3430.0,奇鈦科,化學工業,0.753126693830514,MARKET_DOWN,-0.2662353,-0.39845008,0.005882353,-0.0823714635279839,0.1183432,0.6416578,0.036,0.33039623,1.0013895,3.2411253,0.44450605,0.1183432,0.14906028,0.90789473,-0.09431069,0.78014183,0.4445682,4.208832,155.0,0.74614555,,,,,,,,,,,,,,,,,,,,,,,,
FAILED_SETUP,,,,,,,2026-06-05,6265.0,方土昶,電子通路業,0.7077697922097266,STOCK_SPECIFIC,-0.22268786,-0.26107898,0.19845857,-0.0032669176544578,0.12326389,0.17966262,0.012,0.10668019,0.6634258,2.6855602,0.038980823,0.008680556,0.03958879,0.935654,0.11462962,1.305,1.0562214,3.1735272,183.0,1.5693855,,,,,,,,,,,,,,,,,,,,,,,,
FAILED_SETUP,,,,,,,2026-06-05,6209.0,今國光,電子工業,0.7982916883890667,TOO_EXTENDED,-0.22625,-0.2840909,0.31944445,-0.0032669176544578,0.034129698,0.15773499,0.0,0.19118644,0.45035943,3.1397495,4.4198895,1.0,0.0,0.6149789,0.057298284,1.1909893,2.203289,4.0494576,42.0,0.19826216,,,,,,,,,,,,,,,,,,,,,,,,
FAILED_SETUP,,,,,,,2026-06-05,6206.0,飛捷,電子工業,0.703825314664482,TOO_EXTENDED,-0.04046154,-0.12307692,0.1405184,-0.0032669176544578,0.031802118,0.117432155,0.008,0.047642283,0.36655122,0.84160006,5.827925,0.23580682,0.01277905,0.59177214,0.058099892,0.85409254,0.5667113,4.1562667,19.0,0.6959448,,,,,,,,,,,,,,,,,,,,,,,,
FAILED_SETUP,,,,,,,2026-06-05,6204.0,艾華,電子零組件業,0.8431509272361659,TOO_EXTENDED,-0.29356784,-0.38994974,0.30653265,-0.0032669176544578,0.031674214,0.2313255,0.0,0.3384204,0.46716473,4.3091674,0.47486427,0.13940488,0.0,0.5253165,0.08369575,1.3745173,1.4894817,5.522304,24.0,-0.27739978,,,,,,,,,,,,,,,,,,,,,,,,
FAILED_SETUP,,,,,,,2026-06-05,6155.0,鈞寶,電子工業,0.9011702167274892,TOO_EXTENDED,-0.33109957,-0.37181696,0.42461964,-0.0032669176544578,2.220446e-16,0.27681777,0.0,0.35071865,0.70878166,3.7445698,3.0202394,1.0,0.0,0.7774262,0.056549385,1.4111544,1.3505888,4.385885,150.0,0.5672438,,,,,,,,,,,,,,,,,,,,,,,,
FAILED_SETUP,,,,,,,2026-06-05,6151.0,晉倫,其他電子業,0.6412871453042378,SECTOR_WEAK,-0.06744444,-0.2037037,0.086419754,-0.0032669176544578,0.1409396,0.17676736,0.024,0.181465,0.4249295,1.034939,0.2954425,0.019925956,0.15138927,0.6677215,-0.058320727,0.7740741,0.34203818,3.026024,57.0,0.8072121,,,,,,,,,,,,,,,,,,,,,,,,
FAILED_SETUP,,,,,,,2026-06-05,6127.0,九豪,電子零組件業,0.8557663662769048,TOO_EXTENDED,-0.3421806,-0.39647576,0.49779737,-0.0032669176544578,0.083333336,0.5252607,0.012,0.4079646,0.92911273,3.9352837,2.9224331,1.0,0.05039097,0.9135021,0.082063034,1.3906399,1.9642994,4.5545034,148.0,0.3919634,,,,,,,,,,,,,,,,,,,,,,,,
FAILED_SETUP,,,,,,,2026-06-05,6139.0,亞翔,其他電子業,0.7147696804945258,SECTOR_WEAK,-0.10927198,-0.1304945,0.35576922,-0.0032669176544578,0.05569307,0.14514989,0.012,0.110007495,0.39663517,1.7186728,9.151477,1.0,0.01343466,0.73417723,-0.061688285,0.9344609,1.6772832,2.9757202,264.0,0.21112202,,,,,,,,,,,,,,,,,,,,,,,,
FAILED_SETUP,,,,,,,2026-06-05,6126.0,信音,電子零組件業,0.6830555969315558,TOO_EXTENDED,-0.17284597,-0.26501307,0.13054828,-0.0032669176544578,0.047058806,-0.01605737,0.004,0.16096562,0.2862569,2.970513,5.785498,1.0,0.03864176,0.5759494,0.08382592,1.8062892,3.2835553,4.140171,20.0,0.74479425,,,,,,,,,,,,,,,,,,,,,,,,
FAILED_SETUP,,,,,,,2026-06-05,6026.0,福邦證,金融保險,0.6758378640053623,TOO_EXTENDED,-0.15708572,-0.18396255,0.03406271,-0.0032669176544578,0.020887744,0.034490265,0.0,-0.018953945,0.36421925,4.20612,6.365951,1.0,0.0,0.6308017,0.07550149,1.5298803,1.3669834,5.668852,134.0,0.51627785,,,,,,,,,,,,,,,,,,,,,,,,
FAILED_SETUP,,,,,,,2026-06-05,6015.0,宏遠證,金融保險,0.846107656215089,TOO_EXTENDED,-0.30117646,-0.30392158,0.017156864,-0.0032669176544578,0.061946902,0.30540514,0.004,0.24984917,0.78039545,5.5494194,3.3203125,1.0,0.05009332,0.8407173,0.06619818,1.4835681,2.0329676,7.062788,98.0,0.9925769,,,,,,,,,,,,,,,,,,,,,,,,
FAILED_SETUP,,,,,,,2026-06-05,5484.0,慧友,電子工業,0.8491928576748343,TOO_EXTENDED,-0.285,-0.3045977,0.10153256,-0.0032669176544578,0.017271157,0.21245404,0.0,0.38502774,0.4493721,3.825124,0.23634215,0.06735751,0.0,0.65400845,0.057330508,1.3830703,1.4394982,4.0823693,6.0,-0.18365511,,,,,,,,,,,,,,,,,,,,,,,,
FAILED_SETUP,,,,,,,2026-06-05,6274.0,台燿,電子零組件業,0.6952818946898042,TOO_EXTENDED,-0.18751724,-0.35310346,0.32413793,-0.0032669176544578,0.12732919,1.400446,0.028,0.0070066415,1.3597769,1.9826043,5.332843,1.0,0.015054815,0.97890294,0.084842384,1.1111112,1.6593498,4.2018056,244.0,1.374292,,,,,,,,,,,,,,,,,,,,,,,,
FAILED_SETUP,,,,,,,2026-06-05,5425.0,台半,半導體業,0.6433278096372981,SECTOR_WEAK,-0.2430693,-0.25398475,0.5841584,-0.0032669176544578,0.24257426,0.2528054,0.024,0.32954165,0.5937973,2.4280221,4.114053,1.0,0.14082041,0.71097046,-0.029313462,1.0358192,0.64153963,3.2941394,39.0,-0.105092704,,,,,,,,,,,,,,,,,,,,,,,,
FAILED_SETUP,,,,,,,2026-06-05,6147.0,頎邦,半導體業,0.7965936173381991,SECTOR_WEAK,-0.28296298,-0.5271015,0.15828878,-0.0032669176544578,0.16111112,2.8193536,0.016,0.30938363,1.8875976,2.9038913,3.5340314,1.0,0.10863191,0.9915612,-0.02908073,1.2542759,0.7361219,5.0014277,56.0,-0.79008883,,,,,,,,,,,,,,,,,,,,,,,,
FAILED_SETUP,,,,,,,2026-06-05,6282.0,康舒,電子工業,0.6335806583749162,STOCK_SPECIFIC,-0.1795913,-0.3321739,0.1652174,-0.0032669176544578,0.10971787,0.025036698,0.012,0.12493039,0.34151983,2.1642365,0.1832793,0.03291537,0.038807645,0.6772152,0.057609174,1.36,1.7617289,2.6197605,153.0,1.5651025,,,,,,,,,,,,,,,,,,,,,,,,
FAILED_SETUP,,,,,,,2026-06-05,6831.0,邁科,電腦及週邊設備業,0.7555922767557905,TOO_EXTENDED,-0.20652239,-0.31343284,0.4477612,-0.0032669176544578,0.15020297,0.87184334,0.028,0.24199422,1.0566689,2.6719725,4.84209,1.0,0.031153783,0.9462025,0.043190844,1.1376147,1.0098664,4.094416,78.0,-0.57956105,,,,,,,,,,,,,,,,,,,,,,,,
FAILED_SETUP,,,,,,,2026-06-05,6415.0,矽力*-KY,電子工業,0.7262335220078946,STOCK_SPECIFIC,-0.19704199,-0.3091603,0.3244275,-0.0032669176544578,0.19072165,0.73337275,0.024,0.22744273,0.9610986,2.2068703,5.0750604,1.0,0.043819197,0.9314346,0.0570264,0.7876106,0.50676554,3.8094344,30.0,0.66585886,,,,,,,,,,,,,,,,,,,,,,,,
FAILED_SETUP,,,,,,,2026-06-05,5351.0,鈺創,半導體業,0.6504040366425858,SECTOR_WEAK,-0.07378866,-0.15335052,0.35953608,-0.0032669176544578,0.113689095,0.25020394,0.024,0.09160187,0.45535177,0.9299768,0.2672711,0.019721577,0.068464205,0.8364979,-0.027132392,1.1442081,1.9664559,1.8076566,173.0,1.5725716,,,,,,,,,,,,,,,,,,,,,,,,
FAILED_SETUP,,,,,,,2026-06-05,9933.0,中鼎,其他,0.7392353094511059,SECTOR_WEAK,-0.13913043,-0.15821256,0.08333332,-0.0032669176544578,0.0,0.063749075,0.0,0.13370839,0.2822783,4.24421,0.08947193,0.012448267,0.0,0.43987343,-0.036335304,1.3563219,1.386902,4.6979814,60.0,-0.4488343,,,,,,,,,,,,,,,,,,,,,,,,
FAILED_SETUP,,,,,,,2026-06-05,8390.0,金益鼎,綠能環保,0.7389150592090564,SECTOR_WEAK,-0.14171304,-0.22789745,0.14782609,-0.0032669176544578,0.04,-0.023216413,0.0,0.24587218,0.35302863,2.7161667,7.0565133,1.0,0.0,0.5791139,-0.0008315734,0.79193664,0.61451614,4.11,29.0,0.3385393,,,,,,,,,,,,,,,,,,,,,,,,
FAILED_SETUP,,,,,,,2026-06-05,8289.0,泰藝,電子零組件業,0.7076608698890295,STOCK_SPECIFIC,-0.2652471,-0.4056346,0.24052718,-0.0032669176544578,0.15727001,0.3995943,0.032,0.21456131,1.0037459,2.9658816,3.7700691,1.0,0.1994456,0.95780593,0.083252795,0.9873299,0.3271105,3.4126534,93.0,0.501728,,,,,,,,,,,,,,,,,,,,,,,,
FAILED_SETUP,,,,,,,2026-06-05,8163.0,達方,電腦及週邊設備業,0.6543010352275266,TOO_EXTENDED,-0.21151638,-0.22886159,0.32116187,-0.0032669176544578,0.07806691,0.030142728,0.016,0.22921313,0.28578258,3.329677,0.1092006,0.023097714,0.06863491,0.4535865,0.043755963,1.1883041,0.55234283,4.2412186,0.0,0.31181738,,,,,,,,,,,,,,,,,,,,,,,,
FAILED_SETUP,,,,,,,2026-06-05,8162.0,微矽電子-創,電子工業,0.6435940641990021,STOCK_SPECIFIC,-0.19805337,-0.28290686,0.44220743,-0.0032669176544578,0.23903818,0.3360082,0.02,0.15171562,0.6815584,2.1592176,5.049144,1.0,0.1409525,0.8006329,0.0574555,1.5147208,0.93097955,3.447229,56.0,0.8608669,,,,,,,,,,,,,,,,,,,,,,,,
FAILED_SETUP,,,,,,,2026-06-05,8121.0,越峰,電子零組件業,0.7229500260668802,STOCK_SPECIFIC,-0.17724796,-0.28337875,0.5585831,-0.0032669176544578,0.06748466,0.17745583,0.012,0.15601075,0.40360746,2.2321079,0.8514639,0.15092024,0.06530193,0.62341774,0.08370774,0.7485182,0.6726343,3.657843,26.0,0.5433077,,,,,,,,,,,,,,,,,,,,,,,,
FAILED_SETUP,,,,,,,2026-06-05,8064.0,東捷,光電業,0.8533570417814852,SECTOR_WEAK,-0.3146154,-0.4474601,0.14715719,-0.0032669176544578,0.14156626,1.4999976,0.008,0.5332193,1.4791907,3.1658175,3.1784842,1.0,0.03632917,0.9767932,-0.012687988,1.2504708,2.0318096,4.567612,64.0,-0.65484685,,,,,,,,,,,,,,,,,,,,,,,,
FAILED_SETUP,,,,,,,2026-06-05,8040.0,九暘,半導體業,0.6744079094362107,SECTOR_WEAK,-0.18375948,-0.3445287,0.37053087,-0.0032669176544578,0.27317074,0.5312991,0.024,0.2627483,0.74742717,1.8393029,5.441896,1.0,0.1674795,0.78691983,-0.02860103,0.87216246,0.4044889,3.2423575,26.0,1.267334,,,,,,,,,,,,,,,,,,,,,,,,
FAILED_SETUP,,,,,,,2026-06-05,7769.0,鴻勁,半導體業,0.6558576003574886,SECTOR_WEAK,-0.12858984,-0.22299406,0.14859742,-0.0032669176544578,0.16357388,0.2866847,0.044,0.19916321,0.7519254,1.6852661,7.7766643,1.0,0.036118485,0.87763715,-0.028186329,0.9087558,0.7148031,3.7127986,247.0,1.0344869,,,,,,,,,,,,,,,,,,,,,,,,
FAILED_SETUP,,,,,,,2026-06-05,6658.0,聯策,其他電子業,0.6476381544648842,SECTOR_WEAK,-0.03383275,-0.23738873,0.5430267,-0.0032669176544578,0.31382978,1.4122285,0.036,0.15155014,1.2522702,0.3374965,29.557158,1.0,0.037905574,0.9757384,-0.063544035,0.75336325,1.2920594,3.5421567,41.0,-0.08376124,,,,,,,,,,,,,,,,,,,,,,,,
FAILED_SETUP,,,,,,,2026-06-05,6509.0,聚和,化學工業,0.6478420347061891,SECTOR_WEAK,-0.1015126,-0.13760504,0.24369748,-0.0032669176544578,0.037109375,-0.051710825,0.016,0.14077713,0.32025683,2.1173084,9.850993,1.0,0.03664222,0.5506329,-0.07741405,1.1511992,1.1190863,2.5710485,86.0,0.8515771,,,,,,,,,,,,,,,,,,,,,,,,
FAILED_SETUP,,,,,,,2026-06-05,6456.0,GIS-KY,光電業,0.6330434944514783,SECTOR_WEAK,-0.16189772,-0.31628534,0.07133244,-0.0032669176544578,0.15272728,-0.019103639,0.012,0.1820525,0.5092015,1.6478082,0.17220001,0.027878787,0.061576366,0.76582277,-0.0058439663,1.2407261,0.9505991,1.8321918,67.0,1.3905171,,,,,,,,,,,,,,,,,,,,,,,,
FAILED_SETUP,,,,,,,2026-06-05,6451.0,訊芯-KY,電子工業,0.8490560065539585,TOO_EXTENDED,-0.30205,-0.4855774,0.13,-0.0032669176544578,0.13513513,1.6131079,0.008,0.3705321,1.4483494,3.2549326,3.3107102,1.0,0.022002643,0.98417723,0.056338534,1.3502586,1.5771172,4.088796,82.0,0.67059726,,,,,,,,,,,,,,,,,,,,,,,,
FAILED_SETUP,,,,,,,2026-06-05,6435.0,大中,半導體業,0.7137214195278171,SECTOR_WEAK,-0.14884146,-0.15520482,0.8191057,-0.0032669176544578,0.12477064,0.30638993,0.032,0.2396578,0.7722809,2.0261264,6.718558,1.0,0.07132966,0.86814344,-0.028454449,0.8501362,0.5137055,3.9140973,134.0,1.2668054,,,,,,,,,,,,,,,,,,,,,,,,
FAILED_SETUP,,,,,,,2026-06-05,6290.0,良維,電子零組件業,0.7116751694347211,TOO_EXTENDED,-0.2155309,-0.39386111,0.03961965,-0.0032669176544578,0.06990014,0.09098611,0.016,0.10007607,0.64102006,3.6060607,4.6397057,1.0,0.010089914,0.7943038,0.08422158,0.9972145,0.6866105,4.6609216,255.0,0.64201695,,,,,,,,,,,,,,,,,,,,,,,,
FAILED_SETUP,,,,,,,2026-06-05,5228.0,鈺鎧,電子零組件業,0.973439711030014,TOO_EXTENDED,-0.38263157,-0.4633174,0.30622008,-0.0032669176544578,0.014409222,1.2641749,0.0,0.57283163,1.5200624,4.9248385,2.61348,1.0,0.0,0.9820675,0.08100636,1.5190878,1.8184952,6.5644674,120.0,-0.92454356,,,,,,,,,,,,,,,,,,,,,,,,
FAILED_SETUP,,,,,,,2026-06-05,3135.0,凌航,半導體業,0.746529381097788,SECTOR_WEAK,-0.12590244,-0.34634146,0.082926825,-0.0032669176544578,0.16923077,0.43119815,0.016,0.23039201,1.0148652,1.6350226,7.942658,1.0,0.042270746,0.9799578,-0.02841473,1.0178572,0.8523557,4.3087482,163.0,1.2139883,,,,,,,,,,,,,,,,,,,,,,,,
FAILED_SETUP,,,,,,,2026-06-05,4906.0,正文,電子工業,0.6555904148357786,STOCK_SPECIFIC,-0.14979167,-0.32956296,0.14079604,-0.0032669176544578,0.16371222,0.3288411,0.012,0.0573457,0.5206774,2.0312557,6.6759386,1.0,0.07637014,0.7246835,0.058070827,1.2952061,0.49526757,3.0312405,57.0,1.1085249,,,,,,,,,,,,,,,,,,,,,,,,
FAILED_SETUP,,,,,,,2026-06-05,3093.0,港建*,其他電子業,0.6356660087882625,SECTOR_WEAK,-0.17986135,-0.29772398,0.34662044,-0.0032669176544578,0.2109375,0.52919227,0.024,0.058741577,0.71228296,2.7056239,1.1727784,0.2109375,0.20762025,0.8871308,-0.06099395,1.0605652,3.589764,2.3407202,63.0,0.043899916,,,,,,,,,,,,,,,,,,,,,,,,
FAILED_SETUP,,,,,,,2026-06-05,3071.0,協禧,電腦及週邊設備業,0.6330565278915617,STOCK_SPECIFIC,-0.10420968,-0.2511172,0.1419355,-0.0032669176544578,0.07259261,0.039669093,0.004,0.021489372,0.3054746,1.9494394,0.0075587044,0.0007876901,0.013040651,0.628692,0.047054283,1.3008131,1.1889535,2.381106,61.0,1.0013703,,,,,,,,,,,,,,,,,,,,,,,,
FAILED_SETUP,,,,,,,2026-06-05,3023.0,信邦,電子零組件業,0.6590582408579728,STOCK_SPECIFIC,-0.12905063,-0.14873418,0.11867088,-0.0032669176544578,0.009118541,0.07571634,0.0,-0.08148464,0.36128542,3.1629918,0.47157466,0.06085701,0.0,0.59599155,0.08575449,0.9609375,2.1328094,3.6305633,61.0,-0.042286538,,,,,,,,,,,,,,,,,,,,,,,,
FAILED_SETUP,,,,,,,2026-06-05,2497.0,怡利電,汽車工業,0.6240727638340657,SECTOR_WEAK,-0.038085118,-0.23521528,0.25531915,-0.0032669176544578,0.04792333,0.09547242,0.004,-0.024734722,0.26705155,0.769105,0.041944187,0.0015974493,0.030899124,0.5622363,-0.027297253,1.3735849,0.49648812,3.1872973,47.0,-0.8647795,,,,,,,,,,,,,,,,,,,,,,,,
FAILED_SETUP,,,,,,,2026-06-05,2495.0,普安,其他電子業,0.7224165859834661,SECTOR_WEAK,-0.23086323,-0.28457636,0.24663678,-0.0032669176544578,0.086868696,0.20592552,0.024,0.32821074,0.47792074,3.1201515,4.331569,1.0,0.06626891,0.7468355,-0.06643549,1.1248844,0.5065097,2.9492424,129.0,1.386698,,,,,,,,,,,,,,,,,,,,,,,,
FAILED_SETUP,,,,,,,2026-06-05,2454.0,聯發科,電子工業,0.6887651746480971,TOO_EXTENDED,-0.22007623,-0.23561244,0.21601017,-0.0032669176544578,0.15581395,0.8161866,0.028,0.04316267,1.2100698,2.552421,4.54388,1.0,0.05036143,0.9419831,0.05807688,1.0692772,0.96896225,4.8250875,114.0,1.6223954,,,,,,,,,,,,,,,,,,,,,,,,
FAILED_SETUP,,,,,,,2026-06-05,3209.0,全科,電子通路業,0.6790003351456021,TOO_EXTENDED,-0.12365559,-0.22356497,0.090634435,-0.0032669176544578,0.13877551,0.55001044,0.048,0.1385849,0.7477113,1.975931,8.086978,1.0,0.1656258,0.8312236,0.114445284,0.63002115,0.41391408,4.354684,68.0,0.48532405,,,,,,,,,,,,,,,,,,,,,,,,
FAILED_SETUP,,,,,,,2026-06-05,2399.0,映泰,電腦及週邊設備業,0.6720144112608922,STOP_TOO_TIGHT,-0.06637813,-0.3166287,0.309795,-0.0032669176544578,0.12,0.56647456,0.024,0.022399968,0.6148801,0.9610365,15.065203,1.0,0.050043967,0.83966243,0.046748847,1.0529747,0.3758904,3.072085,61.0,-0.1062343,,,,,,,,,,,,,,,,,,,,,,,,
FAILED_SETUP,,,,,,,2026-06-05,2351.0,順德,電子工業,0.6368585685558948,STOP_TOO_TIGHT,-0.073074795,-0.3130194,0.29085872,-0.0032669176544578,0.16209476,0.82279253,0.02,-0.046285287,0.8567451,0.85293305,13.684609,1.0,0.075227186,0.87236285,0.058580246,0.8396694,0.65524894,3.4732716,60.0,0.675223,,,,,,,,,,,,,,,,,,,,,,,,
FAILED_SETUP,,,,,,,2026-06-05,1809.0,中釉,玻璃陶瓷,0.9548717137111792,TOO_EXTENDED,-0.35106146,-0.45094457,0.09869646,-0.0032669176544578,0.03691275,0.74923944,0.0,0.5722221,1.3227113,4.5504827,2.848504,1.0,0.0,0.95464134,0.0,1.5019974,2.1173482,6.340833,98.0,0.8205107,,,,,,,,,,,,,,,,,,,,,,,,
FAILED_SETUP,,,,,,,2026-06-05,1762.0,中化生,生技醫療業,0.7702465182095777,SECTOR_WEAK,-0.1505402,-0.22110553,0.041457288,-0.0032669176544578,0.05791962,0.17226231,0.0,0.10033403,0.4959683,3.4097967,0.087851286,0.01322515,0.0,0.6740506,-0.09205458,0.8390677,4.4373403,5.678726,70.0,-0.26055673,,,,,,,,,,,,,,,,,,,,,,,,
FAILED_SETUP,,,,,,,2026-06-05,1727.0,中華化,化學生技醫療,0.6688072540403663,SECTOR_WEAK,-0.13892473,-0.26158482,0.23655914,-0.0032669176544578,0.20430107,0.45957378,0.032,0.23359089,0.74718976,1.7561165,7.1981425,1.0,0.05603583,0.8691983,-0.030617284,0.7484472,0.46531662,3.449155,196.0,-0.41770518,,,,,,,,,,,,,,,,,,,,,,,,
FAILED_SETUP,,,,,,,2026-06-05,1560.0,中砂,電機機械,0.6598244209428763,SECTOR_WEAK,-0.08554849,-0.09092448,0.25596184,-0.0032669176544578,0.074498564,0.0695702,0.036,0.15744126,0.5441225,1.7318162,11.689277,1.0,0.020280976,0.8227848,-0.020494986,0.7052186,0.42829975,4.3981996,126.0,1.6167822,,,,,,,,,,,,,,,,,,,,,,,,
FAILED_SETUP,,,,,,,2026-06-05,4931.0,新盛力,電腦及週邊設備業,0.7632242868846355,STOCK_SPECIFIC,-0.23641255,-0.27482933,0.2869955,-0.0032669176544578,0.12989691,0.36953938,0.008,0.30057582,0.52996844,2.8117335,4.2298937,1.0,0.010666042,0.5770042,0.0425613,1.1161549,0.896671,3.972889,18.0,1.4846628,,,,,,,,,,,,,,,,,,,,,,,,
FAILED_SETUP,,,,,,,2026-06-05,2360.0,致茂,電子工業,0.7186313025992404,STOCK_SPECIFIC,-0.15357143,-0.24474788,0.07359307,-0.0032669176544578,0.08966862,0.39066136,0.016,0.008590028,0.9001783,2.0066667,6.5116277,1.0,0.014721633,0.95253164,0.058300734,1.0833334,0.71786857,3.12101,215.0,0.54903835,,,,,,,,,,,,,,,,,,,,,,,,
FAILED_SETUP,,,,,,,2026-06-05,3234.0,光環,通信網路業,0.7437448797199673,SECTOR_WEAK,-0.1992,-0.25866666,0.3422222,-0.0032669176544578,0.144,0.16481443,0.008,0.24918902,0.7433833,2.4723403,0.020080289,0.0039999937,0.038221795,0.9272152,-0.05701226,1.4380665,1.3820603,2.4309692,126.0,1.3333082,,,,,,,,,,,,,,,,,,,,,,,,
FAILED_SETUP,,,,,,,2026-06-05,2108.0,南帝,橡膠工業,0.6688929023609146,TOO_EXTENDED,-0.098150685,-0.10616438,0.059931505,-0.0032669176544578,0.01710731,-0.03100964,0.0,0.019530494,0.32821926,2.6572185,0.077298805,0.007586931,0.0,0.54008436,0.025206229,1.3936652,6.4017816,5.126165,74.0,-0.6895708,,,,,,,,,,,,,,,,,,,,,,,,
FAILED_SETUP,,,,,,,2026-06-05,3312.0,弘憶股,電子工業,0.8599063454234006,TOO_EXTENDED,-0.3047204,-0.35526314,0.13157897,-0.0032669176544578,0.084444456,0.46705493,0.004,0.477409,0.6816842,4.648351,0.22210573,0.06768014,0.029402852,0.7510548,0.05602401,1.6945405,4.5537634,6.143608,17.0,0.42670596,,,,,,,,,,,,,,,,,,,,,,,,
FAILED_SETUP,,,,,,,2026-06-05,3305.0,昇貿,電子工業,0.6399931108959559,STOCK_SPECIFIC,-0.19320285,-0.34767833,0.06405694,-0.0032669176544578,0.086538464,0.102322966,0.036,0.21602975,0.3796031,2.5084488,0.06635778,0.012820511,0.037174977,0.6476793,0.05715854,0.9953488,0.4051642,3.1565456,10.0,0.15608753,,,,,,,,,,,,,,,,,,,,,,,,
FAILED_SETUP,,,,,,,2026-06-05,4741.0,泓瀚,化學工業,0.7160441647426826,SECTOR_WEAK,-0.09525483,-0.36877334,0.52196836,-0.0032669176544578,0.09538951,1.0387291,0.024,0.0037197706,0.9103444,1.34539,1.0014138,0.09538951,0.12072901,0.93248945,-0.06594933,0.9930394,2.5854688,3.3446512,52.0,-0.6227177,,,,,,,,,,,,,,,,,,,,,,,,
FAILED_SETUP,,,,,,,2026-06-05,4739.0,康普,化學生技醫療,0.8548074774707677,SECTOR_WEAK,-0.16583332,-0.35869622,0.24537037,-0.0032669176544578,0.021186441,0.25846618,0.0,0.30971566,0.518192,2.399426,6.030151,1.0,0.0,0.6729958,-0.035166487,1.1357702,0.98753476,3.6185648,61.0,0.6306873,,,,,,,,,,,,,,,,,,,,,,,,
FAILED_SETUP,,,,,,,2026-06-05,4760.0,勤凱,其他電子業,0.7713143293364118,SECTOR_WEAK,-0.28024325,-0.47297296,0.1581081,-0.0032669176544578,0.24087591,0.7518093,0.008,0.41445413,0.9297972,2.5647702,3.5683286,1.0,0.033188827,0.8322785,-0.06822236,1.226776,0.95804995,3.5360026,61.0,0.7002743,,,,,,,,,,,,,,,,,,,,,,,,
FAILED_SETUP,,,,,,,2026-06-05,3673.0,TPK-KY,電子工業,0.765748119460788,STOCK_SPECIFIC,-0.24534884,-0.33662042,0.17571059,-0.0032669176544578,0.15,0.60078365,0.02,0.3176495,0.75791234,2.4939964,4.0758295,1.0,0.17078508,0.78797466,0.05664415,1.1261262,0.6450794,3.236351,55.0,-0.4761801,,,,,,,,,,,,,,,,,,,,,,,,
FAILED_SETUP,,,,,,,2026-06-05,3615.0,安可,光電業,0.9147063752141208,SECTOR_WEAK,-0.41549817,-0.43384835,0.23431733,-0.0032669176544578,0.056478404,0.36823082,0.0,0.6973323,1.0127273,4.6161056,2.4067495,1.0,0.0,0.8955696,-0.015269894,1.3676976,2.5874207,4.727306,112.0,-1.2669876,,,,,,,,,,,,,,,,,,,,,,,,
FAILED_SETUP,,,,,,,2026-06-05,3550.0,聯穎,電子工業,0.6935167945185075,STOCK_SPECIFIC,-0.10352535,-0.15437788,0.8294931,-0.0032669176544578,0.035343036,0.08659538,0.0,-0.015374746,0.42044222,1.6773866,0.18073854,0.01871102,0.0,0.74261606,0.058504995,1.375701,3.5164034,3.0134223,108.0,-0.10122178,,,,,,,,,,,,,,,,,,,,,,,,
FAILED_SETUP,,,,,,,2026-06-05,3691.0,碩禾,光電業,0.6602899009458554,SECTOR_WEAK,-0.061206896,-0.3337931,0.22758621,-0.0032669176544578,0.096875,0.019461518,0.016,0.10582648,0.52755326,0.75075525,2.246479,0.1375,0.0809196,0.84388185,-0.003974748,1.0241935,0.8753322,2.6519637,114.0,0.5618686,,,,,,,,,,,,,,,,,,,,,,,,
FAILED_SETUP,,,,,,,2026-06-05,3498.0,陽程,其他電子業,0.7063193565204439,SECTOR_WEAK,-0.13638298,-0.28425533,0.19148937,-0.0032669176544578,0.2605364,0.5818748,0.024,0.3801085,0.8548085,1.5057048,7.3322935,1.0,0.06424777,0.89978904,-0.067720026,1.0337079,0.9134425,2.8432214,71.0,-0.80634844,,,,,,,,,,,,,,,,,,,,,,,,
FAILED_SETUP,,,,,,,2026-06-05,3450.0,聯鈞,其他電子業,0.6822326282862888,SECTOR_WEAK,-0.1647561,-0.26682487,0.3597066,-0.0032669176544578,0.20159681,0.32207468,0.016,0.20276424,0.6725646,1.8777437,6.069578,1.0,0.02387124,0.7827004,-0.064146474,1.2445003,1.5490681,3.5511732,43.0,1.9557091,,,,,,,,,,,,,,,,,,,,,,,,
FAILED_SETUP,,,,,,,2026-06-05,3406.0,玉晶光,電子工業,0.8142651001712966,TOO_EXTENDED,-0.21390669,-0.2801303,0.29641694,-0.0032669176544578,0.032258064,0.22215913,0.0,0.20720647,0.45856354,3.9616542,4.6749353,1.0,0.0,0.5886076,0.057286166,1.2916666,2.6043406,5.0017157,57.0,-0.15628096,,,,,,,,,,,,,,,,,,,,,,,,
FAILED_SETUP,,,,,,,2026-06-05,3363.0,上詮,通信網路業,0.6360942503910032,SECTOR_WEAK,-0.07656479,-0.46577018,0.04400978,-0.0032669176544578,0.17290749,0.14340703,0.016,0.08974848,0.62712085,1.0758528,0.54659873,0.04185022,0.03082639,0.8670886,-0.052094277,1.1446741,2.127544,2.322454,238.0,1.400528,,,,,,,,,,,,,,,,,,,,,,,,
FAILED_SETUP,,,,,,,2026-06-05,3357.0,臺慶科,電子零組件業,0.887544686080286,TOO_EXTENDED,-0.34247655,-0.35112154,0.39399624,-0.0032669176544578,0.0625,0.38346362,0.0,0.41336408,0.72813076,3.604457,2.919908,1.0,0.0,0.77109706,0.08196913,1.041841,1.6327047,4.0637517,42.0,0.6262612,,,,,,,,,,,,,,,,,,,,,,,,
FAILED_SETUP,,,,,,,2026-06-05,3317.0,尼克森,半導體業,0.7150815520965219,SECTOR_WEAK,-0.15104109,-0.1931507,0.47945204,-0.0032669176544578,0.08138101,0.26482275,0.032,0.24900484,0.5209767,2.4006844,6.6207147,1.0,0.104087576,0.6983122,-0.028479759,0.8157034,0.27415833,4.460187,48.0,-0.10581026,,,,,,,,,,,,,,,,,,,,,,,,
FAILED_SETUP,,,,,,,2026-06-05,3537.0,堡達,電子零組件業,0.9126005436806434,TOO_EXTENDED,-0.3978486,-0.39813644,0.22841966,-0.0032669176544578,0.027511965,0.40207493,0.0,0.62480825,0.6750038,4.400965,2.513519,1.0,0.0,0.6687764,0.082008176,1.3731085,1.8639536,4.7644806,21.0,-0.10461371,,,,,,,,,,,,,,,,,,,,,,,,
FAILED_SETUP,,,,,,,2026-06-12,6153.0,嘉聯益,電子工業,0.8136799181568664,STOCK_SPECIFIC,-0.30890793,-0.42184153,0.10492505,-0.0060856457663827,0.013483146,-0.0014661826,0.0,0.23933038,0.33976957,5.3008924,0.041911904,0.01294692,0.0,0.57823837,0.0122906,1.616,2.7095265,3.0608923,66.0,0.29487717,,,,,,,,,,,,,,,,,,,,,,,,
FAILED_SETUP,,,,,,,2026-06-12,6155.0,鈞寶,電子工業,0.914171936167509,STOCK_SPECIFIC,-0.41855264,-0.45672688,0.23205742,-0.0060856457663827,0.09146342,0.40289205,0.0,0.57971084,0.7060231,4.256073,2.3891857,1.0,0.0,0.7595855,0.010791372,1.4141971,1.8616368,3.3855634,155.0,0.61025584,,,,,,,,,,,,,,,,,,,,,,,,
FAILED_SETUP,,,,,,,2026-06-12,6173.0,信昌電,電子零組件業,0.98712486289694,TOO_EXTENDED,-0.49005035,-0.55241805,0.21644296,-0.0060856457663827,0.0,2.3241236,0.0,0.631455,2.0171096,6.2522626,2.0406067,1.0,0.0,0.9906736,0.079632185,1.2716489,5.7611384,6.322477,47.0,0.7227628,,,,,,,,,,,,,,,,,,,,,,,,
FAILED_SETUP,,,,,,,2026-06-12,6175.0,立敦,電子零組件業,0.8102727315848558,STOCK_SPECIFIC,-0.31529063,-0.34060293,0.21182266,-0.0060856457663827,0.1713996,0.53891915,0.024,0.17924578,0.7126777,3.2139742,0.5436241,0.1713996,0.09217277,0.7761658,0.08220588,1.2979084,1.0299588,2.8813486,47.0,-0.6837928,,,,,,,,,,,,,,,,,,,,,,,,
FAILED_SETUP,,,,,,,2026-06-12,6190.0,萬泰科,通信網路業,0.6637408355425007,SECTOR_WEAK,-0.12266344,-0.30234507,0.0653753,-0.0060856457663827,0.23880596,0.20870616,0.032,0.050233956,0.44262686,1.8397925,8.152389,1.0,0.044198416,0.7896373,-0.08291425,1.118679,0.37066323,1.8043233,66.0,0.23449801,,,,,,,,,,,,,,,,,,,,,,,,
FAILED_SETUP,,,,,,,2026-06-12,6205.0,詮欣,電子工業,0.6643458294025087,STOCK_SPECIFIC,-0.17366475,-0.40983972,0.0046242774,-0.0060856457663827,0.20809248,0.14755608,0.032,0.040228598,0.4766552,2.5522816,1.1982425,0.20809248,0.34793392,0.88186526,0.013289695,1.1653543,1.014272,1.9872977,98.0,1.6401802,,,,,,,,,,,,,,,,,,,,,,,,
FAILED_SETUP,,,,,,,2026-06-12,6204.0,艾華,電子零組件業,0.8219691331455907,STOCK_SPECIFIC,-0.3030749,-0.46519825,0.14537445,-0.0060856457663827,0.11872146,0.3227338,0.004,0.16891506,0.4336589,4.0065393,0.4943016,0.1498104,0.032930344,0.5740933,0.08236403,1.3077939,0.9838414,3.8100111,29.0,-0.08720566,,,,,,,,,,,,,,,,,,,,,,,,
FAILED_SETUP,,,,,,,2026-06-12,6209.0,今國光,電子工業,0.7009721226218145,STOCK_SPECIFIC,-0.22146778,-0.32338902,0.2470167,-0.0060856457663827,0.16383494,0.20990884,0.036,0.14435205,0.33132988,2.896611,0.46578035,0.10315534,0.14010653,0.60207254,0.01271493,1.3536488,0.6105874,2.361557,47.0,0.68190515,,,,,,,,,,,,,,,,,,,,,,,,
FAILED_SETUP,,,,,,,2026-06-12,6223.0,旺矽,半導體業,0.8976651821765145,SECTOR_WEAK,-0.26017278,-0.3281656,0.1087113,-0.0060856457663827,0.027756361,0.3813836,0.0,0.095725,0.8804551,4.2161,0.106684335,0.027756361,0.0,0.93160623,-0.068423964,1.1136625,1.0500362,3.3864446,240.0,1.121192,,,,,,,,,,,,,,,,,,,,,,,,
FAILED_SETUP,,,,,,,2026-06-12,6239.0,力成,半導體業,0.8336495057262671,SECTOR_WEAK,-0.3649857,-0.3881838,0.07857143,-0.0060856457663827,0.11366907,0.30734864,0.02,0.3994284,0.5917489,4.3673506,0.3114343,0.11366907,0.04961033,0.8528497,-0.07100248,1.1962963,,3.4396012,193.0,0.71370274,,,,,,,,,,,,,,,,,,,,,,,,
FAILED_SETUP,,,,,,,2026-06-12,6257.0,矽格,電子工業,0.680346878793575,STOCK_SPECIFIC,-0.13595982,-0.22226834,0.24776785,-0.0060856457663827,0.09255079,0.2786012,0.04,-0.06599783,0.5367431,2.2381628,0.68072164,0.09255079,0.054751553,0.87668395,0.013951374,1.1620111,0.73090476,2.3639545,242.0,0.8768947,,,,,,,,,,,,,,,,,,,,,,,,
FAILED_SETUP,,,,,,,2026-06-12,6147.0,頎邦,半導體業,0.7456175426329761,SECTOR_WEAK,-0.16428572,-0.50253534,0.21845964,-0.0060856457663827,0.39955357,1.8807353,0.012,0.0882822,1.2545191,1.4799443,6.0869565,1.0,0.063252084,0.9927461,-0.06838305,1.006424,0.5390439,2.2613835,61.0,0.43057132,,,,,,,,,,,,,,,,,,,,,,,,
FAILED_SETUP,,,,,,,2026-06-12,5410.0,國眾,資訊服務業,0.7719410724753273,TOO_EXTENDED,-0.2310577,-0.2628205,0.06410257,-0.0060856457663827,0.04709748,0.115354165,0.0,0.012869491,0.40217057,6.1665583,4.3279233,1.0,0.0,0.6279793,0.14980002,1.7430894,4.7317095,6.124168,33.0,0.35740137,,,,,,,,,,,,,,,,,,,,,,,,
FAILED_SETUP,,,,,,,2026-06-12,6138.0,茂達,半導體業,0.6370619251992643,SECTOR_WEAK,-0.15252322,-0.21052632,0.3653251,-0.0060856457663827,0.22523962,0.044981975,0.024,0.09577746,0.27734247,2.334044,1.4767563,0.22523962,0.05646521,0.54300517,-0.06838549,1.0057405,0.40558696,2.2105472,40.0,1.356183,,,,,,,,,,,,,,,,,,,,,,,,
FAILED_SETUP,,,,,,,2026-06-12,6126.0,信音,電子零組件業,0.6472473184017634,STOCK_SPECIFIC,-0.22542787,-0.31173596,0.058679707,-0.0060856457663827,0.10559007,-0.06348402,0.016,0.075048774,0.20713785,3.1714988,0.027552826,0.006211175,0.11138819,0.5202072,0.08305427,1.350495,1.9392684,2.1928747,25.0,1.1121856,,,,,,,,,,,,,,,,,,,,,,,,
FAILED_SETUP,,,,,,,2026-06-12,6016.0,康和證,金融保險,0.7408782876186495,STOCK_SPECIFIC,-0.28425676,-0.31151375,0.03716218,-0.0060856457663827,0.28295258,0.24717055,0.012,0.12643999,0.6368448,3.5858753,3.5179462,1.0,0.09178573,0.8549223,0.0881065,1.308311,0.772825,2.8799088,144.0,1.1381973,,,,,,,,,,,,,,,,,,,,,,,,
FAILED_SETUP,,,,,,,2026-06-12,6015.0,宏遠證,金融保險,0.670003134118854,STOCK_SPECIFIC,-0.26515463,-0.26804122,0.012886598,-0.0060856457663827,0.2972973,0.096163176,0.012,0.08736305,0.42656004,3.573995,3.7713842,1.0,0.09260967,0.7606218,0.089853175,1.2738854,0.657665,2.2503517,103.0,1.3184721,,,,,,,,,,,,,,,,,,,,,,,,
FAILED_SETUP,,,,,,,2026-06-12,5425.0,台半,半導體業,0.7607557442741721,SECTOR_WEAK,-0.34471428,-0.35416391,0.37142858,-0.0060856457663827,0.24257426,0.27292493,0.024,0.40106654,0.5689889,3.812867,0.70369655,0.24257426,0.13417305,0.7419689,-0.07107255,0.9638286,0.6927198,2.8712819,44.0,0.56797576,,,,,,,,,,,,,,,,,,,,,,,,
FAILED_SETUP,,,,,,,2026-06-12,5386.0,青雲,電腦及週邊設備業,0.7038290148431446,STOCK_SPECIFIC,-0.20522523,-0.39248413,0.1011011,-0.0060856457663827,0.29351184,0.16920927,0.024,0.07687774,1.0579475,2.333561,0.36633033,0.075180225,0.06925228,0.9979275,0.020217996,1.0725479,0.6448958,1.5343089,151.0,1.5015267,,,,,,,,,,,,,,,,,,,,,,,,
FAILED_SETUP,,,,,,,2026-06-12,5351.0,鈺創,半導體業,0.7029694159892765,SECTOR_WEAK,-0.21363239,-0.28118163,0.30743983,-0.0060856457663827,0.08229989,0.05132165,0.024,0.008488454,0.45812213,2.9425619,0.2796953,0.059751973,0.072172694,0.8445596,-0.067557946,1.1262745,0.89908206,1.8114101,178.0,1.6016798,,,,,,,,,,,,,,,,,,,,,,,,
FAILED_SETUP,,,,,,,2026-06-12,5347.0,世界,半導體業,0.646494840591524,SECTOR_WEAK,-0.17452721,-0.23151611,0.27793697,-0.0060856457663827,0.09439528,0.12433963,0.036,-0.045415327,0.36438277,2.8906438,0.05070586,0.008849553,0.088590056,0.7720207,-0.06702851,1.0798122,0.7536137,2.1743503,103.0,1.1344584,,,,,,,,,,,,,,,,,,,,,,,,
FAILED_SETUP,,,,,,,2026-06-12,5289.0,宜鼎,電腦及週邊設備業,0.7096106817704023,STOCK_SPECIFIC,-0.15181081,-0.4108108,0.0945946,-0.0060856457663827,0.11080332,0.34475705,0.036,-0.070228,0.91203576,1.9226894,0.47442052,0.07202216,0.054044764,0.98238343,0.023012407,1.2785715,0.72522056,2.6701548,195.0,2.0040185,,,,,,,,,,,,,,,,,,,,,,,,
FAILED_SETUP,,,,,,,2026-06-12,6265.0,方土昶,電子通路業,0.8155469500022546,STOCK_SPECIFIC,-0.3342822,-0.36716172,0.008250825,-0.0060856457663827,0.098471984,0.11071744,0.016,0.21294954,0.63313216,4.2711596,2.9914846,1.0,0.046916854,0.9357513,0.023155559,1.0852891,1.1198063,2.8989208,188.0,1.8727131,,,,,,,,,,,,,,,,,,,,,,,,
FAILED_SETUP,,,,,,,2026-06-12,5285.0,界霖,電子工業,0.7979184695755647,STOCK_SPECIFIC,-0.2140458,-0.2913176,0.276955,-0.0060856457663827,0.110367894,0.4175656,0.028,0.12328162,0.5787158,3.0703015,4.6718974,1.0,0.2784783,0.7450777,0.012829476,0.99999994,0.37754428,3.8183239,47.0,0.3741156,,,,,,,,,,,,,,,,,,,,,,,,
FAILED_SETUP,,,,,,,2026-06-12,6139.0,亞翔,其他電子業,0.8021683171737651,SECTOR_WEAK,-0.21922077,-0.25265643,0.16528925,-0.0060856457663827,0.059627328,0.16170876,0.016,0.18915328,0.36618978,3.7511108,0.2719967,0.059627328,0.019383533,0.70051813,-0.100320905,1.2389381,1.0142417,2.3771043,269.0,0.5102532,,,,,,,,,,,,,,,,,,,,,,,,
FAILED_SETUP,,,,,,,2026-06-12,6269.0,台郡,電子零組件業,0.6851140633042819,STOCK_SPECIFIC,-0.24123077,-0.35664335,0.2839161,-0.0060856457663827,0.10650069,-0.007753979,0.012,0.11287379,0.20296831,3.2153397,0.04013535,0.009681881,0.090137705,0.46010363,0.08276348,1.4434782,0.9792653,1.6324013,3.0,1.0164577,,,,,,,,,,,,,,,,,,,,,,,,
FAILED_SETUP,,,,,,,2026-06-12,8040.0,九暘,半導體業,0.6833052890598054,SECTOR_WEAK,-0.146125,-0.36979166,0.31770834,-0.0060856457663827,0.37079832,0.41711763,0.028,0.122473165,0.58440447,1.6420735,0.03594252,0.005252101,0.16150282,0.7689119,-0.06862973,0.8945901,0.42928246,2.200181,31.0,1.398659,,,,,,,,,,,,,,,,,,,,,,,,
FAILED_SETUP,,,,,,,2026-06-12,6274.0,台燿,電子零組件業,0.6696908969424188,STOCK_SPECIFIC,-0.20932886,-0.3704698,0.2885906,-0.0060856457663827,0.26923078,1.1909654,0.032,-0.06101355,0.98148173,2.0030274,4.777172,1.0,0.021881815,0.97202075,0.084015206,1.1923743,1.63255,1.99585,249.0,1.274705,,,,,,,,,,,,,,,,,,,,,,,,
FAILED_SETUP,,,,,,,2026-06-12,5274.0,信驊,半導體業,0.8446114026411629,SECTOR_WEAK,-0.21934375,-0.31623578,0.035416666,-0.0060856457663827,0.057739224,0.32901195,0.012,0.0680678,0.7100871,3.5485768,0.18537763,0.040661424,0.013942372,0.93056995,-0.06815603,1.0939597,0.91090226,2.5443375,235.0,1.0902116,,,,,,,,,,,,,,,,,,,,,,,,
FAILED_SETUP,,,,,,,2026-06-12,8255.0,朋程,電機機械,0.6544962272868615,SECTOR_WEAK,-0.2476,-0.2697687,0.33142856,-0.0060856457663827,0.22023809,0.0122743305,0.024,0.19827287,0.26429862,3.2096295,0.040476896,0.01002208,0.16243328,0.5585492,-0.0795673,1.0178926,0.37158543,1.7067901,17.0,0.48194242,,,,,,,,,,,,,,,,,,,,,,,,
FAILED_SETUP,,,,,,,2026-06-12,8210.0,勤誠,電腦及週邊設備業,0.7119876146087886,STOCK_SPECIFIC,-0.190298,-0.36949703,0.0066225166,-0.0060856457663827,0.0779661,0.2476339,0.02,-0.04969611,0.4254146,2.883799,0.40970528,0.0779661,0.025459018,0.69326425,0.023011621,1.2903225,1.1817718,2.9473596,47.0,1.3038081,,,,,,,,,,,,,,,,,,,,,,,,
FAILED_SETUP,,,,,,,2026-06-12,8163.0,達方,電腦及週邊設備業,0.7980125224210717,STOCK_SPECIFIC,-0.272125,-0.35855305,0.098966464,-0.0060856457663827,0.09334888,0.14094616,0.004,0.17351268,0.3599289,4.0985084,0.118910186,0.032358434,0.04696556,0.5668394,0.019582413,1.4047848,0.73324746,3.85,4.0,0.42575675,,,,,,,,,,,,,,,,,,,,,,,,
FAILED_SETUP,,,,,,,2026-06-12,8162.0,微矽電子-創,電子工業,0.723103455787667,STOCK_SPECIFIC,-0.24986784,-0.3292389,0.34902516,-0.0060856457663827,0.30941704,0.35810238,0.02,0.16043642,0.55594665,2.6706727,4.0021157,1.0,0.134255,0.8176166,0.012589859,0.950136,0.5341607,2.1842303,61.0,0.91283715,,,,,,,,,,,,,,,,,,,,,,,,
FAILED_SETUP,,,,,,,2026-06-12,8150.0,南茂,電子工業,0.7640062213898927,STOCK_SPECIFIC,-0.26907462,-0.33791623,0.25967234,-0.0060856457663827,0.17525773,0.21240866,0.016,0.1134124,0.5740706,2.8529618,0.22988296,0.06185567,0.06731572,0.82590675,0.012814955,1.2177033,1.6752453,2.1202211,154.0,1.2111725,,,,,,,,,,,,,,,,,,,,,,,,
FAILED_SETUP,,,,,,,2026-06-12,8121.0,越峰,電子零組件業,0.8726461695762089,TOO_EXTENDED,-0.31660852,-0.4263904,0.24754634,-0.0060856457663827,0.04054054,0.37884888,0.004,0.15060215,0.51145506,4.7098722,0.17784205,0.056306306,0.035297252,0.6683938,0.08249643,1.2996845,0.86959034,4.164851,31.0,0.3652201,,,,,,,,,,,,,,,,,,,,,,,,
FAILED_SETUP,,,,,,,2026-06-12,8112.0,至上,電子通路業,0.6985075890533052,STOCK_SPECIFIC,-0.22466336,-0.22771452,0.055982172,-0.0060856457663827,0.05263158,-0.14124286,0.0,0.107472934,0.25414664,4.196486,4.4511037,1.0,0.0,0.5295337,0.030527597,1.6354058,1.8597832,2.484368,145.0,1.1797938,,,,,,,,,,,,,,,,,,,,,,,,
FAILED_SETUP,,,,,,,2026-06-12,8105.0,凌巨,電子工業,0.9322677200397972,TOO_EXTENDED,-0.34868422,-0.3640351,0.12938596,-0.0060856457663827,0.0,0.3314928,0.0,0.34528562,0.6767496,4.52439,0.244249,0.08516577,0.0,0.83316064,0.01186689,1.2786885,2.3969815,4.0368567,37.0,0.45291683,,,,,,,,,,,,,,,,,,,,,,,,
FAILED_SETUP,,,,,,,2026-06-12,8064.0,東捷,光電業,0.6949827512199465,SECTOR_WEAK,-0.16669065,-0.40572146,0.23381294,-0.0060856457663827,0.40892193,0.8097502,0.032,0.09888565,0.9143001,1.512261,5.999137,1.0,0.104530066,0.9481865,-0.05083609,1.003367,0.52234495,1.9273659,69.0,0.14629494,,,,,,,,,,,,,,,,,,,,,,,,
FAILED_SETUP,,,,,,,2026-06-12,8042.0,金山電,電子零組件業,0.9845534343255116,TOO_EXTENDED,-0.47835332,-0.53066665,0.21066667,-0.0060856457663827,0.0,1.409439,0.0,0.60148257,1.4732288,5.44515,2.090505,1.0,0.0,0.9450777,0.07964655,1.2874159,0.9412799,4.863481,166.0,1.0283488,,,,,,,,,,,,,,,,,,,,,,,,
FAILED_SETUP,,,,,,,2026-06-12,8028.0,昇陽半導體,電子工業,0.7092766662157565,STOCK_SPECIFIC,-0.23046042,-0.30046225,0.12172573,-0.0060856457663827,0.14843123,0.27162406,0.036,0.019294955,0.58448577,2.8749366,0.64406383,0.14843123,0.038222834,0.8020725,0.013399057,1.1863476,0.408285,2.7996,48.0,0.57707936,,,,,,,,,,,,,,,,,,,,,,,,
FAILED_SETUP,,,,,,,2026-06-12,8027.0,鈦昇,電機機械,0.6346637023711437,SECTOR_WEAK,-0.07319149,-0.39574468,0.1106383,-0.0060856457663827,0.27741936,0.61298054,0.04,-0.057752836,0.6765698,0.8375652,13.66279,1.0,0.113266505,0.88290155,-0.07373539,1.2290748,0.7162107,1.8325796,66.0,-0.10959564,,,,,,,,,,,,,,,,,,,,,,,,
FAILED_SETUP,,,,,,,2026-06-12,8021.0,尖點,電子工業,0.82228248881362,STOCK_SPECIFIC,-0.338125,-0.45803475,0.17992425,-0.0060856457663827,0.20114942,0.6210791,0.008,0.09667583,0.98485243,3.9799683,2.9574862,1.0,0.007975184,0.9865285,0.012873347,1.5129534,3.5322952,3.0088112,229.0,0.72577614,,,,,,,,,,,,,,,,,,,,,,,,
FAILED_SETUP,,,,,,,2026-06-12,8016.0,矽創,電子工業,0.6340587565301463,STOCK_SPECIFIC,-0.0851687,-0.09874327,0.3518851,-0.0060856457663827,0.07081175,0.089143686,0.056,-0.029974729,0.37507915,2.0462103,0.082980074,0.007067305,0.1468371,0.680829,0.013760292,1.4446764,0.72480804,3.619428,35.0,0.8454632,,,,,,,,,,,,,,,,,,,,,,,,
FAILED_SETUP,,,,,,,2026-06-12,7788.0,松川精密,電子零組件業,0.8726068736286035,TOO_EXTENDED,-0.35686132,-0.36859712,0.1149635,-0.0060856457663827,0.075187966,0.3321016,0.004,0.135945,0.7210887,5.175501,2.8022091,1.0,0.05973414,0.8134715,0.082533345,1.5502121,1.5026875,4.742092,48.0,-0.36503637,,,,,,,,,,,,,,,,,,,,,,,,
FAILED_SETUP,,,,,,,2026-06-12,7769.0,鴻勁,半導體業,0.7053452795262748,SECTOR_WEAK,-0.152,-0.3098513,0.02020202,-0.0060856457663827,0.1740638,0.38029158,0.052,0.0407864,0.67416966,2.183884,1.1451566,0.1740638,0.042172134,0.8984456,-0.0678849,0.9872173,0.78601533,3.0322046,252.0,1.0130726,,,,,,,,,,,,,,,,,,,,,,,,
FAILED_SETUP,,,,,,,2026-06-12,6996.0,力領科技,半導體業,0.663870322904424,SECTOR_WEAK,-0.11944724,-0.18592964,0.07035176,-0.0060856457663827,0.070886075,-0.08914324,0.016,0.07460995,0.23583515,2.7616596,0.14072736,0.016809493,0.05321935,0.5772021,-0.06815876,1.5294118,0.50928795,2.2800517,92.0,0.7846363,,,,,,,,,,,,,,,,,,,,,,,,
FAILED_SETUP,,,,,,,2026-06-12,6902.0,GOGOLOOK,數位雲端,0.7159535480485835,STOCK_SPECIFIC,-0.111911766,-0.20220588,0.04411765,-0.0060856457663827,0.15037593,0.29106125,0.052,0.12061989,0.49753413,1.6712158,0.4702953,0.05263158,0.12668906,0.73782384,0.0047945236,1.0687023,0.31609017,2.8904054,44.0,0.17904845,,,,,,,,,,,,,,,,,,,,,,,,
FAILED_SETUP,,,,,,,2026-06-12,6831.0,邁科,電腦及週邊設備業,0.6898169854953309,STOCK_SPECIFIC,-0.13209115,-0.38337803,0.30026808,-0.0060856457663827,0.16918844,0.73888427,0.036,-0.09352854,0.931806,1.587526,1.2808461,0.16918844,0.059905384,0.9533679,0.023503378,1.1192825,0.56935495,2.6501803,83.0,-0.059944056,,,,,,,,,,,,,,,,,,,,,,,,
FAILED_SETUP,,,,,,,2026-06-12,6821.0,聯寶,電子零組件業,0.7814357040084747,STOCK_SPECIFIC,-0.31639415,-0.459854,0.046715327,-0.0060856457663827,0.13037036,0.41659942,0.04,0.22421546,0.50707126,4.5286865,0.25514323,0.08072583,0.229285,0.7585492,0.08195887,1.1043339,,2.1190748,50.0,0.16469032,,,,,,,,,,,,,,,,,,,,,,,,
FAILED_SETUP,,,,,,,2026-06-12,6651.0,全宇昕,半導體業,0.684059280054484,SECTOR_WEAK,-0.18406594,-0.21978022,0.3003663,-0.0060856457663827,0.21804512,0.09586531,0.028,0.11812615,0.4371674,2.7162163,1.1846033,0.21804512,0.10471199,0.7481865,-0.068547055,1.0082191,0.36335164,2.3077962,82.0,1.5456434,,,,,,,,,,,,,,,,,,,,,,,,
FAILED_SETUP,,,,,,,2026-06-12,8289.0,泰藝,電子零組件業,0.7759784921679237,STOCK_SPECIFIC,-0.24185346,-0.48163825,0.04597701,-0.0060856457663827,0.14705881,0.48831046,0.044,0.10370232,0.9307577,2.7244163,0.6080493,0.14705881,0.22877878,0.97098446,0.08277317,1.2560554,1.3193859,2.6452987,98.0,0.6172473,,,,,,,,,,,,,,,,,,,,,,,,
FAILED_SETUP,,,,,,,2026-06-12,6405.0,悅城,光電業,0.7652665915930423,SECTOR_WEAK,-0.25073382,-0.5446043,0.097841725,-0.0060856457663827,0.2857143,0.6986767,0.024,0.16451001,0.84208894,2.502195,1.1395124,0.2857143,0.06522937,0.92331606,-0.0526784,1.2371134,,2.6227863,102.0,-0.22780426,,,,,,,,,,,,,,,,,,,,,,,,
FAILED_SETUP,,,,,,,2026-06-12,6278.0,台表科,電子工業,0.6301798838994014,STOCK_SPECIFIC,-0.13751757,-0.3833091,0.035128806,-0.0060856457663827,0.20616114,0.5955673,0.044,-0.13015464,0.6818467,1.810749,1.4991622,0.20616114,0.24285449,0.83937824,0.014286964,1.0180722,0.72943765,2.8133628,40.0,0.47986,,,,,,,,,,,,,,,,,,,,,,,,
FAILED_SETUP,,,,,,,2026-06-12,6271.0,同欣電,電子工業,0.7881902829432373,STOCK_SPECIFIC,-0.3309978,-0.44313726,0.18431373,-0.0060856457663827,0.111713834,0.21756649,0.032,0.2796475,0.53273284,5.2746887,0.3375063,0.111713834,0.056598708,0.8051813,0.012082771,1.448791,0.71516186,3.1823013,146.0,1.5105138,,,,,,,,,,,,,,,,,,,,,,,,
FAILED_SETUP,,,,,,,2026-06-12,5228.0,鈺鎧,電子零組件業,0.8694544407922669,TOO_EXTENDED,-0.37417856,-0.51928574,0.17,-0.0060856457663827,0.16450216,1.4261193,0.016,0.2554834,1.3674232,3.905165,2.6725209,1.0,0.12397003,0.97616583,0.08170231,1.4640069,1.5620139,4.1381254,125.0,-0.8483358,,,,,,,,,,,,,,,,,,,,,,,,
FAILED_SETUP,,,,,,,2026-06-12,6435.0,大中,半導體業,0.7913151434977866,SECTOR_WEAK,-0.22882353,-0.2591101,0.5953654,-0.0060856457663827,0.11657559,0.23556538,0.036,0.20047596,0.7266323,3.3219593,0.50945634,0.11657559,0.07454884,0.87564766,-0.069312386,1.0879121,0.4748688,3.3197165,139.0,1.2088579,,,,,,,,,,,,,,,,,,,,,,,,
FAILED_SETUP,,,,,,,2026-06-12,4931.0,新盛力,電腦及週邊設備業,0.7327868535660265,STOCK_SPECIFIC,-0.30082494,-0.34924322,0.138833,-0.0060856457663827,0.21610169,0.21402417,0.024,0.19452813,0.45293358,3.2705312,3.3241923,1.0,0.035871234,0.58445597,0.018791629,1.3089134,0.44082707,2.5571876,23.0,1.343125,,,,,,,,,,,,,,,,,,,,,,,,
FAILED_SETUP,,,,,,,2026-06-12,3088.0,艾訊,電腦及週邊設備業,0.7328214577049138,STOCK_SPECIFIC,-0.140625,-0.19228613,0.12654828,-0.0060856457663827,0.07801419,0.30505773,0.028,-0.018854398,0.52336913,2.7658536,0.402222,0.05656247,0.09589378,0.7792746,0.022406498,1.3963636,1.9854945,3.9088454,46.0,0.08091887,,,,,,,,,,,,,,,,,,,,,,,,
FAILED_SETUP,,,,,,,2026-06-12,3071.0,協禧,電腦及週邊設備業,0.7029943507390536,STOCK_SPECIFIC,-0.18325,-0.3171951,0.007352949,-0.0060856457663827,0.08221227,0.019945815,0.016,0.057408687,0.28103656,2.9418886,0.013828963,0.0025341574,0.058969937,0.63212436,0.02127052,1.3010752,1.1296326,1.4424957,66.0,0.9723916,,,,,,,,,,,,,,,,,,,,,,,,
FAILED_SETUP,,,,,,,2026-06-12,3048.0,益登,電子通路業,0.8416388630737905,TOO_EXTENDED,-0.28342858,-0.41820475,0.043537416,-0.0060856457663827,0.12191781,0.45651954,0.02,0.20424803,0.6803112,3.6184616,0.43015355,0.12191781,0.09542321,0.73886013,0.024215959,1.0449533,1.6064886,4.0656743,21.0,0.08232494,,,,,,,,,,,,,,,,,,,,,,,,
FAILED_SETUP,,,,,,,2026-06-12,3037.0,欣興,電子零組件業,0.6542877041466758,STOCK_SPECIFIC,-0.18962026,-0.30977094,0.17616034,-0.0060856457663827,0.25277162,0.3426892,0.032,-0.05816052,0.8963521,2.2530348,0.26894692,0.050997782,0.027433595,0.98756474,0.08403691,1.137042,0.6192381,1.6100417,179.0,1.210755,,,,,,,,,,,,,,,,,,,,,,,,
FAILED_SETUP,,,,,,,2026-06-12,3014.0,聯陽,電子工業,0.7202472534004194,STOCK_SPECIFIC,-0.208,-0.24291699,0.036363635,-0.0060856457663827,0.019607842,-0.023649508,0.0,0.038852405,0.23274426,5.522759,0.00711028,0.0014789383,0.0,0.5253886,0.013363815,1.5346938,1.7053955,3.5107281,16.0,0.7597088,,,,,,,,,,,,,,,,,,,,,,,,
FAILED_SETUP,,,,,,,2026-06-12,3003.0,健和興,電子零組件業,0.6284691445647457,STOCK_SPECIFIC,-0.13182244,-0.17601246,0.17235136,-0.0060856457663827,0.067292646,-0.03934923,0.008,-0.06661082,0.23914054,2.8968704,0.33240527,0.04381847,0.042964753,0.5388601,0.08427072,1.3944954,2.1337976,2.5960472,36.0,0.8342772,,,,,,,,,,,,,,,,,,,,,,,,
FAILED_SETUP,,,,,,,2026-06-12,2497.0,怡利電,汽車工業,0.7435915350682251,SECTOR_WEAK,-0.1640678,-0.3353797,0.09090908,-0.0060856457663827,0.079812214,0.15599841,0.008,0.054993685,0.27772558,2.7863927,0.089461,0.01467767,0.02441485,0.59481865,-0.018402478,1.4055727,0.4005717,2.2155762,52.0,-0.5467955,,,,,,,,,,,,,,,,,,,,,,,,
FAILED_SETUP,,,,,,,2026-06-12,2495.0,普安,其他電子業,0.8211460263975727,SECTOR_WEAK,-0.33261675,-0.37922385,0.08171207,-0.0060856457663827,0.06958249,0.14913926,0.02,0.4638792,0.465874,4.7490277,3.0064633,1.0,0.04902301,0.7626943,-0.10565302,1.119403,1.0705578,2.524074,134.0,1.5436766,,,,,,,,,,,,,,,,,,,,,,,,
FAILED_SETUP,,,,,,,2026-06-12,2481.0,強茂,電子工業,0.7240993946676645,STOCK_SPECIFIC,-0.2641,-0.29666665,0.55,-0.0060856457663827,0.18620689,0.15229958,0.028,0.1486129,0.4934146,2.844154,3.7864444,1.0,0.0802403,0.69222796,0.012645866,0.9138577,0.5481152,2.0852013,198.0,0.04483992,,,,,,,,,,,,,,,,,,,,,,,,
FAILED_SETUP,,,,,,,2026-06-12,2461.0,光群雷,電子工業,0.6608389916710439,STOCK_SPECIFIC,-0.19188976,-0.20209974,0.028871391,-0.0060856457663827,0.10236221,-0.06760666,0.012,0.14223921,0.16035897,3.270096,0.041034058,0.007874016,0.16188662,0.45906734,0.014009271,1.7905759,0.93281776,1.5893505,10.0,-0.5193351,,,,,,,,,,,,,,,,,,,,,,,,
FAILED_SETUP,,,,,,,2026-06-12,2454.0,聯發科,電子工業,0.7913423890160611,STOCK_SPECIFIC,-0.29529276,-0.30933064,0.09873708,-0.0060856457663827,0.18899521,0.8377249,0.044,0.19696489,1.0468673,3.6742857,3.3864696,1.0,0.0800108,0.9502591,0.012459924,1.0252707,0.6271767,3.7509522,119.0,1.8073789,,,,,,,,,,,,,,,,,,,,,,,,
FAILED_SETUP,,,,,,,2026-06-12,2441.0,超豐,電子工業,0.6696669190592724,STOCK_SPECIFIC,-0.21035714,-0.26984125,0.23809524,-0.0060856457663827,0.19838057,0.09870397,0.024,0.073721796,0.3487539,3.313125,0.9430655,0.19838057,0.08755442,0.7253886,0.01311883,1.0360656,0.4249234,2.5466666,226.0,0.8816833,,,,,,,,,,,,,,,,,,,,,,,,
FAILED_SETUP,,,,,,,2026-06-12,2428.0,興勤,電子零組件業,0.859272255493931,STOCK_SPECIFIC,-0.32720068,-0.33895448,0.22596964,-0.0060856457663827,0.104811,0.37532607,0.008,0.2580464,0.5431117,4.3884006,0.32032636,0.104811,0.04770028,0.6787565,0.08179119,1.1612903,0.85326695,3.9350026,30.0,0.3031344,,,,,,,,,,,,,,,,,,,,,,,,
FAILED_SETUP,,,,,,,2026-06-12,2426.0,鼎元,電子工業,0.6714864612741318,STOCK_SPECIFIC,-0.23459753,-0.39438504,0.32085562,-0.0060856457663827,0.30588236,0.5209159,0.04,0.0137264235,0.9938033,2.5017366,0.6585452,0.15449308,0.18057741,0.9896373,0.013357794,1.0753655,1.4569606,1.502747,99.0,1.7751968,,,,,,,,,,,,,,,,,,,,,,,,
FAILED_SETUP,,,,,,,2026-06-12,2413.0,環科,電子零組件業,0.8293770118940748,STOCK_SPECIFIC,-0.35581145,-0.4667697,0.04018547,-0.0060856457663827,0.03267974,0.00062731333,0.0,0.2621648,0.43685582,5.9850326,2.8104775,1.0,0.0,0.8165803,0.08171811,1.5436697,3.0730658,2.793284,132.0,0.33824408,,,,,,,,,,,,,,,,,,,,,,,,
FAILED_SETUP,,,,,,,2026-06-12,2406.0,國碩,電子工業,0.7064136685528768,STOCK_SPECIFIC,-0.25533167,-0.30413017,0.15018773,-0.0060856457663827,0.11025641,-0.13132465,0.004,0.17880386,0.33954638,3.2236342,0.010042243,0.0025641026,0.023554897,0.7212435,0.012593876,1.4441366,4.98778,1.7284048,198.0,1.4986749,,,,,,,,,,,,,,,,,,,,,,,,
FAILED_SETUP,,,,,,,2026-06-12,2399.0,映泰,電腦及週邊設備業,0.6818538254462109,STOCK_SPECIFIC,-0.14322981,-0.378882,0.1904762,-0.0060856457663827,0.14585519,0.37267038,0.036,-0.047111563,0.5420712,2.0052176,6.9817867,1.0,0.06087879,0.7927461,0.022732625,1.2105263,0.484711,1.9062803,66.0,0.7412525,,,,,,,,,,,,,,,,,,,,,,,,
FAILED_SETUP,,,,,,,2026-06-12,2383.0,台光電,電子零組件業,0.6346359157606006,STOCK_SPECIFIC,-0.1486,-0.214,0.25,-0.0060856457663827,0.16666667,0.35024485,0.056,-0.110771775,0.7856703,2.0762475,1.1215792,0.16666667,0.042542093,0.9637306,0.08457521,1.194879,1.6737301,1.8447771,277.0,0.7111456,,,,,,,,,,,,,,,,,,,,,,,,
FAILED_SETUP,,,,,,,2026-06-12,2355.0,敬鵬,電子零組件業,0.6744342288878856,STOCK_SPECIFIC,-0.22690141,-0.4503,0.0015649452,-0.0060856457663827,0.1525974,0.10121726,0.028,0.017176202,0.44530824,3.5363417,0.6725273,0.1525974,0.116312765,0.7958549,0.08337337,1.0174673,1.4228405,1.8349595,99.0,0.5741362,,,,,,,,,,,,,,,,,,,,,,,,
FAILED_SETUP,,,,,,,2026-06-12,2351.0,順德,電子工業,0.6263837187444551,STOCK_SPECIFIC,-0.102895446,-0.33512065,0.24932976,-0.0060856457663827,0.27322403,0.5566178,0.04,-0.06999242,0.6460288,1.2295651,2.655356,0.27322403,0.12692055,0.88082904,0.013875307,0.9632107,0.32655326,1.819466,65.0,1.3024242,,,,,,,,,,,,,,,,,,,,,,,,
FAILED_SETUP,,,,,,,2026-06-12,2327.0,國巨*,電子零組件業,0.9613368972808942,TOO_EXTENDED,-0.5010556,-0.5043431,0.32464713,-0.0060856457663827,0.0748538,1.5239697,0.0,0.7387502,1.6126329,6.1006975,1.9957864,1.0,0.0,0.98031086,0.07899256,1.2914101,1.6698662,5.4267817,193.0,0.95727754,,,,,,,,,,,,,,,,,,,,,,,,
FAILED_SETUP,,,,,,,2026-06-12,2108.0,南帝,橡膠工業,0.6378805240162397,STOCK_SPECIFIC,-0.13232289,-0.14003295,0.009884679,-0.0060856457663827,0.07742998,-0.075706676,0.008,-0.011307054,0.24154195,2.8182456,0.31192455,0.04127476,0.07757895,0.54611397,0.06259735,1.417004,0.7940441,2.3248222,79.0,-0.06765906,,,,,,,,,,,,,,,,,,,,,,,,
FAILED_SETUP,,,,,,,2026-06-12,1809.0,中釉,玻璃陶瓷,0.7765860240083343,STOCK_SPECIFIC,-0.2630448,-0.39950556,0.17922607,-0.0060856457663827,0.2901879,0.39314023,0.012,0.16814886,0.7917482,2.3996947,3.8016336,1.0,0.09359038,0.9222798,0.0,1.3176996,0.5830485,2.3085601,103.0,1.400584,,,,,,,,,,,,,,,,,,,,,,,,
FAILED_SETUP,,,,,,,2026-06-12,1560.0,中砂,電機機械,0.6737356869675819,SECTOR_WEAK,-0.13375,-0.14909449,0.17559524,-0.0060856457663827,0.15030675,0.07182142,0.024,0.018040834,0.4087956,2.6772766,1.1237887,0.15030675,0.03760127,0.7740933,-0.075248286,1.3314368,0.6470497,2.2539008,131.0,1.6705588,,,,,,,,,,,,,,,,,,,,,,,,
FAILED_SETUP,,,,,,,2026-06-12,4952.0,凌通,電子工業,0.6342872110734181,STOCK_SPECIFIC,-0.17806122,-0.21843569,0.16479512,-0.0060856457663827,0.08550186,-0.081643686,0.012,-0.016868401,0.28399932,3.2811966,0.104891405,0.018677091,0.079704925,0.62590677,0.013667122,1.4168842,3.2748811,2.2877495,47.0,1.5934367,,,,,,,,,,,,,,,,,,,,,,,,
FAILED_SETUP,,,,,,,2026-06-12,3090.0,日電貿,電子零組件業,0.9834105771826545,TOO_EXTENDED,-0.5040951,-0.5767519,0.3345521,-0.0060856457663827,0.0,1.0950803,0.0,0.65068936,1.2806642,6.307778,1.9837528,1.0,0.0,0.92849743,0.07934377,1.309266,2.9231343,5.289652,186.0,0.39849433,,,,,,,,,,,,,,,,,,,,,,,,
FAILED_SETUP,,,,,,,2026-06-12,3093.0,港建*,其他電子業,0.6507605672567734,SECTOR_WEAK,-0.2191089,-0.33133122,0.28217822,-0.0060856457663827,0.2831126,0.12636398,0.06,0.22460745,0.56461823,2.7137518,1.292109,0.2831126,0.33182994,0.9046632,-0.101351626,1.4516854,0.4794296,0.7265694,68.0,0.42964944,,,,,,,,,,,,,,,,,,,,,,,,
FAILED_SETUP,,,,,,,2026-06-12,2401.0,凌陽,電子工業,0.6386970509885768,STOCK_SPECIFIC,-0.2063077,-0.20683761,0.21880342,-0.0060856457663827,0.15384616,0.034790456,0.036,0.07434562,0.2747749,3.4482858,0.34743404,0.07167832,0.16021062,0.5637306,0.01311401,1.1350614,1.0472944,2.3209524,25.0,1.101417,,,,,,,,,,,,,,,,,,,,,,,,
FAILED_SETUP,,,,,,,2026-06-12,3131.0,弘塑,其他電子業,0.6901684577172114,SECTOR_WEAK,-0.235,-0.36581147,0.22575757,-0.0060856457663827,0.19659443,0.2430043,0.056,0.15259632,0.49221554,3.0497193,0.52038735,0.12229102,0.05482247,0.8518135,-0.09994456,1.0643402,0.89495593,0.8550094,111.0,0.24590881,,,,,,,,,,,,,,,,,,,,,,,,
FAILED_SETUP,,,,,,,2026-06-12,4919.0,新唐,電子工業,0.7211009997909417,STOCK_SPECIFIC,-0.25016174,-0.45822102,0.23180594,-0.0060856457663827,0.3105413,0.58367395,0.02,0.050020833,0.8654998,2.7763674,1.2413622,0.3105413,0.082099564,0.96787566,0.0131177185,1.0212766,1.1303164,1.7478063,64.0,1.8411604,,,,,,,,,,,,,,,,,,,,,,,,
FAILED_SETUP,,,,,,,2026-06-12,3105.0,穩懋,半導體業,0.654787594932706,SECTOR_WEAK,-0.18064685,-0.5,0.09351145,-0.0060856457663827,0.25610837,0.22518213,0.064,0.101679906,0.6443837,2.1840508,0.8828532,0.15948465,0.16433643,0.9544041,-0.06841822,1.0639243,0.60379255,0.776471,141.0,0.6877361,,,,,,,,,,,,,,,,,,,,,,,,
FAILED_SETUP,,,,,,,2026-06-12,4906.0,正文,電子工業,0.6857583531118955,STOCK_SPECIFIC,-0.19805677,-0.3676227,0.07603468,-0.0060856457663827,0.26244345,0.27815416,0.012,0.042910475,0.37697566,2.4803517,5.0490575,1.0,0.061642613,0.69740933,0.013296809,1.1007751,0.43801323,1.2676107,62.0,1.464395,,,,,,,,,,,,,,,,,,,,,,,,
FAILED_SETUP,,,,,,,2026-06-12,4760.0,勤凱,其他電子業,0.718288753537742,SECTOR_WEAK,-0.29303685,-0.5044473,0.052096568,-0.0060856457663827,0.35458168,0.62781835,0.04,0.2891782,0.7118521,2.7809474,3.4125402,1.0,0.07275462,0.826943,-0.102764666,0.91661197,0.6177821,2.2057288,66.0,0.7984012,,,,,,,,,,,,,,,,,,,,,,,,
FAILED_SETUP,,,,,,,2026-06-12,4741.0,泓瀚,化學工業,0.914834269411246,SECTOR_WEAK,-0.35326633,-0.54878396,0.040201005,-0.0060856457663827,0.11025641,1.6331722,0.008,0.33415443,1.2446904,5.092885,2.8307254,1.0,0.06567475,0.98445594,-0.06673201,1.6782945,0.81234425,4.3584733,57.0,-1.0673307,,,,,,,,,,,,,,,,,,,,,,,,
FAILED_SETUP,,,,,,,2026-06-12,4739.0,康普,化學生技醫療,0.8228267116874173,SECTOR_WEAK,-0.27346775,-0.4414451,0.05645161,-0.0060856457663827,0.10699588,0.17942816,0.012,0.263901,0.52511907,3.674458,3.6567385,1.0,0.061263517,0.69015545,-0.07500253,1.3608749,0.91772056,2.8874097,66.0,0.6070451,,,,,,,,,,,,,,,,,,,,,,,,
FAILED_SETUP,,,,,,,2026-06-12,3675.0,德微,半導體業,0.7062266649567215,SECTOR_WEAK,-0.28627908,-0.39689922,0.4232558,-0.0060856457663827,0.3279743,0.11194341,0.02,0.28254965,0.62611544,2.9111488,0.0018132402,0.0005190927,0.05974966,0.87772024,-0.070209466,1.0456853,1.0446701,1.8078079,89.0,0.2657374,,,,,,,,,,,,,,,,,,,,,,,,
FAILED_SETUP,,,,,,,2026-06-12,3673.0,TPK-KY,電子工業,0.7437391982113505,STOCK_SPECIFIC,-0.23093903,-0.3738344,0.1097561,-0.0060856457663827,0.23934838,0.54927355,0.032,0.1479349,0.583281,2.4917107,4.3301473,1.0,0.24091718,0.7678757,0.012666173,0.88005483,0.3119343,1.9580045,60.0,-0.005771972,,,,,,,,,,,,,,,,,,,,,,,,
FAILED_SETUP,,,,,,,2026-06-12,3624.0,光頡,電子零組件業,0.9519418911409024,STOCK_SPECIFIC,-0.35985592,-0.52062637,0.5084746,-0.0060856457663827,0.046610173,0.75997585,0.0,0.39496773,0.95783466,3.5239003,2.77889,1.0,0.0,0.88393784,0.08080492,1.1666666,1.2693666,3.9748962,33.0,0.28139135,,,,,,,,,,,,,,,,,,,,,,,,
FAILED_SETUP,,,,,,,2026-06-12,3615.0,安可,光電業,0.696129465109211,SECTOR_WEAK,-0.2749706,-0.39832512,0.31176472,-0.0060856457663827,0.2809668,0.006567909,0.024,0.31562394,0.6070735,2.678431,3.6367526,1.0,0.18824811,0.8507772,-0.0555218,1.0894392,0.3094418,2.1097088,117.0,-0.3375673,,,,,,,,,,,,,,,,,,,,,,,,
FAILED_SETUP,,,,,,,2026-06-12,3550.0,聯穎,電子工業,0.8956512648617375,TOO_EXTENDED,-0.3520598,-0.39036545,0.31893688,-0.0060856457663827,0.049913943,0.19713391,0.0,0.29847834,0.67309797,5.6196213,0.16577372,0.05836226,0.0,0.8704663,0.012071216,1.5926493,2.0425406,4.4010735,113.0,-0.23879391,,,,,,,,,,,,,,,,,,,,,,,,
FAILED_SETUP,,,,,,,2026-06-12,3537.0,堡達,電子零組件業,0.7462208042950078,STOCK_SPECIFIC,-0.32885715,-0.41142434,0.20129871,-0.0060856457663827,0.17857143,0.3172395,0.04,0.27210075,0.48433205,3.237516,3.040834,1.0,0.2763417,0.6248705,0.08153057,1.1783167,1.0222707,2.7572756,26.0,0.20659216,,,,,,,,,,,,,,,,,,,,,,,,
FAILED_SETUP,,,,,,,2026-06-12,3691.0,碩禾,光電業,0.6618792040790394,SECTOR_WEAK,-0.15666667,-0.4037037,0.021604938,-0.0060856457663827,0.12302839,0.033246506,0.036,0.015088376,0.4710887,1.7332683,0.9463723,0.14826499,0.16925557,0.8466321,-0.048527893,1.208413,1.8290904,1.7886992,119.0,0.5593444,,,,,,,,,,,,,,,,,,,,,,,,
FAILED_SETUP,,,,,,,2026-06-12,3438.0,類比科,半導體業,0.6288061501812132,SECTOR_WEAK,-0.09356224,-0.31007028,0.14306152,-0.0060856457663827,0.17030567,0.072248936,0.04,0.052128688,0.2935823,1.5133885,0.116315395,0.010882729,0.17103033,0.47564766,-0.06798939,1.0550996,0.24614109,2.5284848,35.0,1.3125501,,,,,,,,,,,,,,,,,,,,,,,,
FAILED_SETUP,,,,,,,2026-06-12,3152.0,璟德,通信網路業,0.8894105771826544,SECTOR_WEAK,-0.31379828,-0.49571052,0.012875536,-0.0060856457663827,0.0,0.2022925,0.0,0.34949586,0.4765818,5.624231,0.16417126,0.05151666,0.0,0.811399,-0.09095433,1.3574297,2.1196656,4.0032053,50.0,0.5288621,,,,,,,,,,,,,,,,,,,,,,,,
FAILED_SETUP,,,,,,,2026-06-12,3450.0,聯鈞,其他電子業,0.7026706030543605,SECTOR_WEAK,-0.22966258,-0.3237996,0.25404435,-0.0060856457663827,0.30585682,0.24058713,0.024,0.19361302,0.50479835,2.411457,4.354214,1.0,0.033107046,0.707772,-0.10078366,1.1466666,0.54634213,1.8163855,48.0,2.149534,,,,,,,,,,,,,,,,,,,,,,,,
FAILED_SETUP,,,,,,,2026-06-12,3167.0,大量,電機機械,0.7431333856857671,SECTOR_WEAK,-0.20943305,-0.47332913,0.1628468,-0.0060856457663827,0.2593052,0.56079787,0.032,0.10167782,0.96051407,2.334947,0.52131766,0.10918114,0.014888246,0.97512954,-0.07786296,1.4562212,1.8229963,1.7198527,220.0,-0.04542011,,,,,,,,,,,,,,,,,,,,,,,,
FAILED_SETUP,,,,,,,2026-06-12,3211.0,順達,電腦及週邊設備業,0.6266683836391033,STOCK_SPECIFIC,-0.20846154,-0.3320451,0.18720888,-0.0060856457663827,0.17822966,0.027930683,0.032,0.06932874,0.26798588,2.7486718,0.06311905,0.013157893,0.06485003,0.69430053,0.02061349,0.98263025,0.468505,1.1920234,14.0,1.8395338,,,,,,,,,,,,,,,,,,,,,,,,
FAILED_SETUP,,,,,,,2026-06-12,3141.0,晶宏,半導體業,0.699550100517844,SECTOR_WEAK,-0.18606019,-0.22298221,0.1641587,-0.0060856457663827,0.15944056,0.20957051,0.036,0.08708758,0.39574832,3.1113398,0.71843666,0.13367246,0.24154495,0.5316062,-0.06826831,1.1397849,0.22221877,3.413453,23.0,0.45196262,,,,,,,,,,,,,,,,,,,,,,,,
FAILED_SETUP,,,,,,,2026-06-12,3264.0,欣銓,半導體業,0.6323766248139995,SECTOR_WEAK,-0.14270213,-0.3099556,0.17828336,-0.0060856457663827,0.13846155,0.13929744,0.064,0.0013471653,0.49814296,1.9893645,0.6622571,0.0945055,0.09296923,0.9088083,-0.06749378,1.006329,0.7747874,1.616031,195.0,1.0451598,,,,,,,,,,,,,,,,,,,,,,,,
FAILED_SETUP,,,,,,,2026-06-12,3236.0,千如,電子零組件業,0.9676962914683688,TOO_EXTENDED,-0.43243057,-0.45833334,0.16820988,-0.0060856457663827,0.0,0.7442117,0.0,0.4714306,0.9119649,5.6896443,2.31251,1.0,0.0,0.86943007,0.08046425,1.1849496,0.72976136,4.8313026,163.0,0.69695204,,,,,,,,,,,,,,,,,,,,,,,,
FAILED_SETUP,,,,,,,2026-06-12,3312.0,弘憶股,電子工業,0.710012993241617,STOCK_SPECIFIC,-0.24145052,-0.33105803,0.17406143,-0.0060856457663827,0.26863086,0.314227,0.02,0.13823704,0.41523317,2.9216225,0.30283713,0.073120184,0.07221023,0.6704663,0.012733145,1.1797684,0.71512836,2.5938544,22.0,0.8115151,,,,,,,,,,,,,,,,,,,,,,,,
FAILED_SETUP,,,,,,,2026-06-12,3317.0,尼克森,半導體業,0.6980218685602554,SECTOR_WEAK,-0.12817296,-0.28258222,0.31546894,-0.0060856457663827,0.11577608,0.19350949,0.04,0.038852263,0.45482814,2.182548,0.90328,0.11577608,0.11544368,0.7119171,-0.06781133,1.1248689,0.3814857,3.2348642,53.0,0.32454205,,,,,,,,,,,,,,,,,,,,,,,,
FAILED_SETUP,,,,,,,2026-06-12,3357.0,臺慶科,電子零組件業,0.853248514192253,STOCK_SPECIFIC,-0.33781457,-0.42739698,0.23013245,-0.0060856457663827,0.11774744,0.36768246,0.008,0.17673042,0.6685649,3.768549,2.960204,1.0,0.059794508,0.78445596,0.08230397,1.1372931,0.9955923,3.2882147,47.0,0.52771497,,,,,,,,,,,,,,,,,,,,,,,,
FAILED_SETUP,,,,,,,2026-06-12,3390.0,旭軟,電子零組件業,0.6261768809544306,STOCK_SPECIFIC,-0.17132074,-0.27787307,0.09433961,-0.0060856457663827,0.0710572,0.012351221,0.008,-0.082669586,0.20568362,3.1998167,0.12139365,0.02079725,0.044049747,0.48704663,0.08437368,1.3023255,0.99716777,2.1240273,46.0,0.84410876,,,,,,,,,,,,,,,,,,,,,,,,
FAILED_SETUP,,,,,,,2026-06-12,3406.0,玉晶光,電子工業,0.7536437399313797,STOCK_SPECIFIC,-0.2188224,-0.34128168,0.18628912,-0.0060856457663827,0.1389728,0.19533661,0.012,0.06865855,0.42462257,3.1482072,4.569916,1.0,0.06728771,0.64974093,0.013189144,1.6204963,1.3177063,3.0258508,62.0,0.12515728,,,,,,,,,,,,,,,,,,,,,,,,
FAILED_SETUP,,,,,,,2026-06-18,6207.0,雷科,電子零組件業,0.9532135242156564,TOO_EXTENDED,-0.48994738,-0.5013696,0.06140351,-0.0394675409303137,0.03323263,1.399132,0.0,0.7052572,1.5832466,5.95398,2.0410357,1.0,0.0,0.9621677,0.037372444,1.0858283,1.4911426,5.8234434,25.0,-0.7158744,,,,,,,,,,,,,,,,,,,,,,,,
FAILED_SETUP,,,,,,,2026-06-18,6223.0,旺矽,半導體業,0.7724315343505109,SECTOR_WEAK,-0.22090977,-0.292511,0.16755117,-0.0394675409303137,0.08339828,0.19976127,0.016,0.07138104,0.79900163,3.4599829,0.1764121,0.03897116,0.010795664,0.90286297,-0.05919312,0.97543436,0.5351803,2.855414,244.0,1.089921,,,,,,,,,,,,,,,,,,,,,,,,
FAILED_SETUP,,,,,,,2026-06-18,6224.0,聚鼎,電子零組件業,0.6329502764470781,STOCK_SPECIFIC,-0.13389474,-0.44210526,0.021052632,-0.0394675409303137,0.14705883,0.5660793,0.024,-0.14725292,0.63838774,1.7907485,1.0104514,0.13529412,0.21330939,0.78936607,0.043227263,0.88643533,1.432449,2.747171,46.0,0.046719067,,,,,,,,,,,,,,,,,,,,,,,,
FAILED_SETUP,,,,,,,2026-06-18,6239.0,力成,半導體業,0.8370804604066866,SECTOR_WEAK,-0.23241095,-0.41332695,0.034246575,-0.0394675409303137,0.06464925,0.30231142,0.008,0.3501633,0.63131285,2.9144049,0.2781678,0.06464925,0.009362908,0.8425358,-0.06172313,1.0745234,1.8921126,3.6786504,197.0,0.5346838,,,,,,,,,,,,,,,,,,,,,,,,
FAILED_SETUP,,,,,,,2026-06-18,6257.0,矽格,電子工業,0.7634783411329253,SECTOR_WEAK,-0.20678279,-0.28601685,0.14549181,-0.0394675409303137,0.029787235,0.28037584,0.004,-0.029539254,0.595788,3.7875068,0.14405084,0.029787235,0.005324989,0.8640082,-0.008220707,0.94205606,1.5864872,2.9826632,246.0,0.7526176,,,,,,,,,,,,,,,,,,,,,,,,
FAILED_SETUP,,,,,,,2026-06-18,6209.0,今國光,電子工業,0.7436040576339084,SECTOR_WEAK,-0.2377,-0.433,0.01,-0.0394675409303137,0.07621009,0.18009853,0.004,0.005152303,0.5364978,3.1814532,4.2069836,1.0,0.042783912,0.6370143,-0.0084087495,1.1346445,1.1185834,3.6732156,51.0,0.6276082,,,,,,,,,,,,,,,,,,,,,,,,
FAILED_SETUP,,,,,,,2026-06-18,6265.0,方土昶,電子通路業,0.6716386527473948,SECTOR_WEAK,-0.23122431,-0.34332192,0.17636986,-0.0394675409303137,0.12326389,-0.12550476,0.028,0.26381183,0.5461565,3.0739675,0.03754171,0.008680556,0.068089,0.91308796,-0.0704507,0.7426934,0.4595553,2.6605692,192.0,1.7274997,,,,,,,,,,,,,,,,,,,,,,,,
FAILED_SETUP,,,,,,,2026-06-18,6291.0,沛亨,半導體業,0.6266380527787778,SECTOR_WEAK,-0.18773788,-0.47037703,0.17235188,-0.0394675409303137,0.310219,0.12624206,0.028,0.04969062,0.7423773,2.403908,1.6524049,0.310219,0.02669263,0.9345603,-0.059079792,0.9288703,0.59062785,1.6328099,220.0,1.7609774,,,,,,,,,,,,,,,,,,,,,,,,
FAILED_SETUP,,,,,,,2026-06-18,6270.0,倍微,電子通路業,0.6449734629265547,SECTOR_WEAK,-0.2609859,-0.26295978,0.3112676,-0.0394675409303137,0.2062589,-0.042442355,0.016,0.240183,0.38991404,4.0597806,0.0884772,0.023091303,0.17276555,0.6615542,-0.051826175,0.934927,0.35657868,3.09687,69.0,0.052023824,,,,,,,,,,,,,,,,,,,,,,,,
FAILED_SETUP,,,,,,,2026-06-18,6271.0,同欣電,電子工業,0.7085642289480243,SECTOR_WEAK,-0.20298246,-0.44639376,0.17738791,-0.0394675409303137,0.09337629,0.14744437,0.032,0.07774856,0.5290468,3.0467253,0.46002147,0.09337629,0.065482,0.79141104,-0.008873334,1.1049153,1.0590317,2.8967433,150.0,1.4513419,,,,,,,,,,,,,,,,,,,,,,,,
FAILED_SETUP,,,,,,,2026-06-18,6274.0,台燿,電子零組件業,0.9483857152087428,TOO_EXTENDED,-0.27052632,-0.50631577,0.010526316,-0.0394675409303137,0.0,1.4103032,0.0,0.22129041,1.4261212,3.4679518,3.6964982,1.0,0.0,0.9805726,0.040404934,0.94949496,0.573382,4.3238554,253.0,1.8137175,,,,,,,,,,,,,,,,,,,,,,,,
FAILED_SETUP,,,,,,,2026-06-18,6292.0,迅德,電子零組件業,0.715429715984087,STOCK_SPECIFIC,-0.22952174,-0.31371775,0.027190333,-0.0394675409303137,0.09144543,0.04584983,0.016,0.10106912,0.4728671,3.9451602,0.1140633,0.026180007,0.2487148,0.67177916,0.043010272,1.0921986,0.867937,3.6976275,56.0,0.530774,,,,,,,,,,,,,,,,,,,,,,,,
FAILED_SETUP,,,,,,,2026-06-18,6405.0,悅城,光電業,0.7164956294593822,SECTOR_WEAK,-0.2594591,-0.58245385,0.006596306,-0.0394675409303137,0.24615385,0.7063423,0.032,0.18748309,0.853468,2.951104,0.94871926,0.24615385,0.16264562,0.91513294,-0.05850426,1.1182482,0.32366294,2.7295997,106.0,-0.49116427,,,,,,,,,,,,,,,,,,,,,,,,
FAILED_SETUP,,,,,,,2026-06-18,6204.0,艾華,電子零組件業,0.8103729958740621,STOCK_SPECIFIC,-0.307,-0.49416667,0.08333333,-0.0394675409303137,0.0652174,0.33903408,0.004,0.19394223,0.49137595,3.9673846,0.30885822,0.09481947,0.03139003,0.6206544,0.04058062,1.0576923,0.9996596,3.7855642,33.0,-0.19874528,,,,,,,,,,,,,,,,,,,,,,,,
FAILED_SETUP,,,,,,,2026-06-18,6411.0,晶焱,半導體業,0.6539632080783467,SECTOR_WEAK,-0.23591189,-0.3773426,0.030837005,-0.0394675409303137,0.103286386,-0.023076944,0.012,0.061738078,0.29208893,4.3038344,0.03821071,0.009014361,0.10842503,0.5214724,-0.059155583,0.84304935,1.0684081,3.3376577,33.0,0.57334334,,,,,,,,,,,,,,,,,,,,,,,,
FAILED_SETUP,,,,,,,2026-06-18,6269.0,台郡,電子零組件業,0.7556647190762329,STOCK_SPECIFIC,-0.28133333,-0.43209878,0.13333334,-0.0394675409303137,0.027638191,-0.047025587,0.0,0.19222464,0.3170086,3.560625,0.19858196,0.055867728,0.0,0.5306749,0.040612757,1.1581869,1.7256761,2.3291667,7.0,1.3607897,,,,,,,,,,,,,,,,,,,,,,,,
FAILED_SETUP,,,,,,,2026-06-18,6202.0,盛群,半導體業,0.7337154671909468,SECTOR_WEAK,-0.3165272,-0.3870293,0.12970711,-0.0394675409303137,0.0074626864,-0.13935515,0.0,0.07352591,0.3844787,5.95,0.014502568,0.0045904573,0.0,0.70756644,-0.059215013,1.3498623,2.0353382,3.1174467,84.0,1.5799686,,,,,,,,,,,,,,,,,,,,,,,,
FAILED_SETUP,,,,,,,2026-06-18,5425.0,台半,半導體業,0.8853347363368685,SECTOR_WEAK,-0.3526923,-0.4783632,0.1076923,-0.0394675409303137,0.05907173,0.47240642,0.0,0.24860065,0.80282974,5.283128,0.16748801,0.05907173,0.0,0.8271984,-0.060970258,0.9621381,0.41662103,4.7889986,48.0,0.42117244,,,,,,,,,,,,,,,,,,,,,,,,
FAILED_SETUP,,,,,,,2026-06-18,6175.0,立敦,電子零組件業,0.9041065544263838,STOCK_SPECIFIC,-0.26992953,-0.4103189,0.08370044,-0.0394675409303137,0.02631579,0.74176085,0.0,0.1741466,0.9283902,2.9237764,0.048745655,0.013157891,0.0,0.8364008,0.040671263,1.1131313,1.8858885,3.8294022,51.0,-1.1038,,,,,,,,,,,,,,,,,,,,,,,,
FAILED_SETUP,,,,,,,2026-06-18,6415.0,矽力*-KY,電子工業,0.7844968109360433,SECTOR_WEAK,-0.34596962,-0.47612157,0.004341534,-0.0394675409303137,0.10174881,0.6016357,0.012,0.014604603,0.99455273,5.846131,0.29409754,0.10174881,0.02331154,0.94580775,-0.008551,1.0312322,0.9295062,4.540732,39.0,1.270541,,,,,,,,,,,,,,,,,,,,,,,,
FAILED_SETUP,,,,,,,2026-06-18,5299.0,杰力,半導體業,0.6487888941193846,SECTOR_WEAK,-0.24560465,-0.30991533,0.09689923,-0.0394675409303137,0.19148937,0.091697544,0.016,0.05489251,0.43035683,5.121963,0.008390969,0.0020608609,0.19568552,0.66871166,-0.0590552,0.9133024,0.74031377,3.6516936,54.0,0.55002934,,,,,,,,,,,,,,,,,,,,,,,,
FAILED_SETUP,,,,,,,2026-06-18,5347.0,世界,半導體業,0.6939144721660713,SECTOR_WEAK,-0.24780679,-0.29973662,0.16449086,-0.0394675409303137,0.06303725,0.085982755,0.012,0.0025509845,0.3826601,4.534949,0.23125513,0.05730659,0.030318527,0.7597137,-0.05848301,0.86567163,0.53313446,2.3174062,107.0,1.1121204,,,,,,,,,,,,,,,,,,,,,,,,
FAILED_SETUP,,,,,,,2026-06-18,5351.0,鈺創,半導體業,0.7632756440432347,SECTOR_WEAK,-0.21697219,-0.32337797,0.42121524,-0.0394675409303137,0.021276595,-0.14641611,0.0,0.18695824,0.50910276,3.302934,4.6088853,1.0,0.0,0.8578732,-0.060168542,0.77022654,0.90538216,2.600112,182.0,1.6065983,,,,,,,,,,,,,,,,,,,,,,,,
FAILED_SETUP,,,,,,,2026-06-18,5386.0,青雲,電腦及週邊設備業,0.6335227388105853,SECTOR_WEAK,-0.15037313,-0.43385413,0.026119402,-0.0394675409303137,0.20537429,-0.052601483,0.028,0.033682667,1.1063725,2.2168958,0.01276417,0.0019193882,0.09407993,0.997955,-0.043645117,0.5572139,0.518025,2.6471186,155.0,1.6289426,,,,,,,,,,,,,,,,,,,,,,,,
FAILED_SETUP,,,,,,,2026-06-18,5410.0,國眾,資訊服務業,0.6394149844469674,TOO_EXTENDED,-0.1939823,-0.23672567,0.035398208,-0.0394675409303137,0.11284915,0.043801405,0.016,-0.013453545,0.36302722,4.084925,5.1551094,1.0,0.104460485,0.6022495,0.048069898,1.4923717,0.59536266,4.1134224,37.0,0.29329726,,,,,,,,,,,,,,,,,,,,,,,,
FAILED_SETUP,,,,,,,2026-06-18,5536.0,聖暉*,其他電子業,0.8807812514422322,SECTOR_WEAK,-0.27557144,-0.28240624,0.18253969,-0.0394675409303137,0.019762846,0.2826141,0.0,0.33236387,0.59442466,4.197824,3.6288233,1.0,0.0,0.6267894,-0.09389495,1.2286257,0.6983295,4.1421704,28.0,0.616041,,,,,,,,,,,,,,,,,,,,,,,,
FAILED_SETUP,,,,,,,2026-06-18,6190.0,萬泰科,通信網路業,0.652307110089626,SECTOR_WEAK,-0.13211976,-0.3098647,0.053892218,-0.0394675409303137,0.20144753,0.10214868,0.016,0.058399726,0.46363854,2.1391687,1.5247344,0.20144753,0.03651181,0.75460124,-0.13224295,0.8169014,0.70991427,2.0877192,70.0,0.6144504,,,,,,,,,,,,,,,,,,,,,,,,
FAILED_SETUP,,,,,,,2026-06-18,5864.0,致和證,金融保險,0.8372735579985047,TOO_EXTENDED,-0.3575426,-0.37870505,0.05717152,-0.0394675409303137,0.09276248,0.3968396,0.016,0.32755235,0.9871708,5.383581,2.7968693,1.0,0.057044636,0.9611452,0.06781321,0.85925925,0.41278753,4.781949,193.0,0.8522184,,,,,,,,,,,,,,,,,,,,,,,,
FAILED_SETUP,,,,,,,2026-06-18,6138.0,茂達,半導體業,0.7572909109369663,SECTOR_WEAK,-0.27849615,-0.344473,0.1336761,-0.0394675409303137,0.069735005,0.12769578,0.008,0.1235497,0.44867995,5.4557195,0.25039846,0.069735005,0.03393012,0.67382413,-0.059673913,1.0373726,1.6054412,4.302818,44.0,1.5701375,,,,,,,,,,,,,,,,,,,,,,,,
FAILED_SETUP,,,,,,,2026-06-18,6139.0,亞翔,其他電子業,0.6762598879443228,SECTOR_WEAK,-0.16557142,-0.24642856,0.175,-0.0394675409303137,0.07533415,0.0019144204,0.012,0.0136423595,0.3740254,2.545255,0.22015877,0.036452003,0.014890792,0.5368098,-0.08710777,1.185476,0.48087245,2.1890633,273.0,0.65558195,,,,,,,,,,,,,,,,,,,,,,,,
FAILED_SETUP,,,,,,,2026-06-18,6147.0,頎邦,半導體業,0.7513159619342987,SECTOR_WEAK,-0.25863814,-0.5872727,0.010909091,-0.0394675409303137,0.22873627,1.7490938,0.02,0.08289391,1.4507418,3.1461053,0.8843872,0.22873627,0.112139456,0.99182004,-0.059406746,0.7545188,0.4833056,3.402197,65.0,0.2853201,,,,,,,,,,,,,,,,,,,,,,,,
FAILED_SETUP,,,,,,,2026-06-18,6153.0,嘉聯益,電子工業,0.8134754797441364,SECTOR_WEAK,-0.326,-0.45454547,0.042424243,-0.0394675409303137,0.022494888,0.035237428,0.0,0.21876407,0.45152673,4.921961,0.1889332,0.06159222,0.0,0.6400818,-0.009549311,1.3653517,1.2903533,3.5981119,70.0,0.20187612,,,,,,,,,,,,,,,,,,,,,,,,
FAILED_SETUP,,,,,,,2026-06-18,6155.0,鈞寶,電子工業,0.9440437884787564,SECTOR_WEAK,-0.432,-0.54123604,0.04040404,-0.0394675409303137,0.0,0.46615532,0.0,0.5460129,0.97978014,4.9565563,2.3148148,1.0,0.0,0.8588957,-0.010974006,0.9633911,0.9564697,4.802746,159.0,0.33864358,,,,,,,,,,,,,,,,,,,,,,,,
FAILED_SETUP,,,,,,,2026-06-18,6166.0,凌華,電子工業,0.9276107403612734,SECTOR_WEAK,-0.25436708,-0.29758206,0.111097485,-0.0394675409303137,0.006430868,0.84028906,0.0,0.19843425,1.0438653,3.5952713,3.9313262,1.0,0.0,0.8599182,-0.009408262,1.0610329,1.652932,5.2315865,41.0,0.25172698,,,,,,,,,,,,,,,,,,,,,,,,
FAILED_SETUP,,,,,,,2026-06-18,6174.0,安碁,電子零組件業,0.7917883679930589,STOCK_SPECIFIC,-0.26635593,-0.29841155,0.27044398,-0.0394675409303137,0.12810707,0.7601914,0.012,0.06584578,0.8839153,3.2144318,3.754375,1.0,0.07730701,0.88445807,0.04153216,1.0987726,0.5213641,3.5695076,59.0,1.0820265,,,,,,,,,,,,,,,,,,,,,,,,
FAILED_SETUP,,,,,,,2026-06-18,6016.0,康和證,金融保險,0.6561448785755821,STOCK_SPECIFIC,-0.24054793,-0.30208242,0.051369876,-0.0394675409303137,0.2673611,0.17796737,0.024,0.085043654,0.61682695,3.414444,1.1114671,0.2673611,0.112398215,0.83231086,0.07459683,0.62140983,0.40702662,3.0855901,148.0,1.0760648,,,,,,,,,,,,,,,,,,,,,,,,
FAILED_SETUP,,,,,,,2026-06-18,6435.0,大中,半導體業,0.9280329336619316,SECTOR_WEAK,-0.36458454,-0.40452832,0.28223497,-0.0394675409303137,0.0,0.37662286,0.0,0.31556484,0.9371962,7.054891,2.7428482,1.0,0.0,0.90899795,-0.061334807,1.0416666,0.8658422,5.482178,143.0,1.2090683,,,,,,,,,,,,,,,,,,,,,,,,
FAILED_SETUP,,,,,,,2026-06-18,8096.0,擎亞,電子通路業,0.9227260727900386,SECTOR_WEAK,-0.3236025,-0.36335403,0.099378884,-0.0394675409303137,0.006430868,0.28883618,0.0,0.39149323,1.0031346,4.736364,3.0902112,1.0,0.0,0.9396728,-0.07488874,1.0241545,0.68991184,4.444394,109.0,1.5861079,,,,,,,,,,,,,,,,,,,,,,,,
FAILED_SETUP,,,,,,,2026-06-18,6494.0,九齊,半導體業,0.8265101210090549,SECTOR_WEAK,-0.29361916,-0.3883357,0.028449502,-0.0394675409303137,0.018786127,0.05063776,0.0,0.18651165,0.5560639,5.7380652,0.42401966,0.1245003,0.0,0.76687115,-0.058016986,1.472607,1.701813,4.417054,86.0,1.209202,,,,,,,,,,,,,,,,,,,,,,,,
FAILED_SETUP,,,,,,,2026-06-18,8064.0,東捷,光電業,0.786229520302015,SECTOR_WEAK,-0.28278637,-0.48851568,0.061919503,-0.0394675409303137,0.21474358,0.74873585,0.012,0.2304469,1.1331486,3.1731017,0.75938445,0.21474358,0.06682871,0.9652352,-0.059051402,0.75261325,0.8976161,3.1748388,73.0,0.5839515,,,,,,,,,,,,,,,,,,,,,,,,
FAILED_SETUP,,,,,,,2026-06-18,8081.0,致新,電子工業,0.7499962155825696,SECTOR_WEAK,-0.25164202,-0.2854878,0.049927298,-0.0394675409303137,0.009404388,-0.024192467,0.0,0.049634278,0.34680608,6.9635673,3.9738994,1.0,0.0,0.63087934,-0.00861101,1.1882845,3.0337813,4.923879,98.0,0.87899595,,,,,,,,,,,,,,,,,,,,,,,,
FAILED_SETUP,,,,,,,2026-06-18,8088.0,品安,半導體業,0.6994009544116153,SECTOR_WEAK,-0.22091304,-0.40949824,0.050724637,-0.0394675409303137,0.056358386,-0.14750084,0.004,0.21638651,0.32968673,3.6478975,0.25511572,0.056358386,0.005317831,0.6820041,-0.060484085,1.0432633,2.5239148,3.2965813,273.0,0.919191,,,,,,,,,,,,,,,,,,,,,,,,
FAILED_SETUP,,,,,,,2026-06-18,8091.0,翔名,電子零組件業,0.8460569139460397,TOO_EXTENDED,-0.2729009,-0.3493976,0.04475043,-0.0394675409303137,0.014234875,0.51707864,0.0,-0.0035830606,0.8039115,4.3883243,3.6643336,1.0,0.0,0.8762781,0.042159468,1.1491873,3.1219294,4.1149144,134.0,0.11536736,,,,,,,,,,,,,,,,,,,,,,,,
FAILED_SETUP,,,,,,,2026-06-18,5289.0,宜鼎,電腦及週邊設備業,0.8090456806874717,SECTOR_WEAK,-0.2114824,-0.4522613,0.010050251,-0.0394675409303137,0.049222797,0.15626065,0.004,0.048984896,0.9620667,2.8601456,0.012250067,0.0025906737,0.0049438025,0.9723926,-0.043540236,0.8872727,0.8502426,3.1881714,199.0,2.135574,,,,,,,,,,,,,,,,,,,,,,,,
FAILED_SETUP,,,,,,,2026-06-18,8105.0,凌巨,電子工業,0.8247873803524122,SECTOR_WEAK,-0.2871106,-0.34537247,0.16252822,-0.0394675409303137,0.047945205,0.16678357,0.004,0.21762797,0.6047091,3.7019958,0.39155218,0.112418786,0.037931167,0.77096117,-0.00953129,0.7858293,0.77427036,3.495149,41.0,0.39572847,,,,,,,,,,,,,,,,,,,,,,,,
FAILED_SETUP,,,,,,,2026-06-18,8121.0,越峰,電子零組件業,0.9108981991711202,TOO_EXTENDED,-0.32964945,-0.51476014,0.055350553,-0.0394675409303137,0.02247191,0.5328115,0.0,0.26630682,0.78422266,5.0532928,3.0335255,1.0,0.0,0.7627812,0.040201753,1.190645,1.5647551,5.700404,35.0,0.29069796,,,,,,,,,,,,,,,,,,,,,,,,
FAILED_SETUP,,,,,,,2026-06-18,8043.0,蜜望實,電子零組件業,0.936899546792937,TOO_EXTENDED,-0.49308535,-0.50328225,0.02844639,-0.0394675409303137,0.057395145,1.2307439,0.0,0.64361113,1.4584737,5.777949,2.0280466,1.0,0.0,0.9038855,0.03795945,1.1721195,1.3849908,5.772393,170.0,-0.77158326,,,,,,,,,,,,,,,,,,,,,,,,
FAILED_SETUP,,,,,,,2026-06-18,8150.0,南茂,電子工業,0.8025713731897101,SECTOR_WEAK,-0.30058333,-0.38389426,0.1721951,-0.0394675409303137,0.09615385,0.20126496,0.008,0.25684753,0.64227813,3.5506406,0.31989083,0.09615385,0.019424101,0.85276073,-0.00983385,0.7917384,1.3100926,2.7073958,158.0,1.0711592,,,,,,,,,,,,,,,,,,,,,,,,
FAILED_SETUP,,,,,,,2026-06-18,8163.0,達方,電腦及週邊設備業,0.8066277148579921,SECTOR_WEAK,-0.26654106,-0.4,0.027956989,-0.0394675409303137,0.063403785,0.16405977,0.0,0.20130454,0.4331238,4.228379,0.17665267,0.04708519,0.0,0.6002045,-0.045430154,0.98141724,1.1323975,4.3052373,8.0,0.34783077,,,,,,,,,,,,,,,,,,,,,,,,
FAILED_SETUP,,,,,,,2026-06-18,8182.0,加高,電子零組件業,0.748149604482227,STOCK_SPECIFIC,-0.2584668,-0.34208822,0.18554686,-0.0394675409303137,0.15686277,0.37635946,0.02,0.19266388,0.6150144,2.9199212,3.8689687,1.0,0.33972526,0.7770961,0.04050877,1.0207852,0.3857475,2.6381927,70.0,0.0065174997,,,,,,,,,,,,,,,,,,,,,,,,
FAILED_SETUP,,,,,,,2026-06-18,8255.0,朋程,電機機械,0.7976473845983441,SECTOR_WEAK,-0.29219627,-0.4028482,0.088785045,-0.0394675409303137,0.05128205,0.1216991,0.004,0.22579615,0.4550429,5.3872,0.10875857,0.031778846,0.03293933,0.6779141,-0.086870536,0.91013384,0.88288915,3.9953847,21.0,0.607573,,,,,,,,,,,,,,,,,,,,,,,,
FAILED_SETUP,,,,,,,2026-06-18,8289.0,泰藝,電子零組件業,0.6256131217751687,STOCK_SPECIFIC,-0.10234856,-0.46107784,0.017964073,-0.0394675409303137,0.15993161,0.3949815,0.056,-0.05960386,0.8446847,1.176537,1.5626172,0.15993161,0.27301764,0.95501024,0.042402476,0.92543525,0.3828591,2.3098078,102.0,0.3978317,,,,,,,,,,,,,,,,,,,,,,,,
FAILED_SETUP,,,,,,,2026-06-18,8926.0,台汽電,油電燃氣業,0.8563276382466146,SECTOR_WEAK,-0.2674,-0.29617015,0.060248278,-0.0394675409303137,0.03797468,0.28311667,0.0,0.17187168,0.6690571,4.9748836,3.7397156,1.0,0.0,0.7873211,-2.220446e-16,0.98368293,0.8730449,5.477328,30.0,0.06962878,,,,,,,,,,,,,,,,,,,,,,,,
FAILED_SETUP,,,,,,,2026-06-18,8996.0,高力,電機機械,0.8956697034308974,SECTOR_WEAK,-0.401875,-0.5392857,0.0,-0.0394675409303137,0.044025157,0.26681077,0.0,0.46085897,0.8906116,5.6769366,2.4883358,1.0,0.0,0.9478528,-0.09111154,1.0876404,1.6043773,4.0993986,200.0,0.04673524,,,,,,,,,,,,,,,,,,,,,,,,
FAILED_SETUP,,,,,,,2026-06-18,9933.0,中鼎,其他,0.6222126842595925,SECTOR_WEAK,-0.11197916,-0.19328703,0.038194444,-0.0394675409303137,0.026963657,-0.1010326,0.008,-0.023700489,0.23531286,2.7927828,0.2807583,0.031439077,0.010508205,0.49795502,-0.022489596,0.99676377,0.61093414,2.5488658,69.0,0.17242561,,,,,,,,,,,,,,,,,,,,,,,,
FAILED_SETUP,,,,,,,2026-06-18,8162.0,微矽電子-創,電子工業,0.859182012017833,SECTOR_WEAK,-0.33626857,-0.4501845,0.105781056,-0.0394675409303137,0.09340379,0.4773291,0.004,0.33571172,0.8212362,4.4412904,0.27776542,0.09340379,0.022769013,0.8517382,-0.010155519,0.9472709,1.6451756,3.9347472,65.0,0.88047016,,,,,,,,,,,,,,,,,,,,,,,,
FAILED_SETUP,,,,,,,2026-06-18,8028.0,昇陽半導體,電子工業,0.6539997600125531,SECTOR_WEAK,-0.12068111,-0.2747604,0.1629393,-0.0394675409303137,0.16133495,0.22644795,0.044,0.060495533,0.5374345,1.6939013,1.33687,0.16133495,0.04572899,0.7402863,-0.008776954,0.7370125,0.7238874,2.7274866,52.0,0.42081788,,,,,,,,,,,,,,,,,,,,,,,,
FAILED_SETUP,,,,,,,2026-06-18,8016.0,矽創,電子工業,0.739405384949095,SECTOR_WEAK,-0.13316287,-0.16472545,0.2529118,-0.0394675409303137,0.014975041,0.123925894,0.0,-0.06337039,0.4680323,3.1248753,7.509601,1.0,0.0,0.70858896,-0.007971833,1.108343,1.1289209,4.534793,39.0,0.8333322,,,,,,,,,,,,,,,,,,,,,,,,
FAILED_SETUP,,,,,,,2026-06-18,7788.0,松川精密,電子零組件業,0.9136067344169688,TOO_EXTENDED,-0.4222295,-0.43277252,0.0016393443,-0.0394675409303137,0.023972603,0.40065715,0.0,0.41598958,0.839795,5.463394,2.36838,1.0,0.0,0.8200409,0.039178498,1.3182957,1.2137338,4.5560102,52.0,-0.8191448,,,,,,,,,,,,,,,,,,,,,,,,
FAILED_SETUP,,,,,,,2026-06-18,6531.0,愛普*,半導體業,0.6485725362057984,SECTOR_WEAK,-0.2539624,-0.48878923,0.08520179,-0.0394675409303137,0.27317074,0.3380866,0.048,0.10642819,0.72873235,3.365562,1.0756346,0.27317074,0.09005254,0.892638,-0.05954718,0.6837607,0.7844091,2.2971332,189.0,1.6011254,,,,,,,,,,,,,,,,,,,,,,,,
FAILED_SETUP,,,,,,,2026-06-18,6642.0,富致,電子零組件業,0.6489506087373892,TOO_EXTENDED,-0.17158869,-0.29053319,0.022850925,-0.0394675409303137,0.11479029,0.22704335,0.008,-0.12732781,0.5322658,2.9124804,0.6689852,0.11479029,0.100650035,0.73108387,0.04310832,0.805995,1.0889299,4.015859,49.0,-0.8082378,,,,,,,,,,,,,,,,,,,,,,,,
FAILED_SETUP,,,,,,,2026-06-18,6651.0,全宇昕,半導體業,0.8503530584554039,SECTOR_WEAK,-0.24294117,-0.34055728,0.099071205,-0.0394675409303137,0.041800644,0.2667189,0.0,0.1809717,0.6467894,4.7352586,0.17206076,0.041800644,0.0,0.80674845,-0.06018201,0.9633508,3.8150556,4.867582,86.0,1.7693636,,,,,,,,,,,,,,,,,,,,,,,,
FAILED_SETUP,,,,,,,2026-06-18,6658.0,聯策,其他電子業,0.6655210035167392,SECTOR_WEAK,-0.13857143,-0.33246753,0.35064936,-0.0394675409303137,0.29853654,0.9988101,0.044,0.048740573,1.0895773,1.8757106,2.1543875,0.29853654,0.049509145,0.97137016,-0.08810967,0.9087719,1.2518686,3.1251583,50.0,0.3529338,,,,,,,,,,,,,,,,,,,,,,,,
FAILED_SETUP,,,,,,,2026-06-18,6672.0,騰輝電子-KY,電子零組件業,0.9084713722666814,TOO_EXTENDED,-0.31271154,-0.31538463,0.26923078,-0.0394675409303137,0.014256619,0.47261867,0.0,0.21157181,0.87590295,5.8673716,3.1978352,1.0,0.0,0.90797544,0.040568016,1.2623575,1.2438408,4.048975,69.0,0.1982117,,,,,,,,,,,,,,,,,,,,,,,,
FAILED_SETUP,,,,,,,2026-06-18,6693.0,廣閎科,半導體業,0.9443151588993808,SECTOR_WEAK,-0.4076744,-0.42991593,0.18393235,-0.0394675409303137,0.0,0.47820494,0.0,0.4533442,0.98581296,6.352047,2.4529378,1.0,0.0,0.906953,-0.062469997,1.3759398,0.5512183,4.5755296,146.0,0.63175815,,,,,,,,,,,,,,,,,,,,,,,,
FAILED_SETUP,,,,,,,2026-06-18,6698.0,旭暉應材,電子工業,0.6509375201912515,SECTOR_WEAK,-0.26191437,-0.29436797,0.15219977,-0.0394675409303137,0.13230035,-0.076698355,0.012,0.2048981,0.2846687,3.6279764,0.09556479,0.025029793,0.09214323,0.5828221,-0.008926023,0.6448276,0.69878983,2.7316473,10.0,0.5508796,,,,,,,,,,,,,,,,,,,,,,,,
FAILED_SETUP,,,,,,,2026-06-18,6719.0,力智,半導體業,0.7027041047083691,SECTOR_WEAK,-0.26502684,-0.32384133,0.16815743,-0.0394675409303137,0.09788867,0.12273795,0.008,0.051445447,0.3436839,5.713774,0.05518595,0.014625758,0.10497294,0.4989775,-0.05902407,1.0394737,1.467281,4.736731,17.0,1.1032029,,,,,,,,,,,,,,,,,,,,,,,,
FAILED_SETUP,,,,,,,2026-06-18,6725.0,矽科宏晟,其他電子業,0.6900947950414901,SECTOR_WEAK,-0.26356947,-0.39373296,0.058583107,-0.0394675409303137,0.15531334,0.13953742,0.016,0.22076906,0.30974758,5.300274,0.58926904,0.15531334,0.09858059,0.58486706,-0.09141964,1.3264517,4.0540733,2.6246574,5.0,1.1367692,,,,,,,,,,,,,,,,,,,,,,,,
FAILED_SETUP,,,,,,,2026-06-18,6742.0,澤米,電子工業,0.7800814111261871,SECTOR_WEAK,-0.27352518,-0.44172662,0.07769784,-0.0394675409303137,0.030434782,0.18318452,0.0,0.003542067,0.50106597,3.7750354,0.27545083,0.07534274,0.0,0.599182,-0.008437953,1.2494173,5.2160826,4.1579666,11.0,0.2818509,,,,,,,,,,,,,,,,,,,,,,,,
FAILED_SETUP,,,,,,,2026-06-18,6821.0,聯寶,電子零組件業,0.6582521529643065,STOCK_SPECIFIC,-0.20598254,-0.4614265,0.04366812,-0.0394675409303137,0.12869823,0.35438707,0.048,0.016788743,0.4834367,3.139683,0.38414478,0.07912712,0.28247765,0.74744374,0.04181913,1.1309524,0.65725607,1.8612098,54.0,0.41023052,,,,,,,,,,,,,,,,,,,,,,,,
FAILED_SETUP,,,,,,,2026-06-18,6831.0,邁科,電腦及週邊設備業,0.7113296227581942,SECTOR_WEAK,-0.21035714,-0.45238096,0.15476191,-0.0394675409303137,0.0996119,0.5402285,0.02,-0.092289016,0.981629,3.1116982,0.47353706,0.0996119,0.008660024,0.94887525,-0.04116457,0.7762303,0.7127685,3.229128,87.0,-0.24113339,,,,,,,,,,,,,,,,,,,,,,,,
FAILED_SETUP,,,,,,,2026-06-18,6862.0,三集瑞-KY,電子零組件業,0.6565406732570912,STOCK_SPECIFIC,-0.2893361,-0.50813496,0.029045643,-0.0394675409303137,0.07929516,-0.15528616,0.0,0.07923532,0.2622565,3.4313533,0.16748048,0.04845815,0.0,0.52965236,0.041389983,0.9802372,0.51082104,2.159871,21.0,1.0173723,,,,,,,,,,,,,,,,,,,,,,,,
FAILED_SETUP,,,,,,,2026-06-18,6947.0,台鎔科技,綠能環保,0.6531566656513351,SECTOR_WEAK,-0.14797758,-0.252583,0.12112552,-0.0394675409303137,0.03711559,-0.12610406,0.004,0.11009371,0.17880894,2.5539567,6.7577806,1.0,0.025666524,0.43047035,-0.04863066,1.3454546,1.800615,2.351355,15.0,-0.015116622,,,,,,,,,,,,,,,,,,,,,,,,
FAILED_SETUP,,,,,,,2026-06-18,7610.0,聯友金屬,綠能環保,0.9793219431598964,SECTOR_WEAK,-0.52695566,-0.55846775,0.10080645,-0.0394675409303137,0.0,4.2225966,0.0,0.8500114,3.6261573,8.07766,1.8976929,1.0,0.0,1.0,-0.09110792,1.3403509,,8.261391,110.0,-0.84456813,,,,,,,,,,,,,,,,,,,,,,,,
FAILED_SETUP,,,,,,,2026-06-18,7709.0,榮田,電機機械,0.6489969447751964,SECTOR_WEAK,-0.16261828,-0.4375,0.0,-0.0394675409303137,0.38409293,0.36937898,0.024,0.10115887,0.6667835,1.6347032,2.3619297,0.38409293,0.0334706,0.91206545,-0.08502049,0.739942,,1.7635632,92.0,-0.6618291,,,,,,,,,,,,,,,,,,,,,,,,
FAILED_SETUP,,,,,,,2026-06-18,7712.0,博盛半導體,半導體業,0.7897887187439426,SECTOR_WEAK,-0.34081683,-0.44554457,0.07920792,-0.0394675409303137,0.07588076,0.10076975,0.0,0.05066271,0.68241173,5.8949847,0.025001945,0.008521084,0.0,0.8118609,-0.05906939,0.99806577,3.2389832,4.12579,18.0,1.9937079,,,,,,,,,,,,,,,,,,,,,,,,
FAILED_SETUP,,,,,,,2026-06-18,6449.0,鈺邦,電子工業,0.8633288104929896,SECTOR_WEAK,-0.355375,-0.57079214,0.032954544,-0.0394675409303137,0.11662817,0.95367986,0.008,0.35478836,1.1534789,3.919624,2.8139288,1.0,0.014428075,0.89366055,-0.01020205,1.285623,4.399525,4.60755,25.0,0.36537728,,,,,,,,,,,,,,,,,,,,,,,,
FAILED_SETUP,,,,,,,2026-06-18,5285.0,界霖,電子工業,0.795724900543664,SECTOR_WEAK,-0.23413198,-0.34024188,0.18879974,-0.0394675409303137,0.06296691,0.42707482,0.004,0.028062975,0.62141585,3.8574433,0.26893768,0.06296691,0.056159172,0.7505112,-0.008590353,0.8257638,0.8195951,4.276802,51.0,0.30506417,,,,,,,,,,,,,,,,,,,,,,,,
FAILED_SETUP,,,,,,,2026-06-18,5464.0,霖宏,電子零組件業,0.6478158373254322,STOCK_SPECIFIC,-0.16867124,-0.19726028,0.49315068,-0.0394675409303137,0.23473541,0.8800376,0.012,-0.13559574,1.0631158,1.69334,1.3916743,0.23473541,0.18492673,0.91820043,0.043154664,0.7833462,0.46739468,3.285462,79.0,-0.072605975,,,,,,,,,,,,,,,,,,,,,,,,
FAILED_SETUP,,,,,,,2026-06-18,5228.0,鈺鎧,電子零組件業,0.9067382936892532,TOO_EXTENDED,-0.35406977,-0.56524545,0.0,-0.0394675409303137,0.08476821,1.1628773,0.0,0.27483064,1.4548322,3.6059213,2.8243022,1.0,0.0,0.9775051,0.04005429,1.0839937,0.98819464,4.0351977,129.0,-1.08098,,,,,,,,,,,,,,,,,,,,,,,,
FAILED_SETUP,,,,,,,2026-06-18,2454.0,聯發科,電子工業,0.7668320733992375,SECTOR_WEAK,-0.17029646,-0.31405586,0.091220066,-0.0394675409303137,0.13211845,0.86423683,0.036,0.12249309,1.0637391,2.3440583,0.7758144,0.13211845,0.053952996,0.9447853,-0.009083683,0.76015323,0.90557307,4.1971226,123.0,1.8325331,,,,,,,,,,,,,,,,,,,,,,,,
FAILED_SETUP,,,,,,,2026-06-18,2464.0,盟立,電子工業,0.7623467080183499,SECTOR_WEAK,-0.2547191,-0.33707866,0.16853933,-0.0394675409303137,0.17441861,0.66670084,0.024,0.15082587,0.984707,3.1423762,0.6847489,0.17441861,0.061098523,0.9202454,-0.009330308,0.95304346,1.216709,3.7238615,51.0,0.99123055,,,,,,,,,,,,,,,,,,,,,,,,
FAILED_SETUP,,,,,,,2026-06-18,2472.0,立隆電,電子零組件業,0.9527032739825916,TOO_EXTENDED,-0.40530849,-0.5378347,0.13620488,-0.0394675409303137,0.014925374,1.2496856,0.0,0.34861496,1.5018463,4.581053,0.036824726,0.014925374,0.0,0.97341514,0.039452918,0.9888579,1.7878418,4.344956,160.0,0.40286145,,,,,,,,,,,,,,,,,,,,,,,,
FAILED_SETUP,,,,,,,2026-06-18,2481.0,強茂,電子工業,0.7846948928825261,SECTOR_WEAK,-0.2659375,-0.4005682,0.32102272,-0.0394675409303137,0.075,0.24075387,0.008,0.09330813,0.618905,3.8097093,3.760282,1.0,0.02093479,0.79447854,-0.008971272,0.84540117,0.26581398,3.307238,202.0,-0.13488638,,,,,,,,,,,,,,,,,,,,,,,,
FAILED_SETUP,,,,,,,2026-06-18,2486.0,一詮,電子工業,0.6287222514514624,SECTOR_WEAK,-0.23075472,-0.42881647,0.012006861,-0.0394675409303137,0.14797501,0.29017454,0.028,-0.12084676,0.7511535,3.225034,0.5877404,0.13562387,0.046698574,0.9294478,-0.0077153835,0.7897734,1.1045169,2.1586215,134.0,1.2721359,,,,,,,,,,,,,,,,,,,,,,,,
FAILED_SETUP,,,,,,,2026-06-18,2492.0,華新科,電子零組件業,0.9496628176372311,TOO_EXTENDED,-0.5491964,-0.67604905,0.04707792,-0.0394675409303137,0.051693406,2.0798006,0.0,0.94938165,2.2526767,6.4570823,1.8208421,1.0,0.0,0.98977506,0.036430605,1.1894794,,6.1212225,51.0,0.8050382,,,,,,,,,,,,,,,,,,,,,,,,
FAILED_SETUP,,,,,,,2026-06-18,2495.0,普安,其他電子業,0.7649313728204986,SECTOR_WEAK,-0.23241873,-0.3899064,0.06309752,-0.0394675409303137,0.042226497,-0.04295876,0.008,0.25093442,0.48579794,3.7075596,4.3025794,1.0,0.024843253,0.7372188,-0.092471935,0.8097983,0.79131,3.043246,138.0,1.9586233,,,,,,,,,,,,,,,,,,,,,,,,
FAILED_SETUP,,,,,,,2026-06-18,2441.0,超豐,電子工業,0.7019529439998523,SECTOR_WEAK,-0.2129856,-0.3381295,0.12230215,-0.0394675409303137,0.096296296,0.023722632,0.024,0.1536197,0.45017833,4.2728868,0.45212582,0.096296296,0.04767809,0.6605317,-0.009224387,0.73650795,1.095161,4.2558074,230.0,1.1247506,,,,,,,,,,,,,,,,,,,,,,,,
FAILED_SETUP,,,,,,,2026-06-18,3003.0,健和興,電子零組件業,0.7190437423273244,TOO_EXTENDED,-0.19025604,-0.24751066,0.07062529,-0.0394675409303137,0.020028612,-0.0046984,0.0,-0.010043221,0.3439637,4.567073,0.07312209,0.01391192,0.0,0.5899795,0.042204816,1.1744967,2.080009,4.2543497,40.0,0.7627945,,,,,,,,,,,,,,,,,,,,,,,,
FAILED_SETUP,,,,,,,2026-06-18,3016.0,嘉晶,電子工業,0.6957536990372811,SECTOR_WEAK,-0.25692663,-0.43636057,0.18146719,-0.0394675409303137,0.1660079,0.461154,0.02,-0.019622568,0.7768434,3.2919295,0.6461296,0.1660079,0.076164685,0.8813906,-0.008349644,0.95154184,1.1791563,3.256278,49.0,1.3383757,,,,,,,,,,,,,,,,,,,,,,,,
FAILED_SETUP,,,,,,,2026-06-18,3042.0,晶技,電子零組件業,0.7760616213921118,STOCK_SPECIFIC,-0.2647152,-0.36941177,0.1764706,-0.0394675409303137,0.14351852,0.71042025,0.032,0.21363106,0.8989181,2.598992,3.7776449,1.0,0.2894508,0.89059305,0.04030567,0.9196034,0.8368951,2.6786833,81.0,-0.010452341,,,,,,,,,,,,,,,,,,,,,,,,
FAILED_SETUP,,,,,,,2026-06-18,3044.0,健鼎,電子零組件業,0.7860781436047961,TOO_EXTENDED,-0.23820339,-0.43043762,0.013559322,-0.0394675409303137,0.017452007,0.13955025,0.0,0.008912546,0.48949814,5.267898,4.198093,1.0,0.0,0.7535787,0.04205747,1.0741785,1.5063055,4.3746095,260.0,1.0082303,,,,,,,,,,,,,,,,,,,,,,,,
FAILED_SETUP,,,,,,,2026-06-18,3048.0,益登,電子通路業,0.7297636123648916,SECTOR_WEAK,-0.20131081,-0.42213583,0.0054054055,-0.0394675409303137,0.114285715,0.31991744,0.02,0.01756021,0.6568981,2.814548,0.5677078,0.114285715,0.09929968,0.74539876,-0.05669972,0.7600357,0.5363566,4.1137204,25.0,0.05173174,,,,,,,,,,,,,,,,,,,,,,,,
FAILED_SETUP,,,,,,,2026-06-18,3060.0,銘異,電腦及週邊設備業,0.6785600753191371,SECTOR_WEAK,-0.33319175,-0.39101532,0.024271844,-0.0394675409303137,0.05277045,-0.21377754,0.0,0.2991725,0.24514045,5.562518,0.04751363,0.01583115,0.0,0.41615543,-0.04670221,1.2300577,3.8272517,3.2926676,5.0,1.7623168,,,,,,,,,,,,,,,,,,,,,,,,
FAILED_SETUP,,,,,,,2026-06-18,3088.0,艾訊,電腦及週邊設備業,0.7479880744699507,SECTOR_WEAK,-0.1552901,-0.20606965,0.10732391,-0.0394675409303137,0.04827586,0.24913527,0.004,-0.026523147,0.5404774,3.3350785,0.17654641,0.02741591,0.016007997,0.7464213,-0.042141702,1.0176679,1.0312592,4.2241883,50.0,0.04533743,,,,,,,,,,,,,,,,,,,,,,,,
FAILED_SETUP,,,,,,,2026-06-18,3090.0,日電貿,電子零組件業,0.9722663122236682,TOO_EXTENDED,-0.45097345,-0.65852994,0.076696165,-0.0394675409303137,0.0,1.5187452,0.0,0.53464013,1.8237472,6.1769695,2.2174253,1.0,0.0,0.9580777,0.038578153,1.2304484,1.7533001,7.220673,190.0,0.36555108,,,,,,,,,,,,,,,,,,,,,,,,
FAILED_SETUP,,,,,,,2026-06-18,3014.0,聯陽,電子工業,0.6551993280351489,SECTOR_WEAK,-0.17602485,-0.22410747,0.0621118,-0.0394675409303137,0.06666666,-0.032327995,0.0,-0.028808841,0.26313257,3.815,0.1108806,0.01951774,0.0,0.5184049,-0.008194573,1.5474453,1.1722556,3.2285256,20.0,0.7748227,,,,,,,,,,,,,,,,,,,,,,,,
FAILED_SETUP,,,,,,,2026-06-18,3093.0,港建*,其他電子業,0.700230941766123,SECTOR_WEAK,-0.26504573,-0.38229683,0.18445122,-0.0394675409303137,0.1923077,-0.033482768,0.012,0.3118915,0.63891715,3.660421,0.7255642,0.1923077,0.13946748,0.88752556,-0.09351255,0.7619048,0.54489887,1.4994736,72.0,0.41630378,,,,,,,,,,,,,,,,,,,,,,,,
FAILED_SETUP,,,,,,,2026-06-18,2428.0,興勤,電子零組件業,0.8856681342822068,TOO_EXTENDED,-0.2862069,-0.38557994,0.13949843,-0.0394675409303137,0.01898734,0.41692445,0.0,0.21020485,0.6500731,3.9757388,0.060812876,0.017405065,0.0,0.72597134,0.040497884,1.1447964,1.1415235,4.468533,34.0,0.11018832,,,,,,,,,,,,,,,,,,,,,,,,
FAILED_SETUP,,,,,,,2026-06-18,2401.0,凌陽,電子工業,0.7276699988000627,SECTOR_WEAK,-0.2619729,-0.30120483,0.07379518,-0.0394675409303137,0.05891473,0.098194696,0.0,-0.023612158,0.42116395,4.612311,6.7806893e-15,1.7763568e-15,0.0,0.6390593,-0.008227594,1.2267365,1.5657221,3.7165406,29.0,1.1152934,,,,,,,,,,,,,,,,,,,,,,,,
FAILED_SETUP,,,,,,,2026-06-18,1503.0,士電,電機機械,0.6387716334837871,SECTOR_WEAK,-0.23737805,-0.24641234,0.020325202,-0.0394675409303137,0.11594203,-0.14117123,0.008,0.24550715,0.23554692,4.3027897,0.017443854,0.004140788,0.05052353,0.56339467,-0.08755036,0.7054409,0.93292874,2.8540351,20.0,1.1154271,,,,,,,,,,,,,,,,,,,,,,,,
FAILED_SETUP,,,,,,,2026-06-18,5274.0,信驊,半導體業,0.8193821246273272,SECTOR_WEAK,-0.21174055,-0.33862603,0.03548448,-0.0394675409303137,0.029008439,0.16489278,0.004,0.0894401,0.7030195,4.0248084,0.05853633,0.012394515,0.006508263,0.9110429,-0.059365742,0.7715644,0.5994028,2.9729252,239.0,1.0879011,,,,,,,,,,,,,,,,,,,,,,,,
FAILED_SETUP,,,,,,,2026-06-18,1568.0,倉佑,汽車工業,0.8572499284652804,SECTOR_WEAK,-0.40161946,-0.4408252,0.015200868,-0.0394675409303137,0.08577633,0.51411694,0.012,0.5668832,0.8107678,5.9591274,0.21357612,0.08577633,0.09440279,0.8241309,-0.023997203,0.9852174,,4.923064,46.0,0.7848892,,,,,,,,,,,,,,,,,,,,,,,,
FAILED_SETUP,,,,,,,2026-06-18,1727.0,中華化,化學生技醫療,0.6319115000138454,SECTOR_WEAK,-0.13713685,-0.34941736,0.08947369,-0.0394675409303137,0.19022317,0.2721369,0.028,-0.038940117,0.6679468,2.3779922,1.3871047,0.19022317,0.049970984,0.8619632,-0.07244223,0.77367574,1.1988595,3.4263797,205.0,0.14595321,,,,,,,,,,,,,,,,,,,,,,,,
FAILED_SETUP,,,,,,,2026-06-18,1809.0,中釉,玻璃陶瓷,0.7212182132011556,STOCK_SPECIFIC,-0.25606382,-0.42970452,0.11992263,-0.0394675409303137,0.20233463,0.14349405,0.02,0.18801418,0.86234134,2.6514878,0.79017264,0.20233463,0.15415046,0.9222904,0.0,0.6694915,0.40994713,2.9213402,107.0,1.6661819,,,,,,,,,,,,,,,,,,,,,,,,
FAILED_SETUP,,,,,,,2026-06-18,2070.0,精湛,電機機械,0.6471163662208439,SECTOR_WEAK,-0.16052632,-0.3647661,0.021929825,-0.0394675409303137,0.21554254,0.28774437,0.02,0.016648564,0.46962604,3.086747,0.6655903,0.10684476,0.21701671,0.7341513,-0.08249454,0.71194375,0.21969548,3.0022202,40.0,0.33838615,,,,,,,,,,,,,,,,,,,,,,,,
FAILED_SETUP,,,,,,,2026-06-18,2241.0,艾姆勒,電機機械,0.8694169228071147,SECTOR_WEAK,-0.42722735,-0.45656192,0.01663586,-0.0394675409303137,0.0,0.14690268,0.0,0.33684686,0.49553704,6.812253,0.018503353,0.007905139,0.0,0.502045,-0.088783465,1.0778443,1.6989417,5.0957546,10.0,-1.1475619,,,,,,,,,,,,,,,,,,,,,,,,
FAILED_SETUP,,,,,,,2026-06-18,2426.0,鼎元,電子工業,0.7910820664765227,SECTOR_WEAK,-0.32447058,-0.46705884,0.16235293,-0.0394675409303137,0.085574575,0.68924654,0.004,-0.033035092,1.2954165,3.7162654,0.263736,0.085574575,0.01778217,0.98875254,-0.008293631,1.0054227,2.0475826,2.9237893,103.0,1.517557,,,,,,,,,,,,,,,,,,,,,,,,
FAILED_SETUP,,,,,,,2026-06-18,2303.0,聯電,電子工業,0.862473162942246,SECTOR_WEAK,-0.3008125,-0.34841114,0.159375,-0.0394675409303137,0.06872852,0.8172749,0.004,0.14028907,1.0375488,4.492133,0.22847629,0.06872852,0.0098082265,0.92740285,-0.009189033,0.7813954,0.95327795,4.597911,178.0,0.6611738,,,,,,,,,,,,,,,,,,,,,,,,
FAILED_SETUP,,,,,,,2026-06-18,2327.0,國巨*,電子零組件業,0.9771509797949032,TOO_EXTENDED,-0.47105986,-0.59058297,0.09417041,-0.0394675409303137,0.0,1.8976438,0.0,0.7409117,2.11239,6.4687886,2.1228726,1.0,0.0,0.98568505,0.03753755,1.0747563,1.9330863,7.2351837,197.0,0.7689812,,,,,,,,,,,,,,,,,,,,,,,,
FAILED_SETUP,,,,,,,2026-06-18,2330.0,台積電,電子工業,0.6698902518945162,SECTOR_WEAK,-0.10879837,-0.11201629,0.03258656,-0.0394675409303137,0.009754241,-0.051926948,0.004,-0.031458233,0.30492833,4.711138,0.0896543,0.009754241,0.003107571,0.6768916,-0.008151376,0.9248647,1.214246,4.4206843,235.0,0.9204649,,,,,,,,,,,,,,,,,,,,,,,,
FAILED_SETUP,,,,,,,2026-06-18,2337.0,旺宏,電子工業,0.6614624465797173,SECTOR_WEAK,-0.25889832,-0.48135594,0.084745765,-0.0394675409303137,0.06508876,-0.2374783,0.016,0.08424006,0.7071684,4.486364,0.022855151,0.00591716,0.035961147,0.9826176,-0.008868808,0.83555555,1.2409306,1.996387,184.0,1.6850873,,,,,,,,,,,,,,,,,,,,,,,,
FAILED_SETUP,,,,,,,2026-06-18,2340.0,台亞,光電業,0.6374408107883588,SECTOR_WEAK,-0.26601425,-0.41162515,0.08659549,-0.0394675409303137,0.14893617,-0.00033047897,0.02,0.06820548,0.34673515,4.1200786,0.094097555,0.02503129,0.11224869,0.5674847,-0.05485818,1.1033175,2.1382608,1.9502625,52.0,1.9689069,,,,,,,,,,,,,,,,,,,,,,,,
FAILED_SETUP,,,,,,,2026-06-18,2342.0,茂矽,電子工業,0.8914097416442832,SECTOR_WEAK,-0.36456218,-0.48423818,0.11908932,-0.0394675409303137,-1.110223e-16,0.23373544,0.0,0.25108412,0.6395553,5.7031507,2.7430162,1.0,0.0,0.7586912,-0.009646705,1.1616595,2.5619526,4.9278536,43.0,1.7633784,,,,,,,,,,,,,,,,,,,,,,,,
FAILED_SETUP,,,,,,,2026-06-18,2351.0,順德,電子工業,0.6336905454176244,SECTOR_WEAK,-0.18978773,-0.41509435,0.0990566,-0.0394675409303137,0.1948718,0.53180885,0.024,-0.09970305,0.7144364,3.1824293,1.0267881,0.1948718,0.071137264,0.8854806,-0.007882258,0.7120419,1.9432079,2.7257814,69.0,1.5580012,,,,,,,,,,,,,,,,,,,,,,,,
FAILED_SETUP,,,,,,,2026-06-18,2375.0,凱美,電子零組件業,0.9652106812874404,TOO_EXTENDED,-0.44657016,-0.5389755,0.055679288,-0.0394675409303137,0.0,0.95667297,0.0,0.62645364,1.197442,5.8973527,2.2392898,1.0,0.0,0.86605316,0.03809115,1.2236025,1.111892,6.2718625,34.0,0.38806593,,,,,,,,,,,,,,,,,,,,,,,,
FAILED_SETUP,,,,,,,2026-06-18,2316.0,楠梓電,電子零組件業,0.8954574068433343,TOO_EXTENDED,-0.34292036,-0.4325973,0.09955753,-0.0394675409303137,2.220446e-16,0.31286135,0.0,0.19701977,0.8147832,6.289855,2.916129,1.0,0.0,0.7658487,0.04069707,1.2072434,0.73875636,5.8778358,50.0,0.12306404,,,,,,,,,,,,,,,,,,,,,,,,
FAILED_SETUP,,,,,,,2026-06-18,3105.0,穩懋,半導體業,0.6224676247703965,SECTOR_WEAK,-0.21221827,-0.51926607,0.051376145,-0.0394675409303137,0.20139153,0.11270979,0.044,0.03333708,0.6605735,2.8556817,0.5135128,0.108976796,0.10457608,0.9233129,-0.058786545,0.8329994,1.3673,1.1022646,145.0,0.8791442,,,,,,,,,,,,,,,,,,,,,,,,
FAILED_SETUP,,,,,,,2026-06-18,1560.0,中砂,電機機械,0.6586431478968793,SECTOR_WEAK,-0.1892479,-0.20360933,0.10027855,-0.0394675409303137,0.071428575,0.06611777,0.036,0.0049526324,0.48006147,3.8586612,0.3774339,0.071428575,0.017803235,0.74233127,-0.08182512,0.98533726,0.5115084,3.085632,135.0,1.5314882,,,,,,,,,,,,,,,,,,,,,,,,
FAILED_SETUP,,,,,,,2026-06-18,3152.0,璟德,通信網路業,0.6804784980477944,SECTOR_WEAK,-0.20358911,-0.41831958,0.03217822,-0.0394675409303137,0.15686275,0.04447137,0.012,0.19917332,0.34148747,2.9986978,0.21669944,0.044117644,0.05559144,0.65337425,-0.1363371,1.202952,0.56976134,2.2172742,54.0,0.4029145,,,,,,,,,,,,,,,,,,,,,,,,
FAILED_SETUP,,,,,,,2026-06-18,3624.0,光頡,電子零組件業,0.9706380896999234,TOO_EXTENDED,-0.51163846,-0.6701686,0.037900876,-0.0394675409303137,0.0,1.2853491,0.0,0.5925897,1.5486844,6.6546264,1.9545051,1.0,0.0,0.9437628,0.03829839,1.117904,0.22757387,6.3833604,37.0,-0.0026901807,,,,,,,,,,,,,,,,,,,,,,,,
FAILED_SETUP,,,,,,,2026-06-18,3673.0,TPK-KY,電子工業,0.7248265167668152,SECTOR_WEAK,-0.15465754,-0.41386324,0.038812786,-0.0394675409303137,0.14733179,0.35280412,0.02,0.047211215,0.66972286,2.135946,0.9526324,0.14733179,0.15519586,0.7985685,-0.0086964555,0.6962855,0.9659617,2.9543731,64.0,0.2615762,,,,,,,,,,,,,,,,,,,,,,,,
FAILED_SETUP,,,,,,,2026-06-18,3675.0,德微,半導體業,0.7745471159970094,SECTOR_WEAK,-0.30333334,-0.5197531,0.13333334,-0.0394675409303137,0.12075984,0.3137053,0.016,0.10074955,0.8818623,4.12446,0.05670154,0.017199468,0.02765636,0.9192229,-0.059662864,0.812446,0.5539306,3.5626698,93.0,0.07879218,,,,,,,,,,,,,,,,,,,,,,,,
FAILED_SETUP,,,,,,,2026-06-18,3711.0,日月光投控,電子工業,0.772146872317448,SECTOR_WEAK,-0.22,-0.28825027,0.10454545,-0.0394675409303137,0.091354,0.28643402,0.016,0.08763458,0.67118007,4.4095445,0.41524544,0.091354,0.025093239,0.89161557,-0.008884102,0.8115942,1.421358,3.4488792,178.0,1.7357816,,,,,,,,,,,,,,,,,,,,,,,,
FAILED_SETUP,,,,,,,2026-06-18,4721.0,美琪瑪,化學工業,0.7039396708479864,SECTOR_WEAK,-0.22165518,-0.36671394,0.0049261083,-0.0394675409303137,0.104477614,0.010478555,0.004,0.12631318,0.3345432,3.7676075,4.5115123,1.0,0.023667974,0.5981595,-0.0849812,1.334552,0.9791638,2.2867224,38.0,0.77056783,,,,,,,,,,,,,,,,,,,,,,,,
FAILED_SETUP,,,,,,,2026-06-18,4722.0,國精化,化學生技醫療,0.704444013697745,SECTOR_WEAK,-0.2981607,-0.45862284,0.11785714,-0.0394675409303137,0.06306306,0.12862617,0.024,0.0176377,0.4615263,4.6015353,0.21150695,0.06306306,0.014869684,0.6635992,-0.0755889,1.3042213,2.4930418,3.2395668,47.0,1.5067236,,,,,,,,,,,,,,,,,,,,,,,,
FAILED_SETUP,,,,,,,2026-06-18,4739.0,康普,化學生技醫療,0.7623819677124581,SECTOR_WEAK,-0.24608974,-0.44596773,0.032258064,-0.0394675409303137,0.08906882,0.076767914,0.016,0.27087972,0.5209748,3.1553054,4.063558,1.0,0.06842754,0.72392637,-0.0885932,1.0169492,0.51113075,2.6808546,70.0,0.87930316,,,,,,,,,,,,,,,,,,,,,,,,
FAILED_SETUP,,,,,,,2026-06-18,3615.0,安可,光電業,0.7758995375626505,SECTOR_WEAK,-0.27394518,-0.49027544,0.11129568,-0.0394675409303137,0.14801444,0.18500851,0.008,0.21643241,0.7473217,3.1584265,3.6503654,1.0,0.086099766,0.8486708,-0.058717858,0.81297517,0.72478616,2.9664614,121.0,-0.92702764,,,,,,,,,,,,,,,,,,,,,,,,
FAILED_SETUP,,,,,,,2026-06-18,4741.0,泓瀚,化學工業,0.7016086543165434,SECTOR_WEAK,-0.16075048,-0.45336393,0.00764526,-0.0394675409303137,0.34055728,0.7833899,0.008,0.056193154,0.7956582,1.689941,0.41407946,0.06656347,0.04910945,0.9386503,-0.08076401,1.099631,2.3621426,1.2329333,61.0,-1.3409836,,,,,,,,,,,,,,,,,,,,,,,,
FAILED_SETUP,,,,,,,2026-06-18,4764.0,雙鍵,化學生技醫療,0.7978242368860705,SECTOR_WEAK,-0.286,-0.3126706,0.13333334,-0.0394675409303137,0.08271787,0.71061766,0.012,0.009936939,1.0715051,3.4680316,0.28922334,0.08271787,0.015758114,0.94274026,-0.07533475,0.9428076,1.6271359,3.2550776,156.0,1.0883296,,,,,,,,,,,,,,,,,,,,,,,,
FAILED_SETUP,,,,,,,2026-06-18,4916.0,事欣科,電腦及週邊設備業,0.6304510840971396,SECTOR_WEAK,-0.12511627,-0.18697675,0.111627914,-0.0394675409303137,0.23188406,0.2149285,0.012,-0.03309984,0.5680868,1.3615329,1.8533485,0.23188406,0.026897248,0.7208589,-0.042539626,0.8573027,0.6506653,2.4404676,28.0,0.46898308,,,,,,,,,,,,,,,,,,,,,,,,
FAILED_SETUP,,,,,,,2026-06-18,4919.0,新唐,電子工業,0.6784984170058797,SECTOR_WEAK,-0.27125,-0.5347222,0.05787037,-0.0394675409303137,0.17048346,0.3014322,0.024,-0.032262985,1.0157706,3.5897593,0.6285104,0.17048346,0.07757934,0.9693251,-0.008302698,1.0318841,0.98154837,2.7097301,68.0,2.3339481,,,,,,,,,,,,,,,,,,,,,,,,
FAILED_SETUP,,,,,,,2026-06-18,4923.0,力士,半導體業,0.8965539648695298,SECTOR_WEAK,-0.38225284,-0.410859,0.14262562,-0.0394675409303137,0.0,0.14121753,0.0,0.42931974,0.6920987,5.9980016,2.6160696,1.0,0.0,0.7842536,-0.06157399,1.1407036,2.4873762,4.6698456,61.0,0.42386663,,,,,,,,,,,,,,,,,,,,,,,,
FAILED_SETUP,,,,,,,2026-06-18,4931.0,新盛力,電腦及週邊設備業,0.8101675296984465,SECTOR_WEAK,-0.26408744,-0.38512143,0.076045625,-0.0394675409303137,0.09751434,0.3484323,0.008,0.2785783,0.5795832,3.2684705,3.7866244,1.0,0.019567525,0.5889571,-0.046866324,0.71121716,0.53843534,3.5815687,27.0,1.1822897,,,,,,,,,,,,,,,,,,,,,,,,
FAILED_SETUP,,,,,,,2026-06-18,4952.0,凌通,電子工業,0.7160608829691985,SECTOR_WEAK,-0.23747848,-0.27493432,0.08059304,-0.0394675409303137,0.01899828,-0.03466922,0.0,-0.01206336,0.3659956,4.4051313,0.036363635,0.008635581,0.0,0.64928424,-0.00828982,1.2734693,0.8639878,3.1397567,51.0,1.4790465,,,,,,,,,,,,,,,,,,,,,,,,
FAILED_SETUP,,,,,,,2026-06-18,3131.0,弘塑,其他電子業,0.7776016023777218,SECTOR_WEAK,-0.2561401,-0.42504886,0.11126374,-0.0394675409303137,0.09801137,0.074476704,0.008,0.27328348,0.5899065,4.4023275,0.116457924,0.029829545,0.012788617,0.86912066,-0.09279008,0.8784648,1.6004672,2.084261,115.0,0.38957962,,,,,,,,,,,,,,,,,,,,,,,,
FAILED_SETUP,,,,,,,2026-06-18,4760.0,勤凱,其他電子業,0.6418608257414228,SECTOR_WEAK,-0.13638298,-0.48138297,0.031914894,-0.0394675409303137,0.36,0.48958448,0.044,0.1776655,0.6618434,1.4315454,2.6396258,0.36,0.085226886,0.8179959,-0.09119839,0.6791444,0.5245875,2.1396847,70.0,0.6601318,,,,,,,,,,,,,,,,,,,,,,,,
FAILED_SETUP,,,,,,,2026-06-18,3583.0,辛耘,電子工業,0.6615558570782452,SECTOR_WEAK,-0.20109051,-0.36932725,0.031624865,-0.0394675409303137,0.13610798,0.4925153,0.032,-0.08281181,0.7474087,3.5510316,0.23493946,0.047244094,0.07483893,0.8957055,-0.007878178,0.7279345,1.3365008,2.3882165,67.0,0.94347656,,,,,,,,,,,,,,,,,,,,,,,,
FAILED_SETUP,,,,,,,2026-06-18,4958.0,臻鼎-KY,電子零組件業,0.9345162868403806,TOO_EXTENDED,-0.30755013,-0.42410016,0.031298906,-0.0394675409303137,0.018691588,1.2273835,0.0,0.21299374,1.5113775,4.6777544,3.2515023,1.0,0.0,0.9846626,0.04055502,1.0084077,1.8436761,5.842903,107.0,0.12073772,,,,,,,,,,,,,,,,,,,,,,,,
FAILED_SETUP,,,,,,,2026-06-18,3537.0,堡達,電子零組件業,0.915007153471972,TOO_EXTENDED,-0.28299004,-0.49811378,0.024363233,-0.0394675409303137,0.0,0.47175193,0.0,0.24760705,0.72934026,3.294254,3.5336933,1.0,0.0,0.7137014,0.04020627,0.94477713,1.750009,4.2633824,30.0,0.031322654,,,,,,,,,,,,,,,,,,,,,,,,
FAILED_SETUP,,,,,,,2026-06-18,3189.0,景碩,電子工業,0.8329589529163091,SECTOR_WEAK,-0.21335135,-0.26766738,0.26891893,-0.0394675409303137,0.07458563,0.37543622,0.016,0.19311284,1.2011962,2.5912309,0.34959063,0.07458563,0.004137288,0.993865,-0.009463939,0.88085455,1.6334312,3.2832162,216.0,1.1577365,,,,,,,,,,,,,,,,,,,,,,,,
FAILED_SETUP,,,,,,,2026-06-18,3211.0,順達,電腦及週邊設備業,0.6292731149447567,SECTOR_WEAK,-0.199,-0.34874398,0.15752865,-0.0394675409303137,0.12958716,-0.031524558,0.032,0.1572515,0.30966327,3.217428,0.08067862,0.016055046,0.050246768,0.62167686,-0.045334347,0.69337696,0.49534196,1.7827647,18.0,1.8396566,,,,,,,,,,,,,,,,,,,,,,,,
FAILED_SETUP,,,,,,,2026-06-18,3221.0,台嘉碩,通信網路業,0.7525092533621318,SECTOR_WEAK,-0.17258537,-0.35214177,0.1300813,-0.0394675409303137,0.122314066,0.18845709,0.028,0.19226263,0.7823474,2.0439615,5.794234,1.0,0.16142707,0.9263804,-0.13613571,0.72692305,0.35318908,2.4735901,152.0,0.95375425,,,,,,,,,,,,,,,,,,,,,,,,
FAILED_SETUP,,,,,,,2026-06-18,3229.0,晟鈦,電子零組件業,0.6972881418510417,STOCK_SPECIFIC,-0.19595517,-0.2497332,0.19530416,-0.0394675409303137,0.18907104,0.6937214,0.032,0.050454356,0.6779139,2.6070385,0.39040935,0.07650273,0.13400735,0.7034765,0.04147478,0.7875927,0.5074754,2.6106827,49.0,1.410866,,,,,,,,,,,,,,,,,,,,,,,,
FAILED_SETUP,,,,,,,2026-06-18,3234.0,光環,通信網路業,0.901316608054348,SECTOR_WEAK,-0.33547944,-0.4287671,0.034246575,-0.0394675409303137,-2.220446e-16,0.068138115,0.0,0.49278572,0.8860971,4.2459445,2.9808085,1.0,0.0,0.9509202,-0.1439148,1.1352886,2.3296816,3.1879258,135.0,2.0262928,,,,,,,,,,,,,,,,,,,,,,,,
FAILED_SETUP,,,,,,,2026-06-18,3550.0,聯穎,電子工業,0.9483857152087428,SECTOR_WEAK,-0.4921094,-0.52213544,0.033854168,-0.0394675409303137,0.0,0.41906583,0.0,0.6704652,1.0856273,7.7018337,2.0320685,1.0,0.0,0.9284254,-0.0113788275,1.3883495,0.42871422,6.3618145,117.0,-0.47176155,,,,,,,,,,,,,,,,,,,,,,,,
FAILED_SETUP,,,,,,,2026-06-18,3264.0,欣銓,半導體業,0.678220216173308,SECTOR_WEAK,-0.14934874,-0.31865364,0.16343106,-0.0394675409303137,0.1139785,0.1042435,0.016,-0.0030800153,0.4968775,2.2265325,0.47518143,0.07096775,0.026064819,0.8834356,-0.058486465,0.9572108,1.2943662,1.7215511,199.0,1.0023385,,,,,,,,,,,,,,,,,,,,,,,,
FAILED_SETUP,,,,,,,2026-06-18,3265.0,台星科,半導體業,0.6339831454970047,SECTOR_WEAK,-0.16901554,-0.30615187,0.059310127,-0.0394675409303137,0.079155676,0.0022176541,0.028,0.002871458,0.34406695,3.0344186,0.10927789,0.018469661,0.03787478,0.72903883,-0.058476135,0.9488372,1.5114311,1.6286821,126.0,0.85563797,,,,,,,,,,,,,,,,,,,,,,,,
FAILED_SETUP,,,,,,,2026-06-18,3236.0,千如,電子零組件業,0.9220140484959248,TOO_EXTENDED,-0.33349296,-0.50563383,0.06619718,-0.0394675409303137,0.028169006,0.5119734,0.0,0.30837825,1.0743251,4.672192,2.998564,1.0,0.0,0.894683,0.03991401,1.1367188,2.518147,5.7664084,167.0,0.5971897,,,,,,,,,,,,,,,,,,,,,,,,
FAILED_SETUP,,,,,,,2026-06-18,3317.0,尼克森,半導體業,0.8702310340689872,SECTOR_WEAK,-0.23926315,-0.38,0.1368421,-0.0394675409303137,0.0,0.38576105,0.0,0.102706864,0.61338454,4.7354164,4.1794987,1.0,0.0,0.77607363,-0.059470672,1.0585859,2.3020968,4.775521,57.0,0.10771969,,,,,,,,,,,,,,,,,,,,,,,,
FAILED_SETUP,,,,,,,2026-06-18,3357.0,臺慶科,電子零組件業,0.923691006931945,TOO_EXTENDED,-0.32106557,-0.5275243,0.015027323,-0.0394675409303137,0.0,0.58003825,0.0,0.20628157,0.9314377,4.17019,3.1146286,1.0,0.0,0.85378325,0.040586863,1.0405041,0.86635065,4.7296576,51.0,0.3628093,,,,,,,,,,,,,,,,,,,,,,,,
FAILED_SETUP,,,,,,,2026-06-18,3406.0,玉晶光,電子工業,0.8549737398351471,SECTOR_WEAK,-0.27600807,-0.41842106,0.047368422,-0.0394675409303137,0.035856575,0.25280413,0.0,0.2247066,0.59065187,3.781561,3.6230826,1.0,0.0,0.73619634,-0.009529359,1.3435854,1.1574647,3.821663,66.0,0.12447626,,,,,,,,,,,,,,,,,,,,,,,,
FAILED_SETUP,,,,,,,2026-06-18,3438.0,類比科,半導體業,0.6530907614063264,SECTOR_WEAK,-0.12967034,-0.33755374,0.09752748,-0.0394675409303137,0.10743802,0.1271174,0.024,0.006160689,0.35184622,2.0714734,0.119220234,0.015459327,0.105516255,0.5204499,-0.058574546,0.9836065,0.9140631,2.9208724,39.0,1.3444169,,,,,,,,,,,,,,,,,,,,,,,,
FAILED_SETUP,,,,,,,2026-06-18,3450.0,聯鈞,其他電子業,0.8817980597937953,SECTOR_WEAK,-0.26545256,-0.42408377,0.06806283,-0.0394675409303137,0.06335362,0.4315224,0.0,0.25585634,0.8090348,3.241924,0.23866268,0.06335362,0.0,0.8220859,-0.092399836,0.9136512,1.404688,3.6878283,52.0,2.1685164,,,,,,,,,,,,,,,,,,,,,,,,
FAILED_SETUP,,,,,,,2026-06-18,3504.0,揚明光,電子工業,0.7227631785414302,SECTOR_WEAK,-0.21892858,-0.35064936,0.0043290043,-0.0394675409303137,0.07236842,0.12930635,0.0,-0.052181635,0.5199831,3.2219114,4.5677,1.0,0.0,0.71063393,-0.008091612,1.3564899,1.6918597,3.4872584,41.0,0.2899234,,,,,,,,,,,,,,,,,,,,,,,,
FAILED_SETUP,,,,,,,2026-06-18,3528.0,安馳,電子通路業,0.6712033524400263,SECTOR_WEAK,-0.22077419,-0.30506912,0.050691247,-0.0394675409303137,0.28959274,0.27838945,0.02,0.24376494,0.4376789,2.2135708,1.3117146,0.28959274,0.057214476,0.6584867,-0.07154734,0.8357075,2.429148,1.9239603,36.0,0.18495423,,,,,,,,,,,,,,,,,,,,,,,,
FAILED_SETUP,,,,,,,2026-06-18,3312.0,弘憶股,電子工業,0.7449300805804004,SECTOR_WEAK,-0.27623817,-0.38170347,0.0851735,-0.0394675409303137,0.1656051,0.2187151,0.008,0.22688937,0.5204461,3.3795867,0.5342713,0.14758614,0.0539384,0.694274,-0.009651434,0.8951965,3.5052295,3.1163106,26.0,0.8653958,,,,,,,,,,,,,,,,,,,,,,,,
FAILED_SETUP,,,,,,,2026-06-26,6175.0,立敦,電子零組件業,0.8355211393573001,STOCK_SPECIFIC,-0.2467,-0.39155635,0.090909086,-0.0052795672879268,0.10810811,0.8183566,0.016,-0.004045823,0.8096646,2.6567693,0.16433135,0.040540542,0.0556292,0.8290686,0.019994617,0.8151093,0.7411347,3.0932982,56.0,-0.5941632,,,,,,,,,,,,,,,,,,,,,,,,
FAILED_SETUP,,,,,,,2026-06-26,6190.0,萬泰科,通信網路業,0.6977880422579592,SECTOR_WEAK,-0.111911766,-0.29379538,0.07843137,-0.0052795672879268,0.22058824,0.10220108,0.04,0.07312474,0.40722814,2.208083,1.9710907,0.22058824,0.05185133,0.7482088,-0.14461733,0.6038544,0.6175451,1.7022452,75.0,0.49017325,,,,,,,,,,,,,,,,,,,,,,,,
FAILED_SETUP,,,,,,,2026-06-26,6196.0,帆宣,電子工業,0.8261117809439172,SECTOR_WEAK,-0.16907625,-0.2063197,0.12825279,-0.0052795672879268,0.110892065,0.36259946,0.032,0.08259448,0.6085611,2.7194219,5.914491,1.0,0.03140734,0.80552715,-0.02054913,0.82773423,0.85133,3.0899308,288.0,0.754866,,,,,,,,,,,,,,,,,,,,,,,,
FAILED_SETUP,,,,,,,2026-06-26,6197.0,佳必琪,電子工業,0.9449376678119864,SECTOR_WEAK,-0.2558209,-0.28011522,0.121359,-0.0052795672879268,0.05631868,0.5767783,0.004,0.28858268,0.92212915,4.6553087,3.908985,1.0,0.007118636,0.9109519,-0.021521479,0.8483354,0.9423697,5.611111,42.0,0.45237303,,,,,,,,,,,,,,,,,,,,,,,,
FAILED_SETUP,,,,,,,2026-06-26,6202.0,盛群,半導體業,0.6896413658551312,SECTOR_WEAK,-0.24607693,-0.32384616,0.15076922,-0.0052795672879268,0.26760563,-0.058102395,0.008,0.12341903,0.29168323,2.9659603,0.031992573,0.007872634,0.111498624,0.73490274,-0.06363514,1.5381216,1.2294469,1.3279911,89.0,1.6306077,,,,,,,,,,,,,,,,,,,,,,,,
FAILED_SETUP,,,,,,,2026-06-26,6204.0,艾華,電子零組件業,0.8546840181666205,STOCK_SPECIFIC,-0.24539056,-0.47896996,0.11587982,-0.0052795672879268,0.12173913,0.40285864,0.02,0.21694666,0.46428418,2.9646816,0.38640228,0.09481947,0.08559106,0.65404296,0.018449556,1.0673854,1.0436862,3.1399753,38.0,-0.0937653,,,,,,,,,,,,,,,,,,,,,,,,
FAILED_SETUP,,,,,,,2026-06-26,6449.0,鈺邦,電子工業,0.640633756177085,SECTOR_WEAK,-0.044034272,-0.4540146,0.083211675,-0.0052795672879268,0.40811718,0.6404412,0.02,-0.08607538,0.6507708,0.34814984,22.709583,1.0,0.019660069,0.84032756,-0.019715505,1.0110791,1.5156243,1.7223164,30.0,1.0848372,,,,,,,,,,,,,,,,,,,,,,,,
FAILED_SETUP,,,,,,,2026-06-26,6223.0,旺矽,半導體業,0.8670417730380031,SECTOR_WEAK,-0.21913373,-0.29089817,0.17021276,-0.0052795672879268,0.115384616,0.3175671,0.02,0.14123732,0.74588823,3.1840065,0.11584075,0.025384616,0.0127174575,0.9385875,-0.0637706,1.108014,0.50273085,2.2829127,249.0,0.760603,,,,,,,,,,,,,,,,,,,,,,,,
FAILED_SETUP,,,,,,,2026-06-26,6257.0,矽格,電子工業,0.6939001817039415,SECTOR_WEAK,-0.12817568,-0.21526176,0.259009,-0.0052795672879268,0.12946428,0.13979968,0.052,-0.023267653,0.47495863,1.8791038,0.62692976,0.08035714,0.07759508,0.8669396,-0.020000784,1.2430556,1.1838442,1.3686321,251.0,0.8602372,,,,,,,,,,,,,,,,,,,,,,,,
FAILED_SETUP,,,,,,,2026-06-26,6270.0,倍微,電子通路業,0.9209235013198536,SECTOR_WEAK,-0.37242106,-0.3879549,0.0058479533,-0.0052795672879268,0.08888889,0.22622377,0.0,0.63502204,0.6493904,5.22,2.6851327,1.0,0.0,0.81780964,-0.07604972,1.4718447,3.7163365,4.421858,74.0,-0.08518784,,,,,,,,,,,,,,,,,,,,,,,,
FAILED_SETUP,,,,,,,2026-06-26,6271.0,同欣電,電子工業,0.8465365870226027,SECTOR_WEAK,-0.21971375,-0.45801526,0.15267175,-0.0052795672879268,0.09803922,0.26209736,0.008,0.055179384,0.56383073,2.6603177,0.18105109,0.039779413,0.044047568,0.7952917,-0.020467145,1.303384,3.739458,2.4376667,155.0,1.4730158,,,,,,,,,,,,,,,,,,,,,,,,
FAILED_SETUP,,,,,,,2026-06-26,6274.0,台燿,電子零組件業,0.7095216261653675,STOCK_SPECIFIC,-0.12,-0.40444446,0.16825397,-0.0052795672879268,0.21518987,0.8900619,0.056,-0.015516121,0.97180074,1.281356,1.2394515,0.14873418,0.0315486,0.9692938,0.020055767,0.94682676,0.864378,1.9664387,258.0,1.825121,,,,,,,,,,,,,,,,,,,,,,,,
FAILED_SETUP,,,,,,,2026-06-26,6291.0,沛亨,半導體業,0.8624329459624176,SECTOR_WEAK,-0.28185713,-0.53174603,0.011111111,-0.0052795672879268,0.099540584,0.41672483,0.012,0.040009953,0.9794383,3.6720533,0.3531597,0.099540584,0.03524049,0.9631525,-0.06297339,1.1361703,1.6448156,3.2299607,225.0,1.4238324,,,,,,,,,,,,,,,,,,,,,,,,
FAILED_SETUP,,,,,,,2026-06-26,6435.0,大中,半導體業,0.8862152182239809,SECTOR_WEAK,-0.25408882,-0.36349276,0.37059724,-0.0052795672879268,0.15512048,0.5709841,0.012,0.23738758,0.92821467,3.4059823,3.9356315,1.0,0.040968355,0.93756396,-0.064577356,1.5170842,2.076393,4.0056696,148.0,0.9695606,,,,,,,,,,,,,,,,,,,,,,,,
FAILED_SETUP,,,,,,,2026-06-26,6207.0,雷科,電子零組件業,0.8388363400335482,STOCK_SPECIFIC,-0.25663158,-0.4016435,0.20701754,-0.0052795672879268,0.25172412,1.0755539,0.024,0.34213677,1.1452137,2.6735249,3.8966365,1.0,0.16224404,0.9437052,0.01738123,0.95412844,0.4167703,3.868886,30.0,-0.3154302,,,,,,,,,,,,,,,,,,,,,,,,
FAILED_SETUP,,,,,,,2026-06-26,6174.0,安碁,電子零組件業,0.9194013770253008,STOCK_SPECIFIC,-0.32249564,-0.35209832,0.17322738,-0.0052795672879268,0.08856089,0.73558015,0.004,0.123887524,0.8876686,4.204194,3.100817,1.0,0.040512837,0.9089048,0.019017516,0.83168316,0.8198352,3.454089,64.0,0.5038232,,,,,,,,,,,,,,,,,,,,,,,,
FAILED_SETUP,,,,,,,2026-06-26,6121.0,新普,電腦及週邊設備業,0.6961340269404868,SECTOR_WEAK,-0.090334125,-0.16409314,0.16348448,-0.0052795672879268,0.049338147,-0.097435415,0.032,0.10530303,0.15418573,2.6695213,0.54617393,0.049338147,0.04915377,0.3899693,-0.05447934,0.6666667,0.9898284,2.4502938,29.0,0.48216847,,,,,,,,,,,,,,,,,,,,,,,,
FAILED_SETUP,,,,,,,2026-06-26,6166.0,凌華,電子工業,0.8598679580288424,SECTOR_WEAK,-0.16338028,-0.21843636,0.23629156,-0.0052795672879268,0.16197182,0.7350745,0.012,0.09572815,0.7929897,1.9804878,6.1206894,1.0,0.051349927,0.8536336,-0.020637441,0.9150943,0.6295893,3.1894104,46.0,0.29639047,,,,,,,,,,,,,,,,,,,,,,,,
FAILED_SETUP,,,,,,,2026-06-26,6451.0,訊芯-KY,電子工業,0.7239539758822453,SECTOR_WEAK,-0.17168342,-0.48299235,0.06867672,-0.0052795672879268,0.26421404,0.21714324,0.036,0.05001697,0.9186345,1.9338679,1.5389607,0.26421404,0.11804161,0.97236437,-0.020484742,1.1635721,1.8426414,1.7022012,96.0,0.97620773,,,,,,,,,,,,,,,,,,,,,,,,
FAILED_SETUP,,,,,,,2026-06-26,5289.0,宜鼎,電腦及週邊設備業,0.6528524499842449,SECTOR_WEAK,-0.02233645,-0.32087228,0.07165109,-0.0052795672879268,0.26168224,0.24204455,0.048,-0.024308244,0.56024694,0.24908188,9.205021,0.20560747,0.09492805,0.95189357,-0.05300849,0.89045936,0.8787296,0.51669145,204.0,2.2486677,,,,,,,,,,,,,,,,,,,,,,,,
FAILED_SETUP,,,,,,,2026-06-26,5299.0,杰力,半導體業,0.7383944390669135,SECTOR_WEAK,-0.16106035,-0.23257825,0.21982758,-0.0052795672879268,0.1764706,0.12906402,0.024,0.04137572,0.4189302,2.3024824,0.030464947,0.004906695,0.27764785,0.7154555,-0.0628101,1.4705882,1.3965603,2.458216,59.0,0.5127565,,,,,,,,,,,,,,,,,,,,,,,,
FAILED_SETUP,,,,,,,2026-06-26,5347.0,世界,半導體業,0.8999211295456646,SECTOR_WEAK,-0.30244553,-0.3506032,0.07990315,-0.0052795672879268,0.08910891,0.24536797,0.004,0.2944375,0.5572802,4.713585,3.3063805,1.0,0.014218534,0.83520985,-0.06509789,1.544,1.6935807,3.3918238,112.0,0.925719,,,,,,,,,,,,,,,,,,,,,,,,
FAILED_SETUP,,,,,,,2026-06-26,5351.0,鈺創,半導體業,0.6406850785779921,SECTOR_WEAK,-0.12600683,-0.25255972,0.6040956,-0.0052795672879268,0.17983964,-0.08654057,0.068,0.09881614,0.36126906,1.7600908,0.05454349,0.0068728523,0.15831295,0.84851587,-0.0633498,1.0875291,0.59413654,1.2906168,187.0,1.804892,,,,,,,,,,,,,,,,,,,,,,,,
FAILED_SETUP,,,,,,,2026-06-26,5386.0,青雲,電腦及週邊設備業,0.707288158299417,SECTOR_WEAK,-0.12591171,-0.41755435,0.034548946,-0.0052795672879268,0.20769231,0.48295847,0.036,-0.06494395,0.98377377,1.9793103,0.030546451,0.0038461557,0.103094555,0.99795294,-0.05214261,0.89927006,1.1867297,2.3154812,160.0,1.9603554,,,,,,,,,,,,,,,,,,,,,,,,
FAILED_SETUP,,,,,,,2026-06-26,5410.0,國眾,資訊服務業,0.7129049422339963,STOCK_SPECIFIC,-0.17853439,-0.22209696,0.055242375,-0.0052795672879268,0.124153495,0.08258877,0.036,0.023443019,0.3370356,3.875944,5.601162,1.0,0.1330078,0.6366428,0.09102005,0.5948158,0.3535791,3.5191724,42.0,0.19249924,,,,,,,,,,,,,,,,,,,,,,,,
FAILED_SETUP,,,,,,,2026-06-26,5536.0,聖暉*,其他電子業,0.9155771034165248,SECTOR_WEAK,-0.26619083,-0.3398713,0.13740458,-0.0052795672879268,0.0651341,0.28921705,0.004,0.324727,0.606423,3.8745558,3.7567034,1.0,0.0019785739,0.74513817,-0.08529182,1.0746269,1.0259656,3.7516668,33.0,0.5184783,,,,,,,,,,,,,,,,,,,,,,,,
FAILED_SETUP,,,,,,,2026-06-26,5864.0,致和證,金融保險,0.7281756207274572,STOCK_SPECIFIC,-0.10000001,-0.30479118,0.15742193,-0.0052795672879268,0.2072072,0.34085318,0.028,-0.022572696,0.7242495,1.5573035,2.0720718,0.2072072,0.16964291,0.94677585,0.11531647,0.7798537,0.69763196,3.2287972,198.0,1.0096982,,,,,,,,,,,,,,,,,,,,,,,,
FAILED_SETUP,,,,,,,2026-06-26,6116.0,彩晶,電子工業,0.8043908955570274,SECTOR_WEAK,-0.29131147,-0.36885247,0.117486335,-0.0052795672879268,0.24383561,0.65341693,0.028,0.17336072,0.8292683,3.4552777,0.83702713,0.24383561,0.20344776,0.8986694,-0.021161664,1.0666667,0.66191924,3.7698457,39.0,1.4946594,,,,,,,,,,,,,,,,,,,,,,,,
FAILED_SETUP,,,,,,,2026-06-26,6129.0,普誠,半導體業,0.7534009581439405,SECTOR_WEAK,-0.21758065,-0.30107525,0.13172044,-0.0052795672879268,0.102150515,-0.11138032,0.004,0.27269363,0.20474127,4.181402,0.024709675,0.0053763473,0.048478626,0.531218,-0.06233989,1.4999999,1.8126242,2.438377,10.0,0.7396406,,,,,,,,,,,,,,,,,,,,,,,,
FAILED_SETUP,,,,,,,2026-06-26,6138.0,茂達,半導體業,0.6331401195887415,SECTOR_WEAK,-0.1646875,-0.24107143,0.3125,-0.0052795672879268,0.26917294,0.12535746,0.036,0.010507253,0.3206148,2.068598,0.9313607,0.15338346,0.10902188,0.6612078,-0.062553875,1.5122471,1.2229466,1.7794392,49.0,1.7836722,,,,,,,,,,,,,,,,,,,,,,,,
FAILED_SETUP,,,,,,,2026-06-26,6139.0,亞翔,其他電子業,0.8787025244205946,SECTOR_WEAK,-0.23730141,-0.31120783,0.073993474,-0.0052795672879268,0.051252846,0.13636014,0.0,0.1989155,0.43611887,3.8164,4.21405,1.0,0.0,0.67758447,-0.08304417,0.9799043,1.9207774,2.7122083,278.0,0.3089676,,,,,,,,,,,,,,,,,,,,,,,,
FAILED_SETUP,,,,,,,2026-06-26,6153.0,嘉聯益,電子工業,0.725933850708419,SECTOR_WEAK,-0.22770834,-0.375,0.018518519,-0.0052795672879268,0.18620689,-0.060570523,0.016,0.23574992,0.26950464,2.6132448,0.010095593,0.0022988506,0.12610406,0.59058344,-0.021388834,1.0473186,0.75604296,1.4070841,75.0,0.26957366,,,,,,,,,,,,,,,,,,,,,,,,
FAILED_SETUP,,,,,,,2026-06-26,6155.0,鈞寶,電子工業,0.8332854072677802,SECTOR_WEAK,-0.27904704,-0.4656749,0.15882353,-0.0052795672879268,0.1962834,0.41827348,0.024,0.33530664,0.6594498,2.797523,3.583625,1.0,0.121799804,0.814739,-0.021857299,0.9192399,0.3906492,2.9751472,164.0,0.7375157,,,,,,,,,,,,,,,,,,,,,,,,
FAILED_SETUP,,,,,,,2026-06-26,6168.0,宏齊,電子工業,0.6913395335322077,SECTOR_WEAK,-0.24779412,-0.3611111,0.05882353,-0.0052795672879268,0.21157025,-0.09200482,0.012,0.10327645,0.30047864,3.5503345,0.073374696,0.018181818,0.08012962,0.6653019,-0.020696225,1.60841,0.81831324,1.3906355,74.0,0.56427443,,,,,,,,,,,,,,,,,,,,,,,,
FAILED_SETUP,,,,,,,2026-06-26,6494.0,九齊,半導體業,0.7651830341727942,SECTOR_WEAK,-0.21301787,-0.318542,0.10459588,-0.0052795672879268,0.14944357,0.044448204,0.024,0.12187667,0.38433543,3.1512496,0.22750828,0.048463326,0.17508253,0.765609,-0.06148515,1.0949823,0.561945,1.8245822,91.0,1.0348175,,,,,,,,,,,,,,,,,,,,,,,,
FAILED_SETUP,,,,,,,2026-06-26,7795.0,長廣,電子零組件業,0.7807722134483559,STOCK_SPECIFIC,-0.2817234,-0.3,0.41702127,-0.0052795672879268,0.03583062,-0.06558724,0.0,0.109190136,0.21647581,4.2712903,0.043222588,0.0121768145,0.0,0.47799385,0.019188222,1.367647,2.7714105,2.3941815,10.0,1.2095734,,,,,,,,,,,,,,,,,,,,,,,,
FAILED_SETUP,,,,,,,2026-06-26,6548.0,長科*,半導體業,0.7762335773034229,SECTOR_WEAK,-0.26511732,-0.3556582,0.16050808,-0.0052795672879268,0.22209166,0.3005593,0.044,0.3319743,0.60251784,2.9964995,0.55491215,0.14711681,0.097539075,0.85261005,-0.065475635,1.0686148,1.061168,2.803239,191.0,0.4939719,,,,,,,,,,,,,,,,,,,,,,,,
FAILED_SETUP,,,,,,,2026-06-26,8043.0,蜜望實,電子零組件業,0.8106518510971107,STOCK_SPECIFIC,-0.30917582,-0.37637362,0.21703297,-0.0052795672879268,0.29810297,0.9143296,0.028,0.39714742,0.8977186,2.8439713,3.2344055,1.0,0.065022275,0.8710338,0.017215863,0.8504801,0.341041,3.0260048,175.0,-0.18602626,,,,,,,,,,,,,,,,,,,,,,,,
FAILED_SETUP,,,,,,,2026-06-26,8064.0,東捷,光電業,0.6597249345733731,SECTOR_WEAK,-0.053645663,-0.39259258,0.18518518,-0.0052795672879268,0.41417912,0.4100466,0.044,0.026255695,0.7433389,0.5581312,7.720645,0.41417912,0.12886488,0.9559877,-0.04017128,0.92805755,0.33981624,1.2932786,78.0,0.8217016,,,,,,,,,,,,,,,,,,,,,,,,
FAILED_SETUP,,,,,,,2026-06-26,8081.0,致新,電子工業,0.7081593183177575,SECTOR_WEAK,-0.16381818,-0.20163597,0.17314191,-0.0052795672879268,0.14876033,-0.03549868,0.016,0.05481701,0.2599792,2.8202033,6.1043286,1.0,0.08165976,0.6141249,-0.020404965,1.5547945,1.1352749,2.0596883,103.0,1.0647073,,,,,,,,,,,,,,,,,,,,,,,,
FAILED_SETUP,,,,,,,2026-06-26,8091.0,翔名,電子零組件業,0.7120086870710948,STOCK_SPECIFIC,-0.18130897,-0.26744187,0.17635658,-0.0052795672879268,0.14117648,0.27179205,0.048,-0.036480896,0.58039623,2.3422122,0.43902656,0.079599455,0.18492961,0.87001026,0.020300187,1.0867631,1.1439234,1.9090236,139.0,-0.049040206,,,,,,,,,,,,,,,,,,,,,,,,
FAILED_SETUP,,,,,,,2026-06-26,8105.0,凌巨,電子工業,0.8774677678340627,SECTOR_WEAK,-0.2586,-0.39555556,0.053333335,-0.0052795672879268,0.13686535,0.28448868,0.012,0.36496958,0.61340106,3.2518563,0.29228047,0.075583726,0.092156656,0.8157625,-0.021946121,1.2257181,0.92164224,3.2988024,46.0,0.42033264,,,,,,,,,,,,,,,,,,,,,,,,
FAILED_SETUP,,,,,,,2026-06-26,8121.0,越峰,電子零組件業,0.7959513795725524,STOCK_SPECIFIC,-0.2398954,-0.4497908,0.15062761,-0.0052795672879268,0.21058202,0.41827348,0.024,0.14086588,0.5415819,2.7919652,0.22937688,0.055026457,0.10750865,0.74002045,0.018949743,1.0862437,0.6457086,2.9004347,40.0,0.6359655,,,,,,,,,,,,,,,,,,,,,,,,
FAILED_SETUP,,,,,,,2026-06-26,8150.0,南茂,電子工業,0.6901840247706058,SECTOR_WEAK,-0.17400339,-0.343,0.25,-0.0052795672879268,0.16923077,0.28655866,0.04,-0.05490459,0.4854276,1.8833373,0.32419056,0.056410257,0.1274546,0.8413511,-0.019927843,1.1084337,1.0887252,1.5419593,163.0,1.1693898,,,,,,,,,,,,,,,,,,,,,,,,
FAILED_SETUP,,,,,,,2026-06-26,8162.0,微矽電子-創,電子工業,0.8678851963176177,SECTOR_WEAK,-0.2380337,-0.44194758,0.08739076,-0.0052795672879268,0.11400248,0.5668868,0.016,0.07009434,0.8075879,3.1786149,0.26148018,0.0622411,0.07849341,0.89457524,-0.02052673,1.0926487,1.0890939,3.7922213,70.0,0.89048564,,,,,,,,,,,,,,,,,,,,,,,,
FAILED_SETUP,,,,,,,2026-06-26,8163.0,達方,電腦及週邊設備業,0.7170520563867142,SECTOR_WEAK,-0.13234608,-0.3195122,0.07317073,-0.0052795672879268,0.17156863,0.093125135,0.044,0.15692508,0.29274434,1.8424096,0.0015881896,0.00021019069,0.20651092,0.5435005,-0.055275984,0.8947476,0.48718736,2.4410684,13.0,0.6234089,,,,,,,,,,,,,,,,,,,,,,,,
FAILED_SETUP,,,,,,,2026-06-26,8182.0,加高,電子零組件業,0.8734182039801276,STOCK_SPECIFIC,-0.26837912,-0.3830571,0.11172161,-0.0052795672879268,0.10074627,0.33399385,0.008,0.08775582,0.65556437,3.3035264,3.7260723,1.0,0.13319145,0.82599795,0.019230863,0.8004808,1.4091921,2.8764627,75.0,-0.50547236,,,,,,,,,,,,,,,,,,,,,,,,
FAILED_SETUP,,,,,,,2026-06-26,8358.0,金居,電子零組件業,0.6946924712679464,STOCK_SPECIFIC,-0.12038328,-0.5257138,0.11324042,-0.0052795672879268,0.32982457,0.7867339,0.032,-0.010672851,0.6806888,1.3663841,1.7050803,0.20526315,0.020137787,0.87308085,0.019979883,1.0818768,1.5989133,2.0225518,57.0,1.173406,,,,,,,,,,,,,,,,,,,,,,,,
FAILED_SETUP,,,,,,,2026-06-26,8438.0,昶昕,綠能環保,0.7076819445152014,SECTOR_WEAK,-0.21259494,-0.4360182,0.16561182,-0.0052795672879268,0.20819849,0.048208635,0.04,0.09398191,0.44185153,3.1990476,0.21819049,0.046386193,0.08432619,0.9488229,-0.037509307,1.2785388,0.6652068,0.78650784,116.0,0.8416669,,,,,,,,,,,,,,,,,,,,,,,,
FAILED_SETUP,,,,,,,2026-06-26,8926.0,台汽電,油電燃氣業,0.8404254476086969,TOO_EXTENDED,-0.18756129,-0.27346593,0.09444985,-0.0052795672879268,0.10629921,0.23063853,0.024,0.110809304,0.5745711,3.4317706,5.3315907,1.0,0.08537156,0.79119754,0.0,0.83950615,0.7655478,4.214165,35.0,-0.12960795,,,,,,,,,,,,,,,,,,,,,,,,
FAILED_SETUP,,,,,,,2026-06-26,8932.0,智通*,數位雲端,0.7597805967361216,SECTOR_WEAK,-0.17070852,-0.2529148,0.16591927,-0.0052795672879268,0.119369365,0.0056398977,0.016,0.16372438,0.21433052,2.9059544,0.6992584,0.119369365,0.02277805,0.5609007,-0.040828865,1.2873564,5.0485797,2.343766,8.0,0.071786225,,,,,,,,,,,,,,,,,,,,,,,,
FAILED_SETUP,,,,,,,2026-06-26,5285.0,界霖,電子工業,0.8524522484683471,SECTOR_WEAK,-0.19081613,-0.35771543,0.08717435,-0.0052795672879268,0.15731463,0.5231396,0.016,0.122350685,0.70066476,2.6067438,5.2406473,1.0,0.1966727,0.83009213,-0.020813663,1.5005347,0.82064116,3.8437219,56.0,-0.04336637,,,,,,,,,,,,,,,,,,,,,,,,
FAILED_SETUP,,,,,,,2026-06-26,8040.0,九暘,半導體業,0.7590401956289164,SECTOR_WEAK,-0.14971028,-0.43457943,0.12149533,-0.0052795672879268,0.21962617,0.5946008,0.024,0.018372832,0.6881498,1.9037861,1.467008,0.21962617,0.2507471,0.8546571,-0.06263826,1.5415617,2.1743135,2.6458972,40.0,0.7382316,,,,,,,,,,,,,,,,,,,,,,,,
FAILED_SETUP,,,,,,,2026-06-26,6531.0,愛普*,半導體業,0.6257427125020991,SECTOR_WEAK,-0.14683904,-0.41538462,0.056410257,-0.0052795672879268,0.30919805,0.46059754,0.056,-0.049165275,0.6200552,1.6666969,2.1056938,0.30919805,0.11467717,0.90481067,-0.061955485,1.218934,0.7263211,1.3749509,194.0,1.631898,,,,,,,,,,,,,,,,,,,,,,,,
FAILED_SETUP,,,,,,,2026-06-26,8016.0,矽創,電子工業,0.8377370594905873,SECTOR_WEAK,-0.16778097,-0.19808307,0.2028754,-0.0052795672879268,0.10610932,0.212096,0.012,0.07863555,0.48526248,3.062585,5.9601517,1.0,0.047390874,0.7553736,-0.02051957,1.4297569,1.2450117,3.3736439,44.0,0.87982136,,,,,,,,,,,,,,,,,,,,,,,,
FAILED_SETUP,,,,,,,2026-06-26,7788.0,松川精密,電子零組件業,0.7961921420121023,STOCK_SPECIFIC,-0.31431907,-0.3268312,0.112789266,-0.0052795672879268,0.222,0.2987852,0.028,0.3422918,0.52597207,3.4012632,3.1814806,1.0,0.23282447,0.7604913,0.017489288,0.8140351,0.52151316,2.3277194,57.0,-0.50183725,,,,,,,,,,,,,,,,,,,,,,,,
FAILED_SETUP,,,,,,,2026-06-26,6651.0,全宇昕,半導體業,0.7651347307366463,SECTOR_WEAK,-0.15969072,-0.26804122,0.21993127,-0.0052795672879268,0.1559322,0.21889332,0.032,0.05526236,0.51633346,2.1613953,0.6155967,0.098305084,0.13397874,0.7942682,-0.062951036,1.4412533,1.0285599,2.4795349,91.0,1.4309504,,,,,,,,,,,,,,,,,,,,,,,,
FAILED_SETUP,,,,,,,2026-06-26,6654.0,天正國際,其他電子業,0.8146763198064843,SECTOR_WEAK,-0.19167553,-0.25531915,0.15957446,-0.0052795672879268,0.30810812,0.52538794,0.016,0.37655658,0.7912145,2.3248389,5.21715,1.0,0.056830797,0.8444217,-0.076562375,1.0086355,0.6005794,3.9503226,76.0,-0.17596045,,,,,,,,,,,,,,,,,,,,,,,,
FAILED_SETUP,,,,,,,2026-06-26,6658.0,聯策,其他電子業,0.8521839379753692,SECTOR_WEAK,-0.20847255,-0.38663486,0.24105012,-0.0052795672879268,0.15222256,1.3840617,0.016,0.048413653,1.2372781,3.0420399,0.7301803,0.15222256,0.030354936,0.9836233,-0.07969418,0.9380984,3.6084619,4.024296,55.0,0.34530395,,,,,,,,,,,,,,,,,,,,,,,,
FAILED_SETUP,,,,,,,2026-06-26,6672.0,騰輝電子-KY,電子零組件業,0.95770279424057,TOO_EXTENDED,-0.32577586,-0.3862069,0.13793103,-0.0052795672879268,0.06678082,0.6859664,0.0,0.318744,1.1318421,5.1666017,3.069595,1.0,0.0,0.9477994,0.017961139,1.3932585,2.900364,4.9592204,74.0,-0.061167926,,,,,,,,,,,,,,,,,,,,,,,,
FAILED_SETUP,,,,,,,2026-06-26,6684.0,安格,半導體業,0.7901947798325607,SECTOR_WEAK,-0.30715764,-0.3160828,0.06210191,-0.0052795672879268,0.096,0.054065194,0.032,0.45430222,0.27934825,5.1586056,0.020836206,0.0064,0.17985338,0.44319344,-0.06330721,1.8345618,5.304552,3.923432,0.0,-0.15434554,,,,,,,,,,,,,,,,,,,,,,,,
FAILED_SETUP,,,,,,,2026-06-26,6695.0,芯鼎,電子工業,0.7347401709111424,SECTOR_WEAK,-0.22284184,-0.25864908,0.042833608,-0.0052795672879268,0.1442786,0.11853135,0.024,0.042208407,0.3130961,3.124934,0.16372259,0.036484245,0.11695612,0.54759467,-0.020390192,1.3704172,0.8927161,2.3776126,22.0,0.94352216,,,,,,,,,,,,,,,,,,,,,,,,
FAILED_SETUP,,,,,,,2026-06-26,6698.0,旭暉應材,電子工業,0.7332052160163627,SECTOR_WEAK,-0.15310426,-0.29687613,0.08175355,-0.0052795672879268,0.14810427,-0.00789248,0.028,0.16525592,0.2759267,2.3679059,0.12381986,0.018957349,0.1449045,0.64278406,-0.02094444,1.1341366,0.42966762,2.7138743,15.0,0.35999557,,,,,,,,,,,,,,,,,,,,,,,,
FAILED_SETUP,,,,,,,2026-06-26,6719.0,力智,半導體業,0.7937597998426364,SECTOR_WEAK,-0.21593511,-0.27867806,0.2461832,-0.0052795672879268,0.14661653,0.19043837,0.016,0.1125038,0.3500939,3.0581083,0.031011276,0.0066964235,0.2228477,0.5629478,-0.06351564,1.6012365,1.6650648,3.0860362,22.0,1.1364429,,,,,,,,,,,,,,,,,,,,,,,,
FAILED_SETUP,,,,,,,2026-06-26,6742.0,澤米,電子工業,0.7986709007647415,SECTOR_WEAK,-0.22561349,-0.40490797,0.09969325,-0.0052795672879268,0.15053764,0.1926788,0.02,0.14159025,0.39203694,2.57425,0.027234156,0.0061443932,0.15258627,0.580348,-0.020919375,1.103726,0.8749765,2.5687082,16.0,0.44584852,,,,,,,,,,,,,,,,,,,,,,,,
FAILED_SETUP,,,,,,,2026-06-26,6770.0,力積電,電子工業,0.6263583926276881,SECTOR_WEAK,-0.23055069,-0.39924905,0.030037547,-0.0052795672879268,0.20689654,-0.017407544,0.036,-0.031173859,0.3829117,3.0738258,0.033237085,0.007662833,0.08772467,0.79938585,-0.020000288,1.2179592,1.2025554,2.3180373,185.0,1.6683652,,,,,,,,,,,,,,,,,,,,,,,,
FAILED_SETUP,,,,,,,2026-06-26,6829.0,千附精密,電機機械,0.6624752114690471,SECTOR_WEAK,-0.17348623,-0.2675207,0.24101588,-0.0052795672879268,0.34032634,0.4164725,0.056,0.06988263,0.44981414,2.7577083,0.9539729,0.16550116,0.14646058,0.8024565,-0.09826145,1.1167513,1.5657215,0.7717014,51.0,0.1533048,,,,,,,,,,,,,,,,,,,,,,,,
FAILED_SETUP,,,,,,,2026-06-26,6831.0,邁科,電腦及週邊設備業,0.8250075945832226,SECTOR_WEAK,-0.17704715,-0.4292804,0.20347394,-0.0052795672879268,0.14052698,0.5062933,0.024,0.041072775,0.9406199,2.4040914,0.37560263,0.066499375,0.029460397,0.9457523,-0.053646397,1.1224655,0.95868385,2.840811,92.0,-0.1612691,,,,,,,,,,,,,,,,,,,,,,,,
FAILED_SETUP,,,,,,,2026-06-26,6902.0,GOGOLOOK,數位雲端,0.686274465407381,SECTOR_WEAK,-0.07,-0.1780303,0.060606062,-0.0052795672879268,0.14179105,0.32028237,0.072,-0.014615833,0.45174572,1.1447788,0.63965887,0.04477612,0.12875794,0.7471853,-0.010536019,0.92113566,0.2618953,2.3337464,53.0,-0.054260034,,,,,,,,,,,,,,,,,,,,,,,,
FAILED_SETUP,,,,,,,2026-06-26,6947.0,台鎔科技,綠能環保,0.7532815203506527,SECTOR_WEAK,-0.15443313,-0.26295254,0.029698677,-0.0052795672879268,0.07368421,-0.097493745,0.008,0.22117373,0.18006559,2.08,6.4752946,1.0,0.045138855,0.493347,-0.038552344,1.4708818,1.592337,1.6956204,20.0,-0.0025295205,,,,,,,,,,,,,,,,,,,,,,,,
FAILED_SETUP,,,,,,,2026-06-26,6996.0,力領科技,半導體業,0.623676042439097,SECTOR_WEAK,-0.077559054,-0.1496063,0.11811024,-0.0052795672879268,0.09585492,-0.10748115,0.064,0.062712535,0.1830505,1.72375,0.5224082,0.040517487,0.11534138,0.5957011,-0.062982894,0.84810126,0.73318803,1.1490419,101.0,0.5904179,,,,,,,,,,,,,,,,,,,,,,,,
FAILED_SETUP,,,,,,,2026-06-26,7856.0,漢測,半導體業,0.6502057613168724,SECTOR_WEAK,-0.27545017,-0.49147707,0.045574397,-0.0052795672879268,,-0.020377012,,0.1600747,0.39139032,3.2367918,3.6304207,,,0.80348,-0.06432178,1.124268,0.84375596,1.1949888,46.0,1.0916375,,,,,,,,,,,,,,,,,,,,,,,,
FAILED_SETUP,,,,,,,2026-06-26,5236.0,凌陽創新,半導體業,0.6849047988331701,SECTOR_WEAK,-0.13157895,-0.22222222,0.00877193,-0.0052795672879268,0.09084965,0.020235507,0.052,0.020945942,0.28201512,3.0288463,0.02807546,0.0036941394,0.111978084,0.678608,-0.06252895,1.0838546,0.810988,1.7767496,59.0,0.20045203,,,,,,,,,,,,,,,,,,,,,,,,
FAILED_SETUP,,,,,,,2026-06-26,1409.0,新纖,紡織纖維,0.8027151814303478,STOCK_SPECIFIC,-0.1335125,-0.23800385,0.30902112,-0.0052795672879268,0.16091958,0.21566296,0.032,0.22546841,0.5143017,1.869175,1.2052772,0.16091958,0.1193866,0.7205732,0.010928517,1.0266343,0.761093,3.2505434,148.0,0.6989152,,,,,,,,,,,,,,,,,,,,,,,,
FAILED_SETUP,,,,,,,2026-06-26,5011.0,久陽,鋼鐵工業,0.9408201772509684,SECTOR_WEAK,-0.38558012,-0.38674033,0.02946593,-0.0052795672879268,0.06225681,0.40905258,0.004,0.39976197,0.8617792,7.346316,0.08682929,0.033479646,0.03591765,0.90788126,-0.0013068625,1.330784,1.2711707,6.377193,77.0,0.3007748,,,,,,,,,,,,,,,,,,,,,,,,
FAILED_SETUP,,,,,,,2026-06-26,2426.0,鼎元,電子工業,0.7086153706817011,SECTOR_WEAK,-0.26195374,-0.41773778,0.16195373,-0.0052795672879268,0.27319586,0.60330033,0.028,-0.042221498,1.0404645,2.5406947,0.044546764,0.011669191,0.16321433,0.98874104,-0.020003982,1.1253264,0.7838043,1.6266074,108.0,1.307742,,,,,,,,,,,,,,,,,,,,,,,,
FAILED_SETUP,,,,,,,2026-06-26,2428.0,興勤,電子零組件業,0.7782889262485777,STOCK_SPECIFIC,-0.15965116,-0.3488372,0.2076412,-0.0052795672879268,0.08600337,0.39854842,0.028,-0.028001817,0.517219,2.3360069,0.52813286,0.08431703,0.06769791,0.7256909,0.020242652,0.6635071,0.52037686,3.4404514,39.0,0.20774521,,,,,,,,,,,,,,,,,,,,,,,,
FAILED_SETUP,,,,,,,2026-06-26,2441.0,超豐,電子工業,0.6894673980108795,SECTOR_WEAK,-0.14933333,-0.31851852,0.15555555,-0.0052795672879268,0.10037175,0.04629049,0.04,-0.047706194,0.4118067,2.6012902,0.67213225,0.10037175,0.07830464,0.6663255,-0.019827478,1.2173913,1.3907559,3.2533333,235.0,0.9565531,,,,,,,,,,,,,,,,,,,,,,,,
FAILED_SETUP,,,,,,,2026-06-26,2454.0,聯發科,電子工業,0.6714770096399318,SECTOR_WEAK,-0.0074418606,-0.2227739,0.14374411,-0.0052795672879268,0.28092784,0.81859434,0.02,-0.1221981,0.74129707,0.09692308,37.749676,0.28092784,0.091405585,0.9303992,-0.01941769,0.9539208,1.7329578,2.0234375,128.0,1.8061612,,,,,,,,,,,,,,,,,,,,,,,,
FAILED_SETUP,,,,,,,2026-06-26,2458.0,義隆,電子工業,0.7842874205399041,SECTOR_WEAK,-0.19775862,-0.20402299,0.12931034,-0.0052795672879268,0.06686047,-0.005605563,0.008,0.0673909,0.3010199,3.3223448,5.0566697,1.0,0.036624555,0.5875128,-0.020502295,1.2044199,2.1239223,2.2826436,77.0,1.3687497,,,,,,,,,,,,,,,,,,,,,,,,
FAILED_SETUP,,,,,,,2026-06-26,2460.0,建通,電子零組件業,0.7276533398241075,STOCK_SPECIFIC,-0.18758474,-0.23728813,0.1539548,-0.0052795672879268,0.16666667,0.07407974,0.036,0.0960664,0.36341256,2.540082,0.22212183,0.041666668,0.24753277,0.7727738,0.019939981,1.3594233,1.483574,0.95054644,124.0,0.47808224,,,,,,,,,,,,,,,,,,,,,,,,
FAILED_SETUP,,,,,,,2026-06-26,2404.0,漢唐,電子工業,0.8472613272501194,SECTOR_WEAK,-0.22163044,-0.27077878,0.050724637,-0.0052795672879268,0.06716418,0.13124193,0.004,0.15469372,0.35341686,3.4671257,0.016835878,0.003731343,0.006475406,0.62333673,-0.020955682,0.89440995,1.0173706,2.9874225,25.0,0.32527596,,,,,,,,,,,,,,,,,,,,,,,,
FAILED_SETUP,,,,,,,2026-06-26,2464.0,盟立,電子工業,0.6723779819352697,SECTOR_WEAK,-0.15411392,-0.25316456,0.3164557,-0.0052795672879268,0.29903537,0.6067003,0.028,-0.07606692,0.7231317,1.8782368,1.9403527,0.29903537,0.10589246,0.9068577,-0.019772219,0.79266053,0.63247323,2.2509274,56.0,1.0171324,,,,,,,,,,,,,,,,,,,,,,,,
FAILED_SETUP,,,,,,,2026-06-26,2476.0,鉅祥,電子工業,0.7493749799521872,SECTOR_WEAK,-0.1646875,-0.21484375,0.09375001,-0.0052795672879268,0.07142857,0.08844242,0.024,0.03163321,0.28011486,2.9365172,0.14457397,0.023809524,0.04840945,0.5977482,-0.020280702,0.8888889,0.894274,1.3781757,56.0,0.6158343,,,,,,,,,,,,,,,,,,,,,,,,
FAILED_SETUP,,,,,,,2026-06-26,2491.0,吉祥全,電子工業,0.8842200598887133,SECTOR_WEAK,-0.42957747,-0.44174135,0.09603073,-0.0052795672879268,0.20486556,0.8303121,0.012,0.7518972,0.95240235,5.4679856,2.327869,1.0,0.049636163,0.7686796,-0.022210542,1.2781457,1.0595531,5.1249127,38.0,0.8207255,,,,,,,,,,,,,,,,,,,,,,,,
FAILED_SETUP,,,,,,,2026-06-26,2495.0,普安,其他電子業,0.754992141257361,SECTOR_WEAK,-0.122186884,-0.3656482,0.105367795,-0.0052795672879268,0.07952286,0.07225623,0.056,0.122362204,0.39620093,1.9894567,8.184184,1.0,0.11424599,0.71954966,-0.08149456,0.7955626,0.7848788,2.1887476,143.0,1.6604606,,,,,,,,,,,,,,,,,,,,,,,,
FAILED_SETUP,,,,,,,2026-06-26,2855.0,統一證,金融保險,0.7365843810084474,TOO_EXTENDED,-0.13358925,-0.20758483,0.07984032,-0.0052795672879268,0.14747,0.17678553,0.04,0.019343955,0.56891036,2.91798,1.1039062,0.14747,0.16748971,0.84339815,0.11475719,0.6176229,0.6543749,4.2538157,164.0,0.39227915,,,,,,,,,,,,,,,,,,,,,,,,
FAILED_SETUP,,,,,,,2026-06-26,3003.0,健和興,電子零組件業,0.6911670751703356,STOCK_SPECIFIC,-0.1414027,-0.20211162,0.13521805,-0.0052795672879268,0.08523592,-0.029644774,0.032,0.01490746,0.24698691,2.8657205,0.10764081,0.015220703,0.15848792,0.5701126,0.01992825,0.96625227,0.74148697,2.0671396,45.0,0.624902,,,,,,,,,,,,,,,,,,,,,,,,
FAILED_SETUP,,,,,,,2026-06-26,3014.0,聯陽,電子工業,0.7076393016379771,SECTOR_WEAK,-0.14135922,-0.19146474,0.06148867,-0.0052795672879268,0.10679612,-0.023158766,0.024,0.039301205,0.22752191,2.2733085,0.0126162125,0.001783418,0.11081712,0.55168885,-0.020331549,1.2190477,1.6610037,1.7894671,25.0,0.73959523,,,,,,,,,,,,,,,,,,,,,,,,
FAILED_SETUP,,,,,,,2026-06-26,2472.0,立隆電,電子零組件業,0.7970044322176372,STOCK_SPECIFIC,-0.21630406,-0.47968546,0.2791612,-0.0052795672879268,0.15026596,1.1570065,0.024,-0.028095206,1.2129884,2.194264,0.39345714,0.08510638,0.06504875,0.9703173,0.020137915,0.9014845,1.4451948,3.1436846,165.0,0.86396754,,,,,,,,,,,,,,,,,,,,,,,,
FAILED_SETUP,,,,,,,2026-06-26,2401.0,凌陽,電子工業,0.7762301809680687,SECTOR_WEAK,-0.22705047,-0.2681388,0.12460568,-0.0052795672879268,0.1263823,0.1358912,0.016,0.05221057,0.36890516,3.1196594,0.08349398,0.018957347,0.071785785,0.66325486,-0.020400357,1.2465582,1.240963,2.3029928,34.0,1.0388166,,,,,,,,,,,,,,,,,,,,,,,,
FAILED_SETUP,,,,,,,2026-06-26,2375.0,凱美,電子零組件業,0.8818113033814292,TOO_EXTENDED,-0.3383291,-0.47594938,0.2,-0.0052795672879268,0.15443037,0.9179577,0.016,0.18276192,0.9043487,3.6258914,2.9557018,1.0,0.060131304,0.8464688,0.018713914,1.0659026,0.9681779,4.026628,39.0,0.73999166,,,,,,,,,,,,,,,,,,,,,,,,
FAILED_SETUP,,,,,,,2026-06-26,2369.0,菱生,半導體業,0.7853168875228074,SECTOR_WEAK,-0.2538603,-0.35171568,0.111519605,-0.0052795672879268,0.11599512,-0.009056487,0.012,0.07192967,0.43420854,3.7038314,0.101004474,0.025641026,0.057524554,0.7645855,-0.063175365,1.4064273,1.5501953,2.787186,191.0,1.2749044,,,,,,,,,,,,,,,,,,,,,,,,
FAILED_SETUP,,,,,,,2026-06-26,5228.0,鈺鎧,電子零組件業,0.683854576467547,STOP_TOO_TIGHT,-0.070095845,-0.46246007,0.18051118,-0.0052795672879268,0.30830672,0.9257086,0.036,-0.05121649,0.9348657,0.617407,14.26618,1.0,0.16064644,0.9611054,0.02028844,0.89078015,0.29119554,2.0121775,134.0,-0.6761362,,,,,,,,,,,,,,,,,,,,,,,,
FAILED_SETUP,,,,,,,2026-06-26,1503.0,士電,電機機械,0.6624982310753363,SECTOR_WEAK,-0.11110638,-0.21113801,0.05106383,-0.0052795672879268,0.1541756,-0.082178034,0.04,0.15988415,0.1831771,2.565193,0.34690985,0.0385439,0.12937593,0.56397134,-0.100300014,0.7058824,0.5356797,2.6002338,25.0,0.9222272,,,,,,,,,,,,,,,,,,,,,,,,
FAILED_SETUP,,,,,,,2026-06-26,1560.0,中砂,電機機械,0.7592652971887778,SECTOR_WEAK,-0.17779662,-0.19236088,0.11581921,-0.0052795672879268,0.09530583,0.13658829,0.048,0.056831315,0.44428313,3.075602,0.37602705,0.06685633,0.025696672,0.7983623,-0.0977915,1.1357341,0.7676946,2.1885688,140.0,1.1157198,,,,,,,,,,,,,,,,,,,,,,,,
FAILED_SETUP,,,,,,,2026-06-26,1563.0,巧新,電機機械,0.7627835232450854,SECTOR_WEAK,-0.12239502,-0.1670171,0.13996889,-0.0052795672879268,0.1257764,0.19012666,0.048,0.13232422,0.38002956,1.7915447,0.37900773,0.04638866,0.317714,0.62538385,-0.099748775,0.98268396,0.48774788,3.0837939,19.0,0.5871613,,,,,,,,,,,,,,,,,,,,,,,,
FAILED_SETUP,,,,,,,2026-06-26,1809.0,中釉,玻璃陶瓷,0.7465843244028582,STOCK_SPECIFIC,-0.14758621,-0.38381866,0.21003135,-0.0052795672879268,0.29153606,0.25169054,0.032,0.124673404,0.6634221,1.5569764,1.975361,0.29153606,0.15660991,0.91709316,0.0,0.92080253,0.4044577,1.9680839,112.0,1.5495814,,,,,,,,,,,,,,,,,,,,,,,,
FAILED_SETUP,,,,,,,2026-06-26,2030.0,彰源,鋼鐵工業,0.6945226545002386,STOCK_SPECIFIC,-0.09352026,-0.10752688,0.2795699,-0.0052795672879268,0.07733333,-0.11098117,0.02,0.054582972,0.1968931,2.455013,0.40562353,0.037934016,0.06570927,0.5823951,0.009420878,1.1706669,0.47732335,2.5106478,104.0,0.505165,,,,,,,,,,,,,,,,,,,,,,,,
FAILED_SETUP,,,,,,,2026-06-26,2236.0,百達-KY,汽車工業,0.6959215672955549,SECTOR_WEAK,-0.124631576,-0.19649123,0.32982457,-0.0052795672879268,0.06360424,-0.07788528,0.016,0.011965193,0.1992371,3.6034782,0.031649612,0.0039445413,0.024873778,0.47492322,-0.0043086624,1.0,3.0133204,1.7973429,134.0,0.38869515,,,,,,,,,,,,,,,,,,,,,,,,
FAILED_SETUP,,,,,,,2026-06-26,2241.0,艾姆勒,電機機械,0.7799601119281184,SECTOR_WEAK,-0.3336129,-0.36774194,0.08387097,-0.0052795672879268,0.19825707,0.15591004,0.016,0.28107393,0.34113798,4.1486535,0.333054,0.11111111,0.08587796,0.46980554,-0.102508314,0.9406657,0.45967457,2.9789557,15.0,-0.5891881,,,,,,,,,,,,,,,,,,,,,,,,
FAILED_SETUP,,,,,,,2026-06-26,2303.0,聯電,電子工業,0.9049094027544278,SECTOR_WEAK,-0.2988754,-0.36623576,0.05471125,-0.0052795672879268,0.13109756,1.1078969,0.012,0.1544493,1.1709585,4.060826,3.3458762,1.0,0.048608173,0.95496416,-0.020954095,1.3222454,1.0879594,4.823461,183.0,0.3911822,,,,,,,,,,,,,,,,,,,,,,,,
FAILED_SETUP,,,,,,,2026-06-26,2327.0,國巨*,電子零組件業,0.9125488930777024,TOO_EXTENDED,-0.3313964,-0.5365482,0.23857868,-0.0052795672879268,0.13793103,1.920997,0.02,0.33856496,1.7111292,3.7598503,3.0175345,1.0,0.03519792,0.98567045,0.017740406,1.1182843,1.0962387,5.251141,202.0,0.980491,,,,,,,,,,,,,,,,,,,,,,,,
FAILED_SETUP,,,,,,,2026-06-26,2330.0,台積電,電子工業,0.6551262965038501,SECTOR_WEAK,-0.060987126,-0.06437768,0.0751073,-0.0052795672879268,0.083333336,-0.042287987,0.056,0.021107707,0.2453454,2.2881362,0.65522957,0.039960567,0.069076605,0.7011259,-0.020214064,1.1207037,1.178094,2.0902812,240.0,0.9103701,,,,,,,,,,,,,,,,,,,,,,,,
FAILED_SETUP,,,,,,,2026-06-26,2337.0,旺宏,電子工業,0.6478370060926483,SECTOR_WEAK,-0.20978916,-0.44698796,0.009036144,-0.0052795672879268,0.18153846,-0.034223307,0.06,0.014444858,0.56913865,2.96383,0.22000112,0.046153847,0.099170476,0.98157626,-0.020254238,1.3706896,1.8819355,0.9070922,189.0,1.6818619,,,,,,,,,,,,,,,,,,,,,,,,
FAILED_SETUP,,,,,,,2026-06-26,2344.0,華邦電,電子工業,0.9048769488832662,SECTOR_WEAK,-0.30842105,-0.4401914,0.016746411,-0.0052795672879268,0.13075061,0.66028047,0.02,0.4348031,0.9204074,4.1779633,3.2423208,1.0,0.029852118,0.93346983,-0.022209685,1.1280389,0.9628855,4.8285956,213.0,2.1311564,,,,,,,,,,,,,,,,,,,,,,,,
FAILED_SETUP,,,,,,,2026-06-26,2351.0,順德,電子工業,0.6629835296603853,SECTOR_WEAK,-0.12364796,-0.36734694,0.18877551,-0.0052795672879268,0.18575063,0.39694604,0.044,-0.10870913,0.6690071,1.578093,1.5022539,0.18575063,0.14432439,0.9099284,-0.01954344,1.3203253,1.2051321,1.7646512,74.0,1.1527776,,,,,,,,,,,,,,,,,,,,,,,,
FAILED_SETUP,,,,,,,2026-06-26,2363.0,矽統,電子工業,0.758700562093501,SECTOR_WEAK,-0.208,-0.33880597,0.13283582,-0.0052795672879268,0.10932945,0.04219414,0.016,0.05930729,0.28227493,2.9561212,0.008652778,0.0017997778,0.063318156,0.604913,-0.020463455,1.5878929,3.8759224,2.1321716,31.0,1.5911338,,,,,,,,,,,,,,,,,,,,,,,,
FAILED_SETUP,,,,,,,2026-06-26,3016.0,嘉晶,電子工業,0.6866848559293411,SECTOR_WEAK,-0.25989223,-0.43861005,0.1042471,-0.0052795672879268,0.22891566,0.62266123,0.036,-0.07598624,0.6828342,2.920201,0.71082914,0.18473896,0.11654672,0.8915046,-0.01979759,1.2170023,0.80664307,2.1036007,54.0,1.1727587,,,,,,,,,,,,,,,,,,,,,,,,
FAILED_SETUP,,,,,,,2026-06-26,3028.0,增你強,電子通路業,0.8583630040963579,SECTOR_WEAK,-0.16717115,-0.28824103,0.054388132,-0.0052795672879268,0.05067986,0.17471316,0.012,0.086021975,0.52989566,2.9663384,0.28530872,0.04769539,0.020370329,0.85158646,-0.069522575,1.420236,2.0986345,2.446059,184.0,0.81563723,,,,,,,,,,,,,,,,,,,,,,,,
FAILED_SETUP,,,,,,,2026-06-26,2399.0,映泰,電腦及週邊設備業,0.7053375296943487,SECTOR_WEAK,-0.121247426,-0.3814433,0.13402061,-0.0052795672879268,0.185567,0.16228709,0.052,0.049281187,0.48874995,1.479371,8.247598,1.0,0.12058563,0.8126919,-0.053944077,1.0040596,0.5352237,1.159958,75.0,0.80381453,,,,,,,,,,,,,,,,,,,,,,,,
FAILED_SETUP,,,,,,,2026-06-26,3035.0,智原,電子工業,0.6290118739657687,SECTOR_WEAK,-0.17235579,-0.28361857,0.1002445,-0.0052795672879268,0.18644068,0.028499821,0.032,-0.00201222,0.20110366,2.5398798,0.6305326,0.10867595,0.122808844,0.50460595,-0.02010972,1.4013261,1.2575663,1.6191015,44.0,1.5961915,,,,,,,,,,,,,,,,,,,,,,,,
FAILED_SETUP,,,,,,,2026-06-26,3550.0,聯穎,電子工業,0.819685537083265,SECTOR_WEAK,-0.36942676,-0.4156051,0.19904459,-0.0052795672879268,0.26433122,0.21180372,0.008,0.5713308,0.6914154,3.9227054,2.7068965,1.0,0.03039037,0.84749234,-0.022765193,1.2609117,0.67849475,2.847343,122.0,-0.3493651,,,,,,,,,,,,,,,,,,,,,,,,
FAILED_SETUP,,,,,,,2026-06-26,3556.0,禾瑞亞,半導體業,0.768375589405698,SECTOR_WEAK,-0.09518561,-0.21641791,0.18955223,-0.0052795672879268,0.16810985,0.15246351,0.04,0.17762192,0.46158257,1.5513308,1.7661268,0.16810985,0.35545325,0.7819857,-0.0641497,0.946075,0.5970892,2.5309563,97.0,0.8535339,,,,,,,,,,,,,,,,,,,,,,,,
FAILED_SETUP,,,,,,,2026-06-26,3588.0,通嘉,電子工業,0.8064515276905109,SECTOR_WEAK,-0.28954545,-0.37419954,0.05922865,-0.0052795672879268,0.11731843,0.073501684,0.008,0.15998337,0.32822984,4.656551,2.2155616e-08,6.4150583e-09,0.053817093,0.6315251,-0.02096393,1.6695226,3.2230062,2.6094937,56.0,0.78260124,,,,,,,,,,,,,,,,,,,,,,,,
FAILED_SETUP,,,,,,,2026-06-26,3591.0,艾笛森,電子工業,0.6736980242762504,SECTOR_WEAK,-0.20688553,-0.32457787,0.084427774,-0.0052795672879268,0.1304348,-0.032027543,0.028,0.014112703,0.25774696,3.8024135,0.035691757,0.007384108,0.20466587,0.6192426,-0.020191992,1.4423794,1.0348928,1.5959768,72.0,-0.044141598,,,,,,,,,,,,,,,,,,,,,,,,
FAILED_SETUP,,,,,,,2026-06-26,3615.0,安可,光電業,0.6380778251377874,SECTOR_WEAK,-0.07858433,-0.3838269,0.11044177,-0.0052795672879268,0.32475245,0.0953784,0.056,0.05641234,0.5378681,0.72233343,3.3009882,0.25940594,0.23317468,0.83111566,-0.040885743,1.2018433,0.53854764,1.5982641,126.0,-0.59603137,,,,,,,,,,,,,,,,,,,,,,,,
FAILED_SETUP,,,,,,,2026-06-26,3691.0,碩禾,光電業,0.6349199879996151,SECTOR_WEAK,-0.06482085,-0.37068403,0.042345278,-0.0052795672879268,0.16721311,0.020657975,0.076,0.028194143,0.34866637,0.9016181,0.5563885,0.036065575,0.29168674,0.79631525,-0.039694745,0.80172414,0.67570823,1.2565265,128.0,0.49122563,,,,,,,,,,,,,,,,,,,,,,,,
FAILED_SETUP,,,,,,,2026-06-26,3711.0,日月光投控,電子工業,0.8003668042182486,SECTOR_WEAK,-0.18025477,-0.25198275,0.16082802,-0.0052795672879268,0.10759494,0.3281925,0.024,0.0066932132,0.659722,2.780351,0.32478642,0.058544304,0.038268946,0.9222109,-0.02015311,1.3807641,1.6449599,2.6372807,183.0,1.566922,,,,,,,,,,,,,,,,,,,,,,,,
FAILED_SETUP,,,,,,,2026-06-26,3717.0,聯嘉投控,汽車工業,0.7052954528730166,SECTOR_WEAK,-0.23169883,-0.24705426,0.2162162,-0.0052795672879268,0.04528311,-0.21030949,0.008,0.0797059,0.21794957,4.76,0.051075198,0.011834064,0.042056765,0.59365404,-0.008547667,1.0107067,3.1873195,1.3176163,64.0,0.45462146,,,,,,,,,,,,,,,,,,,,,,,,
FAILED_SETUP,,,,,,,2026-06-26,4722.0,國精化,化學生技醫療,0.8391389912506628,SECTOR_WEAK,-0.31408378,-0.4709054,0.092495635,-0.0052795672879268,0.07599309,0.24678864,0.012,0.052131504,0.49388513,3.9245794,0.06048791,0.01899827,0.010758864,0.7093142,-0.0092276465,1.2153846,1.115929,2.6633437,52.0,0.89813197,,,,,,,,,,,,,,,,,,,,,,,,
FAILED_SETUP,,,,,,,2026-06-26,4739.0,康普,化學生技醫療,0.644708792546176,SECTOR_WEAK,-0.10321101,-0.37260273,0.0913242,-0.0052795672879268,0.25859386,-0.068183385,0.028,0.07879018,0.2867249,1.2289413,0.1482101,0.015296914,0.092647,0.6949847,-0.011983302,0.80389655,0.59583384,0.7140277,75.0,0.99511427,,,,,,,,,,,,,,,,,,,,,,,,
FAILED_SETUP,,,,,,,2026-06-26,4931.0,新盛力,電腦及週邊設備業,0.7120284990273273,SECTOR_WEAK,-0.06547414,-0.30296093,0.21981835,-0.0052795672879268,0.23974082,0.18608649,0.04,0.14164263,0.36758363,0.74486864,3.661611,0.23974082,0.05614161,0.47697031,-0.0554215,0.9013398,0.44809335,1.8135436,32.0,1.3029363,,,,,,,,,,,,,,,,,,,,,,,,
FAILED_SETUP,,,,,,,2026-06-26,4952.0,凌通,電子工業,0.698099939054649,SECTOR_WEAK,-0.20258857,-0.24175824,0.13003664,-0.0052795672879268,0.116936006,0.0017572179,0.036,0.03358697,0.28051087,3.09616,0.093898535,0.01902277,0.15606442,0.67246675,-0.02029569,1.0239375,0.5103529,1.558285,56.0,1.3691058,,,,,,,,,,,,,,,,,,,,,,,,
FAILED_SETUP,,,,,,,2026-06-26,4958.0,臻鼎-KY,電子零組件業,0.8778162695784582,STOCK_SPECIFIC,-0.25004157,-0.3762712,0.116949156,-0.0052795672879268,0.1275862,0.88621867,0.028,0.1612951,1.1458265,3.491705,3.9993348,1.0,0.051836923,0.9785056,0.018843742,0.9680837,2.4297779,3.5908077,112.0,0.36640096,,,,,,,,,,,,,,,,,,,,,,,,
FAILED_SETUP,,,,,,,2026-06-26,4973.0,廣穎,半導體業,0.8282614725377982,SECTOR_WEAK,-0.16905817,-0.35457063,0.002770083,-0.0052795672879268,0.21666667,1.2133552,0.036,0.22350158,1.3376215,2.2135234,5.915124,1.0,0.04285727,0.99385875,-0.06460808,0.69961977,0.62230295,4.116645,167.0,0.46127468,,,,,,,,,,,,,,,,,,,,,,,,
FAILED_SETUP,,,,,,,2026-06-26,3033.0,威健,電子通路業,0.6553751724111905,SECTOR_WEAK,-0.073359996,-0.163,0.188,-0.0052795672879268,0.1285714,0.120072365,0.096,0.023262309,0.36467445,1.6727036,1.7526091,0.1285714,0.2669118,0.6857728,-0.066652775,0.9719626,0.98490536,2.587948,57.0,0.4005656,,,,,,,,,,,,,,,,,,,,,,,,
FAILED_SETUP,,,,,,,2026-06-26,3504.0,揚明光,電子工業,0.7025017783589285,SECTOR_WEAK,-0.11986586,-0.2682927,0.018292682,-0.0052795672879268,0.18689321,0.11503432,0.04,0.06782548,0.34744737,1.4701495,0.050622933,0.006067961,0.2580825,0.6837257,-0.020517966,0.9015544,0.5295497,1.563782,46.0,0.4349216,,,,,,,,,,,,,,,,,,,,,,,,
FAILED_SETUP,,,,,,,2026-06-26,3450.0,聯鈞,其他電子業,0.8477739852032989,SECTOR_WEAK,-0.19829395,-0.37142858,0.14285715,-0.0052795672879268,0.15471698,0.45314762,0.02,0.16526294,0.641857,2.1921766,0.6736216,0.13357508,0.03795529,0.85568064,-0.082615845,1.092303,0.9953771,2.371013,57.0,1.7471006,,,,,,,,,,,,,,,,,,,,,,,,
FAILED_SETUP,,,,,,,2026-06-26,3652.0,精聯,電腦及週邊設備業,0.8069866391940874,SECTOR_WEAK,-0.23278129,-0.26985914,0.011166303,-0.0052795672879268,0.09734514,0.08620695,0.02,0.19679902,0.32638004,3.5409617,0.050233815,0.0116934925,0.26717198,0.5854657,-0.05328497,1.3113312,1.562096,2.9564102,22.0,0.9365732,,,,,,,,,,,,,,,,,,,,,,,,
FAILED_SETUP,,,,,,,2026-06-26,3438.0,類比科,半導體業,0.664241871909099,SECTOR_WEAK,-0.0974359,-0.3130187,0.10256411,-0.0052795672879268,0.14857143,0.13544454,0.052,0.011974628,0.2803785,1.5906976,0.111302294,0.010844839,0.20253268,0.5332651,-0.06253522,0.9370629,0.49306664,1.9251938,44.0,1.3442471,,,,,,,,,,,,,,,,,,,,,,,,
FAILED_SETUP,,,,,,,2026-06-26,3044.0,健鼎,電子零組件業,0.6345858263378259,STOCK_SPECIFIC,-0.11697446,-0.3398,0.057935175,-0.0052795672879268,0.17716536,0.051241826,0.048,-0.012172442,0.29803762,2.0232038,0.08414247,0.00984252,0.07240423,0.703173,0.020120028,1.0252707,0.7211501,1.2462379,265.0,1.115323,,,,,,,,,,,,,,,,,,,,,,,,
FAILED_SETUP,,,,,,,2026-06-26,3060.0,銘異,電腦及週邊設備業,0.6809407094189813,SECTOR_WEAK,-0.24422283,-0.30976152,0.0761634,-0.0052795672879268,0.16093534,-0.121801555,0.024,0.30225414,0.1740956,2.955648,9.065428e-08,2.2139846e-08,0.10913572,0.34390992,-0.057138026,1.3925657,1.0069093,1.9987315,10.0,1.6684483,,,,,,,,,,,,,,,,,,,,,,,,
FAILED_SETUP,,,,,,,2026-06-26,3088.0,艾訊,電腦及週邊設備業,0.671175490534602,SECTOR_WEAK,-0.090073526,-0.14477356,0.19281583,-0.0052795672879268,0.11764706,0.20279881,0.092,0.0030413563,0.413741,1.7411166,1.0592089,0.095406674,0.2422878,0.7502559,-0.05304717,0.8,0.63771534,2.1329272,55.0,0.16831303,,,,,,,,,,,,,,,,,,,,,,,,
FAILED_SETUP,,,,,,,2026-06-26,3093.0,港建*,其他電子業,0.8821445216167312,SECTOR_WEAK,-0.34,-0.45971563,0.036,-0.0052795672879268,0.0915493,0.19606043,0.024,0.42323014,0.7247522,4.9930067,0.26926264,0.0915493,0.12201683,0.92528147,-0.087111965,1.0600859,0.86535317,2.1389976,77.0,0.2659595,,,,,,,,,,,,,,,,,,,,,,,,
FAILED_SETUP,,,,,,,2026-06-26,3114.0,好德,電子零組件業,0.9251083525320624,TOO_EXTENDED,-0.45740387,-0.46730772,0.0076923077,-0.0052795672879268,0.125,0.4744682,0.004,0.78815657,0.8326206,5.375141,2.1862519,1.0,0.06404317,0.8362334,0.018177025,1.4939467,1.6203235,4.4723163,38.0,-0.25602353,,,,,,,,,,,,,,,,,,,,,,,,
FAILED_SETUP,,,,,,,2026-06-26,3189.0,景碩,電子工業,0.9227963915823716,SECTOR_WEAK,-0.2872,-0.34311983,0.13818182,-0.0052795672879268,0.120451696,0.6820892,0.0,0.16997318,1.2735579,3.5553696,3.4818943,1.0,0.0,0.99692935,-0.021069825,1.1556933,3.4518752,3.5596461,221.0,1.1928308,,,,,,,,,,,,,,,,,,,,,,,,
FAILED_SETUP,,,,,,,2026-06-26,3221.0,台嘉碩,通信網路業,0.7319251749584421,SECTOR_WEAK,-0.13752542,-0.32469016,0.1779661,-0.0052795672879268,0.17271158,0.19318192,0.064,0.08573714,0.6481327,1.7159517,1.2558521,0.17271158,0.2614582,0.9273286,-0.1453775,0.7388535,1.2739315,1.7896526,157.0,0.83791786,,,,,,,,,,,,,,,,,,,,,,,,
FAILED_SETUP,,,,,,,2026-06-26,3234.0,光環,通信網路業,0.7790978201187585,SECTOR_WEAK,-0.20480645,-0.32741937,0.33870968,-0.0052795672879268,0.1984127,-0.005249217,0.024,0.41062585,0.5717125,2.0316799,0.65877146,0.13492064,0.10676579,0.912999,-0.15416975,1.197212,0.6530955,1.1242666,140.0,1.561107,,,,,,,,,,,,,,,,,,,,,,,,
FAILED_SETUP,,,,,,,2026-06-26,3037.0,欣興,電子零組件業,0.6813535528498084,STOCK_SPECIFIC,-0.1963063,-0.34500787,0.20366089,-0.0052795672879268,0.15897436,0.43432182,0.056,-0.09092459,0.8589662,2.5683255,0.8098281,0.15897436,0.042229332,0.98464686,0.020709725,1.2493225,3.3602886,1.738759,188.0,1.1620033,,,,,,,,,,,,,,,,,,,,,,,,
FAILED_SETUP,,,,,,,2026-06-26,3312.0,弘憶股,電子工業,0.7396212708709524,SECTOR_WEAK,-0.19468908,-0.34117648,0.031932767,-0.0052795672879268,0.23857868,0.22641605,0.036,0.19858116,0.40209088,2.491183,0.24500291,0.04769939,0.17096716,0.7062436,-0.021232568,0.94742215,0.66323215,2.1847672,31.0,1.0024933,,,,,,,,,,,,,,,,,,,,,,,,
FAILED_SETUP,,,,,,,2026-06-26,3317.0,尼克森,半導體業,0.8406650779364622,SECTOR_WEAK,-0.18614864,-0.3367117,0.21621622,-0.0052795672879268,0.15,0.33990908,0.016,0.1291714,0.60309696,2.6940627,5.3720512,1.0,0.066621505,0.80859774,-0.06364927,1.3775322,1.683071,3.399631,62.0,0.4008233,,,,,,,,,,,,,,,,,,,,,,,,
FAILED_SETUP,,,,,,,2026-06-26,3321.0,同泰,電子零組件業,0.8022676199047896,STOCK_SPECIFIC,-0.29716024,-0.3306288,0.07707911,-0.0052795672879268,0.15400411,0.11321479,0.012,0.21017519,0.3659793,3.6365247,0.032447197,0.009642017,0.064533725,0.53735924,0.020318458,1.2111111,0.9240528,3.0159574,23.0,0.57583606,,,,,,,,,,,,,,,,,,,,,,,,
FAILED_SETUP,,,,,,,2026-06-26,3346.0,麗清,汽車工業,0.6596883296256674,SECTOR_WEAK,-0.11702706,-0.24948028,0.28482327,-0.0052795672879268,0.12970713,-0.06303785,0.068,0.2055856,0.20759927,2.0052423,0.0683162,0.007994844,0.18180089,0.49539405,-0.0013789585,0.8304279,0.6838015,3.0256147,7.0,-0.2647362,,,,,,,,,,,,,,,,,,,,,,,,
FAILED_SETUP,,,,,,,2026-06-26,3357.0,臺慶科,電子零組件業,0.7355445363341844,STOCK_SPECIFIC,-0.17598332,-0.43333334,0.105,-0.0052795672879268,0.23627287,0.45910457,0.028,0.020586219,0.6152151,1.9034231,5.682357,1.0,0.12422704,0.82292736,0.019816859,0.913242,0.28924206,2.5462868,56.0,0.6049516,,,,,,,,,,,,,,,,,,,,,,,,
FAILED_SETUP,,,,,,,2026-06-26,3406.0,玉晶光,電子工業,0.7980550319538551,SECTOR_WEAK,-0.20656535,-0.37037036,0.0071225073,-0.0052795672879268,0.13714285,0.2039,0.04,0.25504568,0.444967,2.4727457,4.841083,1.0,0.15166503,0.7379734,-0.021419346,0.9538501,0.7585402,2.2833564,71.0,0.5351655,,,,,,,,,,,,,,,,,,,,,,,,
FAILED_SETUP,,,,,,,2026-06-26,3236.0,千如,電子零組件業,0.914547825118919,TOO_EXTENDED,-0.3091679,-0.48759124,0.10510949,-0.0052795672879268,0.08148148,0.691268,0.02,0.22185533,0.89231116,3.760203,3.2344887,1.0,0.09752119,0.8843398,0.018392514,1.0950722,4.331266,4.0416822,172.0,0.70663273,,,,,,,,,,,,,,,,,,,,,,,,
FAILED_SETUP,,,,,,,2026-07-03,6121.0,新普,電腦及週邊設備業,0.6829874990643013,SECTOR_WEAK,-0.08303279,-0.17975415,0.14168619,-0.0091914343014994,0.025882354,-0.13092752,0.0,0.07535225,0.17242959,2.8122947,0.31171244,0.025882354,0.0,0.36430833,-0.06291796,1.1254237,0.7980234,3.0141644,34.0,0.40029857,,,,,,,,,,,,,,,,,,,,,,,,
FAILED_SETUP,,,,,,,2026-07-03,6127.0,九豪,電子零組件業,0.780643012201512,STOCK_SPECIFIC,-0.24248314,-0.5382022,0.013483146,-0.0091914343014994,0.1590909,0.5185298,0.02,0.0657064,0.8999914,3.3238065,4.123998,1.0,0.0491901,0.8965153,0.08035528,1.1853857,0.7900739,3.9306016,167.0,0.5823577,,,,,,,,,,,,,,,,,,,,,,,,
FAILED_SETUP,,,,,,,2026-07-03,6129.0,普誠,半導體業,0.6877895052024852,STOCK_SPECIFIC,-0.24005224,-0.3211488,0.09921671,-0.0091914343014994,0.0704961,-0.09294081,0.008,0.117643274,0.23014003,4.2480536,0.76136607,0.18276763,0.070116036,0.51953536,0.0049122362,1.113924,1.6582842,2.3849285,15.0,0.5995668,,,,,,,,,,,,,,,,,,,,,,,,
FAILED_SETUP,,,,,,,2026-07-03,6138.0,茂達,半導體業,0.8377513286922674,STOCK_SPECIFIC,-0.32613444,-0.3877551,0.05642257,-0.0091914343014994,0.1025,0.3294137,0.004,0.20219201,0.5584416,4.2879143,3.06622,1.0,0.017125558,0.7529039,0.002535567,1.254833,4.7816606,3.1756482,54.0,1.9217529,,,,,,,,,,,,,,,,,,,,,,,,
FAILED_SETUP,,,,,,,2026-07-03,6139.0,亞翔,其他電子業,0.8586481024028746,SECTOR_WEAK,-0.269875,-0.340625,0.0,-0.0091914343014994,0.04113924,0.26693636,0.0,0.14711475,0.5077615,4.668108,3.705419,1.0,0.0,0.7170011,-0.02217493,1.0191972,1.0208142,3.4423423,283.0,0.17518742,,,,,,,,,,,,,,,,,,,,,,,,
FAILED_SETUP,,,,,,,2026-07-03,6155.0,鈞寶,電子工業,0.7503256231753874,SECTOR_WEAK,-0.23088792,-0.48863637,0.013636364,-0.0091914343014994,0.18390805,0.44229516,0.04,0.18485029,0.62053424,2.7290292,4.3311057,1.0,0.1478762,0.80887014,-0.002343939,0.9064748,0.26386324,2.9876425,169.0,0.60511655,,,,,,,,,,,,,,,,,,,,,,,,
FAILED_SETUP,,,,,,,2026-07-03,6166.0,凌華,電子工業,0.6752661127329891,SECTOR_WEAK,-0.123247236,-0.18094438,0.29559708,-0.0091914343014994,0.23134328,0.6368698,0.04,0.011998303,0.6382887,1.6349651,8.113772,1.0,0.11643337,0.81309396,-0.0014003512,0.8425926,0.30846,2.2411423,51.0,0.20870839,,,,,,,,,,,,,,,,,,,,,,,,
FAILED_SETUP,,,,,,,2026-07-03,6173.0,信昌電,電子零組件業,0.9817935474212142,TOO_EXTENDED,-0.44769874,-0.6279514,0.011157601,-0.0091914343014994,0.0,3.2740157,0.0,0.5247879,2.0632222,5.9287596,2.233645,1.0,0.0,0.9936642,0.077511124,1.2707182,3.4462965,6.0754704,61.0,0.61367506,,,,,,,,,,,,,,,,,,,,,,,,
FAILED_SETUP,,,,,,,2026-07-03,6196.0,帆宣,電子工業,0.9146957107567932,SECTOR_WEAK,-0.24867734,-0.28235295,0.020168068,-0.0091914343014994,0.017006803,0.46933338,0.0,0.15871438,0.72338235,4.911114,0.012882354,0.0032035494,0.0,0.8373812,-0.0021242118,0.9847192,0.72715616,4.536362,293.0,0.7918264,,,,,,,,,,,,,,,,,,,,,,,,
FAILED_SETUP,,,,,,,2026-07-03,6175.0,立敦,電子零組件業,0.8946373231529305,STOCK_SPECIFIC,-0.2887296,-0.42550385,0.025751077,-0.0091914343014994,0.069565214,0.7275566,0.004,0.20479164,0.8134034,3.661882,0.0150584625,0.004347824,0.01329562,0.8511088,0.07936218,0.86475617,0.6253586,3.3067653,61.0,-1.0111874,,,,,,,,,,,,,,,,,,,,,,,,
FAILED_SETUP,,,,,,,2026-07-03,6190.0,萬泰科,通信網路業,0.7392776405419568,SECTOR_WEAK,-0.1651152,-0.33610258,0.013824877,-0.0091914343014994,0.16083916,0.12294851,0.012,0.13695233,0.44493908,4.3430305,0.9741026,0.16083916,0.024011018,0.76979935,-0.11476195,0.8031291,0.8557528,2.7005053,80.0,0.48935285,,,,,,,,,,,,,,,,,,,,,,,,
FAILED_SETUP,,,,,,,2026-07-03,6197.0,佳必琪,電子工業,0.9351912568306012,SECTOR_WEAK,-0.22893134,-0.30666667,0.08,-0.0091914343014994,0.011679448,0.6801848,0.0,0.17891409,0.93373066,4.9178796,4.368122,1.0,0.0,0.9123548,-0.0022402122,0.9299193,0.60729754,6.3834767,47.0,0.29386973,,,,,,,,,,,,,,,,,,,,,,,,
FAILED_SETUP,,,,,,,2026-07-03,6202.0,盛群,半導體業,0.6618564263792202,STOCK_SPECIFIC,-0.28250366,-0.35651538,0.095168374,-0.0091914343014994,0.20895523,0.029818717,0.02,0.13997798,0.32973444,3.3682046,0.016249197,0.0045904573,0.0839757,0.7412883,0.003118333,1.0019047,0.9670098,1.5146301,94.0,1.5024726,,,,,,,,,,,,,,,,,,,,,,,,
FAILED_SETUP,,,,,,,2026-07-03,6204.0,艾華,電子零組件業,0.7971973950145969,STOCK_SPECIFIC,-0.20238866,-0.508502,0.0,-0.0091914343014994,0.06557377,0.42766744,0.016,0.04629161,0.52323556,2.8220162,0.15812129,0.032001957,0.044025887,0.62302005,0.08050071,0.83923703,0.77628636,3.623441,43.0,-0.24266233,,,,,,,,,,,,,,,,,,,,,,,,
FAILED_SETUP,,,,,,,2026-07-03,6207.0,雷科,電子零組件業,0.6841230631035258,STOCK_SPECIFIC,-0.20865132,-0.4390408,0.03947368,-0.0091914343014994,0.17857143,1.1445438,0.028,-0.099019974,1.1705835,2.3125522,4.792685,1.0,0.13629629,0.94192183,0.08140484,0.975265,0.5053818,3.9135592,35.0,-0.5534259,,,,,,,,,,,,,,,,,,,,,,,,
FAILED_SETUP,,,,,,,2026-07-03,6223.0,旺矽,半導體業,0.9259106220525488,STOCK_SPECIFIC,-0.3327143,-0.39404026,0.0,-0.0091914343014994,0.0027100272,0.3648206,0.0,0.18897603,0.89932054,5.3894215,3.0055819,1.0,0.0,0.94297785,0.002688366,1.1404786,0.5664452,3.5373402,254.0,0.55007744,,,,,,,,,,,,,,,,,,,,,,,,
FAILED_SETUP,,,,,,,2026-07-03,6174.0,安碁,電子零組件業,0.9643072086234,TOO_EXTENDED,-0.39640355,-0.4227769,0.04524181,-0.0091914343014994,0.0,0.95161843,0.0,0.31630751,1.0907545,5.573956,2.5226817,1.0,0.0,0.9260824,0.07857969,1.2423075,1.8053916,4.4824615,69.0,0.43829268,,,,,,,,,,,,,,,,,,,,,,,,
FAILED_SETUP,,,,,,,2026-07-03,5864.0,致和證,金融保險,0.7500007485590239,TOO_EXTENDED,-0.16058806,-0.37697518,0.03724605,-0.0091914343014994,0.08557093,0.46292782,0.024,-0.052577056,0.8441491,3.5246277,0.53285986,0.08557093,0.07141903,0.94508976,0.0042153103,0.7861822,1.1510822,5.424499,203.0,1.0228579,,,,,,,,,,,,,,,,,,,,,,,,
FAILED_SETUP,,,,,,,2026-07-03,4534.0,慶騰,電機機械,0.7834351373605808,SECTOR_WEAK,-0.18895043,-0.20699708,0.2973761,-0.0091914343014994,0.058309037,0.033870935,0.008,0.11016162,0.47446552,2.8758795,0.30859435,0.058309037,0.037603617,0.86483634,-0.05058442,0.8455882,0.75839293,2.9641838,101.0,0.8997351,,,,,,,,,,,,,,,,,,,,,,,,
FAILED_SETUP,,,,,,,2026-07-03,5426.0,振發,電腦及週邊設備業,0.6788000598847219,SECTOR_WEAK,-0.16615622,-0.31699848,0.019908117,-0.0091914343014994,0.26771653,0.14841057,0.032,0.20236512,0.4730217,2.0751367,0.056356225,0.009363937,0.1519182,0.6747624,-0.061378557,0.86865145,0.32640243,2.9303734,17.0,-0.24720325,,,,,,,,,,,,,,,,,,,,,,,,
FAILED_SETUP,,,,,,,2026-07-03,6224.0,聚鼎,電子零組件業,0.7365802080994086,STOCK_SPECIFIC,-0.19418605,-0.44534883,0.0,-0.0091914343014994,0.12847222,0.54305524,0.016,-0.03327238,0.5927358,2.8828607,0.60199046,0.11689815,0.14235455,0.8078141,0.08108159,1.1738788,2.1585472,2.1139514,56.0,0.1969381,,,,,,,,,,,,,,,,,,,,,,,,
FAILED_SETUP,,,,,,,2026-07-03,4542.0,科嶠,電子零組件業,0.8953574369339024,TOO_EXTENDED,-0.49388775,-0.5540816,0.0,-0.0091914343014994,0.1253886,1.1934462,0.008,0.75525516,1.7555375,7.088012,2.0247517,1.0,0.03093534,0.99472016,0.076363005,1.3939394,0.8890765,6.229951,129.0,-0.3557063,,,,,,,,,,,,,,,,,,,,,,,,
FAILED_SETUP,,,,,,,2026-07-03,4716.0,大立,化學工業,0.7368852459016394,STOCK_SPECIFIC,-0.309404,-0.3156733,0.081677705,-0.0091914343014994,0.15929204,0.13616878,0.028,0.32801306,0.4151534,3.6608956,0.12547535,0.03882257,0.3337197,0.51531154,0.0011292627,1.476112,0.6523649,3.0524876,13.0,-0.5296615,,,,,,,,,,,,,,,,,,,,,,,,
FAILED_SETUP,,,,,,,2026-07-03,4916.0,事欣科,電腦及週邊設備業,0.7379347256531178,SECTOR_WEAK,-0.1849569,-0.24655172,0.02155173,-0.0091914343014994,0.10869565,0.46652472,0.024,-0.02360333,0.65218806,3.563108,0.587681,0.10869565,0.016252564,0.78880674,-0.06177224,0.8509046,1.5177847,4.6173983,38.0,0.3498451,,,,,,,,,,,,,,,,,,,,,,,,
FAILED_SETUP,,,,,,,2026-07-03,4939.0,亞電,電子零組件業,0.766436110487312,STOCK_SPECIFIC,-0.14655173,-0.28056425,0.492163,-0.0091914343014994,0.13186814,0.6116342,0.028,0.06880854,0.58271784,2.1963089,0.89980614,0.13186814,0.0894648,0.69482577,0.08015271,0.89719623,0.32619014,3.5204272,59.0,-1.1075133,,,,,,,,,,,,,,,,,,,,,,,,
FAILED_SETUP,,,,,,,2026-07-03,4952.0,凌通,電子工業,0.8346253462085486,SECTOR_WEAK,-0.27070913,-0.30653265,0.01675042,-0.0091914343014994,0.026622295,0.08901795,0.0,0.18430908,0.3966457,4.6159005,0.3020813,0.081776164,0.0,0.71805704,-0.0022592454,1.0751613,3.5049987,2.8170507,61.0,1.3975652,,,,,,,,,,,,,,,,,,,,,,,,
FAILED_SETUP,,,,,,,2026-07-03,4958.0,臻鼎-KY,電子零組件業,0.862581031514335,STOCK_SPECIFIC,-0.28169566,-0.4025974,0.064935066,-0.0091914343014994,0.07504078,1.0128217,0.024,0.14924659,1.1467693,4.138575,3.5499303,1.0,0.038941823,0.9788807,0.07978031,1.0406389,0.67053294,3.6451468,117.0,-0.039259795,,,,,,,,,,,,,,,,,,,,,,,,
FAILED_SETUP,,,,,,,2026-07-03,5536.0,聖暉*,其他電子業,0.9130166928662324,SECTOR_WEAK,-0.29661298,-0.44041812,0.013937282,-0.0091914343014994,0.04195804,0.42443636,0.0,0.27712095,0.7114135,4.509361,3.3713968,1.0,0.0,0.749736,-0.024486313,1.0889487,0.5952087,4.283895,38.0,0.20053685,,,,,,,,,,,,,,,,,,,,,,,,
FAILED_SETUP,,,,,,,2026-07-03,4973.0,廣穎,半導體業,0.6375020585373157,STOCK_SPECIFIC,-0.110726744,-0.32267442,0.020348838,-0.0091914343014994,0.28070176,0.77365047,0.04,-0.05748425,1.1038243,1.5638123,2.5350854,0.28070176,0.042718016,0.9809926,0.0049240803,0.8333333,0.8551469,3.239103,172.0,0.21551764,,,,,,,,,,,,,,,,,,,,,,,,
FAILED_SETUP,,,,,,,2026-07-03,5011.0,久陽,鋼鐵工業,0.8040115278089678,SECTOR_WEAK,-0.3121031,-0.31340206,0.037113402,-0.0091914343014994,0.15257733,0.28401524,0.02,0.26778167,0.6980207,4.5088935,0.0021790355,0.0006800837,0.13980919,0.87961984,-0.041932747,1.1904762,0.36863136,3.9666667,82.0,0.24792764,,,,,,,,,,,,,,,,,,,,,,,,
FAILED_SETUP,,,,,,,2026-07-03,5228.0,鈺鎧,電子零組件業,0.6677655513137211,STOCK_SPECIFIC,-0.12165414,-0.49398497,0.009022556,-0.0091914343014994,0.23157895,0.97874564,0.036,-0.051402923,0.9591476,1.3419431,1.9035847,0.23157895,0.26069126,0.9651531,0.081134565,0.7912409,0.58175737,2.4202805,139.0,-0.9962381,,,,,,,,,,,,,,,,,,,,,,,,
FAILED_SETUP,,,,,,,2026-07-03,5230.0,雷笛克光學,光電業,0.6460738079197544,SECTOR_WEAK,-0.22594708,-0.23167849,0.03782506,-0.0091914343014994,0.18439716,-0.07110838,0.012,0.20741677,0.21927613,2.921059,0.09430915,0.021308877,0.22817358,0.3875396,-0.02719288,1.1640089,0.44718543,2.059113,12.0,-0.11605007,,,,,,,,,,,,,,,,,,,,,,,,
FAILED_SETUP,,,,,,,2026-07-03,5285.0,界霖,電子工業,0.66632382663373,SECTOR_WEAK,-0.18427727,-0.35252526,0.0959596,-0.0091914343014994,0.19195047,0.41913554,0.032,-0.0336575,0.6108681,2.45167,0.075144656,0.013847452,0.2518822,0.7845829,-0.0011720164,0.87069845,0.46591452,2.8393009,61.0,-0.20623113,,,,,,,,,,,,,,,,,,,,,,,,
FAILED_SETUP,,,,,,,2026-07-03,5299.0,杰力,半導體業,0.7977183920952168,STOCK_SPECIFIC,-0.29224,-0.3525751,0.02909091,-0.0091914343014994,0.08527132,0.16046737,0.016,0.15629987,0.5071385,4.245751,0.29178524,0.085271314,0.13868454,0.7434002,0.0030352836,1.1764706,2.7966557,2.7343144,64.0,0.6457818,,,,,,,,,,,,,,,,,,,,,,,,
FAILED_SETUP,,,,,,,2026-07-03,5347.0,世界,半導體業,0.7455221199191555,STOCK_SPECIFIC,-0.2709086,-0.32124352,0.0025906735,-0.0091914343014994,0.15245478,0.22482057,0.024,0.16005667,0.44985813,3.8525424,3.6912818,1.0,0.062601835,0.80253434,0.0029088182,1.0250481,0.4997169,2.113796,117.0,0.77607304,,,,,,,,,,,,,,,,,,,,,,,,
FAILED_SETUP,,,,,,,2026-07-03,5410.0,國眾,資訊服務業,0.7814926266936149,SECTOR_WEAK,-0.21142857,-0.25324675,0.012987013,-0.0091914343014994,0.08260871,0.06762999,0.008,0.20148532,0.3700534,6.2443833,0.39071688,0.08260871,0.047919262,0.5902851,-0.07707212,0.73324203,0.62445235,4.9159813,47.0,0.20549937,,,,,,,,,,,,,,,,,,,,,,,,
FAILED_SETUP,,,,,,,2026-07-03,4989.0,榮科,電子零組件業,0.8673553409686354,STOCK_SPECIFIC,-0.39838827,-0.56810343,0.012931035,-0.0091914343014994,0.068926886,0.28427178,0.0,0.16167793,0.64482784,6.4744854,0.17301434,0.068926886,0.0,0.86061245,0.07975226,1.2676463,5.982083,2.8249362,222.0,1.5050557,,,,,,,,,,,,,,,,,,,,,,,,
FAILED_SETUP,,,,,,,2026-07-03,6234.0,高僑,光電業,0.6351927539486487,SECTOR_WEAK,-0.21942309,-0.44615385,0.026923077,-0.0091914343014994,0.2813765,0.22406594,0.036,0.07245013,0.44082132,3.3348644,0.9410028,0.20647773,0.098496035,0.6673706,-0.031946037,1.0970589,1.5104498,0.8821851,80.0,0.8814493,,,,,,,,,,,,,,,,,,,,,,,,
FAILED_SETUP,,,,,,,2026-07-03,8182.0,加高,電子零組件業,0.9266981061456696,STOCK_SPECIFIC,-0.32294068,-0.4290664,0.023728814,-0.0091914343014994,0.02881356,0.47506446,0.0,0.2674896,0.77203786,4.4756546,3.8004988e-08,1.2273356e-08,0.0,0.85850054,0.07885872,1.1229947,2.5918987,3.7758112,80.0,-0.7526594,,,,,,,,,,,,,,,,,,,,,,,,
FAILED_SETUP,,,,,,,2026-07-03,6270.0,倍微,電子通路業,0.6829321056965341,SECTOR_WEAK,-0.21441895,-0.30327868,0.09016393,-0.0091914343014994,0.23953626,0.07606465,0.032,0.3347072,0.4184228,3.1522655,4.663767,1.0,0.20828778,0.719113,-0.092269175,0.7573854,0.17836083,2.7829666,79.0,-0.3271526,,,,,,,,,,,,,,,,,,,,,,,,
FAILED_SETUP,,,,,,,2026-07-03,7556.0,意德士,半導體業,0.6483097537240811,STOCK_SPECIFIC,-0.15,-0.3189699,0.0,-0.0091914343014994,0.15951973,0.1800334,0.04,0.025778975,0.3783592,4.023871,0.2287021,0.034305315,0.115369625,0.7338965,0.0043194946,0.76153845,0.85694337,1.3947312,59.0,0.9694943,,,,,,,,,,,,,,,,,,,,,,,,
FAILED_SETUP,,,,,,,2026-07-03,7788.0,松川精密,電子零組件業,0.6682678344187438,STOCK_SPECIFIC,-0.208,-0.30798244,0.40017545,-0.0091914343014994,0.23935091,0.30025095,0.044,0.104365975,0.4605388,2.7839386,4.8076925,1.0,0.25706568,0.75079197,0.079816274,0.62485206,0.21692573,2.2387507,62.0,-0.89720726,,,,,,,,,,,,,,,,,,,,,,,,
FAILED_SETUP,,,,,,,2026-07-03,7828.0,創新服務,半導體業,0.8036372482970282,STOCK_SPECIFIC,-0.36613122,-0.45701358,0.03846154,-0.0091914343014994,0.14090909,0.11057619,0.016,0.36715525,0.7395987,4.47751,2.7312613,1.0,0.008647023,0.88912356,0.0010987332,1.2842416,,3.608158,135.0,0.8870819,,,,,,,,,,,,,,,,,,,,,,,,
FAILED_SETUP,,,,,,,2026-07-03,8016.0,矽創,電子工業,0.8479556853057864,SECTOR_WEAK,-0.22933562,-0.25739646,0.113905326,-0.0091914343014994,0.04041916,0.26794687,0.004,0.12381906,0.5566858,4.214432,4.3604217,1.0,0.016246583,0.7793031,-0.0019518685,1.154356,0.5403359,3.7472212,49.0,0.80565053,,,,,,,,,,,,,,,,,,,,,,,,
FAILED_SETUP,,,,,,,2026-07-03,8028.0,昇陽半導體,電子工業,0.7466116475784116,SECTOR_WEAK,-0.1823327,-0.3362573,0.064327486,-0.0091914343014994,0.08148232,0.38232034,0.02,-0.03327238,0.57389486,3.4506283,0.44688815,0.08148232,0.020142622,0.77402323,-0.0011434029,0.9806819,1.6557101,3.4680524,62.0,0.40035668,,,,,,,,,,,,,,,,,,,,,,,,
FAILED_SETUP,,,,,,,2026-07-03,8042.0,金山電,電子零組件業,0.9353768994685232,TOO_EXTENDED,-0.40976247,-0.58194774,0.07125891,-0.0091914343014994,0.0783848,1.9001386,0.0,0.32289028,1.5384586,5.095232,2.4404383,1.0,0.0,0.9714889,0.078626856,1.2009461,,5.192921,180.0,1.2428619,,,,,,,,,,,,,,,,,,,,,,,,
FAILED_SETUP,,,,,,,2026-07-03,8043.0,蜜望實,電子零組件業,0.8219806871771839,STOCK_SPECIFIC,-0.32699507,-0.4408867,0.032019705,-0.0091914343014994,0.18271604,1.1962116,0.024,0.2937145,0.9879447,3.5950484,0.5587731,0.18271604,0.08430554,0.8690602,0.07868615,1.0187266,1.1140368,3.6291683,180.0,-0.5474932,,,,,,,,,,,,,,,,,,,,,,,,
FAILED_SETUP,,,,,,,2026-07-03,6909.0,創控,半導體業,0.6356516206302867,STOCK_SPECIFIC,-0.29381114,-0.38279933,0.037099496,-0.0091914343014994,0.17526568,-0.12570018,0.024,0.21068183,0.29098263,4.496258,0.596525,0.17526568,0.19549605,0.5997888,0.002472795,0.9235049,0.73863494,1.4817395,14.0,0.44082975,,,,,,,,,,,,,,,,,,,,,,,,
FAILED_SETUP,,,,,,,2026-07-03,8081.0,致新,電子工業,0.7976929410884048,SECTOR_WEAK,-0.26875755,-0.30182928,0.025914634,-0.0091914343014994,0.031319164,0.017829368,0.004,0.18147467,0.38411862,5.098878,3.7208257,1.0,0.018891858,0.66631466,-0.0022432536,1.0431635,1.033639,3.4623,108.0,1.1343185,,,,,,,,,,,,,,,,,,,,,,,,
FAILED_SETUP,,,,,,,2026-07-03,8105.0,凌巨,電子工業,0.6649247698181002,SECTOR_WEAK,-0.1675,-0.38181818,0.011363637,-0.0091914343014994,0.18390805,0.15164253,0.044,0.062341787,0.5103468,2.371954,0.71695906,0.12009064,0.22338647,0.7602957,-0.001704839,0.7588235,0.24342008,2.7254405,51.0,0.5232905,,,,,,,,,,,,,,,,,,,,,,,,
FAILED_SETUP,,,,,,,2026-07-03,8121.0,越峰,電子零組件業,0.7352084736881503,STOCK_SPECIFIC,-0.24931818,-0.45661157,0.020661157,-0.0091914343014994,0.18426502,0.4402717,0.028,0.08828662,0.5422769,2.9534616,0.12871543,0.032091096,0.122075416,0.7001056,0.08015489,1.0,0.74865,2.6588578,45.0,0.47605506,,,,,,,,,,,,,,,,,,,,,,,,
FAILED_SETUP,,,,,,,2026-07-03,8150.0,南茂,電子工業,0.7877415974249571,SECTOR_WEAK,-0.25919586,-0.41076234,0.12107623,-0.0091914343014994,0.07201759,0.3058824,0.02,0.05062246,0.5718174,3.1612337,0.27785006,0.07201759,0.04967075,0.842661,-0.0017004856,1.0592132,0.61425185,2.0932443,168.0,1.2510037,,,,,,,,,,,,,,,,,,,,,,,,
FAILED_SETUP,,,,,,,2026-07-03,8162.0,微矽電子-創,電子工業,0.7593255483194851,SECTOR_WEAK,-0.2547802,-0.45421246,0.06349207,-0.0091914343014994,0.135101,0.47328037,0.028,0.045145497,0.7171594,3.7773001,0.32325625,0.0823593,0.11257458,0.8574446,-0.0015616587,0.6883167,0.5774523,3.2355437,75.0,0.90893817,,,,,,,,,,,,,,,,,,,,,,,,
FAILED_SETUP,,,,,,,2026-07-03,4532.0,瑞智,電機機械,0.7064787783516729,SECTOR_WEAK,-0.21569256,-0.22466215,0.027027028,-0.0091914343014994,0.029209621,-0.17447935,0.0,0.17288007,0.21970099,6.8492723,0.16733256,0.03609239,0.0,0.4403379,-0.05136186,2.069364,2.0875432,5.294253,25.0,0.3875214,,,,,,,,,,,,,,,,,,,,,,,,
FAILED_SETUP,,,,,,,2026-07-03,8255.0,朋程,電機機械,0.6585328243131972,SECTOR_WEAK,-0.24650197,-0.3725,0.025,-0.0091914343014994,0.22693713,0.12533009,0.024,0.08035102,0.37419555,3.6203861,0.24124531,0.059467446,0.15940544,0.6525871,-0.049481086,0.7999831,0.6029208,2.191003,31.0,0.9270773,,,,,,,,,,,,,,,,,,,,,,,,
FAILED_SETUP,,,,,,,2026-07-03,8926.0,台汽電,油電燃氣業,0.7559974548993187,TOO_EXTENDED,-0.20250753,-0.28683183,0.07431552,-0.0091914343014994,0.09193291,0.23716043,0.024,0.042182412,0.560636,4.764662,4.938088,1.0,0.082250856,0.781415,0.0,0.68838286,0.4570831,4.808609,40.0,-0.25335887,,,,,,,,,,,,,,,,,,,,,,,,
FAILED_SETUP,,,,,,,2026-07-03,8091.0,翔名,電子零組件業,0.8783681413279437,STOCK_SPECIFIC,-0.28277662,-0.3582343,0.030560272,-0.0091914343014994,0.003407155,0.295008,0.0,0.06840171,0.7588614,4.4275856,3.5363603,1.0,0.0,0.9091869,0.080386445,0.888713,1.0997341,3.5357566,144.0,-0.090248905,,,,,,,,,,,,,,,,,,,,,,,,
FAILED_SETUP,,,,,,,2026-07-03,6257.0,矽格,電子工業,0.8652451530803204,SECTOR_WEAK,-0.2764673,-0.3487406,0.04485981,-0.0091914343014994,0.01178782,0.17353225,0.0,0.09389152,0.62414324,5.16394,3.6170645,1.0,0.0,0.843717,-0.0018145253,0.9252174,0.7673389,3.0763924,256.0,0.92001647,,,,,,,,,,,,,,,,,,,,,,,,
FAILED_SETUP,,,,,,,2026-07-03,6903.0,巨漢,其他電子業,0.6424021259076278,SECTOR_WEAK,-0.15096368,-0.32799014,0.012330457,-0.0091914343014994,0.093248054,0.030668547,0.04,0.010745953,0.34411508,3.3184595,0.06432559,0.009710829,0.08312864,0.7729673,-0.018932633,1.1723249,1.4252837,0.8553061,206.0,0.7694671,,,,,,,,,,,,,,,,,,,,,,,,
FAILED_SETUP,,,,,,,2026-07-03,6829.0,千附精密,電機機械,0.7173725578261847,SECTOR_WEAK,-0.23652542,-0.32338777,0.14636214,-0.0091914343014994,0.23126338,0.39554918,0.032,0.15210018,0.54006815,3.8591604,0.2987578,0.07066381,0.0676695,0.8204858,-0.050950047,1.1039426,1.8130332,1.4362963,56.0,-0.10244338,,,,,,,,,,,,,,,,,,,,,,,,
FAILED_SETUP,,,,,,,2026-07-03,6271.0,同欣電,電子工業,0.8588666816378471,SECTOR_WEAK,-0.30464286,-0.5170068,0.027210884,-0.0091914343014994,0.051971328,0.29849014,0.004,0.13830405,0.66206515,3.955552,3.2825322,1.0,0.032264728,0.81098205,-0.0021609035,1.1227759,2.0623739,2.95773,160.0,1.6031544,,,,,,,,,,,,,,,,,,,,,,,,
FAILED_SETUP,,,,,,,2026-07-03,6274.0,台燿,電子零組件業,0.8019941612396139,STOCK_SPECIFIC,-0.23846154,-0.4846154,0.0027472528,-0.0091914343014994,0.0726257,1.023045,0.008,-0.04935498,1.1205093,3.2233422,0.05856911,0.01396648,0.003420175,0.96726507,0.0812511,0.9283276,1.2593372,3.0690355,263.0,1.9051926,,,,,,,,,,,,,,,,,,,,,,,,
FAILED_SETUP,,,,,,,2026-07-03,6278.0,台表科,電子工業,0.6405412081742645,SECTOR_WEAK,-0.1553211,-0.39603895,0.0022935779,-0.0091914343014994,0.2004717,0.5686658,0.056,-0.022958662,0.57182187,3.2468493,1.290692,0.2004717,0.27964666,0.8405491,-0.0011924182,1.1088296,0.76627976,2.0100229,54.0,0.64047945,,,,,,,,,,,,,,,,,,,,,,,,
FAILED_SETUP,,,,,,,2026-07-03,6435.0,大中,半導體業,0.9154150759787408,TOO_EXTENDED,-0.4180645,-0.5034179,0.0692951,-0.0091914343014994,0.090314135,0.7441254,0.0,0.2935276,1.1138061,5.790638,2.3919754,1.0,0.0,0.95564944,0.0018377372,1.3370268,3.8994377,4.3026004,153.0,1.016253,,,,,,,,,,,,,,,,,,,,,,,,
FAILED_SETUP,,,,,,,2026-07-03,6465.0,威潤,通信網路業,0.7159323302642413,SECTOR_WEAK,-0.25157848,-0.29220778,0.03409091,-0.0091914343014994,0.16806434,0.037585296,0.036,0.24305604,0.5530139,3.860907,0.66803944,0.16806434,0.116703786,0.69904965,-0.121307746,0.6924144,0.24211767,3.0442057,144.0,0.49881577,,,,,,,,,,,,,,,,,,,,,,,,
FAILED_SETUP,,,,,,,2026-07-03,6494.0,九齊,半導體業,0.7928183247249045,STOCK_SPECIFIC,-0.2664908,-0.36484492,0.028064992,-0.0091914343014994,0.06952663,0.10818522,0.016,0.15929784,0.45903462,4.510872,0.5670578,0.15111569,0.077514835,0.7581837,0.0054081017,0.7845785,0.5197945,2.6711936,96.0,0.9839689,,,,,,,,,,,,,,,,,,,,,,,,
FAILED_SETUP,,,,,,,2026-07-03,6509.0,聚和,化學工業,0.7354689722284602,SECTOR_WEAK,-0.23957759,-0.29224136,0.020689655,-0.0091914343014994,0.0053956835,-0.13296323,0.0,0.059526864,0.3575876,7.4535246,4.174013,1.0,0.0,0.7064414,-0.004066287,1.3285543,2.3127985,4.6773944,105.0,0.54821944,,,,,,,,,,,,,,,,,,,,,,,,
FAILED_SETUP,,,,,,,2026-07-03,6831.0,邁科,電腦及週邊設備業,0.9197963919455048,SECTOR_WEAK,-0.29660657,-0.5121951,0.0,-0.0091914343014994,0.05092091,0.6627861,0.004,0.3220456,1.1292223,4.444722,3.3714695,1.0,0.0060909614,0.9334741,-0.066030234,1.1658615,0.8532216,4.029304,97.0,-0.2899121,,,,,,,,,,,,,,,,,,,,,,,,
FAILED_SETUP,,,,,,,2026-07-03,6515.0,穎崴,半導體業,0.6476293135713751,STOCK_SPECIFIC,-0.27014244,-0.48987037,0.0,-0.0091914343014994,0.16060606,0.043630008,0.08,0.11704244,0.5675553,4.338107,0.12713084,0.034343433,0.034339063,0.9482577,0.003315155,1.149018,1.5182035,0.82553995,207.0,1.1514564,,,,,,,,,,,,,,,,,,,,,,,,
FAILED_SETUP,,,,,,,2026-07-03,6579.0,研揚,電腦及週邊設備業,0.6906534920278464,SECTOR_WEAK,-0.14032379,-0.14457831,0.12650603,-0.0091914343014994,0.11899204,0.038892336,0.024,0.07454911,0.3486692,4.179103,0.019051576,0.0026733894,0.11517271,0.6462513,-0.062927485,0.80754524,0.73105186,3.966361,37.0,0.40625575,,,,,,,,,,,,,,,,,,,,,,,,
FAILED_SETUP,,,,,,,2026-07-03,6651.0,全宇昕,半導體業,0.8501227636799161,STOCK_SPECIFIC,-0.2807941,-0.3735294,0.04411765,-0.0091914343014994,0.052469134,0.28470877,0.004,0.1255557,0.6197322,4.256624,3.5613282,1.0,0.020621276,0.812038,0.0033181345,1.0047847,1.1674787,3.1725903,96.0,1.5571837,,,,,,,,,,,,,,,,,,,,,,,,
FAILED_SETUP,,,,,,,2026-07-03,6654.0,天正國際,其他電子業,0.7976787184669512,SECTOR_WEAK,-0.28422534,-0.342723,0.02347418,-0.0091914343014994,0.21,0.53704286,0.012,0.17266454,0.87338907,4.0456324,0.7388503,0.21,0.12992004,0.8722281,-0.016874608,0.7214286,0.64331084,4.548385,81.0,-0.17453451,,,,,,,,,,,,,,,,,,,,,,,,
FAILED_SETUP,,,,,,,2026-07-03,6658.0,聯策,其他電子業,0.7118841230631034,SECTOR_WEAK,-0.21409953,-0.39099526,0.0,-0.0091914343014994,0.2470024,1.0014666,0.032,0.029170763,1.0616169,2.7143776,0.82714176,0.17709066,0.075844906,0.9567054,-0.019630214,1.3156732,1.9289068,2.4173758,60.0,0.37833875,,,,,,,,,,,,,,,,,,,,,,,,
FAILED_SETUP,,,,,,,2026-07-03,6672.0,騰輝電子-KY,電子零組件業,0.9385567782019612,TOO_EXTENDED,-0.3841732,-0.43937007,0.022047244,-0.0091914343014994,0.04761905,0.7309455,0.0,0.31594872,1.188999,5.8182282,2.6029925,1.0,0.0,0.9545935,0.078819126,1.2151239,0.8778921,4.752409,79.0,-0.18202338,,,,,,,,,,,,,,,,,,,,,,,,
FAILED_SETUP,,,,,,,2026-07-03,6719.0,力智,半導體業,0.7842555580507522,STOCK_SPECIFIC,-0.31065437,-0.36581764,0.065436244,-0.0091914343014994,0.12975778,0.261599,0.016,0.20571217,0.44567466,4.214797,0.015792152,0.004905901,0.18720682,0.5871172,0.002546134,1.151117,1.1759084,3.1835773,27.0,1.0888382,,,,,,,,,,,,,,,,,,,,,,,,
FAILED_SETUP,,,,,,,2026-07-03,6742.0,澤米,電子工業,0.6757107567931732,SECTOR_WEAK,-0.2508902,-0.42433235,0.0,-0.0091914343014994,0.12801205,0.15294315,0.032,0.021368306,0.3985523,3.2926285,0.46813118,0.11744953,0.1505441,0.55755013,-0.0014942285,0.8272059,0.64472467,2.6880388,21.0,0.38293743,,,,,,,,,,,,,,,,,,,,,,,,
FAILED_SETUP,,,,,,,2026-07-03,6548.0,長科*,半導體業,0.6914686728048507,STOCK_SPECIFIC,-0.19433711,-0.42236024,0.04037267,-0.0091914343014994,0.13537118,0.39332885,0.02,-0.091265686,0.6814652,2.7021253,0.33815774,0.0657166,0.04858356,0.81731784,0.0054503665,0.8228997,2.1728828,3.5513988,196.0,0.3538301,,,,,,,,,,,,,,,,,,,,,,,,
FAILED_SETUP,,,,,,,2026-07-03,3717.0,聯嘉投控,汽車工業,0.7930683434388801,STOCK_SPECIFIC,-0.32773647,-0.3411725,0.06418919,-0.0091914343014994,0.04325259,-0.0772505,0.0,0.16066058,0.46602553,5.742664,3.0512319,1.0,0.0,0.72016895,0.079958595,1.484536,0.8681285,3.8440049,69.0,0.40006897,,,,,,,,,,,,,,,,,,,,,,,,
FAILED_SETUP,,,,,,,2026-07-03,8438.0,昶昕,綠能環保,0.7507904783292163,SECTOR_WEAK,-0.25354,-0.46534526,0.105,-0.0091914343014994,0.11442786,-0.017188452,0.02,0.20683159,0.5087145,4.2458854,0.45132074,0.11442786,0.036004238,0.90390706,-0.07314857,0.9179229,0.53195226,1.7820972,121.0,1.0707946,,,,,,,,,,,,,,,,,,,,,,,,
FAILED_SETUP,,,,,,,2026-07-03,3707.0,漢磊,半導體業,0.8038528332959054,STOCK_SPECIFIC,-0.27102894,-0.48177922,0.003215434,-0.0091914343014994,0.104395606,0.3118327,0.008,0.14703827,0.46057257,3.5225673,0.11024661,0.029880023,0.024274375,0.7296727,0.0030042012,1.1344166,1.7061609,2.3266003,54.0,1.0904306,,,,,,,,,,,,,,,,,,,,,,,,
FAILED_SETUP,,,,,,,2026-07-03,2383.0,台光電,電子零組件業,0.9317935474212142,STOCK_SPECIFIC,-0.27956626,-0.3686747,0.03935743,-0.0091914343014994,0.0,0.52006644,0.0,0.1548252,0.9675739,5.2171736,3.5769694,1.0,0.0,0.96620905,0.0798229,0.9213793,,3.8589935,291.0,0.9806256,,,,,,,,,,,,,,,,,,,,,,,,
FAILED_SETUP,,,,,,,2026-07-03,2399.0,映泰,電腦及週邊設備業,0.6485807320907254,SECTOR_WEAK,-0.15100598,-0.40239045,0.09561753,-0.0091914343014994,0.15,0.030000629,0.044,0.043545518,0.4942025,2.2248847,0.9933382,0.15,0.0882946,0.8035903,-0.062671475,0.6666667,0.52477187,1.4044025,80.0,1.1246586,,,,,,,,,,,,,,,,,,,,,,,,
FAILED_SETUP,,,,,,,2026-07-03,2401.0,凌陽,電子工業,0.8074578935549068,SECTOR_WEAK,-0.27507398,-0.31360948,0.01775148,-0.0091914343014994,0.06576981,0.1882949,0.012,0.16843192,0.42257693,3.8971558,0.027170299,0.007473842,0.04450744,0.6842661,-0.0021915375,1.0165746,1.5608761,2.5366268,39.0,1.036136,,,,,,,,,,,,,,,,,,,,,,,,
FAILED_SETUP,,,,,,,2026-07-03,2404.0,漢唐,電子工業,0.7511602664870125,SECTOR_WEAK,-0.20433334,-0.25457385,0.0,-0.0091914343014994,0.074074075,0.13387041,0.012,0.07517137,0.33803794,3.3007693,4.8939643,1.0,0.016241292,0.58817315,-0.0017614695,0.9714286,0.39561155,2.780057,30.0,0.284405,,,,,,,,,,,,,,,,,,,,,,,,
FAILED_SETUP,,,,,,,2026-07-03,2406.0,國碩,電子工業,0.6721453701624374,SECTOR_WEAK,-0.24755177,-0.3410475,0.032886725,-0.0091914343014994,0.11664642,-0.069742225,0.008,0.046351172,0.3367189,3.539005,0.21105838,0.052247874,0.03910646,0.63885957,-0.0016710828,1.2310102,0.6726599,2.4291046,212.0,1.1943976,,,,,,,,,,,,,,,,,,,,,,,,
FAILED_SETUP,,,,,,,2026-07-03,2426.0,鼎元,電子工業,0.7217336626993037,SECTOR_WEAK,-0.27316457,-0.42658228,0.29113925,-0.0091914343014994,0.2506329,0.43792027,0.028,0.073379114,0.9733956,2.9022095,0.45412418,0.12405063,0.15588428,0.9831045,-0.0018297775,0.7669377,1.0089662,1.4949183,113.0,1.5528457,,,,,,,,,,,,,,,,,,,,,,,,
FAILED_SETUP,,,,,,,2026-07-03,2428.0,興勤,電子零組件業,0.9352152107193652,TOO_EXTENDED,-0.27935898,-0.44159544,0.035612535,-0.0091914343014994,-1.110223e-16,0.58751935,0.0,0.18686949,0.71254027,4.7012672,3.5796237,1.0,0.0,0.78986275,0.07954547,1.0724971,1.6752498,4.9267693,44.0,-0.005487994,,,,,,,,,,,,,,,,,,,,,,,,
FAILED_SETUP,,,,,,,2026-07-03,2369.0,菱生,半導體業,0.6333048880904258,STOCK_SPECIFIC,-0.2664458,-0.3626506,0.09277108,-0.0091914343014994,0.16284987,-0.056419976,0.032,0.08712843,0.3503453,3.8798246,0.25784716,0.06870229,0.14580277,0.70960927,0.0036141067,0.9385475,0.32139635,1.8725146,196.0,1.058605,,,,,,,,,,,,,,,,,,,,,,,,
FAILED_SETUP,,,,,,,2026-07-03,2436.0,偉詮電,電子工業,0.6520345834269031,SECTOR_WEAK,-0.20976087,-0.34947643,0.037958115,-0.0091914343014994,0.08155803,-0.08834493,0.028,0.06433821,0.29044616,4.178854,0.2727399,0.057210155,0.19962074,0.65786695,-0.0016428727,0.95760816,0.84968054,1.5127246,97.0,1.3422818,,,,,,,,,,,,,,,,,,,,,,,,
FAILED_SETUP,,,,,,,2026-07-03,2458.0,義隆,電子工業,0.7596451830226812,SECTOR_WEAK,-0.23721312,-0.2431694,0.073770486,-0.0091914343014994,0.06521739,0.037373263,0.012,0.11358435,0.37150803,3.763096,4.2156186,1.0,0.050839115,0.6536431,-0.0019329598,1.2482916,0.8066224,2.6692467,82.0,1.3337828,,,,,,,,,,,,,,,,,,,,,,,,
FAILED_SETUP,,,,,,,2026-07-03,2460.0,建通,電子零組件業,0.7392499438580733,STOCK_SPECIFIC,-0.2654023,-0.31034482,0.043422733,-0.0091914343014994,0.08387097,0.07493492,0.016,0.051366843,0.42953762,3.8080368,0.024308804,0.006451613,0.12161224,0.7782471,0.0811985,0.83095723,0.6812478,1.5832461,129.0,0.4483187,,,,,,,,,,,,,,,,,,,,,,,,
FAILED_SETUP,,,,,,,2026-07-03,2464.0,盟立,電子工業,0.7095029568081443,SECTOR_WEAK,-0.22745664,-0.31791908,0.25144508,-0.0091914343014994,0.19710144,0.80614096,0.028,-0.008087274,0.83522356,2.8618183,0.7518553,0.17101449,0.10864609,0.9112988,-0.0013579191,1.1781818,1.254991,2.7002425,61.0,0.8919819,,,,,,,,,,,,,,,,,,,,,,,,
FAILED_SETUP,,,,,,,2026-07-03,2472.0,立隆電,電子零組件業,0.8373875290066621,STOCK_SPECIFIC,-0.2973443,-0.53349,0.022326674,-0.0091914343014994,0.14823529,1.2503359,0.012,0.11020718,1.3506117,3.3170037,3.3631046,1.0,0.043741364,0.97254485,0.07992746,1.1147132,1.0954993,3.7352996,170.0,0.7831857,,,,,,,,,,,,,,,,,,,,,,,,
FAILED_SETUP,,,,,,,2026-07-03,2476.0,鉅祥,電子工業,0.7974736132944082,SECTOR_WEAK,-0.20208955,-0.25,0.044776127,-0.0091914343014994,0.02255639,0.103758,0.0,0.07673315,0.33418044,4.011852,0.074410535,0.015037592,0.0,0.6198522,-0.0017106801,0.989547,1.0470189,1.957037,61.0,0.55424553,,,,,,,,,,,,,,,,,,,,,,,,
FAILED_SETUP,,,,,,,2026-07-03,2491.0,吉祥全,電子工業,0.7520832397634554,SECTOR_WEAK,-0.28542307,-0.44102564,0.44615385,-0.0091914343014994,0.21891192,0.8037869,0.032,0.11308271,0.85075676,3.6326573,3.503571,1.0,0.076758005,0.76768744,-0.0019396705,0.74616694,0.37865555,4.3180265,43.0,0.7144851,,,,,,,,,,,,,,,,,,,,,,,,
FAILED_SETUP,,,,,,,2026-07-03,2495.0,普安,其他電子業,0.7162819073283927,SECTOR_WEAK,-0.16057034,-0.39338604,0.057034224,-0.0091914343014994,0.04826255,0.12710395,0.028,0.010525847,0.40692052,3.363983,0.3005695,0.04826255,0.05743605,0.64941925,-0.018990656,0.7486819,0.7260143,2.7153628,148.0,1.562008,,,,,,,,,,,,,,,,,,,,,,,,
FAILED_SETUP,,,,,,,2026-07-03,2441.0,超豐,電子工業,0.7692454525039298,SECTOR_WEAK,-0.26384616,-0.41025642,0.0,-0.0091914343014994,0.042253524,0.16319788,0.008,0.017533746,0.45836473,5.6772413,0.16014455,0.042253524,0.015096402,0.65997887,-0.0013917884,0.8724832,0.52856153,3.9395404,240.0,0.563763,,,,,,,,,,,,,,,,,,,,,,,,
FAILED_SETUP,,,,,,,2026-07-03,2855.0,統一證,金融保險,0.715873194101355,TOO_EXTENDED,-0.10183168,-0.24236642,0.03244275,-0.0091914343014994,0.10546243,0.17888251,0.008,-0.054216996,0.5841701,3.277997,1.0356544,0.10546243,0.05933218,0.8553326,0.0047507603,0.7113203,0.5074152,6.1676683,169.0,0.39168948,,,,,,,,,,,,,,,,,,,,,,,,
FAILED_SETUP,,,,,,,2026-07-03,2363.0,矽統,電子工業,0.7407747585897149,SECTOR_WEAK,-0.25784615,-0.38041958,0.00979021,-0.0091914343014994,0.07790369,0.061714854,0.012,0.09657434,0.30378577,3.9465442,0.07690645,0.019830031,0.06516341,0.6050686,-0.001866458,0.88081723,0.5530693,2.1629715,36.0,1.5592695,,,,,,,,,,,,,,,,,,,,,,,,
FAILED_SETUP,,,,,,,2026-07-03,2345.0,智邦,電子工業,0.8482925368665318,SECTOR_WEAK,-0.23953982,-0.34867257,0.0,-0.0091914343014994,0.023765996,0.19768992,0.0,0.06718554,0.6036478,4.2483406,4.174671,1.0,0.0,0.8637804,-0.0016951893,0.99696046,0.8612655,2.2825859,283.0,1.4554006,,,,,,,,,,,,,,,,,,,,,,,,
FAILED_SETUP,,,,,,,2026-07-03,3711.0,日月光投控,電子工業,0.8588434763081068,SECTOR_WEAK,-0.26914445,-0.33309457,0.020057306,-0.0091914343014994,0.059233207,0.32743397,0.008,0.13847588,0.7375476,4.52189,3.715477,1.0,0.008289476,0.9134108,-0.0020304855,1.082344,1.5173106,3.2505672,188.0,1.5508897,,,,,,,,,,,,,,,,,,,,,,,,
FAILED_SETUP,,,,,,,2026-07-03,1313.0,聯成,塑膠工業,0.7004663522718765,TOO_EXTENDED,-0.28589925,-0.29655173,0.0,-0.0091914343014994,0.029509297,-0.20605603,0.0,0.10689793,0.2820569,6.7566795,0.063486055,0.018150616,0.0,0.55227035,0.13424468,1.3551089,4.850985,4.783614,15.0,0.4380127,,,,,,,,,,,,,,,,,,,,,,,,
FAILED_SETUP,,,,,,,2026-07-03,1342.0,八貫,其他,0.6784534770566659,STOCK_SPECIFIC,-0.13857143,-0.17835498,0.030303031,-0.0091914343014994,0.056277055,-0.038033623,0.024,0.067297876,0.25831115,3.5851202,0.20267394,0.028084818,0.08414947,0.53643084,0.05780478,1.0,0.46790934,3.5048535,62.0,-0.17587955,,,,,,,,,,,,,,,,,,,,,,,,
FAILED_SETUP,,,,,,,2026-07-03,1409.0,新纖,紡織纖維,0.9186787933228536,SECTOR_WEAK,-0.32500002,-0.41788858,0.0,-0.0091914343014994,0.0,0.40160343,0.0,0.1568525,0.75707084,5.746482,3.076923,1.0,0.0,0.8004224,-0.045472447,0.993464,2.83138,5.1674695,153.0,0.67822593,,,,,,,,,,,,,,,,,,,,,,,,
FAILED_SETUP,,,,,,,2026-07-03,1560.0,中砂,電機機械,0.8050220824912044,SECTOR_WEAK,-0.2430169,-0.2564259,0.0014686739,-0.0091914343014994,0.044973545,0.18823476,0.012,0.08094464,0.5070969,5.306937,4.11494,1.0,0.0055711023,0.76135164,-0.049229797,0.8224299,0.45785403,3.3423934,145.0,1.0155118,,,,,,,,,,,,,,,,,,,,,,,,
FAILED_SETUP,,,,,,,2026-07-03,1563.0,巧新,電機機械,0.8392671607156224,SECTOR_WEAK,-0.19154727,-0.23265329,0.050143268,-0.0091914343014994,0.028368779,0.17999448,0.0,0.089317136,0.488598,3.194198,0.14810328,0.028368779,0.0,0.56916577,-0.05011978,0.815822,1.8215123,4.239818,24.0,0.4202468,,,,,,,,,,,,,,,,,,,,,,,,
FAILED_SETUP,,,,,,,2026-07-03,1710.0,東聯,化學生技醫療,0.772283853581855,TOO_EXTENDED,-0.3383291,-0.36708862,0.020253165,-0.0091914343014994,0.061007958,-0.07571225,0.0,0.14368162,0.4180751,6.9294815,0.04704035,0.01591512,0.0,0.62090814,0.056193274,1.7934783,3.2436063,5.270741,27.0,0.6341102,,,,,,,,,,,,,,,,,,,,,,,,
FAILED_SETUP,,,,,,,2026-07-03,2351.0,順德,電子工業,0.6952084736881503,SECTOR_WEAK,-0.20479167,-0.42592594,0.15108582,-0.0091914343014994,0.12289157,0.4505842,0.044,-0.039606124,0.7035286,2.928085,0.6000809,0.12289157,0.11539893,0.91024286,-0.0011326338,0.917923,0.5039749,1.9576832,79.0,1.0864005,,,,,,,,,,,,,,,,,,,,,,,,
FAILED_SETUP,,,,,,,2026-07-03,1718.0,中纖,化學生技醫療,0.9522853506999028,TOO_EXTENDED,-0.45362025,-0.4563291,0.025316456,-0.0091914343014994,0.0,0.4124006,0.0,0.4707833,0.99306756,8.07247,2.204487,1.0,0.0,0.8384372,0.049487125,1.6197975,2.6331232,7.751622,24.0,-0.0475434,,,,,,,,,,,,,,,,,,,,,,,,
FAILED_SETUP,,,,,,,2026-07-03,1809.0,中釉,玻璃陶瓷,0.6573486039374205,STOCK_SPECIFIC,-0.1522,-0.46392223,0.0,-0.0091914343014994,0.14656772,0.4951998,0.04,-0.10278356,0.8013301,2.2537308,0.9629942,0.14656772,0.17322901,0.92925024,0.0,0.8352668,0.31316236,3.398814,117.0,1.5099787,,,,,,,,,,,,,,,,,,,,,,,,
FAILED_SETUP,,,,,,,2026-07-03,2030.0,彰源,鋼鐵工業,0.6528303016692867,SECTOR_WEAK,-0.12865514,-0.14211886,0.22997417,-0.0091914343014994,0.04935065,-0.14720508,0.012,0.074692346,0.21614318,3.7883341,0.08530318,0.010974692,0.052260224,0.53854275,-0.038237367,0.9001375,0.82921034,3.103831,109.0,0.5056979,,,,,,,,,,,,,,,,,,,,,,,,
FAILED_SETUP,,,,,,,2026-07-03,2236.0,百達-KY,汽車工業,0.885891908076952,TOO_EXTENDED,-0.33648935,-0.39095744,0.007978723,-0.0091914343014994,0.0,0.14388926,0.0,0.25357345,0.5258881,8.434667,2.971862,1.0,0.0,0.65153116,0.07521664,1.8781362,3.9841175,6.31,139.0,0.43768173,,,,,,,,,,,,,,,,,,,,,,,,
FAILED_SETUP,,,,,,,2026-07-03,2241.0,艾姆勒,電機機械,0.773453102777154,SECTOR_WEAK,-0.36873874,-0.4114114,0.009009009,-0.0091914343014994,0.15546219,0.17528185,0.008,0.5115376,0.37755397,5.9346147,0.19371052,0.071428575,0.06679967,0.48363253,-0.05742782,0.7711191,0.39685127,3.667012,20.0,-1.0379078,,,,,,,,,,,,,,,,,,,,,,,,
FAILED_SETUP,,,,,,,2026-07-03,2327.0,國巨*,電子零組件業,0.8527749083015197,TOO_EXTENDED,-0.3697851,-0.5631579,0.009569378,-0.0091914343014994,0.16746412,1.9789994,0.016,0.31363434,1.5942878,4.3947654,2.7042732,1.0,0.03275202,0.9852165,0.078766584,1.0187678,0.7378772,4.7374268,207.0,0.8333075,,,,,,,,,,,,,,,,,,,,,,,,
FAILED_SETUP,,,,,,,2026-07-03,2330.0,台積電,電子工業,0.6729178830750804,SECTOR_WEAK,-0.112413794,-0.11561866,0.014198783,-0.0091914343014994,0.036809817,-0.05693512,0.016,0.0050682575,0.278603,4.263077,8.895705,1.0,0.016707575,0.66842663,-0.0013271206,1.1544724,0.7747194,2.847227,245.0,0.9237426,,,,,,,,,,,,,,,,,,,,,,,,
FAILED_SETUP,,,,,,,2026-07-03,2344.0,華邦電,電子工業,0.689962572048806,SECTOR_WEAK,-0.24324608,-0.38743454,0.04712042,-0.0091914343014994,0.26558265,0.39938712,0.012,0.0051005874,0.6493284,2.9974196,4.1110635,1.0,0.03368571,0.844773,-0.0013965142,0.91239667,0.5923579,2.8403227,218.0,2.3207202,,,,,,,,,,,,,,,,,,,,,,,,
FAILED_SETUP,,,,,,,2026-07-03,1785.0,光洋科,其他電子業,0.7016692866232502,SECTOR_WEAK,-0.23173502,-0.425199,0.012618297,-0.0091914343014994,0.18589744,0.23291425,0.044,0.11552404,0.56060344,4.249752,0.3319441,0.07692307,0.13983315,0.87328404,-0.021395555,1.0027856,2.3193333,0.9747934,83.0,0.404984,,,,,,,,,,,,,,,,,,,,,,,,
FAILED_SETUP,,,,,,,2026-07-03,2891.0,中信金,金融保險,0.6427913766000449,TOO_EXTENDED,-0.1006338,-0.11335624,0.025410078,-0.0091914343014994,0.042492915,-0.09802938,0.028,0.011410878,0.30478173,3.1755555,9.937019,1.0,0.0327317,0.5469905,0.0026733337,0.8255319,0.75053054,4.457778,290.0,0.33348018,,,,,,,,,,,,,,,,,,,,,,,,
FAILED_SETUP,,,,,,,2026-07-03,2375.0,凱美,電子零組件業,0.8859435586495996,TOO_EXTENDED,-0.406,-0.5295455,0.03409091,-0.0091914343014994,0.097222224,1.0715781,0.016,0.38720676,1.0052607,4.522532,2.4630542,1.0,0.05844213,0.88595563,0.07829733,1.0548303,1.8920941,4.107764,44.0,0.44855624,,,,,,,,,,,,,,,,,,,,,,,,
FAILED_SETUP,,,,,,,2026-07-03,3014.0,聯陽,電子工業,0.6617710906504978,SECTOR_WEAK,-0.170875,-0.21925814,0.00625,-0.0091914343014994,0.068749994,-0.035455685,0.024,0.040506557,0.25908244,3.4175,0.020996489,0.0035877752,0.08741798,0.54487854,-0.0015347116,0.60307693,0.54001105,2.3739583,30.0,0.814815,,,,,,,,,,,,,,,,,,,,,,,,
FAILED_SETUP,,,,,,,2026-07-03,3264.0,欣銓,半導體業,0.804295231679018,STOCK_SPECIFIC,-0.25929388,-0.4067164,0.013059702,-0.0091914343014994,0.028146574,0.08943931,0.0,0.03682075,0.52762705,4.4864836,0.10855086,0.028146574,0.0,0.84582895,0.0041850726,1.0630497,1.2746342,2.1625638,209.0,1.1377915,,,,,,,,,,,,,,,,,,,,,,,,
FAILED_SETUP,,,,,,,2026-07-03,3317.0,尼克森,半導體業,0.860203608054495,STOCK_SPECIFIC,-0.2914706,-0.422549,0.058823522,-0.0091914343014994,0.07588358,0.33165362,0.004,0.1634856,0.6722195,4.4610934,3.430878,1.0,0.013393963,0.83315736,0.0029573708,1.1067961,2.9113126,3.5457664,67.0,0.32287955,,,,,,,,,,,,,,,,,,,,,,,,
FAILED_SETUP,,,,,,,2026-07-03,3346.0,麗清,汽車工業,0.781027771539786,TOO_EXTENDED,-0.23715754,-0.38184932,0.018835617,-0.0091914343014994,0.060034305,0.1151964,0.0,0.031057581,0.45422798,4.1520343,0.71850765,0.1703995,0.0,0.6219641,0.085691534,1.4424243,3.3331592,5.233262,12.0,-0.44196793,,,,,,,,,,,,,,,,,,,,,,,,
FAILED_SETUP,,,,,,,2026-07-03,3356.0,奇偶,電子工業,0.6826259450557677,SECTOR_WEAK,-0.13774194,-0.15806451,0.08548387,-0.0091914343014994,0.040453073,-0.051603887,0.012,0.026524138,0.25286934,3.3490195,0.23087543,0.031801227,0.037912272,0.5438226,-0.0014392268,1.005386,0.4294966,2.3277657,64.0,0.8224562,,,,,,,,,,,,,,,,,,,,,,,,
FAILED_SETUP,,,,,,,2026-07-03,3402.0,漢科,其他電子業,0.6799303840107792,SECTOR_WEAK,-0.19144695,-0.26184818,0.041800644,-0.0091914343014994,0.035483867,-0.061535075,0.004,0.05744284,0.1750139,4.9913774,0.08424803,0.016129028,0.016925244,0.4435058,-0.019950086,1.0037453,1.3474292,2.6924152,36.0,0.99518853,,,,,,,,,,,,,,,,,,,,,,,,
FAILED_SETUP,,,,,,,2026-07-03,3416.0,融程電,電腦及週邊設備業,0.6674900815929335,SECTOR_WEAK,-0.17632066,-0.18110237,0.049868766,-0.0091914343014994,0.09380789,-0.06400465,0.02,0.11101493,0.23050089,4.720085,0.09102185,0.016049033,0.113052346,0.44984162,-0.063476704,1.5729473,2.2886937,3.1295824,20.0,0.91846853,,,,,,,,,,,,,,,,,,,,,,,,
FAILED_SETUP,,,,,,,2026-07-03,3443.0,創意,電子工業,0.7433707612845273,SECTOR_WEAK,-0.2368952,-0.37806073,0.24779628,-0.0091914343014994,0.17520157,0.5195004,0.04,0.12853494,0.58392197,3.4031959,0.46443453,0.110022314,0.038881272,0.8870116,-0.0020130035,0.97109437,0.8023649,1.6239164,176.0,1.7870891,,,,,,,,,,,,,,,,,,,,,,,,
FAILED_SETUP,,,,,,,2026-07-03,3257.0,虹冠電,電子工業,0.6764885096189834,SECTOR_WEAK,-0.2741854,-0.34480336,0.098314606,-0.0091914343014994,0.09194094,-0.0083632795,0.024,0.1207107,0.22378735,4.648095,0.058563188,0.01605717,0.13301258,0.27560717,-0.0020046395,1.0913838,1.487568,3.4283924,0.0,0.32214534,,,,,,,,,,,,,,,,,,,,,,,,
FAILED_SETUP,,,,,,,2026-07-03,3455.0,由田,光電業,0.7051598173515982,SECTOR_WEAK,-0.2603019,-0.4528302,0.028301885,-0.0091914343014994,0.23563218,0.30740425,0.044,0.16992266,0.6042189,3.4675763,0.7212374,0.18773946,0.07376638,0.8944034,-0.03407374,1.0054054,1.8615699,1.0146021,122.0,1.5267861,,,,,,,,,,,,,,,,,,,,,,,,
FAILED_SETUP,,,,,,,2026-07-03,3550.0,聯穎,電子工業,0.7954854405269856,SECTOR_WEAK,-0.36814705,-0.46029413,0.004411765,-0.0091914343014994,0.18862276,0.32135037,0.02,0.37366697,0.7370803,4.056435,2.7163057,1.0,0.11796107,0.8162619,-0.0032460147,1.0128314,1.2972225,2.966628,127.0,-0.8354947,,,,,,,,,,,,,,,,,,,,,,,,
FAILED_SETUP,,,,,,,2026-07-03,3556.0,禾瑞亞,半導體業,0.6819949097986376,STOCK_SPECIFIC,-0.15785673,-0.28765264,0.08141112,-0.0091914343014994,0.08894334,0.18112081,0.048,-0.007007586,0.5308561,2.9913054,0.45561916,0.07192255,0.3312066,0.79619855,0.004615232,0.89952445,0.45783487,3.3247485,102.0,1.0074743,,,,,,,,,,,,,,,,,,,,,,,,
FAILED_SETUP,,,,,,,2026-07-03,3577.0,泓格,電腦及週邊設備業,0.6651508346433117,SECTOR_WEAK,-0.16593407,-0.18922712,0.30913785,-0.0091914343014994,0.25724638,0.329,0.032,0.020456417,0.6605299,3.2523077,1.5502927,0.25724638,0.09600925,0.81942976,-0.06240109,1.170418,4.0657144,3.6179829,42.0,-0.71655214,,,,,,,,,,,,,,,,,,,,,,,,
FAILED_SETUP,,,,,,,2026-07-03,3588.0,通嘉,電子工業,0.7122658881652819,SECTOR_WEAK,-0.2786154,-0.36457184,0.07552448,-0.0091914343014994,0.13798009,0.056062866,0.012,0.14185974,0.28869444,3.967198,0.050052725,0.013945459,0.0746459,0.5744456,-0.0021035431,1.1434783,1.2988608,1.7335703,61.0,0.6610779,,,,,,,,,,,,,,,,,,,,,,,,
FAILED_SETUP,,,,,,,2026-07-03,3591.0,艾笛森,電子工業,0.7496092521895351,SECTOR_WEAK,-0.2518053,-0.36283186,0.015929203,-0.0091914343014994,0.058407083,-0.07652949,0.0,0.12621294,0.3260628,4.6212993,0.047825623,0.012042745,0.0,0.6177402,-0.0019900508,1.0616438,3.6206405,2.377185,77.0,0.0058983876,,,,,,,,,,,,,,,,,,,,,,,,
FAILED_SETUP,,,,,,,2026-07-03,3004.0,豐達科,鋼鐵工業,0.8285148588966239,SECTOR_WEAK,-0.23070064,-0.25477707,0.03821656,-0.0091914343014994,0.0,0.037601903,0.0,0.20293358,0.33298153,5.7952,4.334622,1.0,0.0,0.59556496,-0.045982298,1.1673151,4.7050843,4.048,21.0,0.6467037,,,,,,,,,,,,,,,,,,,,,,,,
FAILED_SETUP,,,,,,,2026-07-03,3663.0,鑫科,其他電子業,0.7056703346058836,SECTOR_WEAK,-0.2693394,-0.3929385,0.0523918,-0.0091914343014994,0.061085973,-0.07022372,0.016,0.067812055,0.35324764,4.159196,0.22679923,0.061085973,0.040610876,0.624076,-0.020447986,1.0283688,3.8613827,2.1521776,74.0,1.1936635,,,,,,,,,,,,,,,,,,,,,,,,
FAILED_SETUP,,,,,,,2026-07-03,3518.0,柏騰,電子工業,0.7470626543902987,SECTOR_WEAK,-0.30461127,-0.40080428,0.018766755,-0.0091914343014994,0.10041265,0.2376427,0.032,0.11088013,0.44417956,7.246834,0.081570074,0.024847163,0.100704476,0.6969377,-0.00086584454,1.2972972,5.317819,3.247001,58.0,1.5457487,,,,,,,,,,,,,,,,,,,,,,,,
FAILED_SETUP,,,,,,,2026-07-03,3236.0,千如,電子零組件業,0.8605239913167153,STOCK_SPECIFIC,-0.3210617,-0.4964132,0.012912482,-0.0091914343014994,0.101892285,0.5683431,0.016,0.23068723,0.85156906,3.7837195,3.1146662,1.0,0.08312456,0.8848997,0.079142265,1.0910646,1.0950135,3.5147946,177.0,0.88950247,,,,,,,,,,,,,,,,,,,,,,,,
FAILED_SETUP,,,,,,,2026-07-03,3652.0,精聯,電腦及週邊設備業,0.6768231155026573,SECTOR_WEAK,-0.20566754,-0.24405572,0.04690125,-0.0091914343014994,0.12727273,0.003999873,0.028,0.15742607,0.2784327,3.1652086,0.19101273,0.039285116,0.29334885,0.50158393,-0.060761992,0.8170213,0.13098656,2.2970746,27.0,1.0305839,,,,,,,,,,,,,,,,,,,,,,,,
FAILED_SETUP,,,,,,,2026-07-03,3221.0,台嘉碩,通信網路業,0.9064503331087655,SECTOR_WEAK,-0.23248868,-0.39904553,0.013574661,-0.0091914343014994,0.04826546,0.2967245,0.0,0.29431736,0.81756705,3.6268234,0.10380181,0.024132745,0.0,0.93241817,-0.119553454,1.1005076,1.9128755,3.4564705,162.0,0.47764173,,,,,,,,,,,,,,,,,,,,,,,,
FAILED_SETUP,,,,,,,2026-07-03,3234.0,光環,通信網路業,0.6738955011602665,SECTOR_WEAK,-0.22214286,-0.37293234,0.4676449,-0.0091914343014994,0.1796875,0.072489716,0.024,0.025346207,0.5412279,2.4048254,0.52753216,0.1171875,0.071941055,0.9007392,-0.11176835,0.7880086,0.2514066,1.0489148,145.0,1.3681842,,,,,,,,,,,,,,,,,,,,,,,,
FAILED_SETUP,,,,,,,2026-07-03,3015.0,全漢,電子零組件業,0.7324238341193203,TOO_EXTENDED,-0.22869,-0.31267604,0.053521127,-0.0091914343014994,0.038235296,-0.007460774,0.0,0.020518215,0.307339,4.7896657,0.021027911,0.004808873,0.0,0.49947202,0.08071578,1.1174148,1.0165894,4.2720766,17.0,0.006324358,,,,,,,,,,,,,,,,,,,,,,,,
FAILED_SETUP,,,,,,,2026-07-03,3017.0,奇鋐,電腦及週邊設備業,0.6686683134965192,SECTOR_WEAK,-0.21225807,-0.2777778,0.24512593,-0.0091914343014994,0.09057971,-0.0716261,0.032,0.05712241,0.40493765,4.135062,0.3499295,0.07427536,0.02541167,0.7370644,-0.0628233,1.0543131,1.0707701,1.5472153,260.0,1.2675116,,,,,,,,,,,,,,,,,,,,,,,,
FAILED_SETUP,,,,,,,2026-07-03,3023.0,信邦,電子零組件業,0.6580492551837712,STOCK_SPECIFIC,-0.1288,-0.20296296,0.03407407,-0.0091914343014994,0.05052006,-0.10230512,0.004,-0.028480174,0.32195798,2.6692107,0.080754586,0.01040119,0.0056792493,0.7127772,0.0811291,1.3274074,1.8013757,2.0314329,80.0,0.68634826,,,,,,,,,,,,,,,,,,,,,,,,
FAILED_SETUP,,,,,,,2026-07-03,3026.0,禾伸堂,電子工業,0.9831596676397936,SECTOR_WEAK,-0.4553671,-0.58965516,0.02955665,-0.0091914343014994,0.0,3.999113,0.0,0.57851213,2.7252405,6.4783683,2.1960304,1.0,0.0,0.99894404,-0.0039588343,1.0028377,,6.8637757,208.0,1.9374257,,,,,,,,,,,,,,,,,,,,,,,,
FAILED_SETUP,,,,,,,2026-07-03,3028.0,增你強,電子通路業,0.8233662699303839,SECTOR_WEAK,-0.17834325,-0.297789,0.015853658,-0.0091914343014994,0.040243898,0.1848721,0.004,0.090649456,0.507315,3.4650018,0.18863025,0.033640932,0.0051121647,0.8595565,-0.09417707,0.8329112,0.81665,2.2573214,189.0,0.75723654,,,,,,,,,,,,,,,,,,,,,,,,
FAILED_SETUP,,,,,,,2026-07-03,3031.0,佰鴻,電子工業,0.7282289093495022,SECTOR_WEAK,-0.24335714,-0.4207483,0.034285713,-0.0091914343014994,0.08382353,0.0073844623,0.004,0.046626713,0.3861144,4.4083176,0.09668676,0.023529412,0.043449707,0.71594507,-0.0015954217,1.3892529,1.2470815,1.6389402,79.0,0.9923452,,,,,,,,,,,,,,,,,,,,,,,,
FAILED_SETUP,,,,,,,2026-07-03,3033.0,威健,電子通路業,0.6914200164682984,SECTOR_WEAK,-0.0897446,-0.17779961,0.1669941,-0.0091914343014994,0.09722221,0.10180641,0.044,0.07794484,0.37924746,2.8486414,1.0833211,0.09722221,0.18244442,0.687434,-0.0940959,0.7005917,0.336019,3.5077953,62.0,0.31370285,,,,,,,,,,,,,,,,,,,,,,,,
FAILED_SETUP,,,,,,,2026-07-03,3016.0,嘉晶,電子工業,0.8606587319410137,SECTOR_WEAK,-0.31294653,-0.47885305,0.025089607,-0.0091914343014994,0.124644905,0.857334,0.008,0.20949318,0.7771248,3.413428,0.26910824,0.08421649,0.035515476,0.9028511,-0.0024864187,1.1425016,1.8789135,2.2908661,59.0,1.0362453,,,,,,,,,,,,,,,,,,,,,,,,
FAILED_SETUP,,,,,,,2026-07-03,3042.0,晶技,電子零組件業,0.933979339770941,TOO_EXTENDED,-0.28522,-0.464,0.0,-0.0091914343014994,0.0,0.92658156,0.0,0.11720925,1.0473062,4.1324883,3.5060656,1.0,0.0,0.93875396,0.079827756,0.9957971,2.5446184,4.203649,91.0,-0.0049860617,,,,,,,,,,,,,,,,,,,,,,,,
FAILED_SETUP,,,,,,,2026-07-03,3088.0,艾訊,電腦及週邊設備業,0.8326588816528184,SECTOR_WEAK,-0.15816326,-0.2087701,0.1035575,-0.0091914343014994,0.037542664,0.2640035,0.004,0.092988834,0.48946697,4.120253,0.10682822,0.0168963,0.01537954,0.7687434,-0.063183084,0.87356323,0.87281007,3.6388183,60.0,0.07835771,,,,,,,,,,,,,,,,,,,,,,,,
FAILED_SETUP,,,,,,,2026-07-03,3093.0,港建*,其他電子業,0.7466292387154727,SECTOR_WEAK,-0.20329867,-0.4348442,0.007082153,-0.0091914343014994,0.089866094,0.036326375,0.044,0.15334171,0.666771,2.9443429,0.42824078,0.08706078,0.17525847,0.9155227,-0.022012042,1.1254755,0.42422682,1.8945575,82.0,0.08226494,,,,,,,,,,,,,,,,,,,,,,,,
FAILED_SETUP,,,,,,,2026-07-03,3114.0,好德,電子零組件業,0.7260483569129427,STOCK_SPECIFIC,-0.21328542,-0.4312115,0.00513347,-0.0091914343014994,0.22129434,0.2952168,0.02,0.07553023,0.64634985,2.2882457,4.688553,1.0,0.17129475,0.7022175,0.08012166,1.0101925,0.3914587,3.064359,43.0,-0.37835383,,,,,,,,,,,,,,,,,,,,,,,,
FAILED_SETUP,,,,,,,2026-07-03,3131.0,弘塑,其他電子業,0.7613077326147166,SECTOR_WEAK,-0.26334646,-0.45070285,0.001312336,-0.0091914343014994,0.06869221,-0.14711282,0.004,0.1775065,0.60338324,4.4242206,0.08025953,0.021136064,0.0026986673,0.8838437,-0.022529857,1.1615721,0.72372717,2.5732808,125.0,0.737299,,,,,,,,,,,,,,,,,,,,,,,,
FAILED_SETUP,,,,,,,2026-07-03,3141.0,晶宏,半導體業,0.8573194101354893,TOO_EXTENDED,-0.2115357,-0.32380953,0.013095238,-0.0091914343014994,0.016928658,0.39763087,0.0,0.0614843,0.5288202,4.0515633,0.01143247,0.0024183756,0.0,0.64519536,0.003956195,1.106946,5.3096404,4.2621336,37.0,0.30210367,,,,,,,,,,,,,,,,,,,,,,,,
FAILED_SETUP,,,,,,,2026-07-03,3167.0,大量,電機機械,0.7283022681338425,SECTOR_WEAK,-0.1686608,-0.52073526,0.058177825,-0.0091914343014994,0.15735462,0.37067997,0.024,-0.0026366767,0.87157214,3.520622,0.11493046,0.019384265,0.00883477,0.96198523,-0.048151474,0.8750994,1.8260174,2.3012547,234.0,0.37558946,,,,,,,,,,,,,,,,,,,,,,,,
FAILED_SETUP,,,,,,,2026-07-03,3035.0,智原,電子工業,0.737030466352272,SECTOR_WEAK,-0.2427148,-0.34451902,0.0022371365,-0.0091914343014994,0.101123594,0.124570526,0.016,0.1502613,0.28240278,4.032368,0.11927966,0.028950939,0.04674065,0.49313623,-0.0020860084,0.8527769,0.6162556,2.3994427,49.0,1.5654112,,,,,,,,,,,,,,,,,,,,,,,,
FAILED_SETUP,,,,,,,2026-07-09,6166.0,凌華,電子工業,0.7533441394244842,STOCK_SPECIFIC,-0.13100527,-0.18819188,0.28413284,0.025795429404511,0.21591063,0.7147244,0.028,0.006132686,0.61854243,2.0049543,1.6481065,0.21591063,0.07440357,0.8434125,0.025893383,0.72825897,0.58528143,2.2502394,55.0,0.23489976,,,,,,,,,,,,,,,,,,,,,,,,
FAILED_SETUP,,,,,,,2026-07-09,6173.0,信昌電,電子零組件業,0.7863263624293081,STOCK_SPECIFIC,-0.25795755,-0.5216606,0.0,0.025795429404511,0.3094905,2.3104954,0.036,0.15732805,1.301682,2.3381107,3.8766067,1.0,0.0293869,0.97948164,0.0022607995,1.3727608,1.0980926,2.4767914,65.0,0.85299546,,,,,,,,,,,,,,,,,,,,,,,,
FAILED_SETUP,,,,,,,2026-07-09,6175.0,立敦,電子零組件業,0.7223282628216596,STOCK_SPECIFIC,-0.10202817,-0.37156054,0.06103286,0.025795429404511,0.17142858,0.5529443,0.056,-0.0017044238,0.6131758,1.2730042,0.9801215,0.1,0.1338531,0.8088553,0.003500559,0.9782609,0.27678806,1.9658577,65.0,-0.5362689,,,,,,,,,,,,,,,,,,,,,,,,
FAILED_SETUP,,,,,,,2026-07-09,6190.0,萬泰科,通信網路業,0.6407357206949829,SECTOR_WEAK,-0.098158844,-0.30654275,0.004813478,0.025795429404511,0.21315469,0.012837937,0.064,0.08853302,0.35602367,2.6252415,2.171528,0.21315469,0.06404106,0.7483801,-0.11153792,0.91411936,0.46116498,1.2514178,84.0,0.6631285,,,,,,,,,,,,,,,,,,,,,,,,
FAILED_SETUP,,,,,,,2026-07-09,6196.0,帆宣,電子工業,0.7888294879606038,STOCK_SPECIFIC,-0.15944132,-0.2442478,0.07433628,0.025795429404511,0.08925319,0.33299896,0.04,0.036241177,0.5676907,3.021056,0.46706444,0.07446937,0.03503212,0.7861771,0.025750104,0.94334376,0.83588094,2.7462533,297.0,0.732989,,,,,,,,,,,,,,,,,,,,,,,,
FAILED_SETUP,,,,,,,2026-07-09,6197.0,佳必琪,電子工業,0.8312589353217472,TOO_EXTENDED,-0.18963578,-0.2857143,0.0,0.025795429404511,0.12970711,0.59574604,0.024,0.048806436,0.8037479,3.4791484,5.2732663,1.0,0.03365279,0.9028078,0.025677273,1.1853161,0.78699064,4.274752,51.0,0.48369008,,,,,,,,,,,,,,,,,,,,,,,,
FAILED_SETUP,,,,,,,2026-07-09,6274.0,台燿,電子零組件業,0.6675189145883519,STOCK_SPECIFIC,-0.13375,-0.41375,0.08125,0.025795429404511,0.22292994,0.52949727,0.084,-0.0061300434,0.7912887,1.5246819,1.1667361,0.15605095,0.049113456,0.962203,0.003541802,1.161062,0.7809868,0.9990593,267.0,1.9750774,,,,,,,,,,,,,,,,,,,,,,,,
FAILED_SETUP,,,,,,,2026-07-09,6202.0,盛群,半導體業,0.8556723780611479,STOCK_SPECIFIC,-0.3181818,-0.3946281,0.015151513,0.025795429404511,0.10504775,0.1598914,0.004,0.36657798,0.43042067,3.9390986,0.33015007,0.10504775,0.037636492,0.825054,0.03565228,0.9230769,3.205513,2.3381648,98.0,1.276021,,,,,,,,,,,,,,,,,,,,,,,,
FAILED_SETUP,,,,,,,2026-07-09,6257.0,矽格,電子工業,0.8142847605939743,STOCK_SPECIFIC,-0.23172517,-0.30846775,0.004032258,0.025795429404511,0.1253543,0.10199691,0.012,0.14605013,0.5433913,3.541426,4.315457,1.0,0.020389887,0.86825055,0.025167814,1.1594139,0.50864583,1.9902372,260.0,1.1739899,,,,,,,,,,,,,,,,,,,,,,,,
FAILED_SETUP,,,,,,,2026-07-09,6208.0,日揚,電子零組件業,0.7033546229347893,STOCK_SPECIFIC,-0.17344953,-0.18666667,0.011111111,0.025795429404511,0.17866372,0.3070062,0.084,0.11923501,0.45094872,2.6081004,1.0300617,0.17866372,0.49669582,0.8574514,0.0026729114,0.7394937,0.17079546,0.41673544,80.0,0.6089417,,,,,,,,,,,,,,,,,,,,,,,,
FAILED_SETUP,,,,,,,2026-07-09,6223.0,旺矽,半導體業,0.8714407706538163,STOCK_SPECIFIC,-0.26262504,-0.3881579,0.0,0.025795429404511,0.08386682,0.20080736,0.008,0.14451233,0.7695184,3.6370587,3.8077102,1.0,0.0030153997,0.9600432,0.037462197,1.1843103,0.69187313,2.2944555,258.0,0.4151439,,,,,,,,,,,,,,,,,,,,,,,,
FAILED_SETUP,,,,,,,2026-07-09,6259.0,百徽,電子零組件業,0.8740297015150965,STOCK_SPECIFIC,-0.30079636,-0.30576158,0.050913837,0.025795429404511,0.12613785,0.57203966,0.032,0.37088892,0.7689818,3.092752,3.3245082,1.0,0.26536742,0.8650108,0.0012979511,1.1391679,0.6568532,2.778076,138.0,0.3099115,,,,,,,,,,,,,,,,,,,,,,,,
FAILED_SETUP,,,,,,,2026-07-09,6263.0,普萊德,通信網路業,0.642820656314891,SECTOR_WEAK,-0.095958084,-0.17664671,0.04491018,0.025795429404511,0.119760476,0.06876841,0.084,0.09339769,0.23044473,2.0582569,0.31531116,0.030256655,0.4102695,0.53563714,-0.11178841,0.8338762,0.54945534,1.2430497,41.0,0.65880483,,,,,,,,,,,,,,,,,,,,,,,,
FAILED_SETUP,,,,,,,2026-07-09,6270.0,倍微,電子通路業,0.7611427524130125,SECTOR_WEAK,-0.13898689,-0.33070865,0.034120735,0.025795429404511,0.19073561,0.25116625,0.028,0.09085826,0.45255798,1.8188306,7.194923,1.0,0.17790456,0.69978404,-0.07489569,1.0014666,0.76884544,2.6147904,83.0,-0.38832623,,,,,,,,,,,,,,,,,,,,,,,,
FAILED_SETUP,,,,,,,2026-07-09,6164.0,華興,電子工業,0.6872488677639967,STOCK_SPECIFIC,-0.21720931,-0.29900333,0.023255814,0.025795429404511,0.1638796,-0.043066245,0.016,0.13033995,0.21232599,3.1133335,0.0767615,0.016673312,0.13070962,0.41576675,0.02605031,1.5666667,0.92466795,1.9142858,126.0,0.9554355,,,,,,,,,,,,,,,,,,,,,,,,
FAILED_SETUP,,,,,,,2026-07-09,6271.0,同欣電,電子工業,0.7127608488273603,STOCK_SPECIFIC,-0.1951378,-0.44094488,0.003937008,0.025795429404511,0.1984127,0.16198313,0.036,0.045173146,0.46918467,2.0201166,0.2672867,0.052157737,0.19613098,0.8196544,0.025571948,1.0462863,0.5445248,1.3966928,164.0,1.7947565,,,,,,,,,,,,,,,,,,,,,,,,
FAILED_SETUP,,,,,,,2026-07-09,6207.0,雷科,電子零組件業,0.7345192171896493,STOCK_SPECIFIC,-0.19541806,-0.4296602,0.05685619,0.025795429404511,0.26041666,1.0824244,0.044,0.018143471,0.9613274,2.2108648,1.3326131,0.26041666,0.1750379,0.912527,0.0032335895,0.8855535,0.5953866,2.8771892,39.0,-0.58820856,,,,,,,,,,,,,,,,,,,,,,,,
FAILED_SETUP,,,,,,,2026-07-09,6139.0,亞翔,其他電子業,0.7584778968206684,SECTOR_WEAK,-0.21597315,-0.29194632,0.02013423,0.025795429404511,0.128,0.07436401,0.032,0.16274498,0.36531729,3.6186345,4.630205,1.0,0.03711103,0.6198704,-0.024754308,0.9314079,0.5749901,1.8782239,287.0,0.30710334,,,,,,,,,,,,,,,,,,,,,,,,
FAILED_SETUP,,,,,,,2026-07-09,5302.0,太欣,半導體業,0.6498840292729903,STOCK_SPECIFIC,-0.21097745,-0.28195488,0.033834588,0.025795429404511,0.20754717,-0.05506427,0.024,0.1374327,0.19713771,2.526302,0.0178862,0.003773585,0.17514116,0.58207345,0.04016425,1.3562653,0.49423307,1.4915327,30.0,0.4167461,,,,,,,,,,,,,,,,,,,,,,,,
FAILED_SETUP,,,,,,,2026-07-09,6129.0,普誠,半導體業,0.705461324071831,STOCK_SPECIFIC,-0.21758066,-0.30107528,0.034946237,0.025795429404511,0.10789471,-0.060931996,0.024,0.16185062,0.20854892,3.0298398,0.882915,0.19210523,0.14743142,0.5507559,0.038894486,1.2426304,0.5277509,1.6458113,19.0,0.80065936,,,,,,,,,,,,,,,,,,,,,,,,
FAILED_SETUP,,,,,,,2026-07-09,6278.0,台表科,電子工業,0.6455361432450476,STOCK_SPECIFIC,-0.11139816,-0.36633664,0.03960396,0.025795429404511,0.24019346,0.54086834,0.096,0.01643876,0.4914733,1.9338491,2.1561708,0.24019346,0.3236636,0.8660907,0.025848467,1.068702,0.90407616,0.67588556,58.0,0.6075611,,,,,,,,,,,,,,,,,,,,,,,,
FAILED_SETUP,,,,,,,2026-07-09,4916.0,事欣科,電腦及週邊設備業,0.680319632919937,SECTOR_WEAK,-0.1596,-0.22311111,0.053333335,0.025795429404511,0.18055557,0.49007398,0.056,-0.039781068,0.5140116,3.0654879,1.1313006,0.18055557,0.06008465,0.80669546,-0.040863976,0.8562691,0.45147195,2.953374,42.0,0.5673589,,,,,,,,,,,,,,,,,,,,,,,,
FAILED_SETUP,,,,,,,2026-07-09,4923.0,力士,半導體業,0.8964511299345121,STOCK_SPECIFIC,-0.3493839,-0.4257504,0.0,0.025795429404511,0.11374407,0.39440197,0.012,0.37035018,0.70524955,4.6281614,0.16729969,0.058451816,0.12827766,0.887689,0.035567325,1.2384034,3.094108,3.7835574,75.0,1.3991095,,,,,,,,,,,,,,,,,,,,,,,,
FAILED_SETUP,,,,,,,2026-07-09,4931.0,新盛力,電腦及週邊設備業,0.7736241240300978,SECTOR_WEAK,-0.13893124,-0.38579655,0.10556622,0.025795429404511,0.11356763,0.48534217,0.036,0.015275018,0.4622347,2.0342972,0.81743765,0.11356763,0.044947453,0.6058315,-0.041791063,1.2212871,2.6460817,2.569491,41.0,1.3759639,,,,,,,,,,,,,,,,,,,,,,,,
FAILED_SETUP,,,,,,,2026-07-09,4952.0,凌通,電子工業,0.8005885908319881,STOCK_SPECIFIC,-0.20866054,-0.29109588,0.0,0.025795429404511,0.067474045,0.12569651,0.024,0.17307514,0.32409683,3.6398194,0.02752163,0.0057426784,0.109150626,0.7257019,0.0250514,0.8384757,1.0928319,1.9227533,65.0,1.4088626,,,,,,,,,,,,,,,,,,,,,,,,
FAILED_SETUP,,,,,,,2026-07-09,4958.0,臻鼎-KY,電子零組件業,0.8244266480408907,STOCK_SPECIFIC,-0.20366071,-0.4025974,0.064935066,0.025795429404511,0.1207483,0.74457836,0.056,0.11941438,0.9793945,2.884023,4.910127,1.0,0.083792806,0.9827214,0.0026454506,1.1032891,0.88477,2.4600017,121.0,0.011339434,,,,,,,,,,,,,,,,,,,,,,,,
FAILED_SETUP,,,,,,,2026-07-09,5011.0,久陽,鋼鐵工業,0.811467217387418,SECTOR_WEAK,-0.25311947,-0.26327434,0.042035397,0.025795429404511,0.2152174,0.37106186,0.028,0.31455347,0.57075214,3.7776885,0.096139796,0.024334854,0.18830128,0.899568,-0.049522668,0.66781414,0.1983331,3.1092765,86.0,0.3187561,,,,,,,,,,,,,,,,,,,,,,,,
FAILED_SETUP,,,,,,,2026-07-09,6138.0,茂達,半導體業,0.7950763651770466,STOCK_SPECIFIC,-0.2594591,-0.32717678,0.0,0.025795429404511,0.17287235,0.33464473,0.032,0.20598304,0.4403923,2.8038492,0.076878436,0.01994681,0.14085649,0.76025915,0.036858276,1.1465588,0.99485326,1.8495587,58.0,2.0545044,,,,,,,,,,,,,,,,,,,,,,,,
FAILED_SETUP,,,,,,,2026-07-09,5230.0,雷笛克光學,光電業,0.65578630897469,SECTOR_WEAK,-0.19083445,-0.21307506,0.01937046,0.025795429404511,0.2189781,0.024852006,0.032,0.18507281,0.17479329,2.487332,0.020936808,0.003995464,0.29876235,0.39740822,-0.016769923,1.0188,0.6984235,1.5411444,16.0,0.30526292,,,,,,,,,,,,,,,,,,,,,,,,
FAILED_SETUP,,,,,,,2026-07-09,5299.0,杰力,半導體業,0.7054723111098335,STOCK_SPECIFIC,-0.189025,-0.25815898,0.008333334,0.025795429404511,0.19915254,0.15472782,0.04,0.09274173,0.35444325,2.2207134,0.071011014,0.013422856,0.3998448,0.73218143,0.038003363,1.1258278,0.5147282,1.1462704,68.0,1.0888181,,,,,,,,,,,,,,,,,,,,,,,,
FAILED_SETUP,,,,,,,2026-07-09,5347.0,世界,半導體業,0.6464302331678878,STOCK_SPECIFIC,-0.19274211,-0.27823693,0.05785124,0.025795429404511,0.2592149,0.07205189,0.04,0.07387521,0.30283633,2.452082,0.21695736,0.04181682,0.07848827,0.76133907,0.038145114,0.73590946,0.60495573,0.64122766,121.0,0.95405746,,,,,,,,,,,,,,,,,,,,,,,,
FAILED_SETUP,,,,,,,2026-07-09,5351.0,鈺創,半導體業,0.822335615256234,STOCK_SPECIFIC,-0.25413594,-0.36213592,0.36893204,0.025795429404511,0.048879836,0.08465741,0.004,0.061070807,0.47102883,4.09,0.19233738,0.048879836,0.011196664,0.6889849,0.0382123,1.1024146,1.2081021,2.5130208,196.0,0.82108706,,,,,,,,,,,,,,,,,,,,,,,,
FAILED_SETUP,,,,,,,2026-07-09,5471.0,松翰,半導體業,0.9256448927924908,STOCK_SPECIFIC,-0.3011765,-0.32403335,0.016176471,0.025795429404511,0.01775148,0.33306715,0.0,0.30982384,0.56803316,4.794649,3.3203125,1.0,0.0,0.8531318,0.036174104,0.98812354,2.5965884,3.5870123,106.0,1.041073,,,,,,,,,,,,,,,,,,,,,,,,
FAILED_SETUP,,,,,,,2026-07-09,5536.0,聖暉*,其他電子業,0.7420995052684933,SECTOR_WEAK,-0.18139759,-0.35502008,0.044176705,0.025795429404511,0.21390256,0.32575923,0.04,0.10012656,0.43744427,2.459908,5.5127525,1.0,0.025155399,0.65982723,-0.023284098,0.9172851,0.84728014,1.7900372,42.0,0.40658414,,,,,,,,,,,,,,,,,,,,,,,,
FAILED_SETUP,,,,,,,2026-07-09,5864.0,致和證,金融保險,0.666127437704995,STOCK_SPECIFIC,-0.06802133,-0.30827066,0.0050125313,0.025795429404511,0.20466888,0.43280095,0.064,-0.039430413,0.6105539,1.2372793,2.7115207,0.18444124,0.23149343,0.9319655,0.009500911,1.2379582,0.48820937,2.3872528,207.0,1.2462628,,,,,,,,,,,,,,,,,,,,,,,,
FAILED_SETUP,,,,,,,2026-07-09,6116.0,彩晶,電子工業,0.7440380379460921,STOCK_SPECIFIC,-0.26102564,-0.34188035,0.011396011,0.025795429404511,0.31976745,0.57833576,0.036,0.11985765,0.6166224,3.255533,0.8241193,0.21511628,0.21256569,0.762419,0.02533189,0.7285714,0.40487158,2.343638,48.0,1.7017828,,,,,,,,,,,,,,,,,,,,,,,,
FAILED_SETUP,,,,,,,2026-07-09,5285.0,界霖,電子工業,0.7536778194208484,STOCK_SPECIFIC,-0.16897857,-0.34591836,0.030612245,0.025795429404511,0.203125,0.42062974,0.044,0.07708609,0.5610401,2.1082945,0.13819665,0.023352271,0.30392772,0.8045356,0.025460057,0.8809324,0.44504225,2.1507874,65.0,0.11337407,,,,,,,,,,,,,,,,,,,,,,,,
FAILED_SETUP,,,,,,,2026-07-09,6415.0,矽力*-KY,電子工業,0.6711083371149316,STOCK_SPECIFIC,-0.16923714,-0.3345588,0.029411765,0.025795429404511,0.32695985,0.4612361,0.028,-0.013291661,0.4841344,2.0394146,0.19492003,0.032987706,0.052721947,0.9146868,0.025965687,0.92513967,0.903381,0.13734177,53.0,1.971479,,,,,,,,,,,,,,,,,,,,,,,,
FAILED_SETUP,,,,,,,2026-07-09,8926.0,台汽電,油電燃氣業,0.7752660903989224,TOO_EXTENDED,-0.086331934,-0.28026316,0.005263158,0.025795429404511,0.08421053,0.38687894,0.036,-0.0061627394,0.54714227,1.9129773,11.5831995,1.0,0.11467386,0.83477324,0.0,1.2203513,1.0832188,4.1656117,44.0,-0.034986354,,,,,,,,,,,,,,,,,,,,,,,,
FAILED_SETUP,,,,,,,2026-07-09,6435.0,大中,半導體業,0.8744112961986235,STOCK_SPECIFIC,-0.3426506,-0.4435887,0.004016064,0.025795429404511,0.19333333,0.86522883,0.016,0.3517478,0.9909038,3.5620675,2.9184248,1.0,0.101268835,0.95680344,0.03577889,1.2624799,0.8239329,2.9874089,157.0,1.2016792,,,,,,,,,,,,,,,,,,,,,,,,
FAILED_SETUP,,,,,,,2026-07-09,7828.0,創新服務,半導體業,0.7896670505961324,STOCK_SPECIFIC,-0.27636772,-0.4618834,0.022421524,0.025795429404511,0.18676123,0.103014685,0.024,0.2115648,0.62550807,3.1956296,3.6183677,1.0,0.019701768,0.90172786,0.036726303,1.2977303,0.82738197,2.7622077,139.0,0.7852354,,,,,,,,,,,,,,,,,,,,,,,,
FAILED_SETUP,,,,,,,2026-07-09,8016.0,矽創,電子工業,0.9358805798365488,TOO_EXTENDED,-0.27265307,-0.3170068,0.0013605442,0.025795429404511,0.037190083,0.4577595,0.0,0.24549417,0.6547736,4.6682196,3.6676648,1.0,0.0,0.849892,0.024679149,1.1981266,1.076295,4.0797615,53.0,0.38543698,,,,,,,,,,,,,,,,,,,,,,,,
FAILED_SETUP,,,,,,,2026-07-09,8027.0,鈦昇,電機機械,0.6580602748160663,SECTOR_WEAK,-0.2315811,-0.41683778,0.07186858,0.025795429404511,0.22727273,0.23921321,0.084,0.04601223,0.5530276,3.215723,0.98139584,0.22727273,0.14878072,0.8768898,-0.036186177,1.209169,1.3628993,0.9941616,84.0,0.9670091,,,,,,,,,,,,,,,,,,,,,,,,
FAILED_SETUP,,,,,,,2026-07-09,8028.0,昇陽半導體,電子工業,0.6229365933101961,STOCK_SPECIFIC,-0.11365383,-0.28050712,0.1141046,0.025795429404511,0.1648,0.23729932,0.068,-0.07467247,0.4401456,1.7017254,1.3868312,0.15761867,0.06703071,0.69330454,0.0263777,1.2369347,0.57862484,1.5564647,66.0,0.5012096,,,,,,,,,,,,,,,,,,,,,,,,
FAILED_SETUP,,,,,,,2026-07-09,8042.0,金山電,電子零組件業,0.7988591712243511,STOCK_SPECIFIC,-0.28764874,-0.50141644,0.0028328612,0.025795429404511,0.2752809,1.5048696,0.04,0.21126346,1.0607147,2.7443242,0.54685926,0.15730336,0.06923317,0.94060475,0.0018929832,1.3967391,0.99747366,2.5764577,184.0,1.0981897,,,,,,,,,,,,,,,,,,,,,,,,
FAILED_SETUP,,,,,,,2026-07-09,8071.0,能率網通,電子零組件業,0.8435816009814173,STOCK_SPECIFIC,-0.26318032,-0.3704918,0.031147541,0.025795429404511,0.15841584,0.50710493,0.028,0.28414053,0.56508267,3.1086583,3.7996762,1.0,0.14733148,0.7408207,0.0014063121,1.0775348,0.3056017,3.0936837,27.0,-0.30393726,,,,,,,,,,,,,,,,,,,,,,,,
FAILED_SETUP,,,,,,,2026-07-09,8081.0,致新,電子工業,0.6413841502983324,STOCK_SPECIFIC,-0.1501952,-0.19649123,0.001754386,0.025795429404511,0.18904594,0.008941131,0.04,0.07979022,0.2107481,2.229801,0.0679528,0.010206183,0.16406934,0.587473,0.025515512,0.98541564,0.7667507,0.9308102,112.0,1.3857683,,,,,,,,,,,,,,,,,,,,,,,,
FAILED_SETUP,,,,,,,2026-07-09,7827.0,漢康-KY,生技醫療業,0.6750142854259261,STOCK_SPECIFIC,-0.19882834,-0.28065395,0.01907357,0.025795429404511,0.1315933,-0.015732529,0.028,0.08376961,0.18885338,3.2742949,0.6618438,0.1315933,0.020825462,0.45788336,0.05668609,1.2568579,1.4971817,2.2265663,68.0,-0.59835786,,,,,,,,,,,,,,,,,,,,,,,,
FAILED_SETUP,,,,,,,2026-07-09,8091.0,翔名,電子零組件業,0.9229422136290746,STOCK_SPECIFIC,-0.2483657,-0.36683416,0.0016750419,0.025795429404511,0.02881356,0.2803439,0.0,0.22549386,0.7205924,4.0464725,4.026321,1.0,0.0,0.9114471,0.0020114607,1.0304558,1.5101105,3.338515,148.0,-0.08453585,,,,,,,,,,,,,,,,,,,,,,,,
FAILED_SETUP,,,,,,,2026-07-09,8109.0,博大,電子零組件業,0.818354773748311,STOCK_SPECIFIC,-0.24274835,-0.24503312,0.0,0.025795429404511,0.102649,0.11242719,0.012,0.20699741,0.38616726,5.055862,4.1194925,1.0,0.09764248,0.6814255,0.002081022,2.0,1.6822163,3.9482758,72.0,0.10711141,,,,,,,,,,,,,,,,,,,,,,,,
FAILED_SETUP,,,,,,,2026-07-09,8131.0,福懋科,電子工業,0.6287614550776455,STOCK_SPECIFIC,-0.17393273,-0.33392736,0.1000688,0.025795429404511,0.14605263,-0.023863558,0.044,0.06118257,0.18187992,2.5470905,0.24207781,0.042105254,0.11786998,0.33909288,0.025586445,1.318413,0.81529045,1.4028417,196.0,1.767625,,,,,,,,,,,,,,,,,,,,,,,,
FAILED_SETUP,,,,,,,2026-07-09,8150.0,南茂,電子工業,0.9469318084409484,STOCK_SPECIFIC,-0.2726998,-0.45925927,0.028806584,0.025795429404511,0.012820513,0.50706387,0.0,0.26825023,0.7064112,3.2983975,3.667036,1.0,0.0,0.8930886,0.02445249,0.99244,1.0661949,2.7621434,172.0,0.95730686,,,,,,,,,,,,,,,,,,,,,,,,
FAILED_SETUP,,,,,,,2026-07-09,8162.0,微矽電子-創,電子工業,0.788300376552063,STOCK_SPECIFIC,-0.22644487,-0.4334601,0.00887199,0.025795429404511,0.15108834,0.44604477,0.056,0.12744753,0.6478106,3.2526786,0.43102676,0.0976038,0.16672224,0.84449244,0.025258688,1.0159903,0.2602529,2.5821812,79.0,1.1548012,,,,,,,,,,,,,,,,,,,,,,,,
FAILED_SETUP,,,,,,,2026-07-09,8182.0,加高,電子零組件業,0.7285822447478205,STOCK_SPECIFIC,-0.11831093,-0.3534533,0.015355086,0.025795429404511,0.16955684,0.36461902,0.036,-0.0062740245,0.52491575,1.3632858,1.1562884,0.13680156,0.37897578,0.8336933,0.0033900707,1.1384445,0.25174502,1.6526856,84.0,-0.3514367,,,,,,,,,,,,,,,,,,,,,,,,
FAILED_SETUP,,,,,,,2026-07-09,4771.0,望隼,生技醫療業,0.6500904095363339,STOCK_SPECIFIC,-0.14353488,-0.15095979,0.061300263,0.025795429404511,0.039906103,-0.124559745,0.012,0.012855301,0.14903258,4.827263,0.07035496,0.010098391,0.027879678,0.46220303,0.05894242,1.7818182,0.94278497,3.0020485,77.0,-0.0011553812,,,,,,,,,,,,,,,,,,,,,,,,
FAILED_SETUP,,,,,,,2026-07-09,8932.0,智通*,數位雲端,0.8289304846991886,SECTOR_WEAK,-0.20465823,-0.29704642,0.09704641,0.025795429404511,0.048523206,0.14244117,0.008,0.23188518,0.2710253,3.5111477,0.23709385,0.048523206,0.018976858,0.56587476,-0.07931453,1.0675039,1.2150557,2.674526,17.0,-0.04325402,,,,,,,,,,,,,,,,,,,,,,,,
FAILED_SETUP,,,,,,,2026-07-09,8096.0,擎亞,電子通路業,0.938266877150546,SECTOR_WEAK,-0.30640718,-0.39820358,0.026946107,0.025795429404511,0.06306306,0.3643376,0.0,0.45237336,0.9075807,5.0449295,3.263631,1.0,0.0,0.9557235,-0.0906113,1.3106796,3.8230128,4.437606,123.0,1.6511706,,,,,,,,,,,,,,,,,,,,,,,,
FAILED_SETUP,,,,,,,2026-07-09,7788.0,松川精密,電子零組件業,0.6403403939274648,STOCK_SPECIFIC,-0.12680851,-0.33073738,0.35413486,0.025795429404511,0.21956088,0.33984753,0.04,-0.0842917,0.45245457,2.0216742,1.7314365,0.21956088,0.2556949,0.7807775,0.0040890086,0.83137256,0.9858781,2.4289281,66.0,-0.8165681,,,,,,,,,,,,,,,,,,,,,,,,
FAILED_SETUP,,,,,,,2026-07-09,7712.0,博盛半導體,半導體業,0.7851881298689042,STOCK_SPECIFIC,-0.2879412,-0.40106952,0.0,0.025795429404511,0.17837837,0.30151525,0.044,0.23066777,0.5452121,3.3804038,0.020126859,0.005795351,0.10229363,0.8725702,0.0368033,1.010101,,1.7928998,32.0,1.8565882,,,,,,,,,,,,,,,,,,,,,,,,
FAILED_SETUP,,,,,,,2026-07-09,7610.0,聯友金屬,綠能環保,0.9867826206991752,SECTOR_WEAK,-0.38021007,-0.539916,0.1092437,0.025795429404511,0.03018868,3.1596165,0.0,0.565875,2.7123892,4.8819265,2.6301248,1.0,0.0,1.0,-0.07889799,1.016129,1.9023929,6.5407963,124.0,-0.23124725,,,,,,,,,,,,,,,,,,,,,,,,
FAILED_SETUP,,,,,,,2026-07-09,6465.0,威潤,通信網路業,0.8290314609735461,SECTOR_WEAK,-0.26811713,-0.3133858,0.0031496063,0.025795429404511,0.15145679,0.18313445,0.024,0.4087202,0.55569774,5.1900682,0.5648904,0.15145679,0.06929277,0.836933,-0.12026175,0.9161598,0.75128794,3.6809125,148.0,0.19618475,,,,,,,,,,,,,,,,,,,,,,,,
FAILED_SETUP,,,,,,,2026-07-09,6494.0,九齊,半導體業,0.7532027604989283,STOCK_SPECIFIC,-0.24346374,-0.35628742,0.002994012,0.025795429404511,0.10550459,0.05334806,0.044,0.17268632,0.38689098,4.8136845,0.034438193,0.008384451,0.15101892,0.79589635,0.039743215,0.762011,0.49854603,2.190884,100.0,0.99360055,,,,,,,,,,,,,,,,,,,,,,,,
FAILED_SETUP,,,,,,,2026-07-09,6509.0,聚和,化學工業,0.6527892920470584,SECTOR_WEAK,-0.16310246,-0.22106262,0.0,0.025795429404511,0.1340996,-0.13728131,0.016,0.044669196,0.2573163,3.5761368,0.10570881,0.017241368,0.061054945,0.70518357,-0.016524725,1.4909091,0.6202006,1.9665183,109.0,0.7503129,,,,,,,,,,,,,,,,,,,,,,,,
FAILED_SETUP,,,,,,,2026-07-09,6579.0,研揚,電腦及週邊設備業,0.7703004970560079,SECTOR_WEAK,-0.12903225,-0.16715543,0.09677419,0.025795429404511,0.10234037,0.1523067,0.016,0.050809164,0.3499126,3.1269035,0.13839287,0.017857144,0.13556628,0.69438446,-0.042174984,1.4422497,0.87956357,2.9607062,41.0,0.13708161,,,,,,,,,,,,,,,,,,,,,,,,
FAILED_SETUP,,,,,,,2026-07-09,6613.0,朋億*,其他電子業,0.773236208935707,SECTOR_WEAK,-0.28978065,-0.31161472,0.06657224,0.025795429404511,0.2115935,0.18737201,0.024,0.23473941,0.42299888,5.204816,0.73018503,0.2115935,0.10286983,0.7203024,-0.02615303,0.8938786,0.34560794,2.2045836,87.0,0.8674888,,,,,,,,,,,,,,,,,,,,,,,,
FAILED_SETUP,,,,,,,2026-07-09,6651.0,全宇昕,半導體業,0.7728476715917256,STOCK_SPECIFIC,-0.20088236,-0.30392158,0.03267974,0.025795429404511,0.16013072,0.30009902,0.04,0.10814882,0.49322793,2.4588,0.29282576,0.05882353,0.14048722,0.82829374,0.037908774,1.1150442,0.5695161,1.7605333,100.0,1.6872777,,,,,,,,,,,,,,,,,,,,,,,,
FAILED_SETUP,,,,,,,2026-07-09,6654.0,天正國際,其他電子業,0.7564467870142415,SECTOR_WEAK,-0.1663158,-0.2631579,0.17368421,0.025795429404511,0.29411766,0.63710773,0.036,0.103198476,0.7014326,2.464624,1.7684289,0.29411766,0.09361171,0.8822894,-0.01912005,0.98245615,0.2670675,3.7174745,85.0,0.22560947,,,,,,,,,,,,,,,,,,,,,,,,
FAILED_SETUP,,,,,,,2026-07-09,6672.0,騰輝電子-KY,電子零組件業,0.9027681010459702,STOCK_SPECIFIC,-0.31803662,-0.4076539,0.009983361,0.025795429404511,0.10738255,0.5855647,0.02,0.31308877,0.989994,4.5509524,3.144292,1.0,0.03471761,0.9654428,0.0015007126,0.94629157,0.3969347,3.4415476,83.0,0.026031319,,,,,,,,,,,,,,,,,,,,,,,,
FAILED_SETUP,,,,,,,2026-07-09,6693.0,廣閎科,半導體業,0.8416483302539323,STOCK_SPECIFIC,-0.38274097,-0.43958333,0.0020833334,0.025795429404511,0.18107949,0.32710475,0.028,0.39243725,0.91305184,4.0205965,2.6127331,1.0,0.06451235,0.9492441,0.035387315,1.1497988,0.664613,2.7371078,160.0,1.138575,,,,,,,,,,,,,,,,,,,,,,,,
FAILED_SETUP,,,,,,,2026-07-09,6716.0,應廣,半導體業,0.6773963302930787,STOCK_SPECIFIC,-0.19943269,-0.3394231,0.34615386,0.025795429404511,0.23924929,0.13058352,0.048,0.07726944,0.40066284,3.3109922,0.02850465,0.005684759,0.18509078,0.8866091,0.038248375,1.0211481,2.1706424,1.4843305,96.0,0.65801764,,,,,,,,,,,,,,,,,,,,,,,,
FAILED_SETUP,,,,,,,2026-07-09,6719.0,力智,半導體業,0.7229674570856954,STOCK_SPECIFIC,-0.23916666,-0.30005056,0.0129629625,0.025795429404511,0.22514072,0.30477923,0.04,0.16462286,0.31732875,2.760458,0.020101832,0.0048076883,0.36221844,0.59935206,0.037295945,1.0288461,0.47404587,1.667888,31.0,1.4243261,,,,,,,,,,,,,,,,,,,,,,,,
FAILED_SETUP,,,,,,,2026-07-09,6727.0,亞泰金屬,電子零組件業,0.6708165666810469,STOCK_SPECIFIC,-0.25990292,-0.45333105,0.1875573,0.025795429404511,0.34816247,0.009325078,0.04,0.17218094,0.6344208,3.6815326,1.3395866,0.34816247,0.1188117,0.9449244,0.0022327949,1.4641833,1.8528988,1.3291749,220.0,1.7529356,,,,,,,,,,,,,,,,,,,,,,,,
FAILED_SETUP,,,,,,,2026-07-09,6829.0,千附精密,電機機械,0.7103489208030636,SECTOR_WEAK,-0.21659882,-0.3114035,0.16666667,0.025795429404511,0.27330568,0.29648286,0.052,0.15865132,0.45997795,3.131592,0.4950273,0.10722233,0.1289131,0.8488121,-0.038008593,1.2322778,1.0561761,0.47429794,60.0,0.05812579,,,,,,,,,,,,,,,,,,,,,,,,
FAILED_SETUP,,,,,,,2026-07-09,6831.0,邁科,電腦及週邊設備業,0.7382735887316876,SECTOR_WEAK,-0.170875,-0.425,0.0,0.025795429404511,0.24040921,0.420165,0.048,0.062675186,0.74001443,1.8348993,0.5088897,0.08695652,0.06033622,0.9265659,-0.04216265,1.2003046,0.63537645,1.1787472,101.0,0.25712228,,,,,,,,,,,,,,,,,,,,,,,,
FAILED_SETUP,,,,,,,2026-07-09,6901.0,鑽石投資,其他,0.78558375429791,TOO_EXTENDED,-0.26939905,-0.2908654,0.0,0.025795429404511,0.07951807,0.18276386,0.04,0.21556456,0.3184928,4.064715,0.14311193,0.038554218,0.07731439,0.49568033,0.024000397,1.2350597,3.5049148,4.0168395,2.0,-0.36543655,,,,,,,,,,,,,,,,,,,,,,,,
FAILED_SETUP,,,,,,,2026-07-09,6902.0,GOGOLOOK,數位雲端,0.6991536372571683,SECTOR_WEAK,-0.110434785,-0.21376811,0.007246377,0.025795429404511,0.11272727,0.39267197,0.044,-0.066946305,0.43371543,2.234136,0.1646385,0.018181818,0.07814894,0.7699784,-0.030751506,0.84671533,0.22884043,2.0086212,62.0,-0.2827374,,,,,,,,,,,,,,,,,,,,,,,,
FAILED_SETUP,,,,,,,2026-07-09,6944.0,兆聯實業,綠能環保,0.6480430845224531,SECTOR_WEAK,-0.11343283,-0.13457197,0.096910305,0.025795429404511,0.11723447,-0.1709071,0.028,0.10379901,0.2303368,2.6121113,0.41517246,0.04709419,0.020902382,0.5442765,-0.053934973,0.8954545,0.91070765,1.1017458,281.0,0.36290807,,,,,,,,,,,,,,,,,,,,,,,,
FAILED_SETUP,,,,,,,2026-07-09,6432.0,今展科,電子零組件業,0.7168722055956903,STOCK_SPECIFIC,-0.12142303,-0.22198793,0.034928843,0.025795429404511,0.14947091,0.6444772,0.048,-0.05708041,0.6943075,1.4847909,1.2309932,0.14947091,0.19862309,0.87904966,0.0038729354,0.8049155,0.4295654,2.4829566,65.0,0.2591377,,,,,,,,,,,,,,,,,,,,,,,,
FAILED_SETUP,,,,,,,2026-07-09,4764.0,雙鍵,化學生技醫療,0.9003723647295361,STOCK_SPECIFIC,-0.2636875,-0.3684896,0.16875,0.025795429404511,0.09077381,0.70046926,0.02,0.21083173,0.80352426,3.2409327,0.32731745,0.08630952,0.034655146,0.9211663,0.04223894,1.0741785,2.334225,1.771837,170.0,0.67984724,,,,,,,,,,,,,,,,,,,,,,,,
FAILED_SETUP,,,,,,,2026-07-09,4127.0,天良,生技醫療業,0.8040969216549041,STOCK_SPECIFIC,-0.19333333,-0.21428572,0.26984128,0.025795429404511,0.15405406,0.591936,0.008,-0.007861034,0.72242224,3.1097872,0.05591799,0.010810811,0.06345631,0.9060475,0.06308374,1.4482758,2.2064135,3.6786876,40.0,0.33659506,,,,,,,,,,,,,,,,,,,,,,,,
FAILED_SETUP,,,,,,,2026-07-09,4716.0,大立,化學工業,0.8018178451420322,SECTOR_WEAK,-0.31428573,-0.32900432,0.008658009,0.025795429404511,0.14660831,0.24346858,0.036,0.3561559,0.41177198,3.5538461,0.087362856,0.027456896,0.3119946,0.63282937,-0.016353074,0.88433385,0.35667557,2.7102566,17.0,-0.43132588,,,,,,,,,,,,,,,,,,,,,,,,
FAILED_SETUP,,,,,,,2026-07-09,2414.0,精技,電子通路業,0.7827012807419143,SECTOR_WEAK,-0.128142,-0.18226202,0.02265861,0.025795429404511,0.055194817,0.076152205,0.02,0.09053827,0.33255455,4.6391406,0.43073168,0.055194817,0.052538138,0.6673866,-0.06848884,0.77303374,0.29978648,4.77194,83.0,0.3826096,,,,,,,,,,,,,,,,,,,,,,,,
FAILED_SETUP,,,,,,,2026-07-09,2426.0,鼎元,電子工業,0.6470441095599309,STOCK_SPECIFIC,-0.2036061,-0.37170595,0.5395284,0.025795429404511,0.37222221,0.19012937,0.072,0.0980536,0.7301591,2.0168793,0.44377142,0.09035457,0.36431363,0.9838013,0.02532993,0.9838275,0.45350808,0.3309086,117.0,1.7458302,,,,,,,,,,,,,,,,,,,,,,,,
FAILED_SETUP,,,,,,,2026-07-09,2428.0,興勤,電子零組件業,0.858244410758107,STOCK_SPECIFIC,-0.1598128,-0.38845554,0.0062402496,0.025795429404511,0.11846154,0.5017484,0.008,0.084236816,0.60035455,2.3244083,6.2573214,1.0,0.03046825,0.7742981,0.0028719138,1.4345435,1.2526706,3.4485683,48.0,0.0643635,,,,,,,,,,,,,,,,,,,,,,,,
FAILED_SETUP,,,,,,,2026-07-09,2441.0,超豐,電子工業,0.8514069095054685,STOCK_SPECIFIC,-0.22405405,-0.3783784,0.027027028,0.025795429404511,0.07958477,0.21596307,0.004,0.1246117,0.45707428,3.7590282,0.1081054,0.024221452,0.017976005,0.7073434,0.025303524,1.2413793,1.2454625,3.1653981,244.0,0.615855,,,,,,,,,,,,,,,,,,,,,,,,
FAILED_SETUP,,,,,,,2026-07-09,2458.0,義隆,電子工業,0.8032720341113407,STOCK_SPECIFIC,-0.24545945,-0.26696724,0.024324324,0.025795429404511,0.07084469,0.09805999,0.024,0.1783191,0.35173652,3.9364705,4.0739927,1.0,0.0956467,0.7149028,0.024985725,0.86588234,0.7197054,2.3340557,86.0,1.0504205,,,,,,,,,,,,,,,,,,,,,,,,
FAILED_SETUP,,,,,,,2026-07-09,2464.0,盟立,電子工業,0.7034906209435514,STOCK_SPECIFIC,-0.187538,-0.28267476,0.3617021,0.025795429404511,0.27863777,0.8304329,0.06,0.031211121,0.6686528,2.5110466,1.3371904,0.250774,0.15125956,0.8941685,0.02569836,0.79527557,0.47313303,1.6258721,65.0,0.9162647,,,,,,,,,,,,,,,,,,,,,,,,
FAILED_SETUP,,,,,,,2026-07-09,2465.0,麗臺,電腦及週邊設備業,0.8523839236105057,SECTOR_WEAK,-0.24586885,-0.26338798,0.17486338,0.025795429404511,0.048044693,0.16875198,0.0,0.1554611,0.37715614,5.634311,0.11360919,0.02793296,0.0,0.65442765,-0.043885913,1.3172497,6.29643,2.9406679,50.0,0.536261,,,,,,,,,,,,,,,,,,,,,,,,
FAILED_SETUP,,,,,,,2026-07-09,2401.0,凌陽,電子工業,0.8361248972523215,STOCK_SPECIFIC,-0.252,-0.3125926,0.0014814815,0.025795429404511,0.08030303,0.30481023,0.028,0.22773513,0.38362846,3.768038,0.08417509,0.021212121,0.08116693,0.7084233,0.024785113,0.9396268,0.7698397,2.1409812,43.0,0.9660398,,,,,,,,,,,,,,,,,,,,,,,,
FAILED_SETUP,,,,,,,2026-07-09,2472.0,立隆電,電子零組件業,0.7525302369606239,STOCK_SPECIFIC,-0.20272,-0.47066668,0.010666667,0.025795429404511,0.29787233,0.98393136,0.04,0.06858873,0.99922013,1.9782157,0.4198223,0.08510638,0.10874675,0.96328294,0.002871704,0.9823183,0.62247056,2.0566294,174.0,0.7581418,,,,,,,,,,,,,,,,,,,,,,,,
FAILED_SETUP,,,,,,,2026-07-09,2478.0,大毅,電子工業,0.681596117491552,STOP_TOO_TIGHT,-0.08053423,-0.43246377,0.06376812,0.025795429404511,0.45784912,1.1739935,0.012,-0.040365204,0.88719916,0.69580907,12.41708,1.0,0.042078752,0.9384449,0.026075792,1.1584783,0.69928104,1.9033101,65.0,-0.30473453,,,,,,,,,,,,,,,,,,,,,,,,
FAILED_SETUP,,,,,,,2026-07-09,2491.0,吉祥全,電子工業,0.7748902594796946,STOCK_SPECIFIC,-0.23332874,-0.4002751,0.55158186,0.025795429404511,0.28376535,0.90802133,0.04,0.16596906,0.7029878,2.896122,1.2161611,0.28376535,0.078215495,0.82289416,0.025046756,0.8850174,0.5698606,3.3158941,47.0,0.70674324,,,,,,,,,,,,,,,,,,,,,,,,
FAILED_SETUP,,,,,,,2026-07-09,2492.0,華新科,電子零組件業,0.7815065698516803,STOCK_SPECIFIC,-0.22736472,-0.5807814,0.010559662,0.025795429404511,0.3782898,1.8439146,0.012,0.09638774,1.1985296,2.0820987,1.6638017,0.3782898,0.014700353,0.97084236,0.0027530731,1.0534723,1.3309883,2.4615932,65.0,1.1505102,,,,,,,,,,,,,,,,,,,,,,,,
FAILED_SETUP,,,,,,,2026-07-09,2493.0,揚博,電子零組件業,0.866571685725496,STOCK_SPECIFIC,-0.42100352,-0.42932862,0.0,0.025795429404511,0.21170586,0.8250982,0.02,0.4911833,0.9880864,4.5715766,2.375277,1.0,0.04043156,0.8984881,0.00039446985,1.2299578,0.8409133,3.5329485,44.0,0.087713204,,,,,,,,,,,,,,,,,,,,,,,,
FAILED_SETUP,,,,,,,2026-07-09,2495.0,普安,其他電子業,0.7967120184786294,SECTOR_WEAK,-0.10374998,-0.3956838,0.0,0.025795429404511,0.05904762,0.11255714,0.016,0.064810544,0.40069723,2.197478,0.33046478,0.034285717,0.03347495,0.74946004,-0.022589348,1.111759,1.6919944,2.6579275,152.0,1.4239401,,,,,,,,,,,,,,,,,,,,,,,,
FAILED_SETUP,,,,,,,2026-07-09,2851.0,中再保,金融保險,0.7450064448363033,TOO_EXTENDED,-0.114150025,-0.12945838,0.28137386,0.025795429404511,0.038309116,0.0053748516,0.02,0.042644665,0.31302166,4.256679,0.11267245,0.012861562,0.028882723,0.6695464,0.0073503205,0.9980442,0.47570264,4.793049,153.0,0.44627622,,,,,,,,,,,,,,,,,,,,,,,,
FAILED_SETUP,,,,,,,2026-07-09,2855.0,統一證,金融保險,0.699362530997613,TOO_EXTENDED,-0.068039216,-0.21386139,0.013861386,0.025795429404511,0.1383631,0.29612586,0.048,-0.03522157,0.5041925,1.9661969,2.0335786,0.1383631,0.15557037,0.85637146,0.009973859,1.2457659,0.34523752,4.0904465,173.0,0.42318696,,,,,,,,,,,,,,,,,,,,,,,,
FAILED_SETUP,,,,,,,2026-07-09,2476.0,鉅祥,電子工業,0.6783982622874846,STOCK_SPECIFIC,-0.10593023,-0.22093023,0.031716194,0.025795429404511,0.08527132,0.008381178,0.04,0.013467645,0.27863717,1.9035821,3.033193e-08,3.2130683e-09,0.06677449,0.6101512,0.025885036,1.13879,0.5359977,1.0064676,65.0,0.70555097,,,,,,,,,,,,,,,,,,,,,,,,
FAILED_SETUP,,,,,,,2026-07-09,2891.0,中信金,金融保險,0.6222083233564106,TOO_EXTENDED,-0.094434224,-0.13409415,0.0014265336,0.025795429404511,0.05293276,0.010843511,0.068,-0.034225408,0.27447763,3.627007,0.5605252,0.05293276,0.07541648,0.57019436,0.0098971855,0.79058826,1.1702553,4.3338366,294.0,0.42684448,,,,,,,,,,,,,,,,,,,,,,,,
FAILED_SETUP,,,,,,,2026-07-09,2399.0,映泰,電腦及週邊設備業,0.6802020086539888,SECTOR_WEAK,-0.11209375,-0.375,0.03125,0.025795429404511,0.17707267,0.11542141,0.076,0.10006761,0.4265134,1.6739333,1.5796838,0.17707267,0.14812498,0.80021596,-0.04286725,0.9735294,0.31141827,0.79048145,84.0,1.3423685,,,,,,,,,,,,,,,,,,,,,,,,
FAILED_SETUP,,,,,,,2026-07-09,2375.0,凱美,電子零組件業,0.7912337120356089,STOCK_SPECIFIC,-0.23346457,-0.4566929,0.052493438,0.025795429404511,0.25729442,0.8896197,0.032,0.13751058,0.7069431,2.3189943,4.283305,1.0,0.089765266,0.8304536,0.0025089614,1.0378096,0.5019836,2.3970327,48.0,0.66178864,,,,,,,,,,,,,,,,,,,,,,,,
FAILED_SETUP,,,,,,,2026-07-09,1409.0,新纖,紡織纖維,0.7128332936606382,SECTOR_WEAK,-0.13630398,-0.2551595,0.05315168,0.025795429404511,0.2843691,0.25275758,0.032,0.07690288,0.47418103,1.4697981,1.036235,0.14124294,0.1649308,0.77321815,-0.08293579,1.5696766,1.5957904,1.8882468,157.0,0.76112896,,,,,,,,,,,,,,,,,,,,,,,,
FAILED_SETUP,,,,,,,2026-07-09,1560.0,中砂,電機機械,0.7053072362736478,SECTOR_WEAK,-0.19928473,-0.21346836,0.05932519,0.025795429404511,0.114245415,0.07299339,0.076,0.15225847,0.38310876,4.008538,0.2901774,0.057827927,0.038400386,0.71814257,-0.037309773,0.9093445,0.5762214,1.5844532,149.0,1.0612364,,,,,,,,,,,,,,,,,,,,,,,,
FAILED_SETUP,,,,,,,2026-07-09,1563.0,巧新,電機機械,0.8226583268184389,SECTOR_WEAK,-0.17620438,-0.2180905,0.016934311,0.025795429404511,0.08271787,0.25427163,0.028,0.15628062,0.40707487,3.230975,0.025770247,0.0045408304,0.1411535,0.5842333,-0.038294166,1.052356,0.94384456,3.51673,28.0,0.46581602,,,,,,,,,,,,,,,,,,,,,,,,
FAILED_SETUP,,,,,,,2026-07-09,4722.0,國精化,化學生技醫療,0.6415577266011842,STOCK_SPECIFIC,-0.24125652,-0.41472867,0.07170542,0.025795429404511,0.21555872,0.18982257,0.072,0.06951475,0.28365067,2.9546604,0.60373247,0.1456544,0.057855427,0.6360691,0.04900702,0.8589852,0.57091707,0.6260091,61.0,0.87871873,,,,,,,,,,,,,,,,,,,,,,,,
FAILED_SETUP,,,,,,,2026-07-09,1714.0,和桐,化學生技醫療,0.7137748635282053,STOCK_SPECIFIC,-0.2476,-0.28857145,0.07151476,0.025795429404511,0.44927534,0.3206552,0.036,0.22680491,0.62990075,2.690111,4.038772,1.0,0.16414629,0.86717063,0.040734075,1.4510434,0.5129693,2.6944568,130.0,0.3503209,,,,,,,,,,,,,,,,,,,,,,,,
FAILED_SETUP,,,,,,,2026-07-09,1904.0,正隆,造紙工業,0.6907668926578284,TOO_EXTENDED,-0.104490235,-0.106290676,0.14750542,0.025795429404511,0.055555556,-0.021715516,0.012,-0.018373672,0.2565943,2.8819659,0.03412644,0.0035658798,0.026016932,0.5637149,0.0,1.2164592,0.8892836,4.15112,41.0,-0.32979056,,,,,,,,,,,,,,,,,,,,,,,,
FAILED_SETUP,,,,,,,2026-07-09,2236.0,百達-KY,汽車工業,0.8481291811494523,STOCK_SPECIFIC,-0.2872,-0.34571427,0.011428571,0.025795429404511,0.07670455,0.1899568,0.016,0.24324273,0.43051127,5.4971876,3.4818943,1.0,0.05463808,0.6565875,0.020935208,1.4064516,0.5119695,3.8746095,143.0,0.36815643,,,,,,,,,,,,,,,,,,,,,,,,
FAILED_SETUP,,,,,,,2026-07-09,2383.0,台光電,電子零組件業,0.7046327911541939,STOCK_SPECIFIC,-0.12592937,-0.26951674,0.20260224,0.025795429404511,0.18035883,0.20903917,0.06,0.019222924,0.6567584,1.8328503,0.50990105,0.06421152,0.03678273,0.9524838,0.003384515,1.2043011,0.8922545,1.0099839,295.0,1.0507805,,,,,,,,,,,,,,,,,,,,,,,,
FAILED_SETUP,,,,,,,2026-07-09,2316.0,楠梓電,電子零組件業,0.7929663363999859,STOCK_SPECIFIC,-0.25344104,-0.35532996,0.015228426,0.025795429404511,0.19471154,0.37651783,0.048,0.27389684,0.66711193,2.8866124,0.7682715,0.19471154,0.020356612,0.86285096,0.0016890006,1.0136571,,2.762304,64.0,0.3500279,,,,,,,,,,,,,,,,,,,,,,,,
FAILED_SETUP,,,,,,,2026-07-09,2330.0,台積電,電子工業,0.6552583451295162,STOCK_SPECIFIC,-0.110609755,-0.11382114,0.008130081,0.025795429404511,0.049689442,-0.05453654,0.04,-0.001410418,0.24472378,4.1182704,0.06928551,0.007663653,0.03688177,0.59287256,0.02596611,0.83534133,0.87435776,1.8926233,249.0,0.9214698,,,,,,,,,,,,,,,,,,,,,,,,
FAILED_SETUP,,,,,,,2026-07-09,2342.0,茂矽,電子工業,0.7314251621274734,STOCK_SPECIFIC,-0.31019962,-0.44011408,0.02471483,0.025795429404511,0.30408162,0.3059573,0.024,0.18704258,0.36582828,3.9865794,0.98027724,0.30408162,0.088580884,0.6511879,0.024963778,1.0284301,0.5685729,1.4313554,57.0,2.101114,,,,,,,,,,,,,,,,,,,,,,,,
FAILED_SETUP,,,,,,,2026-07-09,2344.0,華邦電,電子工業,0.733007156071012,STOCK_SPECIFIC,-0.18727273,-0.3553719,0.063360885,0.025795429404511,0.32294616,0.4741226,0.032,0.10997884,0.53462607,2.1728766,1.7244698,0.32294616,0.04973264,0.74406046,0.02533001,0.9579288,0.7077884,1.9517959,222.0,2.0643644,,,,,,,,,,,,,,,,,,,,,,,,
FAILED_SETUP,,,,,,,2026-07-09,2351.0,順德,電子工業,0.7279214827548764,STOCK_SPECIFIC,-0.19359155,-0.41784036,0.16729829,0.025795429404511,0.16499999,0.26977098,0.068,0.06808564,0.5960078,2.4154394,0.8523099,0.16499999,0.20108795,0.92332613,0.025516592,1.0751252,0.45051652,0.9426081,83.0,1.2541463,,,,,,,,,,,,,,,,,,,,,,,,
FAILED_SETUP,,,,,,,2026-07-09,2356.0,英業達,電腦及週邊設備業,0.723973533330912,SECTOR_WEAK,-0.10758571,-0.16226904,0.08403565,0.025795429404511,0.26934096,0.23041667,0.008,0.047116686,0.3923335,2.3121493,2.5035012,0.26934096,0.088567406,0.70950323,-0.041990932,1.1038961,4.2535377,3.0891082,61.0,0.74397135,,,,,,,,,,,,,,,,,,,,,,,,
FAILED_SETUP,,,,,,,2026-07-09,2363.0,矽統,電子工業,0.6285200114660381,STOCK_SPECIFIC,-0.21270029,-0.34273,0.026706232,0.025795429404511,0.16006097,0.08533137,0.08,0.11600904,0.19993415,3.0000598,0.07166843,0.015243896,0.230944,0.58099353,0.025298664,0.74039584,0.29337773,0.7983558,40.0,1.5950007,,,,,,,,,,,,,,,,,,,,,,,,
FAILED_SETUP,,,,,,,2026-07-09,2369.0,菱生,半導體業,0.8270940234748089,STOCK_SPECIFIC,-0.2837059,-0.37764707,0.030588236,0.025795429404511,0.075294115,0.07406598,0.02,0.28097072,0.4314102,3.7018642,0.265395,0.075294115,0.074863024,0.7526998,0.03633384,1.0918455,1.466354,2.3921785,200.0,1.0931065,,,,,,,,,,,,,,,,,,,,,,,,
FAILED_SETUP,,,,,,,2026-07-09,2327.0,國巨*,電子零組件業,0.7646839728720133,STOCK_SPECIFIC,-0.18781461,-0.5043431,0.0,0.025795429404511,0.35555556,1.4837233,0.016,0.054429438,1.1355618,1.9640565,5.3243995,1.0,0.034992233,0.9686825,0.0031016504,0.91565055,0.78967613,2.6050615,211.0,1.0606345,,,,,,,,,,,,,,,,,,,,,,,,
FAILED_SETUP,,,,,,,2026-07-09,3003.0,健和興,電子零組件業,0.6332827959938856,STOCK_SPECIFIC,-0.071875,-0.21279761,0.12001424,0.025795429404511,0.07866868,0.035468306,0.052,-0.021759722,0.22860171,2.2316833,0.12629075,0.009077148,0.17215025,0.5853132,0.003706069,0.80784315,0.26222008,2.2393842,54.0,0.5681887,,,,,,,,,,,,,,,,,,,,,,,,
FAILED_SETUP,,,,,,,2026-07-09,1710.0,東聯,化學生技醫療,0.6337430966830019,STOCK_SPECIFIC,-0.208,-0.24242425,0.121212125,0.025795429404511,0.22865854,-0.054840583,0.012,0.05014369,0.2200868,2.8944578,0.058630392,0.0121951215,0.07882937,0.52915764,0.051478595,1.3232323,0.7190847,2.0360441,31.0,1.0002459,,,,,,,,,,,,,,,,,,,,,,,,
FAILED_SETUP,,,,,,,2026-07-09,3006.0,晶豪科,電子工業,0.7437469387192791,STOCK_SPECIFIC,-0.17818321,-0.32352942,0.30042017,0.025795429404511,0.14859056,0.19197735,0.048,0.104174756,0.41705784,2.4008179,0.72785956,0.12969236,0.09143527,0.7224622,0.025371946,0.9821046,1.714745,1.3836496,194.0,1.2043527,,,,,,,,,,,,,,,,,,,,,,,,
FAILED_SETUP,,,,,,,2026-07-09,3346.0,麗清,汽車工業,0.6874073499857213,STOCK_SPECIFIC,-0.11431412,-0.28230616,0.0,0.025795429404511,0.17267554,0.1495506,0.024,0.00173457,0.29984376,1.6563786,0.21579087,0.024667943,0.17259131,0.59179264,0.033372667,1.0608424,0.34925005,3.0655005,16.0,-0.22416142,,,,,,,,,,,,,,,,,,,,,,,,
FAILED_SETUP,,,,,,,2026-07-09,3360.0,尚立,電子通路業,0.7619285327203388,SECTOR_WEAK,-0.30509615,-0.31490386,0.1298077,0.025795429404511,0.18656716,0.11321092,0.028,0.39664075,0.34092376,3.568032,0.122300565,0.03731343,0.25600773,0.5280778,-0.069183335,0.9434572,0.50206566,2.4331324,44.0,0.17214057,,,,,,,,,,,,,,,,,,,,,,,,
FAILED_SETUP,,,,,,,2026-07-09,3362.0,先進光,光電業,0.7420023124283076,SECTOR_WEAK,-0.16576,-0.22933333,0.144,0.025795429404511,0.21111111,0.4715977,0.036,0.023731157,0.5639315,2.1434484,0.37633944,0.062382024,0.25544956,0.8099352,-0.020354485,0.9277311,0.7884879,2.7576602,29.0,-0.17859301,,,,,,,,,,,,,,,,,,,,,,,,
FAILED_SETUP,,,,,,,2026-07-09,3455.0,由田,光電業,0.6297311877364564,SECTOR_WEAK,-0.16037975,-0.38818565,0.16972451,0.025795429404511,0.32716048,-0.01932339,0.052,0.15622658,0.45617688,1.8971124,0.92373353,0.14814815,0.11735753,0.85097194,-0.022999726,1.0139416,0.5945807,-0.06779559,126.0,1.36415,,,,,,,,,,,,,,,,,,,,,,,,
FAILED_SETUP,,,,,,,2026-07-09,3498.0,陽程,其他電子業,0.677565035816094,SECTOR_WEAK,-0.18470588,-0.38161764,0.6286765,0.025795429404511,0.30039525,0.23946057,0.028,0.00029351114,0.54805076,3.1260445,1.6263437,0.30039525,0.056751788,0.90820736,-0.021093134,1.1428572,2.9900787,1.0625482,94.0,-0.24452503,,,,,,,,,,,,,,,,,,,,,,,,
FAILED_SETUP,,,,,,,2026-07-09,3504.0,揚明光,電子工業,0.622014449281721,STOCK_SPECIFIC,-0.10146067,-0.25093633,0.19350812,0.025795429404511,0.19559902,0.22372353,0.048,-0.039922066,0.3024026,1.6781416,0.13253838,0.013447433,0.27314407,0.70302373,0.026110195,0.8,0.6078409,1.2788594,55.0,0.00381014,,,,,,,,,,,,,,,,,,,,,,,,
FAILED_SETUP,,,,,,,2026-07-09,3532.0,台勝科,電子工業,0.9233719021841464,STOCK_SPECIFIC,-0.4342857,-0.45317546,0.1883746,0.025795429404511,0.14285715,0.9982781,0.008,0.49572715,1.2475587,5.793736,0.013592864,0.0059031867,0.018208656,0.9773218,0.023536457,1.5659825,2.1790574,3.9392016,150.0,2.2616873,,,,,,,,,,,,,,,,,,,,,,,,
FAILED_SETUP,,,,,,,2026-07-09,3317.0,尼克森,半導體業,0.8726149737446167,STOCK_SPECIFIC,-0.24474227,-0.39278352,0.010309278,0.025795429404511,0.11801242,0.4937787,0.016,0.17623343,0.63887143,3.201927,4.085931,1.0,0.068116225,0.86069113,0.03725677,1.2475692,0.66434836,2.8035967,71.0,0.6667753,,,,,,,,,,,,,,,,,,,,,,,,
FAILED_SETUP,,,,,,,2026-07-09,3556.0,禾瑞亞,半導體業,0.8700278205294906,STOCK_SPECIFIC,-0.1854861,-0.31102362,0.011811024,0.025795429404511,0.050065875,0.36267,0.004,0.06073497,0.5735911,3.4837422,0.11364932,0.02108037,0.10713123,0.87365013,0.038360186,1.0145637,2.589155,3.6050818,106.0,0.7014407,,,,,,,,,,,,,,,,,,,,,,,,
FAILED_SETUP,,,,,,,2026-07-09,3588.0,通嘉,電子工業,0.6709949310255912,STOCK_SPECIFIC,-0.23694748,-0.32786885,0.022354694,0.025795429404511,0.18882398,0.008637752,0.04,0.18836418,0.21934927,2.7573862,0.044315256,0.010500388,0.16664352,0.5669547,0.024921117,1.0419897,0.2730537,0.7850694,65.0,0.90037715,,,,,,,,,,,,,,,,,,,,,,,,
FAILED_SETUP,,,,,,,2026-07-09,3617.0,碩天,電子工業,0.6239541476369548,STOCK_SPECIFIC,-0.1564375,-0.17083333,0.1695326,0.025795429404511,0.14956012,0.073750086,0.08,0.06400409,0.23163573,3.8089132,0.052829143,0.008264459,0.27730468,0.38552916,0.025564533,1.2840909,4.120987,3.7333333,0.0,0.61953497,,,,,,,,,,,,,,,,,,,,,,,,
FAILED_SETUP,,,,,,,2026-07-09,3675.0,德微,半導體業,0.8519134285050128,STOCK_SPECIFIC,-0.27280927,-0.49871135,0.0,0.025795429404511,0.1590909,0.6022799,0.032,0.25214761,0.80051833,2.972718,0.1573601,0.042929295,0.07969218,0.9438445,0.036435317,1.277734,,2.3820126,107.0,0.51364714,,,,,,,,,,,,,,,,,,,,,,,,
FAILED_SETUP,,,,,,,2026-07-09,3711.0,日月光投控,電子工業,0.8896161338362031,STOCK_SPECIFIC,-0.2505598,-0.31744868,0.02052786,0.025795429404511,0.0670562,0.35752612,0.016,0.19331385,0.6740895,3.6327097,3.9910629,1.0,0.01921257,0.9092873,0.024941467,1.1232711,1.1701747,2.4031072,192.0,1.2245396,,,,,,,,,,,,,,,,,,,,,,,,
FAILED_SETUP,,,,,,,2026-07-09,3717.0,聯嘉投控,汽車工業,0.6708636696531661,STOCK_SPECIFIC,-0.23465383,-0.2499502,0.011538462,0.025795429404511,0.23772103,-0.090697,0.012,0.18520613,0.27284613,3.1811545,4.2615967,1.0,0.33022568,0.6846652,0.025439916,1.2971429,0.7727233,1.3968244,73.0,0.8434723,,,,,,,,,,,,,,,,,,,,,,,,
FAILED_SETUP,,,,,,,2026-07-09,4542.0,科嶠,電子零組件業,0.7062570706536699,STOCK_SPECIFIC,-0.19348548,-0.395574,0.031811897,0.025795429404511,0.48563612,0.6691362,0.032,0.06554839,0.98208725,1.8458624,5.1683464,1.0,0.03838312,0.98596114,0.0029337057,1.1549894,1.0754843,2.1327677,133.0,0.18003805,,,,,,,,,,,,,,,,,,,,,,,,
FAILED_SETUP,,,,,,,2026-07-09,3004.0,豐達科,鋼鐵工業,0.8118056913003725,SECTOR_WEAK,-0.1952258,-0.2451613,0.03548387,0.025795429404511,0.06188925,0.03335823,0.004,0.17244819,0.34647968,3.7656891,5.1222734,1.0,0.017379588,0.53671706,-0.054402713,1.7260274,1.7878624,3.2905188,25.0,0.6689587,,,,,,,,,,,,,,,,,,,,,,,,
FAILED_SETUP,,,,,,,2026-07-09,3577.0,泓格,電腦及週邊設備業,0.6409054636270317,SECTOR_WEAK,-0.1689781,-0.19218615,0.30435997,0.025795429404511,0.38247013,0.27609503,0.024,-0.015997486,0.47847667,3.028972,2.26343,0.38247013,0.087348215,0.8315335,-0.041162565,1.2450331,0.59585744,1.2401557,46.0,-0.41901162,,,,,,,,,,,,,,,,,,,,,,,,
FAILED_SETUP,,,,,,,2026-07-09,3290.0,東浦,電子零組件業,0.8319809881649549,STOCK_SPECIFIC,-0.201666,-0.34920636,0.008658009,0.025795429404511,0.07026681,0.18132141,0.016,0.1553513,0.42950702,3.6647954,0.34843165,0.07026681,0.050755728,0.68682504,0.002459679,0.8712768,0.42864957,3.861171,38.0,0.37874418,,,,,,,,,,,,,,,,,,,,,,,,
FAILED_SETUP,,,,,,,2026-07-09,4534.0,慶騰,電機機械,0.7264536331794996,SECTOR_WEAK,-0.2096875,-0.22727273,0.26420453,0.025795429404511,0.122023806,-0.01911972,0.024,0.05351692,0.41257584,3.2804444,0.38322333,0.08035714,0.09049334,0.89092875,-0.03610516,1.0585774,0.18545139,2.4577777,105.0,1.0402877,,,,,,,,,,,,,,,,,,,,,,,,
FAILED_SETUP,,,,,,,2026-07-09,3236.0,千如,電子零組件業,0.7694284213543077,STOCK_SPECIFIC,-0.15328947,-0.42269737,0.013157895,0.025795429404511,0.2450658,0.4564195,0.032,0.110676326,0.5963592,1.6009815,0.17167386,0.026315793,0.15545209,0.8272138,0.0025926686,0.99913865,0.3335697,1.8629448,181.0,0.96621084,,,,,,,,,,,,,,,,,,,,,,,,
FAILED_SETUP,,,,,,,2026-07-09,3264.0,欣銓,半導體業,0.7102643800448267,STOCK_SPECIFIC,-0.15885915,-0.32627118,0.03177966,0.025795429404511,0.15531915,-0.009728344,0.024,0.04539358,0.4177652,2.2056592,0.24502102,0.03892383,0.039661225,0.7980562,0.03854813,1.1410936,0.5478281,1.0468849,213.0,1.3194913,,,,,,,,,,,,,,,,,,,,,,,,
FAILED_SETUP,,,,,,,2026-07-09,3022.0,威強電,電腦及週邊設備業,0.7574246260528421,SECTOR_WEAK,-0.103438206,-0.13258426,0.30898878,0.025795429404511,0.0752809,0.043557275,0.004,0.039772797,0.28694546,2.6089878,1.0223097e-08,1.0574588e-09,0.030346869,0.5788337,-0.04196887,1.2719425,1.5877392,3.5212553,46.0,0.37909728,,,,,,,,,,,,,,,,,,,,,,,,
FAILED_SETUP,,,,,,,2026-07-09,3023.0,信邦,電子零組件業,0.6675132683220083,STOCK_SPECIFIC,-0.10356708,-0.17987804,0.074962385,0.025795429404511,0.08435582,-0.070889115,0.028,0.01087214,0.26510233,1.8909742,0.41465673,0.042944785,0.049252216,0.7311015,0.0034944876,1.0937997,0.80525565,1.058118,84.0,0.60074437,,,,,,,,,,,,,,,,,,,,,,,,
FAILED_SETUP,,,,,,,2026-07-09,3026.0,禾伸堂,電子工業,0.9832785716975928,TOO_EXTENDED,-0.4338106,-0.5936585,0.004878049,0.025795429404511,0.039800994,3.0716126,0.0,0.50278443,2.493475,5.4895787,2.3051536,1.0,0.0,0.9989201,0.023512265,1.5097024,2.8110387,5.643702,212.0,1.880608,,,,,,,,,,,,,,,,,,,,,,,,
FAILED_SETUP,,,,,,,2026-07-09,3033.0,威健,電子通路業,0.6313728897348807,SECTOR_WEAK,-0.07754387,-0.18421052,0.15789472,0.025795429404511,0.11491935,0.15448864,0.1,0.008056331,0.33749202,2.4109097,0.72799593,0.056451626,0.25355092,0.6835853,-0.06926344,0.7987422,0.42854443,2.280808,66.0,0.34959108,,,,,,,,,,,,,,,,,,,,,,,,
FAILED_SETUP,,,,,,,2026-07-09,3034.0,聯詠,電子工業,0.7445703154349628,STOCK_SPECIFIC,-0.08655318,-0.08704454,0.15789473,0.025795429404511,0.11808118,0.07424558,0.012,0.057808455,0.28407618,1.6670117,0.3827342,0.03312686,0.0329001,0.6015119,0.025643013,0.6542443,1.0412205,2.2499557,41.0,1.0644032,,,,,,,,,,,,,,,,,,,,,,,,
FAILED_SETUP,,,,,,,2026-07-09,3035.0,智原,電子工業,0.7466587020677433,STOCK_SPECIFIC,-0.22715415,-0.33105022,0.006849315,0.025795429404511,0.13425925,0.13841437,0.028,0.17466149,0.23554918,3.3973396,0.26376247,0.05991474,0.073020846,0.48164147,0.025035221,0.98051846,0.69231945,1.4829526,53.0,1.5929271,,,,,,,,,,,,,,,,,,,,,,,,
FAILED_SETUP,,,,,,,2026-07-09,3016.0,嘉晶,電子工業,0.7113965335547504,STOCK_SPECIFIC,-0.27121344,-0.45338345,0.011278192,0.025795429404511,0.2542336,0.7133209,0.076,0.109832615,0.55328715,2.8097887,0.77115196,0.20914678,0.23294467,0.86933047,0.025250774,0.9121728,0.6330469,0.85208917,63.0,1.1679983,,,,,,,,,,,,,,,,,,,,,,,,
FAILED_SETUP,,,,,,,2026-07-09,3066.0,李洲,光電業,0.8172101434242223,SECTOR_WEAK,-0.31298932,-0.3291815,0.017793594,0.025795429404511,0.15625,0.072764084,0.008,0.31561005,0.5135496,4.209573,0.15270208,0.04779412,0.11765067,0.8412527,-0.0183303,1.6863905,1.0800028,2.8159544,88.0,0.2935101,,,,,,,,,,,,,,,,,,,,,,,,
FAILED_SETUP,,,,,,,2026-07-09,3234.0,光環,通信網路業,0.6567497824194888,SECTOR_WEAK,-0.18217392,-0.34071147,0.82512176,0.025795429404511,0.1984127,-0.13688989,0.048,0.18004015,0.47387958,2.041962,0.7406145,0.13492064,0.12150416,0.93412524,-0.11425081,0.812362,0.30206886,0.8959704,149.0,1.4907739,,,,,,,,,,,,,,,,,,,,,,,,
FAILED_SETUP,,,,,,,2026-07-09,3060.0,銘異,電腦及週邊設備業,0.7127029756988821,SECTOR_WEAK,-0.2573763,-0.33377838,0.036048066,0.025795429404511,0.12958938,-0.011059105,0.028,0.2774344,0.18910916,3.1766186,0.04117693,0.010597967,0.09146124,0.35205182,-0.045087006,0.8606274,0.9506045,1.9563297,19.0,1.5264312,,,,,,,,,,,,,,,,,,,,,,,,
FAILED_SETUP,,,,,,,2026-07-09,3221.0,台嘉碩,通信網路業,0.6615799437021275,SECTOR_WEAK,-0.07047293,-0.32106164,0.0051369863,0.025795429404511,0.20914078,0.24337244,0.088,0.04387137,0.53340685,0.88348246,2.5726824,0.18130447,0.32843617,0.91684663,-0.11058215,1.2134863,0.18273698,0.9519469,166.0,0.65634525,,,,,,,,,,,,,,,,,,,,,,,,
FAILED_SETUP,,,,,,,2026-07-09,3015.0,全漢,電子零組件業,0.6736367653414008,STOCK_SPECIFIC,-0.14566286,-0.23868954,0.024960998,0.025795429404511,0.16510904,0.024074616,0.028,0.063566126,0.22366336,2.297326,0.22555539,0.032855045,0.28125364,0.49028078,0.0030666282,1.2564862,0.43440157,2.316726,21.0,0.448926,,,,,,,,,,,,,,,,,,,,,,,,
FAILED_SETUP,,,,,,,2026-07-09,3149.0,正達,電子工業,0.7533216189829854,STOCK_SPECIFIC,-0.17318681,-0.30780703,0.07472527,0.025795429404511,0.21787709,0.6881973,0.032,0.013735046,0.64829093,1.9152777,0.45160654,0.0782123,0.13748781,0.89200866,0.025817836,0.73204416,0.9591893,2.352474,53.0,-0.14064264,,,,,,,,,,,,,,,,,,,,,,,,
FAILED_SETUP,,,,,,,2026-07-09,3090.0,日電貿,電子零組件業,0.823797099379864,STOCK_SPECIFIC,-0.3040847,-0.60209423,0.005235602,0.025795429404511,0.25464466,1.2718133,0.036,0.32169348,1.0887877,3.4911237,0.8374136,0.25464466,0.0383589,0.9276458,0.001311143,1.1478999,,3.3907056,204.0,1.0511277,,,,,,,,,,,,,,,,,,,,,,,,
FAILED_SETUP,,,,,,,2026-07-09,3088.0,艾訊,電腦及週邊設備業,0.795508670019931,SECTOR_WEAK,-0.082187496,-0.19228613,0.12654828,0.025795429404511,0.055555552,0.23166394,0.024,0.024678377,0.4365905,2.0455556,0.42038932,0.034550745,0.06026571,0.78833693,-0.041675217,1.0526316,0.73636526,2.5038683,64.0,0.26764524,,,,,,,,,,,,,,,,,,,,,,,,
FAILED_SETUP,,,,,,,2026-07-09,3211.0,順達,電腦及週邊設備業,0.7918715839580688,SECTOR_WEAK,-0.24891113,-0.43163267,0.010204081,0.025795429404511,0.054316863,-0.027243087,0.004,0.14776185,0.34922567,4.2893033,0.2182179,0.054316863,0.0089179585,0.63930887,-0.043616462,1.4838063,4.766782,2.196796,32.0,1.63629,,,,,,,,,,,,,,,,,,,,,,,,
FAILED_SETUP,,,,,,,2026-07-17,6138.0,茂達,半導體業,0.633802155291517,SECTOR_WEAK,-0.0066999993,-0.15,0.16499999,0.0879900211308919,0.44590163,0.14875607,0.052,0.051016714,0.15455957,0.06388194,38.41449,0.25737706,0.09627455,0.6765677,-0.04554936,0.78093773,0.4848163,-0.46031022,63.0,2.0287158,,,,,,,,,,,,,,,,,,,,,,,,
FAILED_SETUP,,,,,,,2026-07-17,6139.0,亞翔,其他電子業,0.6762374504927695,SECTOR_WEAK,-0.044693366,-0.2077597,0.14142679,0.0879900211308919,0.23529412,-0.046826527,0.064,0.09249222,0.2207357,0.6272773,1.5121814,0.06758448,0.080315836,0.6292629,-0.031292554,1.1375464,0.9729502,0.196445,292.0,0.864967,,,,,,,,,,,,,,,,,,,,,,,,
FAILED_SETUP,,,,,,,2026-07-17,6141.0,柏承,電子工業,0.8726683245832181,SECTOR_WEAK,-0.15355,-0.3075,0.4975,0.0879900211308919,0.16584766,0.12513149,0.02,0.27498478,0.71952456,2.3918777,0.36002967,0.055282556,0.1041254,0.9867987,-0.045556076,1.4972067,2.470319,1.8991191,91.0,0.14031541,,,,,,,,,,,,,,,,,,,,,,,,
FAILED_SETUP,,,,,,,2026-07-17,6156.0,松上,電子零組件業,0.6287491940683431,SECTOR_WEAK,-0.049214143,-0.20696722,0.020491803,0.0879900211308919,0.40684244,0.019339805,0.08,0.20032953,0.13499351,0.53079796,0.48761442,0.023997527,0.27231285,0.40264025,-0.08020936,0.84595734,0.7189133,0.9720835,15.0,1.0467322,,,,,,,,,,,,,,,,,,,,,,,,
FAILED_SETUP,,,,,,,2026-07-17,6166.0,凌華,電子工業,0.6521598968407479,SECTOR_WEAK,-0.022426778,-0.07949791,0.45606694,0.0879900211308919,0.3685354,0.40907794,0.068,-0.04011597,0.39921215,0.33092082,16.432829,0.3685354,0.21662928,0.8855886,-0.04391635,0.8483477,0.9583739,0.043978684,60.0,0.5555821,,,,,,,,,,,,,,,,,,,,,,,,
FAILED_SETUP,,,,,,,2026-07-17,6182.0,合晶,半導體業,0.90214055448098,SECTOR_WEAK,-0.24689285,-0.41357142,0.021428572,0.0879900211308919,0.30100334,2.601817,0.012,0.42999685,1.5774269,2.1797748,4.05034,1.0,0.12786655,0.9933993,-0.048708804,1.2413793,0.5098399,3.4785583,70.0,1.296102,,,,,,,,,,,,,,,,,,,,,,,,
FAILED_SETUP,,,,,,,2026-07-17,6196.0,帆宣,電子工業,0.821469098277609,SECTOR_WEAK,-0.06845018,-0.21217713,0.03505535,0.0879900211308919,0.1199262,0.31788117,0.072,0.12861924,0.4999807,1.0204322,1.2906654,0.08834629,0.063012585,0.8679868,-0.04480005,1.298682,1.2880098,1.6083142,302.0,1.0422639,,,,,,,,,,,,,,,,,,,,,,,,
FAILED_SETUP,,,,,,,2026-07-17,6207.0,雷科,電子零組件業,0.6972340425531914,SECTOR_WEAK,-0.051728293,-0.35437262,0.019011406,0.0879900211308919,0.38483793,0.97972584,0.04,-0.05243914,0.71391004,0.47333437,7.4396024,0.38483793,0.17330006,0.9537954,-0.07851615,1.1825944,0.8098655,1.2639818,44.0,-0.16937819,,,,,,,,,,,,,,,,,,,,,,,,
FAILED_SETUP,,,,,,,2026-07-17,6213.0,聯茂,電子零組件業,0.8028221423966105,SECTOR_WEAK,-0.19419374,-0.28614458,0.80421686,0.0879900211308919,0.330721,0.025698824,0.02,0.3535296,0.61170024,1.8973066,0.0051273177,0.000995693,0.046642527,0.9614962,-0.08110412,0.9632777,1.1013494,0.7999764,105.0,0.8660001,,,,,,,,,,,,,,,,,,,,,,,,
FAILED_SETUP,,,,,,,2026-07-17,6239.0,力成,半導體業,0.6401786865616652,SECTOR_WEAK,-0.026981132,-0.2654008,0.080617495,0.0879900211308919,0.34375,0.19712046,0.032,-0.051014002,0.18281631,0.34248832,11.517823,0.3107639,0.06870574,0.5060506,-0.044318855,1.0214504,1.4315869,-0.29538622,216.0,1.1015584,,,,,,,,,,,,,,,,,,,,,,,,
FAILED_SETUP,,,,,,,2026-07-17,8932.0,智通*,數位雲端,0.8342341346596666,STOCK_SPECIFIC,-0.16653848,-0.2880342,0.038461536,0.0879900211308919,0.111111104,0.1225085,0.02,0.15305303,0.23927367,2.7554548,0.37208104,0.06196581,0.05509087,0.6875688,0.08683151,1.1756374,1.3332975,2.07101,22.0,0.35223198,,,,,,,,,,,,,,,,,,,,,,,,
FAILED_SETUP,,,,,,,2026-07-17,6116.0,彩晶,電子工業,0.6418716035737312,SECTOR_WEAK,-0.01,-0.23,0.013333334,0.0879900211308919,0.5133333,0.44554526,0.024,-0.0644644,0.3717421,0.12688822,39.333336,0.39333335,0.10200355,0.73047304,-0.043733258,0.82331514,0.28516924,0.4372004,53.0,1.612062,,,,,,,,,,,,,,,,,,,,,,,,
FAILED_SETUP,,,,,,,2026-07-17,6257.0,矽格,電子工業,0.7096159159988946,SECTOR_WEAK,-0.016323877,-0.2004662,0.08158508,0.0879900211308919,0.28274652,0.058780845,0.084,0.13289182,0.31674013,0.21306299,6.7779717,0.11064278,0.14446409,0.8250825,-0.044821117,1.0742041,0.6725974,-0.124522485,265.0,1.2978004,,,,,,,,,,,,,,,,,,,,,,,,
FAILED_SETUP,,,,,,,2026-07-17,6197.0,佳必琪,電子工業,0.7411761996868379,SECTOR_WEAK,-0.016502462,-0.14614122,0.0952381,0.0879900211308919,0.33004925,0.4445547,0.056,0.047244005,0.48618603,0.23181447,60.597015,1.0,0.12825598,0.90869087,-0.04438405,1.0723679,0.75297004,0.87338686,56.0,0.716291,,,,,,,,,,,,,,,,,,,,,,,,
FAILED_SETUP,,,,,,,2026-07-17,6208.0,日揚,電子零組件業,0.6774118080501059,SECTOR_WEAK,-0.014864865,-0.1031941,0.08476658,0.0879900211308919,0.28232932,-0.026956253,0.064,0.07089992,0.30268845,0.22466843,5.874303,0.087320715,0.2639705,0.87348735,-0.07931985,0.9468804,0.35940513,-1.1037223,85.0,0.6871297,,,,,,,,,,,,,,,,,,,,,,,,
FAILED_SETUP,,,,,,,2026-07-17,5351.0,鈺創,半導體業,0.7154490190660404,SECTOR_WEAK,-0.10669767,-0.23604651,0.6395349,0.0879900211308919,0.19886364,0.124455735,0.084,0.072170794,0.28118023,1.2508667,0.6390188,0.06818182,0.204857,0.71067107,-0.04576452,1.3615819,0.7063851,0.4637131,201.0,1.1221193,,,,,,,,,,,,,,,,,,,,,,,,
FAILED_SETUP,,,,,,,2026-07-17,5489.0,彩富,其他電子業,0.6533434650455927,SECTOR_WEAK,-0.089200005,-0.14486486,0.042162143,0.0879900211308919,0.48756757,-0.028233243,0.008,0.18744878,0.081188485,1.0132807,1.1011528,0.09822284,0.041380316,0.4411441,-0.026762383,0.9510808,0.4753983,0.043801095,20.0,0.38745204,,,,,,,,,,,,,,,,,,,,,,,,
FAILED_SETUP,,,,,,,2026-07-17,6263.0,普萊德,通信網路業,0.6455365202173713,SECTOR_WEAK,-0.006688963,-0.080267556,0.16722408,0.0879900211308919,0.23026316,0.041737054,0.096,0.1103546,0.11068789,0.16766468,3.649087,0.024408609,0.38628292,0.5390539,-0.11080646,0.8858132,0.70529777,-1.2772214,46.0,0.69715255,,,,,,,,,,,,,,,,,,,,,,,,
FAILED_SETUP,,,,,,,2026-07-17,4764.0,雙鍵,化學生技醫療,0.6567237726812195,STOP_TOO_TIGHT,-0.06422261,-0.2859246,0.15190218,0.0879900211308919,0.2635135,0.20686014,0.096,-0.03187217,0.5162857,0.61684847,3.629689,0.2331081,0.15301453,0.9405941,0.03846556,1.3577982,0.8252903,-0.102101006,175.0,0.8338864,,,,,,,,,,,,,,,,,,,,,,,,
FAILED_SETUP,,,,,,,2026-07-17,4916.0,事欣科,電腦及週邊設備業,0.7964244266371926,SECTOR_WEAK,-0.073088236,-0.14313726,0.10294117,0.0879900211308919,0.25,0.2975794,0.048,0.13091038,0.38866198,1.0917364,3.420523,0.25,0.07808148,0.7909791,-0.027591199,1.2363068,0.66312146,1.1066248,47.0,0.9834656,,,,,,,,,,,,,,,,,,,,,,,,
FAILED_SETUP,,,,,,,2026-07-17,4923.0,力士,半導體業,0.7235184673482546,SECTOR_WEAK,-0.01404908,-0.25664622,0.19222903,0.0879900211308919,0.4417178,0.19650137,0.012,0.046715938,0.28616518,0.14639269,3.202329,0.044989776,0.14841828,0.83938396,-0.045402832,0.8888889,0.43008223,0.42582446,80.0,1.4568137,,,,,,,,,,,,,,,,,,,,,,,,
FAILED_SETUP,,,,,,,2026-07-17,4939.0,亞電,電子零組件業,0.7720134475453625,SECTOR_WEAK,-0.16267091,-0.27027026,0.5135135,0.0879900211308919,0.19767442,0.2677339,0.068,0.078383274,0.42666817,2.076058,1.2151799,0.19767442,0.15988724,0.8085809,-0.07948639,1.2680756,4.5276294,1.6219355,68.0,0.1063189,,,,,,,,,,,,,,,,,,,,,,,,
FAILED_SETUP,,,,,,,2026-07-17,4973.0,廣穎,半導體業,0.6282711614626508,SECTOR_WEAK,-0.024042552,-0.17375886,0.19503546,0.0879900211308919,0.5531915,0.56718713,0.012,-0.15058094,0.58946073,0.31223685,23.00885,0.5531915,0.045102317,0.9658966,-0.043242093,1.1084337,0.7983174,-0.23594297,181.0,0.46079105,,,,,,,,,,,,,,,,,,,,,,,,
FAILED_SETUP,,,,,,,2026-07-17,5536.0,聖暉*,其他電子業,0.7495845997973657,SECTOR_WEAK,-0.036052633,-0.29561403,0.096491225,0.0879900211308919,0.29376456,0.20403893,0.044,0.06842991,0.32069486,0.42944163,27.737226,1.0,0.033833496,0.69966996,-0.030748863,1.0698308,0.6622306,0.61263025,47.0,0.79675907,,,,,,,,,,,,,,,,,,,,,,,,
FAILED_SETUP,,,,,,,2026-07-17,5011.0,久陽,鋼鐵工業,0.6592695956525745,STOP_TOO_TIGHT,-0.0048302873,-0.1305483,0.09660574,0.0879900211308919,0.44818652,0.1362742,0.012,-0.036082998,0.2857238,0.06573604,,0.03272056,0.108783856,0.8261826,0.042860735,0.94892913,0.46411672,0.3109137,91.0,0.6323882,,,,,,,,,,,,,,,,,,,,,,,,
FAILED_SETUP,,,,,,,2026-07-17,5347.0,世界,半導體業,0.746683245832182,SECTOR_WEAK,-0.026992055,-0.20121951,0.07926829,0.0879900211308919,0.2890188,0.1304078,0.052,0.15536848,0.24422777,0.3424674,2.4627693,0.066475205,0.13954562,0.71727175,-0.046446085,1.0614675,0.9087913,0.086914085,126.0,1.1070343,,,,,,,,,,,,,,,,,,,,,,,,
FAILED_SETUP,,,,,,,2026-07-17,5425.0,台半,半導體業,0.6299115777839182,SECTOR_WEAK,-0.012152173,-0.2629045,0.16354202,0.0879900211308919,0.55675673,0.21433868,0.016,-0.028956868,0.24723586,0.11325614,0.1397554,0.0016983317,0.13133462,0.6820682,-0.044677116,0.91340107,0.6912674,-0.47679693,67.0,1.4133173,,,,,,,,,,,,,,,,,,,,,,,,
FAILED_SETUP,,,,,,,2026-07-17,5464.0,霖宏,電子零組件業,0.8442903196094684,SECTOR_WEAK,-0.077011496,-0.25159642,0.16219668,0.0879900211308919,0.3956466,1.2453976,0.016,0.21420555,0.76250225,0.87210745,2.1447818,0.16517286,0.16718647,0.9724972,-0.08028832,1.1495845,0.5465204,1.0879649,98.0,-0.0012568278,,,,,,,,,,,,,,,,,,,,,,,,
FAILED_SETUP,,,,,,,2026-07-17,5471.0,松翰,半導體業,0.7328562217923918,SECTOR_WEAK,-0.018886894,-0.18491921,0.13644524,0.0879900211308919,0.22092198,0.18483093,0.036,0.01902652,0.2846973,0.24152423,1.5000246,0.028330805,0.3167687,0.8338834,-0.045043368,1.10701,0.47994417,0.58970404,111.0,1.0807072,,,,,,,,,,,,,,,,,,,,,,,,
FAILED_SETUP,,,,,,,2026-07-17,5483.0,中美晶,半導體業,0.9328829326701668,SECTOR_WEAK,-0.3144516,-0.34569776,0.09557584,0.0879900211308919,0.18683653,0.63149226,0.004,0.40881586,0.73929787,3.982646,3.1801395,1.0,0.06427293,0.8877888,-0.04852038,1.5394322,0.9019369,3.6602466,69.0,1.4971262,,,,,,,,,,,,,,,,,,,,,,,,
FAILED_SETUP,,,,,,,2026-07-17,5488.0,松普,電子零組件業,0.9054296767062724,SECTOR_WEAK,-0.24821874,-0.28141177,0.003125,0.0879900211308919,0.20249222,0.3638684,0.008,0.42257288,0.47265717,2.9263682,0.31376216,0.07788165,0.2029511,0.79317933,-0.07887884,1.6681222,1.9282807,2.690333,41.0,0.46283105,,,,,,,,,,,,,,,,,,,,,,,,
FAILED_SETUP,,,,,,,2026-07-17,5285.0,界霖,電子工業,0.712438979460256,SECTOR_WEAK,-0.023878505,-0.25116822,0.054906543,0.0879900211308919,0.3572268,0.37295622,0.08,0.07309034,0.35366675,0.31274316,6.467237,0.15442795,0.39142585,0.82838285,-0.044578046,0.8985039,0.3465647,0.42629406,70.0,0.6624548,,,,,,,,,,,,,,,,,,,,,,,,
FAILED_SETUP,,,,,,,2026-07-17,6270.0,倍微,電子通路業,0.62604310583034,SECTOR_WEAK,-0.011601942,-0.17475729,0.04368932,0.0879900211308919,0.46818855,0.08733489,0.016,0.0009228116,0.15982258,0.14343438,0.5281076,0.0061270734,0.10716133,0.53575355,-0.025160078,0.9365832,0.36732978,-0.10308864,88.0,0.0033950827,,,,,,,,,,,,,,,,,,,,,,,,
FAILED_SETUP,,,,,,,2026-07-17,6770.0,力積電,電子工業,0.6246338767615363,SECTOR_WEAK,-0.0810249,-0.29721814,0.19765739,0.0879900211308919,0.37155297,0.12978795,0.1,0.09602041,0.14322692,1.0760556,1.6300603,0.13207547,0.16485927,0.65786576,-0.044654395,1.0874126,1.1273094,0.0019443788,199.0,1.371095,,,,,,,,,,,,,,,,,,,,,,,,
FAILED_SETUP,,,,,,,2026-07-17,6435.0,大中,半導體業,0.7623487151146725,SECTOR_WEAK,-0.042375214,-0.28461406,0.07401033,0.0879900211308919,0.54310346,0.4012746,0.016,0.11946552,0.48502177,0.3698283,1.3426847,0.056896552,0.04666247,0.94609463,-0.046120778,0.7836611,0.5443266,0.30168098,162.0,1.4573463,,,,,,,,,,,,,,,,,,,,,,,,
FAILED_SETUP,,,,,,,2026-07-17,7610.0,聯友金屬,綠能環保,0.8992870958828405,SECTOR_WEAK,-0.16815352,-0.54564315,0.0,0.0879900211308919,0.13278009,2.2580657,0.04,0.22843955,2.0412269,2.0630908,5.946946,1.0,0.03465546,1.0,-0.013661904,1.145,1.5884482,4.179297,129.0,-0.02063973,,,,,,,,,,,,,,,,,,,,,,,,
FAILED_SETUP,,,,,,,2026-07-17,7788.0,松川精密,電子零組件業,0.7012305425071382,SECTOR_WEAK,-0.039489362,-0.2638111,0.48954833,0.0879900211308919,0.3,0.24349408,0.048,0.0033828255,0.3234466,0.5698246,7.5969834,0.3,0.3195543,0.81738174,-0.078952834,1.0247452,2.3802402,0.9568714,71.0,-0.3032137,,,,,,,,,,,,,,,,,,,,,,,,
FAILED_SETUP,,,,,,,2026-07-17,7828.0,創新服務,半導體業,0.7260744220318689,SECTOR_WEAK,-0.06598972,-0.38303342,0.14652957,0.0879900211308919,0.29048842,0.09292825,0.052,0.055160124,0.44309682,0.58914757,15.153876,1.0,0.05466621,0.9229923,-0.045662064,1.1048594,1.136154,1.4579457,144.0,0.9552984,,,,,,,,,,,,,,,,,,,,,,,,
FAILED_SETUP,,,,,,,2026-07-17,8016.0,矽創,電子工業,0.7263433729391175,SECTOR_WEAK,-0.023846153,-0.12237762,0.13461539,0.0879900211308919,0.31643358,0.19479889,0.056,0.08234109,0.27812257,0.30999997,1.7134407,0.04085897,0.21154273,0.7689769,-0.044605453,1.0581257,0.4611507,0.10986876,58.0,0.6106527,,,,,,,,,,,,,,,,,,,,,,,,
FAILED_SETUP,,,,,,,2026-07-17,8028.0,昇陽半導體,電子工業,0.8150851984894537,SECTOR_WEAK,-0.13804416,-0.30126184,0.007886435,0.0879900211308919,0.15555556,0.46591818,0.068,0.12594959,0.41657025,1.7330694,1.0752445,0.14843123,0.068871826,0.82068205,-0.0448291,1.3026316,1.8750452,0.98794365,71.0,0.7291244,,,,,,,,,,,,,,,,,,,,,,,,
FAILED_SETUP,,,,,,,2026-07-17,8046.0,南電,電子零組件業,0.8968739062356083,SECTOR_WEAK,-0.24637803,-0.29911503,0.22123894,0.0879900211308919,0.23043478,0.372882,0.016,0.4537698,0.8200335,2.3063316,4.0588036,1.0,0.024169149,0.99559957,-0.0817232,1.2184147,0.78585523,1.5931845,244.0,0.14531806,,,,,,,,,,,,,,,,,,,,,,,,
FAILED_SETUP,,,,,,,2026-07-17,6901.0,鑽石投資,其他,0.635580731325412,STOCK_SPECIFIC,-0.11879121,-0.1923077,0.027472528,0.0879900211308919,0.22070844,0.09151958,0.184,0.091443285,0.16073123,1.6014814,0.09175075,0.010899182,0.37384576,0.36413643,0.11466416,0.9739777,1.0068952,2.0574074,7.0,-0.24495529,,,,,,,,,,,,,,,,,,,,,,,,
FAILED_SETUP,,,,,,,2026-07-17,8071.0,能率網通,電子零組件業,0.687012987012987,SECTOR_WEAK,-0.011976048,-0.23353294,0.037924152,0.0879900211308919,0.404,0.29505804,0.016,-0.023515338,0.27049735,0.11413043,2.2945802,0.027480002,0.08115024,0.69636965,-0.07878556,0.960961,0.40381667,0.688904,32.0,0.14176156,,,,,,,,,,,,,,,,,,,,,,,,
FAILED_SETUP,,,,,,,2026-07-17,8109.0,博大,電子零組件業,0.7719655521783182,SECTOR_WEAK,-0.12713741,-0.129771,0.08396947,0.0879900211308919,0.27586207,0.051938135,0.02,0.25168553,0.18408255,1.9512134,0.2410883,0.03065134,0.044221774,0.59625965,-0.08053516,1.1081082,0.7832698,0.6794979,77.0,0.27383295,,,,,,,,,,,,,,,,,,,,,,,,
FAILED_SETUP,,,,,,,2026-07-17,8150.0,南茂,電子工業,0.8973593073593074,SECTOR_WEAK,-0.17133333,-0.39166668,0.013888889,0.0879900211308919,0.13122173,0.4342482,0.028,0.294848,0.5582873,1.8002502,0.1089061,0.018659245,0.07462564,0.87568754,-0.04570308,1.0823046,1.102221,1.7088398,177.0,1.0713333,,,,,,,,,,,,,,,,,,,,,,,,
FAILED_SETUP,,,,,,,2026-07-17,8162.0,微矽電子-創,電子工業,0.7063111356728379,SECTOR_WEAK,-0.01,-0.3123077,0.041538462,0.0879900211308919,0.36212122,0.34813714,0.052,0.027033657,0.3575477,0.12981455,29.883116,0.29883116,0.14835538,0.8569857,-0.044286054,0.98566306,0.53909224,-0.054028764,84.0,1.3142458,,,,,,,,,,,,,,,,,,,,,,,,
FAILED_SETUP,,,,,,,2026-07-17,8476.0,台境,綠能環保,0.8531583310306715,SECTOR_WEAK,-0.1776572,-0.22083333,0.03125,0.0879900211308919,0.04821803,0.13958724,0.032,0.2908306,0.26093712,3.199477,0.22314689,0.039643653,0.22792976,0.4807481,-0.0064662425,0.9915671,0.7957412,3.5758286,15.0,-0.3009336,,,,,,,,,,,,,,,,,,,,,,,,
FAILED_SETUP,,,,,,,2026-07-17,8926.0,台汽電,油電燃氣業,0.6664207423781893,STOP_TOO_TIGHT,-0.023459215,-0.17371601,0.00755287,0.0879900211308919,0.25801528,0.28657967,0.048,-0.080952294,0.30800623,0.4427843,42.627174,1.0,0.31396043,0.79977995,0.0,1.0185891,0.522405,0.5243176,49.0,0.15793453,,,,,,,,,,,,,,,,,,,,,,,,
FAILED_SETUP,,,,,,,2026-07-17,4716.0,大立,化學工業,0.7103988210371189,STOP_TOO_TIGHT,-0.08352785,-0.17771883,0.084880635,0.0879900211308919,0.39361703,0.0009359783,0.008,0.13305691,0.14947213,0.89423937,0.7151671,0.05973637,0.03235649,0.50825083,0.029850878,0.7537012,0.29209524,0.6025017,22.0,0.18607175,,,,,,,,,,,,,,,,,,,,,,,,
FAILED_SETUP,,,,,,,2026-07-17,8091.0,翔名,電子零組件業,0.8269089066961406,SECTOR_WEAK,-0.034893617,-0.2688588,0.0116054155,0.0879900211308919,0.13246268,0.29531926,0.072,0.17873167,0.5137627,0.46857145,0.7803956,0.027230825,0.2238155,0.92629266,-0.08005634,1.0968554,0.74099684,1.3570979,153.0,0.2061525,,,,,,,,,,,,,,,,,,,,,,,,
FAILED_SETUP,,,,,,,2026-07-17,6432.0,今展科,電子零組件業,0.7369107488256424,SECTOR_WEAK,-0.044686142,-0.20939088,0.1678832,0.0879900211308919,0.31467474,0.40078187,0.024,-0.014623119,0.43872887,0.54660726,7.0418863,0.31467474,0.17858058,0.8822882,-0.07878349,0.80530244,0.36653075,0.65119034,70.0,0.5463021,,,,,,,,,,,,,,,,,,,,,,,,
FAILED_SETUP,,,,,,,2026-07-17,6829.0,千附精密,電機機械,0.6366344294003868,SECTOR_WEAK,-0.03620867,-0.22660099,0.30541873,0.0879900211308919,0.35574993,-0.071556464,0.096,0.13954133,0.33375144,0.396304,4.941164,0.17891298,0.20309944,0.8668867,-0.01725106,1.384577,1.0303108,-0.5125817,65.0,0.32895398,,,,,,,,,,,,,,,,,,,,,,,,
FAILED_SETUP,,,,,,,2026-07-17,6691.0,洋基工程,電子工業,0.6508133001750023,SECTOR_WEAK,-0.042161018,-0.15254237,0.0720339,0.0879900211308919,0.1846591,-0.07859469,0.068,0.11605347,0.11772053,0.739646,0.033691183,0.0014204545,0.11158959,0.4829483,-0.04474646,1.1013768,1.0179074,0.5645428,313.0,0.6489409,,,,,,,,,,,,,,,,,,,,,,,,
FAILED_SETUP,,,,,,,2026-07-17,6465.0,威潤,通信網路業,0.6341153173068067,SECTOR_WEAK,-0.01741573,-0.21910113,0.043071162,0.0879900211308919,0.36237785,0.00200094,0.028,-0.016193382,0.27664652,0.2651731,20.807503,0.36237785,0.06593274,0.7260726,-0.1069273,0.9911584,0.5257739,0.3915466,153.0,0.6440745,,,,,,,,,,,,,,,,,,,,,,,,
FAILED_SETUP,,,,,,,2026-07-17,6488.0,環球晶,半導體業,0.9002026342451874,SECTOR_WEAK,-0.32752907,-0.38740158,0.03937008,0.0879900211308919,0.2853531,1.1260312,0.008,0.24889377,0.96095234,3.5105033,3.053164,1.0,0.025527395,0.95049506,-0.047378197,1.3963412,1.510459,2.7635922,70.0,1.9108397,,,,,,,,,,,,,,,,,,,,,,,,
FAILED_SETUP,,,,,,,2026-07-17,6491.0,晶碩,生技醫療業,0.6496242055816525,STOCK_SPECIFIC,-0.0720597,-0.07761194,0.25553256,0.0879900211308919,0.1641791,-0.01553526,0.068,0.04810394,0.12090118,1.5121253,0.44212642,0.0318595,0.17955162,0.50165015,0.09722201,1.1712707,0.7555974,1.048173,8.0,0.2596483,,,,,,,,,,,,,,,,,,,,,,,,
FAILED_SETUP,,,,,,,2026-07-17,6517.0,保勝光學,光電業,0.6713604126370084,SECTOR_WEAK,-0.13324215,-0.18568061,0.10807113,0.0879900211308919,0.15696888,0.06587608,0.096,0.058916267,0.16079375,1.8886428,0.036321696,0.0048395805,0.42843753,0.23762377,-0.04882818,1.1954023,1.34301,1.7697136,22.0,0.4579016,,,,,,,,,,,,,,,,,,,,,,,,
FAILED_SETUP,,,,,,,2026-07-17,6525.0,捷敏-KY,半導體業,0.8901648705904025,SECTOR_WEAK,-0.1825688,-0.32721713,0.006116208,0.0879900211308919,0.28115943,0.715799,0.016,0.44568467,0.76154995,1.6452756,5.477387,1.0,0.1290746,0.93179315,-0.04887706,1.147016,0.76429963,2.3248377,89.0,0.56514066,,,,,,,,,,,,,,,,,,,,,,,,
FAILED_SETUP,,,,,,,2026-07-17,6548.0,長科*,半導體業,0.6608114580455006,SECTOR_WEAK,-0.046868965,-0.23034483,0.09241379,0.0879900211308919,0.414966,0.16464959,0.012,-0.060900778,0.2915946,0.5321253,7.0016136,0.32815838,0.052719045,0.750275,-0.04429886,0.864635,0.5317589,0.30572456,205.0,0.98711985,,,,,,,,,,,,,,,,,,,,,,,,
FAILED_SETUP,,,,,,,2026-07-17,6732.0,昇佳電子,半導體業,0.6877397071014093,SECTOR_WEAK,-0.19930233,-0.26098192,0.095607236,0.0879900211308919,0.3233363,0.08903059,0.092,0.35834092,0.16567518,2.8416317,0.00010626216,2.1178295e-05,0.23458731,0.46864685,-0.048071768,1.3830228,1.9105293,1.8331649,4.0,1.0555822,,,,,,,,,,,,,,,,,,,,,,,,
FAILED_SETUP,,,,,,,2026-07-17,6573.0,虹揚-KY,電子工業,0.781300543428203,SECTOR_WEAK,-0.24265,-0.25,0.1,0.0879900211308919,0.47160494,0.39726403,0.024,0.48637405,0.3054129,1.6652452,4.121162,1.0,0.11550419,0.65126514,-0.043608174,0.906221,0.55813766,1.1506536,35.0,0.58498484,,,,,,,,,,,,,,,,,,,,,,,,
FAILED_SETUP,,,,,,,2026-07-17,6585.0,鼎基,其他,0.6268370636455742,STOCK_SPECIFIC,-0.060869563,-0.19762845,0.015810277,0.0879900211308919,0.18784569,0.23880544,0.08,-0.119298875,0.29086727,1.3308643,0.21342734,0.012991229,0.23185164,0.6908691,0.1235557,0.67218935,0.7089814,2.6695082,27.0,-0.22269748,,,,,,,,,,,,,,,,,,,,,,,,
FAILED_SETUP,,,,,,,2026-07-17,6613.0,朋億*,其他電子業,0.7707276411531729,SECTOR_WEAK,-0.07140696,-0.2647504,0.036308624,0.0879900211308919,0.18393154,0.21776578,0.048,0.04622532,0.4170679,1.05728,2.575821,0.18393154,0.13643898,0.80748075,-0.03043545,1.1806192,1.3895949,1.8386872,92.0,0.95770687,,,,,,,,,,,,,,,,,,,,,,,,
FAILED_SETUP,,,,,,,2026-07-17,6642.0,富致,電子零組件業,0.6485327438518927,SECTOR_WEAK,-0.013902759,-0.14323258,0.16819973,0.0879900211308919,0.32372215,0.13464502,0.08,0.037211437,0.216623,0.24978079,16.685825,0.23197903,0.43067926,0.7249725,-0.07908476,0.8744186,0.59149146,-0.24080946,68.0,0.020877266,,,,,,,,,,,,,,,,,,,,,,,,
FAILED_SETUP,,,,,,,2026-07-17,6654.0,天正國際,其他電子業,0.6654204660587639,SECTOR_WEAK,-0.054,-0.22222222,0.25555557,0.0879900211308919,0.32967034,0.7919701,0.056,-0.10295666,0.6078882,0.8695208,6.105006,0.32967034,0.12820077,0.87018704,-0.027158804,0.7707129,0.16532354,3.1108627,90.0,0.22803548,,,,,,,,,,,,,,,,,,,,,,,,
FAILED_SETUP,,,,,,,2026-07-17,6658.0,聯策,其他電子業,0.6241871603573731,SECTOR_WEAK,-0.03708207,-0.21884498,0.19756839,0.0879900211308919,0.6199377,0.7458888,0.032,-0.057345945,0.47041854,0.400939,14.268831,0.52911776,0.062344678,0.9691969,-0.02803268,0.7297297,0.567732,-1.5137948,69.0,0.9213321,,,,,,,,,,,,,,,,,,,,,,,,
FAILED_SETUP,,,,,,,2026-07-17,6672.0,騰輝電子-KY,電子零組件業,0.8082398452611217,SECTOR_WEAK,-0.02474468,-0.24255319,0.35106382,0.0879900211308919,0.3692946,0.1810488,0.02,0.21414131,0.54831964,0.27975944,14.924202,0.3692946,0.03385039,0.9559956,-0.08023911,1.0,0.5481878,0.37365407,88.0,0.733712,,,,,,,,,,,,,,,,,,,,,,,,
FAILED_SETUP,,,,,,,2026-07-17,6579.0,研揚,電腦及週邊設備業,0.6314285714285715,SECTOR_WEAK,-0.006688963,-0.050167225,0.25083613,0.0879900211308919,0.23462121,0.121907204,0.1,0.016164886,0.18900923,0.12962963,0.9573471,0.0064036595,0.27388507,0.6556656,-0.026034953,1.1034483,0.6361926,-0.09837612,46.0,0.32520655,,,,,,,,,,,,,,,,,,,,,,,,
FAILED_SETUP,,,,,,,2026-07-17,4551.0,智伸科,汽車工業,0.6425172699640784,STOP_TOO_TIGHT,-0.030952381,-0.20403883,0.039682537,0.0879900211308919,0.5505319,0.14191288,0.012,-0.029426023,0.30740166,0.29999998,32.307693,1.0,0.024746273,0.7777778,0.032313038,0.81877446,0.5747669,0.6333333,38.0,1.1283339,,,,,,,,,,,,,,,,,,,,,,,,
FAILED_SETUP,,,,,,,2026-07-17,2855.0,統一證,金融保險,0.6684397163120567,STOP_TOO_TIGHT,-0.015605889,-0.10079275,0.18459795,0.0879900211308919,0.29951304,0.22312067,0.024,-0.090472154,0.28774795,0.36816794,19.192308,0.29951304,0.1791524,0.8118812,0.05216362,1.1372341,0.8974694,-0.18938836,178.0,0.55789685,,,,,,,,,,,,,,,,,,,,,,,,
FAILED_SETUP,,,,,,,2026-07-17,4513.0,福裕,電機機械,0.7922602928985908,SECTOR_WEAK,-0.24266186,-0.26378897,0.1294964,0.0879900211308919,0.13776723,0.093723334,0.056,0.29420042,0.22424054,4.166647,0.4209057,0.10213777,0.31114024,0.579758,-0.014545775,2.024213,1.7904365,4.185588,2.0,-0.36292025,,,,,,,,,,,,,,,,,,,,,,,,
FAILED_SETUP,,,,,,,2026-07-17,2467.0,志聖,電子零組件業,0.626701667127199,SECTOR_WEAK,-0.0006603774,-0.18867925,0.21320754,0.0879900211308919,0.2284839,-0.11664067,0.124,0.11252013,0.32085082,0.0065333336,,0.20430107,0.14520757,0.91749173,-0.079736546,1.1285267,0.9634372,-0.51464415,202.0,1.6229242,,,,,,,,,,,,,,,,,,,,,,,,
FAILED_SETUP,,,,,,,2026-07-17,2465.0,麗臺,電腦及週邊設備業,0.623397807865893,SECTOR_WEAK,-0.103857145,-0.124675326,0.3961039,0.0879900211308919,0.22774869,0.09098778,0.104,0.0302821,0.15895128,1.6296653,0.094236135,0.009787096,0.42252868,0.63146317,-0.026412237,1.4665203,0.895475,-0.612033,55.0,0.69636595,,,,,,,,,,,,,,,,,,,,,,,,
FAILED_SETUP,,,,,,,2026-07-17,2464.0,盟立,電子工業,0.692539375518099,SECTOR_WEAK,-0.009999999,-0.16901408,0.5774648,0.0879900211308919,0.44405594,0.56124985,0.024,-0.024662575,0.4290949,0.11137254,41.258743,0.4125874,0.052903417,0.92519253,-0.04400711,1.0,0.46634093,-0.38797385,70.0,1.3366241,,,,,,,,,,,,,,,,,,,,,,,,
FAILED_SETUP,,,,,,,2026-07-17,2458.0,義隆,電子工業,0.734156765220595,SECTOR_WEAK,-0.04876506,-0.22655289,0.06024097,0.0879900211308919,0.19452888,0.02813532,0.064,0.16601352,0.19705632,0.73590904,0.6856272,0.03343465,0.25509587,0.7128713,-0.04501079,0.83928573,0.36546883,0.42348483,91.0,1.0635977,,,,,,,,,,,,,,,,,,,,,,,,
FAILED_SETUP,,,,,,,2026-07-17,2454.0,聯發科,電子工業,0.6228212213318597,SECTOR_WEAK,-0.0055737705,-0.10879285,0.4470939,0.0879900211308919,0.46601808,0.5189721,0.024,-0.12662439,0.36361125,0.084540404,73.81861,0.411448,0.041409723,0.9273927,-0.043370996,1.0132505,0.9717941,-1.8977956,142.0,1.9878217,,,,,,,,,,,,,,,,,,,,,,,,
FAILED_SETUP,,,,,,,2026-07-17,2441.0,超豐,電子工業,0.7311743575573363,SECTOR_WEAK,-0.021832665,-0.26693228,0.043824706,0.0879900211308919,0.23320158,0.23424599,0.084,0.114609644,0.24878247,0.2682517,7.784688,0.16996048,0.18822469,0.660066,-0.04472511,1.3065326,0.82552284,0.61694634,249.0,0.89251375,,,,,,,,,,,,,,,,,,,,,,,,
FAILED_SETUP,,,,,,,2026-07-17,2425.0,承啟,電腦及週邊設備業,0.7962300819747629,SECTOR_WEAK,-0.08720741,-0.114914425,0.29339853,0.0879900211308919,0.16484849,0.1808971,0.04,0.099608585,0.28573933,1.3117193,0.28171456,0.024567597,0.23844393,0.63256323,-0.027345924,1.1206719,0.37138924,1.8025486,40.0,1.1749985,,,,,,,,,,,,,,,,,,,,,,,,
FAILED_SETUP,,,,,,,2026-07-17,2415.0,錩新,電子零組件業,0.723453071750944,SECTOR_WEAK,-0.105076216,-0.121951245,0.09298778,0.0879900211308919,0.30534354,-0.027636528,0.02,0.23344943,0.15085918,1.3688228,0.07733035,0.008125581,0.28661603,0.5522552,-0.07912784,0.9430167,0.4062615,1.0779668,25.0,0.52092224,,,,,,,,,,,,,,,,,,,,,,,,
FAILED_SETUP,,,,,,,2026-07-17,2414.0,精技,電子通路業,0.7520438426821405,SECTOR_WEAK,-0.023401018,-0.084022775,0.098101355,0.0879900211308919,0.12833333,0.14239559,0.08,0.08635967,0.278046,0.6031776,3.5610988,0.083333336,0.18396017,0.7117712,-0.028007265,1.5099338,1.0015066,2.473624,88.0,0.37624067,,,,,,,,,,,,,,,,,,,,,,,,
FAILED_SETUP,,,,,,,2026-07-17,2409.0,友達,電子工業,0.765674679929999,SECTOR_WEAK,-0.036400028,-0.16190477,0.2477706,0.0879900211308919,0.33527136,0.121043965,0.024,0.0974096,0.39384115,0.39460203,4.046338,0.14728682,0.09830323,0.81848186,-0.04466792,0.84375,0.41054645,0.7347589,120.0,1.4785281,,,,,,,,,,,,,,,,,,,,,,,,
FAILED_SETUP,,,,,,,2026-07-17,2408.0,南亞科,電子工業,0.748226029289859,SECTOR_WEAK,-0.036845557,-0.18686868,0.4368687,0.0879900211308919,0.27277407,0.6296121,0.048,0.022164311,0.42561054,0.40378848,7.4031734,0.27277407,0.07245454,0.8272827,-0.04433669,1.1205904,0.7773875,1.1667598,270.0,1.830285,,,,,,,,,,,,,,,,,,,,,,,,
FAILED_SETUP,,,,,,,2026-07-17,2404.0,漢唐,電子工業,0.6446974302293451,SECTOR_WEAK,-0.057354756,-0.15948276,0.047413792,0.0879900211308919,0.21108949,0.0074682436,0.08,0.049674243,0.15490389,0.8659868,0.6950861,0.039866496,0.119408734,0.42574257,-0.044423245,1.0721644,1.090269,0.4558283,39.0,0.8846182,,,,,,,,,,,,,,,,,,,,,,,,
FAILED_SETUP,,,,,,,2026-07-17,2379.0,瑞昱,電子工業,0.7362457400755273,SECTOR_WEAK,-0.044327322,-0.09153953,0.08599168,0.0879900211308919,0.35097492,0.16625465,0.028,0.07826601,0.27497116,0.6319774,7.917801,0.35097492,0.098623715,0.56655663,-0.044623088,0.7738607,1.1211191,1.2065443,59.0,1.0588076,,,,,,,,,,,,,,,,,,,,,,,,
FAILED_SETUP,,,,,,,2026-07-17,2369.0,菱生,半導體業,0.7243142672929906,SECTOR_WEAK,-0.044470754,-0.2632312,0.050139274,0.0879900211308919,0.2729805,0.011897418,0.04,0.15689304,0.18332143,0.51858467,1.785155,0.07938719,0.13003671,0.6490649,-0.0464288,0.996904,0.4390728,0.17053364,205.0,1.3140888,,,,,,,,,,,,,,,,,,,,,,,,
FAILED_SETUP,,,,,,,2026-07-17,2359.0,所羅門,電子工業,0.6234180712904117,SECTOR_WEAK,-0.11189979,-0.16428572,0.30714285,0.0879900211308919,0.23572631,0.06517374,0.212,0.19093521,0.11068818,1.8820249,0.08731925,0.009771006,0.39554408,0.42794278,-0.045128413,1.3972858,1.9968463,1.0407703,27.0,0.7257486,,,,,,,,,,,,,,,,,,,,,,,,
FAILED_SETUP,,,,,,,2026-07-17,2330.0,台積電,電子工業,0.6454287556415215,SECTOR_WEAK,-0.014304348,-0.052173913,0.08913043,0.0879900211308919,0.1069869,-0.024426471,0.136,0.07457765,0.16028154,0.47241026,1.4885539,0.021292793,0.14565553,0.64466447,-0.044525407,1.1598513,2.5091817,-0.43422177,254.0,0.89309007,,,,,,,,,,,,,,,,,,,,,,,,
FAILED_SETUP,,,,,,,2026-07-17,2324.0,仁寶,電腦及週邊設備業,0.6252187528783273,SECTOR_WEAK,-0.06629681,-0.07905687,0.24687934,0.0879900211308919,0.3263889,0.023074524,0.072,0.06173369,0.13991104,1.7027991,0.114821434,0.007612295,0.18374032,0.52255225,-0.026701704,1.050571,1.8569375,1.1737914,34.0,0.9207931,,,,,,,,,,,,,,,,,,,,,,,,
FAILED_SETUP,,,,,,,2026-07-17,1342.0,八貫,其他,0.6912950170396978,STOCK_SPECIFIC,-0.09178261,-0.1747826,0.0,0.0879900211308919,0.060869563,0.088787004,0.044,-0.06402146,0.22447313,2.36432,0.35469413,0.032554753,0.11726934,0.6072607,0.12103046,0.99408287,0.83417296,2.5909333,71.0,-0.07889594,,,,,,,,,,,,,,,,,,,,,,,,
FAILED_SETUP,,,,,,,2026-07-17,1560.0,中砂,電機機械,0.6754296767062724,SECTOR_WEAK,-0.028586607,-0.13414635,0.21036585,0.0879900211308919,0.19624732,0.06866693,0.092,0.04571124,0.25664487,0.45979726,4.7462025,0.13567783,0.07445593,0.760176,-0.014547881,1.3745574,1.3325268,-0.13004503,154.0,1.1762373,,,,,,,,,,,,,,,,,,,,,,,,
FAILED_SETUP,,,,,,,2026-07-17,1563.0,巧新,電機機械,0.7594123606889565,SECTOR_WEAK,-0.05769015,-0.16425121,0.11477453,0.0879900211308919,0.1643792,0.26861322,0.088,0.108436726,0.28729436,0.9516113,0.16852358,0.009722151,0.41888446,0.6457646,-0.016604131,1.1835289,0.8411098,1.6798141,33.0,0.54403895,,,,,,,,,,,,,,,,,,,,,,,,
FAILED_SETUP,,,,,,,2026-07-17,1708.0,東鹼,化學生技醫療,0.8183098461821865,STOCK_SPECIFIC,-0.084344104,-0.123574145,0.064638786,0.0879900211308919,0.22285715,0.20070656,0.036,0.18808617,0.34836677,1.4148293,11.856193,1.0,0.13071582,0.8151815,0.029339354,1.0401891,0.61044765,2.2560313,112.0,0.1502648,,,,,,,,,,,,,,,,,,,,,,,,
FAILED_SETUP,,,,,,,2026-07-17,1710.0,東聯,化學生技醫療,0.789582757667864,STOCK_SPECIFIC,-0.199,-0.24242425,0.121212125,0.0879900211308919,0.22865854,0.0477883,0.02,0.2445645,0.20700653,2.3942187,0.061282016,0.0121951215,0.10069309,0.6083608,0.02678523,1.0472103,1.2986354,1.5993055,36.0,1.0317719,,,,,,,,,,,,,,,,,,,,,,,,
FAILED_SETUP,,,,,,,2026-07-17,1773.0,勝一,化學工業,0.6266666666666667,STOCK_SPECIFIC,-0.07450425,-0.1898017,0.0,0.0879900211308919,0.14270955,-0.022363927,0.1,0.054037128,0.120754145,1.841,0.53842044,0.04011461,0.10927067,0.43234324,0.015847405,1.1469535,1.1978257,0.15767746,72.0,0.9956447,,,,,,,,,,,,,,,,,,,,,,,,
FAILED_SETUP,,,,,,,2026-07-17,2483.0,百容,電子零組件業,0.7991507782997145,SECTOR_WEAK,-0.18029816,-0.3130734,0.0045871558,0.0879900211308919,0.6781609,0.63482034,0.004,0.35775608,0.64515257,1.2924721,5.546368,1.0,0.06367433,0.9306931,-0.08121412,1.0061674,0.6246044,1.2232531,105.0,-0.2687083,,,,,,,,,,,,,,,,,,,,,,,,
FAILED_SETUP,,,,,,,2026-07-17,1904.0,正隆,造紙工業,0.6715787049829604,STOCK_SPECIFIC,-0.072292134,-0.074157305,0.18876405,0.0879900211308919,0.12785389,0.03571059,0.084,0.040975813,0.16727424,2.001689,1.000154,0.072303265,0.1954083,0.5720572,0.0,0.92957747,0.4769665,2.0569563,46.0,-0.29734656,,,,,,,,,,,,,,,,,,,,,,,,
FAILED_SETUP,,,,,,,2026-07-17,2221.0,大甲,其他,0.9183964262687668,STOCK_SPECIFIC,-0.16353746,-0.18410853,1.0445737,0.0879900211308919,0.12737642,0.45491263,0.004,0.13898581,0.5093637,2.8127937,6.114807,1.0,0.037188016,0.8349835,0.11242052,1.4519943,2.9563847,3.246284,193.0,0.45355812,,,,,,,,,,,,,,,,,,,,,,,,
FAILED_SETUP,,,,,,,2026-07-17,2236.0,百達-KY,汽車工業,0.8261269227226673,STOCK_SPECIFIC,-0.15643087,-0.2636656,0.009646302,0.0879900211308919,0.17701863,0.097738296,0.024,0.2542875,0.28220633,2.3567474,6.3926,1.0,0.092263944,0.7051705,0.017089564,0.9479769,0.6339603,1.666436,148.0,0.32655334,,,,,,,,,,,,,,,,,,,,,,,,
FAILED_SETUP,,,,,,,2026-07-17,2243.0,宏旭-KY,汽車工業,0.84719996315741,STOCK_SPECIFIC,-0.16163044,-0.22826087,0.13438736,0.0879900211308919,0.30384615,0.90044284,0.028,0.15427202,1.2509848,1.7834735,6.1869535,1.0,0.0352,0.9966997,0.021995489,0.7585123,0.71573913,3.4433022,89.0,-0.058086433,,,,,,,,,,,,,,,,,,,,,,,,
FAILED_SETUP,,,,,,,2026-07-17,2302.0,麗正,電子工業,0.7562466611402783,SECTOR_WEAK,-0.016111111,-0.18888889,0.18148148,0.0879900211308919,0.44168735,0.8049082,0.012,0.016289897,0.6279575,0.15300691,0.08111183,0.0013068018,0.0895455,0.9207921,-0.04425097,1.0263478,0.34706634,1.4035136,56.0,0.55173033,,,,,,,,,,,,,,,,,,,,,,,,
FAILED_SETUP,,,,,,,2026-07-17,2303.0,聯電,電子工業,0.8520852905959287,SECTOR_WEAK,-0.04391591,-0.27304965,0.031914894,0.0879900211308919,0.26651886,0.730505,0.028,0.16103917,0.6940971,0.5673232,1.404753,0.061691005,0.064242214,0.9548955,-0.04497992,1.0069587,1.2536014,1.6055739,197.0,0.9551079,,,,,,,,,,,,,,,,,,,,,,,,
FAILED_SETUP,,,,,,,2026-07-17,2305.0,全友,電腦及週邊設備業,0.8641042645297965,SECTOR_WEAK,-0.06363777,-0.20433436,0.27089784,0.0879900211308919,0.32659408,0.5666471,0.008,0.14836688,0.7471877,0.6445017,15.713938,1.0,0.09971393,0.9350935,-0.027828755,1.0749601,0.78179014,2.0393803,126.0,1.0082995,,,,,,,,,,,,,,,,,,,,,,,,
FAILED_SETUP,,,,,,,2026-07-17,2061.0,風青,電器電纜,0.8178244450584875,SECTOR_WEAK,-0.061403845,-0.10288461,0.25576922,0.0879900211308919,0.5132275,2.0375304,0.016,0.26518944,1.0876801,0.49394476,16.285625,1.0,0.11735229,0.9757976,-0.015284098,1.1056144,0.747171,2.4078453,49.0,1.1193223,,,,,,,,,,,,,,,,,,,,,,,,
FAILED_SETUP,,,,,,,2026-07-17,2484.0,希華,電子零組件業,0.9009634337293912,SECTOR_WEAK,-0.20242967,-0.27493605,0.04537112,0.0879900211308919,0.2639405,0.6416144,0.012,0.31204134,1.0247723,1.9355459,4.939987,1.0,0.1413745,0.98789877,-0.08100571,1.139741,0.48054716,2.5978458,118.0,0.49800763,,,,,,,,,,,,,,,,,,,,,,,,
FAILED_SETUP,,,,,,,2026-07-17,4534.0,慶騰,電機機械,0.9587501151330938,SECTOR_WEAK,-0.304525,-0.32,0.1,0.0879900211308919,0.06714629,0.36755174,0.0,0.33074728,0.6961562,4.517457,3.2838027,1.0,0.0,0.9647965,-0.0216354,1.3482233,3.804588,4.6833553,110.0,0.83432555,,,,,,,,,,,,,,,,,,,,,,,,
FAILED_SETUP,,,,,,,2026-07-17,2491.0,吉祥全,電子工業,0.6496380215529152,SECTOR_WEAK,-0.06049459,-0.32612056,0.7434312,0.0879900211308919,0.49128368,0.6007146,0.02,-0.08468057,0.4236508,0.81420505,8.121118,0.49128368,0.090176135,0.79647964,-0.043655988,0.85280997,0.83729666,1.3112432,52.0,1.1417072,,,,,,,,,,,,,,,,,,,,,,,,
FAILED_SETUP,,,,,,,2026-07-17,3413.0,京鼎,電子工業,0.8814985723496361,SECTOR_WEAK,-0.20320323,-0.25706595,0.001345895,0.0879900211308919,0.03369272,0.050816793,0.0,0.27662012,0.24005984,3.493752,0.007951643,0.0016157996,0.0,0.6732673,-0.045546222,1.507483,2.0431104,2.4613776,7.0,0.42734936,,,,,,,,,,,,,,,,,,,,,,,,
FAILED_SETUP,,,,,,,2026-07-17,3430.0,奇鈦科,化學工業,0.6750124343741365,STOP_TOO_TIGHT,-0.064352944,-0.29803923,0.019607844,0.0879900211308919,0.43588358,0.326271,0.056,0.033771593,0.31266695,0.87571913,3.7038653,0.23835462,0.07005401,0.7876788,0.014746922,1.1847767,0.6330931,-1.4306289,188.0,0.84750754,,,,,,,,,,,,,,,,,,,,,,,,
FAILED_SETUP,,,,,,,2026-07-17,3441.0,聯一光,光電業,0.6463083724785853,SECTOR_WEAK,-0.10077364,-0.108882524,1.3782235,0.0879900211308919,0.40882352,0.8388299,0.036,-0.12223258,0.5355693,1.2324907,4.05685,0.40882352,0.26337942,0.86578655,-0.04469546,1.0101352,1.7842915,1.654592,49.0,0.4284439,,,,,,,,,,,,,,,,,,,,,,,,
FAILED_SETUP,,,,,,,2026-07-17,3479.0,安勤,電腦及週邊設備業,0.8546034816247582,SECTOR_WEAK,-0.0868963,-0.10622711,0.18681319,0.0879900211308919,0.09818182,0.32819253,0.044,0.16139631,0.36725277,1.7510449,0.24474582,0.021267505,0.17160316,0.75137514,-0.027987957,1.0819937,1.0752201,2.680613,33.0,0.3641449,,,,,,,,,,,,,,,,,,,,,,,,
FAILED_SETUP,,,,,,,2026-07-17,3481.0,群創,電子工業,0.7383227410886984,SECTOR_WEAK,-0.019322034,-0.23728813,0.018832391,0.0879900211308919,0.38022813,0.7921125,0.032,0.011672616,0.6378836,0.22408736,6.4292636,0.12422645,0.053685125,0.93619365,-0.04417716,0.91451293,0.6117035,1.0531365,134.0,1.6497558,,,,,,,,,,,,,,,,,,,,,,,,
FAILED_SETUP,,,,,,,2026-07-17,3498.0,陽程,其他電子業,0.6746237450492769,SECTOR_WEAK,-0.014361233,-0.25903085,0.95154184,0.0879900211308919,0.4059829,0.19283113,0.092,0.08440526,0.39043492,0.16014035,28.269361,0.4059829,0.107959665,0.9163916,-0.031327445,1.4584451,1.1976296,-0.41950879,99.0,0.44714215,,,,,,,,,,,,,,,,,,,,,,,,
FAILED_SETUP,,,,,,,2026-07-17,3402.0,漢科,其他電子業,0.659769733812287,SECTOR_WEAK,-0.057958476,-0.20565669,0.043478258,0.0879900211308919,0.11340206,-0.049280226,0.084,0.14532135,0.08525397,1.0107758,0.711494,0.041237112,0.19596492,0.3058306,-0.032426063,1.4141414,1.4255834,0.3972701,45.0,1.2511365,,,,,,,,,,,,,,,,,,,,,,,,
FAILED_SETUP,,,,,,,2026-07-17,3532.0,台勝科,電子工業,0.8759021829234594,SECTOR_WEAK,-0.26023316,-0.41474655,0.14976959,0.0879900211308919,0.3018868,0.9442492,0.016,0.18951422,1.1096174,2.4682584,0.009832031,0.0025586204,0.055114493,0.98459846,-0.045261007,1.3709321,1.6880188,2.5000818,155.0,1.7301989,,,,,,,,,,,,,,,,,,,,,,,,
FAILED_SETUP,,,,,,,2026-07-17,3577.0,泓格,電腦及週邊設備業,0.8144165054803352,SECTOR_WEAK,-0.14313208,-0.21969697,0.33333334,0.0879900211308919,0.31447026,0.41950792,0.044,0.20784904,0.5125092,1.9433216,2.1970634,0.31447026,0.106257185,0.9141914,-0.0287852,1.3714541,2.8843634,1.1732249,51.0,0.05565402,,,,,,,,,,,,,,,,,,,,,,,,
FAILED_SETUP,,,,,,,2026-07-17,3605.0,宏致,電子零組件業,0.6800764483743208,SECTOR_WEAK,-0.07991173,-0.08575031,0.80360144,0.0879900211308919,0.21689786,0.05694897,0.104,0.17846964,0.15019906,1.095284,0.584996,0.046748042,0.30752325,0.6149615,-0.08005073,0.851145,0.5337605,-0.18868099,50.0,1.0010891,,,,,,,,,,,,,,,,,,,,,,,,
FAILED_SETUP,,,,,,,2026-07-17,3704.0,合勤控,電子工業,0.6948963802155292,SECTOR_WEAK,-0.07140444,-0.14427313,0.11013216,0.0879900211308919,0.11514415,0.06155807,0.092,0.048343513,0.2218578,1.2137876,0.5072179,0.03621761,0.1265598,0.6930693,-0.044463117,1.2724961,0.8294049,1.1167514,54.0,0.6204805,,,,,,,,,,,,,,,,,,,,,,,,
FAILED_SETUP,,,,,,,2026-07-17,3711.0,日月光投控,電子工業,0.809327622731878,SECTOR_WEAK,-0.013961702,-0.20833333,0.14455782,0.0879900211308919,0.17654242,0.20909697,0.064,0.15619014,0.46516526,0.17876406,5.709021,0.07970765,0.1130123,0.9119912,-0.044940624,1.0502392,0.95927465,0.71292824,197.0,1.3346118,,,,,,,,,,,,,,,,,,,,,,,,
FAILED_SETUP,,,,,,,2026-07-17,4127.0,天良,生技醫療業,0.9423625310859354,STOCK_SPECIFIC,-0.25264707,-0.2720588,0.1764706,0.0879900211308919,0.08140948,0.892919,0.004,0.12804213,0.84631944,3.5327296,3.9580908,1.0,0.017585458,0.9592959,0.09774127,1.1719501,0.5714585,3.7915275,45.0,0.31222224,,,,,,,,,,,,,,,,,,,,,,,,
FAILED_SETUP,,,,,,,2026-07-17,2486.0,一詮,電子工業,0.6473897024960855,SECTOR_WEAK,-0.07980769,-0.28846154,0.31410256,0.0879900211308919,0.3478348,0.09997343,0.1,0.050732378,0.32151708,0.92548674,3.1657841,0.25265393,0.14200135,0.9515952,-0.044466134,1.1108344,1.0649085,-1.0704206,153.0,1.5269314,,,,,,,,,,,,,,,,,,,,,,,,
FAILED_SETUP,,,,,,,2026-07-17,3556.0,禾瑞亞,半導體業,0.6721829234595192,SECTOR_WEAK,-0.020794392,-0.18224299,0.034267914,0.0879900211308919,0.2492163,0.17701095,0.048,-0.05066887,0.2944698,0.32560977,10.326511,0.21473354,0.20408139,0.8448845,-0.044368062,1.0449575,0.42342252,0.24596561,111.0,0.82595205,,,,,,,,,,,,,,,,,,,,,,,,
FAILED_SETUP,,,,,,,2026-07-17,3360.0,尚立,電子通路業,0.8160513954130977,SECTOR_WEAK,-0.18953368,-0.26165804,0.02849741,0.0879900211308919,0.21994884,0.1916639,0.032,0.27392247,0.27947816,1.8588748,0.080963284,0.015345269,0.36882693,0.53355336,-0.026327103,1.2679045,0.6615068,1.6337568,49.0,0.10816614,,,,,,,,,,,,,,,,,,,,,,,,
FAILED_SETUP,,,,,,,2026-07-17,3702.0,大聯大,電子通路業,0.6752730956986277,SECTOR_WEAK,-0.068500005,-0.0855147,0.18636362,0.0879900211308919,0.16438356,-0.044081997,0.104,0.123408005,0.25187686,1.4159732,2.39976,0.16438356,0.16732448,0.8217822,-0.03015898,1.4271356,0.84666187,-0.13843393,85.0,0.6653188,,,,,,,,,,,,,,,,,,,,,,,,
FAILED_SETUP,,,,,,,2026-07-17,3303.0,岱稜,其他電子業,0.6623127935893894,SECTOR_WEAK,-0.023026315,-0.09586466,0.080827065,0.0879900211308919,0.1654275,0.05118264,0.08,0.03999104,0.15577716,0.4025183,0.36418322,0.008385798,0.38568178,0.54675466,-0.030274238,1.6664907,1.1913373,0.9645389,41.0,0.058573544,,,,,,,,,,,,,,,,,,,,,,,,
FAILED_SETUP,,,,,,,2026-07-17,2493.0,揚博,電子零組件業,0.7061738970249609,SECTOR_WEAK,-0.03286374,-0.25404158,0.21016166,0.0879900211308919,0.569775,0.3132181,0.004,0.011006409,0.48145458,0.2617744,17.337496,0.569775,0.017379897,0.819582,-0.07895139,0.97290313,2.1184607,0.78579324,49.0,0.41865638,,,,,,,,,,,,,,,,,,,,,,,,
FAILED_SETUP,,,,,,,2026-07-17,3317.0,尼克森,半導體業,0.8068702219766051,SECTOR_WEAK,-0.023992933,-0.35665306,0.0,0.0879900211308919,0.28113878,0.33167544,0.044,0.1661904,0.39623475,0.28235644,1.6810014,0.040332153,0.16836397,0.8613861,-0.046492673,0.9453552,0.7490936,0.75013196,76.0,1.0204827,,,,,,,,,,,,,,,,,,,,,,,,
FAILED_SETUP,,,,,,,2026-07-17,2851.0,中再保,金融保險,0.6754250713825181,STOCK_SPECIFIC,-0.051192787,-0.08599168,0.34535366,0.0879900211308919,0.09166667,0.116915,0.072,-0.03669548,0.23089442,1.5754268,1.2679793,0.064911395,0.123801135,0.6831683,0.05025682,1.0933639,0.6795448,1.9208906,158.0,0.44701687,,,,,,,,,,,,,,,,,,,,,,,,
FAILED_SETUP,,,,,,,2026-07-17,3004.0,豐達科,鋼鐵工業,0.7809754075711522,STOCK_SPECIFIC,-0.105806455,-0.16129032,0.043010753,0.0879900211308919,0.15194346,0.08004403,0.028,0.093456276,0.22325398,1.4866188,0.033396535,0.003533569,0.07108834,0.5478548,0.03239841,1.2271386,0.70018905,1.1591127,30.0,0.6353076,,,,,,,,,,,,,,,,,,,,,,,,
FAILED_SETUP,,,,,,,2026-07-17,3008.0,大立光,光電業,0.6345021645021645,SECTOR_WEAK,-0.046940297,-0.087064676,1.0069716,0.0879900211308919,0.33665836,0.32770047,0.056,-0.10588667,0.3992821,0.68976504,7.1720543,0.33665836,0.16043833,0.80418044,-0.044831328,1.2700729,0.73974717,1.1252394,64.0,0.703502,,,,,,,,,,,,,,,,,,,,,,,,
FAILED_SETUP,,,,,,,2026-07-17,3022.0,威強電,電腦及週邊設備業,0.6269595652574377,SECTOR_WEAK,-0.006245268,-0.024020227,0.4728192,0.0879900211308919,0.20377359,-0.0062400186,0.084,0.046083964,0.1383596,0.13123359,1.8090233,0.011297835,0.25344694,0.510451,-0.02637865,1.0183876,0.55393183,0.42327634,51.0,0.57260585,,,,,,,,,,,,,,,,,,,,,,,,
FAILED_SETUP,,,,,,,2026-07-17,3088.0,艾訊,電腦及週邊設備業,0.6525117435755734,SECTOR_WEAK,-0.013852143,-0.094857626,0.2624354,0.0879900211308919,0.17829457,0.1376648,0.12,0.010584675,0.26156434,0.25823838,11.178585,0.15484735,0.38579553,0.77557755,-0.025806526,1.2705883,0.9767835,-0.5292919,69.0,0.6000542,,,,,,,,,,,,,,,,,,,,,,,,
FAILED_SETUP,,,,,,,2026-07-17,2885.0,元大金,金融保險,0.6855171778576034,STOCK_SPECIFIC,-0.038543243,-0.06426937,0.15187036,0.0879900211308919,0.11230768,0.11679408,0.088,-0.0048687845,0.29630122,1.1288888,25.944885,1.0,0.1044135,0.7788779,0.04926606,1.1158392,1.7742971,1.8707409,212.0,0.5017358,,,,,,,,,,,,,,,,,,,,,,,,
FAILED_SETUP,,,,,,,2026-07-17,3141.0,晶宏,半導體業,0.6486616929170121,SECTOR_WEAK,-0.019443557,-0.09697933,0.7488076,0.0879900211308919,0.346519,0.2332703,0.032,-0.0026067747,0.12940504,0.2654573,0.034771197,0.00067607575,0.13363476,0.6138614,-0.04482713,0.94498384,0.38663697,-1.100465,46.0,0.8392744,,,,,,,,,,,,,,,,,,,,,,,,
FAILED_SETUP,,,,,,,2026-07-17,3149.0,正達,電子工業,0.7434668877222069,SECTOR_WEAK,-0.04687479,-0.27633208,0.012391574,0.0879900211308919,0.2695731,0.75062,0.068,0.030527564,0.52920306,0.57278526,2.644915,0.123979844,0.14929801,0.8712871,-0.04436094,0.9876972,0.9554306,1.667859,58.0,0.29182523,,,,,,,,,,,,,,,,,,,,,,,,
FAILED_SETUP,,,,,,,2026-07-17,3189.0,景碩,電子工業,0.7814819931841208,SECTOR_WEAK,-0.018571429,-0.21933623,0.38528138,0.0879900211308919,0.35266274,0.5293531,0.048,0.09787881,0.6810605,0.18515277,6.5011983,0.12073654,0.039515406,0.99229926,-0.044727497,0.97289544,,0.52120566,235.0,1.2035753,,,,,,,,,,,,,,,,,,,,,,,,
FAILED_SETUP,,,,,,,2026-07-17,3264.0,欣銓,半導體業,0.6786202450032237,SECTOR_WEAK,-0.05144186,-0.26046512,0.16976744,0.0879900211308919,0.2686916,0.09445162,0.136,0.14810228,0.25659388,0.60245544,2.738515,0.1408743,0.163559,0.79757977,-0.04628551,1.0912482,1.0253392,-0.36442295,218.0,1.3846369,,,,,,,,,,,,,,,,,,,,,,,,
FAILED_SETUP,,,,,,,2026-07-17,3290.0,東浦,電子零組件業,0.7702385557704707,SECTOR_WEAK,-0.035103012,-0.29239303,0.0,0.0879900211308919,0.16942891,0.13398783,0.064,0.12161464,0.2862872,0.60428935,4.8266206,0.16942891,0.18613295,0.67216724,-0.079650395,1.1020186,0.82265216,2.0232787,43.0,0.41211525,,,,,,,,,,,,,,,,,,,,,,,,
FAILED_SETUP,,,,,,,2026-07-17,3094.0,聯傑,電子工業,0.7725227963525836,SECTOR_WEAK,-0.06097561,-0.19783197,0.37669376,0.0879900211308919,0.2506775,0.2917724,0.036,0.0668332,0.30525532,0.7,0.13565737,0.008271791,0.2929461,0.7370737,-0.044570122,1.0341282,0.61445034,0.75681674,51.0,1.3415239,,,,,,,,,,,,,,,,,,,,,,,,
FAILED_SETUP,,,,,,,2026-07-17,3284.0,太普高,其他,0.6309579073408862,STOCK_SPECIFIC,-0.092476085,-0.18907563,0.04831933,0.0879900211308919,0.35851926,0.1110554,0.068,0.030650567,0.18519044,1.0435337,0.0368182,0.0034048029,0.1331602,0.5247525,0.13011435,0.94598323,0.339779,1.6357722,14.0,0.15741588,,,,,,,,,,,,,,,,,,,,,,,,
FAILED_SETUP,,,,,,,2026-07-24,5483.0,中美晶,半導體業,0.8651197361346208,SECTOR_WEAK,-0.21548699,-0.25124377,0.019900497,0.0812793820625528,0.3587906,0.41112244,0.012,0.35216826,0.47660866,1.9702027,0.19304664,0.04159904,0.07696488,0.85337913,-0.11716641,1.2987883,0.6142123,1.3555751,74.0,1.5036141,,,,,,,,,,,,,,,,,,,,,,,,
FAILED_SETUP,,,,,,,2026-07-24,5488.0,松普,電子零組件業,0.7629209533622668,SECTOR_WEAK,-0.090764984,-0.15185185,0.074074075,0.0812793820625528,0.4080888,0.24351925,0.036,0.24713935,0.23912595,0.8859045,0.07513893,0.0068199835,0.17539343,0.69072163,-0.14462106,0.75797397,0.4429166,0.67266935,46.0,0.5845908,,,,,,,,,,,,,,,,,,,,,,,,
FAILED_SETUP,,,,,,,2026-07-24,5490.0,同亨,電腦及週邊設備業,0.8341126264141829,STOCK_SPECIFIC,-0.2040163,-0.24812031,0.093233086,0.0812793820625528,0.081365705,0.17188692,0.032,0.20552444,0.23617966,3.8921962,0.3928392,0.0801456,0.12674925,0.63459337,0.027944243,1.4769815,0.9002053,2.6627507,12.0,0.41034403,,,,,,,,,,,,,,,,,,,,,,,,
FAILED_SETUP,,,,,,,2026-07-24,6138.0,茂達,半導體業,0.7036286021628596,SECTOR_WEAK,-0.16702417,-0.22960725,0.0,0.0812793820625528,0.32432434,0.17150743,0.056,0.08610633,0.24639742,1.9871373,0.9079623,0.15165165,0.16744496,0.76403207,-0.11505226,0.83812654,0.6612771,0.2617886,68.0,1.8017468,,,,,,,,,,,,,,,,,,,,,,,,
FAILED_SETUP,,,,,,,2026-07-24,6141.0,柏承,電子工業,0.7422405010308657,SECTOR_WEAK,-0.059431344,-0.23162274,0.66158116,0.0812793820625528,0.22768435,0.11550056,0.052,0.0526409,0.56901217,0.58641255,0.15237124,0.0090556275,0.15605393,0.9896907,-0.082710415,1.3921568,1.1279299,0.5766048,96.0,0.39468813,,,,,,,,,,,,,,,,,,,,,,,,
FAILED_SETUP,,,,,,,2026-07-24,6166.0,凌華,電子工業,0.9797466112857546,SECTOR_WEAK,-0.3227914,-0.3404908,0.015337423,0.0812793820625528,0.045045044,0.9712396,0.0,0.28281718,0.88951147,5.4449477,3.097976,1.0,0.0,0.96219933,-0.08383334,1.4047028,8.641967,4.308801,65.0,0.39893866,,,,,,,,,,,,,,,,,,,,,,,,
FAILED_SETUP,,,,,,,2026-07-24,6174.0,安碁,電子零組件業,0.6994534588953405,SECTOR_WEAK,-0.052945204,-0.15525115,0.10616438,0.0812793820625528,0.54022986,0.36816084,0.044,0.09066139,0.33567452,0.49153674,3.277766,0.173542,0.26095676,0.906071,-0.14602405,0.8321337,0.78824025,-0.8685868,83.0,0.9902981,,,,,,,,,,,,,,,,,,,,,,,,
FAILED_SETUP,,,,,,,2026-07-24,6196.0,帆宣,電子工業,0.7434670088966191,SECTOR_WEAK,-0.061011452,-0.1851145,0.03244275,0.0812793820625528,0.1539924,0.2299435,0.096,0.07993655,0.41537762,0.9115682,1.9906408,0.12145188,0.09108382,0.85223365,-0.08275164,0.8301887,0.4862227,0.8388126,307.0,1.0516436,,,,,,,,,,,,,,,,,,,,,,,,
FAILED_SETUP,,,,,,,2026-07-24,5471.0,松翰,半導體業,0.7099199268666375,SECTOR_WEAK,-0.08518987,-0.1790235,0.14466546,0.0812793820625528,0.24542953,0.09350073,0.044,0.061386373,0.23855157,1.1502453,0.09449198,0.00804976,0.32484823,0.8224513,-0.11459177,0.83769476,0.30438069,0.10826313,116.0,1.1022929,,,,,,,,,,,,,,,,,,,,,,,,
FAILED_SETUP,,,,,,,2026-07-24,6197.0,佳必琪,電子工業,0.6948712160719888,SECTOR_WEAK,-0.10201923,-0.16666667,0.068910256,0.0812793820625528,0.30645162,0.61648685,0.072,-0.014690151,0.4714563,1.5208874,3.0038612,0.30645162,0.13980211,0.930126,-0.08225706,0.8136589,0.6363761,0.648413,61.0,0.71184105,,,,,,,,,,,,,,,,,,,,,,,,
FAILED_SETUP,,,,,,,2026-07-24,6139.0,亞翔,其他電子業,0.7277814797657998,SECTOR_WEAK,-0.11302631,-0.24282296,0.014354067,0.0812793820625528,0.175,0.061092786,0.052,0.09309136,0.25947732,1.7247196,0.13692555,0.01547619,0.06753459,0.73195875,-0.07687246,0.9357143,2.2273839,0.75567144,297.0,0.8594012,,,,,,,,,,,,,,,,,,,,,,,,
FAILED_SETUP,,,,,,,2026-07-24,5464.0,霖宏,電子零組件業,0.7226266064688971,SECTOR_WEAK,-0.116825595,-0.2647428,0.25219575,0.0812793820625528,0.3676286,1.2965529,0.032,-0.057499625,0.7292004,1.4564692,1.2136184,0.14178169,0.1528183,0.9862543,-0.14488612,0.7627628,0.20415568,0.7989385,103.0,0.04165958,,,,,,,,,,,,,,,,,,,,,,,,
FAILED_SETUP,,,,,,,2026-07-24,4938.0,和碩,電腦及週邊設備業,0.7047073140807945,STOCK_SPECIFIC,-0.11409396,-0.11521253,0.12416107,0.0812793820625528,0.10956725,-0.022714537,0.032,0.056096803,0.17617866,3.9016395,0.11867407,0.013539994,0.111961484,0.66208476,0.028029079,1.3405405,1.4034709,2.2550378,73.0,0.3160478,,,,,,,,,,,,,,,,,,,,,,,,
FAILED_SETUP,,,,,,,2026-07-24,5351.0,鈺創,半導體業,0.6670175786162607,SECTOR_WEAK,-0.09191489,-0.22340426,0.6666667,0.0812793820625528,0.24410377,0.23775138,0.116,0.07807737,0.20633897,0.9923792,0.39772233,0.036556605,0.23052862,0.5796105,-0.114906594,0.87464386,0.5202122,-0.18972956,206.0,1.1334513,,,,,,,,,,,,,,,,,,,,,,,,
FAILED_SETUP,,,,,,,2026-07-24,5328.0,華容,電子零組件業,0.8327033550642232,SECTOR_WEAK,-0.11873771,-0.15068224,0.19672132,0.0812793820625528,0.45335513,1.2943326,0.02,0.15892345,0.78246707,1.0573723,3.8181226,0.45335513,0.100640714,0.8785796,-0.146523,0.799435,0.4464761,1.8816303,191.0,0.36178657,,,,,,,,,,,,,,,,,,,,,,,,
FAILED_SETUP,,,,,,,2026-07-24,4973.0,廣穎,半導體業,0.6947067987288417,SECTOR_WEAK,-0.10346154,-0.18531469,0.17832167,0.0812793820625528,0.5261324,0.5977108,0.02,-0.041658092,0.55444455,1.399527,5.0852947,0.5261324,0.04943099,0.96105385,-0.11366147,0.95327103,0.73511523,-0.43718466,186.0,0.40927723,,,,,,,,,,,,,,,,,,,,,,,,
FAILED_SETUP,,,,,,,2026-07-24,4958.0,臻鼎-KY,電子零組件業,0.6796662681753012,SECTOR_WEAK,-0.02753125,-0.23333333,0.14583333,0.0812793820625528,0.36721992,0.24545924,0.06,0.0022897245,0.48591626,0.28031817,6.1901593,0.17042282,0.0795326,0.9816724,-0.14540637,0.9269311,0.8172652,-0.82455593,131.0,0.7336376,,,,,,,,,,,,,,,,,,,,,,,,
FAILED_SETUP,,,,,,,2026-07-24,4939.0,亞電,電子零組件業,0.8336991302788371,SECTOR_WEAK,-0.15596154,-0.26442307,0.525641,0.0812793820625528,0.24720894,0.35537592,0.044,0.2553418,0.45047903,1.6048056,0.96126425,0.14992025,0.16089132,0.7457045,-0.14710946,1.409894,1.8913163,1.3743834,73.0,0.36329833,,,,,,,,,,,,,,,,,,,,,,,,
FAILED_SETUP,,,,,,,2026-07-24,4916.0,事欣科,電腦及週邊設備業,0.7612724013814799,STOCK_SPECIFIC,-0.082087375,-0.15145631,0.083658926,0.0812793820625528,0.23786408,0.39601508,0.056,0.06340503,0.36711147,1.2165468,1.9515079,0.16019417,0.08406023,0.82474226,0.027989756,1.0498533,0.49655065,0.7709833,52.0,0.92637753,,,,,,,,,,,,,,,,,,,,,,,,
FAILED_SETUP,,,,,,,2026-07-24,4764.0,雙鍵,化學生技醫療,0.6572761687596366,SECTOR_WEAK,-0.07853253,-0.29420578,0.07637655,0.0812793820625528,0.31557554,0.27403545,0.1,0.004993906,0.40414238,0.62808317,3.6152828,0.2839173,0.12912375,0.94272625,-0.010536644,1.0801816,1.3451627,-0.58338344,180.0,0.99193907,,,,,,,,,,,,,,,,,,,,,,,,
FAILED_SETUP,,,,,,,2026-07-24,4707.0,磐亞,化學工業,0.8932925577286446,SECTOR_WEAK,-0.2660838,-0.3684971,0.047368914,0.0812793820625528,0.27478755,1.0779775,0.028,0.51006263,1.2085966,2.739447,3.7582145,1.0,0.10194422,0.9919817,-0.06953003,1.1709602,0.9296274,3.5017357,121.0,0.32794073,,,,,,,,,,,,,,,,,,,,,,,,
FAILED_SETUP,,,,,,,2026-07-24,4534.0,慶騰,電機機械,0.94764750832834,SECTOR_WEAK,-0.31816176,-0.33333334,0.0,0.0812793820625528,0.09068628,0.4943075,0.012,0.41197294,0.6073961,3.7626085,3.1430552,1.0,0.052797597,0.92668957,-0.043856915,1.4044586,1.4691906,3.0502415,115.0,0.72837716,,,,,,,,,,,,,,,,,,,,,,,,
FAILED_SETUP,,,,,,,2026-07-24,4513.0,福裕,電機機械,0.7394613225446085,SECTOR_WEAK,-0.23160584,-0.2652068,0.0,0.0812793820625528,0.16545013,0.20572153,0.1,0.35612535,0.18770108,2.799706,0.5567812,0.12895377,0.40133187,0.26345932,-0.03529106,1.3731344,0.5139967,2.4142158,7.0,-0.29240948,,,,,,,,,,,,,,,,,,,,,,,,
FAILED_SETUP,,,,,,,2026-07-24,6207.0,雷科,電子零組件業,0.6557200337568478,SECTOR_WEAK,-0.00083333335,-0.21388888,0.1388889,0.0812793820625528,0.6429213,0.70455414,0.008,-0.0840501,0.40097606,0.006511982,,0.6429213,0.034749135,0.9117984,-0.14468929,0.8868287,0.4926889,-0.54575336,49.0,0.08526039,,,,,,,,,,,,,,,,,,,,,,,,
FAILED_SETUP,,,,,,,2026-07-24,5434.0,崇越,電子通路業,0.8997766175884572,SECTOR_WEAK,-0.13297994,-0.13369964,0.03846154,0.0812793820625528,0.09057971,0.21264592,0.016,0.2116147,0.443624,2.2492292,0.28381982,0.037742343,0.042961683,0.8476518,-0.035294797,0.9153805,0.24405813,2.5990653,78.0,0.99118507,,,,,,,,,,,,,,,,,,,,,,,,
FAILED_SETUP,,,,,,,2026-07-24,6239.0,力成,半導體業,0.6711347396096856,SECTOR_WEAK,-0.059856117,-0.22972782,0.09305291,0.0812793820625528,0.3846154,0.18697424,0.02,0.027863022,0.12857854,0.7156989,0.029886825,0.0017889092,0.07136641,0.45819014,-0.11428216,0.92206365,0.6125143,-0.89749104,221.0,1.1547836,,,,,,,,,,,,,,,,,,,,,,,,
FAILED_SETUP,,,,,,,2026-07-24,7769.0,鴻勁,半導體業,0.6412654965717117,SECTOR_WEAK,-0.06866667,-0.1564849,0.19359054,0.0812793820625528,0.39801818,0.14164685,0.056,0.04571929,0.20527095,0.8795331,5.7963815,0.39801818,0.073844455,0.8556701,-0.11450038,0.87725043,0.9735715,-1.5263302,280.0,1.17035,,,,,,,,,,,,,,,,,,,,,,,,
FAILED_SETUP,,,,,,,2026-07-24,6259.0,百徽,電子零組件業,0.7703882885621326,SECTOR_WEAK,-0.04401384,-0.16772152,0.10759494,0.0812793820625528,0.35101405,0.46955958,0.024,0.042139277,0.39370045,0.4170749,7.9750834,0.35101405,0.17946191,0.8797251,-0.14581552,0.81903386,0.4093264,0.51857346,148.0,0.6151167,,,,,,,,,,,,,,,,,,,,,,,,
FAILED_SETUP,,,,,,,2026-07-24,8926.0,台汽電,油電燃氣業,0.6272456173233358,STOP_TOO_TIGHT,-0.037331287,-0.16104294,0.0015337423,0.0812793820625528,0.27357033,0.31260735,0.068,-0.09102742,0.2700658,0.7281197,7.328178,0.27357033,0.3315124,0.8098511,0.0,0.67496026,0.44927838,-0.1945351,54.0,0.1300966,,,,,,,,,,,,,,,,,,,,,,,,
FAILED_SETUP,,,,,,,2026-07-24,8476.0,台境,綠能環保,0.7419292426948376,SECTOR_WEAK,-0.09232409,-0.20255864,0.0,0.0812793820625528,0.07526882,0.16143884,0.072,0.08803379,0.21566512,1.4642512,0.719998,0.06647316,0.30673307,0.325315,-0.0427114,1.0509855,1.5228996,2.4774184,20.0,-0.13821763,,,,,,,,,,,,,,,,,,,,,,,,
FAILED_SETUP,,,,,,,2026-07-24,8150.0,南茂,電子工業,0.6759319346966205,SECTOR_WEAK,-0.0056,-0.27,0.104444444,0.0812793820625528,0.37665197,0.17495936,0.072,0.0970816,0.2474902,0.0491023,21.437649,0.12005083,0.21456517,0.63001144,-0.08294486,0.96539503,0.65605044,-0.44011065,182.0,1.1961868,,,,,,,,,,,,,,,,,,,,,,,,
FAILED_SETUP,,,,,,,2026-07-24,8114.0,振樺電,電腦及週邊設備業,0.7110081417191972,STOCK_SPECIFIC,-0.22927631,-0.23245615,0.0372807,0.0812793820625528,0.19563347,0.17011835,0.16,0.24786837,0.25515252,3.9559457,0.5934203,0.13605723,0.22073685,0.56815577,0.025281748,1.6919739,5.2868376,1.8703897,38.0,1.1144905,,,,,,,,,,,,,,,,,,,,,,,,
FAILED_SETUP,,,,,,,2026-07-24,8112.0,至上,電子通路業,0.658915969468634,SECTOR_WEAK,-0.098875,-0.16477273,0.1534091,0.0812793820625528,0.10984092,0.01420131,0.068,0.07000214,0.13094698,1.9225527,0.4525359,0.044744488,0.103841506,0.57617414,-0.028429681,0.9829502,1.5844613,0.76462364,173.0,0.82751,,,,,,,,,,,,,,,,,,,,,,,,
FAILED_SETUP,,,,,,,2026-07-24,8109.0,博大,電子零組件業,0.7110134460892329,SECTOR_WEAK,-0.12713741,-0.129771,0.08396947,0.0812793820625528,0.2857143,-0.049455907,0.028,0.28712755,0.16315745,2.0726223,0.30368748,0.038610037,0.05936672,0.56128293,-0.14722665,0.6734007,0.24709412,0.505037,82.0,0.21249017,,,,,,,,,,,,,,,,,,,,,,,,
FAILED_SETUP,,,,,,,2026-07-24,8091.0,翔名,電子零組件業,0.7325211658478332,SECTOR_WEAK,-0.036427103,-0.2238193,0.0123203285,0.0812793820625528,0.24640657,0.21356083,0.088,0.1247418,0.34135568,0.4616357,3.5848773,0.1305867,0.3326306,0.8751432,-0.1461744,0.9008043,0.34690505,-0.21744479,158.0,0.23461005,,,,,,,,,,,,,,,,,,,,,,,,
FAILED_SETUP,,,,,,,2026-07-24,8046.0,南電,電子零組件業,0.8235360058475614,SECTOR_WEAK,-0.07811926,-0.2733945,0.26605505,0.0812793820625528,0.27477476,0.1350129,0.036,0.26560837,0.6751303,0.715976,12.80094,1.0,0.045077875,0.98854524,-0.14718851,0.94017094,0.5730421,1.0520556,249.0,0.39531446,,,,,,,,,,,,,,,,,,,,,,,,
FAILED_SETUP,,,,,,,2026-07-24,8016.0,矽創,電子工業,0.7113830473162367,SECTOR_WEAK,-0.10682968,-0.153457,0.09443507,0.0812793820625528,0.28061223,0.18972665,0.044,0.028312717,0.2911156,1.5505245,0.11734826,0.012536277,0.15369119,0.80756015,-0.08253254,0.7639903,0.28942183,0.21682186,63.0,0.6030195,,,,,,,,,,,,,,,,,,,,,,,,
FAILED_SETUP,,,,,,,2026-07-24,7828.0,創新服務,半導體業,0.655043084005929,SECTOR_WEAK,-0.024389535,-0.30232558,0.29651162,0.0812793820625528,0.45086706,0.22791032,0.012,-0.07828822,0.24780442,0.21087971,18.486086,0.45086706,0.05106347,0.8178694,-0.113318965,0.8,0.8024614,0.28314492,149.0,1.1132241,,,,,,,,,,,,,,,,,,,,,,,,
FAILED_SETUP,,,,,,,2026-07-24,7788.0,松川精密,電子零組件業,0.6414314120611131,SECTOR_WEAK,-0.017173912,-0.17149758,0.6763285,0.0812793820625528,0.46301198,0.095451586,0.016,0.02059887,0.1509096,0.2018711,4.7917814,0.08229364,0.16979179,0.7525773,-0.14549452,1.0503274,0.92249626,-0.8752068,76.0,-0.03586003,,,,,,,,,,,,,,,,,,,,,,,,
FAILED_SETUP,,,,,,,2026-07-24,4169.0,泰宗,生技醫療業,0.8868536377794417,STOCK_SPECIFIC,-0.16422406,-0.367713,0.0,0.0812793820625528,0.17171717,0.3233945,0.024,0.331917,0.43117744,1.6084155,6.089242,1.0,0.098511405,0.7766323,0.02176095,0.9616769,,2.7319775,1.0,0.18031745,,,,,,,,,,,,,,,,,,,,,,,,
FAILED_SETUP,,,,,,,2026-07-24,6257.0,矽格,電子工業,0.6562758680297596,SECTOR_WEAK,-0.09668203,-0.20967741,0.12672812,0.0812793820625528,0.26796833,0.062626034,0.096,0.06508651,0.29807398,1.3435748,1.0120533,0.097847365,0.14060596,0.80641466,-0.08268537,0.6986251,0.6245057,-0.18087791,270.0,1.3117204,,,,,,,,,,,,,,,,,,,,,,,,
FAILED_SETUP,,,,,,,2026-07-24,7734.0,印能科技,半導體業,0.6322209811045171,SECTOR_WEAK,-0.27609825,-0.30491328,0.119942196,0.0812793820625528,0.33125937,-0.17529078,0.076,0.20241223,0.52898383,3.5334742,0.32075337,0.08855945,0.09475666,0.9908362,-0.11611475,1.1423217,2.212076,0.5892495,119.0,0.9480706,,,,,,,,,,,,,,,,,,,,,,,,
FAILED_SETUP,,,,,,,2026-07-24,6834.0,天二科技,電子零組件業,0.6768286134280908,SECTOR_WEAK,-0.026817663,-0.20498301,0.31370327,0.0812793820625528,0.5871254,1.352695,0.016,-0.081167825,0.7166424,0.19995172,37.288857,1.0,0.0871796,0.9656357,-0.14468499,0.8328865,0.46443182,0.48155448,78.0,1.1799333,,,,,,,,,,,,,,,,,,,,,,,,
FAILED_SETUP,,,,,,,2026-07-24,6693.0,廣閎科,半導體業,0.6275169093385206,SECTOR_WEAK,-0.048715085,-0.24860336,0.12011173,0.0812793820625528,0.5263678,0.12826112,0.016,-0.07878979,0.387854,0.46708614,10.805027,0.5263678,0.029771537,0.9209622,-0.113179706,0.7256161,0.4297429,-0.0022178886,170.0,1.4843729,,,,,,,,,,,,,,,,,,,,,,,,
FAILED_SETUP,,,,,,,2026-07-24,6613.0,朋億*,其他電子業,0.7191252560978729,SECTOR_WEAK,-0.01,-0.1980198,0.11221122,0.0812793820625528,0.2647854,0.20142458,0.032,-0.0070947134,0.29881394,0.14527397,26.47854,0.2647854,0.064239055,0.80183274,-0.0743588,0.7998207,0.7508571,0.6057937,97.0,0.97766984,,,,,,,,,,,,,,,,,,,,,,,,
FAILED_SETUP,,,,,,,2026-07-24,6579.0,研揚,電腦及週邊設備業,0.9389837609103602,STOCK_SPECIFIC,-0.19302522,-0.2044818,0.04761905,0.0812793820625528,0.033240996,0.40784338,0.0,0.17973927,0.40786314,3.3969717,0.13470265,0.026001008,0.0,0.836197,0.026161162,1.3863636,5.177945,2.493638,51.0,0.3456922,,,,,,,,,,,,,,,,,,,,,,,,
FAILED_SETUP,,,,,,,2026-07-24,6573.0,虹揚-KY,電子工業,0.6531170227677443,SECTOR_WEAK,-0.028381962,-0.20424403,0.02387268,0.0812793820625528,0.56842107,0.3186491,0.032,0.042512823,0.21493733,0.2066207,1.7616823,0.05,0.17581497,0.5463917,-0.08153202,0.6647001,0.2532436,0.588,40.0,0.69565356,,,,,,,,,,,,,,,,,,,,,,,,
FAILED_SETUP,,,,,,,2026-07-24,6538.0,倉和,電子零組件業,0.8597127825735938,SECTOR_WEAK,-0.1225,-0.1780303,2.0189395,0.0812793820625528,0.21348314,0.7174827,0.044,0.23408069,0.5416314,1.3123478,0.10385713,0.012722499,0.32221553,0.908362,-0.14697376,1.1428572,1.1305482,1.4778041,45.0,0.6613439,,,,,,,,,,,,,,,,,,,,,,,,
FAILED_SETUP,,,,,,,2026-07-24,6525.0,捷敏-KY,半導體業,0.7321657626966115,SECTOR_WEAK,-0.023943663,-0.22535211,0.112676054,0.0812793820625528,0.56183743,0.4192198,0.028,0.090097025,0.40728563,0.19710144,23.464975,0.56183743,0.15577646,0.88545245,-0.115046956,0.70186335,0.43275028,0.34799588,94.0,0.65924567,,,,,,,,,,,,,,,,,,,,,,,,
FAILED_SETUP,,,,,,,2026-07-24,6488.0,環球晶,半導體業,0.7892310223747561,SECTOR_WEAK,-0.1708368,-0.2446602,0.08737864,0.0812793820625528,0.5474154,0.5844147,0.02,0.1661178,0.563489,1.3420057,0.034067567,0.0058199945,0.034224458,0.91981673,-0.115685225,1.0655705,1.4297642,0.5249977,75.0,1.9893017,,,,,,,,,,,,,,,,,,,,,,,,
FAILED_SETUP,,,,,,,2026-07-24,6446.0,藥華藥,生技醫療業,0.8253194570288083,STOCK_SPECIFIC,-0.116116196,-0.121212125,0.42424244,0.0812793820625528,0.24577689,0.81278574,0.036,0.07909196,0.6104565,1.6620988,2.116646,0.24577689,0.06867198,0.93356246,0.031735957,0.67474926,0.47431728,2.5341818,133.0,-0.16865742,,,,,,,,,,,,,,,,,,,,,,,,
FAILED_SETUP,,,,,,,2026-07-24,6432.0,今展科,電子零組件業,0.7493842269283697,SECTOR_WEAK,-0.12795745,-0.25195906,0.13475178,0.0812793820625528,0.24142858,0.63423103,0.08,0.052481767,0.48464453,1.8464034,1.8867881,0.24142858,0.28271013,0.8877434,-0.14571609,0.83788705,0.19855863,1.012305,75.0,0.5958865,,,,,,,,,,,,,,,,,,,,,,,,
FAILED_SETUP,,,,,,,2026-07-24,6409.0,旭隼,電子工業,0.6743659400268875,SECTOR_WEAK,-0.12990889,-0.18653846,0.0625,0.0812793820625528,0.30951267,0.2285327,0.124,0.19339718,0.1895726,2.105951,0.22770281,0.02958062,0.21332607,0.39977092,-0.08335114,0.643004,0.60054964,2.382729,0.0,0.26888877,,,,,,,,,,,,,,,,,,,,,,,,
FAILED_SETUP,,,,,,,2026-07-24,6285.0,啟碁,電子工業,0.6415659085619319,SECTOR_WEAK,-0.11977822,-0.19556452,0.06451613,0.0812793820625528,0.32633984,0.08518297,0.124,0.12833267,0.24945645,1.7113992,0.68428314,0.08196222,0.20060499,0.90950745,-0.08300766,0.79491127,0.5531984,-0.75533515,116.0,1.3923981,,,,,,,,,,,,,,,,,,,,,,,,
FAILED_SETUP,,,,,,,2026-07-24,6944.0,兆聯實業,綠能環保,0.7801512447918537,SECTOR_WEAK,-0.12542705,-0.1826087,0.027329193,0.0812793820625528,0.073201306,-0.06028635,0.012,0.14149646,0.23402445,2.2701967,0.04644484,0.0058254395,0.014347669,0.6918671,-0.04632989,1.2561538,1.6421885,1.2701188,291.0,0.7573399,,,,,,,,,,,,,,,,,,,,,,,,
FAILED_SETUP,,,,,,,2026-07-24,4127.0,天良,生技醫療業,0.9451342611610762,STOCK_SPECIFIC,-0.19845177,-0.25253808,0.21827412,0.0812793820625528,0.12801014,0.8348071,0.008,0.2496066,0.71104836,2.3848803,5.0390077,1.0,0.023993662,0.95532644,0.029868128,0.9882353,0.54018587,2.3669362,50.0,0.07828207,,,,,,,,,,,,,,,,,,,,,,,,
FAILED_SETUP,,,,,,,2026-07-24,3356.0,奇偶,電子工業,0.6524226132034336,SECTOR_WEAK,-0.08641509,-0.104631215,0.15437393,0.0812793820625528,0.10291595,0.07656325,0.136,0.10593215,0.15132146,2.6026566,0.0740505,0.0063990806,0.24866092,0.60366553,-0.082880735,0.78733027,0.36806732,0.07358064,78.0,0.7204648,,,,,,,,,,,,,,,,,,,,,,,,
FAILED_SETUP,,,,,,,2026-07-24,3704.0,合勤控,電子工業,0.7738439059793452,SECTOR_WEAK,-0.09918294,-0.16987179,0.07692308,0.0812793820625528,0.08893349,0.22194403,0.068,0.12884727,0.23907116,1.6989454,0.11959788,0.01186207,0.08984275,0.6517755,-0.0830655,0.9739359,0.72715086,1.1486301,59.0,0.5619987,,,,,,,,,,,,,,,,,,,,,,,,
FAILED_SETUP,,,,,,,2026-07-24,2415.0,錩新,電子零組件業,0.7007566609725455,SECTOR_WEAK,-0.045084745,-0.11248077,0.043483432,0.0812793820625528,0.3093415,0.07844547,0.04,0.16092238,0.13691762,0.63411766,0.24871476,0.011213241,0.30907828,0.52691865,-0.14581949,0.76371306,0.27150813,0.8972137,30.0,0.62328124,,,,,,,,,,,,,,,,,,,,,,,,
FAILED_SETUP,,,,,,,2026-07-24,2414.0,精技,電子通路業,0.6851064852446513,SECTOR_WEAK,-0.06351678,-0.07899462,0.10412926,0.0812793820625528,0.15180427,0.13954356,0.1,0.061970975,0.23779337,1.4969546,1.6667753,0.105868205,0.24155961,0.7262314,-0.02775959,0.97622526,0.67087626,1.401401,93.0,0.29071417,,,,,,,,,,,,,,,,,,,,,,,,
FAILED_SETUP,,,,,,,2026-07-24,2409.0,友達,電子工業,0.7046142302529077,SECTOR_WEAK,-0.048747554,-0.13894325,0.28195608,0.0812793820625528,0.35098043,0.32217973,0.032,-0.022743918,0.3434251,0.6272302,3.2983053,0.16078432,0.09065595,0.78235966,-0.082221396,0.5908557,0.31636333,0.40497583,125.0,1.449564,,,,,,,,,,,,,,,,,,,,,,,,
FAILED_SETUP,,,,,,,2026-07-24,2408.0,南亞科,電子工業,0.7099823025808709,SECTOR_WEAK,-0.06178082,-0.19800748,0.41718554,0.0812793820625528,0.25531706,0.7416044,0.064,-0.018106313,0.40142283,0.66989756,4.1326265,0.25531706,0.07691496,0.75601375,-0.08230203,0.9284976,0.87119436,0.8527896,275.0,1.8566492,,,,,,,,,,,,,,,,,,,,,,,,
FAILED_SETUP,,,,,,,2026-07-24,3711.0,日月光投控,電子工業,0.7375879275567947,SECTOR_WEAK,-0.04953411,-0.22545756,0.08652246,0.0812793820625528,0.17846175,0.112267226,0.08,0.10416777,0.41729435,0.68662274,1.6447052,0.08146901,0.126232,0.9255441,-0.082889535,0.8292794,0.6686149,0.44245854,202.0,1.3876654,,,,,,,,,,,,,,,,,,,,,,,,
FAILED_SETUP,,,,,,,2026-07-24,2376.0,技嘉,電腦及週邊設備業,0.8151035193812151,STOCK_SPECIFIC,-0.114577465,-0.12112676,0.17427027,0.0812793820625528,0.13399154,0.137235,0.02,0.090032704,0.2712472,3.673871,0.41406938,0.04744302,0.089349456,0.7628866,0.027563443,1.0238612,1.2576157,1.8260216,56.0,0.99979013,,,,,,,,,,,,,,,,,,,,,,,,
FAILED_SETUP,,,,,,,2026-07-24,2359.0,所羅門,電子工業,0.743854800234757,SECTOR_WEAK,-0.124408245,-0.17605634,0.28873238,0.0812793820625528,0.20163731,0.19496723,0.056,0.23376419,0.13925302,2.0388446,0.052244373,0.006499631,0.18293661,0.46391752,-0.083532356,1.015194,2.1312053,1.1921014,32.0,0.6177318,,,,,,,,,,,,,,,,,,,,,,,,
FAILED_SETUP,,,,,,,2026-07-24,2330.0,台積電,電子工業,0.6425588195591605,SECTOR_WEAK,-0.026995707,-0.06437768,0.0751073,0.0812793820625528,0.0787234,-0.038271926,0.116,0.122454144,0.17185521,0.97844446,1.3163278,0.0355352,0.1140302,0.66323024,-0.08297164,0.8955224,0.62941104,0.17288712,259.0,0.8905666,,,,,,,,,,,,,,,,,,,,,,,,
FAILED_SETUP,,,,,,,2026-07-24,2324.0,仁寶,電腦及週邊設備業,0.6620468704831846,STOCK_SPECIFIC,-0.11032,-0.11466666,0.19866666,0.0812793820625528,0.28360215,0.09491168,0.044,0.03742436,0.16902882,2.6751962,0.037652202,0.004153791,0.0913603,0.5315006,0.028292509,1.050505,0.863817,1.556274,39.0,0.82259864,,,,,,,,,,,,,,,,,,,,,,,,
FAILED_SETUP,,,,,,,2026-07-24,2317.0,鴻海,電子工業,0.6689257585660268,SECTOR_WEAK,-0.1,-0.104743086,0.084980235,0.0812793820625528,0.20760232,0.04691339,0.068,0.14911255,0.11190543,3.2948837,0.19154826,0.019154826,0.11120066,0.50973654,-0.08310966,1.2788188,0.6440398,0.46397048,58.0,0.98476595,,,,,,,,,,,,,,,,,,,,,,,,
FAILED_SETUP,,,,,,,2026-07-24,2305.0,全友,電腦及週邊設備業,0.72256508406355,STOP_TOO_TIGHT,-0.08049536,-0.20433436,0.8266254,0.0812793820625528,0.32043344,0.8289454,0.02,-0.12004636,0.6872421,0.77860963,3.9807692,0.32043344,0.1177548,0.9392898,0.030762622,0.9024,1.9732283,1.581426,131.0,1.0958059,,,,,,,,,,,,,,,,,,,,,,,,
FAILED_SETUP,,,,,,,2026-07-24,2302.0,麗正,電子工業,0.7820136516473296,SECTOR_WEAK,-0.12996471,-0.22705883,0.12588236,0.0812793820625528,0.3511628,1.152143,0.032,0.04125703,0.6851378,1.4175802,2.7019858,0.3511628,0.17916545,0.932417,-0.082603924,0.8672657,1.2807101,1.7323257,61.0,0.47789806,,,,,,,,,,,,,,,,,,,,,,,,
FAILED_SETUP,,,,,,,2026-07-24,2301.0,光寶科,電子工業,0.6732441619072683,SECTOR_WEAK,-0.1426097,-0.1847575,0.52898765,0.0812793820625528,0.22144522,0.12859045,0.108,0.13694058,0.1772012,2.183081,0.8663024,0.12354312,0.15221821,0.67697597,-0.08304726,1.1039697,0.74456704,0.04537035,69.0,1.9479856,,,,,,,,,,,,,,,,,,,,,,,,
FAILED_SETUP,,,,,,,2026-07-24,2243.0,宏旭-KY,汽車工業,0.710284779216037,STOP_TOO_TIGHT,-0.05653,-0.219,0.024,0.0812793820625528,0.3452381,0.8535212,0.052,-0.037033986,1.0583471,0.64817363,6.107166,0.3452381,0.07311724,0.9954181,0.0013609967,0.9039184,1.173262,2.7260442,94.0,0.1422563,,,,,,,,,,,,,,,,,,,,,,,,
FAILED_SETUP,,,,,,,2026-07-24,2236.0,百達-KY,汽車工業,0.7175192627359428,SECTOR_WEAK,-0.08433447,-0.27303755,0.023890786,0.0812793820625528,0.27181208,-0.008345822,0.028,0.1652344,0.17005986,1.4975758,0.11937128,0.010067114,0.06440099,0.6701031,-0.0093845,0.76842105,0.35165277,0.43636364,153.0,0.3211069,,,,,,,,,,,,,,,,,,,,,,,,
FAILED_SETUP,,,,,,,2026-07-24,2221.0,大甲,其他,0.7686756335316727,STOCK_SPECIFIC,-0.12451384,-0.14604463,1.5862069,0.0812793820625528,0.20283976,0.13469096,0.024,0.03054058,0.38378417,1.7539687,0.5167549,0.06434314,0.16903853,0.82588774,0.08462567,1.0788174,0.3701355,1.5303968,198.0,0.50516546,,,,,,,,,,,,,,,,,,,,,,,,
FAILED_SETUP,,,,,,,2026-07-24,2061.0,風青,電器電纜,0.6399023220295803,SECTOR_WEAK,-0.072706334,-0.117082536,0.25335893,0.0812793820625528,0.646833,1.7412384,0.012,-0.16897057,0.84124964,0.5690129,8.896515,0.646833,0.11996691,0.97823596,-0.025170237,0.79605263,0.59280616,1.2102289,54.0,1.070057,,,,,,,,,,,,,,,,,,,,,,,,
FAILED_SETUP,,,,,,,2026-07-24,1718.0,中纖,化學生技醫療,0.8099984066819654,SECTOR_WEAK,-0.08975,-0.20462963,0.106481485,0.0812793820625528,0.47272727,0.47741798,0.004,0.15665083,0.35301352,0.96930003,5.267156,0.47272727,0.038102873,0.78350514,-0.016688073,1.043711,0.55354077,1.365,38.0,0.31694293,,,,,,,,,,,,,,,,,,,,,,,,
FAILED_SETUP,,,,,,,2026-07-24,1710.0,東聯,化學生技醫療,0.7008780956321009,SECTOR_WEAK,-0.13057692,-0.19871795,0.083333336,0.0812793820625528,0.2793651,0.05215099,0.048,0.20414963,0.14829396,1.6157508,0.4133062,0.053968254,0.24056876,0.5956472,-0.018898467,1.0018692,0.5051086,1.0172805,41.0,1.1251336,,,,,,,,,,,,,,,,,,,,,,,,
FAILED_SETUP,,,,,,,2026-07-24,1708.0,東鹼,化學生技醫療,0.7552613387950282,SECTOR_WEAK,-0.07476635,-0.13831776,0.0,0.0812793820625528,0.21821631,0.19463457,0.048,0.066140525,0.328783,1.4432989,2.9186432,0.21821631,0.13666084,0.8373425,-0.011815564,0.7697595,0.27127263,2.2004204,117.0,0.19898152,,,,,,,,,,,,,,,,,,,,,,,,
FAILED_SETUP,,,,,,,2026-07-24,1617.0,榮星,電器電纜,0.7074540389900008,SECTOR_WEAK,-0.111302644,-0.12429378,0.118644066,0.0812793820625528,0.4385675,0.06756163,0.02,0.17649801,0.15345538,1.2663435,0.14017165,0.015601475,0.07409969,0.4329897,-0.021515785,0.85703135,0.3938666,0.6497562,28.0,1.0274097,,,,,,,,,,,,,,,,,,,,,,,,
FAILED_SETUP,,,,,,,2026-07-24,1563.0,巧新,電機機械,0.7496931655331838,SECTOR_WEAK,-0.06908064,-0.16290322,0.11657255,0.0812793820625528,0.14744961,0.37443623,0.088,0.08035806,0.28780657,1.1439238,0.7946268,0.05489333,0.4064848,0.6666667,-0.036800686,0.8794277,0.5182235,1.4714952,38.0,0.46595696,,,,,,,,,,,,,,,,,,,,,,,,
FAILED_SETUP,,,,,,,2026-07-24,1560.0,中砂,電機機械,0.6441552361797789,SECTOR_WEAK,-0.101748876,-0.1509716,0.3393124,0.0812793820625528,0.16776524,0.12770769,0.112,0.017852077,0.25878564,1.4889959,1.067706,0.108637884,0.07498013,0.8041237,-0.03491285,1.0638429,0.8733911,-0.048438523,159.0,1.2065779,,,,,,,,,,,,,,,,,,,,,,,,
FAILED_SETUP,,,,,,,2026-07-24,1515.0,力山,電機機械,0.8469767091346458,SECTOR_WEAK,-0.115067266,-0.18535127,0.18086697,0.0812793820625528,0.32842416,0.37732822,0.008,0.24024703,0.2817764,1.1261442,0.20079443,0.023104865,0.09109007,0.56013745,-0.04093048,1.0859729,0.88039833,1.6670506,15.0,0.46856475,,,,,,,,,,,,,,,,,,,,,,,,
FAILED_SETUP,,,,,,,2026-07-24,1303.0,南亞,塑膠工業,0.8578354855427914,STOCK_SPECIFIC,-0.17659786,-0.21902017,0.4409222,0.0812793820625528,0.29577464,0.85172164,0.028,0.14985524,0.8245597,1.6047565,5.6625824,1.0,0.042487413,0.95074457,0.05705379,1.0547953,0.8778785,2.4279096,230.0,1.5787776,,,,,,,,,,,,,,,,,,,,,,,,
FAILED_SETUP,,,,,,,2026-07-24,2425.0,承啟,電腦及週邊設備業,0.9321895155011848,STOCK_SPECIFIC,-0.17393549,-0.24193548,0.13763441,0.0812793820625528,0.02561366,0.4149081,0.0,0.13846684,0.43710276,3.0769565,0.109802976,0.019098634,0.0,0.7594502,0.026640253,0.9575516,2.5232012,3.540459,45.0,1.0302145,,,,,,,,,,,,,,,,,,,,,,,,
FAILED_SETUP,,,,,,,2026-07-24,2454.0,聯發科,電子工業,0.7274511249207307,SECTOR_WEAK,-0.12240766,-0.18194254,0.32831737,0.0812793820625528,0.31746158,0.38165063,0.048,0.013911812,0.47144237,1.9309909,2.192847,0.26842126,0.11682015,0.95990837,-0.08242469,1.0869588,0.86653566,-0.64368755,147.0,1.9324561,,,,,,,,,,,,,,,,,,,,,,,,
FAILED_SETUP,,,,,,,2026-07-24,2379.0,瑞昱,電子工業,0.7163417553884546,SECTOR_WEAK,-0.09534483,-0.13129973,0.03846154,0.0812793820625528,0.30376345,0.23101386,0.056,0.052900188,0.30545402,1.6365204,3.1859457,0.30376345,0.11343296,0.72852236,-0.08267637,0.725,0.56262535,1.6280217,64.0,0.98704934,,,,,,,,,,,,,,,,,,,,,,,,
FAILED_SETUP,,,,,,,2026-07-24,3481.0,群創,電子工業,0.6329103776409765,SECTOR_WEAK,-0.02195171,-0.18511066,0.054325957,0.0812793820625528,0.46666667,0.9301184,0.036,-0.16432273,0.48403993,0.2651736,8.866396,0.19463255,0.05063478,0.8900344,-0.08129194,0.7015099,0.46160126,-0.13241132,139.0,1.655763,,,,,,,,,,,,,,,,,,,,,,,,
FAILED_SETUP,,,,,,,2026-07-24,3702.0,大聯大,電子通路業,0.801394208311604,SECTOR_WEAK,-0.13165255,-0.1475137,0.1059322,0.0812793820625528,0.08510638,0.08030133,0.048,0.18862264,0.31861472,2.7883334,0.6464469,0.08510638,0.06527956,0.88430697,-0.034272894,1.0095237,1.2273648,1.0485042,90.0,0.70582783,,,,,,,,,,,,,,,,,,,,,,,,
FAILED_SETUP,,,,,,,2026-07-24,3577.0,泓格,電腦及週邊設備業,0.8796943969394828,STOCK_SPECIFIC,-0.23056757,-0.2993197,0.006802721,0.0812793820625528,0.20136519,0.5963229,0.036,0.25551775,0.6471372,2.5266924,0.7218019,0.16642411,0.15329435,0.9484536,0.024941567,1.6250179,5.483626,1.644818,56.0,0.2768444,,,,,,,,,,,,,,,,,,,,,,,,
FAILED_SETUP,,,,,,,2026-07-24,3556.0,禾瑞亞,半導體業,0.6635231013310776,SECTOR_WEAK,-0.057826087,-0.15458937,0.069243155,0.0812793820625528,0.28548387,0.05346023,0.044,0.026884869,0.23651983,0.8851056,4.3233085,0.25,0.120534346,0.838488,-0.11431237,0.8447205,0.21247101,-0.4251424,116.0,0.77147794,,,,,,,,,,,,,,,,,,,,,,,,
FAILED_SETUP,,,,,,,2026-07-24,3532.0,台勝科,電子工業,0.8097425810522049,SECTOR_WEAK,-0.13693869,-0.3172043,0.27419356,0.0812793820625528,0.45454547,0.966235,0.032,0.16196251,0.7891535,0.95287967,0.8771677,0.12011819,0.06733686,0.9713631,-0.083386056,1.1143719,0.9854569,0.9085961,160.0,1.872981,,,,,,,,,,,,,,,,,,,,,,,,
FAILED_SETUP,,,,,,,2026-07-24,3498.0,陽程,其他電子業,0.6691119262218002,SECTOR_WEAK,-0.07689189,-0.24234234,0.9954955,0.0812793820625528,0.4753363,0.26996538,0.068,0.07362743,0.29460984,0.78871286,6.181878,0.4753363,0.1003535,0.9347079,-0.076480255,0.8594164,0.39924404,-1.1344775,104.0,0.4852412,,,,,,,,,,,,,,,,,,,,,,,,
FAILED_SETUP,,,,,,,2026-07-24,2458.0,義隆,電子工業,0.710187734429298,SECTOR_WEAK,-0.060238812,-0.23347929,0.020895522,0.0812793820625528,0.16964287,0.09762858,0.056,0.07228151,0.20995119,1.1578689,0.19762613,0.011904763,0.2143207,0.75486827,-0.08272927,0.73,0.24532141,0.63879776,96.0,1.0347316,,,,,,,,,,,,,,,,,,,,,,,,
FAILED_SETUP,,,,,,,2026-07-24,3479.0,安勤,電腦及週邊設備業,0.94548214833137,STOCK_SPECIFIC,-0.18678571,-0.20779221,0.0097402595,0.0812793820625528,0.03514377,0.5733431,0.0,0.15180704,0.5289893,3.3144858,5.3537283,1.0,0.0,0.85910654,0.026630927,1.3794717,1.1840562,3.7116897,38.0,0.28608182,,,,,,,,,,,,,,,,,,,,,,,,
FAILED_SETUP,,,,,,,2026-07-24,3374.0,精材,半導體業,0.9378649467118958,SECTOR_WEAK,-0.25953424,-0.30958903,0.35890412,0.0812793820625528,0.14657535,0.6534967,0.016,0.38417724,0.7409996,2.794984,3.853056,1.0,0.07184914,0.9221077,-0.11734473,1.095008,1.1924021,2.6007562,133.0,0.98180354,,,,,,,,,,,,,,,,,,,,,,,,
FAILED_SETUP,,,,,,,2026-07-24,3290.0,東浦,電子零組件業,0.7073996447567632,SECTOR_WEAK,-0.043277312,-0.24957983,0.008403362,0.0812793820625528,0.22623535,0.11591707,0.048,0.057454858,0.2101989,0.69047403,5.227574,0.22623535,0.21427242,0.68957615,-0.14570005,0.80459696,0.4047963,0.91382235,48.0,0.45244056,,,,,,,,,,,,,,,,,,,,,,,,
FAILED_SETUP,,,,,,,2026-07-24,3221.0,台嘉碩,通信網路業,0.6492447122202831,SECTOR_WEAK,-0.1371739,-0.21640316,0.03557312,0.0812793820625528,0.40574905,0.013599822,0.024,0.011959568,0.25356904,1.5677388,0.62817115,0.08616869,0.10547518,0.8739977,-0.06332488,0.75430125,0.44333473,-0.96857023,176.0,0.6108652,,,,,,,,,,,,,,,,,,,,,,,,
FAILED_SETUP,,,,,,,2026-07-24,3189.0,景碩,電子工業,0.7114795735138879,SECTOR_WEAK,-0.07910256,-0.22934473,0.36752138,0.0812793820625528,0.31841812,0.20755094,0.052,0.015829306,0.64456,0.79817253,1.1676419,0.09236346,0.051126078,0.99312717,-0.082495674,0.966901,0.82052684,0.49156672,240.0,1.3694823,,,,,,,,,,,,,,,,,,,,,,,,
FAILED_SETUP,,,,,,,2026-07-24,3149.0,正達,電子工業,0.6677317450652298,SECTOR_WEAK,-0.028843338,-0.14494875,0.054172765,0.0812793820625528,0.451983,0.5533398,0.016,-0.11138345,0.30283213,0.33128488,9.897301,0.2854712,0.04372927,0.7353952,-0.08170015,0.8445464,0.5832841,-0.28162837,63.0,0.22820921,,,,,,,,,,,,,,,,,,,,,,,,
FAILED_SETUP,,,,,,,2026-07-24,2464.0,盟立,電子工業,0.6913542381061981,SECTOR_WEAK,-0.099375,-0.18055555,0.5555556,0.0812793820625528,0.40955633,0.42477757,0.052,0.002909057,0.42366624,1.386436,3.812222,0.37883958,0.06401903,0.9312715,-0.082383364,0.7849687,0.31315115,-0.5385236,75.0,1.2774546,,,,,,,,,,,,,,,,,,,,,,,,
FAILED_SETUP,,,,,,,2026-07-24,3094.0,聯傑,電子工業,0.6704510462583408,SECTOR_WEAK,-0.097313434,-0.19674355,0.40298507,0.0812793820625528,0.27486187,0.19692063,0.048,-0.025505824,0.26045257,1.080818,0.005909407,0.0005750647,0.31125167,0.72164947,-0.08224756,0.863124,0.3187873,0.25661626,56.0,1.293136,,,,,,,,,,,,,,,,,,,,,,,,
FAILED_SETUP,,,,,,,2026-07-24,3141.0,晶宏,半導體業,0.6871707922338531,SECTOR_WEAK,-0.13559702,-0.15223882,0.64179105,0.0812793820625528,0.30122325,0.19887438,0.04,0.04151723,0.15969099,2.316758,1.765618,0.23941255,0.10814353,0.63917524,-0.11445944,0.7302709,0.39218584,-1.067638,51.0,0.72967774,,,,,,,,,,,,,,,,,,,,,,,,
FAILED_SETUP,,,,,,,2026-07-24,2465.0,麗臺,電腦及週邊設備業,0.6425277916165315,STOCK_SPECIFIC,-0.14281988,-0.16273291,0.33540374,0.0812793820625528,0.16521738,0.062008422,0.116,0.06589622,0.20720424,1.9462879,0.07473882,0.01067419,0.34771168,0.7113402,0.02769382,1.0249252,0.37220004,0.038371626,60.0,0.7178022,,,,,,,,,,,,,,,,,,,,,,,,
FAILED_SETUP,,,,,,,2026-07-24,2484.0,希華,電子零組件業,0.8544513486067855,SECTOR_WEAK,-0.054494374,-0.20365168,0.14814636,0.0812793820625528,0.418637,0.59507686,0.016,0.2318308,0.73047304,0.4938181,7.682206,0.418637,0.084162526,0.9564719,-0.14699958,0.8586118,0.674295,1.2680607,123.0,0.36644584,,,,,,,,,,,,,,,,,,,,,,,,
FAILED_SETUP,,,,,,,2026-07-24,2851.0,中再保,金融保險,0.625740416703489,STOCK_SPECIFIC,-0.029659575,-0.06524823,0.37588653,0.0812793820625528,0.114893615,0.11200068,0.1,-0.014876278,0.19061093,1.0417793,2.9524727,0.08756908,0.17952716,0.69874,0.04557851,0.7885044,0.5064038,0.8934968,163.0,0.434001,,,,,,,,,,,,,,,,,,,,,,,,
FAILED_SETUP,,,,,,,2026-07-24,2855.0,統一證,金融保險,0.6329807367784871,STOCK_SPECIFIC,-0.06351351,-0.10585585,0.20495495,0.0812793820625528,0.29804298,0.1655523,0.036,-0.11583912,0.26436755,1.5887325,3.5265236,0.2239819,0.18891206,0.83505154,0.049042147,0.7432624,0.3155331,-0.66835725,183.0,0.545093,,,,,,,,,,,,,,,,,,,,,,,,
FAILED_SETUP,,,,,,,2026-07-24,2493.0,揚博,電子零組件業,0.6809732473420691,SECTOR_WEAK,-0.026305882,-0.24,0.16941176,0.0812793820625528,0.5623878,0.61648947,0.016,-0.05113476,0.44206384,0.22251686,21.378786,0.5623878,0.03744015,0.8694158,-0.14500166,0.88912445,1.0701197,0.519034,54.0,0.65458095,,,,,,,,,,,,,,,,,,,,,,,,
FAILED_SETUP,,,,,,,2026-07-24,3033.0,威健,電子通路業,0.7437694505707231,SECTOR_WEAK,-0.1008982,-0.16467066,0.09799237,0.0812793820625528,0.18800001,0.28876188,0.088,0.10107208,0.29992807,1.840572,0.47572723,0.04800002,0.28677833,0.8213059,-0.02962477,0.82730097,0.47725332,0.54950136,76.0,0.6024657,,,,,,,,,,,,,,,,,,,,,,,,
FAILED_SETUP,,,,,,,2026-07-24,3042.0,晶技,電子零組件業,0.6769867843948063,SECTOR_WEAK,-0.06769939,-0.17791411,0.2392638,0.0812793820625528,0.5151515,0.038822673,0.02,0.084561825,0.25677556,0.75916463,0.49864116,0.0337577,0.07756643,0.90034366,-0.14598998,0.7421384,0.34777018,-1.5099638,105.0,0.8326379,,,,,,,,,,,,,,,,,,,,,,,,
FAILED_SETUP,,,,,,,2026-07-24,3055.0,蔚華科,電子工業,0.8463220632465036,SECTOR_WEAK,-0.28394762,-0.31937984,0.34496123,0.0812793820625528,0.48339483,0.53644705,0.008,0.47349793,0.54943144,2.4325833,3.5217764,1.0,0.07398447,0.8831615,-0.08463042,0.9455877,1.1868085,1.2993572,68.0,0.5081643,,,,,,,,,,,,,,,,,,,,,,,,
FAILED_SETUP,,,,,,,2026-07-24,3066.0,李洲,光電業,0.6510148257563324,SECTOR_WEAK,-0.0322973,-0.1509009,0.38513514,0.0812793820625528,0.39777777,0.09950808,0.056,0.07420411,0.20796722,0.3676923,0.34402603,0.011111111,0.18516932,0.74112254,-0.08048521,0.59653795,0.3446041,0.3111111,98.0,0.60864323,,,,,,,,,,,,,,,,,,,,,,,,
FAILED_SETUP,,,,,,,2026-07-24,3088.0,艾訊,電腦及週邊設備業,0.9129705339751926,STOCK_SPECIFIC,-0.2069718,-0.24252492,0.006644518,0.0812793820625528,0.056478404,0.40740022,0.004,0.106490724,0.4687216,3.5029135,4.831576,1.0,0.029481634,0.87628865,0.02727664,1.439288,3.303963,1.8845445,74.0,0.61800355,,,,,,,,,,,,,,,,,,,,,,,,
FAILED_SETUP,,,,,,,2026-07-24,3004.0,豐達科,鋼鐵工業,0.6661433293484196,STOCK_SPECIFIC,-0.082794115,-0.16176471,0.0,0.0812793820625528,0.20295203,0.05538905,0.06,0.069820955,0.1571947,1.1506569,0.5793948,0.04797048,0.16607876,0.5532646,0.03273,0.7955182,0.33479846,0.37554744,35.0,0.6384434,,,,,,,,,,,,,,,,,,,,,,,,
FAILED_SETUP,,,,,,,2026-07-31,5490.0,同亨,電腦及週邊設備業,0.8758321814720821,SECTOR_WEAK,-0.1563872,-0.23780487,0.10823171,0.0978543742153361,0.06991403,0.15072934,0.032,0.30133697,0.23903306,2.4978435,0.43933803,0.06870684,0.13652906,0.7352246,-0.030659022,1.1607844,1.066969,2.1694224,17.0,0.3396251,,,,,,,,,,,,,,,,,,,,,,,,
FAILED_SETUP,,,,,,,2026-07-31,4127.0,天良,生技醫療業,0.8538604030194252,SECTOR_WEAK,-0.06634146,-0.36856368,0.30081302,0.0978543742153361,0.20596206,0.737247,0.048,0.13949786,0.55133885,0.88216215,0.20424837,0.013550135,0.1622477,0.9219858,-0.0046541016,0.85714287,0.2841462,1.3356237,55.0,0.21958874,,,,,,,,,,,,,,,,,,,,,,,,
FAILED_SETUP,,,,,,,2026-07-31,4764.0,雙鍵,化學生技醫療,0.6518110977562739,SECTOR_WEAK,-0.13682601,-0.3233559,0.08221797,0.0978543742153361,0.4142437,-0.07466665,0.052,0.07157635,0.26807907,1.0509151,2.7787926,0.38021109,0.11649507,0.965721,-0.12269717,0.93256146,0.29269952,-1.1307003,185.0,1.2502719,,,,,,,,,,,,,,,,,,,,,,,,
FAILED_SETUP,,,,,,,2026-07-31,5328.0,華容,電子零組件業,0.7936241707301372,SECTOR_WEAK,-0.15609106,-0.18984011,0.14599685,0.0978543742153361,0.39184955,1.3460635,0.04,0.0668142,0.78895223,1.462206,2.5103908,0.39184955,0.09814329,0.9669031,-0.21027824,1.102493,0.5570296,1.8344363,196.0,0.3409182,,,,,,,,,,,,,,,,,,,,,,,,
FAILED_SETUP,,,,,,,2026-07-31,5488.0,松普,電子零組件業,0.671919408749092,SECTOR_WEAK,-0.049759038,-0.08032128,0.16465864,0.0978543742153361,0.5500332,0.13655536,0.076,0.17279004,0.11464004,0.53233504,0.6434397,0.03201694,0.19084607,0.6453901,-0.2090361,0.6189393,0.17235865,-0.47478864,51.0,0.59149325,,,,,,,,,,,,,,,,,,,,,,,,
FAILED_SETUP,,,,,,,2026-07-31,6166.0,凌華,電子工業,0.7451969711096638,SECTOR_WEAK,-0.01,-0.03587444,0.33183858,0.0978543742153361,0.539823,0.37229586,0.028,0.05378345,0.25064182,0.092640944,44.725643,0.44725645,0.1300124,0.91725767,-0.1317365,1.3695537,4.7331243,-1.3708783,70.0,0.5080824,,,,,,,,,,,,,,,,,,,,,,,,
FAILED_SETUP,,,,,,,2026-07-31,7734.0,印能科技,半導體業,0.7001977651928548,SECTOR_WEAK,-0.2589645,-0.28846154,0.1464497,0.0978543742153361,0.36681232,-0.10092833,0.08,0.2880888,0.44006774,2.7141087,0.45423514,0.11763077,0.11749376,0.99527186,-0.16713563,1.2192824,0.87502617,0.30578265,124.0,1.111396,,,,,,,,,,,,,,,,,,,,,,,,
FAILED_SETUP,,,,,,,2026-07-31,6432.0,今展科,電子零組件業,0.9310077139933792,SECTOR_WEAK,-0.21881829,-0.32989982,0.016518425,0.0978543742153361,0.12419147,0.796218,0.024,0.27880645,0.5968215,3.1975331,0.56755525,0.12419147,0.10958312,0.96217495,-0.21151257,1.2752548,1.1001968,1.7611406,80.0,0.57550186,,,,,,,,,,,,,,,,,,,,,,,,
FAILED_SETUP,,,,,,,2026-07-31,6579.0,研揚,電腦及週邊設備業,0.694275790981808,SECTOR_WEAK,-0.055442624,-0.06885246,0.2262295,0.0978543742153361,0.21103896,0.17084455,0.136,0.060633812,0.18515202,0.8025085,0.6434528,0.035674714,0.3274758,0.79432625,-0.029536266,1.1304348,0.5683796,-0.38814586,56.0,0.51765096,,,,,,,,,,,,,,,,,,,,,,,,
FAILED_SETUP,,,,,,,2026-07-31,6585.0,鼎基,其他,0.6616496715762316,STOCK_SPECIFIC,-0.071875,-0.10714286,0.09821428,0.0978543742153361,0.29250172,0.25523347,0.052,-0.0742113,0.16186485,1.4541935,0.17172073,0.012342428,0.29596132,0.678487,0.035016954,1.1821862,1.0531573,-0.110353634,37.0,0.116712324,,,,,,,,,,,,,,,,,,,,,,,,
FAILED_SETUP,,,,,,,2026-07-31,6613.0,朋億*,其他電子業,0.6599840024651218,SECTOR_WEAK,-0.07488764,-0.08988764,0.26217228,0.0978543742153361,0.43513474,0.09530119,0.016,-0.048309866,0.12949267,0.9753659,0.404078,0.03026045,0.06215168,0.78014183,-0.15148629,1.0516206,0.9055266,-1.3530418,102.0,1.1525648,,,,,,,,,,,,,,,,,,,,,,,,
FAILED_SETUP,,,,,,,2026-07-31,8069.0,元太,光電業,0.6362006306631216,SECTOR_WEAK,-0.081854835,-0.25537634,0.12096774,0.0978543742153361,0.46413553,0.282486,0.192,0.16410272,0.08011971,1.4040034,0.38543877,0.031550027,0.28533605,0.51300234,-0.13602,1.3242617,1.266792,-0.73970836,3.0,0.7365083,,,,,,,,,,,,,,,,,,,,,,,,
FAILED_SETUP,,,,,,,2026-07-31,6208.0,日揚,電子零組件業,0.6843824541276697,SECTOR_WEAK,-0.049354035,-0.106832296,0.09689441,0.0978543742153361,0.30593047,-0.062458996,0.088,0.16088334,0.22930591,0.9844602,2.1747513,0.10733275,0.21942963,0.9326241,-0.21075517,0.89719623,0.68231416,-1.920173,95.0,0.657154,,,,,,,,,,,,,,,,,,,,,,,,
FAILED_SETUP,,,,,,,2026-07-31,3704.0,合勤控,電子工業,0.7156196791910887,SECTOR_WEAK,-0.072613366,-0.072792366,0.20286396,0.0978543742153361,0.2309683,0.07854843,0.064,0.14060642,0.08835482,1.0756313,0.013020258,0.0009454448,0.14868493,0.48463356,-0.1320604,1.0185719,0.3320184,-1.0351827,64.0,0.80982864,,,,,,,,,,,,,,,,,,,,,,,,
FAILED_SETUP,,,,,,,2026-07-31,3702.0,大聯大,電子通路業,0.7495137376915579,SECTOR_WEAK,-0.09027027,-0.0937533,0.17567568,0.0978543742153361,0.13333334,0.0055454797,0.096,0.17961271,0.24136561,1.6407019,1.0339322,0.09333334,0.13362186,0.9148936,-0.060408875,1.1826087,1.0282029,0.03957105,95.0,0.7629472,,,,,,,,,,,,,,,,,,,,,,,,
FAILED_SETUP,,,,,,,2026-07-31,3303.0,岱稜,其他電子業,0.7727415165067655,SECTOR_WEAK,-0.1145,-0.12314815,0.06481481,0.0978543742153361,0.14,0.06738863,0.064,0.23008572,0.16705158,2.1164303,1.0196561,0.11675061,0.3174562,0.6678487,-0.15879309,0.8565125,1.0165011,1.1278892,51.0,0.1419986,,,,,,,,,,,,,,,,,,,,,,,,
FAILED_SETUP,,,,,,,2026-07-31,3479.0,安勤,電腦及週邊設備業,0.7345002953403136,SECTOR_WEAK,-0.036653847,-0.06153846,0.11923077,0.0978543742153361,0.2413793,0.34121865,0.08,0.026277961,0.2563302,0.4905147,2.0747654,0.076048136,0.3107357,0.8132388,-0.028929623,1.2014166,0.6614054,0.2459684,43.0,0.3577701,,,,,,,,,,,,,,,,,,,,,,,,
FAILED_SETUP,,,,,,,2026-07-31,1301.0,台塑,塑膠工業,0.7064434471855452,SECTOR_WEAK,-0.029945055,-0.031135531,0.30402932,0.0978543742153361,0.26909092,-0.026744079,0.032,0.073206924,0.13626955,0.42077208,0.46804774,0.014015716,0.12308969,0.5141844,-0.07439672,0.9222798,0.60456073,0.67311984,34.0,1.0482243,,,,,,,,,,,,,,,,,,,,,,,,
FAILED_SETUP,,,,,,,2026-07-31,2243.0,宏旭-KY,汽車工業,0.6419701628890521,SECTOR_WEAK,-0.05731183,-0.06690562,0.3381123,0.0978543742153361,0.63176894,0.37649643,0.016,-0.22185332,0.6245276,0.6121969,11.02336,0.63176894,0.057436798,0.9964539,-0.037930094,0.92969203,0.693418,0.39945304,99.0,0.21964794,,,,,,,,,,,,,,,,,,,,,,,,
FAILED_SETUP,,,,,,,2026-07-31,2305.0,全友,電腦及週邊設備業,0.6920035473644491,SECTOR_WEAK,-0.1623077,-0.17628205,1.2147436,0.0978543742153361,0.41694352,0.73076224,0.036,-0.09486664,0.5222522,1.7746183,0.08187558,0.013289036,0.11615751,0.96099293,-0.02706427,0.8255528,1.7398549,0.6959116,136.0,1.1555581,,,,,,,,,,,,,,,,,,,,,,,,
FAILED_SETUP,,,,,,,2026-07-31,2414.0,精技,電子通路業,0.8310373396396503,SECTOR_WEAK,-0.10528104,-0.12006861,0.05488851,0.0978543742153361,0.10612927,0.20903023,0.052,0.1392954,0.27273774,2.551885,0.58904064,0.062014814,0.1500802,0.8463357,-0.058407083,1.0923529,0.7889101,1.9075551,98.0,0.31451747,,,,,,,,,,,,,,,,,,,,,,,,
FAILED_SETUP,,,,,,,2026-07-31,2425.0,承啟,電腦及週邊設備業,0.9626224640576796,SECTOR_WEAK,-0.19975,-0.265625,0.10208333,0.0978543742153361,0.02342918,0.40215206,0.0,0.22587919,0.41803032,3.3516104,0.084746085,0.01692803,0.0,0.86288416,-0.03181408,1.1762524,1.5705099,2.8880532,50.0,0.97977424,,,,,,,,,,,,,,,,,,,,,,,,
FAILED_SETUP,,,,,,,2026-07-31,2061.0,風青,電器電纜,0.7356608190000051,SECTOR_WEAK,-0.11839416,-0.16058394,0.19160584,0.0978543742153361,0.54594594,1.5893012,0.012,-0.059242327,0.8835694,1.1090598,4.6112576,0.54594594,0.0875115,0.99408984,-0.042214584,0.94801223,0.81488,1.4737891,59.0,0.86738175,,,,,,,,,,,,,,,,,,,,,,,,
FAILED_SETUP,,,,,,,2026-07-31,2540.0,愛山林,建材營造,0.8546252575622486,TOO_EXTENDED,-0.1433005,-0.21742876,0.0,0.0978543742153361,0.03829555,0.017895367,0.0,0.1369881,0.19277297,5.709252,0.13007364,0.018639617,0.0,0.71985817,0.07860876,1.8507463,7.3687835,4.5663543,38.0,-0.36202893,,,,,,,,,,,,,,,,,,,,,,,,
FAILED_SETUP,,,,,,,2026-07-31,2610.0,華航,航運業,0.7827830513941006,STOCK_SPECIFIC,-0.10566292,-0.10786517,0.026966292,0.0978543742153361,0.06285923,0.17440258,0.016,-0.019760462,0.1513103,2.9786425,0.0008806267,9.3049595e-05,0.04155858,0.4113475,0.11638932,1.2133588,1.674347,3.0305245,26.0,0.1929141,,,,,,,,,,,,,,,,,,,,,,,,
FAILED_SETUP,,,,,,,2026-07-31,3004.0,豐達科,鋼鐵工業,0.6637505900654984,STOP_TOO_TIGHT,-0.021785714,-0.0952381,0.043650795,0.0978543742153361,0.2074074,0.04611256,0.064,0.00284335,0.14136909,0.3400885,2.380085,0.05185185,0.16981636,0.65957445,0.06370481,0.7282609,0.38621187,0.260177,40.0,0.58212376,,,,,,,,,,,,,,,,,,,,,,,,
FAILED_SETUP,,,,,,,2026-07-31,3149.0,正達,電子工業,0.720942072167809,SECTOR_WEAK,-0.0690367,-0.10703364,0.10091743,0.0978543742153361,0.53350556,0.3565961,0.02,-0.005769042,0.20770948,0.7502846,5.1805034,0.35764486,0.023694452,0.7234042,-0.13129078,0.9232382,0.8048953,-1.1772497,68.0,0.2925617,,,,,,,,,,,,,,,,,,,,,,,,
FAILED_SETUP,,,,,,,2026-07-31,3290.0,東浦,電子零組件業,0.6478924608061355,SECTOR_WEAK,-0.041718446,-0.1330097,0.1223301,0.0978543742153361,0.4214806,0.01830902,0.02,0.03695138,0.036782786,0.6119837,0.5265137,0.021965332,0.05779462,0.53782505,-0.2098246,1.0461619,1.1527742,-1.5391738,53.0,0.6472028,,,,,,,,,,,,,,,,,,,,,,,,
FAILED_SETUP,,,,,,,2026-07-31,2480.0,敦陽科,電子工業,0.7962346417845441,SECTOR_WEAK,-0.07984663,-0.08895706,0.024539877,0.0978543742153361,0.05891297,0.10292505,0.072,0.24112742,0.16791934,2.8922222,0.075445846,0.006024096,0.068161584,0.67375886,-0.13253435,1.1147541,5.8086715,3.2979412,21.0,0.2147458,,,,,,,,,,,,,,,,,,,,,,,,
FAILED_SETUP,,,,,,,2026-08-07,4127.0,天良,生技醫療業,0.9632911392405064,SECTOR_WEAK,-0.2289,-0.5261111,0.06666667,,0.007838746,1.1106979,0.0,0.27905425,0.8110632,3.945472,4.36872,1.0,0.0,0.9482976,-0.047411393,1.0170099,0.6304299,3.8311675,60.0,0.22587387,,,,,,,,,,,,,,,,,,,,,,,,
FAILED_SETUP,,,,,,,2026-08-07,8114.0,振樺電,電腦及週邊設備業,0.6455696202531646,STOCK_SPECIFIC,-0.22417219,-0.22958058,0.004415011,,0.21949312,0.13086511,0.116,0.11005722,0.20824748,2.9193017,0.4846607,0.10864745,0.24376428,0.5813367,0.020221053,0.969697,0.7871171,0.90650874,48.0,1.112862,,,,,,,,,,,,,,,,,,,,,,,,
FAILED_SETUP,,,,,,,2026-08-07,6863.0,永道-KY,電子工業,0.6810126582278482,SECTOR_WEAK,-0.2687893,-0.30610687,0.026717557,,0.24326877,0.20842955,0.16,0.5322695,0.25172728,4.7632723,0.061508518,0.01653283,0.21947695,0.5510719,-0.08160212,0.9744095,0.64099187,3.4262218,3.0,0.5983071,,,,,,,,,,,,,,,,,,,,,,,,
FAILED_SETUP,,,,,,,2026-08-07,6579.0,研揚,電腦及週邊設備業,0.7658227848101266,STOCK_SPECIFIC,-0.1243465,-0.13677812,0.021276595,,0.09037901,0.22284739,0.032,0.024209762,0.2975252,1.694497,0.1425763,0.017728865,0.2182453,0.7112232,0.021509685,1.0394431,0.776589,0.877071,61.0,0.6867168,,,,,,,,,,,,,,,,,,,,,,,,
FAILED_SETUP,,,,,,,2026-08-07,6432.0,今展科,電子零組件業,0.7139240506329114,SECTOR_WEAK,-0.14015384,-0.2624212,0.11188811,,0.22566995,0.50897366,0.128,0.10191868,0.42830282,1.9087617,1.6101589,0.22566995,0.317426,0.92812103,-0.13920188,0.875717,0.46400592,0.18603179,85.0,0.6161748,,,,,,,,,,,,,,,,,,,,,,,,
FAILED_SETUP,,,,,,,2026-08-07,6166.0,凌華,電子工業,0.841772151898734,SECTOR_WEAK,-0.22765957,-0.23758866,0.028368793,,0.23404256,0.5329308,0.032,0.15625276,0.52134687,2.4557376,0.7021801,0.15985802,0.11815081,0.9407314,-0.083039515,0.9548387,1.0545015,0.6245009,75.0,0.74818027,,,,,,,,,,,,,,,,,,,,,,,,
FAILED_SETUP,,,,,,,2026-08-07,5328.0,華容,電子零組件業,0.6822784810126582,SECTOR_WEAK,-0.118737705,-0.15398057,0.19672132,,0.46052632,1.1262238,0.052,0.025986997,0.6378134,1.2057313,3.8785179,0.46052632,0.18108834,0.94199246,-0.13868953,0.704,0.43180996,1.0694213,201.0,0.3790402,,,,,,,,,,,,,,,,,,,,,,,,
FAILED_SETUP,,,,,,,2026-08-07,5227.0,立凱-KY,電子零組件業,0.7784810126582279,SECTOR_WEAK,-0.142,-0.14666666,0.06666667,,0.26409495,0.68724513,0.084,0.28095397,0.3195721,1.7703166,0.9429412,0.13389765,0.21583515,0.7061791,-0.13832326,0.83870965,0.3540873,1.1138813,34.0,0.3888347,,,,,,,,,,,,,,,,,,,,,,,,
FAILED_SETUP,,,,,,,2026-08-07,3704.0,合勤控,電子工業,0.7088607594936709,SECTOR_WEAK,-0.16255388,-0.16271552,0.0862069,,0.11149591,0.2323618,0.116,0.118558004,0.19002666,2.639875,0.20194896,0.032827586,0.13779327,0.5586381,-0.082646534,1.0427494,0.5864524,0.20992236,69.0,0.8021119,,,,,,,,,,,,,,,,,,,,,,,,
FAILED_SETUP,,,,,,,2026-08-07,3479.0,安勤,電腦及週邊設備業,0.6822784810126582,STOCK_SPECIFIC,-0.114947,-0.13780919,0.028268551,,0.1696751,0.39848617,0.06,-0.049244836,0.3128993,1.8072222,0.12087077,0.013893732,0.2423225,0.78814626,0.022761086,0.72,0.43004844,0.7491217,48.0,0.3680103,,,,,,,,,,,,,,,,,,,,,,,,
FAILED_SETUP,,,,,,,2026-08-07,3577.0,泓格,電腦及週邊設備業,0.8265822784810126,STOCK_SPECIFIC,-0.2152,-0.2509091,0.0,,0.23943663,0.51540375,0.036,0.15443192,0.5200141,2.0922222,0.9451127,0.20338826,0.22194521,0.9457755,0.0192689,0.75145644,0.69171065,0.759872,66.0,0.8728418,,,,,,,,,,,,,,,,,,,,,,,,
FAILED_SETUP,,,,,,,2026-08-07,3303.0,岱稜,其他電子業,0.6291139240506329,SECTOR_WEAK,-0.13998201,-0.1483813,0.025179856,,0.14416058,0.044288002,0.084,0.08581419,0.1526661,3.8915,0.86315626,0.12082635,0.33480704,0.5800757,-0.08583911,0.82758623,0.4311183,1.2712936,56.0,0.15985446,,,,,,,,,,,,,,,,,,,,,,,,
FAILED_SETUP,,,,,,,2026-08-07,2618.0,長榮航,航運業,0.8544303797468356,STOCK_SPECIFIC,-0.083674416,-0.0883721,0.013953488,,0.0045045046,0.22960497,0.0,0.1056128,0.22931102,2.4159234,11.951084,1.0,0.0,0.53089535,0.040485434,0.94699645,0.7559557,3.658649,35.0,0.08312187,,,,,,,,,,,,,,,,,,,,,,,,
FAILED_SETUP,,,,,,,2026-08-07,2610.0,華航,航運業,0.7632911392405064,STOCK_SPECIFIC,-0.07014019,-0.0724299,0.0,,0.05813541,0.1861722,0.016,0.075609125,0.14957766,2.070345,0.06692581,0.0046941885,0.03940966,0.31021437,0.04227706,0.750113,0.6888615,2.9354775,31.0,0.18629047,,,,,,,,,,,,,,,,,,,,,,,,
FAILED_SETUP,,,,,,,2026-08-07,2547.0,日勝生,建材營造,0.6291139240506329,STOCK_SPECIFIC,-0.07014019,-0.10280374,0.004672897,,0.02812676,0.04822812,0.016,0.0019509724,0.0631507,3.5616949,0.028341312,0.001987865,0.028583892,0.3404792,0.02530931,1.0617776,1.2363755,2.9625604,31.0,-0.03479238,,,,,,,,,,,,,,,,,,,,,,,,
FAILED_SETUP,,,,,,,2026-08-07,2425.0,承啟,電腦及週邊設備業,0.9708860759493672,STOCK_SPECIFIC,-0.23169884,-0.31949806,0.0,,2.220446e-16,0.6169246,0.0,0.3286066,0.5656153,3.7339554,0.12787224,0.02962785,0.0,0.8738966,0.017128436,1.1672026,2.4904222,3.9719996,55.0,0.98088366,,,,,,,,,,,,,,,,,,,,,,,,
FAILED_SETUP,,,,,,,2026-08-07,2332.0,友訊,電子工業,0.7481012658227848,SECTOR_WEAK,-0.11503386,-0.15801354,0.0744921,,0.19413093,0.49367878,0.052,0.028133655,0.32294092,1.2948095,0.72713655,0.08364532,0.4013505,0.6759142,-0.08224962,0.84236455,0.41771036,1.6396854,31.0,0.4534823,,,,,,,,,,,,,,,,,,,,,,,,
FAILED_SETUP,,,,,,,2026-08-07,1590.0,亞德客-KY,電機機械,0.7987341772151899,SECTOR_WEAK,-0.20035675,-0.24834438,0.069536425,,0.029126214,-0.014217764,0.0,0.31143016,0.2849067,3.5247967,0.072465666,0.014518985,0.0,0.6179067,-0.054433048,1.0593139,0.9810398,2.233492,180.0,0.8250256,,,,,,,,,,,,,,,,,,,,,,,,
FAILED_SETUP,,,,,,,2026-08-07,3702.0,大聯大,電子通路業,0.8075949367088608,SECTOR_WEAK,-0.17902438,-0.1821676,0.06097561,,0.053061225,0.0153082395,0.012,0.19434366,0.3217713,3.2450526,0.022799313,0.004081633,0.014568775,0.8915511,-0.019222805,1.1660516,0.79744524,1.3742106,100.0,0.7144963,,,,,,,,,,,,,,,,,,,,,,,,
FAILED_SETUP,,,,,,,2026-08-14,6166.0,凌華,電子工業,0.6905405405405405,SECTOR_WEAK,-0.175,-0.18560606,0.08712121,,0.34362933,0.048449807,0.124,0.04884843,0.36191294,2.1560001,1.5020399,0.262857,0.24489501,0.91497463,-0.03874614,0.6595289,0.61174685,-0.5004552,80.0,0.8171777,,,,,,,,,,,,,,,,,,,,,,,,
FAILED_SETUP,,,,,,,2026-08-14,6243.0,迅杰,半導體業,0.7162162162162163,SECTOR_WEAK,-0.12867507,-0.23659305,0.011566772,,0.18589744,0.2518217,0.064,-0.1223461,0.28736475,1.4858457,0.5450967,0.07014036,0.505543,0.6294416,-0.044256873,0.6271552,0.9196993,1.4653658,37.0,-0.59361607,,,,,,,,,,,,,,,,,,,,,,,,
FAILED_SETUP,,,,,,,2026-08-14,6409.0,旭隼,電子工業,0.6891891891891893,SECTOR_WEAK,-0.15240394,-0.16650246,0.06896552,,0.30951267,0.3227941,0.136,0.054866143,0.18609837,2.5007622,0.19409353,0.02958062,0.2094786,0.45177665,-0.038655642,1.0344545,0.9724591,1.4704709,0.0,0.41006538,,,,,,,,,,,,,,,,,,,,,,,,
FAILED_SETUP,,,,,,,2026-08-14,6414.0,樺漢,電腦及週邊設備業,0.7391891891891892,STOP_TOO_TIGHT,-0.047610294,-0.109068625,0.034313727,,0.28255528,0.18779556,0.028,-0.081300415,0.23616272,0.59834987,5.934752,0.28255528,0.11979427,0.71954316,0.038100444,0.80521363,1.4169471,0.28200445,70.0,0.6032183,,,,,,,,,,,,,,,,,,,,,,,,
FAILED_SETUP,,,,,,,2026-08-14,9939.0,宏全,其他,0.741891891891892,SECTOR_WEAK,-0.06290077,-0.0648855,0.03816794,,0.10227273,-0.0024166421,0.1,0.0624162,0.11947608,1.6840876,0.12383431,0.007789273,0.11903196,0.4352792,-0.08420309,1.1843575,0.69382083,1.2620611,38.0,-0.032094765,,,,,,,,,,,,,,,,,,,,,,,,
FAILED_SETUP,,,,,,,2026-08-14,6585.0,鼎基,其他,0.668918918918919,SECTOR_WEAK,-0.119067796,-0.15254237,0.016949153,,0.24850164,0.18800078,0.104,-0.042475913,0.1782195,2.3698795,0.16644417,0.01981814,0.33376577,0.60913706,-0.079686806,0.57918555,0.76362365,-0.22472142,47.0,0.1532597,,,,,,,,,,,,,,,,,,,,,,,,
FAILED_SETUP,,,,,,,2026-08-14,8415.0,大國鋼,鋼鐵工業,0.7445945945945948,SECTOR_WEAK,-0.05367647,-0.0815508,0.036096256,,0.050666668,-0.0042833854,0.052,0.009995359,0.11360254,2.0146954,0.22000062,0.011808857,0.0903984,0.39974618,-0.036089044,0.89008045,0.9106995,2.2336028,66.0,0.006668766,,,,,,,,,,,,,,,,,,,,,,,,
FAILED_SETUP,,,,,,,2026-08-14,5871.0,中租-KY,其他,0.7013513513513514,SECTOR_WEAK,-0.04107623,-0.05381166,0.05381166,,0.041787576,0.013258393,0.092,0.008282724,0.07082457,1.5703171,0.10060798,0.004132597,0.11857625,0.3895939,-0.08181115,1.1612093,0.7729929,0.82944685,48.0,0.21955469,,,,,,,,,,,,,,,,,,,,,,,,
FAILED_SETUP,,,,,,,2026-08-14,6432.0,今展科,電子零組件業,0.7756756756756756,SECTOR_WEAK,-0.13531645,-0.25827166,0.027008481,,0.2103064,0.26281416,0.132,0.048449162,0.40865335,1.8501922,1.554182,0.2103064,0.31301838,0.9327411,-0.035795897,0.8693957,1.2125877,-0.001923102,90.0,0.6024908,,,,,,,,,,,,,,,,,,,,,,,,
FAILED_SETUP,,,,,,,2026-08-14,5490.0,同亨,電腦及週邊設備業,0.6702702702702703,STOCK_SPECIFIC,-0.111701444,-0.19743179,0.011235955,,0.16693419,0.039834183,0.108,-0.0137440935,0.15063076,1.7617722,0.19027911,0.021254452,0.40737936,0.56345177,0.036995362,0.50246304,0.28543043,0.8658023,27.0,0.37651446,,,,,,,,,,,,,,,,,,,,,,,,
FAILED_SETUP,,,,,,,2026-08-14,5328.0,華容,電子零組件業,0.8702702702702704,SECTOR_WEAK,-0.19040664,-0.22278334,0.015060241,,0.32142857,1.1117336,0.032,0.07696288,0.7397908,2.3289738,1.6881164,0.32142857,0.08835047,0.9708122,-0.036114734,0.7619048,0.58144325,1.7906798,206.0,0.30608255,,,,,,,,,,,,,,,,,,,,,,,,
FAILED_SETUP,,,,,,,2026-08-14,5227.0,立凱-KY,電子零組件業,0.7716216216216216,SECTOR_WEAK,-0.11738484,-0.14413075,0.062407132,,0.2716418,0.4301001,0.1,0.033259574,0.29315418,1.6911315,1.198342,0.14066719,0.2487154,0.6890863,-0.033121344,0.8174603,0.5350141,0.76242405,39.0,0.8275523,,,,,,,,,,,,,,,,,,,,,,,,
FAILED_SETUP,,,,,,,2026-08-14,2305.0,全友,電腦及週邊設備業,0.6364864864864865,STOCK_SPECIFIC,-0.13641791,-0.14759536,1.4046434,,0.4531516,0.6084225,0.036,-0.20057319,0.39899585,1.676332,0.28722242,0.039182283,0.16629113,0.93401015,0.03990172,0.87929344,1.3923945,-0.32945174,146.0,1.1598337,,,,,,,,,,,,,,,,,,,,,,,,
FAILED_SETUP,,,,,,,2026-08-14,2332.0,友訊,電子工業,0.8621621621621622,SECTOR_WEAK,-0.13265486,-0.17477876,0.030973451,,0.17035398,0.47185576,0.06,0.06761641,0.3307164,1.9034921,0.46789318,0.06206831,0.38696253,0.70050764,-0.038757104,0.6530612,0.55251735,1.8645504,36.0,0.4711393,,,,,,,,,,,,,,,,,,,,,,,,
FAILED_SETUP,,,,,,,2026-08-14,2425.0,承啟,電腦及週邊設備業,0.6297297297297297,STOP_TOO_TIGHT,-0.017333332,-0.12962963,0.0,,0.28710464,0.07012177,0.076,-0.116134584,0.20022035,0.20844115,1.63309,0.028306894,0.3784179,0.6675127,0.0389185,0.98965794,0.40817064,0.032052368,60.0,0.8819457,,,,,,,,,,,,,,,,,,,,,,,,
FAILED_SETUP,,,,,,,2026-08-14,1590.0,亞德客-KY,電機機械,0.7837837837837839,SECTOR_WEAK,-0.15811767,-0.21180555,0.052083332,,0.10616438,-0.08571321,0.044,0.13880011,0.19403309,2.352511,0.46537143,0.07358345,0.0574315,0.48730963,-0.03424865,1.0694625,0.87940955,1.0014184,185.0,0.8548894,,,,,,,,,,,,,,,,,,,,,,,,
FAILED_SETUP,,,,,,,2026-08-14,2645.0,長榮航太,航運業,0.6972972972972973,SECTOR_WEAK,-0.12529114,-0.1443038,0.0,,0.29,0.21975546,0.02,-0.13006866,0.19747631,2.6445038,0.7129229,0.08932292,0.06508744,0.5393401,-0.01972353,0.9390519,3.2117279,1.5192456,47.0,0.75001615,,,,,,,,,,,,,,,,,,,,,,,,
FAILED_SETUP,,,,,,,2026-08-14,3702.0,大聯大,電子通路業,0.6986486486486486,SECTOR_WEAK,-0.118078604,-0.12145516,0.09366178,,0.13478261,-0.06040424,0.104,0.0012227636,0.21234696,1.82,0.58914334,0.06956522,0.13427849,0.8312183,-0.02457418,1.0479704,1.0639184,0.116666615,105.0,0.7029563,,,,,,,,,,,,,,,,,,,,,,,,
FAILED_SETUP,,,,,,,2026-08-14,4127.0,天良,生技醫療業,0.922972972972973,SECTOR_WEAK,-0.18161556,-0.4970519,0.13207547,,0.10444178,0.914715,0.028,0.013424683,0.6264095,2.9137027,0.3767704,0.06842737,0.048272632,0.9137056,-0.07485373,0.94736844,6.882615,1.9893243,65.0,0.24820128,,,,,,,,,,,,,,,,,,,,,,,,
FAILED_SETUP,,,,,,,2026-08-14,2542.0,興富發,建材營造,0.827027027027027,SECTOR_WEAK,-0.08532609,-0.09419415,0.065217406,,0.019480519,-0.050926585,0.0,0.092073455,0.14706612,5.2583737,0.22830671,0.019480519,0.0,0.4784264,-0.09867859,0.9085546,1.0638349,3.319138,60.0,0.09579923,,,,,,,,,,,,,,,,,,,,,,,,
FAILED_SETUP,,,,,,,2026-08-21,5871.0,中租-KY,其他,0.826086956521739,SECTOR_WEAK,-0.07026087,-0.08260869,0.02173913,,0.0057083536,0.04235091,0.0,0.031631324,0.10469866,3.0165331,0.08124513,0.0057083536,0.0,0.5388535,-0.035971463,0.92139536,1.3761206,2.1160026,53.0,0.18540107,,,,,,,,,,,,,,,,,,,,,,,,
FAILED_SETUP,,,,,,,2026-08-21,9939.0,宏全,其他,0.8202898550724639,SECTOR_WEAK,-0.083333336,-0.09259259,0.0074074073,,0.0858209,0.036549613,0.032,0.03495621,0.13065521,2.3863637,0.4402486,0.036687385,0.05990619,0.49936306,-0.036158513,0.7017544,0.8685164,1.5051221,43.0,-0.003864674,,,,,,,,,,,,,,,,,,,,,,,,
FAILED_SETUP,,,,,,,2026-08-21,9914.0,美利達,運動休閒,0.8057971014492752,SECTOR_WEAK,-0.17472781,-0.2433984,0.008036739,,0.30139467,0.2552183,0.096,0.12036573,0.2351665,2.750983,0.4804412,0.083946444,0.16485263,0.5592357,-0.0022466183,1.1892344,0.46105066,2.3646686,0.0,-0.18424374,,,,,,,,,,,,,,,,,,,,,,,,
FAILED_SETUP,,,,,,,2026-08-21,8271.0,宇瞻,電子工業,0.8057971014492752,SECTOR_WEAK,-0.1444181,-0.15086207,0.060344826,,0.13893296,-0.009408908,0.072,0.08188882,0.2854419,3.106424,0.5062958,0.07311828,0.059693824,0.91847134,-0.023722513,0.65637064,0.8664239,2.0644083,292.0,0.9242172,,,,,,,,,,,,,,,,,,,,,,,,
FAILED_SETUP,,,,,,,2026-08-21,6585.0,鼎基,其他,0.6869565217391305,SECTOR_WEAK,-0.1,-0.13419913,0.0043290043,,0.2592184,0.17993559,0.116,-0.052749448,0.15548582,2.7406778,0.28571945,0.028571945,0.3526898,0.66751593,-0.032181486,0.591133,0.2826439,-1.0350928,52.0,0.26199973,,,,,,,,,,,,,,,,,,,,,,,,
FAILED_SETUP,,,,,,,2026-08-21,6432.0,今展科,電子零組件業,0.6898550724637682,STOP_TOO_TIGHT,-0.014479638,-0.21568628,0.06334842,,0.29630497,0.12485627,0.108,-0.101301245,0.28616628,0.26117754,13.355048,0.19337626,0.31646824,0.92484075,0.02301698,0.65153944,0.17439327,-1.500448,95.0,0.65997887,,,,,,,,,,,,,,,,,,,,,,,,
FAILED_SETUP,,,,,,,2026-08-21,6414.0,樺漢,電腦及週邊設備業,0.6333333333333334,SECTOR_WEAK,-0.053043477,-0.09689441,0.019875776,,0.321519,0.09277554,0.06,-0.21112464,0.18442528,0.8455445,0.10088593,0.0053513404,0.1826123,0.7452229,-0.034826703,0.6704271,0.24277358,-0.31082603,75.0,0.61070716,,,,,,,,,,,,,,,,,,,,,,,,
FAILED_SETUP,,,,,,,2026-08-21,6409.0,旭隼,電子工業,0.6478260869565217,SECTOR_WEAK,-0.13969,-0.154,0.085,,0.33583453,0.42619,0.172,-0.032632492,0.15995409,2.3820462,0.35990915,0.05027571,0.26328665,0.45477706,-0.023023283,1.0565428,0.7204904,0.70345056,5.0,0.2688082,,,,,,,,,,,,,,,,,,,,,,,,
FAILED_SETUP,,,,,,,2026-08-21,4536.0,拓凱,運動休閒,0.627536231884058,STOCK_SPECIFIC,-0.056046512,-0.072674416,0.0029069767,,0.08899429,0.034639325,0.244,-0.008495179,0.10936504,3.374,0.27896744,0.015635151,0.25158733,0.3821656,0.011818764,0.84033614,0.68927735,3.4448564,23.0,0.030757666,,,,,,,,,,,,,,,,,,,,,,,,
FAILED_SETUP,,,,,,,2026-08-21,5328.0,華容,電子零組件業,0.7057971014492753,STOCK_SPECIFIC,-0.07783035,-0.15812096,0.099510595,,0.44625407,0.6165147,0.104,-0.053627852,0.5341818,1.2100365,5.7336764,0.44625407,0.21426104,0.9401274,0.022586491,0.72583824,0.18814413,0.41065827,211.0,0.3588172,,,,,,,,,,,,,,,,,,,,,,,,
FAILED_SETUP,,,,,,,2026-08-21,3665.0,貿聯-KY,電子工業,0.717391304347826,SECTOR_WEAK,-0.17971429,-0.2043956,0.18021978,,0.31175813,-0.036121383,0.06,0.019146347,0.16388777,2.958088,0.31614134,0.056815114,0.048917934,0.8433121,-0.023351656,0.76073617,1.0288783,1.4062499,24.0,0.68314695,,,,,,,,,,,,,,,,,,,,,,,,
FAILED_SETUP,,,,,,,2026-08-21,3303.0,岱稜,其他電子業,0.7144927536231884,SECTOR_WEAK,-0.1145,-0.12314815,0.0,,0.16759777,0.07130259,0.124,0.05426733,0.11240272,3.8643749,0.089638524,0.010263611,0.4259463,0.51847136,-0.041390542,0.68421054,0.40145823,0.18566827,66.0,0.0562349,,,,,,,,,,,,,,,,,,,,,,,,
FAILED_SETUP,,,,,,,2026-08-21,2542.0,興富發,建材營造,0.907246376811594,SECTOR_WEAK,-0.13780738,-0.14616662,0.0020491711,,0.0040983604,0.055785544,0.0,0.0852059,0.20320527,8.840376,0.17129071,0.023605125,0.0,0.6305733,-0.017084824,1.18429,1.4494729,6.125822,65.0,0.023610545,,,,,,,,,,,,,,,,,,,,,,,,
FAILED_SETUP,,,,,,,2026-08-21,2332.0,友訊,電子工業,0.7492753623188405,SECTOR_WEAK,-0.019753695,-0.08128079,0.04187192,,0.30940595,0.22197555,0.036,-0.099404834,0.17587705,0.32926685,0.18948568,0.0037430422,0.28722143,0.6267516,-0.02251936,0.66092944,0.27728564,0.06363636,41.0,0.58261395,,,,,,,,,,,,,,,,,,,,,,,,
FAILED_SETUP,,,,,,,2026-08-21,2061.0,風青,電器電纜,0.6869565217391304,STOP_TOO_TIGHT,-0.069163345,-0.08366534,0.4302789,,0.71257484,0.75703394,0.056,-0.09864588,0.5162826,0.86568123,10.302781,0.71257484,0.23091696,0.9808917,0.024306828,0.6926883,0.7221409,-1.0868804,74.0,0.9788822,,,,,,,,,,,,,,,,,,,,,,,,
FAILED_SETUP,,,,,,,2026-08-21,1907.0,永豐餘,造紙工業,0.9391304347826086,TOO_EXTENDED,-0.11471154,-0.116987176,0.016025642,,0.0032051282,0.23724174,0.0,0.074368946,0.22661881,4.2825637,0.26642218,0.030561697,0.0,0.60254776,0.0,1.0418006,1.1903968,4.5760603,43.0,-0.17346169,,,,,,,,,,,,,,,,,,,,,,,,
FAILED_SETUP,,,,,,,2026-08-21,1723.0,中碳,化學工業,0.8,SECTOR_WEAK,-0.103543304,-0.105736785,0.012373453,,0.04869762,0.033274706,0.016,-0.02105316,0.12695517,4.0781646,0.12585387,0.013031325,0.031244162,0.60382164,-0.012628032,1.0843806,2.7097554,1.7686185,47.0,0.2074603,,,,,,,,,,,,,,,,,,,,,,,,
FAILED_SETUP,,,,,,,2026-08-21,1590.0,亞德客-KY,電機機械,0.7260869565217392,SECTOR_WEAK,-0.11421052,-0.20350876,0.056140352,,0.12543555,-0.029034628,0.08,-0.0024869982,0.15723385,2.0527027,0.09075754,0.010365467,0.10178646,0.56433123,-0.026446799,0.67655784,0.85171497,0.8606489,190.0,0.820748,,,,,,,,,,,,,,,,,,,,,,,,
FAILED_SETUP,,,,,,,2026-08-21,1227.0,佳格,食品工業,0.6246376811594203,SECTOR_WEAK,-0.041989796,-0.05612245,0.0,,0.10959478,0.011075669,0.14,-0.0043822504,0.041297555,3.2919998,0.3660076,0.015368585,0.14218101,0.32356688,-0.024719775,0.84705883,0.64901036,2.8365207,0.0,0.07228408,,,,,,,,,,,,,,,,,,,,,,,,
FAILED_SETUP,,,,,,,2026-08-21,4127.0,天良,生技醫療業,0.9536231884057972,STOCK_SPECIFIC,-0.23987952,-0.5328587,0.0032858707,,0.084745765,0.3150197,0.024,0.083257206,0.6634394,3.9819999,0.023552313,0.0056497175,0.033153336,0.96178347,0.0024644586,1.0122757,0.16612145,2.4839394,70.0,0.2625299,,,,,,,,,,,,,,,,,,,,,,,,
FAILED_SETUP,,,,,,,2026-08-28,5289.0,宜鼎,電腦及週邊設備業,0.6425531914893617,STOCK_SPECIFIC,-0.14869934,-0.15068494,0.01369863,,0.33548358,-0.19116591,0.08,0.06491783,0.16230382,2.7275157,0.7260069,0.10795675,0.10785467,0.8652576,0.03149054,0.74572015,0.7539433,-0.5622873,22.0,1.3935273,,,,,,,,,,,,,,,,,,,,,,,,
FAILED_SETUP,,,,,,,2026-08-28,5471.0,松翰,半導體業,0.9138297872340424,STOCK_SPECIFIC,-0.17929967,-0.18729642,0.026058631,,0.10615135,0.114853434,0.044,0.023211004,0.2836281,4.506608,0.38668782,0.069333,0.16581124,0.65125495,0.10269483,1.1474104,1.4048566,1.9087476,141.0,1.1321487,,,,,,,,,,,,,,,,,,,,,,,,
FAILED_SETUP,,,,,,,2026-08-28,5871.0,中租-KY,其他,0.7893617021276595,SECTOR_WEAK,-0.05380531,-0.06637168,0.03539823,,0.03982301,0.08776941,0.048,-0.054044016,0.074981384,1.9128089,0.029354189,0.0015794112,0.055127095,0.45706737,-0.006986339,1.1826087,0.9403087,0.6968041,58.0,0.1870536,,,,,,,,,,,,,,,,,,,,,,,,
FAILED_SETUP,,,,,,,2026-08-28,5904.0,寶雅,貿易百貨,0.8914893617021276,SECTOR_WEAK,-0.023342319,-0.08086254,0.010781671,,0.24393532,0.29467827,0.048,0.010357603,0.33851922,0.44820702,10.450347,0.24393532,0.43700075,0.7305152,-0.054285318,0.47097966,,1.7452719,15.0,-0.19295636,,,,,,,,,,,,,,,,,,,,,,,,
FAILED_SETUP,,,,,,,2026-08-28,6409.0,旭隼,電子工業,0.696808510638298,STOCK_SPECIFIC,-0.11861165,-0.17864078,0.033980582,,0.2904421,0.45628333,0.136,-0.09272119,0.19823222,2.3175879,0.12297887,0.014586727,0.18778662,0.4993395,0.09451796,0.7940631,0.91998947,0.9287048,10.0,0.20933715,,,,,,,,,,,,,,,,,,,,,,,,
FAILED_SETUP,,,,,,,2026-08-28,8271.0,宇瞻,電子工業,0.6968085106382979,STOCK_SPECIFIC,-0.083173916,-0.14347826,0.019565217,,0.13893296,-0.06422555,0.084,-0.1266864,0.26008564,2.1773984,0.8791011,0.07311828,0.068907216,0.8745046,0.09480402,0.92086333,0.7287592,2.623845,297.0,0.9475794,,,,,,,,,,,,,,,,,,,,,,,,
FAILED_SETUP,,,,,,,2026-08-28,6585.0,鼎基,其他,0.672340425531915,SECTOR_WEAK,-0.057973567,-0.11894273,0.008810572,,0.2812135,0.17215145,0.104,-0.0592392,0.12464498,2.3620512,0.06038975,0.0035010092,0.30255163,0.6050198,-0.0064334963,0.6233766,0.32139623,-2.845346,57.0,0.39423564,,,,,,,,,,,,,,,,,,,,,,,,
FAILED_SETUP,,,,,,,2026-08-28,7750.0,新代,電機機械,0.6595744680851063,STOCK_SPECIFIC,-0.086321585,-0.18281938,0.09030837,,0.3347826,-0.0708593,0.112,-0.016323986,0.23240961,1.3001422,0.5036777,0.04347826,0.22897574,0.84280056,0.072061844,1.0458716,1.0485604,0.7580569,172.0,1.0602691,,,,,,,,,,,,,,,,,,,,,,,,
FAILED_SETUP,,,,,,,2026-08-28,7777.0,能率亞洲,其他,0.6914893617021276,SECTOR_WEAK,-0.12457723,-0.12823674,0.022194821,,0.27375218,-0.029350892,0.148,0.046335798,0.2079336,2.5584624,0.49505007,0.06167197,0.3855852,0.678996,-0.011713036,1.1668884,0.9054899,0.5547079,52.0,1.2587316,,,,,,,,,,,,,,,,,,,,,,,,
FAILED_SETUP,,,,,,,2026-08-28,9939.0,宏全,其他,0.7457446808510638,SECTOR_WEAK,-0.040229008,-0.0648855,0.015267176,,0.10227273,0.084695674,0.084,-0.035415206,0.10740944,1.4466667,0.19362329,0.007789273,0.097610645,0.41611624,-0.007818063,0.68292683,0.51779544,1.059319,48.0,-0.0030779354,,,,,,,,,,,,,,,,,,,,,,,,
FAILED_SETUP,,,,,,,2026-08-28,4976.0,佳凌,電子工業,0.6574468085106383,STOCK_SPECIFIC,-0.11381074,-0.11636829,0.0741688,,0.5121328,0.19997656,0.064,-0.11963462,0.19374314,1.9228395,0.41519937,0.04725415,0.22667503,0.5719947,0.094749205,1.1148272,0.75982046,1.0860082,25.0,0.8386979,,,,,,,,,,,,,,,,,,,,,,,,
FAILED_SETUP,,,,,,,2026-08-28,6525.0,捷敏-KY,半導體業,0.7468085106382979,STOCK_SPECIFIC,-0.16522647,-0.17073171,0.027874565,,0.5294118,0.18379556,0.056,-0.0027262587,0.29701194,2.9637501,3.2041583,0.5294118,0.20777692,0.8599736,0.103039734,0.83040935,1.1018951,-0.44583336,119.0,0.6732002,,,,,,,,,,,,,,,,,,,,,,,,
FAILED_SETUP,,,,,,,2026-08-28,4916.0,事欣科,電腦及週邊設備業,0.6978723404255318,STOCK_SPECIFIC,-0.07959406,-0.08613861,0.06435644,,0.23702781,-0.115435004,0.104,-0.028774805,0.24528368,1.9271575,2.0027926,0.15941039,0.12685682,0.8018494,0.033238903,0.74369746,0.48037893,-0.45264903,77.0,1.3651838,,,,,,,,,,,,,,,,,,,,,,,,
FAILED_SETUP,,,,,,,2026-08-28,9914.0,美利達,運動休閒,0.6797872340425533,SECTOR_WEAK,-0.13500352,-0.20697954,0.0012033695,,0.3749994,0.24750286,0.192,0.08331887,0.16567478,2.1253464,0.15626715,0.021096617,0.27818218,0.48480844,-0.035642583,0.6094905,0.26072833,1.283744,5.0,-0.058042467,,,,,,,,,,,,,,,,,,,,,,,,
FAILED_SETUP,,,,,,,2026-08-28,4127.0,天良,生技醫療業,0.8797872340425531,STOCK_SPECIFIC,-0.07658629,-0.45875636,0.0,,0.21827412,0.102627136,0.036,-0.04094354,0.43259618,1.1767409,1.6901407,0.12944162,0.1354367,0.9220608,0.03421095,0.87766993,0.32610574,0.5202878,75.0,0.31800255,,,,,,,,,,,,,,,,,,,,,,,,
FAILED_SETUP,,,,,,,2026-08-28,4541.0,晟田,其他,0.8638297872340426,SECTOR_WEAK,-0.11580153,-0.13357268,0.04427481,,0.24580152,0.4389818,0.068,0.027326064,0.29947928,1.7351307,0.26367834,0.030534353,0.25858283,0.72391015,-0.010142661,0.88781667,0.8181761,1.1177347,51.0,0.52492326,,,,,,,,,,,,,,,,,,,,,,,,
FAILED_SETUP,,,,,,,2026-08-28,1723.0,中碳,化學工業,0.6829787234042554,STOCK_SPECIFIC,-0.075161666,-0.081986144,0.032332562,,0.07300116,0.035619043,0.08,-0.09698467,0.092532314,2.9113739,0.1541581,0.011586779,0.16746497,0.5336856,0.08400201,0.7832168,0.6963041,0.67306143,52.0,0.2587494,,,,,,,,,,,,,,,,,,,,,,,,
FAILED_SETUP,,,,,,,2026-08-28,1810.0,和成,玻璃陶瓷,0.8021276595744681,STOP_TOO_TIGHT,-0.06148,-0.064,0.008,,0.35247526,0.26239368,0.048,-0.039647207,0.2205775,0.92950326,0.06612892,0.004065606,0.21425317,0.6235139,0.0,0.8596187,0.7999866,0.59559023,58.0,0.395537,,,,,,,,,,,,,,,,,,,,,,,,
FAILED_SETUP,,,,,,,2026-08-28,1907.0,永豐餘,造紙工業,0.8638297872340426,STOCK_SPECIFIC,-0.06463211,-0.07859532,0.028428094,,0.06020067,0.23750389,0.048,-0.045223374,0.16652195,2.3942478,0.25346923,0.016382251,0.053488463,0.5085865,0.0,0.83489096,0.7492975,2.4159198,48.0,-0.13556103,,,,,,,,,,,,,,,,,,,,,,,,
FAILED_SETUP,,,,,,,2026-08-28,2332.0,友訊,電子工業,0.672340425531915,STOP_TOO_TIGHT,-0.02234414,-0.06982543,0.054862842,,0.29656863,0.16201575,0.052,-0.21000496,0.17613146,0.5248535,7.9038663,0.17660509,0.3637952,0.5284016,0.09552168,0.5778781,0.35728443,-0.013668061,46.0,0.6305085,,,,,,,,,,,,,,,,,,,,,,,,
FAILED_SETUP,,,,,,,2026-08-28,1590.0,亞德客-KY,電機機械,0.6468085106382979,STOCK_SPECIFIC,-0.06718411,-0.18050541,0.057761732,,0.14134276,-0.0038808836,0.124,-0.08053691,0.12635249,1.4159783,0.36684638,0.02464625,0.13668586,0.6340819,0.07397816,0.7260726,0.74297595,0.5797874,195.0,0.7545501,,,,,,,,,,,,,,,,,,,,,,,,
FAILED_SETUP,,,,,,,2026-08-28,2383.0,台光電,電子零組件業,0.7851063829787234,STOCK_SPECIFIC,-0.093525946,-0.1254717,0.08207547,,0.17314953,0.039997987,0.06,-0.098162316,0.35907176,1.4239111,0.23251462,0.02174615,0.043963484,0.9352708,0.18596956,1.0716035,0.8554133,0.6931547,330.0,1.573616,,,,,,,,,,,,,,,,,,,,,,,,
FAILED_SETUP,,,,,,,2026-08-28,2542.0,興富發,建材營造,0.8851063829787235,SECTOR_WEAK,-0.08282516,-0.11157635,0.042643927,,0.042553212,0.08172642,0.032,0.05834373,0.1510204,4.3857255,0.025688548,0.002127658,0.037410874,0.55878466,-0.0646452,1.0967743,0.67456853,2.7294347,70.0,-0.01199035,,,,,,,,,,,,,,,,,,,,,,,,
FAILED_SETUP,,,,,,,2026-08-28,3213.0,茂訊,電腦及週邊設備業,0.7117021276595745,STOCK_SPECIFIC,-0.048976377,-0.05905512,0.05905512,,0.1484375,0.07491094,0.1,-0.06776265,0.1527111,1.9790908,0.026257714,0.0012860077,0.16673303,0.59313077,0.033929784,0.5185185,0.43941352,0.038681574,63.0,0.40785602,,,,,,,,,,,,,,,,,,,,,,,,
FAILED_SETUP,,,,,,,2026-08-28,3665.0,貿聯-KY,電子工業,0.6851063829787234,STOCK_SPECIFIC,-0.14318386,-0.18834081,0.20403588,,0.3204645,0.05556567,0.06,-0.09277714,0.14277266,2.5617192,0.4457861,0.06382937,0.052732516,0.5508587,0.09448435,1.0103092,1.1937022,1.4774282,29.0,0.9210865,,,,,,,,,,,,,,,,,,,,,,,,
FAILED_SETUP,,,,,,,2026-08-28,3717.0,聯嘉投控,汽車工業,0.7308510638297873,SECTOR_WEAK,-0.061206896,-0.09913793,0.24353448,,0.3443276,0.0010333433,0.044,0.04994722,0.09528561,1.9490196,0.31202063,0.019097814,0.21368316,0.57727873,-0.07239429,0.6956522,0.96888775,0.16243678,21.0,0.95839626,,,,,,,,,,,,,,,,,,,,,,,,
FAILED_SETUP,,,,,,,2026-08-28,2356.0,英業達,電腦及週邊設備業,0.6255319148936169,STOCK_SPECIFIC,-0.088037096,-0.09891808,0.057187017,,0.32231447,-0.07846167,0.12,-0.05800522,0.21089567,2.0712726,0.9826166,0.08650671,0.21302855,0.7675033,0.033683766,0.66306305,0.42821056,0.13014698,96.0,0.9472428,,,,,,,,,,,,,,,,,,,,,,,,
FAILED_SETUP,,,,,,,2026-09-04,6121.0,新普,電腦及週邊設備業,0.6426751592356688,SECTOR_WEAK,-0.05648477,-0.060913704,0.0,,0.19204079,-0.06281964,0.136,0.0455941,0.0818158,2.0633774,1.1704459,0.06611237,0.24821861,0.4229249,-0.033826903,0.6159292,0.35426039,0.11811306,25.0,0.8731667,,,,,,,,,,,,,,,,,,,,,,,,
FAILED_SETUP,,,,,,,2026-09-04,4541.0,晟田,其他,0.7044585987261146,SECTOR_WEAK,-0.029285705,-0.07871769,0.03787953,,0.33333334,0.29121044,0.08,-0.091548905,0.20026463,0.501111,3.515066,0.102941185,0.25744984,0.7602108,-0.03234724,0.73290324,0.4274969,-0.27216724,56.0,0.65500516,,,,,,,,,,,,,,,,,,,,,,,,
FAILED_SETUP,,,,,,,2026-09-04,4707.0,磐亞,化學工業,0.7490445859872612,SECTOR_WEAK,-0.10338023,-0.18181819,0.032467533,,0.44802934,0.50442845,0.08,-0.042072833,0.5367346,1.6705999,4.333801,0.44802934,0.24482037,0.97364956,-0.03631132,0.92750835,0.63570243,0.029118946,151.0,0.26347762,,,,,,,,,,,,,,,,,,,,,,,,
FAILED_SETUP,,,,,,,2026-09-04,4931.0,新盛力,電腦及週邊設備業,0.8159235668789808,SECTOR_WEAK,-0.10335953,-0.1237721,0.037328094,,0.14741036,0.012869479,0.108,0.1423333,0.30617887,1.4849597,0.92509645,0.09561753,0.14292489,0.8274045,-0.035555918,1.0238096,0.48876426,0.82159925,25.0,2.2438257,,,,,,,,,,,,,,,,,,,,,,,,
FAILED_SETUP,,,,,,,2026-09-04,4976.0,佳凌,電子工業,0.6656050955414013,STOCK_SPECIFIC,-0.103492886,-0.106080204,0.0012936611,,0.5456919,0.10036118,0.096,-0.007840374,0.15894374,1.7500001,0.6811684,0.07049608,0.29318988,0.5836627,0.01181613,1.0554323,0.6490615,0.5516146,30.0,0.41053873,,,,,,,,,,,,,,,,,,,,,,,,
FAILED_SETUP,,,,,,,2026-09-04,5471.0,松翰,半導體業,0.90828025477707,STOCK_SPECIFIC,-0.13354944,-0.19124797,0.006482982,,0.11701372,0.16981171,0.064,0.042051952,0.24735218,3.6622221,0.59778476,0.07983381,0.19754142,0.7220026,0.020335585,0.7488987,0.4301809,1.3715008,146.0,1.080708,,,,,,,,,,,,,,,,,,,,,,,,
FAILED_SETUP,,,,,,,2026-09-04,5534.0,長虹,建材營造,0.7076433121019108,SECTOR_WEAK,-0.0701072,-0.07642487,0.015544041,,0.07017134,0.022775143,0.108,0.035035037,0.0444428,4.0462503,0.14608699,0.01024175,0.19415379,0.32279316,-0.044720598,0.86407304,0.45040616,1.3442678,0.0,0.08572251,,,,,,,,,,,,,,,,,,,,,,,,
FAILED_SETUP,,,,,,,2026-09-04,5871.0,中租-KY,其他,0.6694267515923567,SECTOR_WEAK,-0.0496,-0.062222224,0.022222223,,0.05381166,-0.01943913,0.132,0.008320244,0.05532809,1.8824096,0.08331849,0.004132597,0.15305497,0.4334651,-0.037960432,1.0,0.6899411,0.15610206,63.0,0.20776568,,,,,,,,,,,,,,,,,,,,,,,,
FAILED_SETUP,,,,,,,2026-09-04,5904.0,寶雅,貿易百貨,0.8668789808917199,SECTOR_WEAK,-0.03883495,-0.05409154,0.024965325,,0.28016645,0.2571876,0.052,0.010785117,0.27500147,1.1914895,0.611073,0.023730991,0.460249,0.71805006,-0.061972193,0.5264331,0.43253878,1.3398327,20.0,-0.27155134,,,,,,,,,,,,,,,,,,,,,,,,
FAILED_SETUP,,,,,,,2026-09-04,6206.0,飛捷,電子工業,0.7140127388535034,STOCK_SPECIFIC,-0.048892856,-0.05357143,0.035714287,,0.14801444,-0.007000734,0.068,-0.10325517,0.20288706,1.5091339,0.1234704,0.006036821,0.15391853,0.6587615,0.012484756,0.57564574,0.42963073,1.5906416,82.0,0.517446,,,,,,,,,,,,,,,,,,,,,,,,
FAILED_SETUP,,,,,,,2026-09-04,6922.0,宸曜,電腦及週邊設備業,0.9203821656050956,SECTOR_WEAK,-0.123606555,-0.1498829,0.077283375,,0.104837544,0.12331805,0.02,0.10613531,0.19859298,2.648459,0.14896156,0.018412625,0.11048821,0.65480894,-0.034722056,0.6698565,0.4429853,2.1966243,26.0,0.6900143,,,,,,,,,,,,,,,,,,,,,,,,
FAILED_SETUP,,,,,,,2026-09-04,6277.0,宏正,電腦及週邊設備業,0.8496815286624205,SECTOR_WEAK,-0.045708954,-0.05845771,0.0,,0.10336239,0.040707856,0.04,-0.0058830865,0.15957053,1.5638298,0.32372195,0.014796992,0.1199228,0.63372856,-0.032803994,0.60714287,0.41798612,2.023272,112.0,0.05173404,,,,,,,,,,,,,,,,,,,,,,,,
FAILED_SETUP,,,,,,,2026-09-04,6446.0,藥華藥,生技醫療業,0.9197452229299362,SECTOR_WEAK,-0.10410646,-0.1444867,0.102661595,,0.2557252,0.50300914,0.036,0.06167777,0.48731607,1.5645714,0.7622611,0.079356305,0.102254905,0.92753625,-0.057802122,1.0788804,0.79211366,0.85955995,163.0,0.48439246,,,,,,,,,,,,,,,,,,,,,,,,
FAILED_SETUP,,,,,,,2026-09-04,6525.0,捷敏-KY,半導體業,0.6261146496815286,STOCK_SPECIFIC,-0.077178575,-0.15,0.05357143,,0.60144925,0.10423143,0.1,-0.05567195,0.21541032,1.4270754,1.8778208,0.14492753,0.25312406,0.8194993,0.021546165,0.8,0.39948213,-1.5617924,124.0,0.9359672,,,,,,,,,,,,,,,,,,,,,,,,
FAILED_SETUP,,,,,,,2026-09-04,6913.0,鴻呈,電子零組件業,0.8140127388535033,STOCK_SPECIFIC,-0.055,-0.14335664,0.0,,0.119205296,0.11146599,0.032,-0.07448314,0.19974458,1.019537,0.9068332,0.049875826,0.091215156,0.7061924,0.05615375,1.3377926,0.9974309,2.4165123,25.0,0.9198033,,,,,,,,,,,,,,,,,,,,,,,,
FAILED_SETUP,,,,,,,2026-09-04,3661.0,世芯-KY,電子工業,0.7063694267515924,STOCK_SPECIFIC,-0.15649277,-0.21916167,0.0011976048,,0.32613453,-0.03903609,0.092,0.080981426,0.122865446,3.191199,0.26351964,0.04123892,0.13428561,0.59683794,0.0112507185,0.923549,0.7184843,1.7312447,9.0,1.7724826,,,,,,,,,,,,,,,,,,,,,,,,
FAILED_SETUP,,,,,,,2026-09-04,8112.0,至上,電子通路業,0.7445859872611464,SECTOR_WEAK,-0.043577682,-0.10393873,0.0065645515,,0.12154696,0.0041899704,0.108,0.0359246,0.106565334,1.5707606,0.44397464,0.019347385,0.08956745,0.34387353,-0.096176006,0.6278317,0.3394031,0.6515503,26.0,0.72249603,,,,,,,,,,,,,,,,,,,,,,,,
FAILED_SETUP,,,,,,,2026-09-04,9921.0,巨大,運動休閒,0.7770700636942676,SECTOR_WEAK,-0.06464676,-0.13838384,0.007070707,,0.12755641,0.37654597,0.24,0.090098314,0.2520214,1.5733002,0.6669145,0.04311386,0.23147397,0.6666667,-0.0532787,0.54722196,0.31333897,2.9691617,11.0,-0.14906375,,,,,,,,,,,,,,,,,,,,,,,,
FAILED_SETUP,,,,,,,2026-09-04,9939.0,宏全,其他,0.6605095541401275,SECTOR_WEAK,-0.043622643,-0.0754717,0.0,,0.10646388,0.04961817,0.1,-0.11012549,0.09736639,2.2477777,0.2664023,0.011621172,0.105158694,0.39789197,-0.032415874,0.5846154,0.30568406,0.9630541,53.0,0.0870555,,,,,,,,,,,,,,,,,,,,,,,,
FAILED_SETUP,,,,,,,2026-09-04,9941.0,裕融,其他,0.6649681528662421,SECTOR_WEAK,-0.0648113,-0.0794621,0.0073349634,,0.17946741,0.032366168,0.18,0.021843653,0.100408606,3.461747,0.29549554,0.019151451,0.20184493,0.40974966,-0.038505614,1.3111471,0.33110598,2.4586678,3.0,0.09775025,,,,,,,,,,,,,,,,,,,,,,,,
FAILED_SETUP,,,,,,,2026-09-04,6265.0,方土昶,電子通路業,0.6414012738853503,SECTOR_WEAK,-0.0496,-0.14909092,0.02,,0.26752767,-0.088947944,0.136,0.021425731,0.13978088,0.8357111,0.7067611,0.03505535,0.18090127,0.6166008,-0.09566235,0.62643677,0.39270824,0.19478482,25.0,1.2198915,,,,,,,,,,,,,,,,,,,,,,,,
FAILED_SETUP,,,,,,,2026-09-04,3312.0,弘憶股,電子工業,0.6337579617834395,STOCK_SPECIFIC,-0.08644068,-0.09824047,0.08713193,,0.38636366,-0.24265017,0.056,0.03587853,0.1343211,2.4573615,0.09614137,0.008310526,0.1431251,0.77602106,0.011545505,1.330337,0.56868845,-0.2244105,24.0,1.2043705,,,,,,,,,,,,,,,,,,,,,,,,
FAILED_SETUP,,,,,,,2026-09-04,7750.0,新代,電機機械,0.802547770700637,SECTOR_WEAK,-0.130433,-0.23505154,0.020618556,,0.27122152,0.03460622,0.072,-0.0046705436,0.26127243,1.9946846,0.47619703,0.062111802,0.1455767,0.8682477,-0.011424737,0.89411765,0.8212324,1.3984234,177.0,1.1204112,,,,,,,,,,,,,,,,,,,,,,,,
FAILED_SETUP,,,,,,,2026-09-04,3046.0,建碁,電腦及週邊設備業,0.6375796178343949,SECTOR_WEAK,-0.019,-0.056363635,0.0072727273,,0.13718411,-0.060123052,0.112,-0.044193428,0.091784656,0.7426396,1.6427783,0.031212786,0.2913911,0.5046113,-0.03131023,0.74157304,0.39021945,0.23570219,87.0,0.46065685,,,,,,,,,,,,,,,,,,,,,,,,
FAILED_SETUP,,,,,,,2026-09-04,3213.0,茂訊,電腦及週邊設備業,0.6681528662420382,SECTOR_WEAK,-0.04822394,-0.077220075,0.0,,0.13953489,-0.046518903,0.092,-0.076100305,0.15148798,2.1324391,0.5390703,0.025996095,0.12536865,0.61528325,-0.03142072,0.984127,2.8661065,0.31591225,68.0,0.6026512,,,,,,,,,,,,,,,,,,,,,,,,
FAILED_SETUP,,,,,,,2026-09-04,1216.0,統一,食品工業,0.648407643312102,SECTOR_WEAK,-0.0307874,-0.047244094,0.0065616798,,0.03968254,0.03138482,0.18,-0.008986698,0.05598235,1.8145857,0.53051263,0.016333105,0.16633198,0.36890647,-0.044910274,0.86178863,0.54913837,0.6239477,38.0,-0.18524282,,,,,,,,,,,,,,,,,,,,,,,,
FAILED_SETUP,,,,,,,2026-09-04,1515.0,力山,電機機械,0.6426751592356688,SECTOR_WEAK,-0.056231882,-0.077294685,0.017713366,,0.4642857,0.16312604,0.108,-0.02923671,0.12302418,0.8148,0.14362058,0.008076056,0.3104007,0.54677206,-0.010181363,0.58849555,0.42613205,-1.0741111,45.0,1.3653153,,,,,,,,,,,,,,,,,,,,,,,,
FAILED_SETUP,,,,,,,2026-09-04,1714.0,和桐,化學生技醫療,0.7605095541401274,STOCK_SPECIFIC,-0.06741425,-0.12537314,0.104477614,,0.48536596,0.41701707,0.08,-0.003244691,0.33486181,1.5624827,0.6337961,0.042726886,0.22201048,0.8577075,0.019295348,1.2760363,0.45087174,-0.06393687,170.0,1.0071591,,,,,,,,,,,,,,,,,,,,,,,,
FAILED_SETUP,,,,,,,2026-09-04,1723.0,中碳,化學工業,0.7210191082802548,SECTOR_WEAK,-0.05489535,-0.075581394,0.0,,0.076744184,-0.0014879191,0.104,0.0016779674,0.08121518,2.3109791,0.27535245,0.015115569,0.17872402,0.41633728,-0.040102992,0.9532294,1.5770841,0.448673,57.0,0.28426552,,,,,,,,,,,,,,,,,,,,,,,,
FAILED_SETUP,,,,,,,2026-09-04,1810.0,和成,玻璃陶瓷,0.6369426751592357,STOP_TOO_TIGHT,-0.036372952,-0.040983606,0.008196721,,0.4082474,0.049025793,0.104,-0.06680361,0.16336578,0.79647434,1.250115,0.04547037,0.21125335,0.6403162,0.0,0.44277674,0.31976607,-0.24978632,63.0,0.7174802,,,,,,,,,,,,,,,,,,,,,,,,
FAILED_SETUP,,,,,,,2026-09-04,1907.0,永豐餘,造紙工業,0.7802547770700639,STOCK_SPECIFIC,-0.07392384,-0.08774834,0.0,,0.06197655,0.15091223,0.068,-0.08499088,0.15675351,3.29,0.24464005,0.018084733,0.06726303,0.5612648,0.0,0.7919463,0.7580869,2.1819046,53.0,-0.089524575,,,,,,,,,,,,,,,,,,,,,,,,
FAILED_SETUP,,,,,,,2026-09-04,2027.0,大成鋼,鋼鐵工業,0.9592356687898088,SECTOR_WEAK,-0.1,-0.11166008,0.0,,0.04183267,0.15347847,0.012,0.10691208,0.2615577,3.489655,10.0,1.0,0.00737029,0.6772069,-0.08223482,0.76502734,0.9400261,4.347606,77.0,0.17780358,,,,,,,,,,,,,,,,,,,,,,,,
FAILED_SETUP,,,,,,,2026-09-04,2049.0,上銀,電機機械,0.6770700636942675,SECTOR_WEAK,-0.11273585,-0.15498652,0.028301887,,0.16674064,0.024666574,0.092,-0.10677334,0.19075517,2.1567218,0.049855035,0.00562045,0.16335307,0.74044794,-0.007818129,0.9119421,0.7751964,1.2460872,145.0,1.4903488,,,,,,,,,,,,,,,,,,,,,,,,
FAILED_SETUP,,,,,,,2026-09-04,2061.0,風青,電器電纜,0.6898089171974522,SECTOR_WEAK,-0.1298324,-0.1433892,0.33705774,,0.5888889,0.31364214,0.056,-0.091248445,0.5304676,2.3323298,1.6117646,0.20925926,0.21116039,0.9802371,-0.00047343172,1.0243562,0.9673452,-0.9274791,84.0,0.59158105,,,,,,,,,,,,,,,,,,,,,,,,
FAILED_SETUP,,,,,,,2026-09-04,1708.0,東鹼,化學生技醫療,0.767515923566879,STOCK_SPECIFIC,-0.078110464,-0.08139535,0.12015504,,0.25390625,0.009612821,0.068,-0.023068506,0.18109225,2.6367757,0.40007442,0.03125,0.13729924,0.6205534,0.02074895,1.0305085,0.7378394,-0.28403425,147.0,0.60986876,,,,,,,,,,,,,,,,,,,,,,,,
FAILED_SETUP,,,,,,,2026-09-04,2108.0,南帝,橡膠工業,0.7414012738853503,SECTOR_WEAK,-0.06123539,-0.0884808,0.003338898,,0.1010101,-0.105579264,0.072,0.034605924,0.097205564,1.834,0.1374615,0.008417509,0.13811979,0.4624506,-0.052338686,0.99270076,0.48402947,0.78833336,137.0,0.64096487,,,,,,,,,,,,,,,,,,,,,,,,
FAILED_SETUP,,,,,,,2026-09-04,2103.0,台橡,橡膠工業,0.964968152866242,TOO_EXTENDED,-0.06741652,-0.11599297,0.019332161,,0.042477876,0.27674738,0.02,0.07434833,0.34085542,2.1654837,0.3675473,0.024778761,0.04559012,0.5823452,0.0030757037,0.8240741,0.36525577,4.4938884,126.0,0.35580003,,,,,,,,,,,,,,,,,,,,,,,,
FAILED_SETUP,,,,,,,2026-09-04,3003.0,健和興,電子零組件業,0.7280254777070063,STOP_TOO_TIGHT,-0.04046154,-0.14615385,0.0,,0.129771,0.025458628,0.084,-0.060673673,0.14576001,0.9664042,0.029805496,0.0012059762,0.23133603,0.5876153,0.056097705,0.80124223,0.26816902,0.606361,26.0,0.91739345,,,,,,,,,,,,,,,,,,,,,,,,
FAILED_SETUP,,,,,,,2026-09-04,3022.0,威強電,電腦及週邊設備業,0.8535031847133758,SECTOR_WEAK,-0.11104124,-0.15360825,0.016494846,,0.17074673,0.24476796,0.016,-0.05448634,0.3012774,3.0963862,1.4151554,0.15714061,0.09662474,0.7905138,-0.031981476,0.89806604,1.5980878,2.4518533,86.0,0.4875413,,,,,,,,,,,,,,,,,,,,,,,,
FAILED_SETUP,,,,,,,2026-09-04,2542.0,興富發,建材營造,0.9273885350318471,SECTOR_WEAK,-0.10583934,-0.14176996,0.0072090453,,0.0092688,0.09316864,0.004,0.09098369,0.18022187,5.9453716,0.087574236,0.0092688,0.005820581,0.5915679,-0.047622856,0.95906425,0.83203715,4.1460056,75.0,0.058931656,,,,,,,,,,,,,,,,,,,,,,,,
FAILED_SETUP,,,,,,,2026-09-04,2850.0,新產,金融保險,0.7254777070063694,STOCK_SPECIFIC,-0.031521738,-0.03726708,0.0124223605,,0.062893085,0.1088829,0.084,-0.1311263,0.20543699,1.4649484,1.3966601,0.044025157,0.0678959,0.6495389,0.054010455,0.7647059,0.6220301,1.9459611,265.0,0.36655822,,,,,,,,,,,,,,,,,,,,,,,,
FAILED_SETUP,,,,,,,2026-09-04,2383.0,台光電,電子零組件業,0.7649681528662421,STOCK_SPECIFIC,-0.07132162,-0.16486487,0.027027028,,0.18939814,0.078149155,0.084,-0.07063245,0.29922602,1.2408746,0.50332224,0.035897758,0.056339033,0.8945981,0.056172132,0.75306857,0.80237883,0.36999404,335.0,1.9374921,,,,,,,,,,,,,,,,,,,,,,,,
FAILED_SETUP,,,,,,,2026-09-04,2364.0,倫飛,電腦及週邊設備業,0.7025477707006369,SECTOR_WEAK,-0.06101168,-0.086053416,0.023738872,,0.17967977,-0.031512685,0.116,0.034857042,0.123362064,1.3919606,0.10870529,0.006632292,0.36565354,0.47826087,-0.030178105,0.6747255,0.36282384,1.2242934,26.0,0.9151788,,,,,,,,,,,,,,,,,,,,,,,,
FAILED_SETUP,,,,,,,2026-09-04,2356.0,英業達,電腦及週邊設備業,0.7738853503184713,SECTOR_WEAK,-0.08112903,-0.14516129,0.0,,0.2713809,-0.12145662,0.024,0.035537813,0.24129912,2.435912,0.5504328,0.04465608,0.12486718,0.7931489,-0.03342628,1.0329671,1.099737,1.426066,101.0,0.40817598,,,,,,,,,,,,,,,,,,,,,,,,
FAILED_SETUP,,,,,,,2026-09-04,2344.0,華邦電,電子工業,0.7178343949044586,STOCK_SPECIFIC,-0.09751381,-0.12430939,0.06077348,,0.34195402,0.039921656,0.116,-0.00015530107,0.2556324,1.6866895,1.1197942,0.109195404,0.10812502,0.7812912,0.011799517,1.0,0.6199273,-0.17360638,26.0,1.654018,,,,,,,,,,,,,,,,,,,,,,,,
FAILED_SETUP,,,,,,,2026-09-04,2388.0,威盛,電子工業,0.873248407643312,STOCK_SPECIFIC,-0.15246342,-0.15365854,0.0121951215,,0.12093266,0.14455962,0.024,-0.019542338,0.2225803,3.6540294,0.26590338,0.04054054,0.08965607,0.81554675,0.011895767,1.1541725,3.8816254,2.195294,91.0,1.1018604,,,,,,,,,,,,,,,,,,,,,,,,
FAILED_SETUP,,,,,,,2026-09-11,6108.0,競國,電子工業,0.8649122807017544,SECTOR_WEAK,-0.0145,-0.027272727,0.19772728,,0.20090294,0.12377871,0.06,-0.0010586645,0.19751306,0.23755318,0.97012323,0.0140667865,0.26948553,0.6552198,-0.0048393756,0.7446458,0.5516862,1.6457447,28.0,0.6806125,,,,,,,,,,,,,,,,,,,,,,,,
FAILED_SETUP,,,,,,,2026-09-11,5351.0,鈺創,半導體業,0.6912280701754386,STOP_TOO_TIGHT,-0.0053301887,-0.03301887,0.0990566,,0.29953918,0.16983481,0.056,-0.1924288,0.29794005,0.08326316,56.19673,0.29953918,0.07067201,0.6936813,5.779188e-05,0.84210527,0.6498354,1.0323157,31.0,1.5054369,,,,,,,,,,,,,,,,,,,,,,,,
FAILED_SETUP,,,,,,,2026-09-11,5515.0,建國,建材營造,0.9070175438596492,STOP_TOO_TIGHT,-0.016018238,-0.020263424,0.0739615,,0.13139418,0.17698383,0.076,0.01636654,0.27046442,0.59821624,8.202786,0.13139418,0.08579506,0.7197802,0.0043687453,0.8415147,0.44594458,3.177008,196.0,0.1444565,,,,,,,,,,,,,,,,,,,,,,,,
FAILED_SETUP,,,,,,,2026-09-11,5871.0,中租-KY,其他,0.6947368421052632,SECTOR_WEAK,-0.0322973,-0.04954955,0.027027028,,0.05381166,-0.059340768,0.152,0.0078179585,0.050598912,1.2706329,0.12795489,0.004132597,0.167511,0.4532967,-0.015978443,0.72727275,0.54693174,0.11185974,68.0,0.22310728,,,,,,,,,,,,,,,,,,,,,,,,
FAILED_SETUP,,,,,,,2026-09-11,5904.0,寶雅,貿易百貨,0.7736842105263158,SECTOR_WEAK,-0.04281768,-0.05801105,0.020718232,,0.2766252,0.110520765,0.06,-0.06313453,0.25255778,1.8706896,0.488095,0.020899095,0.44902462,0.75961536,-0.029836083,0.7289294,0.5968489,1.3721195,25.0,-0.29041573,,,,,,,,,,,,,,,,,,,,,,,,
FAILED_SETUP,,,,,,,2026-09-11,6419.0,京晨科,光電業,0.6236842105263157,STOP_TOO_TIGHT,-0.0364,-0.046666667,0.14333333,,0.28382838,-0.00077554764,0.108,-0.13645905,0.19522227,0.8736,1.2693577,0.04620462,0.17717192,0.8667582,0.030084282,0.8767123,1.1885072,0.72933334,168.0,1.2339954,,,,,,,,,,,,,,,,,,,,,,,,
FAILED_SETUP,,,,,,,2026-09-11,8155.0,博智,電子零組件業,0.6280701754385964,SECTOR_WEAK,-0.05904025,-0.06501548,0.09752322,,0.45292336,-0.101140894,0.076,0.0110144755,0.015826318,1.2928814,2.5757637,0.15207373,0.10464833,0.5521978,-0.0035743348,0.7015177,0.81964725,-0.50164896,27.0,1.5830989,,,,,,,,,,,,,,,,,,,,,,,,
FAILED_SETUP,,,,,,,2026-09-11,6829.0,千附精密,電機機械,0.780701754385965,SECTOR_WEAK,-0.08358108,-0.08783784,0.0472973,,0.23979764,0.11442897,0.096,-0.033497345,0.23656045,1.1077611,0.93424135,0.0780849,0.26390567,0.9271978,-0.04023691,1.2213247,0.8558569,0.69656515,31.0,0.7734988,,,,,,,,,,,,,,,,,,,,,,,,
FAILED_SETUP,,,,,,,2026-09-11,7711.0,永擎,電腦及週邊設備業,0.9315789473684212,SECTOR_WEAK,-0.07420502,-0.08368201,0.3912134,,0.27118644,0.45490673,0.004,0.17096297,0.5515468,0.8035275,13.476177,1.0,0.06628566,0.9285714,-0.054123454,1.2548047,0.19151525,2.9598405,29.0,0.5813127,,,,,,,,,,,,,,,,,,,,,,,,
FAILED_SETUP,,,,,,,2026-09-11,7795.0,長廣,電子零組件業,0.7692982456140351,SECTOR_WEAK,-0.022,-0.06464647,0.15959597,,0.31360948,0.29298985,0.068,-0.059300456,0.17345159,0.24009448,9.234355,0.20315582,0.19722751,0.5260989,-0.0029645069,0.9916963,0.9972967,0.15800525,29.0,1.4671485,,,,,,,,,,,,,,,,,,,,,,,,
FAILED_SETUP,,,,,,,2026-09-11,8932.0,智通*,數位雲端,0.7192982456140351,STOCK_SPECIFIC,-0.056805562,-0.059668507,0.06629834,,0.1953344,-0.023386447,0.128,-0.0011588435,0.08856532,1.1283149,0.12039964,0.006839369,0.2484306,0.6730769,0.0,0.571459,0.48691127,0.037188508,29.0,1.0766267,,,,,,,,,,,,,,,,,,,,,,,,
FAILED_SETUP,,,,,,,2026-09-11,9939.0,宏全,其他,0.7324561403508771,SECTOR_WEAK,-0.02546875,-0.04296875,0.0,,0.12355212,-0.024883937,0.112,-0.012255435,0.076554485,1.362388,1.0697292,0.027244665,0.13304614,0.510989,-0.014844443,1.0097088,0.7804345,0.13721119,58.0,0.050750908,,,,,,,,,,,,,,,,,,,,,,,,
FAILED_SETUP,,,,,,,2026-09-11,9941.0,裕融,其他,0.6929824561403508,SECTOR_WEAK,-0.03916122,-0.05875,0.03,,0.19415568,-0.021485813,0.192,0.030703595,0.083511665,2.0361512,0.8131322,0.03184325,0.22019142,0.41208792,-0.016904237,0.7815036,0.4984711,1.6537508,8.0,0.09339605,,,,,,,,,,,,,,,,,,,,,,,,
FAILED_SETUP,,,,,,,2026-09-11,4707.0,磐亞,化學工業,0.6666666666666667,SECTOR_WEAK,-0.01,-0.03448276,0.21839081,,0.6667565,0.29100752,0.032,-0.097768076,0.2964608,0.1459815,34.22562,0.34225622,0.17472234,0.9629121,-0.053295754,0.83166367,0.546449,-2.5189714,156.0,0.3138067,,,,,,,,,,,,,,,,,,,,,,,,
FAILED_SETUP,,,,,,,2026-09-11,6446.0,藥華藥,生技醫療業,0.7008771929824561,SECTOR_WEAK,-0.01,-0.12109375,0.0,,0.28515625,0.43227267,0.084,-0.14981286,0.41166824,0.14995816,10.465372,0.10465372,0.1492988,0.9354396,-0.0050142813,0.797654,0.62181664,0.076743595,168.0,0.54666674,,,,,,,,,,,,,,,,,,,,,,,,
FAILED_SETUP,,,,,,,2026-09-11,3362.0,先進光,光電業,0.8526315789473683,STOP_TOO_TIGHT,-0.029856734,-0.071633235,0.106017195,,0.21448468,0.069566615,0.08,0.010245986,0.28320137,0.39749318,2.1884947,0.0653413,0.35718971,0.89148355,0.025198182,1.0,1.3311251,-0.14368756,74.0,0.8482609,,,,,,,,,,,,,,,,,,,,,,,,
FAILED_SETUP,,,,,,,2026-09-11,2542.0,興富發,建材營造,0.8280701754385964,STOCK_SPECIFIC,-0.020691153,-0.10006332,0.056155495,,0.053763445,-0.010668844,0.076,-0.007420377,0.12183354,1.0729603,0.62361,0.01290321,0.07884889,0.625,0.0057534147,1.0879121,0.7347206,1.5185335,80.0,0.056306597,,,,,,,,,,,,,,,,,,,,,,,,
FAILED_SETUP,,,,,,,2026-09-11,2634.0,漢翔,航運業,0.6666666666666666,STOP_TOO_TIGHT,-0.036012366,-0.04327666,0.035548687,,0.19905956,0.31154114,0.124,-0.13579217,0.17859776,0.901105,2.936767,0.105759926,0.42138097,0.6442308,0.0313144,0.59388644,0.39256647,0.5802315,47.0,0.19198895,,,,,,,,,,,,,,,,,,,,,,,,
FAILED_SETUP,,,,,,,2026-09-11,3081.0,聯亞,通信網路業,0.8929824561403509,STOP_TOO_TIGHT,-0.046330277,-0.051376145,0.13944954,,0.28113878,0.34883943,0.024,0.0021273284,0.37987244,0.4869146,0.8308932,0.03849551,0.05721825,0.89285713,0.0960114,0.9215292,0.62099844,1.984863,31.0,1.7681803,,,,,,,,,,,,,,,,,,,,,,,,
FAILED_SETUP,,,,,,,2026-09-11,1216.0,統一,食品工業,0.6228070175438596,STOP_TOO_TIGHT,-0.01,-0.026809651,0.013404826,,0.048,-0.024994275,0.288,-0.022215124,0.045252204,0.64073616,2.4463768,0.024463769,0.27137908,0.43681318,0.0035005508,0.88709676,0.7139437,-0.009698263,43.0,-0.15503035,,,,,,,,,,,,,,,,,,,,,,,,
FAILED_SETUP,,,,,,,2026-09-11,1440.0,南紡,紡織纖維,0.6456140350877193,SECTOR_WEAK,-0.024887217,-0.030075189,0.030075189,,0.15645285,-0.00700782,0.276,0.009103527,0.040417917,0.70748097,0.499395,0.012428553,0.43107808,0.3447802,-0.028334122,1.027933,0.94059706,0.32049817,13.0,0.58555365,,,,,,,,,,,,,,,,,,,,,,,,
FAILED_SETUP,,,,,,,2026-09-11,1515.0,力山,電機機械,0.6973684210526316,SECTOR_WEAK,-0.049014777,-0.0591133,0.013136289,,0.45954692,0.26558122,0.1,-0.04755111,0.12259503,0.8616495,0.09820862,0.004813674,0.3075833,0.6208791,-0.039595958,0.55754477,0.594487,-1.58811,50.0,1.1975356,,,,,,,,,,,,,,,,,,,,,,,,
FAILED_SETUP,,,,,,,2026-09-11,1708.0,東鹼,化學生技醫療,0.643859649122807,SECTOR_WEAK,-0.02217213,-0.028688524,0.18442623,,0.32371134,-0.033684548,0.16,0.0037188618,0.103674814,0.8558192,3.9987042,0.08865979,0.2580947,0.4684066,-0.005655279,0.81391305,0.49247956,-2.6846516,152.0,0.63311523,,,,,,,,,,,,,,,,,,,,,,,,
FAILED_SETUP,,,,,,,2026-09-11,1909.0,榮成,造紙工業,0.6938596491228071,STOP_TOO_TIGHT,-0.00038834952,-0.029126214,0.009708738,,0.10526316,0.012552524,0.156,-0.022311427,0.061362073,0.0139999995,,0.004784689,0.2551243,0.47664836,0.0,0.5714286,0.609121,0.24381356,16.0,0.45479494,,,,,,,,,,,,,,,,,,,,,,,,
FAILED_SETUP,,,,,,,2026-09-11,1907.0,永豐餘,造紙工業,0.8114035087719298,STOP_TOO_TIGHT,-0.013449477,-0.040069688,0.029616725,,0.09122203,0.117079444,0.112,-0.0047062524,0.1185385,0.6550303,0.36215192,0.004870754,0.1096555,0.5947802,0.0,0.88721806,0.7078345,0.63977796,58.0,-0.07604421,,,,,,,,,,,,,,,,,,,,,,,,
FAILED_SETUP,,,,,,,2026-09-11,2049.0,上銀,電機機械,0.7771929824561404,SECTOR_WEAK,-0.058154505,-0.10300429,0.021459227,,0.17974053,0.06749841,0.12,-0.0059993966,0.16200674,1.0657303,0.2893178,0.016825134,0.19825469,0.8282967,-0.04098304,1.0752158,1.9037734,0.885711,150.0,1.454454,,,,,,,,,,,,,,,,,,,,,,,,
FAILED_SETUP,,,,,,,2026-09-11,2059.0,川湖,電子零組件業,0.8771929824561404,SECTOR_WEAK,-0.005840336,-0.0197479,0.12226891,,0.24436912,0.67778563,0.024,-0.03520967,0.84197754,0.098030835,41.841618,0.24436912,0.026548147,0.9917582,-0.0031421108,0.9254309,0.691483,2.57068,103.0,0.62347746,,,,,,,,,,,,,,,,,,,,,,,,
FAILED_SETUP,,,,,,,2026-09-11,2061.0,風青,電器電纜,0.719298245614035,SECTOR_WEAK,-0.008937769,-0.012875536,0.54077256,,0.82359195,0.2447145,0.06,-0.02866422,0.29576248,0.14067551,43.398445,0.38788524,0.23941275,0.97527474,-0.051488373,0.91610736,0.4581699,-3.5163248,89.0,0.63404834,,,,,,,,,,,,,,,,,,,,,,,,
FAILED_SETUP,,,,,,,2026-09-11,2324.0,仁寶,電腦及週邊設備業,0.6359649122807017,SECTOR_WEAK,-0.00604,-0.045333333,0.026666667,,0.26322752,-0.0054976647,0.112,-0.08333037,0.11440195,0.13969164,1.7519884,0.01058201,0.22080635,0.5467033,-0.04983011,0.66838044,0.3319689,0.17165932,74.0,0.3277606,,,,,,,,,,,,,,,,,,,,,,,,
FAILED_SETUP,,,,,,,2026-09-11,2383.0,台光電,電子零組件業,0.6657894736842105,SECTOR_WEAK,-0.021271348,-0.12049336,0.08159393,,0.20048293,0.06713554,0.112,-0.13173346,0.25041,0.40406796,2.1414711,0.045551978,0.07348753,0.896978,-0.0022181475,0.7893727,0.5387234,0.13767672,340.0,1.8563365,,,,,,,,,,,,,,,,,,,,,,,,
FAILED_SETUP,,,,,,,2026-09-11,2388.0,威盛,電子工業,0.7140350877192982,SECTOR_WEAK,-0.06963856,-0.07095047,0.008032128,,0.21334998,0.08868353,0.152,-0.014337922,0.11700399,1.5267924,0.40202877,0.027996702,0.35865638,0.69093406,-0.0056491056,1.0254958,0.59878844,0.19444445,96.0,1.1418102,,,,,,,,,,,,,,,,,,,,,,,,
FAILED_SETUP,,,,,,,2026-09-11,2027.0,大成鋼,鋼鐵工業,0.8087719298245613,SECTOR_WEAK,-0.014258064,-0.033333335,0.060215052,,0.12473118,0.06144308,0.092,-0.02090491,0.15589784,0.4641,4.061732,0.05791243,0.081633925,0.6401099,-0.0103648165,1.0124223,1.2469301,1.3947204,82.0,0.26747778,,,,,,,,,,,,,,,,,,,,,,,,
FAILED_SETUP,,,,,,,2026-09-18,5904.0,寶雅,貿易百貨,0.7681818181818183,SECTOR_WEAK,-0.0375,-0.05277778,0.0013888889,,0.28016645,0.18057197,0.072,-0.009669982,0.2238163,1.6293103,0.63282645,0.023730991,0.47764435,0.7099447,-0.065806046,0.9285714,1.0759652,0.66024786,30.0,-0.21440999,,,,,,,,,,,,,,,,,,,,,,,,
FAILED_SETUP,,,,,,,2026-09-18,8039.0,台虹,電子零組件業,0.7022727272727274,STOP_TOO_TIGHT,-0.0595,-0.062962964,0.14074074,,0.35064936,0.8509762,0.048,-0.09025154,0.59731936,0.7919366,5.8932667,0.35064936,0.105876215,0.9475138,0.0026640368,0.6666667,0.546269,1.7964092,280.0,0.7202922,,,,,,,,,,,,,,,,,,,,,,,,
FAILED_SETUP,,,,,,,2026-09-18,6177.0,達麗,建材營造,0.721685606060606,SECTOR_WEAK,-0.045209207,-0.05543933,0.0041841003,,0.09807106,0.007206273,0.084,0.029896598,0.093771964,1.7238747,0.066543214,0.0030083659,0.15386784,0.3218232,-0.055263128,1.1067538,2.4798079,2.2868354,1.0,0.21749581,,,,,,,,,,,,,,,,,,,,,,,,
FAILED_SETUP,,,,,,,2026-09-18,5871.0,中租-KY,其他,0.6265151515151515,SECTOR_WEAK,-0.018839287,-0.058035713,0.0,,0.04910714,0.037030313,0.124,-0.053454246,0.05030451,0.98466665,0.14590988,0.002748838,0.13757445,0.31491712,-0.02011005,0.7619048,1.2323215,0.1932624,73.0,0.12951921,,,,,,,,,,,,,,,,,,,,,,,,
FAILED_SETUP,,,,,,,2026-09-18,2542.0,興富發,建材營造,0.866098484848485,SECTOR_WEAK,-0.06719537,-0.12464141,0.0,,0.025104621,0.05195661,0.036,-0.010376748,0.14501072,3.0256078,0.3736064,0.025104621,0.03945637,0.6160221,-0.05337634,1.2994922,3.2082639,2.2765763,85.0,0.09128755,,,,,,,,,,,,,,,,,,,,,,,,
FAILED_SETUP,,,,,,,2026-09-18,3081.0,聯亞,通信網路業,0.696590909090909,STOCK_SPECIFIC,-0.097051725,-0.10862069,0.070689656,,0.25,0.28066537,0.024,-0.1757133,0.3724561,1.2588818,0.13656946,0.013254302,0.045239966,0.8563536,0.1187534,0.7693943,0.7914704,2.3541014,36.0,1.6718124,,,,,,,,,,,,,,,,,,,,,,,,
FAILED_SETUP,,,,,,,2026-09-18,3023.0,信邦,電子零組件業,0.8119318181818181,STOCK_SPECIFIC,-0.058588956,-0.06595092,0.009202454,,0.06259542,0.016808981,0.02,-0.017017415,0.14437535,1.6977777,0.09423533,0.00552115,0.025380826,0.56491715,0.0020136065,0.9216152,0.80041176,1.4792219,134.0,0.5694596,,,,,,,,,,,,,,,,,,,,,,,,
FAILED_SETUP,,,,,,,2026-09-18,1808.0,潤隆,建材營造,0.7625,SECTOR_WEAK,-0.09525002,-0.095978454,0.009722223,,0.2078641,0.09629569,0.056,-0.019395463,0.14612266,2.963334,0.30706462,0.029247912,0.15257184,0.43508288,-0.053595528,1.1142284,1.7681984,2.5897124,13.0,0.23700464,,,,,,,,,,,,,,,,,,,,,,,,
FAILED_SETUP,,,,,,,2026-09-18,5314.0,世紀*,半導體業,0.7554924242424242,STOCK_SPECIFIC,-0.1347385,-0.21135646,0.017350158,,0.5344262,1.1163813,0.08,0.094765596,0.57103527,1.3163129,1.2224982,0.16471757,0.26602036,0.7969613,0.03505005,0.9758179,9.851609,2.6018498,13.0,0.15154651,,,,,,,,,,,,,,,,,,,,,,,,
FAILED_SETUP,,,,,,,2026-09-24,9941.0,裕融,其他,0.6685770750988143,SECTOR_WEAK,-0.018695107,-0.055207025,0.0,,0.21074118,0.0045218724,0.232,-0.06347868,0.062239047,1.2198831,2.469866,0.046174407,0.26450893,0.33516484,-0.0043822974,0.66531706,0.63693345,0.52866995,17.0,-0.011529972,,,,,,,,,,,,,,,,,,,,,,,,
FAILED_SETUP,,,,,,,2026-09-24,1216.0,統一,食品工業,0.6405138339920949,SECTOR_WEAK,-0.023217624,-0.03070761,0.0,,0.055033557,-0.036165677,0.364,-0.067000255,0.03399166,1.9020313,0.12671557,0.0029420343,0.36656722,0.2706044,-0.0112979375,0.78,0.53511417,-1.0195652,52.0,-0.20228642,,,,,,,,,,,,,,,,,,,,,,,,
FAILED_SETUP,,,,,,,2026-09-24,2324.0,仁寶,電腦及週邊設備業,0.6221343873517786,SECTOR_WEAK,-0.015424658,-0.019178081,0.03287671,,0.30821916,-0.02655897,0.168,-0.09432375,0.063781455,0.56299996,0.11663775,0.0017990974,0.24876717,0.5645604,-0.03201301,0.6097561,0.3297278,-1.185,83.0,0.25739762,,,,,,,,,,,,,,,,,,,,,,,,
FAILED_SETUP,,,,,,,2026-09-24,2351.0,順德,電子工業,0.6978260869565217,STOP_TOO_TIGHT,-0.027918551,-0.07692308,0.024886878,,0.17084283,0.04359622,0.084,-0.132173,0.31743318,0.44071427,1.9530038,0.054525036,0.1508605,0.9052198,0.0021805894,0.71378094,0.74405897,1.5342386,40.0,0.97508234,,,,,,,,,,,,,,,,,,,,,,,,
FAILED_SETUP,,,,,,,2026-09-24,2542.0,興富發,建材營造,0.6387351778656126,SECTOR_WEAK,-0.021350319,-0.031847134,0.0025477707,,0.13133086,-0.06298792,0.208,-0.058735345,0.033065736,0.7284841,1.1757278,0.025102163,0.36393073,0.46703297,-0.07878656,1.482136,1.0424957,-1.7450864,89.0,0.0708282,,,,,,,,,,,,,,,,,,,,,,,,
FAILED_SETUP,,,,,,,2026-09-24,3008.0,大立光,光電業,0.7470355731225297,SECTOR_WEAK,-0.037590165,-0.05901639,0.12295082,,0.28022417,0.23918252,0.044,-0.11334778,0.6031206,0.58314264,7.4547205,0.28022417,0.07370637,0.96703297,-0.02811879,0.7728813,0.4858659,2.5864708,113.0,0.60496724,,,,,,,,,,,,,,,,,,,,,,,,
FAILED_SETUP,,,,,,,2026-09-24,3023.0,信邦,電子零組件業,0.7695652173913043,SECTOR_WEAK,-0.01,-0.017741935,0.05645161,,0.118971065,-0.027695399,0.188,-0.035294883,0.07802337,0.34039214,5.8868737,0.058868736,0.16483654,0.45604396,-0.03740587,0.80582523,0.41993025,-0.005829737,138.0,0.43925568,,,,,,,,,,,,,,,,,,,,,,,,
FAILED_SETUP,,,,,,,2026-09-24,5904.0,寶雅,貿易百貨,0.7363636363636364,SECTOR_WEAK,-0.01,-0.015873017,0.0115440115,,0.33189034,0.050863717,0.112,-0.07349155,0.16025409,0.47097087,6.509386,0.06509386,0.4871558,0.6552198,-0.03586153,0.8076923,1.3217567,-1.5399129,34.0,-0.36716956,,,,,,,,,,,,,,,,,,,,,,,,
FAILED_SETUP,,,,,,,2026-09-24,6177.0,達麗,建材營造,0.6893280632411067,SECTOR_WEAK,-0.013210811,-0.023783784,0.020540541,,0.14917177,0.0013518971,0.264,0.0026806372,0.043785647,0.56091803,0.6103493,0.008063209,0.38987753,0.24313186,-0.082747,1.0769231,0.70044947,0.40340644,5.0,0.21855855,,,,,,,,,,,,,,,,,,,,,,,,
FAILED_SETUP,,,,,,,2026-10-02,6177.0,達麗,建材營造,0.7333333333333334,SECTOR_WEAK,-0.020645162,-0.029032258,0.0,,0.15416817,0.038963962,0.284,0.009111433,0.03874643,1.0220532,0.6028576,0.012446092,0.38290313,0.25986394,-0.084595464,0.6281755,0.744633,0.0027789024,9.0,0.15943329,,,,,,,,,,,,,,,,,,,,,,,,
USERSPEC_CONTROL_CONTRAST,PRE_2020_2022,beta,1.0434397459030151,0.9165586829185486,8.0,8.0,,,,,,,,,,,,,,,,,,,,,,,,,,,,,,,,,,,,,,,,,,,,,,,,,,
USERSPEC_CONTROL_CONTRAST,PRE_2020_2022,atr_pct,0.03331182524561882,0.029505839571356773,8.0,8.0,,,,,,,,,,,,,,,,,,,,,,,,,,,,,,,,,,,,,,,,,,,,,,,,,,
USERSPEC_CONTROL_CONTRAST,PRE_2020_2022,val20,436967552.0,224155232.0,8.0,8.0,,,,,,,,,,,,,,,,,,,,,,,,,,,,,,,,,,,,,,,,,,,,,,,,,,
USERSPEC_CONTROL_CONTRAST,PRE_2020_2022,mkt_stage,2.75,3.125,8.0,8.0,,,,,,,,,,,,,,,,,,,,,,,,,,,,,,,,,,,,,,,,,,,,,,,,,,
USERSPEC_CONTROL_CONTRAST,PRE_2020_2022,grp_stage,2.5,3.1666666666666665,8.0,8.0,,,,,,,,,,,,,,,,,,,,,,,,,,,,,,,,,,,,,,,,,,,,,,,,,,
USERSPEC_CONTROL_CONTRAST,PRE_2020_2022,stop_dist_pct,0.08507320345832439,0.09009025417917599,8.0,8.0,,,,,,,,,,,,,,,,,,,,,,,,,,,,,,,,,,,,,,,,,,,,,,,,,,
USERSPEC_CONTROL_CONTRAST,PRE_2020_2022,n_conditions,4.25,4.0,8.0,8.0,,,,,,,,,,,,,,,,,,,,,,,,,,,,,,,,,,,,,,,,,,,,,,,,,,
USERSPEC_FAIL_RATE_BY_MKT_STAGE,PRE_2020_2022,mkt_stage,,,,,,,,,,,,,,,,,,,,,,,,,,,,,,,2.0,4.0,0.5,0.37913262075147264,,,,,,,,,,,,,,,,,,,,
USERSPEC_FAIL_RATE_BY_MKT_STAGE,PRE_2020_2022,mkt_stage,,,,,,,,,,,,,,,,,,,,,,,,,,,,,,,3.0,9.0,0.6666666666666666,0.06604556488102259,,,,,,,,,,,,,,,,,,,,
USERSPEC_FAIL_RATE_BY_MKT_STAGE,PRE_2020_2022,mkt_stage,,,,,,,,,,,,,,,,,,,,,,,,,,,,,,,4.0,3.0,0.0,1.341352848424469,,,,,,,,,,,,,,,,,,,,
USERSPEC_FAIL_RATE_BY_GRP_STAGE,PRE_2020_2022,grp_stage,,,,,,,,,,,,,,,,,,,,,,,,,,,,,,,1.0,1.0,1.0,-0.08251596077223083,,,,,,,,,,,,,,,,,,,,
USERSPEC_FAIL_RATE_BY_GRP_STAGE,PRE_2020_2022,grp_stage,,,,,,,,,,,,,,,,,,,,,,,,,,,,,,,2.0,6.0,0.6666666666666666,0.04198300187097915,,,,,,,,,,,,,,,,,,,,
USERSPEC_FAIL_RATE_BY_GRP_STAGE,PRE_2020_2022,grp_stage,,,,,,,,,,,,,,,,,,,,,,,,,,,,,,,3.0,2.0,0.5,0.15726801953151848,,,,,,,,,,,,,,,,,,,,
USERSPEC_FAIL_RATE_BY_GRP_STAGE,PRE_2020_2022,grp_stage,,,,,,,,,,,,,,,,,,,,,,,,,,,,,,,4.0,5.0,0.4,0.3096449498014083,,,,,,,,,,,,,,,,,,,,
USERSPEC_CONTROL_CONTRAST,DISCOVERY,beta,0.8295027017593384,,2.0,0.0,,,,,,,,,,,,,,,,,,,,,,,,,,,,,,,,,,,,,,,,,,,,,,,,,,
USERSPEC_CONTROL_CONTRAST,DISCOVERY,atr_pct,0.03099895268678665,,2.0,0.0,,,,,,,,,,,,,,,,,,,,,,,,,,,,,,,,,,,,,,,,,,,,,,,,,,
USERSPEC_CONTROL_CONTRAST,DISCOVERY,val20,226424960.0,,2.0,0.0,,,,,,,,,,,,,,,,,,,,,,,,,,,,,,,,,,,,,,,,,,,,,,,,,,
USERSPEC_CONTROL_CONTRAST,DISCOVERY,mkt_stage,1.5,,2.0,0.0,,,,,,,,,,,,,,,,,,,,,,,,,,,,,,,,,,,,,,,,,,,,,,,,,,
USERSPEC_CONTROL_CONTRAST,DISCOVERY,grp_stage,2.0,,2.0,0.0,,,,,,,,,,,,,,,,,,,,,,,,,,,,,,,,,,,,,,,,,,,,,,,,,,
USERSPEC_CONTROL_CONTRAST,DISCOVERY,stop_dist_pct,0.13270917007009497,,2.0,0.0,,,,,,,,,,,,,,,,,,,,,,,,,,,,,,,,,,,,,,,,,,,,,,,,,,
USERSPEC_CONTROL_CONTRAST,DISCOVERY,n_conditions,4.0,,2.0,0.0,,,,,,,,,,,,,,,,,,,,,,,,,,,,,,,,,,,,,,,,,,,,,,,,,,
USERSPEC_FAIL_RATE_BY_MKT_STAGE,DISCOVERY,mkt_stage,,,,,,,,,,,,,,,,,,,,,,,,,,,,,,,1.0,1.0,1.0,-0.144581796938357,,,,,,,,,,,,,,,,,,,,
USERSPEC_FAIL_RATE_BY_MKT_STAGE,DISCOVERY,mkt_stage,,,,,,,,,,,,,,,,,,,,,,,,,,,,,,,2.0,1.0,1.0,-0.2533631381880534,,,,,,,,,,,,,,,,,,,,
USERSPEC_FAIL_RATE_BY_GRP_STAGE,DISCOVERY,grp_stage,,,,,,,,,,,,,,,,,,,,,,,,,,,,,,,2.0,2.0,1.0,-0.1989724675632052,,,,,,,,,,,,,,,,,,,,
USERSPEC_CONTROL_CONTRAST,STRICT_OOS,beta,0.75347501039505,0.9368912577629089,10.0,5.0,,,,,,,,,,,,,,,,,,,,,,,,,,,,,,,,,,,,,,,,,,,,,,,,,,
USERSPEC_CONTROL_CONTRAST,STRICT_OOS,atr_pct,0.03071535751223564,0.031001606956124306,10.0,5.0,,,,,,,,,,,,,,,,,,,,,,,,,,,,,,,,,,,,,,,,,,,,,,,,,,
USERSPEC_CONTROL_CONTRAST,STRICT_OOS,val20,480181440.0,506286432.0,10.0,5.0,,,,,,,,,,,,,,,,,,,,,,,,,,,,,,,,,,,,,,,,,,,,,,,,,,
USERSPEC_CONTROL_CONTRAST,STRICT_OOS,mkt_stage,2.8,2.4,10.0,5.0,,,,,,,,,,,,,,,,,,,,,,,,,,,,,,,,,,,,,,,,,,,,,,,,,,
USERSPEC_CONTROL_CONTRAST,STRICT_OOS,grp_stage,2.5,1.8,10.0,5.0,,,,,,,,,,,,,,,,,,,,,,,,,,,,,,,,,,,,,,,,,,,,,,,,,,
USERSPEC_CONTROL_CONTRAST,STRICT_OOS,stop_dist_pct,0.09610435710484205,0.10015731397925016,10.0,5.0,,,,,,,,,,,,,,,,,,,,,,,,,,,,,,,,,,,,,,,,,,,,,,,,,,
USERSPEC_CONTROL_CONTRAST,STRICT_OOS,n_conditions,4.1,4.2,10.0,5.0,,,,,,,,,,,,,,,,,,,,,,,,,,,,,,,,,,,,,,,,,,,,,,,,,,
USERSPEC_FAIL_RATE_BY_MKT_STAGE,STRICT_OOS,mkt_stage,,,,,,,,,,,,,,,,,,,,,,,,,,,,,,,2.0,5.0,0.4,1.473138331217224,,,,,,,,,,,,,,,,,,,,
USERSPEC_FAIL_RATE_BY_MKT_STAGE,STRICT_OOS,mkt_stage,,,,,,,,,,,,,,,,,,,,,,,,,,,,,,,3.0,10.0,0.8,0.21297126761620394,,,,,,,,,,,,,,,,,,,,
USERSPEC_FAIL_RATE_BY_GRP_STAGE,STRICT_OOS,grp_stage,,,,,,,,,,,,,,,,,,,,,,,,,,,,,,,1.0,6.0,0.5,1.213101148522675,,,,,,,,,,,,,,,,,,,,
USERSPEC_FAIL_RATE_BY_GRP_STAGE,STRICT_OOS,grp_stage,,,,,,,,,,,,,,,,,,,,,,,,,,,,,,,2.0,3.0,0.6666666666666666,0.2451373001243272,,,,,,,,,,,,,,,,,,,,
USERSPEC_FAIL_RATE_BY_GRP_STAGE,STRICT_OOS,grp_stage,,,,,,,,,,,,,,,,,,,,,,,,,,,,,,,3.0,2.0,1.0,-0.06474507494352388,,,,,,,,,,,,,,,,,,,,
USERSPEC_FAIL_RATE_BY_GRP_STAGE,STRICT_OOS,grp_stage,,,,,,,,,,,,,,,,,,,,,,,,,,,,,,,4.0,4.0,0.75,0.40271892265654347,,,,,,,,,,,,,,,,,,,,
USERSPEC_FAILED_SETUP,PRE_2020_2022,,,,,,,1569,,電腦及週邊設備業,,,,,,,,,,,,,,,,,,,,,,,,,,,2020-07-02 00:00:00,2020-07-24 00:00:00,STRUCTURAL_STOP,STOPPED_IN_WEAK_MARKET,-0.15589651516114372,-0.10936942783000836,0.10794444413996418,4.0,False,True,True,True,True,False,1.5231640338897705,0.039056356996297836,72515584.0,3.0,2.0,0.14926968938460522
USERSPEC_FAILED_SETUP,PRE_2020_2022,,,,,,,2201,,汽車工業,,,,,,,,,,,,,,,,,,,,,,,,,,,2022-06-02 00:00:00,2022-08-08 00:00:00,STRUCTURAL_STOP,STOPPED_IN_WEAK_MARKET,-0.118960558418224,-0.08390069097309616,0.1331844589581086,4.0,True,True,True,False,True,False,0.8287733793258667,0.023627571761608124,225832528.0,3.0,3.0,0.1122411613215279
USERSPEC_FAILED_SETUP,STRICT_OOS,,,,,,,2206,,汽車工業,,,,,,,,,,,,,,,,,,,,,,,,,,,2026-07-21 00:00:00,2026-07-22 00:00:00,STRUCTURAL_STOP,STOPPED_STOCK_SPECIFIC,-0.04043579664121937,-0.016348018841784384,0.0005849573596872215,4.0,False,False,True,True,True,True,0.352617084980011,0.01774691417813301,85509712.0,2.0,2.0,0.03351959563029523
USERSPEC_FAILED_SETUP,OUTSIDE,,,,,,,2368,,電子零組件業,,,,,,,,,,,,,,,,,,,,,,,,,,,2019-11-01 00:00:00,2019-11-07 00:00:00,STRUCTURAL_STOP,STOPPED_STOCK_SPECIFIC,-0.07593548535323275,-0.05791075930887679,0.004025883004906028,4.0,False,True,True,True,True,False,1.6728075742721558,0.032107967883348465,188137664.0,1.0,,0.06910825599321585
USERSPEC_FAILED_SETUP,STRICT_OOS,,,,,,,2379,,電子工業,,,,,,,,,,,,,,,,,,,,,,,,,,,2025-06-20 00:00:00,2025-08-04 00:00:00,STAGE3_SUPPORT_STOP,STOPPED_IN_WEAK_MARKET,-0.03123643911194834,-0.02066327957947034,0.07745208908167434,4.0,False,True,True,False,True,True,0.8763557076454163,0.024152107536792755,1387120512.0,3.0,4.0,0.030983562092776824
USERSPEC_FAILED_SETUP,STRICT_OOS,,,,,,,2471,,電子工業,,,,,,,,,,,,,,,,,,,,,,,,,,,2025-04-28 00:00:00,2025-08-11 00:00:00,STAGE3_SUPPORT_STOP,STOPPED_IN_WEAK_MARKET,-0.22131779237083837,-0.23213548852506727,0.011858842103374734,4.0,True,True,False,True,True,False,0.9775813221931458,0.0637306272983551,468338560.0,3.0,4.0,0.2559679969193869
USERSPEC_FAILED_SETUP,PRE_2020_2022,,,,,,,2492,,電子零組件業,,,,,,,,,,,,,,,,,,,,,,,,,,,2021-02-18 00:00:00,2021-05-05 00:00:00,STRUCTURAL_STOP,STOPPED_STOCK_SPECIFIC,-0.18391129997918992,-0.15595626324882084,0.1183579555992953,4.0,False,True,True,True,True,False,1.4095262289047241,0.035507846623659134,2695969024.0,2.0,2.0,0.1773546866959298
USERSPEC_FAILED_SETUP,STRICT_OOS,,,,,,,2535,,建材營造,,,,,,,,,,,,,,,,,,,,,,,,,,,2025-05-05 00:00:00,2025-10-13 00:00:00,STAGE3_SUPPORT_STOP,STOPPED_IN_WEAK_MARKET,-0.05204821999791686,-0.07314343681835944,0.08161301213559224,4.0,False,True,True,True,True,False,0.7297564744949341,0.02093595825135708,36634492.0,3.0,4.0,0.13133690993831712
USERSPEC_FAILED_SETUP,STRICT_OOS,,,,,,,2542,,建材營造,,,,,,,,,,,,,,,,,,,,,,,,,,,2025-08-19 00:00:00,2025-08-28 00:00:00,STRUCTURAL_STOP,STOPPED_IN_WEAK_MARKET,-0.03880776772528199,-0.03169475578418879,0.0,4.0,False,False,True,True,True,True,0.7983981966972351,0.018651721999049187,143488416.0,3.0,1.0,0.031887486441385456
USERSPEC_FAILED_SETUP,OUTSIDE,,,,,,,2887,,金融保險,,,,,,,,,,,,,,,,,,,,,,,,,,,2019-11-01 00:00:00,2020-02-03 00:00:00,STAGE3_SUPPORT_STOP,STOPPED_STOCK_SPECIFIC,-0.021476899783375022,-0.006018522598098319,0.04332803218900905,4.0,False,True,True,True,True,False,0.5702039003372192,0.007824338041245937,155969296.0,1.0,,0.028524074837182396
USERSPEC_FAILED_SETUP,STRICT_OOS,,,,,,,3596,,通信網路業,,,,,,,,,,,,,,,,,,,,,,,,,,,2025-01-08 00:00:00,2025-01-09 00:00:00,STRUCTURAL_STOP,STOPPED_IN_WEAK_MARKET,-0.06901011234217885,-0.016233520880993058,0.01124598970892321,5.0,False,True,True,True,True,True,0.8243299722671509,0.032073985785245895,238075792.0,3.0,2.0,0.06216552615757286
USERSPEC_FAILED_SETUP,DISCOVERY,,,,,,,3617,,電子工業,,,,,,,,,,,,,,,,,,,,,,,,,,,2024-09-04 00:00:00,2025-04-08 00:00:00,STRUCTURAL_STOP,STOPPED_STOCK_SPECIFIC,-0.2533631381880534,-0.16385506674779649,0.3088194526631156,4.0,False,True,True,True,True,False,0.8711886405944824,0.03064408339560032,302389280.0,2.0,2.0,0.12749172666815292
USERSPEC_FAILED_SETUP,STRICT_OOS,,,,,,,3717,,汽車工業,,,,,,,,,,,,,,,,,,,,,,,,,,,2026-05-11 00:00:00,2026-09-03 00:00:00,END_OF_WINDOW,OTHER,-0.08233764183607423,-0.1887272998609011,0.31043042391426146,4.0,False,True,True,True,True,False,0.720947802066803,0.043659042567014694,44117292.0,2.0,3.0,0.20353436660099855
USERSPEC_FAILED_SETUP,STRICT_OOS,,,,,,,4129,,生技醫療業,,,,,,,,,,,,,,,,,,,,,,,,,,,2025-08-12 00:00:00,2026-03-03 00:00:00,STAGE3_SUPPORT_STOP,STOPPED_IN_WEAK_MARKET,-0.06044890137307162,-0.0731136761461938,0.16081477697316116,4.0,False,True,True,True,True,False,0.8422861099243164,0.02600250579416752,40257524.0,3.0,1.0,0.13483989488557024
USERSPEC_FAILED_SETUP,PRE_2020_2022,,,,,,,4716,,化學工業,,,,,,,,,,,,,,,,,,,,,,,,,,,2022-04-27 00:00:00,2022-04-27 00:00:00,STRUCTURAL_STOP,STOPPED_IN_WEAK_MARKET,-0.017556454215768066,0.0,0.0,4.0,False,True,True,False,True,True,0.6819705963134766,0.03832753002643585,39931356.0,3.0,2.0,0.010582911494504391
USERSPEC_FAILED_SETUP,PRE_2020_2022,,,,,,,4906,,電子工業,,,,,,,,,,,,,,,,,,,,,,,,,,,2020-09-21 00:00:00,2020-09-24 00:00:00,STRUCTURAL_STOP,STOPPED_STOCK_SPECIFIC,-0.06336909086666548,-0.04390648810191178,0.006508998262466648,4.0,False,True,True,False,True,True,0.5755627751350403,0.02916775271296501,193885728.0,2.0,2.0,0.050478531271543066
USERSPEC_FAILED_SETUP,STRICT_OOS,,,,,,,5009,,鋼鐵工業,,,,,,,,,,,,,,,,,,,,,,,,,,,2025-03-20 00:00:00,2025-03-27 00:00:00,STRUCTURAL_STOP,STOPPED_IN_WEAK_MARKET,-0.043463703750188425,-0.035743983428534576,0.011612372662227033,4.0,False,False,True,True,True,True,0.2818183898925781,0.01687518134713173,184838544.0,3.0,1.0,0.036555091478885644
USERSPEC_FAILED_SETUP,STRICT_OOS,,,,,,,5269,,半導體業,,,,,,,,,,,,,,,,,,,,,,,,,,,2025-02-21 00:00:00,2025-02-25 00:00:00,STRUCTURAL_STOP,STOPPED_IN_WEAK_MARKET,-0.047152508050973534,-0.02837246511102598,0.013974497717969214,4.0,False,True,True,False,True,True,1.1306592226028442,0.043325528502464294,2173433344.0,3.0,3.0,0.0402531409032317
USERSPEC_FAILED_SETUP,PRE_2020_2022,,,,,,,5299,,半導體業,,,,,,,,,,,,,,,,,,,,,,,,,,,2022-06-02 00:00:00,2022-06-17 00:00:00,STRUCTURAL_STOP,STOPPED_IN_WEAK_MARKET,-0.09739766460947402,-0.07560940526483662,0.02884150879346148,4.0,True,False,True,True,True,False,1.0524934530258179,0.0268319770693779,61913716.0,3.0,4.0,0.09062422517240509
USERSPEC_FAILED_SETUP,PRE_2020_2022,,,,,,,5443,,光電業,,,,,,,,,,,,,,,,,,,,,,,,,,,2020-07-28 00:00:00,2020-07-28 00:00:00,STRUCTURAL_STOP,STOPPED_IN_WEAK_MARKET,-0.03939073182385915,0.0,0.0,4.0,False,True,True,False,True,True,1.1192917823791504,0.045996639877557755,56499992.0,3.0,4.0,0.03247191160286632
USERSPEC_FAILED_SETUP,PRE_2020_2022,,,,,,,5609,,航運業,,,,,,,,,,,,,,,,,,,,,,,,,,,2022-04-19 00:00:00,2022-04-27 00:00:00,STRUCTURAL_STOP,STOPPED_IN_WEAK_MARKET,-0.08251596077223083,-0.04825092891247651,0.024960534443707383,6.0,True,True,True,True,True,True,1.1567354202270508,0.027978934347629547,149192448.0,3.0,1.0,0.05756251072321342
USERSPEC_FAILED_SETUP,DISCOVERY,,,,,,,5706,,觀光餐旅,,,,,,,,,,,,,,,,,,,,,,,,,,,2023-02-16 00:00:00,2023-03-16 00:00:00,STRUCTURAL_STOP,STOPPED_STOCK_SPECIFIC,-0.144581796938357,-0.11506947403259593,0.05165657004370794,4.0,False,True,True,True,True,False,0.7878168225288391,0.031353820115327835,150460624.0,1.0,2.0,0.13792661347203705
USERSPEC_FAILED_SETUP,OUTSIDE,,,,,,,8464,,居家生活,,,,,,,,,,,,,,,,,,,,,,,,,,,2019-11-07 00:00:00,2019-12-11 00:00:00,STRUCTURAL_STOP,STOPPED_STOCK_SPECIFIC,-0.1496157253631844,-0.09765060944110449,0.0089906811917575,4.0,False,True,True,True,True,False,1.0144922733306885,0.02550177089869976,213101216.0,1.0,,0.14297315825883158
USERSPEC_FAILED_SETUP,OUTSIDE,,,,,,,8489,,文化創意業,,,,,,,,,,,,,,,,,,,,,,,,,,,2019-09-25 00:00:00,2019-09-27 00:00:00,STRUCTURAL_STOP,STOPPED_STOCK_SPECIFIC,-0.06567142841798174,-0.05408891354310197,0.011264941095537218,4.0,False,True,True,True,True,False,0.9279892444610596,0.030369291082024574,87380272.0,1.0,,0.058818474604493076
