definition,engine,exit,window,n,trades_per_year,win_rate,pf,payoff,ev,median_ret,avg_winner,avg_loser,avg_r,median_r,mfe_mean,mae_mean,mfe_mae_ratio,stop_rate,first_exit_stop_rate,stop_dist_pct_med,stop_dist_atr_med,median_hold,ge10,ge20,ge30,ge40,n_ge20,n_ge40,top1pct_share,top5pct_share,pnl_ex_top5,pnl_per_100_slot_days,total_pnl_slots,table,mae_failed_mean,placebo_p_vs_rest,ev_control,placebo_p
USER_SPEC 7-condition (PART 38; registered §A2),ALL_STAGE1_BREAKOUTS,TEXTBOOK_NOVOL,PRE_2020_2022,237,79.0541095890411,0.3670886075949367,2.964667453316669,5.111495609166671,0.14668066390197804,-0.06342049399021238,0.6029605457075534,-0.11796166754525576,1.5407525974614669,-0.8789234755023385,0.588833691901394,-0.08865703985513247,6.641702597600383,0.48523206751054854,0.46835443037974683,0.11490327515164993,4.365233270279478,76.0,0.27848101265822783,0.23628691983122363,0.1940928270042194,0.16877637130801687,56.0,40.0,0.20314789353140317,0.7066054196518978,21.1193502662655,0.10891957872814624,34.763317344768794,TRADE_STATS,,,,
USER_SPEC 7-condition (PART 38; registered §A2),ALL_STAGE1_BREAKOUTS,TEXTBOOK_NOVOL,DISCOVERY,264,132.0904109589041,0.29545454545454547,1.6641759345229035,3.9684195361700008,0.05409210262963762,-0.07570274961115442,0.4587322672129221,-0.1155957083246429,0.905659028650499,-1.0270658516015725,0.3930214222548613,-0.08551677907096393,4.595839863528097,0.5265151515151515,0.5227272727272727,0.10874026711724877,4.252239516900504,63.0,0.23106060606060605,0.1553030303030303,0.11742424242424243,0.11363636363636363,41.0,30.0,0.5603508523399803,1.340662226448074,3.3757296482420607,0.049656843640810674,14.280315094224333,TRADE_STATS,,,,
USER_SPEC 7-condition (PART 38; registered §A2),ALL_STAGE1_BREAKOUTS,TEXTBOOK_NOVOL,STRICT_OOS,286,171.2483606557377,0.3741258741258741,4.2738388670492,7.149693057960811,0.27665474474087515,-0.060512329330905605,0.9653420455605423,-0.13501866971557389,1.932037702332739,-0.7716474350668877,0.7306656859307481,-0.10800013474982025,6.765414576781018,0.46503496503496505,0.45454545454545453,0.14634608739691943,4.246251641759857,64.0,0.3041958041958042,0.2692307692307692,0.24125874125874125,0.2062937062937063,77.0,59.0,0.22708262498330536,0.6231800266859767,52.66992834238097,0.32275446459673784,79.12325699589029,TRADE_STATS,,,,
USER_SPEC 7-condition (PART 38; registered §A2),ALL_STAGE1_BREAKOUTS,TEXTBOOK_NOVOL,EXTENDED,392,146.6987704918033,0.32653061224489793,3.1046739457300716,6.403390013068273,0.19072040887351457,-0.07557860732937188,0.8615975170389254,-0.13455334054001797,1.3717560799710242,-1.0188967713486585,0.6086374007449532,-0.10552232272565161,5.767854469308402,0.5102040816326531,0.5025510204081632,0.13651347610649822,4.225567613280953,58.0,0.2627551020408163,0.2193877551020408,0.19387755102040816,0.1683673469387755,86.0,66.0,0.29926995937360745,0.8122455632809871,48.309071624908384,0.22968832172051096,74.76240027841772,TRADE_STATS,,,,
USER_SPEC 7-condition (PART 38; registered §A2),ALL_STAGE1_BREAKOUTS,TEXTBOOK_NOVOL,FULL_2023_2026,550,149.80425055928413,0.33636363636363636,3.0452227624852957,6.008142207065584,0.1698246765274811,-0.06830536657182212,0.7517444092842483,-0.1251209414451269,1.439375938965264,-0.9540222499310871,0.5685964393663224,-0.0972081240239692,5.849268721882959,0.49454545454545457,0.48727272727272725,0.12530069793660903,4.252239516900504,64.0,0.2690909090909091,0.21454545454545454,0.18181818181818182,0.1618181818181818,118.0,89.0,0.3235486580935897,0.81588216968374,66.95024343660529,0.17533003977646203,93.40357209011461,TRADE_STATS,,,,
USER_SPEC 7-condition (PART 38; registered §A2),ALL_STAGE1_BREAKOUTS,TEXTBOOK_NOVOL,Y2020,112,112.0,0.5,6.39869639514494,6.39869639514494,0.2950998431251485,-0.002225403512514763,0.6995223158356659,-0.10932262958536897,2.9212690519413362,-0.0065214007972594044,0.8207410560312438,-0.07780374386142729,10.548863271837257,0.4107142857142857,0.4017857142857143,0.11134227757764786,4.12767490229005,137.5,0.4017857142857143,0.3482142857142857,0.3125,0.26785714285714285,39.0,30.0,0.120558754199358,0.4275776520784104,20.616724771690986,0.17293871454368642,33.05118243001663,TRADE_STATS,,,,
USER_SPEC 7-condition (PART 38; registered §A2),ALL_STAGE1_BREAKOUTS,TEXTBOOK_NOVOL,Y2021,72,72.0,0.2222222222222222,0.6964422379485962,2.437547832820087,-0.030968510677762087,-0.08908017251897773,0.31972499834863466,-0.13116665611387543,-0.17621451507054875,-1.029690224505079,0.3322757694935918,-0.10692434949994259,3.107578124604538,0.5833333333333334,0.5416666666666666,0.12974518002300528,4.621377794041347,45.5,0.16666666666666666,0.125,0.05555555555555555,0.05555555555555555,9.0,4.0,,,-5.769430316316566,-0.0332646989228535,-2.22973276879887,TRADE_STATS,,,,
USER_SPEC 7-condition (PART 38; registered §A2),ALL_STAGE1_BREAKOUTS,TEXTBOOK_NOVOL,Y2022,53,53.0,0.2830188679245283,1.9325780569129651,4.895864410846178,0.07437486195379296,-0.08976058332551445,0.5445811877454471,-0.11123289822712312,0.955918431434292,-1.0387444194607467,0.4472968170111783,-0.08677633904133346,5.1545942356259244,0.5094339622641509,0.5094339622641509,0.11400549666781876,4.306847456132901,45.0,0.16981132075471697,0.1509433962264151,0.1320754716981132,0.11320754716981132,8.0,6.0,0.780717558079628,1.330454943082731,-2.6786148743613145,0.06459960150034459,3.9418676835510267,TRADE_STATS,,,,
USER_SPEC 7-condition (PART 38; registered §A2),ALL_STAGE1_BREAKOUTS,TEXTBOOK_NOVOL,Y2023,158,158.0,0.36075949367088606,2.8371004648509275,5.027142928946381,0.11798210007403105,-0.05698262491704239,0.5050567287123416,-0.10046595767234223,1.607141665077555,-0.7050229537642636,0.4692543073383272,-0.0765804918020736,6.1275958967610205,0.45569620253164556,0.44936708860759494,0.10186914493783206,4.279643843502496,92.5,0.2848101265822785,0.20253164556962025,0.1518987341772152,0.14556962025316456,32.0,23.0,0.33120250150419306,0.7713279201890122,7.73658636571464,0.08995185085384663,18.641171811696907,TRADE_STATS,,,,
USER_SPEC 7-condition (PART 38; registered §A2),ALL_STAGE1_BREAKOUTS,TEXTBOOK_NOVOL,Y2024,106,106.0,0.19811320754716982,0.6159101134555406,2.492969506843855,-0.041140157712005423,-0.10453718396888201,0.3329944431430686,-0.13357341204090606,-0.13994716526907527,-1.0427040310205329,0.27939127279082715,-0.09883690537742307,2.8267909818091836,0.6320754716981132,0.6320754716981132,0.12475535735117226,4.197065259422899,54.0,0.1509433962264151,0.08490566037735849,0.0660377358490566,0.0660377358490566,9.0,7.0,,,-8.656477002485616,-0.054276640954291806,-4.360856717472575,TRADE_STATS,,,,
USER_SPEC 7-condition (PART 38; registered §A2),ALL_STAGE1_BREAKOUTS,TEXTBOOK_NOVOL,Y2025,145,145.0,0.3448275862068966,5.451022821664566,10.356943361162672,0.40839996472827994,-0.06788028169014043,1.4504470298532695,-0.14004585902171449,3.077181526843699,-1.0314041307409108,0.9713944273830077,-0.10547614737459225,9.209612330010104,0.5310344827586206,0.5172413793103449,0.137981347459991,4.4254093967439445,83.0,0.3103448275862069,0.2827586206896552,0.27586206896551724,0.25517241379310346,41.0,37.0,0.10258106616300078,0.5565658323798512,32.76466623209126,0.37818434004279206,59.21799488560059,TRADE_STATS,,,,
USER_SPEC 7-condition (PART 38; registered §A2),ALL_STAGE1_BREAKOUTS,TEXTBOOK_NOVOL,Y2026,141,210.44776119402985,0.40425531914893614,2.832224695807205,4.173804814873776,0.1411720717041822,-0.04889396558109665,0.5398113575844657,-0.12933315800029588,0.7544075281902636,-0.384864181135008,0.4831077603238144,-0.1105957246037781,4.368231792454939,0.3971631205673759,0.3900709219858156,0.1530693633104428,4.003270187245132,53.0,0.2978723404255319,0.2553191489361702,0.20567375886524822,0.15602836879432624,36.0,22.0,0.10949160289335587,0.6255157982866715,10.133744028518567,0.22475314300558563,19.90526211028969,TRADE_STATS,,,,
USER_SPEC 7-condition (PART 38; registered §A2),HIGH_RR_STAGE2_SETUP(C1+all 6 conditions),TEXTBOOK_NOVOL,PRE_2020_2022,1,0.3335616438356165,0.0,0.0,,-0.08251596077223083,-0.08251596077223083,,-0.08251596077223083,-1.4335017659150568,-1.4335017659150568,0.024960534443707383,-0.04825092891247651,0.517306816807276,1.0,1.0,0.05756251072321342,2.071999784092627,7.0,0.0,0.0,0.0,0.0,0.0,0.0,,,0.0,-1.375266012870514,-0.08251596077223083,TRADE_STATS,,,,
USER_SPEC 7-condition (PART 38; registered §A2),HIGH_RR_STAGE2_SETUP(C1+all 6 conditions),TEXTBOOK_NOVOL,DISCOVERY,0,,,,,,,,,,,,,,,,,,,,,,,,,,,,,,TRADE_STATS,,,,
USER_SPEC 7-condition (PART 38; registered §A2),HIGH_RR_STAGE2_SETUP(C1+all 6 conditions),TEXTBOOK_NOVOL,STRICT_OOS,0,,,,,,,,,,,,,,,,,,,,,,,,,,,,,,TRADE_STATS,,,,
USER_SPEC 7-condition (PART 38; registered §A2),HIGH_RR_STAGE2_SETUP(C1+all 6 conditions),TEXTBOOK_NOVOL,EXTENDED,0,,,,,,,,,,,,,,,,,,,,,,,,,,,,,,TRADE_STATS,,,,
USER_SPEC 7-condition (PART 38; registered §A2),HIGH_RR_STAGE2_SETUP(C1+all 6 conditions),TEXTBOOK_NOVOL,FULL_2023_2026,0,,,,,,,,,,,,,,,,,,,,,,,,,,,,,,TRADE_STATS,,,,
USER_SPEC 7-condition (PART 38; registered §A2),HIGH_RR_STAGE2_SETUP(C1+all 6 conditions),TEXTBOOK_NOVOL,Y2022,1,1.0,0.0,0.0,,-0.08251596077223083,-0.08251596077223083,,-0.08251596077223083,-1.4335017659150568,-1.4335017659150568,0.024960534443707383,-0.04825092891247651,0.517306816807276,1.0,1.0,0.05756251072321342,2.071999784092627,7.0,0.0,0.0,0.0,0.0,0.0,0.0,,,0.0,-1.375266012870514,-0.08251596077223083,TRADE_STATS,,,,
USER_SPEC 7-condition (PART 38; registered §A2),n_conditions=0,TEXTBOOK_NOVOL,PRE_2020_2022,26,8.672602739726027,0.2692307692307692,1.1000900856341969,2.9859588038642486,0.00858835024515537,-0.0639537897252877,0.35060834206990765,-0.11741901516396387,0.3192064149021291,-0.9229623505743136,0.345641247270047,-0.09372459572991379,3.687839297446335,0.46153846153846156,0.46153846153846156,0.10415688072843285,4.526232576776478,62.5,0.19230769230769232,0.11538461538461539,0.11538461538461539,0.11538461538461539,3.0,3.0,4.398946418165195,4.398946418165195,-2.145356865168015,0.007757412067883953,0.2232971063740396,TRADE_STATS,,,,
USER_SPEC 7-condition (PART 38; registered §A2),n_conditions=0,TEXTBOOK_NOVOL,DISCOVERY,43,21.51472602739726,0.18604651162790697,0.8544992773160691,3.738434338257803,-0.013828198333103763,-0.09291099107797868,0.4365064021358924,-0.11676182129744575,0.308521719672162,-1.0341802936628601,0.22416922564936567,-0.08823161860680241,2.5406903918238086,0.5813953488372093,0.5813953488372093,0.09530544585520512,4.18298342805458,46.0,0.18604651162790697,0.11627906976744186,0.06976744186046512,0.06976744186046512,5.0,3.0,,,-3.6470709200247775,-0.014355686342913128,-0.5946125283234618,TRADE_STATS,,,,
USER_SPEC 7-condition (PART 38; registered §A2),n_conditions=0,TEXTBOOK_NOVOL,STRICT_OOS,59,35.32745901639344,0.3389830508474576,1.952724086721187,3.807811969106315,0.09029398322924706,-0.08382827944073395,0.5459521316464625,-0.14337686211291475,0.47560988942050153,-1.0184531070562715,0.4657358136068332,-0.11891079032557386,3.916682517470986,0.5084745762711864,0.5084745762711864,0.15117033154379472,4.512101894505826,59.0,0.2542372881355932,0.2033898305084746,0.15254237288135594,0.15254237288135594,12.0,9.0,0.37297448327002664,0.8699572913229034,-1.4274505627594647,0.12035118062861348,5.327345010525576,TRADE_STATS,,,,
USER_SPEC 7-condition (PART 38; registered §A2),n_conditions=0,TEXTBOOK_NOVOL,EXTENDED,78,29.190061475409838,0.2692307692307692,1.3930409012304912,3.7811110176256184,0.039935938180484194,-0.09431457356308592,0.5257330993312946,-0.13904196329613017,0.15882146610249218,-1.0257247277405224,0.37515878194648095,-0.11568893539837087,3.2428233577795025,0.5512820512820513,0.5512820512820513,0.14855722670462634,4.458205527754439,55.0,0.20512820512820512,0.15384615384615385,0.11538461538461539,0.11538461538461539,12.0,9.0,0.6378689326821374,1.8505619385948766,-3.6397923952072717,0.05700957500142327,3.1150031780777674,TRADE_STATS,,,,
USER_SPEC 7-condition (PART 38; registered §A2),n_conditions=0,TEXTBOOK_NOVOL,FULL_2023_2026,102,27.78187919463087,0.27450980392156865,1.4890014231067028,3.9352180467819995,0.04639933806080503,-0.08726409648214828,0.514681923214871,-0.13078866713262535,0.40517075903639765,-1.0257247277405224,0.36389891868358715,-0.10597741401275845,3.433740312249721,0.5392156862745098,0.5392156862745098,0.12777781103944663,4.402094968171216,54.5,0.22549019607843138,0.16666666666666666,0.11764705882352941,0.11764705882352941,17.0,12.0,0.41983436840643246,1.499819224497789,-2.365510679009756,0.05523408393770337,4.732732482202113,TRADE_STATS,,,,
USER_SPEC 7-condition (PART 38; registered §A2),n_conditions=0,TEXTBOOK_NOVOL,Y2020,7,7.0,0.42857142857142855,1.8295546820352606,2.4394062427136807,0.03444707210138551,-0.015652799816959436,0.1772676448670488,-0.07266835747286195,0.32470410385572646,-0.20503990957427057,0.39539844972316196,-0.07825287374925251,5.052829765589777,0.2857142857142857,0.2857142857142857,0.08962080242866297,4.472124925946057,42.0,0.2857142857142857,0.14285714285714285,0.14285714285714285,0.14285714285714285,1.0,1.0,1.6636466216437018,1.6636466216437018,-0.2021295822237792,0.025235950257425283,0.24112950470969857,TRADE_STATS,,,,
USER_SPEC 7-condition (PART 38; registered §A2),n_conditions=0,TEXTBOOK_NOVOL,Y2021,12,12.0,0.16666666666666666,0.7461670994031081,3.73083549701554,-0.03232093386998574,-0.14165828197570635,0.5700636304999673,-0.15279784674397634,0.2678540546521376,-1.0257001396222916,0.30042106957660725,-0.11997433834431374,2.504044395847638,0.5833333333333334,0.5833333333333334,0.12128160298926308,4.230875711636559,62.5,0.16666666666666666,0.08333333333333333,0.08333333333333333,0.08333333333333333,1.0,1.0,,,-1.349729828764158,-0.03134151163150132,-0.38785120643982884,TRADE_STATS,,,,
USER_SPEC 7-condition (PART 38; registered §A2),n_conditions=0,TEXTBOOK_NOVOL,Y2022,7,7.0,0.2857142857142857,1.897429979463947,4.743574948659868,0.05285982972916715,-0.036696656827100486,0.3911640994441363,-0.08246187815682056,0.40174134351994606,-0.5332517498997181,0.3734043494342573,-0.06419675894303234,5.816560766963534,0.42857142857142855,0.42857142857142855,0.07196047005456216,4.7118275743796705,104.0,0.14285714285714285,0.14285714285714285,0.14285714285714285,0.14285714285714285,1.0,1.0,1.9265226136776072,1.9265226136776072,-0.30320690630894565,0.05397794428944859,0.37001880810417004,TRADE_STATS,,,,
USER_SPEC 7-condition (PART 38; registered §A2),n_conditions=0,TEXTBOOK_NOVOL,Y2023,24,24.0,0.2916666666666667,1.92285082033572,4.669780563672462,0.06740538767184773,-0.06659496460859327,0.48152839486560023,-0.1031158505844033,1.2058059610715899,-0.9080131674629313,0.32730436307918215,-0.07441496950951813,4.398367226869829,0.5,0.5,0.08484458906666639,4.188511817719119,49.5,0.2916666666666667,0.20833333333333334,0.125,0.125,5.0,3.0,0.8244499483682212,0.8244499483682212,-1.4347290875769707,0.05210917391284733,1.6177293041243455,TRADE_STATS,,,,
USER_SPEC 7-condition (PART 38; registered §A2),n_conditions=0,TEXTBOOK_NOVOL,Y2024,19,19.0,0.05263157894736842,0.05200015005530131,0.9360027009954235,-0.11643904381304247,-0.10655905446906272,0.1213524530279379,-0.12964968252643028,-0.8248899536744838,-1.0362607578676943,0.09389326258012379,-0.1056842279928457,0.8884321186173579,0.6842105263157895,0.6842105263157895,0.09980857590883482,4.18298342805458,44.0,0.05263157894736842,0.0,0.0,0.0,0.0,0.0,,,-2.155981167078327,-0.21323776698292116,-2.212341832447807,TRADE_STATS,,,,
USER_SPEC 7-condition (PART 38; registered §A2),n_conditions=0,TEXTBOOK_NOVOL,Y2025,23,23.0,0.30434782608695654,1.5213558060828578,3.4773846996179607,0.05382490309470148,-0.10006733306444376,0.5160712131249289,-0.148407857543523,0.6318682553329692,-1.041528683060008,0.502885695475697,-0.11318826622085314,4.442913671762279,0.6521739130434783,0.6521739130434783,0.12681638456052194,4.683814183709076,72.0,0.21739130434782608,0.17391304347826086,0.17391304347826086,0.17391304347826086,4.0,4.0,0.9127371061465703,0.9127371061465703,-2.2785866402997574,0.05553937959525052,1.237972771178134,TRADE_STATS,,,,
USER_SPEC 7-condition (PART 38; registered §A2),n_conditions=0,TEXTBOOK_NOVOL,Y2026,36,53.731343283582085,0.3611111111111111,2.2711077817064327,4.018113767634459,0.11359367331520673,-0.050182593855916106,0.5620418570042114,-0.13987703920466552,0.37577815564309136,-0.3832526016503842,0.4420011668572813,-0.1225668473924788,3.606204909896412,0.4166666666666667,0.4166666666666667,0.17225145818549914,4.437817281904348,54.0,0.2777777777777778,0.2222222222222222,0.1388888888888889,0.1388888888888889,8.0,5.0,0.4858847852938424,0.8111937692172,-2.1094287211458065,0.18609202454368337,4.089372239347442,TRADE_STATS,,,,
USER_SPEC 7-condition (PART 38; registered §A2),n_conditions=1,TEXTBOOK_NOVOL,PRE_2020_2022,89,29.686986301369863,0.33707865168539325,1.9536676321335833,3.842213009862714,0.08299173284642931,-0.08705187413623078,0.504379263427671,-0.1312731132118292,0.6888317137072285,-0.9619971728438031,0.5038728249453314,-0.10575796960410917,4.76439578815206,0.5056179775280899,0.4943820224719101,0.1451298798456515,4.642400017724612,74.0,0.2696629213483146,0.2247191011235955,0.16853932584269662,0.12359550561797752,20.0,11.0,0.2528986014468092,0.8344507658507329,0.031722874495192344,0.06182008891305832,7.3862642233322084,TRADE_STATS,,,,
USER_SPEC 7-condition (PART 38; registered §A2),n_conditions=1,TEXTBOOK_NOVOL,DISCOVERY,99,49.53390410958904,0.37373737373737376,2.977604056951318,4.989498690026532,0.14293652817770727,-0.058387759839582325,0.5758432797936568,-0.11541104939955293,1.6679614438404495,-0.7125122179460992,0.5584213767904463,-0.08423012698349701,6.629710731646604,0.43434343434343436,0.43434343434343436,0.11665837107580349,4.2184025690557485,92.0,0.30303030303030304,0.2222222222222222,0.15151515151515152,0.15151515151515152,22.0,15.0,0.26622481012962657,0.770603072156985,3.246130843610747,0.11120842696839184,14.150716289593019,TRADE_STATS,,,,
USER_SPEC 7-condition (PART 38; registered §A2),n_conditions=1,TEXTBOOK_NOVOL,STRICT_OOS,104,62.27213114754098,0.41346153846153844,4.2774006001166045,6.067940386211928,0.3285133711160138,-0.06998195068230295,1.0369751084571528,-0.1708940830752808,2.4560587097475146,-0.8658698151129879,0.8307949491084808,-0.11871663398692775,6.998134306941032,0.47115384615384615,0.4519230769230769,0.16261290371839793,4.199271328766538,65.0,0.33653846153846156,0.3173076923076923,0.27884615384615385,0.2403846153846154,33.0,25.0,0.1713138767764168,0.5352204260581005,15.879375684797882,0.3809275347983659,34.165390596065436,TRADE_STATS,,,,
USER_SPEC 7-condition (PART 38; registered §A2),n_conditions=1,TEXTBOOK_NOVOL,EXTENDED,143,53.51511270491804,0.3776223776223776,3.4026545117044504,5.60807873225363,0.2383175512254503,-0.0930381512818545,0.893768068186576,-0.1593715264813002,1.8059782400670528,-1.0178272661439693,0.6910973522083047,-0.10996691719716543,6.284593310633598,0.5104895104895105,0.4965034965034965,0.1516774102479654,4.165810000026919,59.0,0.3076923076923077,0.2727272727272727,0.23076923076923078,0.20279720279720279,39.0,29.0,0.1717460937441979,0.6607714578751729,15.79339491397183,0.2847425310209249,34.079409825239395,TRADE_STATS,,,,
USER_SPEC 7-condition (PART 38; registered §A2),n_conditions=1,TEXTBOOK_NOVOL,FULL_2023_2026,203,55.291387024608504,0.39408866995073893,3.748352705739826,5.763092285074982,0.238010378747086,-0.06447596367842584,0.8237016377002859,-0.14292702545011718,2.0717157081475173,-0.7932435500490926,0.6979625172883557,-0.10189809116259453,6.849613268757371,0.45320197044334976,0.4433497536945813,0.1373095418355959,4.2184025690557485,74.0,0.32019704433497537,0.270935960591133,0.21674876847290642,0.19704433497536947,55.0,40.0,0.2123438698612914,0.634283912345048,28.649708570305556,0.22272158427943142,48.316106885658456,TRADE_STATS,,,,
USER_SPEC 7-condition (PART 38; registered §A2),n_conditions=1,TEXTBOOK_NOVOL,Y2020,39,39.0,0.48717948717948717,5.595863652007298,5.89038279158663,0.24475240841461768,-0.03592153376683709,0.6116992786514864,-0.10384711831040772,2.110225541599445,-0.25148463298450463,0.6547646324176138,-0.08759634792285108,7.474793732203152,0.41025641025641024,0.41025641025641024,0.11280981535992093,4.250256179727744,149.0,0.358974358974359,0.3076923076923077,0.3076923076923077,0.23076923076923078,12.0,9.0,0.19569498030181737,0.36577617478642066,2.1908025793330705,0.1377493892513181,9.54534392817009,TRADE_STATS,,,,
USER_SPEC 7-condition (PART 38; registered §A2),n_conditions=1,TEXTBOOK_NOVOL,Y2021,28,28.0,0.2857142857142857,0.6084061428448502,1.5210153571121254,-0.0437860926392795,-0.09338731287598592,0.23810140369042668,-0.15654109117116194,-0.3616013931168008,-1.0317461781632855,0.40213917079523603,-0.11787062879100116,3.4116995465280606,0.6071428571428571,0.5714285714285714,0.17192796276881234,4.878297500685077,37.0,0.25,0.21428571428571427,0.03571428571428571,0.03571428571428571,6.0,1.0,,,-2.7167463460691508,-0.04283006441571445,-1.226010593899826,TRADE_STATS,,,,
USER_SPEC 7-condition (PART 38; registered §A2),n_conditions=1,TEXTBOOK_NOVOL,Y2022,22,22.0,0.13636363636363635,0.6322662232126581,4.004352747013502,-0.042412232315366054,-0.10730475295770658,0.5347601263094915,-0.13354470999297516,-0.49399702705293563,-1.0477840718047857,0.3658619987991338,-0.12253745998302236,2.9857155424131054,0.5454545454545454,0.5454545454545454,0.15254284630769466,5.261551691497756,35.5,0.13636363636363635,0.09090909090909091,0.09090909090909091,0.045454545454545456,2.0,1.0,,,-2.4075505610002255,-0.04327778807690413,-0.9330691109380531,TRADE_STATS,,,,
USER_SPEC 7-condition (PART 38; registered §A2),n_conditions=1,TEXTBOOK_NOVOL,Y2023,60,60.0,0.43333333333333335,5.192247346321459,6.789861914420369,0.23727828434031786,-0.03727703196507897,0.6781790513056832,-0.09988112569202041,2.705056673739291,-0.2713724394731932,0.7143244940624773,-0.08266738911353388,8.640946589971978,0.31666666666666665,0.31666666666666665,0.10803114341634623,4.325704918380345,161.5,0.35,0.26666666666666666,0.18333333333333332,0.18333333333333332,16.0,11.0,0.264616978320688,0.5620676411651161,3.332111614436799,0.14639277182950203,14.236697060419072,TRADE_STATS,,,,
USER_SPEC 7-condition (PART 38; registered §A2),n_conditions=1,TEXTBOOK_NOVOL,Y2024,39,39.0,0.28205128205128205,0.9771298954240594,2.4872397338066965,-0.002204635149385927,-0.11867705669542322,0.3339587289470487,-0.13426881390155668,0.07243032091915484,-1.0484797054627222,0.31857042714116807,-0.08663433909113254,3.6771842491469453,0.6153846153846154,0.6153846153846154,0.12563827794632812,4.133769120689658,56.0,0.23076923076923078,0.15384615384615385,0.10256410256410256,0.10256410256410256,6.0,4.0,,,-3.031736502912757,-0.0028665034447758345,-0.08598077082605116,TRADE_STATS,,,,
USER_SPEC 7-condition (PART 38; registered §A2),n_conditions=1,TEXTBOOK_NOVOL,Y2025,49,49.0,0.3469387755102041,5.295850870339608,9.968660461815732,0.5157920342412782,-0.11049796582591881,1.832771571767579,-0.1838533450695692,4.141388443200204,-1.0205328658016235,1.148686310877551,-0.12696302818164862,9.047407952763239,0.5102040816326531,0.4897959183673469,0.1761668832328392,4.478141303562005,66.0,0.32653061224489793,0.32653061224489793,0.32653061224489793,0.32653061224489793,16.0,16.0,0.23158382488447807,0.4059391616664411,6.987794766555062,0.4848227446350015,25.27380967782263,TRADE_STATS,,,,
USER_SPEC 7-condition (PART 38; registered §A2),n_conditions=1,TEXTBOOK_NOVOL,Y2026,55,82.08955223880596,0.4727272727272727,2.9579666637989863,3.299270509621946,0.16166510760441485,-0.022114592959225295,0.5166466516772589,-0.15659420777123848,0.9545831290351185,-0.4107462057783808,0.5475826449869458,-0.11136984643163096,4.916794469345904,0.43636363636363634,0.41818181818181815,0.15871158390886078,3.9603925498054036,64.0,0.34545454545454546,0.3090909090909091,0.23636363636363636,0.16363636363636364,17.0,9.0,0.24511490976777991,0.6426342425808691,0.8691535579218717,0.23673005639624112,8.891580918242816,TRADE_STATS,,,,
USER_SPEC 7-condition (PART 38; registered §A2),n_conditions=2,TEXTBOOK_NOVOL,PRE_2020_2022,61,20.347260273972605,0.3442622950819672,2.801762968508975,5.336691368588524,0.13832655594700255,-0.06461154256499985,0.6248126856077265,-0.11707866212487761,1.20417545497929,-1.0344261751886905,0.6119912817807825,-0.08746410276106646,6.997056649087387,0.5901639344262295,0.5409836065573771,0.11039222358944364,4.282980309391118,40.0,0.26229508196721313,0.19672131147540983,0.19672131147540983,0.19672131147540983,12.0,12.0,0.2542092503870102,0.6520350134128802,0.5877706380496339,0.11254311320796473,8.437919912767155,TRADE_STATS,,,,
USER_SPEC 7-condition (PART 38; registered §A2),n_conditions=2,TEXTBOOK_NOVOL,DISCOVERY,72,36.02465753424657,0.2777777777777778,1.201874825832605,3.1248745471647728,0.017458174728170694,-0.08062034558542058,0.3741781385928067,-0.1197418113736124,0.9226193051008799,-1.0396799477008711,0.3403750030758098,-0.08606971213395756,3.954643214631129,0.5555555555555556,0.5555555555555556,0.1034835954623074,3.892394502370802,67.5,0.19444444444444445,0.1388888888888889,0.1388888888888889,0.125,10.0,9.0,0.9403856596746596,2.5854268190437293,-2.618445451456807,0.017177841891742943,1.2569885804282899,TRADE_STATS,,,,
USER_SPEC 7-condition (PART 38; registered §A2),n_conditions=2,TEXTBOOK_NOVOL,STRICT_OOS,75,44.9077868852459,0.37333333333333335,4.118236817774529,6.912754658407246,0.2122128948600572,-0.056607660376981776,0.7507186821069777,-0.10859906349981026,1.250856352777958,-0.7654437367303633,0.6130083422806648,-0.09682269966733244,6.33124612706385,0.48,0.4666666666666667,0.1259516976708901,3.947405729218803,76.0,0.30666666666666664,0.25333333333333335,0.24,0.18666666666666668,19.0,14.0,0.22884248921696876,0.6316930494126849,4.493270838915139,0.23621203791190695,15.91596711450429,TRADE_STATS,,,,
USER_SPEC 7-condition (PART 38; registered §A2),n_conditions=2,TEXTBOOK_NOVOL,EXTENDED,106,39.66854508196722,0.330188679245283,2.8052545534831097,5.690659237065737,0.14542774195554012,-0.07086535039718578,0.6844140379120294,-0.12026972788216579,0.9986862737372993,-1.009932573935335,0.551819281265989,-0.10047287852938112,5.492221277452715,0.5094339622641509,0.5,0.1254236969835116,4.043911139199607,74.0,0.2641509433962264,0.20754716981132076,0.19811320754716982,0.16037735849056603,22.0,17.0,0.2362743461928965,0.7409953848538069,3.992644371698103,0.1604177183754332,15.415340647287252,TRADE_STATS,,,,
USER_SPEC 7-condition (PART 38; registered §A2),n_conditions=2,TEXTBOOK_NOVOL,FULL_2023_2026,147,40.038590604026844,0.32653061224489793,2.5156089173696916,5.188443392074988,0.11682282785668421,-0.06877886946860129,0.593826788976073,-0.11445181995877704,1.090087186568777,-1.0250040292775346,0.47947364552726646,-0.09155593026323046,5.23694799614555,0.5170068027210885,0.5102040816326531,0.11652205316919947,3.937552375751269,72.0,0.25170068027210885,0.19727891156462585,0.19047619047619047,0.1564625850340136,29.0,23.0,0.21209217548108725,0.8125554428759139,5.750259419343427,0.12217961434977467,17.17295569493258,TRADE_STATS,,,,
USER_SPEC 7-condition (PART 38; registered §A2),n_conditions=2,TEXTBOOK_NOVOL,Y2020,34,34.0,0.4117647058823529,3.918826095347378,5.598322993353398,0.22631028106907022,-0.06277782768154422,0.7379092192828242,-0.13180897568055755,2.287863736668516,-1.032611295545482,0.8161039962579982,-0.08845043999894503,9.226681023494423,0.5588235294117647,0.5294117647058824,0.10576948381387172,4.2974143828552975,73.0,0.35294117647058826,0.2647058823529412,0.2647058823529412,0.2647058823529412,9.0,9.0,0.2787684035487737,0.49937772071348774,0.11990076812182437,0.14746166263603655,7.694549556348387,TRADE_STATS,,,,
USER_SPEC 7-condition (PART 38; registered §A2),n_conditions=2,TEXTBOOK_NOVOL,Y2021,19,19.0,0.21052631578947367,0.8962605196380504,3.360976948642689,-0.007919638344837127,-0.06461154256499985,0.3250043375891054,-0.09669936526055513,-0.4173373724030143,-1.0491824972288464,0.3080143796119418,-0.08822638106341003,3.4911822960364405,0.631578947368421,0.5263157894736842,0.11039222358944364,4.3207746422280335,38.0,0.10526315789473684,0.05263157894736842,0.05263157894736842,0.05263157894736842,1.0,1.0,,,-1.4206921232813245,-0.010201568037417317,-0.15047312855190542,TRADE_STATS,,,,
USER_SPEC 7-condition (PART 38; registered §A2),n_conditions=2,TEXTBOOK_NOVOL,Y2022,8,8.0,0.375,2.498539332641342,4.164232221068904,0.11173043562133401,-0.07706736251998958,0.49677332581543254,-0.11929529849512507,0.44959322283305136,-1.0448037481252554,0.46645738790361246,-0.08146175853201638,5.726090331333613,0.625,0.625,0.13164083182013486,3.7477362671246026,17.5,0.25,0.25,0.25,0.25,2.0,2.0,1.1168028932359775,1.1168028932359775,-0.4423417674356463,0.11110546736739242,0.8938434849706721,TRADE_STATS,,,,
USER_SPEC 7-condition (PART 38; registered §A2),n_conditions=2,TEXTBOOK_NOVOL,Y2023,41,41.0,0.3170731707317073,1.6296131097051842,3.509935928595781,0.0428686596986665,-0.05853961411606028,0.3499380418408063,-0.0996992677244698,1.3263919855964992,-1.0425194145392709,0.2924337092271544,-0.06850235669708477,4.268958373509498,0.5365853658536586,0.5365853658536586,0.09473569102255605,3.8472366289903355,65.0,0.21951219512195122,0.17073170731707318,0.17073170731707318,0.14634146341463414,7.0,6.0,0.40693930187774074,0.7718477700112198,-1.408429859315819,0.03953250219625116,1.7576150476453265,TRADE_STATS,,,,
USER_SPEC 7-condition (PART 38; registered §A2),n_conditions=2,TEXTBOOK_NOVOL,Y2024,31,31.0,0.22580645161290322,0.8542569897051207,2.9288811075604135,-0.016149240877968932,-0.1019549008381383,0.4191954611322361,-0.14312477896427875,0.38859737283248,-1.0304742654895773,0.4037812304240314,-0.10930395642143446,3.6941135860371297,0.5806451612903226,0.5806451612903226,0.12026748656444988,4.309539021036487,70.0,0.16129032258064516,0.0967741935483871,0.0967741935483871,0.0967741935483871,3.0,3.0,,,-3.361695436012684,-0.01743431890012317,-0.5006264672170369,TRADE_STATS,,,,
USER_SPEC 7-condition (PART 38; registered §A2),n_conditions=2,TEXTBOOK_NOVOL,Y2025,41,41.0,0.3902439024390244,5.023807412468533,7.849699081982083,0.2743323313642673,-0.05471536736565235,0.877680934358906,-0.11181077455230141,1.7271046501613176,-1.0314041307409108,0.7766462356616476,-0.09015092382528746,8.614955928424965,0.5365853658536586,0.5121951219512195,0.12913531001730308,3.947405729218803,123.0,0.34146341463414637,0.2926829268292683,0.2682926829268293,0.21951219512195122,12.0,9.0,0.32382385997389285,0.5783784241534186,0.9869605337530007,0.23486376249603177,11.24762558593496,TRADE_STATS,,,,
USER_SPEC 7-condition (PART 38; registered §A2),n_conditions=2,TEXTBOOK_NOVOL,Y2026,34,50.74626865671642,0.35294117647058826,3.0219015896013395,5.540152914269122,0.13730416260498024,-0.058560736000882956,0.5814356791044061,-0.1049493918492521,0.6765569353450835,-0.4943167470352049,0.4156802943800683,-0.10486807641803375,3.9638401749932872,0.4117647058823529,0.4117647058823529,0.12137787733518846,4.070114012302512,40.5,0.2647058823529412,0.20588235294117646,0.20588235294117646,0.14705882352941177,7.0,5.0,0.44352366849266206,0.73254029268964,-1.193051071267038,0.239524962984573,4.668341528569328,TRADE_STATS,,,,
USER_SPEC 7-condition (PART 38; registered §A2),n_conditions=3,TEXTBOOK_NOVOL,PRE_2020_2022,45,15.010273972602741,0.4666666666666667,6.527534681285896,7.46003963575531,0.27957415533526414,-0.015941255296418096,0.7074698758771599,-0.09483460013889462,2.925241276142777,-0.1398288307349479,0.7483836847649431,-0.06709341031649498,11.154354522070737,0.3111111111111111,0.3111111111111111,0.11654931318158067,4.306847456132901,148.0,0.3111111111111111,0.3111111111111111,0.2222222222222222,0.17777777777777778,14.0,8.0,0.31672053152888013,0.5022970285397417,2.0356243720106058,0.1805904972380232,12.580836990086887,TRADE_STATS,,,,
USER_SPEC 7-condition (PART 38; registered §A2),n_conditions=3,TEXTBOOK_NOVOL,DISCOVERY,48,24.016438356164382,0.2708333333333333,0.9628983633346693,2.5924186705164174,-0.002809006507231327,-0.07548708039467655,0.26917703856148784,-0.10383239467561271,-0.05611835086915835,-1.0456747957301111,0.2909830463737782,-0.08266132685105067,3.520183590787348,0.6041666666666666,0.5833333333333334,0.10312339835815462,4.666097786135326,54.0,0.1875,0.08333333333333333,0.0625,0.0625,4.0,3.0,,,-2.929212168862768,-0.0030518857480104954,-0.1348323123471037,TRADE_STATS,,,,
USER_SPEC 7-condition (PART 38; registered §A2),n_conditions=3,TEXTBOOK_NOVOL,STRICT_OOS,33,19.759426229508197,0.3333333333333333,7.020751244858741,14.04150248971748,0.43088333159232806,-0.058903175024804404,1.5073491149043614,-0.10734956006368872,2.207571289804211,-0.43910272211720214,1.0167198839649463,-0.09729750099560745,10.449599152714587,0.3939393939393939,0.3939393939393939,0.1413925067205942,4.707264803395935,41.0,0.2727272727272727,0.24242424242424243,0.24242424242424243,0.18181818181818182,8.0,6.0,0.42476985996119915,0.7116497491244784,-0.7161578989489684,0.49354911289645353,14.219149942546826,TRADE_STATS,,,,
USER_SPEC 7-condition (PART 38; registered §A2),n_conditions=3,TEXTBOOK_NOVOL,EXTENDED,49,18.33734631147541,0.2653061224489796,4.281925014474659,11.857638501622134,0.26348174354598364,-0.06467397568352723,1.2957274515831765,-0.1092736510230026,1.2409051410691834,-0.8583801871494275,0.737407649863978,-0.09690841287002835,7.609325424129838,0.4897959183673469,0.4897959183673469,0.13853230201596817,4.6430180171440885,42.0,0.20408163265306123,0.16326530612244897,0.16326530612244897,0.12244897959183673,8.0,6.0,0.4678220832365008,0.7837784634732744,-2.024702407742595,0.33369360128594466,12.910605433753199,TRADE_STATS,,,,
USER_SPEC 7-condition (PART 38; registered §A2),n_conditions=3,TEXTBOOK_NOVOL,FULL_2023_2026,81,22.062080536912752,0.2962962962962963,3.3490211375400722,7.953925201657672,0.1738804645703669,-0.06467397568352723,0.8366725735519717,-0.10518989710609818,0.8661255768125847,-1.0344062694303127,0.5866536098368467,-0.08862421261364788,6.619563576765744,0.5185185185185185,0.5061728395061729,0.11913966036541589,4.689177555126565,53.0,0.2222222222222222,0.14814814814814814,0.13580246913580246,0.1111111111111111,12.0,9.0,0.428836276520218,0.985463461755801,-0.9061452376910446,0.1929622911385083,14.08431763019972,TRADE_STATS,,,,
USER_SPEC 7-condition (PART 38; registered §A2),n_conditions=3,TEXTBOOK_NOVOL,Y2020,25,25.0,0.64,16.934234675725765,9.525507005095744,0.5478926739280162,0.24752115455596196,0.9098082785886652,-0.09551284546869329,5.668682898623523,2.11087677022922,1.2131142610472674,-0.05539933604884886,21.897631769044903,0.24,0.24,0.11725987895024476,3.9884838759160552,211.0,0.56,0.56,0.4,0.32,14.0,8.0,0.2909043736622056,0.2909043736622056,3.1521042301241233,0.26992446247315804,13.697316848200405,TRADE_STATS,,,,
USER_SPEC 7-condition (PART 38; registered §A2),n_conditions=3,TEXTBOOK_NOVOL,Y2021,11,11.0,0.09090909090909091,0.030608574765781188,0.3060857476578119,-0.0927205865700041,-0.07078029979631606,0.03220422035646004,-0.10521306726265053,-0.7615402073702562,-0.8789234755023385,0.16497792246115248,-0.10052469000969481,1.641168179133322,0.45454545454545453,0.45454545454545453,0.11469281007469886,5.019062063025705,55.0,0.0,0.0,0.0,0.0,0.0,0.0,,,-0.8101261947937208,-0.13042537752813874,-1.019926452270045,TRADE_STATS,,,,
USER_SPEC 7-condition (PART 38; registered §A2),n_conditions=3,TEXTBOOK_NOVOL,Y2022,9,9.0,0.4444444444444444,0.7349502760403449,0.9186878450504312,-0.010728156204830249,-0.015941255296418096,0.06693267891131341,-0.07285682429774518,-0.18936363978780837,-0.1398288307349479,0.1705169045742312,-0.05871649699048996,2.904071484404954,0.3333333333333333,0.3333333333333333,0.11400549666781876,4.306847456132901,155.0,0.0,0.0,0.0,0.0,0.0,0.0,,,-0.3483428661923078,-0.008698505030943444,-0.09655340584347225,TRADE_STATS,,,,
USER_SPEC 7-condition (PART 38; registered §A2),n_conditions=3,TEXTBOOK_NOVOL,Y2023,32,32.0,0.34375,1.5692181072329494,2.9957800228992673,0.03667850613895384,-0.06833154497243737,0.29415317224236603,-0.09818917610569063,0.2922443690446681,-1.0405248216440262,0.355811486045302,-0.07593903097106527,4.6854888914881645,0.5625,0.53125,0.10113804710630886,4.715248649479329,61.0,0.25,0.125,0.09375,0.09375,4.0,3.0,0.9464692136020623,1.653269552673661,-1.6143944833694577,0.034219014473659555,1.173712196446523,TRADE_STATS,,,,
USER_SPEC 7-condition (PART 38; registered §A2),n_conditions=3,TEXTBOOK_NOVOL,Y2024,16,16.0,0.125,0.16767785696170623,1.1737449987319435,-0.08178403179960166,-0.08597021742917277,0.13180830331665766,-0.11229722253049587,-0.7528437906968113,-1.0568768572890108,0.1613261670307306,-0.09610591861102144,1.6786288436998478,0.6875,0.6875,0.11531090324149523,4.473644819574526,52.0,0.0625,0.0,0.0,0.0,0.0,0.0,,,-1.4606389574017358,-0.13244377619368689,-1.3085445087936265,TRADE_STATS,,,,
USER_SPEC 7-condition (PART 38; registered §A2),n_conditions=3,TEXTBOOK_NOVOL,Y2025,20,20.0,0.3,8.515996929466331,19.870659502088106,0.6342633444647905,-0.061694108656686286,2.395505987484361,-0.12055493111502562,3.2503122900544446,-1.0388443882697884,1.3785288791348191,-0.09852384921322273,13.991829289489523,0.55,0.55,0.14452015573415986,5.294729773297657,41.5,0.3,0.25,0.25,0.2,5.0,4.0,0.47613238117674295,0.47613238117674295,-1.581809330713993,0.5992095838118001,12.685266889295809,TRADE_STATS,,,,
USER_SPEC 7-condition (PART 38; registered §A2),n_conditions=3,TEXTBOOK_NOVOL,Y2026,13,19.402985074626866,0.38461538461538464,3.2760566932548034,5.241690709207685,0.11799100409623217,-0.036139650872817834,0.4415608678083622,-0.08424016072384914,0.6033543663423138,-0.25759713339161483,0.4600906606266808,-0.09541081143004551,4.822206768087449,0.15384615384615385,0.15384615384615385,0.1413925067205942,3.846767758939621,39.0,0.23076923076923078,0.23076923076923078,0.23076923076923078,0.15384615384615385,3.0,2.0,0.6882711370552891,0.6882711370552891,-0.6739212857907931,0.200770033148039,1.5338830532510181,TRADE_STATS,,,,
USER_SPEC 7-condition (PART 38; registered §A2),n_conditions=4,TEXTBOOK_NOVOL,PRE_2020_2022,15,5.0034246575342465,0.5333333333333333,10.1909499101948,8.917081171420449,0.41450100486538216,0.04770862900440948,0.861749673506882,-0.0966403307249035,6.126394525114824,0.4992810938769535,0.9792357729320511,-0.05064366668954119,19.335799260646358,0.4666666666666667,0.4666666666666667,0.09555464765138322,3.3508275737878632,125.0,0.4666666666666667,0.4666666666666667,0.4,0.4,7.0,6.0,0.49497030180894813,0.49497030180894813,0.08814053245471176,0.2373097356099516,6.217515072980732,TRADE_STATS,,,,
USER_SPEC 7-condition (PART 38; registered §A2),n_conditions=4,TEXTBOOK_NOVOL,DISCOVERY,2,1.0006849315068493,0.0,0.0,,-0.1989724675632052,-0.1989724675632052,,-0.1989724675632052,-1.5177712239597447,-1.5177712239597447,0.18023801135341178,-0.1394622703901962,1.2923782959300079,1.0,1.0,0.13270917007009497,4.234531391053253,79.0,0.0,0.0,0.0,0.0,0.0,0.0,,,0.0,-0.25509290713231436,-0.3979449351264104,TRADE_STATS,,,,
USER_SPEC 7-condition (PART 38; registered §A2),n_conditions=4,TEXTBOOK_NOVOL,STRICT_OOS,13,7.784016393442623,0.3076923076923077,6.65374863094849,14.970934419634105,0.268443799476177,-0.04043579664121937,1.0267545410119534,-0.06858319676194585,2.519156621105577,-0.448301308929161,0.5968990533947129,-0.0795788215559413,7.500727476532339,0.3076923076923077,0.3076923076923077,0.07607421306895103,3.5504601206594946,82.0,0.3076923076923077,0.3076923076923077,0.3076923076923077,0.3076923076923077,4.0,4.0,0.5488838734859132,0.5488838734859132,-0.5860123317455644,0.27274477477063713,3.4897693931903015,TRADE_STATS,,,,
USER_SPEC 7-condition (PART 38; registered §A2),n_conditions=4,TEXTBOOK_NOVOL,EXTENDED,14,5.239241803278689,0.2857142857142857,4.717392584889234,11.793481462223085,0.23117187535730346,-0.0419497501957039,1.0267545410119534,-0.0870611909045566,2.197267518082913,-0.6564660123109345,0.5763219390567417,-0.08559855335535953,6.732846718380396,0.35714285714285715,0.35714285714285715,0.10178296986855198,3.742650478634576,94.5,0.2857142857142857,0.2857142857142857,0.2857142857142857,0.2857142857142857,4.0,4.0,0.5918534297560077,0.5918534297560077,-0.8393754699336178,0.22831790158746018,3.2364062550022483,TRADE_STATS,,,,
USER_SPEC 7-condition (PART 38; registered §A2),n_conditions=4,TEXTBOOK_NOVOL,FULL_2023_2026,15,4.0855704697986575,0.26666666666666666,4.045551247845161,11.125265931574193,0.20612163053759275,-0.043463703750188425,1.0267545410119534,-0.09229033690762938,1.9808995750968672,-0.8646307156927081,0.5413442477892061,-0.08756328140050863,6.1823202503471,0.4,0.4,0.12749172666815292,3.9348408366096566,82.0,0.26666666666666666,0.26666666666666666,0.26666666666666666,0.26666666666666666,4.0,4.0,0.6195300438584262,0.6195300438584262,-0.9839572668719747,0.21538310401002378,3.091824458063891,TRADE_STATS,,,,
USER_SPEC 7-condition (PART 38; registered §A2),n_conditions=4,TEXTBOOK_NOVOL,Y2020,7,7.0,0.5714285714285714,8.240659974324984,6.180494980743739,0.26754894179829364,0.04770862900440948,0.532874732609931,-0.08621877928388945,3.3008527793919487,0.4992810938769535,0.7919994377423719,-0.051099038008363476,15.499302308054094,0.42857142857142855,0.42857142857142855,0.09555464765138322,2.2075566915839113,125.0,0.42857142857142855,0.42857142857142855,0.42857142857142855,0.42857142857142855,3.0,3.0,0.5474944694059285,0.5474944694059285,-0.2192656060278092,0.20051847886381755,1.8728425925880556,TRADE_STATS,,,,
USER_SPEC 7-condition (PART 38; registered §A2),n_conditions=4,TEXTBOOK_NOVOL,Y2021,2,2.0,0.5,4.015195979939685,4.015195979939685,0.27726430618136755,0.27726430618136755,0.738439912341925,-0.18391129997918992,5.264748811547675,5.264748811547675,0.6959377133265687,-0.08820533370231814,7.889973135584642,0.5,0.5,0.12059892928993478,4.818968862142811,174.0,0.5,0.5,0.5,0.5,1.0,1.0,1.3316534005262248,1.3316534005262248,0.0,0.160268385075935,0.5545286123627351,TRADE_STATS,,,,
USER_SPEC 7-condition (PART 38; registered §A2),n_conditions=4,TEXTBOOK_NOVOL,Y2022,6,6.0,0.5,17.203104109132212,17.203104109132212,0.6316906446716567,0.13293058341379882,1.341352848424469,-0.07797155908115537,9.710075132980558,0.863361189310323,1.2921108505218377,-0.037591844479989533,34.37210566269606,0.5,0.5,0.0950635635242269,3.139823529608602,277.5,0.5,0.5,0.3333333333333333,0.3333333333333333,3.0,2.0,0.8119705793053675,0.8119705793053675,-0.118960558418224,0.2828465573156672,3.7901438680299404,TRADE_STATS,,,,
USER_SPEC 7-condition (PART 38; registered §A2),n_conditions=4,TEXTBOOK_NOVOL,Y2023,1,1.0,0.0,0.0,,-0.144581796938357,-0.144581796938357,,-0.144581796938357,-1.0482516267077724,-1.0482516267077724,0.05165657004370794,-0.11506947403259593,0.44891636533486795,1.0,1.0,0.13792661347203705,4.486953730601949,19.0,0.0,0.0,0.0,0.0,0.0,0.0,,,0.0,-0.8032322052130945,-0.144581796938357,TRADE_STATS,,,,
USER_SPEC 7-condition (PART 38; registered §A2),n_conditions=4,TEXTBOOK_NOVOL,Y2024,1,1.0,0.0,0.0,,-0.2533631381880534,-0.2533631381880534,,-0.2533631381880534,-1.987290821211717,-1.987290821211717,0.3088194526631156,-0.16385506674779649,1.8847110363602388,1.0,1.0,0.12749172666815292,3.982109051504557,139.0,0.0,0.0,0.0,0.0,0.0,0.0,,,0.0,-0.1835964769478648,-0.2533631381880534,TRADE_STATS,,,,
USER_SPEC 7-condition (PART 38; registered §A2),n_conditions=4,TEXTBOOK_NOVOL,Y2025,10,10.0,0.3,6.597215555705509,15.393502963312857,0.27676850223112154,-0.041135735737735206,1.0873867848971448,-0.07063933319717416,2.3254202863811066,-0.6564660123109345,0.578488956668675,-0.0784130717767205,7.377455615001407,0.3,0.3,0.09985951067678925,3.742650478634576,93.0,0.3,0.3,0.3,0.3,3.0,3.0,0.6920867536101764,0.6920867536101764,-0.4244311255429888,0.2540325858018555,2.7676850223112153,TRADE_STATS,,,,
USER_SPEC 7-condition (PART 38; registered §A2),n_conditions=4,TEXTBOOK_NOVOL,Y2026,3,4.477611940298507,0.3333333333333333,6.8814380360669976,13.762876072133995,0.24069479029302868,-0.04043579664121937,0.8448578093563797,-0.0613867192386468,3.1649444035204755,-0.4045392589522043,0.6582660424815061,-0.08346465415334403,7.886764153747261,0.3333333333333333,0.3333333333333333,0.07607421306895103,3.186421966066537,82.0,0.3333333333333333,0.3333333333333333,0.3333333333333333,0.3333333333333333,1.0,1.0,1.170026444870737,1.170026444870737,0.0,0.38004440572583476,0.7220843708790861,TRADE_STATS,,,,
USER_SPEC 7-condition (PART 38; registered §A2),n_conditions=5,TEXTBOOK_NOVOL,PRE_2020_2022,0,,,,,,,,,,,,,,,,,,,,,,,,,,,,,,TRADE_STATS,,,,
USER_SPEC 7-condition (PART 38; registered §A2),n_conditions=5,TEXTBOOK_NOVOL,DISCOVERY,0,,,,,,,,,,,,,,,,,,,,,,,,,,,,,,TRADE_STATS,,,,
USER_SPEC 7-condition (PART 38; registered §A2),n_conditions=5,TEXTBOOK_NOVOL,STRICT_OOS,2,1.1975409836065574,0.5,88.0254334506745,88.0254334506745,3.0028174695289285,3.0028174695289285,6.074645051400036,-0.06901011234217885,34.829289240677014,34.829289240677014,3.9011144650422116,-0.009363643233513963,416.62356924060333,0.5,0.5,0.0740017843068714,1.899491415912471,111.0,0.5,0.5,0.5,0.5,1.0,1.0,1.0114908936427969,1.0114908936427969,0.0,2.717481872876858,6.005634939057857,TRADE_STATS,,,,
USER_SPEC 7-condition (PART 38; registered §A2),n_conditions=5,TEXTBOOK_NOVOL,EXTENDED,2,0.7484631147540984,0.5,88.0254334506745,88.0254334506745,3.0028174695289285,3.0028174695289285,6.074645051400036,-0.06901011234217885,34.829289240677014,34.829289240677014,3.9011144650422116,-0.009363643233513963,416.62356924060333,0.5,0.5,0.0740017843068714,1.899491415912471,111.0,0.5,0.5,0.5,0.5,1.0,1.0,1.0114908936427969,1.0114908936427969,0.0,2.717481872876858,6.005634939057857,TRADE_STATS,,,,
USER_SPEC 7-condition (PART 38; registered §A2),n_conditions=5,TEXTBOOK_NOVOL,FULL_2023_2026,2,0.5447427293064877,0.5,88.0254334506745,88.0254334506745,3.0028174695289285,3.0028174695289285,6.074645051400036,-0.06901011234217885,34.829289240677014,34.829289240677014,3.9011144650422116,-0.009363643233513963,416.62356924060333,0.5,0.5,0.0740017843068714,1.899491415912471,111.0,0.5,0.5,0.5,0.5,1.0,1.0,1.0114908936427969,1.0114908936427969,0.0,2.717481872876858,6.005634939057857,TRADE_STATS,,,,
USER_SPEC 7-condition (PART 38; registered §A2),n_conditions=5,TEXTBOOK_NOVOL,Y2025,2,2.0,0.5,88.0254334506745,88.0254334506745,3.0028174695289285,3.0028174695289285,6.074645051400036,-0.06901011234217885,34.829289240677014,34.829289240677014,3.9011144650422116,-0.009363643233513963,416.62356924060333,0.5,0.5,0.0740017843068714,1.899491415912471,111.0,0.5,0.5,0.5,0.5,1.0,1.0,1.0114908936427969,1.0114908936427969,0.0,2.717481872876858,6.005634939057857,TRADE_STATS,,,,
USER_SPEC 7-condition (PART 38; registered §A2),n_conditions=6,TEXTBOOK_NOVOL,PRE_2020_2022,1,0.3335616438356165,0.0,0.0,,-0.08251596077223083,-0.08251596077223083,,-0.08251596077223083,-1.4335017659150568,-1.4335017659150568,0.024960534443707383,-0.04825092891247651,0.517306816807276,1.0,1.0,0.05756251072321342,2.071999784092627,7.0,0.0,0.0,0.0,0.0,0.0,0.0,,,0.0,-1.375266012870514,-0.08251596077223083,TRADE_STATS,,,,
USER_SPEC 7-condition (PART 38; registered §A2),n_conditions=6,TEXTBOOK_NOVOL,DISCOVERY,0,,,,,,,,,,,,,,,,,,,,,,,,,,,,,,TRADE_STATS,,,,
USER_SPEC 7-condition (PART 38; registered §A2),n_conditions=6,TEXTBOOK_NOVOL,STRICT_OOS,0,,,,,,,,,,,,,,,,,,,,,,,,,,,,,,TRADE_STATS,,,,
USER_SPEC 7-condition (PART 38; registered §A2),n_conditions=6,TEXTBOOK_NOVOL,EXTENDED,0,,,,,,,,,,,,,,,,,,,,,,,,,,,,,,TRADE_STATS,,,,
USER_SPEC 7-condition (PART 38; registered §A2),n_conditions=6,TEXTBOOK_NOVOL,FULL_2023_2026,0,,,,,,,,,,,,,,,,,,,,,,,,,,,,,,TRADE_STATS,,,,
USER_SPEC 7-condition (PART 38; registered §A2),n_conditions=6,TEXTBOOK_NOVOL,Y2022,1,1.0,0.0,0.0,,-0.08251596077223083,-0.08251596077223083,,-0.08251596077223083,-1.4335017659150568,-1.4335017659150568,0.024960534443707383,-0.04825092891247651,0.517306816807276,1.0,1.0,0.05756251072321342,2.071999784092627,7.0,0.0,0.0,0.0,0.0,0.0,0.0,,,0.0,-1.375266012870514,-0.08251596077223083,TRADE_STATS,,,,
USER_SPEC 7-condition (PART 38; registered §A2),C2_RS_LEADS=1,TEXTBOOK_NOVOL,PRE_2020_2022,19,6.337671232876713,0.21052631578947367,0.5276183120636497,1.9785686702386862,-0.03837357339598185,-0.08251596077223083,0.20358822656646114,-0.10289672005263335,-0.45869048574800225,-1.055500127182457,0.21796692975950419,-0.07798618792174832,2.7949427400940943,0.5789473684210527,0.5789473684210527,0.10673317117925497,4.159263642052628,45.0,0.15789473684210525,0.15789473684210525,0.0,0.0,3.0,0.0,,,-1.5386061028073428,-0.03844439201284763,-0.7290978945236553,TRADE_STATS,,,,
USER_SPEC 7-condition (PART 38; registered §A2),C2_RS_LEADS=1,TEXTBOOK_NOVOL,DISCOVERY,5,2.5017123287671232,0.2,0.08375664623793048,0.33502658495172194,-0.11687556114311182,-0.04117002007476816,0.05341978737597081,-0.1594493982728825,-0.3860618568715014,-0.3158067366651317,0.4085569480310163,-0.17184594419093263,2.37746052113445,0.2,0.2,0.23039994159308586,4.968493925707974,130.0,0.0,0.0,0.0,0.0,0.0,0.0,,,0.0,-0.10288341649921814,-0.5843778057155591,TRADE_STATS,,,,
USER_SPEC 7-condition (PART 38; registered §A2),C2_RS_LEADS=1,TEXTBOOK_NOVOL,STRICT_OOS,13,7.784016393442623,0.6153846153846154,18.90236509207487,11.813978182546794,0.7669786727200111,0.10595970489636558,1.3159590967123507,-0.11139000566773209,3.840834330925226,0.4948919839617406,1.4772804279124527,-0.0742157858499942,19.9052049505795,0.23076923076923078,0.23076923076923078,0.15406866714458536,5.254317543104239,115.0,0.5384615384615384,0.38461538461538464,0.38461538461538464,0.3076923076923077,5.0,4.0,0.6057601323508417,0.6057601323508417,-0.2304928636974627,0.57851597013984,9.970722745360144,TRADE_STATS,,,,
USER_SPEC 7-condition (PART 38; registered §A2),C2_RS_LEADS=1,TEXTBOOK_NOVOL,EXTENDED,17,6.361936475409837,0.47058823529411764,8.81162898746473,9.91308261089782,0.5489955971922714,-0.02438611465066159,1.3159590967123507,-0.13274973571446563,2.7862009194469737,-0.10584253833592726,1.2189313256573489,-0.10456079597809016,11.65763242575894,0.23529411764705882,0.23529411764705882,0.18730233295981868,5.254317543104239,115.0,0.4117647058823529,0.29411764705882354,0.29411764705882354,0.23529411764705882,5.0,4.0,0.6471568378960758,0.6471568378960758,-0.8682904567889929,0.4336861130236345,9.332925152268615,TRADE_STATS,,,,
USER_SPEC 7-condition (PART 38; registered §A2),C2_RS_LEADS=1,TEXTBOOK_NOVOL,FULL_2023_2026,18,4.902684563758389,0.5,8.856341181419152,8.856341181419152,0.5214636077580326,0.014516836362654611,1.1756769512305307,-0.13274973571446563,2.6666965009816903,0.08749356146622181,1.1804127946120537,-0.10133527427803266,11.648587355409589,0.2222222222222222,0.2222222222222222,0.170685500052202,5.111405734406107,122.5,0.3888888888888889,0.2777777777777778,0.2777777777777778,0.2222222222222222,5.0,4.0,0.6434737236592126,0.6434737236592126,-0.8148706694130219,0.4096157512391266,9.386344939644585,TRADE_STATS,,,,
USER_SPEC 7-condition (PART 38; registered §A2),C2_RS_LEADS=1,TEXTBOOK_NOVOL,Y2020,3,3.0,0.6666666666666666,93.44498503449385,46.72249251724693,0.14928934415239667,0.2051915758833855,0.22635636521967373,-0.004844697982157471,1.0677039298264612,1.1151527720190566,0.5038972901578301,-0.07500057703188756,6.718578844314639,0.0,0.0,0.18400310794356256,4.686175251624577,201.0,0.6666666666666666,0.6666666666666666,0.0,0.0,2.0,0.0,0.5526653759991713,0.5526653759991713,0.0,0.08286180063962813,0.44786803245719,TRADE_STATS,,,,
USER_SPEC 7-condition (PART 38; registered §A2),C2_RS_LEADS=1,TEXTBOOK_NOVOL,Y2021,3,3.0,0.0,0.0,,-0.1162037882082712,-0.07078029979631606,,-0.1162037882082712,-1.014210735588726,-1.0506571434066088,0.046478308104072864,-0.07964389751105498,0.583576514416832,0.6666666666666666,0.6666666666666666,0.08053067390862714,4.255451932742281,22.0,0.0,0.0,0.0,0.0,0.0,0.0,,,0.0,-0.3557258822702179,-0.34861136462481357,TRADE_STATS,,,,
USER_SPEC 7-condition (PART 38; registered §A2),C2_RS_LEADS=1,TEXTBOOK_NOVOL,Y2022,13,13.0,0.15384615384615385,0.3039006511733218,1.67145358145327,-0.06371958171969473,-0.09721493695679073,0.1808200879132486,-0.10818133983477538,-0.682738370148096,-1.065973808893167,0.19155729774191305,-0.07829262668341462,2.446683753714093,0.6923076923076923,0.6923076923076923,0.10222886842648733,3.3508275737878632,37.0,0.07692307692307693,0.07692307692307693,0.0,0.0,1.0,0.0,,,-0.9950897808783332,-0.06584694454340474,-0.8283545623560316,TRADE_STATS,,,,
USER_SPEC 7-condition (PART 38; registered §A2),C2_RS_LEADS=1,TEXTBOOK_NOVOL,Y2023,1,1.0,1.0,inf,,0.05341978737597081,0.05341978737597081,0.05341978737597081,,0.6351213870718831,0.6351213870718831,0.5255977668420342,-0.04650140537705516,11.302836174094987,0.0,0.0,0.08410957096288862,1.6752520615849806,219.0,0.0,0.0,0.0,0.0,0.0,0.0,1.0,1.0,0.0,0.03829375439137693,0.05341978737597081,TRADE_STATS,,,,
USER_SPEC 7-condition (PART 38; registered §A2),C2_RS_LEADS=1,TEXTBOOK_NOVOL,Y2024,4,4.0,0.0,0.0,,-0.1594493982728825,-0.11976611798205061,,-0.1594493982728825,-0.6413576678573476,-0.46166918716429317,0.37929674332826174,-0.20318207889440199,1.8667824711321626,0.25,0.25,0.2368856668702598,5.113355749177822,108.0,0.0,0.0,0.0,0.0,0.0,0.0,,,0.0,-0.14884424576231736,-0.63779759309153,TRADE_STATS,,,,
USER_SPEC 7-condition (PART 38; registered §A2),C2_RS_LEADS=1,TEXTBOOK_NOVOL,Y2025,9,9.0,0.6666666666666666,24.62716206606549,12.313581033032747,1.0437420376331803,0.10595970489636558,1.6318763280213646,-0.1325265431431887,5.106925453372879,0.4948919839617406,1.9419229996715,-0.07972935774742126,24.356436004707547,0.2222222222222222,0.2222222222222222,0.19147301301338093,5.388717085297864,192.0,0.5555555555555556,0.4444444444444444,0.4444444444444444,0.3333333333333333,4.0,3.0,0.64297138054864,0.64297138054864,-0.3156831237031467,0.6375078614658041,9.393678338698622,TRADE_STATS,,,,
USER_SPEC 7-condition (PART 38; registered §A2),C2_RS_LEADS=1,TEXTBOOK_NOVOL,Y2026,4,5.970149253731343,0.5,4.620775317194711,4.620775317194711,0.14426110166538092,0.05123065157279744,0.36820740278530895,-0.07968519945454716,0.9921293054180039,0.4202230200402309,0.43183464145459727,-0.061810249080783336,6.98645690442386,0.25,0.25,0.12955018160015047,3.2251252020602896,62.0,0.5,0.25,0.25,0.25,1.0,1.0,1.0359928016820101,1.0359928016820101,0.0,0.23081776266460946,0.5770444066615237,TRADE_STATS,,,,
USER_SPEC 7-condition (PART 38; registered §A2),C2_RS_LEADS=0,TEXTBOOK_NOVOL,PRE_2020_2022,218,72.71643835616439,0.38073394495412843,3.197564003607577,5.200857114301481,0.16280924421693785,-0.06099073533416282,0.6222074044613412,-0.11963555059999159,1.715015985447613,-0.8392730513106432,0.6211569418128432,-0.08958706823464763,6.933555858596698,0.47706422018348627,0.45871559633027525,0.11627998849596093,4.3844377461547195,78.5,0.2889908256880734,0.24311926605504589,0.21100917431192662,0.1834862385321101,53.0,40.0,0.19897475680762539,0.6552475568376124,21.848448160789154,0.11822923131010143,35.49241523929245,TRADE_STATS,,,,
USER_SPEC 7-condition (PART 38; registered §A2),C2_RS_LEADS=0,TEXTBOOK_NOVOL,DISCOVERY,259,129.58869863013697,0.2972972972972973,1.7124905305724802,4.047704890444044,0.0573926366793046,-0.07591319308753125,0.463996065652363,-0.11463189096314315,0.9305957252821978,-1.0304742654895773,0.392721508629839,-0.08385019287173673,4.683608888420496,0.5328185328185329,0.528957528957529,0.10743048533618267,4.2184025690557485,61.0,0.23552123552123552,0.1583011583011583,0.11969111969111969,0.11583011583011583,41.0,30.0,0.5383216988468325,1.2879565798954549,3.960107453957619,0.05273037566491625,14.864692899939891,TRADE_STATS,,,,
USER_SPEC 7-condition (PART 38; registered §A2),C2_RS_LEADS=0,TEXTBOOK_NOVOL,STRICT_OOS,273,163.46434426229507,0.3626373626373626,3.9287783917040144,6.905125658146449,0.25330598626567824,-0.06412215924415249,0.9370093545583759,-0.13569765431464983,1.8411426247807159,-0.8583801871494275,0.6951126029792384,-0.10960891326885956,6.3417525295064054,0.47619047619047616,0.4652014652014652,0.14625825958186894,4.232732657506157,59.0,0.29304029304029305,0.26373626373626374,0.23443223443223443,0.20146520146520147,72.0,55.0,0.23620644335254157,0.6544247628708183,45.096822394105146,0.3034137035760268,69.15253425053015,TRADE_STATS,,,,
USER_SPEC 7-condition (PART 38; registered §A2),C2_RS_LEADS=0,TEXTBOOK_NOVOL,EXTENDED,375,140.33683401639345,0.32,2.906045910535719,6.175347559888403,0.1744786003363976,-0.07762725521220498,0.8313067450606972,-0.13461699718091982,1.3076345805814478,-1.024331197884889,0.5809707428155911,-0.10556591193820775,5.50339339800956,0.5226666666666666,0.5146666666666667,0.13483989488557024,4.195333400746895,57.0,0.256,0.216,0.18933333333333333,0.16533333333333333,81.0,62.0,0.3119918398288987,0.8338995542542041,41.37376326972409,0.21524623777004392,65.4294751261491,TRADE_STATS,,,,
USER_SPEC 7-condition (PART 38; registered §A2),C2_RS_LEADS=0,TEXTBOOK_NOVOL,FULL_2023_2026,532,144.90156599552571,0.3308270676691729,2.8891145174643333,5.843890728507402,0.15792711870389103,-0.06951427284889478,0.7300660406619953,-0.12492807866865482,1.3978500552880164,-1.0126403063932523,0.5478958859933465,-0.09706848360183923,5.644426137743488,0.5037593984962406,0.49624060150375937,0.12360719480773803,4.225567613280953,60.5,0.2650375939849624,0.212406015037594,0.17857142857142858,0.15977443609022557,113.0,85.0,0.2878068570120177,0.829835398599522,59.836493069428485,0.16479944126883286,84.01722715047003,TRADE_STATS,,,,
USER_SPEC 7-condition (PART 38; registered §A2),C2_RS_LEADS=0,TEXTBOOK_NOVOL,Y2020,109,109.0,0.4954128440366973,6.329757759208147,6.446975495489779,0.2991129761243986,-0.015652799816959436,0.7170469806732953,-0.11122222834179099,2.9722846057610117,-0.20503990957427057,0.8294615266516131,-0.07788089524205682,10.650385105019847,0.42201834862385323,0.41284403669724773,0.10939868569396945,4.120908594935265,127.0,0.3944954128440367,0.3394495412844037,0.3211009174311927,0.27522935779816515,37.0,30.0,0.12221485613366925,0.3813863065178565,20.168856739233796,0.17556035968746672,32.603314397559444,TRADE_STATS,,,,
USER_SPEC 7-condition (PART 38; registered §A2),C2_RS_LEADS=0,TEXTBOOK_NOVOL,Y2021,69,69.0,0.2318840579710145,0.7311424447805592,2.4219093483356025,-0.027262629046000828,-0.0904907613032423,0.31972499834863466,-0.13201361090098512,-0.13977989678714975,-1.0286991602173552,0.34470174607574466,-0.10811045610815513,3.188421901863965,0.5797101449275363,0.5362318840579711,0.13060387098039067,4.621755757428793,49.0,0.17391304347826086,0.13043478260869565,0.057971014492753624,0.057971014492753624,9.0,4.0,,,-5.420818951691752,-0.02848026349998573,-1.8811214041740572,TRADE_STATS,,,,
USER_SPEC 7-condition (PART 38; registered §A2),C2_RS_LEADS=0,TEXTBOOK_NOVOL,Y2022,40,40.0,0.325,2.5707768814503895,5.339305830704656,0.11925555614767647,-0.05822498189627007,0.6005444338734776,-0.11247612572030186,1.4884818919485678,-0.6045535315495948,0.5304121607736897,-0.08953354555765707,5.924172414596486,0.45,0.45,0.12018703927063468,4.441793941790062,95.0,0.2,0.175,0.175,0.15,7.0,6.0,0.6451450589782265,0.8901535684393969,-1.850260312005283,0.09847692497743722,4.770222245907059,TRADE_STATS,,,,
USER_SPEC 7-condition (PART 38; registered §A2),C2_RS_LEADS=0,TEXTBOOK_NOVOL,Y2023,157,157.0,0.35668789808917195,2.831835907600344,5.107418333350621,0.11839332499567475,-0.05737338827372473,0.5131216740933482,-0.10046595767234223,1.6133328770393747,-0.7125122179460992,0.4688954318000871,-0.07677207833981257,6.107629778168016,0.4585987261146497,0.45222929936305734,0.10194526421068713,4.28999925441711,92.0,0.28662420382165604,0.20382165605095542,0.15286624203821655,0.1464968152866242,32.0,23.0,0.33215435233508395,0.7735446580408909,7.683166578338669,0.09030194337505312,18.587752024320935,TRADE_STATS,,,,
USER_SPEC 7-condition (PART 38; registered §A2),C2_RS_LEADS=0,TEXTBOOK_NOVOL,Y2024,102,102.0,0.20588235294117646,0.6525682040037689,2.51704878687168,-0.036500579650794555,-0.10453718396888201,0.3329944431430686,-0.13229558556031465,-0.12028400830482915,-1.0437392448758103,0.2754734112011239,-0.09474493778852194,2.9075264349848635,0.6470588235294118,0.6470588235294118,0.1200546884614312,4.085217855320159,52.0,0.1568627450980392,0.08823529411764706,0.06862745098039216,0.06862745098039216,9.0,7.0,,,-8.018679409394084,-0.048948976129122336,-3.7230591243810447,TRADE_STATS,,,,
USER_SPEC 7-condition (PART 38; registered §A2),C2_RS_LEADS=0,TEXTBOOK_NOVOL,Y2025,136,136.0,0.3235294117647059,4.8603221108759085,10.162491686376898,0.36635526872722035,-0.06869281981274672,1.4257066710121657,-0.14029105410470988,2.9428602375880906,-1.032844954600874,0.9071682718639165,-0.10717997904109622,8.463971349687233,0.5514705882352942,0.5367647058823529,0.13367537519072384,4.371709683731758,78.5,0.29411764705882354,0.27205882352941174,0.2647058823529412,0.25,37.0,34.0,0.12192129210004692,0.597073685803776,25.768604690476977,0.35124650367925253,49.82431654690197,TRADE_STATS,,,,
USER_SPEC 7-condition (PART 38; registered §A2),C2_RS_LEADS=0,TEXTBOOK_NOVOL,Y2026,137,204.4776119402985,0.40145985401459855,2.8055967386711185,4.182889683109667,0.14108188104838074,-0.05006413965087302,0.5460515013953441,-0.1305440838184849,0.7474667463733952,-0.4045392589522043,0.48460478569225873,-0.11202011804970496,4.326051374782809,0.40145985401459855,0.39416058394160586,0.15819709576429855,4.048924284132471,53.0,0.291970802919708,0.25547445255474455,0.20437956204379562,0.15328467153284672,35.0,21.0,0.1127604773439037,0.6441905875618352,9.556699621857042,0.2245769790696353,19.328217703628162,TRADE_STATS,,,,
USER_SPEC 7-condition (PART 38; registered §A2),C3_LOW_OVERHEAD=1,TEXTBOOK_NOVOL,PRE_2020_2022,94,31.354794520547948,0.43617021276595747,4.299072390262579,5.55733748009553,0.21689105021477628,-0.042375003862507164,0.6479903546339303,-0.11660086452456932,2.2108650854619847,-0.522330016330145,0.7416542245020113,-0.08603719252998568,8.620158360508219,0.425531914893617,0.4148936170212766,0.11793510009567071,4.003193777609175,125.5,0.32978723404255317,0.2872340425531915,0.2553191489361702,0.2127659574468085,27.0,20.0,0.15094770123640314,0.5434548138249352,9.30793310060097,0.14133138345422322,20.38775872018897,TRADE_STATS,,,,
USER_SPEC 7-condition (PART 38; registered §A2),C3_LOW_OVERHEAD=1,TEXTBOOK_NOVOL,DISCOVERY,32,16.01095890410959,0.21875,0.440373719846789,1.5727632851671038,-0.06083585795865049,-0.09662357420356751,0.21884411299411982,-0.13914624982542617,-0.467217994886101,-1.0360999463967104,0.27131812893712065,-0.1064222850192374,2.5494484438863148,0.625,0.625,0.13190577369335224,3.7724540959146227,62.5,0.15625,0.03125,0.03125,0.03125,1.0,1.0,,,-3.3541546562206266,-0.07222212779361216,-1.9467474546768158,TRADE_STATS,,,,
USER_SPEC 7-condition (PART 38; registered §A2),C3_LOW_OVERHEAD=1,TEXTBOOK_NOVOL,STRICT_OOS,39,23.352049180327867,0.38461538461538464,9.08056414701283,14.528902635220527,0.6120100878666298,-0.047152508050973534,1.7881464186161324,-0.12307511885180934,4.133268896735148,-0.4045392589522043,1.2940174519073966,-0.11247268830919256,11.505170467252311,0.3333333333333333,0.3333333333333333,0.18059502388463328,4.52971541171213,101.0,0.38461538461538464,0.3333333333333333,0.3333333333333333,0.2564102564102564,13.0,10.0,0.2545058204286027,0.5075545372761122,4.038676535477564,0.5267798152019104,23.868393426798562,TRADE_STATS,,,,
USER_SPEC 7-condition (PART 38; registered §A2),C3_LOW_OVERHEAD=1,TEXTBOOK_NOVOL,EXTENDED,61,22.828125000000004,0.32786885245901637,5.023538181103877,10.298253271262949,0.3683385366891778,-0.06179391588952859,1.4026476173448912,-0.13620247826482854,2.482828160120862,-0.8645130438931358,0.9406688534124886,-0.11362083869828227,8.279016984819263,0.4426229508196721,0.4426229508196721,0.1540276824716731,4.018672782151555,87.0,0.29508196721311475,0.22950819672131148,0.22950819672131148,0.18032786885245902,14.0,11.0,0.27036091851815325,0.7012775754872111,2.638933846718855,0.3521180181482502,22.468650738039848,TRADE_STATS,,,,
USER_SPEC 7-condition (PART 38; registered §A2),C3_LOW_OVERHEAD=1,TEXTBOOK_NOVOL,FULL_2023_2026,71,19.338366890380314,0.30985915492957744,4.40797285110887,9.817757713833391,0.3087555770721372,-0.06554457166941768,1.288822957736401,-0.1312746754710016,2.059810016004444,-0.8646307156927081,0.8330825457799483,-0.10974574598132546,7.591023582105016,0.4647887323943662,0.4647887323943662,0.14539952794866423,4.018672782151555,82.0,0.28169014084507044,0.19718309859154928,0.19718309859154928,0.15492957746478872,14.0,11.0,0.2771071597053114,0.812438458531091,2.0919290808007496,0.30335080567524725,21.92164597212174,TRADE_STATS,,,,
USER_SPEC 7-condition (PART 38; registered §A2),C3_LOW_OVERHEAD=1,TEXTBOOK_NOVOL,Y2020,61,61.0,0.5081967213114754,5.7431148070404126,5.557853039071367,0.2555660494517968,0.00039389095712794465,0.6089128821266502,-0.10955901097888517,2.3863706280856123,0.009874951174374813,0.7589128632914242,-0.07762230404713004,9.776994803331707,0.3770491803278688,0.3770491803278688,0.11280981535992093,4.060541391658581,148.0,0.3770491803278688,0.32786885245901637,0.29508196721311475,0.22950819672131148,20.0,14.0,0.1497612696063498,0.40442857364066565,5.927856105014859,0.14962596234340725,15.589529016559602,TRADE_STATS,,,,
USER_SPEC 7-condition (PART 38; registered §A2),C3_LOW_OVERHEAD=1,TEXTBOOK_NOVOL,Y2021,18,18.0,0.3333333333333333,1.489013941175496,2.978027882350992,0.045585802488067886,-0.09832140428701341,0.416416934420562,-0.1398297634781792,0.4578805362742107,-0.9075810429258516,0.5852632094363618,-0.11667182506430035,5.016319999398403,0.5,0.4444444444444444,0.17077943754753552,4.619827047538548,45.5,0.2222222222222222,0.16666666666666666,0.16666666666666666,0.16666666666666666,3.0,3.0,1.2683042201473314,1.2683042201473314,-1.6457930395384217,0.04181118189988391,0.8205444447852219,TRADE_STATS,,,,
USER_SPEC 7-condition (PART 38; registered §A2),C3_LOW_OVERHEAD=1,TEXTBOOK_NOVOL,Y2022,15,15.0,0.26666666666666666,4.273496222469111,11.752114611790056,0.26517901725627624,-0.08251596077223083,1.298200896885403,-0.1104653026088608,3.600724004484562,-1.0414930345149755,0.8591383115038435,-0.08349617998575437,10.289552308266373,0.5333333333333333,0.5333333333333333,0.10673317117925497,3.1455902033217726,42.0,0.26666666666666666,0.26666666666666666,0.2,0.2,4.0,3.0,0.7736874870459783,0.7736874870459783,-1.1975618744817007,0.19460299700803052,3.9776852588441436,TRADE_STATS,,,,
USER_SPEC 7-condition (PART 38; registered §A2),C3_LOW_OVERHEAD=1,TEXTBOOK_NOVOL,Y2023,10,10.0,0.2,0.3550669859433312,1.4202679437733248,-0.05470047659181054,-0.08834529393165808,0.150576361651501,-0.10601968615263843,-0.5206006631057025,-1.0390110260662766,0.17680606922145323,-0.0861076804078887,2.0533135764885295,0.6,0.6,0.13190577369335224,4.103420404169576,49.0,0.2,0.0,0.0,0.0,0.0,0.0,,,-0.7269511634250447,-0.06469601016181022,-0.5470047659181054,TRADE_STATS,,,,
USER_SPEC 7-condition (PART 38; registered §A2),C3_LOW_OVERHEAD=1,TEXTBOOK_NOVOL,Y2024,22,22.0,0.22727272727272727,0.4678793573479565,1.590789814983052,-0.06362466767085047,-0.09662357420356751,0.24615121353116737,-0.15473522096556158,-0.44295314569537303,-1.0321338798727606,0.31427815608060583,-0.11565619620621409,2.7173481956837864,0.6363636363636364,0.6363636363636364,0.13436314317853812,3.5457197735271215,62.5,0.13636363636363635,0.045454545454545456,0.045454545454545456,0.045454545454545456,1.0,1.0,,,-2.630498756414547,-0.07566176695993028,-1.3997426887587103,TRADE_STATS,,,,
USER_SPEC 7-condition (PART 38; registered §A2),C3_LOW_OVERHEAD=1,TEXTBOOK_NOVOL,Y2025,28,28.0,0.39285714285714285,12.19218495428107,18.842467656616197,0.7847275954572711,-0.04638117481221792,2.175960138139577,-0.11548169686657402,5.310904020177067,-0.45086740984248075,1.5440345688462274,-0.09796617774061502,15.760894264287483,0.35714285714285715,0.35714285714285715,0.14636980937472116,4.61406164911392,137.5,0.39285714285714285,0.35714285714285715,0.35714285714285715,0.32142857142857145,10.0,9.0,0.2764674139593016,0.2764674139593016,2.2804049873890837,0.5772329613241453,21.97237267280359,TRADE_STATS,,,,
USER_SPEC 7-condition (PART 38; registered §A2),C3_LOW_OVERHEAD=1,TEXTBOOK_NOVOL,Y2026,11,16.417910447761194,0.36363636363636365,2.9139854101223324,5.0994744677140815,0.17236552309045178,-0.06554457166941768,0.7216586899266589,-0.141516286530238,1.1356522188829923,-0.25759713339161483,0.6576102451540092,-0.14939835157466266,4.401723568049978,0.2727272727272727,0.2727272727272727,0.19720853944986988,4.255756772346677,59.0,0.36363636363636365,0.2727272727272727,0.2727272727272727,0.09090909090909091,3.0,1.0,1.0829139626700588,1.0829139626700588,-0.9586403170519591,0.26170058716286676,1.8960207539949696,TRADE_STATS,,,,
USER_SPEC 7-condition (PART 38; registered §A2),C3_LOW_OVERHEAD=0,TEXTBOOK_NOVOL,PRE_2020_2022,143,47.699315068493156,0.32167832167832167,2.248484787842238,4.741370096102111,0.10052838199006868,-0.07006004604511407,0.562825281229696,-0.11870519909264111,1.1002590738807068,-1.0251565473360504,0.4883782369051841,-0.09037917725767652,5.403658804204293,0.5244755244755245,0.5034965034965035,0.11414002328776363,4.470735492649254,62.0,0.24475524475524477,0.20279720279720279,0.15384615384615385,0.13986013986013987,29.0,20.0,0.27717944621404095,0.891629734427935,3.985866736534877,0.08218831756091602,14.37555862457982,TRADE_STATS,,,,
USER_SPEC 7-condition (PART 38; registered §A2),C3_LOW_OVERHEAD=0,TEXTBOOK_NOVOL,DISCOVERY,232,116.07945205479452,0.30603448275862066,1.9003957129536508,4.309348025148419,0.06994423512457391,-0.07468660423636825,0.4823832119950574,-0.1119387919425337,1.095021376724513,-1.0259370384519997,0.4098080834021359,-0.08263326100913308,4.959359928405121,0.5129310344827587,0.5086206896551724,0.10563467285314626,4.3096096046611,63.0,0.2413793103448276,0.1724137931034483,0.12931034482758622,0.125,40.0,29.0,0.38047568476412585,1.1287008227759765,5.322477102918876,0.06226211049938091,16.22706254890115,TRADE_STATS,,,,
USER_SPEC 7-condition (PART 38; registered §A2),C3_LOW_OVERHEAD=0,TEXTBOOK_NOVOL,STRICT_OOS,247,147.89631147540985,0.3724696356275304,3.6045752632048536,6.07292571518209,0.2237039010894402,-0.06412215924415249,0.8311891586493048,-0.13686799372028585,1.5844748821639376,-0.86722658633284,0.6417154070923301,-0.10729394208255096,5.980909962266092,0.48582995951417,0.47368421052631576,0.14319303769594965,4.200380284057201,57.0,0.291497975708502,0.2591093117408907,0.22672064777327935,0.19838056680161945,64.0,49.0,0.18567829961074234,0.6396951141626674,35.22296982995752,0.2764955142568641,55.254863569091725,TRADE_STATS,,,,
USER_SPEC 7-condition (PART 38; registered §A2),C3_LOW_OVERHEAD=0,TEXTBOOK_NOVOL,EXTENDED,331,123.87064549180329,0.32628398791540786,2.7467477223543697,5.671525389676152,0.1579871587322594,-0.07762725521220498,0.7614030540193021,-0.13425013584621875,1.1669965727530782,-1.024331197884889,0.5474473143016914,-0.10402984697238735,5.262406225080773,0.5226586102719033,0.513595166163142,0.1325714639022279,4.236746511173037,55.0,0.256797583081571,0.2175226586102719,0.18731117824773413,0.1661631419939577,72.0,55.0,0.27419753600140834,0.8264843660247935,32.261855801243655,0.1998347231991817,52.29374954037786,TRADE_STATS,,,,
USER_SPEC 7-condition (PART 38; registered §A2),C3_LOW_OVERHEAD=0,TEXTBOOK_NOVOL,FULL_2023_2026,479,130.4658836689038,0.34029227557411273,2.821813615889123,5.470509832030447,0.14923157853443192,-0.06837552728331459,0.6792552800453074,-0.12416672319427922,1.3474118064605003,-0.9551636369128895,0.529392862006474,-0.09534972912006046,5.552117105019609,0.4989561586638831,0.4906054279749478,0.12058226541993289,4.280840833834233,60.0,0.267223382045929,0.21711899791231734,0.17954070981210857,0.162839248434238,104.0,78.0,0.2933500060436319,0.7952006017850496,50.51270265926921,0.15523856561952132,71.48192611799288,TRADE_STATS,,,,
USER_SPEC 7-condition (PART 38; registered §A2),C3_LOW_OVERHEAD=0,TEXTBOOK_NOVOL,Y2020,51,51.0,0.49019607843137253,7.158668337211049,7.445015070699491,0.34238536104817713,-0.015652799816959436,0.8118780136348456,-0.10904988182361948,3.5610495196903402,-0.20503990957427057,0.8946924238180868,-0.07802076010990049,11.467363590893218,0.45098039215686275,0.43137254901960786,0.10810529488847802,4.169486740219046,92.0,0.43137254901960786,0.37254901960784315,0.3333333333333333,0.3137254901960784,19.0,16.0,0.22819198641909408,0.44400664633070724,7.071961525412084,0.2008818339195517,17.461653413457032,TRADE_STATS,,,,
USER_SPEC 7-condition (PART 38; registered §A2),C3_LOW_OVERHEAD=0,TEXTBOOK_NOVOL,Y2021,54,54.0,0.18518518518518517,0.46178311809710004,2.0318457196272406,-0.05648661506637208,-0.08766183033623284,0.26170983670547826,-0.12880399046906532,-0.3875795321854685,-1.0317729862274398,0.24794662284600172,-0.10367519097849004,2.3915714116933176,0.6111111111111112,0.5740740740740741,0.12537211918766203,4.632077887576703,45.5,0.14814814814814814,0.1111111111111111,0.018518518518518517,0.018518518518518517,6.0,1.0,,,-5.009041133517575,-0.06434505249623652,-3.050277213584092,TRADE_STATS,,,,
USER_SPEC 7-condition (PART 38; registered §A2),C3_LOW_OVERHEAD=0,TEXTBOOK_NOVOL,Y2022,38,38.0,0.2894736842105263,0.9881073157821221,2.425354320556118,-0.0009425677708715047,-0.090106445811794,0.2705376571490994,-0.11154562236789668,-0.0880837684539727,-0.9848173781032088,0.2847278060272317,-0.08807113866853572,3.2329297694087096,0.5,0.5,0.12012561841773882,4.504455444938125,65.5,0.13157894736842105,0.10526315789473684,0.10526315789473684,0.07894736842105263,4.0,3.0,,,-2.6100085182179042,-0.0008826410865726264,-0.03581757529311718,TRADE_STATS,,,,
USER_SPEC 7-condition (PART 38; registered §A2),C3_LOW_OVERHEAD=0,TEXTBOOK_NOVOL,Y2023,148,148.0,0.3716216216216216,3.0634879219401467,5.180079577098793,0.12964984174064195,-0.05640890655179714,0.5179469238781903,-0.09998821758801567,1.7509080386034508,-0.6738443797455278,0.4890143234273053,-0.07593676284222121,6.439757307581868,0.44594594594594594,0.4391891891891892,0.1014000600485514,4.299839721351411,93.0,0.2905405405405405,0.21621621621621623,0.16216216216216217,0.1554054054054054,32.0,23.0,0.1963329731804755,0.6956994945721139,8.283591131632742,0.09652971414435563,19.18817657761501,TRADE_STATS,,,,
USER_SPEC 7-condition (PART 38; registered §A2),C3_LOW_OVERHEAD=0,TEXTBOOK_NOVOL,Y2024,84,84.0,0.19047619047619047,0.6605488787872296,2.807332734845726,-0.03525135748468887,-0.10662634444766544,0.36013295239678783,-0.12828295980974216,-0.06058845610980669,-1.0482480876656126,0.2702542319292185,-0.09443185301750161,2.861896947835289,0.6309523809523809,0.6309523809523809,0.11877033236481946,4.36215380864902,53.5,0.15476190476190477,0.09523809523809523,0.07142857142857142,0.07142857142857142,8.0,6.0,,,-7.03738679277447,-0.04787960269567249,-2.9611140287138653,TRADE_STATS,,,,
USER_SPEC 7-condition (PART 38; registered §A2),C3_LOW_OVERHEAD=0,TEXTBOOK_NOVOL,Y2025,117,117.0,0.3333333333333333,4.284108215299832,8.568216430599664,0.3183386513914274,-0.07608143384333083,1.245815127516106,-0.14539958667091177,2.542615460063063,-1.0372350504904384,0.8343523422465109,-0.10727340506477484,7.777811674223489,0.5726495726495726,0.5555555555555556,0.1374539941665266,4.423531015777797,67.0,0.2905982905982906,0.26495726495726496,0.2564102564102564,0.23931623931623933,31.0,28.0,0.1571461333402427,0.6132653393747268,17.213728473662805,0.3142560092203595,37.24562221279701,TRADE_STATS,,,,
USER_SPEC 7-condition (PART 38; registered §A2),C3_LOW_OVERHEAD=0,TEXTBOOK_NOVOL,Y2026,130,194.02985074626864,0.4076923076923077,2.824021488763436,4.102823672354427,0.1385326258176517,-0.04466488111115801,0.5260870306152435,-0.12822560086121024,0.7221483620547249,-0.3978051934566944,0.4683421654535671,-0.1073124253985494,4.364286462766854,0.4076923076923077,0.4,0.14634608739691943,3.9818313685252678,51.0,0.2923076923076923,0.25384615384615383,0.2,0.16153846153846155,33.0,21.0,0.12101892641392256,0.5773607208265662,8.941722313351294,0.22146140379113033,18.00924135629472,TRADE_STATS,,,,
USER_SPEC 7-condition (PART 38; registered §A2),C4_COMPRESSION=1,TEXTBOOK_NOVOL,PRE_2020_2022,82,27.35205479452055,0.3902439024390244,6.0473977216960755,9.449058940150119,0.2744763278525987,-0.039767792388280924,0.8426937510763883,-0.08918282301062674,3.1479990390426287,-0.8117217767668728,0.7041848296806864,-0.06144740778579578,11.45995990808039,0.47560975609756095,0.45121951219512196,0.09398018442474518,4.041479703477216,59.5,0.3048780487804878,0.2682926829268293,0.23170731707317074,0.21951219512195122,22.0,18.0,0.17703820828524655,0.5128079907827552,8.863091805409804,0.20587293742431367,22.507058883913093,TRADE_STATS,,,,
USER_SPEC 7-condition (PART 38; registered §A2),C4_COMPRESSION=1,TEXTBOOK_NOVOL,DISCOVERY,100,50.034246575342465,0.33,1.654646170017036,3.3594331330648917,0.04450094699682966,-0.06909006479525814,0.3408425612549491,-0.10145835554821424,1.03919883400138,-1.0429881831711472,0.33884352092868014,-0.07190471178510358,4.7123966220928235,0.54,0.53,0.094735689650881,4.306905321520725,64.5,0.25,0.17,0.13,0.13,17.0,13.0,0.24963119540917442,0.9791443518163573,0.09280960944048133,0.037636118908008845,4.450094699682966,TRADE_STATS,,,,
USER_SPEC 7-condition (PART 38; registered §A2),C4_COMPRESSION=1,TEXTBOOK_NOVOL,STRICT_OOS,92,55.08688524590164,0.358695652173913,5.592260286685874,9.998283542862623,0.27358233348735167,-0.050471092789506754,0.9288013080597558,-0.09289607601924733,2.2704279880822824,-0.48472676370093415,0.6383838591534738,-0.08549967519430009,7.466506249324702,0.43478260869565216,0.42391304347826086,0.1187145314541126,3.5856442733640588,45.0,0.2826086956521739,0.25,0.22826086956521738,0.20652173913043478,23.0,19.0,0.24134873665645046,0.6755364744234794,8.16660893820569,0.3291216041953103,25.16957468083635,TRADE_STATS,,,,
USER_SPEC 7-condition (PART 38; registered §A2),C4_COMPRESSION=1,TEXTBOOK_NOVOL,EXTENDED,114,42.66239754098361,0.3333333333333333,4.205971440536587,8.411942881073173,0.212109017529132,-0.05983920136906145,0.8348088745218087,-0.09924091096720643,1.741285697431622,-0.8494336015457356,0.5661514347185562,-0.08625217466874874,6.563909105977436,0.47368421052631576,0.4649122807017544,0.1187145314541126,3.883824961889048,50.0,0.2543859649122807,0.21052631578947367,0.19298245614035087,0.17543859649122806,24.0,20.0,0.25122156861002726,0.7642986146663189,7.1774622556903855,0.25696522846249786,24.180427998321047,TRADE_STATS,,,,
USER_SPEC 7-condition (PART 38; registered §A2),C4_COMPRESSION=1,TEXTBOOK_NOVOL,FULL_2023_2026,192,52.29530201342282,0.34375,3.412304473715541,6.514399449820578,0.15426911135687146,-0.05872139457043234,0.6348219346573525,-0.09744903418147577,1.629162803665146,-0.9540222499310871,0.48237326632806043,-0.07841896508534357,6.151232240862811,0.4895833333333333,0.4791666666666667,0.09923640082405857,3.9559834138766155,60.5,0.265625,0.20833333333333334,0.17708333333333334,0.16666666666666666,40.0,32.0,0.3428071083599614,0.7779016002430168,12.616703637888657,0.15211806681826937,29.61966938051932,TRADE_STATS,,,,
USER_SPEC 7-condition (PART 38; registered §A2),C4_COMPRESSION=1,TEXTBOOK_NOVOL,Y2020,46,46.0,0.4782608695652174,9.517270063020721,10.382476432386241,0.4158452776614649,-0.013065118594078742,0.9715807465943374,-0.09357890219366821,4.407621359766309,-0.17863610417492146,0.9531829854928371,-0.05947056107777491,16.027812218658497,0.43478260869565216,0.41304347826086957,0.09529240241526211,3.962698318455893,99.5,0.41304347826086957,0.3695652173913043,0.32608695652173914,0.30434782608695654,17.0,14.0,0.2083032985241554,0.33035473696206946,6.864911682582981,0.27214230719060156,19.128882772427385,TRADE_STATS,,,,
USER_SPEC 7-condition (PART 38; registered §A2),C4_COMPRESSION=1,TEXTBOOK_NOVOL,Y2021,21,21.0,0.14285714285714285,0.557588518525334,3.345531111152004,-0.03590484335018534,-0.07078029979631606,0.316765962794352,-0.09468331104094155,-0.2234672499438822,-1.036968931610481,0.16861811950069047,-0.07564462819817919,2.229082533910177,0.6190476190476191,0.5714285714285714,0.08467719405422086,4.6209998306539015,42.0,0.09523809523809523,0.047619047619047616,0.047619047619047616,0.047619047619047616,1.0,1.0,,,-1.6416653992080688,-0.05360836902622766,-0.7540017103538921,TRADE_STATS,,,,
USER_SPEC 7-condition (PART 38; registered §A2),C4_COMPRESSION=1,TEXTBOOK_NOVOL,Y2022,15,15.0,0.4666666666666667,9.119058608494933,10.421781266851353,0.27547852145597335,-0.015941255296418096,0.6630179601408505,-0.06361848739329401,4.005210060071124,-0.1398288307349479,0.690383879442085,-0.04763362911305636,14.493623355959059,0.4,0.4,0.0995029018760487,3.612778094710638,155.0,0.26666666666666666,0.26666666666666666,0.2,0.2,4.0,3.0,0.7447611029490726,0.7447611029490726,-0.4083094015695536,0.16548569570843413,4.1321778218396,TRADE_STATS,,,,
USER_SPEC 7-condition (PART 38; registered §A2),C4_COMPRESSION=1,TEXTBOOK_NOVOL,Y2023,78,78.0,0.358974358974359,2.148423220461495,3.8364700365383846,0.0697338638743368,-0.053224374028708214,0.3634110876984476,-0.09472538146716518,1.4652908820064505,-1.0197917240387089,0.3599282509881051,-0.0669704280019053,5.374435578907533,0.5128205128205128,0.5,0.08542655949282438,4.153732859804407,76.5,0.28205128205128205,0.20512820512820512,0.15384615384615385,0.15384615384615385,16.0,12.0,0.20423481539201818,0.6695864724267764,1.0819562919557877,0.0540599451592533,5.439241382198271,TRADE_STATS,,,,
USER_SPEC 7-condition (PART 38; registered §A2),C4_COMPRESSION=1,TEXTBOOK_NOVOL,Y2024,22,22.0,0.22727272727272727,0.5201672988678291,1.7685688161506188,-0.044961212841604835,-0.0938193125766077,0.21445881317135776,-0.12126122049247619,-0.4714911543802332,-1.0493045399174612,0.2640885688998098,-0.08939899065280653,2.954044189664676,0.6363636363636364,0.6363636363636364,0.11142538049441433,4.404269475292413,59.0,0.13636363636363635,0.045454545454545456,0.045454545454545456,0.045454545454545456,1.0,1.0,,,-2.061440748372095,-0.056121797589520926,-0.9891466825153064,TRADE_STATS,,,,
USER_SPEC 7-condition (PART 38; registered §A2),C4_COMPRESSION=1,TEXTBOOK_NOVOL,Y2025,49,49.0,0.3469387755102041,7.30029823869747,13.74173786107759,0.39722991516451195,-0.05471536736565235,1.3266873881402628,-0.09654436735385574,3.5715149727605864,-1.0324895813953487,0.8324205039077361,-0.0810061129332879,10.276020830591774,0.5102040816326531,0.5102040816326531,0.12012912504016073,3.7947014532292984,101.0,0.32653061224489793,0.2857142857142857,0.2653061224489796,0.24489795918367346,14.0,12.0,0.312092174468816,0.521665358086635,3.0537181824333506,0.36993758135628785,19.464265843061085,TRADE_STATS,,,,
USER_SPEC 7-condition (PART 38; registered §A2),C4_COMPRESSION=1,TEXTBOOK_NOVOL,Y2026,43,64.17910447761194,0.37209302325581395,3.3857123787150063,5.713389639081574,0.13268160087849454,-0.04043579664121937,0.5060473479742172,-0.08857217517822998,0.7877939822860761,-0.384864181135008,0.41727233373582606,-0.09062024614289542,4.604625914145567,0.3488372093023256,0.32558139534883723,0.11786005837424382,3.49105855693683,42.0,0.23255813953488372,0.20930232558139536,0.18604651162790697,0.16279069767441862,9.0,7.0,0.36291110952989025,0.547954104254535,-0.21401431632921336,0.239116045170799,5.705308837775265,TRADE_STATS,,,,
USER_SPEC 7-condition (PART 38; registered §A2),C4_COMPRESSION=0,TEXTBOOK_NOVOL,PRE_2020_2022,155,51.70205479452055,0.3548387096774194,1.9260413705858004,3.5018934010650917,0.07907263523132708,-0.08210667665739296,0.4634794080384132,-0.1323510898125703,0.6904673832056266,-0.9308903367456708,0.5278092190117037,-0.10305181294987832,5.121784895413884,0.49032258064516127,0.4774193548387097,0.12894897853177475,4.5341105402523105,87.0,0.2645161290322581,0.21935483870967742,0.17419354838709677,0.14193548387096774,34.0,22.0,0.28779651697086966,0.9157214669731183,4.433452018788564,0.05840763658432947,12.256258460855697,TRADE_STATS,,,,
USER_SPEC 7-condition (PART 38; registered §A2),C4_COMPRESSION=0,TEXTBOOK_NOVOL,DISCOVERY,164,82.05616438356164,0.27439024390243905,1.6685818495578817,4.412472002164176,0.05994036825939858,-0.08358951342261822,0.5451847182487688,-0.12355539434162374,0.8242323180706934,-1.0250793729229468,0.42605672794155713,-0.09381682009892754,4.541368248170112,0.5182926829268293,0.5182926829268293,0.11930623921094002,4.234710402624179,60.5,0.21951219512195122,0.14634146341463414,0.10975609756097561,0.10365853658536585,24.0,17.0,0.6280635110105806,1.4699190129317594,-1.0743650514409033,0.058050197204094524,9.830220394541367,TRADE_STATS,,,,
USER_SPEC 7-condition (PART 38; registered §A2),C4_COMPRESSION=0,TEXTBOOK_NOVOL,STRICT_OOS,194,116.16147540983606,0.38144329896907214,3.887157679245985,6.303498939317814,0.27811176451058733,-0.06894576255994844,0.9816372393108931,-0.15572894494960116,1.7715639585752236,-0.8645718797929219,0.7744282017220329,-0.11867045577614938,6.525871975943645,0.4793814432989691,0.4690721649484536,0.15978337706371404,4.483153640326543,66.5,0.31443298969072164,0.27835051546391754,0.24742268041237114,0.20618556701030927,54.0,40.0,0.22042743579592733,0.6342578363017206,31.181995301874277,0.3198676882469479,53.95368231505394,TRADE_STATS,,,,
USER_SPEC 7-condition (PART 38; registered §A2),C4_COMPRESSION=0,TEXTBOOK_NOVOL,EXTENDED,278,104.03637295081968,0.3237410071942446,2.8078049767729345,5.865192618147908,0.18194954057588728,-0.09168688687676774,0.8729082772128193,-0.14882857802689922,1.2202223519476134,-1.0235746649459847,0.6260597033600943,-0.11342446977056865,5.519617633006948,0.5251798561151079,0.5179856115107914,0.15364171700691598,4.403188373180589,59.0,0.26618705035971224,0.22302158273381295,0.19424460431654678,0.16546762589928057,62.0,46.0,0.32223922294562346,0.8299728737661068,27.810285266917006,0.2185957876362785,50.581972280096664,TRADE_STATS,,,,
USER_SPEC 7-condition (PART 38; registered §A2),C4_COMPRESSION=0,TEXTBOOK_NOVOL,FULL_2023_2026,358,97.5089485458613,0.3324022346368715,2.9102372810152497,5.844930337501216,0.17816732600445614,-0.07966001194443365,0.816592168321014,-0.13970947832889277,1.3375908048245448,-0.9752497329226671,0.6148390349622619,-0.1072849913877014,5.730895132762661,0.4972067039106145,0.49162011173184356,0.14479254107624834,4.389538368408621,65.0,0.2709497206703911,0.21787709497206703,0.18435754189944134,0.15921787709497207,78.0,57.0,0.3146055093454135,0.8109326447768821,40.074885976826195,0.18870139700781122,63.7839027095953,TRADE_STATS,,,,
USER_SPEC 7-condition (PART 38; registered §A2),C4_COMPRESSION=0,TEXTBOOK_NOVOL,Y2020,66,66.0,0.5151515151515151,4.591763702932665,4.321659955701333,0.21094393420589772,0.008259858157436215,0.5234845076977022,-0.1211304251291445,1.885326534366356,0.0755780138192891,0.7284330445883153,-0.09058141671063956,8.041749301794201,0.3939393939393939,0.3939393939393939,0.11688590828307044,4.391569062021444,151.5,0.3939393939393939,0.3333333333333333,0.30303030303030304,0.24242424242424243,22.0,16.0,0.13417150456024388,0.36996703992007335,6.0994932155221155,0.11522697833717566,13.92229965758925,TRADE_STATS,,,,
USER_SPEC 7-condition (PART 38; registered §A2),C4_COMPRESSION=0,TEXTBOOK_NOVOL,Y2021,51,51.0,0.2549019607843137,0.7383934784873982,2.1583809371170104,-0.02893590310676429,-0.11711624303047002,0.32040785270731537,-0.1484482406221073,-0.1567575065932938,-1.0251565473360504,0.3996642136083157,-0.1198042347418452,3.335977350629669,0.5686274509803921,0.5294117647058824,0.15533438715115783,4.621755757428793,59.0,0.19607843137254902,0.1568627450980392,0.058823529411764705,0.058823529411764705,8.0,3.0,,,-4.518096361033679,-0.027862381920985158,-1.4757310584449788,TRADE_STATS,,,,
USER_SPEC 7-condition (PART 38; registered §A2),C4_COMPRESSION=0,TEXTBOOK_NOVOL,Y2022,38,38.0,0.21052631578947367,0.9488124952359978,3.5580468571349915,-0.00500816153390984,-0.10359301478259458,0.4409490118994691,-0.12393007444947755,-0.24774931671182623,-1.041427517676574,0.3513413976305574,-0.1022274087498639,3.436861032937266,0.5526315789473685,0.5526315789473685,0.12578239331093566,4.615091093840158,35.5,0.13157894736842105,0.10526315789473684,0.10526315789473684,0.07894736842105263,4.0,3.0,,,-3.505687108631143,-0.0052790607014861,-0.1903101382885739,TRADE_STATS,,,,
USER_SPEC 7-condition (PART 38; registered §A2),C4_COMPRESSION=0,TEXTBOOK_NOVOL,Y2023,80,80.0,0.3625,3.439925400896833,6.0495239808875345,0.16502413036873295,-0.05770578691072372,0.641818037277481,-0.10609397355977072,1.745446178571882,-0.5394079075317477,0.5758472122797939,-0.08595030400723769,6.699769348474939,0.4,0.4,0.11028362648221626,4.336060329294959,119.5,0.2875,0.2,0.15,0.1375,16.0,11.0,0.28535764352896864,0.7185387959333385,2.297344983516366,0.12382227001968332,13.201930429498637,TRADE_STATS,,,,
USER_SPEC 7-condition (PART 38; registered §A2),C4_COMPRESSION=0,TEXTBOOK_NOVOL,Y2024,84,84.0,0.19047619047619047,0.6371500814668718,2.707887846234205,-0.04013940517806271,-0.10557037462796914,0.37003682750922834,-0.13665145992801353,-0.05311421573996246,-1.0370840745517929,0.2833991238099032,-0.1013087401862512,2.797380791517964,0.6309523809523809,0.6309523809523809,0.12530069793660903,4.027669686051107,52.5,0.15476190476190477,0.09523809523809523,0.07142857142857142,0.07142857142857142,8.0,6.0,,,-7.538176474794871,-0.05375813193490542,-3.371710034957268,TRADE_STATS,,,,
USER_SPEC 7-condition (PART 38; registered §A2),C4_COMPRESSION=0,TEXTBOOK_NOVOL,Y2025,96,96.0,0.34375,4.891725384065384,9.33874846048846,0.4141013441931199,-0.09359032406781082,1.5142019967963336,-0.16214185478951573,2.824865497156953,-1.0311947296918773,1.0423290341568443,-0.11796606078734136,8.835838267379817,0.5416666666666666,0.5208333333333334,0.15463968846448634,4.657500867281501,82.0,0.3020833333333333,0.28125,0.28125,0.2604166666666667,27.0,25.0,0.1519320696531335,0.5728188917525754,16.98204202935986,0.3823576901273397,39.75372904253951,TRADE_STATS,,,,
USER_SPEC 7-condition (PART 38; registered §A2),C4_COMPRESSION=0,TEXTBOOK_NOVOL,Y2026,98,146.2686567164179,0.41836734693877553,2.6759978787658367,3.720289733893968,0.14489748237259617,-0.050182593855916106,0.5529875564567579,-0.1486409919686429,0.7397583697604679,-0.3763175851780196,0.5119947332144623,-0.11936047535702253,4.2894830276355735,0.41836734693877553,0.41836734693877553,0.17077425676309121,4.326405505185364,58.0,0.32653061224489793,0.2755102040816326,0.21428571428571427,0.15306122448979592,27.0,15.0,0.15348353706815254,0.6373419867477164,5.149726842085344,0.21945681589543967,14.199953272514424,TRADE_STATS,,,,
USER_SPEC 7-condition (PART 38; registered §A2),C5_BASE_VOL_CONTRACTION=1,TEXTBOOK_NOVOL,PRE_2020_2022,55,18.345890410958905,0.5272727272727272,7.8302774855150865,7.020248780116973,0.35654242640062117,0.04402432295290721,0.7752016926549967,-0.11042367826772088,3.814102846946911,0.41156015148225666,0.9865658206112241,-0.0728871247271165,13.535529413526007,0.32727272727272727,0.32727272727272727,0.11654931318158067,4.366856304623968,184.0,0.4,0.4,0.36363636363636365,0.32727272727272727,22.0,18.0,0.2031944528404541,0.40686983192953,8.678728666702712,0.19183011447331047,19.609833452034163,TRADE_STATS,,,,
USER_SPEC 7-condition (PART 38; registered §A2),C5_BASE_VOL_CONTRACTION=1,TEXTBOOK_NOVOL,DISCOVERY,67,33.52294520547945,0.31343283582089554,1.8843156585653997,4.12754858542897,0.06982726701919083,-0.07549230613477759,0.4747083756602677,-0.11500976083869208,1.6651633790696485,-1.0426432447505753,0.40079825404530567,-0.07973832100541983,5.026419530680403,0.582089552238806,0.5671641791044776,0.10194526421068713,4.5282433002245845,60.0,0.2835820895522388,0.16417910447761194,0.13432835820895522,0.11940298507462686,11.0,8.0,0.5144316741607419,1.0045401120496569,-1.5660634011774996,0.06084571323040428,4.6784268902857855,TRADE_STATS,,,,
USER_SPEC 7-condition (PART 38; registered §A2),C5_BASE_VOL_CONTRACTION=1,TEXTBOOK_NOVOL,STRICT_OOS,71,42.51270491803279,0.352112676056338,6.513937411086608,11.985644836399358,0.35040283811612394,-0.04560984157346231,1.17562199934444,-0.09808583646448278,3.42777962298473,-0.448301308929161,0.7635522187084938,-0.08574628194863032,8.9047851563515,0.4225352112676056,0.4084507042253521,0.11652205316919947,3.9348408366096566,74.0,0.28169014084507044,0.28169014084507044,0.28169014084507044,0.23943661971830985,20.0,17.0,0.24417148407137088,0.6044027943245849,7.926427094875734,0.39685119646267025,24.8786015062448,TRADE_STATS,,,,
USER_SPEC 7-condition (PART 38; registered §A2),C5_BASE_VOL_CONTRACTION=1,TEXTBOOK_NOVOL,EXTENDED,94,35.177766393442624,0.30851063829787234,4.426146065514191,9.920672215807668,0.25645288328574173,-0.06115386375715636,1.0738838461253404,-0.1082470847503868,2.7195982784089585,-0.8119119619398953,0.6467368776294119,-0.08928378062344913,7.243609904434933,0.4787234042553192,0.46808510638297873,0.11689761566719425,4.240610558945717,54.5,0.2553191489361702,0.23404255319148937,0.22340425531914893,0.19148936170212766,22.0,18.0,0.2519912535104075,0.7032179894467107,7.154396617490664,0.28967280736433215,24.106571028859722,TRADE_STATS,,,,
USER_SPEC 7-condition (PART 38; registered §A2),C5_BASE_VOL_CONTRACTION=1,TEXTBOOK_NOVOL,FULL_2023_2026,138,37.58724832214765,0.3333333333333333,4.01528564507409,8.03057129014818,0.21418136519225062,-0.06048135649892788,0.8556396928799268,-0.10654779865158742,2.5720166639824806,-0.931119749032417,0.5874325402125982,-0.08282937337475278,7.0920799745136485,0.5,0.4855072463768116,0.10549781282074502,4.401652085196583,60.5,0.2826086956521739,0.2246376811594203,0.21014492753623187,0.18115942028985507,31.0,25.0,0.20552286142923218,0.7024772674153845,12.11360114966005,0.21175690211012024,29.557028396530583,TRADE_STATS,,,,
USER_SPEC 7-condition (PART 38; registered §A2),C5_BASE_VOL_CONTRACTION=1,TEXTBOOK_NOVOL,Y2020,28,28.0,0.6785714285714286,17.244697602000386,8.168540969368603,0.6556200104649685,0.4621984574270542,1.0256533021616836,-0.12556138311698553,6.914428466258085,5.087520105001705,1.6018047241699696,-0.06494506005000644,24.663996352249285,0.32142857142857145,0.32142857142857145,0.11460307993867527,4.10769206298682,298.0,0.6428571428571429,0.6428571428571429,0.6071428571428571,0.5357142857142857,18.0,15.0,0.21705786207692235,0.21705786207692235,7.4262555076876735,0.2711174168220221,18.35736029301912,TRADE_STATS,,,,
USER_SPEC 7-condition (PART 38; registered §A2),C5_BASE_VOL_CONTRACTION=1,TEXTBOOK_NOVOL,Y2021,14,14.0,0.21428571428571427,0.8024588351240621,2.9423490621215618,-0.017579851009533944,-0.08707624449978504,0.3332630185422339,-0.11326426997819788,0.5138689785844065,-0.7275060376241006,0.3255964990374109,-0.0992015092098776,3.2821728382030595,0.35714285714285715,0.35714285714285715,0.12146438954629965,5.017999978328713,57.0,0.14285714285714285,0.14285714285714285,0.07142857142857142,0.07142857142857142,2.0,1.0,,,-1.167711849957145,-0.015756588612898543,-0.24611791413347522,TRADE_STATS,,,,
USER_SPEC 7-condition (PART 38; registered §A2),C5_BASE_VOL_CONTRACTION=1,TEXTBOOK_NOVOL,Y2022,13,13.0,0.5384615384615384,4.027112924230631,3.4518110779119704,0.11527623639603969,0.04402432295290721,0.28480675575660164,-0.08250936952461595,0.6905764482055387,0.3679890268551337,0.37324899002572465,-0.061654542280995456,6.053876587463951,0.3076923076923077,0.3076923076923077,0.12068939052459869,4.306847456132901,161.0,0.15384615384615385,0.15384615384615385,0.15384615384615385,0.15384615384615385,2.0,2.0,0.6661236730965404,0.6661236730965404,-0.3944177195708971,0.07931151485305721,1.498591073148516,TRADE_STATS,,,,
USER_SPEC 7-condition (PART 38; registered §A2),C5_BASE_VOL_CONTRACTION=1,TEXTBOOK_NOVOL,Y2023,44,44.0,0.38636363636363635,2.9702796269411005,4.717502936906453,0.12387403108342858,-0.057382782829647254,0.48334084322598564,-0.10245692471003334,2.2567286695259132,-1.0401905321213842,0.46073691027667785,-0.06904041243435602,6.673437976847964,0.5454545454545454,0.5227272727272727,0.09654730856618363,4.512356789441472,74.5,0.3409090909090909,0.20454545454545456,0.18181818181818182,0.1590909090909091,9.0,7.0,0.44156495781138777,0.6453794975149802,-0.23756093319694743,0.09670790219430193,5.450457367670857,TRADE_STATS,,,,
USER_SPEC 7-condition (PART 38; registered §A2),C5_BASE_VOL_CONTRACTION=1,TEXTBOOK_NOVOL,Y2024,23,23.0,0.17391304347826086,0.6941377927056072,3.2971545153516333,-0.033566542495003085,-0.10631760459506662,0.4380203885059659,-0.13284800165310182,0.5334732581967938,-1.0480164698685033,0.2861329986461592,-0.10020388522832455,2.8555080274001017,0.6521739130434783,0.6521739130434783,0.11727317816518905,4.6430180171440885,54.0,0.17391304347826086,0.08695652173913043,0.043478260869565216,0.043478260869565216,2.0,1.0,,,-2.499725916758273,-0.03760499159206386,-0.772030477385071,TRADE_STATS,,,,
USER_SPEC 7-condition (PART 38; registered §A2),C5_BASE_VOL_CONTRACTION=1,TEXTBOOK_NOVOL,Y2025,42,42.0,0.2857142857142857,7.379402698499725,18.44850674624931,0.47472395401117257,-0.05906633819492784,1.9219867242958781,-0.10418115410270964,4.969758449261013,-1.0371868985527946,0.9874841153310208,-0.08631877790534477,11.43996867534285,0.5476190476190477,0.5238095238095238,0.10012689534310407,4.019018630252078,96.0,0.2857142857142857,0.2857142857142857,0.2857142857142857,0.2619047619047619,12.0,11.0,0.3046705454056594,0.5092600269071292,2.9862316571001903,0.4317541374722661,19.93840606846925,TRADE_STATS,,,,
USER_SPEC 7-condition (PART 38; registered §A2),C5_BASE_VOL_CONTRACTION=1,TEXTBOOK_NOVOL,Y2026,29,43.28358208955223,0.4482758620689655,4.563033591412187,5.616041343276538,0.1703515668198464,-0.030777212374469117,0.4866699455431126,-0.08665711589280739,1.194568909067357,-0.25759713339161483,0.43923705808276503,-0.08491714987338873,5.172536510441842,0.2413793103448276,0.2413793103448276,0.1195690045339814,3.846767758939621,35.0,0.27586206896551724,0.27586206896551724,0.27586206896551724,0.20689655172413793,8.0,6.0,0.27311233455840633,0.27311233455840633,0.06277737094753522,0.29922443596459997,4.940195437775546,TRADE_STATS,,,,
USER_SPEC 7-condition (PART 38; registered §A2),C5_BASE_VOL_CONTRACTION=0,TEXTBOOK_NOVOL,PRE_2020_2022,182,60.708219178082196,0.31868131868131866,2.0222791723343296,4.323493402921671,0.08326090050953094,-0.07044952664641349,0.5168399722338319,-0.11954221368409373,0.8537511484411404,-1.0269278537767028,0.46863991674183003,-0.09342267354766477,5.016340241030753,0.532967032967033,0.510989010989011,0.11452164921970678,4.3458337869483,59.5,0.24175824175824176,0.18681318681318682,0.14285714285714285,0.12087912087912088,34.0,22.0,0.34463907079012057,1.058403792230227,4.263368635381465,0.06985103665868272,15.15348389273463,TRADE_STATS,,,,
USER_SPEC 7-condition (PART 38; registered §A2),C5_BASE_VOL_CONTRACTION=0,TEXTBOOK_NOVOL,DISCOVERY,197,98.56746575342466,0.2893401015228426,1.592330614400405,3.910987473965907,0.048740549258571304,-0.07591319308753125,0.4528463325217946,-0.11578823392716962,0.6473504424673365,-1.0249522671435873,0.3903765099200402,-0.0874820414587378,4.462361684874113,0.5076142131979695,0.5076142131979695,0.11280046564006066,4.126005399245628,66.0,0.2131979695431472,0.15228426395939088,0.1116751269035533,0.1116751269035533,30.0,22.0,0.5827245264976791,1.50140608691081,-0.2297031056944494,0.045573535544822,9.601888203938547,TRADE_STATS,,,,
USER_SPEC 7-condition (PART 38; registered §A2),C5_BASE_VOL_CONTRACTION=0,TEXTBOOK_NOVOL,STRICT_OOS,215,128.73565573770492,0.3813953488372093,3.7596443752949464,6.097959779441804,0.25230072320765345,-0.06965631925956722,0.9012323035532562,-0.14779243159189112,1.438095021559291,-0.86722658633284,0.7198054820832136,-0.11534908148881785,6.240235923794442,0.4790697674418605,0.4697674418604651,0.15611138542993572,4.300461502675831,64.0,0.3116279069767442,0.2651162790697674,0.22790697674418606,0.19534883720930232,57.0,42.0,0.21924504335225403,0.668421627202356,31.472968476465837,0.29729614978431157,54.244655489645496,TRADE_STATS,,,,
USER_SPEC 7-condition (PART 38; registered §A2),C5_BASE_VOL_CONTRACTION=0,TEXTBOOK_NOVOL,EXTENDED,298,111.52100409836066,0.33221476510067116,2.7782697186558223,5.584602767803117,0.1699860041931476,-0.08682732823191297,0.7994126327610867,-0.1431458361496965,0.9465978026114071,-1.0217076496366335,0.5966194449491843,-0.11064454741560811,5.392217320101053,0.5201342281879194,0.5134228187919463,0.1474216132317559,4.225567613280953,58.5,0.2651006711409396,0.21476510067114093,0.18456375838926176,0.1610738255033557,64.0,48.0,0.3217693932576899,0.8641306274814349,27.884142236378327,0.2090840129999298,50.65582924955799,TRADE_STATS,,,,
USER_SPEC 7-condition (PART 38; registered §A2),C5_BASE_VOL_CONTRACTION=0,TEXTBOOK_NOVOL,FULL_2023_2026,412,112.21700223713647,0.33737864077669905,2.7801041506205575,5.460204554815914,0.1549673390620972,-0.07327579836955572,0.7173617974468295,-0.1313800225330596,1.0599962786439632,-0.9540222499310871,0.5622872599566476,-0.10202430749385237,5.51130680294526,0.49271844660194175,0.4878640776699029,0.12922100663176328,4.203240245769056,64.5,0.2645631067961165,0.2111650485436893,0.17233009708737865,0.1553398058252427,87.0,64.0,0.314296844262958,0.8681584656948683,40.137526960814945,0.16239741496523985,63.846543693584046,TRADE_STATS,,,,
USER_SPEC 7-condition (PART 38; registered §A2),C5_BASE_VOL_CONTRACTION=0,TEXTBOOK_NOVOL,Y2020,84,84.0,0.44047619047619047,3.9434652540107775,5.00926667401369,0.17492645401187515,-0.03842299704121798,0.5320496471817651,-0.10621308103676154,1.5902159138357537,-0.480181529629504,0.5603864999850019,-0.08208997179856756,6.826491564159369,0.44047619047619047,0.42857142857142855,0.1097771678361735,4.15196397493194,96.0,0.32142857142857145,0.25,0.21428571428571427,0.17857142857142858,21.0,15.0,0.14597953315695072,0.5316948764138653,5.4460938626915025,0.11906990913656264,14.693822136997513,TRADE_STATS,,,,
USER_SPEC 7-condition (PART 38; registered §A2),C5_BASE_VOL_CONTRACTION=0,TEXTBOOK_NOVOL,Y2021,58,58.0,0.22413793103448276,0.6747866227718088,2.335799848056261,-0.034200256114920606,-0.08908017251897773,0.3166008398424195,-0.13554279494704108,-0.34278639284933105,-1.035869625335741,0.33388800718991124,-0.10878848336306174,3.069148469288067,0.6379310344827587,0.5862068965517241,0.14028612577230687,4.502423016450782,38.0,0.1724137931034483,0.1206896551724138,0.05172413793103448,0.05172413793103448,7.0,3.0,,,-5.025980157254095,-0.03858422203200535,-1.983614854665395,TRADE_STATS,,,,
USER_SPEC 7-condition (PART 38; registered §A2),C5_BASE_VOL_CONTRACTION=0,TEXTBOOK_NOVOL,Y2022,40,40.0,0.2,1.6547190615927385,6.618876246370954,0.06108191526006276,-0.09875214858689241,0.7718838157356867,-0.11661855985884323,1.0421545759836364,-1.0448037481252554,0.471362360781451,-0.0949409229884433,4.96479648548211,0.575,0.575,0.10948716625039143,4.262248456166053,32.0,0.175,0.15,0.125,0.1,6.0,4.0,1.2595730254496098,1.7379245298564987,-3.2465478677853765,0.0580006317009498,2.4432766104025103,TRADE_STATS,,,,
USER_SPEC 7-condition (PART 38; registered §A2),C5_BASE_VOL_CONTRACTION=0,TEXTBOOK_NOVOL,Y2023,114,114.0,0.3508771929824561,2.787184169169971,5.156290712964446,0.11570802143882501,-0.05698262491704239,0.5142859800440429,-0.09973952375318468,1.3564238738869607,-0.6226043731556594,0.47254172374808673,-0.07949069787382425,5.944616620401964,0.42105263157894735,0.42105263157894735,0.10433056301479493,4.1348083443666575,93.0,0.2631578947368421,0.20175438596491227,0.14035087719298245,0.14035087719298245,23.0,16.0,0.2856002814238221,0.8233703255661596,3.359123134393053,0.08742809904905419,13.190714444026051,TRADE_STATS,,,,
USER_SPEC 7-condition (PART 38; registered §A2),C5_BASE_VOL_CONTRACTION=0,TEXTBOOK_NOVOL,Y2024,83,83.0,0.20481927710843373,0.5935472883669106,2.3043600607185946,-0.04323887036250004,-0.10267445749312382,0.30828245599885756,-0.1337822423040618,-0.32655764406082205,-1.036782919407135,0.27752308369838574,-0.09845810373199251,2.8186921459894894,0.6265060240963856,0.6265060240963856,0.12496311792688994,4.036666589950659,54.0,0.14457831325301204,0.08433734939759036,0.07228915662650602,0.07228915662650602,7.0,6.0,,,-7.194231665336764,-0.059998766865961776,-3.5888262400875037,TRADE_STATS,,,,
USER_SPEC 7-condition (PART 38; registered §A2),C5_BASE_VOL_CONTRACTION=0,TEXTBOOK_NOVOL,Y2025,103,103.0,0.36893203883495146,4.8589144193211276,8.31130098041772,0.38135523123428494,-0.08934864184210217,1.3015397579240249,-0.15659879975356283,2.3054511312948907,-1.0309853286428439,0.9648335837537212,-0.11328789026496501,8.516652410925001,0.5242718446601942,0.5145631067961165,0.15452110563952134,4.478141303562005,81.0,0.32038834951456313,0.2815533980582524,0.27184466019417475,0.2524271844660194,29.0,26.0,0.15376602738847125,0.5797333347656644,16.507901803951697,0.3557772638660509,39.27958881713135,TRADE_STATS,,,,
USER_SPEC 7-condition (PART 38; registered §A2),C5_BASE_VOL_CONTRACTION=0,TEXTBOOK_NOVOL,Y2026,112,167.1641791044776,0.39285714285714285,2.579014698424996,3.9857499884749936,0.13361666671887626,-0.05980074993353002,0.5555122293239564,-0.13937457967264613,0.6404371706417303,-0.4809408244259059,0.49446713858265756,-0.11724464127503964,4.21739648998291,0.4375,0.42857142857142855,0.15978337706371404,4.026097235688802,56.0,0.30357142857142855,0.25,0.1875,0.14285714285714285,28.0,16.0,0.14563644133112646,0.7418495254837719,5.193548590743021,0.20768949653062438,14.96506667251414,TRADE_STATS,,,,
USER_SPEC 7-condition (PART 38; registered §A2),C6_BREAKOUT_VOLUME=1,TEXTBOOK_NOVOL,PRE_2020_2022,148,49.367123287671234,0.3716216216216216,2.6792079793791803,4.530297128768432,0.13293733610729638,-0.06874380082294132,0.5707526497601707,-0.12598569884870456,1.4499712189383238,-1.0022133431308589,0.5653559313455561,-0.09137467909984566,6.187227543943418,0.5202702702702703,0.49324324324324326,0.1214639678376765,4.410176375148508,78.5,0.27702702702702703,0.24324324324324326,0.18243243243243243,0.16216216216216217,36.0,24.0,0.20252426541793045,0.7617163926041707,7.0364946759948666,0.10211883706890128,19.674725743879865,TRADE_STATS,,,,
USER_SPEC 7-condition (PART 38; registered §A2),C6_BREAKOUT_VOLUME=1,TEXTBOOK_NOVOL,DISCOVERY,176,88.06027397260274,0.2897727272727273,1.5099583637556002,3.700878342538236,0.04372706243637648,-0.08290184280781013,0.44681016764551645,-0.12073084448895262,0.4074889568745622,-1.028596812912609,0.4109321701943258,-0.09301205121390871,4.418052981642839,0.5284090909090909,0.5227272727272727,0.1180577951688281,4.491712004630154,63.0,0.19318181818181818,0.13068181818181818,0.10795454545454546,0.10227272727272728,23.0,18.0,0.7270377684072702,1.7767696202600645,-1.9839455149812313,0.04366132237711549,7.69596298880226,TRADE_STATS,,,,
USER_SPEC 7-condition (PART 38; registered §A2),C6_BREAKOUT_VOLUME=1,TEXTBOOK_NOVOL,STRICT_OOS,180,107.77868852459017,0.3888888888888889,4.9970187785961695,7.852458080651124,0.35045274219138245,-0.06048135649892788,1.1266232786200503,-0.143473962808679,2.3068753945130562,-0.5963240202589866,0.862885522547182,-0.1136384003407217,7.593256504491393,0.4388888888888889,0.42777777777777776,0.1551843001524598,4.376598335043157,78.5,0.3277777777777778,0.29444444444444445,0.2722222222222222,0.2222222222222222,53.0,40.0,0.19204541127620064,0.604328810441763,36.6281649409395,0.3816990505820884,63.08149359444884,TRADE_STATS,,,,
USER_SPEC 7-condition (PART 38; registered §A2),C6_BREAKOUT_VOLUME=1,TEXTBOOK_NOVOL,EXTENDED,255,95.42904713114756,0.3411764705882353,3.5787658456800746,6.910720253727041,0.24059156993126912,-0.07549230613477759,0.978639426552136,-0.14161178439025124,1.6328867252896697,-0.9992679806044834,0.7062807466909665,-0.10979424471131662,6.432766567573732,0.49411764705882355,0.48627450980392156,0.14539952794866423,4.3405933864776145,66.0,0.2784313725490196,0.23921568627450981,0.2196078431372549,0.1843137254901961,61.0,47.0,0.2928650018457048,0.7554108318612565,34.89752167896428,0.27240409525119275,61.35085033247363,TRADE_STATS,,,,
USER_SPEC 7-condition (PART 38; registered §A2),C6_BREAKOUT_VOLUME=1,TEXTBOOK_NOVOL,FULL_2023_2026,356,96.96420581655481,0.3398876404494382,3.2924992675952103,6.394523370949376,0.1988130802900312,-0.07137157321055082,0.8400904797795442,-0.1313765594471224,1.367852886017621,-0.9155480443451387,0.6394479101480172,-0.10344110414319617,6.181758358484003,0.48314606741573035,0.4747191011235955,0.13205772736254934,4.425883178252308,69.0,0.2612359550561798,0.21348314606741572,0.19101123595505617,0.16292134831460675,76.0,58.0,0.3161195891191448,0.8149001624039003,44.32412792974176,0.2072364260335874,70.77745658325111,TRADE_STATS,,,,
USER_SPEC 7-condition (PART 38; registered §A2),C6_BREAKOUT_VOLUME=1,TEXTBOOK_NOVOL,Y2020,64,64.0,0.5,5.299721786552784,5.299721786552784,0.2797389855411954,0.004536157598612981,0.6895975459888736,-0.13011957490648277,2.7458106556113515,-0.0883881444290891,0.8260546443247557,-0.08231499135088177,10.035287992724875,0.453125,0.4375,0.11978336790717399,4.12767490229005,126.5,0.421875,0.375,0.3125,0.28125,24.0,18.0,0.22256290598837797,0.4597910090810737,7.034919249846429,0.17030482829618557,17.903295074636507,TRADE_STATS,,,,
USER_SPEC 7-condition (PART 38; registered §A2),C6_BREAKOUT_VOLUME=1,TEXTBOOK_NOVOL,Y2021,50,50.0,0.22,0.6362510264031762,2.255799093611261,-0.03552162005999957,-0.0839669681191283,0.282420880921837,-0.12519771008051758,-0.31155645897288864,-1.029690224505079,0.30319301020243095,-0.10692129528802967,2.83566533107998,0.6,0.54,0.13302312133967642,4.632077887576703,50.0,0.14,0.12,0.04,0.04,6.0,2.0,,,-4.299514944447893,-0.03938531994677855,-1.7760810029999787,TRADE_STATS,,,,
USER_SPEC 7-condition (PART 38; registered §A2),C6_BREAKOUT_VOLUME=1,TEXTBOOK_NOVOL,Y2022,34,34.0,0.35294117647058826,2.328589924699009,4.26908152861485,0.10433857859539226,-0.09392498645377378,0.5181370479187689,-0.12136967739917681,1.601225923305584,-1.041427517676574,0.46016264977165816,-0.08556553811527176,5.3778969887589385,0.5294117647058824,0.5294117647058824,0.11704723010827561,4.336040363206189,46.0,0.20588235294117646,0.17647058823529413,0.14705882352941177,0.11764705882352941,6.0,4.0,0.8675053379680215,1.148898912491235,-1.9221207645480844,0.08357902396615235,3.547511672243337,TRADE_STATS,,,,
USER_SPEC 7-condition (PART 38; registered §A2),C6_BREAKOUT_VOLUME=1,TEXTBOOK_NOVOL,Y2023,101,101.0,0.33663366336633666,2.330931804091939,4.5933067904164675,0.09333273515621263,-0.06118123529029922,0.48556817480261877,-0.10571211481360536,0.6987080442911613,-0.7394186368564578,0.47071154065839205,-0.08740099676823863,5.385654146560578,0.45544554455445546,0.44554455445544555,0.11136812116209259,4.590205516883997,88.0,0.21782178217821782,0.1485148514851485,0.1188118811881188,0.10891089108910891,15.0,11.0,0.39964242243430964,1.019320917021151,-0.1821306771623321,0.0810472551868066,9.426606250777475,TRADE_STATS,,,,
USER_SPEC 7-condition (PART 38; registered §A2),C6_BREAKOUT_VOLUME=1,TEXTBOOK_NOVOL,Y2024,75,75.0,0.22666666666666666,0.7839030814244299,2.6744928660362897,-0.0230752434930029,-0.10631760459506662,0.36929415333131166,-0.1380800667001296,0.015313919153542261,-1.0480164698685033,0.3304292846360499,-0.1005682712007444,3.28562160501377,0.6266666666666667,0.6266666666666667,0.1276863386877695,4.304271622004963,53.0,0.16,0.10666666666666667,0.09333333333333334,0.09333333333333334,8.0,7.0,,,-6.0262635469882575,-0.02886570364398662,-1.7306432619752177,TRADE_STATS,,,,
USER_SPEC 7-condition (PART 38; registered §A2),C6_BREAKOUT_VOLUME=1,TEXTBOOK_NOVOL,Y2025,100,100.0,0.37,6.308233538974566,10.74104629609183,0.5079566775297077,-0.06367666697738567,1.6314835200275588,-0.15189242044522053,3.442239399779361,-1.0037148157801887,1.1313980805248613,-0.11154128757199454,10.143311998210512,0.49,0.47,0.15316837656637583,4.4415742250503465,94.5,0.34,0.31,0.3,0.27,31.0,27.0,0.11958982567061069,0.5207792283026383,24.342339099461444,0.4604810783516524,50.79566775297077,TRADE_STATS,,,,
USER_SPEC 7-condition (PART 38; registered §A2),C6_BREAKOUT_VOLUME=1,TEXTBOOK_NOVOL,Y2026,80,119.40298507462686,0.4125,2.9774661272660845,4.240633575197151,0.15357282301847577,-0.05275081297903921,0.5605678564358745,-0.13218964725331478,0.8876703879301744,-0.39470172004360615,0.5272448250750826,-0.11625979130163062,4.535057384604884,0.375,0.375,0.15978436017521397,4.304902191808445,74.5,0.3125,0.275,0.2375,0.1625,22.0,13.0,0.17739621923582463,0.5763190347804619,3.8906522124980616,0.22356156567151417,12.285825841478061,TRADE_STATS,,,,
USER_SPEC 7-condition (PART 38; registered §A2),C6_BREAKOUT_VOLUME=0,TEXTBOOK_NOVOL,PRE_2020_2022,89,29.686986301369863,0.3595505617977528,3.524197292279118,6.2774764268721785,0.1695347370886396,-0.05387860267364424,0.6583178668671177,-0.10486982699752355,1.6917148898370309,-0.7318062034406309,0.6278753611403156,-0.08413781953808133,7.462462951706694,0.42696629213483145,0.42696629213483145,0.10141052074296708,4.169486740219046,66.0,0.2808988764044944,0.2247191011235955,0.21348314606741572,0.1797752808988764,20.0,16.0,0.15473330578762898,0.501008024982579,5.905602626089311,0.11927740395959624,15.088591600888924,TRADE_STATS,,,,
USER_SPEC 7-condition (PART 38; registered §A2),C6_BREAKOUT_VOLUME=0,TEXTBOOK_NOVOL,DISCOVERY,88,44.03013698630137,0.3068181818181818,2.027288772391147,4.580170930217036,0.07482218301615991,-0.05561556668665762,0.4812517886180215,-0.1050728883158116,1.901999172202372,-1.0270658516015725,0.35719992637593234,-0.07052623478507435,5.064780892734224,0.5227272727272727,0.5227272727272727,0.08336186804300476,4.019433556596715,63.0,0.3068181818181818,0.20454545454545456,0.13636363636363635,0.13636363636363635,18.0,12.0,0.3655228242770399,0.8265122435027641,0.41240445234648354,0.059150627547249444,6.584352105422072,TRADE_STATS,,,,
USER_SPEC 7-condition (PART 38; registered §A2),C6_BREAKOUT_VOLUME=0,TEXTBOOK_NOVOL,STRICT_OOS,106,63.46967213114754,0.3490566037735849,2.9128749590187994,5.432118166818842,0.15133739057963633,-0.06175234326355267,0.6602153884209321,-0.12153921695844984,1.295520866554842,-0.985711693997139,0.5061414350726531,-0.09842572148225175,5.1423695701729875,0.5094339622641509,0.5,0.12777781103944663,3.771700032156623,54.0,0.2641509433962264,0.22641509433962265,0.18867924528301888,0.1792452830188679,24.0,19.0,0.17848003099365536,0.6100116499149498,6.256100841382895,0.20081070791063968,16.04176340144145,TRADE_STATS,,,,
USER_SPEC 7-condition (PART 38; registered §A2),C6_BREAKOUT_VOLUME=0,TEXTBOOK_NOVOL,EXTENDED,137,51.26972336065574,0.29927007299270075,2.1432277340603565,5.018289328531567,0.0978945251528766,-0.07762725521220498,0.6132402944133326,-0.12220106380210978,0.8857099883195306,-1.0264971883374572,0.42689248675784786,-0.09757093508809998,4.37520134835638,0.5401459854014599,0.5328467153284672,0.12304854330805691,3.9257431795403663,55.0,0.23357664233576642,0.18248175182481752,0.145985401459854,0.1386861313868613,25.0,19.0,0.21348273992358524,0.9270562681396936,3.625887385885539,0.13374769330285807,13.411549945944094,TRADE_STATS,,,,
USER_SPEC 7-condition (PART 38; registered §A2),C6_BREAKOUT_VOLUME=0,TEXTBOOK_NOVOL,FULL_2023_2026,194,52.840044742729305,0.32989690721649484,2.529240838197923,5.137520452589531,0.11662946137558516,-0.058857885729130636,0.5847151197540792,-0.11381270890305803,1.5706244278794952,-1.0210792838240628,0.43858033834424365,-0.08577028421755271,5.1134299290859655,0.5154639175257731,0.5103092783505154,0.10298311651862183,3.9483090692431544,57.0,0.28350515463917525,0.21649484536082475,0.16494845360824742,0.15979381443298968,42.0,31.0,0.23291074444890547,0.7662627563932325,11.837957121132934,0.11833742419907699,22.62611550686352,TRADE_STATS,,,,
USER_SPEC 7-condition (PART 38; registered §A2),C6_BREAKOUT_VOLUME=0,TEXTBOOK_NOVOL,Y2020,48,48.0,0.5,8.735456687965561,8.73545668796556,0.3155809865704193,-0.002225403512514763,0.7127553422980558,-0.0815933691572172,3.1552135803813166,-0.0065214007972594044,0.8136562716398946,-0.0717887472088213,11.33403636747005,0.3541666666666667,0.3541666666666667,0.09057302618211607,4.115014065938814,148.5,0.375,0.3125,0.3125,0.25,15.0,12.0,0.15412760890750685,0.277443543874099,5.964898380580513,0.17615870863333088,15.147887355380124,TRADE_STATS,,,,
USER_SPEC 7-condition (PART 38; registered §A2),C6_BREAKOUT_VOLUME=0,TEXTBOOK_NOVOL,Y2021,22,22.0,0.22727272727272727,0.8157850629415597,2.773669214001303,-0.02062053480904053,-0.11468287497996876,0.4017940566875895,-0.1448601205433435,0.13138081198022375,-1.0257001396222916,0.3983729497007754,-0.10693129089065381,3.7255039790751714,0.5454545454545454,0.5454545454545454,0.12128160298926308,4.4274425912401725,40.0,0.22727272727272727,0.13636363636363635,0.09090909090909091,0.09090909090909091,3.0,2.0,,,-2.462622049236839,-0.020681639653471237,-0.4536517657988916,TRADE_STATS,,,,
USER_SPEC 7-condition (PART 38; registered §A2),C6_BREAKOUT_VOLUME=0,TEXTBOOK_NOVOL,Y2022,19,19.0,0.15789473684210525,1.2533253976677536,6.684402120894687,0.020755579542509936,-0.06722756774740674,0.6503577470521594,-0.09729482686554936,-0.19884234349328353,-0.9308903367456708,0.4242737478608463,-0.08894303543533857,4.77017391844348,0.47368421052631576,0.47368421052631576,0.10392032789474903,4.159263642052628,42.0,0.10526315789473684,0.10526315789473684,0.10526315789473684,0.10526315789473684,2.0,2.0,2.9636800473578035,2.9636800473578035,-1.508764621711663,0.021230471672015548,0.39435601130768877,TRADE_STATS,,,,
USER_SPEC 7-condition (PART 38; registered §A2),C6_BREAKOUT_VOLUME=0,TEXTBOOK_NOVOL,Y2023,57,57.0,0.40350877192982454,4.007021216083985,5.923422667254586,0.16165904492841107,-0.037882839525462834,0.5338658953614972,-0.09012794212926488,3.21682229138327,-0.5374663476959494,0.4666721921571597,-0.057407316335711014,8.129141404696876,0.45614035087719296,0.45614035087719296,0.06793372900313512,3.9566862035260444,119.0,0.40350877192982454,0.2982456140350877,0.21052631578947367,0.21052631578947367,17.0,12.0,0.2611876774544546,0.5037183340165118,3.04261790784384,0.10134248623502261,9.21456556091943,TRADE_STATS,,,,
USER_SPEC 7-condition (PART 38; registered §A2),C6_BREAKOUT_VOLUME=0,TEXTBOOK_NOVOL,Y2024,31,31.0,0.12903225806451613,0.21371065771352477,1.4425469395662922,-0.08484559533862443,-0.09507106737985255,0.17872067484303594,-0.12389245018035189,-0.5155788211302467,-1.0362607578676943,0.15591221187496573,-0.09464811709519398,1.6472827633554963,0.6451612903225806,0.6451612903225806,0.09980857590883482,4.036666589950659,55.0,0.12903225806451613,0.03225806451612903,0.0,0.0,1.0,0.0,,,-3.30649985113894,-0.12899526510531426,-2.6302134554973575,TRADE_STATS,,,,
USER_SPEC 7-condition (PART 38; registered §A2),C6_BREAKOUT_VOLUME=0,TEXTBOOK_NOVOL,Y2025,45,45.0,0.28888888888888886,3.2548928269416986,8.012043881702644,0.18716282516955166,-0.07017258626927453,0.9351893270495234,-0.11672294121918687,2.265941809208891,-1.0422126464193315,0.6158307537344445,-0.09199805804703158,6.693953837804025,0.6222222222222222,0.6222222222222222,0.11041719394913942,4.351811217363892,81.0,0.24444444444444444,0.2222222222222222,0.2222222222222222,0.2222222222222222,10.0,10.0,0.3399457636820809,0.5154438006555339,0.3830916153957489,0.18200598881966124,8.422327132629825,TRADE_STATS,,,,
USER_SPEC 7-condition (PART 38; registered §A2),C6_BREAKOUT_VOLUME=0,TEXTBOOK_NOVOL,Y2026,61,91.04477611940298,0.39344262295081966,2.6382108281080137,4.067241693333187,0.12490879129199389,-0.036139650872817834,0.5112711716637786,-0.12570464462483946,0.5796365645969378,-0.34188896457765844,0.42522308524018393,-0.10316744040987312,4.121679122316289,0.4262295081967213,0.4098360655737705,0.13580465312690848,3.675913651852049,46.0,0.2786885245901639,0.22950819672131148,0.16393442622950818,0.14754098360655737,14.0,9.0,0.26947234356664534,0.7048422532995888,0.008248555656264145,0.22670146589740042,7.6194362688116275,TRADE_STATS,,,,
USER_SPEC 7-condition (PART 38; registered §A2),C7_TIGHT_STOP=1,TEXTBOOK_NOVOL,PRE_2020_2022,14,4.66986301369863,0.42857142857142855,14.308065575528326,19.077420767371102,0.35209290292316336,-0.023091339480012293,0.8832833543883724,-0.04629993567574335,5.749438873387758,-1.1498580836009924,0.7078215748605071,-0.023475023261020318,30.15211388675499,0.5714285714285714,0.5714285714285714,0.04572119906101939,1.7243896657520645,8.0,0.2857142857142857,0.2857142857142857,0.21428571428571427,0.21428571428571427,4.0,3.0,0.6243249370153859,0.6243249370153859,-0.34258602031985125,0.30521985392720047,4.929300640924287,TRADE_STATS,,,,
USER_SPEC 7-condition (PART 38; registered §A2),C7_TIGHT_STOP=1,TEXTBOOK_NOVOL,DISCOVERY,15,7.50513698630137,0.2,1.4648436819063928,5.859374727625571,0.025003830301600576,-0.05585788577337119,0.3939679538135021,-0.06723720057637482,0.4959699647253173,-1.0994613156685047,0.25695450530495756,-0.0389298538158184,6.600448758956013,0.7333333333333333,0.7333333333333333,0.05781852198849846,1.8255668940511434,13.0,0.13333333333333333,0.13333333333333333,0.13333333333333333,0.13333333333333333,2.0,2.0,1.6467106743516677,1.6467106743516677,-0.7416561098691796,0.04494397298070804,0.3750574545240086,TRADE_STATS,,,,
USER_SPEC 7-condition (PART 38; registered §A2),C7_TIGHT_STOP=1,TEXTBOOK_NOVOL,STRICT_OOS,20,11.975409836065573,0.1,5.55220607790843,49.96985470117587,0.2836620483538149,-0.05054250733351905,3.4597514303782075,-0.06923677187111761,3.1139760351388723,-1.0896658759947688,0.5562423586346448,-0.0487007189441438,11.421645731197819,0.8,0.8,0.06011050789234364,1.8888845537113275,10.0,0.1,0.1,0.1,0.1,2.0,2.0,1.0707539282489884,1.0707539282489884,-1.1975340972930162,0.9247336539651667,5.673240967076298,TRADE_STATS,,,,
USER_SPEC 7-condition (PART 38; registered §A2),C7_TIGHT_STOP=1,TEXTBOOK_NOVOL,EXTENDED,27,10.104252049180328,0.07407407407407407,3.969377928891909,49.61722411114886,0.19171414394107095,-0.05585788577337119,3.4597514303782075,-0.0697288389739,2.013942647925749,-1.0991894968637843,0.44288717430253044,-0.04543893092973478,9.746866073662607,0.8148148148148148,0.8148148148148148,0.05805548962711441,1.8842908157508105,8.0,0.07407407407407407,0.07407407407407407,0.07407407407407407,0.07407407407407407,2.0,2.0,1.1735537562878684,1.1735537562878684,-1.6976476793927804,0.6615056723845258,5.1762818864089155,TRADE_STATS,,,,
USER_SPEC 7-condition (PART 38; registered §A2),C7_TIGHT_STOP=1,TEXTBOOK_NOVOL,FULL_2023_2026,35,9.532997762863534,0.14285714285714285,3.945922735708937,23.67553641425362,0.17280852633143734,-0.05393250661606457,1.6202813444393844,-0.06843694335322051,1.9919734335330628,-1.0991894968637843,0.4279761357790645,-0.04451320531771863,9.614588136808633,0.7714285714285715,0.7714285714285715,0.05805548962711441,1.8842908157508105,12.0,0.11428571428571428,0.11428571428571428,0.11428571428571428,0.11428571428571428,4.0,4.0,1.0043560399906257,1.1440412457237186,-2.053108300596615,0.41770016723759024,6.048298421600307,TRADE_STATS,,,,
USER_SPEC 7-condition (PART 38; registered §A2),C7_TIGHT_STOP=1,TEXTBOOK_NOVOL,Y2020,8,8.0,0.625,16.91362863517425,10.148177181104549,0.26135359584006196,0.03776104704525252,0.44444296283105533,-0.043795349144927054,4.323805471158927,0.8068920281245657,0.6025778584622398,-0.02929769267655516,20.56741686502977,0.375,0.375,0.04572119906101939,1.8613116084419947,136.5,0.375,0.375,0.25,0.25,3.0,2.0,0.5915913055285308,0.5915913055285308,-0.13138604743478116,0.19855923710546017,2.0908287667204957,TRADE_STATS,,,,
USER_SPEC 7-condition (PART 38; registered §A2),C7_TIGHT_STOP=1,TEXTBOOK_NOVOL,Y2021,1,1.0,0.0,0.0,,-0.06435421103589462,-0.06435421103589462,,-0.06435421103589462,-1.119243458307361,-1.119243458307361,0.04306165502444803,-0.013489897303983978,3.192141055938996,1.0,1.0,0.057497955925708874,1.3414520776610794,5.0,0.0,0.0,0.0,0.0,0.0,0.0,,,0.0,-1.6088552758973653,-0.06435421103589462,TRADE_STATS,,,,
USER_SPEC 7-condition (PART 38; registered §A2),C7_TIGHT_STOP=1,TEXTBOOK_NOVOL,Y2022,5,5.0,0.2,17.619941220256734,70.47976488102694,0.5805652170479372,-0.029425383162714088,3.0774853121749572,-0.04366480673381776,9.404188783292913,-1.3088659173328918,1.0091635050649468,-0.016155777387571835,62.464558705869926,0.8,0.8,0.03825707146321619,1.5276225368807212,7.0,0.2,0.2,0.2,0.2,1.0,1.0,1.060168684518642,1.060168684518642,0.0,0.5202197285375781,2.902826085239686,TRADE_STATS,,,,
USER_SPEC 7-condition (PART 38; registered §A2),C7_TIGHT_STOP=1,TEXTBOOK_NOVOL,Y2023,8,8.0,0.375,3.8139793445130667,6.356632240855111,0.10900206689892394,-0.050950208473324037,0.3939679538135021,-0.061977465249822984,1.9178273349577482,-1.099142219772987,0.3776513807623669,-0.04138888137716411,9.124464546914094,0.625,0.625,0.05918482015786257,1.894334165934942,15.0,0.25,0.25,0.25,0.25,2.0,2.0,0.7082561957661686,0.7082561957661686,-0.20798690930246683,0.1310317859040408,0.8720165351913916,TRADE_STATS,,,,
USER_SPEC 7-condition (PART 38; registered §A2),C7_TIGHT_STOP=1,TEXTBOOK_NOVOL,Y2024,7,7.0,0.0,0.0,,-0.0709941543810547,-0.06467397568352723,,-0.0709941543810547,-1.129009886968889,-1.1185684700897836,0.11901521906791827,-0.03611953660285188,3.295037264086085,0.8571428571428571,0.8571428571428571,0.05781852198849846,1.6614335406421539,3.0,0.0,0.0,0.0,0.0,0.0,0.0,,,-0.22276181682153479,-0.29405862761383605,-0.4969590806673829,TRADE_STATS,,,,
USER_SPEC 7-condition (PART 38; registered §A2),C7_TIGHT_STOP=1,TEXTBOOK_NOVOL,Y2025,13,13.0,0.07692307692307693,8.49292555486919,101.91510665843029,0.41226043277775354,-0.047152508050973534,6.074645051400036,-0.05960495210743665,4.481029702910602,-1.110102601999327,0.6707719776851857,-0.04197847933481713,15.97894893560007,0.7692307692307693,0.7692307692307693,0.05364495943561616,1.8559460065830586,8.0,0.07692307692307693,0.07692307692307693,0.07692307692307693,0.07692307692307693,1.0,1.0,1.1334592199905364,1.1334592199905364,-0.6150580538556755,1.2929760255997094,5.359385626110796,TRADE_STATS,,,,
USER_SPEC 7-condition (PART 38; registered §A2),C7_TIGHT_STOP=1,TEXTBOOK_NOVOL,Y2026,7,10.44776119402985,0.14285714285714285,1.591061924658455,9.54637154795073,0.044836477280786054,-0.07566490852396618,0.8448578093563797,-0.08850041139847954,0.5751620807056604,-1.076745993020342,0.3435444946836402,-0.061184878218607616,5.614859499371546,0.8571428571428571,0.8571428571428571,0.07607421306895103,1.8934782916718447,12.0,0.14285714285714285,0.14285714285714285,0.14285714285714285,0.14285714285714285,1.0,1.0,2.691870104097552,2.691870104097552,-0.301219420875534,0.15771625174145848,0.3138553409655024,TRADE_STATS,,,,
USER_SPEC 7-condition (PART 38; registered §A2),C7_TIGHT_STOP=0,TEXTBOOK_NOVOL,PRE_2020_2022,223,74.38424657534247,0.3632286995515695,2.722135413934342,4.772138626897242,0.13378482826836102,-0.06883536766769288,0.5821958932126781,-0.12199894821396069,1.2765301406768568,-0.8761331538023363,0.5813636005945438,-0.09274918439467315,6.268126284762599,0.4798206278026906,0.4618834080717489,0.11835417458847719,4.472124925946057,77.0,0.27802690582959644,0.23318385650224216,0.19282511210762332,0.16591928251121077,52.0,37.0,0.2118158308817057,0.7202001440841412,17.39955904551885,0.09845722721266112,29.834016703844508,TRADE_STATS,,,,
USER_SPEC 7-condition (PART 38; registered §A2),C7_TIGHT_STOP=0,TEXTBOOK_NOVOL,DISCOVERY,249,124.58527397260274,0.30120481927710846,1.6719477939452498,3.8789188819529796,0.05584440819156757,-0.07800059675166265,0.4613228397488988,-0.11893077782452348,0.9303390927423774,-1.0250040292775346,0.40121822448075917,-0.08832322035139437,4.5426131756123755,0.5140562248995983,0.5100401606425703,0.11280046564006066,4.388535574131612,66.0,0.23694779116465864,0.1566265060240964,0.11646586345381527,0.11244979919678715,39.0,28.0,0.4440049149018517,1.3171635740060033,3.0006721937180494,0.049797688827332987,13.905257639700325,TRADE_STATS,,,,
USER_SPEC 7-condition (PART 38; registered §A2),C7_TIGHT_STOP=0,TEXTBOOK_NOVOL,STRICT_OOS,266,159.27295081967213,0.39473684210526316,4.204334688456409,6.446646522299826,0.2761278798075714,-0.06293560488321187,0.9178294858497295,-0.14237316761122742,1.8431701585127291,-0.5076776581443301,0.7437802218176732,-0.11245873744197638,6.613805549803813,0.4398496240601504,0.42857142857142855,0.15325464547637793,4.389538368408621,70.0,0.31954887218045114,0.2819548872180451,0.2518796992481203,0.21428571428571427,75.0,57.0,0.22191275541997463,0.5886096517367686,49.42908289392612,0.3073029560019831,73.45001602881399,TRADE_STATS,,,,
USER_SPEC 7-condition (PART 38; registered §A2),C7_TIGHT_STOP=0,TEXTBOOK_NOVOL,EXTENDED,365,136.59451844262296,0.3452054794520548,3.060049287626507,5.804379204307421,0.1906468997041337,-0.07800059675166265,0.8203569787319528,-0.14133414614316844,1.3242518680949211,-0.9036925397316595,0.6208983763995981,-0.1099668475982263,5.646232386947253,0.4876712328767123,0.4794520547945205,0.14438043099865344,4.387468586717615,64.0,0.27671232876712326,0.23013698630136986,0.20273972602739726,0.17534246575342466,84.0,64.0,0.2928555877669068,0.7603525934186343,45.565185257120916,0.21905158936005542,69.5861183920088,TRADE_STATS,,,,
USER_SPEC 7-condition (PART 38; registered §A2),C7_TIGHT_STOP=0,TEXTBOOK_NOVOL,FULL_2023_2026,515,140.27125279642058,0.34951456310679613,3.0028247183367673,5.58859044801565,0.1696218906184744,-0.06979131509533137,0.7276183833077167,-0.13019712037873044,1.40182076943153,-0.8583801871494275,0.5781531590275923,-0.10078933209138431,5.736253500552904,0.47572815533980584,0.4679611650485437,0.12896145530158873,4.388535574131612,68.0,0.2796116504854369,0.22135922330097088,0.18640776699029127,0.1650485436893204,114.0,85.0,0.276410963476924,0.7865944992773363,63.2093183090099,0.16855817398652062,87.35527366851431,TRADE_STATS,,,,
USER_SPEC 7-condition (PART 38; registered §A2),C7_TIGHT_STOP=0,TEXTBOOK_NOVOL,Y2020,104,104.0,0.49038461538461536,6.168085661943723,6.409971374176811,0.2976957083009244,-0.010248748899558454,0.7245300955420002,-0.11303172093105435,2.813381635078445,-0.1139788311715821,0.8375228404596288,-0.08153497856795593,10.271945307026593,0.41346153846153844,0.40384615384615385,0.11452164921970678,4.2974143828552975,138.0,0.40384615384615385,0.34615384615384615,0.3173076923076923,0.2692307692307692,36.0,28.0,0.1287003831387855,0.4016251814677054,18.525896004970487,0.17144476929587807,30.96035366329614,TRADE_STATS,,,,
USER_SPEC 7-condition (PART 38; registered §A2),C7_TIGHT_STOP=0,TEXTBOOK_NOVOL,Y2021,71,71.0,0.22535211267605634,0.7025978653223524,2.415180162045586,-0.0304982895459574,-0.0904907613032423,0.31972499834863466,-0.132381427842566,-0.16293241727848098,-1.0286991602173552,0.3363492077255515,-0.10824032769988569,3.1074296879268104,0.5774647887323944,0.5352112676056338,0.13060387098039067,4.621755757428793,49.0,0.16901408450704225,0.1267605633802817,0.056338028169014086,0.056338028169014086,9.0,4.0,,,-5.705076105280671,-0.03232390741547955,-2.1653785577629754,TRADE_STATS,,,,
USER_SPEC 7-condition (PART 38; registered §A2),C7_TIGHT_STOP=0,TEXTBOOK_NOVOL,Y2022,48,48.0,0.2916666666666667,1.256414769810315,3.051293012396479,0.021646699964819594,-0.09730630078313238,0.36365946457191056,-0.11918208546162964,0.07589026978235207,-0.9242765471494685,0.38876903700557763,-0.09413264754693362,4.130012775979143,0.4791666666666667,0.4791666666666667,0.12018703927063468,4.504455444938125,66.5,0.16666666666666666,0.14583333333333334,0.125,0.10416666666666667,7.0,5.0,1.1248298857020356,2.0855681196069487,-2.9315146622764674,0.018741731571272374,1.0390415983113406,TRADE_STATS,,,,
USER_SPEC 7-condition (PART 38; registered §A2),C7_TIGHT_STOP=0,TEXTBOOK_NOVOL,Y2023,150,150.0,0.36,2.806327158226513,4.989026059069356,0.11846103517670344,-0.05821297269365252,0.5112283273178326,-0.10247056665268177,1.5905717626839446,-0.6738443797455278,0.4741397967557118,-0.07845737769140211,6.043278665527859,0.44666666666666666,0.44,0.10450270147137797,4.402831065735084,93.0,0.2866666666666667,0.2,0.14666666666666667,0.14,30.0,21.0,0.34745617554295166,0.8091806312488865,6.864569830523246,0.08858886866340371,17.769155276505515,TRADE_STATS,,,,
USER_SPEC 7-condition (PART 38; registered §A2),C7_TIGHT_STOP=0,TEXTBOOK_NOVOL,Y2024,99,99.0,0.21212121212121213,0.6441028277940688,2.3923819318065416,-0.03902926905863831,-0.10655905446906272,0.3329944431430686,-0.13918949926679014,-0.07001343747211866,-1.0373852296964508,0.2907309937611339,-0.1032714668059281,2.815211236492722,0.6161616161616161,0.6161616161616161,0.1276863386877695,4.309539021036487,55.0,0.16161616161616163,0.09090909090909091,0.0707070707070707,0.0707070707070707,9.0,7.0,,,-8.159517921818232,-0.04912462827290309,-3.8638976368051923,TRADE_STATS,,,,
USER_SPEC 7-condition (PART 38; registered §A2),C7_TIGHT_STOP=0,TEXTBOOK_NOVOL,Y2025,132,132.0,0.3712121212121212,5.278194733254243,8.940615568573515,0.40801976711734694,-0.0690159232714409,1.3560756416584374,-0.1516758696599233,2.938923751928019,-1.0191800659727965,1.001001183792642,-0.11172970559063072,8.959132027611666,0.5075757575757576,0.49242424242424243,0.15083917049807313,4.549457101495463,110.5,0.3333333333333333,0.30303030303030304,0.29545454545454547,0.2727272727272727,40.0,36.0,0.11214300578692893,0.5517039895815753,29.83767612460192,0.3533102155568735,53.858609259489796,TRADE_STATS,,,,
USER_SPEC 7-condition (PART 38; registered §A2),C7_TIGHT_STOP=0,TEXTBOOK_NOVOL,Y2026,134,200.0,0.417910447761194,2.8960069073602006,4.0337239066802795,0.14620452812928497,-0.04251680822695724,0.5343640995171101,-0.1324741385081279,0.7637710963424441,-0.30464488684255203,0.4903983786781518,-0.11317688822091389,4.333025818141652,0.373134328358209,0.3656716417910448,0.15845433983657967,4.180242375308701,55.0,0.30597014925373134,0.26119402985074625,0.208955223880597,0.15671641791044777,35.0,21.0,0.11124566398573035,0.6355365934476381,9.819888687553066,0.2262940429607183,19.591406769324188,TRADE_STATS,,,,
USER_SPEC 7-condition (PART 38; registered §A2),ALL_STAGE1_BREAKOUTS,MODERN_NOVOL,PRE_2020_2022,253,84.39109589041097,0.2885375494071146,1.529195222781219,3.770618357542732,0.03092046160124597,-0.04633985594587935,0.3096639486708239,-0.08212550815474953,0.386992012731248,-0.45397581475191906,0.2204784340335637,-0.07065615127551082,3.1204421703334524,0.24110671936758893,0.24110671936758893,0.11367671691290625,4.418333562611545,31.0,0.16205533596837945,0.09486166007905138,0.05533596837944664,0.03557312252964427,24.0,9.0,1.2125851131188456,2.046096461044923,-3.6606881947476015,0.08704658712713063,7.8228767851152305,TRADE_STATS,,,,
USER_SPEC 7-condition (PART 38; registered §A2),ALL_STAGE1_BREAKOUTS,MODERN_NOVOL,DISCOVERY,271,135.59280821917807,0.3247232472324723,1.1573791922009662,2.406822638327009,0.009153976675075925,-0.048787764219267164,0.20731216093836136,-0.08613520482858046,0.27214632594182575,-0.5279152596194213,0.18157981235582576,-0.06857405305773072,2.6479375836653323,0.21033210332103322,0.21033210332103322,0.10872182467144263,4.2184025690557485,29.0,0.17343173431734318,0.0996309963099631,0.06642066420664207,0.03690036900369004,27.0,10.0,1.784609238377035,3.9940766129633194,-3.4755528454120608,0.025500901304950408,2.4807276789455757,TRADE_STATS,,,,
USER_SPEC 7-condition (PART 38; registered §A2),ALL_STAGE1_BREAKOUTS,MODERN_NOVOL,STRICT_OOS,302,180.82868852459015,0.2980132450331126,2.1631696250288286,5.0954662278456855,0.07543820482006135,-0.05239376082554758,0.47076406261022913,-0.09238881027953819,0.3981067900276537,-0.46483457756543767,0.3301951267215434,-0.08612483522437119,3.83391301546556,0.16225165562913907,0.16225165562913907,0.14526121549010976,4.246251641759857,29.0,0.20860927152317882,0.152317880794702,0.1357615894039735,0.11920529801324503,46.0,36.0,0.47638812739323794,1.0649484310880557,8.099494788747872,0.22192029861346702,22.782337855658525,TRADE_STATS,,,,
USER_SPEC 7-condition (PART 38; registered §A2),ALL_STAGE1_BREAKOUTS,MODERN_NOVOL,EXTENDED,410,153.43493852459017,0.2926829268292683,1.8404640050570202,4.447788012221133,0.05448065714188652,-0.05410579816322219,0.4076178160085091,-0.0916450637684401,0.30605432875829325,-0.47056905152689055,0.2932750036977005,-0.0821639482125031,3.5693879137744755,0.18048780487804877,0.18048780487804877,0.13496536754997696,4.214774829923483,29.0,0.1975609756097561,0.14146341463414633,0.12195121951219512,0.1,58.0,41.0,0.587277667962053,1.2636639977556463,7.654226361262815,0.16347386876590655,22.33706942817347,TRADE_STATS,,,,
USER_SPEC 7-condition (PART 38; registered §A2),ALL_STAGE1_BREAKOUTS,MODERN_NOVOL,FULL_2023_2026,573,156.06879194630872,0.3106457242582897,1.7146720940469693,3.805030770497488,0.04408911960663892,-0.050700147021118074,0.34051817863762035,-0.08949157028580333,0.33853386547746284,-0.4809336726065603,0.2599076045695199,-0.07782420351903162,3.3396757411845592,0.1849912739965096,0.1849912739965096,0.12454759677545457,4.236746511173037,29.0,0.19197207678883071,0.1273996509598604,0.10296684118673648,0.08027923211169284,73.0,46.0,0.6627606663046587,1.4216488215542018,10.084480412018081,0.12635323364311343,25.263065534604102,TRADE_STATS,,,,
USER_SPEC 7-condition (PART 38; registered §A2),ALL_STAGE1_BREAKOUTS,MODERN_NOVOL,Y2020,118,118.0,0.3389830508474576,2.509657281820942,4.893831699550837,0.07374839822849436,-0.03325181376131269,0.36166847949747816,-0.07390292549918964,0.9769915748117921,-0.35385787068258606,0.2651882706434585,-0.06564942964034996,4.039460389774147,0.2457627118644068,0.2457627118644068,0.11134227757764786,4.266618244559432,34.0,0.17796610169491525,0.11864406779661017,0.06779661016949153,0.0423728813559322,14.0,5.0,0.8070438144224454,1.1999452531811368,-1.3454379251855202,0.18682505347707887,8.702310990962333,TRADE_STATS,,,,
USER_SPEC 7-condition (PART 38; registered §A2),ALL_STAGE1_BREAKOUTS,MODERN_NOVOL,Y2021,77,77.0,0.24675324675324675,0.9458244753453412,2.887253661580515,-0.004018971850368777,-0.05872657094379224,0.28435411065731536,-0.09848601612012736,-0.08282065322666464,-0.6691798361103152,0.21515886951413565,-0.0813519713111378,2.644789868597548,0.22077922077922077,0.22077922077922077,0.12250826935742362,4.621755757428793,23.0,0.14285714285714285,0.09090909090909091,0.06493506493506493,0.03896103896103896,7.0,3.0,,,-4.244172390470851,-0.012693225286234445,-0.3094608324783958,TRADE_STATS,,,,
USER_SPEC 7-condition (PART 38; registered §A2),ALL_STAGE1_BREAKOUTS,MODERN_NOVOL,Y2022,58,58.0,0.2413793103448276,0.8275929229724227,2.6010063293418995,-0.009827127127046701,-0.04307665765431506,0.19542864075585906,-0.07513578054433491,-0.18963510876435435,-0.5005024564596946,0.13657922279267362,-0.06664261696871267,2.049427663634439,0.25862068965517243,0.25862068965517243,0.11001068047728713,4.176371051450781,28.0,0.15517241379310345,0.05172413793103448,0.017241379310344827,0.017241379310344827,3.0,1.0,,,-2.6256993075181323,-0.03014137352557952,-0.5699733733687087,TRADE_STATS,,,,
USER_SPEC 7-condition (PART 38; registered §A2),ALL_STAGE1_BREAKOUTS,MODERN_NOVOL,Y2023,163,163.0,0.3558282208588957,1.3335570178201124,2.4141980495019273,0.017950896358470133,-0.04336878739848298,0.20169134269785033,-0.08354382638137796,0.42023085967905494,-0.5279152596194213,0.17597733682378947,-0.06690828128391936,2.6301278921968603,0.19631901840490798,0.19631901840490798,0.10179302566497697,4.269288432587882,31.0,0.17791411042944785,0.09202453987730061,0.05521472392638037,0.03067484662576687,15.0,5.0,1.176691401932616,2.2204457134516353,-2.4273633613019463,0.0462242670842122,2.925996106430632,TRADE_STATS,,,,
USER_SPEC 7-condition (PART 38; registered §A2),ALL_STAGE1_BREAKOUTS,MODERN_NOVOL,Y2024,108,108.0,0.2777777777777778,0.9363050619065967,2.434393160957151,-0.004122855810046815,-0.061309247109544655,0.21817907620334936,-0.08962359889212226,0.048648372245822545,-0.5229107995762952,0.19003540042732503,-0.07108813453116826,2.673236563044215,0.23148148148148148,0.23148148148148148,0.12475535735117226,4.19335124425732,26.0,0.16666666666666666,0.1111111111111111,0.08333333333333333,0.046296296296296294,12.0,5.0,,,-3.465320333052168,-0.013103838360360685,-0.4452684274850561,TRADE_STATS,,,,
USER_SPEC 7-condition (PART 38; registered §A2),ALL_STAGE1_BREAKOUTS,MODERN_NOVOL,Y2025,153,153.0,0.24836601307189543,2.2269356843243093,6.7394106236130416,0.07934913232183707,-0.05329310975336903,0.5798770128882133,-0.0860426890827046,0.41426856941319706,-0.46910552058769184,0.3068279645235585,-0.07834719382456168,3.9162597860316546,0.1568627450980392,0.1568627450980392,0.13251085549587743,4.421280971693686,31.0,0.19607843137254902,0.1437908496732026,0.12418300653594772,0.11764705882352941,22.0,18.0,0.6797639193476506,1.2034686758234079,-0.23753257926663984,0.22490584003781164,12.140417245241071,TRADE_STATS,,,,
USER_SPEC 7-condition (PART 38; registered §A2),ALL_STAGE1_BREAKOUTS,MODERN_NOVOL,Y2026,149,222.38805970149252,0.348993288590604,2.0980653415931165,3.9136988102794676,0.07142228597595607,-0.051649076461389325,0.39102767586862536,-0.09991256221392852,0.38151113737001524,-0.4498837891556082,0.3541895952872595,-0.09411127236645742,3.7635193572571195,0.16778523489932887,0.16778523489932887,0.15477289880315132,4.123092713506645,26.0,0.2214765100671141,0.1610738255033557,0.1476510067114094,0.12080536912751678,24.0,18.0,0.24437484123031322,0.9034576355343987,2.9768674654280023,0.21860970851309477,10.641920610417454,TRADE_STATS,,,,
USER_SPEC 7-condition (PART 38; registered §A2),HIGH_RR_STAGE2_SETUP(C1+all 6 conditions),MODERN_NOVOL,PRE_2020_2022,1,0.3335616438356165,0.0,0.0,,-0.08251596077223083,-0.08251596077223083,,-0.08251596077223083,-1.4335017659150568,-1.4335017659150568,0.024960534443707383,-0.04825092891247651,0.517306816807276,1.0,1.0,0.05756251072321342,2.071999784092627,7.0,0.0,0.0,0.0,0.0,0.0,0.0,,,0.0,-1.375266012870514,-0.08251596077223083,TRADE_STATS,,,,
USER_SPEC 7-condition (PART 38; registered §A2),HIGH_RR_STAGE2_SETUP(C1+all 6 conditions),MODERN_NOVOL,DISCOVERY,0,,,,,,,,,,,,,,,,,,,,,,,,,,,,,,TRADE_STATS,,,,
USER_SPEC 7-condition (PART 38; registered §A2),HIGH_RR_STAGE2_SETUP(C1+all 6 conditions),MODERN_NOVOL,STRICT_OOS,0,,,,,,,,,,,,,,,,,,,,,,,,,,,,,,TRADE_STATS,,,,
USER_SPEC 7-condition (PART 38; registered §A2),HIGH_RR_STAGE2_SETUP(C1+all 6 conditions),MODERN_NOVOL,EXTENDED,0,,,,,,,,,,,,,,,,,,,,,,,,,,,,,,TRADE_STATS,,,,
USER_SPEC 7-condition (PART 38; registered §A2),HIGH_RR_STAGE2_SETUP(C1+all 6 conditions),MODERN_NOVOL,FULL_2023_2026,0,,,,,,,,,,,,,,,,,,,,,,,,,,,,,,TRADE_STATS,,,,
USER_SPEC 7-condition (PART 38; registered §A2),HIGH_RR_STAGE2_SETUP(C1+all 6 conditions),MODERN_NOVOL,Y2022,1,1.0,0.0,0.0,,-0.08251596077223083,-0.08251596077223083,,-0.08251596077223083,-1.4335017659150568,-1.4335017659150568,0.024960534443707383,-0.04825092891247651,0.517306816807276,1.0,1.0,0.05756251072321342,2.071999784092627,7.0,0.0,0.0,0.0,0.0,0.0,0.0,,,0.0,-1.375266012870514,-0.08251596077223083,TRADE_STATS,,,,
USER_SPEC 7-condition (PART 38; registered §A2),n_conditions=0,MODERN_NOVOL,PRE_2020_2022,27,9.006164383561645,0.18518518518518517,1.0902520164295502,4.79710887229002,0.004492595251578516,-0.04633985594587935,0.2930630319338838,-0.06109159490349086,0.07019852706916245,-0.4019290025315272,0.1563738491546421,-0.07110384517022597,2.199231965307582,0.14814814814814814,0.14814814814814814,0.10291579388709397,4.5341105402523105,32.0,0.07407407407407407,0.037037037037037035,0.037037037037037035,0.037037037037037035,1.0,1.0,10.2279934443137,10.2279934443137,-1.344015087876799,0.012227829817804427,0.12130007179261992,TRADE_STATS,,,,
USER_SPEC 7-condition (PART 38; registered §A2),n_conditions=0,MODERN_NOVOL,DISCOVERY,43,21.51472602739726,0.2558139534883721,0.49844753090921956,1.4500291808268206,-0.034164153150222164,-0.05781315698154015,0.13272401372097045,-0.09153196051219462,-0.04822017371891834,-0.5398919336477473,0.09932903369744522,-0.07744772942521318,1.282529964850184,0.13953488372093023,0.13953488372093023,0.09530544585520512,4.18298342805458,25.0,0.16279069767441862,0.046511627906976744,0.023255813953488372,0.0,2.0,0.0,,,-2.5727579635016187,-0.10131438520410711,-1.469058585459553,TRADE_STATS,,,,
USER_SPEC 7-condition (PART 38; registered §A2),n_conditions=0,MODERN_NOVOL,STRICT_OOS,59,35.32745901639344,0.288135593220339,1.395042255770809,3.4465749848455283,0.029535601718814152,-0.0589291445299796,0.36198679104534104,-0.10502797491335152,0.07382956160908379,-0.5108698292131404,0.27296998683352036,-0.09361027679502798,2.9160258486493325,0.11864406779661017,0.11864406779661017,0.15117033154379472,4.512101894505826,30.0,0.1864406779661017,0.13559322033898305,0.11864406779661017,0.11864406779661017,8.0,7.0,0.582592974112832,1.5829849151267843,-2.397777020503583,0.08913557551969488,1.742600501410035,TRADE_STATS,,,,
USER_SPEC 7-condition (PART 38; registered §A2),n_conditions=0,MODERN_NOVOL,EXTENDED,78,29.190061475409838,0.2564102564102564,1.046470200589195,3.0347635817086656,0.003592940840006845,-0.06284261851814488,0.31554913359773823,-0.10397816011093501,-0.05743765618207335,-0.528095007598364,0.22568790277035014,-0.09281196657672752,2.4316681468415418,0.1282051282051282,0.1282051282051282,0.14855722670462634,4.458205527754439,25.5,0.15384615384615385,0.10256410256410256,0.08974358974358974,0.08974358974358974,8.0,7.0,3.6225835318828867,12.422217638216322,-3.860128136393083,0.011476223813289678,0.2802493855205339,TRADE_STATS,,,,
USER_SPEC 7-condition (PART 38; registered §A2),n_conditions=0,MODERN_NOVOL,FULL_2023_2026,102,27.78187919463087,0.27450980392156865,1.0372662873362781,2.741346616531592,0.0026817834897106085,-0.058371150755759875,0.27191927138219546,-0.0991918605777161,0.02237722220610248,-0.5142475179435282,0.19976840855066513,-0.08679665388422374,2.301568085990182,0.12745098039215685,0.12745098039215685,0.12777781103944663,4.402094968171216,27.0,0.17647058823529413,0.09803921568627451,0.0784313725490196,0.06862745098039216,10.0,7.0,3.711412217317239,15.1361721201921,-3.8668356059631352,0.008033536444948077,0.27354191595048205,TRADE_STATS,,,,
USER_SPEC 7-condition (PART 38; registered §A2),n_conditions=0,MODERN_NOVOL,Y2020,7,7.0,0.2857142857142857,0.18287821339027577,0.4571955334756894,-0.03514661920568971,-0.03805249255149883,0.027531303917370527,-0.0602177884549138,-0.4591841103436624,-0.4984590439456934,0.07868177807639236,-0.0717549906546158,1.0965338767183155,0.14285714285714285,0.14285714285714285,0.08962080242866297,4.472124925946057,34.0,0.0,0.0,0.0,0.0,0.0,0.0,,,-0.15412420214613343,-0.07172779429732594,-0.24602633443982797,TRADE_STATS,,,,
USER_SPEC 7-condition (PART 38; registered §A2),n_conditions=0,MODERN_NOVOL,Y2021,13,13.0,0.15384615384615385,1.7853671754559528,9.81951946500774,0.04224418070888499,-0.0505795011925823,0.6242162184347217,-0.06356891705944896,0.5506689436221983,-0.33119592742005893,0.23744064587531602,-0.07810170659117131,3.0401467040690315,0.07692307692307693,0.07692307692307693,0.11367671691290625,4.5341105402523105,31.0,0.07692307692307693,0.07692307692307693,0.07692307692307693,0.07692307692307693,1.0,1.0,2.25913016669838,2.25913016669838,-0.656704534806211,0.13729358730387622,0.5491743492155049,TRADE_STATS,,,,
USER_SPEC 7-condition (PART 38; registered §A2),n_conditions=0,MODERN_NOVOL,Y2022,7,7.0,0.14285714285714285,0.47086166788762734,2.8251700073257644,-0.025978277569008158,-0.023462493922073276,0.16182011496523424,-0.05727800965804856,-0.29272103768793684,-0.34094157404871256,0.08351329775164033,-0.05745667133265196,1.4535004519863421,0.2857142857142857,0.2857142857142857,0.07196047005456216,4.7118275743796705,37.0,0.14285714285714285,0.0,0.0,0.0,0.0,0.0,,,-0.24966050308143406,-0.07303130240283418,-0.1818479429830571,TRADE_STATS,,,,
USER_SPEC 7-condition (PART 38; registered §A2),n_conditions=0,MODERN_NOVOL,Y2023,24,24.0,0.3333333333333333,0.9948776999291323,1.9897553998582647,-0.0002794778987521701,-0.054128479676774914,0.1628446158433385,-0.0818415247697975,0.2817755769676741,-0.47403937997117673,0.11553005233668927,-0.06724688763358629,1.7179985037551102,0.125,0.125,0.08484458906666639,4.188511817719119,30.5,0.25,0.08333333333333333,0.041666666666666664,0.0,2.0,0.0,,,-1.110406847612118,-0.000696518127731265,-0.0067074695700520826,TRADE_STATS,,,,
USER_SPEC 7-condition (PART 38; registered §A2),n_conditions=0,MODERN_NOVOL,Y2024,19,19.0,0.15789473684210525,0.09706796000743961,0.5176957867063446,-0.07696584820471057,-0.0718056431140463,0.052402408061322216,-0.10122239625459173,-0.4650569114282983,-0.5850861037321682,0.07886458910050538,-0.09033300326726822,0.8730429217234011,0.15789473684210525,0.15789473684210525,0.09980857590883482,4.18298342805458,20.0,0.05263157894736842,0.0,0.0,0.0,0.0,0.0,,,-1.5867979679221789,-0.30027743652761824,-1.4623511158895008,TRADE_STATS,,,,
USER_SPEC 7-condition (PART 38; registered §A2),n_conditions=0,MODERN_NOVOL,Y2025,23,23.0,0.21739130434782608,1.088214983904247,3.917573942055289,0.0054183280849362915,-0.05037845477409091,0.3074648492168893,-0.07848348334060623,-0.018336574527098935,-0.46910552058769184,0.21098143774145042,-0.07449709600393381,2.832076001060626,0.13043478260869565,0.13043478260869565,0.12681638456052194,4.683814183709076,30.0,0.13043478260869565,0.08695652173913043,0.08695652173913043,0.08695652173913043,2.0,2.0,6.2536308296101435,6.2536308296101435,-1.4127027001309123,0.016269131325526723,0.1246215459535347,TRADE_STATS,,,,
USER_SPEC 7-condition (PART 38; registered §A2),n_conditions=0,MODERN_NOVOL,Y2026,36,53.731343283582085,0.3333333333333333,1.5396011110294168,3.0792022220588335,0.04494385987379166,-0.0663055125616171,0.3847042668071958,-0.12493634359291046,0.13271348191831167,-0.5477816423966994,0.31257378208678727,-0.10582147563378261,2.95378400475641,0.1111111111111111,0.1111111111111111,0.17225145818549914,4.437817281904348,29.5,0.2222222222222222,0.16666666666666666,0.1388888888888889,0.1388888888888889,6.0,5.0,0.6274660157866802,1.2232378909139432,-2.198634067199778,0.13607897018137088,1.6179789554564998,TRADE_STATS,,,,
USER_SPEC 7-condition (PART 38; registered §A2),n_conditions=1,MODERN_NOVOL,PRE_2020_2022,95,31.688356164383563,0.28421052631578947,0.7289514290983227,1.8358776732846642,-0.01927960111699542,-0.06125544909856311,0.18243550173574957,-0.09937236254382065,-0.16288185629301088,-0.556087711862899,0.17104211619248366,-0.08305745192969662,2.059322941152361,0.23157894736842105,0.23157894736842105,0.14289985136153574,4.642400017724612,28.0,0.17894736842105263,0.07368421052631578,0.042105263157894736,0.021052631578947368,7.0,2.0,,,-4.464730985813118,-0.05561986353217628,-1.8315621061145648,TRADE_STATS,,,,
USER_SPEC 7-condition (PART 38; registered §A2),n_conditions=1,MODERN_NOVOL,DISCOVERY,102,51.03493150684931,0.3627450980392157,1.6680939560834822,2.930435328254766,0.04007608349189446,-0.04289545648633613,0.2758459971998807,-0.09413140584957458,0.6711088507878041,-0.4666226434364353,0.23205179334887877,-0.0717978598269042,3.2320154654794315,0.19607843137254902,0.19607843137254902,0.11639717276464337,4.207433075625639,34.0,0.21568627450980393,0.13725490196078433,0.11764705882352941,0.058823529411764705,14.0,6.0,0.504071378826955,1.3208963438434351,-1.311747404147543,0.10163502029272091,4.087760516173235,TRADE_STATS,,,,
USER_SPEC 7-condition (PART 38; registered §A2),n_conditions=1,MODERN_NOVOL,STRICT_OOS,108,64.66721311475409,0.3333333333333333,2.331534877751574,4.663069755503148,0.09242784827434718,-0.0539254583447366,0.48552709101633507,-0.1041217730966468,0.5625396441149684,-0.38302848475432383,0.3966697346890501,-0.09332929081319968,4.250216960107325,0.1388888888888889,0.1388888888888889,0.15662917777279994,4.165480674948714,32.0,0.25,0.18518518518518517,0.17592592592592593,0.1388888888888889,20.0,15.0,0.27009239487829007,0.8782314436896668,1.2155190099016784,0.25569179338190307,9.982207613629495,TRADE_STATS,,,,
USER_SPEC 7-condition (PART 38; registered §A2),n_conditions=1,MODERN_NOVOL,EXTENDED,149,55.76050204918033,0.3422818791946309,2.0137071475951753,3.86947647969269,0.0706127057692651,-0.054279089710379806,0.4098101857580441,-0.1059084317759158,0.5147376367952984,-0.40713556945352547,0.3440163537579782,-0.08789132901528475,3.9141102724496517,0.18120805369127516,0.18120805369127516,0.1484093112515419,4.165151349870508,32.0,0.2483221476510067,0.174496644295302,0.16778523489932887,0.12080536912751678,26.0,18.0,0.25625351557400566,0.9814597357389683,1.754604555892687,0.19603676466593067,10.5212931596205,TRADE_STATS,,,,
USER_SPEC 7-condition (PART 38; registered §A2),n_conditions=1,MODERN_NOVOL,FULL_2023_2026,210,57.197986577181204,0.3476190476190476,2.033393225609486,3.816094135732871,0.06699984823715587,-0.048278233127374,0.3792503722326527,-0.09938181783343734,0.6152732587846315,-0.40894088761595315,0.31671244889525263,-0.08287116719128475,3.821744759117621,0.16666666666666666,0.16666666666666666,0.13524196837833474,4.18304339458192,32.0,0.23333333333333334,0.1619047619047619,0.14761904761904762,0.1,34.0,21.0,0.37645685983285293,1.0317575459201749,3.987528748570238,0.17751663045423585,14.069968129802731,TRADE_STATS,,,,
USER_SPEC 7-condition (PART 38; registered §A2),n_conditions=1,MODERN_NOVOL,Y2020,41,41.0,0.3170731707317073,1.0423247461593017,2.2450071455738803,0.0021275376045296218,-0.02234903435182572,0.16524428030609195,-0.07360523579262433,-0.07523458202910145,-0.32801919935778806,0.16912232804401686,-0.07384165885989177,2.290337604209461,0.24390243902439024,0.24390243902439024,0.11490327515164993,4.4416163333155065,32.0,0.17073170731707318,0.0975609756097561,0.04878048780487805,0.024390243902439025,4.0,1.0,8.414601101855453,12.293611027291712,-1.633551217592095,0.005361342457634573,0.0872290417857145,TRADE_STATS,,,,
USER_SPEC 7-condition (PART 38; registered §A2),n_conditions=1,MODERN_NOVOL,Y2021,30,30.0,0.3,0.7148607603143995,1.6680084407335989,-0.028994964557632306,-0.09142491307434114,0.2423069097962157,-0.14526719642356717,-0.1792837166384347,-0.8217458067479699,0.20149019564509765,-0.09658687365016343,2.0861032977927505,0.26666666666666666,0.26666666666666666,0.16293496546007244,4.878297500685077,21.5,0.2,0.1,0.06666666666666667,0.03333333333333333,3.0,1.0,,,-2.768325913876997,-0.09098838250303026,-0.8698489367289692,TRADE_STATS,,,,
USER_SPEC 7-condition (PART 38; registered §A2),n_conditions=1,MODERN_NOVOL,Y2022,24,24.0,0.20833333333333334,0.36264075787029854,1.3780348799071347,-0.04370592546547127,-0.07707021146310827,0.11936414294402034,-0.0866191013627059,-0.29211029106207637,-0.5316379867848381,0.13626165496368026,-0.08188932127336306,1.6639734320035624,0.16666666666666666,0.16666666666666666,0.136038883372877,4.676318996692007,27.0,0.16666666666666666,0.0,0.0,0.0,0.0,0.0,,,-1.6457629258914124,-0.14773833960159302,-1.0489422111713105,TRADE_STATS,,,,
USER_SPEC 7-condition (PART 38; registered §A2),n_conditions=1,MODERN_NOVOL,Y2023,61,61.0,0.36065573770491804,2.0965281056034186,3.7165725508424234,0.05817499951118407,-0.036671224404695106,0.30840716815106356,-0.08298160843951718,0.860843876430707,-0.4588903412379839,0.25001930423056223,-0.07060880470315353,3.540908322717944,0.13114754098360656,0.13114754098360656,0.10730357726963756,4.269288432587882,35.0,0.19672131147540983,0.13114754098360656,0.09836065573770492,0.04918032786885246,8.0,3.0,0.5806457613096129,1.1778385737840993,-1.390174028389105,0.1386742856655814,3.5486749701822284,TRADE_STATS,,,,
USER_SPEC 7-condition (PART 38; registered §A2),n_conditions=1,MODERN_NOVOL,Y2024,41,41.0,0.36585365853658536,1.1870357977028838,2.0575287160183318,0.013148427951000151,-0.054279089710379806,0.22808961313814563,-0.11085610196466071,0.3888201540995826,-0.5426212030560497,0.20531964301271552,-0.07356694184028936,2.7909226328648478,0.2926829268292683,0.2926829268292683,0.12563827794632812,4.133769120689658,28.0,0.24390243902439024,0.14634146341463414,0.14634146341463414,0.07317073170731707,6.0,3.0,1.4698579684223891,2.2626124252241815,-1.7958341142881378,0.0368479525626115,0.5390855459910062,TRADE_STATS,,,,
USER_SPEC 7-condition (PART 38; registered §A2),n_conditions=1,MODERN_NOVOL,Y2025,52,52.0,0.25,1.625573884936878,4.876721654810633,0.05139171713510377,-0.06359940485529642,0.534172127631685,-0.10953508636375665,0.33036037114798805,-0.43448373440761684,0.32020395791017997,-0.09575741512789512,3.3439077013775953,0.11538461538461539,0.11538461538461539,0.1564972323905312,4.424470206260871,29.5,0.23076923076923078,0.15384615384615385,0.15384615384615385,0.1346153846153846,8.0,7.0,1.0088868965796947,1.507214703784805,-2.3024362360822153,0.14659184262344466,2.672369291025396,TRADE_STATS,,,,
USER_SPEC 7-condition (PART 38; registered §A2),n_conditions=1,MODERN_NOVOL,Y2026,56,83.5820895522388,0.4107142857142857,3.266687314687377,4.686986147160149,0.1305328271893589,-0.03736116817193296,0.45803207032070253,-0.09772422105369881,0.7781346832985927,-0.27780194459468976,0.46767367026942946,-0.09107460394955391,5.135061257345387,0.16071428571428573,0.16071428571428573,0.15741148466939825,3.961832651851897,33.0,0.26785714285714285,0.21428571428571427,0.19642857142857142,0.14285714285714285,12.0,8.0,0.3557695183920162,0.6956440194349582,0.49169235523202376,0.3512656570208601,7.309838322604098,TRADE_STATS,,,,
USER_SPEC 7-condition (PART 38; registered §A2),n_conditions=2,MODERN_NOVOL,PRE_2020_2022,67,22.3486301369863,0.22388059701492538,1.2680823072939422,4.396018665285666,0.016667452955795265,-0.05501095768224256,0.35215355108769664,-0.08010738304379166,-0.02175297725102427,-0.6195841189916479,0.21667141619092997,-0.07088518232256318,3.056653155027044,0.31343283582089554,0.31343283582089554,0.11015564997837757,4.311848456319477,23.0,0.16417910447761194,0.13432835820895522,0.07462686567164178,0.04477611940298507,9.0,3.0,1.0943674773919445,2.78295893322108,-2.699017195130629,0.05189216301293135,1.1167193480382827,TRADE_STATS,,,,
USER_SPEC 7-condition (PART 38; registered §A2),n_conditions=2,MODERN_NOVOL,DISCOVERY,74,37.025342465753425,0.3108108108108108,1.1355651690432687,2.5179923313568136,0.0074176615209115004,-0.047038180023211244,0.19991014710058277,-0.07939267511305792,0.23155816477799815,-0.4896110744508928,0.19494378210973354,-0.06329251966113562,3.0800445795719766,0.2702702702702703,0.2702702702702703,0.10147617932140648,3.892394502370802,28.5,0.17567567567567569,0.10810810810810811,0.05405405405405406,0.05405405405405406,8.0,4.0,1.7928996319892347,4.676397684927351,-2.2884198788635923,0.021773381695654542,0.548906952547451,TRADE_STATS,,,,
USER_SPEC 7-condition (PART 38; registered §A2),n_conditions=2,MODERN_NOVOL,STRICT_OOS,81,48.50040983606557,0.2716049382716049,2.0087815134837452,5.387186786160953,0.0614849517234836,-0.0548049276526355,0.45078220385072176,-0.08367673551040183,0.22991540376016614,-0.5405254479113054,0.28801356958030505,-0.08083415104183962,3.563018425606149,0.18518518518518517,0.18518518518518517,0.1259516976708901,4.140416549180411,27.0,0.19753086419753085,0.14814814814814814,0.12345679012345678,0.1111111111111111,12.0,9.0,0.45475882454013467,1.1362096360646574,-1.395999234639327,0.18182844430822093,4.980281089602172,TRADE_STATS,,,,
USER_SPEC 7-condition (PART 38; registered §A2),n_conditions=2,MODERN_NOVOL,EXTENDED,112,41.91393442622951,0.25892857142857145,1.8064288332137777,5.170123901956673,0.04823300779162722,-0.05648680736745242,0.4172719384215907,-0.08070830532004676,0.1788471253062641,-0.5165634474820939,0.2798750517149358,-0.07610953504822005,3.677266607102748,0.19642857142857142,0.19642857142857142,0.1254236969835116,4.170398416618806,29.5,0.1875,0.14285714285714285,0.10714285714285714,0.09821428571428571,16.0,11.0,0.4192495668947154,1.3625108121826057,-1.2406815648729848,0.14972552307822198,5.402096872662249,TRADE_STATS,,,,
USER_SPEC 7-condition (PART 38; registered §A2),n_conditions=2,MODERN_NOVOL,FULL_2023_2026,155,42.2175615212528,0.2903225806451613,1.6153145397014497,3.9485466526035435,0.03567218091709434,-0.051649076461389325,0.3225587081784285,-0.08169048932617873,0.23069968966545362,-0.5167094349028684,0.24358025169112899,-0.07245943670524546,3.3616084083289017,0.22580645161290322,0.22580645161290322,0.11609651341701986,3.9968292256062754,28.0,0.1870967741935484,0.12903225806451613,0.09032258064516129,0.08387096774193549,20.0,13.0,0.6926166679483272,1.543446982528766,-1.1135903953856126,0.10511764338687496,5.529188042149623,TRADE_STATS,,,,
USER_SPEC 7-condition (PART 38; registered §A2),n_conditions=2,MODERN_NOVOL,Y2020,36,36.0,0.2777777777777778,1.0292529181024017,2.6760575870662446,0.001729461947481112,-0.05264461377547574,0.21906168471326232,-0.08185985450089626,0.12327802486752569,-0.44249945455976836,0.18569023715760105,-0.07205521972563306,2.577054623726909,0.3055555555555556,0.3055555555555556,0.10576948381387172,4.326685123523429,32.5,0.16666666666666666,0.1111111111111111,0.05555555555555555,0.027777777777777776,4.0,1.0,12.643583031776101,18.882204319831192,-1.8544237416934333,0.0051540256713013275,0.062260630109320036,TRADE_STATS,,,,
USER_SPEC 7-condition (PART 38; registered §A2),n_conditions=2,MODERN_NOVOL,Y2021,21,21.0,0.14285714285714285,1.1884941084855316,7.13096465091319,0.012385291420128054,-0.05785618895154048,0.5466426617827113,-0.07665760364030248,-0.31395778770118604,-0.9270449421154349,0.26407141768810494,-0.06884853395772533,3.8355416231557116,0.2857142857142857,0.2857142857142857,0.11039222358944364,4.462969132768069,21.0,0.14285714285714285,0.14285714285714285,0.09523809523809523,0.047619047619047616,3.0,1.0,4.223463315500758,4.223463315500758,-1.3684650782519914,0.045154708302550195,0.2600911198226891,TRADE_STATS,,,,
USER_SPEC 7-condition (PART 38; registered §A2),n_conditions=2,MODERN_NOVOL,Y2022,10,10.0,0.2,2.208364271196568,8.833457084786271,0.07943675981062742,-0.05232801882370052,0.7258792169173467,-0.08217385446605241,0.06976551706753605,-0.68263446090102,0.22866365756684665,-0.07095000923767095,3.2228841126836323,0.4,0.4,0.11594443422185294,3.7360237587801084,24.5,0.2,0.2,0.1,0.1,2.0,1.0,1.538458188351149,1.538458188351149,-0.5778671664477288,0.21586076035496582,0.7943675981062742,TRADE_STATS,,,,
USER_SPEC 7-condition (PART 38; registered §A2),n_conditions=2,MODERN_NOVOL,Y2023,43,43.0,0.37209302325581395,1.055567131423603,1.7812695342773301,0.002955608592729577,-0.03447643656016113,0.150890978362697,-0.08470979571539924,0.36575753171729597,-0.5925030506256951,0.14904495860586467,-0.0629522038119163,2.3675892118275894,0.3023255813953488,0.3023255813953488,0.09473568827920593,3.8472366289903355,27.0,0.18604651162790697,0.09302325581395349,0.046511627906976744,0.046511627906976744,4.0,2.0,4.962537647702478,9.234262354839888,-1.6637371538195203,0.007693170065821538,0.1270911694873718,TRADE_STATS,,,,
USER_SPEC 7-condition (PART 38; registered §A2),n_conditions=2,MODERN_NOVOL,Y2024,31,31.0,0.22580645161290322,1.2394147758909027,4.249422088768809,0.0136069607438735,-0.062235178857331035,0.3119539613586075,-0.07341091443542393,0.04541065579768143,-0.4720325824660892,0.25860989213122915,-0.06376457067779473,4.055698789818513,0.22580645161290322,0.22580645161290322,0.12026748656444988,4.309539021036487,30.0,0.16129032258064516,0.12903225806451613,0.06451612903225806,0.06451612903225806,4.0,2.0,2.333092104992403,3.303133870420318,-1.6828416944190272,0.04854036628999753,0.4218157830600785,TRADE_STATS,,,,
USER_SPEC 7-condition (PART 38; registered §A2),n_conditions=2,MODERN_NOVOL,Y2025,44,44.0,0.2727272727272727,2.5609617542853975,6.829231344761061,0.08848412872348375,-0.046793612413088374,0.5322891817389664,-0.07794276615732221,0.42672370335952775,-0.45728268941472594,0.30463353149125805,-0.07198759110781659,4.231750594835228,0.1590909090909091,0.1590909090909091,0.12754350384409657,4.056457348017938,33.0,0.20454545454545456,0.18181818181818182,0.13636363636363635,0.13636363636363635,8.0,6.0,0.5817239376095585,0.8594235336656953,-1.3923126218087647,0.23078255268721315,3.8933016638332854,TRADE_STATS,,,,
USER_SPEC 7-condition (PART 38; registered §A2),n_conditions=2,MODERN_NOVOL,Y2026,37,55.22388059701492,0.2702702702702703,1.4449802375187826,3.901446641300713,0.029377822318078003,-0.060513811624784135,0.35297383038482827,-0.09047255103997769,-0.004126898466101705,-0.6042238298301312,0.2682492905510636,-0.09135438447689403,2.936359235378692,0.21621621621621623,0.21621621621621623,0.1248956962961331,4.236746511173037,23.0,0.1891891891891892,0.10810810810810811,0.10810810810810811,0.08108108108108109,4.0,3.0,1.4395682079443206,1.9134107417566444,-1.9909761095220486,0.10332504047232757,1.086979425768886,TRADE_STATS,,,,
USER_SPEC 7-condition (PART 38; registered §A2),n_conditions=3,MODERN_NOVOL,PRE_2020_2022,46,15.343835616438357,0.41304347826086957,5.160857072436411,7.333849523988585,0.16330531574633703,-0.019446780398907845,0.4903922365908684,-0.06686696188499977,2.0563329156105183,-0.2266893859854403,0.37202424909120285,-0.05383341518705651,6.910656658109457,0.17391304347826086,0.17391304347826086,0.11562106162813976,4.398701866354251,39.0,0.13043478260869565,0.08695652173913043,0.06521739130434782,0.043478260869565216,4.0,2.0,0.9349180817137932,1.0442945050396484,-1.1678429062137354,0.40365634198449774,7.512044524331503,TRADE_STATS,,,,
USER_SPEC 7-condition (PART 38; registered §A2),n_conditions=3,MODERN_NOVOL,DISCOVERY,49,24.51678082191781,0.3469387755102041,0.8198019311823085,1.543156576343169,-0.008878719134767324,-0.046545280742741495,0.11642769011389041,-0.07544774904811674,-0.16090250070662782,-0.5977770391650898,0.13417474712537752,-0.060975288523832064,2.200477445431613,0.20408163265306123,0.20408163265306123,0.10366352229193046,4.689177555126565,31.0,0.10204081632653061,0.061224489795918366,0.02040816326530612,0.0,3.0,0.0,,,-1.7031590521516937,-0.02623988164074782,-0.4350572376035989,TRADE_STATS,,,,
USER_SPEC 7-condition (PART 38; registered §A2),n_conditions=3,MODERN_NOVOL,STRICT_OOS,37,22.15450819672131,0.32432432432432434,4.24248021175667,8.838500441159725,0.1634074600891309,-0.034300807427599826,0.6592267907195911,-0.07458581861349005,0.9398554209094301,-0.3341366960658783,0.3932667107324732,-0.07497991950227137,5.244960428645966,0.1891891891891892,0.1891891891891892,0.15050800945235154,4.707264803395935,26.0,0.1891891891891892,0.13513513513513514,0.10810810810810811,0.10810810810810811,5.0,4.0,0.9190256998410324,1.0082756443452288,-1.2931062905106305,0.5085009271066311,6.046076023297843,TRADE_STATS,,,,
USER_SPEC 7-condition (PART 38; registered §A2),n_conditions=3,MODERN_NOVOL,EXTENDED,53,19.83427254098361,0.32075471698113206,3.414244008637146,7.23016378299631,0.11599081768726283,-0.034300807427599826,0.5114038014099512,-0.07073198018178453,0.6013277574364402,-0.37575653275944665,0.32109892187517675,-0.06979737005904149,4.600444423673265,0.18867924528301888,0.18867924528301888,0.13856866915327248,4.6430180171440885,27.0,0.16981132075471697,0.1320754716981132,0.09433962264150944,0.07547169811320754,7.0,4.0,0.903861275871732,1.0763057899457256,-1.3086693909683635,0.35249503081564965,6.14751333742493,TRADE_STATS,,,,
USER_SPEC 7-condition (PART 38; registered §A2),n_conditions=3,MODERN_NOVOL,FULL_2023_2026,86,23.42393736017897,0.3372093023255814,2.3113002151310513,4.542900422843791,0.06524440448481679,-0.036199407691362366,0.34103421450245625,-0.07506970938380678,0.3126793958026063,-0.4839097800555185,0.24564454542145361,-0.06700053673548619,3.6663071281241,0.19767441860465115,0.19767441860465115,0.11950562075964324,4.69822117926125,27.5,0.13953488372093023,0.09302325581395349,0.05813953488372093,0.046511627906976744,8.0,4.0,0.9902834869792525,1.2603632743793083,-1.8451639426990483,0.19708531035104473,5.6110187856942435,TRADE_STATS,,,,
USER_SPEC 7-condition (PART 38; registered §A2),n_conditions=3,MODERN_NOVOL,Y2020,25,25.0,0.48,10.807647937673186,11.708285265812618,0.3283476999348499,-0.006999999999999946,0.7538050841785459,-0.06438219321317738,4.095887942292727,-0.05285465130191393,0.5981220801648494,-0.04618036089028694,12.95187106886927,0.16,0.16,0.11725987895024476,3.9884838759160552,48.0,0.24,0.16,0.12,0.08,4.0,2.0,0.8555742900382896,0.8555742900382896,-0.4711949321739938,0.6874951841181949,8.208692498371247,TRADE_STATS,,,,
USER_SPEC 7-condition (PART 38; registered §A2),n_conditions=3,MODERN_NOVOL,Y2021,11,11.0,0.36363636363636365,0.36855440553410984,0.6449702096846922,-0.030256098778781545,-0.03814389059821049,0.04856364687875437,-0.07529595344023063,-0.3122305948787075,-0.35971274643015627,0.13845325291656227,-0.07202243611717878,1.922362813322534,0.18181818181818182,0.18181818181818182,0.11469281007469886,5.019062063025705,39.0,0.0,0.0,0.0,0.0,0.0,0.0,,,-0.5053000383561137,-0.08622204315196812,-0.332817086566597,TRADE_STATS,,,,
USER_SPEC 7-condition (PART 38; registered §A2),n_conditions=3,MODERN_NOVOL,Y2022,10,10.0,0.3,0.1756741207597143,0.40990628177266664,-0.036383088747314475,-0.034976583376465746,0.025845632522976284,-0.06305254072029623,-0.4371347895568546,-0.42334992120227666,0.06370776719919129,-0.052958127905845975,1.2029837480746497,0.2,0.2,0.11298122164430743,4.398701866354251,26.0,0.0,0.0,0.0,0.0,0.0,0.0,,,-0.3852624299914836,-0.12947718415414403,-0.36383088747314474,TRADE_STATS,,,,
USER_SPEC 7-condition (PART 38; registered §A2),n_conditions=3,MODERN_NOVOL,Y2023,33,33.0,0.36363636363636365,0.69035686618289,1.2081245158200575,-0.01625741065850559,-0.046545280742741495,0.0996772997168383,-0.08250581658727352,-0.15090736682143005,-0.5977770391650898,0.12446024384426184,-0.06250865291280645,1.9910882421010077,0.21212121212121213,0.21212121212121213,0.10366352229193046,4.741319743832093,29.0,0.09090909090909091,0.030303030303030304,0.0,0.0,1.0,0.0,,,-1.3548271091307031,-0.048639578579391156,-0.5364945517306845,TRADE_STATS,,,,
USER_SPEC 7-condition (PART 38; registered §A2),n_conditions=3,MODERN_NOVOL,Y2024,16,16.0,0.3125,1.148799248842391,2.5273583474532604,0.006339832132942855,-0.03802113725306704,0.15662862706681552,-0.061973256473362895,-0.1815174643448481,-0.5989156649653786,0.15421091014267863,-0.05781272447157242,2.667421602289423,0.1875,0.1875,0.11531090324149523,4.473644819574526,41.5,0.125,0.125,0.0625,0.0,2.0,0.0,3.7881594397350127,3.7881594397350127,-0.681705821206992,0.018276993536411833,0.10143731412708568,TRADE_STATS,,,,
USER_SPEC 7-condition (PART 38; registered §A2),n_conditions=3,MODERN_NOVOL,Y2025,21,21.0,0.2857142857142857,6.368769107786332,15.921922769465828,0.2815054074226109,-0.0362591645099069,1.1687875139828952,-0.07340743520150282,1.5875058026980244,-0.4916717799073767,0.5221368935376587,-0.0658788518466601,7.9257133192452525,0.23809523809523808,0.23809523809523808,0.13853230201596817,5.20074246129745,27.0,0.23809523809523808,0.19047619047619047,0.14285714285714285,0.14285714285714285,4.0,3.0,0.9399293773324311,0.9399293773324311,-1.0233651035012439,0.7778438889308985,5.911613555874829,TRADE_STATS,,,,
USER_SPEC 7-condition (PART 38; registered §A2),n_conditions=3,MODERN_NOVOL,Y2026,16,23.88059701492537,0.375,1.1761054235466064,1.9601757059110108,0.00840390421393842,-0.013839364324357947,0.1496660674562872,-0.07635339373147083,0.08981429481189915,-0.15004863415103342,0.2241245958006674,-0.08692507080026111,2.578365409855889,0.125,0.125,0.15648499728372495,4.179261040599889,19.5,0.125,0.0625,0.0625,0.0625,1.0,1.0,4.013104622347003,4.013104622347003,-0.7516561700763627,0.03134323249953723,0.1344624674230147,TRADE_STATS,,,,
USER_SPEC 7-condition (PART 38; registered §A2),n_conditions=4,MODERN_NOVOL,PRE_2020_2022,17,5.67054794520548,0.4117647058823529,2.5721134931928193,3.674447847418313,0.058052406343506925,-0.02031465974306695,0.23066268355621997,-0.0627747877053922,1.1639430859778959,-0.31243145497745356,0.214993409858764,-0.04657936921518546,4.615635923825981,0.29411764705882354,0.29411764705882354,0.09062422517240509,3.9369127609957304,40.0,0.29411764705882354,0.17647058823529413,0.058823529411764705,0.058823529411764705,3.0,1.0,0.6908231242559247,0.6908231242559247,-0.5035872113254476,0.14449354433962192,0.9868909078396177,TRADE_STATS,,,,
USER_SPEC 7-condition (PART 38; registered §A2),n_conditions=4,MODERN_NOVOL,DISCOVERY,3,1.501027397260274,0.0,0.0,,-0.08394132223731993,-0.0619862149998766,,-0.08394132223731993,-0.626354213051609,-0.47583931384011274,0.08909843086307305,-0.08616623947494051,1.0340294691517238,0.3333333333333333,0.3333333333333333,0.13026711580351819,4.433624839841571,25.0,0.0,0.0,0.0,0.0,0.0,0.0,,,0.0,-0.32704411261293476,-0.2518239667119598,TRADE_STATS,,,,
USER_SPEC 7-condition (PART 38; registered §A2),n_conditions=4,MODERN_NOVOL,STRICT_OOS,15,8.98155737704918,0.13333333333333333,0.9466855453054667,6.153456044485534,-0.002871524339169861,-0.04043579664121937,0.38241466603103824,-0.06214632285766339,0.07742822889077346,-0.5907891800734363,0.1663513742980817,-0.07110533043918679,2.339506381175664,0.26666666666666666,0.26666666666666666,0.11948967761830781,3.9348408366096566,27.0,0.06666666666666667,0.06666666666666667,0.06666666666666667,0.06666666666666667,1.0,1.0,,,-0.7657792560046155,-0.009635987715335104,-0.043072865087547915,TRADE_STATS,,,,
USER_SPEC 7-condition (PART 38; registered §A2),n_conditions=4,MODERN_NOVOL,EXTENDED,16,5.9877049180327875,0.125,0.8964684101509829,6.27527887105688,-0.005520551241329635,-0.04284587570747277,0.38241466603103824,-0.06093986799452501,0.05040323342216618,-0.5550895545476833,0.16364250536502645,-0.06936384536670111,2.3591902164579945,0.25,0.25,0.12132457296654006,3.958474944057107,26.5,0.0625,0.0625,0.0625,0.0625,1.0,1.0,,,-0.8110352107783416,-0.018753464938699397,-0.08832881986127417,TRADE_STATS,,,,
USER_SPEC 7-condition (PART 38; registered §A2),n_conditions=4,MODERN_NOVOL,FULL_2023_2026,18,4.902684563758389,0.1111111111111111,0.7217235528800008,5.773788423040006,-0.016383157322194877,-0.046204231412349854,0.38241466603103824,-0.06623288524134902,-0.039868844766290344,-0.5550895545476833,0.15347588372558027,-0.07361548194514575,2.084831609741306,0.2777777777777778,0.2777777777777778,0.12532559749146263,4.0426527376995285,26.5,0.05555555555555555,0.05555555555555555,0.05555555555555555,0.05555555555555555,1.0,1.0,,,-1.0176032227165752,-0.056278021335783926,-0.29489683179950776,TRADE_STATS,,,,
USER_SPEC 7-condition (PART 38; registered §A2),n_conditions=4,MODERN_NOVOL,Y2020,9,9.0,0.3333333333333333,2.3502596140593512,4.7005192281187025,0.06557279501509782,-0.05241952559319534,0.34240769027000456,-0.07284465261235555,1.638745001204575,-0.6508937214456684,0.24105861086597724,-0.0520380908159398,4.6323492481422575,0.3333333333333333,0.3333333333333333,0.08221916042725722,3.9369127609957304,17.0,0.2222222222222222,0.2222222222222222,0.1111111111111111,0.1111111111111111,2.0,1.0,1.1552335929295696,1.1552335929295696,-0.34525765825707877,0.20634795634121691,0.5901551551358803,TRADE_STATS,,,,
USER_SPEC 7-condition (PART 38; registered §A2),n_conditions=4,MODERN_NOVOL,Y2021,2,2.0,0.5,2.5148516512372097,2.5148516512372097,0.04196986088948851,0.04196986088948851,0.1393509045904568,-0.05541118281147977,0.935137509500988,0.935137509500988,0.18365656666200847,-0.056553692683141144,3.2474725866443226,0.0,0.0,0.12059892928993478,4.818968862142811,61.0,0.5,0.0,0.0,0.0,0.0,0.0,1.6601306465773598,1.6601306465773598,0.0,0.06994976814914751,0.08393972177897702,TRADE_STATS,,,,
USER_SPEC 7-condition (PART 38; registered §A2),n_conditions=4,MODERN_NOVOL,Y2022,6,6.0,0.5,3.3124037507798016,3.3124037507798016,0.052132671820793376,0.01166820281826692,0.14935493649768977,-0.04508959285610301,0.52800873863018,0.11053558987624063,0.18634122274686263,-0.0350665123247354,5.31393658488872,0.3333333333333333,0.3333333333333333,0.0950635635242269,3.139823529608602,48.0,0.3333333333333333,0.16666666666666666,0.0,0.0,1.0,0.0,0.7211228733164798,0.7211228733164798,-0.09739766460947402,0.11292275484648386,0.31279603092476027,TRADE_STATS,,,,
USER_SPEC 7-condition (PART 38; registered §A2),n_conditions=4,MODERN_NOVOL,Y2023,2,2.0,0.0,0.0,,-0.1032840059691168,-0.1032840059691168,,-0.1032840059691168,-0.7620454702739425,-0.7620454702739425,0.0721429106100111,-0.10762857457270286,0.6702951413825399,0.5,0.5,0.13409686463777762,4.46028928522176,27.5,0.0,0.0,0.0,0.0,0.0,0.0,,,0.0,-0.38975096592119546,-0.2065680119382336,TRADE_STATS,,,,
USER_SPEC 7-condition (PART 38; registered §A2),n_conditions=4,MODERN_NOVOL,Y2024,1,1.0,0.0,0.0,,-0.045255954773726174,-0.045255954773726174,,-0.045255954773726174,-0.3549716986069417,-0.3549716986069417,0.12300947136919693,-0.043241569279415804,2.844704145086448,0.0,0.0,0.12749172666815292,3.982109051504557,25.0,0.0,0.0,0.0,0.0,0.0,0.0,,,0.0,-0.18856647822385905,-0.045255954773726174,TRADE_STATS,,,,
USER_SPEC 7-condition (PART 38; registered §A2),n_conditions=4,MODERN_NOVOL,Y2025,11,11.0,0.09090909090909091,0.018887925946218874,0.18887925946218873,-0.04870311856840947,-0.03880776772528199,0.010313714542071476,-0.054604801879457564,-0.5496522679314227,-0.5907891800734363,0.06132908091654501,-0.06587860694782671,0.9309407675410509,0.18181818181818182,0.18181818181818182,0.11948967761830781,3.9348408366096566,31.0,0.0,0.0,0.0,0.0,0.0,0.0,,,-0.4683058958052151,-0.1623437285613649,-0.5357343042525041,TRADE_STATS,,,,
USER_SPEC 7-condition (PART 38; registered §A2),n_conditions=4,MODERN_NOVOL,Y2026,4,5.970149253731343,0.25,2.881434324477173,8.644302973431518,0.12316535979123906,-0.06600130435553164,0.754515617520005,-0.08728472611834957,1.8018995951518129,-0.7521103348966164,0.4551626810973077,-0.085478820040427,5.324859197659017,0.5,0.5,0.09961684069186168,3.954282411912544,22.5,0.25,0.25,0.25,0.25,1.0,1.0,1.5315093846169132,1.5315093846169132,0.0,0.42107815313244124,0.49266143916495625,TRADE_STATS,,,,
USER_SPEC 7-condition (PART 38; registered §A2),n_conditions=5,MODERN_NOVOL,PRE_2020_2022,0,,,,,,,,,,,,,,,,,,,,,,,,,,,,,,TRADE_STATS,,,,
USER_SPEC 7-condition (PART 38; registered §A2),n_conditions=5,MODERN_NOVOL,DISCOVERY,0,,,,,,,,,,,,,,,,,,,,,,,,,,,,,,TRADE_STATS,,,,
USER_SPEC 7-condition (PART 38; registered §A2),n_conditions=5,MODERN_NOVOL,STRICT_OOS,2,1.1975409836065574,0.5,2.075863960898832,2.075863960898832,0.03712274640326496,0.03712274640326496,0.14325560514870878,-0.06901011234217885,0.27940158870746734,0.27940158870746734,0.1990648263667768,-0.009363643233513963,21.259334791215906,0.5,0.5,0.0740017843068714,1.899491415912471,17.0,0.5,0.0,0.0,0.0,0.0,0.0,1.9294855449610455,1.9294855449610455,0.0,0.232017165020406,0.07424549280652992,TRADE_STATS,,,,
USER_SPEC 7-condition (PART 38; registered §A2),n_conditions=5,MODERN_NOVOL,EXTENDED,2,0.7484631147540984,0.5,2.075863960898832,2.075863960898832,0.03712274640326496,0.03712274640326496,0.14325560514870878,-0.06901011234217885,0.27940158870746734,0.27940158870746734,0.1990648263667768,-0.009363643233513963,21.259334791215906,0.5,0.5,0.0740017843068714,1.899491415912471,17.0,0.5,0.0,0.0,0.0,0.0,0.0,1.9294855449610455,1.9294855449610455,0.0,0.232017165020406,0.07424549280652992,TRADE_STATS,,,,
USER_SPEC 7-condition (PART 38; registered §A2),n_conditions=5,MODERN_NOVOL,FULL_2023_2026,2,0.5447427293064877,0.5,2.075863960898832,2.075863960898832,0.03712274640326496,0.03712274640326496,0.14325560514870878,-0.06901011234217885,0.27940158870746734,0.27940158870746734,0.1990648263667768,-0.009363643233513963,21.259334791215906,0.5,0.5,0.0740017843068714,1.899491415912471,17.0,0.5,0.0,0.0,0.0,0.0,0.0,1.9294855449610455,1.9294855449610455,0.0,0.232017165020406,0.07424549280652992,TRADE_STATS,,,,
USER_SPEC 7-condition (PART 38; registered §A2),n_conditions=5,MODERN_NOVOL,Y2025,2,2.0,0.5,2.075863960898832,2.075863960898832,0.03712274640326496,0.03712274640326496,0.14325560514870878,-0.06901011234217885,0.27940158870746734,0.27940158870746734,0.1990648263667768,-0.009363643233513963,21.259334791215906,0.5,0.5,0.0740017843068714,1.899491415912471,17.0,0.5,0.0,0.0,0.0,0.0,0.0,1.9294855449610455,1.9294855449610455,0.0,0.232017165020406,0.07424549280652992,TRADE_STATS,,,,
USER_SPEC 7-condition (PART 38; registered §A2),n_conditions=6,MODERN_NOVOL,PRE_2020_2022,1,0.3335616438356165,0.0,0.0,,-0.08251596077223083,-0.08251596077223083,,-0.08251596077223083,-1.4335017659150568,-1.4335017659150568,0.024960534443707383,-0.04825092891247651,0.517306816807276,1.0,1.0,0.05756251072321342,2.071999784092627,7.0,0.0,0.0,0.0,0.0,0.0,0.0,,,0.0,-1.375266012870514,-0.08251596077223083,TRADE_STATS,,,,
USER_SPEC 7-condition (PART 38; registered §A2),n_conditions=6,MODERN_NOVOL,DISCOVERY,0,,,,,,,,,,,,,,,,,,,,,,,,,,,,,,TRADE_STATS,,,,
USER_SPEC 7-condition (PART 38; registered §A2),n_conditions=6,MODERN_NOVOL,STRICT_OOS,0,,,,,,,,,,,,,,,,,,,,,,,,,,,,,,TRADE_STATS,,,,
USER_SPEC 7-condition (PART 38; registered §A2),n_conditions=6,MODERN_NOVOL,EXTENDED,0,,,,,,,,,,,,,,,,,,,,,,,,,,,,,,TRADE_STATS,,,,
USER_SPEC 7-condition (PART 38; registered §A2),n_conditions=6,MODERN_NOVOL,FULL_2023_2026,0,,,,,,,,,,,,,,,,,,,,,,,,,,,,,,TRADE_STATS,,,,
USER_SPEC 7-condition (PART 38; registered §A2),n_conditions=6,MODERN_NOVOL,Y2022,1,1.0,0.0,0.0,,-0.08251596077223083,-0.08251596077223083,,-0.08251596077223083,-1.4335017659150568,-1.4335017659150568,0.024960534443707383,-0.04825092891247651,0.517306816807276,1.0,1.0,0.05756251072321342,2.071999784092627,7.0,0.0,0.0,0.0,0.0,0.0,0.0,,,0.0,-1.375266012870514,-0.08251596077223083,TRADE_STATS,,,,
USER_SPEC 7-condition (PART 38; registered §A2),C2_RS_LEADS=1,MODERN_NOVOL,PRE_2020_2022,20,6.671232876712329,0.15,0.09413916167570756,0.5334552494956761,-0.05939974848058425,-0.04284460618738772,0.04115306523280229,-0.07714436266529953,-0.6012331884570206,-0.5420330009217365,0.0640080720276153,-0.06996562286493062,0.9148503137202618,0.35,0.35,0.10448101980287115,3.7550456079202457,28.0,0.0,0.0,0.0,0.0,0.0,0.0,,,-1.2767570171918,-0.21252146146899553,-1.187994969611685,TRADE_STATS,,,,
USER_SPEC 7-condition (PART 38; registered §A2),C2_RS_LEADS=1,MODERN_NOVOL,DISCOVERY,5,2.5017123287671232,0.6,2.563458589929057,1.7089723932860381,0.053677588349744246,0.01894136675228703,0.14668363655229213,-0.08583148395407758,0.32723126063004215,0.14529531953479077,0.27340945707860403,-0.05511765232015751,4.960469932399739,0.0,0.0,0.23039994159308586,4.968493925707974,42.0,0.2,0.2,0.2,0.0,1.0,0.0,1.4317361523329921,1.4317361523329921,0.0,0.1086590857282272,0.2683879417487212,TRADE_STATS,,,,
USER_SPEC 7-condition (PART 38; registered §A2),C2_RS_LEADS=1,MODERN_NOVOL,STRICT_OOS,14,8.3827868852459,0.42857142857142855,5.586156464059245,7.448208618745661,0.1831081729731534,-0.017452295957304905,0.5204137265881646,-0.06987099223810497,0.9269394974512531,-0.08303685072050834,0.4262570154731898,-0.06521329807732748,6.536351143715354,0.14285714285714285,0.14285714285714285,0.16927637616821006,5.268176987963217,36.5,0.35714285714285715,0.35714285714285715,0.35714285714285715,0.35714285714285715,5.0,5.0,0.421752376445068,0.421752376445068,-0.5295072759786377,0.35653886253465195,2.5635144216241477,TRADE_STATS,,,,
USER_SPEC 7-condition (PART 38; registered §A2),C2_RS_LEADS=1,MODERN_NOVOL,EXTENDED,18,6.736168032786885,0.4444444444444444,4.825534229776422,6.031917787220528,0.1552807521955647,-0.017452295957304905,0.44071055566664497,-0.07306309058129948,0.7875113480169511,-0.08303685072050834,0.39743189736160295,-0.0642634578829067,6.184415069692585,0.1111111111111111,0.1111111111111111,0.18589320907582674,5.256267557875955,36.5,0.3333333333333333,0.3333333333333333,0.3333333333333333,0.2777777777777778,6.0,5.0,0.3868148799599724,0.3868148799599724,-0.29796815808262045,0.3021679502183962,2.7950535395201648,TRADE_STATS,,,,
USER_SPEC 7-condition (PART 38; registered §A2),C2_RS_LEADS=1,MODERN_NOVOL,FULL_2023_2026,19,5.175055928411633,0.47368421052631576,4.875968482638613,5.417742758487349,0.14904749280909838,-0.0171079767757854,0.39583702990954045,-0.07306309058129948,0.7691215403930397,-0.07333954088729863,0.386033973790404,-0.0625565491938617,6.170960175474053,0.10526315789473684,0.10526315789473684,0.18448408519183476,5.254317543104239,39.0,0.3157894736842105,0.3157894736842105,0.3157894736842105,0.2631578947368421,6.0,5.0,0.38178162967578055,0.38178162967578055,-0.2611193342299165,0.29315759455205687,2.831902363372869,TRADE_STATS,,,,
USER_SPEC 7-condition (PART 38; registered §A2),C2_RS_LEADS=1,MODERN_NOVOL,Y2020,3,3.0,0.6666666666666666,0.8935245051552381,0.44676225257761903,-0.003279630801397907,0.010226587728714601,0.04128316792305248,-0.09240522825029868,-0.1300859113751525,0.0555783423606698,0.1299909105788486,-0.07500057703188756,1.7331988062382655,0.0,0.0,0.18400310794356256,4.686175251624577,52.0,0.0,0.0,0.0,0.0,0.0,0.0,,,0.0,-0.005787583767172777,-0.009838892404193722,TRADE_STATS,,,,
USER_SPEC 7-condition (PART 38; registered §A2),C2_RS_LEADS=1,MODERN_NOVOL,Y2021,3,3.0,0.0,0.0,,-0.09010634518381339,-0.03814389059821049,,-0.09010634518381339,-0.6279020834034028,-0.47365666704204973,0.046478308104072864,-0.06778657351786666,0.6856565495499264,0.3333333333333333,0.3333333333333333,0.08053067390862714,4.255451932742281,17.0,0.0,0.0,0.0,0.0,0.0,0.0,,,0.0,-0.4827125634847146,-0.27031903555144016,TRADE_STATS,,,,
USER_SPEC 7-condition (PART 38; registered §A2),C2_RS_LEADS=1,MODERN_NOVOL,Y2022,14,14.0,0.07142857142857142,0.04310274166260362,0.560335641613847,-0.0648455029754322,-0.05669425846055581,0.040892859852301906,-0.07297922319295022,-0.6964785560574819,-0.6460554803779611,0.05362527032168153,-0.06935364326066783,0.7732148997584638,0.42857142857142855,0.42857142857142855,0.10196831210505167,3.319528988823579,26.0,0.0,0.0,0.0,0.0,0.0,0.0,,,-0.8415092449913362,-0.27262373623304836,-0.907837041656051,TRADE_STATS,,,,
USER_SPEC 7-condition (PART 38; registered §A2),C2_RS_LEADS=1,MODERN_NOVOL,Y2023,1,1.0,1.0,inf,,0.036848823852704,0.036848823852704,0.036848823852704,,0.4381050031626327,0.4381050031626327,0.18087134950882278,-0.03183219279105154,5.682026076433797,0.0,0.0,0.08410957096288862,1.6752520615849806,42.0,0.0,0.0,0.0,0.0,0.0,0.0,1.0,1.0,0.0,0.08987518012854634,0.036848823852704,TRADE_STATS,,,,
USER_SPEC 7-condition (PART 38; registered §A2),C2_RS_LEADS=1,MODERN_NOVOL,Y2024,4,4.0,0.5,2.348800622041544,2.348800622041544,0.057884779474004305,-0.0331995664477272,0.2016010429020862,-0.08583148395407758,0.2995128249968945,-0.05954392287417788,0.29654398397104936,-0.060939017202434,4.866241655751628,0.0,0.0,0.2368856668702598,5.113355749177822,46.0,0.25,0.25,0.25,0.0,1.0,0.0,1.6595930853656204,1.6595930853656204,0.0,0.1123976300466103,0.23153911789601722,TRADE_STATS,,,,
USER_SPEC 7-condition (PART 38; registered §A2),C2_RS_LEADS=1,MODERN_NOVOL,Y2025,9,9.0,0.4444444444444444,6.241120298068467,7.801400372585584,0.23617142808503275,-0.01779661513882441,0.6327735239971846,-0.0811102486446888,1.1142850252984686,-0.07333954088729863,0.46705159228588145,-0.06858295074792951,6.810024753855921,0.2222222222222222,0.2222222222222222,0.19147301301338093,5.388717085297864,39.0,0.4444444444444444,0.4444444444444444,0.4444444444444444,0.4444444444444444,4.0,4.0,0.5086551409512197,0.5086551409512197,-0.3877546280846196,0.38858187436294234,2.1255428527652946,TRADE_STATS,,,,
USER_SPEC 7-condition (PART 38; registered §A2),C2_RS_LEADS=1,MODERN_NOVOL,Y2026,5,7.462686567164178,0.4,3.8547842838642774,5.782176425796416,0.08759431377177061,-0.0171079767757854,0.2956941317701244,-0.05113889822713193,0.5897175473262652,-0.09273416055371804,0.3528267772103445,-0.05914792327024383,5.965159175552065,0.0,0.0,0.13420466690416782,3.5938501185275813,20.0,0.2,0.2,0.2,0.2,1.0,1.0,1.2830230123799231,1.2830230123799231,0.0,0.2546346330574727,0.4379715688588531,TRADE_STATS,,,,
USER_SPEC 7-condition (PART 38; registered §A2),C2_RS_LEADS=0,MODERN_NOVOL,PRE_2020_2022,233,77.71986301369863,0.30042918454935624,1.6689020794869842,3.886157699376835,0.038673269333591914,-0.04755529137347563,0.32117155796102487,-0.08264501412604186,0.471818210258138,-0.4470324607849994,0.23390936639458929,-0.07071542410045334,3.307755972195177,0.2317596566523605,0.2317596566523605,0.11414002328776363,4.462969132768069,31.0,0.1759656652360515,0.10300429184549356,0.060085836909871244,0.03862660944206009,24.0,9.0,0.9170924656863851,1.738788278517289,-2.472693225135915,0.10691589647279207,9.010871754726915,TRADE_STATS,,,,
USER_SPEC 7-condition (PART 38; registered §A2),C2_RS_LEADS=0,MODERN_NOVOL,DISCOVERY,266,133.09109589041097,0.31954887218045114,1.1418977906543244,2.431570589510973,0.008317066681191181,-0.048840864365304486,0.20945199121081087,-0.08613856086034292,0.27111089483866385,-0.5399350934689494,0.17985369121442019,-0.06882699292121894,2.6131272569220787,0.21428571428571427,0.21428571428571427,0.10736703130291012,4.207433075625639,28.5,0.17293233082706766,0.09774436090225563,0.06390977443609022,0.03759398496240601,26.0,10.0,2.001107451676156,4.304924567608566,-3.743940787160785,0.023334455618572454,2.2123397371968543,TRADE_STATS,,,,
USER_SPEC 7-condition (PART 38; registered §A2),C2_RS_LEADS=0,MODERN_NOVOL,STRICT_OOS,288,172.44590163934427,0.2916666666666667,2.062612855452604,5.0092026489563235,0.0702042480348416,-0.0536128081847168,0.46721765804037657,-0.09327186196743752,0.3723996445278954,-0.47501959659712606,0.32552545157389395,-0.08714136828013025,3.735601792795345,0.16319444444444445,0.16319444444444445,0.14378673434730155,4.216556470781679,29.0,0.2013888888888889,0.1423611111111111,0.125,0.1076388888888889,41.0,31.0,0.5367886664675042,1.1464982980913725,5.535980367123727,0.21178195699208527,20.21882343403438,TRADE_STATS,,,,
USER_SPEC 7-condition (PART 38; registered §A2),C2_RS_LEADS=0,MODERN_NOVOL,EXTENDED,392,146.6987704918033,0.2857142857142857,1.7560816001372728,4.390204000343181,0.049852081348605366,-0.05441367032848087,0.4052540488900709,-0.09230870566798086,0.28394660848621206,-0.48927883370592673,0.28849228919272535,-0.08298590950314781,3.4764008844390903,0.1836734693877551,0.1836734693877551,0.13325633675976448,4.1978050949419075,28.0,0.1913265306122449,0.1326530612244898,0.11224489795918367,0.09183673469387756,52.0,36.0,0.671274760885899,1.4228031014203195,4.8591728217426535,0.15340306059073164,19.542015888653303,TRADE_STATS,,,,
USER_SPEC 7-condition (PART 38; registered §A2),C2_RS_LEADS=0,MODERN_NOVOL,FULL_2023_2026,554,150.89373601789708,0.30505415162454874,1.6479523280823856,3.754210924921411,0.040489464207998614,-0.05226639410749755,0.33757220430952994,-0.08991828404436188,0.32376641814281304,-0.5013912744505773,0.2555819709680816,-0.07834782343271074,3.2621451339690237,0.18772563176895307,0.18772563176895307,0.1228555119085644,4.207433075625639,29.0,0.18772563176895307,0.12093862815884476,0.09566787003610108,0.0740072202166065,67.0,41.0,0.7464332553242908,1.5519357212525662,7.252578048645223,0.11788502822803885,22.431163171231233,TRADE_STATS,,,,
USER_SPEC 7-condition (PART 38; registered §A2),C2_RS_LEADS=0,MODERN_NOVOL,Y2020,115,115.0,0.33043478260869563,2.535986356852139,5.138709196779334,0.0757578250727524,-0.03341133892950992,0.3785308643171848,-0.07366263585307134,1.0058718570601473,-0.3585900966457529,0.2687151582973179,-0.06540548666491855,4.108449795259276,0.25217391304347825,0.25217391304347825,0.10939868569396945,4.250256179727744,34.0,0.1826086956521739,0.12173913043478261,0.06956521739130435,0.043478260869565216,14.0,5.0,0.806132395615162,1.1985901189840642,-1.3355990327813263,0.1941209867060278,8.712149883366527,TRADE_STATS,,,,
USER_SPEC 7-condition (PART 38; registered §A2),C2_RS_LEADS=0,MODERN_NOVOL,Y2021,74,74.0,0.25675675675675674,0.9928072891027483,2.8739158368763764,-0.0005289432017156166,-0.05972629625677738,0.28435411065731536,-0.09894308908028995,-0.06072275740868875,-0.6762178474979645,0.22199727065238137,-0.08190191987032447,2.710525846083587,0.21621621621621623,0.21621621621621623,0.12537211918766203,4.632077887576703,23.5,0.14864864864864866,0.0945945945945946,0.06756756756756757,0.04054054054054054,7.0,3.0,,,-3.9738533549194113,-0.0016432324486547283,-0.03914179692695563,TRADE_STATS,,,,
USER_SPEC 7-condition (PART 38; registered §A2),C2_RS_LEADS=0,MODERN_NOVOL,Y2022,44,44.0,0.29545454545454547,1.1433299246374613,2.726402127981639,0.0076787197338032305,-0.03520863484339309,0.20731600851767118,-0.07604014330459302,-0.028366739171086505,-0.39766090393087383,0.16297366221526202,-0.06578001769399966,2.477555767366846,0.20454545454545456,0.20454545454545456,0.11704723010827561,4.336040363206189,32.0,0.20454545454545456,0.06818181818181818,0.022727272727272728,0.022727272727272728,3.0,1.0,3.6171433941458138,4.296876433011494,-1.7178622658620808,0.021685729671844813,0.33786366828734216,TRADE_STATS,,,,
USER_SPEC 7-condition (PART 38; registered §A2),C2_RS_LEADS=0,MODERN_NOVOL,Y2023,162,162.0,0.35185185185185186,1.3293563342418009,2.4488142999191065,0.017834242485048935,-0.04417578739570593,0.20458331671267746,-0.08354382638137796,0.4201205254600205,-0.5339467564547864,0.17594712686894357,-0.06712480034869014,2.621194043855014,0.19753086419753085,0.19753086419753085,0.10186914493783206,4.279643843502496,31.0,0.17901234567901234,0.09259259259259259,0.05555555555555555,0.030864197530864196,15.0,5.0,1.1916991844919453,2.2487657694982293,-2.4642121851546515,0.04593969283793811,2.8891472825779276,TRADE_STATS,,,,
USER_SPEC 7-condition (PART 38; registered §A2),C2_RS_LEADS=0,MODERN_NOVOL,Y2024,104,104.0,0.2692307692307692,0.9007464798062864,2.4448833023313488,-0.006507764859433395,-0.061309247109544655,0.21936322143915388,-0.08972339139049187,0.03899973944770441,-0.5412565683518985,0.18593891644487406,-0.07147848519765804,2.6013270417063383,0.2403846153846154,0.2403846153846154,0.1200546884614312,4.085217855320159,25.0,0.16346153846153846,0.10576923076923077,0.07692307692307693,0.04807692307692308,11.0,5.0,,,-3.696859450948185,-0.021203243902915822,-0.6768075453810731,TRADE_STATS,,,,
USER_SPEC 7-condition (PART 38; registered §A2),C2_RS_LEADS=0,MODERN_NOVOL,Y2025,144,144.0,0.2361111111111111,2.055379551611067,6.649757372859335,0.06954773883663734,-0.0536128081847168,0.5736538939342165,-0.0862668909207962,0.3705175409203674,-0.48639252454394527,0.29681398778841334,-0.0789574590168512,3.759163370810438,0.1527777777777778,0.1527777777777778,0.1303682972444608,4.342141676399487,30.0,0.18055555555555555,0.125,0.10416666666666667,0.09722222222222222,18.0,14.0,0.5548246568901564,1.3509349230448147,-2.049064947570069,0.2064496885688678,10.014874392475777,TRADE_STATS,,,,
USER_SPEC 7-condition (PART 38; registered §A2),C2_RS_LEADS=0,MODERN_NOVOL,Y2026,144,214.92537313432834,0.3472222222222222,2.069809193973134,3.8912412846694915,0.07086075723304584,-0.053761439318783015,0.39484101763256546,-0.10146916851137949,0.3742817481354233,-0.4666337241368396,0.3542369153593745,-0.0953252775434093,3.716085853493181,0.1736111111111111,0.1736111111111111,0.15715424059711713,4.1441220316885765,26.5,0.2222222222222222,0.1597222222222222,0.14583333333333334,0.11805555555555555,23.0,17.0,0.25486384231875114,0.9422356377001241,2.538895896569148,0.21729022660899916,10.203949041558602,TRADE_STATS,,,,
USER_SPEC 7-condition (PART 38; registered §A2),C3_LOW_OVERHEAD=1,MODERN_NOVOL,PRE_2020_2022,100,33.35616438356165,0.36,1.2370616605765217,2.1992207299138165,0.012373445365461028,-0.03474420745153533,0.17935693319461643,-0.08155476653843888,0.124453926283244,-0.3330600240003828,0.21050818207076774,-0.06811267462018238,3.090587519057611,0.25,0.25,0.11606805671658064,4.216035516084754,34.0,0.21,0.11,0.05,0.02,11.0,2.0,0.8877764202401766,2.3761230792570167,-1.7027383737336699,0.03356876116511402,1.2373445365461029,TRADE_STATS,,,,
USER_SPEC 7-condition (PART 38; registered §A2),C3_LOW_OVERHEAD=1,MODERN_NOVOL,DISCOVERY,34,17.01164383561644,0.29411764705882354,0.9392808270298731,2.2542739848716957,-0.003532283852483723,-0.04151883740819839,0.18578220918212257,-0.082413322616903,-0.08310219233702146,-0.5024757390449173,0.21799467458869917,-0.07288615400598614,2.9908928185563926,0.20588235294117646,0.20588235294117646,0.1293427833239684,3.9413679834132607,29.0,0.20588235294117646,0.11764705882352941,0.058823529411764705,0.029411764705882353,4.0,1.0,,,-1.5709846386636614,-0.011329967074004394,-0.12009765098444658,TRADE_STATS,,,,
USER_SPEC 7-condition (PART 38; registered §A2),C3_LOW_OVERHEAD=1,MODERN_NOVOL,STRICT_OOS,42,25.148360655737704,0.3333333333333333,1.9244180612725774,3.8488361225451553,0.05911672901598577,-0.04638117481221792,0.3692008166254586,-0.09592531478875069,0.19151974699229093,-0.27291487370042067,0.3299386785439557,-0.0933938953946896,3.532764932328929,0.16666666666666666,0.16666666666666666,0.17979089409614454,4.475498191702908,33.5,0.2619047619047619,0.19047619047619047,0.16666666666666666,0.14285714285714285,8.0,6.0,0.45983227187427067,0.7610391178891043,-0.953395272100777,0.16270659362197917,2.4829026186714023,TRADE_STATS,,,,
USER_SPEC 7-condition (PART 38; registered §A2),C3_LOW_OVERHEAD=1,MODERN_NOVOL,EXTENDED,64,23.95081967213115,0.328125,1.710411059060672,3.5022702637909,0.04247728601417584,-0.04151883740819839,0.3116794884137755,-0.08899355701818679,0.12195218201811267,-0.3216021563080841,0.3066885435867355,-0.08584333019175758,3.5726543099114623,0.171875,0.171875,0.15337783038713143,4.179476598120589,32.5,0.234375,0.171875,0.140625,0.109375,11.0,7.0,0.4199739948976878,0.9027413394496497,-0.717751585864925,0.12317835545569794,2.7185463049072536,TRADE_STATS,,,,
USER_SPEC 7-condition (PART 38; registered §A2),C3_LOW_OVERHEAD=1,MODERN_NOVOL,FULL_2023_2026,76,20.700223713646533,0.3157894736842105,1.5066234615755698,3.2643508334137343,0.031089539048512572,-0.04543289817359424,0.2927763968574019,-0.08968901070943636,0.06866256360812495,-0.4218976272260533,0.2798584662481831,-0.08421937951026964,3.322969937270286,0.18421052631578946,0.18421052631578946,0.13933455087922778,4.216765885508126,32.0,0.23684210526315788,0.15789473684210525,0.11842105263157894,0.09210526315789473,12.0,7.0,0.48320482121887576,1.258943151896288,-1.073492923085223,0.09136910161202458,2.3628049676869556,TRADE_STATS,,,,
USER_SPEC 7-condition (PART 38; registered §A2),C3_LOW_OVERHEAD=1,MODERN_NOVOL,Y2020,65,65.0,0.36923076923076925,1.2004964415088013,2.0508480875775357,0.009318962134074647,-0.03009768307921151,0.1511206698900751,-0.0736869155767549,0.19131957730263582,-0.3212784766250415,0.1802441418015584,-0.0657186999202994,2.7426614041383983,0.27692307692307694,0.27692307692307694,0.11252890517691816,4.311848456319477,34.0,0.18461538461538463,0.1076923076923077,0.046153846153846156,0.015384615384615385,7.0,1.0,1.1255249085677264,2.418122369540087,-1.4090285868470576,0.02472377709040213,0.6057325387148521,TRADE_STATS,,,,
USER_SPEC 7-condition (PART 38; registered §A2),C3_LOW_OVERHEAD=1,MODERN_NOVOL,Y2021,19,19.0,0.3157894736842105,1.4598330619306006,3.162971634182968,0.034273926658321456,-0.06435421103589462,0.3445634562358914,-0.10893662545440314,0.060147807335984425,-0.4470324607849994,0.34129616025124526,-0.08707059914040423,3.919763543844391,0.05263157894736842,0.05263157894736842,0.16788837645331195,4.6209998306539015,33.0,0.2631578947368421,0.15789473684210525,0.10526315789473684,0.05263157894736842,3.0,1.0,1.6868512481030231,1.6868512481030231,-1.322681330738484,0.09647475651971966,0.6512046065081076,TRADE_STATS,,,,
USER_SPEC 7-condition (PART 38; registered §A2),C3_LOW_OVERHEAD=1,MODERN_NOVOL,Y2022,16,16.0,0.375,0.9749508109732863,1.6249180182888108,-0.0012245380423035607,-0.018935556979417508,0.12709546337150687,-0.0782165388905898,-0.07082426473316417,-0.31748349519722785,0.1781451215751137,-0.05532566147069364,3.219936587102141,0.375,0.375,0.10739879275651655,3.1810754972641964,35.0,0.25,0.0625,0.0,0.0,1.0,0.0,,,-0.7721129530085531,-0.0034924436144130075,-0.01959260867685697,TRADE_STATS,,,,
USER_SPEC 7-condition (PART 38; registered §A2),C3_LOW_OVERHEAD=1,MODERN_NOVOL,Y2023,12,12.0,0.25,0.5750340995815911,1.7251022987447735,-0.029645111435024865,-0.0662849594788712,0.16045475596278694,-0.09301173390096212,-0.2155487345784768,-0.8180161716608771,0.1367647204425701,-0.07555830920900068,1.8100553317606314,0.25,0.25,0.1293427833239684,4.223531715628728,22.5,0.25,0.08333333333333333,0.0,0.0,1.0,0.0,,,-0.7728809754400303,-0.09386314966234785,-0.3557413372202984,TRADE_STATS,,,,
USER_SPEC 7-condition (PART 38; registered §A2),C3_LOW_OVERHEAD=1,MODERN_NOVOL,Y2024,22,22.0,0.3181818181818182,1.2065574736929112,2.585480300770524,0.010711076647084176,-0.03581134506932004,0.19663683199040927,-0.07605427584646753,-0.010858623841682145,-0.37444158195172,0.26230192230476956,-0.07142861480434186,3.672224682268727,0.18181818181818182,0.18181818181818182,0.13436314317853812,3.5457197735271215,31.5,0.18181818181818182,0.13636363636363635,0.09090909090909091,0.045454545454545456,3.0,1.0,1.7364306823625921,1.7364306823625921,-1.0710003614145873,0.034602597097775606,0.23564368623585186,TRADE_STATS,,,,
USER_SPEC 7-condition (PART 38; registered §A2),C3_LOW_OVERHEAD=1,MODERN_NOVOL,Y2025,29,29.0,0.3103448275862069,1.8747962616463838,4.166213914769742,0.051137088134430034,-0.04560984157346231,0.35313327611961576,-0.08476119645890355,0.03517277566346599,-0.5193899290219304,0.2680285776504733,-0.07672026255923843,3.4935826430927412,0.1724137931034483,0.1724137931034483,0.137981347459991,4.52971541171213,35.0,0.2413793103448276,0.20689655172413793,0.1724137931034483,0.1724137931034483,6.0,5.0,0.5043018165453738,0.5043018165453738,-1.2669213933898458,0.13705873899246496,1.482975555898471,TRADE_STATS,,,,
USER_SPEC 7-condition (PART 38; registered §A2),C3_LOW_OVERHEAD=1,MODERN_NOVOL,Y2026,13,19.402985074626866,0.38461538461538464,2.0093290793135004,3.2149265269016007,0.07691746636714857,-0.051649076461389325,0.3981223895359759,-0.12383561061336854,0.5402937599565928,-0.1831539739223004,0.46804582669095485,-0.13058892248915763,3.584115848186244,0.15384615384615385,0.15384615384615385,0.1950707441615793,4.329918541549312,26.0,0.3076923076923077,0.15384615384615385,0.15384615384615385,0.07692307692307693,2.0,1.0,1.1418020318603121,1.1418020318603121,-0.9906848849069483,0.2252087979218314,0.9999270627729313,TRADE_STATS,,,,
USER_SPEC 7-condition (PART 38; registered §A2),C3_LOW_OVERHEAD=0,MODERN_NOVOL,PRE_2020_2022,153,51.03493150684932,0.24183006535947713,1.6886408808456927,5.294117356164874,0.04304269443509233,-0.05034553387816803,0.4364491529179446,-0.08244040008098988,0.558585533285499,-0.516349136364768,0.2269949385844107,-0.07231855431820917,3.138820192472451,0.23529411764705882,0.23529411764705882,0.11265684669576988,4.472124925946057,26.0,0.13071895424836602,0.08496732026143791,0.058823529411764705,0.0457516339869281,13.0,7.0,1.254842020904511,1.9840883168970835,-4.62118798997102,0.12423188546631064,6.585532248569127,TRADE_STATS,,,,
USER_SPEC 7-condition (PART 38; registered §A2),C3_LOW_OVERHEAD=0,MODERN_NOVOL,DISCOVERY,237,118.58116438356164,0.3291139240506329,1.1886731065628815,2.4230644095320275,0.010973946539789121,-0.04889396451134181,0.21007241116352018,-0.08669699836996574,0.32311024839533137,-0.5279152596194213,0.1763557392928819,-0.06795543941958437,2.595167374372936,0.2109704641350211,0.2109704641350211,0.10502192671392767,4.304271622004963,29.0,0.16877637130801687,0.0970464135021097,0.06751054852320675,0.0379746835443038,23.0,9.0,1.3238084160837797,3.5070307232031097,-3.3554551944276163,0.03000490689813131,2.600825329930022,TRADE_STATS,,,,
USER_SPEC 7-condition (PART 38; registered §A2),C3_LOW_OVERHEAD=0,MODERN_NOVOL,STRICT_OOS,260,155.68032786885246,0.2923076923076923,2.2011131302425326,5.329010736376659,0.07807475091148894,-0.0536128081847168,0.4894730816074237,-0.0918506465498754,0.4314785431333662,-0.46797399317055677,0.33023655296561527,-0.08495060242762742,3.887395068763121,0.16153846153846155,0.16153846153846155,0.14210863534788243,4.1978050949419075,29.0,0.2,0.14615384615384616,0.13076923076923078,0.11538461538461539,38.0,30.0,0.5346570060689085,1.1021207573508773,5.616592170076471,0.232258984404887,20.299435236987122,TRADE_STATS,,,,
USER_SPEC 7-condition (PART 38; registered §A2),C3_LOW_OVERHEAD=0,MODERN_NOVOL,EXTENDED,346,129.48411885245903,0.2861271676300578,1.862339567012454,4.646443162142183,0.056700933882272306,-0.054681367294369836,0.4279683703467861,-0.09210666210957733,0.3401079050339336,-0.48341641709498706,0.2907938864927923,-0.08148336888686064,3.568751396331668,0.18208092485549132,0.18208092485549132,0.13226270831871612,4.214774829923483,27.0,0.1907514450867052,0.13583815028901733,0.11849710982658959,0.09826589595375723,47.0,34.0,0.5532136746739131,1.3058744183819424,4.935680056355558,0.17123612746151887,19.61852312326622,TRADE_STATS,,,,
USER_SPEC 7-condition (PART 38; registered §A2),C3_LOW_OVERHEAD=0,MODERN_NOVOL,FULL_2023_2026,497,135.3685682326622,0.30985915492957744,1.7462931580272472,3.889471124697051,0.04607698303202645,-0.05288371175360578,0.3479584563176544,-0.08946163762682689,0.3798019116385688,-0.4868858875044767,0.2568567685784165,-0.0768462691622226,3.3424754562409715,0.1851106639839034,0.1851106639839034,0.12012912504016073,4.236746511173037,29.0,0.1851106639839034,0.1227364185110664,0.1006036217303823,0.07847082494969819,61.0,39.0,0.6628127692360737,1.4374580860562631,7.721675444331126,0.1315502100581178,22.900260566917147,TRADE_STATS,,,,
USER_SPEC 7-condition (PART 38; registered §A2),C3_LOW_OVERHEAD=0,MODERN_NOVOL,Y2020,53,53.0,0.3018867924528302,3.9514390641792545,9.137702835914526,0.15276563117448078,-0.03341133892950992,0.6774901939085827,-0.07414228784567141,1.9405515717569841,-0.42822984114934154,0.3693650324306945,-0.06556447552343088,5.633615299777605,0.20754716981132076,0.20754716981132076,0.11015564997837757,4.250256179727744,34.0,0.16981132075471697,0.1320754716981132,0.09433962264150944,0.07547169811320754,7.0,4.0,0.867421503769546,1.0661274161277785,-1.6077657225199231,0.36669286468512147,8.096578452247481,TRADE_STATS,,,,
USER_SPEC 7-condition (PART 38; registered §A2),C3_LOW_OVERHEAD=0,MODERN_NOVOL,Y2021,58,58.0,0.22413793103448276,0.7763820819904027,2.687476437659086,-0.016563197223905212,-0.05829137994766636,0.2565651819287419,-0.0954669512013366,-0.12965514892822205,-0.6762178474979645,0.17383803289335825,-0.07947862771189533,2.1872299245466267,0.27586206896551724,0.27586206896551724,0.11418476349380255,4.632077887576703,22.5,0.10344827586206896,0.06896551724137931,0.05172413793103448,0.034482758620689655,4.0,2.0,,,-3.879446145804033,-0.05449038224540569,-0.9606654389865024,TRADE_STATS,,,,
USER_SPEC 7-condition (PART 38; registered §A2),C3_LOW_OVERHEAD=0,MODERN_NOVOL,Y2022,42,42.0,0.19047619047619047,0.7819245535238724,3.323179352476457,-0.013104303921234564,-0.05071694702355994,0.24667852379412328,-0.07422967514837761,-0.23489638268099824,-0.5742543024765563,0.12074459468507741,-0.07095383811081515,1.701734506546347,0.21428571428571427,0.21428571428571427,0.11298122164430743,4.427894773427541,27.0,0.11904761904761904,0.047619047619047616,0.023809523809523808,0.023809523809523808,2.0,1.0,,,-2.4462720574759094,-0.041382012382845994,-0.5503807646918517,TRADE_STATS,,,,
USER_SPEC 7-condition (PART 38; registered §A2),C3_LOW_OVERHEAD=0,MODERN_NOVOL,Y2023,151,151.0,0.36423841059602646,1.4135776975107575,2.467335617473322,0.02173336055397966,-0.04181645665061889,0.2039406110652174,-0.08265621005141693,0.4707563903485277,-0.5054790423408326,0.179093571238191,-0.06622086184616455,2.7044886799304613,0.19205298013245034,0.19205298013245034,0.10100709443212583,4.28999925441711,32.0,0.17218543046357615,0.09271523178807947,0.059602649006622516,0.033112582781456956,14.0,5.0,1.0491376960049885,1.9797487226376496,-2.071622024081649,0.05514598292137336,3.281737443650929,TRADE_STATS,,,,
USER_SPEC 7-condition (PART 38; registered §A2),C3_LOW_OVERHEAD=0,MODERN_NOVOL,Y2024,86,86.0,0.26744186046511625,0.8836013162291936,2.4202992574973563,-0.007917582717684977,-0.06492048086281471,0.22473541139859202,-0.09285439009346863,0.06387109217518422,-0.5412565683518985,0.17154861576100194,-0.07100103492640292,2.4161424680474446,0.2441860465116279,0.2441860465116279,0.11877033236481946,4.306905321520725,25.0,0.16279069767441862,0.10465116279069768,0.08139534883720931,0.046511627906976744,9.0,4.0,,,-3.676045811454949,-0.02506117459407096,-0.680912113720908,TRADE_STATS,,,,
USER_SPEC 7-condition (PART 38; registered §A2),C3_LOW_OVERHEAD=0,MODERN_NOVOL,Y2025,124,124.0,0.23387096774193547,2.2997378898692333,7.5336241219854205,0.08594711039792417,-0.05418770691258306,0.6502457587819158,-0.08631247700350482,0.5029280695643435,-0.46617484659915487,0.3159020146793607,-0.07872768581403243,4.012591141387955,0.1532258064516129,0.1532258064516129,0.1289372737678372,4.371709683731758,29.0,0.18548387096774194,0.12903225806451613,0.11290322580645161,0.10483870967741936,16.0,13.0,0.5213727093773232,1.2334205546310513,-1.72050813516511,0.24692867676882754,10.657441689342598,TRADE_STATS,,,,
USER_SPEC 7-condition (PART 38; registered §A2),C3_LOW_OVERHEAD=0,MODERN_NOVOL,Y2026,136,202.98507462686567,0.34558823529411764,2.1081689336535314,3.9920645764928584,0.07089701137973914,-0.05151982460476117,0.39027291909550305,-0.09776217584094515,0.36633338668159243,-0.473888069179991,0.3433062790501415,-0.09062443816355226,3.788230702523836,0.16911764705882354,0.16911764705882354,0.14855722670462634,4.033426489427317,26.5,0.21323529411764705,0.16176470588235295,0.14705882352941177,0.125,22.0,17.0,0.2697178386093898,0.9569931002516044,2.1331342236070014,0.2179474129214404,9.641993547644523,TRADE_STATS,,,,
USER_SPEC 7-condition (PART 38; registered §A2),C4_COMPRESSION=1,MODERN_NOVOL,PRE_2020_2022,89,29.686986301369863,0.3146067415730337,3.008926359601994,6.555160997704345,0.09176662981445566,-0.033092288593115464,0.43688214843521106,-0.06664705086392382,1.2289691062070536,-0.47365666704204973,0.2588399364080879,-0.053295637097281585,4.856681531653749,0.25842696629213485,0.25842696629213485,0.09062422517240509,4.134441209644834,31.0,0.15730337078651685,0.10112359550561797,0.06741573033707865,0.0449438202247191,9.0,4.0,0.8599177702161657,1.1403806754589934,-1.5410691207008622,0.24801791841744775,8.167230053486554,TRADE_STATS,,,,
USER_SPEC 7-condition (PART 38; registered §A2),C4_COMPRESSION=1,MODERN_NOVOL,DISCOVERY,103,51.53527397260274,0.3106796116504854,1.0294778702567104,2.284154024632076,0.0014663612542453951,-0.045255954773726174,0.16483488729619536,-0.07216452372240809,0.16014127052808622,-0.5915434513678512,0.14678497244032643,-0.05891316472635896,2.49154790991311,0.22330097087378642,0.22330097087378642,0.09473569102255605,4.309539021036487,29.0,0.1262135922330097,0.07766990291262135,0.038834951456310676,0.02912621359223301,8.0,3.0,6.515931473954406,18.726314609072727,-2.677297635100761,0.0041493189337163654,0.1510352091872757,TRADE_STATS,,,,
USER_SPEC 7-condition (PART 38; registered §A2),C4_COMPRESSION=1,MODERN_NOVOL,STRICT_OOS,101,60.475819672131145,0.27722772277227725,2.7710187787728895,7.224441816086462,0.0955179056596266,-0.03903798538904484,0.5390939235471115,-0.07462084092735388,0.529009651618565,-0.4916717799073767,0.3027544813800796,-0.07215345625041014,4.195980305217308,0.22772277227722773,0.22772277227722773,0.11948967761830781,3.846767758939621,27.0,0.16831683168316833,0.1188118811881188,0.07920792079207921,0.07920792079207921,12.0,8.0,0.5759636757700781,1.1632043275818396,-1.5744824920856997,0.29849345518633313,9.647308471622287,TRADE_STATS,,,,
USER_SPEC 7-condition (PART 38; registered §A2),C4_COMPRESSION=1,MODERN_NOVOL,EXTENDED,123,46.03048155737705,0.2682926829268293,2.564218255720785,6.9933225156021415,0.08293123262282914,-0.045255954773726174,0.5067186974131818,-0.07245750446696682,0.44511283263398715,-0.4916717799073767,0.2840201345615673,-0.06977094662439746,4.070750768089067,0.21951219512195122,0.21951219512195122,0.11948967761830781,3.964561098534428,27.0,0.16260162601626016,0.12195121951219512,0.07317073170731707,0.07317073170731707,15.0,9.0,0.5447259037437278,1.1965958770110776,-1.2508688067986526,0.2611505789198153,10.200541612607985,TRADE_STATS,,,,
USER_SPEC 7-condition (PART 38; registered §A2),C4_COMPRESSION=1,MODERN_NOVOL,FULL_2023_2026,204,55.56375838926174,0.29411764705882354,1.9269077000108084,4.6245784800259395,0.04803109647455668,-0.04417578739570593,0.3394891042132894,-0.07340974008324867,0.34276728273464674,-0.519194730857369,0.22400517049383167,-0.06546840709856076,3.421576611091186,0.22549019607843138,0.22549019607843138,0.10135742167890956,4.008420748489712,27.0,0.14705882352941177,0.09803921568627451,0.058823529411764705,0.05392156862745098,20.0,11.0,0.7982294025987986,1.4938002406565447,-1.6530667385970732,0.14258358091981319,9.798343680809563,TRADE_STATS,,,,
USER_SPEC 7-condition (PART 38; registered §A2),C4_COMPRESSION=1,MODERN_NOVOL,Y2020,49,49.0,0.30612244897959184,4.475820184983133,10.145192419295102,0.17232472421853326,-0.03341133892950992,0.7248827127805438,-0.07145085897058909,2.3300268880255026,-0.48094486667338554,0.37330161461041866,-0.0539171440461188,6.9236162488708555,0.2857142857142857,0.2857142857142857,0.09317418200346063,4.094475531038376,25.0,0.1836734693877551,0.12244897959183673,0.10204081632653061,0.08163265306122448,6.0,4.0,0.8317408664801857,0.9290465480034146,-1.2643876874792888,0.4604095685227988,8.44391148670813,TRADE_STATS,,,,
USER_SPEC 7-condition (PART 38; registered §A2),C4_COMPRESSION=1,MODERN_NOVOL,Y2021,23,23.0,0.30434782608695654,0.787648157120578,1.8003386448470355,-0.009774350546583266,-0.04502369221944307,0.11912253677367901,-0.06616673874919803,-0.1161635920302576,-0.47365666704204973,0.12922065092369275,-0.0597325825954534,2.16331933609595,0.21739130434782608,0.21739130434782608,0.08245572897938165,4.6209998306539015,34.0,0.13043478260869565,0.08695652173913043,0.043478260869565216,0.0,2.0,0.0,,,-1.0209454683197507,-0.025459803235720852,-0.22481006257141511,TRADE_STATS,,,,
USER_SPEC 7-condition (PART 38; registered §A2),C4_COMPRESSION=1,MODERN_NOVOL,Y2022,17,17.0,0.35294117647058826,0.91017525725067,1.6686546382928948,-0.0030512570970681408,-0.02031465974306695,0.08760028451033303,-0.05249755251928696,-0.12478261436035071,-0.18688804486288044,0.10428825018613962,-0.0427954261001654,2.436901783429995,0.23529411764705882,0.23529411764705882,0.10025641074568462,3.6766132274082346,33.0,0.11764705882352941,0.058823529411764705,0.0,0.0,1.0,0.0,,,-0.5660695846958508,-0.009005446293430275,-0.05187137065015839,TRADE_STATS,,,,
USER_SPEC 7-condition (PART 38; registered §A2),C4_COMPRESSION=1,MODERN_NOVOL,Y2023,81,81.0,0.3333333333333333,0.900687630627379,1.8013752612547582,-0.004965406565412633,-0.04336878739848298,0.13509737919119894,-0.0749967994437184,0.18735366992453717,-0.5915434513678512,0.13287133616875169,-0.05893492115191986,2.2545433771980754,0.2345679012345679,0.2345679012345679,0.08594127329896578,4.163854430121128,29.0,0.12345679012345678,0.06172839506172839,0.037037037037037035,0.024691358024691357,5.0,2.0,,,-2.5074689826299035,-0.013560280910263765,-0.4021979317984233,TRADE_STATS,,,,
USER_SPEC 7-condition (PART 38; registered §A2),C4_COMPRESSION=1,MODERN_NOVOL,Y2024,22,22.0,0.22727272727272727,1.5151846839542515,5.151627925444455,0.025146960953895403,-0.04878626964839349,0.325417431063176,-0.06316788319589302,0.05995016365933498,-0.5944771230450561,0.19801245144021545,-0.05883306152315744,3.3656662820831658,0.18181818181818182,0.18181818181818182,0.11142538049441433,4.404269475292413,27.0,0.13636363636363635,0.13636363636363635,0.045454545454545456,0.045454545454545456,3.0,1.0,1.7788794638463232,1.7788794638463232,-1.0738540143301814,0.08208206839550429,0.5532331409856989,TRADE_STATS,,,,
USER_SPEC 7-condition (PART 38; registered §A2),C4_COMPRESSION=1,MODERN_NOVOL,Y2025,53,53.0,0.2641509433962264,4.217839543110823,11.749695870094433,0.15636242176823326,-0.03642258199798203,0.7759002502856662,-0.06603577308417859,0.8858838435454974,-0.4916717799073767,0.3487366668944445,-0.06353929850076556,5.488519312032421,0.18867924528301888,0.18867924528301888,0.11064631745636018,3.947405729218803,31.0,0.18867924528301888,0.1320754716981132,0.07547169811320754,0.07547169811320754,7.0,4.0,0.6704910762997287,1.0742452635656536,-1.6001832328371444,0.4357102183867698,8.287208353716363,TRADE_STATS,,,,
USER_SPEC 7-condition (PART 38; registered §A2),C4_COMPRESSION=1,MODERN_NOVOL,Y2026,48,71.64179104477611,0.2916666666666667,1.4735846276924844,3.5787055243960335,0.028335419123040082,-0.04744785789636163,0.3022875968085567,-0.08446841874746674,0.13496106469924365,-0.4999666026496839,0.25198248487463487,-0.08166492209897602,3.085565728811176,0.2708333333333333,0.2708333333333333,0.12078584425721388,3.68339792174696,25.0,0.14583333333333334,0.10416666666666667,0.08333333333333333,0.08333333333333333,5.0,4.0,1.1504895878074584,1.7052396445030595,-2.251416583742572,0.1022631667598439,1.360100117905924,TRADE_STATS,,,,
USER_SPEC 7-condition (PART 38; registered §A2),C4_COMPRESSION=0,MODERN_NOVOL,PRE_2020_2022,164,54.7041095890411,0.27439024390243905,0.9678688654687707,2.559475444239638,-0.002099715051044673,-0.05320977898884615,0.23050595770631643,-0.09005984340466862,-0.06993458067940246,-0.45198041845957293,0.199660301647389,-0.0800774059210133,2.4933412783667066,0.23170731707317074,0.23170731707317074,0.12807726023349558,4.585422045535246,31.0,0.16463414634146342,0.09146341463414634,0.04878048780487805,0.03048780487804878,15.0,5.0,,,-5.538769582921415,-0.0060476513588220305,-0.3443532683713264,TRADE_STATS,,,,
USER_SPEC 7-condition (PART 38; registered §A2),C4_COMPRESSION=0,MODERN_NOVOL,DISCOVERY,168,84.05753424657534,0.3333333333333333,1.2189753780160086,2.437950756032017,0.013867217081894636,-0.05598255458015205,0.2315848887338848,-0.09499161874410045,0.3408160920585829,-0.5084398438353909,0.20291236301830448,-0.07449709768946461,2.7237619895492973,0.20238095238095238,0.20238095238095238,0.11841934999018641,4.19335124425732,29.5,0.20238095238095238,0.1130952380952381,0.08333333333333333,0.041666666666666664,19.0,7.0,1.477875086612801,2.8346191802389518,-3.069815450562479,0.03826695909589847,2.329692469758299,TRADE_STATS,,,,
USER_SPEC 7-condition (PART 38; registered §A2),C4_COMPRESSION=0,MODERN_NOVOL,STRICT_OOS,201,120.35286885245901,0.30845771144278605,1.9289858227442152,4.324661763894289,0.06534840489570269,-0.054557806936104174,0.4399054157355082,-0.10172018986737598,0.3323297302232654,-0.43774898447187766,0.34398370970407005,-0.09314527938541628,3.692980599486263,0.12935323383084577,0.12935323383084577,0.159636290276315,4.478141303562005,30.0,0.22885572139303484,0.1691542288557214,0.16417910447761194,0.13930348258706468,34.0,28.0,0.4032526966807767,0.9927822474491085,4.338638902535758,0.18673627216429117,13.13502938403624,TRADE_STATS,,,,
USER_SPEC 7-condition (PART 38; registered §A2),C4_COMPRESSION=0,MODERN_NOVOL,EXTENDED,287,107.40445696721312,0.30313588850174217,1.605135246812831,3.6899660846271978,0.04228755336433967,-0.056201731586526464,0.3700278265101851,-0.10027946545410309,0.2464578270972816,-0.4583920698402035,0.29724137618461477,-0.0874752346074055,3.398006047296166,0.16376306620209058,0.16376306620209058,0.15343992764231307,4.387468586717615,29.0,0.21254355400696864,0.14982578397212543,0.14285714285714285,0.11149825783972125,43.0,32.0,0.547062967399288,1.3152069817224716,3.3401373340649947,0.1243751569539402,12.136527815565485,TRADE_STATS,,,,
USER_SPEC 7-condition (PART 38; registered §A2),C4_COMPRESSION=0,MODERN_NOVOL,FULL_2023_2026,369,100.50503355704699,0.31978319783197834,1.6241269349174385,3.454710683595568,0.04190981532193642,-0.05506062328518629,0.34104143681948346,-0.09871779956535662,0.33619343967674326,-0.46324417261061784,0.27975610470892476,-0.08465505032059274,3.304659363493081,0.16260162601626016,0.16260162601626016,0.14319303769594965,4.3615885199866895,30.0,0.21680216802168023,0.14363143631436315,0.12737127371273713,0.0948509485094851,53.0,35.0,0.5651398430082107,1.338942316085203,5.382282472562046,0.11785339013713259,15.464721853794538,TRADE_STATS,,,,
USER_SPEC 7-condition (PART 38; registered §A2),C4_COMPRESSION=0,MODERN_NOVOL,Y2020,69,69.0,0.36231884057971014,1.0774788111233773,1.896362707577144,0.003744920351510207,-0.03009768307921151,0.14373993952763875,-0.07579770418038101,0.01614041035567878,-0.3212784766250415,0.18841212782634187,-0.07398105274349963,2.546761918617017,0.21739130434782608,0.21739130434782608,0.12218275067049303,4.472124925946057,35.0,0.17391304347826086,0.11594202898550725,0.043478260869565216,0.014492753623188406,8.0,1.0,2.840553402926763,5.653185777661606,-1.7524066218876921,0.00915012408832168,0.25839950425420427,TRADE_STATS,,,,
USER_SPEC 7-condition (PART 38; registered §A2),C4_COMPRESSION=0,MODERN_NOVOL,Y2021,54,54.0,0.2222222222222222,0.9818093078734552,3.436332577557093,-0.0015676068501292563,-0.08137015128433928,0.3807391954227699,-0.11079812178524333,-0.06861903114365274,-0.7105821444903995,0.2517621848396946,-0.0905602294678182,2.780052417260732,0.2222222222222222,0.2222222222222222,0.1509611855626788,4.632077887576703,23.0,0.14814814814814814,0.09259259259259259,0.07407407407407407,0.05555555555555555,5.0,3.0,,,-3.92174107951448,-0.005443779415239861,-0.08465076990697984,TRADE_STATS,,,,
USER_SPEC 7-condition (PART 38; registered §A2),C4_COMPRESSION=0,MODERN_NOVOL,Y2022,41,41.0,0.1951219512195122,0.8101148021702083,3.341723558952109,-0.012636634212647569,-0.0678197142697125,0.2762999079400037,-0.08268185655268423,-0.2165251674196729,-0.510897470596593,0.14996816265391943,-0.0765304765971347,1.9595874653096599,0.2682926829268293,0.2682926829268293,0.12068939052459869,4.490556276575603,26.0,0.17073170731707318,0.04878048780487805,0.024390243902439025,0.024390243902439025,2.0,1.0,,,-2.4714659050494587,-0.03939939184171485,-0.5181020027185503,TRADE_STATS,,,,
USER_SPEC 7-condition (PART 38; registered §A2),C4_COMPRESSION=0,MODERN_NOVOL,Y2023,82,82.0,0.3780487804878049,1.704786214289598,2.8046482880248225,0.04058773217352506,-0.047076483987116606,0.25969253671977244,-0.0925936196094881,0.6502680837048592,-0.4872625992014,0.21855765454400966,-0.07478440531674813,2.922503075585241,0.15853658536585366,0.15853658536585366,0.10874026711724877,4.279643843502496,34.0,0.23170731707317074,0.12195121951219512,0.07317073170731707,0.036585365853658534,10.0,3.0,0.6191114628635777,1.3724783092626591,-1.6242533997565427,0.09893561350264728,3.3281940382290545,TRADE_STATS,,,,
USER_SPEC 7-condition (PART 38; registered §A2),C4_COMPRESSION=0,MODERN_NOVOL,Y2024,86,86.0,0.29069767441860467,0.831242595140971,2.0282319321439695,-0.011610483354311108,-0.06479160586959981,0.19673140523138405,-0.09699650326648122,0.045757216302830986,-0.5229107995762952,0.18799475947053912,-0.07422315320763614,2.5328317559432123,0.2441860465116279,0.2441860465116279,0.12530069793660903,4.027669686051107,26.0,0.1744186046511628,0.10465116279069768,0.09302325581395349,0.046511627906976744,9.0,4.0,,,-3.4186791198710953,-0.036655711030497626,-0.9985015684707552,TRADE_STATS,,,,
USER_SPEC 7-condition (PART 38; registered §A2),C4_COMPRESSION=0,MODERN_NOVOL,Y2025,100,100.0,0.24,1.5264296020091315,4.833693739695583,0.03853208891524709,-0.05732013393725054,0.4655301244063656,-0.09630939597668507,0.1643124741230777,-0.46081812122541066,0.28461635226698895,-0.0861953783461736,3.301990869207939,0.14,0.14,0.15429488639205335,4.583053100249568,30.5,0.2,0.15,0.15,0.14,15.0,14.0,0.6997072923992554,1.4416655972469266,-1.701829806392427,0.11021764563857864,3.853208891524709,TRADE_STATS,,,,
USER_SPEC 7-condition (PART 38; registered §A2),C4_COMPRESSION=0,MODERN_NOVOL,Y2026,101,150.7462686567164,0.37623762376237624,2.361052111009003,3.9143758682517684,0.09189921279714384,-0.053138445189705834,0.42372138920654545,-0.10824749678313011,0.4986834491343424,-0.4107462057783808,0.4027632715229622,-0.1000263695232803,4.026570927671452,0.1188118811881188,0.1188118811881188,0.17195582448493735,4.3615885199866895,30.0,0.25742574257425743,0.18811881188118812,0.1782178217821782,0.13861386138613863,19.0,14.0,0.28018400718420633,0.7634059565916033,2.196023440514222,0.26234653738020147,9.281820492511528,TRADE_STATS,,,,
USER_SPEC 7-condition (PART 38; registered §A2),C5_BASE_VOL_CONTRACTION=1,MODERN_NOVOL,PRE_2020_2022,59,19.68013698630137,0.4067796610169492,4.9069737599988645,7.156003399998344,0.16550096572231468,-0.033092288593115464,0.5109925205810296,-0.07140752903794706,2.1330410376822377,-0.2470061703524754,0.3777098152553501,-0.05788159972139462,6.525559367284353,0.1694915254237288,0.1694915254237288,0.11400549666781876,4.498382973284134,40.0,0.2033898305084746,0.11864406779661017,0.0847457627118644,0.0847457627118644,7.0,5.0,0.7192488376621563,0.9285508984200878,-0.7180958280008347,0.3701499991514999,9.764556977616566,TRADE_STATS,,,,
USER_SPEC 7-condition (PART 38; registered §A2),C5_BASE_VOL_CONTRACTION=1,MODERN_NOVOL,DISCOVERY,70,35.023972602739725,0.37142857142857144,1.5523636951453248,2.6270770225536264,0.02763750418672636,-0.042592622024550934,0.20911821567706257,-0.07960109805756327,0.7266054024025584,-0.5110942386218504,0.19045350254656412,-0.0587298599303278,3.2428734339312615,0.15714285714285714,0.15714285714285714,0.10226426931753295,4.512356789441472,37.0,0.14285714285714285,0.08571428571428572,0.05714285714285714,0.02857142857142857,6.0,2.0,1.0650760574060023,1.7448387976612405,-1.7406136741708196,0.0685065613693642,1.9346252930708452,TRADE_STATS,,,,
USER_SPEC 7-condition (PART 38; registered §A2),C5_BASE_VOL_CONTRACTION=1,MODERN_NOVOL,STRICT_OOS,80,47.90163934426229,0.275,3.0224037249480453,7.968155274863029,0.10096325745043559,-0.041010252165224574,0.5486751355002741,-0.06885848939605482,0.7453876726927271,-0.456563980883113,0.2984298959795497,-0.06918166440963733,4.313713735080029,0.125,0.125,0.1195293410761446,4.15178835397585,26.0,0.15,0.1125,0.1,0.0875,9.0,7.0,0.6879358131015083,1.1298162965223015,-1.58814604291094,0.33225259547654656,8.077060596034848,TRADE_STATS,,,,
USER_SPEC 7-condition (PART 38; registered §A2),C5_BASE_VOL_CONTRACTION=1,MODERN_NOVOL,EXTENDED,103,38.54585040983607,0.2815533980582524,2.5803933265611785,6.584451936742317,0.07830394341414497,-0.042187472193604574,0.4540917206089776,-0.06896423954058677,0.6215531751625958,-0.46324417261061784,0.26790540241144417,-0.06667620058829789,4.0180064257960035,0.11650485436893204,0.11650485436893204,0.11948967761830781,4.304271622004963,27.0,0.14563106796116504,0.11650485436893204,0.0970873786407767,0.06796116504854369,12.0,7.0,0.688938414778352,1.198368224744055,-1.599900467288856,0.2427846529698053,8.065306171656932,TRADE_STATS,,,,
USER_SPEC 7-condition (PART 38; registered §A2),C5_BASE_VOL_CONTRACTION=1,MODERN_NOVOL,FULL_2023_2026,150,40.855704697986575,0.32,2.335560888508847,4.9630668880813,0.06674457259403795,-0.04170058216992433,0.3647484705960345,-0.07349255587748983,0.7366226132239819,-0.4783864932233365,0.24804091237748982,-0.06430415565262623,3.857307663246794,0.14,0.14,0.10932366011603661,4.423818965727179,28.0,0.14666666666666667,0.1,0.08,0.06,15.0,9.0,0.7812196776270396,1.2813582124613092,-1.2553735441780853,0.1905173337603367,10.011685889105692,TRADE_STATS,,,,
USER_SPEC 7-condition (PART 38; registered §A2),C5_BASE_VOL_CONTRACTION=1,MODERN_NOVOL,Y2020,30,30.0,0.4,7.791602741160864,11.687404111741296,0.2921877441811252,-0.025107106832715213,0.8380241436596937,-0.07170318880458709,4.056569725730024,-0.24346492739530945,0.5606193987877304,-0.05263061008735721,10.651964661956312,0.16666666666666666,0.16666666666666666,0.10796099742482129,4.216378525627371,41.5,0.23333333333333334,0.16666666666666666,0.13333333333333333,0.13333333333333333,5.0,4.0,0.8012138766143242,0.8949481939381229,-0.7571073489965208,0.6301676725689257,8.765632325433756,TRADE_STATS,,,,
USER_SPEC 7-condition (PART 38; registered §A2),C5_BASE_VOL_CONTRACTION=1,MODERN_NOVOL,Y2021,15,15.0,0.4,0.7418903122698632,1.112835468404795,-0.011518725445617743,-0.05002507619839241,0.0827713102610753,-0.07437874925007976,0.03136312501720117,-0.2470061703524754,0.16195069561976586,-0.0702090641775188,2.3066921275333425,0.2,0.2,0.11469281007469886,5.016937893631721,45.0,0.13333333333333333,0.0,0.0,0.0,0.0,0.0,,,-0.6457905006873806,-0.026912909919667622,-0.17278088168426614,TRADE_STATS,,,,
USER_SPEC 7-condition (PART 38; registered §A2),C5_BASE_VOL_CONTRACTION=1,MODERN_NOVOL,Y2022,14,14.0,0.42857142857142855,3.173054968502882,4.230739958003843,0.08369325241907674,-0.033603877739046654,0.285150484743656,-0.06739967182435773,0.2629916125780921,-0.25434338024221176,0.21693119300980404,-0.05592572273419888,3.8789162196584264,0.14285714285714285,0.14285714285714285,0.11734744359620872,4.398701866354251,33.0,0.21428571428571427,0.14285714285714285,0.07142857142857142,0.07142857142857142,2.0,1.0,1.04301063752258,1.04301063752258,-0.5277938815785561,0.19367033617637594,1.1717055338670743,TRADE_STATS,,,,
USER_SPEC 7-condition (PART 38; registered §A2),C5_BASE_VOL_CONTRACTION=1,MODERN_NOVOL,Y2023,47,47.0,0.40425531914893614,1.8134022789222723,2.6723823057801908,0.041412334413803424,-0.03447643656016113,0.2283824574183844,-0.08546024905359081,0.9887960625925513,-0.5686132504360549,0.20450809379244092,-0.0591058444106224,3.4600316742228467,0.19148936170212766,0.19148936170212766,0.09861257192068724,4.496470278658359,36.0,0.14893617021276595,0.06382978723404255,0.0425531914893617,0.0425531914893617,3.0,2.0,1.0586439332622524,1.3826787079866363,-1.3782886627158386,0.10069217369108954,1.946379717448761,TRADE_STATS,,,,
USER_SPEC 7-condition (PART 38; registered §A2),C5_BASE_VOL_CONTRACTION=1,MODERN_NOVOL,Y2024,23,23.0,0.30434782608695654,0.989406241959565,2.2614999816218626,-0.0005110619294746275,-0.050700147021118074,0.15682955952204633,-0.06934758381451503,0.19082448810126845,-0.473743106560953,0.16173325087020726,-0.0579615438184215,2.790354435293781,0.08695652173913043,0.08695652173913043,0.11727317816518905,4.6430180171440885,38.0,0.13043478260869565,0.13043478260869565,0.08695652173913043,0.0,3.0,0.0,,,-1.0828692572332197,-0.0013192395485877029,-0.011754424377916434,TRADE_STATS,,,,
USER_SPEC 7-condition (PART 38; registered §A2),C5_BASE_VOL_CONTRACTION=1,MODERN_NOVOL,Y2025,45,45.0,0.2,4.0120838629049915,16.048335451619966,0.1493413498385539,-0.042187472193604574,0.9946104541289967,-0.06197592623405674,0.9816997815053379,-0.4916717799073767,0.34065064286537294,-0.05895918040315408,5.777737080740517,0.1111111111111111,0.1111111111111111,0.10375735922397873,4.1031964238945,27.0,0.13333333333333333,0.08888888888888889,0.06666666666666667,0.06666666666666667,4.0,3.0,0.826815622153954,1.1638253245922263,-1.9836126923405264,0.4584147846340332,6.720360742734926,TRADE_STATS,,,,
USER_SPEC 7-condition (PART 38; registered §A2),C5_BASE_VOL_CONTRACTION=1,MODERN_NOVOL,Y2026,35,52.23880597014925,0.37142857142857144,1.7696893285046993,2.994858863623337,0.038762852951426376,-0.04043579664121937,0.23995068414192763,-0.08012086547932437,0.44155781850508485,-0.25759713339161483,0.24414607855491985,-0.08232485813225868,2.9656422627863863,0.14285714285714285,0.14285714285714285,0.12704213064697997,4.3405933864776145,19.0,0.17142857142857143,0.14285714285714285,0.14285714285714285,0.11428571428571428,5.0,4.0,0.5561404135813712,0.9613538789995301,-1.287323591956781,0.14059065837304904,1.3566998532999233,TRADE_STATS,,,,
USER_SPEC 7-condition (PART 38; registered §A2),C5_BASE_VOL_CONTRACTION=0,MODERN_NOVOL,PRE_2020_2022,194,64.71095890410959,0.25257731958762886,0.8419255595744318,2.4914123701692374,-0.010008660786089352,-0.051961873486760395,0.21105403589847826,-0.08471260656225357,-0.14402289691879527,-0.5323768128306473,0.17266064283724722,-0.07454119530485545,2.316311700276699,0.26288659793814434,0.26288659793814434,0.11324326613641358,4.383626228982474,27.0,0.14948453608247422,0.08762886597938144,0.04639175257731959,0.020618556701030927,17.0,4.0,,,-6.36174287562144,-0.030582456961747276,-1.9416801925013345,TRADE_STATS,,,,
USER_SPEC 7-condition (PART 38; registered §A2),C5_BASE_VOL_CONTRACTION=0,MODERN_NOVOL,DISCOVERY,201,100.56883561643835,0.30845771144278605,1.0445423558637936,2.3417965720172145,0.0027169272929091067,-0.05311265272738091,0.20655478314471248,-0.0882035551733629,0.11387699583112289,-0.5398919336477473,0.17848947248840447,-0.07200237902249791,2.478938542192245,0.22885572139303484,0.22885572139303484,0.11195694906809348,4.126005399245628,28.0,0.18407960199004975,0.1044776119402985,0.06965174129353234,0.03980099502487562,21.0,8.0,4.333631412818873,11.819898465138273,-3.892553547539273,0.007909941857976976,0.5461023858747305,TRADE_STATS,,,,
USER_SPEC 7-condition (PART 38; registered §A2),C5_BASE_VOL_CONTRACTION=0,MODERN_NOVOL,STRICT_OOS,222,132.92704918032786,0.3063063063063063,1.9430912022099782,4.400530075593187,0.0662399876559625,-0.055343922801995786,0.44555753902815576,-0.10125087918370723,0.27296052600420373,-0.4666337241368396,0.3416420567186582,-0.09223048236481579,3.7042206433150815,0.17567567567567569,0.17567567567567569,0.15463968846448634,4.273489631365358,31.0,0.22972972972972974,0.16666666666666666,0.14864864864864866,0.13063063063063063,37.0,29.0,0.36019286998668965,1.0158466096980976,5.359332562903713,0.1876870103334228,14.705277259623676,TRADE_STATS,,,,
USER_SPEC 7-condition (PART 38; registered §A2),C5_BASE_VOL_CONTRACTION=0,MODERN_NOVOL,EXTENDED,307,114.8890881147541,0.2964169381107492,1.6646154804362205,3.9511752063101495,0.046487828197122265,-0.0589291445299796,0.392807450806162,-0.09941534614279728,0.2002029242643417,-0.4720325824660892,0.3017866288849462,-0.08736016321345794,3.45451081802072,0.20195439739413681,0.20195439739413681,0.14614199998156607,4.2037190604600605,29.0,0.21498371335504887,0.1498371335504886,0.13029315960912052,0.11074918566775244,46.0,34.0,0.48077570520148055,1.2759645021516863,4.925818559796575,0.13799809762634438,14.271763256516536,TRADE_STATS,,,,
USER_SPEC 7-condition (PART 38; registered §A2),C5_BASE_VOL_CONTRACTION=0,MODERN_NOVOL,FULL_2023_2026,423,115.21308724832215,0.3073286052009456,1.547568240920186,3.4879807276124195,0.03605527102954706,-0.054279089710379806,0.331571609299129,-0.09506119304910703,0.1973676428723143,-0.49481057481731866,0.2641156514461263,-0.082618546734069,3.196808245686731,0.20094562647754138,0.20094562647754138,0.1284184508444186,4.18298342805458,29.0,0.20803782505910165,0.13711583924349882,0.1111111111111111,0.08747044917257683,58.0,37.0,0.5405405029948892,1.5076386076429018,5.6646823199412815,0.10347635284278721,15.251379645498407,TRADE_STATS,,,,
USER_SPEC 7-condition (PART 38; registered §A2),C5_BASE_VOL_CONTRACTION=0,MODERN_NOVOL,Y2020,88,88.0,0.3181818181818182,0.9858460932762729,2.1125273427348703,-0.000719560618993444,-0.037036846138863204,0.15751605199938576,-0.07456284650757043,-0.07286461300124149,-0.41507942184043434,0.16447311332154763,-0.07008766357887022,2.3466770744392798,0.2727272727272727,0.2727272727272727,0.11134227757764786,4.266618244559432,33.5,0.1590909090909091,0.10227272727272728,0.045454545454545456,0.011363636363636364,9.0,1.0,,,-2.2566204606082607,-0.0019382104215311625,-0.06332133447142307,TRADE_STATS,,,,
USER_SPEC 7-condition (PART 38; registered §A2),C5_BASE_VOL_CONTRACTION=0,MODERN_NOVOL,Y2021,62,62.0,0.20967741935483872,0.9728959134449995,3.6670692122157673,-0.002204515335389179,-0.0638873525130535,0.3773923262248108,-0.10291388146360553,-0.11044576086630956,-0.7105821444903995,0.22803181481116055,-0.0840478359402392,2.713119407063601,0.22580645161290322,0.22580645161290322,0.12569737921152177,4.577933148840552,22.5,0.14516129032258066,0.11290322580645161,0.08064516129032258,0.04838709677419355,7.0,3.0,,,-4.0713915087865855,-0.007610242249116319,-0.1366799507941291,TRADE_STATS,,,,
USER_SPEC 7-condition (PART 38; registered §A2),C5_BASE_VOL_CONTRACTION=0,MODERN_NOVOL,Y2022,44,44.0,0.18181818181818182,0.37050260048924055,1.6672617022015825,-0.039583611528085975,-0.049520015729101134,0.12813725776501142,-0.07685491581544096,-0.3336527019187691,-0.5742543024765563,0.11101268681449573,-0.07005253786151251,1.5847061391831043,0.29545454545454547,0.29545454545454547,0.10682038499013558,4.13974310895133,27.0,0.13636363636363635,0.022727272727272728,0.0,0.0,1.0,0.0,,,-2.6081716894415634,-0.13543381860309353,-1.741678907235783,TRADE_STATS,,,,
USER_SPEC 7-condition (PART 38; registered §A2),C5_BASE_VOL_CONTRACTION=0,MODERN_NOVOL,Y2023,116,116.0,0.33620689655172414,1.153563788056261,2.2775490174444126,0.008444968870533368,-0.04799586599501037,0.18868797911605162,-0.08284694540966421,0.18986392401582794,-0.5140427561936673,0.16441746115545652,-0.0700696134653414,2.346487343430009,0.19827586206896552,0.19827586206896552,0.10303508899102082,4.1348083443666575,30.5,0.1896551724137931,0.10344827586206896,0.0603448275862069,0.02586206896551724,12.0,3.0,1.4112374970167971,3.8849877992364377,-2.4552064580600934,0.02227919920359042,0.9796163889818708,TRADE_STATS,,,,
USER_SPEC 7-condition (PART 38; registered §A2),C5_BASE_VOL_CONTRACTION=0,MODERN_NOVOL,Y2024,85,85.0,0.27058823529411763,0.9262866600423166,2.496946648809723,-0.005100164742436935,-0.06467397568352723,0.2368506682367894,-0.09485611891214994,0.010177187955525508,-0.5426212030560497,0.19769362913101568,-0.07464003554755855,2.6486272103266995,0.27058823529411763,0.27058823529411763,0.12496311792688994,4.036666589950659,24.0,0.17647058823529413,0.10588235294117647,0.08235294117647059,0.058823529411764705,9.0,5.0,,,-3.4535659086742516,-0.017292142126331848,-0.43351400310713945,TRADE_STATS,,,,
USER_SPEC 7-condition (PART 38; registered §A2),C5_BASE_VOL_CONTRACTION=0,MODERN_NOVOL,Y2025,108,108.0,0.26851851851851855,1.7072305575174815,4.650731518754519,0.05018570835653837,-0.05732013393725054,0.451166634572108,-0.09700982152006313,0.1778388977081382,-0.45407069681425805,0.2927351818811359,-0.08642553275014817,3.3871377192133543,0.17592592592592593,0.17592592592592593,0.15364171700691598,4.442992065887273,31.5,0.2222222222222222,0.16666666666666666,0.14814814814814814,0.1388888888888889,18.0,15.0,0.49743362625294596,1.120218743208905,-0.6515923808525415,0.13784477371582257,5.420056502506144,TRADE_STATS,,,,
USER_SPEC 7-condition (PART 38; registered §A2),C5_BASE_VOL_CONTRACTION=0,MODERN_NOVOL,Y2026,114,170.14925373134326,0.34210526315789475,2.1710663764319165,4.175127646984455,0.0814493048869959,-0.05472252836652324,0.4413866731108581,-0.10571812658941239,0.36307575281100274,-0.5028402020152295,0.38797488551210063,-0.09772990831555353,3.969868510051136,0.17543859649122806,0.17543859649122806,0.15978337706371404,4.086008498819558,29.5,0.23684210526315788,0.16666666666666666,0.14912280701754385,0.12280701754385964,19.0,14.0,0.2800814032948947,0.9316502323752205,1.6201676121280775,0.23789958383596035,9.285220757117532,TRADE_STATS,,,,
USER_SPEC 7-condition (PART 38; registered §A2),C6_BREAKOUT_VOLUME=1,MODERN_NOVOL,PRE_2020_2022,159,53.03630136986302,0.29559748427672955,1.7353582605437072,4.135321812359472,0.04639096545039817,-0.05541118281147977,0.3703589543293164,-0.08955988702557646,0.5309113252381923,-0.48094486667338554,0.25519461578301306,-0.07281402537588132,3.5047453353340208,0.2578616352201258,0.2578616352201258,0.12008896354873247,4.470735492649254,28.0,0.16352201257861634,0.11320754716981132,0.06289308176100629,0.03773584905660377,18.0,6.0,1.1178233216917621,1.7129114585583853,-3.6883856960957786,0.1362172392726373,7.376163506613309,TRADE_STATS,,,,
USER_SPEC 7-condition (PART 38; registered §A2),C6_BREAKOUT_VOLUME=1,MODERN_NOVOL,DISCOVERY,182,91.06232876712329,0.3241758241758242,1.0266031611246786,2.140206590141279,0.0016185060482931406,-0.05731502355404138,0.19266510142146095,-0.0900217307567223,0.003327641419027886,-0.5412997281731006,0.18491628032869512,-0.0728458572788308,2.5384598004097105,0.24175824175824176,0.24175824175824176,0.1180577951688281,4.4380623870962275,29.0,0.15934065934065933,0.0989010989010989,0.06043956043956044,0.038461538461538464,18.0,7.0,8.034157288926707,20.068920075060433,-4.028551813048255,0.004700304783618184,0.2945681007893516,TRADE_STATS,,,,
USER_SPEC 7-condition (PART 38; registered §A2),C6_BREAKOUT_VOLUME=1,MODERN_NOVOL,STRICT_OOS,193,115.56270491803278,0.2849740932642487,2.196794326476372,5.5119566737043515,0.07980980667094976,-0.054557806936104174,0.5140682182295262,-0.09326419793572921,0.41835550971968466,-0.45132120621883404,0.34785517488432166,-0.08939523118583705,3.891205048300525,0.16062176165803108,0.16062176165803108,0.15406866714458536,4.391608150099626,29.0,0.21243523316062177,0.14507772020725387,0.13471502590673576,0.11398963730569948,28.0,22.0,0.5357697069433464,1.1532187895213752,1.6425674941562054,0.23128067098338292,15.403292687493304,TRADE_STATS,,,,
USER_SPEC 7-condition (PART 38; registered §A2),C6_BREAKOUT_VOLUME=1,MODERN_NOVOL,EXTENDED,270,101.04252049180329,0.2851851851851852,1.9089671571594573,4.784813783529549,0.059581413779545546,-0.055343922801995786,0.4387671532854544,-0.09169994343265643,0.31772761943793165,-0.46483457756543767,0.3096891316255294,-0.08350922531956392,3.708442156425773,0.1925925925925926,0.1925925925925926,0.14326591688017162,4.336532760956349,29.0,0.2037037037037037,0.14074074074074075,0.12222222222222222,0.1,38.0,27.0,0.674659513964763,1.2927925248630612,2.3262565271401954,0.17714989230786585,16.086981720477297,TRADE_STATS,,,,
USER_SPEC 7-condition (PART 38; registered §A2),C6_BREAKOUT_VOLUME=1,MODERN_NOVOL,FULL_2023_2026,375,102.13926174496645,0.304,1.6556310451920697,3.7905237087292125,0.04186096210208708,-0.05506062328518629,0.34772800865342224,-0.09173613869045008,0.21692865097109923,-0.4809336726065603,0.2687754980599909,-0.08136326838297003,3.3034009498596753,0.2,0.2,0.13133690993831712,4.423531015777797,29.0,0.18666666666666668,0.12266666666666666,0.09866666666666667,0.07733333333333334,46.0,29.0,0.7910642386377177,1.5571310798502078,1.8973731147355437,0.12143467771549979,15.697860788282657,TRADE_STATS,,,,
USER_SPEC 7-condition (PART 38; registered §A2),C6_BREAKOUT_VOLUME=1,MODERN_NOVOL,Y2020,69,69.0,0.36231884057971014,3.3197965462085297,5.842841921327013,0.12096208650419717,-0.03939073182385915,0.4777711514090206,-0.08177033673717983,1.5268014115993398,-0.3381008486429775,0.3481058596171572,-0.06667282704245059,5.2211054346850805,0.2318840579710145,0.2318840579710145,0.12074518500485998,4.282980309391118,35.0,0.2028985507246377,0.15942028985507245,0.08695652173913043,0.043478260869565216,11.0,3.0,0.8414597606219537,1.0342184468206617,-1.06856863755201,0.313773833413143,8.346383968789604,TRADE_STATS,,,,
USER_SPEC 7-condition (PART 38; registered §A2),C6_BREAKOUT_VOLUME=1,MODERN_NOVOL,Y2021,52,52.0,0.23076923076923078,0.7747338590523833,2.5824461968412775,-0.017909605487164713,-0.062073257779987456,0.26690993194762785,-0.10335546671760251,-0.3331882889811641,-0.7762413314742622,0.2135664665796963,-0.08308150394572926,2.5705657268698796,0.28846153846153844,0.28846153846153844,0.12941991999914554,4.632077887576703,21.5,0.11538461538461539,0.07692307692307693,0.057692307692307696,0.038461538461538464,4.0,2.0,,,-3.6697088820335764,-0.06267156698065714,-0.9312994853325651,TRADE_STATS,,,,
USER_SPEC 7-condition (PART 38; registered §A2),C6_BREAKOUT_VOLUME=1,MODERN_NOVOL,Y2022,38,38.0,0.2631578947368421,0.9830674842164026,2.752588955805927,-0.0010242362327297565,-0.053524950118159324,0.22596728848808217,-0.08209263791873403,-0.09496330685424544,-0.5431187721514128,0.14345219299397408,-0.06991491483310834,2.051811023962544,0.2631578947368421,0.2631578947368421,0.11209905397116202,4.247465507964089,25.0,0.15789473684210525,0.07894736842105263,0.02631578947368421,0.02631578947368421,3.0,1.0,,,-2.0408411631762093,-0.003067058852933865,-0.03892097684373075,TRADE_STATS,,,,
USER_SPEC 7-condition (PART 38; registered §A2),C6_BREAKOUT_VOLUME=1,MODERN_NOVOL,Y2023,105,105.0,0.3523809523809524,0.9376912336736162,1.7233244294542136,-0.0037059136399489705,-0.05328761329562142,0.15826816712189573,-0.09183886934859975,-0.042268696515041164,-0.5680489784206189,0.16356901174860639,-0.07584509340315711,2.1566195571696363,0.21904761904761905,0.21904761904761905,0.11136812116209259,4.5282433002245845,29.0,0.14285714285714285,0.0761904761904762,0.0380952380952381,0.01904761904761905,8.0,2.0,,,-3.5153914421370347,-0.01011754893901825,-0.3891209321946419,TRADE_STATS,,,,
USER_SPEC 7-condition (PART 38; registered §A2),C6_BREAKOUT_VOLUME=1,MODERN_NOVOL,Y2024,77,77.0,0.2857142857142857,1.1416200218179042,2.8540500545447602,0.00887907835044148,-0.062235178857331035,0.2505144909252751,-0.08777508667949196,0.06550446587457659,-0.5167094349028684,0.2140261920288162,-0.06875598983656765,3.1128370420897795,0.2727272727272727,0.2727272727272727,0.1276863386877695,4.2184025690557485,28.0,0.18181818181818182,0.12987012987012986,0.09090909090909091,0.06493506493506493,10.0,5.0,1.4394483833144902,3.821994398998647,-2.336362872583118,0.028239943535067907,0.683689032983994,TRADE_STATS,,,,
USER_SPEC 7-condition (PART 38; registered §A2),C6_BREAKOUT_VOLUME=1,MODERN_NOVOL,Y2025,107,107.0,0.24299065420560748,2.0942823909965007,6.524495141181406,0.07723633534404346,-0.055627222318805285,0.6083281584425394,-0.09323758318139969,0.3835945478634769,-0.4868858875044767,0.3172813583181556,-0.08440137149446522,3.759196713278077,0.1588785046728972,0.1588785046728972,0.1484093112515419,4.423531015777797,31.0,0.205607476635514,0.14018691588785046,0.12149532710280374,0.11214953271028037,15.0,12.0,0.6723506402568166,1.2687456923883573,-2.22099176889445,0.21817021863285774,8.26428788181265,TRADE_STATS,,,,
USER_SPEC 7-condition (PART 38; registered §A2),C6_BREAKOUT_VOLUME=1,MODERN_NOVOL,Y2026,86,128.3582089552239,0.3372093023255814,2.3423685770002356,4.603965823759084,0.08301168378698434,-0.050271521021242986,0.4295593063144107,-0.09330201890240805,0.4616046134245014,-0.4048175289091883,0.3858946908445515,-0.09560852173207877,4.036195559282194,0.16279069767441862,0.16279069767441862,0.15978436017521397,4.329587639855233,26.0,0.22093023255813954,0.1511627906976744,0.1511627906976744,0.11627906976744186,13.0,10.0,0.36428294003766437,0.9095991236850579,-0.10914332706989144,0.24857259072704227,7.139004805680654,TRADE_STATS,,,,
USER_SPEC 7-condition (PART 38; registered §A2),C6_BREAKOUT_VOLUME=0,MODERN_NOVOL,PRE_2020_2022,94,31.354794520547948,0.2765957446808511,1.0940076119551543,2.8612506774211726,0.004752268920233198,-0.03535786646082927,0.19994605382662584,-0.0698806488380934,0.143554026682268,-0.4060800311246724,0.16175638192545258,-0.0670061301908416,2.4140534823418505,0.2127659574468085,0.2127659574468085,0.10081986419752523,4.240667598269262,32.5,0.1595744680851064,0.06382978723404255,0.0425531914893617,0.031914893617021274,6.0,3.0,2.77729899422357,7.427704468704265,-2.871340936456329,0.012505970842718943,0.44671327850192066,TRADE_STATS,,,,
USER_SPEC 7-condition (PART 38; registered §A2),C6_BREAKOUT_VOLUME=0,MODERN_NOVOL,DISCOVERY,89,44.53047945205479,0.3258426966292135,1.466125188824123,3.0333624596361166,0.024563590765800267,-0.03941277645727142,0.23711135098998634,-0.07816782667588967,0.8218654336176597,-0.45511677013800145,0.17475692279332886,-0.05983845341458225,2.920478602321993,0.14606741573033707,0.14606741573033707,0.08316086479776826,4.018672782151555,29.0,0.20224719101123595,0.10112359550561797,0.07865168539325842,0.033707865168539325,9.0,3.0,0.9425309571589664,1.6552723915435836,-1.810393156047236,0.06316554689847512,2.1861595781562237,TRADE_STATS,,,,
USER_SPEC 7-condition (PART 38; registered §A2),C6_BREAKOUT_VOLUME=0,MODERN_NOVOL,STRICT_OOS,109,65.26598360655737,0.3211009174311927,2.0987313605736992,4.4373177337843925,0.0676976620932589,-0.04920042060358314,0.4027146752084767,-0.09075633059637114,0.362253552407819,-0.48589916158341384,0.29892550015809194,-0.08033413411828937,3.721027225088827,0.1651376146788991,0.1651376146788991,0.12681638456052194,3.9216547044121985,29.0,0.2018348623853211,0.1651376146788991,0.13761467889908258,0.12844036697247707,18.0,14.0,0.30692680727282873,0.8763853375582613,0.9121581776050887,0.20463242285538602,7.37904516816522,TRADE_STATS,,,,
USER_SPEC 7-condition (PART 38; registered §A2),C6_BREAKOUT_VOLUME=0,MODERN_NOVOL,EXTENDED,140,52.39241803278689,0.30714285714285716,1.703919608194402,3.843725627787372,0.04464348362640122,-0.049550812311699825,0.35183877018700266,-0.09153587020974166,0.28354155387613356,-0.4903548682003662,0.2616191855511734,-0.0795694852203143,3.287933619613029,0.15714285714285714,0.15714285714285714,0.12252561364425163,3.9565445861000863,27.5,0.18571428571428572,0.14285714285714285,0.12142857142857143,0.1,20.0,14.0,0.36236719868716477,1.2750273369194505,-0.21679928286396066,0.1363754682019675,6.250087707696171,TRADE_STATS,,,,
USER_SPEC 7-condition (PART 38; registered §A2),C6_BREAKOUT_VOLUME=0,MODERN_NOVOL,FULL_2023_2026,198,53.92953020134228,0.32323232323232326,1.8386088747097071,3.849587331423449,0.04830911488041134,-0.04580579589254446,0.3276756689219733,-0.08511968704988691,0.568846771739515,-0.47750234108555284,0.24311235174665805,-0.07112142915551195,3.4182714637957567,0.15656565656565657,0.15656565656565657,0.10200094973912095,3.953251310913913,29.0,0.20202020202020202,0.13636363636363635,0.1111111111111111,0.08585858585858586,27.0,17.0,0.4521962643352931,1.1833838836314075,2.0017410322682547,0.13535028649103503,9.565204746321445,TRADE_STATS,,,,
USER_SPEC 7-condition (PART 38; registered §A2),C6_BREAKOUT_VOLUME=0,MODERN_NOVOL,Y2020,49,49.0,0.30612244897959184,1.1642841170555676,2.639043998659286,0.007263816779035273,-0.03009768307921151,0.16816402631157387,-0.06372156977943766,0.20276955974361344,-0.4019290025315272,0.14842676780294395,-0.06420831901290215,2.311643881739355,0.2653061224489796,0.2653061224489796,0.08962080242866297,4.169486740219046,32.0,0.14285714285714285,0.061224489795918366,0.04081632653061224,0.04081632653061224,3.0,2.0,2.0622137275311054,3.9776823988664187,-1.6871973873466242,0.01781416527391033,0.35592702217272837,TRADE_STATS,,,,
USER_SPEC 7-condition (PART 38; registered §A2),C6_BREAKOUT_VOLUME=0,MODERN_NOVOL,Y2021,25,25.0,0.28,1.3940750127863406,3.5847643185934466,0.024873546114166808,-0.04633985594587935,0.31425841701677965,-0.08766501479240486,0.4379440291426942,-0.33119592742005893,0.21847106761776935,-0.07775454343118757,2.8097530765017646,0.08,0.08,0.10820720609590384,4.5341105402523105,32.0,0.2,0.12,0.08,0.04,3.0,1.0,1.9951418802855425,1.9951418802855425,-1.5560900593794618,0.06531918622417754,0.6218386528541702,TRADE_STATS,,,,
USER_SPEC 7-condition (PART 38; registered §A2),C6_BREAKOUT_VOLUME=0,MODERN_NOVOL,Y2022,20,20.0,0.2,0.4728383109513704,1.8913532438054816,-0.026552619826248902,-0.03626175419936239,0.1190820214253015,-0.06296128013913652,-0.3695115323935612,-0.47204162853735765,0.12352057941020274,-0.06042525102636089,2.0441881053388777,0.25,0.25,0.10599237111426357,4.13974310895133,34.0,0.15,0.0,0.0,0.0,0.0,0.0,,,-1.0002015646708842,-0.08537819879822797,-0.531052396524978,TRADE_STATS,,,,
USER_SPEC 7-condition (PART 38; registered §A2),C6_BREAKOUT_VOLUME=0,MODERN_NOVOL,Y2023,58,58.0,0.3620689655172414,2.3118480779747554,4.073256137384093,0.05715719032112542,-0.03557383048242812,0.27819884252215127,-0.0682988825497271,1.2575145389959532,-0.4259346321749637,0.19844068394265546,-0.050729569688747575,3.911735998554547,0.15517241379310345,0.15517241379310345,0.06854847355683037,3.9517439618552856,33.0,0.2413793103448276,0.1206896551724138,0.08620689655172414,0.05172413793103448,7.0,3.0,0.6215536452240291,0.9755662451883681,-0.6745474266899512,0.13345881798008352,3.3151170386252744,TRADE_STATS,,,,
USER_SPEC 7-condition (PART 38; registered §A2),C6_BREAKOUT_VOLUME=0,MODERN_NOVOL,Y2024,31,31.0,0.25806451612903225,0.4780620678571324,1.3744284450892557,-0.03641798259577581,-0.056816374481048974,0.1292566857180535,-0.0940439541831947,0.006780010651820637,-0.5398919336477473,0.130445369675234,-0.07688088103066004,1.6967205360616573,0.12903225806451613,0.12903225806451613,0.09980857590883482,4.036666589950659,25.0,0.12903225806451613,0.06451612903225806,0.06451612903225806,0.0,2.0,0.0,,,-2.1177564435486036,-0.11555347599478508,-1.1289574604690502,TRADE_STATS,,,,
USER_SPEC 7-condition (PART 38; registered §A2),C6_BREAKOUT_VOLUME=0,MODERN_NOVOL,Y2025,46,46.0,0.2608695652173913,2.6545811510173474,7.521313261215818,0.0842636818136613,-0.047200299680376916,0.5182328641871727,-0.06890191196522515,0.4856190108440674,-0.46374879521394763,0.2825124615665608,-0.06426465011413389,4.39607873169494,0.15217391304347827,0.15217391304347827,0.10708727658655907,4.250554827745075,29.5,0.17391304347826086,0.15217391304347827,0.13043478260869565,0.13043478260869565,7.0,6.0,0.584301131834185,0.8632310121349034,-1.2858924685374011,0.24075337661046087,3.8761293634284195,TRADE_STATS,,,,
USER_SPEC 7-condition (PART 38; registered §A2),C6_BREAKOUT_VOLUME=0,MODERN_NOVOL,Y2026,63,94.02985074626865,0.36507936507936506,1.8009770734931756,3.132134040857697,0.05560183817042544,-0.053138445189705834,0.34244431574133083,-0.1093325864328452,0.272177185930558,-0.5108698292131404,0.3109096235741306,-0.09206740815306955,3.3769781273435884,0.1746031746031746,0.1746031746031746,0.13580465312690848,3.7034830738251805,28.0,0.2222222222222222,0.1746031746031746,0.14285714285714285,0.12698412698412698,11.0,8.0,0.32593382645462465,0.8909411732882041,-0.9998433273543599,0.17549678380444902,3.5029158047368028,TRADE_STATS,,,,
USER_SPEC 7-condition (PART 38; registered §A2),C7_TIGHT_STOP=1,MODERN_NOVOL,PRE_2020_2022,14,4.66986301369863,0.2857142857142857,3.687771353126714,9.219428382816785,0.07379842321648242,-0.023091339480012293,0.3543943526091751,-0.03843994854059467,1.1335060755748922,-1.1498580836009924,0.2259339472857937,-0.02347502151168505,9.624440479142121,0.5714285714285714,0.5714285714285714,0.04572119906101939,1.7243896657520645,8.0,0.2857142857142857,0.2857142857142857,0.07142857142857142,0.07142857142857142,4.0,1.0,0.6598738162482876,0.6598738162482876,-0.37739948540594676,0.2894055812411075,1.0331779250307538,TRADE_STATS,,,,
USER_SPEC 7-condition (PART 38; registered §A2),C7_TIGHT_STOP=1,MODERN_NOVOL,DISCOVERY,15,7.50513698630137,0.26666666666666666,1.5571448963565249,4.282148464980444,0.022972529853183644,-0.048787764219267164,0.24076921810115665,-0.05622626587335202,0.3187700981653064,-1.098823123877469,0.1619736727179438,-0.03314848096036408,4.886307547896903,0.6,0.6,0.05781852198849846,1.8255668940511434,8.0,0.2,0.13333333333333333,0.06666666666666667,0.06666666666666667,2.0,1.0,1.5755005136651852,1.5755005136651852,-0.6114889246068722,0.11187920383043982,0.34458794779775465,TRADE_STATS,,,,
USER_SPEC 7-condition (PART 38; registered §A2),C7_TIGHT_STOP=1,MODERN_NOVOL,STRICT_OOS,21,12.574180327868852,0.19047619047619047,1.1074923558613123,4.706842512410577,0.0050407176649445344,-0.04043579664121937,0.27265585767061545,-0.05792755057168391,-0.2409688584645176,-1.0801422551257533,0.17662854597081593,-0.045075312735882694,3.9185206990302,0.6666666666666666,0.6666666666666666,0.05805548962711441,1.8934782916718447,8.0,0.14285714285714285,0.047619047619047616,0.047619047619047616,0.047619047619047616,1.0,1.0,7.127817407800717,7.127817407800717,-0.9777683597186266,0.03217479360602894,0.10585507096383523,TRADE_STATS,,,,
USER_SPEC 7-condition (PART 38; registered §A2),C7_TIGHT_STOP=1,MODERN_NOVOL,EXTENDED,28,10.478483606557377,0.17857142857142858,0.9377670349773655,4.3137283608958805,-0.0028746516915105136,-0.04014198310176075,0.2425759421428179,-0.056233476438103634,-0.29095915742299,-1.0816716398188704,0.16222521424509154,-0.04026310512241745,4.029128249096932,0.6428571428571429,0.6428571428571429,0.05793700580780643,1.8888845537113275,7.0,0.14285714285714285,0.03571428571428571,0.03571428571428571,0.03571428571428571,1.0,1.0,,,-1.2933699580763838,-0.019256040038826406,-0.08049024736229438,TRADE_STATS,,,,
USER_SPEC 7-condition (PART 38; registered §A2),C7_TIGHT_STOP=1,MODERN_NOVOL,FULL_2023_2026,36,9.805369127516778,0.2222222222222222,1.2809549179444983,4.483342212805744,0.012512306076710823,-0.04379415234609645,0.25671253788588605,-0.05725918872591067,-0.007744293202090891,-1.0910120741947282,0.1705223487821192,-0.04010579949608327,4.2518127284502185,0.6388888888888888,0.6388888888888888,0.05793700580780643,1.8888845537113275,8.0,0.16666666666666666,0.08333333333333333,0.05555555555555555,0.05555555555555555,3.0,2.0,1.6750523064924108,2.880306836245795,-1.412444920770436,0.07071318975849131,0.4504430187615896,TRADE_STATS,,,,
USER_SPEC 7-condition (PART 38; registered §A2),C7_TIGHT_STOP=1,MODERN_NOVOL,Y2020,8,8.0,0.375,8.198950716979729,13.664917861632881,0.13082837380243323,-0.006999999999999946,0.39733767928474895,-0.029077209486956208,2.3393242708171558,-0.1897528061468182,0.3256838983408409,-0.029297689615218447,11.116367966833366,0.375,0.375,0.04572119906101939,1.8613116084419947,23.0,0.375,0.375,0.125,0.125,3.0,1.0,0.6513944953591277,0.6513944953591277,-0.13138604743478116,0.39644961758313096,1.0466269904194658,TRADE_STATS,,,,
USER_SPEC 7-condition (PART 38; registered §A2),C7_TIGHT_STOP=1,MODERN_NOVOL,Y2021,1,1.0,0.0,0.0,,-0.06435421103589462,-0.06435421103589462,,-0.06435421103589462,-1.119243458307361,-1.119243458307361,0.04306165502444803,-0.013489897303983978,3.192141055938996,1.0,1.0,0.057497955925708874,1.3414520776610794,5.0,0.0,0.0,0.0,0.0,0.0,0.0,,,0.0,-1.6088552758973653,-0.06435421103589462,TRADE_STATS,,,,
USER_SPEC 7-condition (PART 38; registered §A2),C7_TIGHT_STOP=1,MODERN_NOVOL,Y2022,5,5.0,0.2,1.291454087713603,5.165816350854412,0.010181029129436515,-0.029425383162714088,0.2255643725824536,-0.04366480673381776,-0.345253130036279,-1.3088659173328918,0.10290848404998738,-0.016155777387571835,6.369763681514444,0.8,0.8,0.03825707146321619,1.5276225368807212,7.0,0.2,0.2,0.0,0.0,1.0,0.0,4.431072138479144,4.431072138479144,0.0,0.057196792862002896,0.05090514564718258,TRADE_STATS,,,,
USER_SPEC 7-condition (PART 38; registered §A2),C7_TIGHT_STOP=1,MODERN_NOVOL,Y2023,8,8.0,0.375,2.7133106814993546,4.522184469165592,0.06636665826548549,-0.050950208473324037,0.28027353079099965,-0.061977465249822984,0.9835077315710555,-1.099142219772987,0.19956231966171611,-0.039555229803913655,5.04515637125615,0.625,0.625,0.05918482015786257,1.894334165934942,15.0,0.25,0.25,0.125,0.125,2.0,1.0,1.022536208216267,1.022536208216267,-0.20798690930246683,0.24243528133510683,0.5309332661238839,TRADE_STATS,,,,
USER_SPEC 7-condition (PART 38; registered §A2),C7_TIGHT_STOP=1,MODERN_NOVOL,Y2024,7,7.0,0.14285714285714285,0.39616217376132257,2.3769730425679354,-0.02662075976087566,-0.03984816956230213,0.12225628003162775,-0.05143359972629289,-0.44093005429840665,-1.0832010245119874,0.11901521906791827,-0.025826482282021716,4.60826285857625,0.5714285714285714,0.5714285714285714,0.05781852198849846,1.6614335406421539,3.0,0.14285714285714285,0.0,0.0,0.0,0.0,0.0,,,-0.17173732562691202,-0.20937676216419057,-0.1863453183261296,TRADE_STATS,,,,
USER_SPEC 7-condition (PART 38; registered §A2),C7_TIGHT_STOP=1,MODERN_NOVOL,Y2025,14,14.0,0.14285714285714285,0.2763001770643487,1.657801062386092,-0.03273370382775852,-0.04298013788812776,0.08748143240971978,-0.05276955986733822,-0.7049228111120625,-1.09512242856254,0.09317057161440381,-0.04022353921270999,2.3163195839555413,0.6428571428571429,0.6428571428571429,0.050347545690772835,1.8847041818208332,7.0,0.07142857142857142,0.0,0.0,0.0,0.0,0.0,,,-0.5907380894906618,-0.2664371241794298,-0.4582718535886192,TRADE_STATS,,,,
USER_SPEC 7-condition (PART 38; registered §A2),C7_TIGHT_STOP=1,MODERN_NOVOL,Y2026,7,10.44776119402985,0.2857142857142857,2.604759426293622,6.511898565734055,0.08058956065035061,-0.04043579664121937,0.45783028293151107,-0.07030672826211354,0.6869390468305717,-1.076745993020342,0.3435444946836402,-0.05477885978222811,6.271479473092214,0.7142857142857143,0.7142857142857143,0.07607421306895103,1.8934782916718447,12.0,0.2857142857142857,0.14285714285714285,0.14285714285714285,0.14285714285714285,1.0,1.0,1.3374926540132686,1.3374926540132686,-0.2168623043546154,0.35931651245379254,0.5641269245524543,TRADE_STATS,,,,
USER_SPEC 7-condition (PART 38; registered §A2),C7_TIGHT_STOP=0,MODERN_NOVOL,PRE_2020_2022,239,79.72123287671234,0.28870292887029286,1.471566073598751,3.6255975726346037,0.02840878184135763,-0.0505795011925823,0.307070881775847,-0.08469524695558217,0.34326315549354486,-0.44998502216722686,0.22015886421962552,-0.07341989946251319,2.998626609833952,0.2217573221757322,0.2217573221757322,0.11654931318158067,4.511965212325375,32.0,0.15481171548117154,0.08368200836820083,0.05439330543933055,0.03347280334728033,20.0,8.0,1.21710885354693,2.257035806853232,-4.693866119778354,0.07867553719680734,6.789698860084473,TRADE_STATS,,,,
USER_SPEC 7-condition (PART 38; registered §A2),C7_TIGHT_STOP=0,MODERN_NOVOL,DISCOVERY,256,128.08767123287672,0.328125,1.141052823952162,2.3364414966639506,0.008344295824796179,-0.04804896614104769,0.205718967740133,-0.08804798580827529,0.2694144642881062,-0.502824647554373,0.18272860960023293,-0.0706497701728108,2.5864006231481715,0.1875,0.1875,0.11237870735407707,4.34590079622926,30.0,0.171875,0.09765625,0.06640625,0.03515625,25.0,9.0,2.0724906096686118,4.384225329593396,-3.8201407932098164,0.02267664258118707,2.136139731147822,TRADE_STATS,,,,
USER_SPEC 7-condition (PART 38; registered §A2),C7_TIGHT_STOP=0,MODERN_NOVOL,STRICT_OOS,281,168.2545081967213,0.30604982206405695,2.219056981597571,5.031582690831701,0.08069922699179606,-0.05329310975336903,0.47997839772369943,-0.09539312522842804,0.4458668918722643,-0.4498837891556082,0.34167163275629525,-0.08919259313276355,3.8307175602318857,0.12455516014234876,0.12455516014234876,0.15289682549043856,4.387468586717615,30.0,0.21352313167259787,0.1601423487544484,0.1423487544483986,0.12455516014234876,45.0,35.0,0.4786119334177584,1.0366466246806034,7.993639717784035,0.22820250361975133,22.67648278469469,TRADE_STATS,,,,
USER_SPEC 7-condition (PART 38; registered §A2),C7_TIGHT_STOP=0,MODERN_NOVOL,EXTENDED,382,142.9564549180328,0.3010471204188482,1.8866408387485774,4.380287860398871,0.058684711192502,-0.05450035707260286,0.4147935496548435,-0.09469550013022938,0.3498144795778638,-0.4559684787738417,0.3028807474272111,-0.08523521419816382,3.553469657775975,0.14659685863874344,0.14659685863874344,0.14300890083556014,4.356699868675291,30.0,0.20157068062827224,0.14921465968586387,0.12827225130890052,0.10471204188481675,57.0,40.0,0.5851690475123347,1.2254694637530634,7.73471660862511,0.16924022101416097,22.417559675535763,TRADE_STATS,,,,
USER_SPEC 7-condition (PART 38; registered §A2),C7_TIGHT_STOP=0,MODERN_NOVOL,FULL_2023_2026,537,146.26342281879195,0.3165735567970205,1.7352778551761765,3.7461586638215105,0.04620600096060058,-0.051649076461389325,0.3444619734965255,-0.09195071656285238,0.36174804371296365,-0.4668424657534217,0.26589991222007187,-0.08035281160995553,3.309155048746639,0.15456238361266295,0.15456238361266295,0.12856491011729482,4.382121404172808,30.0,0.19366852886405958,0.1303538175046555,0.10614525139664804,0.08193668528864059,70.0,44.0,0.611728369820429,1.3951686573128383,9.634037393256492,0.1281842357588599,24.812622515842513,TRADE_STATS,,,,
USER_SPEC 7-condition (PART 38; registered §A2),C7_TIGHT_STOP=0,MODERN_NOVOL,Y2020,110,110.0,0.33636363636363636,2.3624535655282424,4.661057034690857,0.06959712727766243,-0.035971366746532334,0.35877638221742914,-0.0769731800205755,0.8779128332841293,-0.38025954958864006,0.2607885886291034,-0.0682931925512686,3.81866155156425,0.23636363636363636,0.23636363636363636,0.11452164921970678,4.392594933617756,34.0,0.16363636363636364,0.1,0.06363636363636363,0.03636363636363636,11.0,4.0,0.9173767172128054,1.3256751711206756,-2.104845704514888,0.17423040511021545,7.655684000542867,TRADE_STATS,,,,
USER_SPEC 7-condition (PART 38; registered §A2),C7_TIGHT_STOP=0,MODERN_NOVOL,Y2021,76,76.0,0.25,0.9566016653419559,2.869804996025868,-0.003225087124243435,-0.05829137994766636,0.28435411065731536,-0.09908481971809636,-0.06918351105455021,-0.6503857738589633,0.21742330654689462,-0.08224489333754773,2.643608590439172,0.21052631578947367,0.21052631578947367,0.12537211918766203,4.632077887576703,23.5,0.14473684210526316,0.09210526315789473,0.06578947368421052,0.039473684210526314,7.0,3.0,,,-4.179818179434957,-0.010070115917933485,-0.24510662144250106,TRADE_STATS,,,,
USER_SPEC 7-condition (PART 38; registered §A2),C7_TIGHT_STOP=0,MODERN_NOVOL,Y2022,53,53.0,0.24528301886792453,0.8017195664396541,2.466829435198936,-0.011714689038035679,-0.04755529137347563,0.19311050753842876,-0.07828287792538663,-0.17495416336134262,-0.45397581475191906,0.13975570757971947,-0.07140552636315992,1.9572113630104588,0.20754716981132076,0.20754716981132076,0.11400549666781876,4.365233270279478,31.0,0.1509433962264151,0.03773584905660377,0.018867924528301886,0.018867924528301886,2.0,1.0,,,-2.6128601955480955,-0.034454967758928465,-0.620878519015891,TRADE_STATS,,,,
USER_SPEC 7-condition (PART 38; registered §A2),C7_TIGHT_STOP=0,MODERN_NOVOL,Y2023,155,155.0,0.3548387096774194,1.2830302701750593,2.332782309409199,0.015452018324559665,-0.04181645665061889,0.19740504152913307,-0.08462214443795568,0.39115850500075816,-0.5054790423408326,0.17476004738699324,-0.06832005168288739,2.5579612878244737,0.17419354838709677,0.17419354838709677,0.10438397371252517,4.388535574131612,32.0,0.17419354838709677,0.08387096774193549,0.05161290322580645,0.025806451612903226,13.0,4.0,1.4375382568602142,2.619307804358507,-2.803505999451543,0.039192649980473705,2.395062840306748,TRADE_STATS,,,,
USER_SPEC 7-condition (PART 38; registered §A2),C7_TIGHT_STOP=0,MODERN_NOVOL,Y2024,101,101.0,0.2871287128712871,0.9612508839451621,2.3865539187604026,-0.0025635951401873913,-0.062235178857331035,0.22148675882996047,-0.09280609882260807,0.08257955032314537,-0.473743106560953,0.19495759121461062,-0.07422508072665365,2.626572976492606,0.2079207920792079,0.2079207920792079,0.1276863386877695,4.304271622004963,28.0,0.16831683168316833,0.1188118811881188,0.0891089108910891,0.04950495049504951,12.0,5.0,,,-3.2789750147260386,-0.007824814420034043,-0.2589231091589265,TRADE_STATS,,,,
USER_SPEC 7-condition (PART 38; registered §A2),C7_TIGHT_STOP=0,MODERN_NOVOL,Y2025,139,139.0,0.2589928057553957,2.3603035890887467,6.7530908243372485,0.0906380510707172,-0.05444290720910155,0.6072323229147961,-0.08991917015633952,0.5269928811207769,-0.45682018740968205,0.32834741416908486,-0.08218698637539566,3.9951265845097623,0.1079136690647482,0.1079136690647482,0.14693156452413839,4.514181373081575,32.0,0.20863309352517986,0.15827338129496402,0.1366906474820144,0.12949640287769784,22.0,18.0,0.44103788934037097,1.1027317840107314,0.22073927432198026,0.2410770971838823,12.59868909882969,TRADE_STATS,,,,
USER_SPEC 7-condition (PART 38; registered §A2),C7_TIGHT_STOP=0,MODERN_NOVOL,Y2026,142,211.94029850746267,0.352112676056338,2.078994645156511,3.8253501470879803,0.07097037806947183,-0.05239376082554758,0.38835557158611,-0.10152157492870106,0.3664548319740724,-0.42067948401479816,0.3547143537677196,-0.09605019411356733,3.693010274901832,0.14084507042253522,0.14084507042253522,0.15845433983657967,4.218511650154978,27.5,0.21830985915492956,0.1619718309859155,0.14788732394366197,0.11971830985915492,23.0,17.0,0.2580542666996607,0.9540306868672815,2.4127405408755447,0.21392047730556146,10.077793685865,TRADE_STATS,,,,
USER_SPEC 7-condition (PART 38; registered §A2),HIGH_RR_STAGE2_SETUP(C1+all 6 conditions),TEXTBOOK_NOVOL,PRE_2020_2022,1,,,,,,,,,,,,,0.517306816807276,,,,,,,,,,,,,,,,,FAILURE_MAE,-0.04825092891247651,,,
USER_SPEC 7-condition (PART 38; registered §A2),n_conditions>=4,TEXTBOOK_NOVOL,PRE_2020_2022,16,,,,,,,,,,,,,18.21189397877239,,,,,,,,,,,,,,,,,FAILURE_MAE,-0.06462415054139378,0.04847576211894053,,
USER_SPEC 7-condition (PART 38; registered §A2),ALL_STAGE1_BREAKOUTS,TEXTBOOK_NOVOL,PRE_2020_2022,237,,,,,,,,,,,,,6.641702597600383,,,,,,,,,,,,,,,,,FAILURE_MAE,-0.10332520140696073,,,
USER_SPEC 7-condition (PART 38; registered §A2),HIGH_RR_STAGE2_SETUP(C1+all 6 conditions),TEXTBOOK_NOVOL,DISCOVERY,0,,,,,,,,,,,,,,,,,,,,,,,,,,,,,,FAILURE_MAE,,,,
USER_SPEC 7-condition (PART 38; registered §A2),n_conditions>=4,TEXTBOOK_NOVOL,DISCOVERY,2,,,,,,,,,,,,,1.2923782959300079,,,,,,,,,,,,,,,,,FAILURE_MAE,-0.1394622703901962,,,
USER_SPEC 7-condition (PART 38; registered §A2),ALL_STAGE1_BREAKOUTS,TEXTBOOK_NOVOL,DISCOVERY,264,,,,,,,,,,,,,4.595839863528097,,,,,,,,,,,,,,,,,FAILURE_MAE,-0.10299559052136406,,,
USER_SPEC 7-condition (PART 38; registered §A2),HIGH_RR_STAGE2_SETUP(C1+all 6 conditions),TEXTBOOK_NOVOL,STRICT_OOS,0,,,,,,,,,,,,,,,,,,,,,,,,,,,,,,FAILURE_MAE,,,,
USER_SPEC 7-condition (PART 38; registered §A2),n_conditions>=4,TEXTBOOK_NOVOL,STRICT_OOS,15,,,,,,,,,,,,,14.775112809006473,,,,,,,,,,,,,,,,,FAILURE_MAE,-0.07161759249765187,0.08195902048975512,,
USER_SPEC 7-condition (PART 38; registered §A2),ALL_STAGE1_BREAKOUTS,TEXTBOOK_NOVOL,STRICT_OOS,286,,,,,,,,,,,,,6.765414576781018,,,,,,,,,,,,,,,,,FAILURE_MAE,-0.1258999561806987,,,
USER_SPEC 7-condition (PART 38; registered §A2),HIGH_RR_STAGE2_SETUP(C1+all 6 conditions),MODERN_NOVOL,PRE_2020_2022,1,,,,,,,,,,,,,0.517306816807276,,,,,,,,,,,,,,,,,FAILURE_MAE,-0.04825092891247651,,,
USER_SPEC 7-condition (PART 38; registered §A2),n_conditions>=4,MODERN_NOVOL,PRE_2020_2022,18,,,,,,,,,,,,,4.380249496002916,,,,,,,,,,,,,,,,,FAILURE_MAE,-0.05981179141998443,0.2563718140929535,,
USER_SPEC 7-condition (PART 38; registered §A2),ALL_STAGE1_BREAKOUTS,MODERN_NOVOL,PRE_2020_2022,253,,,,,,,,,,,,,3.1204421703334524,,,,,,,,,,,,,,,,,FAILURE_MAE,-0.08177494015841728,,,
USER_SPEC 7-condition (PART 38; registered §A2),HIGH_RR_STAGE2_SETUP(C1+all 6 conditions),MODERN_NOVOL,DISCOVERY,0,,,,,,,,,,,,,,,,,,,,,,,,,,,,,,FAILURE_MAE,,,,
USER_SPEC 7-condition (PART 38; registered §A2),n_conditions>=4,MODERN_NOVOL,DISCOVERY,3,,,,,,,,,,,,,1.0340294691517238,,,,,,,,,,,,,,,,,FAILURE_MAE,-0.08616623947494051,,,
USER_SPEC 7-condition (PART 38; registered §A2),ALL_STAGE1_BREAKOUTS,MODERN_NOVOL,DISCOVERY,271,,,,,,,,,,,,,2.6479375836653323,,,,,,,,,,,,,,,,,FAILURE_MAE,-0.08590171552035979,,,
USER_SPEC 7-condition (PART 38; registered §A2),HIGH_RR_STAGE2_SETUP(C1+all 6 conditions),MODERN_NOVOL,STRICT_OOS,0,,,,,,,,,,,,,,,,,,,,,,,,,,,,,,FAILURE_MAE,,,,
USER_SPEC 7-condition (PART 38; registered §A2),n_conditions>=4,MODERN_NOVOL,STRICT_OOS,17,,,,,,,,,,,,,2.665973424318707,,,,,,,,,,,,,,,,,FAILURE_MAE,-0.07050200953751536,0.7326336831584208,,
USER_SPEC 7-condition (PART 38; registered §A2),ALL_STAGE1_BREAKOUTS,MODERN_NOVOL,STRICT_OOS,302,,,,,,,,,,,,,3.83391301546556,,,,,,,,,,,,,,,,,FAILURE_MAE,-0.09811163355336244,,,
USER_SPEC 7-condition (PART 38; registered §A2),RANDOM_SAME_DAY_CONTROL,TEXTBOOK_NOVOL,PRE_2020_2022,506,168.78219178082193,0.22529644268774704,1.9668237851375705,6.763113366437962,0.052111073781720474,-0.0355631715201258,0.4705370368508293,-0.06957402772307136,0.27447396712936445,-1.0304253367433573,0.34091995449561824,-0.052392339062281086,6.507057340775559,0.6086956521739131,0.49604743083003955,0.06474199723175914,1.9566700721687225,11.0,0.12648221343873517,0.1007905138339921,0.08498023715415019,0.07312252964426877,51.0,37.0,0.6956489360841263,1.5231031510585877,8.025190738116194,0.09333216527520373,26.36820333355056,TRADE_STATS,,,,
USER_SPEC 7-condition (PART 38; registered §A2),RANDOM_SAME_DAY_CONTROL,TEXTBOOK_NOVOL,DISCOVERY,508,254.17397260273972,0.2283464566929134,2.567512062525001,8.676420073360347,0.08340927259575646,-0.03903762411490568,0.5983036577463587,-0.06895743321411567,0.8138998481088857,-1.0583867703707655,0.38799710515439656,-0.05132372940920851,7.559799523936817,0.6515748031496063,0.5669291338582677,0.058369924048628424,2.1788507433658078,21.5,0.1515748031496063,0.1220472440944882,0.09448818897637795,0.07874015748031496,62.0,40.0,0.6400187301737045,1.2101938543814228,15.25309413906847,0.11870046217036481,42.37191047864428,TRADE_STATS,,,,
USER_SPEC 7-condition (PART 38; registered §A2),RANDOM_SAME_DAY_CONTROL,TEXTBOOK_NOVOL,STRICT_OOS,553,331.1200819672131,0.25316455696202533,1.9127941848191525,5.6427428452165,0.05210960824604419,-0.03546341411571801,0.4313306123895203,-0.07643988468394772,0.295804768730233,-1.020900362251577,0.27342851661199463,-0.056416904710200805,4.846570686862863,0.5551537070524413,0.4810126582278481,0.06807717629585505,1.9086170851953415,7.0,0.12839059674502712,0.09041591320072333,0.07414104882459313,0.07233273056057866,50.0,40.0,0.7010548054713062,1.6139222044795607,10.990634102959916,0.15693186309087778,28.816613360062433,TRADE_STATS,,,,
USER_SPEC 7-condition (PART 38; registered §A2),RANDOM_SAME_DAY_CONTROL,TEXTBOOK_NOVOL,EXTENDED,750,280.6736680327869,0.21866666666666668,1.622259763814993,5.7966111072901585,0.03702564691976092,-0.039008410303059175,0.4414370161630882,-0.0761543267251293,0.1268670911317859,-1.039265008058741,0.267108843056169,-0.05655950643458948,4.722616230130611,0.608,0.5253333333333333,0.06725328143708247,1.8807882220552647,10.0,0.11333333333333333,0.08133333333333333,0.06533333333333333,0.06133333333333333,61.0,46.0,0.996255009289598,2.1198516278213977,7.4656548932973905,0.10298060555087313,27.76923518982069,TRADE_STATS,,,,
USER_SPEC 7-condition (PART 38; registered §A2),RANDOM_SAME_DAY_CONTROL,TEXTBOOK_NOVOL,FULL_2023_2026,1061,288.9860178970917,0.2412818096135721,2.214800781723108,6.964510270652743,0.0670956869356331,-0.037674853884642805,0.5069902735668378,-0.07279625614211645,0.5438653722404644,-1.0385296975897915,0.32828322253050557,-0.053978325018491015,6.081760084590392,0.6013195098963242,0.5221489161168709,0.06324077512121883,2.017019685931435,13.0,0.13949104618284638,0.1055607917059378,0.08388312912346843,0.07540056550424128,112.0,80.0,0.6647257038265325,1.3736202486923026,40.009749201369246,0.13168671976674876,71.18852383870671,TRADE_STATS,,,,
USER_SPEC 7-condition (PART 38; registered §A2),RANDOM_SAME_DAY_CONTROL,TEXTBOOK_NOVOL,Y2020,230,230.0,0.2608695652173913,2.7103000831837383,7.679183569020591,0.08635860886998913,-0.03194094471922337,0.5245987905301827,-0.06831439642184389,0.6710836408652789,-1.0312271806357072,0.374512725153632,-0.05181082807631223,7.228464378180016,0.5956521739130435,0.5,0.06675296811164377,2.017266160233568,14.0,0.16956521739130434,0.14347826086956522,0.12173913043478261,0.11304347826086956,33.0,26.0,0.261619919697539,0.9804824710993816,9.344185175857941,0.11809197681320788,19.8624800400975,TRADE_STATS,,,,
USER_SPEC 7-condition (PART 38; registered §A2),RANDOM_SAME_DAY_CONTROL,TEXTBOOK_NOVOL,Y2021,162,162.0,0.1728395061728395,0.8280443456277646,3.962783654075731,-0.011682911875976617,-0.047716864795819484,0.32549567234547755,-0.08213813842971332,-0.26041123981309644,-1.0569458098973046,0.24444080658385636,-0.05791188614285359,4.220909089040622,0.7098765432098766,0.5987654320987654,0.06464168028801118,1.8698449583591974,12.0,0.09876543209876543,0.08024691358024691,0.06790123456790123,0.043209876543209874,13.0,7.0,,,-7.23043125704394,-0.025235089652109494,-1.892631723908212,TRADE_STATS,,,,
USER_SPEC 7-condition (PART 38; registered §A2),RANDOM_SAME_DAY_CONTROL,TEXTBOOK_NOVOL,Y2022,114,114.0,0.22807017543859648,2.8049097466497424,9.493540680968358,0.07366978085404632,-0.02781368105774928,0.5019775362888542,-0.05287569234260148,0.23439658612426184,-0.6446196283033081,0.4102470133584453,-0.045721996077369625,8.972640054127023,0.49122807017543857,0.34210526315789475,0.0634808951863016,2.206493912826443,6.0,0.07894736842105263,0.043859649122807015,0.03508771929824561,0.03508771929824561,5.0,4.0,1.136086622980884,1.4390885033247265,-3.500393557378123,0.21356274678604656,8.39835501736128,TRADE_STATS,,,,
USER_SPEC 7-condition (PART 38; registered §A2),RANDOM_SAME_DAY_CONTROL,TEXTBOOK_NOVOL,Y2023,311,311.0,0.2958199356913183,4.107025726764086,9.776506893057988,0.1396118606073505,-0.03455254007281305,0.623846080243087,-0.06381073394282183,1.549488236650461,-1.0382808354867417,0.47580986113421136,-0.0477536109925301,9.963850926553812,0.5852090032154341,0.5144694533762058,0.05666015250246773,2.4027577033409235,24.0,0.20257234726688103,0.1639871382636656,0.12861736334405144,0.10932475884244373,51.0,34.0,0.4472005984170686,0.8924155199819201,19.636999425512112,0.16025721537965198,43.41928864888601,TRADE_STATS,,,,
USER_SPEC 7-condition (PART 38; registered §A2),RANDOM_SAME_DAY_CONTROL,TEXTBOOK_NOVOL,Y2024,197,197.0,0.1218274111675127,0.9197827085238104,6.630100357275799,-0.005316640458079927,-0.05000239841596459,0.5003910381755673,-0.07547261899685179,-0.3473589784719767,-1.075715644076177,0.24936884571418114,-0.05695980467614752,4.377979298419308,0.7563451776649747,0.649746192893401,0.06296370874057124,1.7932896008163781,16.0,0.07106598984771574,0.05583756345177665,0.04060913705583756,0.030456852791878174,11.0,6.0,,,-10.3248431777522,-0.012174568990372494,-1.0473781702417457,TRADE_STATS,,,,
USER_SPEC 7-condition (PART 38; registered §A2),RANDOM_SAME_DAY_CONTROL,TEXTBOOK_NOVOL,Y2025,291,291.0,0.2920962199312715,3.3573586549100964,8.136657446017413,0.10556491056925137,-0.030177430482822894,0.5147136941799898,-0.06325861664877176,0.8390585583509644,-0.8442358926609634,0.3489887262137818,-0.046998462405653606,7.425534971795178,0.5360824742268041,0.43986254295532645,0.06062820427335693,1.760336863503273,6.0,0.14776632302405499,0.10996563573883161,0.09621993127147767,0.09278350515463918,32.0,27.0,0.39200388027981026,1.0494402209926705,12.893409718549632,0.2733041723812468,30.719388975652148,TRADE_STATS,,,,
USER_SPEC 7-condition (PART 38; registered §A2),RANDOM_SAME_DAY_CONTROL,TEXTBOOK_NOVOL,Y2026,262,391.04477611940297,0.2099236641221374,0.897360296027907,3.3773378414141226,-0.007262502349579055,-0.04185795493026805,0.3024658496224311,-0.08955747509576532,-0.30758016554317485,-1.032150402643612,0.18950477235962807,-0.06687784635380094,2.83359561785377,0.5763358778625954,0.5267175572519084,0.07900780049518641,2.1279874857451517,8.0,0.10687022900763359,0.06870229007633588,0.04961832061068702,0.04961832061068702,18.0,13.0,,,-9.900362139018656,-0.026714996357875918,-1.9027756155897122,TRADE_STATS,,,,
USER_SPEC 7-condition (PART 38; registered §A2),ALL_STAGE1_BREAKOUTS_vs_RANDOM_SAME_DAY,TEXTBOOK_NOVOL,PRE_2020_2022,237,,,,,0.14668066390197804,,,,,,,,,,,,,,,,,,,,,,,,,PLACEBO,,,0.052111073781720474,0.01999000499750125
USER_SPEC 7-condition (PART 38; registered §A2),ALL_STAGE1_BREAKOUTS_vs_RANDOM_SAME_DAY,TEXTBOOK_NOVOL,DISCOVERY,264,,,,,0.05409210262963762,,,,,,,,,,,,,,,,,,,,,,,,,PLACEBO,,,0.08340927259575646,0.7251374312843578
USER_SPEC 7-condition (PART 38; registered §A2),ALL_STAGE1_BREAKOUTS_vs_RANDOM_SAME_DAY,TEXTBOOK_NOVOL,STRICT_OOS,286,,,,,0.27665474474087515,,,,,,,,,,,,,,,,,,,,,,,,,PLACEBO,,,0.05210960824604419,0.0004997501249375312
USER_SPEC 7-condition (PART 38; registered §A2),RANDOM_SAME_DAY_CONTROL,MODERN_NOVOL,PRE_2020_2022,525,175.11986301369865,0.2571428571428571,1.0566229738039696,3.0524663687670235,0.0022652325416653435,-0.022465947844624575,0.16438633067254385,-0.05385360911902334,-0.09169325349693515,-0.4807296357618674,0.11970410570248194,-0.04084980554000064,2.9303470143882615,0.29714285714285715,0.29714285714285715,0.06466345765944083,1.9554187673915138,5.0,0.07809523809523809,0.04,0.03238095238095238,0.024761904761904763,21.0,13.0,7.053659076701684,14.312846250704753,-7.1992964067635175,0.014401151421340581,1.1892470843743053,TRADE_STATS,,,,
USER_SPEC 7-condition (PART 38; registered §A2),RANDOM_SAME_DAY_CONTROL,MODERN_NOVOL,DISCOVERY,547,273.6873287671233,0.27056672760511885,1.389283080493856,3.7454320886287067,0.013452176358841512,-0.024163230883918193,0.17743667132881108,-0.04737415260245045,0.005785756623526643,-0.4678102766798419,0.13528047098872442,-0.039453339863034946,3.428872472098943,0.2961608775137112,0.2961608775137112,0.05881846717699702,2.149803296571604,10.0,0.11517367458866545,0.06946983546617916,0.056672760511883,0.03473491773308958,38.0,19.0,0.8764423969848179,2.3272380799534016,0.9091789104310699,0.06600592454508707,7.358340468286307,TRADE_STATS,,,,
USER_SPEC 7-condition (PART 38; registered §A2),RANDOM_SAME_DAY_CONTROL,MODERN_NOVOL,STRICT_OOS,597,357.46598360655736,0.2613065326633166,1.203772765457364,3.4029730100429334,0.008748012611518878,-0.02534212534858998,0.19776867655344246,-0.05811643993936565,-0.1506923964371179,-0.4717445470421183,0.1385761944680981,-0.04540413615948858,3.052061027685434,0.26800670016750416,0.26800670016750416,0.06897741247129727,1.9105880333367504,5.0,0.09212730318257957,0.05695142378559464,0.038525963149078725,0.03350083752093802,34.0,20.0,2.27492457454853,4.604631587373783,-5.642697755154067,0.0628391713280805,5.222563529076771,TRADE_STATS,,,,
USER_SPEC 7-condition (PART 38; registered §A2),RANDOM_SAME_DAY_CONTROL,MODERN_NOVOL,EXTENDED,811,303.5017930327869,0.25154130702836003,1.095881051303412,3.260783324221427,0.004039346617341229,-0.02564946284413133,0.18354072331225113,-0.05628731045969603,-0.18058205520812692,-0.49610142118083905,0.13246061428562447,-0.04508225218070872,2.9381986896898216,0.279901356350185,0.279901356350185,0.06727158866502796,1.8871298374799497,5.0,0.09247842170160296,0.051787916152897656,0.036991368680641186,0.030826140567200986,42.0,25.0,4.248768038692816,8.754214939915439,-7.589351177567099,0.027265169427080616,3.275910106663736,TRADE_STATS,,,,
USER_SPEC 7-condition (PART 38; registered §A2),RANDOM_SAME_DAY_CONTROL,MODERN_NOVOL,FULL_2023_2026,1144,311.59284116331094,0.26573426573426573,1.2825160913162017,3.543794462847399,0.010997293703988706,-0.02435071859972598,0.18787020032566137,-0.05301385345433092,-0.07587285996493907,-0.47052085381720776,0.13700035465759336,-0.04255878163662132,3.2190854481535767,0.28146853146853146,0.28146853146853146,0.06324079398477225,2.0185768049305635,6.0,0.10314685314685315,0.06293706293706294,0.0472027972027972,0.03409090909090909,72.0,39.0,1.4569779465875279,3.305301631592468,1.4499840552250376,0.06465339430270353,12.58090399736308,TRADE_STATS,,,,
USER_SPEC 7-condition (PART 38; registered §A2),RANDOM_SAME_DAY_CONTROL,MODERN_NOVOL,Y2020,237,237.0,0.2489451476793249,1.0935144424913374,3.299077470567086,0.00361976984283248,-0.022465947844624575,0.17002904915175635,-0.05153836206293442,-0.15256064650620468,-0.4681227268347617,0.12007924023189939,-0.042910352885670716,2.7983745682967363,0.29535864978902954,0.29535864978902954,0.06644280109360133,2.01958847284015,6.0,0.08438818565400844,0.05063291139240506,0.046413502109704644,0.03375527426160337,12.0,8.0,2.515018085514855,8.406089727166155,-3.3891355111385977,0.019817173775728756,0.8578854527512978,TRADE_STATS,,,,
USER_SPEC 7-condition (PART 38; registered §A2),RANDOM_SAME_DAY_CONTROL,MODERN_NOVOL,Y2021,172,172.0,0.27325581395348836,1.4279908118114133,3.797847903753759,0.01849791882178593,-0.02334646152644287,0.22586265328253194,-0.059471221335454565,0.15083638782818148,-0.5841253748753339,0.1649291336639524,-0.040556819400347034,4.066619032323357,0.36046511627906974,0.36046511627906974,0.06420714806855647,1.8698449583591974,5.5,0.08139534883720931,0.05232558139534884,0.03488372093023256,0.029069767441860465,9.0,5.0,1.411987482890676,2.786605338605916,-4.559298459122277,0.10997725673512546,3.1816420373471797,TRADE_STATS,,,,
USER_SPEC 7-condition (PART 38; registered §A2),RANDOM_SAME_DAY_CONTROL,MODERN_NOVOL,Y2022,116,116.0,0.25,0.35149806995180144,1.0544942098554042,-0.024571382807966988,-0.020101487665895364,0.0532722771227858,-0.05051926945155125,-0.32694778939972136,-0.40176387469123553,0.05187986697106079,-0.037074321877040385,1.3993476979329262,0.20689655172413793,0.20689655172413793,0.06322783205864102,2.1222248980716074,5.0,0.0603448275862069,0.0,0.0,0.0,0.0,0.0,,,-3.6129201108853994,-0.2751235912861168,-2.8502804057241704,TRADE_STATS,,,,
USER_SPEC 7-condition (PART 38; registered §A2),RANDOM_SAME_DAY_CONTROL,MODERN_NOVOL,Y2023,333,333.0,0.3003003003003003,1.8977114260841377,4.421667622776041,0.027942924596694726,-0.019961343694426422,0.19670233343301835,-0.04448600623434544,0.17913962454624802,-0.42101356449090493,0.14805659922716327,-0.03641303205327336,4.0660332545378814,0.2852852852852853,0.2852852852852853,0.05666015250246773,2.351536719993682,11.0,0.12912912912912913,0.09009009009009009,0.07207207207207207,0.042042042042042045,30.0,14.0,0.46895375310442206,1.3013671212326074,2.902183488141116,0.12499991792986759,9.304993890699343,TRADE_STATS,,,,
USER_SPEC 7-condition (PART 38; registered §A2),RANDOM_SAME_DAY_CONTROL,MODERN_NOVOL,Y2024,214,214.0,0.22429906542056074,0.7719757987690903,2.6697496374097702,-0.009096511319687079,-0.02604730285784312,0.13729987527837925,-0.05142799660105566,-0.2639658229010819,-0.5858003950587409,0.1153998602251724,-0.04418428612775742,2.6117851014158626,0.3130841121495327,0.3130841121495327,0.06344325986370407,1.8068000479789457,8.0,0.09345794392523364,0.037383177570093455,0.03271028037383177,0.02336448598130841,8.0,5.0,,,-5.116849728644997,-0.05255543797011433,-1.9466534224130347,TRADE_STATS,,,,
USER_SPEC 7-condition (PART 38; registered §A2),RANDOM_SAME_DAY_CONTROL,MODERN_NOVOL,Y2025,308,308.0,0.2987012987012987,1.5949571301800138,3.744681957813946,0.02114126847423774,-0.020714171551913126,0.1897392900907979,-0.050668999992074915,0.008708149540533637,-0.38911564716376973,0.12857603996374262,-0.03728477785005172,3.44848614844474,0.24675324675324675,0.24675324675324675,0.06045152333349394,1.7881984901511039,5.0,0.08441558441558442,0.048701298701298704,0.032467532467532464,0.032467532467532464,15.0,10.0,1.1716983499868554,2.168409890633879,-3.3510649865016005,0.15260160979763826,6.511510690065224,TRADE_STATS,,,,
USER_SPEC 7-condition (PART 38; registered §A2),RANDOM_SAME_DAY_CONTROL,MODERN_NOVOL,Y2026,289,431.34328358208955,0.22145328719723184,0.9122260349428049,3.2070446540957986,-0.004460024778506756,-0.028605985037406353,0.20931091959349402,-0.06526598228876473,-0.3205725630845805,-0.5044287059511547,0.1492337985765461,-0.05405729311210642,2.760659847822169,0.2906574394463668,0.2906574394463668,0.08350843771997049,2.124834997857916,6.0,0.10034602076124567,0.0657439446366782,0.04498269896193772,0.03460207612456748,19.0,10.0,,,-6.828812103858479,-0.031873075197538396,-1.2889471609884526,TRADE_STATS,,,,
USER_SPEC 7-condition (PART 38; registered §A2),ALL_STAGE1_BREAKOUTS_vs_RANDOM_SAME_DAY,MODERN_NOVOL,PRE_2020_2022,253,,,,,0.03092046160124597,,,,,,,,,,,,,,,,,,,,,,,,,PLACEBO,,,0.0022652325416653435,0.12593703148425786
USER_SPEC 7-condition (PART 38; registered §A2),ALL_STAGE1_BREAKOUTS_vs_RANDOM_SAME_DAY,MODERN_NOVOL,DISCOVERY,271,,,,,0.009153976675075925,,,,,,,,,,,,,,,,,,,,,,,,,PLACEBO,,,0.013452176358841512,0.6266866566716641
USER_SPEC 7-condition (PART 38; registered §A2),ALL_STAGE1_BREAKOUTS_vs_RANDOM_SAME_DAY,MODERN_NOVOL,STRICT_OOS,302,,,,,0.07543820482006135,,,,,,,,,,,,,,,,,,,,,,,,,PLACEBO,,,0.008748012611518878,0.010994502748625687
SCORE_V1 (registered §L; NOT the user-spec 7-condition setup),HIGH_RR_STAGE2_SCORE_V1,MODERN_NOVOL,PRE_2020_2022,1581,527.3609589041097,0.2947501581277672,1.4453688737659176,3.4583396872296097,0.0218593763252124,-0.0380858364177884,0.2406814151999007,-0.0695944982179308,0.3088712151170921,-0.4378533249149428,0.1993860931089478,-0.0540510921198434,3.688844855657382,0.3080328905755851,0.3080328905755851,0.0944216253052159,1.8674390817308468,12.0,0.1410499683744465,0.09044908285895,0.0613535736875395,0.0487033523086654,143.0,77.0,0.9395804069745558,2.144117639767831,16.73367257885222,0.1039263666631406,34.5596739701608,,,,,
SCORE_V1 (registered §L; NOT the user-spec 7-condition setup),HIGH_RR_STAGE2_SCORE_V1,MODERN_NOVOL,DISCOVERY,1159,579.8969178082192,0.2924935289042278,1.318363952433813,3.188962952789755,0.0150958145438889,-0.0392469666221137,0.213723226294226,-0.0670196642163113,0.2202408364717826,-0.3947783318898402,0.1902435398639149,-0.0543628199313912,3.499515663536445,0.2553925798101812,0.2553925798101812,0.1031117844314567,2.01017688701892,15.0,0.1475409836065573,0.08541846419327,0.0569456427955133,0.0379637618636755,99.0,44.0,1.0929867872716104,2.504841560525358,6.115447107767139,0.0673650433403947,17.496049056367315,,,,,
SCORE_V1 (registered §L; NOT the user-spec 7-condition setup),HIGH_RR_STAGE2_SCORE_V1,MODERN_NOVOL,STRICT_OOS,1034,619.1286885245902,0.304642166344294,1.976422956276329,4.511263827183113,0.055002957290331,-0.0394613294179511,0.3654583874436049,-0.0810102005654148,0.5644440367035699,-0.4669885879578284,0.2738962035590992,-0.0589809940660982,4.643804464403426,0.2988394584139265,0.2988394584139265,0.1030626912297981,1.8503333241264048,11.0,0.1595744680851064,0.1112185686653771,0.0967117988394584,0.0764023210831721,115.0,79.0,0.5612504492128845,1.3515833827968478,37.79204008164683,0.2743514608692826,56.87305783820229,,,,,
SCORE_V1 (registered §L; NOT the user-spec 7-condition setup),HIGH_RR_STAGE2_SCORE_V1,MODERN_NOVOL,EXTENDED,1690,632.4513319672132,0.2810650887573964,1.5421157640275185,3.944569796407231,0.0297664567024936,-0.0440503961649217,0.3012625697536211,-0.0763739990170829,0.2991139650402414,-0.4717250488769338,0.2307195960621585,-0.0585134559090966,3.9430177636506767,0.2893491124260355,0.2893491124260355,0.1054460995702757,1.926886222108973,11.5,0.1414201183431952,0.0928994082840236,0.0745562130177514,0.0562130177514792,157.0,95.0,0.8675458620981583,1.9609263097120777,31.224294070658743,0.1528897420515278,50.30531182721421,,,,,
SCORE_V1 (registered §L; NOT the user-spec 7-condition setup),HIGH_RR_STAGE2_SCORE_V1,MODERN_NOVOL,FULL_2023_2026,2193,597.3104026845638,0.2982216142270862,1.6569566389364012,3.899168604469605,0.0339120414475921,-0.039283234222137,0.2868066754716791,-0.073555853712741,0.3825327238587722,-0.4183470875795378,0.229685789868849,-0.0565402900888409,4.062338369823489,0.2758777929776562,0.2758777929776562,0.1030893266479146,1.944760272506167,14.0,0.1532147742818057,0.0975832193342453,0.0756953944368445,0.0560875512995896,214.0,123.0,0.7398605330014408,1.669060601132474,54.833546470535055,0.1592418031231416,74.3691068945696,,,,,
SCORE_V1 (registered §L; NOT the user-spec 7-condition setup),HIGH_RR_STAGE2_SCORE_V1,MODERN_NOVOL,Y2020,499,499.0,0.3286573146292585,2.4060694682934614,4.9148370236482295,0.0623499392225557,-0.0276386486198638,0.3246340846733405,-0.0660518513861865,0.6876746453680092,-0.329153021366426,0.267692609235347,-0.0483801620868158,5.533106911774825,0.2625250501002004,0.2625250501002004,0.0876070692833134,1.967041763674566,16.0,0.1923847695390781,0.1382765531062124,0.096192384769539,0.0801603206412825,69.0,40.0,0.4395055735729593,1.0041675020145624,17.438449917731305,0.2398999126536767,31.112619672055335,,,,,
SCORE_V1 (registered §L; NOT the user-spec 7-condition setup),HIGH_RR_STAGE2_SCORE_V1,MODERN_NOVOL,Y2021,534,534.0,0.350187265917603,1.241309321364514,2.3033921631737235,0.0126775643621371,-0.0310250016833518,0.186226462204974,-0.0808487869249248,0.4193098084765192,-0.3528347603792204,0.1969461608969731,-0.0605223066763734,3.2541086371689203,0.3033707865168539,0.3033707865168539,0.114644972615164,1.867910083414129,12.0,0.1666666666666666,0.095505617977528,0.0561797752808988,0.0411985018726591,51.0,22.0,1.019416629259591,2.8482314802801816,-0.1314470728496779,0.0577186407143083,6.769819369381227,,,,,
SCORE_V1 (registered §L; NOT the user-spec 7-condition setup),HIGH_RR_STAGE2_SCORE_V1,MODERN_NOVOL,Y2022,548,548.0,0.2098540145985401,0.8788018250856895,3.30887991532264,-0.0060634399110871,-0.0457864294688521,0.2095060970817023,-0.0633163192509734,-0.143678274936086,-0.6023792923953021,0.1395648745945706,-0.052909058384978,2.63782571179146,0.354014598540146,0.354014598540146,0.0854359929252389,1.7851505702975436,10.0,0.0693430656934306,0.041970802919708,0.0346715328467153,0.0273722627737226,23.0,15.0,,,-13.650529928402984,-0.0388354963917222,-3.322765071275758,,,,,
SCORE_V1 (registered §L; NOT the user-spec 7-condition setup),HIGH_RR_STAGE2_SCORE_V1,MODERN_NOVOL,Y2023,503,503.0,0.3558648111332008,2.179132499125866,3.9443515626635786,0.0478405468535892,-0.0239079900187099,0.2484460621536766,-0.062987808821459,0.6628064860920064,-0.2468910806278461,0.2262123654817854,-0.0499107667563714,4.532336010504343,0.2306163021868787,0.2306163021868787,0.0951458755081051,2.005174524109392,19.0,0.1928429423459244,0.1133200795228628,0.0795228628230616,0.0556660039761431,57.0,28.0,0.472934627175201,1.0371800420473531,12.683193118755227,0.17438796338398,24.0637950673554,,,,,
SCORE_V1 (registered §L; NOT the user-spec 7-condition setup),HIGH_RR_STAGE2_SCORE_V1,MODERN_NOVOL,Y2024,656,656.0,0.2439024390243902,0.8098954547488482,2.5106759097214293,-0.0100118079435793,-0.0479190959157164,0.1748770536764655,-0.0696533762081099,-0.1191044710876268,-0.4795089308046886,0.1626637848550904,-0.0577765131433347,2.815396361001333,0.274390243902439,0.274390243902439,0.1095172802305738,2.020717603646341,13.5,0.1128048780487804,0.0640243902439024,0.0396341463414634,0.024390243902439,42.0,16.0,,,-11.767266562283233,-0.0539533887372716,-6.567746010988083,,,,,
SCORE_V1 (registered §L; NOT the user-spec 7-condition setup),HIGH_RR_STAGE2_SCORE_V1,MODERN_NOVOL,Y2025,518,518.0,0.3166023166023166,2.5425308716381805,5.488145905853146,0.0759127333474996,-0.033559302486444,0.3952145373675562,-0.0720123961985152,0.822523825007473,-0.374812468567529,0.2747729231414482,-0.0523030792757221,5.253475071571763,0.2702702702702703,0.2702702702702703,0.0939696328575333,1.8751298741030045,13.0,0.1583011583011583,0.1119691119691119,0.1042471042471042,0.083011583011583,58.0,43.0,0.4832978236948684,1.1401320723500472,20.31817420650073,0.3261949056325574,39.3227958740048,,,,,
SCORE_V1 (registered §L; NOT the user-spec 7-condition setup),HIGH_RR_STAGE2_SCORE_V1,MODERN_NOVOL,Y2026,516,770.1492537313433,0.2926356589147287,1.5358213019517772,3.712415729883436,0.03401213558953,-0.0476529139850231,0.3331404497778566,-0.0897368382253667,0.3053639391426749,-0.5231514518333473,0.2730160858388344,-0.0656847922471347,4.1564580856346325,0.3275193798449612,0.3275193798449612,0.1207066392979794,1.835685411668921,10.5,0.1608527131782945,0.1104651162790697,0.0891472868217054,0.0697674418604651,57.0,36.0,0.6257352546453786,1.8197583470429328,6.568444324937268,0.2023084952645244,17.550261964197492,,,,,
SCORE_V1 (registered §L; NOT the user-spec 7-condition setup),HIGH_RR_STAGE2_SCORE_V1,TEXTBOOK_NOVOL,PRE_2020_2022,1321,440.6349315068493,0.2626797880393641,2.343541754051866,6.578125845667198,0.1016896652585469,-0.075591241729258,0.6752610322882694,-0.1026524952746293,1.3959205003990651,-1.056683723739302,0.511018369336114,-0.0710354622317697,7.19384872401896,0.6767600302800908,0.6729750189250567,0.0952036068176377,1.886864326881588,27.0,0.2165026495079485,0.1748675246025738,0.1506434519303558,0.1241483724451173,231.0,164.0,0.4380573846307036,1.051756552287411,104.44767825124578,0.1167069623521228,134.33204780654046,,,,,
SCORE_V1 (registered §L; NOT the user-spec 7-condition setup),HIGH_RR_STAGE2_SCORE_V1,TEXTBOOK_NOVOL,DISCOVERY,1005,502.8441780821918,0.2109452736318408,1.694067720710994,6.336772181716124,0.0595041693336501,-0.0900672591826658,0.6885040799130313,-0.1086521749826535,0.8364468031373645,-1.0551565832282066,0.4627509927464526,-0.0770547206217319,6.005485309824634,0.7074626865671642,0.6975124378109453,0.1038417965515237,2.010319525785129,38.0,0.1522388059701492,0.1203980099502487,0.1004975124378109,0.0796019900497512,121.0,80.0,0.9929447460023773,1.863981090908411,17.091037101288677,0.0733929667228983,59.8016901803184,,,,,
SCORE_V1 (registered §L; NOT the user-spec 7-condition setup),HIGH_RR_STAGE2_SCORE_V1,TEXTBOOK_NOVOL,STRICT_OOS,860,514.9426229508197,0.2988372093023256,3.310310677198891,7.766993534439422,0.1860843006128039,-0.0764739817123859,0.8922230361663722,-0.1148736679398778,1.932801128599564,-1.0492473102142017,0.5940758344109435,-0.0753699424080777,7.882131993605898,0.6430232558139535,0.641860465116279,0.1024267578815607,1.8464896298159512,24.0,0.2395348837209302,0.2081395348837209,0.1848837209302325,0.1720930232558139,179.0,148.0,0.2452502047965137,0.7409771504504251,136.02363133640984,0.3159107704229607,160.03249852701134,,,,,
SCORE_V1 (registered §L; NOT the user-spec 7-condition setup),HIGH_RR_STAGE2_SCORE_V1,TEXTBOOK_NOVOL,EXTENDED,1423,532.531506147541,0.2312016865776528,2.153123322681002,7.159625881498529,0.1018572813190401,-0.0877941029545159,0.8226104674896014,-0.1148957335348124,1.047165179260692,-1.0536871879518046,0.4881860607786815,-0.0791219950717436,6.170042354670406,0.6999297259311315,0.6950105411103303,0.105802568678168,1.9253593982659505,24.0,0.1770906535488405,0.1539002108222066,0.1342234715390021,0.1215741391426563,219.0,173.0,0.4249564724423582,1.1825603825049795,117.3638519293414,0.1729990288150796,144.94291131699413,,,,,
SCORE_V1 (registered §L; NOT the user-spec 7-condition setup),HIGH_RR_STAGE2_SCORE_V1,TEXTBOOK_NOVOL,FULL_2023_2026,1865,507.9725950782998,0.2514745308310992,2.414361407814396,7.186457410040292,0.117873559628595,-0.0827450137364363,0.8001368555145423,-0.1113395390608814,1.3420042936990224,-1.0527958541755134,0.5233082923879873,-0.0762778255741487,6.860555980050656,0.6777479892761394,0.6718498659517427,0.1030360558116816,1.9481150566449337,29.0,0.1924932975871313,0.1608579088471849,0.1394101876675603,0.1222520107238605,300.0,228.0,0.4512133209255306,1.0978858090954662,176.43547282383403,0.1663658637550834,219.83418870732976,,,,,
SCORE_V1 (registered §L; NOT the user-spec 7-condition setup),HIGH_RR_STAGE2_SCORE_V1,TEXTBOOK_NOVOL,Y2020,441,441.0,0.3424036281179138,3.9594882385863057,7.604315160198865,0.2038166498355462,-0.0681932688748879,0.7963862256209349,-0.1047281982458112,2.558514688232576,-1.0521592641886042,0.7348286364111217,-0.063634700359242,11.547608965905953,0.6349206349206349,0.6303854875283447,0.0880318770127452,1.9688027799672911,35.0,0.3015873015873015,0.2585034013605442,0.2222222222222222,0.1904761904761904,114.0,84.0,0.1967060758378946,0.6290143214208845,68.6189006269495,0.1866383076423428,89.8831425774759,,,,,
SCORE_V1 (registered §L; NOT the user-spec 7-condition setup),HIGH_RR_STAGE2_SCORE_V1,TEXTBOOK_NOVOL,Y2021,442,442.0,0.2714932126696832,1.4747493923245816,3.9572442027376273,0.0389539027825946,-0.0833631609686404,0.445703256999775,-0.1126297074846775,1.1226201963592877,-1.046348000597494,0.4165409992376919,-0.0809368141304998,5.146496111967973,0.6289592760180995,0.6266968325791855,0.1131826466656738,1.8931604191910056,35.0,0.1945701357466063,0.1447963800904977,0.1221719457013574,0.0927601809954751,64.0,41.0,0.8066383851098242,1.8694994169704824,1.1640168461051736,0.0462671477552684,17.21762502990682,,,,,
SCORE_V1 (registered §L; NOT the user-spec 7-condition setup),HIGH_RR_STAGE2_SCORE_V1,TEXTBOOK_NOVOL,Y2022,438,438.0,0.1735159817351598,1.816638199251016,8.652934580642999,0.0621718726008167,-0.0749541341109142,0.7970640433591487,-0.092114881481043,0.5011595359036383,-1.0730897014420184,0.3810153323576303,-0.068495139050368,5.562662367579832,0.7671232876712328,0.7625570776255708,0.0869740213885014,1.8281388899829267,18.0,0.1529680365296803,0.1210045662100456,0.1073059360730593,0.0890410958904109,53.0,39.0,0.824354159006738,1.6366837102139344,1.3819909228490277,0.0915968320999603,27.23128019915772,,,,,
SCORE_V1 (registered §L; NOT the user-spec 7-condition setup),HIGH_RR_STAGE2_SCORE_V1,TEXTBOOK_NOVOL,Y2023,442,442.0,0.3167420814479638,3.518703036516887,7.590345121629283,0.1694372791636552,-0.0671719702142841,0.7473238673731529,-0.0984571657016747,2.291226148553647,-1.0495806408265886,0.6363828072749607,-0.0671211441373218,9.481107860333813,0.6063348416289592,0.5972850678733032,0.0962273397486041,2.01321903495039,59.5,0.2420814479638009,0.1832579185520362,0.1561085972850678,0.1244343891402715,81.0,55.0,0.4537146199961015,0.9328842957532572,37.29359134952698,0.1548732381175966,74.89127739033563,,,,,
SCORE_V1 (registered §L; NOT the user-spec 7-condition setup),HIGH_RR_STAGE2_SCORE_V1,TEXTBOOK_NOVOL,Y2024,563,563.0,0.127886323268206,0.7325826713851964,4.995806828474048,-0.0268021087211673,-0.102611791665633,0.5741322709627946,-0.1149228324222779,-0.3056712620029493,-1.058191910917382,0.3264361401325973,-0.0848533721423523,3.847061488433941,0.7868561278863233,0.7761989342806395,0.1100736530766106,2.010319525785129,28.0,0.0817051509769094,0.0710479573712255,0.0568383658969804,0.0444049733570159,40.0,25.0,,,-35.71052095874166,-0.0455534708226935,-15.08958721001724,,,,,
SCORE_V1 (registered §L; NOT the user-spec 7-condition setup),HIGH_RR_STAGE2_SCORE_V1,TEXTBOOK_NOVOL,Y2025,440,440.0,0.3113636363636363,5.141105944437078,11.370475190981276,0.3101689361964013,-0.0737360057857193,1.2367178295868144,-0.1087657119702211,3.316760893773,-1.0605353428804367,0.8016534756977275,-0.0696301995832494,11.513014187748745,0.6409090909090909,0.6386363636363637,0.0934451806487405,1.855724079075049,32.5,0.2772727272727273,0.2522727272727272,0.2340909090909091,0.225,111.0,99.0,0.1442960189487604,0.5371510730277685,112.76763461889776,0.3880860260661337,136.4743319264166,,,,,
SCORE_V1 (registered §L; NOT the user-spec 7-condition setup),HIGH_RR_STAGE2_SCORE_V1,TEXTBOOK_NOVOL,Y2026,420,626.865671641791,0.2857142857142857,1.6487563459117889,4.121890864779472,0.0560908728585589,-0.078784441249087,0.498924813678034,-0.121042703469231,0.4829385174654891,-1.0403301416236097,0.3766135435390746,-0.0813830063198026,4.6276681161068725,0.6452380952380953,0.6452380952380953,0.1207491961250456,1.835685411668921,22.0,0.2,0.1619047619047619,0.1333333333333333,0.1166666666666666,68.0,49.0,0.4994062508607763,1.387527063091531,9.856838369174724,0.1520715657011571,23.55816660059476,,,,,
SCORE_V1 (registered §L; NOT the user-spec 7-condition setup),STAGE2_RANDOM_CONTROL,MODERN_NOVOL,PRE_2020_2022,2375,792.2089041095891,0.3208421052631579,1.3297614498723251,2.814836244939712,0.0130410822839026,-0.0228580683970108,0.1639064832855503,-0.0582294915308868,0.0761122531861996,-0.3556524672011719,0.1392726339706872,-0.0453748288888862,3.069380918476575,0.264,0.264,0.0741075603330758,1.867541535042994,6.0,0.0976842105263157,0.0564210526315789,0.0391578947368421,0.0290526315789473,134.0,69.0,1.4209125482558402,2.841511193522988,12.79534167985844,0.0807102812358797,30.972570424268845,,,,,
SCORE_V1 (registered §L; NOT the user-spec 7-condition setup),STAGE2_RANDOM_CONTROL,MODERN_NOVOL,DISCOVERY,1744,872.5972602739726,0.3228211009174312,1.4987218826682314,3.1438553169292742,0.0183200430056275,-0.0238651035730808,0.1705403691101962,-0.0542456162635275,0.1850768026337108,-0.3407907377756439,0.1426624602691505,-0.0449787212908254,3.171776701847906,0.2322247706422018,0.2322247706422018,0.0767969277562311,2.216193170161442,7.0,0.1221330275229357,0.073394495412844,0.0493119266055045,0.040137614678899,128.0,70.0,0.7794639567715121,1.968000054762208,21.10038563499397,0.092218885302241,31.95015500181441,,,,,
SCORE_V1 (registered §L; NOT the user-spec 7-condition setup),STAGE2_RANDOM_CONTROL,MODERN_NOVOL,STRICT_OOS,1463,876.0012295081967,0.3335611756664388,2.187335895478232,4.3701895452690085,0.0528372127714071,-0.0263747146218956,0.291814109458152,-0.0667737878266763,0.3237125192463334,-0.3813816234498295,0.2178090656732436,-0.051059216348497,4.265812937406258,0.254272043745728,0.254272043745728,0.0853738275152752,1.8333170060044364,6.0,0.1435406698564593,0.0963773069036226,0.0690362269309637,0.0594668489405331,141.0,87.0,0.5636381218134702,1.2888457441620536,57.31202239936198,0.2975741705530612,77.30084228456872,,,,,
SCORE_V1 (registered §L; NOT the user-spec 7-condition setup),STAGE2_RANDOM_CONTROL,MODERN_NOVOL,EXTENDED,2427,908.2599897540985,0.3164400494437577,1.710676513996657,3.6953285634380912,0.030475450682127,-0.0267505751126059,0.2318219863467531,-0.0627337954844991,0.1639702382487337,-0.3913051368893398,0.1770147615406157,-0.0493715336996172,3.585360799557014,0.2587556654305727,0.2587556654305727,0.082639736361885,1.9692287228265488,6.0,0.1231973629995879,0.0782859497321796,0.0531520395550061,0.0444993819530284,190.0,108.0,0.8056590270560352,1.7218824815468978,53.975098920315645,0.1773715079269121,73.96391880552238,,,,,
SCORE_V1 (registered §L; NOT the user-spec 7-condition setup),STAGE2_RANDOM_CONTROL,MODERN_NOVOL,FULL_2023_2026,3207,873.494966442953,0.3277206111630807,1.8458020632413523,3.786440769123079,0.0340664163661936,-0.0246553942938322,0.226850155304109,-0.0599111855001092,0.248320972700523,-0.3585580744383255,0.1769435590238085,-0.047752579809495,3.705424078232216,0.2422825070159027,0.2422825070159027,0.0805222698525696,2.034560325081272,6.0,0.1318989710009354,0.0838790146554412,0.0583099469909572,0.0489554100405363,269.0,157.0,0.6783795981834627,1.5036634521500123,89.26217740117634,0.1802137757722038,109.25099728638314,,,,,
SCORE_V1 (registered §L; NOT the user-spec 7-condition setup),STAGE2_RANDOM_CONTROL,MODERN_NOVOL,Y2020,736,736.0,0.389945652173913,2.187994314322055,3.4230294325108104,0.0418723897793992,-0.0153405594564233,0.1977677591183815,-0.0577756525375003,0.3112150659818348,-0.2092812559085105,0.1825956033649345,-0.0428286526408192,4.263398265088214,0.2105978260869565,0.2105978260869565,0.0783606102030191,2.099020160075379,6.0,0.1277173913043478,0.077445652173913,0.0502717391304347,0.0380434782608695,57.0,28.0,0.6473728674818106,1.2820546947693736,13.581283310245226,0.2164494934515932,30.818078877637845,,,,,
SCORE_V1 (registered §L; NOT the user-spec 7-condition setup),STAGE2_RANDOM_CONTROL,MODERN_NOVOL,Y2021,794,794.0,0.3463476070528967,1.3197555712328497,2.490738696253996,0.0132535435824586,-0.0227472324412616,0.1579411162411589,-0.0634113552251378,0.2855613229855891,-0.3291980898089736,0.1464802776625602,-0.0462307951508722,3.1684568085953955,0.2607052896725441,0.2607052896725441,0.0813893503861353,1.8672877012197149,6.0,0.1158690176322418,0.070528967254408,0.0503778337531486,0.0365239294710327,56.0,29.0,1.0646677728753888,2.5768106619876123,2.049611247452056,0.0782169882895209,10.523313604472143,,,,,
SCORE_V1 (registered §L; NOT the user-spec 7-condition setup),STAGE2_RANDOM_CONTROL,MODERN_NOVOL,Y2022,845,845.0,0.2366863905325443,0.7043595662570897,2.2715596011791144,-0.0122707953347232,-0.0291427035858628,0.1235179321514758,-0.0543758271133896,-0.3254714528946322,-0.5188219167774843,0.0947654451357603,-0.0467882590741649,2.025410797729102,0.3136094674556213,0.3136094674556213,0.0620519732662962,1.6123508592510845,6.0,0.0544378698224852,0.0248520710059171,0.0189349112426035,0.0142011834319526,21.0,12.0,,,-18.51916544869795,-0.0970590850682499,-10.368822057841149,,,,,
SCORE_V1 (registered §L; NOT the user-spec 7-condition setup),STAGE2_RANDOM_CONTROL,MODERN_NOVOL,Y2023,780,780.0,0.3628205128205128,2.4062435192249536,4.225805756377392,0.0452398442062317,-0.0180108485663869,0.2133576950894425,-0.0504892338620753,0.5107815272062828,-0.276572028567552,0.1767220096542046,-0.0427151425129226,4.137221586015798,0.191025641025641,0.191025641025641,0.0752675847382267,2.3267971217553405,11.0,0.1589743589743589,0.1012820512820512,0.0743589743589743,0.0628205128205128,79.0,49.0,0.4084786382473913,1.024455076002593,25.133675510630663,0.1864771890337724,35.28707848086075,,,,,
SCORE_V1 (registered §L; NOT the user-spec 7-condition setup),STAGE2_RANDOM_CONTROL,MODERN_NOVOL,Y2024,964,964.0,0.2904564315352697,0.914374021124062,2.233685108745923,-0.0034615388786787,-0.0271614280348929,0.1272642860668866,-0.0569750344704306,-0.0784602151739721,-0.4107221974813338,0.1151039037127789,-0.0468102476878837,2.458946692191339,0.2655601659751037,0.2655601659751037,0.0786367920932687,2.139644731265305,6.0,0.0923236514522821,0.0508298755186722,0.0290456431535269,0.0217842323651452,49.0,21.0,,,-9.86566707805363,-0.0212231983657465,-3.336923479046333,,,,,
SCORE_V1 (registered §L; NOT the user-spec 7-condition setup),STAGE2_RANDOM_CONTROL,MODERN_NOVOL,Y2025,757,757.0,0.3540290620871862,2.6560662070169254,4.846329758325659,0.0712114334973808,-0.0259183286229729,0.3226056839354078,-0.0665670105054641,0.4660572777886491,-0.3186286611155473,0.2369057421409862,-0.0501626584639686,4.722750934565271,0.2100396301188903,0.2100396301188903,0.0858133181634774,2.1268307488519564,6.0,0.1347424042272126,0.095112285336856,0.071334214002642,0.0634081902245706,72.0,48.0,0.4981100986986048,1.199706292513259,34.630131788730296,0.3422452870136327,53.90705515751729,,,,,
SCORE_V1 (registered §L; NOT the user-spec 7-condition setup),STAGE2_RANDOM_CONTROL,MODERN_NOVOL,Y2026,706,1053.731343283582,0.311614730878187,1.7186330406014163,3.796616626055856,0.0331356758173532,-0.0265951597376571,0.2543043732767677,-0.0669818415511059,0.1710850656818392,-0.4110014886358506,0.1973328842481994,-0.0520205397459304,3.793364798058193,0.301699716713881,0.301699716713881,0.0851554344429016,1.545330163960008,6.0,0.1529745042492918,0.0977337110481586,0.0665722379603399,0.0552407932011331,69.0,39.0,0.5715209992682411,1.4864260162859229,12.522423601164164,0.2287677207808666,23.393787127051425,,,,,
SCORE_V1 (registered §L; NOT the user-spec 7-condition setup),STAGE2_RANDOM_CONTROL,TEXTBOOK_NOVOL,PRE_2020_2022,1589,530.0294520547945,0.2913782252989301,2.4271535703975187,5.902753607489429,0.0910036844197198,-0.041996321269783,0.5311637512498641,-0.0899857569145224,1.322634257394727,-1.047282379283949,0.4656820932705102,-0.0689306769771685,6.755803275002725,0.5840151038388924,0.5714285714285714,0.0810814289456481,1.959311502503671,28.0,0.2070484581497797,0.158590308370044,0.13215859030837,0.1088735053492762,252.0,173.0,0.4728086410413319,1.053339061781122,112.43321706700972,0.106090735011654,144.60485454293482,,,,,
SCORE_V1 (registered §L; NOT the user-spec 7-condition setup),STAGE2_RANDOM_CONTROL,TEXTBOOK_NOVOL,DISCOVERY,1150,575.3938356164383,0.2678260869565217,2.261603410703485,6.182695038351736,0.0853613899972739,-0.0446495862253756,0.5713499559748667,-0.0924111495764773,1.180650579284104,-1.0368793576736972,0.4440500919297189,-0.0721140449221735,6.157608998482112,0.5626086956521739,0.5539130434782609,0.084351455971282,2.37313132762438,42.5,0.1947826086956521,0.1434782608695652,0.1139130434782608,0.1,165.0,115.0,0.5940773787504934,1.1890900723277011,61.39138200152479,0.093928484558434,98.165598496865,,,,,
SCORE_V1 (registered §L; NOT the user-spec 7-condition setup),STAGE2_RANDOM_CONTROL,TEXTBOOK_NOVOL,STRICT_OOS,933,558.652868852459,0.3193997856377277,3.8611937946433774,8.227711609391092,0.1933114016470697,-0.0394728231806397,0.8167651042749501,-0.0992700210034946,1.7254567652322343,-1.0329949679510722,0.5629342189530897,-0.0709779832240722,7.931110372295983,0.5434083601286174,0.5359056806002144,0.0891405027803161,1.926190481984652,24.0,0.2465166130760986,0.2036441586280814,0.1757770632368703,0.1543408360128617,190.0,144.0,0.2501008779142659,0.7613920470543731,153.03233204755696,0.3228980293013633,180.359537736716,,,,,
SCORE_V1 (registered §L; NOT the user-spec 7-condition setup),STAGE2_RANDOM_CONTROL,TEXTBOOK_NOVOL,EXTENDED,1548,579.3104508196722,0.2525839793281654,2.52088179029364,7.459489082787063,0.1129971178044834,-0.047236698641912,0.741512687228767,-0.0994052915688051,0.993213096231719,-1.0447546905441525,0.4573522936715036,-0.074942251707606,6.102729545088995,0.5897932816537468,0.5833333333333334,0.0891140619221638,2.0382819874465428,24.0,0.1873385012919896,0.1459948320413436,0.1240310077519379,0.109173126614987,226.0,169.0,0.4575827335264213,1.1191805008257634,138.2245497514245,0.1870717171044451,174.91953836134036,,,,,
SCORE_V1 (registered §L; NOT the user-spec 7-condition setup),STAGE2_RANDOM_CONTROL,TEXTBOOK_NOVOL,FULL_2023_2026,2083,567.3495525727069,0.2909265482477196,2.977506271545406,7.257057364806213,0.1337134595456461,-0.0421262384926612,0.6920326526636865,-0.0953599534736716,1.4246756256065265,-1.0353233155665862,0.4972996793098461,-0.0716051896344498,6.94502286564145,0.5540086413826212,0.5458473355736918,0.0872009172268608,2.1445061419464526,32.0,0.2179548727796447,0.170427268362938,0.14162265962554,0.1243398943831013,355.0,259.0,0.3897942532347355,0.9414310933940664,239.0228822101797,0.1736792905255622,278.525136233581,,,,,
SCORE_V1 (registered §L; NOT the user-spec 7-condition setup),STAGE2_RANDOM_CONTROL,TEXTBOOK_NOVOL,Y2020,560,560.0,0.375,3.9822391757844287,6.637065292974047,0.1656861741066542,-0.0380237294657915,0.5899835074896325,-0.0888922259231327,1.7666676582122325,-1.0352003171837247,0.6232161056584365,-0.0634244711627986,9.826114340926202,0.5321428571428571,0.5142857142857142,0.0824556682508904,2.1301241711621053,44.0,0.2946428571428571,0.2446428571428571,0.2053571428571428,0.1696428571428571,137.0,95.0,0.2271178204190795,0.6295473631974287,74.45215060192893,0.150839279327166,92.78425749972637,,,,,
SCORE_V1 (registered §L; NOT the user-spec 7-condition setup),STAGE2_RANDOM_CONTROL,TEXTBOOK_NOVOL,Y2021,504,504.0,0.2956349206349206,1.365625885429534,3.2536724115938567,0.0247025074508604,-0.0428304467140045,0.3120901860269386,-0.0959193632754371,0.5987892057407534,-1.038029835773158,0.334337339739718,-0.0721531119440502,4.633720302999176,0.5595238095238095,0.5496031746031746,0.0879834462588061,1.9125103644473749,34.0,0.1904761904761904,0.121031746031746,0.0932539682539682,0.0694444444444444,61.0,35.0,1.0990958589019122,2.213287924548517,-1.233749761208447,0.0321902544315894,12.450063755233678,,,,,
SCORE_V1 (registered §L; NOT the user-spec 7-condition setup),STAGE2_RANDOM_CONTROL,TEXTBOOK_NOVOL,Y2022,525,525.0,0.1980952380952381,2.0887775603885417,8.45553223964977,0.0749914919770947,-0.047295797720727,0.7262581013254845,-0.0858914709023173,1.5438898794438696,-1.0657841725596082,0.4237367767796157,-0.0717104256109566,5.908998212874542,0.6628571428571428,0.6533333333333333,0.0703461109625341,1.7908333902623947,16.0,0.1295238095238095,0.1028571428571428,0.0914285714285714,0.0819047619047619,54.0,43.0,0.7856296190571002,1.494477266753879,8.439876218868275,0.1090158614627774,39.370533287974766,,,,,
SCORE_V1 (registered §L; NOT the user-spec 7-condition setup),STAGE2_RANDOM_CONTROL,TEXTBOOK_NOVOL,Y2023,535,535.0,0.4018691588785046,5.010322621572096,7.457224366991028,0.1936553231256835,-0.0262218230128948,0.6020480316639356,-0.0807335279234545,2.673094308732136,-0.4857409263007836,0.612885759624153,-0.0619495408695042,9.89330592320591,0.4504672897196262,0.4373831775700935,0.0800564987448125,2.496573136559727,87.0,0.3065420560747663,0.2411214953271028,0.1925233644859813,0.1682242990654205,129.0,90.0,0.2417670041097827,0.6411277839945552,78.55718286566618,0.1549509042635229,103.60559787224068,,,,,
SCORE_V1 (registered §L; NOT the user-spec 7-condition setup),STAGE2_RANDOM_CONTROL,TEXTBOOK_NOVOL,Y2024,615,615.0,0.1512195121951219,0.8953352316802042,5.0254300100759846,-0.0088455274396352,-0.057841266035486,0.5003812863711055,-0.0995698448426982,-0.1176541284471109,-1.0618907520235714,0.2971767875126095,-0.0809563370655524,3.67082798313834,0.6601626016260163,0.6552845528455284,0.0890876210640115,2.258895967614534,30.0,0.0975609756097561,0.0585365853658536,0.0455284552845528,0.040650406504065,36.0,25.0,,,-30.447230993138646,-0.014449829006908,-5.439999375375699,,,,,
SCORE_V1 (registered §L; NOT the user-spec 7-condition setup),STAGE2_RANDOM_CONTROL,TEXTBOOK_NOVOL,Y2025,503,503.0,0.3399602385685885,6.039682917607946,11.72616800377683,0.3194972970192919,-0.033923866637958,1.1262893799922395,-0.0960492276444852,2.8368443744990413,-0.9252471789611084,0.789351382179265,-0.0719813817106764,10.966049323031909,0.4831013916500994,0.4731610337972167,0.0922693266404963,2.298704585867237,40.0,0.2743538767395626,0.2385685884691848,0.2186878727634194,0.1988071570576541,120.0,100.0,0.1700435065985369,0.5834321143213912,133.3799347115448,0.3910339685646597,160.70714040070385,,,,,
SCORE_V1 (registered §L; NOT the user-spec 7-condition setup),STAGE2_RANDOM_CONTROL,TEXTBOOK_NOVOL,Y2026,430,641.7910447761194,0.2953488372093023,1.6309336643081336,3.8911251990973583,0.0457032496186329,-0.0460161420772391,0.4000040716162373,-0.1027990751130362,0.4253917246247835,-1.043177294596852,0.2980787931327033,-0.0698042403432305,4.270210400787065,0.6139534883720931,0.6093023255813953,0.0849727237393876,1.557159298076862,19.0,0.213953488372093,0.1627906976744186,0.1255813953488372,0.1023255813953488,70.0,44.0,0.4311524602456037,1.3715193547223188,9.579174576828994,0.1331598559203994,19.65239733601216,,,,,
SCORE_V1 (registered §L; NOT the user-spec 7-condition setup),HIGH_RR_STAGE2_SCORE_V1_vs_CONTROL,MODERN_NOVOL,PRE_2020_2022,1581,,,,,0.0218593763252124,,,,,,,,,,,,,,,,,,,,,,,,,,,,0.0130410822839026,0.168415792103948
SCORE_V1 (registered §L; NOT the user-spec 7-condition setup),HIGH_RR_STAGE2_SCORE_V1_vs_CONTROL,MODERN_NOVOL,DISCOVERY,1159,,,,,0.0150958145438889,,,,,,,,,,,,,,,,,,,,,,,,,,,,0.0183200430056275,0.6486756621689156
SCORE_V1 (registered §L; NOT the user-spec 7-condition setup),HIGH_RR_STAGE2_SCORE_V1_vs_CONTROL,MODERN_NOVOL,STRICT_OOS,1034,,,,,0.055002957290331,,,,,,,,,,,,,,,,,,,,,,,,,,,,0.0528372127714071,0.4272863568215892
SCORE_V1 (registered §L; NOT the user-spec 7-condition setup),HIGH_RR_STAGE2_SCORE_V1_vs_CONTROL,TEXTBOOK_NOVOL,PRE_2020_2022,1321,,,,,0.1016896652585469,,,,,,,,,,,,,,,,,,,,,,,,,,,,0.0910036844197198,0.3018490754622688
SCORE_V1 (registered §L; NOT the user-spec 7-condition setup),HIGH_RR_STAGE2_SCORE_V1_vs_CONTROL,TEXTBOOK_NOVOL,DISCOVERY,1005,,,,,0.0595041693336501,,,,,,,,,,,,,,,,,,,,,,,,,,,,0.0853613899972739,0.7856071964017991
SCORE_V1 (registered §L; NOT the user-spec 7-condition setup),HIGH_RR_STAGE2_SCORE_V1_vs_CONTROL,TEXTBOOK_NOVOL,STRICT_OOS,860,,,,,0.1860843006128039,,,,,,,,,,,,,,,,,,,,,,,,,,,,0.1933114016470697,0.5867066466766616
