date,symbol,name,strategy,stage,stage_age_weeks,market_regime,sector_regime,rs20,rs40,rs60,rs120_pct,rs_acceleration,rs_leads_price,downside_resilience_dcap60,upside_participation_ucap60,base_duration_weeks,base_tightness_10w,atr_compression_5_20,bb_width_pct120,breakout_volume_ratio,overhead_resistance_pivots15,overhead_supply_density15,close,structural_stop,stop_distance_pct,stop_distance_atr,room_to_resistance_pct,blue_sky,room_to_52w_high_pct,pre_trade_rr,hrr_score,one_second_trigger_status,leader_type
2026-10-05,3441,聯一光,STAGE_WATCH,2,23,TAIEX Stage 2,光電業 Stage 2,0.7005644321681816,1.504710625887598,2.260790978381083,1.0,0.028467823,False,-0.7946513,0.7929084,,1.978177150192555,1.0462633,0.7,0.6607981,0.0,0.0,232.0,122.26500000000001,0.47299568965517236,8.12851892300002,,True,0.0,2.1141841709573064,0.9964004133036795,盤中 tick 才能判斷（本表為收盤後資料；歷史觸發見 Intraday Replay）,SECTOR_CONFIRMED
2026-10-05,1709,和益,STAGE_WATCH,2,26,TAIEX Stage 2,化學生技醫療 Stage 2,0.8382210953853837,1.2759242496616197,1.6787758136760245,0.9851951547779273,0.057916,False,0.20123942,1.8971859,,1.924488668672934,1.2866521,1.0,0.6593656,0.0,0.0,64.3,32.47199999999999,0.49499222395023346,7.80371296040037,,True,0.0,2.0202337564408688,0.9964004133036795,盤中 tick 才能判斷（本表為收盤後資料；歷史觸發見 Intraday Replay）,INDEPENDENT
2026-10-05,6957,裕慶-KY,STAGE_WATCH,2,4,TAIEX Stage 2,其他 Stage 2,0.8010065188171647,0.8326571891282768,0.9570953984639232,0.9515477792732167,-0.0012626774,False,-0.28253013,1.245074,,1.0245098039215677,1.8515284,1.0,2.2164946,0.0,0.0,410.0,211.86000000000004,0.4832682926829267,9.170115817176818,,True,0.007317073170731714,2.0692439689108717,0.9941144309390098,盤中 tick 才能判斷（本表為收盤後資料；歷史觸發見 Intraday Replay）,SECTOR_CONFIRMED
2026-10-05,6213,聯茂,STAGE_WATCH,2,65,TAIEX Stage 2,電子零組件業 Stage 2,0.38274592255279694,0.8829429034139915,0.821540972422053,0.9892328398384926,0.024262644,False,1.5474253,2.062001,,1.6350877192982445,1.2023423,0.5833333,1.1334987,0.0,0.0,751.0,477.18,0.364607190412783,6.796950420899783,,True,-1.1102230246251565e-16,2.742677671463005,0.9918327134668115,盤中 tick 才能判斷（本表為收盤後資料；歷史觸發見 Intraday Replay）,SECTOR_CONFIRMED
2026-10-05,3443,創意,STAGE_WATCH,2,50,TAIEX Stage 2,電子工業 Stage 2,0.3987076682424522,0.7999190938901828,0.8675730851631887,0.9744279946164199,-0.015301176,False,2.4281502,2.4216442,,1.1563275434243172,0.9982828,0.775,,0.0,0.0,8600.0,5623.200000000001,0.34613953488372096,6.092865292260551,,True,0.010465116279069653,2.889008331093792,0.9911775193608928,盤中 tick 才能判斷（本表為收盤後資料；歷史觸發見 Intraday Replay）,SECTOR_CONFIRMED
2026-10-05,3518,柏騰,STAGE_WATCH,2,24,TAIEX Stage 2,電子工業 Stage 2,0.44656129245075715,0.7845731117473276,0.4223155563143297,0.9286675639300135,0.03104331,False,0.75372595,0.80968773,,0.9736842105263179,2.0244498,0.90833336,2.7730956,0.0,0.0,48.75,28.511999999999993,0.4151384615384617,8.419970321759513,,True,0.0,2.4088348651052467,0.9885700707261916,盤中 tick 才能判斷（本表為收盤後資料；歷史觸發見 Intraday Replay）,SECTOR_CONFIRMED
2026-10-05,2466,冠西電,STAGE_WATCH,2,15,TAIEX Stage 2,光電業 Stage 2,0.5526966716288271,0.5033128859619858,0.5126148339201078,0.9394347240915208,0.049084395,False,-0.16866104,1.1658703,,0.7734553775743711,1.553398,0.8333333,2.5361133,0.0,0.0,155.0,94.14899999999999,0.3925870967741937,7.606375209316574,,True,0.0,2.547205469096645,0.9885700707261916,盤中 tick 才能判斷（本表為收盤後資料；歷史觸發見 Intraday Replay）,SECTOR_CONFIRMED
2026-10-05,2254,巨鎧精密-創,STAGE_WATCH,2,4,TAIEX Stage 2,汽車工業 Stage 3,0.4449813056173131,0.43692648305274373,0.5089872265773276,0.639300134589502,-0.024495596,False,-0.12071408,0.20937042,,0.6637478108581429,0.76447874,0.9916667,1.2287669,3.0,0.0,94.8,60.786,0.35879746835443027,11.757926068339707,0.001054852269589901,False,0.002109704641350074,0.002939965754016659,0.9846548994374478,盤中 tick 才能判斷（本表為收盤後資料；歷史觸發見 Intraday Replay）,NOT_LEADER
2026-10-05,6672,騰輝電子-KY,STAGE_WATCH,2,64,TAIEX Stage 2,電子零組件業 Stage 2,0.6307779448911994,0.8200611829838835,0.3868838397680594,0.9730820995962315,0.05023865,False,1.6434304,1.856386,,1.3282442748091592,1.3584906,0.8833333,1.7353435,0.0,0.0,451.0,275.22,0.3897560975609755,8.108467906659115,,True,0.014412416851441234,2.5657071339173974,0.9823651852918657,盤中 tick 才能判斷（本表為收盤後資料；歷史觸發見 Intraday Replay）,SECTOR_CONFIRMED
2026-10-05,1303,南亞,STAGE_WATCH,2,60,TAIEX Stage 2,塑膠工業 Stage 2,0.21006669461162075,0.4825171331058693,0.4844562020463048,0.9825033647375505,0.017090626,False,1.6810813,1.7137245,,0.7654320987654324,1.1376811,0.275,1.329459,0.0,0.0,286.0,215.82,0.24538461538461542,4.839999927827963,,True,-1.1102230246251565e-16,4.075235109717868,0.980739728148704,盤中 tick 才能判斷（本表為收盤後資料；歷史觸發見 Intraday Replay）,INDEPENDENT
2026-10-05,7792,安葆,STAGE_WATCH,2,1,TAIEX Stage 2,其他電子業 Stage 2,0.3536539655855848,0.9010135639362655,0.7554646054076497,0.5464333781965006,-0.018083025,False,0.865458,1.4516512,,1.3290488431876604,0.9785624,0.93333334,,0.0,0.0,438.5,293.5349999999999,0.33059293044469806,6.352144075494706,,True,0.033067274800456126,3.0248680716034886,0.9804022685319046,盤中 tick 才能判斷（本表為收盤後資料；歷史觸發見 Intraday Replay）,NOT_LEADER
2026-10-05,8227,巨有科技,STAGE_WATCH,2,7,TAIEX Stage 2,半導體業 Stage 2,1.2546071945176536,1.3532492097202997,0.7803745693932449,0.9690444145356663,-0.03463314,False,0.8736751,1.1758443,,1.8481481481481503,1.2845336,0.94166666,,1.0,0.0024954788,366.0,153.45,0.5807377049180329,9.03095606851514,0.09900183230638504,False,0.050546448087431806,0.17047598505827766,0.9802188545975131,盤中 tick 才能判斷（本表為收盤後資料；歷史觸發見 Intraday Replay）,SECTOR_CONFIRMED
2026-10-05,2221,大甲,STAGE_WATCH,2,40,TAIEX Stage 2,其他 Stage 2,0.9487359327986997,2.8975548544579115,2.826709730679351,0.9986541049798116,-0.056048103,False,-0.010317131,1.5725946,,3.6919431279620882,1.4451613,0.975,,0.0,0.013094376,186.0,82.86299999999996,0.5545000000000002,7.717359484623869,,True,0.06451612903225801,1.8034265103697018,0.9798893916540976,盤中 tick 才能判斷（本表為收盤後資料；歷史觸發見 Intraday Replay）,INDEPENDENT
2026-10-05,1560,中砂,STAGE_WATCH,2,64,TAIEX Stage 2,電機機械 Stage 2,0.37867759888894414,0.38099773746882715,0.4129894017843625,0.8963660834454913,-0.007713496,False,1.2513548,2.0941882,,0.6719242902208207,0.889441,1.0,0.5587038,0.0,0.0,1040.0,676.1699999999997,0.3498365384615387,8.503539396585962,,True,0.019230769230769162,2.858477860539261,0.976817626409694,盤中 tick 才能判斷（本表為收盤後資料；歷史觸發見 Intraday Replay）,INDEPENDENT
2026-10-05,3016,嘉晶,STAGE_WATCH,2,54,TAIEX Stage 2,電子工業 Stage 2,0.7623376538600202,0.6372990691089828,0.4284598277473586,0.9798115746971736,-0.025391122,False,1.5029775,1.130203,,1.4499015987873682,1.1789697,0.925,,0.0,0.0,181.5,96.52499999999998,0.46818181818181825,7.930999967551835,,True,0.0440771349862259,2.135922330097087,0.9755040395285033,盤中 tick 才能判斷（本表為收盤後資料；歷史觸發見 Intraday Replay）,SECTOR_CONFIRMED
2026-10-05,6168,宏齊,STAGE_WATCH,2,31,TAIEX Stage 2,電子工業 Stage 2,0.622470786683232,0.7871588278404429,0.47263027962435533,0.8277254374158816,-0.029636776,False,1.0212048,1.9475478,,1.4152744630071599,1.0819348,0.98333335,,0.0,0.0,47.1,27.720000000000002,0.41146496815286615,6.617560888613025,,True,0.07430997876857748,2.4303405572755423,0.9754965759666783,盤中 tick 才能判斷（本表為收盤後資料；歷史觸發見 Intraday Replay）,SECTOR_CONFIRMED
2026-10-05,3094,聯傑,STAGE_WATCH,2,22,TAIEX Stage 2,電子工業 Stage 2,0.547154721311663,0.818478483938337,0.5365570423824406,0.9703903095558546,0.0067252927,False,0.8597119,2.1763935,,1.1617647058823537,1.2821128,1.0,1.5957142,0.0,0.05028578,69.0,39.89699999999998,0.42178260869565254,6.503463817777098,,True,0.0652173913043479,2.3708895990104093,0.9746691632691057,盤中 tick 才能判斷（本表為收盤後資料；歷史觸發見 Intraday Replay）,SECTOR_CONFIRMED
2026-10-05,2033,佳大,STAGE_WATCH,2,9,TAIEX Stage 2,鋼鐵工業 Stage 1,0.9120351532279445,1.9995422917932002,2.1205748004290585,0.971736204576043,0.030461933,False,-0.23144047,1.2587358,,2.753333333333337,1.4950495,1.0,3.3991792,0.0,0.0077640717,51.0,24.205499999999994,0.5253823529411766,7.465134150087398,,True,0.10392156862745106,1.9033756927727699,0.9743338360985419,盤中 tick 才能判斷（本表為收盤後資料；歷史觸發見 Intraday Replay）,INDEPENDENT
2026-10-05,2340,台亞,STAGE_WATCH,2,43,TAIEX Stage 2,光電業 Stage 2,0.4310092885166532,0.43035327834979076,0.2798754567046904,0.8263795423956931,0.042157926,False,0.8882034,1.4847411,,0.8733705772811915,1.829885,0.93333334,2.356667,2.0,0.0,50.3,30.39299999999998,0.3957654075546724,7.895127615662951,0.0021541216410696507,False,-1.1102230246251565e-16,0.005442925531009359,0.9738881783934021,盤中 tick 才能判斷（本表為收盤後資料；歷史觸發見 Intraday Replay）,SECTOR_CONFIRMED
2026-10-05,2030,彰源,STAGE_WATCH,2,36,TAIEX Stage 2,鋼鐵工業 Stage 1,0.4928721244758738,0.9359865431540109,0.9919008700543521,0.9353970390309556,-0.011667965,False,-0.419204,0.69270736,,1.388059701492537,1.6851064,1.0,,0.0,0.15997061,36.9,21.879,0.40707317073170723,7.092546106668155,,True,0.08401084010840099,2.4565608148591975,0.9733518306466344,盤中 tick 才能判斷（本表為收盤後資料；歷史觸發見 Intraday Replay）,INDEPENDENT
2026-10-05,8111,立碁,STAGE_WATCH,2,4,TAIEX Stage 2,光電業 Stage 2,0.22567126977501895,0.3866660131051527,0.7656798899497572,0.6850605652759085,0.023637636,False,0.043938976,1.3913025,,0.7398523985239847,1.1453363,0.71666664,2.6345453,0.0,0.0,94.3,66.924,0.290307529162248,5.636235259240603,,True,0.0,3.444623027469318,0.9702992713787202,盤中 tick 才能判斷（本表為收盤後資料；歷史觸發見 Intraday Replay）,NOT_LEADER
2026-10-05,3055,蔚華科,STAGE_WATCH,2,25,TAIEX Stage 2,電子工業 Stage 2,0.5686208032779876,0.8395522548468726,0.201973041797036,0.9865410497981157,-0.01841539,False,0.9617333,2.19039,,1.5740318906605912,0.88045543,0.65833336,,0.0,0.0,216.5,126.72000000000004,0.41468822170900677,6.849700350813191,,True,0.04387990762124683,2.4114502116284258,0.9679999612250775,盤中 tick 才能判斷（本表為收盤後資料；歷史觸發見 Intraday Replay）,SECTOR_CONFIRMED
2026-10-05,3037,欣興,MOMENTUM(FULL),2,55,TAIEX Stage 2,電子零組件業 Stage 2,0.35148534224402117,0.24204396542152917,0.4483694614404452,0.9125168236877523,0.010919317,False,1.5029174,1.7827376,,0.6864608076009502,1.2167952,0.80833334,1.5232339,0.0,0.0,1325.0,864.2700000000001,0.34772075471698105,7.371679662118804,,True,0.07169811320754715,2.8758709005274246,0.9673415684498053,盤中 tick 才能判斷（本表為收盤後資料；歷史觸發見 Intraday Replay）,SECTOR_CONFIRMED
2026-10-05,3653,健策,STAGE_WATCH,2,58,TAIEX Stage 2,電子零組件業 Stage 2,0.19911912769527307,0.499377360342832,1.1785700160218135,0.8411843876177658,-0.011334508,False,1.0090396,1.819265,,1.035567715458277,0.9986755,0.5833333,0.9438866,0.0,0.0,7205.0,5157.899999999998,0.2841221374045805,4.945538973813089,,True,0.032616238723108815,3.5196131112305173,0.9660466404731768,盤中 tick 才能判斷（本表為收盤後資料；歷史觸發見 Intraday Replay）,SECTOR_CONFIRMED
2026-10-05,3105,穩懋,STAGE_WATCH,2,45,TAIEX Stage 2,半導體業 Stage 2,0.2933286668137156,0.490223880726383,0.40033113726827696,0.6191117092866757,0.0315786,False,2.4893672,2.1077926,,1.1105527638190944,1.2380953,0.59166664,1.7189641,1.0,0.0,615.0,415.80000000000007,0.3239024390243902,6.485581253550733,0.03143858164548874,False,0.03143858209801009,0.09706188610429507,0.9657209093106738,盤中 tick 才能判斷（本表為收盤後資料；歷史觸發見 Intraday Replay）,NOT_LEADER
2026-10-05,3219,倚強股份,STAGE_WATCH,2,6,TAIEX Stage 2,半導體業 Stage 2,0.3303136884367752,0.6704860269571176,0.6348717795088279,0.9044414535666218,-0.029971553,False,0.46627313,1.0215263,,1.2952218430034157,1.2003244,1.0,,0.0,0.050577205,128.0,80.48699999999998,0.37119531250000015,6.987205738752071,,True,0.05078125,2.6939995369688283,0.9653508688121694,盤中 tick 才能判斷（本表為收盤後資料；歷史觸發見 Intraday Replay）,SECTOR_CONFIRMED
2026-10-05,3498,陽程,STAGE_WATCH,2,45,TAIEX Stage 2,其他電子業 Stage 2,0.1477198808861302,1.0109068673779564,0.8921071285256839,0.9542395693135935,-0.02336391,False,0.15754196,1.5289813,,1.666290868094701,1.2575488,0.51666665,1.4724787,0.0,0.0,236.5,171.76500000000001,0.27372093023255806,4.1572935170988385,,True,0.0,3.653355989804589,0.9634477216234185,盤中 tick 才能判斷（本表為收盤後資料；歷史觸發見 Intraday Replay）,SECTOR_CONFIRMED
2026-10-05,3189,景碩,STAGE_WATCH,2,52,TAIEX Stage 2,電子工業 Stage 2,0.3288522733592487,0.1639808088458019,0.36335875644554827,0.9676985195154778,0.01299601,False,1.768439,2.0049143,,0.6570605187319882,1.2118812,0.55,1.527505,0.0,0.0,1095.0,758.3400000000001,0.3074520547945204,6.065945761553815,,True,0.05022831050228316,3.2525396542505804,0.9624518692313467,盤中 tick 才能判斷（本表為收盤後資料；歷史觸發見 Intraday Replay）,SECTOR_CONFIRMED
2026-10-05,6620,漢達,STAGE_WATCH,2,5,TAIEX Stage 2,生技醫療業 Stage 1,0.40574496592014464,0.5799269934411551,0.25247717190213725,0.9111709286675639,-0.0018087903,False,0.13824973,0.28381574,,1.0945945945945939,0.9910335,0.64166665,0.91687757,2.0,0.07752015,146.0,96.12899999999996,0.3415821917808223,4.33660862922463,0.029865475371479988,False,0.06164383561643816,0.08743276461743446,0.961610581672874,盤中 tick 才能判斷（本表為收盤後資料；歷史觸發見 Intraday Replay）,INDEPENDENT
2026-10-05,6933,AMAX-KY,STAGE_WATCH,2,7,TAIEX Stage 2,電腦及週邊設備業 Stage 2,0.18747222636074423,1.1524655858597521,1.630634113428367,0.8909825033647375,-0.013653618,False,0.27874464,1.7083046,,1.8581314878892732,1.037037,0.65833336,1.1033071,1.0,0.04896424,384.0,277.695,0.27683593750000013,3.6123058482399006,0.014050333760678768,False,0.07552083333333326,0.05075328690184511,0.9616073830035206,盤中 tick 才能判斷（本表為收盤後資料；歷史觸發見 Intraday Replay）,INDEPENDENT
2026-10-05,6505,台塑化,STAGE_WATCH,2,13,TAIEX Stage 2,油電燃氣業 (n/a),0.20483793644168635,0.349724820950009,0.572960290550395,0.8586810228802153,-0.0062577142,False,0.2795599,0.741634,,0.5749235474006127,1.3674121,0.775,0.7427054,0.0,0.007577904,98.6,74.646,0.24294117647058822,5.223613799868308,,True,0.04462474645030445,4.116222760290557,0.9586870118440984,盤中 tick 才能判斷（本表為收盤後資料；歷史觸發見 Intraday Replay）,INDEPENDENT
2026-10-05,3311,閎暉,STAGE_WATCH,2,2,TAIEX Stage 2,通信網路業 Stage 2,0.47500416566303394,0.4223323115136812,0.23302763061773435,0.7483176312247645,0.04341002,False,0.30917308,0.5835124,,0.6677316293929716,1.619394,1.0,8.25127,0.0,0.0,49.5,31.085999999999988,0.3720000000000002,7.334168038164721,,True,0.054545454545454675,2.688172043010751,0.9582093674454232,盤中 tick 才能判斷（本表為收盤後資料；歷史觸發見 Intraday Replay）,NOT_LEADER
2026-10-05,1569,濱川,STAGE_WATCH,2,2,TAIEX Stage 2,電腦及週邊設備業 Stage 2,0.4247596202400221,0.4196020794439552,0.3490863308273777,0.5020188425302826,-0.011116769,False,0.4009859,1.2686957,,0.844155844155845,1.1902719,0.9916667,2.107562,3.0,0.013506028,68.5,44.94599999999999,0.34385401459854026,6.239470217767955,2.220446049250313e-16,False,0.04379562043795615,6.457525446788078e-16,0.9577082190219126,盤中 tick 才能判斷（本表為收盤後資料；歷史觸發見 Intraday Replay）,NOT_LEADER
2026-10-05,3167,大量,STAGE_WATCH,2,65,TAIEX Stage 2,電機機械 Stage 2,0.2803326091966323,0.29304219419413347,0.14862896880325915,0.7927321668909825,0.015697215,False,2.080138,1.5304142,,0.959064327485379,0.88700086,0.375,,1.0,0.0,996.0,711.8100000000005,0.2853313253012044,5.472709880760263,0.014151070266962051,False,0.014151070242508945,0.049595221457103426,0.9552852505447204,盤中 tick 才能判斷（本表為收盤後資料；歷史觸發見 Intraday Replay）,NOT_LEADER
2026-10-05,6533,晶心科,STAGE_WATCH,2,4,TAIEX Stage 2,半導體業 Stage 2,0.22930566901825045,0.36837129030696714,0.7142024211437863,0.8748317631224765,-8.556093e-05,False,0.07354761,1.1233901,,0.7036027079932576,1.6130856,1.0,1.5628436,1.0,0.08622759,336.0,221.75999999999993,0.3400000000000002,5.611789433621418,0.09552181512117386,False,0.09077380952380953,0.2809465150622759,0.9518167892238661,盤中 tick 才能判斷（本表為收盤後資料；歷史觸發見 Intraday Replay）,SECTOR_CONFIRMED
2026-10-05,6199,天品,STAGE_WATCH,2,3,TAIEX Stage 2,其他 Stage 2,0.31825997192254474,0.266569071638292,0.1905395923402231,0.5208613728129206,-0.012097572,False,0.33675513,0.5547238,,0.4922048997772823,0.7625272,1.0,1.787714,4.0,0.0,133.5,88.90200000000003,0.3340674157303368,8.553040741705756,4.440892098500626e-16,False,0.0037453183520599342,1.3293400940621418e-15,0.9497446221128149,盤中 tick 才能判斷（本表為收盤後資料；歷史觸發見 Intraday Replay）,NOT_LEADER
2026-10-05,3374,精材,STAGE_WATCH,2,38,TAIEX Stage 2,半導體業 Stage 2,0.1621990475527979,0.45780788231694736,0.44923718377644106,0.9663526244952894,0.012465976,False,1.0877279,2.3447049,,0.7565217391304364,0.67881113,0.06666667,,0.0,0.0,498.5,398.96999999999974,0.19965897693079282,3.919606225316407,,True,0.013039117352056095,5.008540138651652,0.9474549079672328,盤中 tick 才能判斷（本表為收盤後資料；歷史觸發見 Intraday Replay）,SECTOR_CONFIRMED
2026-10-05,6196,帆宣,STAGE_WATCH,2,72,TAIEX Stage 2,電子工業 Stage 2,0.27394904755279703,0.21689040997567233,0.15661737420747768,0.9138627187079408,0.03227561,False,1.402975,1.4287311,,0.47608695652174005,1.406504,0.725,1.7084388,0.0,0.0,679.0,494.01000000000005,0.2724447717231221,7.485144677672363,,True,0.0,3.6704686739823793,0.945176922275947,盤中 tick 才能判斷（本表為收盤後資料；歷史觸發見 Intraday Replay）,SECTOR_CONFIRMED
2026-10-05,8046,南電,STAGE_WATCH,2,64,TAIEX Stage 2,電子零組件業 Stage 2,0.300208306812056,0.23321741321791323,0.26596880708832105,0.9300134589502019,0.016183926,False,1.2746686,1.4748762,,0.6489361702127652,1.2327869,0.68333334,1.2451626,0.0,0.0,1495.0,999.9000000000004,0.33117056856187255,6.18875023335977,,True,0.03678929765886285,3.0195920016158384,0.9405969608732239,盤中 tick 才能判斷（本表為收盤後資料；歷史觸發見 Intraday Replay）,SECTOR_CONFIRMED
2026-10-05,2527,宏璟,STAGE_WATCH,2,38,TAIEX Stage 2,建材營造 Stage 1,0.11502312162687134,0.04700505011767819,0.21111936059560987,0.7321668909825033,-0.0037923185,False,1.065951,0.7890062,,0.3134198995561337,1.3904762,0.71666664,2.5329998,1.0,0.0,51.8,41.87699999999999,0.1915637065637068,5.975139835098759,0.05094291642308235,False,0.02895752895752879,0.26593198334330975,0.9376632479644604,盤中 tick 才能判斷（本表為收盤後資料；歷史觸發見 Intraday Replay）,NOT_LEADER
2026-10-05,2409,友達,STAGE_WATCH,2,38,TAIEX Stage 2,電子工業 Stage 2,0.3867588403964879,0.4709076013094431,0.25725194623458036,0.9205921938088829,0.0003101746,False,0.58814156,1.0618492,,0.8611111111111107,1.2489451,0.90833336,1.7602218,0.0,0.010535342,39.05,26.086500000000008,0.3319718309859153,5.377451883721081,,True,0.11523687580025599,3.012303775986425,0.9374633075717425,盤中 tick 才能判斷（本表為收盤後資料；歷史觸發見 Intraday Replay）,SECTOR_CONFIRMED
2026-10-05,6691,洋基工程,STAGE_WATCH,2,94,TAIEX Stage 2,電子工業 Stage 2,0.23269863295909987,0.12705707884041129,0.17201471728232343,0.6971736204576043,0.024011409,False,1.1169728,1.1144187,,0.42658600171412275,1.6229508,0.95,2.6891572,0.0,0.0,794.0,592.0199999999996,0.2543828715365244,7.250564296706126,,True,0.0,3.9310822853747824,0.9370203154243972,盤中 tick 才能判斷（本表為收盤後資料；歷史觸發見 Intraday Replay）,NOT_LEADER
2026-10-05,2426,鼎元,STAGE_WATCH,2,38,TAIEX Stage 2,電子工業 Stage 2,0.11594904755279711,0.6643137954327716,0.46404803878099843,0.9192462987886945,0.01575261,False,1.5361195,1.8974953,,1.2937625754527162,1.1302428,0.075,0.63766176,0.0,0.0,114.0,89.69400000000002,0.2132105263157894,3.840677179961962,,True,0.0,4.690199950629475,0.9360415226022113,盤中 tick 才能判斷（本表為收盤後資料；歷史觸發見 Intraday Replay）,SECTOR_CONFIRMED
2026-10-05,2444,兆勁,STAGE_WATCH,1,3,TAIEX Stage 2,電子工業 Stage 2,0.41594904755279716,0.38027623674732625,0.19366004168492812,0.5989232839838493,-0.0112027265,False,0.37215164,0.9712864,3.0,0.6792452830188689,1.3638676,1.0,2.9930754,1.0,0.0,16.2,10.692,0.33999999999999997,5.07315764009786,0.07407407462596893,False,0.09876543209876565,0.21786492537049687,0.9356875365270853,盤中 tick 才能判斷（本表為收盤後資料；歷史觸發見 Intraday Replay）,NOT_LEADER
2026-10-05,6526,達發,STAGE_WATCH,2,23,TAIEX Stage 2,電子工業 Stage 2,0.25086968247343155,0.20052741414135955,0.19503982573968504,0.845222072678331,-0.020558884,False,1.4431652,1.4349934,,0.6921606118546844,1.0650887,0.95,,0.0,0.0,841.0,600.9300000000001,0.2854577883472057,5.991051570987857,,True,0.05231866825208087,3.5031449160661476,0.9353714013726429,盤中 tick 才能判斷（本表為收盤後資料；歷史觸發見 Intraday Replay）,SECTOR_CONFIRMED
2026-10-05,8996,高力,STAGE_WATCH,2,59,TAIEX Stage 2,電機機械 Stage 2,0.2619406087342324,0.28556258035966153,0.12136096395106777,0.7119784656796769,-0.02710335,False,1.1150335,1.9818125,,0.8750000000000011,1.0603448,0.55,,1.0,0.018522646,1595.0,1158.2999999999995,0.27379310344827623,3.8572870035845366,0.05329153686761856,False,0.05329153605015602,0.1946416333955839,0.9333759037309765,盤中 tick 才能判斷（本表為收盤後資料；歷史觸發見 Intraday Replay）,NOT_LEADER
2026-10-05,4556,旭然,STAGE_WATCH,2,26,TAIEX Stage 2,其他 Stage 2,0.8088600581108669,0.3905048769398647,0.275676924863119,0.9959623149394348,0.044882637,False,0.45411494,1.4659724,,0.9015151515151516,1.2396396,0.625,2.1837685,2.0,0.004157446,125.5,65.93399999999998,0.4746294820717133,6.835442516702132,0.09960159659385681,False,0.09960159362549814,0.20985126368278928,0.9317349863526058,盤中 tick 才能判斷（本表為收盤後資料；歷史觸發見 Intraday Replay）,SECTOR_CONFIRMED
2026-10-05,1727,中華化,STAGE_WATCH,2,60,TAIEX Stage 2,化學生技醫療 Stage 2,0.23321362154382852,0.44694290341399334,0.19437986616844327,0.8950201884253028,-0.013930097,False,0.67407846,1.0001001,,0.946107784431139,1.558753,0.8,1.7127769,0.0,0.017600449,117.5,85.33799999999998,0.27371914893617044,3.1031564511548533,,True,0.10638297872340408,3.6533797649399884,0.9283300403442425,盤中 tick 才能判斷（本表為收盤後資料；歷史觸發見 Intraday Replay）,SECTOR_CONFIRMED
2026-10-05,3605,宏致,STAGE_WATCH,2,15,TAIEX Stage 2,電子零組件業 Stage 2,0.38319795584974004,0.4581787637910959,0.7898279974517719,0.9502018842530283,-0.04897449,False,1.0904434,1.7918942,,1.4742215685032716,0.9978308,0.9,0.50964093,0.0,0.091021,168.0,112.36500000000004,0.33116071428571403,4.56826994012133,,True,0.1339285714285714,3.0196818549474274,0.9272284468886257,盤中 tick 才能判斷（本表為收盤後資料；歷史觸發見 Intraday Replay）,SECTOR_CONFIRMED
2026-10-05,5434,崇越,STAGE_WATCH,2,52,TAIEX Stage 2,電子通路業 Stage 2,0.09241963578809131,0.09835089293593025,0.16122537400183812,0.7833109017496636,0.021045867,False,0.5475347,0.9134714,,0.2585858585858585,1.304878,0.41666666,2.5937488,0.0,0.0,620.0,512.82,0.17287096774193533,6.226224149708644,,True,0.004838709677419395,5.784661317409969,0.9259267969947306,盤中 tick 才能判斷（本表為收盤後資料；歷史觸發見 Intraday Replay）,NOT_LEADER
2026-10-05,6456,GIS-KY,MOMENTUM(PROBED),2,19,TAIEX Stage 2,光電業 Stage 2,0.2601626974044291,0.3558462693206148,0.17839075910935343,0.7738896366083445,-0.0237668,False,1.0363009,1.0717595,,0.7527472527472527,1.4727669,0.925,1.5920355,1.0,0.052237287,90.6,60.78600000000001,0.3290728476821191,5.506543593437185,0.049668874591588974,False,0.05629139072847722,0.15093580324672848,0.9247443180385458,盤中 tick 才能判斷（本表為收盤後資料；歷史觸發見 Intraday Replay）,NOT_LEADER
2026-10-05,6227,茂綸,STAGE_WATCH,2,22,TAIEX Stage 2,電子通路業 Stage 2,0.17701099445545165,0.0652762323815359,0.1271669708206753,0.7806191117092867,-0.00316373,False,0.12189427,0.48441187,,0.40277777777777724,1.0519031,0.8,1.8549087,0.0,0.0,142.5,109.89000000000003,0.22884210526315762,4.022378902652987,,True,0.06315789473684208,4.369825206991726,0.9226444291264306,盤中 tick 才能判斷（本表為收盤後資料；歷史觸發見 Intraday Replay）,NOT_LEADER
2026-10-05,6218,豪勉,STAGE_WATCH,2,41,TAIEX Stage 2,通信網路業 Stage 2,0.3572636015434072,0.6599863816748623,0.7057283605447415,0.784656796769852,-0.032944478,False,-0.049972158,1.2658185,,1.2186495176848884,0.6445498,0.8666667,,0.0,0.069774844,61.4,41.085,0.33086319218241034,5.069696777004568,,True,0.12377850162866477,3.022397243416196,0.9177432806610387,盤中 tick 才能判斷（本表為收盤後資料；歷史觸發見 Intraday Replay）,NOT_LEADER
2026-10-05,2305,全友,STAGE_WATCH,2,38,TAIEX Stage 2,電腦及週邊設備業 Stage 2,0.8362148282836939,1.0655314352350373,0.5574088539463264,0.9650067294751009,-0.097136736,False,0.6045505,1.3396012,,1.8210116731517503,1.3573377,0.925,0.6681417,0.0,0.051495623,57.8,28.759500000000003,0.5024307958477507,5.569410813386185,,True,0.25432525951557095,1.9903238580602955,0.914168320054144,盤中 tick 才能判斷（本表為收盤後資料；歷史觸發見 Intraday Replay）,INDEPENDENT
2026-10-05,2455,全新,STAGE_WATCH,2,38,TAIEX Stage 2,電子工業 Stage 2,0.07023476183851152,0.5093084948118423,0.7219828544983322,0.9057873485868102,0.013716952,False,1.7905763,2.1232097,,1.0233333333333348,0.7203792,0.041666668,,0.0,0.0,606.0,486.0899999999999,0.19787128712871305,4.016124589760685,,True,0.0016501650165017256,5.053790342757063,0.913855551965996,盤中 tick 才能判斷（本表為收盤後資料；歷史觸發見 Intraday Replay）,SECTOR_CONFIRMED
2026-10-05,6426,統新,STAGE_WATCH,2,43,TAIEX Stage 2,通信網路業 Stage 2,0.2624650550857537,0.7955878128840623,0.8080713623961584,0.800807537012113,-0.013463348,False,1.8710568,1.6802737,,1.7426204620927792,0.9075938,0.5,0.8757264,0.0,0.053332493,357.5,248.49000000000012,0.30492307692307663,4.0697068194011905,,True,0.15244755244755281,3.2795156407669053,0.9128658883796321,盤中 tick 才能判斷（本表為收盤後資料；歷史觸發見 Intraday Replay）,SECTOR_CONFIRMED
2026-10-05,3543,州巧,STAGE_WATCH,1,7,TAIEX Stage 2,電子工業 Stage 2,0.11862165334344321,0.35568607281289943,0.6893434200914179,0.4791386271870794,-0.003857904,False,-0.19715118,0.999817,7.0,0.7200622083981336,1.4545455,0.725,2.4980586,4.0,0.024312371,54.0,40.59,0.2483333333333333,6.310588103399634,0.01189639512449503,False,0.06821377902388348,0.0479049468100471,0.9100602932595206,盤中 tick 才能判斷（本表為收盤後資料；歷史觸發見 Intraday Replay）,NOT_LEADER
2026-10-05,7711,永擎,STAGE_WATCH,2,25,TAIEX Stage 2,電腦及週邊設備業 Stage 2,0.01855774320497172,0.6340798328745745,0.9781742104222972,0.9152086137281292,0.031972583,False,0.30429646,2.4143734,,1.331606217616581,0.8782936,0.56666666,1.2984288,1.0,0.018017877,634.0,433.6199999999998,0.31605678233438517,5.760410727217051,0.06466876715421677,False,0.06466876971608748,0.20461123054083935,0.9084375156345217,盤中 tick 才能判斷（本表為收盤後資料；歷史觸發見 Intraday Replay）,INDEPENDENT
2026-10-05,6122,擎邦,MOMENTUM(PROBED),2,3,TAIEX Stage 2,電機機械 Stage 2,0.10670049263950188,0.20361670783940244,0.19010220571818026,0.5908479138627187,-0.0071144807,False,0.1331973,0.20998228,,0.42035398230088483,1.3994169,1.0,2.803732,0.0,0.01742834,61.8,49.00500000000002,0.20703883495145603,6.708988791893635,,True,0.03883495145631066,4.830011723329432,0.9055086007297888,盤中 tick 才能判斷（本表為收盤後資料；歷史觸發見 Intraday Replay）,NOT_LEADER
2026-10-05,6133,金橋,STAGE_WATCH,2,2,TAIEX Stage 2,電子工業 Stage 2,0.19993562350606853,0.3153200458137906,0.13771363264095737,0.6285329744279946,-0.019205188,False,0.024356987,1.2196672,,0.6322802198551816,1.191274,0.975,1.2140936,0.0,0.04093081,29.25,21.582,0.2621538461538462,4.4823382281245685,,True,0.05982905982905984,3.814553990610328,0.9051679284832677,盤中 tick 才能判斷（本表為收盤後資料；歷史觸發見 Intraday Replay）,NOT_LEADER
2026-10-05,6416,瑞祺電通,STAGE_WATCH,2,14,TAIEX Stage 2,電子工業 Stage 2,0.16725794807635763,0.04047041150460684,0.1771529751513934,0.7765814266487214,-0.0056694574,False,0.2581436,1.0580584,,0.44186046511627897,0.8776844,0.7,0.7935169,5.0,0.016976006,119.5,94.84199999999998,0.2063430962343097,4.967079096910485,0.035730764269828796,False,0.03765690376569042,0.17316190811276422,0.9035430044516648,盤中 tick 才能判斷（本表為收盤後資料；歷史觸發見 Intraday Replay）,NOT_LEADER
2026-10-05,6187,萬潤,STAGE_WATCH,2,33,TAIEX Stage 2,其他電子業 Stage 2,0.062102893706643236,0.1483613431303048,0.4930693696577795,0.7106325706594886,0.021570127,False,0.97399086,1.9195575,,0.5901814300960517,1.485342,0.33333334,2.3123548,0.0,0.0,1490.0,1168.2,0.21597315436241615,4.352850191221659,,True,0.0,4.630205096333126,0.9027625666478881,盤中 tick 才能判斷（本表為收盤後資料；歷史觸發見 Intraday Replay）,NOT_LEADER
2026-10-05,5292,華懋,STAGE_WATCH,2,61,TAIEX Stage 2,綠能環保 Stage 3,0.04380292883133641,0.3461516076672073,0.15935790699051422,0.5585464333781965,0.017464131,False,0.67177814,1.1570565,,0.6141479099678462,1.4078947,0.4,2.5451212,0.0,0.0,247.0,205.91999999999987,0.16631578947368464,4.979393786883305,,True,0.0161943319838056,6.012658227848085,0.8991667291829403,盤中 tick 才能判斷（本表為收盤後資料；歷史觸發見 Intraday Replay）,NOT_LEADER
2026-10-05,4566,時碩工業,STAGE_WATCH,2,20,TAIEX Stage 2,電機機械 Stage 2,0.14806351496138248,-0.0030090658463348685,0.15104679994680703,0.3472409152086137,-0.0044146916,False,0.603567,0.78301334,,0.2779552715654956,1.3526971,0.8833333,2.5129747,3.0,0.0,77.5,61.97399999999999,0.2003354838709679,5.843118202887054,0.032258063554763794,False,0.032258064516129226,0.16102021934137525,0.8978574071942209,盤中 tick 才能判斷（本表為收盤後資料；歷史觸發見 Intraday Replay）,NOT_LEADER
2026-10-05,3017,奇鋐,STAGE_WATCH,2,66,TAIEX Stage 2,電腦及週邊設備業 Stage 2,0.0023126839164335777,0.10811182561783239,0.4656455363727747,0.7981157469717362,0.001666297,False,1.1517297,1.7914687,,0.5481516934558364,1.2124493,0.06666667,1.5169631,1.0,0.0,3585.0,3068.999999999999,0.14393305439330562,2.7260377299304643,0.0027894002851098776,False,0.029288702928870203,0.019379845004106392,0.8962276851585879,盤中 tick 才能判斷（本表為收盤後資料；歷史觸發見 Intraday Replay）,NOT_LEADER
2026-10-05,6870,騰雲,STAGE_WATCH,2,19,TAIEX Stage 2,數位雲端 (n/a),0.02706015866390854,0.10398560577218263,0.23430401415875113,0.9084791386271871,-0.02271312,False,0.52743423,0.82769424,,0.4137214137214149,0.6743516,0.325,0.36584502,0.0,0.027487801,320.0,277.19999999999993,0.13375000000000015,2.5071129742319562,,True,0.06250000000000022,7.4766355140186835,0.893877103807849,盤中 tick 才能判斷（本表為收盤後資料；歷史觸發見 Intraday Replay）,INDEPENDENT
2026-10-05,2855,統一證,STAGE_WATCH,2,48,TAIEX Stage 2,金融保險 Stage 2,0.06614667601129565,0.1707418686763731,0.06778953537963939,0.882907133243607,-0.0031366216,False,1.0664201,1.028834,,0.40140845070422637,1.0288714,0.525,0.5624843,0.0,0.0,58.2,49.59899999999998,0.14778350515463956,3.896893354999561,,True,0.025773195876288568,6.766655040111598,0.8919867827073407,盤中 tick 才能判斷（本表為收盤後資料；歷史觸發見 Intraday Replay）,INDEPENDENT
2026-10-05,3147,大綜,STAGE_WATCH,2,19,TAIEX Stage 2,資訊服務業 (n/a),0.195018814994657,0.0386336630024795,0.1662063526237023,0.8331090174966352,0.016046496,False,1.0959053,1.8767837,,0.3051538742713069,1.4647887,0.68333334,2.0204334,0.0,0.042149287,275.0,213.84000000000012,0.2223999999999996,5.111880537429665,0.24285714328289032,False,0.24285714113207613,1.091983557926667,0.8919238755433877,盤中 tick 才能判斷（本表為收盤後資料；歷史觸發見 Intraday Replay）,INDEPENDENT
2026-10-05,5465,富驊,STAGE_WATCH,1,3,TAIEX Stage 2,電腦及週邊設備業 Stage 2,0.2533723604362339,0.3941651256362151,0.29014974104599855,0.6271870794078062,-0.04201729,False,0.46048898,1.046881,3.0,0.7388235294117655,1.4578097,0.9916667,0.561966,5.0,0.15677035,32.7,23.31449999999999,0.28701834862385356,5.214166592729883,0.00847874116152525,False,0.1299694189602445,0.029540763516261823,0.8903349491935959,盤中 tick 才能判斷（本表為收盤後資料；歷史觸發見 Intraday Replay）,NOT_LEADER
2026-10-05,6226,光鼎,STAGE_WATCH,2,38,TAIEX Stage 2,光電業 Stage 2,0.2596990475527974,0.7621143111455746,0.6159979276474377,0.9784656796769852,-0.041153934,False,-1.3585951,0.71263415,,1.7647058823529411,1.2284417,0.76666665,1.6343609,0.0,0.14859802,43.0,29.105999999999995,0.3231162790697675,3.9375707606874424,,True,0.20232558139534906,3.094861091118468,0.886700154448788,盤中 tick 才能判斷（本表為收盤後資料；歷史觸發見 Intraday Replay）,SECTOR_CONFIRMED
2026-10-05,6274,台燿,STAGE_WATCH,2,69,TAIEX Stage 2,電子零組件業 Stage 2,0.23936912190223958,0.04367492955778296,-0.004905500081354486,0.9232839838492598,0.02539486,False,2.3663507,1.733651,,0.459016393442623,0.994709,0.36666667,1.4857213,2.0,0.0073034763,1780.0,1262.2499999999998,0.29087078651685416,5.233574281210102,0.019662922248244286,False,0.07865168539325862,0.06760019623732458,0.8850834600542127,盤中 tick 才能判斷（本表為收盤後資料；歷史觸發見 Intraday Replay）,SECTOR_CONFIRMED
2026-10-05,2454,聯發科,STAGE_WATCH,2,40,TAIEX Stage 2,電子工業 Stage 2,0.10604121345141437,0.19787827756365184,0.20589371322098726,0.9771197846567967,-0.0030867832,False,1.814687,2.1017067,,0.49931600547195587,0.9023569,0.20833333,0.9117263,0.0,0.010365561,5165.0,4296.6,0.1681316553727007,3.835205002887023,,True,0.06098741529525675,5.947719944725939,0.8847614606726222,盤中 tick 才能判斷（本表為收盤後資料；歷史觸發見 Intraday Replay）,SECTOR_CONFIRMED
2026-10-05,8150,南茂,STAGE_WATCH,2,49,TAIEX Stage 2,電子工業 Stage 2,0.3076437725808554,0.307203739624196,0.07734687944402485,0.8936742934051144,0.018521775,False,2.0047367,1.3636181,,0.8219178082191787,1.3953488,0.89166665,2.119378,1.0,0.0,124.0,83.45700000000001,0.3269596774193547,5.197820666190008,0.008064515888690948,False,0.07258064516129026,0.024665169577921663,0.881532998148384,盤中 tick 才能判斷（本表為收盤後資料；歷史觸發見 Intraday Replay）,SECTOR_CONFIRMED
2026-10-05,3711,日月光投控,STAGE_WATCH,2,51,TAIEX Stage 2,電子工業 Stage 2,0.17571135655109926,0.1273350602767369,0.10022763061773365,0.8425302826379543,-0.0005622905,False,1.6050165,1.6049057,,0.34397163120567353,1.0036631,0.5416667,1.1120304,0.0,0.0,742.0,572.2199999999999,0.22881401617250685,6.321595536932562,,True,0.02156334231805923,4.370361644481091,0.8799166039017239,盤中 tick 才能判斷（本表為收盤後資料；歷史觸發見 Intraday Replay）,SECTOR_CONFIRMED
2026-10-05,6174,安碁,STAGE_WATCH,2,26,TAIEX Stage 2,電子零組件業 Stage 2,0.3378056868007413,0.33810756204853054,-0.09841027787899848,0.9421265141318977,0.059777018,False,1.4786521,1.3275565,,0.5572715572715574,1.5422177,0.65833336,1.8937849,1.0,0.035525154,60.5,39.84749999999998,0.34136363636363665,7.762013306473728,0.10743801295757294,False,0.10743801652892593,0.3147318621926235,0.8751489636721381,盤中 tick 才能判斷（本表為收盤後資料；歷史觸發見 Intraday Replay）,SECTOR_CONFIRMED
2026-10-05,3031,佰鴻,STAGE_WATCH,2,29,TAIEX Stage 2,電子工業 Stage 2,0.2670784110024891,0.3138274350044059,-0.011325984371480358,0.360699865410498,-0.0093876505,False,1.197893,0.9270272,,0.6885644768856447,1.2176657,0.84166664,2.2989194,3.0,0.043326914,32.9,22.572000000000003,0.3139209726443768,5.466616268981264,0.017378591001033783,False,0.0773103749614561,0.05535976412993916,0.8725367030730382,盤中 tick 才能判斷（本表為收盤後資料；歷史觸發見 Intraday Replay）,NOT_LEADER
2026-10-05,3324,雙鴻,STAGE_WATCH,2,7,TAIEX Stage 2,其他電子業 Stage 2,0.06409719570094574,0.34254038769072226,0.5887033062934097,0.8048452220726783,-0.027183175,False,0.45757926,1.5608943,,0.9294377067254689,0.84819275,0.71666664,1.2531132,0.0,0.02337251,1550.0,1227.6,0.20800000000000018,3.13444442080622,,True,0.12903225806451601,4.807692307692303,0.8693661952721502,盤中 tick 才能判斷（本表為收盤後資料；歷史觸發見 Intraday Replay）,SECTOR_CONFIRMED
2026-10-05,6715,嘉基,STAGE_WATCH,2,35,TAIEX Stage 2,電子零組件業 Stage 2,0.4785506735690572,0.21499845896954728,0.030210606012151198,0.43741588156123823,-0.01627643,False,1.4970856,1.7374653,,0.6666666666666659,0.87055016,0.93333334,1.3483284,3.0,0.055379353,480.5,308.38500000000005,0.35819979188345474,5.1051060678241456,0.026401331648230553,False,0.16571329035097926,0.0737056029804188,0.8655554361944079,盤中 tick 才能判斷（本表為收盤後資料；歷史觸發見 Intraday Replay）,NOT_LEADER
2026-10-05,6805,富世達,STAGE_WATCH,2,7,TAIEX Stage 2,電子零組件業 Stage 2,0.08540012153847765,0.2820562747127706,0.6815816572362778,0.6608344549125168,-0.02641986,False,1.5612191,2.062887,,1.0665901258197281,1.1513158,0.41666666,1.8484607,0.0,0.017035807,2450.0,1989.9,0.187795918367347,2.812838305768765,,True,0.12244897959183665,5.324929363181916,0.8648006278815181,盤中 tick 才能判斷（本表為收盤後資料；歷史觸發見 Intraday Replay）,NOT_LEADER
2026-10-05,2395,研華,STAGE_WATCH,2,23,TAIEX Stage 2,電子工業 Stage 2,0.013871896217485524,0.06998684767980157,0.29748723100334806,0.9219380888290714,-0.010731779,False,0.23221038,1.4834623,,0.3962962962962959,0.9134438,0.31666666,0.89270437,0.0,0.0,740.0,638.5500000000001,0.1370945945945946,4.265165240456014,,True,0.018918918918918726,7.2942336126170515,0.8616463376658114,盤中 tick 才能判斷（本表為收盤後資料；歷史觸發見 Intraday Replay）,SECTOR_CONFIRMED
2026-10-05,1815,富喬,STAGE_WATCH,2,7,TAIEX Stage 2,電子零組件業 Stage 2,0.04450586121939004,0.44049303476016544,0.31496156629752825,0.46567967698519513,0.018909553,False,1.4637209,1.5210768,,1.1688597824768383,0.6585369,0.19166666,1.3139273,1.0,0.0044627106,128.5,107.08743100556963,0.1666347781667734,3.2942412548468067,0.05058365687727928,False,0.0505836575875489,0.3035600217059943,0.8601536017427007,盤中 tick 才能判斷（本表為收盤後資料；歷史觸發見 Intraday Replay）,NOT_LEADER
2026-10-05,8021,尖點,STAGE_WATCH,2,65,TAIEX Stage 2,電子工業 Stage 2,0.27024167149475553,0.22159360201678568,-0.0015000014547090768,0.7886944818304172,0.025517918,False,2.0134182,1.7589986,,0.748484848484847,1.0595483,0.49166667,2.0718024,2.0,0.0044275955,560.0,406.3950000000002,0.27429464285714245,6.13543493132963,0.10799936950206757,False,0.11511333338464813,0.39373488441885307,0.858302036369237,盤中 tick 才能判斷（本表為收盤後資料；歷史觸發見 Intraday Replay）,NOT_LEADER
2026-10-05,1617,榮星,STAGE_WATCH,2,16,TAIEX Stage 2,電器電纜 Stage 1,0.23288893826317958,0.1900588454429777,-0.0695762465817944,0.7967698519515478,-0.005864743,False,1.1851944,0.89588904,,0.653125,1.8329571,0.8333333,4.4434533,2.0,0.11703117,24.1,17.127000000000002,0.2893360995850621,5.192659496862293,0.03409935534000397,False,0.0975103734439835,0.11785378799571145,0.8579805700992054,盤中 tick 才能判斷（本表為收盤後資料；歷史觸發見 Intraday Replay）,NOT_LEADER
2026-10-05,2069,運錩,STAGE_WATCH,2,41,TAIEX Stage 2,鋼鐵工業 Stage 1,0.09971993060768924,0.1586267522112419,0.28319337647408593,0.6729475100942126,-0.03366347,False,-0.257127,0.120659195,,0.522099447513811,0.9773124,0.95,0.74605095,0.0,0.1437688,24.8,20.196,0.1856451612903225,3.2228000800751486,,True,0.11088709677419395,5.3866203301477,0.8551331052174277,盤中 tick 才能判斷（本表為收盤後資料；歷史觸發見 Intraday Replay）,NOT_LEADER
2026-10-05,6108,競國,STAGE_WATCH,2,33,TAIEX Stage 2,電子工業 Stage 2,0.028747312194880248,0.30527623674732673,0.3108477941054728,0.7725437415881561,-0.0012412376,False,0.63628083,0.49814087,,0.607250755287009,0.98039216,0.45,0.7975143,1.0,0.021065751,25.65,21.185999999999993,0.17403508771929854,4.479999942739811,0.03703703731298447,False,0.03703703703703631,0.21281362165726925,0.8529805857173672,盤中 tick 才能判斷（本表為收盤後資料；歷史觸發見 Intraday Replay）,NOT_LEADER
2026-10-05,2376,技嘉,STAGE_WATCH,2,20,TAIEX Stage 2,電腦及週邊設備業 Stage 2,0.0243655953416706,0.00963670186360499,0.11561484796934174,0.756393001345895,0.008071428,False,0.50204015,1.3453835,,0.28025477707006385,1.2863436,0.29166666,1.9895505,1.0,0.016768916,388.5,337.5899999999999,0.13104247104247124,4.454625018754995,0.03474903479218483,False,0.03474903474903446,0.2651738365107795,0.8490574037948713,盤中 tick 才能判斷（本表為收盤後資料；歷史觸發見 Intraday Replay）,NOT_LEADER
2026-10-05,6532,瑞耘,STAGE_WATCH,2,27,TAIEX Stage 2,半導體業 Stage 2,0.0381935365307533,0.3424172289144276,0.30260579438944646,0.6985195154777928,-0.00925966,False,0.6195818,0.78961855,,0.953846153846154,1.8059558,0.68333334,1.4430381,1.0,0.047017455,112.0,89.79299999999999,0.19827678571428575,3.985871786240815,0.056840553879737854,False,0.13392857142857162,0.28667276239612005,0.8478733394643779,盤中 tick 才能判斷（本表為收盤後資料；歷史觸發見 Intraday Replay）,NOT_LEADER
2026-10-05,9933,中鼎,STAGE_WATCH,2,45,TAIEX Stage 2,其他 Stage 2,0.09599327006010361,0.17626017963209684,0.09742625662333504,0.6379542395693136,0.027321367,False,0.61016667,0.38673258,,0.4530499370431089,1.5306724,0.7916667,6.811954,0.0,0.0,46.35,38.027641125037185,0.17955466828398736,5.990386592165365,,True,0.05177993527508096,5.569334451490726,0.8476063116499674,盤中 tick 才能判斷（本表為收盤後資料；歷史觸發見 Intraday Replay）,NOT_LEADER
2026-10-05,6257,矽格,STAGE_WATCH,2,67,TAIEX Stage 2,電子工業 Stage 2,0.15996818630877785,0.13631488409032122,-0.023577686355680916,0.7267833109017496,0.0002518265,False,1.7006533,1.6379919,,0.49456521739130466,1.2842536,0.85833335,1.6245337,1.0,0.008295999,260.0,201.95999999999998,0.22323076923076934,4.145714378482266,0.05826587975025177,False,0.05826588058608029,0.26101186655867425,0.8474282288311652,盤中 tick 才能判斷（本表為收盤後資料；歷史觸發見 Intraday Replay）,NOT_LEADER
2026-10-05,2404,漢唐,STAGE_WATCH,2,21,TAIEX Stage 2,電子工業 Stage 2,0.18164953064458422,-6.564359455540902e-05,0.03976792551374242,0.7092866756393001,-0.0071198503,False,1.6137546,1.1247859,,0.3659274193548383,1.2607945,1.0,1.0385121,1.0,0.019355638,1310.0,982.0800000000002,0.2503206106870227,5.028346195377045,0.07241512835025787,False,0.07241512488774138,0.2892895161589348,0.8419984186741981,盤中 tick 才能判斷（本表為收盤後資料；歷史觸發見 Intraday Replay）,NOT_LEADER
2026-10-05,3044,健鼎,STAGE_WATCH,2,70,TAIEX Stage 2,電子零組件業 Stage 2,0.05851315011689984,0.28153409838254584,0.12574263170634747,0.7604306864064603,0.003651049,False,1.2281461,1.322488,,0.5842696629213486,0.8279431,0.20833333,1.0999695,1.0,0.01014485,557.0,470.24999999999994,0.15574506283662481,4.583018869169344,0.044721268117427826,False,0.044721267625022376,0.28714405004504084,0.8395920080661611,盤中 tick 才能判斷（本表為收盤後資料；歷史觸發見 Intraday Replay）,NOT_LEADER
2026-10-05,2347,聯強,STAGE_WATCH,2,30,TAIEX Stage 2,電子通路業 Stage 2,0.03863423273798272,-0.09543654044380401,0.055931566890825124,0.5087483176312247,-0.004745747,False,0.18218994,0.64423114,,0.17508813160987113,1.321101,0.75,0.9147265,1.0,0.0020591668,97.0,85.83299999999996,0.1151237113402066,4.737515222239561,0.01340206153690815,False,0.03092783505154606,0.11641443262112347,0.8383008258308134,盤中 tick 才能判斷（本表為收盤後資料；歷史觸發見 Intraday Replay）,NOT_LEADER
2026-10-05,3717,聯嘉投控,STAGE_WATCH,2,23,TAIEX Stage 2,汽車工業 Stage 3,0.17445244891334122,0.09206662976042645,-0.07183723495898597,0.531628532974428,-0.02863881,False,0.75014335,0.5485014,,0.38038277511961804,1.2575758,0.9,1.8753722,1.0,0.19136545,27.75,20.690999999999992,0.25437837837837873,4.451621580771838,0.12632854282855988,False,0.1263285363046176,0.49661666857806086,0.8365542075249561,盤中 tick 才能判斷（本表為收盤後資料；歷史觸發見 Intraday Replay）,NOT_LEADER
2026-10-05,6944,兆聯實業,STAGE_WATCH,2,150,TAIEX Stage 2,綠能環保 Stage 3,0.0871720691355311,-0.09453484637610066,0.05644796236996141,0.4508748317631225,-0.0021546083,False,1.0806342,1.022446,,0.21301775147929058,1.2879819,0.9,1.5731839,2.0,0.008132238,814.0,669.2399999999999,0.17783783783783802,6.454267306871588,0.024570023640990257,False,0.036285289840180424,0.13815970740374448,0.8353537711727089,盤中 tick 才能判斷（本表為收盤後資料；歷史觸發見 Intraday Replay）,NOT_LEADER
2026-10-05,3702,大聯大,MOMENTUM(FULL),2,30,TAIEX Stage 2,電子通路業 Stage 2,0.08261571421946345,-0.13841339643020045,0.08036840224646347,0.5383580080753702,-0.0036065676,False,0.67910105,1.1403842,,0.2973020181623929,1.0144928,0.53333336,0.4837399,2.0,0.02084245,119.0,100.48500000000003,0.15558823529411747,5.290000095919564,0.035285357385873795,False,0.05964500979314802,0.2267867960528753,0.8321907269336458,盤中 tick 才能判斷（本表為收盤後資料；歷史觸發見 Intraday Replay）,NOT_LEADER
2026-10-05,1301,台塑,STAGE_WATCH,2,47,TAIEX Stage 2,塑膠工業 Stage 2,-0.04143299202102346,0.12347042912482098,0.0940621133763544,0.6137281292059219,0.0035420398,False,1.0452129,0.7131472,,0.3459357277882802,1.2416667,0.058333334,0.95869625,5.0,0.0,68.5,60.587999999999994,0.11550364963503656,3.316407282945676,0.01518838107585907,False,0.039416058394160736,0.13149697973917412,0.8309716316768363,盤中 tick 才能判斷（本表為收盤後資料；歷史觸發見 Intraday Replay）,NOT_LEADER
2026-10-05,3406,玉晶光,STAGE_WATCH,2,25,TAIEX Stage 2,電子工業 Stage 2,-0.019469721367485482,0.8089782477162477,0.6368838397680625,0.9259757738896366,0.042713694,False,0.91275644,1.5337459,,1.4463519313304731,0.81286174,0.35,0.985384,1.0,0.044594385,1055.0,860.3099999999997,0.18454028436018977,2.969128612054413,0.08056872338056564,False,0.08056872037914697,0.4365915207072611,0.8299447977377363,盤中 tick 才能判斷（本表為收盤後資料；歷史觸發見 Intraday Replay）,SECTOR_CONFIRMED
2026-10-05,3532,台勝科,MOMENTUM(WAIT_CONFIRM),2,38,TAIEX Stage 2,電子工業 Stage 2,0.14823251211972654,0.36603573041821225,0.0620160652378734,0.9488559892328399,-0.008715046,False,0.77191204,0.8966599,,0.9586614173228356,1.0359712,0.06666667,0.76377124,0.0,0.056324977,469.5,381.1499999999999,0.18817891373801932,3.0503081699951933,0.17571884393692017,False,0.1757188498402551,0.9337860467276056,0.8282419696166897,盤中 tick 才能判斷（本表為收盤後資料；歷史觸發見 Intraday Replay）,SECTOR_CONFIRMED
2026-10-05,2357,華碩,STAGE_WATCH,2,19,TAIEX Stage 2,電腦及週邊設備業 Stage 2,-0.05933416562948923,0.09665765484023536,0.3613536859306894,0.8600269179004038,0.00048371663,False,0.32138044,1.3757749,,0.3188220230473753,0.636528,0.075,0.9715619,2.0,0.031160181,995.0,891.0000000000001,0.10452261306532651,5.003436538176162,0.030150754377245903,False,0.035175879396984966,0.2884615442823049,0.8279562218211061,盤中 tick 才能判斷（本表為收盤後資料；歷史觸發見 Intraday Replay）,INDEPENDENT
2026-10-05,6179,亞通,MOMENTUM(WAIT_CONFIRM),2,5,TAIEX Stage 2,其他 Stage 2,0.14026411604594746,0.26181570066363946,0.27136960382925346,0.7146702557200538,-0.021959346,False,0.84831625,0.6831295,,0.7814611978573183,0.6156983,0.8666667,0.31698635,1.0,0.2523442,35.75,28.413,0.20523076923076922,3.194961122678146,0.0009505346533842385,False,0.17202797202797204,0.004631540664915705,0.8256593529868443,盤中 tick 才能判斷（本表為收盤後資料；歷史觸發見 Intraday Replay）,NOT_LEADER
2026-10-05,2103,台橡,W2(TEXTBOOK)(MODERN),2,31,TAIEX Stage 2,橡膠工業 (n/a),-0.06079513849371421,0.13741909389018292,0.1147083028866418,0.7362045760430687,-0.0022687912,False,0.522772,0.6902527,,0.41586538461538414,0.87431693,0.275,0.8694075,2.0,0.005239807,28.6,24.898499999999984,0.12942307692307742,4.336485319163358,0.012237762100994587,False,0.029720279720279352,0.09455625991853137,0.8249239905942718,盤中 tick 才能判斷（本表為收盤後資料；歷史觸發見 Intraday Replay）,NOT_LEADER
2026-10-05,3042,晶技,STAGE_WATCH,2,27,TAIEX Stage 2,電子零組件業 Stage 2,0.19181111651831406,0.15613830571284226,-0.009302466469645054,0.8236877523553163,0.0011607872,False,1.5677491,1.051144,,0.6130136986301364,1.286598,0.51666665,2.0182843,2.0,0.14977859,222.0,168.30000000000004,0.24189189189189175,4.176666696130606,0.11261261254549026,False,0.1261261261261264,0.46554934795342373,0.8244300989446328,盤中 tick 才能判斷（本表為收盤後資料；歷史觸發見 Intraday Replay）,SECTOR_CONFIRMED
2026-10-05,6245,立端,MOMENTUM(WAIT_CONFIRM),2,4,TAIEX Stage 2,通信網路業 Stage 2,0.08677690563426887,0.014266156607837477,0.07234238113749303,0.4993270524899058,-0.011893544,False,0.5717819,0.96771014,,0.2702385927815443,0.80714285,0.525,0.8084381,7.0,0.0,89.1,75.63600000000001,0.15111111111111097,4.466729830157334,0.0030729358550161123,False,0.01683501683501687,0.020335604922900763,0.8228208890524347,盤中 tick 才能判斷（本表為收盤後資料；歷史觸發見 Intraday Replay）,NOT_LEADER
2026-10-05,6207,雷科,STAGE_WATCH,2,22,TAIEX Stage 2,電子零組件業 Stage 2,0.3774875090912586,0.34181469828578703,0.07833224657254623,0.9582772543741588,-0.005384789,False,0.69813234,1.7756677,,0.6989247311827953,1.4792899,0.69166666,1.6124207,0.0,0.117342204,152.0,102.96000000000001,0.3226315789473684,5.536774286399128,0.18895623087882996,False,0.18895623324455446,0.5856718412231272,0.8227806517813194,盤中 tick 才能判斷（本表為收盤後資料；歷史觸發見 Intraday Replay）,SECTOR_CONFIRMED
2026-10-05,7788,松川精密,STAGE_WATCH,2,37,TAIEX Stage 2,電子零組件業 Stage 2,-0.028495396891647484,0.4055055945454904,0.2961891446465439,0.9327052489905787,0.02795845,False,1.11355,1.2472756,,0.8756756756756758,0.89251703,0.083333336,1.4161679,1.0,0.0,332.5,262.84499999999997,0.2094887218045114,4.722372877380007,0.043609023094177246,False,0.04360902255639121,0.20816883466820654,0.8218335664453058,盤中 tick 才能判斷（本表為收盤後資料；歷史觸發見 Intraday Replay）,SECTOR_CONFIRMED
2026-10-05,6538,倉和,STAGE_WATCH,2,21,TAIEX Stage 2,電子零組件業 Stage 2,0.14488677649052706,1.1169429034139946,1.618672791908059,0.9973082099596231,-0.024291858,False,-0.10463752,1.7935922,,2.545454545454549,0.9732938,0.38333333,1.0062829,0.0,0.07961763,335.5,254.92499999999984,0.24016393442622996,2.3210905597924723,,True,0.3949329359165421,4.163822525597261,0.8217047925193507,盤中 tick 才能判斷（本表為收盤後資料；歷史觸發見 Intraday Replay）,SECTOR_CONFIRMED
2026-10-05,5274,信驊,STAGE_WATCH,2,67,TAIEX Stage 2,半導體業 Stage 2,0.009506470521984722,0.04564937107568445,0.3098075948395598,0.8344549125168237,-0.009098556,False,1.5390143,2.1469524,,0.49315068493150727,0.8886738,0.075,0.45908487,0.0,0.013833313,19520.0,16998.299999999996,0.12918545081967236,2.620920576952541,,True,0.11680327868852447,7.740809771186091,0.8214101449890681,盤中 tick 才能判斷（本表為收盤後資料；歷史觸發見 Intraday Replay）,SECTOR_CONFIRMED
2026-10-05,2241,艾姆勒,STAGE_WATCH,2,3,TAIEX Stage 2,電機機械 Stage 2,0.2604745949980525,0.192242048713138,-0.02835167972709307,0.7954239569313594,-0.021981,False,0.5233592,0.45220718,,0.5808580858085819,1.5139056,0.9166667,1.9667411,1.0,0.089308076,46.05,32.47199999999999,0.2948534201954399,5.4545768290882775,0.1074918583035469,False,0.19435396308360442,0.3645603236764127,0.8198715073754632,盤中 tick 才能判斷（本表為收盤後資料；歷史觸發見 Intraday Replay）,NOT_LEADER
2026-10-05,3580,友威科,STAGE_WATCH,2,26,TAIEX Stage 2,其他電子業 Stage 2,0.1791069422896392,0.2543220382740421,0.08059519818530103,0.5356662180349933,-0.03053206,False,0.71762,0.99882805,,0.6315049226441627,1.2637913,0.94166666,0.9359414,3.0,0.11253787,108.0,80.88300000000001,0.2510833333333333,4.69848983534606,0.02399582415819168,False,0.07831033299197876,0.09556916359054105,0.8185461065327211,盤中 tick 才能判斷（本表為收盤後資料；歷史觸發見 Intraday Replay）,NOT_LEADER
2026-10-05,2034,允強,STAGE_WATCH,2,2,TAIEX Stage 2,鋼鐵工業 Stage 1,0.053963575397833585,0.12366248013356995,0.1233155725395707,0.4697173620457604,-0.018552698,False,0.23901376,0.0004582089,,0.37362637362637496,1.8060606,1.0,1.0785434,3.0,0.10691923,23.5,19.849500000000003,0.15534042553191485,3.7578675530006342,0.015360119752585888,False,0.06382978723404276,0.09888037643768482,0.8178569948398465,盤中 tick 才能判斷（本表為收盤後資料；歷史觸發見 Intraday Replay）,NOT_LEADER
2026-10-05,2881,富邦金,STAGE_WATCH,2,20,TAIEX Stage 2,金融保險 Stage 2,-0.050037347005025934,0.08662544309653164,0.1193768369669399,0.8492597577388964,-0.0076101287,False,0.31036064,0.59868383,,0.2672064777327936,0.8,0.125,0.69188786,0.0,0.014173743,152.0,142.56,0.062105263157894774,2.3391150421830784,,True,0.029605263157894912,16.101694915254228,0.8176575352073069,盤中 tick 才能判斷（本表為收盤後資料；歷史觸發見 Intraday Replay）,INDEPENDENT
2026-10-05,6419,京晨科,STAGE_WATCH,2,28,TAIEX Stage 2,光電業 Stage 2,0.09060658179937264,0.027433427382776987,0.12077410949097289,0.7698519515477793,0.014936661,False,1.1864455,1.4197392,,0.5250000000000001,1.220339,0.16666667,9.282479,2.0,0.068008,171.5,141.56999999999994,0.17451895043731824,5.62442939693147,0.06705539673566818,False,0.13411078717201175,0.38422988774363726,0.8165514360428681,盤中 tick 才能判斷（本表為收盤後資料；歷史觸發見 Intraday Replay）,NOT_LEADER
2026-10-05,6902,GOGOLOOK,STAGE_WATCH,2,25,TAIEX Stage 2,數位雲端 (n/a),0.10546517658505539,0.07460822055299365,0.009681905710670069,0.8761776581426649,-0.04913555,False,1.081519,0.895678,,0.5443037974683547,1.1789473,0.81666666,0.8868425,7.0,0.11415327,147.5,119.29499999999996,0.19122033898305113,3.236639293660659,0.006779660936444998,False,0.2406779661016949,0.03545470619130068,0.8161750278714388,盤中 tick 才能判斷（本表為收盤後資料；歷史觸發見 Intraday Replay）,INDEPENDENT
2026-10-05,2408,南亞科,STAGE_WATCH,2,70,TAIEX Stage 2,電子工業 Stage 2,0.02589669153185503,0.034960332607892,0.2514114690015725,0.9367429340511441,0.0018959825,False,1.3464274,1.7161638,,0.5193591455273698,0.7583815,0.033333335,0.829808,1.0,0.015764112,530.0,460.8449999999998,0.13048113207547207,3.232620980287183,0.0735849067568779,False,0.07358490566037723,0.5639505542787242,0.8136128937192462,盤中 tick 才能判斷（本表為收盤後資料；歷史觸發見 Intraday Replay）,SECTOR_CONFIRMED
2026-10-05,6204,艾華,STAGE_WATCH,2,6,TAIEX Stage 2,電子零組件業 Stage 2,0.2000153113264389,0.3599619588329108,0.010997329180355342,0.8694481830417228,0.0047728764,False,1.3984953,1.1874068,,0.8340349732800625,1.1584637,0.60833335,2.4963312,2.0,0.12706648,113.0,82.9870843406546,0.26560102353403003,4.172600028938472,0.10792317241430283,False,0.14396475811209442,0.4063356796532646,0.8090161257783102,盤中 tick 才能判斷（本表為收盤後資料；歷史觸發見 Intraday Replay）,SECTOR_CONFIRMED
2026-10-05,3467,台灣精材,STAGE_WATCH,2,5,TAIEX Stage 2,半導體業 Stage 2,0.28853592013966955,0.39465323355243687,0.1346592734545653,0.7819650067294751,-0.041628398,False,0.6721081,0.5975349,,1.046082949308755,1.0913043,0.875,0.96165764,4.0,0.3242503,71.1,49.50000000000001,0.3037974683544302,3.9170986039417683,0.0042604198679327965,False,0.24894514767932474,0.014023882065278796,0.8053658585829714,盤中 tick 才能判斷（本表為收盤後資料；歷史觸發見 Intraday Replay）,NOT_LEADER
2026-10-05,6922,宸曜,STAGE_WATCH,2,9,TAIEX Stage 2,電腦及週邊設備業 Stage 2,-0.014399211153670377,-0.014325305669126598,0.11414494905348871,0.6218034993270525,-0.026865032,False,0.43007335,1.4521464,,0.37313432835820914,1.247191,0.9,0.84375155,5.0,0.023908356,215.0,179.685,0.16425581395348843,3.939521798787996,0.003653202671557665,False,0.06976744186046502,0.02224093372178671,0.804480159603305,盤中 tick 才能判斷（本表為收盤後資料；歷史觸發見 Intraday Replay）,NOT_LEADER
2026-10-05,4912,聯德控股-KY,STAGE_WATCH,2,2,TAIEX Stage 2,電子零組件業 Stage 2,0.00369721543471746,0.09486852823030834,0.1535494210457271,0.5450874831763123,0.018323746,False,0.61174726,0.9369642,,0.4201964308622268,1.4539236,0.76666665,2.5618114,1.0,0.036798123,109.5,84.14999999999996,0.2315068493150687,5.451613158027629,0.05038405582308769,False,0.0547945205479452,0.21763527071511232,0.8037002723615476,盤中 tick 才能判斷（本表為收盤後資料；歷史觸發見 Intraday Replay）,NOT_LEADER
2026-10-05,4923,力士,STAGE_WATCH,2,21,TAIEX Stage 2,半導體業 Stage 2,0.1877744443781939,0.32396993044101885,-0.12306259494617655,0.8384925975773889,-0.0032765872,False,1.6187519,1.3911382,,0.8041237113402058,0.92420536,0.55,1.196046,2.0,0.21829386,64.1,49.40099999999999,0.22931357254290186,3.5117065962473943,0.045241810381412506,False,0.09984399375975128,0.19729233590370365,0.8032597511993658,盤中 tick 才能判斷（本表為收盤後資料；歷史觸發見 Intraday Replay）,SECTOR_CONFIRMED
2026-10-05,3455,由田,STAGE_WATCH,2,40,TAIEX Stage 2,光電業 Stage 2,0.10214151617204426,0.3966925667914085,0.13065853963074692,0.7496635262449529,-0.0017782345,False,1.0766842,1.4957579,,0.9200276881055622,1.3742331,0.28333333,3.2859774,2.0,0.058870636,283.5,219.78000000000003,0.22476190476190472,3.5970968770570932,0.0787828341126442,False,0.12228213868470617,0.35051684668761196,0.8019194633690322,盤中 tick 才能判斷（本表為收盤後資料；歷史觸發見 Intraday Replay）,NOT_LEADER
2026-10-05,6834,天二科技,STAGE_WATCH,2,26,TAIEX Stage 2,電子零組件業 Stage 2,0.3551692304673837,0.2429255256761209,-0.09487751020084245,0.9838492597577388,0.019675292,False,1.5508332,1.3659343,,0.6666666697932018,1.0753945,0.35833332,1.6098772,1.0,0.07515736,125.5,88.20899982124085,0.2971394436554514,4.5675766604976,0.13944223523139954,False,0.13944223421148805,0.46928214415414343,0.7983241590156434,盤中 tick 才能判斷（本表為收盤後資料；歷史觸發見 Intraday Replay）,SECTOR_CONFIRMED
2026-10-05,2020,美亞,W1(TEXTBOOK),1,86,TAIEX Stage 2,鋼鐵工業 Stage 1,0.07420592828674222,0.07412966464330695,0.09569741984490054,0.33243606998654107,-0.008603039,False,-0.26253018,-0.24330087,86.0,0.3995215311004787,3.0216718,1.0,2.1381629,8.0,0.2384095,25.25,21.136499999999995,0.16291089108910906,3.9444520413763686,0.0013195313513278961,False,0.15841584158415833,0.008099712318227629,0.7976206445854477,盤中 tick 才能判斷（本表為收盤後資料；歷史觸發見 Intraday Replay）,NOT_LEADER
2026-10-05,2302,麗正,STAGE_WATCH,2,37,TAIEX Stage 2,電子工業 Stage 2,0.09304467919388348,0.03823210202026406,-0.05058983299973008,0.9596231493943472,0.008344784,False,1.3135313,1.1996795,,0.38692098092643024,1.1475409,0.375,3.9823678,0.0,0.070290625,49.85,39.699,0.20363089267803414,4.3930140488644795,0.16549648344516754,False,0.16549648946840567,0.8127277804887795,0.7969478263872561,盤中 tick 才能判斷（本表為收盤後資料；歷史觸發見 Intraday Replay）,SECTOR_CONFIRMED
2026-10-05,6214,精誠,STAGE_WATCH,2,14,TAIEX Stage 2,資訊服務業 (n/a),-0.05399630763845975,0.17580888279543583,0.30932392691403066,0.8102288021534321,-0.008261704,False,-0.1255206,0.6229921,,0.3928571428571439,0.79389316,0.008333334,0.26237252,1.0,0.053204004,188.5,181.17,0.03888594164456238,2.0731312515281464,0.03448275849223137,False,0.03448275862069017,0.8867667088384181,0.794692484413118,盤中 tick 才能判斷（本表為收盤後資料；歷史觸發見 Intraday Replay）,INDEPENDENT
2026-10-05,4770,上品,STAGE_WATCH,1,47,TAIEX Stage 2,化學生技醫療 Stage 2,0.18092600607814324,0.17204094262967873,0.19274791033801386,0.4629878869448183,-0.0294775,False,0.7835377,1.1625266,47.0,0.46039603960396036,0.83241254,0.96666664,0.71080047,4.0,0.10400629,274.5,216.80999999999995,0.21016393442622971,4.250842136342173,0.005464480724185705,False,0.09802832714627385,0.02600103932724865,0.7944247289145172,盤中 tick 才能判斷（本表為收盤後資料；歷史觸發見 Intraday Replay）,NOT_LEADER
2026-10-05,5432,新門,STAGE_WATCH,2,1,TAIEX Stage 2,光電業 Stage 2,0.07934774036325454,0.5284243848954733,0.18901329370017073,0.6177658142664872,0.012201951,False,1.1801757,1.2458204,,0.7549019607843128,0.96428573,0.5416667,3.799846,2.0,0.06574148,178.0,141.57000000000002,0.20466292134831443,4.636545312037671,0.0393856056034565,False,0.08385130086030079,0.19244133399438,0.7935644631080606,盤中 tick 才能判斷（本表為收盤後資料；歷史觸發見 Intraday Replay）,NOT_LEADER
2026-10-05,6716,應廣,STAGE_WATCH,2,34,TAIEX Stage 2,半導體業 Stage 2,-0.06097402937028029,0.409011868931233,0.22337245820394047,0.8304172274562585,0.027693806,False,1.3383493,1.4515637,,0.8064516129032255,0.90836656,0.025,1.6058536,4.0,0.014628217,133.0,111.37500000000006,0.16259398496240562,3.8566878284773938,0.0014021170791238546,False,0.05263157894736881,0.008623425272761763,0.7891676277071357,盤中 tick 才能判斷（本表為收盤後資料；歷史觸發見 Intraday Replay）,SECTOR_CONFIRMED
2026-10-05,2413,環科,STAGE_WATCH,2,4,TAIEX Stage 2,電子零組件業 Stage 2,0.24368013998977167,0.21056323690611722,0.12120405303955639,0.3189771197846568,0.0049570226,False,1.1531693,1.4724523,,0.5966044474208378,0.6666667,0.13333334,1.1631951,2.0,0.1509494,55.3,41.481000000000016,0.2498915009041588,4.707201780032871,0.07081755250692368,False,0.20310552448462937,0.283393201652282,0.7890841263825846,盤中 tick 才能判斷（本表為收盤後資料；歷史觸發見 Intraday Replay）,NOT_LEADER
2026-10-05,3624,光頡,STAGE_WATCH,2,50,TAIEX Stage 2,電子零組件業 Stage 2,0.6317509343452501,0.8048794113505005,-0.04768665509655179,0.9636608344549125,-0.014373308,False,1.3636549,2.1912553,,1.581967213114754,0.9027455,0.43333334,0.55793035,0.0,0.05140844,145.5,86.72399999999998,0.40395876288659804,5.467534907382381,0.21328751742839813,False,0.21328751708487315,0.527993292939838,0.787328124091758,盤中 tick 才能判斷（本表為收盤後資料；歷史觸發見 Intraday Replay）,SECTOR_CONFIRMED
2026-10-05,6840,東研信超,STAGE_WATCH,2,9,TAIEX Stage 2,其他電子業 Stage 2,-0.007469376420565554,0.33237204513056007,0.36948408707419156,0.7335127860026918,-0.018153451,False,0.7559127,1.451769,,0.8521594684385394,0.74623406,0.65833336,0.59069276,0.0,0.10744068,97.0,85.932,0.11410309278350506,2.6042353117564354,,True,0.14948453608247436,8.764004336826895,0.7823083814263654,盤中 tick 才能判斷（本表為收盤後資料；歷史觸發見 Intraday Replay）,NOT_LEADER
2026-10-05,6278,台表科,STAGE_WATCH,2,26,TAIEX Stage 2,電子工業 Stage 2,0.064774112826949,0.23412239059347995,0.04451090376678701,0.8882907133243607,-0.012584865,False,1.1692411,1.5372329,,0.627737226277373,0.98567337,0.33333334,2.3098316,1.0,0.10283256,220.0,177.70499999999996,0.19225000000000025,4.537394633669964,0.12462996691465378,False,0.12462996865928155,0.6482703090489135,0.7797847569497287,盤中 tick 才能判斷（本表為收盤後資料；歷史觸發見 Intraday Replay）,SECTOR_CONFIRMED
2026-10-05,5464,霖宏,STAGE_WATCH,2,26,TAIEX Stage 2,電子零組件業 Stage 2,0.27681861277018815,0.2693294911851951,-0.10782742673367485,0.9757738896366084,-0.0055443593,False,1.3827932,1.5602206,,0.6886632825719117,1.0676156,0.28333333,1.3057976,1.0,0.09574533,93.9,67.61700000000002,0.27990415335463237,4.73567557706504,0.0628328025341034,False,0.16080937167199205,0.22447970771800455,0.7795111093032434,盤中 tick 才能判斷（本表為收盤後資料；歷史觸發見 Intraday Replay）,SECTOR_CONFIRMED
2026-10-05,3707,漢磊,STAGE_WATCH,2,3,TAIEX Stage 2,半導體業 Stage 2,0.3258664029246985,0.2538672190339606,-0.04034660251110056,0.8075370121130552,0.018055044,False,1.8463087,0.9408575,,0.794520547945206,1.3537675,0.85,4.1337214,1.0,0.14388578,85.3,57.12299999999998,0.3303282532239157,6.271510630162976,0.13599061965942383,False,0.17819460726846392,0.4116832827110356,0.7792855080088102,盤中 tick 才能判斷（本表為收盤後資料；歷史觸發見 Intraday Replay）,SECTOR_CONFIRMED
2026-10-05,3162,精確,STAGE_WATCH,2,4,TAIEX Stage 2,電機機械 Stage 2,0.13133366293741267,0.25310404085475025,-0.036629610147309366,0.5895020188425303,5.0180235e-05,False,0.6804541,0.87288964,,0.5780445969125207,1.4449761,0.73333335,1.1763037,2.0,0.10735058,86.9,67.32,0.22531645569620262,4.407073951207697,0.06823182851076126,False,0.11378542665465918,0.30282665462641223,0.7790601326978364,盤中 tick 才能判斷（本表為收盤後資料；歷史觸發見 Intraday Replay）,NOT_LEADER
2026-10-05,2032,新鋼,STAGE_WATCH,2,2,TAIEX Stage 2,鋼鐵工業 Stage 1,0.04020940258238226,0.004536591776910681,0.06804282818612162,0.42799461641991926,-0.026647298,False,0.052869752,0.1190939,,0.36807817589576475,1.9641577,1.0,1.2733836,2.0,0.14640372,19.0,16.08750000000001,0.1532894736842101,3.412133825823836,0.01315789483487606,False,0.10526315789473717,0.0858369105107797,0.776738633411534,盤中 tick 才能判斷（本表為收盤後資料；歷史觸發見 Intraday Replay）,NOT_LEADER
2026-10-05,3665,貿聯-KY,STAGE_WATCH,2,120,TAIEX Stage 2,電子工業 Stage 2,0.09928238088613073,-0.0712005565016196,0.23220781507681387,0.40107671601615075,-0.021716105,False,1.2361693,1.3761467,,0.4834254143646415,1.15625,0.78333336,1.5899237,1.0,0.060040534,2485.0,1791.8999999999994,0.2789134808853121,4.938117213285403,0.028169013559818268,False,0.20090533872351224,0.10099552545974368,0.776238337443004,盤中 tick 才能判斷（本表為收盤後資料；歷史觸發見 Intraday Replay）,NOT_LEADER
2026-10-05,2883,凱基金,STAGE_WATCH,2,38,TAIEX Stage 2,金融保險 Stage 2,-0.04505373796252332,0.0992304851133381,0.12801134397278258,0.8613728129205922,-0.021245115,False,0.44893956,0.6979022,,0.36683417085427084,1.0107992,0.4,0.65881056,0.0,0.045818157,37.3,35.590500000000006,0.04583109919571016,1.4078234841457729,,True,0.09383378016085797,21.819245393390023,0.7754135466770755,盤中 tick 才能判斷（本表為收盤後資料；歷史觸發見 Intraday Replay）,INDEPENDENT
2026-10-05,3229,晟鈦,STAGE_WATCH,2,46,TAIEX Stage 2,電子零組件業 Stage 2,0.08467332738818834,0.11505884544297751,0.4216597687319432,0.946164199192463,-0.00917431,False,0.27933326,0.64448607,,0.7132784958871909,0.60805446,0.275,0.3042046,1.0,0.31567428,56.8,47.91599999999999,0.15640845070422538,2.0833500932894444,0.10035211592912674,False,0.28345070422535157,0.6416029023834307,0.7753404824727665,盤中 tick 才能判斷（本表為收盤後資料；歷史觸發見 Intraday Replay）,SECTOR_CONFIRMED
2026-10-05,4927,泰鼎-KY,STAGE_WATCH,2,2,TAIEX Stage 2,電子工業 Stage 2,0.22051131635674226,0.3895487046503212,0.18772642579845678,0.35935397039030953,0.03223191,False,1.1791829,1.2708457,,0.8561403508771923,1.1257209,0.19166666,1.988038,4.0,0.19842562,52.9,39.6,0.2514177693761813,6.279932495230547,0.01701323315501213,False,0.24574669187145504,0.0676691754812137,0.7738316956163693,盤中 tick 才能判斷（本表為收盤後資料；歷史觸發見 Intraday Replay）,NOT_LEADER
2026-10-05,3693,營邦,STAGE_WATCH,2,35,TAIEX Stage 2,電腦及週邊設備業 Stage 2,-0.020779347508931068,0.18206095658004262,0.2573706952921502,0.39703903095558546,-0.015609997,False,1.0314053,1.3887073,,0.7112056554267627,0.91598916,0.008333334,0.7518894,1.0,0.079697534,689.0,626.67,0.09046444121915831,1.8179582988430567,0.08002422749996185,False,0.08563134978229314,0.8845931774021122,0.7737838246414424,盤中 tick 才能判斷（本表為收盤後資料；歷史觸發見 Intraday Replay）,NOT_LEADER
2026-10-05,1326,台化,STAGE_WATCH,2,47,TAIEX Stage 2,塑膠工業 Stage 2,-0.05679126808565349,0.11263424018966584,0.01967368935034508,0.7065948855989233,0.008865773,False,1.3328211,1.0210319,,0.4090090090090086,1.1749175,0.058333334,0.90652126,3.0,0.057322055,71.6,63.162000000000006,0.11784916201117301,2.832901702683106,0.01955307275056839,False,0.09217877094972082,0.1659160949206801,0.7732701336996672,盤中 tick 才能判斷（本表為收盤後資料；歷史觸發見 Intraday Replay）,NOT_LEADER
2026-10-05,8050,廣積,STAGE_WATCH,2,12,TAIEX Stage 2,電腦及週邊設備業 Stage 2,0.059860486667188795,-0.1371564098453838,-0.013591741513461209,0.7779273216689099,-0.028735388,False,0.15406471,0.6435041,,0.3094339622641511,1.6043956,0.55,0.7002624,7.0,0.22780095,62.0,54.15299999999997,0.12656451612903274,4.068814644859798,0.0297849141061306,False,0.11935483870967678,0.23533384409074679,0.773184177095367,盤中 tick 才能判斷（本表為收盤後資料；歷史觸發見 Intraday Replay）,NOT_LEADER
2026-10-05,7799,禾榮科,STAGE_WATCH,1,2,TAIEX Stage 2,生技醫療業 Stage 1,0.4415172293709795,0.3844779174195956,0.1279597573145672,0.721399730820996,-0.009762148,False,1.1122733,1.1259702,2.0,0.6932153392330396,0.96900487,0.94166666,0.56096333,1.0,0.12271201,537.0,349.9649999999998,0.3482960893854752,5.601048264625512,0.08379888534545898,False,0.39106145251396707,0.24059668741418147,0.771804244437042,盤中 tick 才能判斷（本表為收盤後資料；歷史觸發見 Intraday Replay）,NOT_LEADER
2026-10-05,2484,希華,STAGE_WATCH,2,37,TAIEX Stage 2,電子零組件業 Stage 2,0.1484740118894592,0.10496568689960828,-0.14224984472066204,0.9448183041722745,0.01574676,False,1.461488,0.8581422,,0.5762020110195178,1.6179775,0.375,2.740965,0.0,0.14224151,86.4,64.053,0.25864583333333335,5.046096936687254,0.1697530895471573,False,0.16975309270952943,0.6563148045319008,0.7693304392792129,盤中 tick 才能判斷（本表為收盤後資料；歷史觸發見 Intraday Replay）,SECTOR_CONFIRMED
2026-10-05,4760,勤凱,STAGE_WATCH,2,63,TAIEX Stage 2,其他電子業 Stage 2,0.26672424135124717,0.3049109315918419,-0.014736002237715207,0.5881561238223418,0.06369109,False,1.5422554,1.7978797,,0.7088767098259428,1.5337187,0.40833333,1.1762902,0.0,0.09884273,348.5,244.03499999999988,0.2997560975609759,7.926883214546648,0.4348156750202179,False,0.4348156643356631,1.4505649044612627,0.7691848143163714,盤中 tick 才能判斷（本表為收盤後資料；歷史觸發見 Intraday Replay）,NOT_LEADER
2026-10-05,8039,台虹,STAGE_WATCH,2,60,TAIEX Stage 2,電子零組件業 Stage 2,-0.04821477497279991,0.2853688293399179,1.0808847734748757,0.9313593539703903,0.014035003,False,0.28369004,1.9465761,,1.1602373887240356,1.10957,0.34166667,2.2593548,0.0,0.06508092,303.5,250.4699999999999,0.17472817133443197,3.34423425278698,0.19934101402759552,False,0.1993410214168041,1.1408636197883297,0.7686458839014951,盤中 tick 才能判斷（本表為收盤後資料；歷史觸發見 Intraday Replay）,SECTOR_CONFIRMED
2026-10-05,6742,澤米,STAGE_WATCH,2,2,TAIEX Stage 2,電子工業 Stage 2,0.28413086573461577,0.2469050676213329,-0.052608108213880955,0.6783310901749664,-0.0006330316,False,1.0747297,1.1166121,,0.5174069627851139,1.1779935,0.7583333,2.305136,5.0,0.2824178,60.2,43.065,0.2846345514950167,4.769184712019943,0.007693517953157425,False,0.24418604651162745,0.02702945904756795,0.768067869690922,盤中 tick 才能判斷（本表為收盤後資料；歷史觸發見 Intraday Replay）,NOT_LEADER
2026-10-05,6811,宏碁資訊,STAGE_WATCH,2,13,TAIEX Stage 2,資訊服務業 (n/a),0.036403593007342305,-0.0549289468379881,0.01840879653701566,0.6554508748317631,-0.006957959,False,0.2961911,0.8363319,,0.28537735849056567,0.6338798,0.8333333,0.94911486,6.0,0.12012783,246.5,216.81000000000003,0.12044624746450283,2.8276190301321016,0.013956998474895954,False,0.10547667342799216,0.11587740397648565,0.7679938430937334,盤中 tick 才能判斷（本表為收盤後資料；歷史觸發見 Intraday Replay）,NOT_LEADER
2026-10-05,6221,晉泰,STAGE_WATCH,1,3,TAIEX Stage 2,資訊服務業 (n/a),0.3159490475527973,0.40685666463716896,0.34012306186416397,0.44549125168236875,-0.051703505,False,-0.1071648,0.52471054,3.0,0.7703732895911819,1.0610932,0.94166666,0.821701,3.0,0.31264344,30.1,20.789999999999996,0.3093023255813955,4.680071991724431,0.02825341746211052,False,0.290055309206515,0.09134563540381593,0.7676292218356421,盤中 tick 才能判斷（本表為收盤後資料；歷史觸發見 Intraday Replay）,NOT_LEADER
2026-10-05,6617,共信-KY,STAGE_WATCH,2,7,TAIEX Stage 2,生技醫療業 Stage 1,0.03929706517394238,0.3357556888021196,-0.00186598640354263,0.8815612382234186,-0.022824133,False,1.1059061,1.1201084,,0.9919786096256684,0.92,0.21666667,0.6128278,1.0,0.18606468,127.5,111.87,0.12258823529411766,2.232857200635672,0.062745101749897,False,0.16862745098039222,0.5118362426815014,0.7659439104865382,盤中 tick 才能判斷（本表為收盤後資料；歷史觸發見 Intraday Replay）,INDEPENDENT
2026-10-05,5347,世界,STAGE_WATCH,2,39,TAIEX Stage 2,半導體業 Stage 2,0.16764972782490628,0.09479768889254037,-0.04447945153524113,0.7442799461641992,-0.008987766,False,1.6186082,1.6448225,,0.3309859154929575,1.1351352,0.525,0.9050868,0.0,0.07633667,184.0,147.01499999999996,0.2010054347826089,4.623124959641035,0.1839357614517212,False,0.18393575591284295,0.9150785482524446,0.7656614398873789,盤中 tick 才能判斷（本表為收盤後資料；歷史觸發見 Intraday Replay）,NOT_LEADER
2026-10-05,5483,中美晶,STAGE_WATCH,2,25,TAIEX Stage 2,半導體業 Stage 2,0.13469904755279716,0.08872694097267719,-0.044585761436679805,0.8465679676985195,0.0154273175,False,1.0311322,0.8961369,,0.47588424437299004,1.5151515,0.39166668,1.6761258,1.0,0.080347285,214.5,168.30000000000007,0.21538461538461506,4.004953517137497,0.030323738232254982,False,0.2891090391950397,0.14078878464975547,0.7653811488506979,盤中 tick 才能判斷（本表為收盤後資料；歷史觸發見 Intraday Replay）,SECTOR_CONFIRMED
2026-10-05,2884,玉山金,W2(TEXTBOOK),2,17,TAIEX Stage 2,金融保險 Stage 2,-0.04701391541016564,0.0607768955088539,0.20223626371125958,0.7133243606998654,-0.0071820933,False,-0.17907506,0.1493255,,0.30440771349862294,0.6666667,0.44166666,0.42229244,1.0,0.055183034,44.8,42.371999999999986,0.05419642857142881,2.172012799004535,0.0569196417927742,False,0.056919642857142794,1.0502470973296016,0.7650988300705422,盤中 tick 才能判斷（本表為收盤後資料；歷史觸發見 Intraday Replay）,NOT_LEADER
2026-10-05,5876,上海商銀,MOMENTUM(FULL),2,13,TAIEX Stage 2,金融保險 Stage 2,-0.025291431228487093,-4.597268880845995e-05,0.11380937038288286,0.5693135935397039,-0.009851219,False,-0.32968545,0.009339133,,0.20048019207683043,0.85067874,0.5416667,0.62565595,3.0,0.031209698,48.65,44.79750000000001,0.07918807810894135,3.995185080278227,0.027749229222536087,False,0.027749229188078095,0.35042180445850274,0.7617419251790927,盤中 tick 才能判斷（本表為收盤後資料；歷史觸發見 Intraday Replay）,NOT_LEADER
2026-10-05,3354,律勝,STAGE_WATCH,2,3,TAIEX Stage 2,電子零組件業 Stage 2,0.22443766038923574,0.3886294587043664,0.1498182372713539,0.414535666218035,-0.005325066,False,0.7547999,1.0291352,,0.7808564231738042,1.2483802,0.26666668,1.8546774,6.0,0.23487179,31.6,23.463000000000005,0.25749999999999995,3.282939395554097,0.050632912665605545,False,0.18987341772151956,0.196632670546041,0.7606270405804694,盤中 tick 才能判斷（本表為收盤後資料；歷史觸發見 Intraday Replay）,NOT_LEADER
2026-10-05,4956,光鋐,STAGE_WATCH,2,31,TAIEX Stage 2,電子工業 Stage 2,0.2248570935298091,0.33091317942248444,0.12446380083049924,0.4670255720053836,-0.030155076,False,1.0692879,1.5174581,,0.9339805825242711,1.0725347,0.89166665,1.0585217,1.0,0.15377885,45.55,30.986999999999988,0.31971459934138335,4.089909784997735,0.013172337785363197,False,0.31942919868276665,0.0412003011826748,0.7560172249304464,盤中 tick 才能判斷（本表為收盤後資料；歷史觸發見 Intraday Replay）,NOT_LEADER
2026-10-05,3490,單井,STAGE_WATCH,2,47,TAIEX Stage 2,光電業 Stage 2,-0.05735462319247486,0.4341482906193803,0.3493756577135767,0.7940780619111709,0.006451561,False,0.6612296,1.1969633,,1.1447124304267162,1.307317,0.23333333,1.7201161,0.0,0.13077499,46.15,39.748499999999986,0.13871072589382483,2.45536989110849,0.2524377107620239,False,0.25243770314192804,1.8198860191622863,0.750920040612805,盤中 tick 才能判斷（本表為收盤後資料；歷史觸發見 Intraday Replay）,NOT_LEADER
2026-10-05,4961,天鈺,MOMENTUM(FULL),2,15,TAIEX Stage 2,半導體業 Stage 2,0.024382782492555766,-0.021216300566107904,-0.03554379795369522,0.5275908479138627,-0.0108182,False,0.525721,0.4967911,,0.28135593220338895,1.2520325,0.35833332,0.77615756,3.0,0.021111313,184.0,162.36000000000004,0.1176086956521738,3.442727373646752,0.07257939130067825,False,0.02717391304347827,0.6171260628153794,0.7506764400412047,盤中 tick 才能判斷（本表為收盤後資料；歷史觸發見 Intraday Replay）,NOT_LEADER
2026-10-05,5285,界霖,STAGE_WATCH,2,24,TAIEX Stage 2,電子工業 Stage 2,0.0746975991171075,0.1639732842441155,-0.09687335948127662,0.8802153432032301,0.014977884,False,0.86094284,1.2490529,,0.4571428571428564,1.0880361,0.40833333,2.7221737,0.0,0.16645104,100.0,78.705,0.21294999999999997,4.352262677574157,0.1550000011920929,False,0.15500000000000091,0.7278703977088186,0.748102429978327,盤中 tick 才能判斷（本表為收盤後資料；歷史觸發見 Intraday Replay）,SECTOR_CONFIRMED
2026-10-05,2061,風青,STAGE_WATCH,2,21,TAIEX Stage 2,電器電纜 Stage 1,0.17221108994200685,0.0005511508366722317,-0.3014302007075679,0.9919246298788694,0.008586835,False,0.469097,0.52478397,,0.5608695652173914,1.7162824,0.51666665,2.3942857,1.0,0.05247415,65.2,45.53999999999999,0.3015337423312885,5.087615624338435,0.0015337422955781221,False,0.3159509202453994,0.00508646987139845,0.747099154160489,盤中 tick 才能判斷（本表為收盤後資料；歷史觸發見 Intraday Replay）,INDEPENDENT
2026-10-05,2377,微星,STAGE_WATCH,2,19,TAIEX Stage 2,電腦及週邊設備業 Stage 2,-0.05415062022128936,-0.08352349173210327,0.03679412470045085,0.8398384925975774,0.0016527957,False,0.4275195,0.90106326,,0.2437276031499549,0.63589746,0.008333334,0.8945617,11.0,0.04876543,155.0,143.055,0.07706451612903209,3.4839582436525127,0.018738271668553352,False,0.08726412146697382,0.24315044860826923,0.745864467790019,盤中 tick 才能判斷（本表為收盤後資料；歷史觸發見 Intraday Replay）,INDEPENDENT
2026-10-05,2890,永豐金,W2(TEXTBOOK),2,61,TAIEX Stage 2,金融保險 Stage 2,-0.05001339376175706,0.018519130804173,0.015381141599902337,0.6702557200538358,-0.008432649,False,0.2753238,0.27499914,,0.20703124999999978,0.9917355,0.375,0.6808802,0.0,0.037737053,44.05,41.728500000000004,0.05270147559591354,1.878670469716793,,True,0.05221339387060153,18.97480077536083,0.7454313944842481,盤中 tick 才能判斷（本表為收盤後資料；歷史觸發見 Intraday Replay）,NOT_LEADER
2026-10-05,2330,台積電,STAGE_WATCH,2,56,TAIEX Stage 2,電子工業 Stage 2,-0.003473588387868265,-0.027723805366978826,-0.03927261267019366,0.5746971736204576,-0.00065560936,False,0.96083397,0.93651265,,0.12017083034097298,0.987749,0.3,1.2386787,0.0,0.0,2575.0,2349.2845272600002,0.08765649426796107,6.020930443056685,,True,0.001941747572815622,11.408167852835355,0.745176922275947,盤中 tick 才能判斷（本表為收盤後資料；歷史觸發見 Intraday Replay）,NOT_LEADER
2026-10-05,3081,聯亞,STAGE_WATCH,2,45,TAIEX Stage 2,通信網路業 Stage 2,-0.12251249090874139,0.14343413148416717,0.4906652766481412,0.6837146702557201,0.029393267,False,1.733043,1.8964537,,1.0571428571428565,0.8096515,0.008333334,2.0900414,0.0,0.049801465,3000.0,2559.15,0.14694999999999991,2.743066671941047,0.20000000298023224,False,0.2000000000000004,1.3610071655681004,0.745062743914898,盤中 tick 才能判斷（本表為收盤後資料；歷史觸發見 Intraday Replay）,NOT_LEADER
2026-10-05,1721,國慶科技,STAGE_WATCH,2,40,TAIEX Stage 2,化學生技醫療 Stage 2,0.29344904755279755,0.24752189431556415,0.06094429728440076,0.7510094212651414,-0.004406344,False,0.9795863,1.1930975,,0.4854111405835544,1.0697675,0.6333333,1.8002617,1.0,0.21841367,27.55,19.601999999999997,0.2884936479128858,5.871873404410306,0.05444646254181862,False,0.3067150635208715,0.18872672911765254,0.7432961169113823,盤中 tick 才能判斷（本表為收盤後資料；歷史觸發見 Intraday Replay）,NOT_LEADER
2026-10-05,6491,晶碩,STAGE_WATCH,2,14,TAIEX Stage 2,生技醫療業 Stage 1,-0.024918232342078017,-0.027567658209804335,0.016833400900717388,0.7039030955585465,-0.012244452,False,0.46503627,0.27219567,,0.3281118676041368,1.200883,0.5833333,1.9792664,3.0,0.030064948,403.0,355.4100000000001,0.1180893300248137,3.7748441041270744,0.016129031777381897,False,0.06203473945409432,0.13658331175215205,0.7409235043546488,盤中 tick 才能判斷（本表為收盤後資料；歷史觸發見 Intraday Replay）,NOT_LEADER
2026-10-05,6885,全福生技,STAGE_WATCH,1,4,TAIEX Stage 2,生技醫療業 Stage 1,0.17616410131623783,0.2755143319854203,0.2509271739967289,0.49259757738896365,-0.03649218,False,-0.03383331,0.9357809,4.0,0.6458852867830416,0.84114975,0.8666667,0.9352522,6.0,0.30826882,29.3,23.017500000000002,0.21441979522184296,3.532329303666471,0.0477815717458725,False,0.14675767918088845,0.22284123392822355,0.7393715223741337,盤中 tick 才能判斷（本表為收盤後資料；歷史觸發見 Intraday Replay）,NOT_LEADER
2026-10-05,3293,鈊象,STAGE_WATCH,2,3,TAIEX Stage 2,文化創意業 (n/a),0.04539428226118902,-0.10696866121185855,-0.025475043179058243,0.3445491251682369,-0.010366879,False,0.09400821,0.0060614306,,0.1921397379912657,1.570997,1.0,0.6664785,6.0,0.028076477,794.0,680.1300000000002,0.1434130982367755,5.653120695529408,6.869724893476814e-05,False,0.03148614609571765,0.0004790165597102487,0.7382346126771765,盤中 tick 才能判斷（本表為收盤後資料；歷史觸發見 Intraday Replay）,NOT_LEADER
2026-10-05,2801,彰銀,STAGE_WATCH,2,17,TAIEX Stage 2,金融保險 Stage 2,-0.06149456146975951,0.055222241066979816,0.11780160062568235,0.6325706594885598,-0.01048324,False,-0.145126,0.09215678,,0.2934782608695652,0.74385965,0.68333334,0.5690378,1.0,0.071359254,27.2,25.938000000000002,0.04639705882352929,1.869629562008102,0.09375,False,0.09375000000000022,2.0206022187004806,0.7346134249287049,盤中 tick 才能判斷（本表為收盤後資料；歷史觸發見 Intraday Replay）,NOT_LEADER
2026-10-05,3231,緯創,STAGE_WATCH,2,12,TAIEX Stage 2,電腦及週邊設備業 Stage 2,-0.07874591265940456,-0.11972376325267486,0.20654298897950762,0.7160161507402423,-0.0003225949,False,0.29840016,1.3735447,,0.21533923303834812,0.8064516,0.1,0.94283456,3.0,0.074145004,189.5,176.21999999999997,0.07007915567282341,2.7543704484279674,0.023165550082921982,False,0.08707124010554113,0.3305626310778391,0.7330258885080675,盤中 tick 才能判斷（本表為收盤後資料；歷史觸發見 Intraday Replay）,NOT_LEADER
2026-10-05,6531,愛普*,STAGE_WATCH,2,53,TAIEX Stage 2,半導體業 Stage 2,0.07274729316683204,0.05249845896954697,0.052336485909309394,0.8654104979811574,0.024540588,False,2.1266217,1.7963864,,0.6540212443095585,1.1295681,0.125,1.3392814,2.0,0.10038582,1055.0,878.1300000000003,0.1676492890995257,2.98694798315926,0.009478673338890076,False,0.22853656697630442,0.056538702846887834,0.7329586745705384,盤中 tick 才能判斷（本表為收盤後資料；歷史觸發見 Intraday Replay）,SECTOR_CONFIRMED
2026-10-05,3265,台星科,STAGE_WATCH,2,45,TAIEX Stage 2,半導體業 Stage 2,0.002654249864936009,0.07392703039811965,0.02875463358509256,0.3835800807537012,-0.004374564,False,0.9965744,1.6946263,,0.40425531914893686,1.018868,0.6166667,1.1173373,4.0,0.025440007,188.0,157.90500000000006,0.16007978723404226,3.467736750583765,0.004266608506441116,False,0.06410632845041131,0.026653012102041247,0.7307444336652951,盤中 tick 才能判斷（本表為收盤後資料；歷史觸發見 Intraday Replay）,NOT_LEADER
2026-10-05,2892,第一金,STAGE_WATCH,2,16,TAIEX Stage 2,金融保險 Stage 2,-0.051486501972304755,-0.00648473857528109,0.07197146210797079,0.6527590847913862,-0.011570098,False,-0.017754626,0.15315294,,0.26194144838212674,0.8226221,0.5083333,0.46489957,1.0,0.044512305,38.05,36.035999999999994,0.05293035479632069,2.144182502926001,0.07621550559997559,False,0.07621550591327231,1.4399205501882164,0.7307014523093145,盤中 tick 才能判斷（本表為收盤後資料；歷史觸發見 Intraday Replay）,NOT_LEADER
2026-10-05,4908,前鼎,STAGE_WATCH,2,31,TAIEX Stage 2,通信網路業 Stage 2,0.0626483140564642,0.38376575577763017,0.3015444226648023,0.8061911170928667,0.032390323,False,1.90739,2.1784244,,0.9759198118911643,0.68396944,0.016666668,2.1386437,1.0,0.15497006,234.5,197.01,0.15987206823027722,2.4299073772862845,0.1300639659166336,False,0.3238840902071549,0.8135502802734216,0.7299144836708104,盤中 tick 才能判斷（本表為收盤後資料；歷史觸發見 Intraday Replay）,SECTOR_CONFIRMED
2026-10-05,3008,大立光,STAGE_WATCH,2,22,TAIEX Stage 2,光電業 Stage 2,-0.14279221118846241,0.3487024707863846,0.632387461826527,0.9609690444145357,0.025782872,False,0.55328655,1.1694615,,1.0634336958245192,0.9142857,0.13333334,1.2827272,0.0,0.05992551,6730.0,5682.600000000002,0.15563150074294185,2.8473010142632154,0.1879643350839615,False,0.18796433878157592,1.2077525063156984,0.7285191099727826,盤中 tick 才能判斷（本表為收盤後資料；歷史觸發見 Intraday Replay）,SECTOR_CONFIRMED
2026-10-05,2882,國泰金,STAGE_WATCH,2,44,TAIEX Stage 2,金融保險 Stage 2,-0.09293984133609201,0.023865980337069326,0.05078273265855038,0.7860026917900403,-0.0056396406,False,0.45707554,0.5127667,,0.20618556701030943,0.6942149,0.008333334,0.6731002,2.0,0.03310728,111.5,106.92,0.04107623318385645,1.526666601224453,0.01747332327067852,False,0.04932735426008983,0.4253876735110606,0.7279922744718667,盤中 tick 才能判斷（本表為收盤後資料；歷史觸發見 Intraday Replay）,NOT_LEADER
2026-10-05,2301,光寶科,STAGE_WATCH,2,22,TAIEX Stage 2,電子工業 Stage 2,-0.08739543405255412,0.0713616927481564,0.31839714951862264,0.8855989232839838,0.0070622675,False,0.6021024,1.3710393,,0.44237834398378695,0.8340807,0.016666668,1.7493267,1.0,0.043847293,298.0,268.29,0.09969798657718121,3.036058483157231,0.10067114233970642,False,0.1006711409395975,1.009761037268008,0.7275141091769545,盤中 tick 才能判斷（本表為收盤後資料；歷史觸發見 Intraday Replay）,SECTOR_CONFIRMED
2026-10-05,6658,聯策,STAGE_WATCH,2,27,TAIEX Stage 2,其他電子業 Stage 2,0.06537433490911959,0.20040824994864703,-0.04530570271559875,0.9407806191117093,0.009199802,False,1.4038709,1.5128307,,0.4492753623188417,1.1824818,0.083333336,6.9599714,0.0,0.12659365,200.0,160.87499999999994,0.19562500000000038,5.423267414751625,0.22711701691150665,False,0.29999999999999916,1.1609815560971564,0.726108232919459,盤中 tick 才能判斷（本表為收盤後資料；歷史觸發見 Intraday Replay）,SECTOR_CONFIRMED
2026-10-05,7712,博盛半導體,STAGE_WATCH,2,17,TAIEX Stage 2,半導體業 Stage 2,0.07384378439490247,0.1534390192680244,-0.1354507059398794,0.7873485868102288,0.009447751,False,1.2539212,1.1948082,,0.5013082186114013,1.1340996,0.23333333,2.918401,4.0,0.11753106,176.0,140.08499999999998,0.20406250000000015,5.157025659303154,0.00046501410542987287,False,0.20582480514157941,0.0022787827524894215,0.7257875239993997,盤中 tick 才能判斷（本表為收盤後資料；歷史觸發見 Intraday Replay）,NOT_LEADER
2026-10-05,3035,智原,STAGE_WATCH,2,4,TAIEX Stage 2,電子工業 Stage 2,0.11594904755279778,0.14343413148416873,-0.08697236938226482,0.7173620457604307,-0.0124760205,False,1.1961243,1.0151751,,0.5255972696245745,1.0092307,0.81666666,1.4794939,5.0,0.07631688,216.0,163.34999999999997,0.24375000000000013,6.041803528705196,0.05991474166512489,False,0.1342592592592573,0.24580406836974303,0.7255688252344962,盤中 tick 才能判斷（本表為收盤後資料；歷史觸發見 Intraday Replay）,NOT_LEADER
2026-10-05,6667,信紘科,STAGE_WATCH,2,1,TAIEX Stage 2,其他電子業 Stage 2,0.12925179984637514,0.04271564234094538,-0.02938043911337651,0.35397039030955585,-0.007870372,False,0.8249337,1.2496392,,0.26628560199742757,0.5645933,0.425,0.87369174,7.0,0.10769562,264.5,228.19499999999994,0.13725897920604935,4.066159954909225,0.007303547579795122,False,0.07671139214664957,0.0532099803017713,0.7253762960522226,盤中 tick 才能判斷（本表為收盤後資料；歷史觸發見 Intraday Replay）,NOT_LEADER
2026-10-05,2880,華南金,STAGE_WATCH,2,62,TAIEX Stage 2,金融保險 Stage 2,-0.05758374876480965,-0.06412564715922464,0.08428951744867708,0.6366083445491252,-0.0099428,False,-0.060314674,0.018463867,,0.2710526315789472,1.0993657,0.058333334,0.60876006,1.0,0.041892618,44.6,42.71850000000001,0.04218609865470835,1.549470552343677,0.08295964449644089,False,0.08295964125560529,1.9665161544200258,0.7252887244078312,盤中 tick 才能判斷（本表為收盤後資料；歷史觸發見 Intraday Replay）,NOT_LEADER
2026-10-05,8358,金居,STAGE_WATCH,2,64,TAIEX Stage 2,電子零組件業 Stage 2,0.1287150049996053,0.3646512367473247,0.007881733356444487,0.892328398384926,0.02387769,False,2.3503878,1.5150375,,0.9127516778523486,1.1744186,0.058333334,3.6740465,0.0,0.045248292,570.0,464.8050000000001,0.1845526315789472,3.896111073042035,0.1997722089290619,False,0.3237661347348124,1.0824674089981976,0.7218337025588953,盤中 tick 才能判斷（本表為收盤後資料；歷史觸發見 Intraday Replay）,SECTOR_CONFIRMED
2026-10-05,2006,東和鋼鐵,STAGE_WATCH,2,33,TAIEX Stage 2,鋼鐵工業 Stage 1,-0.04531003235035036,-0.12436413448237249,0.16012065387354757,0.4737550471063257,-0.008537782,False,-0.08945634,-0.024405463,,0.2037786774628887,1.0900474,0.78333336,0.40389997,1.0,0.036933746,85.8,79.59599999999999,0.0723076923076923,2.6319999109630956,0.039627037942409515,False,0.039627039627039506,0.548033503458855,0.7216562793674886,盤中 tick 才能判斷（本表為收盤後資料；歷史觸發見 Intraday Replay）,NOT_LEADER
2026-10-05,6209,今國光,STAGE_WATCH,2,7,TAIEX Stage 2,電子工業 Stage 2,-0.00020385010441548168,0.026299704804692237,0.04510805958735031,0.7187079407806191,0.007646401,False,1.1333379,0.80711174,,0.42919710941401057,0.9378531,0.06666667,2.0910778,2.0,0.09013164,87.9,74.54699999999998,0.1519112627986351,3.977489478071102,0.006825938355177641,False,0.18040829900749267,0.044933721367491464,0.719269168968426,盤中 tick 才能判斷（本表為收盤後資料；歷史觸發見 Intraday Replay）,NOT_LEADER
2026-10-05,6488,環球晶,STAGE_WATCH,2,56,TAIEX Stage 2,半導體業 Stage 2,0.188872456398536,0.23348724592163728,-0.1239136987005397,0.9380888290713324,0.042766698,False,0.9587681,0.7116213,,0.5006075334143378,1.3806229,0.275,1.6411681,0.0,0.056915548,1180.0,863.28,0.268406779661017,5.0444594636240225,0.35071003437042236,False,0.3507100320659646,1.306636273544766,0.7150846986878772,盤中 tick 才能判斷（本表為收盤後資料；歷史觸發見 Intraday Replay）,SECTOR_CONFIRMED
2026-10-05,6173,信昌電,STAGE_WATCH,2,54,TAIEX Stage 2,電子零組件業 Stage 2,0.12756730481420875,0.5878785759286129,-0.010276204190525107,0.9946164199192463,-0.01073152,False,1.7842113,1.5292392,,1.2749140893470803,1.0010929,0.008333334,0.58686906,0.0,0.13452677,292.0,251.95499999999979,0.13714041095890483,1.841149377842428,0.23325304687023163,False,0.23325304745674313,1.7008338041230435,0.7145880228173144,盤中 tick 才能判斷（本表為收盤後資料；歷史觸發見 Intraday Replay）,SECTOR_CONFIRMED
2026-10-05,6603,富強鑫,STAGE_WATCH,2,2,TAIEX Stage 2,電機機械 Stage 2,0.07107701981339898,-0.002726246263162091,0.032198308535796416,0.6016150740242261,-0.02301426,False,0.48508212,0.9265885,,0.30497925311203367,1.490223,0.8666667,1.3975346,3.0,0.18703352,28.3,23.858999999999995,0.15692579505300375,2.709106704369888,0.025634393095970154,False,0.24988324543130624,0.16335359707632388,0.7136855975715519,盤中 tick 才能判斷（本表為收盤後資料；歷史觸發見 Intraday Replay）,NOT_LEADER
2026-10-05,4958,臻鼎-KY,STAGE_WATCH,2,60,TAIEX Stage 2,電子零組件業 Stage 2,0.15732835789762523,0.07529698363529302,-0.0675033428335925,0.927321668909825,0.027626567,False,1.4071547,1.3258163,,0.4148681055155885,1.172,0.26666668,1.8372058,1.0,0.11321096,576.0,442.03499999999985,0.2325781250000002,5.4759415131517875,0.1440972238779068,False,0.1440972222222212,0.6195648188233811,0.7125228001168971,盤中 tick 才能判斷（本表為收盤後資料；歷史觸發見 Intraday Replay）,SECTOR_CONFIRMED
2026-10-05,2360,致茂,STAGE_WATCH,2,62,TAIEX Stage 2,電子工業 Stage 2,0.06979520139895112,0.05749142662074358,0.16639690285493103,0.5114401076716016,0.006236179,False,1.723782,1.7651702,,0.37669376693766954,0.99832493,0.06666667,1.1959572,2.0,0.08384215,2325.0,1955.2499999999998,0.15903225806451615,2.6960938656002,0.032258063554763794,False,0.19206798460231678,0.20283975054719625,0.7123399280192947,盤中 tick 才能判斷（本表為收盤後資料；歷史觸發見 Intraday Replay）,NOT_LEADER
2026-10-05,3234,光環,STAGE_WATCH,2,45,TAIEX Stage 2,通信網路業 Stage 2,-0.15860108098190717,0.5897794123869069,0.37736950270478786,0.7550471063257066,0.01120943,False,0.91725165,2.0534077,,1.412517252977953,0.7423581,0.13333334,1.3366114,0.0,0.056738004,180.0,160.37999999999997,0.1090000000000001,1.8011803234749046,0.2222222238779068,False,0.2222222222222221,2.038735998879877,0.7105639126681946,盤中 tick 才能判斷（本表為收盤後資料；歷史觸發見 Intraday Replay）,NOT_LEADER
2026-10-05,1773,勝一,STAGE_WATCH,2,4,TAIEX Stage 2,化學工業 Stage 2,0.03706705997515747,0.015496362533488961,-0.05554379795369546,0.48048452220726784,0.0060501317,False,0.8214783,0.7409344,,0.21333333333333337,1.4022988,0.45833334,4.247591,3.0,0.057417884,180.5,153.45000000000005,0.14986149584487507,6.208196909082825,0.005540166050195694,False,0.10472474851907232,0.03696857567690664,0.7089154462207442,盤中 tick 才能判斷（本表為收盤後資料；歷史觸發見 Intraday Replay）,NOT_LEADER
2026-10-05,2059,川湖,STAGE_WATCH,2,97,TAIEX Stage 2,電子零組件業 Stage 2,-0.09111414947322538,0.2072174203337218,0.5686305899076949,0.9932705248990579,0.015929136,False,0.93014,1.2372856,,0.8475199019722599,1.1435204,0.075,1.2299252,1.0,0.049984936,13355.0,11548.350000000002,0.1352789217521525,3.0236821127586166,0.12556937336921692,False,0.1255693732355596,0.9282257113142529,0.7076581920426286,盤中 tick 才能判斷（本表為收盤後資料；歷史觸發見 Intraday Replay）,SECTOR_CONFIRMED
2026-10-05,2342,茂矽,STAGE_WATCH,2,52,TAIEX Stage 2,電子工業 Stage 2,0.16658195894520178,0.19410602398136811,-0.15489689768415282,0.8129205921938089,-0.024326913,False,1.9832865,0.97200733,,0.6719242902208205,1.3154362,0.6666667,1.373482,0.0,0.13574986,49.4,36.43200000000001,0.26251012145748964,4.281886783649937,0.29352226853370667,False,0.29352226720647745,1.118136957554374,0.7048791556504093,盤中 tick 才能判斷（本表為收盤後資料；歷史觸發見 Intraday Replay）,SECTOR_CONFIRMED
2026-10-05,2637,慧洋-KY,STAGE_WATCH,2,45,TAIEX Stage 2,航運業 Stage 2,-0.10509303661553937,0.022966295226858335,0.1342776306177349,0.7052489905787349,0.0025084417,False,0.14263359,-0.04864404,,0.38107416879795397,0.81655174,0.1,0.33858895,2.0,0.11497141,97.7,94.05000000000001,0.03735926305015358,1.0965665468216417,0.07471852749586105,False,0.1054247697031725,2.000000037354963,0.7033852400761894,盤中 tick 才能判斷（本表為收盤後資料；歷史觸發見 Intraday Replay）,NOT_LEADER
2026-10-05,6693,廣閎科,STAGE_WATCH,2,48,TAIEX Stage 2,半導體業 Stage 2,0.12323196071806275,0.1554241657414075,-0.20377564807079118,0.7200538358008075,-0.02239311,False,2.061266,1.107839,,0.4703947368421044,1.0947368,0.5,1.0932018,0.0,0.07156163,215.5,161.37000000000006,0.2511832946635728,4.380462372073793,0.296173095703125,False,0.296173091437677,1.179111437724432,0.7013762226904878,盤中 tick 才能判斷（本表為收盤後資料；歷史觸發見 Intraday Replay）,NOT_LEADER
2026-10-05,3149,正達,STAGE_WATCH,2,39,TAIEX Stage 2,電子工業 Stage 2,0.2520835013343099,0.14018114958409256,-0.08407443588184194,0.9004037685060565,0.018172948,False,0.42932257,0.9210515,,0.3698630136986303,1.5335463,0.69166666,1.8642681,1.0,0.14077865,79.5,57.81599999999999,0.2727547169811322,6.391073958461224,0.12539365887641907,False,0.2711700255945262,0.4597304870261627,0.7000901054512114,盤中 tick 才能判斷（本表為收盤後資料；歷史觸發見 Intraday Replay）,SECTOR_CONFIRMED
2026-10-05,2412,中華電,STAGE_WATCH,2,4,TAIEX Stage 2,電子工業 Stage 2,-0.029703126360246523,-0.05767996763223682,-0.0035769859124230585,0.39300134589502017,-0.0061959974,False,-0.08614398,-0.0011784594,,0.0888888888888888,1.4210526,0.81666666,0.721726,0.0,0.0,145.5,135.13500000000002,0.07123711340206162,5.091578910300902,,True,0.01030927835051565,14.037626628075298,0.6991709940754116,盤中 tick 才能判斷（本表為收盤後資料；歷史觸發見 Intraday Replay）,NOT_LEADER
2026-10-05,3680,家登,STAGE_WATCH,2,38,TAIEX Stage 2,半導體業 Stage 2,0.011652172552797602,0.11868683277381575,0.030557511095822276,0.7348586810228802,-0.006361542,False,1.6937907,1.7783018,,0.4378920953575911,0.70897156,0.075,1.1053793,5.0,0.11077943,561.0,483.61500000000007,0.13794117647058812,4.072894888672436,0.0025743418373167515,False,0.10109481030551626,0.018662606070100132,0.6987398429378311,盤中 tick 才能判斷（本表為收盤後資料；歷史觸發見 Intraday Replay）,NOT_LEADER
2026-10-05,1710,東聯,STAGE_WATCH,2,19,TAIEX Stage 2,化學生技醫療 Stage 2,-0.0038040388669555725,0.1438141428845099,-0.07541167574064733,0.458950201884253,0.001788416,False,1.2864338,0.89750403,,0.385214007782102,1.0158731,0.15833333,1.6063538,9.0,0.1150325,17.5,15.295499999999995,0.12597142857142885,3.3008555095277843,0.01378738321363926,False,0.1514285714285708,0.1094484945514568,0.6982090924261705,盤中 tick 才能判斷（本表為收盤後資料；歷史觸發見 Intraday Replay）,NOT_LEADER
2026-10-05,4542,科嶠,STAGE_WATCH,2,41,TAIEX Stage 2,電子零組件業 Stage 2,0.199103169416597,0.04640001524895476,-0.1725406963299031,0.901749663526245,-0.013676173,False,1.9937887,2.0349107,,0.6704805491990855,0.87777776,0.53333336,,0.0,0.03422416,358.0,246.50999999999988,0.3114245810055869,5.727926661139968,0.5167597532272339,False,0.5167597765363121,1.6593415701439551,0.6977073489419672,盤中 tick 才能判斷（本表為收盤後資料；歷史觸發見 Intraday Replay）,SECTOR_CONFIRMED
2026-10-05,3066,李洲,STAGE_WATCH,2,32,TAIEX Stage 2,光電業 Stage 2,0.04928238088613113,0.14378975026084007,-0.1197309900719209,0.6890982503364738,-0.03069952,False,1.0631821,0.493098,,0.5688775510204083,1.0094637,0.8,0.7845088,6.0,0.20262992,28.05,22.621499999999987,0.1935294117647064,2.9174279749702894,0.01604278013110161,False,0.12121212121212066,0.08289582438563119,0.6974529535156909,盤中 tick 才能判斷（本表為收盤後資料；歷史觸發見 Intraday Replay）,NOT_LEADER
2026-10-05,1708,東鹼,STAGE_WATCH,2,33,TAIEX Stage 2,化學生技醫療 Stage 2,0.038478691821571154,0.021984779460892945,-0.14030570271559972,0.6756393001345895,0.009217692,False,0.854918,0.41405645,,0.22587486744432583,1.3684211,0.6,2.4470232,1.0,0.07556473,56.8,46.92600000000002,0.17383802816901373,5.997223200244534,0.13028168678283691,False,0.13028169014084545,0.7494429622508763,0.6968880018470963,盤中 tick 才能判斷（本表為收盤後資料；歷史觸發見 Intraday Replay）,NOT_LEADER
2026-10-05,2520,冠德,STAGE_WATCH,2,8,TAIEX Stage 2,建材營造 Stage 1,-0.09082602019788022,0.007552042043633023,0.01288755977955236,0.5154777927321669,-0.00800315,False,0.15640837,0.33879188,,0.2251974199373985,0.66076696,0.041666668,0.51518637,1.0,0.047196597,36.65,35.68949999999998,0.026207366984993596,1.0844354909249494,0.07439872622489929,False,0.0804911323328783,2.8388478044169867,0.6938191726426204,盤中 tick 才能判斷（本表為收盤後資料；歷史觸發見 Intraday Replay）,NOT_LEADER
2026-10-05,2615,萬海,STAGE_WATCH,2,9,TAIEX Stage 2,航運業 Stage 2,-0.12734099573724644,0.1910710172929957,0.3047152880484645,0.7429340511440108,-0.008414079,False,-0.23016094,0.057637576,,0.605011933174225,0.64,0.30833334,0.50789994,1.0,0.2010532,110.5,105.43500000000003,0.04583710407239794,1.116692945277692,0.12248756736516953,False,0.21719457013574717,2.672236168578738,0.6935001808478443,盤中 tick 才能判斷（本表為收盤後資料；歷史觸發見 Intraday Replay）,NOT_LEADER
2026-10-05,2851,中再保,STAGE_WATCH,2,39,TAIEX Stage 2,金融保險 Stage 2,-0.1199917558298671,0.18313337960446763,0.10207587051343081,0.7617765814266487,-0.01691019,False,0.43933305,0.35486785,,0.42228739002932536,0.75757575,0.083333336,0.47678426,1.0,0.14008175,45.6,44.005500000000026,0.03496710526315738,1.3653210747794173,0.06359649449586868,False,0.06359649122807087,1.8187520533155561,0.6927987238269054,盤中 tick 才能判斷（本表為收盤後資料；歷史觸發見 Intraday Replay）,NOT_LEADER
2026-10-05,2887,台新新光金,STAGE_WATCH,2,52,TAIEX Stage 2,金融保險 Stage 2,-0.09852622385854204,0.06433420776181809,0.09759262978708882,0.82907133243607,-0.013872852,False,0.35856494,0.57914895,,0.29855072463768106,0.9029703,0.41666666,0.6428096,1.0,0.046802633,40.85,39.69899999999999,0.028176254589963423,0.9129745490879989,0.09669522941112518,False,0.09669522643818862,3.431798541654599,0.6921392648285154,盤中 tick 才能判斷（本表為收盤後資料；歷史觸發見 Intraday Replay）,INDEPENDENT
2026-10-05,2480,敦陽科,STAGE_WATCH,2,14,TAIEX Stage 2,電子工業 Stage 2,-0.013311402607975031,-0.04898421341344683,-0.04308522204684384,0.5248990578734859,0.00010384952,False,0.24539489,0.47724015,,0.144781144781144,1.117647,0.43333334,3.6662824,4.0,0.011264639,166.5,151.96500000000006,0.08729729729729696,3.9512620120598996,0.0030030030757188797,False,0.021021021021021102,0.034399725635169964,0.691601783674358,盤中 tick 才能判斷（本表為收盤後資料；歷史觸發見 Intraday Replay）,NOT_LEADER
2026-10-05,3026,禾伸堂,STAGE_WATCH,2,53,TAIEX Stage 2,電子工業 Stage 2,0.1965133108756818,0.2580165402886416,-0.22967960967607493,0.990578734858681,-0.0026411067,False,2.0726414,1.7336457,,1.0488372093023268,0.84636617,0.008333334,0.94344676,1.0,0.11526805,817.0,676.1699999999996,0.17237454100367233,2.7847740254562257,0.11274958401918411,False,0.27906976744185985,0.6540965003456168,0.6905293918188299,盤中 tick 才能判斷（本表為收盤後資料；歷史觸發見 Intraday Replay）,SECTOR_CONFIRMED
2026-10-05,8103,瀚荃,STAGE_WATCH,2,6,TAIEX Stage 2,電子零組件業 Stage 2,-0.0799187210422434,0.3181460592325329,0.21974193524826546,0.6864064602960969,-0.002606507,False,0.97748005,1.502295,,0.8435754189944136,0.8413793,0.15833333,0.7261675,2.0,0.14587477,121.5,107.41499999999995,0.11592592592592632,1.869099555729104,0.08641975373029709,False,0.08926462538271518,0.7454739139674165,0.6899018689076408,盤中 tick 才能判斷（本表為收盤後資料；歷史觸發見 Intraday Replay）,NOT_LEADER
2026-10-05,3675,德微,STAGE_WATCH,2,33,TAIEX Stage 2,半導體業 Stage 2,0.19384373092798945,0.2060321419281388,-0.28247958004883167,0.857335127860027,-0.0064326483,False,2.2459652,1.1032349,,0.7691129204361313,1.267637,0.59166664,1.8511525,1.0,0.08476013,349.0,249.87669595782071,0.2840209284876196,4.439313407938406,0.05893373489379883,False,0.29669505220630366,0.20749786013169705,0.689216338049198,盤中 tick 才能判斷（本表為收盤後資料；歷史觸發見 Intraday Replay）,SECTOR_CONFIRMED
2026-10-05,2603,長榮,STAGE_WATCH,2,21,TAIEX Stage 2,航運業 Stage 2,-0.1028794043300485,0.029786040668893676,0.1094562020463048,0.5235531628532974,-0.011702697,False,0.011510752,0.013291143,,0.2698019801980198,0.8347826,0.14166667,1.1231548,1.0,0.088692114,234.5,224.73000000000008,0.041663113006396135,1.79973689725134,0.09381663054227829,False,0.09381663113006433,2.2517911834354654,0.6885289967055102,盤中 tick 才能判斷（本表為收盤後資料；歷史觸發見 Intraday Replay）,NOT_LEADER
2026-10-05,6155,鈞寶,STAGE_WATCH,2,3,TAIEX Stage 2,電子工業 Stage 2,0.23565164978328057,0.15955551602660445,-0.15643501682656558,0.6823687752355316,0.016238535,False,1.3974496,1.2758743,,0.46034816247582144,1.544688,0.64166665,1.871828,0.0,0.1845993,71.0,53.26200000000001,0.2498309859154929,5.761763313469598,0.4373644292354584,False,0.437364422418691,1.7506412490538703,0.687593649421546,盤中 tick 才能判斷（本表為收盤後資料；歷史觸發見 Intraday Replay）,NOT_LEADER
2026-10-05,2383,台光電,STAGE_WATCH,2,98,TAIEX Stage 2,電子零組件業 Stage 2,-0.006546226549282164,-0.040359503711489664,-0.009638898571606047,0.8169582772543742,0.030701881,False,1.9541004,1.5346724,,0.38955575179392987,0.9327902,0.15,0.63672805,2.0,0.03366696,5700.0,4588.6500000000015,0.19497368421052608,4.483832915900142,0.09150717407464981,False,0.12992822974822227,0.4693308968601292,0.6871889819748788,盤中 tick 才能判斷（本表為收盤後資料；歷史觸發見 Intraday Replay）,SECTOR_CONFIRMED
2026-10-05,1714,和桐,STAGE_WATCH,2,39,TAIEX Stage 2,化學生技醫療 Stage 2,0.0337738209666949,0.03465686162291837,-0.03339685871421616,0.8627187079407806,0.025308413,False,1.3205794,0.88569564,,0.447992958293441,1.4387351,0.425,5.4485087,2.0,0.08318382,18.5,14.503499999999994,0.21602702702702736,6.114863536469269,0.0027027027681469917,False,0.3368293676451568,0.012510947381638752,0.6871196774722185,盤中 tick 才能判斷（本表為收盤後資料；歷史觸發見 Intraday Replay）,SECTOR_CONFIRMED
2026-10-05,4939,亞電,STAGE_WATCH,2,57,TAIEX Stage 2,電子零組件業 Stage 2,-0.11963377453309265,0.16040652990693394,0.27761096395106644,0.9434724091520862,0.0051921755,False,1.4776773,1.6044524,,0.931034482758621,0.85024154,0.25,0.81053954,0.0,0.09696397,78.6,70.58699999999999,0.10194656488549625,1.809387172313634,0.2111959308385849,False,0.21119592875318127,2.0716336158633175,0.6859969017754952,盤中 tick 才能判斷（本表為收盤後資料；歷史觸發見 Intraday Replay）,SECTOR_CONFIRMED
2026-10-05,3021,鴻名,STAGE_WATCH,2,20,TAIEX Stage 2,電子零組件業 Stage 2,0.17160515615008087,0.21762563433768545,-0.05919459160448959,0.8183041722745625,-0.029966623,False,0.60434324,0.71230793,,0.5856777493606122,0.93986017,0.475,0.6359453,2.0,0.2232686,27.75,21.582000000000022,0.22227027027026958,3.5535801328333703,0.06317050755023956,False,0.44144144144144315,0.2842058340660106,0.6858672806296978,盤中 tick 才能判斷（本表為收盤後資料；歷史觸發見 Intraday Replay）,SECTOR_CONFIRMED
2026-10-05,7795,長廣,STAGE_WATCH,2,21,TAIEX Stage 2,電子零組件業 Stage 2,0.0590983318063758,0.2080672106190593,-0.1346725397400178,0.7388963660834454,0.028763697,False,1.5533813,1.8356068,,0.7579250720461095,0.9542683,0.175,1.041603,1.0,0.08821494,559.0,458.3700000000001,0.18001788908765637,3.3865864058990622,0.09123434871435165,False,0.1914132379248661,0.5068071244293215,0.6843719777438925,盤中 tick 才能判斷（本表為收盤後資料；歷史觸發見 Intraday Replay）,NOT_LEADER
2026-10-05,1809,中釉,STAGE_WATCH,2,38,TAIEX Stage 2,玻璃陶瓷 (n/a),0.1720137375797517,0.09223982582404888,-0.1405933323521804,0.8317631224764468,-0.014478256,False,1.5252819,0.7652778,,0.5492063492063495,1.5399516,0.60833335,0.9469785,0.0,0.12316775,46.6,35.64000000000001,0.23519313304721023,4.587145030323512,0.23472371697425842,False,0.3178916309012876,0.9980041250912816,0.683631943863126,盤中 tick 才能判斷（本表為收盤後資料；歷史觸發見 Intraday Replay）,INDEPENDENT
2026-10-05,2303,聯電,STAGE_WATCH,2,44,TAIEX Stage 2,電子工業 Stage 2,0.1359490475527967,0.13542026966913556,-0.15138954729637688,0.9475100942126514,-0.013115673,False,1.777781,1.711801,,0.5044642857142849,0.9283276,0.175,1.8756913,1.0,0.11264176,152.5,125.23500000000003,0.17878688524590136,3.724000110405307,0.002514785621315241,False,0.19592599768563201,0.014065828250525393,0.6832719731526764,盤中 tick 才能判斷（本表為收盤後資料；歷史觸發見 Intraday Replay）,SECTOR_CONFIRMED
2026-10-05,6197,佳必琪,STAGE_WATCH,2,24,TAIEX Stage 2,電子工業 Stage 2,0.06979520139895046,-0.0296763698877458,-0.15201301978877146,0.8869448183041723,0.0065612365,False,0.9632227,1.4426457,,0.24471830985915455,0.9182058,0.31666666,1.7855215,0.0,0.069975644,345.0,289.0800000000001,0.16208695652173877,6.140235281236969,0.17391304671764374,False,0.17391304347826275,1.0729613933760234,0.6816021966394986,盤中 tick 才能判斷（本表為收盤後資料；歷史觸發見 Intraday Replay）,SECTOR_CONFIRMED
2026-10-05,2481,強茂,STAGE_WATCH,2,59,TAIEX Stage 2,電子工業 Stage 2,0.07300032960407954,0.1788373878264624,-0.23354447340117834,0.8546433378196501,-0.009191464,False,1.8862044,1.4408493,,0.6437768240343351,0.8888889,0.29166666,1.337999,0.0,0.034562986,180.5,144.53999999999996,0.19922437673130222,3.448219243244336,0.2880886495113373,False,0.28808864265927925,1.446051202358073,0.6810653284327555,盤中 tick 才能判斷（本表為收盤後資料；歷史觸發見 Intraday Replay）,SECTOR_CONFIRMED
2026-10-05,6141,柏承,STAGE_WATCH,2,31,TAIEX Stage 2,電子工業 Stage 2,-0.09372213233114901,0.3686483297705814,0.35528115174449404,0.917900403768506,-0.015597974,False,0.69925743,1.2343189,,1.0619621342512913,0.75067025,0.008333334,0.79107076,0.0,0.14183393,51.2,47.322,0.07574218750000006,1.5736811501404209,0.169921875,False,0.16992187500000022,2.243424445590509,0.6807558296883248,盤中 tick 才能判斷（本表為收盤後資料；歷史觸發見 Intraday Replay）,SECTOR_CONFIRMED
2026-10-05,5864,致和證,STAGE_WATCH,2,49,TAIEX Stage 2,金融保險 Stage 2,0.012367780335166279,0.24562786624989874,-0.10060310048511589,0.8721399730820996,0.0036125095,False,1.3674519,1.2345127,,0.4228070175438601,1.2282158,0.23333333,1.0621297,0.0,0.20201543,39.8,33.70949999999999,0.153027638190955,4.803774756463929,0.17997725307941437,False,0.2001286683417074,1.1761094610558545,0.68053504035829,盤中 tick 才能判斷（本表為收盤後資料；歷史觸發見 Intraday Replay）,INDEPENDENT
2026-10-05,2609,陽明,STAGE_WATCH,1,21,TAIEX Stage 2,航運業 Stage 2,-0.0684800181911478,0.044958776429864455,0.08206678956595326,0.47510094212651416,-0.0066939783,False,-0.18996051,-0.091602504,21.0,0.3514056224899589,0.6987952,0.425,0.47185364,6.0,0.27955556,58.7,55.935000000000024,0.047103918228278974,1.783870920897533,0.002604664070531726,False,0.1465076660988076,0.05529612330568306,0.6800199926432351,盤中 tick 才能判斷（本表為收盤後資料；歷史觸發見 Intraday Replay）,NOT_LEADER
2026-10-05,6690,安碁資訊,STAGE_WATCH,2,4,TAIEX Stage 2,資訊服務業 (n/a),0.005179816783566382,-0.04699649052540167,-0.023909306319203516,0.36608344549125166,-0.013085507,False,0.14979774,0.2410537,,0.2601880877742946,0.59016395,0.925,0.5249246,8.0,0.27307025,177.0,158.895,0.10228813559322025,2.5220895064027573,0.015984727069735527,False,0.13559322033898313,0.15627156538763826,0.6791666764825506,盤中 tick 才能判斷（本表為收盤後資料；歷史觸發見 Intraday Replay）,NOT_LEADER
2026-10-05,3006,晶豪科,STAGE_WATCH,2,53,TAIEX Stage 2,電子工業 Stage 2,-0.06600041093095688,-0.026700507438720322,0.22161231739267628,0.8371467025572006,-0.006853785,False,1.0921166,1.4557351,,0.6923076923076925,0.7358491,0.025,0.9380029,2.0,0.052362107,282.0,260.36999999999995,0.07670212765957463,1.6022221998302815,0.012411347590386868,False,0.13120567375886472,0.16181229868188116,0.6785168134922211,盤中 tick 才能判斷（本表為收盤後資料；歷史觸發見 Intraday Replay）,SECTOR_CONFIRMED
2026-10-05,6182,合晶,STAGE_WATCH,2,55,TAIEX Stage 2,半導體業 Stage 2,0.1743222532944242,0.09786882933991836,-0.2650973693822659,0.9878869448183042,-0.0005533184,False,1.7533687,0.7441005,,0.7052375152253361,1.3550489,0.25,1.3414346,0.0,0.08470694,131.5,98.99999999999997,0.24714828897338414,3.7759337153334585,0.4790874421596527,False,0.47908745247148254,1.9384614967382863,0.6749339748750718,盤中 tick 才能判斷（本表為收盤後資料；歷史觸發見 Intraday Replay）,SECTOR_CONFIRMED
2026-10-05,8064,東捷,STAGE_WATCH,2,45,TAIEX Stage 2,光電業 Stage 2,0.2541843416704439,0.174115099306567,0.000677033008171346,0.8034993270524899,-0.027452227,False,1.4529277,1.6939847,,0.6847826086956519,0.82587063,0.36666667,0.5766289,0.0,0.18198523,136.5,102.96000000000001,0.24571428571428566,3.802105234655936,0.37811532616615295,False,0.3781153197216991,1.53884144369946,0.6737543429614676,盤中 tick 才能判斷（本表為收盤後資料；歷史觸發見 Intraday Replay）,SECTOR_CONFIRMED
2026-10-05,3045,台灣大,STAGE_WATCH,2,7,TAIEX Stage 2,電子工業 Stage 2,-0.04591535922686374,-0.011126478184801059,0.04460756006626543,0.42934051144010765,-0.0041299504,False,-0.1406715,-0.04000153,,0.16744186046511578,1.0,0.575,0.9445146,0.0,0.02623003,122.5,115.33499999999998,0.05848979591836745,3.343666675282282,,True,0.024489795918367196,17.096999302163265,0.6737514933013179,盤中 tick 才能判斷（本表為收盤後資料；歷史觸發見 Intraday Replay）,NOT_LEADER
2026-10-05,2031,新光鋼,STAGE_WATCH,2,10,TAIEX Stage 2,鋼鐵工業 Stage 1,-0.07412812995547102,-0.0012866448155559596,0.11198051019888555,0.44818304172274565,-0.008927175,False,0.21243097,0.11349461,,0.2649800266311588,1.2044199,0.6166667,0.848771,3.0,0.09152405,45.8,42.76799999999999,0.06620087336244562,3.2778377973957413,0.03711790218949318,False,0.03711790393013081,0.560685989537857,0.6723278969740186,盤中 tick 才能判斷（本表為收盤後資料；歷史觸發見 Intraday Replay）,NOT_LEADER
2026-10-05,2476,鉅祥,STAGE_WATCH,2,17,TAIEX Stage 2,電子工業 Stage 2,-0.03507136061046845,-0.08791420680760909,-0.09033813890697806,0.5598923283983849,-0.0016796959,False,1.0886656,1.1854633,,0.19364474096160733,0.9142857,0.058333334,1.8111806,3.0,0.030604558,128.5,113.85000000000002,0.11400778210116724,4.2288659243363105,0.011673151515424252,False,0.06418787171324092,0.1023890764322196,0.6720168643341369,盤中 tick 才能判斷（本表為收盤後資料；歷史觸發見 Intraday Replay）,NOT_LEADER
2026-10-05,8289,泰藝,STAGE_WATCH,2,37,TAIEX Stage 2,電子零組件業 Stage 2,0.21006669461162075,0.21516538493869097,-0.13363903604893257,0.6446837146702558,0.044511944,False,1.2260098,1.4218843,,0.5739795918367347,1.7023153,0.6166667,13.875749,1.0,0.16987695,57.2,39.7485,0.30509615384615385,6.89198877734443,0.04668387025594711,False,0.3606890161725056,0.153013630842058,0.6699571743021243,盤中 tick 才能判斷（本表為收盤後資料；歷史觸發見 Intraday Replay）,NOT_LEADER
2026-10-05,6016,康和證,STAGE_WATCH,2,39,TAIEX Stage 2,金融保險 Stage 2,0.05379951484251699,0.07978362590988719,-0.06591609232453721,0.8021534320323015,-0.00609348,False,1.1159415,0.8263385,,0.36111111111111094,0.88135594,0.108333334,0.9284096,0.0,0.15122393,24.35,21.3345,0.12383983572895285,4.420628074164012,0.3239738941192627,False,0.32397390510206026,2.6160717366287654,0.6680719181976871,盤中 tick 才能判斷（本表為收盤後資料；歷史觸發見 Intraday Replay）,INDEPENDENT
2026-10-05,3014,聯陽,STAGE_WATCH,2,20,TAIEX Stage 2,電子工業 Stage 2,0.03855441153747141,0.002881600731999834,-0.07661576591564656,0.576043068640646,-0.0085292505,False,0.7148106,0.74717486,,0.19028340080971673,1.1470588,0.525,3.3244264,7.0,0.15227817,146.5,127.215,0.13163822525597269,5.046542053935551,0.005869255866855383,False,0.10258745388440471,0.044586257946295754,0.6670911421307001,盤中 tick 才能判斷（本表為收盤後資料；歷史觸發見 Intraday Replay）,NOT_LEADER
2026-10-05,2634,漢翔,STAGE_WATCH,2,13,TAIEX Stage 2,航運業 Stage 2,-0.08094536238509131,-0.08113855424945893,-0.003079751932601349,0.65814266487214,0.0015909519,False,0.1399539,0.37787893,,0.27712854757929906,0.9321534,0.1,1.1555016,1.0,0.35107744,64.6,61.28100000000001,0.05137770897832794,2.102533963198942,0.09206630289554596,False,0.18421052631578938,1.7919503365629093,0.6661393556407103,盤中 tick 才能判斷（本表為收盤後資料；歷史觸發見 Intraday Replay）,NOT_LEADER
2026-10-05,2885,元大金,STAGE_WATCH,2,48,TAIEX Stage 2,金融保險 Stage 2,-0.08843051449099837,-0.06267457032213297,-0.06574812515933415,0.765814266487214,-0.0092284335,False,0.77574325,0.5955,,0.16019417475728148,0.90365446,0.025,0.6662997,1.0,0.05209125,68.2,65.83500000000001,0.03467741935483859,1.5691943731505738,0.03958944231271744,False,0.05131964809384182,1.1416490341341812,0.6659032762174536,盤中 tick 才能判斷（本表為收盤後資料；歷史觸發見 Intraday Replay）,NOT_LEADER
2026-10-05,2606,裕民,STAGE_WATCH,2,10,TAIEX Stage 2,航運業 Stage 2,-0.13392307520935132,0.03400294482185928,0.09239270998281279,0.5437415881561238,0.0014253065,False,0.4678952,0.21696053,,0.32845528455284523,0.87826085,0.18333334,0.54026747,1.0,0.08805083,74.3,72.36899999999997,0.025989232839838783,0.9654999681679458,0.09959623217582703,False,0.09959623149394359,3.8322113157244253,0.6658664478937373,盤中 tick 才能判斷（本表為收盤後資料；歷史觸發見 Intraday Replay）,NOT_LEADER
2026-10-05,6414,樺漢,STAGE_WATCH,2,23,TAIEX Stage 2,電腦及週邊設備業 Stage 2,-0.014497146672924233,-0.24899726752617846,-0.07830900304563193,0.7240915208613729,-0.0025976321,False,0.40730774,1.2375854,,0.3603851444291608,1.4956522,0.29166666,1.0448232,0.0,0.13638046,407.5,359.86499999999984,0.11689570552147277,4.358758278245992,0.2809816002845764,False,0.28098159509202403,2.403694806675019,0.662859938645229,盤中 tick 才能判斷（本表為收盤後資料；歷史觸發見 Intraday Replay）,NOT_LEADER
2026-10-05,2617,台航,STAGE_WATCH,2,5,TAIEX Stage 2,航運業 Stage 2,-0.09024290291159875,-0.016630979747519925,0.022698359163235926,0.3876177658142665,0.001007336,False,0.02900067,0.26555255,,0.2366548042704626,0.96935934,0.7416667,0.6644493,6.0,0.17237562,32.1,30.5415,0.04855140186915896,1.9394665947849554,0.022373516112565994,False,0.08255451713395634,0.4608212173329273,0.6596887790696528,盤中 tick 才能判斷（本表為收盤後資料；歷史觸發見 Intraday Replay）,NOT_LEADER
2026-10-05,8040,九暘,STAGE_WATCH,2,23,TAIEX Stage 2,半導體業 Stage 2,0.17431584808827272,0.1822152949190703,-0.09226337467327173,0.8506056527590848,-0.036233723,False,0.6785063,1.2874795,,0.5842349304482226,1.0082644,0.51666665,0.55529326,2.0,0.24398944,94.0,72.96299999999998,0.2237978723404257,4.299532757627837,0.01808510720729828,False,0.38829787234042556,0.08081000510938047,0.6585867973412968,盤中 tick 才能判斷（本表為收盤後資料；歷史觸發見 Intraday Replay）,SECTOR_CONFIRMED
2026-10-05,2850,新產,STAGE_WATCH,2,58,TAIEX Stage 2,金融保險 Stage 2,-0.0809062983591522,-0.10380019637369275,0.005493384042391636,0.6150740242261103,-0.012476644,False,0.19494867,0.06153675,,0.1045751633986931,1.4017094,0.033333335,0.5026812,2.0,0.09335439,159.5,153.44999999999993,0.03793103448275892,1.9697674947537105,0.0407523512840271,False,0.0595611285266453,1.0743801702152516,0.6580174010404907,盤中 tick 才能判斷（本表為收盤後資料；歷史觸發見 Intraday Replay）,NOT_LEADER
2026-10-05,2468,華經,STAGE_WATCH,2,3,TAIEX Stage 2,電子工業 Stage 2,0.1811929499918219,0.10959411136395292,0.06447765857438581,0.5195154777927322,-0.04766965,False,0.3843144,0.43950877,,0.5734861163921867,0.8764045,0.94166666,,3.0,0.55697095,41.5,31.8285,0.23304819277108446,3.591538500374602,0.029991574585437775,False,0.26642145652881943,0.12869258597897607,0.6571305765061418,盤中 tick 才能判斷（本表為收盤後資料；歷史觸發見 Intraday Replay）,NOT_LEADER
2026-10-05,8240,華宏,STAGE_WATCH,2,6,TAIEX Stage 2,光電業 Stage 2,0.12933816889170902,0.26783604535976546,0.10399272302019713,0.17900403768506057,0.0047354195,False,0.8390429,1.369565,,0.6321243523316058,1.3484716,0.55833334,0.7773924,2.0,0.316193,58.0,46.77750000000001,0.19349137931034466,4.2235214570012,0.03948016092181206,False,0.3758815061407663,0.20404092969169982,0.6571148649843062,盤中 tick 才能判斷（本表為收盤後資料；歷史觸發見 Intraday Replay）,NOT_LEADER
2026-10-05,2421,建準,STAGE_WATCH,2,6,TAIEX Stage 2,電子零組件業 Stage 2,-0.053655815669087614,-0.02263638461189843,0.09421229960728028,0.5127860026917901,0.005008773,False,0.9739854,0.9720088,,0.40458015267175496,0.8924303,0.14166667,1.2506341,3.0,0.1482043,169.5,156.42,0.07716814159292029,2.4415999946058093,0.015752406790852547,False,0.10490259380292488,0.20413095956036,0.6556542719363497,盤中 tick 才能判斷（本表為收盤後資料；歷史觸發見 Intraday Replay）,NOT_LEADER
2026-10-05,4551,智伸科,STAGE_WATCH,2,17,TAIEX Stage 2,汽車工業 Stage 3,0.07122855065838762,-0.025606116193851003,-0.3105574081114095,0.6514131897711979,0.001302679,False,1.059486,1.0270013,,0.2885906040268458,1.6369231,0.60833335,4.3154316,0.0,0.041176356,186.0,150.47999999999993,0.19096774193548416,4.2321703357114755,0.5261933207511902,False,0.5261933488046213,2.7554042133930525,0.6555517138367438,盤中 tick 才能判斷（本表為收盤後資料；歷史觸發見 Intraday Replay）,NOT_LEADER
2026-10-05,3529,力旺,STAGE_WATCH,2,31,TAIEX Stage 2,半導體業 Stage 2,0.27002630077168166,0.06636646231123522,0.09026643658788269,0.23822341857335128,-0.035313237,False,1.7205739,1.7822556,,0.7392344497607664,1.007874,0.75,0.6271842,4.0,0.12099549,3155.0,2331.449999999999,0.26103011093502415,4.334473712819918,0.007252247538417578,False,0.5068323276845788,0.027783183757765072,0.6547776934397037,盤中 tick 才能判斷（本表為收盤後資料；歷史觸發見 Intraday Replay）,NOT_LEADER
2026-10-05,1409,新纖,STAGE_WATCH,2,26,TAIEX Stage 2,紡織纖維 Stage 3,-0.05559566789435766,0.04181298935409106,-0.18951149548381996,0.7577388963660835,0.0011358317,False,1.1346065,0.66594404,,0.352602043121224,0.8674699,0.15,1.4546249,1.0,0.222486,25.3,23.562,0.06869565217391305,2.749378542473864,0.06916996091604233,False,0.29901147969816844,1.0069044943474517,0.6536209617650122,盤中 tick 才能判斷（本表為收盤後資料；歷史觸發見 Intraday Replay）,NOT_LEADER
2026-10-05,5386,青雲,STAGE_WATCH,2,49,TAIEX Stage 2,電腦及週邊設備業 Stage 2,0.033256739860489715,-0.04776804369547882,-0.026400112338833548,0.594885598923284,-0.005272592,False,0.89230055,1.0452034,,0.5201793721973091,0.4629981,0.025,0.42394033,2.0,0.104971565,290.5,249.47999999999993,0.1412048192771087,3.729090969332127,0.017175275832414627,False,0.4354743224246047,0.12163377935925011,0.652961577803601,盤中 tick 才能判斷（本表為收盤後資料；歷史觸發見 Intraday Replay）,NOT_LEADER
2026-10-05,6509,聚和,STAGE_WATCH,2,36,TAIEX Stage 2,化學工業 Stage 2,-0.021218151595232992,-0.05802163559310025,-0.13509367176749898,0.37415881561238223,-0.0027765424,False,0.7594064,0.41788363,,0.19668246445497584,1.3132832,0.29166666,1.4117894,2.0,0.09570663,49.9,43.90650000000001,0.12011022044088149,5.520329117131931,0.0292328093200922,False,0.14746859144375746,0.2433831959744063,0.6515009707952764,盤中 tick 才能判斷（本表為收盤後資料；歷史觸發見 Intraday Replay）,NOT_LEADER
2026-10-05,6015,宏遠證,STAGE_WATCH,2,38,TAIEX Stage 2,金融保險 Stage 2,0.01960758413816288,0.04801817223119631,-0.08972719031890541,0.6796769851951547,-0.0027174149,False,1.0199528,0.8856394,,0.25429553264604765,0.9423077,0.09166667,1.069546,1.0,0.14624509,18.1,16.285500000000003,0.10024861878453029,3.820000122473959,0.0441988967359066,False,0.325966850828729,0.44089282497652815,0.6510017846760145,盤中 tick 才能判斷（本表為收盤後資料；歷史觸發見 Intraday Replay）,NOT_LEADER
2026-10-05,3673,TPK-KY,STAGE_WATCH,2,47,TAIEX Stage 2,電子工業 Stage 2,0.10296604909839191,0.12299468334926744,-0.07916965369250639,0.6877523553162853,0.012186748,False,1.2889652,0.72209543,,0.5140186915887854,1.7052298,0.5833333,3.7136056,0.0,0.3098803,76.8,59.40000000000001,0.22656249999999978,4.814229285163527,0.15615172684192657,False,0.2565209518090654,0.6892214150264352,0.6498256419819262,盤中 tick 才能判斷（本表為收盤後資料；歷史觸發見 Intraday Replay）,NOT_LEADER
2026-10-05,3169,亞信,STAGE_WATCH,2,6,TAIEX Stage 2,半導體業 Stage 2,-0.0030985714948219556,-0.03359936133879882,-0.040889420073510596,0.550471063257066,-0.018117392,False,0.7063448,0.9214704,,0.23975409836065653,0.9549072,0.8666667,0.6075095,10.0,0.18637936,113.5,98.40600000000002,0.13298678414096898,3.913259395345604,0.0069007533602416515,False,0.09195314033983637,0.051890519834863424,0.64879257037583,盤中 tick 才能判斷（本表為收盤後資料；歷史觸發見 Intraday Replay）,NOT_LEADER
2026-10-05,6861,睿生光電,MOMENTUM(WAIT_CONFIRM),2,35,TAIEX Stage 2,生技醫療業 Stage 1,0.5714112324267475,0.2840767118067089,-0.0936950584578955,0.9246298788694481,-0.03416422,False,1.4740967,0.96199393,,0.8179271708683484,1.0588236,0.75,0.7671114,0.0,0.07891971,295.5,178.1999999999999,0.39695431472081244,5.36666678674035,0.3807106614112854,False,0.6472971779200931,0.959079287698506,0.6486545869695075,盤中 tick 才能判斷（本表為收盤後資料；歷史觸發見 Intraday Replay）,INDEPENDENT
2026-10-05,7717,萊德光電-KY,STAGE_WATCH,1,17,TAIEX Stage 2,通信網路業 Stage 2,0.3633818103889823,0.2666930985740221,0.30704036663833545,0.009421265141318977,-0.028371237,False,1.1481669,1.7783538,17.0,0.7650349650349642,0.889409,0.525,1.0211772,,,592.0,411.8400000000002,0.304324324324324,4.436657923301685,,False,0.609221204263924,3.2859680284191866,0.6482423311902249,盤中 tick 才能判斷（本表為收盤後資料；歷史觸發見 Intraday Replay）,NOT_LEADER
2026-10-05,6547,高端疫苗,STAGE_WATCH,2,29,TAIEX Stage 2,生技醫療業 Stage 1,-0.10670467413005091,0.11545006087820475,0.18460657798615476,0.34320323014804843,-0.009565802,False,0.28401867,0.69264466,,0.590308370044053,0.68115944,0.5416667,0.37238315,2.0,0.17544763,60.4,55.93499999999998,0.07392384105960303,2.1704860410733424,0.013245033100247383,False,0.19536423841059603,0.17917133241991887,0.6482364765608298,盤中 tick 才能判斷（本表為收盤後資料；歷史觸發見 Intraday Replay）,NOT_LEADER
2026-10-05,3022,威強電,STAGE_WATCH,2,18,TAIEX Stage 2,電腦及週邊設備業 Stage 2,-0.029005080887569923,-0.16984947601717393,-0.07464611991556702,0.6648721399730821,-0.013267735,False,0.6291044,1.1226943,,0.3852556607685471,0.55727553,0.34166667,0.4280877,2.0,0.2023308,92.0,81.27899999999998,0.1165326086956524,4.1009288226962335,0.002489302307367325,False,0.22037621608293056,0.021361422654397298,0.6474048076960159,盤中 tick 才能判斷（本表為收盤後資料；歷史觸發見 Intraday Replay）,NOT_LEADER
2026-10-05,6770,力積電,STAGE_WATCH,2,2,TAIEX Stage 2,電子工業 Stage 2,0.033943147847782074,0.02215557279119129,-0.018866139764001533,0.6594885598923284,0.0006877644,False,1.730667,1.581162,,0.5176252470359672,0.93489146,0.15833333,0.99925196,3.0,0.102618605,75.8,66.03300000000002,0.12885224274406304,3.5061023711662624,0.025652296841144562,False,0.24261720748794402,0.1990830450044806,0.645188253732274,盤中 tick 才能判斷（本表為收盤後資料；歷史觸發見 Intraday Replay）,NOT_LEADER
2026-10-05,4906,正文,STAGE_WATCH,2,41,TAIEX Stage 2,電子工業 Stage 2,0.10327299121476918,0.06760018040929783,-0.03453791245342619,0.297442799461642,-0.00697679,False,1.0577694,1.5350289,,0.4473684210526321,1.7615262,0.41666666,2.7901812,2.0,0.121015705,42.15,34.5015,0.18145907473309608,4.240752496834028,0.013839115388691425,False,0.30954220173401503,0.07626576631147854,0.6429789303667132,盤中 tick 才能判斷（本表為收盤後資料；歷史觸發見 Intraday Replay）,NOT_LEADER
2026-10-05,5351,鈺創,STAGE_WATCH,2,52,TAIEX Stage 2,半導體業 Stage 2,-0.04768731608356669,-0.012927646747820098,0.1896233752985852,0.7994616419919246,0.007391705,False,1.536155,1.7853835,,0.7825537294563856,0.7735849,0.05,1.275718,1.0,0.07099166,114.0,101.47500000000002,0.1098684210526314,2.7186046483288777,0.11403508484363556,False,0.2368421052631582,1.0379241255229121,0.6425049793579379,盤中 tick 才能判斷（本表為收盤後資料；歷史觸發見 Intraday Replay）,NOT_LEADER
2026-10-05,5425,台半,STAGE_WATCH,2,50,TAIEX Stage 2,半導體業 Stage 2,0.07274729316683204,0.12291463486275545,-0.29233834090860833,0.8707940780619112,0.011994068,False,1.7454472,1.1405077,,0.5642458100558665,1.3196931,0.2,2.9369378,0.0,0.08505498,105.5,83.55600000000004,0.20799999999999963,5.180708390537384,0.16128189861774445,False,0.33246688151658743,0.775393743354542,0.6419811976875558,盤中 tick 才能判斷（本表為收盤後資料；歷史觸發見 Intraday Replay）,SECTOR_CONFIRMED
2026-10-05,3029,零壹,STAGE_WATCH,2,4,TAIEX Stage 2,電子工業 Stage 2,-0.006069301071055966,-0.0515419450708563,0.04829333110082534,0.4845222072678331,-0.012689803,False,0.13470444,0.28604832,,0.21739130434782594,0.6480447,0.7,0.2842488,6.0,0.17580566,117.5,107.415,0.08582978723404255,2.1555724859455423,0.006130546797066927,False,0.07234042553191466,0.0714267970902691,0.6418993646269994,盤中 tick 才能判斷（本表為收盤後資料；歷史觸發見 Intraday Replay）,NOT_LEADER
2026-10-05,3236,千如,STAGE_WATCH,2,50,TAIEX Stage 2,電子零組件業 Stage 2,0.18975857136232088,0.13152154741317723,-0.21412786703823006,0.775235531628533,0.044700645,False,1.3579757,1.1904926,,0.49845306977696224,1.4416244,0.41666666,8.672632,0.0,0.06537923,53.5,41.035500000000006,0.23298130841121478,5.094978045826609,0.15307091176509857,False,0.39883763167328135,0.6570094090763994,0.6411850684299729,盤中 tick 才能判斷（本表為收盤後資料；歷史觸發見 Intraday Replay）,NOT_LEADER
2026-10-05,5309,系統電,STAGE_WATCH,1,1,TAIEX Stage 2,電子零組件業 Stage 2,0.2394204479472739,0.1415544322360469,-0.038534869382266024,0.47106325706594887,0.009415103,False,0.963906,0.80067676,1.0,0.4360041623309048,2.1633554,0.975,3.3273647,4.0,0.39081427,67.1,47.56950000000001,0.29106557377049147,7.501426461397087,0.0647335797548294,False,0.257824143070045,0.22240204815796105,0.6400305049749605,盤中 tick 才能判斷（本表為收盤後資料；歷史觸發見 Intraday Replay）,NOT_LEADER
2026-10-05,3491,昇達科,STAGE_WATCH,2,45,TAIEX Stage 2,通信網路業 Stage 2,0.07609139630724537,0.08768364415473329,0.20324100605035578,0.1440107671601615,0.0033805834,False,1.0884163,1.6559184,,0.7157894736842121,0.9491525,0.1,1.6613977,0.0,0.15842985,1630.0,1296.9,0.20435582822085885,4.108722566551347,0.15649551153182983,False,0.34263331784241746,0.7657991107681857,0.6391366740808437,盤中 tick 才能判斷（本表為收盤後資料；歷史觸發見 Intraday Replay）,NOT_LEADER
2026-10-05,6148,驊宏資,STAGE_WATCH,1,3,TAIEX Stage 2,資訊服務業 (n/a),0.22405715566090545,0.17439388380614895,0.029950707540810084,0.4064602960969044,-0.03715709,False,0.5647831,0.916452,3.0,0.6007604562737638,0.69756097,0.925,0.2909827,4.0,0.62468624,36.3,27.274499999999996,0.24863636363636366,3.7218555902774577,0.01515151560306549,False,0.2830716404246234,0.06093845397942244,0.6371644003841266,盤中 tick 才能判斷（本表為收盤後資料；歷史觸發見 Intraday Replay）,NOT_LEADER
2026-10-05,3264,欣銓,STAGE_WATCH,2,69,TAIEX Stage 2,半導體業 Stage 2,-0.015466881650742836,0.02212020837853168,-0.046024093520195875,0.5545087483176312,-0.012181253,False,1.7427535,2.0280623,,0.6173184357541917,0.62204725,0.55,1.3640807,3.0,0.07389011,241.5,217.80000000000004,0.09813664596273275,1.8536312301764042,0.01096107717603445,False,0.19875776397515543,0.11169198894566769,0.6370716721287479,盤中 tick 才能判斷（本表為收盤後資料；歷史觸發見 Intraday Replay）,NOT_LEADER
2026-10-05,2436,偉詮電,STAGE_WATCH,2,33,TAIEX Stage 2,電子工業 Stage 2,0.040373010686437505,0.07245864717077821,-0.024563080557883366,0.4899057873485868,-0.01839056,False,0.86483645,1.3419147,,0.43518518518518445,1.1283784,0.35,1.0699036,5.0,0.2830142,73.2,63.45900000000001,0.13307377049180313,3.6857836832385855,0.007579784840345383,False,0.1214515633415485,0.05695927012763398,0.6353324493279209,盤中 tick 才能判斷（本表為收盤後資料；歷史觸發見 Intraday Replay）,NOT_LEADER
2026-10-05,4979,華星光,STAGE_WATCH,2,45,TAIEX Stage 2,通信網路業 Stage 2,-0.038596406992657206,0.10568607281290032,0.29643189800487857,0.5639300134589502,0.0070978864,False,1.2209408,2.0258355,,0.7711978465679674,0.59481585,0.016666668,,1.0,0.08348619,598.0,495.9899999999997,0.1705852842809369,3.1736443379591543,0.10033445060253143,False,0.2676988020761477,0.5881776439595495,0.6343110075810209,盤中 tick 才能判斷（本表為收盤後資料；歷史觸發見 Intraday Replay）,NOT_LEADER
2026-10-05,3178,公準,STAGE_WATCH,2,4,TAIEX Stage 2,電機機械 Stage 2,0.06397536334227127,0.06533565949775033,-0.011471598966241281,0.28263795423956933,-0.013711228,False,0.5623701,0.79683006,,0.5083179297597042,0.7082729,0.85833335,0.62415874,7.0,0.33198446,69.8,55.638,0.20289398280802295,3.7550756532527942,0.012893983162939548,False,0.16905444126074487,0.06355034774559952,0.6338007386744899,盤中 tick 才能判斷（本表為收盤後資料；歷史觸發見 Intraday Replay）,NOT_LEADER
2026-10-05,3141,晶宏,STAGE_WATCH,2,22,TAIEX Stage 2,半導體業 Stage 2,-0.20061901372027513,0.007102692783493403,0.09566744044817721,0.9071332436069987,0.009247979,False,0.36313766,1.006344,,0.6616314193624748,0.716933,0.25,0.6914034,1.0,0.20833531,88.0,81.675,0.07187500000000002,1.4398374228747437,0.07487545162439346,False,0.24514402439024363,1.0417454139046043,0.6301945155681576,盤中 tick 才能判斷（本表為收盤後資料；歷史觸發見 Intraday Replay）,SECTOR_CONFIRMED
2026-10-05,2834,臺企銀,STAGE_WATCH,2,17,TAIEX Stage 2,金融保險 Stage 2,-0.07235504601445397,-0.0744065427088676,-0.055671493611100464,0.4952893674293405,-0.012099637,False,0.15063675,0.06446496,,0.15692307692307694,0.73239434,0.625,0.7363625,1.0,0.089958735,17.3,16.6815,0.03575144508670536,1.7492929353029711,0.08670520037412643,False,0.08670520231213841,2.4252222578373175,0.6296804782347477,盤中 tick 才能判斷（本表為收盤後資料；歷史觸發見 Intraday Replay）,NOT_LEADER
2026-10-05,8109,博大,STAGE_WATCH,2,25,TAIEX Stage 2,電子零組件業 Stage 2,-0.02298225015712685,-0.06669346022237121,-0.19308169414110854,0.5410497981157469,0.0023146567,False,0.24899541,0.4839817,,0.24894514767932496,1.6521739,0.5,1.6352985,2.0,0.0793482,139.0,123.75000000000001,0.10971223021582732,4.028301812920151,2.220446049250313e-16,False,0.19784172661870492,2.0238819727593022e-15,0.6292389266228915,盤中 tick 才能判斷（本表為收盤後資料；歷史觸發見 Intraday Replay）,NOT_LEADER
2026-10-05,6669,緯穎,STAGE_WATCH,2,61,TAIEX Stage 2,電腦及週邊設備業 Stage 2,-0.215364083760334,-0.09609919865316807,0.18293018504686365,0.847913862718708,0.0066926363,False,0.820301,1.4313895,,0.5663075462270633,0.53333336,0.41666666,0.77629995,0.0,0.08406423,2150.0,2054.2499999999995,0.04453488372093051,1.1606061147876885,0.3372093141078949,False,0.33720930232558133,7.5718018311432855,0.6229932620806613,盤中 tick 才能判斷（本表為收盤後資料；歷史觸發見 Intraday Replay）,INDEPENDENT
2026-10-05,4916,事欣科,STAGE_WATCH,2,21,TAIEX Stage 2,電腦及週邊設備業 Stage 2,0.0017815191143280007,-0.1475015410304512,-0.1357694419238995,0.8559892328398385,-0.0058596954,False,1.2266316,0.8376861,,0.20260021668472294,0.9375,0.275,1.5214843,2.0,0.15656619,105.0,91.377,0.12974285714285716,4.247706122083581,0.05714285746216774,False,0.2075747685131175,0.44043162545163417,0.6222562890106128,盤中 tick 才能判斷（本表為收盤後資料；歷史觸發見 Intraday Replay）,INDEPENDENT
2026-10-05,2027,大成鋼,STAGE_WATCH,2,19,TAIEX Stage 2,鋼鐵工業 Stage 1,-0.12986768551493244,-0.08067821010733844,0.14091391768365358,0.5733512786002691,-0.001343566,False,0.27704367,0.592413,,0.23786982248520783,1.030303,0.30833334,0.8477045,2.0,0.08111362,47.9,44.500500000000024,0.07097077244258831,2.8931916097573964,0.026992233470082283,False,0.09185803757828892,0.3803288669560079,0.621312681551316,盤中 tick 才能判斷（本表為收盤後資料；歷史觸發見 Intraday Replay）,NOT_LEADER
2026-10-05,2399,映泰,STAGE_WATCH,2,44,TAIEX Stage 2,電腦及週邊設備業 Stage 2,0.010543642147391452,0.01844953885505407,-0.08800011861145429,0.7281292059219381,-0.009895528,False,0.9454589,0.9382775,,0.5799086757990866,1.1392722,0.175,1.458839,1.0,0.17579773,48.6,43.80749999999999,0.09861111111111132,2.2477387483125035,0.018518518656492233,False,0.18312757201646024,0.18779342862921664,0.6178159321619642,盤中 tick 才能判斷（本表為收盤後資料；歷史觸發見 Intraday Replay）,NOT_LEADER
2026-10-05,7714,創泓科技,STAGE_WATCH,2,4,TAIEX Stage 2,數位雲端 (n/a),-0.02467595244720222,-0.0020229578183503794,0.005811534296370269,0.6473755047106325,-0.0006369007,False,0.016792001,0.41374788,,0.4222449687797345,0.8,0.34166667,0.2717641,5.0,0.284302,169.5,152.95499999999993,0.09761061946902694,1.9968103043075547,0.02132762037217617,False,0.25606852088685783,0.21849692675030805,0.6161883827086252,盤中 tick 才能判斷（本表為收盤後資料；歷史觸發見 Intraday Replay）,NOT_LEADER
2026-10-05,6706,惠特,STAGE_WATCH,2,4,TAIEX Stage 2,電子工業 Stage 2,0.17321045834117954,0.23295480817589698,-0.02007096093156191,0.32705248990578734,-0.015220154,False,0.90522397,1.8044224,,0.7721518987341773,0.89113927,0.25,0.31594884,0.0,0.1318099,151.5,120.28499999999995,0.20603960396039644,2.7923962486261775,0.23762376606464386,False,0.48514851485148514,1.1532917045905327,0.6158174016303162,盤中 tick 才能判斷（本表為收盤後資料；歷史觸發見 Intraday Replay）,NOT_LEADER
2026-10-05,2351,順德,STAGE_WATCH,2,36,TAIEX Stage 2,電子工業 Stage 2,-0.08853525737993828,0.17473687814674244,0.011155870538136936,0.8519515477792732,0.0064943023,False,0.86280483,1.1205802,,0.8154435908986206,0.73704416,0.083333336,0.9666053,2.0,0.14208399,222.0,201.96000000000004,0.09027027027027013,1.6455131598293793,0.042649753391742706,False,0.15765765765765782,0.4724673279923601,0.6149500291239456,盤中 tick 才能判斷（本表為收盤後資料；歷史觸發見 Intraday Replay）,SECTOR_CONFIRMED
2026-10-05,3615,安可,STAGE_WATCH,2,35,TAIEX Stage 2,光電業 Stage 2,0.1593056909094399,0.12363288010396745,-0.1440816382208846,0.7079407806191117,-0.0094794985,False,1.1479636,1.033248,,0.4833597464342294,1.5961539,0.75,1.5506678,0.0,0.19020185,44.45,32.472,0.26947131608548924,4.924875372612605,0.4081867039203644,False,0.48125296896711656,1.514768658311922,0.6128284239866416,盤中 tick 才能判斷（本表為收盤後資料；歷史觸發見 Intraday Replay）,NOT_LEADER
2026-10-05,2492,華新科,STAGE_WATCH,2,50,TAIEX Stage 2,電子零組件業 Stage 2,0.2732234490260941,0.31692341023660453,-0.3054189955085044,0.955585464333782,0.048052408,False,2.1020236,1.7630067,,0.7483443708609274,1.2042007,0.09166667,3.2619328,0.0,0.020250043,368.5,279.67499999999995,0.24104477611940323,4.497468453159132,0.7410960793495178,False,0.7410960508313955,3.0745162425026407,0.6124718735663901,盤中 tick 才能判斷（本表為收盤後資料；歷史觸發見 Intraday Replay）,SECTOR_CONFIRMED
2026-10-05,6147,頎邦,STAGE_WATCH,2,30,TAIEX Stage 2,半導體業 Stage 2,0.05880619040994017,0.3107398129062655,-0.004265602464973428,0.8681022880215343,-0.0039120796,False,1.7701313,2.3824604,,0.8203124999999991,0.7741935,0.083333336,0.733966,0.0,0.16142283,216.0,169.29,0.21625000000000005,3.80197675585797,0.28703704476356506,False,0.4335256418077449,1.327338935322844,0.6122610423414651,盤中 tick 才能判斷（本表為收盤後資料；歷史觸發見 Intraday Replay）,SECTOR_CONFIRMED
2026-10-05,7810,捷創科技,STAGE_WATCH,2,3,TAIEX Stage 2,半導體業 Stage 2,0.05553714823929656,0.15068440001263306,0.16307384844099904,0.21668909825033647,0.009489995,False,0.4373535,0.29829365,,0.4853801169590659,1.1616162,0.34166667,2.9356003,4.0,0.37837678,249.0,206.90999999999994,0.1690361445783135,4.1351579287873514,0.012645483948290348,False,0.3442165674744804,0.07480934908824642,0.611563338914514,盤中 tick 才能判斷（本表為收盤後資料；歷史觸發見 Intraday Replay）,NOT_LEADER
2026-10-05,6937,天虹,STAGE_WATCH,2,27,TAIEX Stage 2,電子工業 Stage 2,0.004078543955675196,0.03265718912827853,0.07873090614759937,0.19919246298788695,-0.016214151,False,0.9772526,1.2714016,,0.2825203252032522,0.8469602,0.041666668,0.6540822,6.0,0.23029742,302.5,274.725,0.09181818181818191,2.4379310741935476,0.0033057851251214743,False,0.17883921874110342,0.03600360037261008,0.6092142478330761,盤中 tick 才能判斷（本表為收盤後資料；歷史觸發見 Intraday Replay）,NOT_LEADER
2026-10-05,5880,合庫金,STAGE_WATCH,2,6,TAIEX Stage 2,金融保險 Stage 2,-0.11401349926368232,-0.07041542760397568,0.004141080297181965,0.4158815612382234,-0.006191302,False,-0.09156294,0.033214904,,0.15723270440251524,0.96907216,0.5416667,0.7185289,2.0,0.09384763,25.9,25.393499999999996,0.019555984555984507,1.0351824576667101,0.00960503052920103,False,0.06563706563706573,0.4911555591437459,0.6087701877175669,盤中 tick 才能判斷（本表為收盤後資料；歷史觸發見 Intraday Replay）,NOT_LEADER
2026-10-05,3479,安勤,STAGE_WATCH,2,17,TAIEX Stage 2,電腦及週邊設備業 Stage 2,0.030703145913452357,-0.15518475616047633,-0.09063537304526958,0.7711978465679677,-0.014931783,False,0.06858265,0.85596627,,0.1926229508196724,0.75,0.24166666,0.8799709,2.0,0.3331849,136.0,120.78000000000003,0.11191176470588204,4.261599919312391,0.032531484961509705,False,0.1911764705882355,0.2906886961081033,0.6083462610705064,盤中 tick 才能判斷（本表為收盤後資料；歷史觸發見 Intraday Replay）,NOT_LEADER
2026-10-05,4904,遠傳,STAGE_WATCH,2,12,TAIEX Stage 2,電子工業 Stage 2,-0.06472728094961844,-0.08541003776247824,0.045001879544772416,0.4266487213997308,-0.0034629353,False,-0.23298883,-0.09639433,,0.09582059123343578,1.0,0.108333334,1.3593805,3.0,0.05637653,105.5,100.98000000000002,0.04284360189573455,2.3010908306577633,0.01895734667778015,False,0.03604164682204791,0.44247789258978054,0.6077104832191228,盤中 tick 才能判斷（本表為收盤後資料；歷史觸發見 Intraday Replay）,NOT_LEADER
2026-10-05,4919,新唐,STAGE_WATCH,2,31,TAIEX Stage 2,電子工業 Stage 2,0.2681229605962756,0.12427623674732624,-0.10589981417721783,0.7685060565275909,0.020724464,False,1.6362138,1.5332967,,0.5321100917431196,1.4601227,0.675,2.5731308,0.0,0.21592157,155.5,107.90999999999998,0.3060450160771705,4.9907116544229515,0.469453364610672,False,0.47909967845658974,1.5339356628905123,0.6068328489696351,盤中 tick 才能判斷（本表為收盤後資料；歷史觸發見 Intraday Replay）,NOT_LEADER
2026-10-05,6005,群益證,STAGE_WATCH,2,39,TAIEX Stage 2,金融保險 Stage 2,-0.06395821674395719,-0.02652600410931716,-0.04504183249156335,0.6083445491251682,0.0011888371,False,0.68374985,0.66189706,,0.14110784425366374,0.9787234,0.18333334,2.157592,1.0,0.1737776,33.0,30.54150000000001,0.07449999999999968,3.325507201780872,0.0060606058686971664,False,0.205984146974743,0.08135041434492876,0.6065961369671963,盤中 tick 才能判斷（本表為收盤後資料；歷史觸發見 Intraday Replay）,NOT_LEADER
2026-10-05,3450,聯鈞,STAGE_WATCH,2,33,TAIEX Stage 2,其他電子業 Stage 2,-0.09488127735694984,-0.004769541482582795,-0.012462565460697572,0.8358008075370121,0.0068222373,False,1.9995437,2.0148325,,0.7094240837696335,0.8321513,0.008333334,1.7535694,2.0,0.08000737,548.0,484.10999999999973,0.11658759124087636,2.0168207697376768,0.09634086489677429,False,0.19160583941605802,0.8263389257071859,0.6058333319809226,盤中 tick 才能判斷（本表為收盤後資料；歷史觸發見 Intraday Replay）,SECTOR_CONFIRMED
2026-10-05,2464,盟立,STAGE_WATCH,2,24,TAIEX Stage 2,電子工業 Stage 2,-0.22369059208684205,-0.046690055139506415,0.11051979072381402,0.9569313593539704,-0.0055368417,False,0.73563105,0.95848745,,0.6716417928164784,0.84304935,0.008333334,1.627312,2.0,0.18057436,191.0,171.2699999999999,0.10329842931937228,1.9181945071596684,0.057591624557971954,False,0.17277486910994688,0.5575266239519809,0.6036757623176822,盤中 tick 才能判斷（本表為收盤後資料；歷史觸發見 Intraday Replay）,SECTOR_CONFIRMED
2026-10-05,6782,視陽,STAGE_WATCH,2,7,TAIEX Stage 2,生技醫療業 Stage 1,-0.10958286734082001,-0.008073277815781266,0.06924201990877732,0.4226110363391655,-0.016242607,False,0.35522556,0.5457902,,0.38753387533875405,0.83040935,0.21666667,0.74270254,7.0,0.1508267,229.0,217.30500000000004,0.05106986899563304,1.2594614939723554,0.006950978189706802,False,0.11790393013100475,0.13610722577536233,0.6030338855304606,盤中 tick 才能判斷（本表為收盤後資料；歷史觸發見 Intraday Replay）,NOT_LEADER
2026-10-05,2368,金像電,STAGE_WATCH,2,72,TAIEX Stage 2,電子零組件業 Stage 2,0.020494502098251655,0.11377877481839138,-0.030450630251831035,0.4253028263795424,0.0034776323,False,1.5934372,1.2679808,,0.4803804994054701,0.93286216,0.26666668,0.8130643,1.0,0.10297111,1215.0,940.5,0.22592592592592597,3.961855550619703,0.02469135820865631,False,0.29127320759288167,0.10928961830060988,0.6028131660022665,盤中 tick 才能判斷（本表為收盤後資料；歷史觸發見 Intraday Replay）,NOT_LEADER
2026-10-05,2379,瑞昱,STAGE_WATCH,2,19,TAIEX Stage 2,電子工業 Stage 2,0.021763870368644245,-0.06890242020493087,-0.13004326302389668,0.7402422611036339,-0.014992148,False,-0.22018178,0.48455897,,0.2533475952895605,0.9846135,0.46666667,0.7338907,0.0,0.10744639,755.0,673.2000000000003,0.10834437086092685,3.13753410299909,0.24070894718170166,False,0.2407089455081226,2.221702385356788,0.6027439932505808,盤中 tick 才能判斷（本表為收盤後資料；歷史觸發見 Intraday Replay）,NOT_LEADER
2026-10-05,2612,中航,STAGE_WATCH,1,8,TAIEX Stage 2,航運業 Stage 2,-0.11090719257358472,0.010551466105124474,0.04538057179420529,0.41318977119784656,-0.00039374278,False,0.028002292,0.33536252,8.0,0.3051181102362215,0.8597015,0.025,0.473567,3.0,0.262552,61.6,60.09299999999998,0.02446428571428605,0.9858878643529596,0.044630199670791626,False,0.22732337620293297,1.8243001325286838,0.6024623087946532,盤中 tick 才能判斷（本表為收盤後資料；歷史觸發見 Intraday Replay）,NOT_LEADER
2026-10-05,3221,台嘉碩,STAGE_WATCH,2,38,TAIEX Stage 2,通信網路業 Stage 2,0.07515820468078882,0.057866088755782474,-0.11995848049337732,0.6675639300134589,0.014063003,False,1.0971823,1.2813843,,0.3555045871559639,1.3898655,0.475,2.6358266,0.0,0.33218095,55.7,43.856999999999985,0.21262118491921034,4.912651848200912,0.21311697363853455,False,0.2417029204611003,1.0023317936051979,0.6014840595543023,盤中 tick 才能判斷（本表為收盤後資料；歷史觸發見 Intraday Replay）,NOT_LEADER
2026-10-05,6116,彩晶,STAGE_WATCH,2,39,TAIEX Stage 2,電子工業 Stage 2,0.05983393963912853,0.0159905224616117,-0.16523323894748299,0.8640646029609691,-0.002790859,False,1.0132585,0.9195609,,0.44032921810699643,1.4437087,0.375,2.2282593,0.0,0.08172123,15.9,13.463999999999993,0.15320754716981178,2.8901695614647624,0.31446540355682373,False,0.42767295597484223,2.0525451217378827,0.6007726391931159,盤中 tick 才能判斷（本表為收盤後資料；歷史觸發見 Intraday Replay）,SECTOR_CONFIRMED
2026-10-05,2915,潤泰全,STAGE_WATCH,2,8,TAIEX Stage 2,貿易百貨 (n/a),-0.0822903890669211,-0.008395638252674642,0.056902986239335096,0.5262449528936743,-0.016426386,False,0.05249037,0.31581867,,0.22309197651663393,1.0341463,0.375,1.0053557,6.0,0.13235646,56.9,55.43999999999998,0.025659050966608365,1.3810810038947323,0.01694454811513424,False,0.09841827768014055,0.6603731422952929,0.600216842908462,盤中 tick 才能判斷（本表為收盤後資料；歷史觸發見 Intraday Replay）,NOT_LEADER
2026-10-05,8027,鈦昇,STAGE_WATCH,2,45,TAIEX Stage 2,電機機械 Stage 2,0.09956486676183696,0.025084979916724315,-0.13469964210953878,0.7012113055181696,-0.01421594,False,1.1284335,1.3051205,,0.41955835962145094,1.4415275,0.6,1.1896003,0.0,0.066752665,209.5,159.38999999999996,0.2391885441527447,4.51151110612395,0.24582338333129883,False,0.4176610978520281,1.0277389504671142,0.6001233093143454,盤中 tick 才能判斷（本表為收盤後資料；歷史觸發見 Intraday Replay）,NOT_LEADER
2026-10-05,2618,長榮航,STAGE_WATCH,2,16,TAIEX Stage 2,航運業 Stage 2,-0.10507898983038033,-0.15093763608504418,-0.03552945846633149,0.5168236877523553,-0.0062927906,False,0.1641376,0.07237184,,0.1377551020408163,1.0404624,0.058333334,0.5526044,5.0,0.14597587,41.9,40.44149999999999,0.03480906921241067,1.6141502720343905,0.03164483234286308,False,0.06443914081145574,0.9090973432745675,0.5985289070101448,盤中 tick 才能判斷（本表為收盤後資料；歷史觸發見 Intraday Replay）,NOT_LEADER
2026-10-05,2344,華邦電,STAGE_WATCH,2,57,TAIEX Stage 2,電子工業 Stage 2,-0.013045035287439388,-0.06124423108893162,-0.012788393121137887,0.8775235531628532,0.0002565976,False,1.5125014,1.6089137,,0.44569288389513106,0.78287464,0.19166666,0.91497815,2.0,0.083125554,181.0,156.915,0.13306629834254147,3.136651197084814,0.06077348068356514,False,0.2900552486187833,0.45671579836932896,0.5960160826233221,盤中 tick 才能判斷（本表為收盤後資料；歷史觸發見 Intraday Replay）,SECTOR_CONFIRMED
2026-10-05,3034,聯詠,STAGE_WATCH,2,17,TAIEX Stage 2,電子工業 Stage 2,-0.05369042113790479,-0.11972376325267453,-0.044576075301892004,0.693135935397039,-0.008245867,False,-0.044563055,0.81308883,,0.14744232698094284,0.78287464,0.008333334,0.79384655,6.0,0.0678664,543.0,513.81,0.053756906077348066,1.7539055290210799,0.00012358742242213339,False,0.06866322775836897,0.0022990054941835706,0.5954008282581723,盤中 tick 才能判斷（本表為收盤後資料；歷史觸發見 Intraday Replay）,NOT_LEADER
2026-10-05,4931,新盛力,STAGE_WATCH,2,22,TAIEX Stage 2,電腦及週邊設備業 Stage 2,-0.04020961633029274,0.024440996472726573,-0.16785472232344223,0.8438761776581427,-0.005018957,False,2.219001,0.9817094,,0.6363636363636371,1.018018,0.025,1.0253282,2.0,0.17313969,250.0,220.76999999999998,0.11692000000000002,2.892014208008393,0.10000000149011612,False,0.1519999999999999,0.8552856781569971,0.5944671989720144,盤中 tick 才能判斷（本表為收盤後資料；歷史觸發見 Intraday Replay）,INDEPENDENT
2026-10-05,6548,長科*,STAGE_WATCH,2,52,TAIEX Stage 2,半導體業 Stage 2,0.009918192012825733,-0.06851082524728347,-0.15284063285532024,0.746971736204576,0.013925478,False,1.0098736,0.95977527,,0.24024960998440004,1.0409166,0.20833333,3.4478517,1.0,0.10379944,78.0,67.815,0.13057692307692315,3.3471830783230594,0.015384615398943424,False,0.3333333333333335,0.11782032411561968,0.5941100600349927,盤中 tick 才能判斷（本表為收盤後資料；歷史觸發見 Intraday Replay）,NOT_LEADER
2026-10-05,8383,千附,STAGE_WATCH,2,26,TAIEX Stage 2,其他電子業 Stage 2,-0.004611700110754402,-0.15319656659995484,0.039534937626915845,0.6164199192462988,-0.005025644,False,0.1539255,1.1142334,,0.2300319488817888,0.60913706,0.11666667,1.2984637,2.0,0.14750451,69.3,62.568,0.0971428571428572,4.0105531414047215,0.0781208723783493,False,0.37085137085137077,0.8041854509535953,0.5939183819989149,盤中 tick 才能判斷（本表為收盤後資料；歷史觸發見 Intraday Replay）,NOT_LEADER
2026-10-05,3714,富采,STAGE_WATCH,2,28,TAIEX Stage 2,電子工業 Stage 2,0.02489213698369186,0.06225197331578336,0.014804690391562625,0.477792732166891,-0.010561256,False,1.0273037,1.0821079,,0.5294117647058822,1.0111288,0.11666667,1.1800364,1.0,0.38642275,68.2,59.39999999999999,0.12903225806451635,2.7999999152297863,0.06650406867265701,False,0.25870601542808935,0.515406532213091,0.593495394186613,盤中 tick 才能判斷（本表為收盤後資料；歷史觸發見 Intraday Replay）,NOT_LEADER
2026-10-05,2308,台達電,STAGE_WATCH,2,66,TAIEX Stage 2,電子零組件業 Stage 2,0.05515359300734346,0.07372861769970673,-0.023311891928685213,0.423956931359354,0.004303782,False,1.9316503,1.6199483,,0.32236842105263186,1.112426,0.41666666,1.5551487,0.0,0.12738335,2005.0,1544.3999999999994,0.22972568578553643,5.373666564910731,0.17589613795280457,False,0.2825702560661836,0.7656790199639009,0.5933424199624608,盤中 tick 才能判斷（本表為收盤後資料；歷史觸發見 Intraday Replay）,NOT_LEADER
2026-10-05,3362,先進光,STAGE_WATCH,2,19,TAIEX Stage 2,光電業 Stage 2,-0.1194044878007382,-0.03449649052540149,0.049932392522495705,0.8532974427994616,0.022465248,False,0.40474054,0.83873785,,0.32407407407407396,0.7010309,0.26666668,2.4971256,4.0,0.23336495,191.0,160.38,0.16031413612565448,3.8104887668161034,0.0011977170361205935,False,0.14136125654450282,0.007471063158035053,0.5914792875514576,盤中 tick 才能判斷（本表為收盤後資料；歷史觸發見 Intraday Replay）,SECTOR_CONFIRMED
2026-10-05,2886,兆豐金,STAGE_WATCH,2,16,TAIEX Stage 2,金融保險 Stage 2,-0.12075730165355214,-0.11853811610988418,-0.010911726549622136,0.5491251682368775,-0.007865878,False,-0.28986904,-0.09254494,,0.1768631813125694,0.6293996,0.45,0.57424146,2.0,0.1213698,48.55,47.86649999999999,0.014078269824922884,0.5906789921343004,0.06633014231920242,False,0.0895983522142123,4.711526568540233,0.589452254310652,盤中 tick 才能判斷（本表為收盤後資料；歷史觸發見 Intraday Replay）,NOT_LEADER
2026-10-05,8182,加高,STAGE_WATCH,2,26,TAIEX Stage 2,電子零組件業 Stage 2,0.09489641597385012,0.01733207431077788,-0.24496276611238144,0.6419919246298789,0.013262069,False,1.5012987,0.98981434,,0.37042253521126867,1.6240209,0.34166667,3.6768098,1.0,0.27224407,44.8,36.13499999999999,0.19341517857142865,4.197577700999909,0.04778256639838219,False,0.34746614588377667,0.247046621424988,0.5886885296851261,盤中 tick 才能判斷（本表為收盤後資料；歷史觸發見 Intraday Replay）,NOT_LEADER
2026-10-05,2316,楠梓電,STAGE_WATCH,2,22,TAIEX Stage 2,電子零組件業 Stage 2,0.03686408023253507,-0.06433914786805972,-0.29263728375345366,0.7590847913862718,0.0033862775,False,1.6819822,0.7107243,,0.24738675958188172,1.0082644,0.225,1.5830251,2.0,0.0277975,171.5,150.97500000000005,0.11967930029154483,3.6605096000106823,0.04373177886009216,False,0.4350470967863014,0.3654080426068613,0.5884867369260585,盤中 tick 才能判斷（本表為收盤後資料；歷史觸發見 Intraday Replay）,NOT_LEADER
2026-10-05,4576,大銀微系統,STAGE_WATCH,2,27,TAIEX Stage 2,電機機械 Stage 2,-0.06673493513118567,-0.0442088891107979,-0.021212732194057393,0.5706594885598923,-0.011385557,False,0.84682965,1.33636,,0.46590909090909105,0.8255319,0.008333334,0.6873251,3.0,0.25526583,235.0,216.80999999999997,0.07740425531914896,1.893382956965244,0.012765957042574883,False,0.23385554902969385,0.1649257781751015,0.5861774006105114,盤中 tick 才能判斷（本表為收盤後資料；歷史觸發見 Intraday Replay）,NOT_LEADER
2026-10-05,6271,同欣電,STAGE_WATCH,2,45,TAIEX Stage 2,電子工業 Stage 2,0.02267758583585988,0.12246373674732514,-0.15167825173520744,0.6635262449528937,0.005126742,False,1.8043156,1.376948,,0.5668789808917196,0.7346939,0.025,1.1629404,2.0,0.19399813,238.5,211.85999999999993,0.11169811320754741,3.8252308484672333,0.03144654259085655,False,0.2662473794549267,0.2815315468438165,0.5858997419757506,盤中 tick 才能判斷（本表為收盤後資料；歷史觸發見 Intraday Replay）,NOT_LEADER
2026-10-05,2897,王道銀行,STAGE_WATCH,2,31,TAIEX Stage 2,金融保險 Stage 2,-0.11157388822701919,-0.07021881275762487,-0.03486820074704022,0.3297442799461642,-0.014929061,False,0.033974674,0.08173694,,0.12935323383084607,0.8636364,0.7583333,0.8602186,0.0,0.11308854,10.6,10.4445,0.014669811320754733,0.6911111025735727,,True,0.070754716981132,68.1672025723472,0.5856118338131948,盤中 tick 才能判斷（本表為收盤後資料；歷史觸發見 Intraday Replay）,NOT_LEADER
2026-10-05,6425,易發,STAGE_WATCH,1,4,TAIEX Stage 2,電機機械 Stage 2,0.16147750283735096,0.260456416927507,0.021565980834811427,0.3391655450874832,-0.014080292,False,1.177732,1.2918445,4.0,0.6400778210116742,1.2252747,0.825,0.72205377,3.0,0.3314759,76.6,59.003999999999984,0.2297127937336816,4.337042337653257,0.01868296228349209,False,0.40374770184041187,0.08133183171831627,0.5854755806200005,盤中 tick 才能判斷（本表為收盤後資料；歷史觸發見 Intraday Replay）,NOT_LEADER
2026-10-05,8215,明基材,STAGE_WATCH,2,21,TAIEX Stage 2,電子工業 Stage 2,0.04638383016149317,0.06209441856550768,-0.07277693115533213,0.40511440107671604,-0.012504889,False,0.8513485,0.8532247,,0.42528735632183867,1.0191083,0.84166664,0.7971727,8.0,0.33826235,28.6,24.254999999999985,0.1519230769230776,3.127506322104781,0.01017846167087555,False,0.15350293877901255,0.06699746922601597,0.5841952150524039,盤中 tick 才能判斷（本表為收盤後資料；歷史觸發見 Intraday Replay）,NOT_LEADER
2026-10-05,3088,艾訊,STAGE_WATCH,2,24,TAIEX Stage 2,電腦及週邊設備業 Stage 2,0.03678238088613006,-0.11599241996909249,-0.15662434417045767,0.7415881561238223,-0.014858563,False,0.7153905,1.1504818,,0.31140350877193,1.0617284,0.33333334,1.1085092,4.0,0.36080894,134.5,119.79000000000006,0.10936802973977644,4.038039129914228,0.08561749011278152,False,0.18215613382899654,0.7828383698279516,0.5829844166168936,盤中 tick 才能判斷（本表為收盤後資料；歷史觸發見 Intraday Replay）,NOT_LEADER
2026-10-05,8028,昇陽半導體,STAGE_WATCH,2,58,TAIEX Stage 2,電子工業 Stage 2,0.1062238889904299,-0.09422285250586171,-0.16553210751647196,0.702557200538358,-0.024307938,False,1.3253073,1.4368845,,0.36489607390300294,1.0260521,0.65833336,0.9309801,0.0,0.13248134,281.5,214.3349999999999,0.23859680284191875,5.014986591132162,0.28510066866874695,False,0.293072824156305,1.1949056536924307,0.581127275821398,盤中 tick 才能判斷（本表為收盤後資料；歷史觸發見 Intraday Replay）,NOT_LEADER
2026-10-05,6727,亞泰金屬,STAGE_WATCH,2,60,TAIEX Stage 2,電子零組件業 Stage 2,-0.11859640699265694,0.2077762367473257,-0.1002339241029323,0.6810228802153432,0.021025194,False,2.077666,1.3752834,,0.914556962025316,0.82894737,0.008333334,1.4458177,2.0,0.106271215,531.0,458.36999999999983,0.1367796610169495,2.6583528848932403,0.03206919506192207,False,0.29846972815399186,0.23445879908964035,0.5796161069771844,盤中 tick 才能判斷（本表為收盤後資料；歷史觸發見 Intraday Replay）,NOT_LEADER
2026-10-05,1101,台泥,STAGE_WATCH,1,37,TAIEX Stage 2,水泥工業 (n/a),-0.061556064921640674,-0.09302971807813676,-0.0047212871311841376,0.26244952893674295,-0.015892133,False,0.34605813,0.08594376,37.0,0.1385927505330491,1.3905579,0.9,1.0267402,5.0,0.12954219,25.0,23.512500000000003,0.059499999999999886,2.2513512365133748,0.0020000000949949026,False,0.06800000000000006,0.03361344697470431,0.5782575362997057,盤中 tick 才能判斷（本表為收盤後資料；歷史觸發見 Intraday Replay）,NOT_LEADER
2026-10-05,6613,朋億*,STAGE_WATCH,2,26,TAIEX Stage 2,其他電子業 Stage 2,0.022952938603381323,-0.1915019035463119,-0.18379776620766242,0.5329744279946165,0.0016895268,False,1.2855514,0.7341794,,0.3868312757201646,0.75714284,0.125,1.4099233,1.0,0.08469175,284.5,247.00499999999988,0.13179261862917435,5.5843616224545904,0.017574692144989967,False,0.3670351885088552,0.13335111122148638,0.57772210819219,盤中 tick 才能判斷（本表為收盤後資料；歷史觸發見 Intraday Replay）,NOT_LEADER
2026-10-05,2605,新興,STAGE_WATCH,2,45,TAIEX Stage 2,航運業 Stage 2,-0.0939101073767803,-0.021286263252674686,0.04689859835966903,0.12516823687752354,-0.006874374,False,-0.018839266,0.24432679,,0.2937293729372936,0.64761907,0.016666668,0.53226376,2.0,0.28536618,35.15,34.5015,0.01844950213371277,0.5372189234415112,0.09957325458526611,False,0.271783126157102,5.3970700056624255,0.577292990033222,盤中 tick 才能判斷（本表為收盤後資料；歷史觸發見 Intraday Replay）,NOT_LEADER
2026-10-05,2393,億光,STAGE_WATCH,2,18,TAIEX Stage 2,光電業 Stage 2,-0.046899249660824704,-0.02851855152628957,-0.06304214188300272,0.24764468371467024,0.0027815509,False,0.27765095,0.46495405,,0.25276752767527766,1.0739299,0.225,2.6875684,13.0,0.042519577,67.0,60.38999999999999,0.09865671641791052,4.84502607838887,0.0014925373252481222,False,0.03749545482464134,0.015128593160608793,0.5767474162281496,盤中 tick 才能判斷（本表為收盤後資料；歷史觸發見 Intraday Replay）,NOT_LEADER
2026-10-05,6190,萬泰科,STAGE_WATCH,2,69,TAIEX Stage 2,通信網路業 Stage 2,0.0660233417578493,0.018511530864973036,-0.13192626607401559,0.4979811574697174,0.011341965,False,1.4914184,1.051221,,0.26916802610114265,1.152381,0.28333333,4.8818545,1.0,0.12373396,77.4,64.94399999999997,0.16093023255813987,5.972054704158939,0.10881044715642929,False,0.2549718286449343,0.6761342814633597,0.5755294997499262,盤中 tick 才能判斷（本表為收盤後資料；歷史觸發見 Intraday Replay）,NOT_LEADER
2026-10-05,7744,崴寶,STAGE_WATCH,2,76,TAIEX Stage 2,電子零組件業 Stage 2,-0.0706152518713874,0.05230731332890093,0.05464925223935513,0.38088829071332436,-0.0051506534,False,0.73447496,1.24019,,0.4317897371714643,0.8225989,0.19166666,0.4815214,4.0,0.121212,528.0,472.725,0.10468749999999993,2.993616951868612,0.022727273404598236,False,0.15419823317882786,0.21709634296929672,0.5754725850740037,盤中 tick 才能判斷（本表為收盤後資料；歷史觸發見 Intraday Replay）,NOT_LEADER
2026-10-05,5314,世紀*,STAGE_WATCH,2,5,TAIEX Stage 2,半導體業 Stage 2,-0.15676913563912487,0.8886270574280477,0.6859783698300843,0.7631224764468372,0.026055794,False,-0.12413532,1.1535612,,2.705694918659376,0.60638916,0.85,1.0930231,1.0,0.35602722,28.7,24.750000000000004,0.1376306620209058,1.576724293792708,0.004210339859127998,False,0.6280675609756099,0.030591583280246498,0.5749981437072968,盤中 tick 才能判斷（本表為收盤後資料；歷史觸發見 Intraday Replay）,NOT_LEADER
2026-10-05,2891,中信金,STAGE_WATCH,2,84,TAIEX Stage 2,金融保險 Stage 2,-0.08553243392868382,-0.07638011000190059,-0.10660424115011524,0.5841184387617766,-0.0127916485,False,0.36935347,0.2845376,,0.1594202898550725,0.85079366,0.13333334,0.51492435,2.0,0.14033431,67.4,65.33999999999997,0.03056379821958488,1.3168949305895439,0.04154302552342415,False,0.06824925816023719,1.3592232622712423,0.5748977084561736,盤中 tick 才能判斷（本表為收盤後資料；歷史觸發見 Intraday Replay）,NOT_LEADER
2026-10-05,6139,亞翔,STAGE_WATCH,2,73,TAIEX Stage 2,其他電子業 Stage 2,0.02549960935055018,-0.14565700948890437,-0.14664926798471256,0.6056527590847914,0.008247764,False,1.628151,1.1686748,,0.19658119602383062,1.0057582,0.24166666,1.6302062,2.0,0.1092593,790.0,688.0500000000001,0.1290506329113924,3.8997268931690217,0.04750000312924385,False,0.21205451778160578,0.36807260884848103,0.5736487868728005,盤中 tick 才能判斷（本表為收盤後資料；歷史觸發見 Intraday Replay）,NOT_LEADER
2026-10-05,2727,王品,STAGE_WATCH,2,18,TAIEX Stage 2,觀光餐旅 (n/a),-0.07541164359191166,-0.07731304896696023,-0.04841293484749998,0.3768506056527591,-0.010335582,False,-0.040453747,-0.069173194,,0.10407239819004555,1.2371134,0.33333334,0.8559424,3.0,0.0732868,233.5,223.74,0.04179871520342604,4.01882359845712,0.008723253384232521,False,0.044967880085653444,0.2086966870100715,0.5731093879130678,盤中 tick 才能判斷（本表為收盤後資料；歷史觸發見 Intraday Replay）,NOT_LEADER
2026-10-05,5269,祥碩,STAGE_WATCH,2,15,TAIEX Stage 2,半導體業 Stage 2,-0.05974539689164704,-0.07362447247253279,-0.08895185612411982,0.6244952893674294,-0.010867651,False,0.13823989,0.33379072,,0.16216216216216206,0.7030303,0.45833334,0.669522,7.0,0.080788456,1475.0,1287.0,0.12745762711864395,4.461016799040769,0.011838987469673157,False,0.09068358431723733,0.09288567296685066,0.5729099614364025,盤中 tick 才能判斷（本表為收盤後資料；歷史觸發見 Intraday Replay）,NOT_LEADER
2026-10-05,9917,中保科,STAGE_WATCH,1,48,TAIEX Stage 2,其他 Stage 2,-0.07933397131512687,-0.08430708795753494,-0.02701975772372256,0.2543741588156124,-0.0046269926,False,-0.069044895,-0.008789158,48.0,0.06471963012997217,1.0256411,0.09166667,1.1645048,15.0,0.062554255,106.5,103.94999999999996,0.023943661971831287,2.231249963341431,0.004054135177284479,False,0.04588449449638965,0.16931976328658493,0.5715715146296194,盤中 tick 才能判斷（本表為收盤後資料；歷史觸發見 Intraday Replay）,NOT_LEADER
2026-10-05,5321,美而快,STAGE_WATCH,2,16,TAIEX Stage 2,電子零組件業 Stage 2,-0.20577870113830232,0.11600367689465596,0.018464203929101863,0.9623149394347241,0.0017703215,False,0.34539264,0.58412766,,0.6780952380952385,0.63035923,0.375,0.46177495,6.0,0.14749503,67.1,63.16199999999999,0.05868852459016394,1.0767969083672342,0.004470938816666603,False,0.31296572280178836,0.07618080106610692,0.5708836044009292,盤中 tick 才能判斷（本表為收盤後資料；歷史觸發見 Intraday Replay）,SECTOR_CONFIRMED
2026-10-05,6239,力成,STAGE_WATCH,2,57,TAIEX Stage 2,半導體業 Stage 2,-0.0022327706290212745,-0.01582765935657071,-0.13301368309156714,0.648721399730821,0.0063034464,False,1.6787623,1.3003341,,0.3418259023354564,1.1282052,0.2,1.8984319,1.0,0.20376481,297.5,259.38,0.12813445378151256,3.294320919749638,0.0016806722851470113,False,0.2757168120086031,0.013116474418447955,0.5702566844031398,盤中 tick 才能判斷（本表為收盤後資料；歷史觸發見 Intraday Replay）,NOT_LEADER
2026-10-05,4903,聯光通,STAGE_WATCH,1,4,TAIEX Stage 2,通信網路業 Stage 2,0.09178797372729353,0.0033531598242484417,0.0025798694237040287,0.1278600269179004,-0.011705051,False,0.940377,1.4355125,4.0,0.4012066365007545,1.089109,1.0,1.126321,3.0,0.48028776,43.8,32.8185,0.2507191780821918,4.888426034146359,0.006849315017461777,False,0.27853881278538806,0.02731867210898564,0.568885682017819,盤中 tick 才能判斷（本表為收盤後資料；歷史觸發見 Intraday Replay）,NOT_LEADER
2026-10-05,6579,研揚,STAGE_WATCH,2,22,TAIEX Stage 2,電腦及週邊設備業 Stage 2,0.0247209773773589,-0.21686662039553128,-0.17103034039675846,0.6406460296096904,-0.010497566,False,0.69452935,0.9127458,,0.31690140845070447,1.0066226,0.25,0.9253907,4.0,0.4510852,158.0,142.55999999999995,0.09772151898734216,4.550736708256497,0.009455100633203983,False,0.183544303797468,0.09675556347449633,0.5683254864721503,盤中 tick 才能判斷（本表為收盤後資料；歷史觸發見 Intraday Replay）,NOT_LEADER
2026-10-05,6438,迅得,STAGE_WATCH,1,35,TAIEX Stage 2,其他電子業 Stage 2,0.0036113852151347103,0.019732019060250794,0.02229915379654246,0.15881561238223418,-0.0031928862,False,0.8506173,0.9344716,35.0,0.28464419475655456,1.2102565,0.7916667,1.9583871,5.0,0.4213978,167.5,141.07500000000005,0.15776119402985056,5.1027587660762395,0.026865672320127487,False,0.13677251624041808,0.17029328717583195,0.5673071578873489,盤中 tick 才能判斷（本表為收盤後資料；歷史觸發見 Intraday Replay）,NOT_LEADER
2026-10-05,8070,長華*,STAGE_WATCH,2,37,TAIEX Stage 2,電子通路業 Stage 2,-0.03323794431712135,-0.025543869072780057,-0.11699113110834458,0.3983849259757739,0.0010549353,False,0.72585714,0.9087481,,0.2151616499442588,0.9150943,0.058333334,3.1809056,2.0,0.2541769,51.7,47.767500000000005,0.07606382978723392,3.7838488128042136,0.05415860563516617,False,0.23083964028542558,0.7120152349238641,0.5646573055068993,盤中 tick 才能判斷（本表為收盤後資料；歷史觸發見 Intraday Replay）,NOT_LEADER
2026-10-05,6907,雅特力-KY,STAGE_WATCH,2,7,TAIEX Stage 2,半導體業 Stage 2,0.006089892623219573,-0.12741607094498208,-0.06316284557274177,0.7792732166890982,0.012909806,False,0.3783339,0.7873334,,0.35331230283911674,1.1777778,0.18333334,1.185593,,,193.5,172.25999999999996,0.10976744186046539,2.703272650671323,,False,0.27131782945736393,9.1101694915254,0.564437194127243,盤中 tick 才能判斷（本表為收盤後資料；歷史觸發見 Intraday Replay）,NOT_LEADER
2026-10-05,3437,榮創,STAGE_WATCH,2,31,TAIEX Stage 2,電子工業 Stage 2,0.16026722937097815,0.1106133153990092,-0.04659232187632956,0.1857335127860027,-0.026905376,False,1.1634426,1.1428591,,0.4817073170731694,0.8134172,0.85833335,1.0775948,2.0,0.32316452,21.9,17.32500000000001,0.2089041095890407,3.7456139574488074,0.02283105067908764,False,0.42922374429223886,0.10928961964415743,0.5640233215628234,盤中 tick 才能判斷（本表為收盤後資料；歷史觸發見 Intraday Replay）,NOT_LEADER
2026-10-05,2363,矽統,STAGE_WATCH,2,2,TAIEX Stage 2,電子工業 Stage 2,0.105569806035831,0.01824458900733794,-0.1867884479116535,0.5612382234185733,-0.011257859,False,1.639615,0.9540189,,0.3304127278941993,0.9429658,0.6666667,1.0455378,4.0,0.31567627,59.6,49.20300000000002,0.17444630872483202,3.9128493212503277,0.023008186370134354,False,0.261765369127517,0.1318926524632114,0.5639738198423913,盤中 tick 才能判斷（本表為收盤後資料；歷史觸發見 Intraday Replay）,NOT_LEADER
2026-10-05,3023,信邦,STAGE_WATCH,2,27,TAIEX Stage 2,電子零組件業 Stage 2,-0.09174326013951051,-0.08885447676538272,-0.0448103054580169,0.48855989232839836,0.007981564,False,0.4381611,0.87116134,,0.24540277749217076,0.8831169,0.38333333,1.8562654,3.0,0.06278018,322.5,301.455,0.06525581395348834,2.445062189379499,0.021110624074935913,False,0.07906976744186034,0.32350564334363674,0.5616821416475144,盤中 tick 才能判斷（本表為收盤後資料；歷史觸發見 Intraday Replay）,NOT_LEADER
2026-10-05,6150,撼訊,STAGE_WATCH,2,2,TAIEX Stage 2,電腦及週邊設備業 Stage 2,0.01181681614783825,0.0353285015556879,0.0033327167281551606,0.5074024226110363,0.007880177,False,0.30253157,0.8972312,,0.28000000000000025,1.377193,0.575,1.4828506,6.0,0.31899533,66.3,58.21199999999999,0.1219909502262444,3.8645732767202916,0.018750805407762527,False,0.4250560988663441,0.15370652800873577,0.5607617450453214,盤中 tick 才能判斷（本表為收盤後資料；歷史觸發見 Intraday Replay）,NOT_LEADER
2026-10-05,1608,華榮,STAGE_WATCH,1,8,TAIEX Stage 2,電器電纜 Stage 1,-0.09780611063152234,-0.07757260046197678,0.039862391065550895,0.4414535666218035,-0.002317775,False,0.60064095,0.38250223,8.0,0.34707903780068783,1.0921986,0.008333334,0.88563913,9.0,0.3842955,35.85,34.848,0.027949790794979168,1.603199981025061,0.0222881231456995,False,0.0952518760451575,0.7974343460811623,0.5596335178248337,盤中 tick 才能判斷（本表為收盤後資料；歷史觸發見 Intraday Replay）,NOT_LEADER
2026-10-05,3504,揚明光,STAGE_WATCH,2,22,TAIEX Stage 2,電子工業 Stage 2,-0.11935846953148521,-0.021150481800014997,0.05146849083278826,0.730820995962315,0.010259192,False,0.015234238,0.51891655,,0.39766081871345094,0.7708029,0.025,1.4143201,2.0,0.26939923,84.7,76.22999999999999,0.1000000000000002,2.8368420361200166,0.06257379055023193,False,0.15466351829988145,0.6257379055023181,0.5591860705750009,盤中 tick 才能判斷（本表為收盤後資料；歷史觸發見 Intraday Replay）,NOT_LEADER
2026-10-05,9921,巨大,STAGE_WATCH,1,10,TAIEX Stage 2,運動休閒 Stage 4,-0.1974837882680982,-0.11433863389171095,0.13685676231398647,0.5962314939434724,-0.016426455,False,-0.025243478,-0.053153925,10.0,0.3774271855378395,0.983308,0.4,0.8672384,2.0,0.36901197,89.1,84.447,0.05222222222222217,1.683255775961545,0.014492476359009743,False,0.2515749677714971,0.2775155047469954,0.557419427866071,盤中 tick 才能判斷（本表為收盤後資料；歷史觸發見 Intraday Replay）,NOT_LEADER
2026-10-05,6588,東典光電,STAGE_WATCH,2,44,TAIEX Stage 2,通信網路業 Stage 2,-0.0015266806025420188,0.06644644951328393,0.29127237721847643,0.02826379542395693,0.0060432656,False,0.5363583,1.5418597,,0.4853801169590648,0.7536232,0.008333334,0.38480312,3.0,0.19289933,111.5,98.99999999999996,0.11210762331838608,1.9444444120493,0.07623318582773209,False,0.49327354260089584,0.6800000175833676,0.5570866336298044,盤中 tick 才能判斷（本表為收盤後資料；歷史觸發見 Intraday Replay）,NOT_LEADER
2026-10-05,6290,良維,STAGE_WATCH,2,72,TAIEX Stage 2,電子零組件業 Stage 2,0.06258855875442615,0.19569679749498836,-0.1311787511581951,0.629878869448183,-0.0020830042,False,1.2440397,1.2315328,,0.45749999999999913,0.6060606,0.041666668,0.8646121,2.0,0.12437971,281.5,245.02500000000006,0.1295737122557724,3.171739035972352,0.13632555305957794,False,0.2991526973749581,1.052108106546162,0.5567666619916884,盤中 tick 才能判斷（本表為收盤後資料；歷史觸發見 Intraday Replay）,NOT_LEADER
2026-10-05,3563,牧德,STAGE_WATCH,2,33,TAIEX Stage 2,電子工業 Stage 2,0.05056443216818196,-0.004898181857325268,-0.011236043996571299,0.08613728129205922,-0.028692238,False,1.0646781,1.2917845,,0.3546798029556655,1.3672496,0.8,1.6240072,1.0,0.2552434,767.0,632.6099999999999,0.1752151238591918,3.785633921410783,0.09256844967603683,False,0.27676082862523477,0.528313125243844,0.5559472459674997,盤中 tick 才能判斷（本表為收盤後資料；歷史觸發見 Intraday Replay）,NOT_LEADER
2026-10-05,6206,飛捷,STAGE_WATCH,2,22,TAIEX Stage 2,電子工業 Stage 2,-0.061746119733448346,-0.16816666982706907,-0.015774698089656924,0.6716016150740243,-0.018012803,False,0.17546228,1.4205711,,0.29268292682926833,0.90797544,0.041666668,0.64025176,1.0,0.21376805,137.5,131.17500000000007,0.0459999999999996,1.7362745102809694,0.01335345208644867,False,0.1563636363636367,0.29029243666193016,0.5553149529730166,盤中 tick 才能判斷（本表為收盤後資料；歷史觸發見 Intraday Replay）,NOT_LEADER
2026-10-05,4771,望隼,STAGE_WATCH,2,15,TAIEX Stage 2,生技醫療業 Stage 1,-0.09359749182667798,-0.06909085186026953,-0.07180817442596643,0.39569313593539707,-0.012998357,False,0.41731006,0.2762736,,0.2222222222222221,0.7968128,0.19166666,0.9795935,8.0,0.11041234,207.5,197.01000000000002,0.05055421686746975,1.6688635840861235,0.0072289155796170235,False,0.06024096385542177,0.1429933253356088,0.5552713887716655,盤中 tick 才能判斷（本表為收盤後資料；歷史觸發見 Intraday Replay）,NOT_LEADER
2026-10-05,2206,三陽工業,STAGE_WATCH,1,21,TAIEX Stage 2,汽車工業 Stage 3,-0.09197488271661658,-0.10017978931130722,-0.059681181003614414,0.37012113055181695,-0.0046317866,False,-0.010388575,-0.026604213,21.0,0.08528428093645557,0.7816092,0.125,1.0018318,17.0,0.106066965,62.6,61.38000000000001,0.0194888178913738,1.566972562620457,0.019063545390963554,False,0.06549520766773242,0.9781786405527202,0.5550094713245226,盤中 tick 才能判斷（本表為收盤後資料；歷史觸發見 Intraday Replay）,NOT_LEADER
2026-10-05,1402,遠東新,STAGE_WATCH,1,32,TAIEX Stage 2,紡織纖維 Stage 3,-0.13044270502452204,-0.0919459854748963,-0.04191023149394302,0.36473755047106327,-0.005936714,False,0.103015006,-0.023243265,32.0,0.1522556390977441,0.989899,0.29166666,0.7624311,12.0,0.10966227,27.75,27.076499999999992,0.02427027027027051,1.3280281519540862,0.004116894211620092,False,0.10450450450450388,0.16962704435405557,0.5545040702238628,盤中 tick 才能判斷（本表為收盤後資料；歷史觸發見 Intraday Replay）,NOT_LEADER
2026-10-05,2465,麗臺,STAGE_WATCH,2,24,TAIEX Stage 2,電腦及週邊設備業 Stage 2,-0.13914450754075836,-0.056565868515832785,0.0297352473253496,0.7294751009421265,-0.004014803,False,-0.18608853,1.8882436,,0.48480662983425415,0.8,0.008333334,0.54580104,4.0,0.26756272,90.9,86.52600000000004,0.04811881188118783,1.542468524086704,0.012101209722459316,False,0.18261826182618313,0.25148604567250993,0.5529464770478721,盤中 tick 才能判斷（本表為收盤後資料；歷史觸發見 Intraday Replay）,NOT_LEADER
2026-10-05,3617,碩天,STAGE_WATCH,2,14,TAIEX Stage 2,電子工業 Stage 2,-0.08405095244720295,-0.06283098425923939,-0.022241212015530643,0.6904441453566622,-0.0051771165,False,0.45253488,0.6901796,,0.255868544600939,0.6530612,0.016666668,0.74431795,8.0,0.18238167,241.5,231.66000000000003,0.04074534161490684,1.7113042835514658,0.010066746734082699,False,0.1076604554865428,0.24706497319928572,0.5528903712007797,盤中 tick 才能判斷（本表為收盤後資料；歷史觸發見 Intraday Replay）,NOT_LEADER
2026-10-05,1718,中纖,STAGE_WATCH,2,19,TAIEX Stage 2,化學生技醫療 Stage 2,-0.04199487768084853,-0.02658650835071441,-0.30451622903138964,0.7644683714670256,0.001562085,False,1.089983,0.50656796,,0.36571428571428566,1.1798561,0.075,3.6602452,2.0,0.053692795,11.15,10.098000000000004,0.09434977578475301,3.0057142754284785,0.026905829086899757,False,0.45291479820627933,0.28517109726134354,0.5488872862386247,盤中 tick 才能判斷（本表為收盤後資料；歷史觸發見 Intraday Replay）,NOT_LEADER
2026-10-05,3481,群創,STAGE_WATCH,2,40,TAIEX Stage 2,電子工業 Stage 2,0.0032671348708841474,-0.07372376325267482,-0.2848251301184629,0.8977119784656796,-0.004892496,False,1.6268524,0.76063895,,0.2831050228310499,1.4128234,0.15833333,1.6199379,4.0,0.06766373,52.3,45.787500000000016,0.12452198852772434,2.809707228246846,4.440892098500626e-16,False,0.3881453154875729,3.566351735149072e-15,0.5466212820333081,盤中 tick 才能判斷（本表為收盤後資料；歷史觸發見 Intraday Replay）,SECTOR_CONFIRMED
2026-10-05,6166,凌華,STAGE_WATCH,2,23,TAIEX Stage 2,電子工業 Stage 2,0.051913959833499,-0.22662031497681234,-0.122720528364893,0.8896366083445492,-0.027011445,False,0.43801805,0.97553384,,0.38139534883720927,1.1932774,0.36666667,0.6117472,0.0,0.26575175,129.5,106.42499999999998,0.17818532818532828,3.6094972638360843,0.26285699009895325,False,0.34362934362934316,1.475188741833778,0.54608247289913,盤中 tick 才能判斷（本表為收盤後資料；歷史觸發見 Intraday Replay）,SECTOR_CONFIRMED
2026-10-05,6432,今展科,STAGE_WATCH,2,50,TAIEX Stage 2,電子零組件業 Stage 2,0.04748361753593344,-0.19386164142561135,-0.20319489001073154,0.819650067294751,0.012782913,False,1.1500312,1.4570982,,0.5169648197955881,1.5048232,0.6333333,1.2743617,0.0,0.36800689,67.1,51.48000000000001,0.2327868852459014,4.774672610247706,0.17559121549129486,False,0.27698596125186215,0.7543002918992251,0.5420281498957535,盤中 tick 才能判斷（本表為收盤後資料；歷史觸發見 Intraday Replay）,SECTOR_CONFIRMED
2026-10-05,6435,大中,STAGE_WATCH,2,47,TAIEX Stage 2,半導體業 Stage 2,0.08261571421946345,-0.050091268088264584,-0.3556229545137727,0.8223418573351279,0.01537448,False,1.3191597,1.2591615,,0.3509174311926604,1.2984294,0.24166666,6.7546005,2.0,0.06503388,276.5,223.74000000000004,0.1908137432188064,5.313956794657994,0.036166366189718246,False,0.57701707548709,0.189537533196685,0.540360970447314,盤中 tick 才能判斷（本表為收盤後資料；歷史觸發見 Intraday Replay）,SECTOR_CONFIRMED
2026-10-05,8261,富鼎,STAGE_WATCH,2,50,TAIEX Stage 2,電子工業 Stage 2,0.10092014581869369,-0.020528052796910057,-0.48930473089830084,0.8667563930013459,0.02380127,False,1.8237834,1.3956263,,0.35369774919614194,1.1812866,0.25833333,5.5488844,2.0,0.009815979,205.0,156.4199999999999,0.236975609756098,5.376442604711275,0.02169189788401127,False,0.8294294931322197,0.09153641552536644,0.5403020891045277,盤中 tick 才能判斷（本表為收盤後資料；歷史觸發見 Intraday Replay）,SECTOR_CONFIRMED
2026-10-05,2313,華通,STAGE_WATCH,2,58,TAIEX Stage 2,電子零組件業 Stage 2,-0.031084850752287174,0.007260363731453223,0.02240263061773362,0.12382234185733512,0.012756895,False,1.4094821,1.4461123,,0.5339233038348083,0.9302326,0.016666668,2.4694445,2.0,0.25223234,248.5,210.86999999999998,0.15142857142857147,4.3005714968146975,0.046277664601802826,False,0.208467915755842,0.30560721906850913,0.5401169885831586,盤中 tick 才能判斷（本表為收盤後資料；歷史觸發見 Intraday Replay）,NOT_LEADER
2026-10-05,2483,百容,STAGE_WATCH,2,33,TAIEX Stage 2,電子零組件業 Stage 2,0.13087442068712596,-0.0329413867506716,-0.44904133489950726,0.873485868102288,0.033022344,False,0.79439896,0.6842692,,0.471283783783784,1.7418244,0.60833335,3.8858685,1.0,0.12877312,40.7,29.30399999999999,0.28000000000000025,7.386296577685846,0.07002457231283188,False,0.7936117936117932,0.25008775826011365,0.5380996577982207,盤中 tick 才能判斷（本表為收盤後資料；歷史觸發見 Intraday Replay）,SECTOR_CONFIRMED
2026-10-05,8091,翔名,STAGE_WATCH,2,39,TAIEX Stage 2,電子零組件業 Stage 2,0.0348301664339159,-0.07168882875485783,-0.22521294388855018,0.620457604306864,0.014874309,False,0.77231735,0.8436862,,0.2142857142857142,1.5546559,0.28333333,6.0170226,2.0,0.30713496,240.0,200.97000000000006,0.1626249999999998,6.105251404826639,0.02708333358168602,False,0.2645833333333336,0.1665385616091379,0.5380651791789696,盤中 tick 才能判斷（本表為收盤後資料；歷史觸發見 Intraday Replay）,NOT_LEADER
2026-10-05,1102,亞泥,STAGE_WATCH,1,19,TAIEX Stage 2,水泥工業 (n/a),-0.08547140699265732,-0.05295593320715075,-0.03564447794941339,0.31090174966352624,-0.009141995,False,0.13266654,-0.0072336746,19.0,0.14240506329113933,1.1851852,0.06666667,0.70465875,13.0,0.062021635,35.15,34.254,0.025490753911806552,1.5878480958281664,0.00697340676560998,False,0.04682721525390021,0.27356612478927533,0.5377617793703766,盤中 tick 才能判斷（本表為收盤後資料；歷史觸發見 Intraday Replay）,NOT_LEADER
2026-10-05,7610,聯友金屬,STAGE_WATCH,2,40,TAIEX Stage 2,綠能環保 Stage 3,0.003562340604157166,-0.09115233468124528,-0.3626262928540166,0.9811574697173621,0.006508851,False,1.6700938,1.1619152,,0.6439393939393943,0.9118774,0.016666668,1.3546629,1.0,0.0831015,1800.0,1613.6999999999996,0.10350000000000015,1.5252631676753794,0.13055555522441864,False,0.5166666666666657,1.2614063306707097,0.5375300128283568,盤中 tick 才能判斷（本表為收盤後資料；歷史觸發見 Intraday Replay）,INDEPENDENT
2026-10-05,6664,群翊,STAGE_WATCH,2,58,TAIEX Stage 2,電子零組件業 Stage 2,-0.02344489184114229,-0.0037817342671668808,0.006455982515104264,0.1911170928667564,-0.0028468957,False,0.99156624,0.8729278,,0.23437499999999978,1.2719299,0.45833334,2.4108214,2.0,0.24521674,385.0,324.71999999999997,0.15657142857142858,5.607441648352309,0.019480518996715546,False,0.25688106784281484,0.12441937315420512,0.533632841689303,盤中 tick 才能判斷（本表為收盤後資料；歷史觸發見 Intraday Replay）,NOT_LEADER
2026-10-05,6712,長聖,STAGE_WATCH,1,16,TAIEX Stage 2,生技醫療業 Stage 1,-0.0616867351948065,-0.07054343538382168,-0.21265542949155558,0.4831763122476447,-0.011820312,False,0.230787,-0.037782654,16.0,0.15972222222222232,1.2131147,0.16666667,1.9137104,9.0,0.2902375,160.0,149.98499999999996,0.06259375000000034,3.2232183291658254,0.00321559957228601,False,0.1499999999999997,0.05137253435504331,0.5323667191873167,盤中 tick 才能判斷（本表為收盤後資料；歷史觸發見 Intraday Replay）,NOT_LEADER
2026-10-05,6224,聚鼎,STAGE_WATCH,2,26,TAIEX Stage 2,電子零組件業 Stage 2,-0.08279467104016791,0.2908957057738739,-0.025720704934863114,0.8142664872139973,-0.0035867735,False,0.703545,0.9234171,,0.8196078431372553,0.79464287,0.016666668,0.34525442,1.0,0.47183245,79.7,77.81400000000001,0.02366373902133001,0.49169459265007365,0.09535758942365646,False,0.22333751568381466,4.029692405655044,0.5317726924344699,盤中 tick 才能判斷（本表為收盤後資料；歷史觸發見 Intraday Replay）,SECTOR_CONFIRMED
2026-10-05,2493,揚博,STAGE_WATCH,2,23,TAIEX Stage 2,電子零組件業 Stage 2,0.07796022073715414,-0.17426921779812954,-0.3050174821642212,0.7900403768506057,-0.00314097,False,1.6655407,1.1469295,,0.5060606060606061,0.87344915,0.19166666,1.5598702,0.0,0.08788373,208.0,165.82500000000005,0.20276442307692288,3.6113150208421474,0.19471153616905212,False,0.5961894607235985,0.9602845174431033,0.5315438383742566,盤中 tick 才能判斷（本表為收盤後資料；歷史觸發見 Intraday Replay）,NOT_LEADER
2026-10-05,6127,九豪,STAGE_WATCH,2,50,TAIEX Stage 2,電子零組件業 Stage 2,0.1496737007011426,0.03627623674732461,-0.32744543114310776,0.585464333781965,0.02334186,False,1.5020992,1.289923,,0.33259911894273064,1.4765625,0.40833333,2.362526,0.0,0.055507597,57.8,44.94600000000002,0.2223875432525948,5.1711496327869675,0.7647058963775635,False,0.7647058823529418,3.4386183919887383,0.5314651621019492,盤中 tick 才能判斷（本表為收盤後資料；歷史觸發見 Intraday Replay）,NOT_LEADER
2026-10-05,4721,美琪瑪,STAGE_WATCH,2,2,TAIEX Stage 2,化學工業 Stage 2,0.0411229001258151,0.003887347858436918,-0.12688629250308203,0.27052489905787347,-0.013910911,False,1.0163746,0.62680966,,0.23607038123167134,1.4230769,0.64166665,1.2868435,5.0,0.44413912,80.9,68.211,0.15684796044499394,5.941338021199481,0.005871374625712633,False,0.33196583072414976,0.0374335414311728,0.5294632758468059,盤中 tick 才能判斷（本表為收盤後資料；歷史觸發見 Intraday Replay）,NOT_LEADER
2026-10-05,8932,智通*,STAGE_WATCH,2,16,TAIEX Stage 2,數位雲端 (n/a),-0.06509889001688007,-0.03342181569037206,-0.16884269555978704,0.6123822341857336,-0.013304251,False,1.4081132,0.9666452,,0.37152777441282137,0.65008295,0.05,0.86489433,3.0,0.23171492,91.4,84.24900000000004,0.07823851203501064,2.312101591628264,0.007141161244362593,False,0.18487195914263843,0.09127424664169255,0.5279018235015434,盤中 tick 才能判斷（本表為收盤後資料；歷史觸發見 Intraday Replay）,NOT_LEADER
2026-10-05,6205,詮欣,STAGE_WATCH,2,3,TAIEX Stage 2,電子工業 Stage 2,0.02604079067206344,0.0922962701363077,-0.07863903604893197,0.4535666218034993,-0.008420694,False,1.5291319,0.93323773,,0.45910780669145046,1.1001495,0.56666666,1.0832812,7.0,0.2545479,72.6,59.39999999999998,0.1818181818181821,3.359999950856878,0.01124645210802555,False,0.4126393995749187,0.06185548659414043,0.5267317300094814,盤中 tick 才能判斷（本表為收盤後資料；歷史觸發見 Intraday Replay）,NOT_LEADER
2026-10-05,2491,吉祥全,STAGE_WATCH,2,45,TAIEX Stage 2,電子工業 Stage 2,-0.19405095244720327,0.13379736350788773,-0.03579126702006241,0.9528936742934051,-0.004692795,False,1.0543234,0.708,,1.4845814977973557,0.7031847,0.008333334,0.8367896,0.0,0.1766786,40.05,38.21400000000001,0.04584269662921314,1.0448780187971904,0.17478151619434357,False,0.40823970037453217,3.812636015023699,0.5264188127198988,盤中 tick 才能判斷（本表為收盤後資料；歷史觸發見 Intraday Replay）,SECTOR_CONFIRMED
2026-10-05,6291,沛亨,STAGE_WATCH,2,62,TAIEX Stage 2,半導體業 Stage 2,-0.01854876904108993,0.15442767277865665,-0.00851933070823363,0.38627187079407804,-0.017206596,False,1.3050158,1.0421154,,0.7220447284345046,0.6047359,0.025,0.37663367,2.0,0.13892591,488.0,432.1350000000002,0.11447745901639306,2.228233634838461,0.06352458894252777,False,0.4713114754098364,0.5549091453316685,0.525922507671615,盤中 tick 才能判斷（本表為收盤後資料；歷史觸發見 Intraday Replay）,NOT_LEADER
2026-10-05,2354,鴻準,STAGE_WATCH,2,6,TAIEX Stage 2,電子工業 Stage 2,-0.07306194145819123,-0.06398605833464077,0.025290152206681515,0.5814266487213997,-0.009575381,False,0.49011898,0.48633918,,0.2590579710144938,1.1045576,0.008333334,1.3358835,9.0,0.31418782,64.4,62.66699999999997,0.026909937888199176,0.9477343437241516,0.0029361869674175978,False,0.13887633957605572,0.1091116218705657,0.524860763214374,盤中 tick 才能判斷（本表為收盤後資料；歷史觸發見 Intraday Replay）,NOT_LEADER
2026-10-05,2441,超豐,STAGE_WATCH,2,51,TAIEX Stage 2,電子工業 Stage 2,0.00846006076865602,-0.08521298423435542,-0.16490841249797694,0.6096904441453567,-0.008970134,False,1.7084498,1.3087751,,0.32946882372835606,0.84090906,0.4,0.8501526,1.0,0.17282902,124.0,108.405,0.12576612903225814,3.4114062697193597,0.025581974536180496,False,0.22598304671857616,0.20340909538226223,0.5244920882143798,盤中 tick 才能判斷（本表為收盤後資料；歷史觸發見 Intraday Replay）,NOT_LEADER
2026-10-05,9945,潤泰新,STAGE_WATCH,1,9,TAIEX Stage 2,其他 Stage 2,-0.06989166041180472,-0.032437235738442816,0.036557042382440175,0.44952893674293404,-0.013873451,False,0.15200959,0.15598977,9.0,0.17748091603053462,0.98275864,0.5083333,1.0575761,10.0,0.23068544,28.65,27.324,0.04628272251308896,2.1969231026180402,0.0254009161144495,False,0.07678883071553244,0.5488206988529253,0.5238856794875023,盤中 tick 才能判斷（本表為收盤後資料；歷史觸發見 Intraday Replay）,NOT_LEADER
2026-10-05,2362,藍天,STAGE_WATCH,2,18,TAIEX Stage 2,電腦及週邊設備業 Stage 2,-0.10521497361122356,-0.21463570063036475,-0.015129959185278041,0.5181695827725438,-0.007961661,False,0.37543556,0.2376494,,0.24819277108433702,0.8622754,0.34166667,0.9051706,5.0,0.38609686,46.25,45.78749999999998,0.010000000000000453,0.6709844616539583,0.06917036324739456,False,0.11999999999999922,6.917036324739143,0.5235936093901904,盤中 tick 才能判斷（本表為收盤後資料；歷史觸發見 Intraday Replay）,NOT_LEADER
2026-10-05,2317,鴻海,STAGE_WATCH,2,20,TAIEX Stage 2,電子工業 Stage 2,-0.05778832618457663,-0.1594213057857562,-0.01749868517174047,0.5800807537012113,-0.004508602,False,0.7346331,0.8890185,,0.15336134453781525,0.95238096,0.008333334,1.7070274,3.0,0.14645185,254.0,241.06500000000008,0.05092519685039343,2.9445528751968637,0.01313619501888752,False,0.2004708127054513,0.2579507951138344,0.5212369090355848,盤中 tick 才能判斷（本表為收盤後資料；歷史觸發見 Intraday Replay）,NOT_LEADER
2026-10-05,4951,精拓科,STAGE_WATCH,2,24,TAIEX Stage 2,半導體業 Stage 2,0.06812296059627543,-0.0004691048675815601,-0.10549088790078509,0.6002691790040376,-0.01706211,False,0.49025145,0.9909191,,0.4580559254327563,0.6128655,0.56666666,0.3862369,0.0,0.194564,90.1,77.616,0.13855715871254148,2.4932381918505584,0.5273591876029968,False,0.5326995985016647,3.8060768025496685,0.52120345563087,盤中 tick 才能判斷（本表為收盤後資料；歷史觸發見 Intraday Replay）,NOT_LEADER
2026-10-05,4938,和碩,STAGE_WATCH,2,26,TAIEX Stage 2,電腦及週邊設備業 Stage 2,-0.10285626218171606,-0.1117692177981291,-0.0284998156829821,0.4576043068640646,-0.010584801,False,0.29044268,0.7309305,,0.21376811594202905,1.0047393,0.11666667,0.5140972,9.0,0.22784555,88.7,87.41699999999996,0.014464487034949736,0.7213654390824435,0.010112011805176735,False,0.13303269447576116,0.6990923204358124,0.5193676654734216,盤中 tick 才能判斷（本表為收盤後資料；歷史觸發見 Intraday Replay）,NOT_LEADER
2026-10-05,5608,四維航,STAGE_WATCH,1,6,TAIEX Stage 2,航運業 Stage 2,-0.1213002361148241,0.1482007650492123,0.05201068146519128,0.2812920592193809,-0.0043004,False,0.03292862,0.16251461,6.0,0.5175097276264586,0.8983957,0.008333334,0.6901549,8.0,0.7517828,16.8,16.037999999999993,0.04535714285714332,1.7780000334525146,0.0059523810632526875,False,0.23511904761904767,0.1312335982449398,0.5193546325972258,盤中 tick 才能判斷（本表為收盤後資料；歷史觸發見 Intraday Replay）,NOT_LEADER
2026-10-05,4967,十銓,STAGE_WATCH,2,51,TAIEX Stage 2,半導體業 Stage 2,-0.09506012675912934,-0.12607782485142194,0.10710858682535807,0.5302826379542396,-0.00823681,False,0.33827725,0.57732934,,0.30840334343996756,0.6268657,0.09166667,0.98753226,5.0,0.18696605,269.5,263.34,0.02285714285714291,1.0453333537069147,0.03694596141576767,False,0.1609481680378293,1.6163858119398318,0.5191516846176933,盤中 tick 才能判斷（本表為收盤後資料；歷史觸發見 Intraday Replay）,NOT_LEADER
2026-10-05,6530,創威,STAGE_WATCH,2,33,TAIEX Stage 2,通信網路業 Stage 2,-0.04720884718404461,0.15453238163736494,0.08564667823678174,0.2503364737550471,-0.016820762,False,1.2715813,1.5797678,,0.5441176470588238,0.82834995,0.016666668,0.45747072,2.0,0.15554322,98.5,88.50599999999999,0.10146192893401029,2.47638943466096,0.029682962223887444,False,0.3828592386927505,0.29255270953100954,0.5179054844335874,盤中 tick 才能判斷（本表為收盤後資料；歷史觸發見 Intraday Replay）,NOT_LEADER
2026-10-05,1904,正隆,STAGE_WATCH,2,19,TAIEX Stage 2,造紙工業 (n/a),-0.12787565364242182,-0.0434905793961724,-0.061331343741240385,0.5370121130551817,-0.009705785,False,0.3881925,-0.064259,,0.28398058252427116,0.92827004,0.06666667,0.8231902,5.0,0.16924478,24.0,23.611499999999996,0.016187500000000132,0.7349999765368601,0.005061652977019548,False,0.10208333333333286,0.31268898699734404,0.5177795802358112,盤中 tick 才能判斷（本表為收盤後資料；歷史觸發見 Intraday Replay）,NOT_LEADER
2026-10-05,3211,順達,STAGE_WATCH,2,21,TAIEX Stage 2,電腦及週邊設備業 Stage 2,-0.020050952447203008,-0.0005091769974152616,-0.15363903604893292,0.41184387617765816,-0.0042038443,False,1.6698874,1.2058896,,0.4498269896193774,0.88739496,0.041666668,1.0527081,4.0,0.17894621,399.0,345.51000000000005,0.13406015037593977,3.574510732650256,0.03157614544034004,False,0.24060150375939848,0.2355371477041631,0.5168051290881215,盤中 tick 才能判斷（本表為收盤後資料；歷史觸發見 Intraday Replay）,NOT_LEADER
2026-10-05,3416,融程電,STAGE_WATCH,2,15,TAIEX Stage 2,電腦及週邊設備業 Stage 2,-0.06283883123508205,-0.1712795365632701,-0.1410640921150499,0.43203230148048455,0.0028885894,False,0.71687984,0.9005972,,0.2269938680040331,0.9113924,0.016666668,1.7383379,4.0,0.27729607,168.5,156.42000000000004,0.0716913946587534,3.6765217389679377,0.07415175437927246,False,0.13067909525828214,1.0343187593466443,0.5167746370265016,盤中 tick 才能判斷（本表為收盤後資料；歷史觸發見 Intraday Replay）,NOT_LEADER
2026-10-05,8438,昶昕,STAGE_WATCH,2,40,TAIEX Stage 2,綠能環保 Stage 3,0.09327462894814631,0.10384119143010428,-0.22286578241083443,0.17362045760430686,-0.012157286,False,1.3618547,0.3951469,,0.4947368421052627,1.2950559,0.69166666,2.0719705,0.0,0.18272944,81.0,65.43899999999998,0.19211111111111134,4.4369448815712005,0.18038558959960938,False,0.3629194486395779,0.9389648967012623,0.5167208311500626,盤中 tick 才能判斷（本表為收盤後資料；歷史觸發見 Intraday Replay）,NOT_LEADER
2026-10-05,3550,聯穎,STAGE_WATCH,2,36,TAIEX Stage 2,電子工業 Stage 2,0.009630964764125949,-0.018846570270218965,-0.2154445916044896,0.506056527590848,-0.024279388,False,1.007318,0.66851455,,0.40769230769230624,1.3069307,0.49166667,0.87920725,3.0,0.099656306,25.1,20.988000000000003,0.16382470119521908,3.5867912084892986,0.005976095795631409,False,0.581673306772911,0.03647860030893687,0.5163044579346973,盤中 tick 才能判斷（本表為收盤後資料；歷史觸發見 Intraday Replay）,NOT_LEADER
2026-10-05,2392,正崴,STAGE_WATCH,2,7,TAIEX Stage 2,電子工業 Stage 2,-0.16784367571070946,-0.008761196407754968,0.05006498742593868,0.522207267833109,-0.0011600147,False,0.722107,0.69154197,,0.463855421686747,0.6666667,0.05,0.84543425,5.0,0.30968618,41.55,39.946500000000015,0.03859205776173247,1.1753402997425133,0.018057258799672127,False,0.19992689061655988,0.4679009062216304,0.5122315336132771,盤中 tick 才能判斷（本表為收盤後資料；歷史觸發見 Intraday Replay）,NOT_LEADER
2026-10-05,2428,興勤,STAGE_WATCH,2,26,TAIEX Stage 2,電子零組件業 Stage 2,-0.012476310320412853,0.03666066119542166,-0.19567274710075822,0.7523553162853297,0.0047423705,False,0.77827746,1.1559142,,0.3062645008917171,0.9074627,0.025,1.1450948,2.0,0.17432168,262.0,242.0549999999999,0.07612595419847368,2.7241952185933744,0.015267175622284412,False,0.35492169475649193,0.20055151732456733,0.5114971283784462,盤中 tick 才能判斷（本表為收盤後資料；歷史觸發見 Intraday Replay）,NOT_LEADER
2026-10-05,2332,友訊,STAGE_WATCH,2,14,TAIEX Stage 2,電子工業 Stage 2,-0.0036219980236100735,-0.23205856501478872,-0.16688104518135305,0.5935397039030955,-0.011586533,False,0.5881409,0.5204708,,0.3378016085790887,0.72727275,0.20833333,0.76486874,2.0,0.30066243,20.15,18.463499999999993,0.08369727047146436,2.745465079890508,0.001301221433095634,False,0.3126550868486351,0.01554676067410431,0.5114768073175504,盤中 tick 才能判斷（本表為收盤後資料；歷史觸發見 Intraday Replay）,NOT_LEADER
2026-10-05,5443,均豪,STAGE_WATCH,2,7,TAIEX Stage 2,光電業 Stage 2,-0.043141861538111836,0.0830073291843001,-0.011854998490247404,0.22476446837146702,0.0022772537,False,1.2597783,1.3039359,,0.4436619718309853,1.06,0.11666667,0.92183,4.0,0.30358404,114.5,100.97999999999998,0.11807860262008751,2.934573551220905,0.0043668122962117195,False,0.21394020687574455,0.03698224910623085,0.5099439519139308,盤中 tick 才能判斷（本表為收盤後資料；歷史觸發見 Intraday Replay）,NOT_LEADER
2026-10-05,2049,上銀,STAGE_WATCH,2,26,TAIEX Stage 2,電機機械 Stage 2,-0.08114819482746394,-0.16530387374991173,-0.0707958987940307,0.6541049798115747,0.0027291947,False,1.1867692,1.2246557,,0.36886632825719134,0.7737705,0.275,1.3700348,3.0,0.25135452,345.5,310.36499999999995,0.10169319826338641,2.826953953893255,0.05655636265873909,False,0.22583748485764188,0.5561469559867469,0.5089331270270128,盤中 tick 才能判斷（本表為收盤後資料；歷史觸發見 Intraday Replay）,NOT_LEADER
2026-10-05,1595,川寶,STAGE_WATCH,2,30,TAIEX Stage 2,電子零組件業 Stage 2,-0.027430121033816812,0.07516247479870675,-0.03035153796888035,0.7671601615074024,-0.03922731,False,0.7140942,0.7668287,,0.6649782993864075,1.7052692,0.6666667,2.0048873,1.0,0.2651761,73.5,60.208352454757296,0.18083874211214568,2.5483562167773455,0.014014242216944695,False,0.4466603202947854,0.07749579571977931,0.507785460866392,盤中 tick 才能判斷（本表為收盤後資料；歷史觸發見 Intraday Replay）,NOT_LEADER
2026-10-05,4707,磐亞,STAGE_WATCH,2,28,TAIEX Stage 2,化學工業 Stage 2,-0.088985162973519,-0.19707720054118127,-0.2640056731985281,0.9340511440107672,-0.008869806,False,0.86900246,0.4184931,,0.6585338043550548,1.1326861,0.175,1.6294261,0.0,0.2296972,30.25,24.94800000000001,0.1752727272727269,3.4605126871793943,0.16033057868480682,False,0.44084902479338983,0.9147491522473437,0.5065252549429344,盤中 tick 才能判斷（本表為收盤後資料；歷史觸發見 Intraday Replay）,INDEPENDENT
2026-10-05,3339,泰谷,STAGE_WATCH,2,27,TAIEX Stage 2,光電業 Stage 2,0.006210330213129556,0.010818108668507742,0.08394599796467239,0.11440107671601615,-0.010030025,False,1.2876658,1.3557729,,0.5068078668683815,0.74222666,0.008333334,0.7349856,4.0,0.3057215,45.9,40.49100000000001,0.1178431372549017,2.091878487315745,0.04139433428645134,False,0.5838779956427014,0.3512663974391053,0.5051049427922436,盤中 tick 才能判斷（本表為收盤後資料；歷史觸發見 Intraday Replay）,NOT_LEADER
2026-10-05,3317,尼克森,STAGE_WATCH,2,55,TAIEX Stage 2,半導體業 Stage 2,0.09299822788066536,-0.08309641272361912,-0.3560977349646395,0.6621803499327052,0.0020624825,False,1.6355473,0.9513308,,0.369606003752345,1.0486112,0.7,3.0183818,1.0,0.1867579,71.8,52.76700000000002,0.26508356545960976,6.153856957413773,0.01580244116485119,False,0.4926076649102704,0.05961305499061191,0.5042489087223839,盤中 tick 才能判斷（本表為收盤後資料；歷史觸發見 Intraday Replay）,NOT_LEADER
2026-10-05,4541,晟田,STAGE_WATCH,2,17,TAIEX Stage 2,其他 Stage 2,-0.10466354573908843,-0.1541738535172983,-0.0686689175328703,0.6352624495289367,-0.0045216135,False,0.38736656,0.77927864,,0.3391836885129247,1.0291369,0.008333334,0.6492622,1.0,0.25249183,60.8,55.539,0.08652960526315778,2.899763744798146,0.09746231883764267,False,0.3267100041001936,1.1263465092812548,0.5041150462422361,盤中 tick 才能判斷（本表為收盤後資料；歷史觸發見 Intraday Replay）,NOT_LEADER
2026-10-05,7751,竑騰,STAGE_WATCH,2,63,TAIEX Stage 2,半導體業 Stage 2,0.011512187484537861,0.022624991195724142,0.04330932075857863,0.059219380888290714,-0.0046215802,False,2.2429116,1.7139897,,0.6541666666666668,1.0348837,0.108333334,0.6220063,1.0,0.13831249,1605.0,1291.9499999999998,0.19504672897196274,3.966244239445716,0.058791276067495346,False,0.7476635514018695,0.3014214920566362,0.5036608718399986,盤中 tick 才能判斷（本表為收盤後資料；歷史觸發見 Intraday Replay）,NOT_LEADER
2026-10-05,2845,遠東銀,STAGE_WATCH,2,6,TAIEX Stage 2,金融保險 Stage 2,-0.14632201471826534,-0.09616495804007319,-0.07113853567140715,0.32166890982503366,-0.010014378,False,0.07528344,0.050994646,,0.1117497993369756,0.7659575,0.7583333,0.9243628,5.0,0.17726678,12.8,12.671999999999999,0.010000000000000009,0.5875409852783902,0.012626252137124538,False,0.08203125000000044,1.2626252137124527,0.5034565173533745,盤中 tick 才能判斷（本表為收盤後資料；歷史觸發見 Intraday Replay）,NOT_LEADER
2026-10-05,2327,國巨*,STAGE_WATCH,2,55,TAIEX Stage 2,電子零組件業 Stage 2,0.1409979712318572,-0.02147814921758684,-0.38439100013423044,0.9030955585464334,0.02950379,False,2.2738562,1.8997173,,0.3072407045009775,1.1712,0.13333334,1.6373695,1.0,0.05128857,626.0,514.8000000000003,0.1776357827476035,3.7244020433119864,0.0670926496386528,False,0.9488817891373811,0.37769782980033034,0.50315846000317,盤中 tick 才能判斷（本表為收盤後資料；歷史觸發見 Intraday Replay）,SECTOR_CONFIRMED
2026-10-05,2434,統懋,STAGE_WATCH,2,20,TAIEX Stage 2,半導體業 Stage 2,-0.1292927621195895,-0.04415258574828118,-0.003786528674302403,0.9098250336473755,-0.023308631,False,0.41636956,0.94316727,,0.5240083507306883,0.8625473,0.275,0.5014784,0.0,0.28929472,61.2,57.618,0.05852941176470583,0.8813356953329479,0.16830065846443176,False,0.48366013071895564,2.875488637080746,0.4993421220133036,盤中 tick 才能判斷（本表為收盤後資料；歷史觸發見 Intraday Replay）,SECTOR_CONFIRMED
2026-10-05,6023,元大期,STAGE_WATCH,2,6,TAIEX Stage 2,金融保險 Stage 2,-0.1049568757921504,-0.12314192075395836,-0.11403216775281666,0.2934051144010767,-0.012144973,False,0.040835842,0.20590068,,0.09236453201970485,0.8679245,0.7083333,0.80467796,3.0,0.44061735,84.3,81.77399999999999,0.029964412811388064,1.7506930184841905,0.02846975065767765,False,0.05219454329774642,0.9501187571030137,0.49869470470497046,盤中 tick 才能判斷（本表為收盤後資料；歷史觸發見 Intraday Replay）,NOT_LEADER
2026-10-05,2451,創見,STAGE_WATCH,2,66,TAIEX Stage 2,電子工業 Stage 2,-0.07181319020944033,-0.13166915574414184,0.0710276306177342,0.49663526244952894,-0.005412087,False,0.24699578,0.70638716,,0.22037037037037033,0.7941176,0.016666668,0.851614,2.0,0.2044471,289.5,267.29999999999995,0.07668393782383431,3.5118643403566225,0.11079273372888565,False,0.26995109723613053,1.4447971357888445,0.49617253036157577,盤中 tick 才能判斷（本表為收盤後資料；歷史觸發見 Intraday Replay）,NOT_LEADER
2026-10-05,6605,帝寶,STAGE_WATCH,1,27,TAIEX Stage 2,汽車工業 Stage 3,-0.09499985755669182,-0.13783970528165979,-0.024227271343049805,0.3122476446837147,-0.01185352,False,0.09551261,0.10187706,27.0,0.10077519379845001,1.125,0.05,0.8314489,6.0,0.36302426,135.5,133.155,0.01730627306273058,0.9247887430390713,0.018202347680926323,False,0.2148207282551391,1.051777445955447,0.4921815054124609,盤中 tick 才能判斷（本表為收盤後資料；歷史觸發見 Intraday Replay）,NOT_LEADER
2026-10-05,3338,泰碩,STAGE_WATCH,2,25,TAIEX Stage 2,電子零組件業 Stage 2,0.026884071324588366,-0.044570389019544576,-0.045367614553141866,0.47644683714670255,-0.0012568723,False,0.94780815,0.8851754,,0.2530541012216412,0.68601584,0.016666668,2.0252447,6.0,0.3066869,70.1,62.963999999999984,0.10179743223965776,4.5827521687768105,0.006488265004009008,False,0.32184160875738543,0.0637370202888216,0.4919113696710897,盤中 tick 才能判斷（本表為收盤後資料；歷史觸發見 Intraday Replay）,NOT_LEADER
2026-10-05,4949,有成精密,STAGE_WATCH,2,31,TAIEX Stage 2,光電業 Stage 2,-0.01953482341494528,0.10249845896954679,0.060454612537064634,0.10363391655450875,0.010246084,False,0.98249245,1.0841184,,0.4261744966442944,1.0329671,0.025,5.155222,1.0,0.1993458,82.5,70.29000000000002,0.1479999999999998,4.199999922839949,0.03030303120613098,False,0.36363636363636465,0.20475021085223663,0.49182275667048636,盤中 tick 才能判斷（本表為收盤後資料；歷史觸發見 Intraday Replay）,NOT_LEADER
2026-10-05,1711,永光,STAGE_WATCH,2,42,TAIEX Stage 2,化學生技醫療 Stage 2,-0.020272372423134843,0.12534665928253697,-0.06382422123411757,0.2839838492597577,0.012862434,False,0.96284896,1.1748135,,0.5612903225806449,1.459542,0.033333335,6.0600843,4.0,0.11180157,44.2,36.679499999999976,0.17014705882352998,4.470785698770499,0.03733031824231148,False,0.45475113122171806,0.21940031464798374,0.48647068962246787,盤中 tick 才能判斷（本表為收盤後資料；歷史觸發見 Intraday Replay）,NOT_LEADER
2026-10-05,4540,全球傳動,STAGE_WATCH,2,24,TAIEX Stage 2,電機機械 Stage 2,-0.06556355748921949,-0.03370225787633063,-0.06159165872236816,0.5518169582772544,-0.018332956,False,1.1011008,0.7167091,,0.4840909090909087,0.79452056,0.18333334,0.6365553,5.0,0.2731913,60.6,54.84599999999999,0.09495049504950515,2.777793082035192,0.014851485379040241,False,0.35148514851485224,0.15641293256340577,0.4859470562809974,盤中 tick 才能判斷（本表為收盤後資料；歷史觸發見 Intraday Replay）,NOT_LEADER
2026-10-05,1440,南紡,STAGE_WATCH,1,19,TAIEX Stage 2,紡織纖維 Stage 3,-0.14038898061621685,-0.04772376325267458,-0.10095055313449619,0.2651413189771198,-0.007249519,False,0.6144246,0.1973285,19.0,0.23749999999999938,0.9308176,0.008333334,1.0211294,17.0,0.41484615,13.4,12.770999999999997,0.04694029850746295,1.815670109827878,0.012428552843630314,False,0.15645284957465266,0.2647736217879893,0.4840547772388552,盤中 tick 才能判斷（本表為收盤後資料；歷史觸發見 Intraday Replay）,NOT_LEADER
2026-10-05,8042,金山電,STAGE_WATCH,2,52,TAIEX Stage 2,電子零組件業 Stage 2,0.10528614367436906,-0.057249296262491756,-0.3491428762117279,0.8842530282637954,0.011851776,False,1.2772591,1.1641132,,0.36907515330337004,0.9489516,0.008333334,1.2299607,2.0,0.028059524,118.5,102.07417036235293,0.13861459609828752,2.8310290368459574,0.03322744369506836,False,0.8991306001182633,0.239711001801771,0.48098048604033855,盤中 tick 才能判斷（本表為收盤後資料；歷史觸發見 Intraday Replay）,SECTOR_CONFIRMED
2026-10-05,6177,達麗,STAGE_WATCH,1,23,TAIEX Stage 2,建材營造 Stage 1,-0.15482018321643387,-0.10940175154765996,-0.018534489009241817,0.27994616419919244,-0.009547897,False,0.15943329,0.101017654,23.0,0.1493132888895592,0.8,0.38333333,1.14735,9.0,0.44595847,45.3,44.6985,0.01327814569536423,0.6124363990945624,0.00013681920245289803,False,0.1720029950392219,0.01030408956129058,0.48076010243350337,盤中 tick 才能判斷（本表為收盤後資料；歷史觸發見 Intraday Replay）,NOT_LEADER
2026-10-05,3213,茂訊,STAGE_WATCH,2,20,TAIEX Stage 2,電腦及週邊設備業 Stage 2,-0.09586197606925018,-0.21358657913715118,-0.1398025580615112,0.5652759084791387,-0.008190366,False,0.6156632,0.5851635,,0.20083682008368253,0.74336284,0.008333334,1.2061301,5.0,0.31384468,125.5,118.30499999999999,0.05733067729083674,3.1977777432634427,0.021231943741440773,False,0.17131474103585598,0.37034175671310815,0.47988703845954034,盤中 tick 才能判斷（本表為收盤後資料；歷史觸發見 Intraday Replay）,NOT_LEADER
2026-10-05,2467,志聖,STAGE_WATCH,2,45,TAIEX Stage 2,電子零組件業 Stage 2,-0.11430305328753854,-0.007970391383694597,-0.041682514309801855,0.3149394347240915,0.012034457,False,1.9227493,1.5674767,,0.39479392624728926,0.972973,0.23333333,1.4092195,1.0,0.17617266,577.0,509.8499999999999,0.11637781629116128,3.310211388287891,0.11438474804162979,False,0.18803122560665075,0.9828741566644874,0.4795810708157299,盤中 tick 才能判斷（本表為收盤後資料；歷史觸發見 Intraday Replay）,NOT_LEADER
2026-10-05,4977,眾達-KY,STAGE_WATCH,2,6,TAIEX Stage 2,通信網路業 Stage 2,-0.06955819882401393,0.19166350170373425,0.11585236346554972,0.17092866756393002,0.0059298924,False,1.4157319,1.7611333,,0.6954848428714795,0.6708861,0.016666668,1.354506,1.0,0.185295,175.0,158.89499999999995,0.09202857142857168,2.324433085303085,0.08285713940858841,False,0.478604139466118,0.9003414713755313,0.47581264568189496,盤中 tick 才能判斷（本表為收盤後資料；歷史觸發見 Intraday Replay）,NOT_LEADER
2026-10-05,4971,IET-KY,STAGE_WATCH,2,49,TAIEX Stage 2,半導體業 Stage 2,-0.1282408051476941,0.0969429034139917,0.25070458426297115,0.08748317631224764,0.021710744,False,2.289904,1.9009665,,0.9411764705882348,0.77730495,0.041666668,1.6178166,0.0,0.09145701,584.0,514.8000000000002,0.11849315068493127,2.186907381935806,0.24315068125724792,False,0.6386617088270838,2.0520230903790906,0.47549288693939323,盤中 tick 才能判斷（本表為收盤後資料；歷史觸發見 Intraday Replay）,NOT_LEADER
2026-10-05,2207,和泰車,STAGE_WATCH,1,10,TAIEX Stage 2,汽車工業 Stage 3,-0.10516419620919881,-0.13135167022941874,-0.025577988528988405,0.3203230148048452,-0.0015925975,False,-0.062954485,0.22317405,10.0,0.1135458167330674,0.7822222,0.45833334,0.97607726,10.0,0.3885578,510.0,500.94000000000005,0.017764705882352905,0.8290196228140881,0.07450980693101883,False,0.19046446026080144,4.19426065505736,0.47484249781768906,盤中 tick 才能判斷（本表為收盤後資料；歷史觸發見 Intraday Replay）,NOT_LEADER
2026-10-05,7828,創新服務,STAGE_WATCH,2,44,TAIEX Stage 2,半導體業 Stage 2,-0.03561790401415399,-0.07129071481962579,-0.13112821353811033,0.566621803499327,-0.0122665465,False,1.6759855,1.3846794,,0.7153846153846144,0.5233645,0.058333334,0.5438395,1.0,0.16054758,1840.0,1757.2499999999993,0.04497282608695685,0.7021212149404195,0.021739130839705467,False,0.36413043478260865,0.48338369480432347,0.4746936157264524,盤中 tick 才能判斷（本表為收盤後資料；歷史觸發見 Intraday Replay）,NOT_LEADER
2026-10-05,5536,聖暉*,STAGE_WATCH,2,22,TAIEX Stage 2,其他電子業 Stage 2,0.08363570605952964,-0.22813497820594542,-0.32982951223940893,0.5343203230148048,0.0019232734,False,1.940004,0.7884605,,0.4009962640099629,1.0251852,0.15833333,2.9628778,2.0,0.08661578,954.0,807.8399999999996,0.15320754716981178,4.3169620403784394,0.04277719184756279,False,0.5460079752532578,0.2792107349656184,0.4719519791605209,盤中 tick 才能判斷（本表為收盤後資料；歷史觸發見 Intraday Replay）,NOT_LEADER
2026-10-05,5904,寶雅,STAGE_WATCH,2,29,TAIEX Stage 2,貿易百貨 (n/a),-0.10954670315541803,,-0.08986131026843514,0.6742934051144011,-0.0058325636,False,-0.420281,0.13719058,,0.35337243401759455,0.6739927,0.20192307,0.9009747,2.0,0.45006397,68.8,67.518,0.01863372093023241,1.043488412581462,0.07283436506986618,False,0.34156976744185985,3.9087397166979976,0.4718792421523405,盤中 tick 才能判斷（本表為收盤後資料；歷史觸發見 Intraday Replay）,NOT_LEADER
2026-10-05,3312,弘憶股,STAGE_WATCH,2,21,TAIEX Stage 2,電子工業 Stage 2,-0.0646252535061691,-0.008400155985667235,-0.15039752575720466,0.6069986541049798,-0.0068583135,False,0.94479233,1.3242198,,0.3630863061976404,0.75162596,0.18333334,0.6180555,4.0,0.16157968,51.7,46.233000000000004,0.10574468085106392,2.788269554667224,0.004313500598073006,False,0.38086798839458513,0.04079165555521752,0.471640033861571,盤中 tick 才能判斷（本表為收盤後資料；歷史觸發見 Intraday Replay）,NOT_LEADER
2026-10-05,4976,佳凌,STAGE_WATCH,1,18,TAIEX Stage 2,電子工業 Stage 2,-0.0920085121289006,-0.11299428815173229,-0.06928529455233412,0.5787348586810229,0.0064410237,False,-0.19390483,0.5175845,18.0,0.21562952243125966,0.7758621,0.033333335,1.5491843,6.0,0.4253899,37.4,34.20449999999999,0.08544117647058846,2.8585943088300825,0.09625668078660965,False,0.20053475935828913,1.1265842157468913,0.46994613601352864,盤中 tick 才能判斷（本表為收盤後資料；歷史觸發見 Intraday Replay）,NOT_LEADER
2026-10-05,6446,藥華藥,STAGE_WATCH,2,38,TAIEX Stage 2,生技醫療業 Stage 1,-0.20256947096572142,-0.19724314309763558,-0.22335960408017053,0.8990578734858681,-0.004155547,False,0.8149025,0.6325869,,0.5091743119266061,0.8785047,0.225,0.46077618,0.0,0.18051651,1190.0,1113.7499999999998,0.06407563025210106,1.5932835517659185,0.1881989687681198,False,0.38235294117647056,2.9371380043811386,0.46933535943646465,盤中 tick 才能判斷（本表為收盤後資料；歷史觸發見 Intraday Replay）,INDEPENDENT
2026-10-05,2633,台灣高鐵,STAGE_WATCH,1,72,TAIEX Stage 2,航運業 Stage 2,-0.10504331885941676,-0.12553771674104708,-0.07885547592925657,0.23014804845222073,-0.003949179,False,-0.0074550305,0.08575609,72.0,0.0392927308447939,1.258427,0.275,0.6752343,26.0,0.41108897,25.65,25.1955,0.017719298245613913,1.988437560646558,0.003135877661406994,False,0.0889058429271008,0.17697527396059395,0.46816791579678296,盤中 tick 才能判斷（本表為收盤後資料；歷史觸發見 Intraday Replay）,NOT_LEADER
2026-10-05,1808,潤隆,STAGE_WATCH,1,49,TAIEX Stage 2,建材營造 Stage 1,-0.16914224807874845,-0.09134915278851219,0.003002045945547538,0.35262449528936746,-0.006189073,False,0.11810381,0.27512065,49.0,0.19431280584397026,0.48489317,0.625,0.44315708,6.0,0.3713315,31.35,30.838500000000003,0.016315789473684172,0.538103170938528,0.012098423205316067,False,0.3238895302717415,0.7415162609709864,0.4676914545393087,盤中 tick 才能判斷（本表為收盤後資料；歷史觸發見 Intraday Replay）,NOT_LEADER
2026-10-05,4991,環宇-KY,STAGE_WATCH,2,67,TAIEX Stage 2,半導體業 Stage 2,-0.002523604665985335,0.06579659873827581,0.00016456007831533448,0.11574697173620457,0.01956307,False,2.2918897,2.1707342,,0.5217391304347831,0.96912116,0.11666667,2.3631444,2.0,0.064592205,524.0,412.83000000000015,0.2121564885496181,3.5292065101349213,0.06870228797197342,False,0.7080152671755722,0.3238283610444734,0.46564892616237386,盤中 tick 才能判斷（本表為收盤後資料；歷史觸發見 Intraday Replay）,NOT_LEADER
2026-10-05,1609,大亞,STAGE_WATCH,1,17,TAIEX Stage 2,電器電纜 Stage 1,-0.0516185200147703,-0.05713683696616556,-0.11988376178732907,0.42126514131897713,-0.010758067,False,0.7165393,0.38663685,17.0,0.17664670658682624,1.3231939,0.15833333,1.1648266,10.0,0.5370566,38.2,36.333000000000006,0.04887434554973813,2.97022717647058,0.014397906139492989,False,0.28519470466693764,0.29459025952256734,0.46521667826337004,盤中 tick 才能判斷（本表為收盤後資料；歷史觸發見 Intraday Replay）,NOT_LEADER
2026-10-05,1597,直得,STAGE_WATCH,2,26,TAIEX Stage 2,電機機械 Stage 2,-0.07713053722228946,-0.09693791518687234,-0.04598747776478351,0.6110363391655451,-0.0058098906,False,1.1545022,1.2522844,,0.4719178793228933,1.3536586,0.14166667,0.641447,3.0,0.2419191,145.5,130.18499999999997,0.1052577319587632,2.1124137069932805,0.07002418488264084,False,0.5110245635738824,0.6652640483463409,0.46481285978159104,盤中 tick 才能判斷（本表為收盤後資料；歷史觸發見 Intraday Replay）,NOT_LEADER
2026-10-05,6640,均華,STAGE_WATCH,2,56,TAIEX Stage 2,半導體業 Stage 2,-0.10092858957800444,0.10917919033382306,0.09938200943647169,0.012113055181695828,0.031629246,False,1.6383599,1.6693678,,0.639751552795031,0.8984615,0.30833334,0.87841326,2.0,0.09876425,1165.0,985.0499999999998,0.15446351931330493,2.506766249978095,0.055793993175029755,False,0.5750880506217675,0.36121145901033386,0.46102481509536003,盤中 tick 才能判斷（本表為收盤後資料；歷史觸發見 Intraday Replay）,NOT_LEADER
2026-10-05,6789,采鈺,STAGE_WATCH,2,36,TAIEX Stage 2,半導體業 Stage 2,-0.03571582892410974,-0.05072047738191943,-0.13570531285205223,0.5975773889636609,-0.0072710323,False,1.7483085,1.5881712,,0.2745341614906829,1.0041841,0.15,0.95241666,2.0,0.24351908,488.0,420.75,0.13780737704918034,3.7735472592185384,0.051229506731033325,False,0.30822419581056537,0.3717472012601377,0.46030537886528344,盤中 tick 才能判斷（本表為收盤後資料；歷史觸發見 Intraday Replay）,NOT_LEADER
2026-10-05,6234,高僑,STAGE_WATCH,2,26,TAIEX Stage 2,光電業 Stage 2,0.05524523523608149,0.007801948759497135,-0.22990463921330784,0.5141318977119784,-0.016227433,False,1.3830086,1.4654969,,0.35396602127017274,0.90694624,0.475,0.8830457,0.0,0.20017101,38.85,32.3235,0.1679922779922779,3.292648726561817,0.36485129594802856,False,0.6178855230994542,2.17183373133853,0.459747021725596,盤中 tick 才能判斷（本表為收盤後資料；歷史觸發見 Intraday Replay）,NOT_LEADER
2026-10-05,5291,邑昇,STAGE_WATCH,2,39,TAIEX Stage 2,電子零組件業 Stage 2,-0.14518632362624206,0.1449821191002676,0.0668737844638887,0.07267833109017496,0.015159115,False,0.8032555,0.9737222,,0.6561085972850689,0.9622266,0.15833333,1.3934034,1.0,0.31076208,64.5,55.935,0.13279069767441865,4.267259671784453,0.13488371670246124,False,0.3019400361279194,1.0157617895281668,0.4596469738746892,盤中 tick 才能判斷（本表為收盤後資料；歷史觸發見 Intraday Replay）,NOT_LEADER
2026-10-05,6285,啟碁,STAGE_WATCH,2,36,TAIEX Stage 2,電子工業 Stage 2,-0.015528468507160165,-0.10960230576279573,-0.0949246556645722,0.2570659488559892,0.006394521,False,1.3829327,1.4983431,,0.22222222222222188,0.8770764,0.1,2.9085782,4.0,0.2082537,249.5,213.84000000000003,0.14292585170340666,4.89450996884979,0.022044088691473007,False,0.32633984286994977,0.15423443994735056,0.45898644865318133,盤中 tick 才能判斷（本表為收盤後資料；歷史觸發見 Intraday Replay）,NOT_LEADER
2026-10-05,1563,巧新,STAGE_WATCH,2,16,TAIEX Stage 2,電機機械 Stage 2,,-0.0775649331309114,-0.18915706650054276,0.7227456258411844,,False,0.8225706,0.15532777,,0.3136147671386522,0.8392157,0.115384616,0.78790516,3.0,0.503586,77.0,71.37900000000002,0.07299999999999973,2.538516047166499,0.026066064834594727,False,0.18322647248948254,0.3570693812958195,0.4534633745117079,盤中 tick 才能判斷（本表為收盤後資料；歷史觸發見 Intraday Replay）,NOT_LEADER
2026-10-05,7777,能率亞洲,STAGE_WATCH,2,2,TAIEX Stage 2,其他 Stage 2,-0.07222440842617783,-0.17861773829679106,-0.12979868201234634,0.8088829071332436,0.011898712,False,1.2603505,1.0347131,,0.22772277227722793,1.4905263,0.025,1.7803175,4.0,0.44091576,38.5,34.9965,0.09100000000000019,2.747843060979646,0.03358737751841545,False,0.2358538747680885,0.36909206064192723,0.45223603740254853,盤中 tick 才能判斷（本表為收盤後資料；歷史觸發見 Intraday Replay）,SECTOR_CONFIRMED
2026-10-05,7765,中華資安,STAGE_WATCH,1,2,TAIEX Stage 2,數位雲端 (n/a),-0.05251942091567163,-0.08819223172114277,-0.055440837850734725,0.30551816958277256,-0.02032495,False,0.20306666,-0.026674626,2.0,0.21212121212121193,0.59800667,0.84166664,0.86528826,9.0,0.53901184,229.0,212.35500000000008,0.07268558951965032,1.7788549902499127,0.011710443533957005,False,0.29717231126064836,0.16111093837645937,0.45185322491222807,盤中 tick 才能判斷（本表為收盤後資料；歷史觸發見 Intraday Replay）,NOT_LEADER
2026-10-05,8255,朋程,STAGE_WATCH,2,21,TAIEX Stage 2,電機機械 Stage 2,-0.03922336624030609,-0.06028320381211505,-0.2522616255806134,0.5397039030955586,0.0014650511,False,1.2719527,0.8016832,,0.2007575757575759,1.1463414,0.25833333,2.0393465,11.0,0.13755338,151.5,130.68,0.13742574257425755,4.9825643049794355,0.004764512646943331,False,0.5103879432574832,0.03466972459231095,0.450608348345528,盤中 tick 才能判斷（本表為收盤後資料；歷史觸發見 Intraday Replay）,NOT_LEADER
2026-10-05,9939,宏全,STAGE_WATCH,2,12,TAIEX Stage 2,其他 Stage 2,-0.1220737661354162,-0.23200446500706096,-0.0668110790596863,0.46433378196500674,-0.0030374385,False,0.012585622,0.066933915,,0.18775510204081725,1.1294118,0.05,1.4468093,7.0,0.20589532,126.5,121.27499999999999,0.04130434782608694,2.6125000624944903,0.004017671104520559,False,0.15019762845849893,0.097269932004182,0.4498659115363928,盤中 tick 才能判斷（本表為收盤後資料；歷史觸發見 Intraday Replay）,NOT_LEADER
2026-10-05,6112,邁達特,STAGE_WATCH,1,87,TAIEX Stage 2,資訊服務業 (n/a),-0.0851632994994832,-0.12745856988250903,-0.040695935551875895,0.2449528936742934,-0.020913964,False,0.4073937,0.10313292,87.0,0.37209302325581306,0.6596306,0.5833333,0.8195333,9.0,0.75240535,44.9,43.659000000000006,0.02763919821826266,0.5472126005117952,0.046847131103277206,False,0.20649935715354362,1.6949526080073791,0.4484012167577676,盤中 tick 才能判斷（本表為收盤後資料；歷史觸發見 Intraday Replay）,NOT_LEADER
2026-10-05,2401,凌陽,STAGE_WATCH,2,21,TAIEX Stage 2,電子工業 Stage 2,-0.011616344801327783,-0.14709602602639693,-0.254159869382266,0.5289367429340511,-0.004848771,False,0.9502204,0.9385591,,0.21097046413502119,1.3118972,0.25833333,2.3885634,3.0,0.24825184,26.65,23.462999999999997,0.11958724202626647,3.8798261704952934,0.035647280514240265,False,0.33771106941838647,0.29808598233589667,0.43983512002487596,盤中 tick 才能判斷（本表為收盤後資料；歷史觸發見 Intraday Replay）,NOT_LEADER
2026-10-05,8016,矽創,STAGE_WATCH,2,23,TAIEX Stage 2,電子工業 Stage 2,-0.07198198692996116,-0.16834612954116657,-0.25316555120044726,0.7537012113055181,0.00032404994,False,0.7263962,0.7249169,,0.23149905123339676,0.66101694,0.025,0.8995748,2.0,0.21509682,293.5,268.7849999999999,0.08420783645655916,4.839300640333514,0.014261210337281227,False,0.2827938671209531,0.16935728237879916,0.4386461634578673,盤中 tick 才能判斷（本表為收盤後資料；歷史觸發見 Intraday Replay）,NOT_LEADER
2026-10-05,3048,益登,STAGE_WATCH,2,22,TAIEX Stage 2,電子通路業 Stage 2,-0.06115018908842407,-0.20191554407459233,-0.18613203324781236,0.6433378196500673,0.005702701,False,1.143593,0.7505584,,0.4074889867841407,1.0517929,0.025,1.8847188,0.0,0.13305911,53.6,48.80699999999999,0.08942164179104495,3.8344000408361225,0.19216418266296387,False,0.5043320532823605,2.1489672836918094,0.43810297076808846,盤中 tick 才能判斷（本表為收盤後資料；歷史觸發見 Intraday Replay）,NOT_LEADER
2026-10-05,2838,聯邦銀,STAGE_WATCH,2,18,TAIEX Stage 2,金融保險 Stage 2,-0.10584272000168216,-0.13194870212798016,-0.20235897565231864,0.3028263795423957,-0.009860031,False,0.2600082,0.0063267406,,0.10886075949367036,0.92105263,0.575,1.019706,3.0,0.2933919,20.2,19.997999999999998,0.01000000000000012,0.518899101051202,0.0445544570684433,False,0.1395906654106711,4.4554457068442765,0.4380563126001449,盤中 tick 才能判斷（本表為收盤後資料；歷史觸發見 Intraday Replay）,NOT_LEADER
2026-10-05,1717,長興,STAGE_WATCH,2,60,TAIEX Stage 2,化學生技醫療 Stage 2,-0.11269678578053632,0.007164454269983134,-0.11435176964302352,0.1601615074024226,-0.0017731242,False,1.3825886,0.81808335,,0.44425675675675613,0.97025174,0.058333334,1.3179833,2.0,0.38638052,74.6,67.419,0.09626005361930301,3.6293861727286596,0.06970509141683578,False,0.2016676450497341,0.7241331039821677,0.43648642644747077,盤中 tick 才能判斷（本表為收盤後資料；歷史觸發見 Intraday Replay）,NOT_LEADER
2026-10-05,8926,台汽電,STAGE_WATCH,2,22,TAIEX Stage 2,油電燃氣業 (n/a),-0.03988134113978248,-0.18901510183535142,-0.3263546087645054,0.6500672947510094,-0.005854093,False,0.6036148,0.034820504,,0.17550274223034723,0.80686694,0.033333335,0.7134915,1.0,0.21007033,59.1,56.034,0.05187817258883254,2.980833257465314,0.01692047342658043,False,0.39424703891708957,0.3261578537217555,0.4362478489908373,盤中 tick 才能判斷（本表為收盤後資料；歷史觸發見 Intraday Replay）,NOT_LEADER
2026-10-05,3030,德律,STAGE_WATCH,2,64,TAIEX Stage 2,電子工業 Stage 2,-0.04316509214055908,-0.08588281570614331,-0.08368829713267645,0.2395693135935397,0.01687608,False,1.2955465,0.7728632,,0.21511627906976716,1.535014,0.24166666,3.07724,2.0,0.14812542,305.5,255.4200000000001,0.16392798690670995,5.818423353746801,0.00327332247979939,False,0.4650904707162937,0.019968051469223556,0.4326125246245625,盤中 tick 才能判斷（本表為收盤後資料；歷史觸發見 Intraday Replay）,NOT_LEADER
2026-10-05,1810,和成,STAGE_WATCH,2,15,TAIEX Stage 2,玻璃陶瓷 (n/a),-0.09655095244720324,-0.15237682447716472,-0.1176472160080334,0.6567967698519516,-0.009137305,False,0.72169614,0.8947377,,0.2393162393162398,1.125,0.016666668,0.9241241,1.0,0.30397102,23.7,23.166,0.022531645569620173,1.1681249861305343,0.06973234564065933,False,0.4409282700421948,3.0948625312427565,0.4311862417989163,盤中 tick 才能判斷（本表為收盤後資料；歷史觸發見 Intraday Replay）,NOT_LEADER
2026-10-05,8081,致新,STAGE_WATCH,2,21,TAIEX Stage 2,電子工業 Stage 2,-0.054229878888554905,-0.1273865985017164,-0.2104918279271054,0.4468371467025572,-0.0035706288,False,0.65873647,0.75490034,,0.13991769547325084,1.0285715,0.025,1.9522157,3.0,0.2416232,259.0,241.065,0.06924710424710423,4.184833455455818,0.062714584171772,False,0.29922779922779896,0.905663635377137,0.43067246185979435,盤中 tick 才能判斷（本表為收盤後資料；歷史觸發見 Intraday Replay）,NOT_LEADER
2026-10-05,2486,一詮,STAGE_WATCH,2,45,TAIEX Stage 2,電子工業 Stage 2,-0.13222050928728035,-0.041121143165338214,-0.0641980422601125,0.5423956931359354,0.004698638,False,1.2021513,1.1489913,,0.5688775510204087,1.0163934,0.008333334,0.84787786,1.0,0.19369349,247.0,225.72000000000003,0.08615384615384603,2.579393884390469,0.1072874516248703,False,0.2850813413337896,1.245300777788675,0.42913590783113664,盤中 tick 才能判斷（本表為收盤後資料；歷史觸發見 Intraday Replay）,NOT_LEADER
2026-10-05,6223,旺矽,STAGE_WATCH,2,67,TAIEX Stage 2,半導體業 Stage 2,0.01010167391553174,-0.24353328706219868,-0.22956323611106433,0.48721399730820997,0.011936212,False,1.6141831,0.9731666,,0.44080338266384755,0.71064466,0.033333335,0.8616446,1.0,0.18135439,5520.0,4945.050000000001,0.10415760869565205,1.825238034096117,0.09782608598470688,False,0.39017700906722164,0.9392120960702367,0.42159238450748837,盤中 tick 才能判斷（本表為收盤後資料；歷史觸發見 Intraday Replay）,NOT_LEADER
2026-10-05,5328,華容,STAGE_WATCH,2,52,TAIEX Stage 2,電子零組件業 Stage 2,-0.09340851656487181,-0.19050429720840922,-0.27293470600326075,0.9165545087483177,0.02810201,False,1.2020175,1.3524388,,0.41453169567976866,1.1904731,0.4,1.4508096,0.0,0.16229624,58.1,50.786999999999985,0.12586919104991423,2.8598323592318873,0.2489754855632782,False,0.5193017001153015,1.9780494614011255,0.42143573608894247,盤中 tick 才能判斷（本表為收盤後資料；歷史觸發見 Intraday Replay）,SECTOR_CONFIRMED
2026-10-05,6830,汎銓,STAGE_WATCH,2,40,TAIEX Stage 2,電子工業 Stage 2,-0.1462742699622782,0.18213092568682887,0.26086744199308987,0.021534320323014805,0.0058689145,False,1.4054681,1.6700524,,0.8393113375701644,0.7078098,0.008333334,1.0044107,0.0,0.10427219,550.0,503.9099999999997,0.08380000000000054,1.5198528176508905,0.1585281491279602,False,0.8073761958997725,1.8917440230066729,0.4202939673113442,盤中 tick 才能判斷（本表為收盤後資料；歷史觸發見 Intraday Replay）,NOT_LEADER
2026-10-05,8271,宇瞻,STAGE_WATCH,2,63,TAIEX Stage 2,電子工業 Stage 2,-0.1600878188066498,-0.30798287256441537,0.020762437247567656,0.5868102288021534,-0.0010399228,False,0.19722508,0.41405016,,0.266497461928934,0.46846846,0.1,0.7922827,1.0,0.13717769,200.5,195.03,0.027281795511222007,1.1261764817401108,0.052667468786239624,False,0.32070779152520434,1.9304986273566767,0.41882870539276285,盤中 tick 才能判斷（本表為收盤後資料；歷史觸發見 Intraday Replay）,NOT_LEADER
2026-10-05,3583,辛耘,STAGE_WATCH,2,30,TAIEX Stage 2,電子工業 Stage 2,-0.08135553465744527,-0.11022579853083014,-0.13039066411692435,0.32570659488559894,0.0032966437,False,1.4328877,1.2980851,,0.30670926517571795,1.0107527,0.025,1.5811186,1.0,0.19858778,744.0,657.36,0.11645161290322581,3.5675294022412696,0.0994623675942421,False,0.3450227995185031,0.8541089738009708,0.418731274238362,盤中 tick 才能判斷（本表為收盤後資料；歷史觸發見 Intraday Replay）,NOT_LEADER
2026-10-05,2382,廣達,STAGE_WATCH,2,27,TAIEX Stage 2,電腦及週邊設備業 Stage 2,-0.09599125095466565,-0.02369727318644954,-0.171504564504245,0.33781965006729475,-0.009880369,False,0.575034,0.7145777,,0.23767605633802802,0.68501526,0.13333334,0.96405697,4.0,0.24267499,331.0,324.7200000000001,0.01897280966767345,0.9990909529697185,0.02135024033486843,False,0.2690819983916206,1.125307253318718,0.41765364113711456,盤中 tick 才能判斷（本表為收盤後資料；歷史觸發見 Intraday Replay）,NOT_LEADER
2026-10-05,8112,至上,STAGE_WATCH,2,48,TAIEX Stage 2,電子通路業 Stage 2,-0.14228163553790774,-0.1747799430279544,-0.1021948518178627,0.3714670255720054,0.0014880471,False,0.7084518,0.5213247,,0.31476683937823813,0.62068963,0.275,0.91050255,2.0,0.22152174,84.1,81.08099999999997,0.03589774078478014,2.658239023795911,0.014006375335156918,False,0.2068965517241368,0.3901742847587588,0.41441286295059465,盤中 tick 才能判斷（本表為收盤後資料；歷史觸發見 Intraday Replay）,NOT_LEADER
2026-10-05,5534,長虹,STAGE_WATCH,1,73,TAIEX Stage 2,建材營造 Stage 1,-0.14671413782579257,-0.13464531451360462,-0.11930692372610119,0.15074024226110364,-0.009239165,False,0.12587206,0.0994017,73.0,0.09957924263674633,0.7407407,0.55,3.650877,11.0,0.73798627,71.8,70.587,0.01689415041782727,1.1172368526641336,0.02094266749918461,False,0.1417148307765954,1.239640170190814,0.4139899205094892,盤中 tick 才能判斷（本表為收盤後資料；歷史觸發見 Intraday Replay）,NOT_LEADER
2026-10-05,6121,新普,STAGE_WATCH,2,9,TAIEX Stage 2,電腦及週邊設備業 Stage 2,-0.1157366305207137,-0.1157815819123329,-0.20168432959749538,0.3916554508748318,-0.0032730773,False,0.7615071,0.37192026,,0.25894134477825514,0.8389513,0.033333335,0.84076196,5.0,0.31030005,382.0,366.3,0.041099476439790505,2.7999999541303238,0.0005537355900742114,False,0.23884866452615983,0.013473057032378924,0.4127815590307449,盤中 tick 才能判斷（本表為收盤後資料；歷史觸發見 Intraday Replay）,NOT_LEADER
2026-10-05,4763,材料*-KY,STAGE_WATCH,1,8,TAIEX Stage 2,化學生技醫療 Stage 2,-0.07614843129918958,-0.12298633109560198,-0.07494754942442872,0.4522207267833109,-0.014349451,False,0.4860652,0.62668395,8.0,0.28943762392162786,0.8836791,0.3,0.70118654,5.0,0.3888034,46.35,43.950443206783866,0.051770373100671674,1.2088122125204472,0.0588422529399395,False,0.3013252345679027,1.1366009054158444,0.4103936511456515,盤中 tick 才能判斷（本表為收盤後資料；歷史觸發見 Intraday Replay）,NOT_LEADER
2026-10-05,8121,越峰,STAGE_WATCH,2,2,TAIEX Stage 2,電子零組件業 Stage 2,0.1263773529531691,-0.010508746187828155,-0.363946785400064,0.5720053835800808,-0.00746442,False,1.553326,0.6236206,,0.375,1.8294574,0.575,2.1150534,5.0,0.17658575,32.5,25.740000000000002,0.20799999999999996,4.627872761283803,8.881784197001252e-16,False,0.7600000000000002,4.270088556250603e-15,0.4091966891800289,盤中 tick 才能判斷（本表為收盤後資料；歷史觸發見 Intraday Replay）,NOT_LEADER
2026-10-05,2352,佳世達,STAGE_WATCH,2,15,TAIEX Stage 2,電子工業 Stage 2,-0.06826147876299204,-0.11451542991934072,-0.21677777854190106,0.5100942126514132,-0.0096069705,False,0.69554985,0.25623298,,0.11666666666666692,1.0676692,0.008333334,1.0886847,4.0,0.35917065,28.95,27.918,0.03564766839378242,1.5452406209772795,0.016894830390810966,False,0.2126397485279401,0.4739392827654816,0.40867280280688556,盤中 tick 才能判斷（本表為收盤後資料；歷史觸發見 Intraday Replay）,NOT_LEADER
2026-10-05,2348,海悅,STAGE_WATCH,1,10,TAIEX Stage 2,其他 Stage 2,-0.10092858957800421,-0.11541341842508812,-0.053032501875373894,0.24091520861372812,-0.008335132,False,0.47507337,0.14172661,10.0,0.23166516498611522,0.516129,0.225,1.1118563,7.0,0.46195656,69.9,68.40900000000002,0.021330472103004094,0.9488182167500452,0.015469389967620373,False,0.14256193956186047,0.7252249220232556,0.408610843202921,盤中 tick 才能判斷（本表為收盤後資料；歷史觸發見 Intraday Replay）,NOT_LEADER
2026-10-05,2353,宏碁,STAGE_WATCH,2,19,TAIEX Stage 2,電子工業 Stage 2,-0.0792509524472027,-0.07305709658600779,-0.11483614647204943,0.46837146702557203,-0.007324948,False,0.49530974,0.634475,,0.1752212389380532,0.63221884,0.008333334,0.7576152,10.0,0.1855443,31.4,30.44249999999999,0.03049363057324872,1.3819588373309923,0.005059530027210712,False,0.36060123484692785,0.1659208802657073,0.4078999472280634,盤中 tick 才能判斷（本表為收盤後資料；歷史觸發見 Intraday Replay）,NOT_LEADER
2026-10-05,6525,捷敏-KY,STAGE_WATCH,2,60,TAIEX Stage 2,半導體業 Stage 2,-0.05084062034388204,-0.11252951864835814,-0.3834547814425676,0.8156123822341858,0.0024927882,False,1.761542,0.90436286,,0.3277310924369752,1.0,0.1,3.045853,2.0,0.24338098,140.0,117.81,0.15849999999999997,4.142133541582256,0.12857143580913544,False,0.5785714285714285,0.8111762511617379,0.4077668499505952,盤中 tick 才能判斷（本表為收盤後資料；歷史觸發見 Intraday Replay）,SECTOR_CONFIRMED
2026-10-05,6962,奕力-KY,STAGE_WATCH,1,1,TAIEX Stage 2,電子工業 Stage 2,-0.018013216598146142,-0.038384050334014264,-0.14568511991773792,0.3041722745625841,0.004939546,False,0.730664,0.8737291,1.0,0.17200674536256289,1.2747253,0.175,2.1881356,2.0,0.5017657,33.9,29.79899999999999,0.12097345132743387,6.107872519648549,0.025073746219277382,False,0.35755833001835224,0.20726651958875922,0.40602806428379584,盤中 tick 才能判斷（本表為收盤後資料；歷史觸發見 Intraday Replay）,NOT_LEADER
2026-10-05,2328,廣宇,STAGE_WATCH,1,21,TAIEX Stage 2,電子零組件業 Stage 2,-0.029465799608775045,-0.048770326445579215,-0.09823132536998391,0.3781965006729475,-0.0032304693,False,0.76157284,0.86613303,21.0,0.20246913580246928,0.72820514,0.13333334,1.7907238,4.0,0.5760527,48.3,44.40149999999999,0.08071428571428585,4.150494415725069,0.00828157365322113,False,0.3107501177808871,0.10260356738504038,0.40535895169082653,盤中 tick 才能判斷（本表為收盤後資料；歷史觸發見 Intraday Replay）,NOT_LEADER
2026-10-05,7749,意騰-KY,STAGE_WATCH,1,1,TAIEX Stage 2,電子工業 Stage 2,0.01361067066146271,0.028477675596246366,-0.09145843213100635,0.351278600269179,-0.0065108775,False,0.85688096,0.6677456,1.0,0.2919937205651493,0.9261477,0.45833334,0.9832115,3.0,0.3060687,399.0,333.63,0.16383458646616544,4.867978785167662,0.12088200449943542,False,0.3720085758321032,0.7378295823049522,0.4036940285868901,盤中 tick 才能判斷（本表為收盤後資料；歷史觸發見 Intraday Replay）,NOT_LEADER
2026-10-05,3033,威健,STAGE_WATCH,2,23,TAIEX Stage 2,電子通路業 Stage 2,-0.12368855154120029,-0.23362135990889155,-0.1963629051611575,0.5558546433378196,-0.004911354,False,0.8615069,0.41085547,,0.3118012422360248,0.72131145,0.06666667,0.77077377,0.0,0.34618455,42.4,39.84749999999998,0.0602004716981136,3.1209607728863085,0.1862119883298874,False,0.344675409385226,3.093198160700166,0.4033808338349904,盤中 tick 才能判斷（本表為收盤後資料；歷史觸發見 Intraday Replay）,NOT_LEADER
2026-10-05,3357,臺慶科,STAGE_WATCH,2,55,TAIEX Stage 2,電子零組件業 Stage 2,-0.010159326831439053,-0.08162852515743602,-0.28550178114697167,0.6460296096904441,0.011409614,False,1.311516,1.4574307,,0.3033419023136241,1.0434783,0.05,2.135711,0.0,0.08358167,218.0,192.555,0.11672018348623847,3.527029834157408,0.16284403204917908,False,0.6752926002356459,1.3951660045871903,0.4018420862834863,盤中 tick 才能判斷（本表為收盤後資料；歷史觸發見 Intraday Replay）,NOT_LEADER
2026-10-05,1210,大成,STAGE_WATCH,1,29,TAIEX Stage 2,食品工業 (n/a),-0.08791195630820614,-0.1312180161262373,-0.12800019130239648,0.2193808882907133,-0.0074218796,False,0.098642826,-0.052346665,29.0,0.06066536203522488,0.88495576,0.06666667,1.2036911,7.0,0.3989413,51.6,50.589000000000006,0.019593023255813913,1.791645543116353,0.022475603967905045,False,0.09593023627678199,1.1471228137921887,0.39854894275601643,盤中 tick 才能判斷（本表為收盤後資料；歷史觸發見 Intraday Replay）,NOT_LEADER
2026-10-05,3019,亞光,STAGE_WATCH,1,21,TAIEX Stage 2,電子工業 Stage 2,-0.0945404629367137,-0.0436781358762488,-0.11111030041674919,0.43337819650067294,0.0047971,False,0.6603085,0.70249325,21.0,0.283464566929134,0.6708075,0.016666668,0.9996005,6.0,0.6406009,141.5,129.69000000000003,0.0834628975265016,3.306799882394895,0.022151196375489235,False,0.1799329325043617,0.26540171779269545,0.39819495319079834,盤中 tick 才能判斷（本表為收盤後資料；歷史觸發見 Intraday Replay）,NOT_LEADER
2026-10-05,3228,金麗科,STAGE_WATCH,2,23,TAIEX Stage 2,半導體業 Stage 2,-0.07820299923082841,0.05433767019442515,-0.12875509918728,0.5477792732166891,-0.021354996,False,1.0765833,1.1344389,,0.3925925925925935,1.2137932,0.05,1.13507,3.0,0.2407155,172.0,158.39999999999995,0.07906976744186067,1.822009520190955,0.023255813866853714,False,0.5232558139534882,0.29411764596314915,0.39662042783328155,盤中 tick 才能判斷（本表為收盤後資料；歷史觸發見 Intraday Replay）,NOT_LEADER
2026-10-05,6279,胡連,STAGE_WATCH,1,14,TAIEX Stage 2,電子零組件業 Stage 2,-0.09676281685398125,-0.1091539489955784,-0.10492670149380734,0.4427994616419919,0.0053509027,False,0.35325864,0.23764281,14.0,0.13933429013985932,1.2839506,0.15,0.9946207,12.0,0.4927414,116.5,108.8999999999999,0.06523605150214662,3.7999998529567396,0.031925737857818604,False,0.17430976074123206,0.4893879553205036,0.39653906680767337,盤中 tick 才能判斷（本表為收盤後資料；歷史觸發見 Intraday Replay）,NOT_LEADER
2026-10-05,2812,台中銀,STAGE_WATCH,1,15,TAIEX Stage 2,金融保險 Stage 2,-0.13032344602046764,-0.11702106054997197,-0.10765890138303669,0.19784656796769853,-0.008368427,False,-0.18274657,-0.096061654,15.0,0.07065217391304368,0.7567568,0.5083333,1.832847,8.0,0.7047923,18.55,18.315,0.012668463611859915,1.012307700659717,0.031037306413054466,False,0.11771318095560557,2.449966101966625,0.39604058394195746,盤中 tick 才能判斷（本表為收盤後資料；歷史觸發見 Intraday Replay）,NOT_LEADER
2026-10-05,7750,新代,STAGE_WATCH,2,35,TAIEX Stage 2,電機機械 Stage 2,-0.14314186153811226,-0.24445949263956723,-0.09178006168995911,0.5827725437415882,0.012305115,False,1.2195846,1.5949452,,0.382749326145553,0.7830688,0.59166664,1.3872565,0.0,0.18816884,2070.0,1836.4500000000005,0.11282608695652152,2.9997246760691088,0.15942029654979706,False,0.483091787439615,1.4129737266456028,0.3935823027135169,盤中 tick 才能判斷（本表為收盤後資料；歷史觸發見 Intraday Replay）,NOT_LEADER
2026-10-05,3028,增你強,STAGE_WATCH,2,48,TAIEX Stage 2,電子通路業 Stage 2,-0.09342595244720264,-0.24644552633807382,-0.21499729081511143,0.3997308209959623,-0.0043158503,False,0.6354395,0.7633008,,0.2016528925619836,0.90756303,0.008333334,1.9221933,1.0,0.14178592,63.4,59.89499999999999,0.05528391167192437,3.1658065362998897,0.14668770134449005,False,0.3201605506648908,2.6533524294552513,0.39325060087605845,盤中 tick 才能判斷（本表為收盤後資料；歷史觸發見 Intraday Replay）,NOT_LEADER
2026-10-05,3032,偉訓,STAGE_WATCH,1,14,TAIEX Stage 2,電子工業 Stage 2,-0.07770577478222807,-0.18015030353703454,-0.04079822690205481,0.5531628532974427,-0.004286201,False,0.84311754,1.0264773,14.0,0.2603719599427752,0.6486486,0.475,0.99271065,6.0,0.3871985,79.3,69.201,0.12735182849936955,3.7206843745934166,0.0063051702454686165,False,0.3240857503152579,0.04950985250674929,0.3928089977853447,盤中 tick 才能判斷（本表為收盤後資料；歷史觸發見 Intraday Replay）,NOT_LEADER
2026-10-05,2489,瑞軒,STAGE_WATCH,2,38,TAIEX Stage 2,電子工業 Stage 2,-0.09627589132250824,0.15472418627413975,-0.041694232254194,0.0901749663526245,-0.014852501,False,1.392651,1.1776206,,0.730038022813688,0.7434053,0.016666668,0.55904216,2.0,0.4255356,40.4,35.838,0.11292079207920791,2.0275556057577564,0.11386138945817947,False,0.39183011907041765,1.0083297093622208,0.39263790125828113,盤中 tick 才能判斷（本表為收盤後資料；歷史觸發見 Intraday Replay）,NOT_LEADER
2026-10-05,3260,威剛,STAGE_WATCH,2,70,TAIEX Stage 2,半導體業 Stage 2,-0.06776467720756862,-0.16620101242308516,-0.09332613507976428,0.3620457604306864,-0.0047608977,False,0.2329877,0.4376767,,0.22533333317931836,0.59894675,0.008333334,0.83608615,2.0,0.2552381,378.0,358.9009166837838,0.05052667543972533,2.232773339287605,0.08859987556934357,False,0.2853948219620104,1.7535267222367876,0.39053473340469524,盤中 tick 才能判斷（本表為收盤後資料；歷史觸發見 Intraday Replay）,NOT_LEADER
2026-10-05,3577,泓格,STAGE_WATCH,2,24,TAIEX Stage 2,電腦及週邊設備業 Stage 2,-0.0612199022188924,-0.30812956035412375,-0.1471667908222184,0.7254374158815612,-0.029558424,False,0.8587806,0.25422215,,0.4029126213592231,1.2571429,0.083333336,1.0424291,0.0,0.22722924,112.0,101.97000000000003,0.08955357142857123,2.3800000542858113,0.5257244110107422,False,0.5714285714285712,5.8705018976274435,0.38937215931593083,盤中 tick 才能判斷（本表為收盤後資料；歷史觸發見 Intraday Replay）,NOT_LEADER
2026-10-05,2388,威盛,STAGE_WATCH,2,24,TAIEX Stage 2,電子工業 Stage 2,-0.12671761911386925,-0.2154416473836568,-0.12061974488697691,0.5679676985195155,-0.00019104363,False,0.87170976,0.62931454,,0.22046109510086453,0.75838923,0.275,0.61867005,3.0,0.44441038,71.8,68.70599999999999,0.043091922005571104,1.2702639708808607,0.07667621225118637,False,0.27080666869570424,1.7793639429977932,0.388913551624281,盤中 tick 才能判斷（本表為收盤後資料；歷史觸發見 Intraday Replay）,NOT_LEADER
2026-10-05,2324,仁寶,STAGE_WATCH,2,19,TAIEX Stage 2,電腦及週邊設備業 Stage 2,-0.16017998470526695,-0.15993824046447014,-0.07852166515691406,0.5047106325706595,-0.005328474,False,0.27554664,0.55689263,,0.30101302460202617,0.8382688,0.45,0.9420088,8.0,0.32257223,35.8,35.442,0.010000000000000009,0.4142148848853248,0.013241413980722427,False,0.333798882681565,1.3241413980722416,0.3856525535895344,盤中 tick 才能判斷（本表為收盤後資料；歷史觸發見 Intraday Replay）,NOT_LEADER
2026-10-05,8464,億豐,STAGE_WATCH,1,17,TAIEX Stage 2,居家生活 (n/a),-0.09765639462407383,-0.17077088367152315,-0.07722306576109728,0.20861372812920592,-0.013035424,False,0.076837644,-0.3077543,17.0,0.12517385257301816,0.6099707,0.14166667,0.3213571,9.0,0.54775786,362.5,356.40000000000003,0.016827586206896505,0.8094786356621523,0.02902842126786709,False,0.15779958614229295,1.7250496245248932,0.3855905503594193,盤中 tick 才能判斷（本表為收盤後資料；歷史觸發見 Intraday Replay）,NOT_LEADER
2026-10-05,3645,達邁,STAGE_WATCH,2,26,TAIEX Stage 2,電子工業 Stage 2,-0.0029698713661214793,-0.023042666571577275,-0.16943668575552373,0.08344549125168237,-0.0026560817,False,1.3114499,0.8592391,,0.23885350318471366,0.9509434,0.09166667,2.6060493,4.0,0.18193236,76.0,66.13199999999998,0.1298421052631582,3.9025990028560527,0.02368421107530594,False,0.5745531268197079,0.18240778696019933,0.3848276895316731,盤中 tick 才能判斷（本表為收盤後資料；歷史觸發見 Intraday Replay）,NOT_LEADER
2026-10-05,3430,奇鈦科,STAGE_WATCH,2,53,TAIEX Stage 2,化學工業 Stage 2,-0.012960905053837513,-0.1455858322181912,-0.20346963286936504,0.6944818304172274,-0.0085865045,False,0.6842438,1.2608498,,0.3197424892703866,0.88535756,0.108333334,1.0045428,1.0,0.124644734,113.0,98.90099999999998,0.12476991150442496,3.4873850321391275,0.08849557489156723,False,0.6519014550772451,0.7092701583620883,0.38405666537864824,盤中 tick 才能判斷（本表為收盤後資料；歷史觸發見 Intraday Replay）,NOT_LEADER
2026-10-05,6739,竹陞科技,STAGE_WATCH,2,74,TAIEX Stage 2,其他電子業 Stage 2,-0.03753932454022535,-0.11075515338720288,-0.07345885586875212,0.03230148048452221,-0.00079037837,False,1.7582388,0.6918428,,0.6666666666666663,0.7972973,0.21666667,0.84882987,0.0,0.19101283,1125.0,1034.5499999999995,0.08040000000000025,1.3400000184548702,0.2177777737379074,False,0.5459555554723825,2.708678777834661,0.3831838003399315,盤中 tick 才能判斷（本表為收盤後資料；歷史觸發見 Intraday Replay）,NOT_LEADER
2026-10-05,1216,統一,STAGE_WATCH,1,22,TAIEX Stage 2,食品工業 (n/a),-0.12241074080699121,-0.12383335229377046,-0.12513692804830778,0.29878869448183043,-0.010533625,False,-0.17457512,-0.20656076,22.0,0.08563535911602194,0.96629214,0.20833333,1.1291838,15.0,0.51483727,72.7,71.874,0.011361760660247744,0.9968965425993228,0.0017830057768151164,False,0.08115543328748287,0.1569304115913526,0.38269414827959664,盤中 tick 才能判斷（本表為收盤後資料；歷史觸發見 Intraday Replay）,NOT_LEADER
2026-10-05,6265,方土昶,STAGE_WATCH,2,51,TAIEX Stage 2,電子通路業 Stage 2,-0.17739660863943973,-0.2230144396694933,-0.12520766349991286,0.47240915208613726,0.0067406693,False,1.3744571,0.6163932,,0.6634382566585957,0.8499336,0.19166666,0.967995,2.0,0.16427141,49.05,46.332000000000015,0.055412844036696884,1.7102022288654233,0.03363914415240288,False,0.4006116207951067,0.6070640252668771,0.38184368614167685,盤中 tick 才能判斷（本表為收盤後資料；歷史觸發見 Intraday Replay）,NOT_LEADER
2026-10-05,3388,崇越電,STAGE_WATCH,2,26,TAIEX Stage 2,電子零組件業 Stage 2,-0.12268731608356664,0.032864792605636683,-0.025491817312002008,0.4616419919246299,0.0010211624,False,0.42752156,0.71480346,,0.42454160789844875,1.1058315,0.041666668,1.0511801,1.0,0.3774553,84.6,79.00200000000001,0.06617021276595725,2.7212499665471452,0.09219858050346375,False,0.4981091625347802,1.3933547535893276,0.37998894652950393,盤中 tick 才能判斷（本表為收盤後資料；歷史觸發見 Intraday Replay）,NOT_LEADER
2026-10-05,8936,國統,STAGE_WATCH,1,67,TAIEX Stage 2,其他 Stage 2,-0.028384948471059435,-0.1044273961398634,-0.1404483052111425,0.3135935397039031,-0.0056820875,False,0.45727706,0.2260427,67.0,0.07444668008048283,1.2352941,0.33333334,1.6371562,12.0,0.60150284,53.1,49.49999999999999,0.06779661016949168,4.941176544284762,0.008264962583780289,False,0.3050847457627104,0.12190819811075898,0.3797151645144753,盤中 tick 才能判斷（本表為收盤後資料；歷史觸發見 Intraday Replay）,NOT_LEADER
2026-10-05,6175,立敦,STAGE_WATCH,2,45,TAIEX Stage 2,電子零組件業 Stage 2,0.0010861326898825574,-0.1418303952422718,-0.37102392467743994,0.5921938088829072,0.01595943,False,1.4863843,0.7761896,,0.24629080118694358,1.4152542,0.175,2.7004917,1.0,0.05372935,75.2,66.72600000000001,0.11268617021276572,3.584169266109401,0.11702127754688263,False,0.605608217400238,1.038470624442482,0.37959200091147244,盤中 tick 才能判斷（本表為收盤後資料；歷史觸發見 Intraday Replay）,NOT_LEADER
2026-10-05,2542,興富發,STAGE_WATCH,2,18,TAIEX Stage 2,建材營造 Stage 1,-0.22645807074309166,-0.17364907561645115,-0.1278483689665536,0.40915208613728127,-0.0017799478,False,0.07674588,0.1724344,,0.17598866425798065,0.76522696,0.875,0.89127,9.0,0.5440282,38.05,37.62,0.01130091984231274,0.38737943832488325,0.0041980925016105175,False,0.174443344068417,0.37148237136344253,0.37832113275683643,盤中 tick 才能判斷（本表為收盤後資料；歷史觸發見 Intraday Replay）,NOT_LEADER
2026-10-05,6415,矽力*-KY,STAGE_WATCH,2,25,TAIEX Stage 2,電子工業 Stage 2,-0.008625161692944472,-0.12646533628638157,-0.2847945109430646,0.7913862718707941,0.010831356,False,1.5521063,1.3534547,,0.3272727272727267,0.8596491,0.041666668,1.0480988,8.0,0.13437928,442.0,381.14999999999986,0.13766968325791884,3.491393451999542,0.009282161481678486,False,0.570135746606335,0.06742342440266035,0.3780447549858539,盤中 tick 才能判斷（本表為收盤後資料；歷史觸發見 Intraday Replay）,NOT_LEADER
2026-10-05,3587,閎康,STAGE_WATCH,2,30,TAIEX Stage 2,其他電子業 Stage 2,-0.051986824190690006,-0.1553042875972438,-0.17488244098493855,0.06729475100942127,0.010954612,False,0.7235216,0.87722075,,0.24235807860262026,1.0142857,0.09166667,3.630901,7.0,0.09118838,257.5,226.71000000000004,0.11957281553398058,4.898409202688499,0.01159373763948679,False,0.5242399458664329,0.09695964411068037,0.3766694484445262,盤中 tick 才能判斷（本表為收盤後資料；歷史觸發見 Intraday Replay）,NOT_LEADER
2026-10-05,3704,合勤控,STAGE_WATCH,2,21,TAIEX Stage 2,電子工業 Stage 2,-0.08280095244720309,-0.27210471563362704,-0.20384116761820925,0.3674293405114401,-0.009081129,False,0.592183,0.5927916,,0.2972972972972976,0.587234,0.008333334,0.52306175,9.0,0.21091777,40.05,38.461499999999994,0.03966292134831462,1.3727778441780354,0.0026205347385257483,False,0.27246161081344544,0.06607013929994095,0.3758098501181719,盤中 tick 才能判斷（本表為收盤後資料；歷史觸發見 Intraday Replay）,NOT_LEADER
2026-10-05,6138,茂達,STAGE_WATCH,2,60,TAIEX Stage 2,半導體業 Stage 2,-0.05726523816148821,-0.12318996775874003,-0.2862622902147932,0.6312247644683715,0.0012069448,False,0.9856644,1.1947631,,0.2068965517241379,1.0223643,0.083333336,2.7150416,1.0,0.18715301,287.5,258.38999999999993,0.10125217391304364,3.862938300382857,0.09565217047929764,False,0.4686963873826082,0.9446925116041919,0.3744536492131875,盤中 tick 才能判斷（本表為收盤後資料；歷史觸發見 Intraday Replay）,NOT_LEADER
2026-10-05,6913,鴻呈,STAGE_WATCH,2,10,TAIEX Stage 2,電子零組件業 Stage 2,-0.2115677309706928,-0.18447196469152338,-0.051115795677086684,0.29475100942126514,0.0017503905,False,0.97905475,0.22558895,,0.40248962655601694,0.50666666,0.39166668,0.4919968,8.0,0.4828492,130.0,121.275,0.06711538461538447,3.4408449678287836,0.00924637634307146,False,0.3000000000000005,0.13776835812026275,0.37342349445151274,盤中 tick 才能判斷（本表為收盤後資料；歷史觸發見 Intraday Replay）,NOT_LEADER
2026-10-05,8043,蜜望實,STAGE_WATCH,2,53,TAIEX Stage 2,電子零組件業 Stage 2,-0.04715058344351308,-0.0721758544505704,-0.29692226822858125,0.8209959623149394,0.0163479,False,1.9073734,1.2030045,,0.2960000047059046,0.9767442,0.05,1.1360728,2.0,0.08838512,140.5,127.21500000000002,0.09455516014234866,2.3394968956400173,0.11032028496265411,False,0.6935493414563263,1.1667293968575776,0.3732766165456294,盤中 tick 才能判斷（本表為收盤後資料；歷史觸發見 Intraday Replay）,SECTOR_CONFIRMED
2026-10-05,2105,正新,STAGE_WATCH,1,19,TAIEX Stage 2,橡膠工業 (n/a),-0.10196626189345714,-0.14714311809138392,-0.15063696565555784,0.2126514131897712,-0.006607448,False,0.058922842,-0.22111551,19.0,0.08557046979865746,1.1891892,0.008333334,1.0694662,7.0,0.45042238,30.15,29.501999999999995,0.021492537313432925,1.8143999792334022,0.011369261890649796,False,0.16841417795062963,0.5289864907455092,0.37302990455697654,盤中 tick 才能判斷（本表為收盤後資料；歷史觸發見 Intraday Replay）,NOT_LEADER
2026-10-05,3003,健和興,STAGE_WATCH,2,22,TAIEX Stage 2,電子零組件業 Stage 2,-0.16967786376218807,-0.13617113167372707,-0.17372578571861708,0.4037685060565276,-0.0074086078,False,1.2106285,0.27685723,,0.40419696726145005,0.6315789,0.15,0.8573491,5.0,0.45698288,59.8,54.945000000000014,0.0811872909698994,3.9289018725371547,0.09663864970207214,False,0.2374581939799334,1.1903174566805217,0.37266653624192714,盤中 tick 才能判斷（本表為收盤後資料；歷史觸發見 Intraday Replay）,NOT_LEADER
2026-10-05,2478,大毅,STAGE_WATCH,2,54,TAIEX Stage 2,電子工業 Stage 2,0.02075254100257795,-0.0785714998781899,-0.38026845876774173,0.8788694481830417,0.01339124,False,1.5976114,1.6632621,,0.31162790697674403,1.0091743,0.033333335,1.7971427,1.0,0.10573348,126.5,112.86000000000004,0.1078260869565214,2.767536265327244,0.1146245077252388,False,1.0052628093942477,1.06304987003246,0.37249844206654004,盤中 tick 才能判斷（本表為收盤後資料；歷史觸發見 Intraday Replay）,SECTOR_CONFIRMED
2026-10-05,6829,千附精密,STAGE_WATCH,2,26,TAIEX Stage 2,電機機械 Stage 2,-0.1942021403521702,-0.06870335508940895,-0.13326866567856255,0.7456258411843876,0.000935821,False,0.966522,1.5537583,,0.586826347305389,0.32579187,0.425,0.48762566,0.0,0.34682927,206.0,200.475,0.026820388349514612,0.6755458364803121,0.19322018325328827,False,0.37220321073732787,7.204227647090916,0.37049944211751284,盤中 tick 才能判斷（本表為收盤後資料；歷史觸發見 Intraday Replay）,NOT_LEADER
2026-10-05,9941,裕融,STAGE_WATCH,1,9,TAIEX Stage 2,其他 Stage 2,-0.14585564960418618,-0.12427570198154714,-0.08046377292362705,0.34185733512786004,-0.011962811,False,-0.023381637,0.054459326,9.0,0.10092961487383723,1.0247934,0.60833335,2.006732,3.0,0.41340238,75.9,74.54700000000001,0.01782608695652177,1.0641572674036983,0.03891711309552193,False,0.25111624980237135,2.1831551248707384,0.3676871451481639,盤中 tick 才能判斷（本表為收盤後資料；歷史觸發見 Intraday Replay）,NOT_LEADER
2026-10-05,3661,世芯-KY,STAGE_WATCH,2,6,TAIEX Stage 2,電子工業 Stage 2,-0.10874231047189409,-0.03205895982043261,-0.10767269386178369,0.5572005383580081,0.0112791695,False,2.2173197,1.5224295,,0.4852459017771864,0.6648501,0.36666667,1.3096881,4.0,0.20338453,3950.0,3227.4000000000005,0.1829367088607593,4.476283101133624,0.0927305817604065,False,0.41678171594650504,0.5068998034232024,0.36723896672404904,盤中 tick 才能判斷（本表為收盤後資料；歷史觸發見 Intraday Replay）,NOT_LEADER
2026-10-05,6689,伊雲谷,STAGE_WATCH,1,19,TAIEX Stage 2,其他電子業 Stage 2,-0.04622200507878227,-0.08699053903008913,-0.060083103066818966,0.11843876177658143,-0.012971291,False,0.23141162,0.18751518,19.0,0.30366492146596813,0.47010309,0.55833334,0.28806707,4.0,0.5255026,63.1,59.40000000000002,0.05863708399366063,1.3631578907925184,0.009031406603753567,False,0.35507252408020995,0.15402209640455466,0.36682081705183583,盤中 tick 才能判斷（本表為收盤後資料；歷史觸發見 Intraday Replay）,NOT_LEADER
2026-10-05,8155,博智,STAGE_WATCH,2,60,TAIEX Stage 2,電子零組件業 Stage 2,-0.1372118719874328,-0.042926377631759216,-0.1522205963326202,0.31763122476446837,0.013326967,False,1.7658347,1.1830395,,0.3761467889908263,1.2808219,0.058333334,1.3165308,2.0,0.115132235,329.5,298.97999999999996,0.09262518968133537,1.9160537471569337,0.13808801770210266,False,0.43528544876322517,1.490825748127222,0.3662118588127241,盤中 tick 才能判斷（本表為收盤後資料；歷史觸發見 Intraday Replay）,NOT_LEADER
2026-10-05,5871,中租-KY,STAGE_WATCH,2,18,TAIEX Stage 2,其他 Stage 2,-0.13786261164002767,-0.15183385499579316,-0.10796539684820838,0.2691790040376851,-0.0069223545,False,0.043253828,-0.022526652,,0.1137440758293835,0.7887324,0.5416667,0.605541,11.0,0.43968254,105.5,104.44500000000001,0.009999999999999898,0.6154166492334816,0.002638318808749318,False,0.1137440758293835,0.26383188087493453,0.3631231107804598,盤中 tick 才能判斷（本表為收盤後資料；歷史觸發見 Intraday Replay）,NOT_LEADER
2026-10-05,4960,誠美材,STAGE_WATCH,2,31,TAIEX Stage 2,光電業 Stage 2,0.06979520139895157,0.025860962284319333,-0.08278826896385527,0.16823687752355315,-0.012380351,False,0.9952998,1.2700797,,0.3486486486486491,1.0736341,0.49166667,1.053549,2.0,0.19210827,24.0,19.30499999999999,0.1956250000000005,3.7775862526802713,0.1458333283662796,False,0.9999999999999989,0.7454738830225136,0.3611616930150293,盤中 tick 才能判斷（本表為收盤後資料；歷史觸發見 Intraday Replay）,NOT_LEADER
2026-10-05,5522,遠雄,STAGE_WATCH,1,7,TAIEX Stage 2,建材營造 Stage 1,-0.14204468285472605,-0.1777174936601975,-0.14790986938226613,0.13458950201884254,-0.0071195145,False,0.0051484234,-0.025873868,7.0,0.08999999999999986,0.5940594,0.375,1.272391,8.0,0.5377988,60.1,59.399999999999984,0.011647254575707477,0.6666666837103424,0.0016496757743880153,False,0.28862153090682185,0.14163644862959568,0.359794339520935,盤中 tick 才能判斷（本表為收盤後資料；歷史觸發見 Intraday Replay）,NOT_LEADER
2026-10-05,4973,廣穎,STAGE_WATCH,2,49,TAIEX Stage 2,半導體業 Stage 2,-0.14207143026290214,-0.27049299402190496,-0.21078189319179008,0.8250336473755047,0.0022696012,False,0.9790109,0.81588215,,0.3112840466926068,0.8,0.09166667,0.75039494,0.0,0.065877125,138.0,131.17499999999998,0.04945652173913051,2.011578870710317,0.22101449966430664,False,0.5869565217391308,4.468864608596963,0.3576532491997786,盤中 tick 才能判斷（本表為收盤後資料；歷史觸發見 Intraday Replay）,SECTOR_CONFIRMED
2026-10-05,3131,弘塑,STAGE_WATCH,2,32,TAIEX Stage 2,其他電子業 Stage 2,-0.014283510586738046,-0.058927117550368724,-0.2584950239331839,0.02557200538358008,-0.0061182664,False,1.5780815,1.288989,,0.2737819025522039,1.0739299,0.06666667,1.2622628,2.0,0.10197749,2530.0,2227.5,0.11956521739130421,2.7770491195168674,0.07905138283967972,False,0.569919918463204,0.6611570201136857,0.3557794877134713,盤中 tick 才能判斷（本表為收盤後資料；歷史觸發見 Intraday Replay）,NOT_LEADER
2026-10-05,4147,中裕,STAGE_WATCH,1,14,TAIEX Stage 2,生技醫療業 Stage 1,-0.13468386383960773,-0.09408273761164843,-0.2395147422636218,0.38492597577388965,-0.020247187,False,0.49677745,0.39111847,14.0,0.2783882783882785,0.9072165,0.175,1.0926217,1.0,0.38040173,60.0,58.21199999999999,0.02980000000000027,0.9627692101341997,0.06666667014360428,False,0.2799999999999987,2.237136582000123,0.35462111395047546,盤中 tick 才能判斷（本表為收盤後資料；歷史觸發見 Intraday Replay）,NOT_LEADER
2026-10-05,5471,松翰,STAGE_WATCH,2,34,TAIEX Stage 2,半導體業 Stage 2,-0.20592073541882228,-0.15281199854679173,-0.2403038185829739,0.5773889636608345,-0.00072231423,False,0.95477897,0.9983381,,0.2685370741482964,0.8372093,0.36666667,0.7641084,4.0,0.38051757,52.6,49.401,0.06081749049429641,2.714302984138807,0.021779416128993034,False,0.2975197426147995,0.3581110623273013,0.3537795541648237,盤中 tick 才能判斷（本表為收盤後資料；歷史觸發見 Intraday Replay）,NOT_LEADER
2026-10-05,7769,鴻勁,STAGE_WATCH,2,71,TAIEX Stage 2,半導體業 Stage 2,-0.09342062876747514,-0.2216542651831761,-0.11439491703199978,0.6917900403768507,0.011726296,False,1.45442,1.3272356,,0.33085501858736066,0.6775148,0.71666664,0.7279974,0.0,0.15012445,5815.0,5326.199999999999,0.08405846947549467,1.6351732907730858,0.19690455496311188,False,0.4374363331046647,2.342471332059108,0.35310254960123166,盤中 tick 才能判斷（本表為收盤後資料；歷史觸發見 Intraday Replay）,NOT_LEADER
2026-10-05,2345,智邦,STAGE_WATCH,2,74,TAIEX Stage 2,電子工業 Stage 2,-0.09122798594002612,-0.2587279126302674,-0.22095795842083843,0.41722745625841184,0.033474006,False,1.8152735,1.3392069,,0.4661016949152532,1.1900827,0.325,1.58345,0.0,0.13275525,2075.0,1752.3000000000002,0.15551807228915648,3.8449360822009977,0.2506024241447449,False,0.3507538007014821,1.611403873877738,0.3529660634443938,盤中 tick 才能判斷（本表為收盤後資料；歷史觸發見 Intraday Replay）,NOT_LEADER
2026-10-05,5009,榮剛,STAGE_WATCH,1,22,TAIEX Stage 2,鋼鐵工業 Stage 1,-0.11103745919382935,-0.12126222479113569,-0.1211985598584564,0.33378196500672946,-0.007895949,False,0.601741,0.075908475,22.0,0.11987381703470046,1.4358975,0.008333334,1.4422357,6.0,0.598884,32.45,31.482000000000003,0.029830508474576245,1.9359999469697473,0.07524088025093079,False,0.2163291136672405,2.5222795084118865,0.3529646473395491,盤中 tick 才能判斷（本表為收盤後資料；歷史觸發見 Intraday Replay）,NOT_LEADER
2026-10-05,2201,裕隆,STAGE_WATCH,1,6,TAIEX Stage 2,汽車工業 Stage 3,-0.18118471040898598,-0.07239507205445461,-0.07271720081305766,0.3553162853297443,-0.011109875,False,0.17202398,0.29416263,6.0,0.2084403762432454,0.6862745,0.5833333,0.7538307,5.0,0.35155162,28.35,28.066499999999998,0.010000000000000009,0.5590140841330876,0.004972204566001892,False,0.4996745326278671,0.49722045660018876,0.35165655211818136,盤中 tick 才能判斷（本表為收盤後資料；歷史觸發見 Intraday Replay）,NOT_LEADER
2026-10-05,1723,中碳,STAGE_WATCH,2,13,TAIEX Stage 2,化學工業 Stage 2,-0.16230181550819223,-0.1592921085764154,-0.09502190498598129,0.24226110363391656,-0.0042289793,False,0.18959238,-0.244554,,0.14339622641509453,0.9589041,0.15,0.55118775,9.0,0.5076146,80.1,78.70499999999998,0.017415730337078772,1.205555529713479,0.021540112793445587,False,0.15605493133583015,1.2368193797526736,0.34989608250954507,盤中 tick 才能判斷（本表為收盤後資料；歷史觸發見 Intraday Replay）,NOT_LEADER
2026-10-05,1229,聯華,STAGE_WATCH,1,7,TAIEX Stage 2,食品工業 (n/a),-0.14224572679399705,-0.1431227780310006,-0.0981943145194244,0.180349932705249,-0.0034754458,False,0.35014844,-0.025886457,7.0,0.07594936708860822,1.027027,0.56666666,0.98333037,10.0,0.72872406,39.65,39.10500000000001,0.013745271122320046,1.0524138401471337,0.03612378239631653,False,0.21256223895210802,2.6280880220439946,0.34937627343642613,盤中 tick 才能判斷（本表為收盤後資料；歷史觸發見 Intraday Replay）,NOT_LEADER
2026-10-05,4739,康普,STAGE_WATCH,2,57,TAIEX Stage 2,化學生技醫療 Stage 2,-0.02208254418474831,-0.12086662039553164,-0.29242691483681127,0.22611036339165544,-0.0015833682,False,1.4559017,0.7682321,,0.23529411764705888,1.3039049,0.19166666,0.9207342,2.0,0.22955845,87.4,74.05199999999999,0.1527231121281466,4.8538181050998945,0.04410839453339577,False,0.5264410663157892,0.2888128320511527,0.34768506034168456,盤中 tick 才能判斷（本表為收盤後資料；歷史觸發見 Intraday Replay）,NOT_LEADER
2026-10-05,5289,宜鼎,STAGE_WATCH,2,58,TAIEX Stage 2,電腦及週邊設備業 Stage 2,-0.12122567363679404,-0.29003915750851683,-0.20526133606606045,0.44414535666218036,-0.00155425,False,1.0615609,0.78247577,,0.31346485561290427,0.64705884,0.033333335,0.8717186,1.0,0.092401296,1295.0,1227.6000000000001,0.05204633204633191,1.5343089021018186,0.04806719347834587,False,0.5159543358184671,0.9235462248435915,0.34580863504262865,盤中 tick 才能判斷（本表為收盤後資料；歷史觸發見 Intraday Replay）,NOT_LEADER
2026-10-05,1736,喬山,STAGE_WATCH,1,3,TAIEX Stage 2,化學生技醫療 Stage 2,-0.06765750982425223,-0.24954832465618337,-0.1138949802000665,0.34858681022880217,-0.017350627,False,-0.06522866,0.24044889,3.0,0.2775564409030542,0.9932886,0.041666668,1.8725594,4.0,0.35255554,124.0,121.27500000000002,0.02197580645161279,0.762999976437983,0.07661290466785431,False,0.4441842418904294,3.486238597729902,0.3423393099239947,盤中 tick 才能判斷（本表為收盤後資料；歷史觸發見 Intraday Replay）,NOT_LEADER
2026-10-05,3363,上詮,STAGE_WATCH,2,52,TAIEX Stage 2,通信網路業 Stage 2,-0.226169815496298,-0.020386014908303052,-0.0494723693822654,0.10767160161507403,0.0056511126,False,2.0479014,1.3140944,,0.7276422764227644,0.697609,0.008333334,0.81291556,1.0,0.14904664,664.0,622.7099999999998,0.06218373493975937,1.386234977669566,0.10542168468236923,False,0.6039156626506013,1.6953257115304623,0.339352562449133,盤中 tick 才能判斷（本表為收盤後資料；歷史觸發見 Intraday Replay）,NOT_LEADER
2026-10-05,3515,華擎,STAGE_WATCH,1,7,TAIEX Stage 2,電腦及週邊設備業 Stage 2,-0.09541458881083975,-0.10573774926666135,-0.0512580836679819,0.27456258411843876,0.0033190183,False,0.73999393,0.8196017,7.0,0.22739018087855278,0.58928573,0.35833332,0.790126,12.0,0.43587732,217.5,198.99000000000007,0.08510344827586169,4.248196767274752,0.009943731129169464,False,0.5773524646743307,0.1168428698322187,0.3384970990093217,盤中 tick 才能判斷（本表為收盤後資料；歷史觸發見 Intraday Replay）,NOT_LEADER
2026-10-05,2495,普安,STAGE_WATCH,2,46,TAIEX Stage 2,其他電子業 Stage 2,-0.042045532393001794,-0.13382632735523758,-0.3201857755639812,0.2288021534320323,-0.014586849,False,0.8689476,0.84132415,,0.19562043795620432,0.58939093,0.175,0.78508747,2.0,0.17958462,38.45,35.54099999999999,0.07565669700910316,2.5775948605878716,0.06501950323581696,False,0.4162186862839794,0.8594018217315736,0.33791256094420535,盤中 tick 才能判斷（本表為收盤後資料；歷史觸發見 Intraday Replay）,NOT_LEADER
2026-10-05,6462,神盾,STAGE_WATCH,1,1,TAIEX Stage 2,半導體業 Stage 2,-0.03115166455300189,-0.08472376325267472,-0.16286522652512414,0.21130551816958276,-0.009127276,False,0.5607371,0.49505883,1.0,0.205016357688113,1.3288591,0.21666667,1.1062219,2.0,0.1714056,103.5,94.149,0.09034782608695646,3.037447885589106,0.014492753893136978,False,0.550724637681161,0.16041065425512546,0.33784214659227674,盤中 tick 才能判斷（本表為收盤後資料；歷史觸發見 Intraday Replay）,NOT_LEADER
2026-10-05,8033,雷虎,STAGE_WATCH,2,15,TAIEX Stage 2,其他 Stage 2,-0.08405095244720318,-0.20919744746320112,-0.3265328089427062,0.6258411843876177,-0.0014060154,False,1.0055587,0.31173173,,0.31384615384615366,0.90640396,0.008333334,0.80572104,1.0,0.18851659,173.0,163.84500000000003,0.052919075144508554,1.9567939826197212,0.08565199375152588,False,0.5722543352601166,1.6185466869485539,0.3372259446671385,盤中 tick 才能判斷（本表為收盤後資料；歷史觸發見 Intraday Replay）,NOT_LEADER
2026-10-05,7734,印能科技,STAGE_WATCH,2,36,TAIEX Stage 2,半導體業 Stage 2,-0.05453065724425099,-0.29671491369515257,-0.08876127814791934,0.3162853297442799,0.008938131,False,1.2732767,1.4910407,,0.6112266112266114,0.9319213,0.075,0.62871766,0.0,0.17001577,2790.0,2380.9500000000007,0.14661290322580622,2.720522545323446,0.3499697744846344,False,0.6509524961806135,2.3870325652417343,0.33702014353736426,盤中 tick 才能判斷（本表為收盤後資料；歷史觸發見 Intraday Replay）,NOT_LEADER
2026-10-05,2912,統一超,STAGE_WATCH,1,18,TAIEX Stage 2,貿易百貨 (n/a),-0.1094551094910825,-0.1606328541617651,-0.17748961076157654,0.2018842530282638,-0.0073640277,False,-0.15432619,-0.15538236,18.0,0.07380952380952377,0.9195402,0.06666667,0.7390198,10.0,0.76629263,211.0,207.89999999999998,0.014691943127962181,1.5499999572722154,0.026528485119342804,False,0.14058720571802863,1.8056485032842886,0.33666155228579303,盤中 tick 才能判斷（本表為收盤後資料；歷史觸發見 Intraday Replay）,NOT_LEADER
2026-10-05,2356,英業達,STAGE_WATCH,2,22,TAIEX Stage 2,電腦及週邊設備業 Stage 2,-0.18712787552412546,-0.22964742737481203,-0.17776104969197848,0.6231493943472409,-0.0051464722,False,0.23312832,0.67006713,,0.2607204116638082,0.6545454,0.34166667,1.0618733,0.0,0.29108047,58.3,57.717,0.010000000000000009,0.45597765453107986,0.17324185371398926,False,0.4720104636439957,17.32418537139891,0.33510409696843796,盤中 tick 才能判斷（本表為收盤後資料；歷史觸發見 Intraday Replay）,NOT_LEADER
2026-10-05,8131,福懋科,STAGE_WATCH,1,2,TAIEX Stage 2,電子工業 Stage 2,-0.0344641755876991,-0.13216544287942422,-0.22884878026076017,0.2611036339165545,-0.00096326275,False,1.6020148,1.1242316,2.0,0.2682481751824817,0.8700565,0.15,0.923178,2.0,0.38755926,63.5,56.92500000000002,0.10354330708661397,3.9676722525621857,0.03307086601853371,False,0.3533404058606606,0.31939163379116264,0.3325967083999657,盤中 tick 才能判斷（本表為收盤後資料；歷史觸發見 Intraday Replay）,NOT_LEADER
2026-10-05,2312,金寶,STAGE_WATCH,2,44,TAIEX Stage 2,電子工業 Stage 2,-0.11864214741575585,-0.1663076141843517,-0.18799725957260283,0.6662180349932705,-0.0063883234,False,0.8883995,0.8602374,,0.17546848381601432,0.6329114,0.008333334,0.7712976,4.0,0.2515495,30.7,29.69999999999999,0.03257328990228048,1.4432989664617728,0.02170119620859623,False,0.422054342154639,0.6662267236038971,0.329018526438119,盤中 tick 才能判斷（本表為收盤後資料；歷史觸發見 Intraday Replay）,NOT_LEADER
2026-10-05,3581,博磊,STAGE_WATCH,2,52,TAIEX Stage 2,半導體業 Stage 2,0.014079888674292773,-0.1605400897832865,-0.17906093734013218,0.6958277254374159,0.008110048,False,1.5951241,1.5467242,,0.4062499999999998,1.4026402,0.21666667,1.8310078,1.0,0.026948346,117.5,91.87200000000003,0.21811063829787225,4.266254429496329,0.11063829809427261,False,1.5375230263069906,0.5072576879224691,0.3281601793097606,盤中 tick 才能判斷（本表為收盤後資料；歷史觸發見 Intraday Replay）,NOT_LEADER
2026-10-05,3090,日電貿,STAGE_WATCH,2,64,TAIEX Stage 2,電子零組件業 Stage 2,-0.01943556783181788,-0.0035947309946096073,-0.5169558949176857,0.8115746971736204,0.015361308,False,1.8388844,0.86105055,,0.4384615384615389,0.95438594,0.06666667,1.5257916,2.0,0.09977891,173.0,155.42999999999998,0.10156069364161868,2.8436992976176017,0.080924853682518,False,1.0777785878207808,0.7968127311938298,0.32524139352464726,盤中 tick 才能判斷（本表為收盤後資料；歷史觸發見 Intraday Replay）,SECTOR_CONFIRMED
2026-10-05,3135,凌航,STAGE_WATCH,2,53,TAIEX Stage 2,半導體業 Stage 2,-0.17390602491097107,-0.22172299722942224,-0.11042926442440237,0.6998654104979811,-0.00086610904,False,0.79863626,0.86722213,,0.32174372992071376,0.8435374,0.033333335,0.94712156,1.0,0.119292684,157.0,153.94499999999996,0.019458598726114773,0.9099999947368257,0.1285122036933899,False,0.5882764425101172,6.6043914827699135,0.3241481536043253,盤中 tick 才能判斷（本表為收盤後資料；歷史觸發見 Intraday Replay）,NOT_LEADER
2026-10-05,6683,雍智科技,STAGE_WATCH,2,44,TAIEX Stage 2,半導體業 Stage 2,-0.044339761111462206,0.09546611016504802,-0.22210750451740058,0.05114401076716016,-0.026119793,False,1.518268,1.7810236,,0.773700305810398,0.9603524,0.125,0.8577764,1.0,0.15877135,1440.0,1222.6499999999987,0.15093750000000083,1.8841486330715944,0.013888888992369175,False,0.7722422090277763,0.09201748400741432,0.32178243048927657,盤中 tick 才能判斷（本表為收盤後資料；歷史觸發見 Intraday Replay）,NOT_LEADER
2026-10-05,2375,凱美,STAGE_WATCH,2,53,TAIEX Stage 2,電子零組件業 Stage 2,-0.016254342277712164,-0.09533351935023582,-0.42428328531835136,0.7375504710632571,0.01417961,False,1.9028978,1.2445567,,0.2556791975111081,0.9661836,0.033333335,1.3332647,2.0,0.10354366,126.0,113.35500000000006,0.10035714285714237,2.6422388563795804,0.1071428582072258,False,0.8626759207812149,1.0676156689688032,0.32078444565096925,盤中 tick 才能判斷（本表為收盤後資料；歷史觸發見 Intraday Replay）,NOT_LEADER
2026-10-05,1514,亞力,STAGE_WATCH,1,71,TAIEX Stage 2,電機機械 Stage 2,-0.06912557931287422,-0.11479765487829008,-0.21296570794341618,0.23149394347240915,-0.0074484264,False,0.97648686,0.57847154,71.0,0.16145833333333326,0.77097505,0.008333334,1.1180154,10.0,0.37609693,102.0,98.40599999999999,0.03523529411764714,1.6998649181821457,0.035861436277627945,False,0.40782986274509847,1.0177703117189876,0.3146393908644642,盤中 tick 才能判斷（本表為收盤後資料；歷史觸發見 Intraday Replay）,NOT_LEADER
2026-10-05,2369,菱生,STAGE_WATCH,2,53,TAIEX Stage 2,半導體業 Stage 2,-0.044577268236676515,-0.1970960260263971,-0.3469255309747724,0.22207267833109018,-0.011236144,False,1.4827946,0.97389746,,0.21217391304347788,0.7960688,0.18333334,0.7470014,4.0,0.2807073,31.6,28.46250000000001,0.09928797468354411,2.852272754824184,0.04113924130797386,False,0.4462025316455709,0.4143426375560085,0.3065105738707733,盤中 tick 才能判斷（本表為收盤後資料；歷史觸發見 Intraday Replay）,NOT_LEADER
2026-10-05,3004,豐達科,STAGE_WATCH,2,18,TAIEX Stage 2,鋼鐵工業 Stage 1,-0.10437615569923542,-0.1856152361208916,-0.2587936752241903,0.2489905787348587,0.0004229418,False,0.36138296,0.42117208,,0.15350877192982448,1.0666667,0.058333334,2.1505215,4.0,0.37965807,120.5,112.86000000000001,0.06340248962655592,3.2412121539932257,0.004149377811700106,False,0.3526970954356843,0.06544502962170988,0.3055221134936399,盤中 tick 才能判斷（本表為收盤後資料；歷史觸發見 Intraday Replay）,NOT_LEADER
2026-10-05,3545,敦泰,STAGE_WATCH,1,19,TAIEX Stage 2,電子工業 Stage 2,-0.0840509524472024,-0.1275977790007049,-0.20667381263349627,0.29071332436069985,-0.0151278,False,0.4496692,0.6514345,19.0,0.12421052631578999,1.0230906,0.15,1.0685034,4.0,0.5087753,50.4,47.222999999999985,0.06303571428571453,2.12305497210981,0.02182539738714695,False,0.28236719459278925,0.34623859877626756,0.30317792948160843,盤中 tick 才能判斷（本表為收盤後資料；歷史觸發見 Intraday Replay）,NOT_LEADER
2026-10-05,3209,全科,STAGE_WATCH,2,31,TAIEX Stage 2,電子通路業 Stage 2,-0.10319988861741536,-0.266417305309086,-0.20681362005539194,0.3795423956931359,-0.0029574465,False,0.58806235,0.22752312,,0.24856071314880168,0.8165681,0.008333334,1.0468128,0.0,0.22552818,46.1,43.708499999999994,0.05187635574837324,3.487604038168532,0.19574740529060364,False,0.6625258950737365,3.773345341374369,0.29822673745899553,盤中 tick 才能判斷（本表為收盤後資料；歷史觸發見 Intraday Replay）,NOT_LEADER
2026-10-05,3227,原相,STAGE_WATCH,1,52,TAIEX Stage 2,半導體業 Stage 2,-0.09971674879185055,-0.19570415540953734,-0.22109926446843242,0.3001345895020188,-0.0023191625,False,0.71482044,0.5638554,52.0,0.19498607242339805,1.0232558,0.008333334,1.5447527,7.0,0.40195617,188.5,177.70500000000007,0.05726790450928343,3.47425293317363,0.046105895191431046,False,0.3169953746018559,0.805091361147273,0.2948624283372857,盤中 tick 才能判斷（本表為收盤後資料；歷史觸發見 Intraday Replay）,NOT_LEADER
2026-10-05,2498,宏達電,STAGE_WATCH,1,2,TAIEX Stage 2,電子工業 Stage 2,-0.07323364475489491,-0.08400947753838839,-0.1514884984145235,0.3243606998654105,-0.014906612,False,0.50861824,0.31307656,2.0,0.20592020592020677,1.4719335,0.51666665,0.87687767,7.0,0.3864985,42.05,38.808,0.07709869203329367,2.333573281892789,0.003339119954034686,False,0.48677681645262183,0.04330968354940117,0.2941694827783066,盤中 tick 才能判斷（本表為收盤後資料；歷史觸發見 Intraday Replay）,NOT_LEADER
2026-10-05,5284,jpp-KY,STAGE_WATCH,2,8,TAIEX Stage 2,其他 Stage 2,-0.1521624075555621,-0.11918065116630405,-0.18001567375321825,0.2180349932705249,-0.0051723155,False,0.6797987,0.80843234,,0.3494808549150126,0.69430053,0.008333334,0.8100234,5.0,0.15179002,301.0,285.12000000000006,0.05275747508305628,2.1072985102929005,0.009366707876324654,False,0.5429809562328474,0.17754276264318206,0.29286626496056306,盤中 tick 才能判斷（本表為收盤後資料；歷史觸發見 Intraday Replay）,NOT_LEADER
2026-10-05,6781,AES-KY,STAGE_WATCH,1,6,TAIEX Stage 2,電子零組件業 Stage 2,-0.09348491471135367,-0.15642101095909666,-0.17066204561928544,0.3351278600269179,0.0035313445,False,1.375833,0.77534574,6.0,0.3591160220994474,0.70240295,0.025,1.5621719,6.0,0.5156956,1050.0,972.1799999999998,0.0741142857142858,3.7183617771380164,0.013430814258754253,False,0.45667238905884466,0.18121761721526536,0.29108965454877045,盤中 tick 才能判斷（本表為收盤後資料；歷史觸發見 Intraday Replay）,NOT_LEADER
2026-10-05,2385,群光,STAGE_WATCH,1,21,TAIEX Stage 2,電子零組件業 Stage 2,-0.10730676640069114,-0.10523100962948595,-0.11022818333575413,0.09959623149394348,-0.0043715043,False,0.22342788,0.4157995,21.0,0.10396039603960405,0.8,0.475,1.6017425,7.0,0.6842628,105.0,100.98,0.038285714285714256,2.1646153657257465,0.02857142873108387,False,0.35110435892652525,0.7462686608865196,0.29093019573361023,盤中 tick 才能判斷（本表為收盤後資料；歷史觸發見 Intraday Replay）,NOT_LEADER
2026-10-05,4966,譜瑞-KY,STAGE_WATCH,1,21,TAIEX Stage 2,半導體業 Stage 2,-0.05537711732175499,-0.15626022907429493,-0.20646566569279856,0.39030955585464333,-0.007689952,False,0.7989781,0.80227596,21.0,0.1756387636981409,0.45255473,0.13333334,0.8338246,7.0,0.31297916,574.0,515.79,0.10141114982578403,4.157856982374036,0.015369118191301823,False,0.5937678346221988,0.15155254839043533,0.28636637949665855,盤中 tick 才能判斷（本表為收盤後資料；歷史觸發見 Intraday Replay）,NOT_LEADER
2026-10-05,2472,立隆電,STAGE_WATCH,2,50,TAIEX Stage 2,電子零組件業 Stage 2,0.012567405040719848,-0.15145966827383261,-0.43042862390142755,0.676985195154778,0.011572358,False,1.4925734,1.2450861,,0.2853606422442878,1.0076336,0.041666668,1.2947853,0.0,0.09209932,227.0,202.95000000000002,0.10594713656387655,2.68286859844689,0.16078823804855347,False,1.1176249085877177,1.5176270285663895,0.2861807266682243,盤中 tick 才能判斷（本表為收盤後資料；歷史觸發見 Intraday Replay）,NOT_LEADER
2026-10-05,9914,美利達,STAGE_WATCH,1,1,TAIEX Stage 2,運動休閒 Stage 4,-0.24988009817584556,-0.28450363746651064,-0.15890611394958376,0.4078061911170929,-0.00038042097,False,0.1543704,-0.19376633,1.0,0.46889226100151715,0.72911394,0.7,1.076348,1.0,0.24827206,66.4,65.24099999999999,0.01745481927710879,0.8194949280910776,0.03103986755013466,False,0.5973857157200249,1.7782978475659181,0.2842755779116891,盤中 tick 才能判斷（本表為收盤後資料；歷史觸發見 Intraday Replay）,NOT_LEADER
2026-10-05,6409,旭隼,STAGE_WATCH,1,14,TAIEX Stage 2,電子工業 Stage 2,-0.1673842857805362,-0.23754554543089212,-0.2754954171487515,0.5625841184387618,-0.003140176,False,0.36304137,0.33328757,14.0,0.30614657210401885,0.7051071,0.18333334,0.9988718,0.0,0.3670171,891.0,837.54,0.060000000000000164,2.1384000208496188,0.1728668063879013,False,0.4917568673296273,2.881113439798347,0.28409367954976555,盤中 tick 才能判斷（本表為收盤後資料；歷史觸發見 Intraday Replay）,NOT_LEADER
2026-10-05,6477,安集,STAGE_WATCH,1,15,TAIEX Stage 2,電子工業 Stage 2,-0.09994690620442848,-0.15376631644416394,-0.1841679246996667,0.2853297442799462,-0.01088055,False,0.3837969,0.42447704,15.0,0.2595419847328244,0.85106385,0.175,0.61293495,11.0,0.6183887,34.05,33.165,0.025991189427312822,0.7792452946629219,0.014291303232312202,False,0.3245227606461092,0.5498518362262481,0.28408236903399087,盤中 tick 才能判斷（本表為收盤後資料；歷史觸發見 Intraday Replay）,NOT_LEADER
2026-10-05,2337,旺宏,STAGE_WATCH,2,55,TAIEX Stage 2,電子工業 Stage 2,-0.04558941398566452,-0.17786329813639568,-0.20971605169273555,0.06594885598923284,-0.0013172528,False,1.3080615,1.2318467,,0.4166666666666665,0.7096774,0.025,0.8291453,0.0,0.09912719,121.5,112.86,0.07111111111111112,1.9993388765393505,0.18930041790008545,False,0.580246913580247,2.662037126719951,0.2796232206572824,盤中 tick 才能判斷（本表為收盤後資料；歷史觸發見 Intraday Replay）,NOT_LEADER
2026-10-05,8114,振樺電,STAGE_WATCH,1,21,TAIEX Stage 2,電腦及週邊設備業 Stage 2,-0.13696100535725608,-0.3259321889732957,-0.23661607484544933,0.4199192462987887,-0.0050793244,False,0.5991365,0.74943334,21.0,0.3553008595988547,0.65,0.008333334,0.3610061,4.0,0.34490567,179.0,172.755,0.03488826815642465,1.9647191342745758,0.05387817323207855,False,0.45973834162238414,1.544306326427869,0.2792306690651277,盤中 tick 才能判斷（本表為收盤後資料；歷史觸發見 Intraday Replay）,NOT_LEADER
2026-10-05,2458,義隆,STAGE_WATCH,2,23,TAIEX Stage 2,電子工業 Stage 2,-0.0765321554547218,-0.18284772313236997,-0.34401959662236126,0.26648721399730824,-0.012978261,False,0.9019539,0.37818304,,0.2656530270615165,0.94285715,0.15833333,2.2158942,14.0,0.22756077,134.0,123.25500000000004,0.08018656716417882,3.038989826333506,0.00439737644046545,False,0.4219633500912987,0.05483931531152838,0.27406382163786913,盤中 tick 才能判斷（本表為收盤後資料；歷史觸發見 Intraday Replay）,NOT_LEADER
2026-10-05,6215,和椿,STAGE_WATCH,1,22,TAIEX Stage 2,其他電子業 Stage 2,-0.0840509524472034,-0.11251470043084244,-0.2357621564750969,0.20457604306864063,-0.0055139055,False,1.2654757,0.7637195,22.0,0.30588235294117583,0.7345309,0.008333334,1.253323,4.0,0.34563446,97.8,94.05000000000001,0.03834355828220837,1.9662922221164927,0.07873210310935974,False,0.39760444353556235,2.053333249092114,0.2711869640734637,盤中 tick 才能判斷（本表為收盤後資料；歷史觸發見 Intraday Replay）,NOT_LEADER
2026-10-05,6405,悅城,STAGE_WATCH,2,39,TAIEX Stage 2,光電業 Stage 2,-0.015173401426795019,-0.0453647888937001,-0.31104644345634014,0.48183041722745623,-0.049033362,False,0.8719614,0.7455167,,0.4521739130434783,1.6721312,0.31666666,2.2682543,3.0,0.07160127,41.9,36.729000000000006,0.12341288782816207,1.8467857464684276,0.06968112289905548,False,1.1264916467780428,0.5646178784510597,0.27010113187349416,盤中 tick 才能判斷（本表為收盤後資料；歷史觸發見 Intraday Replay）,NOT_LEADER
2026-10-05,6261,久元,STAGE_WATCH,2,43,TAIEX Stage 2,半導體業 Stage 2,-0.09041227560241927,-0.11418469787973429,-0.2067135782568793,0.20053835800807537,-0.009241252,False,1.0623143,0.71123326,,0.18290721275819366,0.6086956,0.016666668,0.9202426,1.0,0.15698232,78.1,72.171,0.07591549295774624,2.618485824452863,0.05889884755015373,False,0.688524788201103,0.7758475280261462,0.26346198650210395,盤中 tick 才能判斷（本表為收盤後資料；歷史觸發見 Intraday Replay）,NOT_LEADER
2026-10-05,8105,凌巨,STAGE_WATCH,2,21,TAIEX Stage 2,電子工業 Stage 2,-0.06405095244720282,-0.19245103597994695,-0.3351296175395142,0.3283983849259758,-0.008770311,False,1.0303249,0.4546305,,0.28308823529411753,1.5477387,0.057142857,1.4016895,6.0,0.17150664,15.3,14.008499999999996,0.08441176470588263,2.528811179719329,0.03267974033951759,False,0.6830065359477124,0.38714674966675766,0.2616771420906688,盤中 tick 才能判斷（本表為收盤後資料；歷史觸發見 Intraday Replay）,NOT_LEADER
2026-10-05,3708,上緯投控,STAGE_WATCH,1,25,TAIEX Stage 2,化學生技醫療 Stage 2,-0.1210509524472031,-0.13203145556036688,-0.17848180334453012,0.09421265141318977,-0.009092645,False,1.018077,0.6306932,25.0,0.17647058823529416,0.989339,0.058333334,1.1454792,2.0,0.3340908,96.3,92.36699999999999,0.04084112149532715,1.5044262121659973,0.005045460071414709,False,0.3765711609712008,0.12353872486072615,0.2583272758423385,盤中 tick 才能判斷（本表為收盤後資料；歷史觸發見 Intraday Replay）,NOT_LEADER
2026-10-05,6451,訊芯-KY,STAGE_WATCH,2,35,TAIEX Stage 2,電子工業 Stage 2,-0.12405095244720277,-0.1639715508632933,-0.2637056348593628,0.13055181695827725,0.003879846,False,1.7764745,1.6824379,,0.494082840236687,0.76281285,0.008333334,0.8132037,0.0,0.23060764,432.0,389.565,0.0982291666666667,2.117967999317623,0.16898147761821747,False,0.749129338970588,1.7202780330168475,0.2511827852117611,盤中 tick 才能判斷（本表為收盤後資料；歷史觸發見 Intraday Replay）,NOT_LEADER
2026-10-05,1785,光洋科,STAGE_WATCH,2,43,TAIEX Stage 2,其他電子業 Stage 2,-0.05905095244720315,-0.22841941542658806,-0.3606812501625499,0.06191117092866756,0.003567542,False,1.1744026,0.81632805,,0.27807486631016154,1.3518198,0.09166667,1.3652318,1.0,0.04434925,102.5,92.565,0.09692682926829277,3.384184843385732,0.026646994054317474,False,0.7750438793632237,0.2749186603490225,0.24866505811814693,盤中 tick 才能判斷（本表為收盤後資料；歷史觸發見 Intraday Replay）,NOT_LEADER
2026-10-05,3596,智易,STAGE_WATCH,1,19,TAIEX Stage 2,通信網路業 Stage 2,-0.09042037919879509,-0.2649292427047295,-0.289018405187893,0.11305518169582772,-0.0019163218,False,0.78795415,0.34977353,19.0,0.250825082508251,0.80701756,0.008333334,1.0532265,9.0,0.4482584,156.0,149.985,0.03855769230769224,2.1592308820176664,0.011282335966825485,False,0.3357078352685059,0.29260921210719515,0.24693313309977288,盤中 tick 才能判斷（本表為收盤後資料；歷史觸發見 Intraday Replay）,NOT_LEADER
2026-10-05,6412,群電,STAGE_WATCH,1,9,TAIEX Stage 2,電子零組件業 Stage 2,-0.11251149578484876,-0.1678859939244105,-0.24315214466316448,0.18304172274562583,-0.003512424,False,0.65690845,0.11321444,9.0,0.13360881542699632,1.0427351,0.05,1.3665868,2.0,0.32941863,75.1,71.87400000000002,0.04295605858854823,3.203120583929217,0.07057256996631622,False,0.4326430068085305,1.6429014273001843,0.24396100649298463,盤中 tick 才能判斷（本表為收盤後資料；歷史觸發見 Intraday Replay）,NOT_LEADER
2026-10-05,3691,碩禾,STAGE_WATCH,1,2,TAIEX Stage 2,光電業 Stage 2,-0.0031083294963831776,-0.1819459854748967,-0.36436962965623865,0.15343203230148048,-0.047477983,False,1.8915617,0.4302358,2.0,0.4419889502762433,1.25,0.8,1.9013989,2.0,0.21642527,105.5,89.59500000000001,0.1507582938388624,2.471365136446546,0.014218009077012539,False,0.6872037914691937,0.09430996275541177,0.24352782499436043,盤中 tick 才能判斷（本表為收盤後資料；歷史觸發見 Intraday Replay）,NOT_LEADER
2026-10-05,6584,南俊國際,STAGE_WATCH,2,63,TAIEX Stage 2,電子零組件業 Stage 2,-0.2205507955495437,-0.03344056598638456,-0.28469526672668477,0.0740242261103634,-0.0028164005,False,1.1299936,0.62219095,,0.644549763712629,0.6543219,0.15,2.290606,0.0,0.07995614,541.0,519.7500000000001,0.03927911275415885,1.1398467033120703,0.27775150537490845,False,0.5741751364278262,7.071226560368278,0.233454148976917,盤中 tick 才能判斷（本表為收盤後資料；歷史觸發見 Intraday Replay）,NOT_LEADER
2026-10-05,8454,富邦媒,STAGE_WATCH,2,18,TAIEX Stage 2,貿易百貨 (n/a),-0.09875683480014397,-0.21080903457050393,-0.22165871624573497,0.6029609690444145,-0.0082265325,False,0.25006607,-0.023344543,,0.2655246252676662,0.86307055,0.11666667,1.4288647,4.0,0.26253095,234.5,231.165,0.014221748400852996,0.5910126726501477,0.04655018076300621,False,0.9471670726298598,3.2731686323612794,0.22980319772353858,盤中 tick 才能判斷（本表為收盤後資料；歷史觸發見 Intraday Replay）,NOT_LEADER
2026-10-05,6449,鈺邦,STAGE_WATCH,2,21,TAIEX Stage 2,電子工業 Stage 2,-0.0355521071816145,-0.16993296827359605,-0.37759736938226707,0.6339165545087483,0.022404399,False,1.456409,1.4164639,,0.301980198019802,1.034965,0.083333336,1.3239752,2.0,0.12058003,227.0,202.95000000000005,0.10594713656387644,2.5315789661959656,0.012006646022200584,False,1.1090741898483705,0.11332676287066686,0.22919474642029547,盤中 tick 才能判斷（本表為收盤後資料；歷史觸發見 Intraday Replay）,NOT_LEADER
2026-10-05,6217,中探針,STAGE_WATCH,2,58,TAIEX Stage 2,電子零組件業 Stage 2,-0.17356501894336662,-0.017556580590135873,-0.3861849678074629,0.026917900403768506,-0.00024009049,False,2.0945807,1.190363,,0.9223744292237444,0.73490816,0.008333334,0.7394609,0.0,0.0765294,178.0,154.44000000000003,0.1323595505617976,2.6599999108942254,0.1825842708349228,False,1.084269662921347,1.3794567151365151,0.19831337812133545,盤中 tick 才能判斷（本表為收盤後資料；歷史觸發見 Intraday Replay）,NOT_LEADER
2026-10-05,6515,穎崴,STAGE_WATCH,2,57,TAIEX Stage 2,半導體業 Stage 2,-0.1976223810186314,-0.20385660458108756,-0.27569606587208706,0.024226110363391656,0.026147133,False,1.7032171,0.6919879,,0.4936708860759491,0.7159159,0.7083333,0.9086466,0.0,0.10752505,6205.0,5474.7,0.11769540692989533,2.024594121441331,0.1756647825241089,False,0.8381400372971308,1.4925372799700052,0.17781874447812906,盤中 tick 才能判斷（本表為收盤後資料；歷史觸發見 Intraday Replay）,NOT_LEADER
2026-10-05,4764,雙鍵,STAGE_WATCH,2,50,TAIEX Stage 2,化學生技醫療 Stage 2,-0.18060267658513318,-0.36284349046454956,-0.4474681534059727,0.46029609690444145,0.025348106,False,1.3717787,1.0916847,,0.5993902593979197,1.1235955,0.275,3.4081547,0.0,0.04480865,196.5,173.24999999999994,0.11832061068702326,2.148514893196228,0.2748091518878937,False,0.8507216580261099,2.3225805740202556,0.17037874775462747,盤中 tick 才能判斷（本表為收盤後資料；歷史觸發見 Intraday Replay）,NOT_LEADER
2026-10-05,6831,邁科,STAGE_WATCH,2,67,TAIEX Stage 2,電腦及週邊設備業 Stage 2,-0.24815351654976725,-0.3742969339843819,-0.48990277231266954,0.34589502018842533,0.004854084,False,1.9741218,0.88401175,,0.5335463258785944,0.6764706,0.28333333,0.9121313,0.0,0.11201311,489.0,464.805,0.04947852760736193,1.0486997126400075,0.47239264845848083,False,0.9836400817995923,9.547427365000921,0.15958750357887125,盤中 tick 才能判斷（本表為收盤後資料；歷史觸發見 Intraday Replay）,NOT_LEADER
2026-10-05,8096,擎亞,STAGE_WATCH,2,40,TAIEX Stage 2,電子通路業 Stage 2,-0.2143609450433388,-0.4522126109213488,-0.5533572588110788,0.17227456258411844,0.004597572,False,1.2831385,0.35448688,,0.7236115516484338,0.75004673,0.34166667,0.78752923,0.0,0.18783255,90.0,80.58600000000001,0.10459999999999992,2.599526498119379,0.20511551201343536,False,0.9569306980980987,1.960951357681028,0.12720082804527674,盤中 tick 才能判斷（本表為收盤後資料；歷史觸發見 Intraday Replay）,NOT_LEADER
