engine,side,exit,window,n,trades_per_year,win_rate,pf,payoff,ev,median_ret,avg_winner,avg_loser,avg_r,median_r,mfe_mean,mae_mean,mfe_mae_ratio,stop_rate,first_exit_stop_rate,stop_dist_pct_med,stop_dist_atr_med,median_hold,ge10,ge20,ge30,ge40,n_ge20,n_ge40,top1pct_share,top5pct_share,pnl_ex_top5,pnl_per_100_slot_days,total_pnl_slots,portfolio_cagr,portfolio_mdd,portfolio_sharpe
S1,SHORT,BB_B1_20_2.5_FULL,PRE_2020_2022,152,50.7013698630137,0.5263157894736842,0.9825255129856069,0.8842729616870462,-0.0007617524842909977,0.008665967862152528,0.0813779754782645,-0.09202811688713045,-0.027960761933900683,0.08731858502074182,0.08772774388293574,-0.06661772287168774,1.3168829569859055,0.25,0.25,0.15288220551378423,4.806813955307007,24.5,0.17763157894736842,0.02631578947368421,0.006578947368421052,0.0,4.0,0.0,,,-1.3362793792610779,-0.0021850609098364154,-0.11578637761223165,,,
S1,SHORT,BB_B1_20_2.5_FULL,DISCOVERY,16,8.005479452054795,0.0625,0.0159343507200521,0.2390152608007815,-0.07080664177454603,-0.06756558882084915,0.0183444324336738,-0.0767500467217607,-0.7059380029460944,-1.0740043817279261,0.01947028789991956,-0.06203204630724825,0.3138746673530987,0.5625,0.5625,0.09521200589088774,5.444278240203857,15.0,0.0,0.0,0.0,0.0,0.0,0.0,,,-1.1085297254803375,-0.3246149766168299,-1.1329062683927364,,,
S1,SHORT,BB_B1_20_2.5_FULL,STRICT_OOS,103,61.6733606557377,0.5728155339805825,1.5051526796132149,1.1224867441183295,0.017279277025365723,0.009040908774477868,0.08988116139499526,-0.08007324974300117,0.10310847358943723,0.07963772919481327,0.09303297935341902,-0.051158512133746906,1.8185239459309737,0.18446601941747573,0.18446601941747573,0.14433370454452193,4.830505847930908,8.0,0.1941747572815534,0.0970873786407767,0.019417475728155338,0.0,10.0,0.0,0.17754506762798525,0.7713795171577246,0.4068908556405687,0.08410990234464412,1.7797655336126694,,,
S1,SHORT,BB_B1_20_2.5_FULL,EXTENDED,107,40.04277663934427,0.5514018691588785,1.3392696403005457,1.089575300583495,0.012554918094185259,0.0057178281780643145,0.08988116139499526,-0.08249192262972706,0.06408812785258974,0.05533155450746577,0.090253058857999,-0.05231965528652302,1.7250316035864102,0.205607476635514,0.205607476635514,0.14433370454452193,4.830505847930908,8.0,0.18691588785046728,0.09345794392523364,0.018691588785046728,0.0,10.0,0.0,0.23521972738612087,1.0219584365884,-0.02949844189427822,0.06114593700854905,1.3433762360778227,,,
S1,SHORT,BB_B1_20_2.5_FULL,FULL_2023_2026,119,32.41219239373602,0.5042016806722689,1.1383811971538913,1.1194081772013267,0.005435792144705323,0.0012185798225752649,0.08868888257897324,-0.07922836761895698,-0.005670884600214087,0.009977686517923705,0.08314219730925103,-0.0526204999217807,1.5800343484543136,0.23529411764705882,0.23529411764705882,0.1368681294154357,4.941987991333008,8.0,0.16806722689075632,0.08403361344537816,0.01680672268907563,0.0,10.0,0.0,0.4884966622836915,2.4776905341980684,-0.7260154127521679,0.02624175518133604,0.6468592652199334,,,
S1,SHORT,BB_B1_20_2.5_FULL,Y2020,6,6.0,0.5,0.36119073357457787,0.36119073357457787,-0.0414701820822673,0.0016471929356740586,0.04689551725378462,-0.12983588141831923,-0.2347529308239462,0.01550380013070908,0.04720686815074088,-0.08687724591252029,0.5433743629289896,0.3333333333333333,0.3333333333333333,0.15288220551378434,4.170717716217041,3.5,0.0,0.0,0.0,0.0,0.0,0.0,,,-0.21155313678417764,-0.5655024829400086,-0.2488210924936038,,,
S1,SHORT,BB_B1_20_2.5_FULL,Y2021,13,13.0,0.15384615384615385,0.03183539220326223,0.17509465711794225,-0.09011062776304045,-0.12414975507045509,0.019259737959028383,-0.1099961488034166,-0.6467997125938557,-1.0555961748633873,0.033011002561511765,-0.07955036005216254,0.4149698699021083,0.5384615384615384,0.5384615384615384,0.10122921935056395,4.5639978219156685,34.0,0.0,0.0,0.0,0.0,0.0,0.0,,,-1.1768266640007983,-0.27242747928361066,-1.171438160919526,,,
S1,SHORT,BB_B1_20_2.5_FULL,Y2022,133,133.0,0.5639097744360902,1.2595160707002744,0.9740257613415456,0.009808066735345095,0.014217918838082249,0.08441376014109,-0.08666481266863538,0.041856225824894,0.11538645988911367,0.09490400622557994,-0.06443966707025038,1.4727575504404478,0.21804511278195488,0.21804511278195488,0.15288220551378426,4.838254928588867,25.0,0.20300751879699247,0.03007518796992481,0.007518796992481203,0.0,4.0,0.0,0.24909244025276234,1.2160613310542607,0.08397987415205088,0.02703570727048493,1.3044728758008977,,,
S1,SHORT,BB_B1_20_2.5_FULL,Y2023,12,12.0,0.08333333333333333,0.025661523127710164,0.2822767544048118,-0.05804308090482413,-0.05595862767068968,0.0183444324336738,-0.06498740029923304,-0.627688745637715,-0.7694065951438288,0.019737015166248168,-0.055303031252828296,0.35688848728773404,0.5,0.5,0.09182994031384478,5.444278240203857,10.5,0.0,0.0,0.0,0.0,0.0,0.0,,,-0.6721404279454906,-0.2598943921111528,-0.6965169708578896,,,
S1,SHORT,BB_B1_20_2.5_FULL,Y2024,4,4.0,0.0,0.0,,-0.1090973243837117,-0.10265473676365777,,-0.1090973243837117,-0.9406857748712324,-1.1253779736215122,0.018670106100933725,-0.0822190914705081,0.227077504348618,0.75,0.75,0.139931156715417,5.360900402069092,21.0,0.0,0.0,0.0,0.0,0.0,0.0,,,0.0,-0.5387522191788232,-0.4363892975348468,,,
S1,SHORT,BB_B1_20_2.5_FULL,Y2025,103,103.0,0.5728155339805825,1.5051526796132149,1.1224867441183295,0.017279277025365723,0.009040908774477868,0.08988116139499526,-0.08007324974300117,0.10310847358943723,0.07963772919481327,0.09303297935341902,-0.051158512133746906,1.8185239459309737,0.18446601941747573,0.18446601941747573,0.14433370454452193,4.830505847930908,8.0,0.1941747572815534,0.0970873786407767,0.019417475728155338,0.0,10.0,0.0,0.17754506762798525,0.7713795171577246,0.4068908556405687,0.08410990234464412,1.7797655336126694,,,
S1,SHORT,BB_B1_20_2.5_HALF,PRE_2020_2022,152,50.7013698630137,0.3881578947368421,0.7171811949580402,1.1304720530694534,-0.015247511488298423,-0.027312235951263367,0.09961188444138781,-0.0881153003039058,-0.15081942650722832,-0.2282868917095161,0.1821896329044094,-0.08339724007125345,2.1846002667324376,0.4144736842105263,0.21052631578947367,0.15288220551378423,4.806813955307007,113.0,0.15789473684210525,0.05921052631578947,0.019736842105263157,0.0,9.0,0.0,,,-3.8865900132105917,-0.021406934339087982,-2.31762174622136,,,
S1,SHORT,BB_B1_20_2.5_HALF,DISCOVERY,16,8.005479452054795,0.0625,0.10275292335311173,1.541293850296676,-0.06810637926325522,-0.06756558882084915,0.12479290934127987,-0.08096633183689088,-0.6768734684639969,-0.8310962337048715,0.059132819518729986,-0.07499398329698331,0.7885008492555782,0.6875,0.5,0.09521200589088774,5.444278240203857,26.5,0.0625,0.0,0.0,0.0,0.0,0.0,,,-1.081982021827114,-0.17407381281343187,-1.0897020682120835,,,
S1,SHORT,BB_B1_20_2.5_HALF,STRICT_OOS,103,61.6733606557377,0.42718446601941745,0.8281380092800081,1.1104577851709199,-0.008467769219575401,-0.024231391063086034,0.09551606919411965,-0.0860150385450429,-0.07967912791954111,-0.19487319699066089,0.19654131979569003,-0.0832435298539629,2.3610401930395013,0.4854368932038835,0.1553398058252427,0.14433370454452193,4.830505847930908,88.0,0.1650485436893204,0.02912621359223301,0.009708737864077669,0.0,3.0,0.0,,,-2.156265814728028,-0.013918139784828316,-0.8721802296162664,,,
S1,SHORT,BB_B1_20_2.5_HALF,EXTENDED,107,40.04277663934427,0.411214953271028,0.779137661629685,1.1155834700606855,-0.011134040804903779,-0.02862651984428769,0.09551606919411965,-0.08561983191533284,-0.10355922252492579,-0.23014552597853438,0.19046056174140463,-0.08247464176289653,2.3093226920457934,0.48598130841121495,0.16822429906542055,0.14433370454452193,4.830505847930908,81.0,0.1588785046728972,0.028037383177570093,0.009345794392523364,0.0,3.0,0.0,,,-2.4754279512364663,-0.018816115709147978,-1.1913423661247042,,,
S1,SHORT,BB_B1_20_2.5_HALF,FULL_2023_2026,119,32.41219239373602,0.37815126050420167,0.6880643886297959,1.1314836613023311,-0.01648640586410378,-0.03917389126799066,0.09616666564183433,-0.0849916520501472,-0.15997416530366965,-0.33225283127080324,0.17806622732147695,-0.08213434712361271,2.1679873713914857,0.5126050420168067,0.20168067226890757,0.1368681294154357,4.941987991333008,75.0,0.15126050420168066,0.025210084033613446,0.008403361344537815,0.0,3.0,0.0,,,-3.2459678829401115,-0.028464015927868694,-1.9618822978283499,,,
S1,SHORT,BB_B1_20_2.5_HALF,Y2020,6,6.0,0.3333333333333333,0.04169722114659387,0.08339444229318774,-0.07671216555434403,-0.04565213657076411,0.010013591327307152,-0.12007504399516963,-0.4833179012941269,-0.3298738655704796,0.16342184066470583,-0.11355305818373414,1.4391672340544248,0.6666666666666666,0.3333333333333333,0.15288220551378434,4.170717716217041,51.5,0.0,0.0,0.0,0.0,0.0,0.0,,,-0.21155313678417764,-0.21813885939623895,-0.4602729933260642,,,
S1,SHORT,BB_B1_20_2.5_HALF,Y2021,13,13.0,0.0,0.0,,-0.10783746274914477,-0.12414975507045509,,-0.10783746274914477,-0.9120415289895853,-0.9567766319407536,0.03470925613045704,-0.08893802282375719,0.39026341072634546,0.8461538461538461,0.46153846153846156,0.10122921935056395,4.5639978219156685,34.0,0.0,0.0,0.0,0.0,0.0,0.0,,,-1.1909002853844142,-0.24724638725553477,-1.401887015738882,,,
S1,SHORT,BB_B1_20_2.5_HALF,Y2022,133,133.0,0.42857142857142855,0.9278480540680798,1.2371307387574397,-0.0034245243395219067,-0.015879911937951796,0.10275568419977661,-0.08305968074399579,-0.061414327402025085,-0.1384379025157706,0.1974516753968876,-0.08149524695503216,2.42286124374638,0.3609022556390977,0.18045112781954886,0.15288220551378426,4.838254928588867,122.0,0.18045112781954886,0.06766917293233082,0.022556390977443608,0.0,9.0,0.0,,,-2.0244300041456453,-0.0045326340961975775,-0.4554617371564136,,,
S1,SHORT,BB_B1_20_2.5_HALF,Y2023,12,12.0,0.08333333333333333,0.13938158371990075,1.5331974209189085,-0.06421166097530379,-0.06953948724044781,0.12479290934127987,-0.08139389464044776,-0.663007405080802,-0.8310962337048715,0.06755007874378852,-0.07910005325666518,0.8539827214098187,0.75,0.5,0.09182994031384478,5.444278240203857,36.0,0.08333333333333333,0.0,0.0,0.0,0.0,0.0,,,-0.7088442099292638,-0.13735114647123806,-0.7705399317036454,,,
S1,SHORT,BB_B1_20_2.5_HALF,Y2024,4,4.0,0.0,0.0,,-0.07979053412710947,-0.056772265800583935,,-0.07979053412710947,-0.7184716586135815,-0.7642237199669011,0.033881041843554394,-0.06267577341793773,0.5405763662081541,0.5,0.5,0.139931156715417,5.360900402069092,21.0,0.0,0.0,0.0,0.0,0.0,0.0,,,0.0,-0.4910186715514429,-0.3191621365084379,,,
S1,SHORT,BB_B1_20_2.5_HALF,Y2025,103,103.0,0.42718446601941745,0.8281380092800081,1.1104577851709199,-0.008467769219575401,-0.024231391063086034,0.09551606919411965,-0.0860150385450429,-0.07967912791954111,-0.19487319699066089,0.19654131979569003,-0.0832435298539629,2.3610401930395013,0.4854368932038835,0.1553398058252427,0.14433370454452193,4.830505847930908,88.0,0.1650485436893204,0.02912621359223301,0.009708737864077669,0.0,3.0,0.0,,,-2.156265814728028,-0.013918139784828316,-0.8721802296162664,,,
S1,SHORT,BB_B1_20_2_FULL,PRE_2020_2022,152,50.7013698630137,0.4276315789473684,0.7860991457836582,1.0521634720488964,-0.005986714686995216,-0.00568750610340465,0.051449788983085026,-0.048899045015216074,-0.05381074304601836,-0.04462709270539578,0.055512631221966875,-0.04650492422456662,1.1936936173447599,0.10526315789473684,0.10526315789473684,0.15288220551378423,4.806813955307007,5.0,0.07894736842105263,0.0,0.0,0.0,0.0,0.0,,,-1.6653734183792928,-0.05548662392824834,-0.9099806324232728,,,
S1,SHORT,BB_B1_20_2_FULL,DISCOVERY,16,8.005479452054795,0.25,0.10521245816205226,0.3156373744861568,-0.030776620443533444,-0.012134450590543484,0.014475319511639172,-0.04586060042859098,-0.3174618818772438,-0.10688088543042895,0.015051483404501055,-0.03536705589968789,0.42557920136727817,0.25,0.25,0.09521200589088774,5.444278240203857,5.0,0.0,0.0,0.0,0.0,0.0,0.0,,,-0.545795605952305,-0.43195256762853956,-0.4924259270965351,,,
S1,SHORT,BB_B1_20_2_FULL,STRICT_OOS,103,61.6733606557377,0.46601941747572817,1.3120224705931316,1.5033590808879636,0.007651666928741735,-0.00203766200642631,0.0690410593452037,-0.04592453008926144,0.04721282550151801,-0.014905862936347188,0.0552784396120876,-0.040453454503911454,1.3664701887633037,0.07766990291262135,0.07766990291262135,0.14433370454452193,4.830505847930908,4.0,0.14563106796116504,0.02912621359223301,0.009708737864077669,0.0,3.0,0.0,0.41699837289228264,1.5573606023859414,-0.4392679819319883,0.10494296853001316,0.7881216936603987,,,
S1,SHORT,BB_B1_20_2_FULL,EXTENDED,107,40.04277663934427,0.45794392523364486,1.2557774877621668,1.4864304957184833,0.006340532966412062,-0.0024908980873280155,0.06797728866656425,-0.04573189857337167,0.031846167018679955,-0.016292923554817693,0.05384640776864422,-0.040480428728696775,1.330183732230885,0.08411214953271028,0.08411214953271028,0.14433370454452193,4.830505847930908,4.0,0.14018691588785046,0.028037383177570093,0.009345794392523364,0.0,3.0,0.0,0.4844155767176011,1.8091431127884343,-0.5489526481862964,0.08720270275142553,0.6784370274060906,,,
S1,SHORT,BB_B1_20_2_FULL,FULL_2023_2026,119,32.41219239373602,0.4369747899159664,1.0961244519019775,1.4123141976429328,0.0024848383744862507,-0.005674129024429639,0.06484369474262182,-0.04591308000078314,-0.001819067927559206,-0.03873263316841017,0.04986977323123564,-0.03976956897729316,1.2539681599191908,0.10084033613445378,0.10084033613445378,0.1368681294154357,4.941987991333008,4.0,0.12605042016806722,0.025210084033613446,0.008403361344537815,0.0,3.0,0.0,1.1114310756509127,4.660599216150804,-0.9316939090285231,0.034184481683683675,0.2956957665638638,,,
S1,SHORT,BB_B1_20_2_FULL,Y2020,6,6.0,0.5,0.26525797216878044,0.26525797216878044,-0.04770765779943759,0.00160751206894263,0.03444701973059832,-0.12986233532947353,-0.28361197501568786,0.015244248231924818,0.054685900183291426,-0.08687724591252029,0.6294617147320318,0.3333333333333333,0.3333333333333333,0.15288220551378434,4.170717716217041,5.0,0.0,0.0,0.0,0.0,0.0,0.0,,,-0.21155313678417764,-0.6815379685633942,-0.28624594679662557,,,
S1,SHORT,BB_B1_20_2_FULL,Y2021,13,13.0,0.15384615384615385,0.02275749187746104,0.12516620532603573,-0.0536370203232884,-0.013318638741177453,0.0081189533685379,-0.06486537917634771,-0.41913970508768705,-0.17947565492924406,0.023664232402730294,-0.054546184656777644,0.43383845362665324,0.3076923076923077,0.3076923076923077,0.10122921935056395,4.5639978219156685,4.0,0.0,0.0,0.0,0.0,0.0,0.0,,,-0.6977079493174647,-0.49104314380475295,-0.6972812642027492,,,
S1,SHORT,BB_B1_20_2_FULL,Y2022,133,133.0,0.45112781954887216,1.023339890171619,1.2450635330421367,0.0005529817938052776,-0.0032257609439070214,0.05374428863286092,-0.04316590053966511,-0.007734924261358886,-0.03819640600742521,0.05866292874739642,-0.04389762861745034,1.3363575800100629,0.07518796992481203,0.07518796992481203,0.15288220551378426,4.838254928588867,5.0,0.09022556390977443,0.0,0.0,0.0,0.0,0.0,2.222112645667883,13.552034357806546,-0.6818462073799176,0.005051276001105901,0.07354657857610192,,,
S1,SHORT,BB_B1_20_2_FULL,Y2023,12,12.0,0.25,0.09672514424444141,0.29017543273332425,-0.031895105070185566,-0.012134450590543484,0.013661660651562218,-0.04708069364410149,-0.30200074619819156,-0.10688088543042895,0.014411448606009227,-0.03343106952727767,0.43107949610317986,0.25,0.25,0.09182994031384478,5.444278240203857,5.0,0.0,0.0,0.0,0.0,0.0,0.0,,,-0.411435496837279,-0.43993248372669747,-0.38274126084222676,,,
S1,SHORT,BB_B1_20_2_FULL,Y2024,4,4.0,0.25,0.13361901662022152,0.40085704986066456,-0.027421166563577064,-0.029774154524889816,0.016916296091870037,-0.04220032078205943,-0.3638452889144003,-0.20179012417938255,0.01697158779997654,-0.04117501501691856,0.4121817027389794,0.25,0.25,0.139931156715417,5.360900402069092,4.5,0.0,0.0,0.0,0.0,0.0,0.0,,,0.0,-0.4062395046455861,-0.10968466625430826,,,
S1,SHORT,BB_B1_20_2_FULL,Y2025,103,103.0,0.46601941747572817,1.3120224705931316,1.5033590808879636,0.007651666928741735,-0.00203766200642631,0.0690410593452037,-0.04592453008926144,0.04721282550151801,-0.014905862936347188,0.0552784396120876,-0.040453454503911454,1.3664701887633037,0.07766990291262135,0.07766990291262135,0.14433370454452193,4.830505847930908,4.0,0.14563106796116504,0.02912621359223301,0.009708737864077669,0.0,3.0,0.0,0.41699837289228264,1.5573606023859414,-0.4392679819319883,0.10494296853001316,0.7881216936603987,,,
S1,SHORT,BB_B1_20_2_HALF,PRE_2020_2022,152,50.7013698630137,0.3815789473684211,0.617144922734771,1.000200392018422,-0.018452545194811397,-0.03829506923503189,0.07795152601678768,-0.07793590828281934,-0.16507003575132134,-0.28278250714624953,0.18114533523769152,-0.0833292666195551,2.173850107966529,0.4144736842105263,0.09868421052631579,0.15288220551378423,4.806813955307007,110.5,0.10526315789473684,0.03289473684210526,0.006578947368421052,0.0,5.0,0.0,,,-4.089090242465082,-0.030538264136440008,-2.8047868696113323,,,
S1,SHORT,BB_B1_20_2_HALF,DISCOVERY,16,8.005479452054795,0.0625,0.15536285352504087,2.330442802875613,-0.05093883630940691,-0.061143558551070454,0.14991531920760096,-0.0643291133438741,-0.5070544697880663,-0.5814698774591468,0.059132819518729986,-0.07499398329698331,0.7885008492555782,0.6875,0.25,0.09521200589088774,5.444278240203857,26.5,0.0625,0.0,0.0,0.0,0.0,0.0,,,-0.8586387670493694,-0.15628406154372207,-0.8150213809505106,,,
S1,SHORT,BB_B1_20_2_HALF,STRICT_OOS,103,61.6733606557377,0.3883495145631068,0.69371626240352,1.0926031132855438,-0.014268238391383942,-0.03765982763482324,0.08321574921179441,-0.07616283369498927,-0.11579741465221773,-0.30767215871556747,0.1934000467703785,-0.0832435298539629,2.323304250908955,0.47572815533980584,0.06796116504854369,0.14433370454452193,4.830505847930908,86.0,0.1262135922330097,0.02912621359223301,0.009708737864077669,0.009708737864077669,3.0,1.0,,,-2.7248258615090517,-0.026264472420919418,-1.469628554312546,,,
S1,SHORT,BB_B1_20_2_HALF,EXTENDED,107,40.04277663934427,0.37383177570093457,0.6667333895279,1.1167784274592325,-0.015549675877427132,-0.03765982763482324,0.08321574921179441,-0.07451410876651463,-0.13035901394903937,-0.30767215871556747,0.18743671948339446,-0.08247464176289653,2.272658789137269,0.4766355140186916,0.07476635514018691,0.14433370454452193,4.830505847930908,78.0,0.12149532710280374,0.028037383177570093,0.009345794392523364,0.009345794392523364,3.0,1.0,,,-2.9190126260812086,-0.029466312209062304,-1.6638153188847031,,,
S1,SHORT,BB_B1_20_2_HALF,FULL_2023_2026,119,32.41219239373602,0.3445378151260504,0.6035792911945442,1.1482727978823037,-0.019198738951790386,-0.044565948355825544,0.08484256799217994,-0.07388711824285171,-0.16840340525871844,-0.34385684245065506,0.17534731033318207,-0.08213434712361271,2.134884082895104,0.5042016806722689,0.09243697478991597,0.1368681294154357,4.941987991333008,67.0,0.11764705882352941,0.025210084033613446,0.008403361344537815,0.008403361344537815,3.0,1.0,,,-3.5398472424595626,-0.03734918972148203,-2.284649935263056,,,
S1,SHORT,BB_B1_20_2_HALF,Y2020,6,6.0,0.3333333333333333,0.04012724214376739,0.08025448428753477,-0.07984413092615669,-0.05504803352267765,0.010013592163782708,-0.1247729924711264,-0.5078769481052208,-0.4035510114751341,0.16342184066470583,-0.11355305818373414,1.4391672340544248,0.6666666666666666,0.3333333333333333,0.15288220551378434,4.170717716217041,51.5,0.0,0.0,0.0,0.0,0.0,0.0,,,-0.21155313678417764,-0.2281260883604477,-0.47906478555694015,,,
S1,SHORT,BB_B1_20_2_HALF,Y2021,13,13.0,0.0,0.0,,-0.08807449498849158,-0.06810355238761527,,-0.08807449498849158,-0.7738477135022711,-0.8418283796506553,0.03470925613045704,-0.0883066112351706,0.39305387948839215,0.8461538461538461,0.3076923076923077,0.10122921935056395,4.5639978219156685,34.0,0.0,0.0,0.0,0.0,0.0,0.0,,,-0.9469999178975161,-0.25787577361495284,-1.1449684348503906,,,
S1,SHORT,BB_B1_20_2_HALF,Y2022,133,133.0,0.42105263157894735,0.7921908978507801,1.0892624845448227,-0.008877846986496251,-0.023953831562098203,0.08037788079725214,-0.07379110355649508,-0.09010047721834584,-0.1944307654534288,0.19625819234921008,-0.08147927993242671,2.408688350117638,0.3609022556390977,0.06766917293233082,0.15288220551378426,4.838254928588867,122.0,0.12030075187969924,0.03759398496240601,0.007518796992481203,0.0,5.0,0.0,,,-2.465057022057752,-0.01384155265463925,-1.1807536492040014,,,
S1,SHORT,BB_B1_20_2_HALF,Y2023,12,12.0,0.08333333333333333,0.19450578233734053,2.139563605710746,-0.051736218031529474,-0.061143558551070454,0.14991531920760096,-0.07006817596235952,-0.5076325611033566,-0.5928994709033437,0.06755007874378852,-0.07910005325666518,0.8539827214098187,0.75,0.25,0.09182994031384478,5.444278240203857,36.0,0.08333333333333333,0.0,0.0,0.0,0.0,0.0,,,-0.6251333212856356,-0.1319520969985874,-0.6208346163783537,,,
S1,SHORT,BB_B1_20_2_HALF,Y2024,4,4.0,0.0,0.0,,-0.048546691143039195,-0.04527896228464493,,-0.048546691143039195,-0.5053201958421956,-0.3525184125950378,0.033881041843554394,-0.06267577341793773,0.5405763662081541,0.5,0.25,0.139931156715417,5.360900402069092,21.0,0.0,0.0,0.0,0.0,0.0,0.0,,,0.0,-0.3807583619061898,-0.19418676457215678,,,
S1,SHORT,BB_B1_20_2_HALF,Y2025,103,103.0,0.3883495145631068,0.69371626240352,1.0926031132855438,-0.014268238391383942,-0.03765982763482324,0.08321574921179441,-0.07616283369498927,-0.11579741465221773,-0.30767215871556747,0.1934000467703785,-0.0832435298539629,2.323304250908955,0.47572815533980584,0.06796116504854369,0.14433370454452193,4.830505847930908,86.0,0.1262135922330097,0.02912621359223301,0.009708737864077669,0.009708737864077669,3.0,1.0,,,-2.7248258615090517,-0.026264472420919418,-1.469628554312546,,,
S1,SHORT,BB_B1_30_2_FULL,PRE_2020_2022,152,50.7013698630137,0.4407894736842105,0.7891529750310196,1.0011642220542787,-0.005722646399158704,-0.003719361785644844,0.048591400626873275,-0.04853489523144273,-0.0553015996430322,-0.0332834152468598,0.05661179751248284,-0.04310008217776263,1.3134962777795245,0.09210526315789473,0.09210526315789473,0.15288220551378423,4.806813955307007,5.0,0.07894736842105263,0.0,0.0,0.0,0.0,0.0,,,-1.6739490553209873,-0.06015506588327268,-0.869842252672123,,,
S1,SHORT,BB_B1_30_2_FULL,DISCOVERY,16,8.005479452054795,0.1875,0.04045330982406982,0.17529767590430256,-0.05773710424498685,-0.04156051711068752,0.012982002107342771,-0.07405689801860138,-0.5605946677953564,-0.4862992741627775,0.015928207772233173,-0.05322711195065695,0.2992498970637196,0.375,0.375,0.09521200589088774,5.444278240203857,7.5,0.0,0.0,0.0,0.0,0.0,0.0,,,-0.9374493637217318,-0.3622720266352116,-0.9237936679197896,,,
S1,SHORT,BB_B1_30_2_FULL,STRICT_OOS,103,61.6733606557377,0.4368932038834951,1.0539688348909686,1.3584487205261373,0.0015176445655113177,-0.006243560917429843,0.06783901116485974,-0.04993858814087968,0.008225056718354268,-0.04083902960745099,0.060789315426167466,-0.04229564819060336,1.4372475189935205,0.08737864077669903,0.08737864077669903,0.14433370454452193,4.830505847930908,5.0,0.13592233009708737,0.038834951456310676,0.0,0.0,4.0,0.0,1.71308774153667,6.855273973039466,-0.9152811466506106,0.02087014556043601,0.15631739024766572,,,
S1,SHORT,BB_B1_30_2_FULL,EXTENDED,107,40.04277663934427,0.42990654205607476,0.9742526249814231,1.2919436983449306,-0.0007581555386943655,-0.007068006973956294,0.06673027029198246,-0.051651066820844097,-0.015081257409833316,-0.04365195855751963,0.05915126953359958,-0.0431849012530636,1.369721078831998,0.102803738317757,0.102803738317757,0.14433370454452193,4.830505847930908,5.0,0.1308411214953271,0.037383177570093455,0.0,0.0,4.0,0.0,,,-1.1527211795385732,-0.009990473231563685,-0.08112264264029712,,,
S1,SHORT,BB_B1_30_2_FULL,FULL_2023_2026,119,32.41219239373602,0.40336134453781514,0.8011295876613386,1.1850041817490633,-0.006449380484639698,-0.011365069121654435,0.06441044809876492,-0.05435461671004001,-0.0682549062414724,-0.07961485327666208,0.054757569859251926,-0.04376542483061056,1.251160478189925,0.12605042016806722,0.12605042016806722,0.1368681294154357,4.941987991333008,5.0,0.11764705882352941,0.03361344537815126,0.0,0.0,4.0,0.0,,,-1.8390748145704003,-0.07644186032590877,-0.7674762776721241,,,
S1,SHORT,BB_B1_30_2_FULL,Y2020,6,6.0,0.6666666666666666,0.09211530482472535,0.046057652412362676,-0.058860571112258786,0.0023048424766664473,0.008958119041399395,-0.19449795141957515,-0.3565629981602068,0.019805474997200284,0.054685900183291426,-0.08687724591252029,0.6294617147320318,0.0,0.0,0.15288220551378434,4.170717716217041,5.5,0.0,0.0,0.0,0.0,0.0,0.0,,,-0.21155313678417764,-0.7848076148301172,-0.3531634266735527,,,
S1,SHORT,BB_B1_30_2_FULL,Y2021,13,13.0,0.15384615384615385,0.02292177063327591,0.1260697384830175,-0.05324365548542854,-0.01100210575954301,0.0081189533685379,-0.06440049345887698,-0.4137537767573499,-0.14825915584674995,0.023973548498473825,-0.05748465855948258,0.4170425483812704,0.3076923076923077,0.3076923076923077,0.10122921935056395,4.5639978219156685,4.0,0.0,0.0,0.0,0.0,0.0,0.0,,,-0.6953914163358302,-0.36239137241391156,-0.692167521310571,,,
S1,SHORT,BB_B1_30_2_FULL,Y2022,133,133.0,0.45864661654135336,1.0579540759533148,1.2487326798137486,0.0013194638745263221,-0.002321762332459761,0.052517269821276,-0.04205645505258104,-0.006674180894241384,-0.018475000694230227,0.059888884889605136,-0.03971916131031222,1.5078083955930932,0.07518796992481203,0.07518796992481203,0.15288220551378426,4.838254928588867,5.0,0.09022556390977443,0.0,0.0,0.0,0.0,0.0,0.9977682459999587,6.107010314769687,-0.6286181073368635,0.01450319795966949,0.17548869531200084,,,
S1,SHORT,BB_B1_30_2_FULL,Y2023,12,12.0,0.16666666666666666,0.031207112225949726,0.15603556112974865,-0.05719613625265224,-0.03394366700321948,0.011054537654761512,-0.070846271034135,-0.5423866083235874,-0.4862992741627775,0.01558041442965205,-0.0489417600637377,0.31834601798875656,0.3333333333333333,0.3333333333333333,0.09182994031384478,5.444278240203857,7.5,0.0,0.0,0.0,0.0,0.0,0.0,,,-0.6524002270107822,-0.3574758515790765,-0.6863536350318269,,,
S1,SHORT,BB_B1_30_2_FULL,Y2024,4,4.0,0.25,0.06621492861262805,0.19864478583788414,-0.05936000822199068,-0.058010071834775565,0.016836931012505288,-0.08475898796682267,-0.6152188462106634,-0.7042775674565149,0.01697158779997654,-0.0660831676114147,0.25682164480633946,0.5,0.5,0.139931156715417,5.360900402069092,12.0,0.0,0.0,0.0,0.0,0.0,0.0,,,0.0,-0.3768889410920043,-0.23744003288796273,,,
S1,SHORT,BB_B1_30_2_FULL,Y2025,103,103.0,0.4368932038834951,1.0539688348909686,1.3584487205261373,0.0015176445655113177,-0.006243560917429843,0.06783901116485974,-0.04993858814087968,0.008225056718354268,-0.04083902960745099,0.060789315426167466,-0.04229564819060336,1.4372475189935205,0.08737864077669903,0.08737864077669903,0.14433370454452193,4.830505847930908,5.0,0.13592233009708737,0.038834951456310676,0.0,0.0,4.0,0.0,1.71308774153667,6.855273973039466,-0.9152811466506106,0.02087014556043601,0.15631739024766572,,,
S1,SHORT,BB_B1_30_2_HALF,PRE_2020_2022,152,50.7013698630137,0.3684210526315789,0.615073152173039,1.0544111180109241,-0.018291754745486256,-0.03266021245580643,0.0793340266963661,-0.07524012725323347,-0.16538108347697494,-0.2425539837501559,0.18165776256157368,-0.08329715360684503,2.180839977065504,0.4144736842105263,0.08552631578947369,0.15288220551378423,4.806813955307007,110.5,0.10526315789473684,0.039473684210526314,0.006578947368421052,0.0,6.0,0.0,,,-4.1111884599739765,-0.030573418972002542,-2.780346721313911,,,
S1,SHORT,BB_B1_30_2_HALF,DISCOVERY,16,8.005479452054795,0.0625,0.13164424976533878,1.9746637464800816,-0.06180474541911053,-0.06426772020453636,0.14991531920760096,-0.07591941639422464,-0.6075273924509368,-0.7537887056247488,0.059132819518729986,-0.07499398329698331,0.7885008492555782,0.6875,0.3125,0.09521200589088774,5.444278240203857,26.5,0.0625,0.0,0.0,0.0,0.0,0.0,,,-0.9996227699351157,-0.17079031549322427,-0.9888759267057685,,,
S1,SHORT,BB_B1_30_2_HALF,STRICT_OOS,103,61.6733606557377,0.3883495145631068,0.636206776661144,1.0020256732413018,-0.017336020107750275,-0.03339838180555865,0.0780675088777675,-0.07790968930490443,-0.13522994609228461,-0.2745033318798544,0.1934000467703785,-0.0832435298539629,2.323304250908955,0.47572815533980584,0.07766990291262135,0.14433370454452193,4.830505847930908,86.0,0.10679611650485436,0.019417475728155338,0.0,0.0,2.0,0.0,,,-2.8720189762036026,-0.03191724141743281,-1.7856100710982783,,,
S1,SHORT,BB_B1_30_2_HALF,EXTENDED,107,40.04277663934427,0.37383177570093457,0.6088663632369394,1.0198511584218735,-0.01874777440184635,-0.034347212688752085,0.0780675088777675,-0.07654794352400388,-0.15099356362911784,-0.2848712458179628,0.18743671948339446,-0.08247464176289653,2.272658789137269,0.4766355140186916,0.08411214953271028,0.14433370454452193,4.830505847930908,78.0,0.102803738317757,0.018691588785046728,0.0,0.0,2.0,0.0,,,-3.092420766102884,-0.03550149298287868,-2.0060118609975595,,,
S1,SHORT,BB_B1_30_2_HALF,FULL_2023_2026,119,32.41219239373602,0.3445378151260504,0.5411874732328938,1.0295761685894078,-0.023315008384907958,-0.04343976468318959,0.07981989449556831,-0.07752694451438907,-0.1987321237539521,-0.36595107581876096,0.17534731033318207,-0.08213434712361271,2.134884082895104,0.5042016806722689,0.1092436974789916,0.1368681294154357,4.941987991333008,67.0,0.10084033613445378,0.01680672268907563,0.0,0.0,2.0,0.0,,,-3.860894902909371,-0.044941864384936366,-2.774485997804047,,,
S1,SHORT,BB_B1_30_2_HALF,Y2020,6,6.0,0.3333333333333333,0.038944893506878145,0.07788978701375629,-0.08540074631272603,-0.07208638615608881,0.010382098637485886,-0.13329216878783198,-0.5442226782567152,-0.5149985967330202,0.16342184066470583,-0.11355305818373414,1.4391672340544248,0.6666666666666666,0.0,0.15288220551378434,4.170717716217041,51.5,0.0,0.0,0.0,0.0,0.0,0.0,,,-0.21155313678417764,-0.24227162074532202,-0.5124044778763561,,,
S1,SHORT,BB_B1_30_2_HALF,Y2021,13,13.0,0.0,0.0,,-0.08772823991998902,-0.06810355238761527,,-0.08772823991998902,-0.7691367638938118,-0.837553411391053,0.03470925613045704,-0.0883066112351706,0.39305387948839215,0.8461538461538461,0.3076923076923077,0.10122921935056395,4.5639978219156685,34.0,0.0,0.0,0.0,0.0,0.0,0.0,,,-0.9439765720416196,-0.24342948110135693,-1.1404671189598572,,,
S1,SHORT,BB_B1_30_2_HALF,Y2022,133,133.0,0.40601503759398494,0.7968299657658633,1.1657327276945038,-0.008477256575020286,-0.024173809783194476,0.08188780180965795,-0.07024577749619274,-0.08927677209278458,-0.16887432754291715,0.1968438235765039,-0.08144257934647235,2.4169645062331893,0.3609022556390977,0.06766917293233082,0.15288220551378426,4.838254928588867,122.0,0.12030075187969924,0.045112781954887216,0.007518796992481203,0.0,6.0,0.0,,,-2.458316863137763,-0.013399989594458022,-1.127475124477698,,,
S1,SHORT,BB_B1_30_2_HALF,Y2023,12,12.0,0.08333333333333333,0.16323719553385344,1.795609150872388,-0.0640395114005406,-0.06426772020453636,0.14991531920760096,-0.08348995054673526,-0.6244009515337243,-0.7855732819838193,0.06755007874378852,-0.07910005325666518,0.8539827214098187,0.75,0.3333333333333333,0.09182994031384478,5.444278240203857,36.0,0.08333333333333333,0.0,0.0,0.0,0.0,0.0,,,-0.7485337343364222,-0.14693578141615432,-0.7684741368064871,,,
S1,SHORT,BB_B1_30_2_HALF,Y2024,4,4.0,0.0,0.0,,-0.05510044747482039,-0.056772265800583935,,-0.05510044747482039,-0.5569067152025742,-0.4556914513157951,0.033881041843554394,-0.06267577341793773,0.5405763662081541,0.5,0.25,0.139931156715417,5.360900402069092,21.0,0.0,0.0,0.0,0.0,0.0,0.0,,,0.0,-0.3935746248201456,-0.22040178989928155,,,
S1,SHORT,BB_B1_30_2_HALF,Y2025,103,103.0,0.3883495145631068,0.636206776661144,1.0020256732413018,-0.017336020107750275,-0.03339838180555865,0.0780675088777675,-0.07790968930490443,-0.13522994609228461,-0.2745033318798544,0.1934000467703785,-0.0832435298539629,2.323304250908955,0.47572815533980584,0.07766990291262135,0.14433370454452193,4.830505847930908,86.0,0.10679611650485436,0.019417475728155338,0.0,0.0,2.0,0.0,,,-2.8720189762036026,-0.03191724141743281,-1.7856100710982783,,,
S1,SHORT,BB_B2_20_2.5_FULL,PRE_2020_2022,152,50.7013698630137,0.5460526315789473,0.9743866541762387,0.8100322787730178,-0.0010685370884957659,0.0043263862484693326,0.07444235612129427,-0.09190048109447506,-0.024595526102892687,0.027732616619703304,0.0811923042495069,-0.06653692175998312,1.2202594003730702,0.25,0.25,0.15288220551378423,4.806813955307007,24.0,0.14473684210526316,0.03289473684210526,0.006578947368421052,0.0,5.0,0.0,,,-1.4229162487770939,-0.003131244215372207,-0.1624176374513564,,,
S1,SHORT,BB_B2_20_2.5_FULL,DISCOVERY,16,8.005479452054795,0.0625,0.022314247470235762,0.33471371205353645,-0.06742232016287504,-0.06756558882084915,0.024621053678878208,-0.0735585450856586,-0.6784555135571655,-1.0740043817279261,0.018438842440668006,-0.06203204630724825,0.29724704468621543,0.5625,0.5625,0.09521200589088774,5.444278240203857,15.0,0.0,0.0,0.0,0.0,0.0,0.0,,,-1.0737829626311217,-0.3145064497393588,-1.0787571226060007,,,
S1,SHORT,BB_B2_20_2.5_FULL,STRICT_OOS,103,61.6733606557377,0.6019417475728155,1.596285979905586,1.055608470582726,0.0190247530560612,0.013790918296853964,0.08460979924308737,-0.08015263386090521,0.12115191389410851,0.09691357810823682,0.09076626919022224,-0.05032713371832704,1.8035255037218412,0.18446601941747573,0.18446601941747573,0.14433370454452193,4.830505847930908,7.0,0.22330097087378642,0.05825242718446602,0.009708737864077669,0.0,6.0,0.0,0.1597641824194467,0.6414831381810365,0.7025315605415993,0.09591529930368593,1.9595495647743035,,,
S1,SHORT,BB_B2_20_2.5_FULL,EXTENDED,107,40.04277663934427,0.5794392523364486,1.417749131651604,1.0290114665213255,0.014445904592958537,0.010168045585938324,0.08460979924308737,-0.0822243502583301,0.08283563721261507,0.08298779633543235,0.08807108552333294,-0.051519356438034736,1.7094756536654538,0.205607476635514,0.205607476635514,0.14433370454452193,4.830505847930908,7.0,0.21495327102803738,0.056074766355140186,0.009345794392523364,0.0,6.0,0.0,0.20253829715147914,0.8132292262947136,0.28869378721385874,0.07280790350666809,1.5457117914465635,,,
S1,SHORT,BB_B2_20_2.5_FULL,FULL_2023_2026,119,32.41219239373602,0.5294117647058824,1.200652721351948,1.0672468634239538,0.007401617161078176,0.004059861871028515,0.08365759693254439,-0.07838636008182129,0.013641671547718752,0.04325152128290878,0.08104157315666874,-0.05190090347818198,1.5614674837160951,0.23529411764705882,0.23529411764705882,0.1368681294154357,4.941987991333008,8.0,0.19327731092436976,0.05042016806722689,0.008403361344537815,0.0,6.0,0.0,0.355436558192819,1.6605073827818335,-0.3762255620644014,0.036915022722896186,0.880792442168303,,,
S1,SHORT,BB_B2_20_2.5_FULL,Y2020,6,6.0,0.5,0.23049720640801952,0.23049720640801952,-0.049954536729936876,0.00484398910593508,0.029926807958445472,-0.12983588141831923,-0.2820887540365633,0.03168445333226387,0.04357517151456839,-0.08687724591252029,0.501571741333119,0.3333333333333333,0.3333333333333333,0.15288220551378434,4.170717716217041,3.0,0.0,0.0,0.0,0.0,0.0,0.0,,,-0.21155313678417764,-0.7310420009259055,-0.29972722037962124,,,
S1,SHORT,BB_B2_20_2.5_FULL,Y2021,13,13.0,0.15384615384615385,0.03950592221846173,0.2172825722015395,-0.0878814422692485,-0.12414975507045509,0.023495140438451897,-0.10813173003428496,-0.6093403388729471,-1.0555961748633873,0.029803020717104466,-0.07955035974980701,0.37464344361028196,0.5384615384615384,0.5384615384615384,0.10122921935056395,4.5639978219156685,34.0,0.0,0.0,0.0,0.0,0.0,0.0,,,-1.1629987684583993,-0.27008481075655566,-1.1424587495002305,,,
S1,SHORT,BB_B2_20_2.5_FULL,Y2022,133,133.0,0.5864661654135338,1.268736013210659,0.8946215477767467,0.009622318288936057,0.011442205950618567,0.07746083145275875,-0.08658502765248523,0.04417621775885718,0.08715467333481886,0.0879123304324457,-0.06434732297214149,1.3662158170978835,0.21804511278195488,0.21804511278195488,0.15288220551378426,4.838254928588867,25.0,0.16541353383458646,0.03759398496240601,0.007518796992481203,0.0,5.0,0.0,0.2697686972744354,1.2828007740731384,0.019269721102759207,0.027096513496262877,1.2797683324284956,,,
S1,SHORT,BB_B2_20_2.5_FULL,Y2023,12,12.0,0.08333333333333333,0.03570646995199881,0.39277116947198687,-0.05540994577318834,-0.0498610083496349,0.024621053678878208,-0.06268549117792166,-0.6033378556309403,-0.7027725960115545,0.018361754553912767,-0.055303031252828296,0.3320207615739637,0.5,0.5,0.09182994031384478,5.444278240203857,10.5,0.0,0.0,0.0,0.0,0.0,0.0,,,-0.6599451893033811,-0.2528210453529506,-0.6649193492782601,,,
S1,SHORT,BB_B2_20_2.5_FULL,Y2024,4,4.0,0.0,0.0,,-0.10345944333193512,-0.10265473676365777,,-0.10345944333193512,-0.9038084873358413,-1.1253779736215122,0.018670106100933725,-0.0822190914705081,0.227077504348618,0.75,0.75,0.139931156715417,5.360900402069092,21.0,0.0,0.0,0.0,0.0,0.0,0.0,,,0.0,-0.5172972166596755,-0.41383777332774047,,,
S1,SHORT,BB_B2_20_2.5_FULL,Y2025,103,103.0,0.6019417475728155,1.596285979905586,1.055608470582726,0.0190247530560612,0.013790918296853964,0.08460979924308737,-0.08015263386090521,0.12115191389410851,0.09691357810823682,0.09076626919022224,-0.05032713371832704,1.8035255037218412,0.18446601941747573,0.18446601941747573,0.14433370454452193,4.830505847930908,7.0,0.22330097087378642,0.05825242718446602,0.009708737864077669,0.0,6.0,0.0,0.1597641824194467,0.6414831381810365,0.7025315605415993,0.09591529930368593,1.9595495647743035,,,
S1,SHORT,BB_B2_20_2.5_HALF,PRE_2020_2022,152,50.7013698630137,0.3815789473684211,0.7140445741639806,1.1572446546795545,-0.015299310886226783,-0.033678606272281475,0.10011852576821643,-0.08651457180067047,-0.14862616774623047,-0.25940820534428344,0.1820544805325902,-0.08339724007125345,2.1829796810667284,0.4144736842105263,0.21052631578947367,0.15288220551378423,4.806813955307007,113.0,0.15789473684210525,0.06578947368421052,0.013157894736842105,0.0,10.0,0.0,,,-3.8579883300833266,-0.021584325735163088,-2.325495254706471,,,
S1,SHORT,BB_B2_20_2.5_HALF,DISCOVERY,16,8.005479452054795,0.0625,0.10961635619815815,1.6442453429723722,-0.06642909940980067,-0.06756558882084915,0.1308508461226521,-0.07958109577863086,-0.6632755046234703,-0.8310962337048715,0.059132819518729986,-0.07499398329698331,0.7885008492555782,0.6875,0.5,0.09521200589088774,5.444278240203857,26.5,0.0625,0.0,0.0,0.0,0.0,0.0,,,-1.0739909528416336,-0.17060442866080427,-1.0628655905568107,,,
S1,SHORT,BB_B2_20_2.5_HALF,STRICT_OOS,103,61.6733606557377,0.42718446601941745,0.8402537979343003,1.1267039563209935,-0.007620073583638977,-0.026046726964978412,0.09382609808257159,-0.08327484567369434,-0.07085736814078324,-0.23286312635397916,0.19654131979569003,-0.0832435298539629,2.3610401930395013,0.4854368932038835,0.1553398058252427,0.14433370454452193,4.830505847930908,88.0,0.17475728155339806,0.02912621359223301,0.009708737864077669,0.0,3.0,0.0,,,-2.01208728336403,-0.012598195491409545,-0.7848675791148146,,,
S1,SHORT,BB_B2_20_2.5_HALF,EXTENDED,107,40.04277663934427,0.411214953271028,0.7906983479533376,1.1321362709331877,-0.010213024636068989,-0.02862651984428769,0.09382609808257159,-0.08287526907448464,-0.09438037888528736,-0.23426875523507348,0.19046056174140463,-0.08247464176289653,2.3093226920457934,0.48598130841121495,0.16822429906542055,0.14433370454452193,4.830505847930908,81.0,0.16822429906542055,0.028037383177570093,0.009345794392523364,0.0,3.0,0.0,,,-2.3200133403085976,-0.01736108723583099,-1.0927936360593817,,,
S1,SHORT,BB_B2_20_2.5_HALF,FULL_2023_2026,119,32.41219239373602,0.37815126050420167,0.6974367703138216,1.14689602229384,-0.015527169493038872,-0.03455634645975701,0.09464887026124005,-0.08252611258685713,-0.1505102268275311,-0.278148872784918,0.17806622732147695,-0.08213434712361271,2.1679873713914857,0.5126050420168067,0.20168067226890757,0.1368681294154357,4.941987991333008,75.0,0.15966386554621848,0.025210084033613446,0.008403361344537815,0.0,3.0,0.0,,,-3.0749528739208407,-0.026962398506809072,-1.8477331696716257,,,
S1,SHORT,BB_B2_20_2.5_HALF,Y2020,6,6.0,0.3333333333333333,0.05881063443457385,0.1176212688691477,-0.08097418414802009,-0.06360372432356592,0.015179123299080787,-0.12905083787157054,-0.5071406317369622,-0.44796721734883704,0.16342184066470583,-0.11355305818373414,1.4391672340544248,0.6666666666666666,0.3333333333333333,0.15288220551378434,4.170717716217041,51.5,0.0,0.0,0.0,0.0,0.0,0.0,,,-0.21155313678417764,-0.2319069713069788,-0.48584510488812055,,,
S1,SHORT,BB_B2_20_2.5_HALF,Y2021,13,13.0,0.0,0.0,,-0.10723608159928708,-0.12414975507045509,,-0.10723608159928708,-0.9004496393082977,-0.9567766319407536,0.03470925613045704,-0.08893802282375719,0.39026341072634546,0.8461538461538461,0.46153846153846156,0.10122921935056395,4.5639978219156685,34.0,0.0,0.0,0.0,0.0,0.0,0.0,,,-1.1916292095098147,-0.24717536538842766,-1.394069060790732,,,
S1,SHORT,BB_B2_20_2.5_HALF,Y2022,133,133.0,0.42105263157894735,0.9283873162223046,1.276532559805669,-0.003350233752087363,-0.018933753388510874,0.10315207585639985,-0.08080645892189625,-0.0589660781653939,-0.1546461916006996,0.19729721554337995,-0.08149524695503216,2.420965920285456,0.3609022556390977,0.18045112781954886,0.15288220551378426,4.838254928588867,122.0,0.18045112781954886,0.07518796992481203,0.015037593984962405,0.0,10.0,0.0,,,-1.978074164404474,-0.004455588110870649,-0.4455810890276193,,,
S1,SHORT,BB_B2_20_2.5_HALF,Y2023,12,12.0,0.08333333333333333,0.14772213507423043,1.6249434858165346,-0.06291162780102028,-0.06953948724044781,0.1308508461226521,-0.08052639815771778,-0.6510013709792043,-0.8310962337048715,0.06755007874378852,-0.07910005325666518,0.8539827214098187,0.75,0.5,0.09182994031384478,5.444278240203857,36.0,0.08333333333333333,0.0,0.0,0.0,0.0,0.0,,,-0.7025636074971768,-0.1351727007363014,-0.7549395336122433,,,
S1,SHORT,BB_B2_20_2.5_HALF,Y2024,4,4.0,0.0,0.0,,-0.07698151423614182,-0.056772265800583935,,-0.07698151423614182,-0.7000979055562685,-0.7642237199669011,0.033881041843554394,-0.06267577341793773,0.5405763662081541,0.5,0.5,0.139931156715417,5.360900402069092,21.0,0.0,0.0,0.0,0.0,0.0,0.0,,,0.0,-0.47740473944894146,-0.30792605694456726,,,
S1,SHORT,BB_B2_20_2.5_HALF,Y2025,103,103.0,0.42718446601941745,0.8402537979343003,1.1267039563209935,-0.007620073583638977,-0.026046726964978412,0.09382609808257159,-0.08327484567369434,-0.07085736814078324,-0.23286312635397916,0.19654131979569003,-0.0832435298539629,2.3610401930395013,0.4854368932038835,0.1553398058252427,0.14433370454452193,4.830505847930908,88.0,0.17475728155339806,0.02912621359223301,0.009708737864077669,0.0,3.0,0.0,,,-2.01208728336403,-0.012598195491409545,-0.7848675791148146,,,
S1,SHORT,BB_B2_20_2_FULL,PRE_2020_2022,152,50.7013698630137,0.4407894736842105,0.7663812499326981,0.9722747200638707,-0.005776799795403629,-0.005082142000633179,0.04299255709937662,-0.04421852817128923,-0.04739285155847204,-0.04962465204934378,0.04817932970658195,-0.045863796341914856,1.050487171785885,0.10526315789473684,0.10526315789473684,0.15288220551378423,4.806813955307007,4.0,0.046052631578947366,0.0,0.0,0.0,0.0,0.0,,,-1.5593471117700912,-0.05928923490218445,-0.8780735689013517,,,
S1,SHORT,BB_B2_20_2_FULL,DISCOVERY,16,8.005479452054795,0.125,0.052389309754170686,0.3667251682791948,-0.032341552694493396,-0.011127072261487066,0.01430420014871803,-0.039005231672095034,-0.3351993271155196,-0.1087783066556494,0.012440413157086237,-0.03536705540973327,0.35175145380247136,0.25,0.25,0.09521200589088774,5.444278240203857,3.0,0.0,0.0,0.0,0.0,0.0,0.0,,,-0.533539847041389,-0.5226917607190852,-0.5174648431118943,,,
S1,SHORT,BB_B2_20_2_FULL,STRICT_OOS,103,61.6733606557377,0.4563106796116505,1.2422906012805568,1.4801760355683231,0.005129289039147734,-0.004499999683583107,0.057634585105777895,-0.038937655873916864,0.02758301896892087,-0.03129453246479681,0.055905251003179626,-0.03944201706988724,1.4174034483104963,0.07766990291262135,0.07766990291262135,0.14433370454452193,4.830505847930908,3.0,0.07766990291262135,0.02912621359223301,0.0,0.0,3.0,0.0,0.5532049023979411,2.286658633883685,-0.6797633348741513,0.07992689425600857,0.5283167710322166,,,
S1,SHORT,BB_B2_20_2_FULL,EXTENDED,107,40.04277663934427,0.4485981308411215,1.185189596890317,1.4567955461776811,0.003970712797300112,-0.005313291241758285,0.05664769724656924,-0.03888513895803748,0.013396603825421365,-0.03674038564109494,0.054297241877476275,-0.03950680203986972,1.3743770458231535,0.08411214953271028,0.08411214953271028,0.14433370454452193,4.830505847930908,3.0,0.07476635514018691,0.028037383177570093,0.0,0.0,3.0,0.0,0.6879045216462158,2.843436142542399,-0.7832138365952561,0.06211495165367134,0.42486626931111193,,,
S1,SHORT,BB_B2_20_2_FULL,FULL_2023_2026,119,32.41219239373602,0.4117647058823529,1.003980048291368,1.4342572118448116,9.11926715993472e-05,-0.006229311579803161,0.055865997964673404,-0.03895117103355251,-0.02119443932814674,-0.046770934570878206,0.05006123919194019,-0.03889412306516065,1.2871157708857683,0.10084033613445378,0.10084033613445378,0.1368681294154357,4.941987991333008,3.0,0.06722689075630252,0.025210084033613446,0.0,0.0,3.0,0.0,26.932304554543343,126.40620992819412,-1.1972281779860459,0.0014278852526739888,0.010851927920322316,,,
S1,SHORT,BB_B2_20_2_FULL,Y2020,6,6.0,0.5,0.22919231903305545,0.22919231903305545,-0.051521417926497615,-0.005811251948614334,0.03063880536227197,-0.13368164121526718,-0.30573421878986035,-0.03773397519574242,0.054685900183291426,-0.08687724591252029,0.6294617147320318,0.3333333333333333,0.3333333333333333,0.15288220551378434,4.170717716217041,4.0,0.0,0.0,0.0,0.0,0.0,0.0,,,-0.21155313678417764,-0.8134960725236465,-0.3091285075589857,,,
S1,SHORT,BB_B2_20_2_FULL,Y2021,13,13.0,0.15384615384615385,0.018050067322341472,0.0992753702728781,-0.05401063701901839,-0.015565052695104161,0.006453304198283464,-0.06500408087670964,-0.4327003801984978,-0.258443874625238,0.019271823331918184,-0.05397915719977791,0.35702342036561985,0.3076923076923077,0.3076923076923077,0.10122921935056395,4.5639978219156685,2.0,0.0,0.0,0.0,0.0,0.0,0.0,,,-0.6987200710597072,-0.5319229403388175,-0.7021382812472391,,,
S1,SHORT,BB_B2_20_2_FULL,Y2022,133,133.0,0.46616541353383456,1.0504045305114307,1.2028826075211545,0.001001452781239649,-0.0033172564138729335,0.044769004857658876,-0.037218099736196865,0.0019232843491119112,-0.02630943030014646,0.050711345947261434,-0.04322033477367536,1.1733214518770618,0.07518796992481203,0.07518796992481203,0.15288220551378426,4.838254928588867,4.0,0.05263157894736842,0.0,0.0,0.0,0.0,0.0,1.147166041203369,6.657478981322024,-0.5480803229638664,0.010159665896634121,0.13319321990487332,,,
S1,SHORT,BB_B2_20_2_FULL,Y2023,12,12.0,0.08333333333333333,0.04242872712263171,0.4667159983489488,-0.034501195115899136,-0.011127072261487066,0.0183444324336738,-0.03930534307495122,-0.3296312407807958,-0.1087783066556494,0.012290215245910072,-0.03343106887400484,0.3676285461356168,0.25,0.25,0.09182994031384478,5.444278240203857,3.0,0.0,0.0,0.0,0.0,0.0,0.0,,,-0.4085148180376482,-0.5447557123563022,-0.41401434139078963,,,
S1,SHORT,BB_B2_20_2_FULL,Y2024,4,4.0,0.25,0.090260877980019,0.27078263394005697,-0.025862625430276183,-0.02333090814423417,0.010263967863762262,-0.03790482319495567,-0.35190358611969064,-0.15614124143992592,0.012891006890614731,-0.04117501501691856,0.3130783773926469,0.25,0.25,0.139931156715417,5.360900402069092,3.0,0.0,0.0,0.0,0.0,0.0,0.0,,,0.0,-0.44978479009175976,-0.10345050172110473,,,
S1,SHORT,BB_B2_20_2_FULL,Y2025,103,103.0,0.4563106796116505,1.2422906012805568,1.4801760355683231,0.005129289039147734,-0.004499999683583107,0.057634585105777895,-0.038937655873916864,0.02758301896892087,-0.03129453246479681,0.055905251003179626,-0.03944201706988724,1.4174034483104963,0.07766990291262135,0.07766990291262135,0.14433370454452193,4.830505847930908,3.0,0.07766990291262135,0.02912621359223301,0.0,0.0,3.0,0.0,0.5532049023979411,2.286658633883685,-0.6797633348741513,0.07992689425600857,0.5283167710322166,,,
S1,SHORT,BB_B2_20_2_HALF,PRE_2020_2022,152,50.7013698630137,0.34210526315789475,0.6120881758612016,1.177092645886926,-0.018217373478872523,-0.035662141361857747,0.08402470155011099,-0.07138325249394395,-0.1612658408566312,-0.2715146753824333,0.18114533523769152,-0.0833292666195551,2.173850107966529,0.4144736842105263,0.09868421052631579,0.15288220551378423,4.806813955307007,110.5,0.11842105263157894,0.039473684210526314,0.006578947368421052,0.0,6.0,0.0,,,-4.039062374419009,-0.030403961227434793,-2.769040768788624,,,
S1,SHORT,BB_B2_20_2_HALF,DISCOVERY,16,8.005479452054795,0.0625,0.14601992901321276,2.190298935198191,-0.05175850481583927,-0.06143944332480966,0.14160092874871436,-0.06464913372014285,-0.516305432932304,-0.5961962124891912,0.059132819518729986,-0.07499398329698331,0.7885008492555782,0.6875,0.25,0.09521200589088774,5.444278240203857,26.5,0.0625,0.0,0.0,0.0,0.0,0.0,,,-0.8698029567043088,-0.16111596829833236,-0.8281360770534283,,,
S1,SHORT,BB_B2_20_2_HALF,STRICT_OOS,103,61.6733606557377,0.3883495145631068,0.6604915989958678,1.0402742684184916,-0.015564101399981219,-0.039484685971883995,0.07796829869238474,-0.07494975225227708,-0.12590859726702686,-0.3241149367432845,0.1934000467703785,-0.0832435298539629,2.323304250908955,0.47572815533980584,0.06796116504854369,0.14433370454452193,4.830505847930908,86.0,0.1262135922330097,0.02912621359223301,0.009708737864077669,0.0,3.0,0.0,,,-2.784814648269915,-0.028882126730890287,-1.6031024441980655,,,
S1,SHORT,BB_B2_20_2_HALF,EXTENDED,107,40.04277663934427,0.37383177570093457,0.634783651641735,1.0632626164999062,-0.016769447258526644,-0.039484685971883995,0.07796829869238474,-0.07332929558742896,-0.13987919770606982,-0.3241149367432845,0.18743671948339446,-0.08247464176289653,2.272658789137269,0.4766355140186916,0.07476635514018691,0.14433370454452193,4.830505847930908,78.0,0.12149532710280374,0.028037383177570093,0.009345794392523364,0.0,3.0,0.0,,,-2.9760430607341997,-0.03204448355500225,-1.7943308566623508,,,
S1,SHORT,BB_B2_20_2_HALF,FULL_2023_2026,119,32.41219239373602,0.3445378151260504,0.5728352766977758,1.0897841849372318,-0.020430575808836084,-0.04578005176935479,0.0795203140596123,-0.07296886407302049,-0.17839892811277844,-0.3813939353707716,0.17534731033318207,-0.08213434712361271,2.134884082895104,0.5042016806722689,0.09243697478991597,0.1368681294154357,4.941987991333008,67.0,0.11764705882352941,0.025210084033613446,0.008403361344537815,0.0,3.0,0.0,,,-3.6129507253233437,-0.04008967798254587,-2.431238521251494,,,
S1,SHORT,BB_B2_20_2_HALF,Y2020,6,6.0,0.16666666666666666,0.04603545340611873,0.23017726703059366,-0.08177746601614173,-0.06218699172891945,0.02367800400904771,-0.10286856002117961,-0.5191361493024221,-0.45658246235055105,0.16342184066470583,-0.11355305818373414,1.4391672340544248,0.6666666666666666,0.3333333333333333,0.15288220551378434,4.170717716217041,51.5,0.0,0.0,0.0,0.0,0.0,0.0,,,-0.21155313678417764,-0.23589653658502427,-0.49066479609685043,,,
S1,SHORT,BB_B2_20_2_HALF,Y2021,13,13.0,0.0,0.0,,-0.08829182836688163,-0.06633990917947723,,-0.08829182836688163,-0.7810471380084293,-0.7250428964640138,0.03470925613045704,-0.0883066112351706,0.39305387948839215,0.8461538461538461,0.3076923076923077,0.10122921935056395,4.5639978219156685,34.0,0.0,0.0,0.0,0.0,0.0,0.0,,,-0.937718693751176,-0.2614564393552303,-1.147793768769461,,,
S1,SHORT,BB_B2_20_2_HALF,Y2022,133,133.0,0.38345864661654133,0.7935457907167738,1.2758971537014794,-0.008500618074603852,-0.02408843204478155,0.08520797012934753,-0.06678278878681751,-0.08454118887431453,-0.1944307654534288,0.19625819234921008,-0.08147927993242671,2.408688350117638,0.3609022556390977,0.06766917293233082,0.15288220551378426,4.838254928588867,122.0,0.13533834586466165,0.045112781954887216,0.007518796992481203,0.0,6.0,0.0,,,-2.400603809552698,-0.013363066059007297,-1.1305822039223123,,,
S1,SHORT,BB_B2_20_2_HALF,Y2023,12,12.0,0.08333333333333333,0.18188743189281964,2.000761750821016,-0.05307563871576192,-0.06143944332480966,0.14160092874871436,-0.07077350848525976,-0.5218665242392629,-0.6169283644369137,0.06755007874378852,-0.07910005325666518,0.8539827214098187,0.75,0.25,0.09182994031384478,5.444278240203857,36.0,0.08333333333333333,0.0,0.0,0.0,0.0,0.0,,,-0.6268714935137976,-0.1369693902342243,-0.636907664589143,,,
S1,SHORT,BB_B2_20_2_HALF,Y2024,4,4.0,0.0,0.0,,-0.047807103116071295,-0.0433940622228756,,-0.047807103116071295,-0.49962215901142737,-0.3534514393375336,0.033881041843554394,-0.06267577341793773,0.5405763662081541,0.5,0.25,0.139931156715417,5.360900402069092,21.0,0.0,0.0,0.0,0.0,0.0,0.0,,,0.0,-0.39026206625364324,-0.19122841246428518,,,
S1,SHORT,BB_B2_20_2_HALF,Y2025,103,103.0,0.3883495145631068,0.6604915989958678,1.0402742684184916,-0.015564101399981219,-0.039484685971883995,0.07796829869238474,-0.07494975225227708,-0.12590859726702686,-0.3241149367432845,0.1934000467703785,-0.0832435298539629,2.323304250908955,0.47572815533980584,0.06796116504854369,0.14433370454452193,4.830505847930908,86.0,0.1262135922330097,0.02912621359223301,0.009708737864077669,0.0,3.0,0.0,,,-2.784814648269915,-0.028882126730890287,-1.6031024441980655,,,
S1,SHORT,BB_B2_30_2_FULL,PRE_2020_2022,152,50.7013698630137,0.42105263157894735,0.7859709843333677,1.0807101034583804,-0.004983754561050578,-0.0059508273073788885,0.04346644475438449,-0.04022026315409426,-0.046877158191982536,-0.04145536325524984,0.04825228986113016,-0.03988412894815123,1.2098118006753367,0.09210526315789473,0.09210526315789473,0.15288220551378423,4.806813955307007,4.0,0.039473684210526314,0.0,0.0,0.0,0.0,0.0,,,-1.4479570177465395,-0.06045735780364628,-0.7575306932796879,,,
S1,SHORT,BB_B2_30_2_FULL,DISCOVERY,16,8.005479452054795,0.125,0.034503766694368394,0.24152636686057877,-0.0510792910904126,-0.018092047034186126,0.014603292126066108,-0.060462517264195284,-0.4904801329126305,-0.25658996005840673,0.014455456341683,-0.0494187324519226,0.292509654223651,0.375,0.375,0.09521200589088774,5.444278240203857,4.5,0.0,0.0,0.0,0.0,0.0,0.0,,,-0.8232148056765234,-0.3463002785790685,-0.8172686574466016,,,
S1,SHORT,BB_B2_30_2_FULL,STRICT_OOS,103,61.6733606557377,0.4077669902912621,1.0376374931522148,1.507044930530598,0.0009605860175956603,-0.005228715948138947,0.06494551445085553,-0.04309461060858326,0.002044143829919499,-0.034200945300122,0.06201369532687202,-0.03971777534718437,1.5613587313184758,0.0970873786407767,0.0970873786407767,0.14433370454452193,4.830505847930908,4.0,0.10679611650485436,0.02912621359223301,0.0,0.0,3.0,0.0,2.8363019082764893,10.993837187698622,-0.9887938472569759,0.015174901811710585,0.09894035981235301,,,
S1,SHORT,BB_B2_30_2_FULL,EXTENDED,107,40.04277663934427,0.40186915887850466,0.9527634224229276,1.4180664891876131,-0.0012717245201349264,-0.005574635997517292,0.0638285558843675,-0.04501097541690999,-0.020882855054260498,-0.0379056157534899,0.06032987822306284,-0.04070339748790325,1.482182863015119,0.11214953271028037,0.11214953271028037,0.14433370454452193,4.830505847930908,4.0,0.102803738317757,0.028037383177570093,0.0,0.0,3.0,0.0,,,-1.223808730723766,-0.019084785926288515,-0.13607452365443712,,,
S1,SHORT,BB_B2_30_2_FULL,FULL_2023_2026,119,32.41219239373602,0.3697478991596639,0.7933014823712045,1.3522184358600076,-0.006036372249027299,-0.007841110786251944,0.06265723161791055,-0.04633661985096417,-0.06417760766487712,-0.06018697051432777,0.05561931025323316,-0.04102210571420798,1.3558375243026457,0.13445378151260504,0.13445378151260504,0.1368681294154357,4.941987991333008,4.0,0.09243697478991597,0.025210084033613446,0.0,0.0,3.0,0.0,,,-1.8060625047035774,-0.08089282631016312,-0.7183282976342485,,,
S1,SHORT,BB_B2_30_2_FULL,Y2020,6,6.0,0.5,0.36939069372956895,0.36939069372956895,-0.0238419887201989,-0.007806666040804396,0.02793174368241887,-0.07561572112281667,-0.1359505968215862,-0.0507859460610512,0.054685900183291426,-0.05418751516152794,1.0091974142065352,0.0,0.0,0.15288220551378434,4.170717716217041,4.0,0.0,0.0,0.0,0.0,0.0,0.0,,,-0.12282650824792746,-0.3764524534768247,-0.1430519323211934,,,
S1,SHORT,BB_B2_30_2_FULL,Y2021,13,13.0,0.15384615384615385,0.024203898341866013,0.13312144088026304,-0.05336319749323869,-0.015886864390340313,0.008603624397899605,-0.06462989238253657,-0.41484523584844124,-0.26989868322801547,0.02145548286516645,-0.05691763110248284,0.3769567083095018,0.3076923076923077,0.3076923076923077,0.10122921935056395,4.5639978219156685,4.0,0.0,0.0,0.0,0.0,0.0,0.0,,,-0.6948127083384183,-0.3790828237224606,-0.6937215674121029,,,
S1,SHORT,BB_B2_30_2_FULL,Y2022,133,133.0,0.44360902255639095,1.0304591742843423,1.2924403202888362,0.000595810574839162,-0.003787968614088595,0.04543813532945002,-0.03515685375653976,-0.006892002994151069,-0.028662841211304853,0.05058128857552536,-0.03757393462268829,1.3461802465846318,0.07518796992481203,0.07518796992481203,0.15288220551378426,4.838254928588867,4.0,0.045112781954887216,0.0,0.0,0.0,0.0,0.0,2.5033142994376996,11.263261253189347,-0.6111835180132433,0.007678566516822533,0.07924280645360854,,,
S1,SHORT,BB_B2_30_2_FULL,Y2023,12,12.0,0.08333333333333333,0.02067178690848081,0.2273896559932889,-0.04852114783165098,-0.014544006152990015,0.012290288160262178,-0.05404946019455217,-0.4502224851095422,-0.23608213120390073,0.013616745855585153,-0.04386392073209191,0.31043157174098235,0.3333333333333333,0.3333333333333333,0.09182994031384478,5.444278240203857,3.5,0.0,0.0,0.0,0.0,0.0,0.0,,,-0.5578116004443452,-0.3327164422741781,-0.5822537739798117,,,
S1,SHORT,BB_B2_30_2_FULL,Y2024,4,4.0,0.25,0.06714649660079577,0.20143948980238732,-0.0587537208666975,-0.0568371796638716,0.016916296091870037,-0.08397705985288668,-0.6112530763218953,-0.6966056989943725,0.01697158779997654,-0.0660831676114147,0.25682164480633946,0.5,0.5,0.139931156715417,5.360900402069092,11.5,0.0,0.0,0.0,0.0,0.0,0.0,,,0.0,-0.3852703007652295,-0.23501488346679,,,
S1,SHORT,BB_B2_30_2_FULL,Y2025,103,103.0,0.4077669902912621,1.0376374931522148,1.507044930530598,0.0009605860175956603,-0.005228715948138947,0.06494551445085553,-0.04309461060858326,0.002044143829919499,-0.034200945300122,0.06201369532687202,-0.03971777534718437,1.5613587313184758,0.0970873786407767,0.0970873786407767,0.14433370454452193,4.830505847930908,4.0,0.10679611650485436,0.02912621359223301,0.0,0.0,3.0,0.0,2.8363019082764893,10.993837187698622,-0.9887938472569759,0.015174901811710585,0.09894035981235301,,,
S1,SHORT,BB_B2_30_2_HALF,PRE_2020_2022,152,50.7013698630137,0.3618421052631579,0.6106754580574548,1.0770094442104203,-0.017972173050474365,-0.034298501106776305,0.07790766276097574,-0.07233702840748216,-0.16155748788568614,-0.2695491122034408,0.18165776256157368,-0.08329715360684503,2.180839977065504,0.4144736842105263,0.08552631578947369,0.15288220551378423,4.806813955307007,110.5,0.11842105263157894,0.03289473684210526,0.013157894736842105,0.0,5.0,0.0,,,-4.070228521730123,-0.030359749985242317,-2.7317703036721035,,,
S1,SHORT,BB_B2_30_2_HALF,DISCOVERY,16,8.005479452054795,0.0625,0.13087942010644407,1.9631913015966609,-0.058522961857696426,-0.056772265800583935,0.14100600516047948,-0.0718248929922415,-0.5730247418818262,-0.6041061282114799,0.059132819518729986,-0.07499398329698331,0.7885008492555782,0.6875,0.3125,0.09521200589088774,5.444278240203857,26.5,0.0625,0.0,0.0,0.0,0.0,0.0,,,-0.9451199720054859,-0.16441920802864668,-0.9363673897231428,,,
S1,SHORT,BB_B2_30_2_HALF,STRICT_OOS,103,61.6733606557377,0.39805825242718446,0.6284096544015967,0.9502780139731463,-0.017651920317137287,-0.035458572874951085,0.07499352245796875,-0.07891745505551387,-0.13861604131237623,-0.31913228501431157,0.1934000467703785,-0.0832435298539629,2.323304250908955,0.47572815533980584,0.08737864077669903,0.14433370454452193,4.830505847930908,86.0,0.1262135922330097,0.019417475728155338,0.0,0.0,2.0,0.0,,,-2.8897853046628836,-0.032783047109000006,-1.8181477926651406,,,
S1,SHORT,BB_B2_30_2_HALF,EXTENDED,107,40.04277663934427,0.38317757009345793,0.6014561277339328,0.9681976690351113,-0.019041274513394404,-0.03986140129396472,0.07499352245796875,-0.07745683020772605,-0.1541838019660228,-0.3241149367432845,0.18743671948339446,-0.08247464176289653,2.272658789137269,0.4766355140186916,0.09345794392523364,0.14433370454452193,4.830505847930908,78.0,0.12149532710280374,0.018691588785046728,0.0,0.0,2.0,0.0,,,-3.109053884930944,-0.03637593952746297,-2.037416372933201,,,
S1,SHORT,BB_B2_30_2_HALF,FULL_2023_2026,119,32.41219239373602,0.35294117647058826,0.5386269260319223,0.9874826977251909,-0.023147186406624234,-0.04607864478217707,0.07656524823659996,-0.07753578712111014,-0.19702393382591574,-0.38332800605734996,0.17534731033318207,-0.08213434712361271,2.134884082895104,0.5042016806722689,0.11764705882352941,0.1368681294154357,4.941987991333008,67.0,0.11764705882352941,0.01680672268907563,0.0,0.0,2.0,0.0,,,-3.8261526943860265,-0.04504153678993188,-2.754515182388284,,,
S1,SHORT,BB_B2_30_2_HALF,Y2020,6,6.0,0.16666666666666666,0.05010753101631602,0.2505376550815801,-0.06793775141299237,-0.06308990350411653,0.0215026001190273,-0.08582582171939632,-0.4342401051672104,-0.4624883934702828,0.16342184066470583,-0.11355305818373414,1.4391672340544248,0.6666666666666666,0.0,0.15288220551378434,4.170717716217041,51.5,0.0,0.0,0.0,0.0,0.0,0.0,,,-0.16722950505573508,-0.19597428292209337,-0.40762650847795423,,,
S1,SHORT,BB_B2_30_2_HALF,Y2021,13,13.0,0.0,0.0,,-0.08781243094831409,-0.06267541812711912,,-0.08781243094831409,-0.7700055045230608,-0.7307703007654025,0.03470925613045704,-0.0883066112351706,0.39305387948839215,0.8461538461538461,0.3076923076923077,0.10122921935056395,4.5639978219156685,34.0,0.0,0.0,0.0,0.0,0.0,0.0,,,-0.9413988469701176,-0.24576137832682093,-1.1415616023280832,,,
S1,SHORT,BB_B2_30_2_HALF,Y2022,133,133.0,0.40601503759398494,0.7828531094318271,1.1452851045391543,-0.0088915954350832,-0.02633666759929772,0.07895220095804888,-0.06893672208355321,-0.08978365390091163,-0.19387942394883315,0.1968438235765039,-0.08144257934647235,2.4169645062331893,0.3609022556390977,0.06766917293233082,0.15288220551378426,4.838254928588867,122.0,0.13533834586466165,0.03759398496240601,0.015037593984962405,0.0,5.0,0.0,,,-2.5210404109240865,-0.014204338392481721,-1.1825821928660658,,,
S1,SHORT,BB_B2_30_2_HALF,Y2023,12,12.0,0.08333333333333333,0.16432258945389008,1.807548483992791,-0.05975823412125689,-0.05780337230302038,0.14100600516047948,-0.07800952860141473,-0.5790151095766279,-0.6770316830470855,0.06755007874378852,-0.07910005325666518,0.8539827214098187,0.75,0.3333333333333333,0.09182994031384478,5.444278240203857,36.0,0.08333333333333333,0.0,0.0,0.0,0.0,0.0,,,-0.7042020277588878,-0.1393778055306283,-0.7170988094550826,,,
S1,SHORT,BB_B2_30_2_HALF,Y2024,4,4.0,0.0,0.0,,-0.05481714506701507,-0.056772265800583935,,-0.05481714506701507,-0.5550536387974214,-0.45569145131579564,0.033881041843554394,-0.06267577341793773,0.5405763662081541,0.5,0.25,0.139931156715417,5.360900402069092,21.0,0.0,0.0,0.0,0.0,0.0,0.0,,,0.0,-0.39867014594192784,-0.2192685802680603,,,
S1,SHORT,BB_B2_30_2_HALF,Y2025,103,103.0,0.39805825242718446,0.6284096544015967,0.9502780139731463,-0.017651920317137287,-0.035458572874951085,0.07499352245796875,-0.07891745505551387,-0.13861604131237623,-0.31913228501431157,0.1934000467703785,-0.0832435298539629,2.323304250908955,0.47572815533980584,0.08737864077669903,0.14433370454452193,4.830505847930908,86.0,0.1262135922330097,0.019417475728155338,0.0,0.0,2.0,0.0,,,-2.8897853046628836,-0.032783047109000006,-1.8181477926651406,,,
S1,SHORT,MODERN_NOVOL,PRE_2020_2022,152,50.7013698630137,0.3684210526315789,0.9877313187136716,1.693253689223437,-0.0006101565027594282,-0.037531691240761736,0.13333302889009255,-0.07874368131525641,-0.026805498338486052,-0.29811767599456657,0.1401738949567746,-0.0642137901292337,2.182925111174206,0.09868421052631579,0.09868421052631579,0.15288220551378423,4.806813955307007,38.0,0.21710526315789475,0.07236842105263158,0.019736842105263157,0.006578947368421052,11.0,1.0,,,-1.894264983745252,-0.0014554894604430807,-0.09274378841943309,,,
S1,SHORT,MODERN_NOVOL,DISCOVERY,16,8.005479452054795,0.0625,0.01425112570419251,0.21376688556288764,-0.07476487646933333,-0.07168559699035984,0.0172942002671266,-0.08090214825176398,-0.7229660477840361,-0.7263294471174013,0.028393601535966678,-0.061957563574392374,0.45827498529496746,0.3125,0.3125,0.09521200589088774,5.444278240203857,21.0,0.0,0.0,0.0,0.0,0.0,0.0,,,-1.0829623612555654,-0.352872573306588,-1.1962380235093333,,,
S1,SHORT,MODERN_NOVOL,STRICT_OOS,103,61.6733606557377,0.4174757281553398,0.8510387560117938,1.1874959386211075,-0.0074233776046442965,-0.025871632037141105,0.10158892604056374,-0.08554886188371004,-0.06358739666762488,-0.2421111464853594,0.161646125419304,-0.06323058027731676,2.5564548784837373,0.1553398058252427,0.1553398058252427,0.14433370454452193,4.830505847930908,33.0,0.1941747572815534,0.038834951456310676,0.0,0.0,4.0,0.0,,,-1.888008190457392,-0.019254794592756547,-0.7646078932783625,,,
S1,SHORT,MODERN_NOVOL,EXTENDED,107,40.04277663934427,0.411214953271028,0.8026157150223744,1.149199773782036,-0.010079800552477525,-0.026625076735450615,0.09967313681844017,-0.08673264570042002,-0.0881914641866185,-0.28012588913349146,0.1573187814567429,-0.06351067134761623,2.4770448511822827,0.16822429906542055,0.16822429906542055,0.14433370454452193,4.830505847930908,33.0,0.18691588785046728,0.037383177570093455,0.0,0.0,4.0,0.0,,,-2.2019389562941245,-0.02642181918459322,-1.0785386591150952,,,
S1,SHORT,MODERN_NOVOL,FULL_2023_2026,119,32.41219239373602,0.3697478991596639,0.6910333161403454,1.1778976979664977,-0.01647769677972854,-0.035344721205670615,0.09967313681844017,-0.08461951915732084,-0.15224334975890705,-0.38040051218109033,0.14372981968709062,-0.06305941836767988,2.279276013125378,0.17647058823529413,0.17647058823529413,0.1368681294154357,4.941987991333008,33.0,0.16806722689075632,0.03361344537815126,0.0,0.0,4.0,0.0,,,-3.0842462139667255,-0.045495264890665806,-1.9608459167876962,,,
S1,SHORT,MODERN_NOVOL,Y2020,6,6.0,0.3333333333333333,0.36390734660545077,0.7278146932109015,-0.06106692480101939,-0.09351162301175259,0.10480880002826956,-0.14400478721566387,-0.3632706213467527,-0.6903029758240247,0.13999187755119413,-0.10042466551695688,1.39399894269557,0.3333333333333333,0.3333333333333333,0.15288220551378434,4.170717716217041,24.5,0.16666666666666666,0.0,0.0,0.0,0.0,0.0,,,-0.21155313678417764,-0.23638809600394606,-0.36640154880611636,,,
S1,SHORT,MODERN_NOVOL,Y2021,13,13.0,0.0,0.0,,-0.07201667576374317,-0.06058363564027683,,-0.07201667576374317,-0.6451942372595416,-0.5998691834916663,0.02731325779853807,-0.07107565305559502,0.38428430305344896,0.15384615384615385,0.15384615384615385,0.10122921935056395,4.5639978219156685,25.0,0.0,0.0,0.0,0.0,0.0,0.0,,,-0.7606952909565493,-0.3152245067099869,-0.9362167849286611,,,
S1,SHORT,MODERN_NOVOL,Y2022,133,133.0,0.40601503759398494,1.2000732659638353,1.7556627409470926,0.009096801092596573,-0.023799152687624506,0.13438948181090082,-0.07654629711991517,0.04881739146620056,-0.21708635884871313,0.15121359711835775,-0.061909508397135674,2.442493908178955,0.08270676691729323,0.08270676691729323,0.15288220551378426,4.838254928588867,39.0,0.24060150375939848,0.08270676691729323,0.022556390977443608,0.007518796992481203,11.0,1.0,0.377746535646046,1.9259697686468398,-0.5916466500104751,0.020437070022218652,1.209874545315344,,,
S1,SHORT,MODERN_NOVOL,Y2023,12,12.0,0.0,0.0,,-0.07352560480605007,-0.06969765341039104,,-0.07352560480605007,-0.7233726627784801,-0.7263294471174013,0.022561577241024394,-0.059035745963247364,0.38216807246020196,0.25,0.25,0.09182994031384478,5.444278240203857,21.0,0.0,0.0,0.0,0.0,0.0,0.0,,,-0.693799015178806,-0.38697686740026355,-0.8823072576726008,,,
S1,SHORT,MODERN_NOVOL,Y2024,4,4.0,0.25,0.05221285240226676,0.15663855720680026,-0.07848269145918312,-0.07455631623474013,0.0172942002671266,-0.11040832203461969,-0.7217462028007038,-0.9042071455908761,0.04588967442079353,-0.07072301640782741,0.6488647791288863,0.5,0.5,0.139931156715417,5.360900402069092,21.0,0.0,0.0,0.0,0.0,0.0,0.0,,,0.0,-0.282820509762822,-0.31393076583673246,,,
S1,SHORT,MODERN_NOVOL,Y2025,103,103.0,0.4174757281553398,0.8510387560117938,1.1874959386211075,-0.0074233776046442965,-0.025871632037141105,0.10158892604056374,-0.08554886188371004,-0.06358739666762488,-0.2421111464853594,0.161646125419304,-0.06323058027731676,2.5564548784837373,0.1553398058252427,0.1553398058252427,0.14433370454452193,4.830505847930908,33.0,0.1941747572815534,0.038834951456310676,0.0,0.0,4.0,0.0,,,-1.888008190457392,-0.019254794592756547,-0.7646078932783625,,,
S1,SHORT,STOP_STAGE4_ONLY,PRE_2020_2022,152,50.7013698630137,0.25,0.4007567880830809,1.2022703642492427,-0.061023578151588855,-0.11289701557511478,0.16324332218390297,-0.1357792115967528,-0.4543902941938242,-1.0716890710382507,0.20749105537271204,-0.09241580127381695,2.2451902435811912,0.5855263157894737,0.5855263157894737,0.15288220551378423,4.806813955307007,161.5,0.14473684210526316,0.08552631578947369,0.046052631578947366,0.013157894736842105,13.0,2.0,,,-11.289298994188387,-0.03308808860643351,-9.275583879041505,,,
S1,SHORT,STOP_STAGE4_ONLY,DISCOVERY,16,8.005479452054795,0.125,0.20175689037278544,1.4122982326094982,-0.08458586204770036,-0.11022979057324903,0.1710334136598088,-0.12110290143448739,-0.7715996809561358,-1.1065564425598002,0.08371103931336084,-0.08438638321145762,0.9919970038720052,0.875,0.875,0.09521200589088774,5.444278240203857,33.0,0.0625,0.0625,0.0,0.0,1.0,0.0,,,-1.4893089923055292,-0.06894415653404003,-1.3533737927632057,,,
S1,SHORT,STOP_STAGE4_ONLY,STRICT_OOS,103,61.6733606557377,0.22330097087378642,0.42577886031783907,1.4809699489316144,-0.06267497088695316,-0.12596340384448557,0.20811742698046592,-0.1405277852738361,-0.45983807174038327,-1.0851107111230605,0.2086875750506404,-0.09347521276507215,2.2325445310846983,0.6796116504854369,0.6796116504854369,0.14433370454452193,4.830505847930908,108.0,0.1553398058252427,0.0970873786407767,0.05825242718446602,0.038834951456310676,10.0,4.0,,,-8.711351315879144,-0.043427662303102424,-6.455522001356176,,,
S1,SHORT,STOP_STAGE4_ONLY,EXTENDED,107,40.04277663934427,0.21495327102803738,0.4046756693609846,1.477945922883596,-0.06581108408713285,-0.12862613936084924,0.20811742698046592,-0.14081531926040394,-0.4869756302264217,-1.088259583127983,0.20383172568947786,-0.09357167935969024,2.1783484819797576,0.6915887850467289,0.6915887850467289,0.14433370454452193,4.830505847930908,103.0,0.14953271028037382,0.09345794392523364,0.056074766355140186,0.037383177570093455,10.0,4.0,,,-9.297615311846185,-0.04567249965834229,-7.041785997323215,,,
S1,SHORT,STOP_STAGE4_ONLY,FULL_2023_2026,119,32.41219239373602,0.21008403361344538,0.3964214767888233,1.4905447527259756,-0.06562097305982674,-0.12225084064087592,0.20515070591481332,-0.13763471746797568,-0.5017555990298963,-1.0887008920077723,0.19188400722041796,-0.09225318526206515,2.0799716202246015,0.7058823529411765,0.7058823529411765,0.1368681294154357,4.941987991333008,98.0,0.14285714285714285,0.09243697478991597,0.05042016806722689,0.03361344537815126,11.0,4.0,,,-10.064725108642348,-0.04640418228024353,-7.8088957941193815,,,
S1,SHORT,STOP_STAGE4_ONLY,Y2020,6,6.0,0.16666666666666666,0.15480213561928965,0.7740106780964482,-0.11593089929446714,-0.15434765998180203,0.1273998779554268,-0.16459705474444591,-0.8190271990901311,-1.1333919575571372,0.2059937148615021,-0.11453451544667322,1.7985295878552163,0.8333333333333334,0.8333333333333334,0.15288220551378434,4.170717716217041,58.0,0.16666666666666666,0.0,0.0,0.0,0.0,0.0,,,-0.21155313678417764,-0.12289494624855173,-0.6955853957668028,,,
S1,SHORT,STOP_STAGE4_ONLY,Y2021,13,13.0,0.07692307692307693,0.16757301466903765,2.0108761760284515,-0.10038681739783727,-0.12414975507045509,0.2627108262595161,-0.13064495436928336,-0.8035546418697136,-1.1036415605185212,0.07104342117638415,-0.09165975877117923,0.775077549066412,0.9230769230769231,0.9230769230769231,0.10122921935056395,4.5639978219156685,38.0,0.07692307692307693,0.07692307692307693,0.0,0.0,1.0,0.0,,,-1.247620930167053,-0.09222817146091056,-1.3050286261718844,,,
S1,SHORT,STOP_STAGE4_ONLY,Y2022,133,133.0,0.2706766917293233,0.4441540897588568,1.1967485196280305,-0.054699021481976084,-0.11091160277951442,0.16147598718814918,-0.13492892160697104,-0.4038116629970993,-1.0628639344262292,0.22089559136985132,-0.09149186343544967,2.414374164820678,0.5413533834586466,0.5413533834586466,0.15288220551378426,4.838254928588867,177.0,0.15037593984962405,0.09022556390977443,0.05263157894736842,0.015037593984962405,12.0,2.0,,,-9.288684972249701,-0.027924803689170965,-7.274969857102819,,,
S1,SHORT,STOP_STAGE4_ONLY,Y2023,12,12.0,0.16666666666666666,0.3083970757067728,1.5419853785338642,-0.0639258163996804,-0.10559658092406676,0.1710334136598088,-0.11091766241157822,-0.6335436541942109,-1.1040795475272018,0.08535018420463407,-0.08049661289157488,1.0602953483222546,0.8333333333333334,0.8333333333333334,0.09182994031384478,5.444278240203857,36.0,0.08333333333333333,0.08333333333333333,0.0,0.0,1.0,0.0,,,-0.8805236334080209,-0.054404950127387566,-0.7671097967961648,,,
S1,SHORT,STOP_STAGE4_ONLY,Y2024,4,4.0,0.0,0.0,,-0.14656599899176026,-0.16018457693264784,,-0.14656599899176026,-1.1857677612419106,-1.1770939822859499,0.07879360463954119,-0.09605569417110588,0.8202908252287949,1.0,1.0,0.139931156715417,5.360900402069092,31.5,0.0,0.0,0.0,0.0,0.0,0.0,,,0.0,-0.10601518914413038,-0.586263995967041,,,
S1,SHORT,STOP_STAGE4_ONLY,Y2025,103,103.0,0.22330097087378642,0.42577886031783907,1.4809699489316144,-0.06267497088695316,-0.12596340384448557,0.20811742698046592,-0.1405277852738361,-0.45983807174038327,-1.0851107111230605,0.2086875750506404,-0.09347521276507215,2.2325445310846983,0.6796116504854369,0.6796116504854369,0.14433370454452193,4.830505847930908,108.0,0.1553398058252427,0.0970873786407767,0.05825242718446602,0.038834951456310676,10.0,4.0,,,-8.711351315879144,-0.043427662303102424,-6.455522001356176,,,
S1,SHORT,TEXTBOOK_NOVOL,PRE_2020_2022,152,50.7013698630137,0.3092105263157895,0.6005561512033818,1.3416679973692571,-0.030630163141139935,-0.06887833722126438,0.1489336804325955,-0.11100635978843103,-0.2711244856882778,-0.6096436094783152,0.192470433162103,-0.08339724010265924,2.30787533166779,0.42105263157894735,0.4144736842105263,0.15288220551378423,4.806813955307007,124.5,0.1513157894736842,0.09210526315789473,0.05263157894736842,0.02631578947368421,14.0,4.0,,,-6.808737073484611,-0.024782608774669417,-4.65578479745327,,,
S1,SHORT,TEXTBOOK_NOVOL,DISCOVERY,16,8.005479452054795,0.0625,0.21820539417347304,3.273080912602096,-0.06658169793030713,-0.08028723318123093,0.2973361142856598,-0.09084288541137162,-0.6423920910956459,-1.0957734387429143,0.07248289861436413,-0.07499398329698331,0.9665161847361134,0.6875,0.6875,0.09521200589088774,5.444278240203857,26.5,0.0625,0.0625,0.0,0.0,1.0,0.0,,,-1.2555525131297711,-0.0891470432539677,-1.0653071668849141,,,
S1,SHORT,TEXTBOOK_NOVOL,STRICT_OOS,103,61.6733606557377,0.33980582524271846,0.5821462367828945,1.1310269743210521,-0.034629506047499814,-0.09670452237645272,0.1419787191039713,-0.12553079840487463,-0.2694111021546063,-0.9980276549669765,0.20468281326627336,-0.08329023969907624,2.4574645721489436,0.49514563106796117,0.47572815533980584,0.14433370454452193,4.830505847930908,97.0,0.17475728155339806,0.07766990291262135,0.038834951456310676,0.02912621359223301,8.0,3.0,,,-5.685085386311616,-0.031541222292014684,-3.5668391228924805,,,
S1,SHORT,TEXTBOOK_NOVOL,EXTENDED,107,40.04277663934427,0.32710280373831774,0.5624848856201222,1.1571117647042517,-0.036123491818017356,-0.0906054803781737,0.1419787191039713,-0.1227009554606507,-0.2849276502565885,-0.9980276549669765,0.1982977003158914,-0.08251960544557575,2.403037426623118,0.4953271028037383,0.4766355140186916,0.14433370454452193,4.830505847930908,89.0,0.16822429906542055,0.07476635514018691,0.037383177570093455,0.028037383177570093,8.0,3.0,,,-5.983459887946992,-0.03394856286090077,-3.865213624527857,,,
S1,SHORT,TEXTBOOK_NOVOL,FULL_2023_2026,119,32.41219239373602,0.3025210084033613,0.5320467629577776,1.2266633701526541,-0.03892559907375962,-0.0906054803781737,0.14629420230346266,-0.11926189846628976,-0.31955980655004,-1.0525636319706184,0.18690803482568052,-0.0821747766534167,2.274518318607553,0.5210084033613446,0.5042016806722689,0.1368681294154357,4.941987991333008,87.0,0.15966386554621848,0.07563025210084033,0.03361344537815126,0.025210084033613446,9.0,3.0,,,-6.774844161322572,-0.037046797214998956,-4.632146289777395,,,
S1,SHORT,TEXTBOOK_NOVOL,Y2020,6,6.0,0.3333333333333333,0.12716119035064663,0.25432238070129326,-0.1014953294023263,-0.15434765998180203,0.04435962319439822,-0.17442280570068858,-0.6641240902597875,-1.103771478102546,0.2059937148615021,-0.11355305818373414,1.8140745670468394,0.6666666666666666,0.6666666666666666,0.15288220551378434,4.170717716217041,51.5,0.0,0.0,0.0,0.0,0.0,0.0,,,-0.21155313678417764,-0.13082104756476,-0.6089719764139578,,,
S1,SHORT,TEXTBOOK_NOVOL,Y2021,13,13.0,0.0,0.0,,-0.1208523134885265,-0.12414975507045509,,-0.1208523134885265,-1.097284243114826,-1.1036415605185212,0.03470925613045704,-0.08893802282375719,0.39026341072634546,0.8461538461538461,0.8461538461538461,0.10122921935056395,4.5639978219156685,34.0,0.0,0.0,0.0,0.0,0.0,0.0,,,-1.2285813809935098,-0.20947734338011262,-1.5710800753508445,,,
S1,SHORT,TEXTBOOK_NOVOL,Y2022,133,133.0,0.3383458646616541,0.7362565198134993,1.4397905276352874,-0.01861453192246968,-0.05389320872524009,0.15358141630984873,-0.10666927817763248,-0.17264272272606596,-0.4280086720789424,0.20728062572762931,-0.08149524699092449,2.543468893967676,0.3684210526315789,0.3609022556390977,0.15288220551378426,4.838254928588867,152.0,0.17293233082706766,0.10526315789473684,0.06015037593984962,0.03007518796992481,14.0,4.0,,,-4.628685021719812,-0.014089879606672743,-2.4757327456884677,,,
S1,SHORT,TEXTBOOK_NOVOL,Y2023,12,12.0,0.08333333333333333,0.27938066022712477,3.0731872624983723,-0.0639110554374615,-0.09898904007910528,0.2973361142856598,-0.09675170723047252,-0.6283632001666506,-1.0957734387429143,0.08535018420463407,-0.07910005325666518,1.0790155087214464,0.75,0.75,0.09182994031384478,5.444278240203857,36.0,0.08333333333333333,0.08333333333333333,0.0,0.0,1.0,0.0,,,-0.8673085517180978,-0.06859862837652399,-0.7669326652495381,,,
S1,SHORT,TEXTBOOK_NOVOL,Y2024,4,4.0,0.0,0.0,,-0.07459362540884398,-0.056772265800583935,,-0.07459362540884398,-0.6844787638826318,-0.7642237199669011,0.033881041843554394,-0.06267577341793773,0.5405763662081541,0.5,0.5,0.139931156715417,5.360900402069092,21.0,0.0,0.0,0.0,0.0,0.0,0.0,,,0.0,-0.3874993527732155,-0.29837450163537593,,,
S1,SHORT,TEXTBOOK_NOVOL,Y2025,103,103.0,0.33980582524271846,0.5821462367828945,1.1310269743210521,-0.034629506047499814,-0.09670452237645272,0.1419787191039713,-0.12553079840487463,-0.2694111021546063,-0.9980276549669765,0.20468281326627336,-0.08329023969907624,2.4574645721489436,0.49514563106796117,0.47572815533980584,0.14433370454452193,4.830505847930908,97.0,0.17475728155339806,0.07766990291262135,0.038834951456310676,0.02912621359223301,8.0,3.0,,,-5.685085386311616,-0.031541222292014684,-3.5668391228924805,,,
S2,SHORT,BB_B1_20_2.5_FULL,PRE_2020_2022,41,13.676027397260276,0.4634146341463415,1.3472783084846627,1.5600064624559251,0.01176275496974712,-0.023391698186317908,0.098473407501528,-0.06312371767133636,0.07235182129116528,-1.1159301026784032,0.0894098463669447,-0.03707501771996078,2.411592815471735,0.5121951219512195,0.5121951219512195,0.06180679327832891,2.2738270648170773,17.0,0.24390243902439024,0.024390243902439025,0.0,0.0,1.0,0.0,0.5299444118981591,0.9001410664109716,-0.34181451438823457,0.039369220715072,0.4822729537596319,,,
S2,SHORT,BB_B1_20_2.5_FULL,DISCOVERY,4,2.0013698630136987,0.25,0.5070791812629217,1.5212375437887653,-0.02110810779527194,-0.03894977994229386,0.0868576177915113,-0.05709668299086635,-0.5764548726765488,-1.1475757004683806,0.05722968032111636,-0.029954258259265565,1.91056910258874,0.75,0.75,0.050710431740521617,2.700521369529545,12.0,0.0,0.0,0.0,0.0,0.0,0.0,,,0.0,-0.2281957599488858,-0.08443243118108776,,,
S2,SHORT,BB_B1_20_2.5_FULL,STRICT_OOS,42,25.148360655737704,0.23809523809523808,0.7154147391719164,2.289327165350133,-0.013974636900885592,-0.05125395397601454,0.14754867126424068,-0.06445067070248756,-0.43739737581302085,-1.1495832599143736,0.08223852955696649,-0.03579400849572566,2.2975501491202643,0.7380952380952381,0.7380952380952381,0.053481055422963095,1.8604805757954164,14.0,0.19047619047619047,0.07142857142857142,0.0,0.0,3.0,0.0,,,-1.599836702002209,-0.05055424201870756,-0.5869347498371948,,,
S2,SHORT,BB_B1_20_2.5_FULL,EXTENDED,44,16.466188524590166,0.25,0.7388078555585426,2.2164235666756276,-0.012553149059104006,-0.0509261665719692,0.14203130276671982,-0.06408129966771195,-0.4101867301161046,-1.1495832599143736,0.08280108398165692,-0.03475232720667214,2.3826054436365878,0.7272727272727273,0.7272727272727273,0.053481055422963095,1.8981084591872714,13.5,0.18181818181818182,0.06818181818181818,0.0,0.0,3.0,0.0,,,-1.5652405107655905,-0.046967564506851724,-0.5523385586005762,,,
S2,SHORT,BB_B1_20_2.5_FULL,FULL_2023_2026,46,12.529082774049217,0.2391304347826087,0.6994387244833569,2.225486850628863,-0.014594938717788752,-0.0509261665719692,0.14203130276671982,-0.06382032889863429,-0.4494893320620232,-1.1495832599143736,0.08006384701471865,-0.03528620412733782,2.2689844089149154,0.7391304347826086,0.7391304347826086,0.053481055422963095,1.8981084591872714,12.5,0.17391304347826086,0.06521739130434782,0.0,0.0,3.0,0.0,,,-1.6842691331832966,-0.05604066619518219,-0.6713671810182826,,,
S2,SHORT,BB_B1_20_2.5_FULL,Y2020,2,2.0,0.5,5.441208369367315,5.441208369367315,0.03834974137265378,0.03834974137265378,0.09396944091127266,-0.01726995816596509,-0.5756391994058706,-0.5756391994058706,0.08799075047646748,-0.013152320773409665,6.690131117723369,0.5,0.5,0.07254240785129507,2.0244185160431933,10.5,0.0,0.0,0.0,0.0,0.0,0.0,1.2251639456723933,1.2251639456723933,0.0,0.4036814881331977,0.07669948274530757,,,
S2,SHORT,BB_B1_20_2.5_FULL,Y2021,3,3.0,0.3333333333333333,0.21865532680160665,0.4373106536032133,-0.041644160616040544,-0.023391698186317908,0.03496171866740385,-0.07994710025776275,-0.7430063655383518,-1.122801185828553,0.04482216122183288,-0.05050692857095074,0.8874457918950257,0.6666666666666666,0.6666666666666666,0.06582243756228334,3.6974615968561237,59.0,0.0,0.0,0.0,0.0,0.0,0.0,,,0.0,-0.07907119104311496,-0.12493248184812164,,,
S2,SHORT,BB_B1_20_2.5_FULL,Y2022,36,36.0,0.4722222222222222,1.4378710015007319,1.6070322957949355,0.014736276468401279,-0.030661934918956576,0.10247432840884443,-0.06376619105725839,0.17629783801012702,-1.042033488779344,0.09320432545628608,-0.03728473053496446,2.499798821635092,0.5,0.5,0.06153071619648152,2.2730964096921484,16.5,0.2777777777777778,0.027777777777777776,0.0,0.0,1.0,0.0,0.4817624674624613,0.8183012623251842,-0.2935815152854205,0.05062079702885936,0.5305059528624461,,,
S2,SHORT,BB_B1_20_2.5_FULL,Y2023,2,2.0,0.0,0.0,,-0.059514311208853254,-0.059514311208853254,,-0.059514311208853254,-1.3141465748722359,-1.3141465748722359,0.019844633742076512,-0.047031496381982896,0.42194349039846224,1.0,1.0,0.05063534190171809,2.0304796667557747,12.0,0.0,0.0,0.0,0.0,0.0,0.0,,,0.0,-0.5410391928077568,-0.11902862241770651,,,
S2,SHORT,BB_B1_20_2.5_FULL,Y2024,2,2.0,0.5,1.661983292788244,1.661983292788244,0.017298095618309375,0.017298095618309375,0.0868576177915113,-0.05226142655489255,0.1612368295191383,0.1612368295191383,0.09461472690015621,-0.012877020136548234,7.347563791689331,0.5,0.5,0.050710431740521617,2.894690971959532,8.5,0.0,0.0,0.0,0.0,0.0,0.0,2.5106121421706047,2.5106121421706047,0.0,0.23064127491079167,0.03459619123661875,,,
S2,SHORT,BB_B1_20_2.5_FULL,Y2025,42,42.0,0.23809523809523808,0.7154147391719164,2.289327165350133,-0.013974636900885592,-0.05125395397601454,0.14754867126424068,-0.06445067070248756,-0.43739737581302085,-1.1495832599143736,0.08223852955696649,-0.03579400849572566,2.2975501491202643,0.7380952380952381,0.7380952380952381,0.053481055422963095,1.8604805757954164,14.0,0.19047619047619047,0.07142857142857142,0.0,0.0,3.0,0.0,,,-1.599836702002209,-0.05055424201870756,-0.5869347498371948,,,
S2,SHORT,BB_B1_20_2.5_HALF,PRE_2020_2022,41,13.676027397260276,0.4146341463414634,0.8574841703270892,1.2105658875205967,-0.0046255179696759905,-0.023391698186317908,0.06712098387048294,-0.0554459567731219,-0.16580000794925778,-0.5622215981242129,0.1285537250812142,-0.03837239193267438,3.350161890005865,0.5365853658536586,0.43902439024390244,0.06180679327832891,2.2738270648170773,38.0,0.04878048780487805,0.024390243902439025,0.0,0.0,1.0,0.0,,,-0.8544290199703115,-0.01053297621531328,-0.1896462367567156,,,
S2,SHORT,BB_B1_20_2.5_HALF,DISCOVERY,4,2.0013698630136987,0.25,0.5551455414166111,1.6654366242498333,-0.019049785499106933,-0.03894977994229386,0.09509090697617133,-0.05709668299086635,-0.5406368767244588,-1.1475757004683806,0.07000409988781095,-0.029954258259265565,2.33703332868064,0.75,0.75,0.050710431740521617,2.700521369529545,12.0,0.0,0.0,0.0,0.0,0.0,0.0,,,0.0,-0.07022962395984123,-0.07619914199642773,,,
S2,SHORT,BB_B1_20_2.5_HALF,STRICT_OOS,42,25.148360655737704,0.21428571428571427,0.5825467790580494,2.1360048565461813,-0.01893878100505466,-0.0486091119665983,0.12333370901167667,-0.057740369191435936,-0.5691153322142011,-1.1425269126320723,0.0968671382232909,-0.034926750308965304,2.7734369034162962,0.6904761904761905,0.6904761904761905,0.053481055422963095,1.8604805757954164,17.0,0.16666666666666666,0.0,0.0,0.0,0.0,0.0,,,-1.5752205822693883,-0.05138428954859791,-0.7954288022122957,,,
S2,SHORT,BB_B1_20_2.5_HALF,EXTENDED,44,16.466188524590166,0.22727272727272727,0.6155683821023877,2.092932499148118,-0.017104530040704932,-0.0486091119665983,0.12050942880812614,-0.05757922381977289,-0.5326613252306774,-1.1425269126320723,0.09792606676012064,-0.03392448984658271,2.886589222210071,0.6818181818181818,0.6818181818181818,0.053481055422963095,1.8981084591872714,17.0,0.1590909090909091,0.0,0.0,0.0,0.0,0.0,,,-1.5323911018481098,-0.046044620482778645,-0.752599321791017,,,
S2,SHORT,BB_B1_20_2.5_HALF,FULL_2023_2026,46,12.529082774049217,0.21739130434782608,0.5802866985983068,2.0890321149539046,-0.018948433569754862,-0.0486091119665983,0.12050942880812614,-0.0576867286747218,-0.5666389447803104,-1.1425269126320723,0.09453122184629263,-0.03449435969594793,2.7404834494549917,0.6956521739130435,0.6956521739130435,0.053481055422963095,1.8981084591872714,14.5,0.15217391304347827,0.0,0.0,0.0,0.0,0.0,,,-1.6514197242658162,-0.05261865042008594,-0.8716279442087236,,,
S2,SHORT,BB_B1_20_2.5_HALF,Y2020,2,2.0,0.5,2.771586292850075,2.771586292850075,0.015297610582458987,0.015297610582458987,0.047865179330883065,-0.01726995816596509,-0.7454928064691777,-0.7454928064691777,0.09468403763868383,-0.025795202634399494,3.6706064682126907,0.5,0.5,0.07254240785129507,2.0244185160431933,75.5,0.0,0.0,0.0,0.0,0.0,0.0,1.564465871087335,1.564465871087335,0.0,0.03642288233918806,0.030595221164917974,,,
S2,SHORT,BB_B1_20_2.5_HALF,Y2021,3,3.0,0.0,0.0,,-0.04217375224857428,-0.023391698186317908,,-0.04217375224857428,-0.8656336762595984,-0.7169570187796149,0.027722876670520202,-0.0387817113315693,0.7148440777535537,0.3333333333333333,0.3333333333333333,0.06582243756228334,3.6974615968561237,17.0,0.0,0.0,0.0,0.0,0.0,0.0,,,0.0,-0.17572396770239285,-0.12652125674572284,,,
S2,SHORT,BB_B1_20_2.5_HALF,Y2022,36,36.0,0.4444444444444444,0.9210386101898445,1.1512982627373056,-0.0026033389215530753,-0.028547119063592523,0.06832447165420794,-0.05934558738216188,-0.07527538011673388,-0.5612495277513762,0.1388379450844682,-0.03903701472155952,3.5565717838508335,0.5555555555555556,0.4444444444444444,0.06153071619648152,2.2730964096921484,39.0,0.05555555555555555,0.027777777777777776,0.0,0.0,1.0,0.0,,,-0.7585029843895068,-0.005699008888775355,-0.0937202011759107,,,
S2,SHORT,BB_B1_20_2.5_HALF,Y2023,2,2.0,0.0,0.0,,-0.059514311208853254,-0.059514311208853254,,-0.059514311208853254,-1.3141465748722359,-1.3141465748722359,0.019844633742076512,-0.047031496381982896,0.42194349039846224,1.0,1.0,0.05063534190171809,2.0304796667557747,12.0,0.0,0.0,0.0,0.0,0.0,0.0,,,0.0,-0.5410391928077568,-0.11902862241770651,,,
S2,SHORT,BB_B1_20_2.5_HALF,Y2024,2,2.0,0.5,1.8195237528828845,1.8195237528828845,0.02141474021063939,0.02141474021063939,0.09509090697617133,-0.05226142655489255,0.23287282142331822,0.23287282142331822,0.12016356603354539,-0.012877020136548234,9.331628339423874,0.5,0.5,0.050710431740521617,2.894690971959532,80.0,0.0,0.0,0.0,0.0,0.0,0.0,2.220220886194261,2.220220886194261,0.0,0.049513850198010155,0.04282948042127878,,,
S2,SHORT,BB_B1_20_2.5_HALF,Y2025,42,42.0,0.21428571428571427,0.5825467790580494,2.1360048565461813,-0.01893878100505466,-0.0486091119665983,0.12333370901167667,-0.057740369191435936,-0.5691153322142011,-1.1425269126320723,0.0968671382232909,-0.034926750308965304,2.7734369034162962,0.6904761904761905,0.6904761904761905,0.053481055422963095,1.8604805757954164,17.0,0.16666666666666666,0.0,0.0,0.0,0.0,0.0,,,-1.5752205822693883,-0.05138428954859791,-0.7954288022122957,,,
S2,SHORT,BB_B1_20_2_FULL,PRE_2020_2022,41,13.676027397260276,0.5121951219512195,1.3138655970490614,1.2513005686181538,0.007678503962784592,0.0029304522730025998,0.06275500963935783,-0.05015182699761732,0.026664997191510595,0.044957689255737725,0.06061411534797596,-0.0344634614791141,1.758793596073045,0.3902439024390244,0.3902439024390244,0.06180679327832891,2.2738270648170773,14.0,0.07317073170731707,0.0,0.0,0.0,0.0,0.0,0.4780423880623314,0.8524058093411506,-0.24368200221200415,0.04949978969719627,0.3148186624741683,,,
S2,SHORT,BB_B1_20_2_FULL,DISCOVERY,4,2.0013698630136987,0.25,0.5070791812629217,1.5212375437887653,-0.02110810779527194,-0.03894977994229386,0.0868576177915113,-0.05709668299086635,-0.5764548726765488,-1.1475757004683806,0.05722968032111636,-0.029954258259265565,1.91056910258874,0.75,0.75,0.050710431740521617,2.700521369529545,12.0,0.0,0.0,0.0,0.0,0.0,0.0,,,0.0,-0.2281957599488858,-0.08443243118108776,,,
S2,SHORT,BB_B1_20_2_FULL,STRICT_OOS,42,25.148360655737704,0.35714285714285715,0.5664846777124475,1.0196724198824054,-0.015993264202238896,-0.032412877265867314,0.05851656959719712,-0.05738761631303668,-0.4259926871041427,-1.1256355215390395,0.05543445297860857,-0.030657428265243255,1.8081899270544937,0.5952380952380952,0.5952380952380952,0.053481055422963095,1.8604805757954164,12.5,0.023809523809523808,0.0,0.0,0.0,0.0,0.0,,,-1.169851404738985,-0.10781975866677908,-0.6717170964940337,,,
S2,SHORT,BB_B1_20_2_FULL,EXTENDED,44,16.466188524590166,0.36363636363636365,0.602228795166713,1.0539003915417477,-0.014480020574032153,-0.032412877265867314,0.06028788510934176,-0.05720453810738868,-0.399300436348539,-1.1256355215390395,0.057215374520497096,-0.029849227895757117,1.916812546050141,0.5909090909090909,0.5909090909090909,0.053481055422963095,1.8981084591872714,12.0,0.022727272727272728,0.0,0.0,0.0,0.0,0.0,,,-1.1565655041900262,-0.09986221085539417,-0.6371209052574147,,,
S2,SHORT,BB_B1_20_2_FULL,FULL_2023_2026,46,12.529082774049217,0.34782608695652173,0.5605712465039281,1.0510710871948652,-0.016438033210328728,-0.032412877265867314,0.06028788510934176,-0.05735852298081964,-0.4390763554147867,-1.1256355215390395,0.05559055970404403,-0.03059628304733215,1.8169056554368377,0.6086956521739131,0.6086956521739131,0.053481055422963095,1.8981084591872714,12.0,0.021739130434782608,0.0,0.0,0.0,0.0,0.0,,,-1.2755941266077326,-0.11456811025380628,-0.7561495276751216,,,
S2,SHORT,BB_B1_20_2_FULL,Y2020,2,2.0,0.5,5.441208369367315,5.441208369367315,0.03834974137265378,0.03834974137265378,0.09396944091127266,-0.01726995816596509,-0.5756391994058706,-0.5756391994058706,0.08799075047646748,-0.013152320773409665,6.690131117723369,0.5,0.5,0.07254240785129507,2.0244185160431933,10.5,0.0,0.0,0.0,0.0,0.0,0.0,1.2251639456723933,1.2251639456723933,0.0,0.4036814881331977,0.07669948274530757,,,
S2,SHORT,BB_B1_20_2_FULL,Y2021,3,3.0,0.3333333333333333,0.24890771109914187,0.49781542219828373,-0.017709626746009028,-0.023391698186317908,0.01760660862683055,-0.035367744432428815,-0.5864365909123898,-0.38942629921377636,0.03260838346385667,-0.05050692857095074,0.6456219846758117,0.3333333333333333,0.3333333333333333,0.06582243756228334,3.6974615968561237,32.0,0.0,0.0,0.0,0.0,0.0,0.0,,,0.0,-0.06479131736344766,-0.05312888023802708,,,
S2,SHORT,BB_B1_20_2_FULL,Y2022,36,36.0,0.5277777777777778,1.3182930746505968,1.1795253825821128,0.008090223887969107,0.011456727502322371,0.06348837646781112,-0.05382535840714846,0.11121814045557901,0.1153053259781443,0.06142700216451413,-0.034310458149555745,1.790328823263163,0.3888888888888889,0.3888888888888889,0.06153071619648152,2.2730964096921484,13.5,0.08333333333333333,0.0,0.0,0.0,0.0,0.0,0.5167301894915645,0.921390710078897,-0.2672526047192847,0.05443888971343698,0.29124805996688785,,,
S2,SHORT,BB_B1_20_2_FULL,Y2023,2,2.0,0.0,0.0,,-0.059514311208853254,-0.059514311208853254,,-0.059514311208853254,-1.3141465748722359,-1.3141465748722359,0.019844633742076512,-0.047031496381982896,0.42194349039846224,1.0,1.0,0.05063534190171809,2.0304796667557747,12.0,0.0,0.0,0.0,0.0,0.0,0.0,,,0.0,-0.5410391928077568,-0.11902862241770651,,,
S2,SHORT,BB_B1_20_2_FULL,Y2024,2,2.0,0.5,1.661983292788244,1.661983292788244,0.017298095618309375,0.017298095618309375,0.0868576177915113,-0.05226142655489255,0.1612368295191383,0.1612368295191383,0.09461472690015621,-0.012877020136548234,7.347563791689331,0.5,0.5,0.050710431740521617,2.894690971959532,8.5,0.0,0.0,0.0,0.0,0.0,0.0,2.5106121421706047,2.5106121421706047,0.0,0.23064127491079167,0.03459619123661875,,,
S2,SHORT,BB_B1_20_2_FULL,Y2025,42,42.0,0.35714285714285715,0.5664846777124475,1.0196724198824054,-0.015993264202238896,-0.032412877265867314,0.05851656959719712,-0.05738761631303668,-0.4259926871041427,-1.1256355215390395,0.05543445297860857,-0.030657428265243255,1.8081899270544937,0.5952380952380952,0.5952380952380952,0.053481055422963095,1.8604805757954164,12.5,0.023809523809523808,0.0,0.0,0.0,0.0,0.0,,,-1.169851404738985,-0.10781975866677908,-0.6717170964940337,,,
S2,SHORT,BB_B1_20_2_HALF,PRE_2020_2022,41,13.676027397260276,0.3170731707317073,0.797551870134615,1.717804027982248,-0.0059368488669310155,-0.023391698186317908,0.07376352561810783,-0.04294059416355619,-0.1890837782918771,-0.4880618340363225,0.12516198368466103,-0.03837239193267438,3.2617717421489343,0.5365853658536586,0.34146341463414637,0.06180679327832891,2.2738270648170773,27.0,0.07317073170731707,0.0,0.0,0.0,0.0,0.0,,,-0.8368694943154877,-0.015563350610241153,-0.24341080354417163,,,
S2,SHORT,BB_B1_20_2_HALF,DISCOVERY,4,2.0013698630136987,0.25,0.5551455414166111,1.6654366242498333,-0.019049785499106933,-0.03894977994229386,0.09509090697617133,-0.05709668299086635,-0.5406368767244588,-1.1475757004683806,0.07000409988781095,-0.029954258259265565,2.33703332868064,0.75,0.75,0.050710431740521617,2.700521369529545,12.0,0.0,0.0,0.0,0.0,0.0,0.0,,,0.0,-0.07022962395984123,-0.07619914199642773,,,
S2,SHORT,BB_B1_20_2_HALF,STRICT_OOS,42,25.148360655737704,0.2857142857142857,0.42888981651593033,1.072224541289826,-0.022184462343843765,-0.03805266938560166,0.05830996523541051,-0.05438223337554548,-0.5690891154251274,-1.1256355215390395,0.09613413088435514,-0.034926750308965304,2.752449914004126,0.6904761904761905,0.5952380952380952,0.053481055422963095,1.8604805757954164,17.0,0.047619047619047616,0.0,0.0,0.0,0.0,0.0,,,-1.4378228464746095,-0.07069403781801503,-0.9317474184414382,,,
S2,SHORT,BB_B1_20_2_HALF,EXTENDED,44,16.466188524590166,0.29545454545454547,0.4720538518373663,1.1256668774583352,-0.020202680409549072,-0.03805266938560166,0.06113926844623826,-0.05431382025229861,-0.5326363001138344,-1.1256355215390395,0.09722637793659107,-0.03392448984658271,2.8659643336209197,0.6818181818181818,0.5909090909090909,0.053481055422963095,1.8981084591872714,17.0,0.045454545454545456,0.0,0.0,0.0,0.0,0.0,,,-1.4195850512674812,-0.06329070402421923,-0.8889179380201592,,,
S2,SHORT,BB_B1_20_2_HALF,FULL_2023_2026,46,12.529082774049217,0.2826086956521739,0.4408860804043128,1.1191723579494095,-0.02191188174864926,-0.03805266938560166,0.06113926844623826,-0.05462900152239283,-0.5666150077120258,-1.1256355215390395,0.09386195427596,-0.03449435969594793,2.721081217431208,0.6956521739130435,0.6086956521739131,0.053481055422963095,1.8981084591872714,14.5,0.043478260869565216,0.0,0.0,0.0,0.0,0.0,,,-1.5386136736851876,-0.07065871436648201,-1.007946560437866,,,
S2,SHORT,BB_B1_20_2_HALF,Y2020,2,2.0,0.5,2.771586292850075,2.771586292850075,0.015297610582458987,0.015297610582458987,0.047865179330883065,-0.01726995816596509,-0.7454928064691777,-0.7454928064691777,0.09468403763868383,-0.025795202634399494,3.6706064682126907,0.5,0.5,0.07254240785129507,2.0244185160431933,75.5,0.0,0.0,0.0,0.0,0.0,0.0,1.564465871087335,1.564465871087335,0.0,0.03642288233918806,0.030595221164917974,,,
S2,SHORT,BB_B1_20_2_HALF,Y2021,3,3.0,0.0,0.0,,-0.033275179350363344,-0.023391698186317908,,-0.033275179350363344,-0.792438474473505,-0.4973714134213343,0.027722876670520202,-0.0387817113315693,0.7148440777535537,0.3333333333333333,0.3333333333333333,0.06582243756228334,3.6974615968561237,17.0,0.0,0.0,0.0,0.0,0.0,0.0,,,0.0,-0.15357775084783085,-0.09982553805109004,,,
S2,SHORT,BB_B1_20_2_HALF,Y2022,36,36.0,0.3333333333333333,0.8395006601023107,1.6790013202046215,-0.004838346851611098,-0.02621214547923747,0.07592172114204322,-0.04521838084843827,-0.1078926076002247,-0.4148048406041651,0.13497512849394927,-0.03903701472155952,3.4576191201271507,0.5555555555555556,0.3333333333333333,0.06153071619648152,2.2730964096921484,28.5,0.08333333333333333,0.0,0.0,0.0,0.0,0.0,,,-0.7676391774293156,-0.01230957502883389,-0.17418048665799954,,,
S2,SHORT,BB_B1_20_2_HALF,Y2023,2,2.0,0.0,0.0,,-0.059514311208853254,-0.059514311208853254,,-0.059514311208853254,-1.3141465748722359,-1.3141465748722359,0.019844633742076512,-0.047031496381982896,0.42194349039846224,1.0,1.0,0.05063534190171809,2.0304796667557747,12.0,0.0,0.0,0.0,0.0,0.0,0.0,,,0.0,-0.5410391928077568,-0.11902862241770651,,,
S2,SHORT,BB_B1_20_2_HALF,Y2024,2,2.0,0.5,1.8195237528828845,1.8195237528828845,0.02141474021063939,0.02141474021063939,0.09509090697617133,-0.05226142655489255,0.23287282142331822,0.23287282142331822,0.12016356603354539,-0.012877020136548234,9.331628339423874,0.5,0.5,0.050710431740521617,2.894690971959532,80.0,0.0,0.0,0.0,0.0,0.0,0.0,2.220220886194261,2.220220886194261,0.0,0.049513850198010155,0.04282948042127878,,,
S2,SHORT,BB_B1_20_2_HALF,Y2025,42,42.0,0.2857142857142857,0.42888981651593033,1.072224541289826,-0.022184462343843765,-0.03805266938560166,0.05830996523541051,-0.05438223337554548,-0.5690891154251274,-1.1256355215390395,0.09613413088435514,-0.034926750308965304,2.752449914004126,0.6904761904761905,0.5952380952380952,0.053481055422963095,1.8604805757954164,17.0,0.047619047619047616,0.0,0.0,0.0,0.0,0.0,,,-1.4378228464746095,-0.07069403781801503,-0.9317474184414382,,,
S2,SHORT,BB_B1_30_2_FULL,PRE_2020_2022,41,13.676027397260276,0.43902439024390244,1.062262523340081,1.3573354464901037,0.0018730481598945073,-0.023391698186317908,0.07278894721822905,-0.053626351103149915,-0.001866272667526562,-0.5105230282328788,0.07136571835324065,-0.03455752045378554,2.0651284413961197,0.4878048780487805,0.4878048780487805,0.06180679327832891,2.2738270648170773,17.0,0.12195121951219512,0.024390243902439025,0.0,0.0,1.0,0.0,3.119069552666544,4.653761011946966,-0.614394252741859,0.009263567497668854,0.0767949745556748,,,
S2,SHORT,BB_B1_30_2_FULL,DISCOVERY,4,2.0013698630136987,0.25,0.02473616570996858,0.07420849712990575,-0.041763247484186056,-0.03894977994229386,0.004237059035854844,-0.05709668299086635,-0.9358862946388895,-1.1475757004683806,0.0253452352749495,-0.029954258259265565,0.8461312931062019,0.75,0.75,0.050710431740521617,2.700521369529545,8.5,0.0,0.0,0.0,0.0,0.0,0.0,,,0.0,-0.5760447928853248,-0.16705298993674422,,,
S2,SHORT,BB_B1_30_2_FULL,STRICT_OOS,42,25.148360655737704,0.3333333333333333,0.5410904216884749,1.08218084337695,-0.017868500735168442,-0.036902145645485954,0.06320509565287255,-0.058405298929188935,-0.46380868648636325,-1.1311210348486653,0.059759781759897566,-0.031341733465984935,1.9067159072345068,0.6190476190476191,0.6190476190476191,0.053481055422963095,1.8604805757954164,12.0,0.047619047619047616,0.0,0.0,0.0,0.0,0.0,,,-1.2930007462964737,-0.09671095758725186,-0.7504770308770745,,,
S2,SHORT,BB_B1_30_2_FULL,EXTENDED,44,16.466188524590166,0.3409090909090909,0.5268447718080318,1.0185665588288615,-0.018147759054457095,-0.036902145645485954,0.05927389321173803,-0.05819344126110974,-0.46807311048268957,-1.1311210348486653,0.05844551153480324,-0.030502428314646904,1.916093726437459,0.6136363636363636,0.6136363636363636,0.053481055422963095,1.8981084591872714,11.0,0.045454545454545456,0.0,0.0,0.0,0.0,0.0,,,-1.3410251138155111,-0.10197974436731956,-0.7985013983961122,,,
S2,SHORT,BB_B1_30_2_FULL,FULL_2023_2026,46,12.529082774049217,0.32608695652173914,0.4921341142923223,1.017077169537466,-0.019946304800300404,-0.036902145645485954,0.05927389321173803,-0.05827865867709319,-0.5048589132822351,-1.1311210348486653,0.05676721250033687,-0.031221083448009338,1.8182332651865851,0.6304347826086957,0.6304347826086957,0.053481055422963095,1.8981084591872714,11.5,0.043478260869565216,0.0,0.0,0.0,0.0,0.0,,,-1.4600537362332175,-0.11397888457314517,-0.9175300208138186,,,
S2,SHORT,BB_B1_30_2_FULL,Y2020,2,2.0,0.5,5.441208369367315,5.441208369367315,0.03834974137265378,0.03834974137265378,0.09396944091127266,-0.01726995816596509,-0.5756391994058706,-0.5756391994058706,0.08799075047646748,-0.013152320773409665,6.690131117723369,0.5,0.5,0.07254240785129507,2.0244185160431933,10.5,0.0,0.0,0.0,0.0,0.0,0.0,1.2251639456723933,1.2251639456723933,0.0,0.4036814881331977,0.07669948274530757,,,
S2,SHORT,BB_B1_30_2_FULL,Y2021,3,3.0,0.3333333333333333,0.3950175845653835,0.790035169130767,-0.008988366620346265,-0.021180010301551436,0.01760660862683055,-0.022285854243934672,-0.5146998751458381,-0.17421615191412126,0.03260838346385667,-0.05050692857095074,0.6456219846758117,0.3333333333333333,0.3333333333333333,0.06582243756228334,3.6974615968561237,37.0,0.0,0.0,0.0,0.0,0.0,0.0,,,0.0,-0.02407598201878464,-0.026965099861038795,,,
S2,SHORT,BB_B1_30_2_FULL,Y2022,36,36.0,0.4444444444444444,1.023097826692263,1.2788722833653288,0.0007516831019835018,-0.032802718527219735,0.07491406252437624,-0.05857822043593068,0.07274613458001852,-0.813226565455641,0.0736718833649545,-0.03441758087070932,2.140530551572034,0.5,0.5,0.06153071619648152,2.2730964096921484,16.5,0.1388888888888889,0.027777777777777776,0.0,0.0,1.0,0.0,8.851575377322906,13.206860472245134,-0.6641286356261276,0.0038768755976226455,0.027060591671406065,,,
S2,SHORT,BB_B1_30_2_FULL,Y2023,2,2.0,0.0,0.0,,-0.059514311208853254,-0.059514311208853254,,-0.059514311208853254,-1.3141465748722359,-1.3141465748722359,0.019844633742076512,-0.047031496381982896,0.42194349039846224,1.0,1.0,0.05063534190171809,2.0304796667557747,12.0,0.0,0.0,0.0,0.0,0.0,0.0,,,0.0,-0.5410391928077568,-0.11902862241770651,,,
S2,SHORT,BB_B1_30_2_FULL,Y2024,2,2.0,0.5,0.08107430881942093,0.08107430881942093,-0.024012183759518854,-0.024012183759518854,0.004237059035854844,-0.05226142655489255,-0.5576260144055432,-0.5576260144055432,0.03084583680782249,-0.012877020136548234,2.395417300022248,0.5,0.5,0.050710431740521617,2.894690971959532,4.5,0.0,0.0,0.0,0.0,0.0,0.0,,,0.0,-0.6860623931291101,-0.04802436751903771,,,
S2,SHORT,BB_B1_30_2_FULL,Y2025,42,42.0,0.3333333333333333,0.5410904216884749,1.08218084337695,-0.017868500735168442,-0.036902145645485954,0.06320509565287255,-0.058405298929188935,-0.46380868648636325,-1.1311210348486653,0.059759781759897566,-0.031341733465984935,1.9067159072345068,0.6190476190476191,0.6190476190476191,0.053481055422963095,1.8604805757954164,12.0,0.047619047619047616,0.0,0.0,0.0,0.0,0.0,,,-1.2930007462964737,-0.09671095758725186,-0.7504770308770745,,,
S2,SHORT,BB_B1_30_2_HALF,PRE_2020_2022,41,13.676027397260276,0.34146341463414637,0.7021353470261141,1.3541181692646487,-0.01035306924946243,-0.03280730922314856,0.07147049787903258,-0.05278010405683021,-0.21399269083174557,-0.7169570187796149,0.1301695516201921,-0.03837239193267438,3.392270980880703,0.5365853658536586,0.43902439024390244,0.06180679327832891,2.2738270648170773,30.0,0.07317073170731707,0.0,0.0,0.0,0.0,0.0,,,-1.0431785694523255,-0.025874784469854292,-0.4244758392279596,,,
S2,SHORT,BB_B1_30_2_HALF,DISCOVERY,4,2.0013698630136987,0.25,0.3121206841935995,0.9363620525807985,-0.02945672042292907,-0.03894977994229386,0.05346316728088278,-0.05709668299086635,-0.7217336630098865,-1.1475757004683806,0.07000409988781095,-0.029954258259265565,2.33703332868064,0.75,0.75,0.050710431740521617,2.700521369529545,12.0,0.0,0.0,0.0,0.0,0.0,0.0,,,0.0,-0.11275299683417826,-0.11782688169171628,,,
S2,SHORT,BB_B1_30_2_HALF,STRICT_OOS,42,25.148360655737704,0.21428571428571427,0.42732940771531214,1.5668744949561446,-0.02344501519821653,-0.038139830274267,0.0816422939057301,-0.052105190408383795,-0.5971576920222464,-1.1311210348486653,0.09613413088435514,-0.034926750308965304,2.752449914004126,0.6904761904761905,0.6190476190476191,0.053481055422963095,1.8604805757954164,17.0,0.047619047619047616,0.0,0.0,0.0,0.0,0.0,,,-1.563140172514269,-0.07081557988673817,-0.9846906383250943,,,
S2,SHORT,BB_B1_30_2_HALF,EXTENDED,44,16.466188524590166,0.22727272727272727,0.44489996034357443,1.512659865168153,-0.022352020399979636,-0.038139830274267,0.07882438124324537,-0.05210978558916346,-0.5758923765279415,-1.1311210348486653,0.09722637793659107,-0.03392448984658271,2.8659643336209197,0.6818181818181818,0.6136363636363636,0.053481055422963095,1.8981084591872714,17.0,0.045454545454545456,0.0,0.0,0.0,0.0,0.0,,,-1.561938431788279,-0.06676774593340827,-0.983488897599104,,,
S2,SHORT,BB_B1_30_2_HALF,FULL_2023_2026,46,12.529082774049217,0.21739130434782608,0.4168922850835829,1.5008122263008985,-0.023967772174278482,-0.038139830274267,0.07882438124324537,-0.05252114812359067,-0.6079903851516064,-1.1311210348486653,0.09386195427596,-0.03449435969594793,2.721081217431208,0.6956521739130435,0.6304347826086957,0.053481055422963095,1.8981084591872714,14.5,0.043478260869565216,0.0,0.0,0.0,0.0,0.0,,,-1.6809670542059854,-0.07374699130547226,-1.1025175200168102,,,
S2,SHORT,BB_B1_30_2_HALF,Y2020,2,2.0,0.5,2.771586292850075,2.771586292850075,0.015297610582458987,0.015297610582458987,0.047865179330883065,-0.01726995816596509,-0.7454928064691777,-0.7454928064691777,0.09468403763868383,-0.025795202634399494,3.6706064682126907,0.5,0.5,0.07254240785129507,2.0244185160431933,75.5,0.0,0.0,0.0,0.0,0.0,0.0,1.564465871087335,1.564465871087335,0.0,0.03642288233918806,0.030595221164917974,,,
S2,SHORT,BB_B1_30_2_HALF,Y2021,3,3.0,0.0,0.0,,-0.04217375224857428,-0.023391698186317908,,-0.04217375224857428,-0.8656336762595984,-0.7169570187796149,0.027722876670520202,-0.0387817113315693,0.7148440777535537,0.3333333333333333,0.3333333333333333,0.06582243756228334,3.6974615968561237,17.0,0.0,0.0,0.0,0.0,0.0,0.0,,,0.0,-0.17572396770239285,-0.12652125674572284,,,
S2,SHORT,BB_B1_30_2_HALF,Y2022,36,36.0,0.3611111111111111,0.7435752068288871,1.3155561351588005,-0.00912638343464319,-0.03653416081194985,0.07328629161350561,-0.05570746063577077,-0.13016149117734496,-0.7073542185318029,0.1406781919760819,-0.03903701472155952,3.6037128602046398,0.5555555555555556,0.4444444444444444,0.06153071619648152,2.2730964096921484,31.0,0.08333333333333333,0.0,0.0,0.0,0.0,0.0,,,-0.9472525338715208,-0.022132017759996955,-0.3285498036471548,,,
S2,SHORT,BB_B1_30_2_HALF,Y2023,2,2.0,0.0,0.0,,-0.059514311208853254,-0.059514311208853254,,-0.059514311208853254,-1.3141465748722359,-1.3141465748722359,0.019844633742076512,-0.047031496381982896,0.42194349039846224,1.0,1.0,0.05063534190171809,2.0304796667557747,12.0,0.0,0.0,0.0,0.0,0.0,0.0,,,0.0,-0.5410391928077568,-0.11902862241770651,,,
S2,SHORT,BB_B1_30_2_HALF,Y2024,2,2.0,0.5,1.0229947937744865,1.0229947937744865,0.0006008703629951165,0.0006008703629951165,0.05346316728088278,-0.05226142655489255,-0.1293207511475371,-0.1293207511475371,0.12016356603354539,-0.012877020136548234,9.331628339423874,0.5,0.5,0.050710431740521617,2.894690971959532,80.0,0.0,0.0,0.0,0.0,0.0,0.0,44.488104733930186,44.488104733930186,0.0,0.0014566554254427065,0.001201740725990233,,,
S2,SHORT,BB_B1_30_2_HALF,Y2025,42,42.0,0.21428571428571427,0.42732940771531214,1.5668744949561446,-0.02344501519821653,-0.038139830274267,0.0816422939057301,-0.052105190408383795,-0.5971576920222464,-1.1311210348486653,0.09613413088435514,-0.034926750308965304,2.752449914004126,0.6904761904761905,0.6190476190476191,0.053481055422963095,1.8604805757954164,17.0,0.047619047619047616,0.0,0.0,0.0,0.0,0.0,,,-1.563140172514269,-0.07081557988673817,-0.9846906383250943,,,
S2,SHORT,BB_B2_20_2.5_FULL,PRE_2020_2022,41,13.676027397260276,0.4634146341463415,1.3728365260023145,1.58960018800268,0.012628444080695186,-0.023391698186317908,0.10034147347778437,-0.06312371767133636,0.08972607400960533,-1.1159301026784032,0.08598412127369476,-0.03707501771996078,2.319192991980739,0.5121951219512195,0.5121951219512195,0.06180679327832891,2.2738270648170773,16.0,0.21951219512195122,0.024390243902439025,0.0,0.0,1.0,0.0,0.45706019110811524,0.7479072515459809,-0.2949313831972561,0.04286144100235949,0.5177662073085026,,,
S2,SHORT,BB_B2_20_2.5_FULL,DISCOVERY,4,2.0013698630136987,0.25,0.7050822994585585,2.1152468983756756,-0.012629116842157454,-0.03894977994229386,0.12077358160396924,-0.05709668299086635,-0.4289072975459164,-1.1475757004683806,0.05722968032111636,-0.029954258259265565,1.91056910258874,0.75,0.75,0.050710431740521617,2.700521369529545,11.5,0.25,0.0,0.0,0.0,0.0,0.0,,,0.0,-0.14032352046841617,-0.05051646736862982,,,
S2,SHORT,BB_B2_20_2.5_FULL,STRICT_OOS,42,25.148360655737704,0.23809523809523808,0.6957829667312093,2.22650549353987,-0.014938085542389871,-0.05125395397601454,0.14349424991104365,-0.06444819037158783,-0.46055599148137594,-1.1495832599143736,0.08201544146822279,-0.03579400849572566,2.2913175951784406,0.7380952380952381,0.7380952380952381,0.053481055422963095,1.8604805757954164,13.5,0.16666666666666666,0.07142857142857142,0.0,0.0,3.0,0.0,,,-1.6471076087529704,-0.05441453536690153,-0.6273995927803746,,,
S2,SHORT,BB_B2_20_2.5_FULL,EXTENDED,44,16.466188524590166,0.25,0.73570107452479,2.20710322357437,-0.012701987221165856,-0.0509261665719692,0.1414287346104005,-0.06407889449835465,-0.4188792655149314,-1.1495832599143736,0.08258813626058341,-0.03475232720667214,2.3764778620272433,0.7272727272727273,0.7272727272727273,0.053481055422963095,1.8981084591872714,13.0,0.18181818181818182,0.06818181818181818,0.0,0.0,3.0,0.0,,,-1.5785954537038938,-0.0478909543899998,-0.5588874377312977,,,
S2,SHORT,BB_B2_20_2.5_FULL,FULL_2023_2026,46,12.529082774049217,0.2391304347826087,0.6964961025825158,2.21612396276255,-0.014737305655413134,-0.0509261665719692,0.1414287346104005,-0.06381806116752599,-0.457803931139162,-1.1495832599143736,0.07986015789021354,-0.03528620412733782,2.26321192276792,0.7391304347826086,0.7391304347826086,0.053481055422963095,1.8981084591872714,12.5,0.17391304347826086,0.06521739130434782,0.0,0.0,3.0,0.0,,,-1.6976240761216002,-0.05701564845660254,-0.6779160601490042,,,
S2,SHORT,BB_B2_20_2.5_FULL,Y2020,2,2.0,0.5,7.8148888159926075,7.8148888159926075,0.05884642237894785,0.05884642237894785,0.1349628029238608,-0.01726995816596509,-0.4246147568746905,-0.4246147568746905,0.08799075047646748,-0.013152320773409665,6.690131117723369,0.5,0.5,0.07254240785129507,2.0244185160431933,10.0,0.5,0.0,0.0,0.0,0.0,0.0,1.1467375370311668,1.1467375370311668,0.0,0.653849137543865,0.1176928447578957,,,
S2,SHORT,BB_B2_20_2.5_FULL,Y2021,3,3.0,0.3333333333333333,0.2986615290016081,0.5973230580032162,-0.03737998470368964,-0.023391698186317908,0.04775424640445656,-0.07994710025776275,-0.6782233512612521,-1.122801185828553,0.04482216122183288,-0.05050692857095074,0.8874457918950257,0.6666666666666666,0.6666666666666666,0.06582243756228334,3.6974615968561237,58.0,0.0,0.0,0.0,0.0,0.0,0.0,,,0.0,-0.07142672236373816,-0.11213995411106892,,,
S2,SHORT,BB_B2_20_2.5_FULL,Y2022,36,36.0,0.4722222222222222,1.422772556534938,1.5901575631861071,0.014228147685046552,-0.030661934918956576,0.10139829098526974,-0.06376619105725839,0.1822963500535265,-1.042033488779344,0.08930280521119587,-0.03728473053496446,2.3951575867619717,0.5,0.5,0.06153071619648152,2.2730964096921484,15.5,0.2222222222222222,0.027777777777777776,0.0,0.0,1.0,0.0,0.46201516821957034,0.7560152937360411,-0.28930052283822855,0.04958502581429583,0.5122133166616759,,,
S2,SHORT,BB_B2_20_2.5_FULL,Y2023,2,2.0,0.0,0.0,,-0.059514311208853254,-0.059514311208853254,,-0.059514311208853254,-1.3141465748722359,-1.3141465748722359,0.019844633742076512,-0.047031496381982896,0.42194349039846224,1.0,1.0,0.05063534190171809,2.0304796667557747,12.0,0.0,0.0,0.0,0.0,0.0,0.0,,,0.0,-0.5410391928077568,-0.11902862241770651,,,
S2,SHORT,BB_B2_20_2.5_FULL,Y2024,2,2.0,0.5,2.3109507253330572,2.3109507253330572,0.034256077524538346,0.034256077524538346,0.12077358160396924,-0.05226142655489255,0.4563319797804031,0.4563319797804031,0.09461472690015621,-0.012877020136548234,7.347563791689331,0.5,0.5,0.050710431740521617,2.894690971959532,8.0,0.5,0.0,0.0,0.0,0.0,0.0,1.7628051769420563,1.7628051769420563,0.0,0.4893725360648335,0.06851215504907669,,,
S2,SHORT,BB_B2_20_2.5_FULL,Y2025,42,42.0,0.23809523809523808,0.6957829667312093,2.22650549353987,-0.014938085542389871,-0.05125395397601454,0.14349424991104365,-0.06444819037158783,-0.46055599148137594,-1.1495832599143736,0.08201544146822279,-0.03579400849572566,2.2913175951784406,0.7380952380952381,0.7380952380952381,0.053481055422963095,1.8604805757954164,13.5,0.16666666666666666,0.07142857142857142,0.0,0.0,3.0,0.0,,,-1.6471076087529704,-0.05441453536690153,-0.6273995927803746,,,
S2,SHORT,BB_B2_20_2.5_HALF,PRE_2020_2022,41,13.676027397260276,0.4146341463414634,0.8753305763137168,1.235760813619365,-0.004031534989332677,-0.023391698186317908,0.0682680528435827,-0.05524374303764774,-0.15623740997239408,-0.5622215981242129,0.12786356546124578,-0.03837239193267438,3.3321760521363015,0.5365853658536586,0.43902439024390244,0.06180679327832891,2.2738270648170773,38.0,0.04878048780487805,0.024390243902439025,0.0,0.0,1.0,0.0,,,-0.8179557711556669,-0.009211085793404279,-0.16529293456263977,,,
S2,SHORT,BB_B2_20_2.5_HALF,DISCOVERY,4,2.0013698630136987,0.25,0.6539154318336126,1.9617462955008378,-0.014820210657470325,-0.03894977994229386,0.11200920634271776,-0.05709668299086635,-0.46703572357217477,-1.1475757004683806,0.07000409988781095,-0.029954258259265565,2.33703332868064,0.75,0.75,0.050710431740521617,2.700521369529545,12.0,0.25,0.0,0.0,0.0,0.0,0.0,,,0.0,-0.05488966910174194,-0.0592808426298813,,,
S2,SHORT,BB_B2_20_2.5_HALF,STRICT_OOS,42,25.148360655737704,0.21428571428571427,0.574612782267435,2.106913534980595,-0.019289956784941668,-0.04856942804955936,0.12159868614086565,-0.057714132128343656,-0.5771573440811066,-1.1425269126320723,0.0968671382232909,-0.034926750308965304,2.7734369034162962,0.6904761904761905,0.6904761904761905,0.053481055422963095,1.8604805757954164,17.0,0.16666666666666666,0.0,0.0,0.0,0.0,0.0,,,-1.5998066539963818,-0.05243871747362783,-0.81017818496755,,,
S2,SHORT,BB_B2_20_2.5_HALF,EXTENDED,44,16.466188524590166,0.22727272727272727,0.6165066694956081,2.0961226762850678,-0.017055236481357386,-0.04856942804955936,0.12063973816105085,-0.05755375843500685,-0.533646777180698,-1.1425269126320723,0.09792606676012064,-0.03392448984658271,2.886589222210071,0.6818181818181818,0.6818181818181818,0.053481055422963095,1.8981084591872714,17.0,0.18181818181818182,0.0,0.0,0.0,0.0,0.0,,,-1.5400588742085568,-0.0460104478957526,-0.7504304051797249,,,
S2,SHORT,BB_B2_20_2.5_HALF,FULL_2023_2026,46,12.529082774049217,0.21739130434782608,0.5811564693296004,2.0921632895865616,-0.018901283208639808,-0.04856942804955936,0.12063973816105085,-0.057662678033553884,-0.5675815509933735,-1.1425269126320723,0.09453122184629263,-0.03449435969594793,2.7404834494549917,0.6956521739130435,0.6956521739130435,0.053481055422963095,1.8981084591872714,14.5,0.17391304347826086,0.0,0.0,0.0,0.0,0.0,,,-1.6590874966262632,-0.05259885224424871,-0.8694590275974312,,,
S2,SHORT,BB_B2_20_2.5_HALF,Y2020,2,2.0,0.5,3.9561287375982808,3.9561287375982808,0.025526109815764753,0.025526109815764753,0.0683221777974946,-0.01726995816596509,-0.6701267804200701,-0.6701267804200701,0.09468403763868383,-0.025795202634399494,3.6706064682126907,0.5,0.5,0.07254240785129507,2.0244185160431933,75.5,0.0,0.0,0.0,0.0,0.0,0.0,1.3382802606940774,1.3382802606940774,0.0,0.061140382792250904,0.051052219631529505,,,
S2,SHORT,BB_B2_20_2.5_HALF,Y2021,3,3.0,0.0,0.0,,-0.04217375224857428,-0.023391698186317908,,-0.04217375224857428,-0.8656336762595984,-0.7169570187796149,0.027722876670520202,-0.0387817113315693,0.7148440777535537,0.3333333333333333,0.3333333333333333,0.06582243756228334,3.6974615968561237,17.0,0.0,0.0,0.0,0.0,0.0,0.0,,,0.0,-0.17572396770239285,-0.12652125674572284,,,
S2,SHORT,BB_B2_20_2.5_HALF,Y2022,36,36.0,0.4444444444444444,0.9240106234316502,1.1550132792895629,-0.002495108262456846,-0.027690885726728474,0.0682646700339632,-0.059102930899592884,-0.06857164497914502,-0.5466269254026763,0.13805192996172633,-0.03903701472155952,3.5364366600882122,0.5555555555555556,0.4444444444444444,0.06153071619648152,2.2730964096921484,39.0,0.05555555555555555,0.027777777777777776,0.0,0.0,1.0,0.0,,,-0.7424867340414737,-0.005480408630167569,-0.08982389744844646,,,
S2,SHORT,BB_B2_20_2.5_HALF,Y2023,2,2.0,0.0,0.0,,-0.059514311208853254,-0.059514311208853254,,-0.059514311208853254,-1.3141465748722359,-1.3141465748722359,0.019844633742076512,-0.047031496381982896,0.42194349039846224,1.0,1.0,0.05063534190171809,2.0304796667557747,12.0,0.0,0.0,0.0,0.0,0.0,0.0,,,0.0,-0.5410391928077568,-0.11902862241770651,,,
S2,SHORT,BB_B2_20_2.5_HALF,Y2024,2,2.0,0.5,2.143248160764793,2.143248160764793,0.029873889893912604,0.029873889893912604,0.11200920634271776,-0.05226142655489255,0.3800751277278863,0.3800751277278863,0.12016356603354539,-0.012877020136548234,9.331628339423874,0.5,0.5,0.050710431740521617,2.894690971959532,80.0,0.5,0.0,0.0,0.0,0.0,0.0,1.8747007293071307,1.8747007293071307,0.0,0.06947416254398281,0.05974777978782521,,,
S2,SHORT,BB_B2_20_2.5_HALF,Y2025,42,42.0,0.21428571428571427,0.574612782267435,2.106913534980595,-0.019289956784941668,-0.04856942804955936,0.12159868614086565,-0.057714132128343656,-0.5771573440811066,-1.1425269126320723,0.0968671382232909,-0.034926750308965304,2.7734369034162962,0.6904761904761905,0.6904761904761905,0.053481055422963095,1.8604805757954164,17.0,0.16666666666666666,0.0,0.0,0.0,0.0,0.0,,,-1.5998066539963818,-0.05243871747362783,-0.81017818496755,,,
S2,SHORT,BB_B2_20_2_FULL,PRE_2020_2022,41,13.676027397260276,0.5121951219512195,1.2888036782153691,1.2274320744908278,0.006896346186393844,0.0005461281819706971,0.06008522102098267,-0.04895197238992443,0.010541464337471431,0.014187479095961153,0.05497234487750046,-0.0344634614791141,1.5950906414555996,0.3902439024390244,0.3902439024390244,0.06180679327832891,2.2738270648170773,13.0,0.0975609756097561,0.0,0.0,0.0,0.0,0.0,0.4969685020123041,0.9786292950682511,-0.2912967914243393,0.04665844779573393,0.2827501936421476,,,
S2,SHORT,BB_B2_20_2_FULL,DISCOVERY,4,2.0013698630136987,0.25,0.5728777196968473,1.718633159090542,-0.018290449077603802,-0.03894977994229386,0.09812825266218385,-0.05709668299086635,-0.5274232469045089,-1.1475757004683806,0.05722968032111636,-0.029954258259265565,1.91056910258874,0.75,0.75,0.050710431740521617,2.700521369529545,11.5,0.0,0.0,0.0,0.0,0.0,0.0,,,0.0,-0.2032272119733756,-0.07316179631041521,,,
S2,SHORT,BB_B2_20_2_FULL,STRICT_OOS,42,25.148360655737704,0.38095238095238093,0.5681471598151242,0.9232391346995769,-0.015883276912585436,-0.03234528666207149,0.054852253580805053,-0.05941283413928727,-0.4316660147945641,-1.1256355215390395,0.05369094058063909,-0.030657428265243255,1.7513191294492645,0.5952380952380952,0.5952380952380952,0.053481055422963095,1.8604805757954164,11.0,0.047619047619047616,0.0,0.0,0.0,0.0,0.0,,,-1.1319118570783488,-0.11118293838809805,-0.6670976303285883,,,
S2,SHORT,BB_B2_20_2_FULL,EXTENDED,44,16.466188524590166,0.38636363636363635,0.6110001848429624,0.970412058279999,-0.014118881914120385,-0.03234528666207149,0.05739790058559204,-0.059147967191717096,-0.4002584649828467,-1.1256355215390395,0.05555111268607169,-0.029849227895757117,1.8610569385604758,0.5909090909090909,0.5909090909090909,0.053481055422963095,1.8981084591872714,11.0,0.045454545454545456,0.0,0.0,0.0,0.0,0.0,,,-1.1146995561387827,-0.10117765541063468,-0.621230804221297,,,
S2,SHORT,BB_B2_20_2_FULL,FULL_2023_2026,46,12.529082774049217,0.3695652173913043,0.5686193548183334,0.9699977229253923,-0.016092596231282688,-0.03234528666207149,0.05739790058559204,-0.059173232296347175,-0.43999273063021155,-1.1256355215390395,0.05399865707981104,-0.03059628304733215,1.7648763739136433,0.6086956521739131,0.6086956521739131,0.053481055422963095,1.8981084591872714,11.0,0.043478260869565216,0.0,0.0,0.0,0.0,0.0,,,-1.233728178556489,-0.11639299160990624,-0.7402594266390037,,,
S2,SHORT,BB_B2_20_2_FULL,Y2020,2,2.0,0.5,5.077832789906967,5.077832789906967,0.035212000844747016,0.035212000844747016,0.08769395985545912,-0.01726995816596509,-0.5987588212553346,-0.5987588212553346,0.053780590860471766,-0.013152320773409665,4.089057116763846,0.5,0.5,0.07254240785129507,2.0244185160431933,9.5,0.0,0.0,0.0,0.0,0.0,0.0,1.2452282993248516,1.2452282993248516,0.0,0.41425883346761194,0.07042400168949403,,,
S2,SHORT,BB_B2_20_2_FULL,Y2021,3,3.0,0.3333333333333333,0.3352712476940222,0.6705424953880444,-0.014601574280427104,-0.023391698186317908,0.022093920311012767,-0.032949321576147036,-0.5504504413588236,-0.34964083001674706,0.03260838346385667,-0.05050692857095074,0.6456219846758117,0.3333333333333333,0.3333333333333333,0.06582243756228334,3.6974615968561237,31.0,0.0,0.0,0.0,0.0,0.0,0.0,,,0.0,-0.054755903551601634,-0.04380472284128131,,,
S2,SHORT,BB_B2_20_2_FULL,Y2022,36,36.0,0.5277777777777778,1.2859016071348262,1.150543543225897,0.007114747633164857,0.00498804062815107,0.06063167164600864,-0.052698285087072326,0.09114080567842968,0.08761527966803173,0.056902216885139044,-0.034310458149555745,1.6584510949142142,0.3888888888888889,0.3888888888888889,0.06153071619648152,2.2730964096921484,13.0,0.1111111111111111,0.0,0.0,0.0,0.0,0.0,0.5486176484829173,1.0803366821496192,-0.317916070272552,0.050320415480144376,0.25613091479393485,,,
S2,SHORT,BB_B2_20_2_FULL,Y2023,2,2.0,0.0,0.0,,-0.059514311208853254,-0.059514311208853254,,-0.059514311208853254,-1.3141465748722359,-1.3141465748722359,0.019844633742076512,-0.047031496381982896,0.42194349039846224,1.0,1.0,0.05063534190171809,2.0304796667557747,12.0,0.0,0.0,0.0,0.0,0.0,0.0,,,0.0,-0.5410391928077568,-0.11902862241770651,,,
S2,SHORT,BB_B2_20_2_FULL,Y2024,2,2.0,0.5,1.8776420609015578,1.8776420609015578,0.02293341305364565,0.02293341305364565,0.09812825266218385,-0.05226142655489255,0.259300081063218,0.259300081063218,0.09461472690015621,-0.012877020136548234,7.347563791689331,0.5,0.5,0.050710431740521617,2.894690971959532,8.0,0.0,0.0,0.0,0.0,0.0,0.0,2.139416676284578,2.139416676284578,0.0,0.32762018648065216,0.0458668261072913,,,
S2,SHORT,BB_B2_20_2_FULL,Y2025,42,42.0,0.38095238095238093,0.5681471598151242,0.9232391346995769,-0.015883276912585436,-0.03234528666207149,0.054852253580805053,-0.05941283413928727,-0.4316660147945641,-1.1256355215390395,0.05369094058063909,-0.030657428265243255,1.7513191294492645,0.5952380952380952,0.5952380952380952,0.053481055422963095,1.8604805757954164,11.0,0.047619047619047616,0.0,0.0,0.0,0.0,0.0,,,-1.1319118570783488,-0.11118293838809805,-0.6670976303285883,,,
S2,SHORT,BB_B2_20_2_HALF,PRE_2020_2022,41,13.676027397260276,0.3170731707317073,0.7788928175101845,1.677615299252705,-0.00640684773888626,-0.02298857341576009,0.07118029046461659,-0.04242944761908401,-0.19832106860968116,-0.4736056529997292,0.12447182406469262,-0.03837239193267438,3.2437859042793713,0.5365853658536586,0.34146341463414637,0.06180679327832891,2.2738270648170773,27.0,0.07317073170731707,0.0,0.0,0.0,0.0,0.0,,,-0.8446934058995137,-0.016952614217124018,-0.26268075729433665,,,
S2,SHORT,BB_B2_20_2_HALF,DISCOVERY,4,2.0013698630136987,0.25,0.5878131419527569,1.7634394258582708,-0.0176508767751935,-0.03894977994229386,0.10068654187182506,-0.05709668299086635,-0.516293698251471,-1.1475757004683806,0.07000409988781095,-0.029954258259265565,2.33703332868064,0.75,0.75,0.050710431740521617,2.700521369529545,12.0,0.25,0.0,0.0,0.0,0.0,0.0,,,0.0,-0.06537361768590184,-0.070603507100774,,,
S2,SHORT,BB_B2_20_2_HALF,STRICT_OOS,42,25.148360655737704,0.2619047619047619,0.4291623929224874,1.2094576527815555,-0.022149309968858305,-0.036902145645485954,0.06358078525922224,-0.052569666340112696,-0.572284393083512,-1.1256355215390395,0.09613413088435514,-0.034926750308965304,2.752449914004126,0.6904761904761905,0.5952380952380952,0.053481055422963095,1.8604805757954164,17.0,0.047619047619047616,0.0,0.0,0.0,0.0,0.0,,,-1.4278201465605158,-0.07120329266682349,-0.9302710186920489,,,
S2,SHORT,BB_B2_20_2_HALF,EXTENDED,44,16.466188524590166,0.2727272727272727,0.47569127217871277,1.2685100591432341,-0.020041952349434466,-0.036902145645485954,0.06667293164360581,-0.05256003384682456,-0.5334733216538392,-1.1256355215390395,0.09722637793659107,-0.03392448984658271,2.8659643336209197,0.6818181818181818,0.5909090909090909,0.053481055422963095,1.8981084591872714,17.0,0.06818181818181818,0.0,0.0,0.0,0.0,0.0,,,-1.4132091902784085,-0.06332825158887731,-0.8818459033751165,,,
S2,SHORT,BB_B2_20_2_HALF,FULL_2023_2026,46,12.529082774049217,0.2608695652173913,0.44425181740097214,1.2587134826360877,-0.02175814186506137,-0.036902145645485954,0.06667293164360581,-0.05296910898576743,-0.5674156370111608,-1.1256355215390395,0.09386195427596,-0.03449435969594793,2.721081217431208,0.6956521739130435,0.6086956521739131,0.053481055422963095,1.8981084591872714,14.5,0.06521739130434782,0.0,0.0,0.0,0.0,0.0,,,-1.532237812696115,-0.07075818492702886,-1.000874525792823,,,
S2,SHORT,BB_B2_20_2_HALF,Y2020,2,2.0,0.5,2.58530294599102,2.58530294599102,0.013689057778823066,0.013689057778823066,0.04464807372361122,-0.01726995816596509,-0.7573450078268746,-0.7573450078268746,0.09468403763868383,-0.025795202634399494,3.6706064682126907,0.5,0.5,0.07254240785129507,2.0244185160431933,75.5,0.0,0.0,0.0,0.0,0.0,0.0,1.6307942608249366,1.6307942608249366,0.0,0.03298568139475438,0.027378115557646132,,,
S2,SHORT,BB_B2_20_2_HALF,Y2021,3,3.0,0.0,0.0,,-0.03248226591149694,-0.023391698186317908,,-0.03248226591149694,-0.7859163658364671,-0.4778050875102207,0.027722876670520202,-0.0387817113315693,0.7148440777535537,0.3333333333333333,0.3333333333333333,0.06582243756228334,3.6974615968561237,17.0,0.0,0.0,0.0,0.0,0.0,0.0,,,0.0,-0.15108030656510202,-0.0974467977344908,,,
S2,SHORT,BB_B2_20_2_HALF,Y2022,36,36.0,0.3333333333333333,0.8205434832700121,1.6410869665400243,-0.005350335419930331,-0.023637751159898288,0.07339130852636704,-0.044721157393079025,-0.11829790832871602,-0.3961420615662613,0.13418911337120748,-0.03903701472155952,3.4374839963645316,0.5555555555555556,0.3333333333333333,0.06153071619648152,2.2730964096921484,28.5,0.08333333333333333,0.0,0.0,0.0,0.0,0.0,,,-0.7746247237226691,-0.013738379109664188,-0.19261207511749193,,,
S2,SHORT,BB_B2_20_2_HALF,Y2023,2,2.0,0.0,0.0,,-0.059514311208853254,-0.059514311208853254,,-0.059514311208853254,-1.3141465748722359,-1.3141465748722359,0.019844633742076512,-0.047031496381982896,0.42194349039846224,1.0,1.0,0.05063534190171809,2.0304796667557747,12.0,0.0,0.0,0.0,0.0,0.0,0.0,,,0.0,-0.5410391928077568,-0.11902862241770651,,,
S2,SHORT,BB_B2_20_2_HALF,Y2024,2,2.0,0.5,1.9265938285490432,1.9265938285490432,0.024212557658466256,0.024212557658466256,0.10068654187182506,-0.05226142655489255,0.2815591783692938,0.2815591783692938,0.12016356603354539,-0.012877020136548234,9.331628339423874,0.5,0.5,0.050710431740521617,2.894690971959532,80.0,0.5,0.0,0.0,0.0,0.0,0.0,2.079221519925191,2.079221519925191,0.0,0.05630827362434013,0.04842511531693251,,,
S2,SHORT,BB_B2_20_2_HALF,Y2025,42,42.0,0.2619047619047619,0.4291623929224874,1.2094576527815555,-0.022149309968858305,-0.036902145645485954,0.06358078525922224,-0.052569666340112696,-0.572284393083512,-1.1256355215390395,0.09613413088435514,-0.034926750308965304,2.752449914004126,0.6904761904761905,0.5952380952380952,0.053481055422963095,1.8604805757954164,17.0,0.047619047619047616,0.0,0.0,0.0,0.0,0.0,,,-1.4278201465605158,-0.07120329266682349,-0.9302710186920489,,,
S2,SHORT,BB_B2_30_2_FULL,PRE_2020_2022,41,13.676027397260276,0.43902439024390244,1.0822972145026497,1.3829353296422748,0.0023974963159595925,-0.021533477750509684,0.07181756974752607,-0.051931256804396767,-0.08822274043357993,-0.34236371284584455,0.066317360703384,-0.03440469943045975,1.9275669254843364,0.4878048780487805,0.4878048780487805,0.06180679327832891,2.2738270648170773,16.0,0.14634146341463414,0.0,0.0,0.0,0.0,0.0,1.3265726364463504,2.619029822965993,-0.5163987298929227,0.012317963528113195,0.09829734895434329,,,
S2,SHORT,BB_B2_30_2_FULL,DISCOVERY,4,2.0013698630136987,0.25,0.1119940912460594,0.33598227373817824,-0.03802664389960495,-0.03894977994229386,0.019183473374179243,-0.05709668299086635,-0.8708636048898388,-1.1475757004683806,0.0253452352749495,-0.029954258259265565,0.8461312931062019,0.75,0.75,0.050710431740521617,2.700521369529545,8.5,0.0,0.0,0.0,0.0,0.0,0.0,,,0.0,-0.5432377699943565,-0.1521065755984198,,,
S2,SHORT,BB_B2_30_2_FULL,STRICT_OOS,42,25.148360655737704,0.3333333333333333,0.5463501847441053,1.0927003694882105,-0.017347552348028258,-0.036902145645485954,0.06267723326321878,-0.05735994515365177,-0.45480693583908216,-1.1311210348486653,0.058666059770778496,-0.03103642974219612,1.8902322289673037,0.6190476190476191,0.6190476190476191,0.053481055422963095,1.8604805757954164,11.5,0.047619047619047616,0.0,0.0,0.0,0.0,0.0,,,-1.272060456793036,-0.09688792534803017,-0.7285971986171869,,,
S2,SHORT,BB_B2_30_2_FULL,EXTENDED,44,16.466188524590166,0.3409090909090909,0.5407002171284593,1.0453537531150212,-0.01731079890449773,-0.036902145645485954,0.05977764927061614,-0.05718413416748766,-0.45356937670582587,-1.1311210348486653,0.05740150418155323,-0.03021100203284849,1.9000198708781804,0.6136363636363636,0.6136363636363636,0.053481055422963095,1.8981084591872714,11.0,0.045454545454545456,0.0,0.0,0.0,0.0,0.0,,,-1.3051384099737495,-0.1004848485221504,-0.7616751517979,,,
S2,SHORT,BB_B2_30_2_FULL,FULL_2023_2026,46,12.529082774049217,0.32608695652173914,0.5044900550235999,1.0426127803821064,-0.019145734222078402,-0.036902145645485954,0.05977764927061614,-0.0573344681701564,-0.49098577662610454,-1.1311210348486653,0.0557685967711412,-0.030942327874115202,1.8023400501096238,0.6304347826086957,0.6304347826086957,0.053481055422963095,1.8981084591872714,11.5,0.043478260869565216,0.0,0.0,0.0,0.0,0.0,,,-1.4241670323914557,-0.1129107402840521,-0.8807037742156064,,,
S2,SHORT,BB_B2_30_2_FULL,Y2020,2,2.0,0.5,7.550601576733064,7.550601576733064,0.056564307596042494,0.056564307596042494,0.13039857335805008,-0.01726995816596509,-0.4414299238168218,-0.4414299238168218,0.08799075047646748,-0.013152320773409665,6.690131117723369,0.5,0.5,0.07254240785129507,2.0244185160431933,10.0,0.5,0.0,0.0,0.0,0.0,0.0,1.152657735062361,1.152657735062361,0.0,0.6284923066226944,0.11312861519208499,,,
S2,SHORT,BB_B2_30_2_FULL,Y2021,3,3.0,0.3333333333333333,0.7735701916594672,1.5471403833189343,-0.002155685502299307,-0.005169278631592779,0.022093920311012767,-0.014280488408955343,-0.4480767966246781,-0.04251989581431043,0.03260838346385667,-0.05050692857095074,0.6456219846758117,0.3333333333333333,0.3333333333333333,0.06582243756228334,3.6974615968561237,36.0,0.0,0.0,0.0,0.0,0.0,0.0,,,0.0,-0.005879142278998109,-0.00646705650689792,,,
S2,SHORT,BB_B2_30_2_FULL,Y2022,36,36.0,0.4444444444444444,0.9927178327317892,1.2408972909147364,-0.0002323391591901017,-0.028371418658886333,0.0712639851116504,-0.0574293985758625,-0.03861228111858614,-0.7291469077621239,0.06792236493039552,-0.03424353470525495,1.9835091650153827,0.5,0.5,0.06153071619648152,2.2730964096921484,15.0,0.1388888888888889,0.0,0.0,0.0,0.0,0.0,,,-0.5927213063503107,-0.0012483895120662181,-0.00836420973084366,,,
S2,SHORT,BB_B2_30_2_FULL,Y2023,2,2.0,0.0,0.0,,-0.059514311208853254,-0.059514311208853254,,-0.059514311208853254,-1.3141465748722359,-1.3141465748722359,0.019844633742076512,-0.047031496381982896,0.42194349039846224,1.0,1.0,0.05063534190171809,2.0304796667557747,12.0,0.0,0.0,0.0,0.0,0.0,0.0,,,0.0,-0.5410391928077568,-0.11902862241770651,,,
S2,SHORT,BB_B2_30_2_FULL,Y2024,2,2.0,0.5,0.36706754175625056,0.36706754175625056,-0.016538976590356653,-0.016538976590356653,0.019183473374179243,-0.05226142655489255,-0.4275806349074419,-0.4275806349074419,0.03084583680782249,-0.012877020136548234,2.395417300022248,0.5,0.5,0.050710431740521617,2.894690971959532,4.0,0.0,0.0,0.0,0.0,0.0,0.0,,,0.0,-0.5512992196785551,-0.033077953180713306,,,
S2,SHORT,BB_B2_30_2_FULL,Y2025,42,42.0,0.3333333333333333,0.5463501847441053,1.0927003694882105,-0.017347552348028258,-0.036902145645485954,0.06267723326321878,-0.05735994515365177,-0.45480693583908216,-1.1311210348486653,0.058666059770778496,-0.03103642974219612,1.8902322289673037,0.6190476190476191,0.6190476190476191,0.053481055422963095,1.8604805757954164,11.5,0.047619047619047616,0.0,0.0,0.0,0.0,0.0,,,-1.272060456793036,-0.09688792534803017,-0.7285971986171869,,,
S2,SHORT,BB_B2_30_2_HALF,PRE_2020_2022,41,13.676027397260276,0.34146341463414637,0.6954240892599344,1.3411750292870162,-0.010391160570200465,-0.031135167955958058,0.06948227916820035,-0.05180701821233424,-0.25982658477981474,-0.7169570187796149,0.12707369238170682,-0.03837239193267438,3.311591641320191,0.5365853658536586,0.43902439024390244,0.06180679327832891,2.2738270648170773,30.0,0.04878048780487805,0.0,0.0,0.0,0.0,0.0,,,-0.9934137729825261,-0.026185469168913282,-0.42603758337821906,,,
S2,SHORT,BB_B2_30_2_HALF,DISCOVERY,4,2.0013698630136987,0.25,0.35551797828082804,1.0665539348424842,-0.027598339265559154,-0.03894977994229386,0.06089669191036244,-0.05709668299086635,-0.6893949525483933,-1.1475757004683806,0.07000409988781095,-0.029954258259265565,2.33703332868064,0.75,0.75,0.050710431740521617,2.700521369529545,12.0,0.0,0.0,0.0,0.0,0.0,0.0,,,0.0,-0.10614745871368905,-0.11039335706223662,,,
S2,SHORT,BB_B2_30_2_HALF,STRICT_OOS,42,25.148360655737704,0.21428571428571427,0.42855228273205803,1.5713583700175462,-0.023197433302274577,-0.038139830274267,0.08118466935080007,-0.051665279480385844,-0.5928516117407835,-1.1311210348486653,0.09613413088435514,-0.034926750308965304,2.752449914004126,0.6904761904761905,0.6190476190476191,0.053481055422963095,1.8604805757954164,17.0,0.047619047619047616,0.0,0.0,0.0,0.0,0.0,,,-1.5575733171423543,-0.07065208112367892,-0.9742921986955322,,,
S2,SHORT,BB_B2_30_2_HALF,EXTENDED,44,16.466188524590166,0.22727272727272727,0.45046190906301414,1.5315704908142482,-0.021946748485001413,-0.038139830274267,0.0791558716067563,-0.051682813217871326,-0.5688421443991367,-1.1311210348486653,0.09722637793659107,-0.03392448984658271,2.8659643336209197,0.6818181818181818,0.6136363636363636,0.053481055422963095,1.8981084591872714,17.0,0.045454545454545456,0.0,0.0,0.0,0.0,0.0,,,-1.5489380517868845,-0.06609561487611651,-0.9656569333400622,,,
S2,SHORT,BB_B2_30_2_HALF,FULL_2023_2026,46,12.529082774049217,0.21739130434782608,0.42188468098425347,1.5187848515433124,-0.023580120777342794,-0.038139830274267,0.0791558716067563,-0.05211789643959255,-0.6012466848544888,-1.1311210348486653,0.09386195427596,-0.03449435969594793,2.721081217431208,0.6956521739130435,0.6304347826086957,0.053481055422963095,1.8981084591872714,14.5,0.043478260869565216,0.0,0.0,0.0,0.0,0.0,,,-1.6679666742045909,-0.07314130517584413,-1.0846855557577686,,,
S2,SHORT,BB_B2_30_2_HALF,Y2020,2,2.0,0.5,3.8239851179685096,3.8239851179685096,0.024385052424312076,0.024385052424312076,0.06604006301458924,-0.01726995816596509,-0.6785343638911358,-0.6785343638911358,0.09468403763868383,-0.025795202634399494,3.6706064682126907,0.5,0.5,0.07254240785129507,2.0244185160431933,75.5,0.0,0.0,0.0,0.0,0.0,0.0,1.3541095148261157,1.3541095148261157,0.0,0.05840731119595707,0.04877010484862415,,,
S2,SHORT,BB_B2_30_2_HALF,Y2021,3,3.0,0.0,0.0,,-0.04217375224857428,-0.023391698186317908,,-0.04217375224857428,-0.8656336762595984,-0.7169570187796149,0.027722876670520202,-0.0387817113315693,0.7148440777535537,0.3333333333333333,0.3333333333333333,0.06582243756228334,3.6974615968561237,17.0,0.0,0.0,0.0,0.0,0.0,0.0,,,0.0,-0.17572396770239285,-0.12652125674572284,,,
S2,SHORT,BB_B2_30_2_HALF,Y2022,36,36.0,0.3611111111111111,0.7224805500424578,1.2782348193058868,-0.009674623096697789,-0.034982559412682024,0.06974706502617044,-0.054565142470492885,-0.1860811172058705,-0.6659422812902189,0.13715235228780695,-0.03903701472155952,3.513392437051799,0.5555555555555556,0.4444444444444444,0.06153071619648152,2.2730964096921484,30.5,0.05555555555555555,0.0,0.0,0.0,0.0,0.0,,,-0.9156626210854273,-0.023668802683052693,-0.3482864314811204,,,
S2,SHORT,BB_B2_30_2_HALF,Y2023,2,2.0,0.0,0.0,,-0.059514311208853254,-0.059514311208853254,,-0.059514311208853254,-1.3141465748722359,-1.3141465748722359,0.019844633742076512,-0.047031496381982896,0.42194349039846224,1.0,1.0,0.05063534190171809,2.0304796667557747,12.0,0.0,0.0,0.0,0.0,0.0,0.0,,,0.0,-0.5410391928077568,-0.11902862241770651,,,
S2,SHORT,BB_B2_30_2_HALF,Y2024,2,2.0,0.5,1.1652321018524032,1.1652321018524032,0.004317632677734946,0.004317632677734946,0.06089669191036244,-0.05226142655489255,-0.06464333022455082,-0.06464333022455082,0.12016356603354539,-0.012877020136548234,9.331628339423874,0.5,0.5,0.050710431740521617,2.894690971959532,80.0,0.0,0.0,0.0,0.0,0.0,0.0,7.052092715574542,7.052092715574542,0.0,0.010530811409109624,0.008635265355469893,,,
S2,SHORT,BB_B2_30_2_HALF,Y2025,42,42.0,0.21428571428571427,0.42855228273205803,1.5713583700175462,-0.023197433302274577,-0.038139830274267,0.08118466935080007,-0.051665279480385844,-0.5928516117407835,-1.1311210348486653,0.09613413088435514,-0.034926750308965304,2.752449914004126,0.6904761904761905,0.6190476190476191,0.053481055422963095,1.8604805757954164,17.0,0.047619047619047616,0.0,0.0,0.0,0.0,0.0,,,-1.5575733171423543,-0.07065208112367892,-0.9742921986955322,,,
S2,SHORT,MODERN_NOVOL,PRE_2020_2022,41,13.676027397260276,0.34146341463414637,0.9732433776644358,1.8769693712099835,-0.0008416392025759219,-0.02920088834334012,0.08965446965052523,-0.04776554749677652,-0.14943387853336604,-0.5876757564728536,0.095614988927525,-0.03290098497277298,2.9061436612505864,0.24390243902439024,0.24390243902439024,0.06180679327832891,2.2738270648170773,21.0,0.12195121951219512,0.024390243902439025,0.024390243902439025,0.0,1.0,0.0,,,-0.9230164806641749,-0.0028494803720572085,-0.0345072073056128,,,
S2,SHORT,MODERN_NOVOL,DISCOVERY,4,2.0013698630136987,0.25,0.6527455369887585,1.9582366109662752,-0.014134964829818412,-0.03471459368958286,0.1062798171479034,-0.05427322548905902,-0.3662401738536711,-1.0627053525049766,0.06093717297443885,-0.029954258259265565,2.034340908962068,0.5,0.5,0.050710431740521617,2.700521369529545,11.5,0.25,0.0,0.0,0.0,0.0,0.0,,,0.0,-0.06213171353766335,-0.05653985931927365,,,
S2,SHORT,MODERN_NOVOL,STRICT_OOS,42,25.148360655737704,0.2857142857142857,0.4765744191188582,1.1914360477971455,-0.01875481633889466,-0.030911548988713074,0.05976633756741686,-0.05016327790141927,-0.4495300991359563,-0.7593840218804171,0.06989715462575405,-0.03037766069281148,2.3009393426497255,0.4523809523809524,0.4523809523809524,0.053481055422963095,1.8604805757954164,8.0,0.09523809523809523,0.0,0.0,0.0,0.0,0.0,,,-1.4090282409739319,-0.09908204858283971,-0.7877022862335757,,,
S2,SHORT,MODERN_NOVOL,EXTENDED,44,16.466188524590166,0.29545454545454547,0.5288319716497478,1.2610608554724754,-0.016674633991831028,-0.030911548988713074,0.06334429753514659,-0.05023096011604745,-0.4140866853207932,-0.7593840218804171,0.07135772542489255,-0.02958217703116315,2.4121864104092547,0.45454545454545453,0.45454545454545453,0.053481055422963095,1.8981084591872714,8.0,0.11363636363636363,0.0,0.0,0.0,0.0,0.0,,,-1.3930528214802178,-0.08481894747289773,-0.7336838956405652,,,
S2,SHORT,MODERN_NOVOL,FULL_2023_2026,46,12.529082774049217,0.2826086956521739,0.49377404410466236,1.2534264196502969,-0.01835309012071412,-0.030911548988713074,0.06334429753514659,-0.0505369095002956,-0.44228749693749686,-0.9232034381958099,0.06911802578650925,-0.030340843089894442,2.278052247319727,0.45652173913043476,0.45652173913043476,0.053481055422963095,1.8981084591872714,9.5,0.10869565217391304,0.0,0.0,0.0,0.0,0.0,,,-1.5036110713925022,-0.0952869238772968,-0.8442421455528496,,,
S2,SHORT,MODERN_NOVOL,Y2020,2,2.0,0.5,0.8953217571838444,0.8953217571838444,-0.0009038944371608714,-0.0009038944371608714,0.015462169291643348,-0.01726995816596509,-0.8648693661669571,-0.8648693661669571,0.09468403763868383,-0.013152320773409665,7.199036525181824,0.5,0.5,0.07254240785129507,2.0244185160431933,26.0,0.0,0.0,0.0,0.0,0.0,0.0,,,0.0,-0.0036155777486434858,-0.0018077888743217429,,,
S2,SHORT,MODERN_NOVOL,Y2021,3,3.0,0.0,0.0,,-0.03830991004875294,-0.026513627460178678,,-0.03830991004875294,-0.858344460295152,-0.5348581691495236,0.027722876670520202,-0.04071277835575674,0.6809379705868248,0.3333333333333333,0.3333333333333333,0.06582243756228334,3.6974615968561237,16.0,0.0,0.0,0.0,0.0,0.0,0.0,,,0.0,-0.2445313407367209,-0.11492973014625882,,,
S2,SHORT,MODERN_NOVOL,Y2022,36,36.0,0.3611111111111111,1.0710431415326145,1.8949224811730871,0.00228417532541577,-0.03651740365652047,0.09536156967813153,-0.05032478670003227,-0.050611580740239935,-0.6493285176371788,0.1013243844649888,-0.033347150201933407,3.038472068870047,0.2222222222222222,0.2222222222222222,0.06153071619648152,2.2730964096921484,25.0,0.1388888888888889,0.027777777777777776,0.027777777777777776,0.0,1.0,0.0,4.361908673138162,6.308791991255769,-0.8062789616435942,0.007381536060589563,0.08223031171496772,,,
S2,SHORT,MODERN_NOVOL,Y2023,2,2.0,0.0,0.0,,-0.055279124956142255,-0.055279124956142255,,-0.055279124956142255,-1.0627053525049766,-1.0627053525049766,0.019844633742076512,-0.047031496381982896,0.42194349039846224,0.5,0.5,0.05063534190171809,2.0304796667557747,11.5,0.0,0.0,0.0,0.0,0.0,0.0,,,0.0,-0.5264678567251644,-0.11055824991228451,,,
S2,SHORT,MODERN_NOVOL,Y2024,2,2.0,0.5,2.0336187539058637,2.0336187539058637,0.027009195296505424,0.027009195296505424,0.1062798171479034,-0.05226142655489255,0.33022500479763417,0.33022500479763417,0.10202971220680118,-0.012877020136548234,7.923394630502681,0.5,0.5,0.050710431740521617,2.894690971959532,36.0,0.5,0.0,0.0,0.0,0.0,0.0,1.9674747059505022,1.9674747059505022,0.0,0.07716912941858693,0.05401839059301085,,,
S2,SHORT,MODERN_NOVOL,Y2025,42,42.0,0.2857142857142857,0.4765744191188582,1.1914360477971455,-0.01875481633889466,-0.030911548988713074,0.05976633756741686,-0.05016327790141927,-0.4495300991359563,-0.7593840218804171,0.06989715462575405,-0.03037766069281148,2.3009393426497255,0.4523809523809524,0.4523809523809524,0.053481055422963095,1.8604805757954164,8.0,0.09523809523809523,0.0,0.0,0.0,0.0,0.0,,,-1.4090282409739319,-0.09908204858283971,-0.7877022862335757,,,
S2,SHORT,STOP_STAGE4_ONLY,PRE_2020_2022,41,13.676027397260276,0.2682926829268293,0.560551960654904,1.5287780745133743,-0.022451693645824757,-0.05160488130819109,0.10674526604903357,-0.06982391220060614,-0.46770364389185126,-1.1471410351805247,0.17027577480093803,-0.04174229729152502,4.0792142706412395,0.6585365853658537,0.6585365853658537,0.06180679327832891,2.2738270648170773,47.0,0.12195121951219512,0.07317073170731707,0.0,0.0,3.0,0.0,,,-1.8914163731740778,-0.017440686613846436,-0.920519439478815,,,
S2,SHORT,STOP_STAGE4_ONLY,DISCOVERY,4,2.0013698630136987,0.25,2.075426341570232,6.2262790247106965,0.04605245767849702,-0.03894977994229386,0.35549987968658714,-0.05709668299086635,0.5922429871102681,-1.1475757004683806,0.14542433840706764,-0.029954258259265565,4.854880302772459,0.75,0.75,0.050710431740521617,2.700521369529545,12.0,0.25,0.25,0.25,0.0,1.0,0.0,1.9298637771322378,1.9298637771322378,0.0,0.02873788310670641,0.18420983071398808,,,
S2,SHORT,STOP_STAGE4_ONLY,STRICT_OOS,42,25.148360655737704,0.09523809523809523,0.2455915601338694,2.333119821271759,-0.04674553244554219,-0.06057922422522273,0.15978511132321904,-0.06848560021067493,-0.9128525474850145,-1.1797507494382469,0.1053871740349007,-0.040408733443191215,2.6080296276313555,0.8333333333333334,0.8333333333333334,0.053481055422963095,1.8604805757954164,17.0,0.07142857142857142,0.023809523809523808,0.0,0.0,1.0,0.0,,,-2.5923476769341405,-0.06329182342723315,-1.9633123627127722,,,
S2,SHORT,STOP_STAGE4_ONLY,EXTENDED,44,16.466188524590166,0.11363636363636363,0.37466945105830407,2.922421718254772,-0.037728952490479035,-0.05892083830915239,0.19892806499589266,-0.06806959575796255,-0.7577850430951152,-1.1797507494382469,0.1129152135365897,-0.039157291929252894,2.883631833902056,0.8181818181818182,0.8181818181818182,0.053481055422963095,1.8981084591872714,17.0,0.09090909090909091,0.045454545454545456,0.022727272727272728,0.0,2.0,0.0,,,-2.6547142345605406,-0.044613649814057445,-1.6600739095810775,,,
S2,SHORT,STOP_STAGE4_ONLY,FULL_2023_2026,46,12.529082774049217,0.10869565217391304,0.35859139663113465,2.9404494523753044,-0.03867614199997355,-0.05892083830915239,0.19892806499589266,-0.0676522648043475,-0.7819746749115114,-1.1797507494382469,0.10886866658900217,-0.039499648644588985,2.756193290947563,0.8260869565217391,0.8260869565217391,0.053481055422963095,1.8981084591872714,14.5,0.08695652173913043,0.043478260869565216,0.021739130434782608,0.0,2.0,0.0,,,-2.7737428569782474,-0.047531459577846207,-1.7791025319987834,,,
S2,SHORT,STOP_STAGE4_ONLY,Y2020,2,2.0,0.5,6.854147974875952,6.854147974875952,0.050550445311738475,0.050550445311738475,0.11837084878944204,-0.01726995816596509,-0.4857414979037388,-0.4857414979037388,0.2238796615271743,-0.025795202634399494,8.67912009454878,0.5,0.5,0.07254240785129507,2.0244185160431933,163.0,0.5,0.0,0.0,0.0,0.0,0.0,1.1708190507468663,1.1708190507468663,0.0,0.031203978587492888,0.10110089062347695,,,
S2,SHORT,STOP_STAGE4_ONLY,Y2021,3,3.0,0.3333333333333333,1.6707935247171968,3.3415870494343936,0.035751998115215865,-0.023391698186317908,0.2671501948611731,-0.07994710025776275,0.43282609520911963,-1.122801185828553,0.18425017638104438,-0.05050692857095074,3.6480178382301514,0.6666666666666666,0.6666666666666666,0.06582243756228334,3.6974615968561237,86.0,0.3333333333333333,0.3333333333333333,0.0,0.0,1.0,0.0,2.4907716952419823,2.4907716952419823,0.0,0.01380386027614512,0.10725599434564759,,,
S2,SHORT,STOP_STAGE4_ONLY,Y2022,36,36.0,0.25,0.4112933502294596,1.233880050688379,-0.03135767567910944,-0.053972608686188445,0.08763076476541716,-0.07102048916061829,-0.5417456858162718,-1.1503037791879922,0.16613324762891601,-0.041897861054746514,3.9651963953920064,0.6666666666666666,0.6666666666666666,0.06153071619648152,2.2730964096921484,46.5,0.08333333333333333,0.05555555555555555,0.0,0.0,2.0,0.0,,,-1.8154762132450752,-0.027026007288674637,-1.1288763244479396,,,
S2,SHORT,STOP_STAGE4_ONLY,Y2023,2,2.0,0.0,0.0,,-0.059514311208853254,-0.059514311208853254,,-0.059514311208853254,-1.3141465748722359,-1.3141465748722359,0.019844633742076512,-0.047031496381982896,0.42194349039846224,1.0,1.0,0.05063534190171809,2.0304796667557747,12.0,0.0,0.0,0.0,0.0,0.0,0.0,,,0.0,-0.5410391928077568,-0.11902862241770651,,,
S2,SHORT,STOP_STAGE4_ONLY,Y2024,2,2.0,0.5,6.802337844972324,6.802337844972324,0.1516192265658473,0.1516192265658473,0.35549987968658714,-0.05226142655489255,2.498632549092772,2.498632549092772,0.2710040430720588,-0.012877020136548234,21.045555586488593,0.5,0.5,0.050710431740521617,2.894690971959532,310.0,0.5,0.5,0.5,0.0,1.0,0.0,1.1723443251182781,1.1723443251182781,0.0,0.04898844153985373,0.3032384531316946,,,
S2,SHORT,STOP_STAGE4_ONLY,Y2025,42,42.0,0.09523809523809523,0.2455915601338694,2.333119821271759,-0.04674553244554219,-0.06057922422522273,0.15978511132321904,-0.06848560021067493,-0.9128525474850145,-1.1797507494382469,0.1053871740349007,-0.040408733443191215,2.6080296276313555,0.8333333333333334,0.8333333333333334,0.053481055422963095,1.8604805757954164,17.0,0.07142857142857142,0.023809523809523808,0.0,0.0,1.0,0.0,,,-2.5923476769341405,-0.06329182342723315,-1.9633123627127722,,,
S2,SHORT,TEXTBOOK_NOVOL,PRE_2020_2022,41,13.676027397260276,0.2682926829268293,0.5497617094537609,1.499350116692075,-0.018690727372286286,-0.04080367978588973,0.08506471195809187,-0.05673438846009161,-0.38757969197301234,-1.1337811317703153,0.14703343431506932,-0.03837239193267438,3.83175056100345,0.5365853658536586,0.5365853658536586,0.06180679327832891,2.2738270648170773,40.0,0.07317073170731707,0.024390243902439025,0.0,0.0,1.0,0.0,,,-1.462711596342221,-0.025216183687520165,-0.7663198222637377,,,
S2,SHORT,TEXTBOOK_NOVOL,DISCOVERY,4,2.0013698630136987,0.25,1.2658801497513175,3.797640449253952,0.011385655967936281,-0.03894977994229386,0.21683267284434418,-0.05709668299086635,-0.011013055762246649,-1.1475757004683806,0.14542433840706764,-0.029954258259265565,4.854880302772459,0.75,0.75,0.050710431740521617,2.700521369529545,12.0,0.25,0.25,0.0,0.0,1.0,0.0,4.761093112574664,4.761093112574664,0.0,0.011094427252556669,0.045542623871745125,,,
S2,SHORT,TEXTBOOK_NOVOL,STRICT_OOS,42,25.148360655737704,0.14285714285714285,0.38847924128332284,2.330875447699937,-0.030102763848396486,-0.05125395397601454,0.1338631450456112,-0.05743041533073111,-0.7323931188746072,-1.1425269126320723,0.09763229593466731,-0.034926750308965304,2.7953444013829767,0.7142857142857143,0.6904761904761905,0.053481055422963095,1.8604805757954164,17.0,0.09523809523809523,0.023809523809523808,0.0,0.0,1.0,0.0,,,-1.9885600956984868,-0.05580737504447814,-1.2643160816326524,,,
S2,SHORT,TEXTBOOK_NOVOL,EXTENDED,44,16.466188524590166,0.1590909090909091,0.4811928170059169,2.543447747031275,-0.02499420080325456,-0.0509261665719692,0.14571593473114447,-0.057290712931384116,-0.6403697742281367,-1.1425269126320723,0.10551282989545786,-0.03392448984658271,3.1102259863779915,0.7045454545454546,0.6818181818181818,0.053481055422963095,1.8981084591872714,17.0,0.11363636363636363,0.045454545454545456,0.0,0.0,2.0,0.0,,,-1.9495795057363154,-0.04143725830230598,-1.0997448353432007,,,
S2,SHORT,TEXTBOOK_NOVOL,FULL_2023_2026,46,12.529082774049217,0.15217391304347827,0.4556094232887784,2.538395358323194,-0.02649507516871537,-0.0509261665719692,0.14571593473114447,-0.05740474361227996,-0.6696644177344019,-1.1425269126320723,0.10178812571487604,-0.03449435969594793,2.950862883442163,0.717391304347826,0.6956521739130435,0.053481055422963095,1.8981084591872714,14.5,0.10869565217391304,0.043478260869565216,0.0,0.0,2.0,0.0,,,-2.068608128154022,-0.04554459857103539,-1.218773457760907,,,
S2,SHORT,TEXTBOOK_NOVOL,Y2020,2,2.0,0.5,3.3746560602045688,3.3746560602045688,0.02050510540914419,0.02050510540914419,0.05828016898425347,-0.01726995816596509,-0.7071227404598255,-0.7071227404598255,0.2238796615271743,-0.025795202634399494,8.67912009454878,0.5,0.5,0.07254240785129507,2.0244185160431933,163.0,0.0,0.0,0.0,0.0,0.0,0.0,1.4211136158866953,1.4211136158866953,0.0,0.017340469690608196,0.04101021081828838,,,
S2,SHORT,TEXTBOOK_NOVOL,Y2021,3,3.0,0.0,0.0,,-0.04217375224857428,-0.023391698186317908,,-0.04217375224857428,-0.8656336762595984,-0.7169570187796149,0.027722876670520202,-0.0387817113315693,0.7148440777535537,0.3333333333333333,0.3333333333333333,0.06582243756228334,3.6974615968561237,17.0,0.0,0.0,0.0,0.0,0.0,0.0,,,0.0,-0.17572396770239285,-0.12652125674572284,,,
S2,SHORT,TEXTBOOK_NOVOL,Y2022,36,36.0,0.2777777777777778,0.5630913180376651,1.4640374268979295,-0.018911354898230644,-0.04444213122974111,0.08774316625547571,-0.05993232457273309,-0.32998946836652937,-1.1364624810588995,0.15270674594033148,-0.03903701472155952,3.9118448741418224,0.5555555555555556,0.5555555555555556,0.06153071619648152,2.2730964096921484,41.5,0.08333333333333333,0.027777777777777776,0.0,0.0,1.0,0.0,,,-1.3772005504147866,-0.024933483843116763,-0.6808087763363032,,,
S2,SHORT,TEXTBOOK_NOVOL,Y2023,2,2.0,0.0,0.0,,-0.059514311208853254,-0.059514311208853254,,-0.059514311208853254,-1.3141465748722359,-1.3141465748722359,0.019844633742076512,-0.047031496381982896,0.42194349039846224,1.0,1.0,0.05063534190171809,2.0304796667557747,12.0,0.0,0.0,0.0,0.0,0.0,0.0,,,0.0,-0.5410391928077568,-0.11902862241770651,,,
S2,SHORT,TEXTBOOK_NOVOL,Y2024,2,2.0,0.5,4.149000269186969,4.149000269186969,0.08228562314472582,0.08228562314472582,0.21683267284434418,-0.05226142655489255,1.2921204633477426,1.2921204633477426,0.2710040430720588,-0.012877020136548234,21.045555586488593,0.5,0.5,0.050710431740521617,2.894690971959532,310.0,0.5,0.5,0.0,0.0,1.0,0.0,1.3175611033714478,1.3175611033714478,0.0,0.04236068115558601,0.16457124628945163,,,
S2,SHORT,TEXTBOOK_NOVOL,Y2025,42,42.0,0.14285714285714285,0.38847924128332284,2.330875447699937,-0.030102763848396486,-0.05125395397601454,0.1338631450456112,-0.05743041533073111,-0.7323931188746072,-1.1425269126320723,0.09763229593466731,-0.034926750308965304,2.7953444013829767,0.7142857142857143,0.6904761904761905,0.053481055422963095,1.8604805757954164,17.0,0.09523809523809523,0.023809523809523808,0.0,0.0,1.0,0.0,,,-1.9885600956984868,-0.05580737504447814,-1.2643160816326524,,,
W1,LONG,BB_B1_20_2.5_FULL,PRE_2020_2022,23,7.671917808219178,0.34782608695652173,0.5181290236573265,0.9714919193574871,-0.026354358052012628,-0.019979084583213676,0.08146994864050808,-0.08386065495469033,-0.08935259733936793,-0.13133791668637193,0.06713386581708876,-0.07455957341547392,0.900405712395827,0.30434782608695654,0.30434782608695654,0.15211970074812958,5.0257732870390495,12.0,0.17391304347826086,0.0,0.0,0.0,0.0,0.0,,,-1.186783091773111,-0.17775666721298838,-0.6061502351962904,,,
W1,LONG,BB_B1_20_2.5_FULL,DISCOVERY,33,16.511301369863013,0.6060606060606061,1.8900450756935725,1.228529299200822,0.03695704823831428,0.008759730602617203,0.1294915356033302,-0.10540370155401789,0.26790443633710015,0.05798937968796343,0.13338537159035227,-0.07288155136542732,1.8301664699967684,0.24242424242424243,0.24242424242424243,0.1521197007481296,4.670187950134277,19.0,0.18181818181818182,0.12121212121212122,0.09090909090909091,0.09090909090909091,4.0,3.0,0.43104901519155847,0.8499165597990389,-0.6056406387239126,0.12419374662569971,1.2195825918643712,,,
W1,LONG,BB_B1_20_2.5_FULL,STRICT_OOS,9,5.3889344262295085,0.6666666666666666,1.9981262073011572,0.9990631036505785,0.04246669725939861,0.05475062466853559,0.12751967653614515,-0.12763926129409445,0.2579163986426626,0.3244581353509772,0.11866397143799838,-0.07321647075970196,1.620727825402239,0.2222222222222222,0.2222222222222222,0.15211970074812967,3.8002398014068604,5.0,0.4444444444444444,0.1111111111111111,0.0,0.0,1.0,0.0,0.6095520222947807,0.6095520222947807,-0.36595661928522316,0.6949095915174318,0.3822002753345875,,,
W1,LONG,BB_B1_20_2.5_FULL,EXTENDED,24,8.981557377049182,0.5416666666666666,1.8948198083363077,1.6033090685922604,0.05188248107942394,0.01286044759983868,0.20282475150843032,-0.12650383851849276,0.3197132800843903,0.08333910420402649,0.16869842382793646,-0.08909950077213956,1.8933711453598472,0.3333333333333333,0.3333333333333333,0.15211970074812967,4.0491077627423415,7.5,0.3333333333333333,0.20833333333333334,0.125,0.125,5.0,3.0,0.4221880104730837,0.4221880104730837,-0.6704473629751395,0.294368686975455,1.2451795459061745,,,
W1,LONG,BB_B1_20_2.5_FULL,FULL_2023_2026,42,11.439597315436242,0.6190476190476191,1.91365161931745,1.1776317657338153,0.03813768731426093,0.018163784096337957,0.12903649120321056,-0.10957286900528224,0.26576414254543496,0.13103320712211025,0.1302307858434193,-0.07295331980705759,1.7851248742051162,0.23809523809523808,0.23809523809523808,0.15211970074812964,4.593639373779297,14.5,0.23809523809523808,0.11904761904761904,0.07142857142857142,0.07142857142857142,5.0,3.0,0.32819671500619685,0.6471185714957529,-0.3138440416823551,0.15446315016383405,1.6017828671989591,,,
W1,LONG,BB_B1_20_2.5_FULL,Y2020,15,15.0,0.5333333333333333,2.71808669293931,2.3783258563218963,0.027464894821750026,0.0015746273286529376,0.08146994864050808,-0.03425516668540203,0.30084106367723074,0.022625687480805155,0.0799925020393995,-0.051858472221380715,1.5425155931689676,0.06666666666666667,0.06666666666666667,0.13591023001494154,5.267645835876465,12.0,0.26666666666666666,0.0,0.0,0.0,0.0,0.0,0.3761361916180292,0.3761361916180292,-0.16865943425057012,0.19806414534915884,0.4119734223262504,,,
W1,LONG,BB_B1_20_2.5_FULL,Y2021,7,7.0,0.0,0.0,,-0.12403620611102863,-0.15873940149625926,,-0.12403620611102863,-0.7887646665718896,-1.0403678345905165,0.029461135053412444,-0.11736350194526612,0.2510246760287708,0.7142857142857143,0.7142857142857143,0.15211970074812978,3.6412553787231445,10.0,0.0,0.0,0.0,0.0,0.0,0.0,,,-0.3452073072654547,-0.8770236795729296,-0.8682534427772004,,,
W1,LONG,BB_B1_20_2.5_FULL,Y2022,1,1.0,0.0,0.0,,-0.14987021474534062,-0.14987021474534062,,-0.14987021474534062,-1.0463730279606978,-1.0463730279606978,0.13796343782816156,-0.11544859161832677,1.195020535930563,1.0,1.0,0.14322828545898816,5.518129825592041,35.0,0.0,0.0,0.0,0.0,0.0,0.0,,,0.0,-0.4407947492510018,-0.14987021474534062,,,
W1,LONG,BB_B1_20_2.5_FULL,Y2023,18,18.0,0.7222222222222222,1.9861171727387417,0.7638912202841315,0.01981129562737691,0.0212151156519001,0.055248230897990774,-0.07232473607621913,0.1938319591601612,0.15109196046277285,0.07894060186406307,-0.051425078520281636,1.5350604050692802,0.1111111111111111,0.1111111111111111,0.13683576450509338,5.122002363204956,22.0,0.1111111111111111,0.0,0.0,0.0,0.0,0.0,0.39979232930850034,0.39979232930850034,-0.14046859699760578,0.058078716822929054,0.3566033212927844,,,
W1,LONG,BB_B1_20_2.5_FULL,Y2024,15,15.0,0.4666666666666667,1.8556001981516748,2.1206859407447713,0.05753195137143912,-0.014775983033832481,0.267371958627532,-0.12607805497764213,0.35679140894942685,-0.0971339212551938,0.19871909526189924,-0.09862931877960211,2.014807541213567,0.4,0.4,0.15211970074812967,4.298655033111572,18.0,0.26666666666666666,0.26666666666666666,0.2,0.2,4.0,3.0,0.60916860125703,0.60916860125703,-0.9184870907274065,0.234505236568366,0.8629792705715869,,,
W1,LONG,BB_B1_20_2.5_FULL,Y2025,3,3.0,0.6666666666666666,0.9611955704188302,0.4805977852094151,-0.00205326397570621,0.016961164597060156,0.07628980478457031,-0.15873940149625926,-0.028498038946131565,0.11149880333477255,0.09983804778283904,-0.0883102083129017,1.130538016953734,0.3333333333333333,0.3333333333333333,0.15211970074812964,3.8002398014068604,5.0,0.3333333333333333,0.0,0.0,0.0,0.0,0.0,,,0.0,-0.05133159939265525,-0.00615979192711863,,,
W1,LONG,BB_B1_20_2.5_FULL,Y2026,6,8.955223880597014,0.6666666666666666,2.7323707269551503,1.3661853634775751,0.06472667787695102,0.10425432194643741,0.15313461241193255,-0.11208919119301203,0.40112361743705965,0.6676140325030298,0.12807693326557804,-0.06566960198310208,1.9503229713275014,0.16666666666666666,0.16666666666666666,0.1521197007481297,3.482207179069519,5.0,0.5,0.16666666666666666,0.0,0.0,1.0,0.0,0.5998838974214784,0.5998838974214784,-0.15873940149625926,0.9031629471202469,0.38836006726170613,,,
W1,LONG,BB_B1_20_2.5_HALF,PRE_2020_2022,23,7.671917808219178,0.43478260869565216,1.3578020859537443,1.765142711739868,0.018813574016645365,-0.00864711582620847,0.16420740797162903,-0.09302783671795743,0.10195262497851294,-0.05793510518172383,0.44144200290164554,-0.09331397380661317,4.73071700725664,0.5217391304347826,0.2608695652173913,0.15211970074812958,5.0257732870390495,40.0,0.17391304347826086,0.13043478260869565,0.13043478260869565,0.08695652173913043,3.0,2.0,1.3507228583000945,1.3507228583000945,-1.151263800404385,0.0361497245098449,0.4327122023828434,,,
W1,LONG,BB_B1_20_2.5_HALF,DISCOVERY,33,16.511301369863013,0.48484848484848486,1.693872610007479,1.7997396481329466,0.0372653993725459,-0.007327362847962533,0.18762933451288927,-0.10425359840660081,0.35563903518763945,-0.05051650441384596,0.35776705028341815,-0.10008132153909131,3.5747634501776235,0.45454545454545453,0.24242424242424243,0.1521197007481296,4.670187950134277,125.0,0.24242424242424243,0.15151515151515152,0.09090909090909091,0.030303030303030304,5.0,1.0,0.8287584612906231,1.092167688151277,-0.9310323357311099,0.05206427516062721,1.2297581792940147,,,
W1,LONG,BB_B1_20_2.5_HALF,STRICT_OOS,9,5.3889344262295085,0.4444444444444444,8.6550116842148,10.8187646052685,0.3861325106286235,-0.010772189240408788,0.9822921819419327,-0.090795226422024,2.4355019354770184,-0.0638371608680383,1.2313233603476728,-0.09602932703500597,12.822367899119124,0.5555555555555556,0.2222222222222222,0.15211970074812967,3.8002398014068604,30.0,0.3333333333333333,0.3333333333333333,0.2222222222222222,0.2222222222222222,3.0,2.0,0.8425872912596987,0.8425872912596987,-0.4432039428697112,0.9680202216316467,3.4751925956576115,,,
W1,LONG,BB_B1_20_2.5_HALF,EXTENDED,24,8.981557377049182,0.4166666666666667,2.899988019647246,4.0599832275061445,0.1377104221670594,-0.06286256993859635,0.5044561169885887,-0.12425078841974731,0.8497229576045947,-0.3937215766108354,0.6628013105684073,-0.11634103716327428,5.697055198487054,0.6666666666666666,0.3333333333333333,0.15211970074812967,4.0491077627423415,52.0,0.3333333333333333,0.20833333333333334,0.16666666666666666,0.08333333333333333,5.0,2.0,0.8859632982331288,0.8859632982331288,-1.215488829183674,0.2844277222039092,3.305050132009425,,,
W1,LONG,BB_B1_20_2.5_HALF,FULL_2023_2026,42,11.439597315436242,0.47619047619047616,3.113361902723703,3.4246980929960733,0.11202263749884821,-0.009049776044185661,0.34656190399869796,-0.10119487750101519,0.8013239423925065,-0.05717683264094213,0.5449576881543299,-0.0992130370025016,5.492803210334031,0.47619047619047616,0.23809523809523808,0.15211970074812964,4.593639373779297,87.0,0.2619047619047619,0.19047619047619047,0.11904761904761904,0.07142857142857142,8.0,3.0,0.6223557388463888,0.8389727759166108,-0.5596237394002589,0.17291256063769295,4.704950774951625,,,
W1,LONG,BB_B1_20_2.5_HALF,Y2020,15,15.0,0.6,4.521423633357184,3.0142824222381233,0.05491274860662813,0.0029784700429543775,0.117511090765823,-0.038984764632164194,0.3445981889923749,0.032134578544358326,0.4840485447926935,-0.08036558804413235,6.0230822242833675,0.4,0.06666666666666667,0.13591023001494154,5.267645835876465,126.0,0.2,0.13333333333333333,0.13333333333333333,0.06666666666666667,2.0,1.0,0.5951230252605604,0.5951230252605604,-0.21082468408226296,0.0833273878704524,0.8236912290994219,,,
W1,LONG,BB_B1_20_2.5_HALF,Y2021,7,7.0,0.14285714285714285,0.6410352143125622,3.8462112858753734,-0.04675599579510763,-0.15873940149625926,0.5844742628238833,-0.15196103889827275,-0.339915468299285,-1.0403678345905165,0.3934963510027547,-0.12609504194418417,3.12063301566556,0.8571428571428571,0.7142857142857143,0.15211970074812978,3.6412553787231445,14.0,0.14285714285714285,0.14285714285714285,0.14285714285714285,0.14285714285714285,1.0,1.0,,,-0.3452073072654547,-0.17787607095964858,-0.3272919705657534,,,
W1,LONG,BB_B1_20_2.5_HALF,Y2022,1,1.0,0.0,0.0,,-0.06368705615082493,-0.06368705615082493,,-0.06368705615082493,-0.4446541822848324,-0.4446541822848324,0.13796343782816156,-0.05807228328082814,2.3757191905300634,0.0,0.0,0.14322828545898816,5.518129825592041,26.0,0.0,0.0,0.0,0.0,0.0,0.0,,,0.0,-0.25994716796255074,-0.06368705615082493,,,
W1,LONG,BB_B1_20_2.5_HALF,Y2023,18,18.0,0.5555555555555556,3.8758605080528596,3.1006884064422877,0.07777225794123338,0.01663735067704167,0.18866769100880723,-0.06084703339323395,0.7367919221097217,0.13472722878538076,0.38783285826889324,-0.07637570345480468,5.077961193488624,0.2222222222222222,0.1111111111111111,0.13683576450509338,5.122002363204956,142.5,0.16666666666666666,0.16666666666666666,0.05555555555555555,0.05555555555555555,3.0,1.0,0.7280320225364347,0.7280320225364347,-0.28706803826881855,0.08979478145876851,1.399900642942201,,,
W1,LONG,BB_B1_20_2.5_HALF,Y2024,15,15.0,0.4,0.8676485073372944,1.3014727610059413,-0.011342830909879071,-0.1152506751896018,0.18589874035302603,-0.14283721175181582,-0.10174442911885927,-0.7980337029049368,0.321688080700848,-0.1285280632402353,2.5028625857340745,0.7333333333333333,0.4,0.15211970074812967,4.298655033111572,65.0,0.3333333333333333,0.13333333333333333,0.13333333333333333,0.0,2.0,0.0,,,-1.280858916626093,-0.02118835163738307,-0.17014246364818608,,,
W1,LONG,BB_B1_20_2.5_HALF,Y2025,3,3.0,0.6666666666666666,22.78524409047053,11.392622045235266,1.152725536123737,0.6887628940865621,1.808458004933735,-0.15873940149625926,7.25387880796913,4.527769188995271,3.0280125403070226,-0.0883102083129017,34.28836369152403,0.3333333333333333,0.3333333333333333,0.15211970074812964,3.8002398014068604,218.0,0.6666666666666666,0.6666666666666666,0.6666666666666666,0.6666666666666666,2.0,2.0,0.846733249161632,0.846733249161632,0.0,1.5134252115410116,3.458176608371211,,,
W1,LONG,BB_B1_20_2.5_HALF,Y2026,6,8.955223880597014,0.3333333333333333,1.0576350620433306,2.115270124086661,0.0028359978810666535,-0.03552917411391834,0.15612635895013033,-0.07380918265346519,0.026313499230962444,-0.21054973625144724,0.3329787703679979,-0.0998888863960581,3.3334916664076273,0.6666666666666666,0.16666666666666666,0.1521197007481297,3.482207179069519,24.0,0.16666666666666666,0.16666666666666666,0.0,0.0,1.0,0.0,16.16931998370641,16.16931998370641,-0.15873940149625926,0.013039070717547832,0.01701598728639992,,,
W1,LONG,BB_B1_20_2_FULL,PRE_2020_2022,23,7.671917808219178,0.34782608695652173,1.539676785091973,2.8868939720474494,0.020113120343657663,-0.02191160558225563,0.16497309650421207,-0.057145533608638034,0.14173176493947565,-0.14404186620466408,0.10386340204087678,-0.05676360120697802,1.8297535715212643,0.13043478260869565,0.13043478260869565,0.15211970074812958,5.0257732870390495,4.0,0.13043478260869565,0.043478260869565216,0.043478260869565216,0.043478260869565216,1.0,1.0,1.9724924243750677,1.9724924243750677,-0.808082571373067,0.3023540966693635,0.4626017679041262,,,
W1,LONG,BB_B1_20_2_FULL,DISCOVERY,33,16.511301369863013,0.5454545454545454,1.558870500108516,1.29905875009043,0.010356173016949004,0.0005041553009547716,0.05295897668514041,-0.04076719138488065,0.06607268101902428,0.0033142012407026806,0.06833053026158141,-0.04540826798935068,1.5048037127865468,0.06060606060606061,0.06060606060606061,0.1521197007481296,4.670187950134277,5.0,0.09090909090909091,0.0,0.0,0.0,0.0,0.0,0.5593644700202047,1.052708411437144,-0.346650978350441,0.1299443762582955,0.34175370955931716,,,
W1,LONG,BB_B1_20_2_FULL,STRICT_OOS,9,5.3889344262295085,0.6666666666666666,3.7379122629505197,1.8689561314752599,0.07304250060408707,0.03856181454224034,0.14958101237529797,-0.0800345229383347,0.47554008394984365,0.22852149209022238,0.17993349392197977,-0.05909015511311655,3.0450672125928975,0.1111111111111111,0.1111111111111111,0.15211970074812967,3.8002398014068604,5.0,0.2222222222222222,0.2222222222222222,0.1111111111111111,0.1111111111111111,2.0,1.0,0.723496585342187,0.723496585342187,-0.23927843538203827,1.3695468863266325,0.6573825054367837,,,
W1,LONG,BB_B1_20_2_FULL,EXTENDED,24,8.981557377049182,0.5416666666666666,2.6449073966445025,2.2379985663915023,0.03901351424547359,0.0006646443669602918,0.11581157804799141,-0.05174783388477471,0.24780356086167696,0.0041020156938928985,0.12055448956357351,-0.054905206054589074,2.1956841295470806,0.08333333333333333,0.08333333333333333,0.15211970074812967,4.0491077627423415,5.0,0.16666666666666666,0.08333333333333333,0.041666666666666664,0.041666666666666664,2.0,1.0,0.5079585958285234,0.5079585958285234,-0.26859717685170725,0.6884737808024752,0.9363243418913663,,,
W1,LONG,BB_B1_20_2_FULL,FULL_2023_2026,42,11.439597315436242,0.5714285714285714,2.173230147635429,1.6299226107265719,0.02378895749990716,0.0015182932983628982,0.07711448560767978,-0.04731174664378967,0.15381569593277133,0.010068045374722058,0.09224545104595248,-0.048340100944443375,1.9082593797635825,0.07142857142857142,0.07142857142857142,0.15211970074812964,4.593639373779297,5.0,0.11904761904761904,0.047619047619047616,0.023809523809523808,0.023809523809523808,2.0,1.0,0.47602518136034216,0.7469893490784407,-0.25542456213367914,0.32126566398588446,0.9991362149961007,,,
W1,LONG,BB_B1_20_2_FULL,Y2020,15,15.0,0.4,1.4133850749426344,2.1200776124139518,0.007022460413156119,-0.004948254298685446,0.06002539362788863,-0.028312828396665553,0.0871107745674196,-0.032528688094637125,0.060803712906003816,-0.03881214650116511,1.5666155672214248,0.0,0.0,0.13591023001494154,5.267645835876465,4.0,0.13333333333333333,0.0,0.0,0.0,0.0,0.0,1.3305625981994995,1.3305625981994995,-0.24728841387156902,0.1300455632065948,0.10533690619734179,,,
W1,LONG,BB_B1_20_2_FULL,Y2021,7,7.0,0.14285714285714285,1.5148201208305103,9.088920724983062,0.04430156201911739,-0.045151957334628894,0.9124784826934023,-0.10039459142659678,0.2319924001009464,-0.2968186047735441,0.19126273078884953,-0.10050846035283272,1.902951553704295,0.42857142857142855,0.42857142857142855,0.15211970074812978,3.6412553787231445,10.0,0.14285714285714285,0.14285714285714285,0.14285714285714285,0.14285714285714285,1.0,1.0,2.942426023261862,2.942426023261862,-0.3452073072654547,0.4560454913732673,0.31011093413382174,,,
W1,LONG,BB_B1_20_2_FULL,Y2022,1,1.0,1.0,inf,,0.04715392757296261,0.04715392757296261,0.04715392757296261,,0.32922217439002033,0.32922217439002033,0.13796343782816156,-0.01982140777318908,6.9603248874569985,0.0,0.0,0.14322828545898816,5.518129825592041,5.0,0.0,0.0,0.0,0.0,0.0,0.0,1.0,1.0,0.0,1.1788481893240654,0.04715392757296261,,,
W1,LONG,BB_B1_20_2_FULL,Y2023,18,18.0,0.6111111111111112,1.2224332515790683,0.77791206918668,0.0034895485058185887,0.004866950137609132,0.03138155817822062,-0.04034075240795604,0.028498542694230425,0.03234855072490814,0.05450006635579114,-0.03958662746424909,1.3767292100093766,0.05555555555555555,0.05555555555555555,0.13683576450509338,5.122002363204956,6.0,0.05555555555555555,0.0,0.0,0.0,0.0,0.0,2.363401284159699,2.363401284159699,-0.23725520022692992,0.0358924989169912,0.0628118731047346,,,
W1,LONG,BB_B1_20_2_FULL,Y2024,15,15.0,0.4666666666666667,1.8475316892074933,2.1114647876657067,0.018596122430305503,-0.007739657903395532,0.08686634862458577,-0.041140325489689725,0.11116164700877691,-0.05087873474199357,0.08492708694852975,-0.0523942366194726,1.620924216633517,0.06666666666666667,0.06666666666666667,0.15211970074812967,4.298655033111572,5.0,0.13333333333333333,0.0,0.0,0.0,0.0,0.0,0.6853216607979563,0.6853216607979563,-0.3198587180139458,0.31697935960748014,0.27894183645458254,,,
W1,LONG,BB_B1_20_2_FULL,Y2025,3,3.0,0.6666666666666666,2.5423794795730905,1.2711897397865453,0.022599385584907206,0.04855486141788829,0.05587750769797367,-0.04395685864122572,0.14319266529256527,0.3030769888273651,0.10260889758386016,-0.06778831572967241,1.513666425834298,0.0,0.0,0.15211970074812964,3.8002398014068604,5.0,0.0,0.0,0.0,0.0,0.0,0.0,0.932181006140077,0.932181006140077,0.0,0.6163468795883783,0.06779815675472162,,,
W1,LONG,BB_B1_20_2_FULL,Y2026,6,8.955223880597014,0.6666666666666666,4.0058334812738545,2.0029167406369273,0.098264058113677,0.01969347398760308,0.1964327647139601,-0.09807335508688919,0.641713793278483,0.11670566111865274,0.21859579209103955,-0.05474107480483862,3.9932681787920914,0.16666666666666666,0.16666666666666666,0.1521197007481297,3.482207179069519,4.5,0.3333333333333333,0.3333333333333333,0.16666666666666666,0.16666666666666666,2.0,1.0,0.8066937309485521,0.8066937309485521,-0.15873940149625926,1.5934712126542216,0.589584348682062,,,
W1,LONG,BB_B1_20_2_HALF,PRE_2020_2022,23,7.671917808219178,0.30434782608695654,1.8340984239992097,4.1922249691410505,0.04030233285230071,-0.018143052416652313,0.29118253227412305,-0.06945775439474655,0.20531159554198,-0.11926826260782908,0.44144200290164554,-0.09310608854837184,4.741279649743863,0.5217391304347826,0.13043478260869565,0.15211970074812958,5.0257732870390495,40.0,0.17391304347826086,0.13043478260869565,0.13043478260869565,0.08695652173913043,3.0,2.0,1.1310693095650364,1.1310693095650364,-1.085002719627375,0.08369784700703535,0.9269536556029164,,,
W1,LONG,BB_B1_20_2_HALF,DISCOVERY,33,16.511301369863013,0.42424242424242425,1.557274158046493,2.1134435002059546,0.025882271732592253,-0.035414819895773934,0.1704843307602077,-0.08066661386670333,0.27577845969603454,-0.2858151446675262,0.35776705028341815,-0.10008132153909131,3.5747634501776235,0.45454545454545453,0.06060606060606061,0.1521197007481296,4.670187950134277,114.0,0.15151515151515152,0.12121212121212122,0.06060606060606061,0.030303030303030304,4.0,1.0,1.135862250735208,1.515119919412527,-1.0585421790089502,0.04226199738622189,0.8541149671755444,,,
W1,LONG,BB_B1_20_2_HALF,STRICT_OOS,9,5.3889344262295085,0.4444444444444444,8.593386660645566,10.741733325806958,0.4014204123009677,-0.051423144783641954,1.0221410002833429,-0.09515605808493258,2.5443137781306087,-0.3380439517744333,1.2313233603476728,-0.09602932703500597,12.822367899119124,0.5555555555555556,0.1111111111111111,0.15211970074812967,3.8002398014068604,30.0,0.3333333333333333,0.3333333333333333,0.3333333333333333,0.3333333333333333,3.0,3.0,0.798448386338064,0.798448386338064,-0.42435714564102095,1.0162542083568802,3.612783710708709,,,
W1,LONG,BB_B1_20_2_HALF,EXTENDED,24,8.981557377049182,0.3333333333333333,3.0318353771943496,6.063670754388699,0.13127593875008417,-0.07806916628422933,0.5876564210036888,-0.0969143023767181,0.8137680979932381,-0.5185737801688817,0.6628013105684073,-0.11634103716327428,5.697055198487054,0.6666666666666666,0.08333333333333333,0.15211970074812967,4.0491077627423415,52.0,0.20833333333333334,0.16666666666666666,0.16666666666666666,0.125,4.0,3.0,0.9155718581121053,0.9155718581121053,-1.3978620312356618,0.30933947275424845,3.1506225300020203,,,
W1,LONG,BB_B1_20_2_HALF,FULL_2023_2026,42,11.439597315436242,0.42857142857142855,3.224057196673958,4.29874292889861,0.10635473042581553,-0.036115111644139296,0.3597413684320155,-0.08368524807883441,0.7618931707891575,-0.2898896492506205,0.5449576881543299,-0.0992130370025016,5.492803210334031,0.47619047619047616,0.07142857142857142,0.15211970074812964,4.593639373779297,68.0,0.19047619047619047,0.16666666666666666,0.11904761904761904,0.09523809523809523,7.0,4.0,0.6457772006975796,0.8629652362816232,-0.8597565677665777,0.1879612319749317,4.466898677884252,,,
W1,LONG,BB_B1_20_2_HALF,Y2020,15,15.0,0.4,3.0984834570967617,4.647725185645143,0.044691531402331175,-0.008920895095523625,0.16497148244621404,-0.03549510262692406,0.23773304443746934,-0.08288075757833999,0.4840485447926935,-0.08036558804413235,6.0230822242833675,0.4,0.0,0.13591023001494154,5.267645835876465,126.0,0.2,0.13333333333333333,0.13333333333333333,0.06666666666666667,2.0,1.0,0.6915929366223651,0.6915929366223651,-0.3128419368784363,0.07247275362540191,0.6703729710349676,,,
W1,LONG,BB_B1_20_2_HALF,Y2021,7,7.0,0.14285714285714285,1.3329570275427354,7.997742165256413,0.03741288826996535,-0.10194567941544408,1.0484488312415772,-0.13109310222530327,0.17046306503713304,-0.6701674991080834,0.3934963510027547,-0.12609504194418417,3.12063301566556,0.8571428571428571,0.42857142857142855,0.15211970074812978,3.6412553787231445,14.0,0.14285714285714285,0.14285714285714285,0.14285714285714285,0.14285714285714285,1.0,1.0,4.00339057979982,4.00339057979982,-0.3452073072654547,0.1554244616556424,0.2618902178897574,,,
W1,LONG,BB_B1_20_2_HALF,Y2022,1,1.0,0.0,0.0,,-0.005309533321808719,-0.005309533321808719,,-0.005309533321808719,-0.037070424356430945,-0.037070424356430945,0.13796343782816156,-0.05329092234127719,2.5888731469993744,0.0,0.0,0.14322828545898816,5.518129825592041,25.0,0.0,0.0,0.0,0.0,0.0,0.0,,,0.0,-0.03792523801291942,-0.005309533321808719,,,
W1,LONG,BB_B1_20_2_HALF,Y2023,18,18.0,0.5555555555555556,3.8751134509171656,3.1000907607337327,0.07312645266012402,0.021767606179764788,0.1774093263746769,-0.057227139483067097,0.6927266011837169,0.16024957402098478,0.38783285826889324,-0.07637570345480468,5.077961193488624,0.2222222222222222,0.05555555555555555,0.13683576450509338,5.122002363204956,142.5,0.16666666666666666,0.16666666666666666,0.05555555555555555,0.05555555555555555,3.0,1.0,0.7370466680289967,0.7370466680289967,-0.23907749198304923,0.09692755139044422,1.3162761478822325,,,
W1,LONG,BB_B1_20_2_HALF,Y2024,15,15.0,0.26666666666666666,0.5700220447453551,1.5675606230497268,-0.03081074538044588,-0.0832395296998274,0.15317184172403459,-0.09771350432752968,-0.22455931008918426,-0.5521722934808487,0.321688080700848,-0.1285280632402353,2.5028625857340745,0.7333333333333333,0.06666666666666667,0.15211970074812967,4.298655033111572,65.0,0.13333333333333333,0.06666666666666667,0.06666666666666667,0.0,1.0,0.0,,,-1.024901610912185,-0.06970756873404045,-0.4621611807066882,,,
W1,LONG,BB_B1_20_2_HALF,Y2025,3,3.0,0.6666666666666666,35.48663118245432,17.74331559122716,1.1650518609040437,0.7118823887770616,1.7982518563904368,-0.10134813006874249,7.339724160088477,4.679751440977078,3.0280125403070226,-0.0883102083129017,34.28836369152403,0.3333333333333333,0.0,0.15211970074812964,3.8002398014068604,218.0,0.6666666666666666,0.6666666666666666,0.6666666666666666,0.6666666666666666,2.0,2.0,0.8253198622321231,0.8253198622321231,0.0,1.5329629748737417,3.495155582712131,,,
W1,LONG,BB_B1_20_2_HALF,Y2026,6,8.955223880597014,0.3333333333333333,1.314150707259668,2.628301414519336,0.019604687999429642,-0.06422192712722419,0.24603014417624913,-0.0936080400889801,0.14660858715167405,-0.3972385115851973,0.3329787703679979,-0.0998888863960581,3.3334916664076273,0.6666666666666666,0.16666666666666666,0.1521197007481297,3.482207179069519,24.0,0.16666666666666666,0.16666666666666666,0.16666666666666666,0.16666666666666666,1.0,1.0,3.7071484521678317,3.7071484521678317,-0.15873940149625926,0.0922573552914336,0.11762812799657785,,,
W1,LONG,BB_B1_30_2_FULL,PRE_2020_2022,23,7.671917808219178,0.34782608695652173,1.662953656700575,3.1180381063135783,0.025872498126090517,-0.022933622255030425,0.18658348012598064,-0.0598400256071842,0.1474859550867781,-0.1536537551071168,0.12997249532781188,-0.059936386697195414,2.1685073540459796,0.17391304347826086,0.17391304347826086,0.15211970074812958,5.0257732870390495,8.0,0.17391304347826086,0.08695652173913043,0.043478260869565216,0.043478260869565216,2.0,1.0,1.5294556121661205,1.5294556121661205,-0.8334364517568476,0.30360584535718466,0.5950674569000819,,,
W1,LONG,BB_B1_30_2_FULL,DISCOVERY,33,16.511301369863013,0.5757575757575758,1.9042987571104237,1.4031675052392596,0.01542911466040765,0.006462318969442997,0.05643187696098071,-0.04021749131894149,0.10291000778124039,0.04248180174994496,0.0838675159117357,-0.043083370344942085,1.9466331264304537,0.06060606060606061,0.06060606060606061,0.1521197007481296,4.670187950134277,7.0,0.12121212121212122,0.0,0.0,0.0,0.0,0.0,0.3718637469998022,0.6960416118984195,-0.20619813052670768,0.16163834406141347,0.5091607837934524,,,
W1,LONG,BB_B1_30_2_FULL,STRICT_OOS,9,5.3889344262295085,0.4444444444444444,2.690389815576783,3.362987269470979,0.06548828203224219,-0.00936264561486649,0.23451706945942197,-0.06973474790950164,0.43369483277060233,-0.055484052584652166,0.19871590526874186,-0.060844163857683084,3.265981364022789,0.1111111111111111,0.1111111111111111,0.15211970074812967,3.8002398014068604,6.0,0.2222222222222222,0.2222222222222222,0.2222222222222222,0.1111111111111111,2.0,1.0,0.8069535210267644,0.8069535210267644,-0.3393110939326417,1.0524902469467494,0.5893945382901797,,,
W1,LONG,BB_B1_30_2_FULL,EXTENDED,24,8.981557377049182,0.4583333333333333,2.1228602741705016,2.5088348694742293,0.03578333358289664,-0.006741665868023824,0.1476029530938373,-0.058833267541745435,0.22040369811253524,-0.04072056518669372,0.14485811699358944,-0.05749489701686298,2.519495198871358,0.125,0.125,0.15211970074812967,4.0491077627423415,6.0,0.20833333333333334,0.08333333333333333,0.08333333333333333,0.041666666666666664,2.0,1.0,0.5538122899745404,0.5538122899745404,-0.403329457786334,0.45925134010134727,0.8588000059895193,,,
W1,LONG,BB_B1_30_2_FULL,FULL_2023_2026,42,11.439597315436242,0.5476190476190477,2.204928034132065,1.8214622890656187,0.02615607909722933,0.0047496227900842335,0.08740321478679658,-0.047985190421720475,0.17379247027896083,0.03791619293138182,0.1084778850596656,-0.04688925466910086,2.3134913494615748,0.07142857142857142,0.07142857142857142,0.15211970074812964,4.593639373779297,6.0,0.14285714285714285,0.047619047619047616,0.047619047619047616,0.023809523809523808,2.0,1.0,0.43294496725490955,0.7215703162148064,-0.19697634327497582,0.2961065558176906,1.098555322083632,,,
W1,LONG,BB_B1_30_2_FULL,Y2020,15,15.0,0.4,1.9618614081778205,2.9427921122667304,0.017499225752639392,-0.013041144416888136,0.08923077531027186,-0.03032180728578224,0.1066510143633281,-0.11104676002404626,0.100837655945971,-0.04770143827212709,2.1139332397214625,0.06666666666666667,0.06666666666666667,0.13591023001494154,5.267645835876465,8.0,0.2,0.06666666666666667,0.0,0.0,1.0,0.0,0.840092542565906,0.840092542565906,-0.26383559365096365,0.18485097626027527,0.26248838628959087,,,
W1,LONG,BB_B1_30_2_FULL,Y2021,7,7.0,0.14285714285714285,1.4568965284022004,8.741379170413202,0.040775020433932656,-0.05331661778363577,0.9101292615732512,-0.10411735308928714,0.20902708245085067,-0.35049120870881884,0.19126273078884953,-0.0918848445971999,2.0815481772570585,0.42857142857142855,0.42857142857142855,0.15211970074812978,3.6412553787231445,8.0,0.14285714285714285,0.14285714285714285,0.14285714285714285,0.14285714285714285,1.0,1.0,3.188679357002493,3.188679357002493,-0.3452073072654547,0.5708502860750572,0.2854251430375286,,,
W1,LONG,BB_B1_30_2_FULL,Y2022,1,1.0,1.0,inf,,0.04715392757296261,0.04715392757296261,0.04715392757296261,,0.32922217439002033,0.32922217439002033,0.13796343782816156,-0.01982140777318908,6.9603248874569985,0.0,0.0,0.14322828545898816,5.518129825592041,5.0,0.0,0.0,0.0,0.0,0.0,0.0,1.0,1.0,0.0,1.1788481893240654,0.04715392757296261,,,
W1,LONG,BB_B1_30_2_FULL,Y2023,18,18.0,0.6666666666666666,2.6322528193816193,1.3161264096908096,0.013319739783006272,0.007205467631370258,0.03222012133867593,-0.02448102332833305,0.11164416650086159,0.05023567561664563,0.05997090914776716,-0.032748398205418056,1.8312623650046274,0.0,0.0,0.13683576450509338,5.122002363204956,6.5,0.05555555555555555,0.0,0.0,0.0,0.0,0.0,0.6191715119173158,0.6191715119173158,-0.08799168647677369,0.13030180222506135,0.23975531609411288,,,
W1,LONG,BB_B1_30_2_FULL,Y2024,15,15.0,0.4666666666666667,1.6473622749662824,1.8826997428186085,0.017960364513289303,-0.004120686121181156,0.09793774374207463,-0.05201984231189784,0.09242901731769497,-0.025957077788735284,0.11254344402849797,-0.05548533691237091,2.0283456907946698,0.13333333333333333,0.13333333333333333,0.15211970074812967,4.298655033111572,7.0,0.2,0.0,0.0,0.0,0.0,0.0,0.7028010177510348,0.7028010177510348,-0.3668359468914892,0.20565302877812178,0.26940546769933954,,,
W1,LONG,BB_B1_30_2_FULL,Y2025,3,3.0,0.6666666666666666,1.7448092983704555,0.8724046491852278,0.020686670161114713,0.04855486141788829,0.07269168335117154,-0.08332335621899895,0.1306189130804212,0.3030769888273651,0.10260889758386016,-0.07305034196337201,1.4046326796842241,0.0,0.0,0.15211970074812964,3.8002398014068604,6.0,0.0,0.0,0.0,0.0,0.0,0.0,1.560239911826021,1.560239911826021,0.0,0.4773846960257242,0.06206001048334414,,,
W1,LONG,BB_B1_30_2_FULL,Y2026,6,8.955223880597014,0.3333333333333333,2.987313985350398,5.974627970700796,0.08788908796780594,-0.023384977146192802,0.3963424555676724,-0.06633759583212731,0.5852327926156929,-0.1506955572733521,0.24676940911118272,-0.05474107480483862,4.507938691210544,0.16666666666666666,0.16666666666666666,0.1521197007481297,3.482207179069519,6.0,0.3333333333333333,0.3333333333333333,0.3333333333333333,0.16666666666666666,2.0,1.0,0.9019208355752187,0.9019208355752187,-0.15873940149625926,1.226359366992641,0.5273345278068357,,,
W1,LONG,BB_B1_30_2_HALF,PRE_2020_2022,23,7.671917808219178,0.30434782608695654,1.817181714290975,4.153558204093657,0.043182021743517145,-0.027255613115659435,0.31550953291248707,-0.0759612643929072,0.20818869061563128,-0.2005412919444183,0.44144200290164554,-0.09310608854837184,4.741279649743863,0.5217391304347826,0.17391304347826086,0.15211970074812958,5.0257732870390495,40.0,0.21739130434782608,0.13043478260869565,0.13043478260869565,0.08695652173913043,3.0,2.0,1.054458775441584,1.054458775441584,-1.1902287453812763,0.08797046059352474,0.9931865001008944,,,
W1,LONG,BB_B1_30_2_HALF,DISCOVERY,33,16.511301369863013,0.42424242424242425,1.6422068041225086,2.2287092341662618,0.028418742554321575,-0.03344649214157663,0.1712946135658473,-0.07685821503311846,0.2941971230771426,-0.2916840937615167,0.35776705028341815,-0.10008132153909131,3.5747634501776235,0.45454545454545453,0.06060606060606061,0.1521197007481296,4.670187950134277,114.0,0.15151515151515152,0.12121212121212122,0.06060606060606061,0.030303030303030304,4.0,1.0,1.0471763819622615,1.3857167726863515,-0.9792020109315993,0.04581428941341534,0.9378185042926119,,,
W1,LONG,BB_B1_30_2_HALF,STRICT_OOS,9,5.3889344262295085,0.4444444444444444,7.509744642723256,9.387180803404071,0.39764330301504525,-0.051423144783641954,1.0321371442284812,-0.10995176995570359,2.523391152540988,-0.3380439517744333,1.2313233603476728,-0.09602932703500597,12.822367899119124,0.5555555555555556,0.1111111111111111,0.15211970074812967,3.8002398014068604,30.0,0.3333333333333333,0.3333333333333333,0.3333333333333333,0.3333333333333333,3.0,3.0,0.8060326378305459,0.8060326378305459,-0.49833570499487606,0.9954908837650647,3.5787897271354074,,,
W1,LONG,BB_B1_30_2_HALF,EXTENDED,24,8.981557377049182,0.3333333333333333,2.9557322407207565,5.911464481441513,0.12966084841879572,-0.06976790546201056,0.5878761039743401,-0.09944677935897642,0.8000681666186673,-0.458638198201086,0.6628013105684073,-0.11634103716327428,5.697055198487054,0.6666666666666666,0.125,0.15211970074812967,4.0491077627423415,52.0,0.20833333333333334,0.16666666666666666,0.16666666666666666,0.125,4.0,3.0,0.9269764669332698,0.9269764669332698,-1.4339450530554745,0.2980709159052775,3.111860362051097,,,
W1,LONG,BB_B1_30_2_HALF,FULL_2023_2026,42,11.439597315436242,0.42857142857142855,3.2469961800073706,4.329328240009827,0.10753829122447664,-0.03415453321104655,0.3625929537130993,-0.08375270564199037,0.7718815579622523,-0.2927777153538048,0.5449576881543299,-0.0992130370025016,5.492803210334031,0.47619047619047616,0.07142857142857142,0.15211970074812964,4.593639373779297,68.0,0.19047619047619047,0.16666666666666666,0.11904761904761904,0.09523809523809523,7.0,4.0,0.6386698106627192,0.8561031894155844,-0.8323254207738653,0.18768369962302175,4.516608231428019,,,
W1,LONG,BB_B1_30_2_HALF,Y2020,15,15.0,0.4,2.816321025267915,4.224481537901873,0.04992991407207282,-0.0134539769777916,0.19354875161765128,-0.04581597762497952,0.24750316433542352,-0.14515434894150964,0.4840485447926935,-0.08036558804413235,6.0230822242833675,0.4,0.06666666666666667,0.13591023001494154,5.267645835876465,126.0,0.26666666666666666,0.13333333333333333,0.13333333333333333,0.06666666666666667,2.0,1.0,0.654514266316911,0.654514266316911,-0.40572982385232814,0.07838291063119752,0.7489487110810923,,,
W1,LONG,BB_B1_30_2_HALF,Y2021,7,7.0,0.14285714285714285,1.312823001030718,7.876938006184308,0.03564961747737299,-0.10602800963994752,1.0472742206815018,-0.13295448305664845,0.1589804062120852,-0.6970038010757208,0.3934963510027547,-0.12609504194418417,3.12063301566556,0.8571428571428571,0.42857142857142855,0.15211970074812978,3.6412553787231445,14.0,0.14285714285714285,0.14285714285714285,0.14285714285714285,0.14285714285714285,1.0,1.0,4.196695884590036,4.196695884590036,-0.3452073072654547,0.15645600146809463,0.24954732234161092,,,
W1,LONG,BB_B1_30_2_HALF,Y2022,1,1.0,0.0,0.0,,-0.005309533321808719,-0.005309533321808719,,-0.005309533321808719,-0.037070424356430945,-0.037070424356430945,0.13796343782816156,-0.05329092234127719,2.5888731469993744,0.0,0.0,0.14322828545898816,5.518129825592041,25.0,0.0,0.0,0.0,0.0,0.0,0.0,,,0.0,-0.03792523801291942,-0.005309533321808719,,,
W1,LONG,BB_B1_30_2_HALF,Y2023,18,18.0,0.5555555555555556,4.353288744928774,3.4826309959430195,0.07804154829871786,0.029257304143753694,0.18236643350410678,-0.05236455820801824,0.7342994130870324,0.2366555563874339,0.38783285826889324,-0.07637570345480468,5.077961193488624,0.2222222222222222,0.0,0.13683576450509338,5.122002363204956,142.5,0.16666666666666666,0.16666666666666666,0.05555555555555555,0.05555555555555555,3.0,1.0,0.6991015325034747,0.6991015325034747,-0.1734554205964531,0.10310076105518691,1.4047478693769215,,,
W1,LONG,BB_B1_30_2_HALF,Y2024,15,15.0,0.26666666666666666,0.5516285584832739,1.516978535829003,-0.03112862433895398,-0.0699866583309568,0.14361506372019878,-0.09467178363319134,-0.23392562493472527,-0.46007622935596193,0.321688080700848,-0.1285280632402353,2.5028625857340745,0.7333333333333333,0.13333333333333333,0.15211970074812967,4.298655033111572,65.0,0.13333333333333333,0.06666666666666667,0.06666666666666667,0.0,1.0,0.0,,,-0.9966860001304123,-0.06821466253970923,-0.4669293650843097,,,
W1,LONG,BB_B1_30_2_HALF,Y2025,3,3.0,0.6666666666666666,29.85438918848035,14.927194594240175,1.1640955031921474,0.7286965644302594,1.8066589442170358,-0.1210313788576291,7.333437283982406,4.790283972730069,3.0280125403070226,-0.0883102083129017,34.28836369152403,0.3333333333333333,0.0,0.15211970074812964,3.8002398014068604,218.0,0.6666666666666666,0.6666666666666666,0.6666666666666666,0.6666666666666666,2.0,2.0,0.8259979002563766,0.8259979002563766,0.0,1.5250159430464814,3.4922865095764424,,,
W1,LONG,BB_B1_30_2_HALF,Y2026,6,8.955223880597014,0.3333333333333333,1.2017673777077063,2.4035347554154125,0.014417202926494102,-0.0762030421665009,0.25761534423992677,-0.10718186773022223,0.11836808682027909,-0.46823989775391595,0.3329787703679979,-0.0998888863960581,3.3334916664076273,0.6666666666666666,0.16666666666666666,0.1521197007481297,3.482207179069519,24.0,0.16666666666666666,0.16666666666666666,0.16666666666666666,0.16666666666666666,1.0,1.0,5.041025581929031,5.041025581929031,-0.15873940149625926,0.06628599046663955,0.08650321755896462,,,
W1,LONG,BB_B2_20_2.5_FULL,PRE_2020_2022,23,7.671917808219178,0.4782608695652174,0.6083785588319476,0.6636857005439428,-0.020137355065730316,-0.005151096775758031,0.06541013071468993,-0.09855588369778219,-0.03363408033850356,-0.03451200833927459,0.07173036548452986,-0.07377661336164067,0.9722642747630549,0.30434782608695654,0.30434782608695654,0.15211970074812958,5.0257732870390495,11.0,0.17391304347826086,0.0,0.0,0.0,0.0,0.0,,,-1.1034064800110717,-0.13950577304572206,-0.4631591665117973,,,
W1,LONG,BB_B2_20_2.5_FULL,DISCOVERY,33,16.511301369863013,0.6060606060606061,1.62723211784741,1.0577008766008167,0.02626415650251724,0.013977708138086912,0.11242648193298613,-0.10629326723666566,0.18505869101349792,0.09188624530119431,0.11933049534118172,-0.07195566922786253,1.658389069571391,0.24242424242424243,0.24242424242424243,0.1521197007481296,4.670187950134277,18.0,0.18181818181818182,0.09090909090909091,0.09090909090909091,0.09090909090909091,3.0,3.0,0.5075194112869142,0.9988593046780322,-0.7206982331902645,0.09094618725950356,0.8667171645830689,,,
W1,LONG,BB_B2_20_2.5_FULL,STRICT_OOS,9,5.3889344262295085,0.6666666666666666,1.2537903004590647,0.6268951502295322,0.010797868824733763,0.03235352653391694,0.08001643388414786,-0.12763926129409445,0.06308250820512568,0.19173050453350782,0.08945986321404797,-0.07321647075970196,1.2218543489709737,0.2222222222222222,0.2222222222222222,0.15211970074812967,3.8002398014068604,4.0,0.1111111111111111,0.1111111111111111,0.0,0.0,1.0,0.0,2.3972935414211136,2.3972935414211136,-0.36223993285637446,0.20246004046375807,0.09718081942260387,,,
W1,LONG,BB_B2_20_2.5_FULL,EXTENDED,24,8.981557377049182,0.5,1.4844309520586005,1.4844309520586005,0.028636063197388636,0.005026402813256118,0.17549769838062582,-0.11822557198584858,0.1721245691233111,0.03450101371509981,0.1459578044918217,-0.08782641283298799,1.6618896273194854,0.3333333333333333,0.3333333333333333,0.15211970074812967,4.0491077627423415,7.5,0.25,0.16666666666666666,0.125,0.125,4.0,3.0,0.6400376192445912,0.6400376192445912,-0.9909910975337057,0.16927722087126287,0.6872655167373273,,,
W1,LONG,BB_B2_20_2.5_FULL,FULL_2023_2026,42,11.439597315436242,0.6190476190476191,1.5462013130100143,0.951508500313855,0.022949952000135065,0.018621075542001157,0.10494724007556192,-0.11029564112243356,0.15892093755456096,0.13440944043676095,0.11292964559965306,-0.07222584098468526,1.5635629029726164,0.23809523809523808,0.23809523809523808,0.15211970074812964,4.593639373779297,14.5,0.16666666666666666,0.09523809523809523,0.07142857142857142,0.07142857142857142,4.0,3.0,0.4563509753319226,0.8981536622477932,-0.7143586302653602,0.0962935048956716,0.9638979840056727,,,
W1,LONG,BB_B2_20_2.5_FULL,Y2020,15,15.0,0.7333333333333333,4.392919689691111,1.5974253417058588,0.03704816988736718,0.005989107595080372,0.06541013071468993,-0.040947222387770404,0.3847447563123184,0.03937101878077427,0.08704046823810667,-0.05152147961172029,1.6894015640479858,0.06666666666666667,0.06666666666666667,0.13591023001494154,5.267645835876465,11.0,0.26666666666666666,0.0,0.0,0.0,0.0,0.0,0.31593115402656563,0.31593115402656563,-0.08452476518876678,0.2764788797564715,0.5557225483105077,,,
W1,LONG,BB_B2_20_2.5_FULL,Y2021,7,7.0,0.0,0.0,,-0.12414450001099489,-0.15873940149625926,,-0.12414450001099489,-0.7854831663585227,-1.0403678345905165,0.02946113496348936,-0.11551304593194349,0.25504595369121247,0.7142857142857143,0.7142857142857143,0.15211970074812978,3.6412553787231445,10.0,0.0,0.0,0.0,0.0,0.0,0.0,,,-0.3452073072654547,-0.8958881444092416,-0.8690115000769643,,,
W1,LONG,BB_B2_20_2.5_FULL,Y2022,1,1.0,0.0,0.0,,-0.14987021474534062,-0.14987021474534062,,-0.14987021474534062,-1.0463730279606978,-1.0463730279606978,0.13796343782816156,-0.11544859161832677,1.195020535930563,1.0,1.0,0.14322828545898816,5.518129825592041,35.0,0.0,0.0,0.0,0.0,0.0,0.0,,,0.0,-0.4407947492510018,-0.14987021474534062,,,
W1,LONG,BB_B2_20_2.5_FULL,Y2023,18,18.0,0.7777777777777778,1.7994617472754206,0.5141319277929773,0.01536847040379697,0.02484413559725502,0.04447541867122141,-0.08650584853218857,0.14131609546289423,0.16749468899223593,0.06889210041009487,-0.051425078520281636,1.339659605632384,0.1111111111111111,0.1111111111111111,0.13683576450509338,5.122002363204956,21.0,0.05555555555555555,0.0,0.0,0.0,0.0,0.0,0.4957691321263482,0.4957691321263482,-0.11823946944546093,0.046492851641738726,0.27663246726834545,,,
W1,LONG,BB_B2_20_2.5_FULL,Y2024,15,15.0,0.4,1.5696958084790822,2.3545437127186237,0.03933897982098156,-0.022796437569972013,0.2709789628771038,-0.11508767554976661,0.2375498056742223,-0.14985854861571757,0.17985656925848587,-0.0965923780769596,1.862016163585763,0.4,0.4,0.15211970074812967,4.298655033111572,18.0,0.3333333333333333,0.2,0.2,0.2,3.0,3.0,0.7454451659620884,0.7454451659620884,-0.99733070045861,0.16482812774154282,0.5900846973147233,,,
W1,LONG,BB_B2_20_2.5_FULL,Y2025,3,3.0,0.6666666666666666,0.6301544993273209,0.31507724966366046,-0.019569684474288473,0.02067785102590886,0.05001517403669692,-0.15873940149625926,-0.13742355800092998,0.13593144690802386,0.06893480240212975,-0.0883102083129017,0.7805983443938802,0.3333333333333333,0.3333333333333333,0.15211970074812964,3.8002398014068604,4.0,0.0,0.0,0.0,0.0,0.0,0.0,,,0.0,-0.5870905342286542,-0.05870905342286542,,,
W1,LONG,BB_B2_20_2.5_FULL,Y2026,6,8.955223880597014,0.6666666666666666,1.695383164006575,0.8476915820032875,0.02598164547424488,0.03456354558145542,0.09501706380787334,-0.11208919119301203,0.1633355413081535,0.20482731691867434,0.09972239362000708,-0.06566960198310208,1.5185472518269163,0.16666666666666666,0.16666666666666666,0.1521197007481297,3.482207179069519,3.0,0.16666666666666666,0.16666666666666666,0.0,0.0,1.0,0.0,1.4944585334466178,1.4944585334466178,-0.15873940149625926,0.4102365074880771,0.1558898728454693,,,
W1,LONG,BB_B2_20_2.5_HALF,PRE_2020_2022,23,7.671917808219178,0.4782608695652174,1.4347725842576637,1.565206455553815,0.02192207550978653,-0.0013742730397398551,0.1512647517800909,-0.09664204440465912,0.12981188347894515,-0.00903415555632265,0.44144200290164554,-0.09331397380661317,4.73071700725664,0.5217391304347826,0.2608695652173913,0.15211970074812958,5.0257732870390495,40.0,0.17391304347826086,0.13043478260869565,0.13043478260869565,0.08695652173913043,3.0,2.0,1.1332844534029802,1.1332844534029802,-1.0849805003199338,0.042281571213844044,0.5042077367250902,,,
W1,LONG,BB_B2_20_2.5_HALF,DISCOVERY,33,16.511301369863013,0.48484848484848486,1.5816512606552675,1.6805044644462217,0.03221917438835423,-0.007327362847962533,0.18069928030518947,-0.10752680765102013,0.31751309495717495,-0.05051650441384596,0.35776705028341815,-0.10008132153909131,3.5747634501776235,0.45454545454545453,0.24242424242424243,0.1521197007481296,4.670187950134277,125.0,0.21212121212121213,0.15151515151515152,0.09090909090909091,0.030303030303030304,5.0,1.0,0.9540208638059554,1.2495697563782762,-1.0552220080411188,0.04528248529879427,1.0632327548156895,,,
W1,LONG,BB_B2_20_2.5_HALF,STRICT_OOS,9,5.3889344262295085,0.4444444444444444,7.260707105783559,9.075883882229448,0.370298096411291,-0.0654389808897648,0.9662500485165173,-0.10646346527289004,2.3380849902582495,-0.41052931465842435,1.2313233603476728,-0.09602932703500597,12.822367899119124,0.5555555555555556,0.2222222222222222,0.15211970074812967,3.8002398014068604,30.0,0.3333333333333333,0.3333333333333333,0.2222222222222222,0.2222222222222222,3.0,2.0,0.8701758483904608,0.8701758483904608,-0.4668783454746854,0.9374635352184583,3.332682867701619,,,
W1,LONG,BB_B2_20_2.5_HALF,EXTENDED,24,8.981557377049182,0.4166666666666667,2.6301763240828504,3.6822468537159905,0.1260872132260417,-0.07469977124108343,0.48823911587595814,-0.1325927172381843,0.775928602124055,-0.4525047033805666,0.6628013105684073,-0.11634103716327428,5.697055198487054,0.6666666666666666,0.3333333333333333,0.15211970074812967,4.0491077627423415,52.0,0.2916666666666667,0.20833333333333334,0.16666666666666666,0.08333333333333333,5.0,2.0,0.9583380382842713,0.9583380382842713,-1.420954017994576,0.2623401055418293,3.0260931174250008,,,
W1,LONG,BB_B2_20_2.5_HALF,FULL_2023_2026,42,11.439597315436242,0.47619047619047616,2.8624606210448187,3.1487066831493005,0.10466465767898353,-0.017315289362367366,0.33780943394745505,-0.10728513892871784,0.750492786807405,-0.11500078963795296,0.5449576881543299,-0.0992130370025016,5.492803210334031,0.47619047619047616,0.23809523809523808,0.15211970074812964,4.593639373779297,87.0,0.23809523809523808,0.19047619047619047,0.11904761904761904,0.07142857142857142,8.0,3.0,0.6597078722266106,0.890455301949838,-0.8282347037596263,0.1626009107644649,4.395915622517308,,,
W1,LONG,BB_B2_20_2.5_HALF,Y2020,15,15.0,0.6666666666666666,5.547503808974456,2.7737519044872276,0.059704386139436696,0.00477186767450966,0.10925014802649521,-0.03938713763468036,0.38655003530991877,0.05148346445603784,0.4840485447926935,-0.08036558804413235,6.0230822242833675,0.4,0.06666666666666667,0.13591023001494154,5.267645835876465,126.0,0.2,0.13333333333333333,0.13333333333333333,0.06666666666666667,2.0,1.0,0.557164946576502,0.557164946576502,-0.16753180479810575,0.09092038498391375,0.8955657920915504,,,
W1,LONG,BB_B2_20_2.5_HALF,Y2021,7,7.0,0.14285714285714285,0.635549286621894,3.813295719731364,-0.04681014274509076,-0.15873940149625926,0.5714107893160476,-0.14984696475528048,-0.3382747181926016,-1.0403678345905165,0.3934963510027547,-0.12609504194418417,3.12063301566556,0.8571428571428571,0.7142857142857143,0.15211970074812978,3.6412553787231445,14.0,0.14285714285714285,0.14285714285714285,0.14285714285714285,0.14285714285714285,1.0,1.0,,,-0.3452073072654547,-0.179055190828216,-0.3276709992156353,,,
W1,LONG,BB_B2_20_2.5_HALF,Y2022,1,1.0,0.0,0.0,,-0.06368705615082493,-0.06368705615082493,,-0.06368705615082493,-0.4446541822848324,-0.4446541822848324,0.13796343782816156,-0.05807228328082814,2.3757191905300634,0.0,0.0,0.14322828545898816,5.518129825592041,26.0,0.0,0.0,0.0,0.0,0.0,0.0,,,0.0,-0.25994716796255074,-0.06368705615082493,,,
W1,LONG,BB_B2_20_2.5_HALF,Y2023,18,18.0,0.5555555555555556,3.718036537640822,2.9744292301126576,0.07610125028290597,0.017747679816931018,0.1873797520189519,-0.0629968768871515,0.7165783663852054,0.14000706987539333,0.38783285826889324,-0.07637570345480468,5.077961193488624,0.2222222222222222,0.1111111111111111,0.13683576450509338,5.122002363204956,142.5,0.16666666666666666,0.16666666666666666,0.05555555555555555,0.05555555555555555,3.0,1.0,0.7404946461349724,0.7404946461349724,-0.2952713810575255,0.08837564548982628,1.3698225050923074,,,
W1,LONG,BB_B2_20_2.5_HALF,Y2024,15,15.0,0.4,0.7684333715664924,1.1526500573497385,-0.020439316685107855,-0.12565621816843398,0.16956516078225206,-0.1471089683300145,-0.1613652307564615,-0.9407279065780486,0.321688080700848,-0.1285280632402353,2.5028625857340745,0.7333333333333333,0.4,0.15211970074812967,4.298655033111572,65.0,0.26666666666666666,0.13333333333333333,0.13333333333333333,0.0,2.0,0.0,,,-1.2889286679483776,-0.03841976820508995,-0.30658975027661783,,,
W1,LONG,BB_B2_20_2.5_HALF,Y2025,3,3.0,0.6666666666666666,22.619723554924775,11.309861777462388,1.1439673258744458,0.6906212373009865,1.7953206895597984,-0.15873940149625926,7.19941604844173,4.5399855107818965,3.0280125403070226,-0.0883102083129017,34.28836369152403,0.3333333333333333,0.3333333333333333,0.15211970074812964,3.8002398014068604,218.0,0.6666666666666666,0.6666666666666666,0.6666666666666666,0.6666666666666666,2.0,2.0,0.8450183486379566,0.8450183486379566,0.0,1.508528341812456,3.4319019776233377,,,
W1,LONG,BB_B2_20_2.5_HALF,Y2026,6,8.955223880597014,0.3333333333333333,0.7344085308126119,1.4688170616252239,-0.01653651832028642,-0.06735683494848177,0.1371794074732362,-0.09339448121704773,-0.09258053883349064,-0.4203550781226195,0.3329787703679979,-0.0998888863960581,3.3334916664076273,0.6666666666666666,0.16666666666666666,0.1521197007481297,3.482207179069519,24.0,0.16666666666666666,0.16666666666666666,0.0,0.0,1.0,0.0,,,-0.15873940149625926,-0.07751492962634259,-0.0992191099217185,,,
W1,LONG,BB_B2_20_2_FULL,PRE_2020_2022,23,7.671917808219178,0.30434782608695654,1.38044521997684,3.155303359947063,0.014446301634334082,-0.019979084583213676,0.17223187119310385,-0.05458488504762769,0.08781209317574623,-0.14302315404577723,0.0933464801988937,-0.054648610355720266,1.7081217544468226,0.13043478260869565,0.13043478260869565,0.15211970074812958,5.0257732870390495,4.0,0.13043478260869565,0.043478260869565216,0.043478260869565216,0.043478260869565216,1.0,1.0,2.582710888221849,2.582710888221849,-0.8529627113245313,0.24612217599235844,0.3322649375896839,,,
W1,LONG,BB_B2_20_2_FULL,DISCOVERY,33,16.511301369863013,0.45454545454545453,1.6322593208779623,1.9587111850535548,0.011443776529412164,-0.0006515908258609105,0.06499590063223823,-0.0331829935562762,0.08630724206946798,-0.003861397849806283,0.06506804288108309,-0.04202726025206918,1.5482342291841285,0.06060606060606061,0.06060606060606061,0.1521197007481296,4.670187950134277,4.0,0.15151515151515152,0.0,0.0,0.0,0.0,0.0,0.5213431517558771,0.9702956666489101,-0.34358573629767186,0.16069984062578782,0.3776446254706014,,,
W1,LONG,BB_B2_20_2_FULL,STRICT_OOS,9,5.3889344262295085,0.6666666666666666,4.441847643303127,2.2209238216515637,0.0833451643562717,0.03800294945305,0.16134060550164195,-0.07264571793446878,0.5348759114489826,0.2252095970050206,0.17107567465195211,-0.05856974905700877,2.920887956775022,0.1111111111111111,0.1111111111111111,0.15211970074812967,3.8002398014068604,3.0,0.3333333333333333,0.2222222222222222,0.1111111111111111,0.1111111111111111,2.0,1.0,0.6719944433842068,0.6719944433842068,-0.21296026217428177,1.9739644189643297,0.7501064792064454,,,
W1,LONG,BB_B2_20_2_FULL,EXTENDED,24,8.981557377049182,0.5833333333333334,3.3554337456798433,2.3967383897713166,0.048551363877673635,0.007531837850523308,0.1185666134517817,-0.049469985526077655,0.30842377485700045,0.048347241336536076,0.1187088167409841,-0.05150341034004335,2.3048729386506137,0.08333333333333333,0.08333333333333333,0.15211970074812967,4.0491077627423415,4.0,0.2916666666666667,0.08333333333333333,0.041666666666666664,0.041666666666666664,2.0,1.0,0.43258944901736146,0.43258944901736146,-0.07959869874980396,1.0132458548384062,1.1652327330641672,,,
W1,LONG,BB_B2_20_2_FULL,FULL_2023_2026,42,11.439597315436242,0.5,2.383351531484577,2.3833515314845766,0.026851216778024916,0.00033366959635400695,0.09252295916635356,-0.038820525610303705,0.1824290997936497,0.0017023443313409678,0.08778396397484074,-0.045572079281699096,1.9262663753438425,0.07142857142857142,0.07142857142857142,0.15211970074812964,4.593639373779297,4.0,0.19047619047619047,0.047619047619047616,0.023809523809523808,0.023809523809523808,2.0,1.0,0.4469668740582363,0.6734106827853523,-0.14656514191903952,0.41309564273884486,1.1277511046770465,,,
W1,LONG,BB_B2_20_2_FULL,Y2020,15,15.0,0.3333333333333333,1.219690296616829,2.4393805932336585,0.004093099090671555,-0.007684309463752477,0.06817296877736786,-0.0279468357526766,0.04076248618351694,-0.09574196039899179,0.058023481596360206,-0.0368320492896574,1.5753530611356303,0.0,0.0,0.13591023001494154,5.267645835876465,3.0,0.13333333333333333,0.0,0.0,0.0,0.0,0.0,2.382256361863699,2.382256361863699,-0.27946835752676596,0.09028895052951957,0.06139648636007332,,,
W1,LONG,BB_B2_20_2_FULL,Y2021,7,7.0,0.14285714285714285,1.4449553897244887,8.669732338346932,0.03775063840742181,-0.036162958183339415,0.8581442720872297,-0.09898163387254617,0.1945804205377762,-0.2377269874019526,0.16266476897156998,-0.09780227015193088,1.6632003400215403,0.42857142857142855,0.42857142857142855,0.15211970074812978,3.6412553787231445,10.0,0.14285714285714285,0.14285714285714285,0.14285714285714285,0.14285714285714285,1.0,1.0,3.24741630979948,3.24741630979948,-0.3452073072654547,0.412897607581176,0.26425446885195264,,,
W1,LONG,BB_B2_20_2_FULL,Y2022,1,1.0,1.0,inf,,0.0066139823776578165,0.0066139823776578165,0.0066139823776578165,,0.046177906524976574,0.046177906524976574,0.13796343782816156,-0.01982140777318908,6.9603248874569985,0.0,0.0,0.14322828545898816,5.518129825592041,4.0,0.0,0.0,0.0,0.0,0.0,0.0,1.0,1.0,0.0,0.22046607925526054,0.0066139823776578165,,,
W1,LONG,BB_B2_20_2_FULL,Y2023,18,18.0,0.3888888888888889,0.8830640186446803,1.3876720292987834,-0.002082312688173356,-0.002555020287488825,0.0404356505954973,-0.029139198414145587,0.014436199709182041,-0.019262211298122143,0.046550826953316235,-0.037663637870573446,1.2359620468230537,0.05555555555555555,0.05555555555555555,0.13683576450509338,5.122002363204956,4.5,0.05555555555555555,0.0,0.0,0.0,0.0,0.0,,,-0.3138264013063433,-0.023722549612101525,-0.03748162838712041,,,
W1,LONG,BB_B2_20_2_FULL,Y2024,15,15.0,0.5333333333333333,2.4999356910153003,2.187443729638388,0.027675083590514786,0.006574887301803394,0.0864861194143865,-0.03953752877962431,0.17255249290181113,0.04322180013152725,0.08728870199440332,-0.04726360710986409,1.8468480789352586,0.06666666666666667,0.06666666666666667,0.15211970074812967,4.298655033111572,4.0,0.26666666666666666,0.0,0.0,0.0,0.0,0.0,0.47427123063623333,0.47427123063623333,-0.2479598963966249,0.5391250050100282,0.4151262538577218,,,
W1,LONG,BB_B2_20_2_FULL,Y2025,3,3.0,0.6666666666666666,1.4923683701126325,0.7461841850563162,0.005678676003058332,0.004976891629124573,0.025818097685102855,-0.03460016736103071,0.03216946593946155,0.032716943332441885,0.09983804778283904,-0.06778831572967241,1.4727913904953058,0.0,0.0,0.15211970074812964,3.8002398014068604,3.0,0.0,0.0,0.0,0.0,0.0,0.0,2.7388604735770627,2.7388604735770627,0.0,0.2839338001529166,0.017036028009174996,,,
W1,LONG,BB_B2_20_2_FULL,Y2026,6,8.955223880597014,0.6666666666666666,4.998486423401972,2.499243211700986,0.12217840853287838,0.07848389811357032,0.22910185940991148,-0.09166849322118781,0.7862291342037432,0.4651040858651484,0.20669448808650867,-0.053960465720676955,3.8304800621338226,0.16666666666666666,0.16666666666666666,0.1521197007481297,3.482207179069519,3.5,0.5,0.3333333333333333,0.16666666666666666,0.16666666666666666,2.0,1.0,0.6876111090686658,0.6876111090686658,-0.15873940149625926,2.29084515999147,0.7330704511972703,,,
W1,LONG,BB_B2_20_2_HALF,PRE_2020_2022,23,7.671917808219178,0.2608695652173913,1.76453153195906,4.999506007217336,0.03746892349763894,-0.025579505919461117,0.3314986949473915,-0.06630628995521491,0.17835175966011532,-0.17859255828895282,0.44144200290164554,-0.09310608854837184,4.741279649743863,0.5217391304347826,0.13043478260869565,0.15211970074812958,5.0257732870390495,40.0,0.17391304347826086,0.13043478260869565,0.13043478260869565,0.08695652173913043,3.0,2.0,1.1850768358602979,1.1850768358602979,-1.1119248292321475,0.07845109152896637,0.8617852404456956,,,
W1,LONG,BB_B2_20_2_HALF,DISCOVERY,33,16.511301369863013,0.42424242424242425,1.603381833568169,2.176018202699658,0.026426073488823826,-0.029509842892282586,0.1655248758675021,-0.07606778089546545,0.28589574022125636,-0.2249345453528362,0.35776705028341815,-0.10008132153909131,3.5747634501776235,0.45454545454545453,0.06060606060606061,0.1521197007481296,4.670187950134277,114.0,0.15151515151515152,0.12121212121212122,0.06060606060606061,0.030303030303030304,4.0,1.0,1.1124882187569731,1.483786090785744,-0.9968458442684129,0.043450942956212574,0.8720604251311863,,,
W1,LONG,BB_B2_20_2_HALF,STRICT_OOS,9,5.3889344262295085,0.4444444444444444,10.01474666238605,12.518433327982562,0.40657174417705993,-0.036819193354881256,1.0162630890966091,-0.08118133175857936,2.573981691880178,-0.21819453007843428,1.2313233603476728,-0.09602932703500597,12.822367899119124,0.5555555555555556,0.1111111111111111,0.15211970074812967,3.8002398014068604,30.0,0.3333333333333333,0.3333333333333333,0.3333333333333333,0.3333333333333333,3.0,3.0,0.788072895556434,0.788072895556434,-0.3690874654380155,1.0439788010252609,3.6591456975935395,,,
W1,LONG,BB_B2_20_2_HALF,EXTENDED,24,8.981557377049182,0.3333333333333333,3.3661616374520302,6.7323232749040605,0.1360448635661842,-0.0674373268631333,0.5806226338814549,-0.08624402159145114,0.8440782049908996,-0.42108326999055223,0.6628013105684073,-0.11634103716327428,5.697055198487054,0.6666666666666666,0.08333333333333333,0.15211970074812967,4.0491077627423415,52.0,0.20833333333333334,0.16666666666666666,0.16666666666666666,0.125,4.0,3.0,0.8831870695613508,0.8831870695613508,-1.2236581172321546,0.3239163418242481,3.265076725588421,,,
W1,LONG,BB_B2_20_2_HALF,FULL_2023_2026,42,11.439597315436242,0.42857142857142855,3.4477201790458283,4.596960238727771,0.10788586006487441,-0.03023338257931948,0.35457781214063705,-0.07713310399194752,0.7761998727195967,-0.22156453771563522,0.5449576881543299,-0.0992130370025016,5.492803210334031,0.47619047619047616,0.07142857142857142,0.15211970074812964,4.593639373779297,68.0,0.19047619047619047,0.16666666666666666,0.11904761904761904,0.09523809523809523,7.0,4.0,0.6364030827693586,0.8505087585489596,-0.7794809358245556,0.19220386522692368,4.531206122724726,,,
W1,LONG,BB_B2_20_2_HALF,Y2020,15,15.0,0.3333333333333333,3.0306519272467365,6.061303854493473,0.043226850741088896,-0.007853779571865945,0.1935420887491716,-0.03193076826295246,0.21455890024551796,-0.05261980465105404,0.4840485447926935,-0.08036558804413235,6.0230822242833675,0.4,0.0,0.13591023001494154,5.267645835876465,126.0,0.2,0.13333333333333333,0.13333333333333333,0.06666666666666667,2.0,1.0,0.7423474590162201,0.7423474590162201,-0.3193076826295245,0.0705936593485393,0.6484027611163334,,,
W1,LONG,BB_B2_20_2_HALF,Y2021,7,7.0,0.14285714285714285,1.3054530939461684,7.83271856367701,0.03413742646411758,-0.09745117983979934,1.021281725938491,-0.13038662344827798,0.15175707525554785,-0.6406216904222877,0.3934963510027547,-0.12609504194418417,3.12063301566556,0.8571428571428571,0.42857142857142855,0.15211970074812978,3.6412553787231445,14.0,0.14285714285714285,0.14285714285714285,0.14285714285714285,0.14285714285714285,1.0,1.0,4.273825080901737,4.273825080901737,-0.3452073072654547,0.14352071186115498,0.23896198524882306,,,
W1,LONG,BB_B2_20_2_HALF,Y2022,1,1.0,0.0,0.0,,-0.025579505919461117,-0.025579505919461117,,-0.025579505919461117,-0.17859255828895282,-0.17859255828895282,0.13796343782816156,-0.05329092234127719,2.5888731469993744,0.0,0.0,0.14322828545898816,5.518129825592041,25.0,0.0,0.0,0.0,0.0,0.0,0.0,,,0.0,-0.1894778216256379,-0.025579505919461117,,,
W1,LONG,BB_B2_20_2_HALF,Y2023,18,18.0,0.5555555555555556,3.6865178408957355,2.9492142727165884,0.07034052206312806,0.015622569205581253,0.1737419547479827,-0.058911268792940244,0.6856954296911926,0.12367560114814152,0.38783285826889324,-0.07637570345480468,5.077961193488624,0.2222222222222222,0.05555555555555555,0.13683576450509338,5.122002363204956,142.5,0.16666666666666666,0.16666666666666666,0.05555555555555555,0.05555555555555555,3.0,1.0,0.7662383885856495,0.7662383885856495,-0.28555084889125015,0.09382211168108966,1.266129397136305,,,
W1,LONG,BB_B2_20_2_HALF,Y2024,15,15.0,0.26666666666666666,0.5954107721217793,1.637379623334893,-0.02627126480034124,-0.07250013606828032,0.14498217866630075,-0.0885452442427565,-0.19386388714266717,-0.5001472966555479,0.321688080700848,-0.1285280632402353,2.5028625857340745,0.7333333333333333,0.06666666666666667,0.15211970074812967,4.298655033111572,65.0,0.13333333333333333,0.06666666666666667,0.06666666666666667,0.0,1.0,0.0,,,-0.9397807109433316,-0.05993444441142488,-0.3940689720051186,,,
W1,LONG,BB_B2_20_2_HALF,Y2025,3,3.0,0.6666666666666666,36.89306150672662,18.44653075336331,1.1565915061131191,0.6827707576025943,1.7832221513840012,-0.09666978442864499,7.284212560411926,4.488378258994105,3.0280125403070226,-0.0883102083129017,34.28836369152403,0.3333333333333333,0.0,0.15211970074812964,3.8002398014068604,218.0,0.6666666666666666,0.6666666666666666,0.6666666666666666,0.6666666666666666,2.0,2.0,0.83108384418753,0.83108384418753,0.0,1.538702668886633,3.4697745183393573,,,
W1,LONG,BB_B2_20_2_HALF,Y2026,6,8.955223880597014,0.3333333333333333,1.6123822705280633,3.2247645410561265,0.03156186320903032,-0.04091873813641091,0.24930402680921687,-0.07730921859106295,0.2188662576143042,-0.2570671949580219,0.3329787703679979,-0.0998888863960581,3.3334916664076273,0.6666666666666666,0.16666666666666666,0.1521197007481297,3.482207179069519,24.0,0.16666666666666666,0.16666666666666666,0.16666666666666666,0.16666666666666666,1.0,1.0,2.377825540403493,2.377825540403493,-0.15873940149625926,0.15149694340334557,0.18937117925418195,,,
W1,LONG,BB_B2_30_2_FULL,PRE_2020_2022,23,7.671917808219178,0.30434782608695654,1.3078644894719078,2.989404547364361,0.01279255421057488,-0.02446946968045632,0.17856248119245688,-0.05973178884399849,0.06268035120976755,-0.16394383146592326,0.0985015694738182,-0.05717898859869868,1.7226882092150186,0.17391304347826086,0.17391304347826086,0.15211970074812958,5.0257732870390495,6.0,0.13043478260869565,0.043478260869565216,0.043478260869565216,0.043478260869565216,1.0,1.0,3.0958497401791862,3.0958497401791862,-0.9386697378094822,0.17618487834923488,0.29422874684322226,,,
W1,LONG,BB_B2_30_2_FULL,DISCOVERY,33,16.511301369863013,0.48484848484848486,2.1445373410073403,2.2785709248202988,0.01883912981675967,-0.002773123313882182,0.07280453666996195,-0.031951841339195416,0.1156161946484077,-0.022247438162751886,0.0772244042465265,-0.04048938622532691,1.9072752502783337,0.06060606060606061,0.06060606060606061,0.1521197007481296,4.670187950134277,5.0,0.18181818181818182,0.0,0.0,0.0,0.0,0.0,0.2992900519549295,0.5943653233202992,-0.17386158624837073,0.2294063778424609,0.621691283953069,,,
W1,LONG,BB_B2_30_2_FULL,STRICT_OOS,9,5.3889344262295085,0.6666666666666666,3.5881014541359106,1.794050727067955,0.07343873124424623,0.03856181454224034,0.15272138073235977,-0.08512656773198085,0.4781312411721438,0.22852149209022238,0.1938252684151027,-0.05856974905700877,3.3093067929391875,0.1111111111111111,0.1111111111111111,0.15211970074812967,3.8002398014068604,5.0,0.2222222222222222,0.2222222222222222,0.2222222222222222,0.1111111111111111,2.0,1.0,0.6208406299541516,0.6208406299541516,-0.25455456976297675,1.3769762108296169,0.6609485811982161,,,
W1,LONG,BB_B2_30_2_FULL,EXTENDED,24,8.981557377049182,0.5416666666666666,2.809830617571769,2.377548984099189,0.04903579728447512,0.01969347398760308,0.14054756954351919,-0.05911447902166784,0.30447461246208884,0.11670566111865274,0.14213052874478205,-0.05341773022866066,2.660736952625583,0.125,0.125,0.15211970074812967,4.0491077627423415,5.0,0.2916666666666667,0.08333333333333333,0.08333333333333333,0.041666666666666664,2.0,1.0,0.34867701781367727,0.34867701781367727,-0.1026198729623039,0.7089512860406042,1.176859134827403,,,
W1,LONG,BB_B2_30_2_FULL,FULL_2023_2026,42,11.439597315436242,0.5238095238095238,2.606188951845585,2.369262683495986,0.03053904440836393,0.0004555433266097463,0.09460003959607045,-0.03992805029811323,0.19329799033206543,0.002729529514247109,0.10221030371122145,-0.04436374968925874,2.3039148950921158,0.07142857142857142,0.07142857142857142,0.15211970074812964,4.593639373779297,5.0,0.19047619047619047,0.047619047619047616,0.047619047619047616,0.023809523809523808,2.0,1.0,0.3199212379618373,0.584379764597916,0.003160857361578173,0.40208146242987,1.2826398651512851,,,
W1,LONG,BB_B2_30_2_FULL,Y2020,15,15.0,0.4,1.0386051618301635,1.5579077427452452,0.0008401688868295532,-0.013157367157663188,0.056508229813226805,-0.036271871730768616,0.0006006323236330473,-0.11669875086434688,0.06241444146749567,-0.04504224386572141,1.3856867711467427,0.06666666666666667,0.06666666666666667,0.13591023001494154,5.267645835876465,6.0,0.13333333333333333,0.0,0.0,0.0,0.0,0.0,10.892016320331201,10.892016320331201,-0.3233789941819775,0.010590364119700251,0.012602533302443299,,,
W1,LONG,BB_B2_30_2_FULL,Y2021,7,7.0,0.14285714285714285,1.4768008106193173,8.860804863715904,0.04201283599353332,-0.045410636761017024,0.9108879894678372,-0.10279968958551734,0.2170939979487412,-0.298519103953571,0.18556237347151625,-0.08852309600157997,2.096202932940849,0.42857142857142855,0.42857142857142855,0.15211970074812978,3.6412553787231445,8.0,0.14285714285714285,0.14285714285714285,0.14285714285714285,0.14285714285714285,1.0,1.0,3.0973118705505094,3.0973118705505094,-0.3452073072654547,0.6257230892653899,0.29408985195473325,,,
W1,LONG,BB_B2_30_2_FULL,Y2022,1,1.0,0.0,0.0,,-0.0124636384139542,-0.0124636384139542,,-0.0124636384139542,-0.08701939267103093,-0.08701939267103093,0.03038286158476944,-0.01982140777318908,1.5328306612947056,0.0,0.0,0.14322828545898816,5.518129825592041,2.0,0.0,0.0,0.0,0.0,0.0,0.0,,,0.0,-1.24636384139542,-0.0124636384139542,,,
W1,LONG,BB_B2_30_2_FULL,Y2023,18,18.0,0.5,1.7132804555135177,1.7132804555135175,0.005876707240215679,-0.0013435850468142508,0.028231385227533396,-0.016477970747102038,0.04506249415870092,-0.010839104640670392,0.04898333699980723,-0.032291775636722836,1.5168982204900008,0.0,0.0,0.13683576450509338,5.122002363204956,5.0,0.05555555555555555,0.0,0.0,0.0,0.0,0.0,1.366991701636057,1.366991701636057,-0.1394301916576579,0.06913773223783151,0.10578073032388222,,,
W1,LONG,BB_B2_30_2_FULL,Y2024,15,15.0,0.4666666666666667,2.306501014473325,2.636001159398086,0.03439403690861246,-0.003811142325873147,0.1301128742387987,-0.04935994575530048,0.20028063523605585,-0.024007195624080813,0.11111368494258968,-0.050326518931651805,2.2078555660385057,0.13333333333333333,0.13333333333333333,0.15211970074812967,4.298655033111572,6.0,0.3333333333333333,0.0,0.0,0.0,0.0,0.0,0.36065557365584866,0.36065557365584866,-0.24513480943770313,0.43721233358405676,0.5159105536291869,,,
W1,LONG,BB_B2_30_2_FULL,Y2025,3,3.0,0.6666666666666666,2.893494124167599,1.4467470620837994,0.027788438710061886,0.048922977308987155,0.0636962769789709,-0.04402723782775613,0.17726359340332734,0.30537474959849653,0.09983804778283904,-0.06778831572967241,1.4727913904953058,0.0,0.0,0.15211970074812964,3.8002398014068604,5.0,0.0,0.0,0.0,0.0,0.0,0.0,0.9412736650145286,0.9412736650145286,0.0,0.7578665102744151,0.08336531613018566,,,
W1,LONG,BB_B2_30_2_FULL,Y2026,6,8.955223880597014,0.6666666666666666,3.7327964405896656,1.8663982202948328,0.0962638775113384,0.01969347398760308,0.1972339326090542,-0.10567623268409321,0.6285650650565521,0.11670566111865274,0.24081887873123453,-0.053960465720676955,4.462876209738788,0.16666666666666666,0.16666666666666666,0.1521197007481297,3.482207179069519,4.5,0.3333333333333333,0.3333333333333333,0.3333333333333333,0.16666666666666666,2.0,1.0,0.7104494855301444,0.7104494855301444,-0.15873940149625926,1.5610358515352172,0.5775832650680304,,,
W1,LONG,BB_B2_30_2_HALF,PRE_2020_2022,23,7.671917808219178,0.30434782608695654,1.6985720169060703,3.8824503243567317,0.03664204978575934,-0.03511831631526712,0.2927401807328388,-0.07540088250358794,0.16578588867712601,-0.24519120788695653,0.44144200290164554,-0.09310608854837184,4.741279649743863,0.5217391304347826,0.17391304347826086,0.15211970074812958,5.0257732870390495,40.0,0.17391304347826086,0.13043478260869565,0.13043478260869565,0.08695652173913043,3.0,2.0,1.2431115649847895,1.2431115649847895,-1.1791143279128546,0.07561840691542977,0.8427671450724649,,,
W1,LONG,BB_B2_30_2_HALF,DISCOVERY,33,16.511301369863013,0.3939393939393939,1.7148053290878256,2.6381620447505005,0.03012375013249758,-0.02726695084224628,0.1834453328317431,-0.06953527862201206,0.30055021651072616,-0.2258143875807813,0.35776705028341815,-0.10008132153909131,3.5747634501776235,0.45454545454545453,0.06060606060606061,0.1521197007481296,4.670187950134277,114.0,0.15151515151515152,0.12121212121212122,0.06060606060606061,0.030303030303030304,4.0,1.0,0.9781029571751543,1.2976376174812068,-0.9166162645416702,0.049090555771477536,0.9940837543724201,,,
W1,LONG,BB_B2_30_2_HALF,STRICT_OOS,9,5.3889344262295085,0.4444444444444444,8.47709864892454,10.596373311155675,0.4016185276210472,-0.05902602238084597,1.0244962765511392,-0.09668367152302643,2.5456093567417586,-0.38802352417572533,1.2313233603476728,-0.09602932703500597,12.822367899119124,0.5555555555555556,0.1111111111111111,0.15211970074812967,3.8002398014068604,30.0,0.3333333333333333,0.3333333333333333,0.3333333333333333,0.3333333333333333,3.0,3.0,0.7981054390751391,0.7981054390751391,-0.42439233523428616,1.0167557661292335,3.614566748589425,,,
W1,LONG,BB_B2_30_2_HALF,EXTENDED,24,8.981557377049182,0.3333333333333333,3.292375860802809,6.584751721605618,0.13628708026958494,-0.06597951849811448,0.58721822309942,-0.08917849114533256,0.842103623793444,-0.4222282977858433,0.6628013105684073,-0.11634103716327428,5.697055198487054,0.6666666666666666,0.125,0.15211970074812967,4.0491077627423415,52.0,0.20833333333333334,0.16666666666666666,0.16666666666666666,0.125,4.0,3.0,0.8819634554509935,0.8819634554509935,-1.2439434023945721,0.31648668857958767,3.2708899264700384,,,
W1,LONG,BB_B2_30_2_HALF,FULL_2023_2026,42,11.439597315436242,0.40476190476190477,3.4590959162586854,5.086905759203949,0.10972977388004392,-0.02937256008907537,0.3813396725304246,-0.07496495720221491,0.7816343179888046,-0.2614288233660112,0.5449576881543299,-0.0992130370025016,5.492803210334031,0.47619047619047616,0.07142857142857142,0.15211970074812964,4.593639373779297,68.0,0.19047619047619047,0.16666666666666666,0.11904761904761904,0.09523809523809523,7.0,4.0,0.6259544697727418,0.8369308194018934,-0.6890622541201386,0.1936001051443749,4.6086505029618445,,,
W1,LONG,BB_B2_30_2_HALF,Y2020,15,15.0,0.4,2.652899583685068,3.9793493755276015,0.041600385639167896,-0.00997287881603159,0.1669212800835128,-0.041946877323728725,0.194477973315576,-0.10116622388121178,0.4840485447926935,-0.08036558804413235,6.0230822242833675,0.4,0.06666666666666667,0.13591023001494154,5.267645835876465,126.0,0.2,0.13333333333333333,0.13333333333333333,0.06666666666666667,2.0,1.0,0.7848769012427597,0.7848769012427597,-0.3723530837439294,0.06610230768935577,0.6240057845875184,,,
W1,LONG,BB_B2_30_2_HALF,Y2021,7,7.0,0.14285714285714285,1.319838778141143,7.9190326688468575,0.03626852525717334,-0.10207501912863814,1.0476535846287949,-0.13229565130476353,0.1630138639610306,-0.6710177486980968,0.3934963510027547,-0.12609504194418417,3.12063301566556,0.8571428571428571,0.42857142857142855,0.15211970074812978,3.6412553787231445,14.0,0.14285714285714285,0.14285714285714285,0.14285714285714285,0.14285714285714285,1.0,1.0,4.126575225843025,4.126575225843025,-0.3452073072654547,0.16068333974697052,0.2538796768002134,,,
W1,LONG,BB_B2_30_2_HALF,Y2022,1,1.0,0.0,0.0,,-0.03511831631526712,-0.03511831631526712,,-0.03511831631526712,-0.24519120788695653,-0.24519120788695653,0.13796343782816156,-0.05329092234127719,2.5888731469993744,0.0,0.0,0.14322828545898816,5.518129825592041,25.0,0.0,0.0,0.0,0.0,0.0,0.0,,,0.0,-0.280946530522137,-0.03511831631526712,,,
W1,LONG,BB_B2_30_2_HALF,Y2023,18,18.0,0.5,3.990959250270852,3.990959250270852,0.07432003202732257,0.016988514665679667,0.19833651646909536,-0.049696452414450226,0.7010085769159521,0.09770639951122309,0.38783285826889324,-0.07637570345480468,5.077961193488624,0.2222222222222222,0.0,0.13683576450509338,5.122002363204956,142.5,0.16666666666666666,0.16666666666666666,0.05555555555555555,0.05555555555555555,3.0,1.0,0.726823825516882,0.726823825516882,-0.22571929479245664,0.09931407397860476,1.3377605764918061,,,
W1,LONG,BB_B2_30_2_HALF,Y2024,15,15.0,0.26666666666666666,0.6357185061430383,1.7482258918933553,-0.022911788141292404,-0.07293301461538299,0.1499401696477007,-0.08576704551910808,-0.17999981597554482,-0.47944489935686196,0.321688080700848,-0.1285280632402353,2.5028625857340745,0.7333333333333333,0.13333333333333333,0.15211970074812967,4.298655033111572,65.0,0.13333333333333333,0.06666666666666667,0.06666666666666667,0.0,1.0,0.0,,,-0.9245784321255568,-0.05068979677277081,-0.34367682211938605,,,
W1,LONG,BB_B2_30_2_HALF,Y2025,3,3.0,0.6666666666666666,35.55143483245549,17.775717416227746,1.1676463874666207,0.7195171001125094,1.8021612410309351,-0.1013833196620077,7.356759624143859,4.729940281067481,3.0280125403070226,-0.0883102083129017,34.28836369152403,0.3333333333333333,0.0,0.15211970074812964,3.8002398014068604,218.0,0.6666666666666666,0.6666666666666666,0.6666666666666666,0.6666666666666666,2.0,2.0,0.8235385338445278,0.8235385338445278,0.0,1.5363768256139747,3.5029391623998625,,,
W1,LONG,BB_B2_30_2_HALF,Y2026,6,8.955223880597014,0.3333333333333333,1.2921920114648193,2.5843840229296386,0.01860459769826034,-0.0680233659258262,0.24683131207134323,-0.09550875948828111,0.14003422304070864,-0.4222282977858433,0.3329787703679979,-0.0998888863960581,3.3334916664076273,0.6666666666666666,0.16666666666666666,0.1521197007481297,3.482207179069519,24.0,0.16666666666666666,0.16666666666666666,0.16666666666666666,0.16666666666666666,1.0,1.0,3.614069014575144,3.614069014575144,-0.15873940149625926,0.08755104799181336,0.11162758618956203,,,
W1,LONG,MODERN,PRE_2020_2022,23,7.671917808219178,0.21739130434782608,1.185337940210045,4.267216584756161,0.009251413827386479,-0.028997579580460616,0.2721722183255225,-0.06378214297765133,0.01357556984896209,-0.19062343297974935,0.20766564694256537,-0.06452039776727715,3.2186045673743084,0.13043478260869565,0.13043478260869565,0.15211970074812958,5.0257732870390495,16.0,0.08695652173913043,0.08695652173913043,0.043478260869565216,0.043478260869565216,2.0,1.0,4.939708210862832,4.939708210862832,-1.148078573597724,0.04635784706533529,0.212782518029889,,,
W1,LONG,MODERN,DISCOVERY,33,16.511301369863013,0.30303030303030304,1.7471700377958959,4.018491086930561,0.026690600274326664,-0.015442207380091551,0.20596242971848974,-0.05125367339704859,0.13898505776998982,-0.17774397506759138,0.16594334992188733,-0.05999178071338196,2.7661014217047817,0.06060606060606061,0.06060606060606061,0.1521197007481296,4.670187950134277,16.0,0.21212121212121213,0.12121212121212122,0.030303030303030304,0.030303030303030304,4.0,1.0,0.8454553576119166,1.185156735268321,-0.8142705344392993,0.10807236920893004,0.8807898090527799,,,
W1,LONG,MODERN,STRICT_OOS,9,5.3889344262295085,0.4444444444444444,1.2570798750295933,1.5713498437869915,0.011792408751557558,-0.031343225154816516,0.12974177525758757,-0.08256708445326645,0.08330478759031781,-0.2060431686406791,0.14815679193729653,-0.07202721886428452,2.056955610301395,0.1111111111111111,0.1111111111111111,0.15211970074812967,3.8002398014068604,3.0,0.2222222222222222,0.1111111111111111,0.0,0.0,1.0,0.0,2.446316744817882,2.446316744817882,-0.3814921971115157,0.09392183961417523,0.10613167876401802,,,
W1,LONG,MODERN,EXTENDED,24,8.981557377049182,0.375,1.8301176365891978,3.0501960609819965,0.037059265000413434,-0.03113167619485068,0.21787374539657142,-0.07142942323728134,0.2234025051972238,-0.20465249433008403,0.21681969563647407,-0.07822009197104332,2.7719181884462576,0.08333333333333333,0.08333333333333333,0.15211970074812967,4.0491077627423415,18.0,0.2916666666666667,0.125,0.041666666666666664,0.041666666666666664,3.0,1.0,0.8372495413600151,0.8372495413600151,-0.681233536958783,0.15308474354731885,0.8894223600099225,,,
W1,LONG,MODERN,FULL_2023_2026,42,11.439597315436242,0.3333333333333333,1.6200541213785575,3.2401082427571146,0.023498130662304714,-0.019634691477113882,0.1841850998725177,-0.056845353942801775,0.12705357130291725,-0.19050289754354016,0.16213194463947503,-0.06257080317428965,2.5911756987977275,0.07142857142857142,0.07142857142857142,0.15211970074812964,4.593639373779297,10.5,0.21428571428571427,0.11904761904761904,0.023809523809523808,0.023809523809523808,5.0,1.0,0.7545366801577659,1.0577072112025738,-0.7747638848493916,0.10634929825612048,0.986921487816798,,,
W1,LONG,MODERN,Y2020,15,15.0,0.26666666666666666,0.7444761896621425,2.0473095215708916,-0.0070882533271856875,-0.011759244220313544,0.07744438504682538,-0.03782739455409881,-0.07569442082671902,-0.0872158683814462,0.12811723484009183,-0.049441923553328895,2.5912672006359623,0.06666666666666667,0.06666666666666667,0.13591023001494154,5.267645835876465,18.0,0.06666666666666667,0.06666666666666667,0.0,0.0,1.0,0.0,,,-0.41088648995630306,-0.033540630885736694,-0.10632379990778532,,,
W1,LONG,MODERN,Y2021,7,7.0,0.14285714285714285,1.5589987279720277,9.353992367832165,0.053839901736322034,-0.1298603416227943,1.0510835514403112,-0.11236737321434281,0.26443106314711373,-0.8536720818154185,0.3880839884642095,-0.0984356247151662,3.942515624675225,0.2857142857142857,0.2857142857142857,0.15211970074812978,3.6412553787231445,11.0,0.14285714285714285,0.14285714285714285,0.14285714285714285,0.14285714285714285,1.0,1.0,2.788912836399228,2.788912836399228,-0.32862376611832267,0.319389247588351,0.37687931215425424,,,
W1,LONG,MODERN,Y2022,1,1.0,0.0,0.0,,-0.05777299421658005,-0.05777299421658005,,-0.05777299421658005,-0.4033630231028822,-0.4033630231028822,0.13796343782816156,-0.05329092234127719,2.5888731469993744,0.0,0.0,0.14322828545898816,5.518129825592041,25.0,0.0,0.0,0.0,0.0,0.0,0.0,,,0.0,-0.2407208092357502,-0.05777299421658005,,,
W1,LONG,MODERN,Y2023,18,18.0,0.2777777777777778,1.1874159455262792,3.0872814583683255,0.005416618211493079,-0.014252024250157421,0.123545537929221,-0.04001758167994073,-0.001411673889491495,-0.17475194924823334,0.08921494331014294,-0.04170508477861812,2.13918623553267,0.05555555555555555,0.05555555555555555,0.13683576450509338,5.122002363204956,4.0,0.1111111111111111,0.1111111111111111,0.0,0.0,2.0,0.0,3.0688019297322504,3.0688019297322504,-0.5202285618392295,0.028097731356448247,0.09749912780687542,,,
W1,LONG,MODERN,Y2024,15,15.0,0.3333333333333333,2.189316175235217,4.378632350470434,0.05221937874972696,-0.03092012723488485,0.28837932150775847,-0.06586059262928878,0.3074611357613674,-0.20326182001948895,0.2580174378559805,-0.0819358158350986,3.1490189635172263,0.06666666666666667,0.06666666666666667,0.15211970074812967,4.298655033111572,31.0,0.3333333333333333,0.13333333333333333,0.06666666666666667,0.06666666666666667,2.0,1.0,0.9506923557537771,0.9506923557537771,-0.658605926292888,0.1673698036850223,0.7832906812459044,,,
W1,LONG,MODERN,Y2025,3,3.0,0.6666666666666666,4.347521983913831,2.1737609919569154,0.04904885021509858,0.08586782290672973,0.09555170464326074,-0.04395685864122572,0.31293829971703396,0.5359826069680693,0.12712266583748022,-0.06778831572967241,1.8752887495305608,0.0,0.0,0.15211970074812964,3.8002398014068604,3.0,0.3333333333333333,0.0,0.0,0.0,0.0,0.0,0.7151753535389863,0.7151753535389863,0.0,0.42041871612941645,0.14714655064529575,,,
W1,LONG,MODERN,Y2026,6,8.955223880597014,0.3333333333333333,0.8888119941744259,1.7776239883488518,-0.006835811980212954,-0.04839110302229066,0.1639318458719144,-0.09221964090627663,-0.03151196847304024,-0.3181120051137469,0.15867385498720468,-0.07414667043159058,2.1399997338194816,0.16666666666666666,0.16666666666666666,0.1521197007481297,3.482207179069519,7.0,0.16666666666666666,0.16666666666666666,0.0,0.0,1.0,0.0,,,-0.19260323348385316,-0.052583169078561184,-0.041014871881277726,,,
W1,LONG,STOP_STAGE4_ONLY,PRE_2020_2022,23,7.671917808219178,0.30434782608695654,1.6008300106137379,3.6590400242599723,0.05604727882040732,-0.12692937406847166,0.4906569199207236,-0.13409443916098107,0.4628410467247528,-1.0435163934426224,0.5502011418765769,-0.09959567021590093,5.5243480031196635,0.6521739130434783,0.6521739130434783,0.15211970074812958,5.0257732870390495,79.0,0.21739130434782608,0.21739130434782608,0.21739130434782608,0.17391304347826086,5.0,4.0,0.7392829223615068,0.7392829223615068,-1.9680120081541208,0.027503465177498795,1.2890874128693683,,,
W1,LONG,STOP_STAGE4_ONLY,DISCOVERY,33,16.511301369863013,0.2727272727272727,1.5071424794356079,4.019046611828288,0.04791124807457636,-0.10358871230499261,0.5220754071976332,-0.12990031159656992,0.558144979694442,-1.0389827586206897,0.47933683564527735,-0.10481183629151637,4.573308250340001,0.5454545454545454,0.5454545454545454,0.1521197007481296,4.670187950134277,140.0,0.21212121212121213,0.18181818181818182,0.15151515151515152,0.09090909090909091,6.0,3.0,1.3770660927871263,2.011593551105861,-2.673580524348031,0.024808899834630787,1.58107118646102,,,
W1,LONG,STOP_STAGE4_ONLY,STRICT_OOS,9,5.3889344262295085,0.3333333333333333,8.221091759096392,16.442183518192785,0.7297983239978483,-0.15873940149625926,2.492589425828807,-0.1515972269176312,4.613087472311374,-1.0389827586206895,1.2313233603476728,-0.09602932703500597,12.822367899119124,0.5555555555555556,0.5555555555555556,0.15211970074812967,3.8002398014068604,30.0,0.3333333333333333,0.3333333333333333,0.3333333333333333,0.2222222222222222,3.0,2.0,0.8709693560348907,0.8709693560348907,-0.6854049791197632,0.990676457915631,6.568184915980634,,,
W1,LONG,STOP_STAGE4_ONLY,EXTENDED,24,8.981557377049182,0.20833333333333334,2.6166444748645485,9.943249004485283,0.20557455345546974,-0.15873940149625926,1.5971319196089429,-0.16062475342702323,1.2643144944837865,-1.0435163934426226,0.6628013105684073,-0.11836823039463791,5.599486520653707,0.7083333333333334,0.7083333333333334,0.15211970074812967,4.0491077627423415,58.0,0.20833333333333334,0.16666666666666666,0.16666666666666666,0.125,4.0,3.0,1.159491712866778,1.159491712866778,-3.051870315113441,0.2498121155914569,4.933789282931274,,,
W1,LONG,STOP_STAGE4_ONLY,FULL_2023_2026,42,11.439597315436242,0.2857142857142857,3.0235584621062745,7.558896155265686,0.19402990720099172,-0.11667626702285355,1.0147039118554264,-0.13423969466078223,1.4270612281123558,-1.0389827586206897,0.6404768052243622,-0.10292987002226414,6.222458117219273,0.5476190476190477,0.5476190476190477,0.15211970074812964,4.593639373779297,114.0,0.23809523809523808,0.21428571428571427,0.19047619047619047,0.11904761904761904,9.0,5.0,0.7019889563755055,0.9691592960714007,-2.518015832876833,0.11582228684539017,8.149256102441653,,,
W1,LONG,STOP_STAGE4_ONLY,Y2020,15,15.0,0.4,2.5659468449185727,3.848920267377859,0.10699500247873851,-0.0849297676849628,0.4383026951445625,-0.11387679263181087,0.8785966981050624,-1.0434743652574574,0.6508125578875882,-0.08617243531587371,7.552444763826965,0.5333333333333333,0.5333333333333333,0.13591023001494154,5.267645835876465,128.0,0.26666666666666666,0.26666666666666666,0.26666666666666666,0.2,4.0,3.0,0.5937973971914412,0.5937973971914412,-0.9401443973268939,0.0368440091180229,1.6049250371810777,,,
W1,LONG,STOP_STAGE4_ONLY,Y2021,7,7.0,0.14285714285714285,0.8290317130120759,4.974190278072455,-0.023709629938052645,-0.15873940149625926,0.8047822685776902,-0.16179161302400977,-0.21246190984941826,-1.0435163934426224,0.3934963510027547,-0.12609504194418417,3.12063301566556,0.8571428571428571,0.8571428571428571,0.15211970074812978,3.6412553787231445,14.0,0.14285714285714285,0.14285714285714285,0.14285714285714285,0.14285714285714285,1.0,1.0,,,-0.3452073072654547,-0.05588128268227896,-0.16596740956636852,,,
W1,LONG,STOP_STAGE4_ONLY,Y2022,1,1.0,0.0,0.0,,-0.14987021474534062,-0.14987021474534062,,-0.14987021474534062,-1.0463730279606978,-1.0463730279606978,0.13796343782816156,-0.11544859161832677,1.195020535930563,1.0,1.0,0.14322828545898816,5.518129825592041,35.0,0.0,0.0,0.0,0.0,0.0,0.0,,,0.0,-0.4407947492510018,-0.14987021474534062,,,
W1,LONG,STOP_STAGE4_ONLY,Y2023,18,18.0,0.3888888888888889,4.296830875640992,6.7521628045787025,0.17863704552835447,-0.016612377770015892,0.5986839063172008,-0.08866550224636584,1.6440568729504486,-0.10972468667056008,0.6107107980989686,-0.08234538952576578,7.416454055486346,0.3333333333333333,0.3333333333333333,0.13683576450509338,5.122002363204956,239.5,0.2777777777777778,0.2777777777777778,0.2222222222222222,0.1111111111111111,5.0,2.0,0.6771145974660412,0.6771145974660412,-0.8965361313086553,0.06353421891939104,3.2154668195103806,,,
W1,LONG,STOP_STAGE4_ONLY,Y2024,15,15.0,0.13333333333333333,0.2370790335547692,1.541013718106,-0.10895970886995739,-0.15873940149625926,0.2539456602791466,-0.16479130412366566,-0.744949292212766,-1.0435163934426228,0.321688080700848,-0.1317715724104171,2.4412555365046034,0.8,0.8,0.15211970074812967,4.298655033111572,65.0,0.13333333333333333,0.06666666666666667,0.06666666666666667,0.06666666666666667,1.0,1.0,,,-1.8777934126153137,-0.12457283788485982,-1.6343956330493608,,,
W1,LONG,STOP_STAGE4_ONLY,Y2025,3,3.0,0.6666666666666666,44.609292610522225,22.304646305261112,2.30750433622318,1.360564623576064,3.5406262050828996,-0.15873940149625926,14.53625565488439,8.944039574655768,3.0280125403070226,-0.0883102083129017,34.28836369152403,0.3333333333333333,0.3333333333333333,0.15211970074812964,3.8002398014068604,218.0,0.6666666666666666,0.6666666666666666,0.6666666666666666,0.6666666666666666,2.0,2.0,0.8263888821047102,0.8263888821047102,0.0,1.5556209008246158,6.92251300866954,,,
W1,LONG,STOP_STAGE4_ONLY,Y2026,6,8.955223880597014,0.16666666666666666,0.5280935699550543,2.640467849775271,-0.059054682114817715,-0.1587394014962593,0.39651586732062166,-0.1501687920019056,-0.3484966189751348,-1.041249576031656,0.3329787703679979,-0.0998888863960581,3.3334916664076273,0.6666666666666666,0.6666666666666666,0.1521197007481297,3.482207179069519,24.0,0.16666666666666666,0.16666666666666666,0.16666666666666666,0.0,1.0,0.0,,,-0.19260323348385316,-0.16253582233436067,-0.3543280926889063,,,
W1,LONG,TEXTBOOK_INVESTOR,PRE_2020_2022,23,7.671917808219178,0.43478260869565216,2.720145037342074,3.536188548544696,0.08639929915277891,-0.024561649126761006,0.31424259312566016,-0.08886477313405289,0.5263332667243329,-0.2684635122302014,0.4000346680331948,-0.07530499382853195,5.312193092320892,0.21739130434782608,0.21739130434782608,0.15211970074812958,5.0257732870390495,8.0,0.17391304347826086,0.17391304347826086,0.13043478260869565,0.13043478260869565,4.0,3.0,0.5005076449827597,0.5005076449827597,-1.0113430282532925,0.12014412820519439,1.987183880513915,,,
W1,LONG,TEXTBOOK_INVESTOR,DISCOVERY,33,16.511301369863013,0.36363636363636365,0.6405794833274587,1.1210140958230528,-0.022614651527121145,-0.024180608394572752,0.11083903972348401,-0.09887390367032411,-0.18635804044824722,-0.26392617477691466,0.20851260076591657,-0.0781086075396734,2.6695214181101306,0.21212121212121213,0.21212121212121213,0.1521197007481296,4.670187950134277,37.0,0.18181818181818182,0.030303030303030304,0.030303030303030304,0.030303030303030304,1.0,1.0,,,-1.8450971041786963,-0.03081905845116654,-0.7462835003949978,,,
W1,LONG,TEXTBOOK_INVESTOR,STRICT_OOS,9,5.3889344262295085,0.3333333333333333,9.89665223977688,19.793304479553765,0.7469091823803768,-0.0654389808897648,2.492589425828807,-0.12593093934383826,4.7255703282358645,-0.4301808415868147,1.1682936930368117,-0.09128136883210326,12.798818729216164,0.3333333333333333,0.3333333333333333,0.15211970074812967,3.8002398014068604,18.0,0.3333333333333333,0.3333333333333333,0.3333333333333333,0.2222222222222222,3.0,2.0,0.8510164170990757,0.8510164170990757,-0.6588034300184482,1.1074435982575606,6.722182641423392,,,
W1,LONG,TEXTBOOK_INVESTOR,EXTENDED,24,8.981557377049182,0.25,3.9502057189066777,11.850617156720034,0.25605587938799707,-0.0590223754228582,1.3713937202901068,-0.11572340091270619,1.6009426290941813,-0.42352188292686316,0.607329396019817,-0.09206774501457117,6.596549051176365,0.2916666666666667,0.2916666666666667,0.15211970074812967,4.0491077627423415,24.0,0.20833333333333334,0.16666666666666666,0.16666666666666666,0.125,4.0,3.0,0.9308983323390899,0.9308983323390899,-2.0763199383162445,0.390056560159437,6.14534110531193,,,
W1,LONG,TEXTBOOK_INVESTOR,FULL_2023_2026,42,11.439597315436242,0.35714285714285715,3.1101803631905476,5.598324653742986,0.1422833128816284,-0.031629279367268885,0.5871891169445486,-0.10488657826443838,0.8661980385554909,-0.2769757108444996,0.4141799776811085,-0.08093134210233695,5.117670940849858,0.23809523809523808,0.23809523809523808,0.15211970074812964,4.593639373779297,24.0,0.21428571428571427,0.09523809523809523,0.09523809523809523,0.07142857142857142,4.0,3.0,0.9572932292838634,1.1849685282585252,-2.2457619025997797,0.1973220782905198,5.975899141028393,,,
W1,LONG,TEXTBOOK_INVESTOR,Y2020,15,15.0,0.5333333333333333,4.768914499863922,4.172800187380932,0.1091708611257658,0.007423895611805513,0.2590068552583704,-0.062070275025782315,0.6899255544862138,0.09721889018884959,0.42499561077928316,-0.0627706684782711,6.770608328416974,0.13333333333333333,0.13333333333333333,0.13591023001494154,5.267645835876465,13.0,0.2,0.2,0.13333333333333333,0.13333333333333333,3.0,2.0,0.5948628757911639,0.5948628757911639,-0.40636308425419093,0.11646962424512709,1.637562916886487,,,
W1,LONG,TEXTBOOK_INVESTOR,Y2021,7,7.0,0.14285714285714285,1.3799522038347154,8.279713223008292,0.03912151408878715,-0.09298463668257934,0.9946007241837213,-0.12012502092703521,0.1753948072252783,-0.5510370341337092,0.3880839884642095,-0.11009048901556848,3.5251363849362907,0.42857142857142855,0.42857142857142855,0.15211970074812978,3.6412553787231445,8.0,0.14285714285714285,0.14285714285714285,0.14285714285714285,0.14285714285714285,1.0,1.0,3.6319099873809764,3.6319099873809764,-0.32862376611832256,0.11132138155345934,0.27385059862151,,,
W1,LONG,TEXTBOOK_INVESTOR,Y2022,1,1.0,1.0,inf,,0.07577036500591755,0.07577036500591755,0.07577036500591755,,0.529018166789503,0.529018166789503,0.10927528382476659,-0.01982140777318908,5.512993076736708,0.0,0.0,0.14322828545898816,5.518129825592041,3.0,0.0,0.0,0.0,0.0,0.0,0.0,1.0,1.0,0.0,3.7885182502958776,0.07577036500591755,,,
W1,LONG,TEXTBOOK_INVESTOR,Y2023,18,18.0,0.5,0.773750494677855,0.773750494677855,-0.009413442460196406,-0.0042518971103625534,0.0643860480475099,-0.0832129329679027,-0.11346141549609566,-0.08215096332726146,0.1566474198961638,-0.06608280488602464,2.370471715998423,0.16666666666666666,0.16666666666666666,0.13683576450509338,5.122002363204956,31.5,0.2222222222222222,0.0,0.0,0.0,0.0,0.0,,,-0.6888559174832283,-0.011661525415246753,-0.1694419642835353,,,
W1,LONG,TEXTBOOK_INVESTOR,Y2024,15,15.0,0.2,0.5654466818250009,2.2617867273000036,-0.03845610240743085,-0.0557381178329816,0.2501980147514064,-0.11061963169714016,-0.27383399039082906,-0.4168629242669116,0.27075081780961996,-0.09253957072405197,2.925784242256584,0.26666666666666666,0.26666666666666666,0.15211970074812967,4.298655033111572,37.0,0.13333333333333333,0.06666666666666667,0.06666666666666667,0.06666666666666667,1.0,1.0,,,-1.2958687434295215,-0.05956030316070861,-0.5768415361114628,,,
W1,LONG,TEXTBOOK_INVESTOR,Y2025,3,3.0,0.6666666666666666,53.58988572782894,26.79494286391447,2.316371519256952,1.360564623576064,3.5406262050828996,-0.1321378523949444,14.594546481057217,8.944039574655768,3.0280125403070226,-0.08725780989220673,34.70190856322952,0.0,0.0,0.15211970074812964,3.8002398014068604,218.0,0.6666666666666666,0.6666666666666666,0.6666666666666666,0.6666666666666666,2.0,2.0,0.8232254252007646,0.8232254252007646,0.0,1.5651158913898322,6.949114557770855,,,
W1,LONG,TEXTBOOK_INVESTOR,Y2026,6,8.955223880597014,0.16666666666666666,0.6360049353094198,3.180024676547099,-0.037821986057910574,-0.11208919119301203,0.39651586732062166,-0.12468955673361704,-0.20891774817481082,-0.7345818001037521,0.23843426940170662,-0.09329314830205153,2.5557532760041224,0.5,0.5,0.1521197007481297,3.482207179069519,15.0,0.16666666666666666,0.16666666666666666,0.16666666666666666,0.0,1.0,0.0,,,-0.19260323348385316,-0.13922203456899598,-0.22693191634746346,,,
W2,LONG,BB_B1_20_2.5_FULL,PRE_2020_2022,166,55.371232876712334,0.5662650602409639,1.0573819667008397,0.8099095915155368,0.0024349884160848683,0.009531182614196335,0.07923801805913765,-0.09783563361790067,0.000249728479761432,0.07969042140222517,0.08538998374190669,-0.061971568147688054,1.3778896725415894,0.26506024096385544,0.26506024096385544,0.15211970074812958,5.083710193634033,7.5,0.1566265060240964,0.03614457831325301,0.024096385542168676,0.018072289156626505,6.0,3.0,2.608514496334197,6.66829701329849,-1.6824482968151502,0.012840154925987552,0.4042080770700881,,,
W2,LONG,BB_B1_20_2.5_FULL,DISCOVERY,205,102.57020547945206,0.6048780487804878,1.2836322376137468,0.8385017036025282,0.00985252954511877,0.010606977639384622,0.07371654058240723,-0.08791459846258202,0.07964619922241109,0.08376238859468262,0.0895983150734509,-0.06040066153653346,1.483399565404713,0.2,0.2,0.15211970074812953,4.936376571655273,6.0,0.16097560975609757,0.05853658536585366,0.00975609756097561,0.0,12.0,0.0,0.35727443165460065,1.2995075841592143,0.5208844598120237,0.0571363099504766,2.019768556749348,,,
W2,LONG,BB_B1_20_2.5_FULL,STRICT_OOS,34,20.358196721311476,0.7058823529411765,4.181481183371147,1.742283826404645,0.05587492612460344,0.039275047845763696,0.10403642618750648,-0.05971267402636386,0.3767107416854186,0.25326516906771646,0.1239664095056525,-0.06156059352005053,2.013729927169662,0.058823529411764705,0.058823529411764705,0.15211970074812967,4.2176244258880615,5.5,0.3235294117647059,0.11764705882352941,0.029411764705882353,0.0,4.0,0.0,0.16668775434546607,0.3093252933912186,0.7195716754229826,0.4883669635569452,1.8997474882365168,,,
W2,LONG,BB_B1_20_2.5_FULL,EXTENDED,117,43.78509221311476,0.5555555555555556,0.9636845044050274,0.7709476035240219,-0.0016216219095531682,0.005342138934722966,0.07745777346961347,-0.10047086613351144,-0.007602618471534597,0.04079693438715136,0.09051670192224444,-0.06870748210518456,1.3174213222320106,0.2564102564102564,0.2564102564102564,0.1521197007481296,4.488511562347412,7.0,0.15384615384615385,0.05128205128205128,0.02564102564102564,0.0,6.0,0.0,,,-1.7069702663169295,-0.008743307069941045,-0.1897297634177207,,,
W2,LONG,BB_B1_20_2.5_FULL,FULL_2023_2026,239,65.09675615212528,0.6192468619246861,1.5078271313242366,0.9271099253412537,0.01639964872379023,0.013255814087935917,0.07863327878863953,-0.08481548588717344,0.12190642702049585,0.10052155771699492,0.09448750005543774,-0.060565672781050545,1.5600833891009045,0.1799163179916318,0.1799163179916318,0.15211970074812955,4.8848676681518555,6.0,0.18410041841004185,0.06694560669456066,0.012552301255230125,0.0,16.0,0.0,0.18410733746315325,0.8195768227609499,2.3425002796682985,0.09988572999454293,3.9195160449858646,,,
W2,LONG,BB_B1_20_2.5_FULL,Y2020,60,60.0,0.5166666666666667,0.7286072097217126,0.681600292965473,-0.012167250331540999,0.002034773627399071,0.06322329965736383,-0.09275714859554272,-0.10045980250844506,0.015952326568502075,0.07109397813052169,-0.060844358198715004,1.1684563735282059,0.3,0.3,0.15211970074812958,5.273013114929199,6.5,0.1,0.016666666666666666,0.016666666666666666,0.016666666666666666,1.0,1.0,,,-1.873149480190448,-0.07419055080207926,-0.7300350198924599,,,
W2,LONG,BB_B1_20_2.5_FULL,Y2021,101,101.0,0.6138613861386139,1.3639535327023267,0.8579707705708184,0.014434645597052017,0.01886382220041111,0.08812303489153493,-0.1027109989223824,0.08155071836823871,0.14482013740887753,0.09640483624137748,-0.06187196928193217,1.5581342789024428,0.2376237623762376,0.2376237623762376,0.1521197007481296,4.8747429847717285,9.0,0.19801980198019803,0.04950495049504951,0.0297029702970297,0.019801980198019802,5.0,2.0,0.33579795367667337,1.2185852763842044,-0.3186753007313056,0.06880128387457544,1.4578992053022537,,,
W2,LONG,BB_B1_20_2.5_FULL,Y2022,5,5.0,0.2,0.07123304343378284,0.28493217373513136,-0.06473122166794101,-0.030004546684279484,0.02482324490549165,-0.08711983831129919,-0.4335158954090021,-0.1972430036130505,0.03444203058921667,-0.0775099846236335,0.4443560498232247,0.4,0.4,0.15211970074812958,4.80031681060791,4.0,0.0,0.0,0.0,0.0,0.0,0.0,,,0.0,-0.7192357963104558,-0.3236561083397051,,,
W2,LONG,BB_B1_20_2.5_FULL,Y2023,122,122.0,0.680327868852459,2.6478349316454177,1.2441634016165217,0.03368234269183267,0.017716921183023208,0.07955385524329847,-0.06394164555872277,0.24610772474645956,0.12950482169432598,0.09829556056022147,-0.05275754416692201,1.8631564852454021,0.10655737704918032,0.10655737704918032,0.15050351937537865,5.227647066116333,5.0,0.21311475409836064,0.08196721311475409,0.0,0.0,10.0,0.0,0.06516138616374166,0.35701995899598316,2.8670324006936285,0.23427855236052375,4.109245808403586,,,
W2,LONG,BB_B1_20_2.5_FULL,Y2024,83,83.0,0.4939759036144578,0.5484513805099654,0.561828243449233,-0.025174424718725757,-0.001680668148139215,0.06189953773231024,-0.11017519758759424,-0.16503218769245526,-0.01704335017943399,0.07681441206880016,-0.0716351232123479,1.0723009694713486,0.3373493975903614,0.3373493975903614,0.15211970074812955,4.564663410186768,8.0,0.08433734939759036,0.024096385542168676,0.024096385542168676,0.0,2.0,0.0,,,-3.243131083949887,-0.11732045208614475,-2.089477251654238,,,
W2,LONG,BB_B1_20_2.5_FULL,Y2025,5,5.0,0.6,7.094824728538602,4.7298831523590685,0.025589211487087628,0.014420816612659319,0.04964621038575381,-0.010496286860911638,0.24160505737328433,0.13586288240285396,0.07607060693449527,-0.02512917394995475,3.0271829502231706,0.0,0.0,0.11601406665088243,4.616859436035156,3.0,0.0,0.0,0.0,0.0,0.0,0.0,0.6446758603047543,0.6446758603047543,0.0,0.7526238672672831,0.12794605743543813,,,
W2,LONG,BB_B1_20_2.5_FULL,Y2026,29,43.28358208955223,0.7241379310344828,4.075327820663944,1.552505836443407,0.06109660106210617,0.04207238999664815,0.1118064570163283,-0.07201677081772694,0.4000048251875108,0.2768504721327167,0.13222430650067962,-0.06784187275627393,1.9490073184698706,0.06896551724137931,0.06896551724137931,0.15211970074812967,4.199597063630302,6.0,0.3793103448275862,0.13793103448275862,0.034482758620689655,0.0,4.0,0.0,0.17872467937584413,0.17872467937584413,0.5916256179875444,0.4762907072045911,1.7718014308010788,,,
W2,LONG,BB_B1_20_2.5_HALF,PRE_2020_2022,166,55.371232876712334,0.4036144578313253,1.6965074064964862,2.5067796006440615,0.03900955297864704,-0.041031755018672504,0.23541508052913312,-0.09391135960602537,0.2584514027787728,-0.3298792876732528,0.4355662329179904,-0.0933725636175824,4.664820328826997,0.4879518072289157,0.23493975903614459,0.15211970074812958,5.083710193634033,86.5,0.25301204819277107,0.15060240963855423,0.09036144578313253,0.060240963855421686,25.0,10.0,0.441062217990881,1.0951236504663453,1.1238202981156284,0.06051383790725548,6.475585794455409,,,
W2,LONG,BB_B1_20_2.5_HALF,DISCOVERY,205,102.57020547945206,0.43414634146341463,2.283472188196982,2.9762109419196623,0.06366164637954433,-0.029301609526649116,0.2608861263821563,-0.08765713569142522,0.4976442226150475,-0.23105113199136693,0.468564666935785,-0.09098580352045256,5.149865680204243,0.44390243902439025,0.17560975609756097,0.15211970074812953,4.936376571655273,96.0,0.2780487804878049,0.1902439024390244,0.13170731707317074,0.08292682926829269,39.0,17.0,0.2707449861961984,0.694658676840872,6.901250847822148,0.08945532598400567,13.050637507806586,,,
W2,LONG,BB_B1_20_2.5_HALF,STRICT_OOS,34,20.358196721311476,0.6470588235294118,6.0231460330377535,3.2853523816569563,0.12640189524631165,0.08631977986044842,0.23423803205720084,-0.07129768890698528,0.8432412301678354,0.5972492492195602,0.585293714800525,-0.08354891653017782,7.005401615101941,0.2647058823529412,0.058823529411764705,0.15211970074812967,4.2176244258880615,89.0,0.4411764705882353,0.3235294117647059,0.23529411764705882,0.11764705882352941,11.0,4.0,0.13445890738991167,0.25521890650822815,1.9007989778098175,0.3052318493163776,4.297664438374596,,,
W2,LONG,BB_B1_20_2.5_HALF,EXTENDED,117,43.78509221311476,0.3333333333333333,1.0641929020782885,2.1283858041565766,0.0038692790935121557,-0.054751904912201936,0.1924352637517654,-0.09041371323561445,0.013531499825676079,-0.4116912419248997,0.31373043712232956,-0.09876325249835954,3.176590778311403,0.5470085470085471,0.2222222222222222,0.1521197007481296,4.488511562347412,59.0,0.18803418803418803,0.13675213675213677,0.09401709401709402,0.03418803418803419,16.0,4.0,1.2764569200360305,6.146862592464193,-1.9555868360316198,0.00846020657710563,0.4527056539409222,,,
W2,LONG,BB_B1_20_2.5_HALF,FULL_2023_2026,239,65.09675615212528,0.46443514644351463,2.573713414160715,2.967885738851996,0.07258703743172042,-0.011433721539223837,0.25560452210153456,-0.086123437555384,0.5468086504677454,-0.09917387562754854,0.48517047290817494,-0.08992783633355156,5.395108930549913,0.41841004184100417,0.1589958158995816,0.15211970074812955,4.8848676681518555,93.0,0.301255230125523,0.20920502092050208,0.14644351464435146,0.08786610878661087,50.0,21.0,0.20367380524411938,0.585797032650858,11.198915286196744,0.10844722101757318,17.34830194618118,,,
W2,LONG,BB_B1_20_2.5_HALF,Y2020,60,60.0,0.35,1.5295014203325756,2.8405026377604976,0.033994487950558275,-0.06543078421896462,0.2805583603598812,-0.09877067411600024,0.23325576030946707,-0.4833240847964958,0.4402765887924574,-0.09604132646840227,4.584241023964918,0.6,0.2833333333333333,0.15211970074812958,5.273013114929199,54.5,0.23333333333333334,0.15,0.11666666666666667,0.1,9.0,6.0,0.507374453626859,1.2235460381482461,-1.4761933197740087,0.05482245066613349,2.0396692770334965,,,
W2,LONG,BB_B1_20_2.5_HALF,Y2021,101,101.0,0.45544554455445546,2.012669608919348,2.4064527932731337,0.04922418583558322,-0.023682673523461758,0.21480619191074812,-0.0892625828818274,0.3215127104346138,-0.16572994526410628,0.4504783070010107,-0.08951985785808328,5.0321606599862845,0.40594059405940597,0.19801980198019803,0.1521197007481296,4.8747429847717285,100.0,0.27722772277227725,0.15841584158415842,0.07920792079207921,0.039603960396039604,16.0,4.0,0.3144385422102808,0.8837402964776773,0.5780017143886366,0.07235163747935539,4.971642769393905,,,
W2,LONG,BB_B1_20_2.5_HALF,Y2022,5,5.0,0.0,0.0,,-0.10714525039439877,-0.0828356201165737,,-0.10714525039439877,-0.7130393022375452,-0.5445423551925586,0.07781806594737506,-0.13917206574962565,0.5591500386821295,0.8,0.4,0.15211970074812958,4.80031681060791,15.0,0.0,0.0,0.0,0.0,0.0,0.0,,,0.0,-0.4914919742862329,-0.5357262519719939,,,
W2,LONG,BB_B1_20_2.5_HALF,Y2023,122,122.0,0.5901639344262295,5.2541777849222076,3.648734572862644,0.13848849419869066,0.046406276382918756,0.2898212037076594,-0.07943060749422445,1.058230180181861,0.3050642103204988,0.6495842777191906,-0.08145452738861272,7.974808749673034,0.29508196721311475,0.09836065573770492,0.15050351937537865,5.227647066116333,150.0,0.4098360655737705,0.2786885245901639,0.19672131147540983,0.13934426229508196,34.0,17.0,0.14945823328332777,0.40402804201369125,10.746209632255823,0.15870370366560455,16.89559629224026,,,
W2,LONG,BB_B1_20_2.5_HALF,Y2024,83,83.0,0.20481927710843373,0.3795148354599227,1.4734105376679352,-0.04632480463173099,-0.07127909609287086,0.13833756359179009,-0.09388935402263794,-0.32634959453135315,-0.5211328628516984,0.2024876486758399,-0.10499563108773519,1.928534040684413,0.6626506024096386,0.2891566265060241,0.15211970074812955,4.564663410186768,58.0,0.08433734939759036,0.060240963855421686,0.03614457831325301,0.0,5.0,0.0,,,-5.4898123992415755,-0.09751353752050906,-3.8449587844336723,,,
W2,LONG,BB_B1_20_2.5_HALF,Y2025,5,5.0,0.4,5.077638699487015,7.6164580492305225,0.145192238321243,-0.03534497579472278,0.45199794691093664,-0.059344900738552774,1.091641386124014,-0.3046611226988994,0.5775994081246931,-0.09215773896006693,6.267508454986878,0.6,0.0,0.11601406665088243,4.616859436035156,28.0,0.4,0.4,0.4,0.2,2.0,1.0,0.7959919502498369,0.7959919502498369,0.0,0.32554313524942374,0.725961191606215,,,
W2,LONG,BB_B1_20_2.5_HALF,Y2026,29,43.28358208955223,0.6896551724137931,6.271594422248278,2.8222174900117247,0.1231621809230476,0.08656832711723134,0.21246204057182724,-0.0752819516297961,0.8004136170719426,0.6254181841110916,0.5866203193998063,-0.08206463680088659,7.148271682760543,0.20689655172413793,0.06896551724137931,0.15211970074812967,4.199597063630302,92.0,0.4482758620689655,0.3103448275862069,0.20689655172413793,0.10344827586206896,9.0,3.0,0.14530489179315398,0.14530489179315398,1.4024476540183017,0.3014095566893148,3.5717032467683807,,,
W2,LONG,BB_B1_20_2_FULL,PRE_2020_2022,166,55.371232876712334,0.46987951807228917,1.1017236319691996,1.2429702514524303,0.0032279606172612506,-0.002285635572587481,0.07440335513688708,-0.05985932088877073,0.002811964692017057,-0.017174113277846525,0.07320625263410238,-0.04987479173777566,1.4678006681009406,0.15060240963855423,0.15060240963855423,0.15211970074812958,5.083710193634033,5.0,0.12048192771084337,0.04216867469879518,0.018072289156626505,0.012048192771084338,7.0,2.0,1.8391821958136745,4.583494232998961,-1.3006103331681533,0.03584223829199783,0.5358414624653676,,,
W2,LONG,BB_B1_20_2_FULL,DISCOVERY,205,102.57020547945206,0.5024390243902439,1.1718331386243872,1.1604561178610437,0.004499037575692867,0.00014699144040414714,0.06106538637608033,-0.05262188327175718,0.024461409601487877,0.0017023634233021086,0.07168378397009652,-0.048643209549640215,1.4736647650057606,0.0975609756097561,0.0975609756097561,0.15211970074812953,4.936376571655273,5.0,0.08780487804878048,0.03414634146341464,0.014634146341463415,0.0,7.0,0.0,0.7910543307530705,2.711287719034818,-0.669050988519543,0.057607913992319654,0.9223027030170377,,,
W2,LONG,BB_B1_20_2_FULL,STRICT_OOS,34,20.358196721311476,0.5882352941176471,2.713517159030979,1.8994620113216854,0.031505459514261897,0.00959259542074015,0.0848162084200359,-0.04465275320827238,0.1992775530505466,0.06305952071666887,0.09749991343114407,-0.05250369930178543,1.8570103578935533,0.029411764705882353,0.029411764705882353,0.15211970074812967,4.2176244258880615,4.5,0.17647058823529413,0.058823529411764705,0.029411764705882353,0.0,2.0,0.0,0.28470698568881864,0.5420496081077374,0.018485917628239035,0.5465232772882166,1.0711856234849044,,,
W2,LONG,BB_B1_20_2_FULL,EXTENDED,117,43.78509221311476,0.46153846153846156,1.0616426050731693,1.2385830392520307,0.0018213573686103998,-0.0034451151316237617,0.06796489087028969,-0.05487309991854327,-0.0012748027119511955,-0.02801112011809508,0.07242717118296066,-0.05300815118561894,1.366340262072941,0.1111111111111111,0.1111111111111111,0.1521197007481296,4.488511562347412,5.0,0.09401709401709402,0.03418803418803419,0.017094017094017096,0.0,4.0,0.0,1.6099763353632162,7.35826070194986,-1.191855911523909,0.021766987959899568,0.21309881212741677,,,
W2,LONG,BB_B1_20_2_FULL,FULL_2023_2026,239,65.09675615212528,0.5146443514644351,1.3326599629297007,1.2568175260150023,0.008340955341012308,0.0009152691738555973,0.06492730865965034,-0.05166009171237108,0.04933065176578913,0.010359086941629575,0.07535637142480621,-0.04919240056040564,1.5318701784490596,0.08786610878661087,0.08786610878661087,0.15211970074812955,4.8848676681518555,5.0,0.100418410041841,0.03765690376569038,0.016736401673640166,0.0,9.0,0.0,0.36598736886868855,1.563961328899247,0.34575916465443335,0.11093424187545585,1.9934883265019416,,,
W2,LONG,BB_B1_20_2_FULL,Y2020,60,60.0,0.36666666666666664,0.6979598104644826,1.205566945347743,-0.011452405331761577,-0.013129291078280644,0.07217569291338052,-0.05986867273684384,-0.11413188710266664,-0.08624421619792612,0.06716750263190703,-0.05119281750267417,1.3120493441955678,0.18333333333333332,0.18333333333333332,0.15211970074812958,5.273013114929199,5.0,0.03333333333333333,0.03333333333333333,0.03333333333333333,0.03333333333333333,2.0,2.0,,,-1.8915914824079472,-0.129894956503912,-0.6871443199056946,,,
W2,LONG,BB_B1_20_2_FULL,Y2021,101,101.0,0.5544554455445545,1.5544354485750738,1.2490999140335413,0.014887300510874392,0.01064052053068804,0.07527850815326466,-0.06026620233298907,0.0908917765184079,0.07850601697252092,0.07871264976634149,-0.04842869152674047,1.6253309202640625,0.12871287128712872,0.12871287128712872,0.1521197007481296,4.8747429847717285,5.0,0.1782178217821782,0.04950495049504951,0.009900990099009901,0.0,5.0,0.0,0.21352894493117744,0.8743287970857088,0.18896140129816064,0.1630821422557824,1.5036173515983136,,,
W2,LONG,BB_B1_20_2_FULL,Y2022,5,5.0,0.0,0.0,,-0.05612631384545029,-0.030004546684279484,,-0.05612631384545029,-0.3730740126648727,-0.1972430036130505,0.03444203058921667,-0.06326970682190462,0.5443684239942216,0.2,0.2,0.15211970074812958,4.80031681060791,4.0,0.0,0.0,0.0,0.0,0.0,0.0,,,0.0,-0.637799020971026,-0.28063156922725147,,,
W2,LONG,BB_B1_20_2_FULL,Y2023,122,122.0,0.5655737704918032,1.702166685923223,1.3074613674482727,0.014593356675201025,0.003795331246997995,0.0625500704078456,-0.047840855542770205,0.09786211220755647,0.037510111344552385,0.07816552247641222,-0.04553303315753715,1.716677257277629,0.06557377049180328,0.06557377049180328,0.15050351937537865,5.227647066116333,5.0,0.10655737704918032,0.040983606557377046,0.01639344262295082,0.0,5.0,0.0,0.2170915407820311,0.8704286476862217,0.4189535911215207,0.21765152987463632,1.7803895143745252,,,
W2,LONG,BB_B1_20_2_FULL,Y2024,83,83.0,0.40963855421686746,0.6969889874331457,1.0044841289477688,-0.010338395317560091,-0.008122124453727782,0.05805235113514487,-0.05779319897862067,-0.08342877977128764,-0.06571067710966777,0.06215640929816262,-0.053214794125984476,1.168028746874584,0.14457831325301204,0.14457831325301204,0.15211970074812955,4.564663410186768,5.0,0.060240963855421686,0.024096385542168676,0.012048192771084338,0.0,2.0,0.0,,,-1.8660635606407976,-0.1095896310801389,-0.8580868113574875,,,
W2,LONG,BB_B1_20_2_FULL,Y2025,5,5.0,0.2,0.10748788248607098,0.42995152994428393,-0.025206119549782125,-0.009189592841776614,0.015178238832452343,-0.03530220914534074,-0.2032492717341373,-0.08401885095500168,0.054172909082503565,-0.03297973134050016,1.642612200905879,0.0,0.0,0.11601406665088243,4.616859436035156,4.0,0.0,0.0,0.0,0.0,0.0,0.0,,,0.0,-0.7876912359306913,-0.12603059774891062,,,
W2,LONG,BB_B1_20_2_FULL,Y2026,29,43.28358208955223,0.6551724137931034,3.4739465269745384,1.8283929089339677,0.04128331797357983,0.030402131379733303,0.08848136471411924,-0.04839297083344505,0.268678729737561,0.18200989957907024,0.10497008659470279,-0.0558699006744208,1.8788307358269887,0.034482758620689655,0.034482758620689655,0.15211970074812967,4.199597063630302,5.0,0.20689655172413793,0.06896551724137931,0.034482758620689655,0.0,2.0,0.0,0.25473596545600413,0.25473596545600413,0.14451651537714966,0.6651201229076751,1.197216221233815,,,
W2,LONG,BB_B1_20_2_HALF,PRE_2020_2022,166,55.371232876712334,0.3855421686746988,1.7596331525975428,2.804415336952334,0.03906680338515355,-0.0445282083705773,0.23472222660615988,-0.08369738373390924,0.25697086701615734,-0.31578016981237594,0.4355662329179904,-0.0933725636175824,4.664820328826997,0.4879518072289157,0.15060240963855423,0.15211970074812958,5.083710193634033,86.0,0.2469879518072289,0.13855421686746988,0.08433734939759036,0.05421686746987952,23.0,9.0,0.41697994412715245,1.0884388565112335,1.3155049186008094,0.06449295770409716,6.48508936193549,,,
W2,LONG,BB_B1_20_2_HALF,DISCOVERY,205,102.57020547945206,0.3951219512195122,2.299944717263218,3.5209030239585064,0.06052917741824799,-0.037040300109329065,0.2710354686426842,-0.07697896442997242,0.46697074522351284,-0.27914778934500767,0.468564666935785,-0.09098580352045256,5.149865680204243,0.44390243902439025,0.09268292682926829,0.15211970074812953,4.936376571655273,96.0,0.25365853658536586,0.18048780487804877,0.13170731707317074,0.09268292682926829,37.0,19.0,0.285318441432189,0.7292180120906725,6.2521208266125505,0.09103801445884693,12.408481370740837,,,
W2,LONG,BB_B1_20_2_HALF,STRICT_OOS,34,20.358196721311476,0.6764705882352942,5.4464638886646135,2.604830555448293,0.11421716194114086,0.06550406824275376,0.2068151286921234,-0.07939676853818631,0.7545246358503992,0.43510994035209205,0.585293714800525,-0.08354891653017782,7.005401615101941,0.2647058823529412,0.029411764705882353,0.15211970074812967,4.2176244258880615,89.0,0.38235294117647056,0.3235294117647059,0.14705882352941177,0.11764705882352941,11.0,4.0,0.15196658895606266,0.2865725586098661,1.5032397175388406,0.29610244041164996,3.8833835059987893,,,
W2,LONG,BB_B1_20_2_HALF,EXTENDED,117,43.78509221311476,0.29914529914529914,1.0880615739195862,2.549172830325888,0.0047922798091439124,-0.05780109290005458,0.1979370140772869,-0.07764754579311223,0.011296930074879682,-0.42288709594714197,0.31373043712232956,-0.09876325249835954,3.176590778311403,0.5470085470085471,0.10256410256410256,0.1521197007481296,4.488511562347412,59.0,0.1623931623931624,0.13675213675213677,0.07692307692307693,0.042735042735042736,16.0,5.0,1.052520026186373,4.97782314968833,-1.852982861534571,0.011770688310482582,0.5606967376698377,,,
W2,LONG,BB_B1_20_2_HALF,FULL_2023_2026,239,65.09675615212528,0.4351464435146444,2.563705379906226,3.3278867912244285,0.06816679864744614,-0.026100933247688137,0.25683289346131016,-0.07717597069064171,0.5078779932624841,-0.20582045689728068,0.48517047290817494,-0.08992783633355156,5.395108930549913,0.41841004184100417,0.08368200836820083,0.15211970074812955,4.8848676681518555,93.0,0.2719665271966527,0.200836820083682,0.13389121338912133,0.09623430962343096,48.0,23.0,0.21730898163136717,0.6237075584957049,10.13550433261134,0.10903767946149737,16.291864876739627,,,
W2,LONG,BB_B1_20_2_HALF,Y2020,60,60.0,0.31666666666666665,1.5757630383599561,3.4003307669872735,0.03522778175479247,-0.06124240346166476,0.30445988173446215,-0.08953831335773743,0.23236961191071182,-0.4781865109880532,0.4402765887924574,-0.09604132646840227,4.584241023964918,0.6,0.18333333333333332,0.15211970074812958,5.273013114929199,54.5,0.21666666666666667,0.15,0.11666666666666667,0.1,9.0,6.0,0.4896117181120238,1.1440965187708205,-1.5212358203594618,0.060132771131935936,2.1136669052875483,,,
W2,LONG,BB_B1_20_2_HALF,Y2021,101,101.0,0.44554455445544555,2.1226577973699667,2.6415297033937364,0.04837263801053176,-0.018140528644984662,0.2052774388853211,-0.07771157697813827,0.3181096932115526,-0.1390915719143464,0.4504783070010107,-0.08951985785808328,5.0321606599862845,0.40594059405940597,0.12871287128712872,0.1521197007481296,4.8747429847717285,100.0,0.27722772277227725,0.13861386138613863,0.06930693069306931,0.0297029702970297,14.0,3.0,0.3035551841481388,0.8583066904778213,0.6922619961730891,0.07595827797051784,4.885636439063708,,,
W2,LONG,BB_B1_20_2_HALF,Y2022,5,5.0,0.0,0.0,,-0.10284279648315339,-0.0836717107387594,,-0.10284279648315339,-0.6828183608654806,-0.5532599915084045,0.07781806594737506,-0.13917206574962565,0.5591500386821295,0.8,0.2,0.15211970074812958,4.80031681060791,15.0,0.0,0.0,0.0,0.0,0.0,0.0,,,0.0,-0.4739299377103843,-0.514213982415767,,,
W2,LONG,BB_B1_20_2_HALF,Y2023,122,122.0,0.5655737704918032,4.882650239169911,3.750441488058048,0.1289440011399163,0.02484482310988487,0.2867076148879886,-0.07644636392832882,0.9841073735325638,0.18057692046055895,0.6495842777191906,-0.08145452738861272,7.974808749673034,0.29508196721311475,0.06557377049180328,0.15050351937537865,5.227647066116333,150.0,0.3770491803278688,0.26229508196721313,0.1885245901639344,0.14754098360655737,32.0,18.0,0.16052119904783443,0.4353087271434999,9.574807594941502,0.1545605044121614,15.731168139069789,,,
W2,LONG,BB_B1_20_2_HALF,Y2024,83,83.0,0.14457831325301204,0.39518611818294663,2.338184532582434,-0.04003237070275845,-0.06495895805162438,0.18092062773218343,-0.07737653945232612,-0.2931577927729236,-0.5311931779959926,0.2024876486758399,-0.10499563108773519,1.928534040684413,0.6626506024096386,0.13253012048192772,0.15211970074812955,4.564663410186768,58.0,0.07228915662650602,0.060240963855421686,0.04819277108433735,0.012048192771084338,5.0,1.0,,,-5.035562189762467,-0.09625396200257681,-3.3226867683289516,,,
W2,LONG,BB_B1_20_2_HALF,Y2025,5,5.0,0.4,3.206391982496786,4.809587973745179,0.11979457280280811,-0.06298685772030083,0.4352222551893168,-0.09049054878819764,0.8692142215703031,-0.5429243154612039,0.5775994081246931,-0.09215773896006693,6.267508454986878,0.6,0.0,0.11601406665088243,4.616859436035156,28.0,0.4,0.4,0.2,0.2,2.0,1.0,0.9852609032402473,0.9852609032402473,0.0,0.2692012871973216,0.5989728640140406,,,
W2,LONG,BB_B1_20_2_HALF,Y2026,29,43.28358208955223,0.7241379310344828,6.456803272536419,2.459734580013874,0.11325553937878444,0.08034219020736127,0.18506206902572406,-0.07523660094443207,0.7347505693469677,0.537153578121616,0.5866203193998063,-0.08206463680088659,7.148271682760543,0.20689655172413793,0.034482758620689655,0.15211970074812967,4.199597063630302,92.0,0.3793103448275862,0.3103448275862069,0.13793103448275862,0.10344827586206896,9.0,3.0,0.15915385112949015,0.15915385112949015,1.2052472322002994,0.3015987733686638,3.2844106419847487,,,
W2,LONG,BB_B1_30_2_FULL,PRE_2020_2022,166,55.371232876712334,0.42771084337349397,1.2555460685667492,1.6799560072371997,0.00788987610239522,-0.008765074782824397,0.09063237719255891,-0.053949256291306064,0.03232867671299694,-0.05823501939275263,0.08224056484741296,-0.05000087241024103,1.6447825984445963,0.13253012048192772,0.13253012048192772,0.15211970074812958,5.083710193634033,6.0,0.13855421686746988,0.05421686746987952,0.03614457831325301,0.012048192771084338,9.0,2.0,0.7781349219427709,2.1891907595816247,-0.8021819079420895,0.08639310244047536,1.3097194329976065,,,
W2,LONG,BB_B1_30_2_FULL,DISCOVERY,205,102.57020547945206,0.5024390243902439,1.3992268640988168,1.385642137262906,0.009618603186625888,0.00016229421780894916,0.06709606056020156,-0.04842235867100442,0.06564323046043968,0.0010668849400227644,0.08033223957260692,-0.04734894607997432,1.6966003728345391,0.07804878048780488,0.07804878048780488,0.15211970074812953,4.936376571655273,6.0,0.0975609756097561,0.03414634146341464,0.014634146341463415,0.004878048780487805,7.0,1.0,0.4070647325657147,1.4077017021683125,0.20106024785061205,0.11757982428493186,1.971813653258307,,,
W2,LONG,BB_B1_30_2_FULL,STRICT_OOS,34,20.358196721311476,0.5882352941176471,4.455238391798183,3.1186668742587282,0.050433812937202664,0.008693407659206846,0.11055124945911962,-0.03544823923696448,0.31979222693051174,0.058630190660044865,0.13490836766753214,-0.051890521369766705,2.5998653339053677,0.029411764705882353,0.029411764705882353,0.15211970074812967,4.2176244258880615,6.0,0.14705882352941177,0.08823529411764706,0.029411764705882353,0.029411764705882353,3.0,1.0,0.3995591262157616,0.5674755792155272,0.14824478943415526,0.758738778701279,1.7147496398648905,,,
W2,LONG,BB_B1_30_2_FULL,EXTENDED,117,43.78509221311476,0.4700854700854701,1.4745386409259096,1.6622071952255708,0.011727663371951672,-0.00323539062960881,0.07752097738126917,-0.04663737324921707,0.0658326331105441,-0.02126871545037923,0.08805017948251212,-0.050739145504916774,1.7353500656407348,0.08547008547008547,0.08547008547008547,0.1521197007481296,4.488511562347412,6.0,0.07692307692307693,0.05128205128205128,0.017094017094017096,0.008547008547008548,6.0,1.0,0.49932627737924645,1.5414424563925808,-0.5382725856213176,0.1408764491291936,1.3721366145183456,,,
W2,LONG,BB_B1_30_2_FULL,FULL_2023_2026,239,65.09675615212528,0.5146443514644351,1.6782560954702723,1.5827455859719641,0.015424951017251871,0.0013146436987871478,0.07416194493400939,-0.04685651667034443,0.10179831782438299,0.010359086941629575,0.08809620758611093,-0.04799502792036319,1.8355277911763384,0.07112970711297072,0.07112970711297072,0.15211970074812955,4.8848676681518555,6.0,0.10460251046025104,0.04184100418410042,0.016736401673640166,0.008368200836820083,10.0,2.0,0.29580643893813513,1.0394738577631026,1.5180509622761997,0.1937237673737886,3.6865632931231973,,,
W2,LONG,BB_B1_30_2_FULL,Y2020,60,60.0,0.2833333333333333,0.9146803351364965,2.3136032006393736,-0.003120114345484032,-0.019326484216766134,0.1180573527495522,-0.0510274850574751,-0.0706667177147983,-0.15299894217228882,0.07523484331327973,-0.05090708994184308,1.477885367229378,0.16666666666666666,0.16666666666666666,0.15211970074812958,5.273013114929199,5.5,0.08333333333333333,0.06666666666666667,0.05,0.03333333333333333,4.0,2.0,,,-1.8869623044966197,-0.03295895435370456,-0.1872068607290419,,,
W2,LONG,BB_B1_30_2_FULL,Y2021,101,101.0,0.5346534653465347,1.6835682957998113,1.465327961159095,0.017800407154558356,0.004797998829824517,0.08199858859128326,-0.05595920555997663,0.11490367281561582,0.04891698285685524,0.08876864369235331,-0.04880565237108814,1.8188189150185143,0.10891089108910891,0.10891089108910891,0.1521197007481296,4.8747429847717285,6.0,0.1782178217821782,0.04950495049504951,0.0297029702970297,0.0,5.0,0.0,0.2118635538623252,0.8262609556728895,0.31235519849430904,0.19909646983503806,1.7978411226103939,,,
W2,LONG,BB_B1_30_2_FULL,Y2022,5,5.0,0.0,0.0,,-0.06018296577674907,-0.030004546684279484,,-0.06018296577674907,-0.3997415114263615,-0.1972430036130505,0.03444203058921667,-0.06326970682190462,0.5443684239942216,0.2,0.2,0.15211970074812958,4.80031681060791,4.0,0.0,0.0,0.0,0.0,0.0,0.0,,,0.0,-0.6686996197416565,-0.3009148288837454,,,
W2,LONG,BB_B1_30_2_FULL,Y2023,122,122.0,0.5573770491803278,1.9098165676231962,1.516619038994891,0.01897071048036764,0.004560929138638652,0.07144508045460807,-0.04710812578349067,0.13628999906634323,0.04465923943488967,0.08814034929202129,-0.045363374171242137,1.9429848617367045,0.05737704918032787,0.05737704918032787,0.15050351937537865,5.227647066116333,6.0,0.13114754098360656,0.03278688524590164,0.01639344262295082,0.00819672131147541,4.0,1.0,0.17514717386509132,0.7418755368116848,0.7890494923155984,0.2491309664806084,2.314426678604852,,,
W2,LONG,BB_B1_30_2_FULL,Y2024,83,83.0,0.42168674698795183,0.8569609855373695,1.1752607801655355,-0.004127867775259579,-0.008015046753168161,0.05864653619392602,-0.04990087066945743,-0.03819900773137031,-0.05268907783640051,0.06885525902117859,-0.050267497560279456,1.3697769406286673,0.10843373493975904,0.10843373493975904,0.15211970074812955,4.564663410186768,5.0,0.04819277108433735,0.03614457831325301,0.012048192771084338,0.0,3.0,0.0,,,-1.483820363456038,-0.04580388039392314,-0.3426130253465451,,,
W2,LONG,BB_B1_30_2_FULL,Y2025,5,5.0,0.2,0.10748788248607098,0.42995152994428393,-0.025206119549782125,-0.009189592841776614,0.015178238832452343,-0.03530220914534074,-0.2032492717341373,-0.08401885095500168,0.054172909082503565,-0.03297973134050016,1.642612200905879,0.0,0.0,0.11601406665088243,4.616859436035156,4.0,0.0,0.0,0.0,0.0,0.0,0.0,,,0.0,-0.7876912359306913,-0.12603059774891062,,,
W2,LONG,BB_B1_30_2_FULL,Y2026,29,43.28358208955223,0.6551724137931034,6.184325109762569,3.2549079525066156,0.06347518060737245,0.02103369088676627,0.11557088159736528,-0.03550665127361398,0.40997179566579595,0.13827065648513567,0.1488282743201233,-0.05515100240929541,2.698559732706492,0.034482758620689655,0.034482758620689655,0.15211970074812967,4.199597063630302,6.0,0.1724137931034483,0.10344827586206896,0.034482758620689655,0.034482758620689655,3.0,1.0,0.3722029679498069,0.3722029679498069,0.2742753871830658,0.8765620179113338,1.8407802376138012,,,
W2,LONG,BB_B1_30_2_HALF,PRE_2020_2022,166,55.371232876712334,0.3795180722891566,1.8046606002627392,2.950476854397812,0.04139776112772053,-0.04704664756687204,0.24463984493988905,-0.08291535809719805,0.27172922302664726,-0.36178206983448596,0.4355662329179904,-0.0933725636175824,4.664820328826997,0.4879518072289157,0.13253012048192772,0.15211970074812958,5.083710193634033,86.0,0.26506024096385544,0.15060240963855423,0.09036144578313253,0.05421686746987952,25.0,9.0,0.3856701949211108,1.0157978305978006,1.7494272003184212,0.06826970342938214,6.872028347201607,,,
W2,LONG,BB_B1_30_2_HALF,DISCOVERY,205,102.57020547945206,0.3951219512195122,2.395261635134483,3.6668202809466157,0.0630889602237145,-0.037040300109329065,0.2741066157385434,-0.07475321797548824,0.48756165565298876,-0.2939477239199712,0.468564666935785,-0.09098580352045256,5.149865680204243,0.44390243902439025,0.07317073170731707,0.15211970074812953,4.936376571655273,96.0,0.24878048780487805,0.18536585365853658,0.12682926829268293,0.09268292682926829,38.0,19.0,0.272829215771482,0.7115780619931864,6.756090766594841,0.09462420870545414,12.933236845861472,,,
W2,LONG,BB_B1_30_2_HALF,STRICT_OOS,34,20.358196721311476,0.6764705882352942,5.884492975898245,2.8143227276035083,0.12368133865261124,0.08229388413101646,0.22026465719373906,-0.0782656001152014,0.8147819727903819,0.5657153116162363,0.585293714800525,-0.08354891653017782,7.005401615101941,0.2647058823529412,0.029411764705882353,0.15211970074812967,4.2176244258880615,89.0,0.38235294117647056,0.35294117647058826,0.14705882352941177,0.11764705882352941,12.0,4.0,0.1487520033209903,0.2890900097617941,1.644458670839076,0.31701210057962925,4.205165514188782,,,
W2,LONG,BB_B1_30_2_HALF,EXTENDED,117,43.78509221311476,0.3162393162393162,1.1894443467602076,2.5717715605626115,0.009745432810814544,-0.0561179233137789,0.1934851978358461,-0.07523420851326254,0.044850647986127326,-0.39492746292969827,0.31373043712232956,-0.09876325249835954,3.176590778311403,0.5470085470085471,0.07692307692307693,0.1521197007481296,4.488511562347412,59.0,0.1623931623931624,0.1452991452991453,0.06837606837606838,0.042735042735042736,17.0,5.0,0.5486039422809739,2.606413592410537,-1.4456765408202046,0.02394907874113215,1.1402156388653018,,,
W2,LONG,BB_B1_30_2_HALF,FULL_2023_2026,239,65.09675615212528,0.4351464435146444,2.6917926870854565,3.4941539688128525,0.07170879648556591,-0.029099996335208763,0.262199259521904,-0.07503941207576117,0.5341118262917811,-0.2111956293310946,0.48517047290817494,-0.08992783633355156,5.395108930549913,0.41841004184100417,0.06694560669456066,0.15211970074812955,4.8848676681518555,93.0,0.26778242677824265,0.20920502092050208,0.1297071129707113,0.09623430962343096,50.0,23.0,0.20588645265257235,0.607914246074056,10.961256280783623,0.11429792497282507,17.138402360050254,,,
W2,LONG,BB_B1_30_2_HALF,Y2020,60,60.0,0.31666666666666665,1.6572453587618639,3.5761610373282324,0.03939392724793123,-0.063488771230066,0.3136795537283204,-0.08771404599907837,0.25410219660464595,-0.5263406971415678,0.4402765887924574,-0.09604132646840227,4.584241023964918,0.6,0.16666666666666666,0.15211970074812958,5.273013114929199,54.5,0.25,0.16666666666666666,0.11666666666666667,0.1,10.0,6.0,0.4449460166809166,1.030215100779348,-1.2570328002471103,0.0668732673610376,2.363635634875874,,,
W2,LONG,BB_B1_30_2_HALF,Y2021,101,101.0,0.43564356435643564,2.1387209134762544,2.7706157288215114,0.04982919133237374,-0.020068688658277985,0.21482724341761192,-0.07753772606675746,0.33011564136015653,-0.14806725574350618,0.4504783070010107,-0.08951985785808328,5.0321606599862845,0.40594059405940597,0.10891089108910891,0.1521197007481296,4.8747429847717285,100.0,0.2871287128712871,0.1485148514851485,0.07920792079207921,0.0297029702970297,15.0,3.0,0.283988884231007,0.8241520901522904,0.8849982736651522,0.07836120396371736,5.032748324569748,,,
W2,LONG,BB_B1_30_2_HALF,Y2022,5,5.0,0.0,0.0,,-0.10487112244880278,-0.09297724994482065,,-0.10487112244880278,-0.6961521102462249,-0.6112111020962804,0.07781806594737506,-0.13917206574962565,0.5591500386821295,0.8,0.2,0.15211970074812958,4.80031681060791,15.0,0.0,0.0,0.0,0.0,0.0,0.0,,,0.0,-0.48106019471927886,-0.524355612244014,,,
W2,LONG,BB_B1_30_2_HALF,Y2023,122,122.0,0.5491803278688525,4.891003301641723,4.015002710302906,0.13113267804249962,0.01974492983985385,0.30014583090077174,-0.0747560718030319,1.0033213169619573,0.16831191052441363,0.6495842777191906,-0.08145452738861272,7.974808749673034,0.29508196721311475,0.05737704918032787,0.15050351937537865,5.227647066116333,150.0,0.36885245901639346,0.27049180327868855,0.1885245901639344,0.14754098360655737,33.0,18.0,0.15841194988532856,0.4315396069141136,9.821040641918323,0.15633152607792986,15.998186721184952,,,
W2,LONG,BB_B1_30_2_HALF,Y2024,83,83.0,0.1686746987951807,0.40576584698999746,1.9998459601649878,-0.03692710693160821,-0.06559322774321447,0.14949037174787919,-0.07475094318541724,-0.2705429067529649,-0.5117761850289235,0.2024876486758399,-0.10499563108773519,1.928534040684413,0.6626506024096386,0.0963855421686747,0.15211970074812955,4.564663410186768,58.0,0.07228915662650602,0.060240963855421686,0.03614457831325301,0.012048192771084338,5.0,1.0,,,-4.724303353600671,-0.08924006042578195,-3.064949875323481,,,
W2,LONG,BB_B1_30_2_HALF,Y2025,5,5.0,0.4,3.206391982496786,4.809587973745179,0.11979457280280811,-0.06298685772030083,0.4352222551893168,-0.09049054878819764,0.8692142215703031,-0.5429243154612039,0.5775994081246931,-0.09215773896006693,6.267508454986878,0.6,0.0,0.11601406665088243,4.616859436035156,28.0,0.4,0.4,0.2,0.2,2.0,1.0,0.9852609032402473,0.9852609032402473,0.0,0.2692012871973216,0.5989728640140406,,,
W2,LONG,BB_B1_30_2_HALF,Y2026,29,43.28358208955223,0.7241379310344828,7.117894522140538,2.711578865577348,0.12435147069568078,0.08424557805467164,0.19979250500368403,-0.07368124436282783,0.8053971023110853,0.5776195281517625,0.5866203193998063,-0.08206463680088659,7.148271682760543,0.20689655172413793,0.034482758620689655,0.15211970074812967,4.199597063630302,92.0,0.3793103448275862,0.3448275862068966,0.13793103448275862,0.10344827586206896,10.0,3.0,0.17345906201145772,0.17345906201145772,1.338810963140333,0.3266478849795963,3.6061926501747426,,,
W2,LONG,BB_B2_20_2.5_FULL,PRE_2020_2022,166,55.371232876712334,0.5963855421686747,1.0417726534582155,0.7050380584010146,0.001718377459304691,0.0091987692986128,0.0718575408654238,-0.10192008787212499,-0.005687621539010455,0.061512703234493274,0.07736827053851365,-0.0617249464049192,1.2534360099881392,0.26506024096385544,0.26506024096385544,0.15211970074812958,5.083710193634033,7.5,0.12048192771084337,0.03614457831325301,0.018072289156626505,0.018072289156626505,6.0,3.0,4.526128395814266,9.952001389722266,-1.9671964758875715,0.00941110716742259,0.2852506582445787,,,
W2,LONG,BB_B2_20_2.5_FULL,DISCOVERY,205,102.57020547945206,0.5951219512195122,1.2247002674999492,0.8331977229712769,0.0072614068944854195,0.006611436194568336,0.06650296780870033,-0.07981655011195092,0.06179129824540482,0.060275197645278285,0.07709860691697697,-0.05965200044361506,1.292473116469128,0.1951219512195122,0.1951219512195122,0.15211970074812953,4.936376571655273,5.0,0.12682926829268293,0.03414634146341464,0.004878048780487805,0.0,7.0,0.0,0.42239953855976436,1.5608274818574184,0.15418103403862915,0.04421112008819457,1.488588413369511,,,
W2,LONG,BB_B2_20_2.5_FULL,STRICT_OOS,34,20.358196721311476,0.7058823529411765,4.2494120232601995,1.770588343025083,0.05452708745593445,0.03633579622736977,0.10101922566527965,-0.05705404424649404,0.3677746292081134,0.22587474567238325,0.11281427598355478,-0.061353142006825845,1.8387693326448322,0.058823529411764705,0.058823529411764705,0.15211970074812967,4.2176244258880615,4.5,0.3235294117647059,0.08823529411764706,0.0,0.0,3.0,0.0,0.147820625001297,0.2606854165567653,0.8130047574837453,0.5093189487642229,1.8539209735017714,,,
W2,LONG,BB_B2_20_2.5_FULL,EXTENDED,117,43.78509221311476,0.5384615384615384,0.9260990955554518,0.7937992247618157,-0.0031676600235727038,0.004897015016585187,0.07372106193865079,-0.09287116897950012,-0.01844961265036333,0.04564496669522431,0.08002352389507832,-0.06849944397078336,1.1682361090290054,0.2564102564102564,0.2564102564102564,0.1521197007481296,4.488511562347412,7.0,0.1282051282051282,0.03418803418803419,0.008547008547008548,0.0,4.0,0.0,,,-1.60209241706469,-0.01775832404207026,-0.3706162227580063,,,
W2,LONG,BB_B2_20_2.5_FULL,FULL_2023_2026,239,65.09675615212528,0.6108786610878661,1.4645397462294452,0.9328917561598521,0.013985394924147628,0.01115627724745644,0.07217687320978186,-0.07736896883609536,0.10532030767106211,0.077660727741249,0.0821794970770759,-0.05989400384591283,1.372082208571265,0.17573221757322174,0.17573221757322174,0.15211970074812955,4.8848676681518555,5.0,0.15481171548117154,0.04184100418410042,0.0041841004184100415,0.0,10.0,0.0,0.191032130694044,0.8440235443728343,1.9593321495398008,0.08958749361756321,3.342509386871283,,,
W2,LONG,BB_B2_20_2.5_FULL,Y2020,60,60.0,0.5666666666666667,0.7804662894188317,0.5968271624967536,-0.0096341970472426,0.004538015639422748,0.06044227318212111,-0.10127265811641051,-0.08721124586748356,0.02771146155907827,0.06519631806658935,-0.060719358298013074,1.0737320007007185,0.3,0.3,0.15211970074812958,5.273013114929199,6.5,0.08333333333333333,0.016666666666666666,0.016666666666666666,0.016666666666666666,1.0,1.0,,,-1.8739964764172667,-0.06142952421196131,-0.5780518228345559,,,
W2,LONG,BB_B2_20_2.5_FULL,Y2021,101,101.0,0.6336633663366337,1.3028142196961081,0.7531894707618125,0.011584156501920004,0.018166998354403444,0.0786524111803319,-0.10442579753641407,0.0628179709188394,0.14087190253918502,0.08704130343987315,-0.06154088794274886,1.414365413785501,0.2376237623762376,0.2376237623762376,0.1521197007481296,4.8747429847717285,9.0,0.1485148514851485,0.04950495049504951,0.019801980198019802,0.019801980198019802,5.0,2.0,0.46065613498850677,1.488945351770608,-0.5720659670555028,0.057073161302142454,1.1699998066939203,,,
W2,LONG,BB_B2_20_2.5_FULL,Y2022,5,5.0,0.2,0.0756623579710097,0.3026494318840388,-0.061339465122956974,-0.011825735076745388,0.025104941943594864,-0.08295056688959493,-0.41121709724590005,-0.07773966829139187,0.02803643559414377,-0.0775099846236335,0.36171385828910624,0.4,0.4,0.15211970074812958,4.80031681060791,2.0,0.0,0.0,0.0,0.0,0.0,0.0,,,0.0,-0.7667433140369622,-0.30669732561478485,,,
W2,LONG,BB_B2_20_2.5_FULL,Y2023,122,122.0,0.680327868852459,2.7030569360558627,1.2701110904358874,0.030435455816633518,0.01974927751072492,0.07100477815051988,-0.05590438402215027,0.2240176902743963,0.12817076727857724,0.08424711070243425,-0.051641245693373056,1.631391914956176,0.09836065573770492,0.09836065573770492,0.15050351937537865,5.227647066116333,4.0,0.18032786885245902,0.04918032786885246,0.0,0.0,6.0,0.0,0.07117995825254654,0.37151847031132773,2.535996856161926,0.22585922199691538,3.713125609629289,,,
W2,LONG,BB_B2_20_2.5_FULL,Y2024,83,83.0,0.46987951807228917,0.49948568935400084,0.5635223161942574,-0.026801652966985272,-0.001680668148139215,0.05692219195303305,-0.10101142460063789,-0.17666195268877546,-0.017922887364323112,0.0665911676178711,-0.07142684477529607,0.9322988832470805,0.3373493975903614,0.3373493975903614,0.15211970074812955,4.564663410186768,7.0,0.04819277108433735,0.012048192771084338,0.012048192771084338,0.0,1.0,0.0,,,-3.110772538081634,-0.12910836890654542,-2.2245371962597775,,,
W2,LONG,BB_B2_20_2.5_FULL,Y2025,5,5.0,0.6,9.621266651008499,6.414177767338999,0.02859459551117366,0.026767195025187266,0.0531855776588138,-0.008291877710286551,0.2512139349401791,0.17596139680491965,0.06437033943892692,-0.02512917394995475,2.5615780115622475,0.0,0.0,0.11601406665088243,4.616859436035156,2.0,0.0,0.0,0.0,0.0,0.0,0.0,0.5998181137581243,0.5998181137581243,0.0,1.1914414796322357,0.1429729775558683,,,
W2,LONG,BB_B2_20_2.5_FULL,Y2026,29,43.28358208955223,0.7241379310344828,4.0885952565617645,1.557560097737815,0.05899820675675529,0.040108689435277074,0.10785260395191762,-0.06924458588054591,0.38787130063361924,0.23768844034797215,0.12116667883607685,-0.06759865374076914,1.7924421882828196,0.06896551724137931,0.06896551724137931,0.15211970074812967,4.199597063630302,5.0,0.3793103448275862,0.10344827586206896,0.0,0.0,3.0,0.0,0.1601730488918435,0.1601730488918435,0.670031779927877,0.48606477157554073,1.7109479959459033,,,
W2,LONG,BB_B2_20_2.5_HALF,PRE_2020_2022,166,55.371232876712334,0.4036144578313253,1.7020576782626682,2.514980748477674,0.03864715174797421,-0.04140472732446176,0.23214121724098039,-0.09230337742406029,0.25545466370035386,-0.32905427306132506,0.4355662329179904,-0.0933725636175824,4.664820328826997,0.4879518072289157,0.23493975903614459,0.15211970074812958,5.083710193634033,86.5,0.25301204819277107,0.14457831325301204,0.08433734939759036,0.06626506024096386,24.0,11.0,0.4451981370269213,1.1199428055873526,0.9746444034971109,0.06027837254687324,6.415427190163719,,,
W2,LONG,BB_B2_20_2.5_HALF,DISCOVERY,205,102.57020547945206,0.4292682926829268,2.277343864789933,3.0278321838684343,0.06236608505422763,-0.02960058802332632,0.2590242688742953,-0.08554776260531038,0.4887167721265443,-0.23764113528228642,0.468564666935785,-0.09098580352045256,5.149865680204243,0.44390243902439025,0.17073170731707318,0.15211970074812953,4.936376571655273,96.0,0.2780487804878049,0.2,0.11707317073170732,0.07804878048780488,41.0,16.0,0.27555641504440126,0.7066116020793477,6.654603933616672,0.08814234702596804,12.785047436116665,,,
W2,LONG,BB_B2_20_2.5_HALF,STRICT_OOS,34,20.358196721311476,0.6764705882352942,6.158478581550185,2.9453593216109577,0.12572797591197715,0.0844660921418316,0.2218885073379951,-0.0753349534333331,0.8387731739291827,0.5698097997535401,0.585293714800525,-0.08354891653017782,7.005401615101941,0.2647058823529412,0.058823529411764705,0.15211970074812967,4.2176244258880615,89.0,0.47058823529411764,0.3235294117647059,0.23529411764705882,0.11764705882352941,11.0,4.0,0.13940905514197038,0.25821116981596665,1.8982227514486802,0.3063239828740396,4.274751181007223,,,
W2,LONG,BB_B2_20_2.5_HALF,EXTENDED,117,43.78509221311476,0.3504273504273504,1.0527698519342645,1.951475823097661,0.0030962600365023905,-0.05274006106800976,0.17627348727496753,-0.09032829676319591,0.008108002736261718,-0.3470430516382976,0.31373043712232956,-0.09876325249835954,3.176590778311403,0.5470085470085471,0.2222222222222222,0.1521197007481296,4.488511562347412,59.0,0.19658119658119658,0.13675213675213677,0.08547008547008547,0.03418803418803419,16.0,4.0,1.645047852563901,7.607137454602835,-2.0250625449700017,0.006822910335639508,0.3622624242707797,,,
W2,LONG,BB_B2_20_2.5_HALF,FULL_2023_2026,239,65.09675615212528,0.46443514644351463,2.5741055906541646,2.9683379784120096,0.07137991053189911,-0.014919172944228894,0.2513294714388457,-0.0846700993170936,0.5385155907930285,-0.13924865312759915,0.48517047290817494,-0.08992783633355156,5.395108930549913,0.41841004184100417,0.15481171548117154,0.15211970074812955,4.8848676681518555,93.0,0.3054393305439331,0.2175732217573222,0.13389121338912133,0.08368200836820083,52.0,20.0,0.20650899326166047,0.594253870291234,10.929355114623894,0.1072909569958422,17.05979861712389,,,
W2,LONG,BB_B2_20_2.5_HALF,Y2020,60,60.0,0.36666666666666664,1.5553444286667313,2.6865040131516267,0.035249683011391905,-0.06719616756612568,0.2692451841381393,-0.10022139658830395,0.239802394705623,-0.4766147196268725,0.4402765887924574,-0.09604132646840227,4.584241023964918,0.6,0.2833333333333333,0.15211970074812958,5.273013114929199,54.5,0.21666666666666667,0.15,0.11666666666666667,0.1,9.0,6.0,0.5335846154631904,1.2220660975109874,-1.5007305063752254,0.05716937371762439,2.1149809806835145,,,
W2,LONG,BB_B2_20_2.5_HALF,Y2021,101,101.0,0.44554455445544555,2.00527210787512,2.495449734244594,0.04779894128801722,-0.022205811070639733,0.21400150009125826,-0.08575668632173006,0.3121463367099141,-0.14150945508226917,0.4504783070010107,-0.08951985785808328,5.0321606599862845,0.40594059405940597,0.19801980198019803,0.1521197007481296,4.8747429847717285,100.0,0.2871287128712871,0.1485148514851485,0.06930693069306931,0.04950495049504951,15.0,5.0,0.32381431091464224,0.9138610268929416,0.4158525235335919,0.07061127790097615,4.827693070089739,,,
W2,LONG,BB_B2_20_2.5_HALF,Y2022,5,5.0,0.0,0.0,,-0.10544937212190675,-0.08358648307693223,,-0.10544937212190675,-0.7018899031559942,-0.5494783559647516,0.07781806594737506,-0.13917206574962565,0.5591500386821295,0.8,0.4,0.15211970074812958,4.80031681060791,15.0,0.0,0.0,0.0,0.0,0.0,0.0,,,0.0,-0.4950674747507359,-0.5272468606095337,,,
W2,LONG,BB_B2_20_2.5_HALF,Y2023,122,122.0,0.5737704918032787,5.202940762593786,3.865041709355385,0.1368650507610911,0.05183436358469893,0.2952908335919744,-0.07640042612663636,1.0471851629458293,0.3407472097944964,0.6495842777191906,-0.08145452738861272,7.974808749673034,0.29508196721311475,0.09016393442622951,0.15050351937537865,5.227647066116333,150.0,0.4098360655737705,0.29508196721311475,0.18032786885245902,0.13114754098360656,36.0,16.0,0.1509034119812381,0.4073936048626771,10.567092690353114,0.15765778673263256,16.697536192853114,,,
W2,LONG,BB_B2_20_2.5_HALF,Y2024,83,83.0,0.21686746987951808,0.3518362653659524,1.2705198471548282,-0.04713841875586077,-0.07066121052331831,0.11798762830554346,-0.09286563178824962,-0.3321644770295132,-0.5309351950727056,0.2024876486758399,-0.10499563108773519,1.928534040684413,0.6626506024096386,0.2891566265060241,0.15211970074812955,4.564663410186768,58.0,0.08433734939759036,0.060240963855421686,0.024096385542168676,0.0,5.0,0.0,,,-5.374624907323499,-0.09996138877711917,-3.912488756736444,,,
W2,LONG,BB_B2_20_2.5_HALF,Y2025,5,5.0,0.4,4.855562814978221,7.283344222467331,0.146694930333286,-0.03784613762447225,0.4618563378769306,-0.06341267469581034,1.0964458249074611,-0.32622024825973445,0.5775994081246931,-0.09215773896006693,6.267508454986878,0.6,0.0,0.11601406665088243,4.616859436035156,28.0,0.4,0.4,0.4,0.2,2.0,1.0,0.812487550534003,0.812487550534003,0.0,0.33264156538160095,0.7334746516664301,,,
W2,LONG,BB_B2_20_2.5_HALF,Y2026,29,43.28358208955223,0.7241379310344828,6.546708660477433,2.493984251610451,0.12211298377037218,0.09156063276581022,0.19903442823904888,-0.07980580795990413,0.7943468547949969,0.630996777233981,0.5866203193998063,-0.08206463680088659,7.148271682760543,0.20689655172413793,0.06896551724137931,0.15211970074812967,4.199597063630302,92.0,0.4827586206896552,0.3103448275862069,0.20689655172413793,0.10344827586206896,9.0,3.0,0.1434085917326984,0.1434085917326984,1.4098109691509482,0.301385236539642,3.5412765293407933,,,
W2,LONG,BB_B2_20_2_FULL,PRE_2020_2022,166,55.371232876712334,0.4759036144578313,1.0043830984907582,1.106092779350582,0.00013116806801412323,-0.0050455553308520985,0.06315784235068532,-0.057099949958779275,-0.013535996118532519,-0.03681497126530879,0.0626755098429356,-0.04736397951150356,1.3232737301500022,0.15060240963855423,0.15060240963855423,0.15211970074812958,5.083710193634033,4.0,0.1144578313253012,0.030120481927710843,0.012048192771084338,0.006024096385542169,5.0,1.0,42.86043751602826,98.66260296182843,-1.5769574403292275,0.001643313153988261,0.021773899290344456,,,
W2,LONG,BB_B2_20_2_FULL,DISCOVERY,205,102.57020547945206,0.48292682926829267,1.2420886855509847,1.3299131380646907,0.005078558276540859,-0.0015362378669068711,0.05395568619356513,-0.0405708347780384,0.030920224049779368,-0.01569873508830105,0.06168573247198776,-0.04588615544411298,1.3443212200925805,0.09268292682926829,0.09268292682926829,0.15211970074812953,4.936376571655273,4.0,0.07804878048780488,0.014634146341463415,0.00975609756097561,0.004878048780487805,3.0,1.0,0.68366455763081,2.070017558563125,-0.29549873998036524,0.07632730547587069,1.041104446690876,,,
W2,LONG,BB_B2_20_2_FULL,STRICT_OOS,34,20.358196721311476,0.5,2.107918891778102,2.107918891778102,0.017918456357047946,-3.6810684695460887e-05,0.068183064566946,-0.03234615185285011,0.11392916761726032,0.00315482700266727,0.07492249844793918,-0.049676253710233445,1.5082155527461794,0.029411764705882353,0.029411764705882353,0.15211970074812967,4.2176244258880615,3.0,0.14705882352941177,0.029411764705882353,0.0,0.0,1.0,0.0,0.3309154129987002,0.5968009467442403,-0.1524901678338558,0.40346193121829815,0.6092275161396302,,,
W2,LONG,BB_B2_20_2_FULL,EXTENDED,117,43.78509221311476,0.42735042735042733,0.8436349767324532,1.1304708688214875,-0.0040064731060110576,-0.004003847302160908,0.05058165703143302,-0.044743883656342465,-0.03892080203024732,-0.030750396027012367,0.056508510515515205,-0.051167614764645444,1.1043803932513987,0.1111111111111111,0.1111111111111111,0.1521197007481296,4.488511562347412,4.0,0.07692307692307693,0.008547008547008548,0.0,0.0,1.0,0.0,,,-1.278810943060587,-0.0557380919623417,-0.4687573534032937,,,
W2,LONG,BB_B2_20_2_FULL,FULL_2023_2026,239,65.09675615212528,0.48535564853556484,1.3402470562083812,1.4211240337381972,0.006905154656194587,-0.0015362378669068711,0.05604073302414682,-0.03943408998350018,0.042729027737203454,-0.01569873508830105,0.06356878704597248,-0.046425332603310034,1.369269394129018,0.08368200836820083,0.08368200836820083,0.15211970074812955,4.8848676681518555,4.0,0.08786610878661087,0.016736401673640166,0.008368200836820083,0.0041841004184100415,4.0,1.0,0.4312866908143907,1.5299798760793197,0.3003921151444917,0.10893280282709611,1.6503319628305062,,,
W2,LONG,BB_B2_20_2_FULL,Y2020,60,60.0,0.35,0.604024884825584,1.1217605003903703,-0.014305190969622817,-0.013925837539352833,0.06234656816053718,-0.05557921511663203,-0.12553312970838879,-0.0944037566469751,0.05113524832366565,-0.047771074249716564,1.0704228265071734,0.18333333333333332,0.18333333333333332,0.15211970074812958,5.273013114929199,3.0,0.06666666666666667,0.016666666666666666,0.016666666666666666,0.016666666666666666,1.0,1.0,,,-1.9556769264711937,-0.18498091771063987,-0.858311458177369,,,
W2,LONG,BB_B2_20_2_FULL,Y2021,101,101.0,0.5643564356435643,1.4258640317456328,1.1006669718738218,0.010809627712186678,0.006785369139756974,0.06413046774688962,-0.05826509687822394,0.06622258247185296,0.04460545942692701,0.07120334577188836,-0.04659624787367113,1.5280918318773322,0.12871287128712872,0.12871287128712872,0.1521197007481296,4.8747429847717285,4.0,0.1485148514851485,0.039603960396039604,0.009900990099009901,0.0,4.0,0.0,0.2940776181751901,1.0710350156160275,-0.07755406940720133,0.13281902663392392,1.0917723989308545,,,
W2,LONG,BB_B2_20_2_FULL,Y2022,5,5.0,0.2,0.10469778366348541,0.41879113465394163,-0.042337408292628186,-0.0237974372362974,0.02475495276015355,-0.05911049855582362,-0.280693680566044,-0.1564388906845125,0.02889636230932937,-0.05798702173716295,0.49832464995887443,0.2,0.2,0.15211970074812958,4.80031681060791,3.0,0.0,0.0,0.0,0.0,0.0,0.0,,,0.0,-0.5427872858029256,-0.21168704146314093,,,
W2,LONG,BB_B2_20_2_FULL,Y2023,122,122.0,0.5409836065573771,2.143875221356563,1.819045642363144,0.017369584559293452,0.0018142873670198888,0.06017639665499057,-0.033081301124921025,0.12103255300598821,0.014348263070777523,0.07033970798091921,-0.04187740626825886,1.6796577020634027,0.05737704918032787,0.05737704918032787,0.15050351937537865,5.227647066116333,4.0,0.09836065573770492,0.02459016393442623,0.01639344262295082,0.00819672131147541,3.0,1.0,0.19257022627273593,0.719405668302476,0.7824861295625578,0.3144049430613948,2.119089316233801,,,
W2,LONG,BB_B2_20_2_FULL,Y2024,83,83.0,0.39759036144578314,0.5596387208964144,0.8479374559036583,-0.012987769512565351,-0.005567764736321197,0.04151426527071422,-0.04895911246952986,-0.10153404260874445,-0.036601207528931146,0.048965431121510215,-0.05177853375079011,0.9456704849384235,0.14457831325301204,0.14457831325301204,0.15211970074812955,4.564663410186768,4.0,0.04819277108433735,0.0,0.0,0.0,0.0,0.0,,,-1.672088886208618,-0.15622969123810496,-1.0779848695429242,,,
W2,LONG,BB_B2_20_2_FULL,Y2025,5,5.0,0.2,0.9301259053926256,3.7205036215705025,-0.0007427456208729817,-0.01246363991088478,0.04943512663547129,-0.01328721368495905,0.003953900238163341,-0.10880369647210866,0.05309483565596955,-0.02512917394995475,2.1128762832279713,0.0,0.0,0.11601406665088243,4.616859436035156,3.0,0.0,0.0,0.0,0.0,0.0,0.0,,,0.0,-0.037137281043649085,-0.0037137281043649085,,,
W2,LONG,BB_B2_20_2_FULL,Y2026,29,43.28358208955223,0.5517241379310345,2.2339383121155056,1.8150748785938482,0.021135904973930874,0.005908775310364549,0.06935481068766317,-0.03821044051989351,0.13289042061365633,0.03884293277797025,0.07868588858448565,-0.05390850884131596,1.4596190893742562,0.034482758620689655,0.034482758620689655,0.15211970074812967,4.199597063630302,4.0,0.1724137931034483,0.034482758620689655,0.0,0.0,1.0,0.0,0.3289104412645226,0.3289104412645226,-0.14877643972949092,0.4347101023007059,0.6129412442439953,,,
W2,LONG,BB_B2_20_2_HALF,PRE_2020_2022,166,55.371232876712334,0.3855421686746988,1.7516585027760798,2.7917057387993776,0.03751840711052998,-0.04094326553132651,0.22677823591071988,-0.08123285801900092,0.24879688661088253,-0.3090954707737787,0.4355662329179904,-0.0933725636175824,4.664820328826997,0.4879518072289157,0.15060240963855423,0.15211970074812958,5.083710193634033,86.0,0.24096385542168675,0.13253012048192772,0.07228915662650602,0.05421686746987952,22.0,9.0,0.4330996097323381,1.1025806534659657,1.0455332031019813,0.06246482704325737,6.228055580347976,,,
W2,LONG,BB_B2_20_2_HALF,DISCOVERY,205,102.57020547945206,0.3951219512195122,2.360938574562811,3.61427633636776,0.060818937768671984,-0.03678666832935062,0.2670261763570543,-0.07388095195438421,0.47020015244765856,-0.27403301482548686,0.468564666935785,-0.09098580352045256,5.149865680204243,0.44390243902439025,0.08780487804878048,0.15211970074812953,4.936376571655273,96.0,0.25365853658536586,0.18048780487804877,0.12682926829268293,0.09268292682926829,37.0,19.0,0.28346087763785965,0.7243300269765394,6.326220527728152,0.09227607773065727,12.467882242577756,,,
W2,LONG,BB_B2_20_2_HALF,STRICT_OOS,34,20.358196721311476,0.6764705882352942,5.491323051973017,2.6262849379001385,0.1074236603625339,0.04259110373812786,0.19415730143865953,-0.07392849825118333,0.7118504431337562,0.3221379050829005,0.585293714800525,-0.08354891653017782,7.005401615101941,0.2647058823529412,0.029411764705882353,0.15211970074812967,4.2176244258880615,89.0,0.4117647058823529,0.3235294117647059,0.14705882352941177,0.08823529411764706,11.0,3.0,0.15821338306175214,0.30297112435889295,1.4534661664110147,0.283351780630423,3.6524044523261523,,,
W2,LONG,BB_B2_20_2_HALF,EXTENDED,117,43.78509221311476,0.3076923076923077,1.035813001723511,2.3305792538779,0.0018783645718331804,-0.05341779848076921,0.17656470118404155,-0.07576000725581497,-0.007526069584268394,-0.4056784989336924,0.31373043712232956,-0.09876325249835954,3.176590778311403,0.5470085470085471,0.10256410256410256,0.1521197007481296,4.488511562347412,59.0,0.17094017094017094,0.1282051282051282,0.06837606837606838,0.03418803418803419,15.0,4.0,2.6293980138499786,12.049405924814486,-2.0860540594802717,0.004681407070070979,0.2197686549044821,,,
W2,LONG,BB_B2_20_2_HALF,FULL_2023_2026,239,65.09675615212528,0.4351464435146444,2.616157706271859,3.395973945641356,0.06744889830503728,-0.02732017911993034,0.2509109444039478,-0.07388482609708635,0.5045771812481914,-0.20661059900441883,0.48517047290817494,-0.08992783633355156,5.395108930549913,0.41841004184100417,0.0794979079497908,0.15211970074812955,4.8848676681518555,93.0,0.27615062761506276,0.200836820083682,0.1297071129707113,0.09205020920502092,48.0,22.0,0.21923659979842827,0.6288619276136124,9.978624980054303,0.1089171764123098,16.12028669490391,,,
W2,LONG,BB_B2_20_2_HALF,Y2020,60,60.0,0.3333333333333333,1.568674942649162,3.1373498852983244,0.03380138893586184,-0.06321294729590579,0.2797207396025746,-0.08915828639749453,0.22666899060785076,-0.5032437487391903,0.4402765887924574,-0.09604132646840227,4.584241023964918,0.6,0.18333333333333332,0.15211970074812958,5.273013114929199,54.5,0.23333333333333334,0.15,0.11666666666666667,0.1,9.0,6.0,0.5219465336734328,1.2027775205713556,-1.4275885484937783,0.058236420277148905,2.0280833361517105,,,
W2,LONG,BB_B2_20_2_HALF,Y2021,101,101.0,0.43564356435643564,2.1037898594122195,2.725364136056739,0.04633380161118791,-0.021772538395113113,0.2027134615053314,-0.07438032181587023,0.30577509618827514,-0.14619841837973588,0.4504783070010107,-0.08951985785808328,5.0321606599862845,0.40594059405940597,0.12871287128712872,0.1521197007481296,4.8747429847717285,100.0,0.25742574257425743,0.12871287128712872,0.04950495049504951,0.0297029702970297,13.0,3.0,0.31614749803801245,0.8916656125467074,0.5069739456089719,0.0733267621863049,4.679713962729979,,,
W2,LONG,BB_B2_20_2_HALF,Y2022,5,5.0,0.0,0.0,,-0.09594834370674235,-0.09126841936627833,,-0.09594834370674235,-0.6366281948160661,-0.5999776420635677,0.07781806594737506,-0.13917206574962565,0.5591500386821295,0.8,0.2,0.15211970074812958,4.80031681060791,15.0,0.0,0.0,0.0,0.0,0.0,0.0,,,0.0,-0.45258652691859597,-0.4797417185337117,,,
W2,LONG,BB_B2_20_2_HALF,Y2023,122,122.0,0.5573770491803278,5.143035408691646,4.084175177490424,0.13033211508196252,0.019980526058235252,0.2902707202262511,-0.07107205435899344,0.9956925939317796,0.17885842436845498,0.6495842777191906,-0.08145452738861272,7.974808749673034,0.29508196721311475,0.05737704918032787,0.15050351937537865,5.227647066116333,150.0,0.3770491803278688,0.27049180327868855,0.1885245901639344,0.14754098360655737,33.0,18.0,0.15873803921985657,0.42861714108317145,9.758856325149823,0.1573374039184586,15.900518039999426,,,
W2,LONG,BB_B2_20_2_HALF,Y2024,83,83.0,0.1566265060240964,0.3551734034147484,1.9124721722332603,-0.04135705780026109,-0.06677690801305275,0.1454393315027943,-0.07604781581368567,-0.30221042419165195,-0.5309351950727056,0.2024876486758399,-0.10499563108773519,1.928534040684413,0.6626506024096386,0.13253012048192772,0.15211970074812955,4.564663410186768,58.0,0.07228915662650602,0.04819277108433735,0.03614457831325301,0.012048192771084338,4.0,1.0,,,-4.952178670738205,-0.10079682271095788,-3.4326357974216704,,,
W2,LONG,BB_B2_20_2_HALF,Y2025,5,5.0,0.4,4.361312937293194,6.541969405939791,0.1320262597672627,-0.0366444524243919,0.42826110327076733,-0.06546363590174038,0.9728158075564532,-0.3158621491535584,0.5775994081246931,-0.09215773896006693,6.267508454986878,0.6,0.0,0.11601406665088243,4.616859436035156,28.0,0.4,0.4,0.2,0.2,2.0,1.0,0.8753701964002966,0.8753701964002966,0.0,0.3007431885359059,0.6601312988363135,,,
W2,LONG,BB_B2_20_2_HALF,Y2026,29,43.28358208955223,0.7241379310344828,5.851108380577158,2.2289936687912983,0.10318183287895998,0.04377839273182466,0.17186170126417308,-0.07710282163222446,0.6668564147850153,0.34257382436890926,0.5866203193998063,-0.08206463680088659,7.148271682760543,0.20689655172413793,0.034482758620689655,0.15211970074812967,4.199597063630302,92.0,0.41379310344827586,0.3103448275862069,0.13793103448275862,0.06896551724137931,9.0,2.0,0.17669303292238675,0.17669303292238675,1.0932842139784227,0.27978243604393077,2.9922731534898395,,,
W2,LONG,BB_B2_30_2_FULL,PRE_2020_2022,166,55.371232876712334,0.4759036144578313,1.188378773705033,1.3087209280042769,0.005174069718010113,-0.0026142381289409556,0.06858611347421167,-0.05240698150888555,0.01878022688179557,-0.018727085571779517,0.07152795025412785,-0.047117858439514465,1.5180645433185125,0.13253012048192772,0.13253012048192772,0.15211970074812958,5.083710193634033,4.0,0.12048192771084337,0.03614457831325301,0.024096385542168676,0.006024096385542169,6.0,1.0,1.074747842921596,2.834269890714273,-1.0059865391207334,0.06541474281718802,0.8588955731896788,,,
W2,LONG,BB_B2_30_2_FULL,DISCOVERY,205,102.57020547945206,0.4682926829268293,1.593670316421194,1.809479838436564,0.010855265234932982,-0.001220692726747792,0.062226620640191764,-0.034389231268781156,0.07592715471503741,-0.011356219626309684,0.07022479566694827,-0.04449201914158019,1.5783683685715086,0.07317073170731707,0.07317073170731707,0.15211970074812953,4.936376571655273,4.0,0.08780487804878048,0.024390243902439025,0.014634146341463415,0.0,5.0,0.0,0.34296033949462656,1.11358034365109,0.573973373930313,0.16021089799577115,2.2253293731612613,,,
W2,LONG,BB_B2_30_2_FULL,STRICT_OOS,34,20.358196721311476,0.47058823529411764,2.515377491665869,2.8297996781241026,0.020312413638015073,-0.0030251033273658813,0.07164779088931351,-0.025319032807583547,0.1337795877640121,-0.02045576056752895,0.08406712495021611,-0.05052857612263828,1.6637540853353192,0.029411764705882353,0.029411764705882353,0.15211970074812967,4.2176244258880615,4.5,0.11764705882352941,0.029411764705882353,0.0,0.0,1.0,0.0,0.36848391257660246,0.6424233366213008,-0.08128868762978891,0.40624827276030145,0.6906220636925124,,,
W2,LONG,BB_B2_30_2_FULL,EXTENDED,117,43.78509221311476,0.42735042735042733,1.0797947091229925,1.4469249102248096,0.001712494021628942,-0.00427960407112354,0.05422655574564755,-0.03747710427987748,0.0026335590334409307,-0.03565329612045222,0.06384285162047118,-0.049162905440993394,1.2985980191324746,0.08547008547008547,0.08547008547008547,0.1521197007481296,4.488511562347412,4.0,0.05982905982905983,0.017094017094017096,0.008547008547008548,0.0,2.0,0.0,1.7959242453342292,6.081583899679191,-0.8979336666344575,0.02517108046866661,0.20036180053058622,,,
W2,LONG,BB_B2_30_2_FULL,FULL_2023_2026,239,65.09675615212528,0.4686192468619247,1.693585718457056,1.9204052343218405,0.012200633627003236,-0.0012305477587959924,0.06357250210435202,-0.03310369132939882,0.08415720795213008,-0.012195673561271188,0.07219399732230854,-0.045350776201647035,1.591902131979091,0.06694560669456066,0.06694560669456066,0.15211970074812955,4.8848676681518555,4.0,0.09205020920502092,0.02510460251046025,0.012552301255230125,0.0,6.0,0.0,0.2617326570192201,1.0019902052127119,1.251049041650278,0.18703986124783664,2.9159514368537733,,,
W2,LONG,BB_B2_30_2_FULL,Y2020,60,60.0,0.35,0.7330042947832147,1.3612936903116846,-0.009167211503604935,-0.01376751213627064,0.0719070464648493,-0.05282258117892644,-0.10217898845880012,-0.10238325525685757,0.062422463142653255,-0.0467535352773919,1.3351388889053317,0.16666666666666666,0.16666666666666666,0.15211970074812958,5.273013114929199,4.0,0.06666666666666667,0.03333333333333333,0.03333333333333333,0.016666666666666666,2.0,1.0,,,-1.8049094410655373,-0.11134264984135547,-0.5500326902162961,,,
W2,LONG,BB_B2_30_2_FULL,Y2021,101,101.0,0.5643564356435643,1.7409243449830973,1.3438714241974787,0.01643343391939037,0.007326603062877084,0.06841965413999249,-0.05091235136638963,0.10801778618758734,0.059778003497768135,0.07904762516910278,-0.046796210649802696,1.6891885917997096,0.10891089108910891,0.10891089108910891,0.1521197007481296,4.8747429847717285,5.0,0.15841584158415842,0.039603960396039604,0.019801980198019802,0.0,4.0,0.0,0.2272140291016372,0.8214486535162557,0.29635538711953713,0.21279190075108043,1.6597768258584273,,,
W2,LONG,BB_B2_30_2_FULL,Y2022,5,5.0,0.2,0.032157565094827444,0.12863026037930977,-0.05016971249049055,-0.02933165548061639,0.008334702721315371,-0.06479581629344203,-0.33230788700805014,-0.19281957127421606,0.02889636230932937,-0.05798702173716295,0.49832464995887443,0.2,0.2,0.15211970074812958,4.80031681060791,3.0,0.0,0.0,0.0,0.0,0.0,0.0,,,0.0,-0.6432014421857762,-0.25084856245245274,,,
W2,LONG,BB_B2_30_2_FULL,Y2023,122,122.0,0.5081967213114754,2.6038182885984367,2.5198241502565515,0.02225893144527203,0.002626498206356358,0.07110955561943622,-0.02822004686803098,0.16233972371841388,0.02082033082948761,0.08020288295439847,-0.04169488176719193,1.9235666238897209,0.04918032786885246,0.04918032786885246,0.15050351937537865,5.227647066116333,4.5,0.12295081967213115,0.03278688524590164,0.01639344262295082,0.0,4.0,0.0,0.14615999437189767,0.5997895831407245,1.2535018306754284,0.3559095198326589,2.7155896363231875,,,
W2,LONG,BB_B2_30_2_FULL,Y2024,83,83.0,0.40963855421686746,0.7614564606140896,1.0973931344144234,-0.005906750158577422,-0.004424856379004856,0.04602832744274593,-0.04194333461663852,-0.051088910567034,-0.039115388262747644,0.05555820953358773,-0.048603474077427995,1.1430913239880849,0.10843373493975904,0.10843373493975904,0.15211970074812955,4.564663410186768,4.0,0.03614457831325301,0.012048192771084338,0.012048192771084338,0.0,1.0,0.0,,,-1.3077066436334523,-0.07831633596835878,-0.490260263161926,,,
W2,LONG,BB_B2_30_2_FULL,Y2025,5,5.0,0.2,0.5714390395606741,2.2857561582426964,-0.004107586375409362,-0.009577902307147442,0.027385079719700115,-0.011980752899186733,-0.025519801676028443,-0.09023631946610196,0.05309483565596955,-0.02512917394995475,2.1128762832279713,0.0,0.0,0.11601406665088243,4.616859436035156,3.0,0.0,0.0,0.0,0.0,0.0,0.0,,,0.0,-0.18670847160951648,-0.020537931877046813,,,
W2,LONG,BB_B2_30_2_FULL,Y2026,29,43.28358208955223,0.5172413793103449,2.743810332545638,2.5608896437092623,0.024522758467915847,0.008389704770180587,0.0745986383006211,-0.02912996992426835,0.1612449997364329,0.05515199365315437,0.08940717482853447,-0.0549077833937906,1.6283151368052735,0.034482758620689655,0.034482758620689655,0.15211970074812967,4.199597063630302,5.0,0.13793103448275862,0.034482758620689655,0.0,0.0,1.0,0.0,0.3578422882706332,0.3578422882706332,-0.06075075575274208,0.4472704374651318,0.7111599955695596,,,
W2,LONG,BB_B2_30_2_HALF,PRE_2020_2022,166,55.371232876712334,0.3855421686746988,1.8110631851527408,2.8863819513371807,0.04003985793552797,-0.04294112046991163,0.23189936292025493,-0.08034257656469283,0.2649549981110465,-0.32273698485384517,0.4355662329179904,-0.0933725636175824,4.664820328826997,0.4879518072289157,0.13253012048192772,0.15211970074812958,5.083710193634033,86.0,0.26506024096385544,0.15060240963855423,0.0783132530120482,0.05421686746987952,25.0,9.0,0.398704344609159,1.0209989727306412,1.5521361253890769,0.06670295967983987,6.646616417297643,,,
W2,LONG,BB_B2_30_2_HALF,DISCOVERY,205,102.57020547945206,0.4,2.4773365745629934,3.7160048618444903,0.06370729124786803,-0.036155980166390704,0.26707590773850226,-0.07187178641255476,0.4927036177802876,-0.28247808259425383,0.468564666935785,-0.09098580352045256,5.149865680204243,0.44390243902439025,0.06829268292682927,0.15211970074812953,4.936376571655273,96.0,0.24878048780487805,0.18536585365853658,0.12195121951219512,0.09268292682926829,38.0,19.0,0.27138584248749076,0.7018897830121106,6.9110226125324825,0.0965690232609653,13.059994705812947,,,
W2,LONG,BB_B2_30_2_HALF,STRICT_OOS,34,20.358196721311476,0.6470588235294118,5.4888986195667435,2.99394470158186,0.10862063900301745,0.056199802312088876,0.2052645738287073,-0.06855990817741393,0.721775653207132,0.3764344371314853,0.585293714800525,-0.08354891653017782,7.005401615101941,0.2647058823529412,0.029411764705882353,0.15211970074812967,4.2176244258880615,89.0,0.4117647058823529,0.3235294117647059,0.11764705882352941,0.08823529411764706,11.0,3.0,0.15646990187896975,0.2927342345613338,1.5185733059211353,0.2844129169120211,3.6931017261025936,,,
W2,LONG,BB_B2_30_2_HALF,EXTENDED,117,43.78509221311476,0.3076923076923077,1.0938282406956976,2.46111354156532,0.004737848135653183,-0.05423612709683589,0.1795064489172852,-0.07293708554507215,0.01325111094757574,-0.4084775519470782,0.31373043712232956,-0.09876325249835954,3.176590778311403,0.5470085470085471,0.07692307692307693,0.1521197007481296,4.488511562347412,59.0,0.17094017094017094,0.13675213675213677,0.05128205128205128,0.03418803418803419,16.0,4.0,1.0424496381168662,4.742825383192826,-1.729383764321589,0.01186490222327531,0.5543282318714224,,,
W2,LONG,BB_B2_30_2_HALF,FULL_2023_2026,239,65.09675615212528,0.4351464435146444,2.733745782868414,3.5486123143003447,0.0700966377904416,-0.03112578507123875,0.2540004332575841,-0.0715773972360978,0.5252912713556546,-0.21392248225845287,0.48517047290817494,-0.08992783633355156,5.395108930549913,0.41841004184100417,0.06276150627615062,0.15211970074812955,4.8848676681518555,93.0,0.2719665271966527,0.20502092050209206,0.12133891213389121,0.09205020920502092,49.0,22.0,0.21156075120340975,0.6116943335697388,10.604124338635074,0.11302476931634707,16.753096431915544,,,
W2,LONG,BB_B2_30_2_HALF,Y2020,60,60.0,0.31666666666666665,1.6166611867491285,3.4885846661428563,0.03637037866887079,-0.0630589689461549,0.30110493226631824,-0.08631148763238533,0.23834606123264507,-0.5107336833357777,0.4402765887924574,-0.09604132646840227,4.584241023964918,0.6,0.16666666666666666,0.15211970074812958,5.273013114929199,54.5,0.25,0.16666666666666666,0.11666666666666667,0.1,10.0,6.0,0.4699109483441678,1.1044587076406116,-1.2546223315536198,0.06239378756632587,2.182222720132247,,,
W2,LONG,BB_B2_30_2_HALF,Y2021,101,101.0,0.44554455445544555,2.194105384394052,2.730442256134821,0.049145704714789754,-0.016535171886911944,0.20267923364080592,-0.07422945245790184,0.32667269804614224,-0.11129324438735293,0.4504783070010107,-0.08951985785808328,5.0321606599862845,0.40594059405940597,0.10891089108910891,0.1521197007481296,4.8747429847717285,100.0,0.2871287128712871,0.1485148514851485,0.0594059405940594,0.0297029702970297,15.0,3.0,0.28916579240324986,0.8307515410479108,0.8401013134963515,0.0780335823957517,4.963716176193765,,,
W2,LONG,BB_B2_30_2_HALF,Y2022,5,5.0,0.0,0.0,,-0.09986449580567353,-0.09403552848843783,,-0.09986449580567353,-0.6624352980370694,-0.6181679823584195,0.07781806594737506,-0.13917206574962565,0.5591500386821295,0.8,0.2,0.15211970074812958,4.80031681060791,15.0,0.0,0.0,0.0,0.0,0.0,0.0,,,0.0,-0.4710589424795921,-0.4993224790283676,,,
W2,LONG,BB_B2_30_2_HALF,Y2023,122,122.0,0.5573770491803278,5.313868276952754,4.219836572874246,0.1327767885249518,0.019678450388132433,0.2934384249671541,-0.06953786477263625,1.0163461792879926,0.16955948621532296,0.6495842777191906,-0.08145452738861272,7.974808749673034,0.29508196721311475,0.04918032786885246,0.15050351937537865,5.227647066116333,150.0,0.36885245901639346,0.27049180327868855,0.1885245901639344,0.14754098360655737,33.0,18.0,0.15672960256682883,0.4245964427296973,10.049796106763653,0.1595859139948192,16.19876820004412,,,
W2,LONG,BB_B2_30_2_HALF,Y2024,83,83.0,0.1686746987951807,0.3827612023784258,1.8864659260079562,-0.037816548123267124,-0.06460616034988925,0.13902939548505047,-0.07369833378292576,-0.27698785817079674,-0.5148913554864554,0.2024876486758399,-0.10499563108773519,1.928534040684413,0.6626506024096386,0.0963855421686747,0.15211970074812955,4.564663410186768,58.0,0.07228915662650602,0.060240963855421686,0.024096385542168676,0.012048192771084338,5.0,1.0,,,-4.6548655522313505,-0.09304204814676661,-3.1387734942311716,,,
W2,LONG,BB_B2_30_2_HALF,Y2025,5,5.0,0.4,4.182175878419432,6.273263817629148,0.1303438393899945,-0.04766947588227748,0.42826110327076733,-0.06826766986385403,0.9580789565993575,-0.41089393086898485,0.5775994081246931,-0.09215773896006693,6.267508454986878,0.6,0.0,0.11601406665088243,4.616859436035156,28.0,0.4,0.4,0.2,0.2,2.0,1.0,0.8866690860368879,0.8866690860368879,0.0,0.2962359986136238,0.6517191969499725,,,
W2,LONG,BB_B2_30_2_HALF,Y2026,29,43.28358208955223,0.6896551724137931,5.922000850878772,2.664900382895447,0.10487525962595244,0.06841104793327263,0.18296492088450128,-0.06865732094860058,0.6810337043464035,0.4497185282170873,0.5866203193998063,-0.08206463680088659,7.148271682760543,0.20689655172413793,0.034482758620689655,0.15211970074812967,4.199597063630302,92.0,0.41379310344827586,0.3103448275862069,0.10344827586206896,0.06896551724137931,9.0,2.0,0.16546358026711852,0.16546358026711852,1.1523748971664585,0.2820011617202245,3.041382529152621,,,
W2,LONG,MODERN,PRE_2020_2022,166,55.371232876712334,0.25301204819277107,0.9685465356801168,2.859518343436535,-0.001410936091052129,-0.027150112989989258,0.1717189191595805,-0.060051693514653504,-0.018635882702361845,-0.2055683481187513,0.17195196773110388,-0.05829596093352676,2.949637761819826,0.03614457831325301,0.03614457831325301,0.15211970074812958,5.083710193634033,16.5,0.1144578313253012,0.06626506024096386,0.03614457831325301,0.018072289156626505,11.0,3.0,,,-3.746724483281568,-0.005934010415876701,-0.2342153911146534,,,
W2,LONG,MODERN,DISCOVERY,205,102.57020547945206,0.32682926829268294,1.6277480419888042,3.3526750715590294,0.022812728747830104,-0.022095068975030382,0.18099147100297389,-0.053984196839812135,0.17351407763947618,-0.15738795555324167,0.1619747279540485,-0.05205340199474361,3.1117030154994443,0.04390243902439024,0.04390243902439024,0.15211970074812953,4.936376571655273,18.0,0.15121951219512195,0.09268292682926829,0.06829268292682927,0.05853658536585366,19.0,12.0,0.2914880432901833,1.3490911974670567,1.3414790539174621,0.08660387765379948,4.676609393305172,,,
W2,LONG,MODERN,STRICT_OOS,34,20.358196721311476,0.47058823529411764,3.009735230390937,3.3859521341898047,0.07296208431465981,-0.006843857637334967,0.23219112333218753,-0.06857483925647595,0.47908789654799194,-0.04616411581597296,0.26599653779316945,-0.057412360658618544,4.633088323520084,0.0,0.0,0.15211970074812967,4.2176244258880615,6.0,0.17647058823529413,0.11764705882352941,0.08823529411764706,0.08823529411764706,4.0,3.0,0.4863810132888408,0.8360373052901495,-0.673161306957107,0.3793135881801886,2.4807108666984337,,,
W2,LONG,MODERN,EXTENDED,117,43.78509221311476,0.2905982905982906,1.3722416812954732,3.3498841043389493,0.015327672727573148,-0.022095068975030382,0.19444141335474596,-0.058044221023316904,0.09895565503843631,-0.15362890940143556,0.16440196103979932,-0.056504851655095036,2.9095193815091664,0.05128205128205128,0.05128205128205128,0.1521197007481296,4.488511562347412,9.0,0.1111111111111111,0.06837606837606838,0.05982905982905983,0.05128205128205128,8.0,6.0,0.6728072793436196,2.5850922740083315,-2.2772165585956303,0.07739912426094338,1.7933377091260583,,,
W2,LONG,MODERN,FULL_2023_2026,239,65.09675615212528,0.3472803347280335,1.8241804724891282,3.428580165160289,0.029946946694575767,-0.02096984576458177,0.1908612835001717,-0.05566773250327334,0.21698483012018552,-0.15348677055308355,0.17677280968848413,-0.052815764315127495,3.3469705869210125,0.03765690376569038,0.03765690376569038,0.15211970074812955,4.8848676681518555,15.0,0.15481171548117154,0.09623430962343096,0.07112970711297072,0.06276150627615062,23.0,15.0,0.28976862189446084,1.1811573193826164,3.0500328389246256,0.11822464915764137,7.157320260003608,,,
W2,LONG,MODERN,Y2020,60,60.0,0.25,1.252116373383931,3.7563491201517922,0.012763964046760631,-0.03833896032854866,0.2535649415818771,-0.06750302846494488,0.07539599619778331,-0.2972980767375728,0.1681366205723356,-0.060539495254382986,2.777304631725728,0.05,0.05,0.15211970074812958,5.273013114929199,17.5,0.13333333333333333,0.1,0.06666666666666667,0.016666666666666666,6.0,1.0,2.267073434681337,3.232202530453744,-2.303072489914441,0.05594140561034607,0.7658378428056378,,,
W2,LONG,MODERN,Y2021,101,101.0,0.26732673267326734,0.8791338838383749,2.4094780520014716,-0.004640016919149115,-0.019877958533110304,0.12624890670274905,-0.052396786348760625,-0.04041476539401463,-0.14231664274535305,0.18102593322848545,-0.054749901751741825,3.3064156726587415,0.0297029702970297,0.0297029702970297,0.1521197007481296,4.8747429847717285,17.0,0.10891089108910891,0.04950495049504951,0.019801980198019802,0.019801980198019802,5.0,2.0,,,-2.2672959508473247,-0.018399752997018477,-0.4686417088340606,,,
W2,LONG,MODERN,Y2022,5,5.0,0.0,0.0,,-0.10628230501724611,-0.12770949031620898,,-0.10628230501724611,-0.7070849991327174,-0.8395328789639317,0.03444203058921667,-0.10300394455530767,0.334375841021536,0.0,0.0,0.15211970074812958,4.80031681060791,6.0,0.0,0.0,0.0,0.0,0.0,0.0,,,0.0,-1.7142307260846148,-0.5314115250862306,,,
W2,LONG,MODERN,Y2023,122,122.0,0.4016393442622951,2.3872981257776407,3.5565870037095464,0.043967070089160246,-0.019391449774971144,0.18837711176434468,-0.052965697610621074,0.33017674392809265,-0.14947718667963245,0.1886366563433704,-0.049277869079257,3.828019755480357,0.02459016393442623,0.02459016393442623,0.15050351937537865,5.227647066116333,23.0,0.19672131147540983,0.12295081967213115,0.08196721311475409,0.07377049180327869,15.0,9.0,0.12493420051930987,0.7117804205188099,2.1310835545426317,0.14353713007432564,5.36398255087755,,,
W2,LONG,MODERN,Y2024,83,83.0,0.21686746987951808,0.8081743923568321,2.918407527955227,-0.008281604308100907,-0.023325352903299342,0.16088611559702004,-0.05512804982028826,-0.05676116678475513,-0.2106644638856352,0.12278490550227425,-0.05613310097895287,2.187388606026104,0.07228915662650602,0.07228915662650602,0.15211970074812955,4.564663410186768,11.0,0.08433734939759036,0.04819277108433735,0.04819277108433735,0.03614457831325301,4.0,3.0,,,-3.0677315891544152,-0.041333322764424245,-0.6873731575723753,,,
W2,LONG,MODERN,Y2025,5,5.0,0.4,0.3442843774283739,0.5164265661425609,-0.03557926135037902,-0.049319477367085356,0.046702348631470214,-0.09043366800494518,-0.2042625357578718,-0.3242149249869055,0.05495130091407008,-0.07067971380244638,0.777469205204508,0.0,0.0,0.11601406665088243,4.616859436035156,9.0,0.0,0.0,0.0,0.0,0.0,0.0,,,0.0,-0.3234478304579911,-0.1778963067518951,,,
W2,LONG,MODERN,Y2026,29,43.28358208955223,0.4827586206896552,3.76062295072679,4.029238875778703,0.09167610942932168,-0.006298429804677481,0.25868951971800425,-0.06420307350678213,0.596906936600727,-0.04140443199468311,0.30238364759991065,-0.05512488597864823,5.485428989676899,0.0,0.0,0.15211970074812967,4.199597063630302,6.0,0.20689655172413793,0.13793103448275862,0.10344827586206896,0.10344827586206896,4.0,3.0,0.4538356313300474,0.4538356313300474,-0.4952650002052119,0.44384093045915335,2.6586071734503287,,,
W2,LONG,STOP_STAGE4_ONLY,PRE_2020_2022,166,55.371232876712334,0.3373493975903614,2.0153848346198333,3.9587916394318157,0.0905470922727381,-0.11779028768325484,0.5327480675364911,-0.1345734042251725,0.7338346464689066,-1.0435163934426224,0.5538820977813527,-0.09640441347965031,5.745401873102726,0.5783132530120482,0.5783132530120482,0.15211970074812958,5.083710193634033,109.0,0.2710843373493976,0.24096385542168675,0.18072289156626506,0.13253012048192772,40.0,22.0,0.38402290362948177,0.9267832866766573,4.680559897438513,0.04523539580255966,15.030817317274526,,,
W2,LONG,STOP_STAGE4_ONLY,DISCOVERY,205,102.57020547945206,0.36097560975609755,2.7335466328594187,4.83911633654843,0.152197447513548,-0.11393718126014013,0.6648450944311599,-0.1373897728826603,1.1783920687672755,-1.0435163934426224,0.6358478271487317,-0.09531594034433022,6.670949526928258,0.5707317073170731,0.5707317073170731,0.15211970074812953,4.936376571655273,134.0,0.28780487804878047,0.25365853658536586,0.2,0.18048780487804877,52.0,37.0,0.32734774195554733,0.8172773143561135,12.23522644405837,0.07612657494272865,31.200476740277338,,,
W2,LONG,STOP_STAGE4_ONLY,STRICT_OOS,34,20.358196721311476,0.6176470588235294,5.137309664447181,3.18023931608635,0.19692886436801985,0.08595141148658575,0.3959011067354348,-0.1244878348408813,1.309771718650252,0.6902671287501281,0.585293714800525,-0.08354891653017782,7.005401615101941,0.2647058823529412,0.2647058823529412,0.15211970074812967,4.2176244258880615,89.0,0.47058823529411764,0.38235294117647056,0.35294117647058826,0.3235294117647059,13.0,11.0,0.17401190181874598,0.3081053355426825,2.723546351968694,0.27587892000464254,6.695581388512675,,,
W2,LONG,STOP_STAGE4_ONLY,EXTENDED,117,43.78509221311476,0.26495726495726496,1.3013503251164238,3.610197676129434,0.03052630916654422,-0.13087128040123003,0.4975320093463611,-0.13781295485176182,0.2261482216364568,-1.0435163934426226,0.37869522109465176,-0.10222630185121,3.704479319283615,0.6495726495726496,0.6495726495726496,0.1521197007481296,4.488511562347412,62.0,0.21367521367521367,0.1794871794871795,0.15384615384615385,0.1452991452991453,21.0,17.0,0.5402712960017463,2.0602640656787483,-2.9977080744737834,0.03297551631876718,3.571578172485674,,,
W2,LONG,STOP_STAGE4_ONLY,FULL_2023_2026,239,65.09675615212528,0.39748953974895396,2.931855695785735,4.444076002033114,0.15856091267276157,-0.09825561737096139,0.6053943182036838,-0.13622501458722192,1.197082060800837,-1.0419909421445546,0.6286560287393633,-0.0936419704293462,6.71340026119688,0.5271966527196653,0.5271966527196653,0.15211970074812955,4.8848676681518555,108.0,0.3138075313807531,0.2719665271966527,0.2217573221757322,0.200836820083682,65.0,48.0,0.26951102867100407,0.7290703255912753,18.93080783257104,0.08729396970604907,37.89605812879002,,,
W2,LONG,STOP_STAGE4_ONLY,Y2020,60,60.0,0.3333333333333333,2.6876830902531434,5.375366180506287,0.15531384252962385,-0.118274322444127,0.7420250709269652,-0.13804177166904683,1.2442985674150768,-1.0435163934426228,0.6398657574029157,-0.09727607712978886,6.577832662281255,0.6333333333333333,0.6333333333333333,0.15211970074812958,5.273013114929199,70.0,0.2833333333333333,0.26666666666666666,0.25,0.2,16.0,12.0,0.3566424370718369,0.6241216014766863,1.1637683979447668,0.083018534982427,9.318830551777431,,,
W2,LONG,STOP_STAGE4_ONLY,Y2021,101,101.0,0.3564356435643564,1.7650649940997656,3.186922906013465,0.06434519239416926,-0.10904129782980537,0.4164830656528944,-0.1306850143337401,0.5185976447370104,-1.0435163934426221,0.5263702223543832,-0.09369200195804442,5.618091313601064,0.5247524752475248,0.5247524752475248,0.1521197007481296,4.8747429847717285,176.0,0.27722772277227725,0.2376237623762376,0.1485148514851485,0.09900990099009901,24.0,10.0,0.3767870059687137,1.1602197816577495,-1.0412466402880884,0.029778521040190138,6.4988644318110955,,,
W2,LONG,STOP_STAGE4_ONLY,Y2022,5,5.0,0.0,0.0,,-0.15737553326279974,-0.15873940149625915,,-0.15737553326279974,-1.0439449699008299,-1.043516393442623,0.07781806594737506,-0.14073516241442702,0.5529397530250606,1.0,1.0,0.15211970074812958,4.80031681060791,15.0,0.0,0.0,0.0,0.0,0.0,0.0,,,0.0,-0.4395964616279322,-0.7868776663139987,,,
W2,LONG,STOP_STAGE4_ONLY,Y2023,122,122.0,0.5245901639344263,5.420701021122416,4.912510300392189,0.2813481963631502,0.020965180300414558,0.6576401240564496,-0.13387048247083513,2.128223529507661,0.16475259307564338,0.8683725409887998,-0.08540945586903417,10.167170978355742,0.4098360655737705,0.4098360655737705,0.15050351937537865,5.227647066116333,281.5,0.4098360655737705,0.36065573770491804,0.28688524590163933,0.2540983606557377,44.0,31.0,0.17433380181101135,0.5834742483184253,15.359229660085372,0.10535121683282997,34.32447995630433,,,
W2,LONG,STOP_STAGE4_ONLY,Y2024,83,83.0,0.12048192771084337,0.6947299403045192,5.07152856422299,-0.03763859296418074,-0.15366944653757791,0.710956904829306,-0.14018592142904193,-0.2177457409957003,-1.043516393442623,0.29406451282959534,-0.10987727897066896,2.6762995551436433,0.8072289156626506,0.8072289156626506,0.15211970074812955,4.564663410186768,61.0,0.10843373493975904,0.0963855421686747,0.07228915662650602,0.07228915662650602,8.0,6.0,,,-9.076697439523906,-0.03717281313692291,-3.1240032160270013,,,
W2,LONG,STOP_STAGE4_ONLY,Y2025,5,5.0,0.4,4.221948992842962,6.332923489264442,0.26479526515539836,-0.11287707486195281,0.8674501873832957,-0.13697468299653318,1.9416777148747435,-1.0389827586206897,0.5775994081246931,-0.09215773896006693,6.267508454986878,0.6,0.6,0.11601406665088243,4.616859436035156,28.0,0.4,0.4,0.4,0.4,2.0,2.0,0.8800088253190863,0.8800088253190863,0.0,0.308619190157807,1.3239763257769919,,,
W2,LONG,STOP_STAGE4_ONLY,Y2026,29,43.28358208955223,0.6551724137931034,5.448837051432406,2.867808974438108,0.18522776078398903,0.09156063276581022,0.34626436140408107,-0.12074178039418573,1.2008224089563746,0.7495374802662751,0.5866203193998063,-0.08206463680088659,7.148271682760543,0.20689655172413793,0.20689655172413793,0.15211970074812967,4.199597063630302,92.0,0.4827586206896552,0.3793103448275862,0.3448275862068966,0.3103448275862069,11.0,9.0,0.16714436163452664,0.16714436163452664,1.9987711561083525,0.26884910223902314,5.371605062735682,,,
W2,LONG,TEXTBOOK_TRADER,PRE_2020_2022,166,55.371232876712334,0.2891566265060241,1.5683298816427622,3.8554776257051246,0.027512914846314948,-0.02638582598176536,0.2625671443865149,-0.06810236496664775,0.1821264601410597,-0.19808168387054886,0.2406106016553805,-0.06325076185624014,3.8040743635982395,0.18674698795180722,0.18674698795180722,0.15211970074812958,5.083710193634033,6.0,0.1566265060240964,0.08433734939759036,0.06626506024096386,0.060240963855421686,14.0,10.0,0.6231202626850282,1.7550709609124078,-1.4560051369919726,0.05128165129674693,4.567143864488282,,,
W2,LONG,TEXTBOOK_TRADER,DISCOVERY,205,102.57020547945206,0.36585365853658536,2.3813846568827297,4.127733405263398,0.057729220515593774,-0.014634394792715163,0.2720214895245997,-0.06590093468190965,0.412964768839591,-0.1345718778241275,0.24247380877385383,-0.05992195299466291,4.046493758229982,0.15121951219512195,0.15121951219512195,0.15211970074812953,4.936376571655273,6.0,0.15609756097560976,0.13658536585365855,0.11707317073170732,0.09268292682926829,28.0,19.0,0.3044112352078856,0.9409963273852219,4.721417666088607,0.1030968743418131,11.834490205696724,,,
W2,LONG,TEXTBOOK_TRADER,STRICT_OOS,34,20.358196721311476,0.47058823529411764,2.6548569339562538,2.986714050700786,0.07496623805921987,-0.007690063960243073,0.2555673211295057,-0.0855680580032564,0.4811674622831223,-0.05055271554192577,0.3502705649505393,-0.06635054554680365,5.279090956433185,0.17647058823529413,0.17647058823529413,0.15211970074812967,4.2176244258880615,6.0,0.17647058823529413,0.14705882352941177,0.14705882352941177,0.11764705882352941,5.0,4.0,0.4571119893279812,0.8093621262710001,-0.9577970432791982,0.21436939394562454,2.548852094013476,,,
W2,LONG,TEXTBOOK_TRADER,EXTENDED,117,43.78509221311476,0.3076923076923077,1.0600158930371923,2.385035759333683,0.002897433589820575,-0.021140332840035744,0.16631941759261087,-0.06973455930030845,0.0071515997410660104,-0.1771494185440745,0.1726222153073879,-0.06211669957660403,2.778998505780324,0.17094017094017094,0.17094017094017094,0.1521197007481296,4.488511562347412,6.0,0.07692307692307693,0.05982905982905983,0.05982905982905983,0.042735042735042736,7.0,5.0,3.4369079030426763,12.69188742237606,-3.5743028456135395,0.011861432120679048,0.33899973000900724,,,
W2,LONG,TEXTBOOK_TRADER,FULL_2023_2026,239,65.09675615212528,0.3807531380753138,2.4230581908619895,3.940797936786532,0.0601813485343523,-0.014612482497980025,0.2691284489276601,-0.06829288211288424,0.42266724405749917,-0.13277710229972034,0.2578089121630057,-0.060836480805427695,4.237735463159871,0.15481171548117154,0.15481171548117154,0.15211970074812955,4.8848676681518555,6.0,0.1589958158995816,0.13807531380753138,0.12133891213389121,0.09623430962343096,33.0,23.0,0.2504669433921731,0.9193381109956329,7.0375081083279625,0.11354075070816388,14.3833422997102,,,
W2,LONG,TEXTBOOK_TRADER,Y2020,60,60.0,0.25,2.2094783166285743,6.6284349498857225,0.06448728034198456,-0.035301366812256756,0.4712221646474345,-0.07109101442649876,0.43371732290605164,-0.27450571498778054,0.2996611230017299,-0.06685869510806056,4.482006753458196,0.23333333333333334,0.23333333333333334,0.15211970074812958,5.273013114929199,6.5,0.16666666666666666,0.11666666666666667,0.1,0.1,7.0,6.0,0.3889472733440698,1.0174312455665664,-1.8659543629353554,0.10409569062467243,3.869236820519074,,,
W2,LONG,TEXTBOOK_TRADER,Y2021,101,101.0,0.32673267326732675,1.311511847450109,2.7025092614123456,0.013016373645142569,-0.02140090874099226,0.16772395335882417,-0.062062304745320554,0.08228986033928393,-0.14989405782481754,0.21359012044507428,-0.058337118341642055,3.661307354851121,0.13861386138613863,0.13861386138613863,0.1521197007481296,4.8747429847717285,6.0,0.15841584158415842,0.06930693069306931,0.04950495049504951,0.039603960396039604,7.0,4.0,0.9009181830708501,2.240918928328594,-1.6313787078799429,0.026043061373997613,1.3146537381593995,,,
W2,LONG,TEXTBOOK_TRADER,Y2022,5,5.0,0.0,0.0,,-0.12334933883803845,-0.15280356632776998,,-0.12334933883803845,-0.820264577042973,-1.043516393442623,0.07781806594737506,-0.11921116182927652,0.6527749981903463,0.6,0.6,0.15211970074812958,4.80031681060791,8.0,0.0,0.0,0.0,0.0,0.0,0.0,,,0.0,-0.43740900297176755,-0.6167466941901922,,,
W2,LONG,TEXTBOOK_TRADER,Y2023,122,122.0,0.45081967213114754,4.1497698360597814,5.055174163927371,0.11511756204673106,-0.007659687193617867,0.33642163307423784,-0.0665499589459983,0.8211535586888327,-0.05766916036854856,0.3395043509507703,-0.05960873001667664,5.695547461853116,0.13934426229508196,0.13934426229508196,0.15050351937537865,5.227647066116333,10.0,0.23770491803278687,0.21311475409836064,0.18032786885245902,0.14754098360655737,26.0,18.0,0.13651751490169872,0.5715830028595603,6.931270030093077,0.14316353282060335,14.04434256970119,,,
W2,LONG,TEXTBOOK_TRADER,Y2024,83,83.0,0.24096385542168675,0.4620971667069056,1.4556060751267523,-0.026624727277162277,-0.02183259948588839,0.09492109476309502,-0.06521070252803761,-0.1870235728665233,-0.20503639236753796,0.09985060220055479,-0.06038235303459455,1.6536388064133225,0.1686746987951807,0.1686746987951807,0.15211970074812955,4.564663410186768,6.0,0.03614457831325301,0.024096385542168676,0.024096385542168676,0.012048192771084338,2.0,1.0,,,-3.581378666937946,-0.13240577375700832,-2.209852364004469,,,
W2,LONG,TEXTBOOK_TRADER,Y2025,5,5.0,0.6,7.1500623945470965,4.766708263031398,0.22494861267056213,0.0628394498064761,0.4358754196237637,-0.09144159775924021,1.4884333903871616,0.5745301732393082,0.4490496840263726,-0.057965368667059834,7.746861520119261,0.2,0.2,0.11601406665088243,4.616859436035156,6.0,0.2,0.2,0.2,0.2,1.0,1.0,1.03589067508818,1.03589067508818,0.0,0.4342637310242512,1.1247430633528106,,,
W2,LONG,TEXTBOOK_TRADER,Y2026,29,43.28358208955223,0.4482758620689655,2.049189658590679,2.522079579803912,0.04910720795381604,-0.009081698115808664,0.213957759938523,-0.0848338655337584,0.30750092295483966,-0.059700999089168434,0.3332396823512577,-0.06779626569848361,4.915310289113921,0.1724137931034483,0.1724137931034483,0.15211970074812967,4.199597063630302,6.0,0.1724137931034483,0.13793103448275862,0.13793103448275862,0.10344827586206896,4.0,3.0,0.6304527812362997,0.6304527812362997,-1.048451498696374,0.1531300032968457,1.4241090306606652,,,
W3,LONG,BB_B1_20_2.5_FULL,PRE_2020_2022,0,,,,,,,,,,,,,,,,,,,,,,,,,,,,,,,,
W3,LONG,BB_B1_20_2.5_FULL,DISCOVERY,0,,,,,,,,,,,,,,,,,,,,,,,,,,,,,,,,
W3,LONG,BB_B1_20_2.5_FULL,STRICT_OOS,0,,,,,,,,,,,,,,,,,,,,,,,,,,,,,,,,
W3,LONG,BB_B1_20_2.5_FULL,EXTENDED,0,,,,,,,,,,,,,,,,,,,,,,,,,,,,,,,,
W3,LONG,BB_B1_20_2.5_FULL,FULL_2023_2026,0,,,,,,,,,,,,,,,,,,,,,,,,,,,,,,,,
W3,LONG,BB_B1_20_2.5_HALF,PRE_2020_2022,0,,,,,,,,,,,,,,,,,,,,,,,,,,,,,,,,
W3,LONG,BB_B1_20_2.5_HALF,DISCOVERY,0,,,,,,,,,,,,,,,,,,,,,,,,,,,,,,,,
W3,LONG,BB_B1_20_2.5_HALF,STRICT_OOS,0,,,,,,,,,,,,,,,,,,,,,,,,,,,,,,,,
W3,LONG,BB_B1_20_2.5_HALF,EXTENDED,0,,,,,,,,,,,,,,,,,,,,,,,,,,,,,,,,
W3,LONG,BB_B1_20_2.5_HALF,FULL_2023_2026,0,,,,,,,,,,,,,,,,,,,,,,,,,,,,,,,,
W3,LONG,BB_B1_20_2_FULL,PRE_2020_2022,0,,,,,,,,,,,,,,,,,,,,,,,,,,,,,,,,
W3,LONG,BB_B1_20_2_FULL,DISCOVERY,0,,,,,,,,,,,,,,,,,,,,,,,,,,,,,,,,
W3,LONG,BB_B1_20_2_FULL,STRICT_OOS,0,,,,,,,,,,,,,,,,,,,,,,,,,,,,,,,,
W3,LONG,BB_B1_20_2_FULL,EXTENDED,0,,,,,,,,,,,,,,,,,,,,,,,,,,,,,,,,
W3,LONG,BB_B1_20_2_FULL,FULL_2023_2026,0,,,,,,,,,,,,,,,,,,,,,,,,,,,,,,,,
W3,LONG,BB_B1_20_2_HALF,PRE_2020_2022,0,,,,,,,,,,,,,,,,,,,,,,,,,,,,,,,,
W3,LONG,BB_B1_20_2_HALF,DISCOVERY,0,,,,,,,,,,,,,,,,,,,,,,,,,,,,,,,,
W3,LONG,BB_B1_20_2_HALF,STRICT_OOS,0,,,,,,,,,,,,,,,,,,,,,,,,,,,,,,,,
W3,LONG,BB_B1_20_2_HALF,EXTENDED,0,,,,,,,,,,,,,,,,,,,,,,,,,,,,,,,,
W3,LONG,BB_B1_20_2_HALF,FULL_2023_2026,0,,,,,,,,,,,,,,,,,,,,,,,,,,,,,,,,
W3,LONG,BB_B1_30_2_FULL,PRE_2020_2022,0,,,,,,,,,,,,,,,,,,,,,,,,,,,,,,,,
W3,LONG,BB_B1_30_2_FULL,DISCOVERY,0,,,,,,,,,,,,,,,,,,,,,,,,,,,,,,,,
W3,LONG,BB_B1_30_2_FULL,STRICT_OOS,0,,,,,,,,,,,,,,,,,,,,,,,,,,,,,,,,
W3,LONG,BB_B1_30_2_FULL,EXTENDED,0,,,,,,,,,,,,,,,,,,,,,,,,,,,,,,,,
W3,LONG,BB_B1_30_2_FULL,FULL_2023_2026,0,,,,,,,,,,,,,,,,,,,,,,,,,,,,,,,,
W3,LONG,BB_B1_30_2_HALF,PRE_2020_2022,0,,,,,,,,,,,,,,,,,,,,,,,,,,,,,,,,
W3,LONG,BB_B1_30_2_HALF,DISCOVERY,0,,,,,,,,,,,,,,,,,,,,,,,,,,,,,,,,
W3,LONG,BB_B1_30_2_HALF,STRICT_OOS,0,,,,,,,,,,,,,,,,,,,,,,,,,,,,,,,,
W3,LONG,BB_B1_30_2_HALF,EXTENDED,0,,,,,,,,,,,,,,,,,,,,,,,,,,,,,,,,
W3,LONG,BB_B1_30_2_HALF,FULL_2023_2026,0,,,,,,,,,,,,,,,,,,,,,,,,,,,,,,,,
W3,LONG,BB_B2_20_2.5_FULL,PRE_2020_2022,0,,,,,,,,,,,,,,,,,,,,,,,,,,,,,,,,
W3,LONG,BB_B2_20_2.5_FULL,DISCOVERY,0,,,,,,,,,,,,,,,,,,,,,,,,,,,,,,,,
W3,LONG,BB_B2_20_2.5_FULL,STRICT_OOS,0,,,,,,,,,,,,,,,,,,,,,,,,,,,,,,,,
W3,LONG,BB_B2_20_2.5_FULL,EXTENDED,0,,,,,,,,,,,,,,,,,,,,,,,,,,,,,,,,
W3,LONG,BB_B2_20_2.5_FULL,FULL_2023_2026,0,,,,,,,,,,,,,,,,,,,,,,,,,,,,,,,,
W3,LONG,BB_B2_20_2.5_HALF,PRE_2020_2022,0,,,,,,,,,,,,,,,,,,,,,,,,,,,,,,,,
W3,LONG,BB_B2_20_2.5_HALF,DISCOVERY,0,,,,,,,,,,,,,,,,,,,,,,,,,,,,,,,,
W3,LONG,BB_B2_20_2.5_HALF,STRICT_OOS,0,,,,,,,,,,,,,,,,,,,,,,,,,,,,,,,,
W3,LONG,BB_B2_20_2.5_HALF,EXTENDED,0,,,,,,,,,,,,,,,,,,,,,,,,,,,,,,,,
W3,LONG,BB_B2_20_2.5_HALF,FULL_2023_2026,0,,,,,,,,,,,,,,,,,,,,,,,,,,,,,,,,
W3,LONG,BB_B2_20_2_FULL,PRE_2020_2022,0,,,,,,,,,,,,,,,,,,,,,,,,,,,,,,,,
W3,LONG,BB_B2_20_2_FULL,DISCOVERY,0,,,,,,,,,,,,,,,,,,,,,,,,,,,,,,,,
W3,LONG,BB_B2_20_2_FULL,STRICT_OOS,0,,,,,,,,,,,,,,,,,,,,,,,,,,,,,,,,
W3,LONG,BB_B2_20_2_FULL,EXTENDED,0,,,,,,,,,,,,,,,,,,,,,,,,,,,,,,,,
W3,LONG,BB_B2_20_2_FULL,FULL_2023_2026,0,,,,,,,,,,,,,,,,,,,,,,,,,,,,,,,,
W3,LONG,BB_B2_20_2_HALF,PRE_2020_2022,0,,,,,,,,,,,,,,,,,,,,,,,,,,,,,,,,
W3,LONG,BB_B2_20_2_HALF,DISCOVERY,0,,,,,,,,,,,,,,,,,,,,,,,,,,,,,,,,
W3,LONG,BB_B2_20_2_HALF,STRICT_OOS,0,,,,,,,,,,,,,,,,,,,,,,,,,,,,,,,,
W3,LONG,BB_B2_20_2_HALF,EXTENDED,0,,,,,,,,,,,,,,,,,,,,,,,,,,,,,,,,
W3,LONG,BB_B2_20_2_HALF,FULL_2023_2026,0,,,,,,,,,,,,,,,,,,,,,,,,,,,,,,,,
W3,LONG,BB_B2_30_2_FULL,PRE_2020_2022,0,,,,,,,,,,,,,,,,,,,,,,,,,,,,,,,,
W3,LONG,BB_B2_30_2_FULL,DISCOVERY,0,,,,,,,,,,,,,,,,,,,,,,,,,,,,,,,,
W3,LONG,BB_B2_30_2_FULL,STRICT_OOS,0,,,,,,,,,,,,,,,,,,,,,,,,,,,,,,,,
W3,LONG,BB_B2_30_2_FULL,EXTENDED,0,,,,,,,,,,,,,,,,,,,,,,,,,,,,,,,,
W3,LONG,BB_B2_30_2_FULL,FULL_2023_2026,0,,,,,,,,,,,,,,,,,,,,,,,,,,,,,,,,
W3,LONG,BB_B2_30_2_HALF,PRE_2020_2022,0,,,,,,,,,,,,,,,,,,,,,,,,,,,,,,,,
W3,LONG,BB_B2_30_2_HALF,DISCOVERY,0,,,,,,,,,,,,,,,,,,,,,,,,,,,,,,,,
W3,LONG,BB_B2_30_2_HALF,STRICT_OOS,0,,,,,,,,,,,,,,,,,,,,,,,,,,,,,,,,
W3,LONG,BB_B2_30_2_HALF,EXTENDED,0,,,,,,,,,,,,,,,,,,,,,,,,,,,,,,,,
W3,LONG,BB_B2_30_2_HALF,FULL_2023_2026,0,,,,,,,,,,,,,,,,,,,,,,,,,,,,,,,,
W3,LONG,MODERN_NOVOL,PRE_2020_2022,0,,,,,,,,,,,,,,,,,,,,,,,,,,,,,,,,
W3,LONG,MODERN_NOVOL,DISCOVERY,0,,,,,,,,,,,,,,,,,,,,,,,,,,,,,,,,
W3,LONG,MODERN_NOVOL,STRICT_OOS,0,,,,,,,,,,,,,,,,,,,,,,,,,,,,,,,,
W3,LONG,MODERN_NOVOL,EXTENDED,0,,,,,,,,,,,,,,,,,,,,,,,,,,,,,,,,
W3,LONG,MODERN_NOVOL,FULL_2023_2026,0,,,,,,,,,,,,,,,,,,,,,,,,,,,,,,,,
W3,LONG,STOP_STAGE4_ONLY,PRE_2020_2022,0,,,,,,,,,,,,,,,,,,,,,,,,,,,,,,,,
W3,LONG,STOP_STAGE4_ONLY,DISCOVERY,0,,,,,,,,,,,,,,,,,,,,,,,,,,,,,,,,
W3,LONG,STOP_STAGE4_ONLY,STRICT_OOS,0,,,,,,,,,,,,,,,,,,,,,,,,,,,,,,,,
W3,LONG,STOP_STAGE4_ONLY,EXTENDED,0,,,,,,,,,,,,,,,,,,,,,,,,,,,,,,,,
W3,LONG,STOP_STAGE4_ONLY,FULL_2023_2026,0,,,,,,,,,,,,,,,,,,,,,,,,,,,,,,,,
W3,LONG,TEXTBOOK_NOVOL,PRE_2020_2022,0,,,,,,,,,,,,,,,,,,,,,,,,,,,,,,,,
W3,LONG,TEXTBOOK_NOVOL,DISCOVERY,0,,,,,,,,,,,,,,,,,,,,,,,,,,,,,,,,
W3,LONG,TEXTBOOK_NOVOL,STRICT_OOS,0,,,,,,,,,,,,,,,,,,,,,,,,,,,,,,,,
W3,LONG,TEXTBOOK_NOVOL,EXTENDED,0,,,,,,,,,,,,,,,,,,,,,,,,,,,,,,,,
W3,LONG,TEXTBOOK_NOVOL,FULL_2023_2026,0,,,,,,,,,,,,,,,,,,,,,,,,,,,,,,,,
W_LONG_POOLED,LONG,BB_B1_20_2.5_FULL,PRE_2020_2022,189,63.04315068493151,0.5396825396825397,0.975675701880972,0.8321939810161232,-0.0010684770271227639,0.00794331888159511,0.07941307143806865,-0.09542615453803682,-0.010654258260132618,0.04891698285685524,0.08316833976163784,-0.06350344180461438,1.3096666479515846,0.2698412698412698,0.2698412698412698,0.15211970074812958,5.066162109375,8.0,0.15873015873015872,0.031746031746031744,0.021164021164021163,0.015873015873015872,6.0,3.0,,,-2.2885985320114415,-0.005787966698945324,-0.20194215812620236,,,
W_LONG_POOLED,LONG,BB_B1_20_2.5_FULL,DISCOVERY,238,119.08150684931506,0.6050420168067226,1.381489227408605,0.9018054678917282,0.013610719111822352,0.01057172262162848,0.08146306766864653,-0.09033330420926997,0.10574923209965788,0.08035638246745161,0.09566962963251704,-0.06213120508423723,1.5398000007050976,0.20588235294117646,0.20588235294117646,0.15211970074812955,4.887524843215942,6.0,0.1638655462184874,0.06722689075630252,0.02100840336134454,0.012605042016806723,16.0,3.0,0.31998489614556,1.1951005660480367,1.0648909774735156,0.07171465903506132,3.2393511486137196,0.08148308670989968,-0.18783043720369574,0.6474405091299531
W_LONG_POOLED,LONG,BB_B1_20_2.5_FULL,STRICT_OOS,43,25.747131147540983,0.6976744186046512,3.328412339796245,1.442312013911706,0.053068552641188475,0.04207238999664815,0.10873307625723419,-0.07538804031891708,0.35184680942065577,0.2768504721327167,0.12285659688684118,-0.06400019573300084,1.9196284555031733,0.09302325581395349,0.09302325581395349,0.15211970074812967,4.196963310241699,5.0,0.3488372093023256,0.11627906976744186,0.023255813953488372,0.0,5.0,0.0,0.13876945287390124,0.25751682775085605,1.0517451979930137,0.513952199002501,2.2819477635711043,0.14151510783565913,-0.05177341760289955,2.037199427741856
W_LONG_POOLED,LONG,BB_B1_20_2.5_FULL,EXTENDED,141,52.76664959016394,0.5531914893617021,1.1595292371976014,0.9365428454288319,0.007485459450272729,0.005573390248126702,0.09835226980941629,-0.10501630575628598,0.04811072596351644,0.04564496669522431,0.10382422905512817,-0.07217846400594286,1.4384377734413931,0.2695035460992908,0.2695035460992908,0.15211970074812964,4.425345420837402,7.0,0.18439716312056736,0.07801418439716312,0.0425531914893617,0.02127659574468085,11.0,3.0,0.4980813714589553,2.616988667898479,-1.1190103886517546,0.040703809583048776,1.0554497824884548,,,
W_LONG_POOLED,LONG,BB_B1_20_2.5_FULL,FULL_2023_2026,281,76.53635346756153,0.6192170818505338,1.582945859744528,0.9734207298428994,0.01964875057717019,0.013585211754293783,0.08616479328736855,-0.08851752448427383,0.14340829197440136,0.10502703308976476,0.09982991287784067,-0.06241720721198398,1.5993973030352682,0.18861209964412812,0.18861209964412812,0.15211970074812958,4.815471172332764,6.0,0.19217081850533807,0.07473309608540925,0.021352313167259787,0.010676156583629894,21.0,3.0,0.26313527506136214,0.8090654029049943,3.3468387410446123,0.11129407200533811,5.5212989121848235,,,
W_LONG_POOLED,LONG,BB_B1_20_2.5_FULL,Y2020,75,75.0,0.52,0.8914370489552147,0.8228649682663521,-0.004240821300882795,0.0018905842217490964,0.0669662020128806,-0.08138176322412646,-0.020199629271309874,0.017580650247616163,0.07287368291229726,-0.05904718100324814,1.234160237188775,0.25333333333333335,0.25333333333333335,0.15211970074812955,5.267645835876465,7.0,0.13333333333333333,0.013333333333333334,0.013333333333333334,0.013333333333333334,1.0,1.0,,,-1.494441901129446,-0.026683019930051143,-0.3180615975662096,,,
W_LONG_POOLED,LONG,BB_B1_20_2.5_FULL,Y2021,108,108.0,0.5740740740740741,1.1209782297191522,0.8316935252754999,0.005459682986343088,0.01604255045224007,0.08812303489153493,-0.10595613914674161,0.02514138786286004,0.12554530320425625,0.09206589264586122,-0.06546864269529641,1.4062593763300317,0.26851851851851855,0.26851851851851855,0.1521197007481296,4.831878662109375,9.0,0.18518518518518517,0.046296296296296294,0.027777777777777776,0.018518518518518517,5.0,2.0,0.8302604731879917,3.0129522146071115,-1.1869287435085059,0.02658456999662099,0.5896457625250535,,,
W_LONG_POOLED,LONG,BB_B1_20_2.5_FULL,Y2022,6,6.0,0.16666666666666666,0.0498109088477488,0.249054544238744,-0.07892105384750762,-0.08993738071481006,0.02482324490549165,-0.09966991359810748,-0.5356587508342847,-0.6203796985278364,0.05169559846237415,-0.08383308578941571,0.616649118609695,0.5,0.5,0.15167684059835101,5.159223318099976,4.5,0.0,0.0,0.0,0.0,0.0,0.0,,,-0.15873940149625915,-0.5994004089684123,-0.4735263230850457,,,
W_LONG_POOLED,LONG,BB_B1_20_2.5_FULL,Y2023,140,140.0,0.6857142857142857,2.5640297970981956,1.1751803236700062,0.03189892235497407,0.01862086618069198,0.07626246861320474,-0.06489426948116554,0.2393865548853641,0.1357794435387079,0.09580706587071537,-0.0525862271552111,1.8219041572983667,0.10714285714285714,0.10714285714285714,0.14988978923259408,5.227647066116333,5.0,0.2,0.07142857142857142,0.0,0.0,10.0,0.0,0.059958172608784034,0.3784261749147978,3.223635721986412,0.1885916017608264,4.46584912969637,,,
W_LONG_POOLED,LONG,BB_B1_20_2.5_FULL,Y2024,98,98.0,0.4897959183673469,0.7823808130737713,0.8149800136185118,-0.01251528552125153,-0.002136648738590148,0.0918642657795301,-0.1127196547700019,-0.08516122902277942,-0.021738367042190024,0.09547329214937655,-0.07576688783998885,1.2600925664388567,0.3469387755102041,0.3469387755102041,0.1521197007481296,4.5340611934661865,9.0,0.11224489795918367,0.061224489795918366,0.05102040816326531,0.030612244897959183,6.0,3.0,,,-3.4009581522228602,-0.057072963289094926,-1.22649798108265,,,
W_LONG_POOLED,LONG,BB_B1_20_2.5_FULL,Y2025,8,8.0,0.625,1.6775993273347545,1.0065595964008527,0.015223283188539941,0.015690990604859737,0.06030364814528041,-0.059910658406027516,0.14031639625350334,0.12368084286881326,0.08498339725262419,-0.04882206183605986,1.740676121749853,0.125,0.125,0.1521197007481296,4.138730525970459,4.0,0.125,0.0,0.0,0.0,0.0,0.0,1.1135774991213276,1.1135774991213276,-0.17973197521808254,0.4199526396838605,0.12178626550831953,,,
W_LONG_POOLED,LONG,BB_B1_20_2.5_FULL,Y2026,35,52.23880597014925,0.7142857142857143,3.6991473530643795,1.4796589412257517,0.061718899944651004,0.04211441097280728,0.11841896187962497,-0.08003125489278395,0.40019661814457635,0.2915741731021445,0.13151332823180506,-0.06746948348087305,1.9492268422224965,0.08571428571428572,0.08571428571428572,0.15211970074812967,4.196963310241699,6.0,0.4,0.14285714285714285,0.02857142857142857,0.0,5.0,0.0,0.14659304080809094,0.27203519259785985,0.9299589324846944,0.5205208429066952,2.1601614980627852,,,
W_LONG_POOLED,LONG,BB_B1_20_2.5_HALF,PRE_2020_2022,189,63.04315068493151,0.4074074074074074,1.6575206905769782,2.4109391862937866,0.03655184125311244,-0.0392783523340483,0.22616733084634041,-0.09380880784223176,0.239406577967101,-0.27440226849332944,0.4362812737096521,-0.09336543364058611,4.672835081440675,0.49206349206349204,0.23809523809523808,0.15211970074812958,5.066162109375,86.0,0.24338624338624337,0.14814814814814814,0.09523809523809523,0.06349206349206349,28.0,12.0,0.4134355863918904,1.115196123759888,1.5565325004984754,0.058062682777258796,6.908297996838251,,,
W_LONG_POOLED,LONG,BB_B1_20_2.5_HALF,DISCOVERY,238,119.08150684931506,0.4411764705882353,2.1959590593865546,2.7815481418896355,0.060001662550842855,-0.02920080293092894,0.2497231866687442,-0.08977848806855293,0.4779544277196506,-0.2244783838464599,0.45320197218986874,-0.09224694677513776,4.91292111049051,0.44537815126050423,0.18487394957983194,0.15211970074812955,4.887524843215942,100.0,0.27310924369747897,0.18487394957983194,0.12605042016806722,0.07563025210084033,44.0,18.0,0.248197497198165,0.7416821136888125,7.909297623585617,0.08424515183234381,14.280395687100599,0.15140913451653093,-0.26474717010167204,0.6921629451005061
W_LONG_POOLED,LONG,BB_B1_20_2.5_HALF,STRICT_OOS,43,25.747131147540983,0.6046511627906976,6.935524826729339,4.534766232861491,0.18076411707051646,0.04261741479601517,0.3493232858856212,-0.0770322587643496,1.1765050987209202,0.39759122348074977,0.7205092220080674,-0.08616109547304883,8.36234982914583,0.32558139534883723,0.09302325581395349,0.15211970074812967,4.196963310241699,57.0,0.4186046511627907,0.32558139534883723,0.23255813953488372,0.13953488372093023,14.0,6.0,0.3767151644447414,0.4653264551285819,2.5509342159993227,0.4398900415411549,7.772857034032207,0.2732353613798426,-0.29476035047333704,0.8511970346758797
W_LONG_POOLED,LONG,BB_B1_20_2.5_HALF,EXTENDED,141,52.76664959016394,0.3475177304964539,1.427416916650813,2.6800480884056084,0.026650750254967007,-0.05558673297745658,0.2561129889021375,-0.0955628333723303,0.15586196072421543,-0.4116912419248997,0.37314675600676833,-0.10175521584557909,3.6671020046092337,0.5673758865248227,0.24113475177304963,0.15211970074812964,4.425345420837402,58.0,0.2127659574468085,0.14893617021276595,0.10638297872340426,0.0425531914893617,21.0,6.0,0.7792292215286601,1.603406086783849,-1.4641670320825373,0.05769623500614691,3.757755785950348,,,
W_LONG_POOLED,LONG,BB_B1_20_2.5_HALF,FULL_2023_2026,281,76.53635346756153,0.46619217081850534,2.664385464160273,3.050823050565198,0.0784813264097253,-0.010772189240408788,0.2694911452919412,-0.08833391541407655,0.5848500820009835,-0.07516266126604522,0.4941066403115148,-0.09131565992108144,5.410973766586597,0.42704626334519574,0.1708185053380783,0.15211970074812958,4.815471172332764,93.0,0.29537366548042704,0.20640569395017794,0.1423487544483986,0.08540925266903915,58.0,24.0,0.2934946452645682,0.6475093055288914,13.638210744676307,0.11781842462406672,22.053252721132807,,,
W_LONG_POOLED,LONG,BB_B1_20_2.5_HALF,Y2020,75,75.0,0.4,1.7007795199924312,2.5511692799886467,0.03817814008177224,-0.04241062233787551,0.23164417948166377,-0.09079921951815546,0.25552424604604856,-0.34325391318744536,0.44903097999250474,-0.0929061787835483,4.833165951627951,0.56,0.24,0.15211970074812955,5.267645835876465,65.0,0.22666666666666666,0.14666666666666667,0.12,0.09333333333333334,11.0,7.0,0.36142011555925313,1.0664848890039942,-0.6805678215709053,0.060806126696388144,2.863360506132918,,,
W_LONG_POOLED,LONG,BB_B1_20_2.5_HALF,Y2021,108,108.0,0.4351851851851852,1.7978327807473344,2.333357438842285,0.04300324813729771,-0.026413041053884503,0.22267147001528292,-0.09542964412934661,0.27864236551667587,-0.17363326987881456,0.4467850320751977,-0.0918904716414417,4.862147555609041,0.4351851851851852,0.23148148148148148,0.1521197007481296,4.831878662109375,90.0,0.26851851851851855,0.1574074074074074,0.08333333333333333,0.046296296296296294,17.0,5.0,0.3365973356691625,0.9898770584038915,0.04701449188837875,0.06582596270750694,4.644350798828152,,,
W_LONG_POOLED,LONG,BB_B1_20_2.5_HALF,Y2022,6,6.0,0.0,0.0,,-0.0999022180204698,-0.0788334794259925,,-0.0999022180204698,-0.6683084489120931,-0.5182332008167707,0.08784229459417281,-0.1256554353381594,0.6990727807179592,0.6666666666666666,0.3333333333333333,0.15167684059835101,5.159223318099976,20.5,0.0,0.0,0.0,0.0,0.0,0.0,,,-0.15873940149625915,-0.4489987326762687,-0.5994133081228188,,,
W_LONG_POOLED,LONG,BB_B1_20_2.5_HALF,Y2023,140,140.0,0.5857142857142857,5.103687432222368,3.609925256937772,0.13068212096558898,0.03949091379714121,0.2774854094760922,-0.07686735589408783,1.0169024041440144,0.25960420381399396,0.6159305237898666,-0.08080153573998028,7.622757638814365,0.2857142857142857,0.1,0.14988978923259408,5.227647066116333,149.0,0.37857142857142856,0.2642857142857143,0.17857142857142858,0.12857142857142856,37.0,18.0,0.1380222675040113,0.42881957308040936,11.924398871667474,0.1499016545283282,18.29549693518246,,,
W_LONG_POOLED,LONG,BB_B1_20_2.5_HALF,Y2024,98,98.0,0.23469387755102042,0.4633819022828222,1.511027942226594,-0.04097042089879448,-0.07324501850662227,0.15074482709472117,-0.0997630969501393,-0.2919712528865836,-0.5315046814674972,0.22073261276130032,-0.10859753396821989,2.032574817268832,0.673469387755102,0.30612244897959184,0.1521197007481296,4.5340611934661865,58.5,0.12244897959183673,0.07142857142857142,0.05102040816326531,0.0,7.0,0.0,,,-5.7319789924426745,-0.08459968917155201,-4.015101248081859,,,
W_LONG_POOLED,LONG,BB_B1_20_2.5_HALF,Y2025,8,8.0,0.5,13.424167279668898,13.424167279668898,0.5230172249971783,0.14539582665741196,1.130227975922336,-0.08419352592797939,3.4024804193159324,1.3385747107291848,1.4965043326930667,-0.09071491496737998,16.49678372328511,0.5,0.125,0.1521197007481296,4.138730525970459,96.5,0.5,0.5,0.5,0.375,4.0,3.0,0.6998223423226418,0.6998223423226418,-0.3014291279171948,0.926719335543173,4.184137799977426,,,
W_LONG_POOLED,LONG,BB_B1_20_2.5_HALF,Y2026,35,52.23880597014925,0.6285714285714286,4.689159192898229,2.7708667958034985,0.10253483525870802,0.04261741479601517,0.20734061496985481,-0.0748287919447712,0.6677107397277745,0.39759122348074977,0.5431389109943534,-0.08512022244577314,6.380844591194139,0.2857142857142857,0.08571428571428572,0.15211970074812967,4.196963310241699,57.0,0.4,0.2857142857142857,0.17142857142857143,0.08571428571428572,10.0,3.0,0.144615925610472,0.28621563194637184,1.4194636413047013,0.27280267837740635,3.5887192340547807,,,
W_LONG_POOLED,LONG,BB_B1_20_2_FULL,PRE_2020_2022,189,63.04315068493151,0.455026455026455,1.1630163763412276,1.392914962362168,0.005282768414653405,-0.003363306572157716,0.08282844735710337,-0.05946410914894557,0.01971754884911519,-0.02899973733632892,0.0769370168476252,-0.05071311246683203,1.5171030351951762,0.14814814814814814,0.14814814814814814,0.15211970074812958,5.066162109375,5.0,0.12169312169312169,0.042328042328042326,0.021164021164021163,0.015873015873015872,8.0,3.0,1.4796049455030587,3.373756897984638,-1.4915864777918557,0.060585147473877034,0.9984432303694935,,,
W_LONG_POOLED,LONG,BB_B1_20_2_FULL,DISCOVERY,238,119.08150684931506,0.5084033613445378,1.2114181477123538,1.1713712667962428,0.0053111613973796405,0.00019403399591072946,0.05985947419065124,-0.05110205097856788,0.030231039671986613,0.002407979340059903,0.07121883702731921,-0.04819466723245722,1.4777327268141427,0.09243697478991597,0.09243697478991597,0.15211970074812955,4.887524843215942,5.0,0.08823529411764706,0.029411764705882353,0.012605042016806723,0.0,7.0,0.0,0.5771827429757375,2.262869732835496,-0.3272972789602253,0.06781418522405336,1.2640564125763545,0.07643130016400801,-0.10408451995099088,0.839865109830131
W_LONG_POOLED,LONG,BB_B1_20_2_FULL,STRICT_OOS,43,25.747131147540983,0.6046511627906976,2.997785477024823,1.9600905042085381,0.04019925881213228,0.015178238832452343,0.09976193240971173,-0.05089659492534221,0.25709994323877156,0.0997782585543179,0.11475345353387714,-0.053882259820436124,2.129707512570848,0.046511627906976744,0.046511627906976744,0.15211970074812967,4.196963310241699,5.0,0.18604651162790697,0.09302325581395349,0.046511627906976744,0.023255813953488372,4.0,1.0,0.2751491190826833,0.4515807128815538,0.21239966025993118,0.7084295610334788,1.728568128921688,0.10505793272531028,-0.027693643412360136,1.9423450810849099
W_LONG_POOLED,LONG,BB_B1_20_2_FULL,EXTENDED,141,52.76664959016394,0.475177304964539,1.2854836248904815,1.4197878842073977,0.008151937262544562,-0.0032496839563465564,0.07724857644208258,-0.05440853334595605,0.04112151449207061,-0.02264739619313326,0.08061905516263942,-0.0533310541420394,1.5116718853507463,0.10638297872340426,0.10638297872340426,0.15211970074812964,4.425345420837402,5.0,0.10638297872340426,0.0425531914893617,0.02127659574468085,0.0070921985815602835,6.0,1.0,0.41378494620044204,1.8733528198626932,-0.5419569572192593,0.10308727838733482,1.1494231540187834,,,
W_LONG_POOLED,LONG,BB_B1_20_2_FULL,FULL_2023_2026,281,76.53635346756153,0.5231316725978647,1.4372508661071344,1.3101470480160273,0.010649909400348908,0.0009152691738555973,0.06691705183483883,-0.05107598565838254,0.06494763345622774,0.010359086941629575,0.07788071784504871,-0.049065010582219105,1.5872964648513144,0.08540925266903915,0.08540925266903915,0.15211970074812958,4.815471172332764,5.0,0.10320284697508897,0.03914590747330961,0.017793594306049824,0.0035587188612099642,11.0,1.0,0.4027252763324582,1.3005860576684498,1.1613277029543791,0.14196511107675724,2.992624541498043,,,
W_LONG_POOLED,LONG,BB_B1_20_2_FULL,Y2020,75,75.0,0.37333333333333335,0.770020689491311,1.2925347287889861,-0.007757432182778038,-0.011430915278147043,0.06957205735220369,-0.053826064246171396,-0.07388335476864942,-0.08193310585602556,0.06589474468672639,-0.04871668330237236,1.352611471469313,0.14666666666666667,0.14666666666666667,0.15211970074812955,5.267645835876465,4.0,0.05333333333333334,0.02666666666666667,0.02666666666666667,0.02666666666666667,2.0,2.0,,,-1.912591269647295,-0.09537826454235293,-0.5818074137083529,,,
W_LONG_POOLED,LONG,BB_B1_20_2_FULL,Y2021,108,108.0,0.5277777777777778,1.5472355415184722,1.3843686424112647,0.0167937804234457,0.006249959115493923,0.08996622700484604,-0.0649871892851782,0.100037187306165,0.06113123637206893,0.08600756242520775,-0.051804232098802,1.6602420099804303,0.14814814814814814,0.14814814814814814,0.1521197007481296,4.831878662109375,5.0,0.17592592592592593,0.05555555555555555,0.018518518518518517,0.009259259259259259,6.0,1.0,0.5030954690796301,1.1127142955047808,-0.20443310596339193,0.1832048773466804,1.8137282857321357,,,
W_LONG_POOLED,LONG,BB_B1_20_2_FULL,Y2022,6,6.0,0.16666666666666666,0.1680278797670765,0.8401393988353825,-0.03891294027571481,-0.01974603633217364,0.04715392757296261,-0.05612631384545029,-0.2560246481557239,-0.12998854627605194,0.05169559846237415,-0.056028323647118704,0.9226690198330185,0.16666666666666666,0.16666666666666666,0.15167684059835101,5.159223318099976,4.0,0.0,0.0,0.0,0.0,0.0,0.0,,,-0.15873940149625915,-0.4864117534464351,-0.23347764165428886,,,
W_LONG_POOLED,LONG,BB_B1_20_2_FULL,Y2023,140,140.0,0.5714285714285714,1.6540928646978943,1.2405696485234206,0.013165724196280424,0.003795331246997995,0.05826439997627216,-0.04696584351037522,0.08894393898441458,0.037510111344552385,0.0751228209751895,-0.044768495282685825,1.6780287231195636,0.06428571428571428,0.06428571428571428,0.14988978923259408,5.227647066116333,5.0,0.1,0.03571428571428571,0.014285714285714285,0.0,5.0,0.0,0.20969358285711845,0.9236189525240491,0.481765464226255,0.18561947507344,1.8432013874792594,,,
W_LONG_POOLED,LONG,BB_B1_20_2_FULL,Y2024,98,98.0,0.41836734693877553,0.8167836363656618,1.1355284700693347,-0.0059096426010500505,-0.008068585603447972,0.06297181412114697,-0.05545595357666545,-0.053644530774339005,-0.05675863567773774,0.06564171710179025,-0.053089198589273474,1.236442041810233,0.1326530612244898,0.1326530612244898,0.1521197007481296,4.5340611934661865,5.0,0.07142857142857142,0.02040816326530612,0.01020408163265306,0.0,2.0,0.0,,,-1.737124236724089,-0.06649196037920838,-0.579144974902905,,,
W_LONG_POOLED,LONG,BB_B1_20_2_FULL,Y2025,8,8.0,0.375,0.685511720061389,1.1425195334356486,-0.007279055124273624,-0.006219638399061585,0.0423110847427999,-0.03703313904451773,-0.07333354534912381,-0.05601498553654838,0.07233640477051229,-0.04603295048643975,1.5714049176973985,0.0,0.0,0.1521197007481296,4.138730525970459,4.0,0.0,0.0,0.0,0.0,0.0,0.0,,,-0.1727264184244655,-0.21567570738588515,-0.05823244099418899,,,
W_LONG_POOLED,LONG,BB_B1_20_2_FULL,Y2026,35,52.23880597014925,0.6571428571428571,3.6273526346278637,1.8925318093710595,0.05105144485473935,0.030402131379733303,0.10725552123583068,-0.056673034875685736,0.33262759777314765,0.18200989957907024,0.1244487789655034,-0.05567638766820673,2.2352164746594765,0.05714285714285714,0.05714285714285714,0.15211970074812967,4.196963310241699,5.0,0.22857142857142856,0.11428571428571428,0.05714285714285714,0.02857142857142857,4.0,1.0,0.26618191529320845,0.4368635431762481,0.2706321012541204,0.8234104008828927,1.7868005699158773,,,
W_LONG_POOLED,LONG,BB_B1_20_2_HALF,PRE_2020_2022,189,63.04315068493151,0.37566137566137564,1.7682101765403377,2.938715504672674,0.039217158822954526,-0.04059870623103117,0.24028873561567735,-0.08176658653537872,0.2506842890060723,-0.31108986025120366,0.4362812737096521,-0.09334013543455676,4.674101571403231,0.49206349206349204,0.14814814814814814,0.15211970074812958,5.066162109375,86.0,0.23809523809523808,0.13756613756613756,0.08994708994708994,0.0582010582010582,26.0,11.0,0.364832232274,1.093770241421538,1.9049975774512493,0.06639830706385742,7.412043017538405,,,
W_LONG_POOLED,LONG,BB_B1_20_2_HALF,DISCOVERY,238,119.08150684931506,0.39915966386554624,2.1971951430909478,3.307356899600058,0.055725194697127646,-0.036115111644139296,0.2562174062178982,-0.07746893183764995,0.440460890507518,-0.2799861094096612,0.45320197218986874,-0.09224694677513776,4.91292111049051,0.44537815126050423,0.08823529411764706,0.15211970074812955,4.887524843215942,98.0,0.23949579831932774,0.1722689075630252,0.12184873949579832,0.08403361344537816,41.0,20.0,0.2669438528501831,0.7906699661809089,6.933539937686168,0.08473960985187132,13.26259633791638,0.14523207711889685,-0.25967008394671753,0.6702306873780562
W_LONG_POOLED,LONG,BB_B1_20_2_HALF,STRICT_OOS,43,25.747131147540983,0.627906976744186,6.556236458785917,3.885177160762025,0.17432947015598832,0.05066594627814625,0.32760414670563737,-0.08432154652154453,1.129131665629978,0.33306630258256803,0.7205092220080674,-0.08616109547304883,8.36234982914583,0.32558139534883723,0.046511627906976744,0.15211970074812967,4.196963310241699,57.0,0.37209302325581395,0.32558139534883723,0.18604651162790697,0.16279069767441862,14.0,7.0,0.3848128304254676,0.4797790135690899,2.3323311926180224,0.4496800969830533,7.496167216707498,0.2639285789409582,-0.3018414329930815,0.8289665800779027
W_LONG_POOLED,LONG,BB_B1_20_2_HALF,EXTENDED,141,52.76664959016394,0.3049645390070922,1.4687354072301777,3.3473504629897075,0.0263214132458997,-0.060151010393293895,0.27044295024964066,-0.08079313870472135,0.1478877671673662,-0.43325122157144064,0.37314675600676833,-0.10175521584557909,3.6671020046092337,0.5673758865248227,0.09929078014184398,0.15211970074812964,4.425345420837402,58.0,0.1702127659574468,0.14184397163120568,0.09219858156028368,0.05673758865248227,20.0,8.0,0.7772495751391821,1.626198771127962,-1.4525167564176176,0.0641874657155285,3.7113192676718576,,,
W_LONG_POOLED,LONG,BB_B1_20_2_HALF,FULL_2023_2026,281,76.53635346756153,0.43416370106761565,2.67042939830062,3.480313724014742,0.07387460339723799,-0.029099996335208763,0.27201611107993884,-0.07815850312659532,0.5458446746009904,-0.2225113447623494,0.4941066403115148,-0.09131565992108144,5.410973766586597,0.42704626334519574,0.08185053380782918,0.15211970074812958,4.815471172332764,93.0,0.2597864768683274,0.19572953736654805,0.13167259786476868,0.09608540925266904,55.0,27.0,0.3095073496230856,0.6855687927559172,12.429295024035651,0.11986813462653814,20.758763554623876,,,
W_LONG_POOLED,LONG,BB_B1_20_2_HALF,Y2020,75,75.0,0.3333333333333333,1.6976622475856464,3.3953244951712933,0.037120531684300205,-0.05159185491678774,0.27098266590528264,-0.07981053542619101,0.23344229841606332,-0.4496249816684276,0.44903097999250474,-0.0929061787835483,4.833165951627951,0.56,0.14666666666666667,0.15211970074812955,5.267645835876465,65.0,0.21333333333333335,0.14666666666666667,0.12,0.09333333333333334,11.0,7.0,0.3717174074321614,1.1051570429359847,-0.8508628493244941,0.06270360081807466,2.7840398763225154,,,
W_LONG_POOLED,LONG,BB_B1_20_2_HALF,Y2021,108,108.0,0.42592592592592593,2.001774817168154,2.69804431879186,0.04766228386068024,-0.021860437065204682,0.22360725176263102,-0.08287753103431551,0.30854000434839574,-0.1515065416828186,0.4467850320751977,-0.0918904716414417,4.862147555609041,0.4351851851851852,0.14814814814814814,0.1521197007481296,4.831878662109375,88.5,0.26851851851851855,0.1388888888888889,0.07407407407407407,0.037037037037037035,15.0,4.0,0.28811123628422,0.9442470582764727,0.2869897537254299,0.07798692003565587,5.147526656953466,,,
W_LONG_POOLED,LONG,BB_B1_20_2_HALF,Y2022,6,6.0,0.0,0.0,,-0.08658725262292928,-0.08325366542766655,,-0.08658725262292928,-0.575193704780639,-0.5489011733504816,0.08784229459417281,-0.12485854184823424,0.7035345222992053,0.6666666666666666,0.16666666666666666,0.15167684059835101,5.159223318099976,20.0,0.0,0.0,0.0,0.0,0.0,0.0,,,-0.15873940149625915,-0.42410082917353115,-0.5195235157375757,,,
W_LONG_POOLED,LONG,BB_B1_20_2_HALF,Y2023,140,140.0,0.5642857142857143,4.780361691726469,3.691165356902717,0.12176745919251444,0.02484482310988487,0.27287238849389855,-0.07392580990272073,0.9466441313734263,0.18057692046055895,0.6159305237898666,-0.08080153573998028,7.622757638814365,0.2857142857142857,0.06428571428571428,0.14988978923259408,5.227647066116333,149.0,0.35,0.25,0.17142857142857143,0.1357142857142857,35.0,19.0,0.14812695261537412,0.4586066742030875,10.718387886721809,0.1477760427093622,17.04744428695202,,,
W_LONG_POOLED,LONG,BB_B1_20_2_HALF,Y2024,98,98.0,0.16326530612244897,0.42379535491824594,2.1719511939560103,-0.038620897439139185,-0.0672617477626529,0.1739834312301462,-0.08010466888680463,-0.2826580250152084,-0.5323167152819568,0.22073261276130032,-0.10859753396821989,2.032574817268832,0.673469387755102,0.12244897959183673,0.1521197007481296,4.5340611934661865,58.5,0.08163265306122448,0.061224489795918366,0.05102040816326531,0.01020408163265306,6.0,1.0,,,-5.5693649786101105,-0.09197686388907995,-3.7848479490356404,,,
W_LONG_POOLED,LONG,BB_B1_20_2_HALF,Y2025,8,8.0,0.5,11.981521650738532,11.981521650738532,0.5117660558407715,0.10865655382173064,1.1167370557898768,-0.09320494410833385,3.2956554485146183,1.0099047873601381,1.4965043326930667,-0.09071491496737998,16.49678372328511,0.5,0.0,0.1521197007481296,4.138730525970459,96.5,0.5,0.5,0.375,0.375,4.0,3.0,0.7045751889661571,0.7045751889661571,-0.3098329187130346,0.9087965475529793,4.094128446726172,,,
W_LONG_POOLED,LONG,BB_B1_20_2_HALF,Y2026,35,52.23880597014925,0.6571428571428571,4.4845352539321075,2.3397575237906647,0.09720110771375219,0.05066594627814625,0.19036364077794363,-0.08136041399261475,0.6339262295420602,0.33306630258256803,0.5431389109943534,-0.08512022244577314,6.380844591194139,0.2857142857142857,0.05714285714285714,0.15211970074812967,4.196963310241699,57.0,0.34285714285714286,0.2857142857142857,0.14285714285714285,0.11428571428571428,10.0,4.0,0.15365098333827132,0.2872359289130308,1.175974593902336,0.2796579342360318,3.402038769981327,,,
W_LONG_POOLED,LONG,BB_B1_30_2_FULL,PRE_2020_2022,189,63.04315068493151,0.41798941798941797,1.316263747758572,1.8327723070056063,0.010078237512686182,-0.011439890724848353,0.10034894457822188,-0.05475254301619853,0.04634252540398617,-0.06779403222656434,0.08804921247201175,-0.05120995615944711,1.7193768375403815,0.13756613756613756,0.13756613756613756,0.15211970074812958,5.066162109375,6.0,0.14285714285714285,0.0582010582010582,0.037037037037037035,0.015873015873015872,11.0,3.0,0.7919944638200911,1.989517309589531,-0.7627897958777758,0.11126091646598647,1.9047868898976883,,,
W_LONG_POOLED,LONG,BB_B1_30_2_FULL,DISCOVERY,238,119.08150684931506,0.5126050420168067,1.4509120073282875,1.3795556790990275,0.010424262340553613,0.0011149564363213725,0.06543524508163438,-0.04743211605954854,0.0708104726939961,0.01004585213786059,0.08082242494736008,-0.046757500704948836,1.7285445913238429,0.07563025210084033,0.07563025210084033,0.15211970074812955,4.887524843215942,6.0,0.10084033613445378,0.029411764705882353,0.012605042016806723,0.004201680672268907,7.0,1.0,0.3235244126041239,1.2642427642317404,0.7102210316440649,0.1245469094905502,2.48097443705176,0.11441413317787785,-0.07692694392362542,1.1564766182936574
W_LONG_POOLED,LONG,BB_B1_30_2_FULL,STRICT_OOS,43,25.747131147540983,0.5581395348837209,3.726962143068457,2.9505116965958615,0.05358474832918767,0.008311990319337107,0.13121221945917003,-0.04447100467710583,0.3436323072226237,0.057604564522881374,0.1482634336770877,-0.053764539564911985,2.7576435114464912,0.046511627906976744,0.046511627906976744,0.15211970074812967,4.196963310241699,6.0,0.16279069767441862,0.11627906976744186,0.06976744186046512,0.046511627906976744,5.0,2.0,0.2973528628455025,0.5037696324454106,0.2817627325108385,0.8170724036010886,2.3041441781550698,0.13949475669557732,-0.02830520479143528,2.0942021495041705
W_LONG_POOLED,LONG,BB_B1_30_2_FULL,EXTENDED,141,52.76664959016394,0.46808510638297873,1.610154075150098,1.8297205399432934,0.015822245535516772,-0.0032496839563465564,0.0892013066666972,-0.04875132825992199,0.09214260162152131,-0.025957077788735284,0.09771961565461038,-0.051889060655886346,1.8832411768380117,0.09219858156028368,0.09219858156028368,0.15211970074812964,4.425345420837402,6.0,0.09929078014184398,0.05673758865248227,0.028368794326241134,0.014184397163120567,8.0,2.0,0.3071104133954451,1.2116409253525353,0.07239517595853595,0.19215647032798147,2.230936620507865,,,
W_LONG_POOLED,LONG,BB_B1_30_2_FULL,FULL_2023_2026,281,76.53635346756153,0.5195729537366548,1.7539093130504382,1.6217654606973229,0.01702889186906345,0.0022114531637599842,0.076247898403969,-0.04701536705016773,0.11255900965033414,0.016876287683821472,0.0911425793081369,-0.04782975220309267,1.9055624399041655,0.0711743772241993,0.0711743772241993,0.15211970074812958,4.815471172332764,6.0,0.1103202846975089,0.042704626334519574,0.021352313167259787,0.010676156583629894,12.0,3.0,0.3272903523496729,0.9664903738496069,2.438986066446896,0.2104273797364481,4.785118615206829,,,
W_LONG_POOLED,LONG,BB_B1_30_2_FULL,Y2020,75,75.0,0.30666666666666664,1.0305144473769967,2.3298587505914705,0.0010037536741406522,-0.01689239990390728,0.11053737602626168,-0.047443810058528255,-0.035203171299173004,-0.12681416802924775,0.08035540583981798,-0.050265959607899875,1.5986048305181306,0.14666666666666667,0.14666666666666667,0.15211970074812955,5.267645835876465,6.0,0.10666666666666667,0.06666666666666667,0.04,0.02666666666666667,5.0,2.0,7.949512254523495,21.175273341796302,-1.7270883450089802,0.010603031769091397,0.07528152556054891,,,
W_LONG_POOLED,LONG,BB_B1_30_2_FULL,Y2021,108,108.0,0.5092592592592593,1.6400622856594531,1.5804236570900185,0.019289502459702984,0.0020936709028201482,0.09705550991822813,-0.06141107131801179,0.12100426418086255,0.015980454572258954,0.09541177896712624,-0.051597822237595375,1.8491435264026899,0.12962962962962962,0.12962962962962962,0.1521197007481296,4.831878662109375,6.0,0.17592592592592593,0.05555555555555555,0.037037037037037035,0.009259259259259259,6.0,1.0,0.4368761096845148,1.053873738274057,-0.11223334155068887,0.2186008673292678,2.0832662656479224,,,
W_LONG_POOLED,LONG,BB_B1_30_2_FULL,Y2022,6,6.0,0.16666666666666666,0.15670190714057478,0.7835095357028738,-0.04229348355179713,-0.02860982253883076,0.04715392757296261,-0.06018296577674907,-0.27824756379029786,-0.18807440718149415,0.05169559846237415,-0.056028323647118704,0.9226690198330185,0.16666666666666666,0.16666666666666666,0.15167684059835101,5.159223318099976,4.5,0.0,0.0,0.0,0.0,0.0,0.0,,,-0.15873940149625915,-0.517879390430169,-0.25376090131078277,,,
W_LONG_POOLED,LONG,BB_B1_30_2_FULL,Y2023,140,140.0,0.5714285714285714,1.9492542192100235,1.4619406644075175,0.018244157104992605,0.005729179098411035,0.06556133658721824,-0.04484541553797491,0.13312124916506704,0.04465923943488967,0.0845185641306172,-0.04374144868992189,1.9322305653331147,0.05,0.05,0.14988978923259408,5.227647066116333,6.0,0.12142857142857143,0.02857142857142857,0.014285714285714285,0.007142857142857143,4.0,1.0,0.15870650279303455,0.740100878047558,1.0288048084097112,0.22948625289298874,2.554181994698965,,,
W_LONG_POOLED,LONG,BB_B1_30_2_FULL,Y2024,98,98.0,0.42857142857142855,0.9739604667319232,1.2986139556425644,-0.0007470158943592405,-0.007695656793855695,0.06519507078528412,-0.05020358090409177,-0.018204922264676664,-0.05058948154649398,0.07554222611413564,-0.051066146440701614,1.4793014820857067,0.11224489795918367,0.11224489795918367,0.1521197007481296,4.5340611934661865,6.0,0.07142857142857142,0.030612244897959183,0.01020408163265306,0.0,3.0,0.0,,,-1.3129777493947346,-0.008328504851786754,-0.07320755764720557,,,
W_LONG_POOLED,LONG,BB_B1_30_2_FULL,Y2025,8,8.0,0.375,0.715093918303089,1.191823197171815,-0.00799632340819581,-0.006219638399061585,0.05352053517826514,-0.044906438560072384,-0.07804870242867785,-0.05601498553654838,0.07233640477051229,-0.048006210324077106,1.5068134785518068,0.0,0.0,0.1521197007481296,4.138730525970459,4.0,0.0,0.0,0.0,0.0,0.0,0.0,,,-0.21209291600223873,-0.22058823195022925,-0.06397058726556648,,,
W_LONG_POOLED,LONG,BB_B1_30_2_FULL,Y2026,35,52.23880597014925,0.6,4.816973361689158,3.211315574459439,0.06766042186916105,0.009074824999076584,0.1423110314992993,-0.044315492576046354,0.4400165380000639,0.059655816797208355,0.16561818314144777,-0.05508072910567425,3.006826268107375,0.05714285714285714,0.05714285714285714,0.15211970074812967,4.196963310241699,6.0,0.2,0.14285714285714285,0.08571428571428572,0.05714285714285714,5.0,2.0,0.2893203816756359,0.49016115379198383,0.34573331977640515,0.9360137412729789,2.3681147654206365,,,
W_LONG_POOLED,LONG,BB_B1_30_2_HALF,PRE_2020_2022,189,63.04315068493151,0.37037037037037035,1.8062205061176966,3.070574860400084,0.041614893371970905,-0.046770398686553465,0.2517268137371488,-0.08198035390166314,0.26399677728350773,-0.3395083571880272,0.4362812737096521,-0.09334013543455676,4.674101571403231,0.49206349206349204,0.13756613756613756,0.15211970074812958,5.066162109375,86.0,0.25925925925925924,0.14814814814814814,0.09523809523809523,0.0582010582010582,28.0,11.0,0.33696937256299075,1.0206797733349608,2.4049260193401683,0.0702564970728227,7.865214847302501,,,
W_LONG_POOLED,LONG,BB_B1_30_2_HALF,DISCOVERY,238,119.08150684931506,0.39915966386554624,2.292771348514772,3.4512242403959195,0.058281745168714635,-0.0358456825480595,0.2589553733130935,-0.07503290289922931,0.4607506070185227,-0.2927777153538048,0.45320197218986874,-0.09224694677513776,4.91292111049051,0.44537815126050423,0.07142857142857142,0.15211970074812955,4.887524843215942,98.0,0.23529411764705882,0.17647058823529413,0.11764705882352941,0.08403361344537816,42.0,20.0,0.25438330227728667,0.7720965543374949,7.509308975525771,0.08826634012188408,13.871055350154084,0.14482309790537484,-0.2617401005994512,0.6679873448307648
W_LONG_POOLED,LONG,BB_B1_30_2_HALF,STRICT_OOS,43,25.747131147540983,0.627906976744186,6.517872765270097,3.8624431201600573,0.181022214914516,0.07916575584594038,0.34054206268036746,-0.08816752819035834,1.1723978476219041,0.5204175097413458,0.7205092220080674,-0.08616109547304883,8.36234982914583,0.32558139534883723,0.046511627906976744,0.15211970074812967,4.196963310241699,57.0,0.37209302325581395,0.3488372093023256,0.18604651162790697,0.16279069767441862,15.0,7.0,0.3705855486796308,0.4642007535258364,2.4322394109807695,0.46168180553524246,7.783955241324188,0.2622155399838104,-0.30258570621363823,0.8248561346873642
W_LONG_POOLED,LONG,BB_B1_30_2_HALF,EXTENDED,141,52.76664959016394,0.3191489361702128,1.558756921642478,3.3253480995039535,0.030156567382385802,-0.05941186364670164,0.2635991367049117,-0.0792696369875482,0.17339831073209155,-0.41959346098343325,0.37314675600676833,-0.10175521584557909,3.6671020046092337,0.5673758865248227,0.0851063829787234,0.15211970074812964,4.425345420837402,58.0,0.1702127659574468,0.14893617021276595,0.0851063829787234,0.05673758865248227,21.0,8.0,0.6784030490946362,1.4658063641268861,-1.099639829427021,0.07324850992104046,4.252076000916398,,,
W_LONG_POOLED,LONG,BB_B1_30_2_HALF,FULL_2023_2026,281,76.53635346756153,0.43416370106761565,2.7837168740978675,3.627958876898041,0.07706409463159528,-0.032127015933159024,0.2770114439107689,-0.07635462619896558,0.5696503626980437,-0.24349443186624517,0.4941066403115148,-0.09131565992108144,5.410973766586597,0.42704626334519574,0.06761565836298933,0.15211970074812958,4.815471172332764,93.0,0.25622775800711745,0.20284697508896798,0.12811387900355872,0.09608540925266904,57.0,27.0,0.29615253074827697,0.6689927780413484,13.3254413208272,0.12444693173655694,21.655010591478273,,,
W_LONG_POOLED,LONG,BB_B1_30_2_HALF,Y2020,75,75.0,0.3333333333333333,1.7764728487276358,3.552945697455272,0.041501124612759545,-0.054891091032825794,0.2848481612217598,-0.08017239369174056,0.2527823901508015,-0.4496249816684276,0.44903097999250474,-0.0929061787835483,4.833165951627951,0.56,0.14666666666666667,0.15211970074812955,5.267645835876465,65.0,0.25333333333333335,0.16,0.12,0.09333333333333334,12.0,7.0,0.3378832968780953,0.9939057416257907,-0.5080840891660179,0.06932259122398587,3.1125843459569658,,,
W_LONG_POOLED,LONG,BB_B1_30_2_HALF,Y2021,108,108.0,0.4166666666666667,2.012442719633018,2.817419807486225,0.048910144878808876,-0.02288050252705839,0.23332606513458717,-0.08281551244674706,0.3190235427857444,-0.1720914867668158,0.4467850320751977,-0.0918904716414417,4.862147555609041,0.4351851851851852,0.12962962962962962,0.1521197007481296,4.831878662109375,88.5,0.2777777777777778,0.14814814814814814,0.08333333333333333,0.037037037037037035,16.0,4.0,0.27057262161116147,0.9099560199352908,0.47563892392638735,0.08025365613660528,5.282295646911359,,,
W_LONG_POOLED,LONG,BB_B1_30_2_HALF,Y2022,6,6.0,0.0,0.0,,-0.08827752426097045,-0.08832448034179002,,-0.08827752426097045,-0.586305162597926,-0.5822355468023425,0.08784229459417281,-0.12485854184823424,0.7035345222992053,0.6666666666666666,0.16666666666666666,0.15167684059835101,5.159223318099976,20.0,0.0,0.0,0.0,0.0,0.0,0.0,,,-0.15873940149625915,-0.4306220695657095,-0.5296651455658227,,,
W_LONG_POOLED,LONG,BB_B1_30_2_HALF,Y2023,140,140.0,0.55,4.841283080692851,3.9610497932941513,0.12430667564687055,0.01974492983985385,0.2848498052648412,-0.07191270499731585,0.9687327864637526,0.16831191052441363,0.6159305237898666,-0.08080153573998028,7.622757638814365,0.2857142857142857,0.05,0.14988978923259408,5.227647066116333,149.0,0.34285714285714286,0.2571428571428571,0.17142857142857143,0.1357142857142857,36.0,19.0,0.14562509213284677,0.45313694401505733,11.041188215933566,0.15007704890101653,17.402934590561877,,,
W_LONG_POOLED,LONG,BB_B1_30_2_HALF,Y2024,98,98.0,0.1836734693877551,0.43026897618896887,1.9123065608398617,-0.03603958408579378,-0.06756720631127727,0.14818474774172796,-0.07749005874698617,-0.2649382207603772,-0.5064890605186715,0.22073261276130032,-0.10859753396821989,2.032574817268832,0.673469387755102,0.10204081632653061,0.1521197007481296,4.5340611934661865,58.5,0.08163265306122448,0.061224489795918366,0.04081632653061224,0.01020408163265306,6.0,1.0,,,-5.256434118464036,-0.08574603642650622,-3.5318792404077906,,,
W_LONG_POOLED,LONG,BB_B1_30_2_HALF,Y2025,8,8.0,0.5,11.423510420777392,11.423510420777392,0.5114074216988104,0.10865655382173064,1.1209405997031763,-0.0981257563055555,3.293297869974842,1.0099047873601381,1.4965043326930667,-0.09071491496737998,16.49678372328511,0.5,0.0,0.1521197007481296,4.138730525970459,96.5,0.5,0.5,0.375,0.375,4.0,3.0,0.7050692856640552,0.7050692856640552,-0.3295161675019212,0.9061482555017681,4.091259373590483,,,
W_LONG_POOLED,LONG,BB_B1_30_2_HALF,Y2026,35,52.23880597014925,0.6571428571428571,4.62677051570557,2.413967225585515,0.10550559622096306,0.07916575584594038,0.20482057798074857,-0.08484811881862593,0.6876206996555185,0.5204175097413458,0.5431389109943534,-0.08512022244577314,6.380844591194139,0.2857142857142857,0.05714285714285714,0.15211970074812967,4.196963310241699,57.0,0.34285714285714286,0.3142857142857143,0.14285714285714285,0.11428571428571428,11.0,4.0,0.16939569813958819,0.3109526042823525,1.2860686367649585,0.29912481715137357,3.692695867733707,,,
W_LONG_POOLED,LONG,BB_B2_20_2.5_FULL,PRE_2020_2022,189,63.04315068493151,0.582010582010582,0.9777928498456918,0.7022330467073604,-0.0009413148585567116,0.006124834299469921,0.07121279985035041,-0.10140906951652863,-0.009088513350588976,0.05057423021348167,0.07668217627268493,-0.06319155137848848,1.2134877938570268,0.2698412698412698,0.2698412698412698,0.15211970074812958,5.066162109375,8.0,0.12698412698412698,0.031746031746031744,0.015873015873015872,0.015873015873015872,6.0,3.0,,,-2.430355642399369,-0.005290172710889637,-0.1779085082672185,,,
W_LONG_POOLED,LONG,BB_B2_20_2.5_FULL,DISCOVERY,238,119.08150684931506,0.5966386554621849,1.294171016050962,0.8749325178936083,0.009896241924170506,0.009771689593477576,0.07297106838958564,-0.08340193888925605,0.07888299556198916,0.07334988414299307,0.08295428892537511,-0.0613579713254645,1.351972484314321,0.20168067226890757,0.20168067226890757,0.15211970074812955,4.887524843215942,6.0,0.13445378151260504,0.04201680672268908,0.01680672268907563,0.012605042016806723,10.0,3.0,0.3675652588232394,1.4516313631526159,0.4437547557280448,0.05452096245260603,2.3553055779525804,0.09201722660975187,-0.16702562152211342,0.7267556904698055
W_LONG_POOLED,LONG,BB_B2_20_2.5_FULL,STRICT_OOS,43,25.747131147540983,0.6976744186046512,3.0463421878472907,1.320081614733826,0.04537446030056687,0.03256290301946247,0.09681866730905327,-0.07334294048824797,0.30400185969586013,0.21406105099679432,0.10792614307830918,-0.06383616430393944,1.6906739973355334,0.09302325581395349,0.09302325581395349,0.15211970074812967,4.196963310241699,4.0,0.27906976744186046,0.09302325581395349,0.0,0.0,4.0,0.0,0.14045794945188023,0.259862765539223,0.8511335808986908,0.47356839634086784,1.9511017929243755,0.12086092624128364,-0.04460936224454881,1.8158759045033448
W_LONG_POOLED,LONG,BB_B2_20_2.5_FULL,EXTENDED,141,52.76664959016394,0.5319148936170213,1.0492169099723072,0.9233108807756302,0.002245739673612205,0.004897015016585187,0.09000532376936682,-0.09748106043519986,0.013988545949411057,0.04564496669522431,0.09124638016686443,-0.07178914079839264,1.2710331834603519,0.2695035460992908,0.2695035460992908,0.15211970074812964,4.425345420837402,7.0,0.14893617021276595,0.05673758865248227,0.028368794326241134,0.02127659574468085,8.0,3.0,1.389157637440332,7.464130990582497,-1.6046491593713874,0.012701536060141233,0.31664929397932096,,,
W_LONG_POOLED,LONG,BB_B2_20_2.5_FULL,FULL_2023_2026,281,76.53635346756153,0.6120996441281139,1.4806234431425906,0.9383020657124557,0.015325293134793437,0.01191736170899155,0.07713053331739977,-0.08220224183225508,0.11333178971770606,0.08376238859468262,0.08677560468543263,-0.06173719658551582,1.4055643839485754,0.18505338078291814,0.18505338078291814,0.15211970074812958,4.815471172332764,5.0,0.15658362989323843,0.0498220640569395,0.014234875444839857,0.010676156583629894,14.0,3.0,0.29787515505079165,0.9159861086738399,2.385108917526246,0.09100607292639383,4.306407370876956,,,
W_LONG_POOLED,LONG,BB_B2_20_2.5_FULL,Y2020,75,75.0,0.6,0.9920163573386339,0.6613442382257559,-0.00029772366032064924,0.0052759544048756645,0.06165663835674904,-0.09322926668592518,0.0071799545684768235,0.03126587758160308,0.06956514810089282,-0.05887978256075452,1.181477666448797,0.25333333333333335,0.25333333333333335,0.15211970074812955,5.267645835876465,7.0,0.12,0.013333333333333334,0.013333333333333334,0.013333333333333334,1.0,1.0,,,-1.4118727624074128,-0.0019552779793387647,-0.022329274524048693,,,
W_LONG_POOLED,LONG,BB_B2_20_2.5_FULL,Y2021,108,108.0,0.5925925925925926,1.063596701389716,0.7312227322054298,0.0027869287649718156,0.013531606942083278,0.0786524111803319,-0.1075628638391883,0.007835489799010371,0.10090506637426482,0.08330925548307047,-0.06503908336797444,1.2809106643113048,0.26851851851851855,0.26851851851851855,0.1521197007481296,4.831878662109375,9.0,0.1388888888888889,0.046296296296296294,0.018518518518518517,0.018518518518518517,5.0,2.0,1.7906595606547022,5.787818780503029,-1.441077467132467,0.014019017541544299,0.3009883066169561,,,
W_LONG_POOLED,LONG,BB_B2_20_2.5_FULL,Y2022,6,6.0,0.16666666666666666,0.05212035743359084,0.2606017871679542,-0.07609459006002091,-0.08084797491104301,0.025104941943594864,-0.09633449646074407,-0.5170764190316997,-0.560628030867007,0.046357602633146734,-0.08383308578941571,0.5529750240805233,0.5,0.5,0.15167684059835101,5.159223318099976,3.5,0.0,0.0,0.0,0.0,0.0,0.0,,,-0.15873940149625915,-0.6169831626488183,-0.4565675403601255,,,
W_LONG_POOLED,LONG,BB_B2_20_2.5_FULL,Y2023,140,140.0,0.6928571428571428,2.5792926282498128,1.1433977630385768,0.028498271977840245,0.01974927751072492,0.06717579843185824,-0.05875103188354918,0.21338462808434605,0.13349595488971505,0.0822728950934192,-0.051613452771118444,1.5940203701980773,0.1,0.1,0.14988978923259408,5.227647066116333,4.5,0.16428571428571428,0.04285714285714286,0.0,0.0,6.0,0.0,0.066244649621811,0.39546764683493285,2.8126293234302704,0.1781937506430386,3.989758076897634,,,
W_LONG_POOLED,LONG,BB_B2_20_2.5_FULL,Y2024,98,98.0,0.45918367346938777,0.701758123506103,0.8265151232405213,-0.016678086723929123,-0.0036970543329083406,0.08546309474290917,-0.10340173136558427,-0.11326219375566357,-0.028558834950577767,0.08392770868531213,-0.07527871211738743,1.1148929933131388,0.3469387755102041,0.3469387755102041,0.1521197007481296,4.5340611934661865,9.0,0.09183673469387756,0.04081632653061224,0.04081632653061224,0.030612244897959183,4.0,3.0,,,-3.4442170954970868,-0.0785416866383976,-1.634452498945054,,,
W_LONG_POOLED,LONG,BB_B2_20_2.5_FULL,Y2025,8,8.0,0.625,1.480620618604164,0.8883723711624985,0.010532990516625363,0.023722523025548062,0.05191741620996705,-0.05844105230561079,0.10547487508726315,0.15594642185647176,0.06608201305012798,-0.04882206183605986,1.3535276996703969,0.125,0.125,0.1521197007481296,4.138730525970459,3.0,0.0,0.0,0.0,0.0,0.0,0.0,1.0177283172877487,1.0177283172877487,-0.17532315691683237,0.38301783696819497,0.0842639241330029,,,
W_LONG_POOLED,LONG,BB_B2_20_2.5_FULL,Y2026,35,52.23880597014925,0.7142857142857143,3.399118022219369,1.3596472088877478,0.053338224822610636,0.0367735646289939,0.10579891752887052,-0.07781350694303912,0.34937945617782507,0.21792412930384086,0.11749051565617918,-0.0672679591537405,1.746604432990978,0.08571428571428572,0.08571428571428572,0.15211970074812967,4.196963310241699,5.0,0.34285714285714286,0.11428571428571428,0.0,0.0,4.0,0.0,0.1467978347704446,0.2715922556714143,0.7668696567656879,0.47867637661317236,1.8668378687913723,,,
W_LONG_POOLED,LONG,BB_B2_20_2.5_HALF,PRE_2020_2022,189,63.04315068493151,0.4126984126984127,1.6719567271550904,2.3793230347976286,0.036611825009993694,-0.040865243226907925,0.22073556185547033,-0.09277242250304395,0.2401648015570078,-0.32324378082507466,0.4362812737096521,-0.09336543364058611,4.672835081440675,0.49206349206349204,0.23809523809523808,0.15211970074812958,5.066162109375,86.0,0.24338624338624337,0.14285714285714285,0.08994708994708994,0.06878306878306878,27.0,13.0,0.41275822546564805,1.1273766242806496,1.4788521402222035,0.05846508324015722,6.919634926888809,,,
W_LONG_POOLED,LONG,BB_B2_20_2.5_HALF,DISCOVERY,238,119.08150684931506,0.4369747899159664,2.1699103461732996,2.795846022954059,0.05818605122240485,-0.029239591822255048,0.2469742706328944,-0.08833614891707955,0.46497844714087544,-0.23149085676078057,0.45320197218986874,-0.09224694677513776,4.91292111049051,0.44537815126050423,0.18067226890756302,0.15211970074812955,4.887524843215942,100.0,0.2689075630252101,0.19327731092436976,0.1134453781512605,0.07142857142857142,46.0,17.0,0.2551985781362113,0.76136505799426,7.50745466910262,0.08217100926204446,13.848280190932353,0.15566908789517053,-0.2652337257673315,0.7062183649352164
W_LONG_POOLED,LONG,BB_B2_20_2.5_HALF,STRICT_OOS,43,25.747131147540983,0.627906976744186,6.58958406206501,3.904938703445932,0.17691707090020561,0.04261741479601517,0.3321642912162947,-0.08506261338319465,1.1525826238585222,0.39759122348074977,0.7205092220080674,-0.08616109547304883,8.36234982914583,0.32558139534883723,0.09302325581395349,0.15211970074812967,4.196963310241699,57.0,0.4418604651162791,0.32558139534883723,0.23255813953488372,0.13953488372093023,14.0,6.0,0.3812087128525039,0.4719911281687696,2.4261510196208036,0.4344622529245484,7.607434048708842,0.2736115824142902,-0.29708273735047874,0.8520710685715529
W_LONG_POOLED,LONG,BB_B2_20_2.5_HALF,EXTENDED,141,52.76664959016394,0.3617021276595745,1.3885172523928806,2.4503245630462596,0.02403089036663674,-0.05379848353721583,0.237443218373201,-0.09690276217041632,0.13880087071716268,-0.41052931465842435,0.37314675600676833,-0.10175521584557909,3.6671020046092337,0.5673758865248227,0.24113475177304963,0.15211970074812964,4.425345420837402,58.0,0.2127659574468085,0.14893617021276595,0.09929078014184398,0.0425531914893617,21.0,6.0,0.8558783475146261,1.7642677324731304,-1.7929274873922578,0.05242697728138295,3.3883555416957805,,,
W_LONG_POOLED,LONG,BB_B2_20_2.5_HALF,FULL_2023_2026,281,76.53635346756153,0.46619217081850534,2.6256735743412056,3.0064964591693197,0.07635485494534233,-0.014919172944228894,0.2645325191500838,-0.08798697179346515,0.5701990151083446,-0.13924865312759915,0.4941066403115148,-0.09131565992108144,5.410973766586597,0.42704626334519574,0.16725978647686832,0.15211970074812958,4.815471172332764,93.0,0.29537366548042704,0.21352313167259787,0.13167259786476868,0.08185053380782918,60.0,23.0,0.2998772953588706,0.6634591291583025,13.075868464502905,0.11532850053559018,21.455714239641196,,,
W_LONG_POOLED,LONG,BB_B2_20_2.5_HALF,Y2020,75,75.0,0.4266666666666667,1.7516316191853294,2.3537549882802864,0.040140623637000876,-0.042666733518460113,0.21924673535325054,-0.09314764554718494,0.2691519228264822,-0.3715393588839715,0.44903097999250474,-0.0929061787835483,4.833165951627951,0.56,0.24,0.15211970074812955,5.267645835876465,65.0,0.21333333333333335,0.14666666666666667,0.12,0.09333333333333334,11.0,7.0,0.3748559309874879,1.0501235185458164,-0.64987706370467,0.06426612814121177,3.0105467727750654,,,
W_LONG_POOLED,LONG,BB_B2_20_2.5_HALF,Y2021,108,108.0,0.42592592592592593,1.7892759139458203,2.411632753579149,0.04166687102661209,-0.027179893069054686,0.2217712672483189,-0.09195897133142848,0.26998941648475117,-0.1889033189161511,0.4467850320751977,-0.0918904716414417,4.862147555609041,0.4351851851851852,0.23148148148148148,0.1521197007481296,4.831878662109375,90.0,0.2777777777777778,0.14814814814814814,0.07407407407407407,0.05555555555555555,16.0,6.0,0.34739298611814245,1.0172768585005676,-0.07774624456792378,0.06410287850248013,4.500022070874105,,,
W_LONG_POOLED,LONG,BB_B2_20_2.5_HALF,Y2022,6,6.0,0.0,0.0,,-0.09848898612672645,-0.07498097992693015,,-0.09848898612672645,-0.6590172830108005,-0.497066269124792,0.08784229459417281,-0.1256554353381594,0.6990727807179592,0.6666666666666666,0.3333333333333333,0.15167684059835101,5.159223318099976,20.5,0.0,0.0,0.0,0.0,0.0,0.0,,,-0.15873940149625915,-0.4510945929468387,-0.5909339167603587,,,
W_LONG_POOLED,LONG,BB_B2_20_2.5_HALF,Y2023,140,140.0,0.5714285714285714,5.0357778110113625,3.776833358258522,0.12905256212818156,0.0429162895836911,0.2818019483953465,-0.07461328622803838,1.0046785748166063,0.2849672514921488,0.6159305237898666,-0.08080153573998028,7.622757638814365,0.2857142857142857,0.09285714285714286,0.14988978923259408,5.227647066116333,149.0,0.37857142857142856,0.2785714285714286,0.16428571428571428,0.12142857142857143,39.0,17.0,0.13946228805809252,0.4326485029600044,11.72653317611568,0.14881277240709512,18.06735869794542,,,
W_LONG_POOLED,LONG,BB_B2_20_2.5_HALF,Y2024,98,98.0,0.24489795918367346,0.426774857904758,1.315889145206337,-0.043051821500133286,-0.07295519988533203,0.1308820114247206,-0.09946279434062642,-0.3060217352530256,-0.5381741804275025,0.22073261276130032,-0.10859753396821989,2.032574817268832,0.673469387755102,0.30612244897959184,0.1521197007481296,4.5340611934661865,58.5,0.11224489795918367,0.07142857142857142,0.04081632653061224,0.0,7.0,0.0,,,-5.811950515947571,-0.089539017551211,-4.219078507013062,,,
W_LONG_POOLED,LONG,BB_B2_20_2.5_HALF,Y2025,8,8.0,0.5,12.93594864287531,12.93594864287531,0.520672078661221,0.14496375750907498,1.1285885137183644,-0.08724435639592257,3.3850596587328123,1.335278658840024,1.4965043326930667,-0.09071491496737998,16.49678372328511,0.5,0.125,0.1521197007481296,4.138730525970459,96.5,0.5,0.5,0.5,0.375,4.0,3.0,0.6962203901146601,0.6962203901146601,-0.311131287959218,0.9297715690378947,4.165376629289768,,,
W_LONG_POOLED,LONG,BB_B2_20_2.5_HALF,Y2026,35,52.23880597014925,0.6571428571428571,4.401160543531484,2.2962576748859918,0.09834449769768785,0.04261741479601517,0.1936557307811521,-0.08433536571228534,0.6423021587443991,0.39759122348074977,0.5431389109943534,-0.08512022244577314,6.380844591194139,0.2857142857142857,0.08571428571428572,0.15211970074812967,4.196963310241699,57.0,0.42857142857142855,0.2857142857142857,0.17142857142857143,0.08571428571428572,10.0,3.0,0.14754241958419512,0.28898490224055645,1.3105918592292296,0.26416403832840174,3.4420574194190747,,,
W_LONG_POOLED,LONG,BB_B2_20_2_FULL,PRE_2020_2022,189,63.04315068493151,0.455026455026455,1.0606121512602888,1.2702680416256946,0.0018732213591535892,-0.0059298225695879015,0.07203596097739381,-0.05670926026384311,-0.001202630754678486,-0.04698283130795982,0.06640795597090933,-0.04825046897931829,1.3763173161979818,0.14814814814814814,0.14814814814814814,0.15211970074812958,5.066162109375,4.0,0.1164021164021164,0.031746031746031744,0.015873015873015872,0.010582010582010581,6.0,2.0,4.1529830692912695,8.49176287888465,-1.8950150841701632,0.024249235402741667,0.35403883688002835,,,
W_LONG_POOLED,LONG,BB_B2_20_2_FULL,DISCOVERY,238,119.08150684931506,0.4789915966386555,1.2896705429992628,1.4027995379991982,0.005961130555300327,-0.001510801931193513,0.05540834598812738,-0.039498406213589056,0.03859993663234125,-0.01508094896058235,0.062154708285013585,-0.04535109854773716,1.3705226615313126,0.08823529411764706,0.08823529411764706,0.15211970074812955,4.887524843215942,4.0,0.08823529411764706,0.012605042016806723,0.008403361344537815,0.004201680672268907,3.0,1.0,0.5016857631561333,1.7772920370859229,0.07352956030246993,0.08872727155481411,1.4187490721614777,0.07442372470581105,-0.09216060370164358,0.8343102376613362
W_LONG_POOLED,LONG,BB_B2_20_2_FULL,STRICT_OOS,43,25.747131147540983,0.5348837209302325,2.7703770717192224,2.4090235406254106,0.03161241849642036,0.004976891629124573,0.09248503176730145,-0.038391086765092904,0.20203430004715567,0.032716943332441885,0.09504758183947676,-0.05153768296886085,1.8442346718789175,0.046511627906976744,0.046511627906976744,0.15211970074812967,4.196963310241699,3.0,0.18604651162790697,0.06976744186046512,0.023255813953488372,0.023255813953488372,3.0,1.0,0.3708193775032389,0.5586850943275042,0.07671265703783559,0.7192243361619448,1.3593339953460755,0.08228248708082164,-0.029660740760445115,1.6083302558108612
W_LONG_POOLED,LONG,BB_B2_20_2_FULL,EXTENDED,141,52.76664959016394,0.45390070921985815,1.1994180074240484,1.4430497901820583,0.004939541699722508,-0.003241373739961524,0.0654533662483843,-0.045357663119944436,0.020201679142050157,-0.02313424699741378,0.06709579668155248,-0.0512247714583302,1.3098310596882385,0.10638297872340426,0.10638297872340426,0.15211970074812964,4.425345420837402,4.0,0.11347517730496454,0.02127659574468085,0.0070921985815602835,0.0070921985815602835,3.0,1.0,0.7237404231268905,2.3677050619342306,-0.6309939804925255,0.07285307318628384,0.6964753796608736,,,
W_LONG_POOLED,LONG,BB_B2_20_2_FULL,FULL_2023_2026,281,76.53635346756153,0.4875444839857651,1.4903401665264033,1.5664889341591393,0.009886416610347164,-0.0012785148326131491,0.061632899075142,-0.03934461184574237,0.06360946555346943,-0.008404663079965125,0.06718813733427308,-0.04629780007837175,1.4512166284475438,0.08185053380782918,0.08185053380782918,0.15211970074812958,4.815471172332764,4.0,0.10320284697508897,0.021352313167259787,0.010676156583629894,0.0071174377224199285,6.0,2.0,0.43765199507098757,1.2014000099303765,1.059800759042541,0.1553737733505343,2.778083067507553,,,
W_LONG_POOLED,LONG,BB_B2_20_2_FULL,Y2020,75,75.0,0.3466666666666667,0.674337488451295,1.2708668051582097,-0.01062553295756394,-0.013299952540867296,0.06346702981762,-0.04993995402194725,-0.09227400653000763,-0.09466182591949253,0.05251289497820456,-0.04558326925770473,1.1520212532656058,0.14666666666666667,0.14666666666666667,0.15211970074812955,5.267645835876465,3.0,0.08,0.013333333333333334,0.013333333333333334,0.013333333333333334,1.0,1.0,,,-1.9989807080167312,-0.1497960473340781,-0.7969149718172954,,,
W_LONG_POOLED,LONG,BB_B2_20_2_FULL,Y2021,108,108.0,0.5370370370370371,1.4294548373492755,1.2322886528873065,0.012555804331322293,0.004134337415117766,0.07782036092517133,-0.06315108131754262,0.07454207197612578,0.027178185302659405,0.07713140097927512,-0.049915156725039815,1.5452501011698185,0.14814814814814814,0.14814814814814814,0.1521197007481296,4.831878662109375,4.0,0.14814814814814814,0.046296296296296294,0.018518518518518517,0.009259259259259259,5.0,1.0,0.6328372191403195,1.360373184475253,-0.4886757205768938,0.15305043654433495,1.3560268677828076,,,
W_LONG_POOLED,LONG,BB_B2_20_2_FULL,Y2022,6,6.0,0.3333333333333333,0.13267074337136034,0.2653414867427207,-0.034178843180913854,-0.014863629902942651,0.015684467568905684,-0.05911049855582362,-0.22621508271754057,-0.09771009165704928,0.04707420822913474,-0.051626086076500634,0.9118298869176171,0.16666666666666666,0.16666666666666666,0.15167684059835101,5.159223318099976,3.0,0.0,0.0,0.0,0.0,0.0,0.0,,,-0.15873940149625915,-0.4882691882987693,-0.20507305908548312,,,
W_LONG_POOLED,LONG,BB_B2_20_2_FULL,Y2023,140,140.0,0.5214285714285715,1.9579048229212437,1.796981138845525,0.014868626341762,0.0009837716690794295,0.0582834484027104,-0.03243409023210714,0.10732730758211315,0.01127293636746865,0.06728113756308454,-0.04133563604569931,1.6276787779121324,0.05714285714285714,0.05714285714285714,0.14988978923259408,5.227647066116333,4.0,0.09285714285714286,0.02142857142857143,0.014285714285714285,0.007142857142857143,3.0,1.0,0.19603766430235092,0.8111714579138984,0.7450045011754374,0.2501932317123413,2.08160768784668,,,
W_LONG_POOLED,LONG,BB_B2_20_2_FULL,Y2024,98,98.0,0.41836734693877553,0.7567239851476052,1.0520309061808168,-0.0067638634253592055,-0.004276665472664472,0.05028926120118685,-0.0478020758760327,-0.05958202186733289,-0.03222838637031153,0.05483123788776937,-0.051087473550648375,1.0732814538853523,0.1326530612244898,0.1326530612244898,0.1521197007481296,4.5340611934661865,4.0,0.08163265306122448,0.0,0.0,0.0,0.0,0.0,,,-1.4237691548795866,-0.08642224454826623,-0.6628586156852021,,,
W_LONG_POOLED,LONG,BB_B2_20_2_FULL,Y2025,8,8.0,0.375,1.1518227734720072,1.9197046224533456,0.0016652874881012613,-0.01092798084176105,0.033690440668559,-0.017549804420173384,0.014534737376150176,-0.0852733320952967,0.07062354020354561,-0.04112635211734887,1.7172332717968815,0.0,0.0,0.1521197007481296,4.138730525970459,3.0,0.0,0.0,0.0,0.0,0.0,0.0,3.7107051326492404,3.7107051326492404,-0.06589306041734481,0.08326437440506307,0.01332229990481009,,,
W_LONG_POOLED,LONG,BB_B2_20_2_FULL,Y2026,35,52.23880597014925,0.5714285714285714,2.9792173238443995,2.2344129928833,0.03845747701260758,0.008204728888217164,0.10130422043211282,-0.04533818088006607,0.2448913429433855,0.04862211257401603,0.1006302199276896,-0.05391741573492071,1.8663769128406944,0.05714285714285714,0.05714285714285714,0.15211970074812967,4.196963310241699,4.0,0.22857142857142856,0.08571428571428572,0.02857142857142857,0.02857142857142857,3.0,1.0,0.3744896033819179,0.5642147419555199,0.06339035713302554,0.7780414424515983,1.3460116954412653,,,
W_LONG_POOLED,LONG,BB_B2_20_2_HALF,PRE_2020_2022,189,63.04315068493151,0.37037037037037035,1.7532000550709055,2.9804400936205395,0.03751238529520461,-0.04031714803757024,0.2357542752567203,-0.07910049115274578,0.2402241992041754,-0.29618970818726614,0.4362812737096521,-0.09334013543455676,4.674101571403231,0.49206349206349204,0.14814814814814814,0.15211970074812958,5.066162109375,86.0,0.2328042328042328,0.13227513227513227,0.07936507936507936,0.0582010582010582,25.0,11.0,0.3804554304419576,1.1162815380678672,1.5987463205930084,0.06405132189713318,7.089840820793672,,,
W_LONG_POOLED,LONG,BB_B2_20_2_HALF,DISCOVERY,238,119.08150684931506,0.39915966386554624,2.257710848909657,3.3984489620429574,0.056050179276088,-0.034656937413113285,0.25206808996912033,-0.07417150964585653,0.44464533898769526,-0.25879207622052347,0.45320197218986874,-0.09224694677513776,4.91292111049051,0.44537815126050423,0.08403361344537816,0.15211970074812955,4.887524843215942,98.0,0.23949579831932774,0.1722689075630252,0.11764705882352941,0.08403361344537816,41.0,20.0,0.26493043716907877,0.7844646316715402,7.018840231067056,0.08596154697753612,13.339942667708943,0.1455396570583598,-0.26042604532396973,0.6706966832658898
W_LONG_POOLED,LONG,BB_B2_20_2_HALF,STRICT_OOS,43,25.747131147540983,0.627906976744186,6.997399200199462,4.146606933451532,0.17003604999813235,0.04140381474443106,0.3159507514620594,-0.07619500872224459,1.10159884403417,0.3017019857968918,0.7205092220080674,-0.08616109547304883,8.36234982914583,0.32558139534883723,0.046511627906976744,0.15211970074812967,4.196963310241699,57.0,0.3953488372093023,0.32558139534883723,0.18604651162790697,0.13953488372093023,14.0,6.0,0.3943997491690708,0.4877822390108581,2.1882411369700865,0.44596219273679116,7.311550149919691,0.26047917206394566,-0.3076827540371384,0.8207705272398829
W_LONG_POOLED,LONG,BB_B2_20_2_HALF,EXTENDED,141,52.76664959016394,0.3120567375886525,1.4636282363412298,3.226634975570438,0.024715215464488686,-0.05423612709683589,0.25002977985629854,-0.07748932920808486,0.13742784949235598,-0.40688658080783446,0.37314675600676833,-0.10175521584557909,3.6671020046092337,0.5673758865248227,0.09929078014184398,0.15211970074812964,4.425345420837402,58.0,0.1773049645390071,0.1347517730496454,0.0851063829787234,0.04964539007092199,19.0,7.0,0.8274896674920867,1.7081867788677016,-1.638463632456701,0.06111083525634203,3.4848453804929047,,,
W_LONG_POOLED,LONG,BB_B2_20_2_HALF,FULL_2023_2026,281,76.53635346756153,0.43416370106761565,2.7463310490268005,3.5792347278300105,0.07349285700223712,-0.028528485850537574,0.26620605603722985,-0.07437513219442389,0.5451755906496113,-0.21819453007843428,0.4941066403115148,-0.09131565992108144,5.410973766586597,0.42704626334519574,0.07829181494661921,0.15211970074812958,4.815471172332764,93.0,0.26334519572953735,0.19572953736654805,0.12811387900355872,0.09252669039145907,55.0,26.0,0.3107683519350022,0.6860246357750457,12.327467289080387,0.12036072279769572,20.651492817628633,,,
W_LONG_POOLED,LONG,BB_B2_20_2_HALF,Y2020,75,75.0,0.3333333333333333,1.6888148903814781,3.3776297807629567,0.035686481296907255,-0.05062588069826201,0.262485009431894,-0.0777127827705861,0.22424697253538417,-0.41086973293985557,0.44903097999250474,-0.0929061787835483,4.833165951627951,0.56,0.14666666666666667,0.15211970074812955,5.267645835876465,65.0,0.22666666666666666,0.14666666666666667,0.12,0.09333333333333334,11.0,7.0,0.39550030481597725,1.1210126755843155,-0.80522888592844,0.060815407799773784,2.676486097268044,,,
W_LONG_POOLED,LONG,BB_B2_20_2_HALF,Y2021,108,108.0,0.4166666666666667,1.979426090077442,2.771196526108419,0.04554329581461853,-0.026916560693413995,0.2209038673816238,-0.07971425530467097,0.29579244668337606,-0.17694329242719692,0.4467850320751977,-0.0918904716414417,4.862147555609041,0.4351851851851852,0.14814814814814814,0.1521197007481296,4.831878662109375,88.5,0.25,0.12962962962962962,0.05555555555555555,0.037037037037037035,14.0,4.0,0.3007882357971942,0.9786840716306391,0.10484614417921473,0.07511149038678784,4.918675947978802,,,
W_LONG_POOLED,LONG,BB_B2_20_2_HALF,Y2022,6,6.0,0.0,0.0,,-0.08422020407552881,-0.07890944536746353,,-0.08422020407552881,-0.5602889220615473,-0.5200136830742116,0.08784229459417281,-0.12485854184823424,0.7035345222992053,0.6666666666666666,0.16666666666666666,0.15167684059835101,5.159223318099976,20.0,0.0,0.0,0.0,0.0,0.0,0.0,,,-0.15873940149625915,-0.422862949333199,-0.5053212244531728,,,
W_LONG_POOLED,LONG,BB_B2_20_2_HALF,Y2023,140,140.0,0.5571428571428572,4.983737767249326,3.9614325842238234,0.12261891026525522,0.019980526058235252,0.2753311349085244,-0.0695029207375672,0.9558358156722757,0.17836668876939393,0.6159305237898666,-0.08080153573998028,7.622757638814365,0.2857142857142857,0.05714285714285714,0.14988978923259408,5.227647066116333,149.0,0.35,0.2571428571428571,0.17142857142857143,0.1357142857142857,36.0,19.0,0.147030284479973,0.4535184613978179,10.845545000493846,0.14985506906844512,17.16664743713573,,,
W_LONG_POOLED,LONG,BB_B2_20_2_HALF,Y2024,98,98.0,0.17346938775510204,0.3923304353132027,1.8693391329629072,-0.03904800785129376,-0.06844123748511641,0.1453317661295017,-0.07774499745220145,-0.2856267705617053,-0.5299624866052244,0.22073261276130032,-0.10859753396821989,2.032574817268832,0.673469387755102,0.12244897959183673,0.1521197007481296,4.5340611934661865,58.5,0.08163265306122448,0.05102040816326531,0.04081632653061224,0.01020408163265306,5.0,1.0,,,-5.479342723164458,-0.09418421780523724,-3.826704769426789,,,
W_LONG_POOLED,LONG,BB_B2_20_2_HALF,Y2025,8,8.0,0.5,15.09232260766376,15.09232260766376,0.5162382271469589,0.12100924470240806,1.1057416273273843,-0.07326517303346654,3.3395895898772556,1.1159523596159449,1.4965043326930667,-0.09071491496737998,16.49678372328511,0.5,0.0,0.1521197007481296,4.138730525970459,96.5,0.5,0.5,0.375,0.375,4.0,3.0,0.6982419630909339,0.6982419630909339,-0.25641623970947425,0.928068722960825,4.129905817175671,,,
W_LONG_POOLED,LONG,BB_B2_20_2_HALF,Y2026,35,52.23880597014925,0.6571428571428571,4.4356804431951335,2.3142680573192,0.09090412379268632,0.04140381474443106,0.17859581652895945,-0.07717162061850395,0.5900581021271791,0.3017019857968918,0.5431389109943534,-0.08512022244577314,6.380844591194139,0.2857142857142857,0.05714285714285714,0.15211970074812967,4.196963310241699,57.0,0.37142857142857144,0.2857142857142857,0.14285714285714285,0.08571428571428572,10.0,3.0,0.16617627978749058,0.3077042381493752,1.1102736848942878,0.2663578344699892,3.181644332744021,,,
W_LONG_POOLED,LONG,BB_B2_30_2_FULL,PRE_2020_2022,189,63.04315068493151,0.455026455026455,1.2090843270316398,1.4480893684216152,0.006101186878480958,-0.004558984728292688,0.07753767828848745,-0.0535448156580293,0.02412257005398264,-0.029969719279432244,0.07481045418033355,-0.04834222877634642,1.5475176894810008,0.13756613756613756,0.13756613756613756,0.15211970074812958,5.066162109375,4.0,0.12169312169312169,0.037037037037037035,0.026455026455026454,0.010582010582010581,7.0,2.0,1.2634020016106895,2.9010140482785713,-1.365614498784903,0.07791380540762845,1.153124320032901,,,
W_LONG_POOLED,LONG,BB_B2_30_2_FULL,DISCOVERY,238,119.08150684931506,0.47058823529411764,1.6633925981756041,1.871316672947555,0.01196227166854761,-0.0012256202427718922,0.06373775150158752,-0.03406037707193229,0.0814302568906728,-0.011775946593790436,0.0711953296296629,-0.043937032224620705,1.6203945971063483,0.07142857142857142,0.07142857142857142,0.15211970074812955,4.887524843215942,4.0,0.10084033613445378,0.02100840336134454,0.012605042016806723,0.0,5.0,0.0,0.2680696100323736,1.0005125138712894,1.195664657883385,0.1715072685008633,2.847020657114331,0.12236888443327598,-0.06070758467913229,1.314038634960634
W_LONG_POOLED,LONG,BB_B2_30_2_FULL,STRICT_OOS,43,25.747131147540983,0.5116279069767442,2.9006163311190547,2.768770134250007,0.03143187546257508,0.0008251334329658121,0.09375876993741704,-0.03386296636821172,0.20585318964013266,0.004889830147083117,0.1070397596289133,-0.0522116123182042,2.050114043147306,0.046511627906976744,0.046511627906976744,0.15211970074812967,4.196963310241699,5.0,0.13953488372093023,0.06976744186046512,0.046511627906976744,0.023255813953488372,3.0,1.0,0.30360509461314805,0.5545761039531973,0.023094489413903352,0.6199865343535452,1.3515706448907285,0.08223344604035754,-0.034337562598374394,1.4999031457185252
W_LONG_POOLED,LONG,BB_B2_30_2_FULL,EXTENDED,141,52.76664959016394,0.44680851063829785,1.4356604872583254,1.777484412796022,0.00976752436424106,-0.0038116169349456342,0.07203882843409724,-0.04052852892295049,0.05401075961704057,-0.026269234456286414,0.07716841368418367,-0.04988713093676655,1.546860126752869,0.09219858156028368,0.09219858156028368,0.15211970074812964,4.425345420837402,4.0,0.09929078014184398,0.028368794326241134,0.02127659574468085,0.0070921985815602835,4.0,1.0,0.2979505488070002,1.3959756347058263,-0.17583419301635406,0.14316225939272242,1.3772209353579896,,,
W_LONG_POOLED,LONG,BB_B2_30_2_FULL,FULL_2023_2026,281,76.53635346756153,0.47686832740213525,1.8392600571751927,2.017695734363831,0.014941606056957504,-0.001220692726747792,0.06866657542388788,-0.034032175542829356,0.10047006510500295,-0.011356219626309684,0.07668042034129197,-0.045203249107268716,1.6963475381897204,0.06761565836298933,0.06761565836298933,0.15211970074812958,4.815471172332764,4.0,0.10676156583629894,0.028469750889679714,0.017793594306049824,0.0035587188612099642,8.0,1.0,0.2795088558071185,0.8853856243173165,2.3260081868255984,0.22356716198110005,4.198591302005059,,,
W_LONG_POOLED,LONG,BB_B2_30_2_FULL,Y2020,75,75.0,0.36,0.7748066367088866,1.3774340208157985,-0.007165735425518037,-0.013213610482411816,0.06848508720893319,-0.049719323157396855,-0.08162306430231352,-0.10595304501985031,0.06242085880762174,-0.0464112769950578,1.3449502545312157,0.14666666666666667,0.14666666666666667,0.15211970074812955,5.267645835876465,4.0,0.08,0.02666666666666667,0.02666666666666667,0.013333333333333334,2.0,1.0,,,-1.8645260540723918,-0.08767213000225983,-0.5374301569138528,,,
W_LONG_POOLED,LONG,BB_B2_30_2_FULL,Y2021,108,108.0,0.5370370370370371,1.6839015118233787,1.4516392343304987,0.01809135812789964,0.005054220722416962,0.08294497026633463,-0.05713883195268496,0.11508754065358805,0.04393797282546372,0.08595135885537034,-0.04950073099667715,1.7363654460201814,0.12962962962962962,0.12962962962962962,0.1521197007481296,4.831878662109375,5.0,0.1574074074074074,0.046296296296296294,0.027777777777777776,0.009259259259259259,5.0,1.0,0.46619761717177977,1.0694518960868624,-0.13569974547506325,0.236259574100745,1.953866677813161,,,
W_LONG_POOLED,LONG,BB_B2_30_2_FULL,Y2022,6,6.0,0.16666666666666666,0.03068211936611994,0.1534105968305997,-0.043885366811067826,-0.026234265378179463,0.008334702721315371,-0.054329380717544465,-0.2914264712852136,-0.17245803961721265,0.029144112188569382,-0.051626086076500634,0.564522984473063,0.16666666666666666,0.16666666666666666,0.15167684059835101,5.159223318099976,2.5,0.0,0.0,0.0,0.0,0.0,0.0,,,-0.15873940149625915,-0.6582805021660174,-0.26331220086640694,,,
W_LONG_POOLED,LONG,BB_B2_30_2_FULL,Y2023,140,140.0,0.5071428571428571,2.5321006773926995,2.460773897747835,0.020152645476050494,0.0006696005004442384,0.06567429458384291,-0.026688471721822864,0.14726122277502227,0.004604701923454164,0.0761889413316653,-0.04048591097898876,1.8818630849434408,0.04285714285714286,0.04285714285714286,0.14988978923259408,5.227647066116333,5.0,0.11428571428571428,0.02857142857142857,0.014285714285714285,0.0,4.0,0.0,0.14068006478464265,0.6361467225394583,1.3592825609993107,0.3080098653544835,2.821370366647069,,,
W_LONG_POOLED,LONG,BB_B2_30_2_FULL,Y2024,98,98.0,0.41836734693877553,1.0104690663463485,1.404798458091265,0.00026173765782919254,-0.004352230225064198,0.060384225676218345,-0.04298426249574897,-0.012613980086969222,-0.03738434219159993,0.0640615986268023,-0.04886720543266634,1.3109323125725325,0.11224489795918367,0.11224489795918367,0.1521197007481296,4.5340611934661865,4.0,0.08163265306122448,0.01020408163265306,0.01020408163265306,0.0,1.0,0.0,14.028481114901242,40.90785329769318,-1.0236480290106647,0.0034476196864597942,0.025650290467260868,,,
W_LONG_POOLED,LONG,BB_B2_30_2_FULL,Y2025,8,8.0,0.375,1.6832758436911481,2.805459739485247,0.007853423031642357,-0.009485112039892381,0.05159254455921397,-0.018390049884900613,0.05052397147872997,-0.07598964359229333,0.07062354020354561,-0.04112635211734887,1.7172332717968815,0.0,0.0,0.1521197007481296,4.138730525970459,3.0,0.0,0.0,0.0,0.0,0.0,0.0,1.2489709317324367,1.2489709317324367,-0.0729800253447183,0.28557901933244934,0.06282738425313886,,,
W_LONG_POOLED,LONG,BB_B2_30_2_FULL,Y2026,35,52.23880597014925,0.5428571428571428,3.081397686612345,2.594861209778817,0.03682123601821685,0.008389704770180587,0.10041659499713332,-0.03869825276924646,0.24135701093416764,0.05515199365315437,0.11536346692614019,-0.054745386078399697,2.1072728715609137,0.05714285714285714,0.05714285714285714,0.15211970074812967,4.196963310241699,5.0,0.17142857142857143,0.08571428571428572,0.05714285714285714,0.02857142857142857,3.0,1.0,0.31840611396515917,0.5816121840204082,-0.03973289483923553,0.6575220717538722,1.2887432606375897,,,
W_LONG_POOLED,LONG,BB_B2_30_2_HALF,PRE_2020_2022,189,63.04315068493151,0.37566137566137564,1.7966279355637749,2.985945019669372,0.039626368054868306,-0.04276333889834343,0.23789775340881947,-0.07967251635301759,0.25288679960850596,-0.32200123336029124,0.4362812737096521,-0.09334013543455676,4.674101571403231,0.49206349206349204,0.13756613756613756,0.15211970074812958,5.066162109375,86.0,0.25396825396825395,0.14814814814814814,0.08465608465608465,0.0582010582010582,28.0,11.0,0.3538388467432821,1.0482006226182048,2.0465583258152584,0.06759981552820751,7.48938356237011,,,
W_LONG_POOLED,LONG,BB_B2_30_2_HALF,DISCOVERY,238,119.08150684931506,0.39915966386554624,2.373684618898751,3.573020005289698,0.05905074983271163,-0.03482144291032762,0.2556317238038931,-0.07154500210618514,0.4660604991168609,-0.28104980467551577,0.45320197218986874,-0.09224694677513776,4.91292111049051,0.44537815126050423,0.06722689075630252,0.15211970074812955,4.887524843215942,98.0,0.23529411764705882,0.17647058823529413,0.1134453781512605,0.08403361344537816,42.0,20.0,0.2521899729078692,0.7565578415938208,7.7251605347965615,0.09038573837665037,14.054078460185368,0.14972838287023893,-0.26083626720845543,0.6856085062689551
W_LONG_POOLED,LONG,BB_B2_30_2_HALF,STRICT_OOS,43,25.747131147540983,0.6046511627906976,6.594870250086297,4.312030548133348,0.16994577848120976,0.04398855669090513,0.3313002204013892,-0.07683160327906467,1.1035082888306584,0.30315034604588326,0.7205092220080674,-0.08616109547304883,8.36234982914583,0.32558139534883723,0.046511627906976744,0.15211970074812967,4.196963310241699,57.0,0.3953488372093023,0.32558139534883723,0.16279069767441862,0.13953488372093023,14.0,6.0,0.3947641292075638,0.49322468507491696,2.1783768204031406,0.4418179247093119,7.3076684746920195,0.2664217146056287,-0.30209611200354414,0.8346763061676638
W_LONG_POOLED,LONG,BB_B2_30_2_HALF,EXTENDED,141,52.76664959016394,0.3120567375886525,1.5215192138770355,3.354258266956192,0.027129206796747955,-0.05558673297745658,0.2536358624049461,-0.07561608028325945,0.15433238972985114,-0.4084775519470782,0.37314675600676833,-0.10175521584557909,3.6671020046092337,0.5673758865248227,0.0851063829787234,0.15211970074812964,4.425345420837402,58.0,0.1773049645390071,0.14184397163120568,0.07092198581560284,0.04964539007092199,20.0,7.0,0.7541544723818197,1.5520192563319493,-1.3040734959474154,0.06704439853372118,3.8252181583414617,,,
W_LONG_POOLED,LONG,BB_B2_30_2_HALF,FULL_2023_2026,281,76.53635346756153,0.4306049822064057,2.8515742905724046,3.770676747864337,0.07602045172554231,-0.03112578507123875,0.2718910701802145,-0.07210670348080359,0.5636058904253781,-0.2258143875807813,0.4941066403115148,-0.09131565992108144,5.410973766586597,0.42704626334519574,0.06405693950177936,0.15211970074812958,4.815471172332764,93.0,0.2597864768683274,0.199288256227758,0.12099644128113879,0.09252669039145907,56.0,26.0,0.3009633560245844,0.670412157791542,13.016266590564841,0.12417454475892221,21.361746934877388,,,
W_LONG_POOLED,LONG,BB_B2_30_2_HALF,Y2020,75,75.0,0.3333333333333333,1.716552256016274,3.4331045120325485,0.037416380062930216,-0.04832565506910657,0.26890085574244493,-0.07832585777682714,0.22957244364923118,-0.39298909300999213,0.44903097999250474,-0.0929061787835483,4.833165951627951,0.56,0.14666666666666667,0.15211970074812955,5.267645835876465,65.0,0.24,0.16,0.12,0.09333333333333334,12.0,7.0,0.36541940408303875,1.05608353504192,-0.6471509412446949,0.06318199943081766,2.806228504719766,,,
W_LONG_POOLED,LONG,BB_B2_30_2_HALF,Y2021,108,108.0,0.42592592592592593,2.0539270702465853,2.768336485984528,0.0483110727129072,-0.021243572224034637,0.2210482412709796,-0.07984876202372714,0.31606518102210723,-0.13965036822685062,0.4467850320751977,-0.0918904716414417,4.862147555609041,0.4351851851851852,0.12962962962962962,0.1521197007481296,4.831878662109375,88.5,0.2777777777777778,0.14814814814814814,0.06481481481481481,0.037037037037037035,16.0,4.0,0.27509545809882335,0.9171589273235121,0.43223123725441676,0.08003675184835064,5.217595852993978,,,
W_LONG_POOLED,LONG,BB_B2_30_2_HALF,Y2022,6,6.0,0.0,0.0,,-0.08907346589060579,-0.08439806243825282,,-0.08907346589060579,-0.5928946163453839,-0.5562526372940635,0.08784229459417281,-0.12485854184823424,0.7035345222992053,0.6666666666666666,0.16666666666666666,0.15167684059835101,5.159223318099976,20.0,0.0,0.0,0.0,0.0,0.0,0.0,,,-0.15873940149625915,-0.45100489058534576,-0.5344407953436348,,,
W_LONG_POOLED,LONG,BB_B2_30_2_HALF,Y2023,140,140.0,0.55,5.173066056389957,4.232508591591783,0.12526091983239945,0.019678450388132433,0.282322617480368,-0.0667033772928954,0.9758027732687302,0.16955948621532296,0.6159305237898666,-0.08080153573998028,7.622757638814365,0.2857142857142857,0.04285714285714286,0.14988978923259408,5.227647066116333,149.0,0.34285714285714286,0.2571428571428571,0.17142857142857143,0.1357142857142857,36.0,19.0,0.1447736056785696,0.44765162559861055,11.20761085114712,0.15252471212468732,17.536528776535924,,,
W_LONG_POOLED,LONG,BB_B2_30_2_HALF,Y2024,98,98.0,0.1836734693877551,0.42234726124907596,1.8770989388847823,-0.035535207309699564,-0.0648553450051248,0.1414540119656394,-0.07535778164665083,-0.2621427496715235,-0.5137509482474062,0.22073261276130032,-0.10859753396821989,2.032574817268832,0.673469387755102,0.10204081632653061,0.1521197007481296,4.5340611934661865,58.5,0.08163265306122448,0.061224489795918366,0.030612244897959183,0.01020408163265306,6.0,1.0,,,-5.0865949772357935,-0.08595459252994095,-3.4824503163505574,,,
W_LONG_POOLED,LONG,BB_B2_30_2_HALF,Y2025,8,8.0,0.5,14.569052444236116,14.569052444236116,0.5193322949187293,0.11549673297346527,1.1152111721508513,-0.07654658231339245,3.3575842069285455,1.0684364687582317,1.4965043326930667,-0.09071491496737998,16.49678372328511,0.5,0.0,0.1521197007481296,4.138730525970459,96.5,0.5,0.5,0.375,0.375,4.0,3.0,0.6943544167614316,0.6943544167614316,-0.2585168533712923,0.9273790980691595,4.154658359349835,,,
W_LONG_POOLED,LONG,BB_B2_30_2_HALF,Y2026,35,52.23880597014925,0.6285714285714286,4.15316485220742,2.4541428672134757,0.09008600329549095,0.04398855669090513,0.1887709564469415,-0.07691930203773303,0.5882909361225702,0.30315034604588326,0.5431389109943534,-0.08512022244577314,6.380844591194139,0.2857142857142857,0.05714285714285714,0.15211970074812967,4.196963310241699,57.0,0.37142857142857144,0.2857142857142857,0.11428571428571428,0.08571428571428572,10.0,3.0,0.15960559079298808,0.30038276848721607,1.1529111594535388,0.2614436248210765,3.153010115342183,,,
W_LONG_POOLED,LONG,MODERN,PRE_2020_2022,189,63.04315068493151,0.24867724867724866,0.9975062072732244,3.0137421581446353,-0.00011340144489292942,-0.027301269744903153,0.18240544034744668,-0.06052456739024477,-0.014715970487121354,-0.1974843842090082,0.1762980768414934,-0.059053432082607486,2.985399334536172,0.047619047619047616,0.047619047619047616,0.15211970074812958,5.066162109375,16.0,0.1111111111111111,0.06878306878306878,0.037037037037037035,0.021164021164021163,13.0,4.0,,,-4.2351014462558325,-0.00048644741454297914,-0.02143287308476366,,,
W_LONG_POOLED,LONG,MODERN,DISCOVERY,238,119.08150684931506,0.3235294117647059,1.644063306568454,3.43758691373404,0.023350416816630054,-0.021829982921081844,0.1842344526543396,-0.05359412206227449,0.16872644043068188,-0.1647876713305764,0.16252499906723625,-0.05315410156497498,3.0576191541600513,0.046218487394957986,0.046218487394957986,0.15211970074812955,4.887524843215942,18.0,0.15966386554621848,0.09663865546218488,0.06302521008403361,0.0546218487394958,23.0,13.0,0.2566768648767377,1.3675909466758445,2.1136195513222127,0.08941913439031299,5.557399202357953,0.12467411931804229,-0.1870976888321484,0.7612465793623141
W_LONG_POOLED,LONG,MODERN,STRICT_OOS,43,25.747131147540983,0.46511627906976744,2.5704650213943316,2.956034774603481,0.06015912896424306,-0.007389285469992453,0.21170125371726756,-0.07161663169056084,0.396249571417316,-0.05092379963726281,0.2413324049396146,-0.06047128446910677,3.990859580019425,0.023255813953488372,0.023255813953488372,0.15211970074812967,4.196963310241699,6.0,0.18604651162790697,0.11627906976744186,0.06976744186046512,0.06976744186046512,5.0,3.0,0.4664260169749618,0.8017367859657594,-0.642124503643973,0.33726760697033265,2.5868425454624515,0.13549355202992164,-0.23006622701014456,0.8258693934657768
W_LONG_POOLED,LONG,MODERN,EXTENDED,141,52.76664959016394,0.3049645390070922,1.4555457951492965,3.317290416851885,0.019026667156992767,-0.023325352903299342,0.19934585494489548,-0.060092976464229834,0.12013809761865545,-0.2021803168598094,0.1733241286307227,-0.06020106277270326,2.879087521845418,0.05673758865248227,0.05673758865248227,0.15211970074812964,4.425345420837402,10.0,0.14184397163120568,0.07801418439716312,0.05673758865248227,0.04964539007092199,11.0,7.0,0.44974974799368306,2.005625468130709,-1.499050943343235,0.09257281121932298,2.68276006913598,,,
W_LONG_POOLED,LONG,MODERN,FULL_2023_2026,281,76.53635346756153,0.34519572953736655,1.792562435254772,3.400324619452351,0.028983066718222084,-0.02096984576458177,0.18989771060545874,-0.055846935765810284,0.20354314730764014,-0.15738795555324167,0.17458449533952192,-0.05427381282788484,3.2167354059529747,0.042704626334519574,0.042704626334519574,0.15211970074812958,4.815471172332764,15.0,0.16370106761565836,0.099644128113879,0.06405693950177936,0.05693950177935943,28.0,16.0,0.3460893448977658,1.1985424645014273,3.96243073534119,0.11664625820424529,8.144241747820406,,,
W_LONG_POOLED,LONG,MODERN,Y2020,75,75.0,0.25333333333333335,1.190956614331211,3.510187915923569,0.00879352057197137,-0.03372156177267798,0.216486929679761,-0.0616738860896001,0.04517791279288285,-0.2418589118152254,0.16013274342588682,-0.05831998091417217,2.745761245387744,0.05333333333333334,0.05333333333333334,0.15211970074812955,5.267645835876465,18.0,0.12,0.09333333333333334,0.05333333333333334,0.013333333333333334,7.0,1.0,2.632560515420643,4.217073807338575,-2.4093962898222263,0.039117084394890436,0.6595140428978528,,,
W_LONG_POOLED,LONG,MODERN,Y2021,108,108.0,0.25925925925925924,0.9798393809890927,2.7995410885402654,-0.000849651821109317,-0.02272055955588181,0.1592787154433763,-0.05689458036367928,-0.020656239470052625,-0.15293728070019574,0.1944463627345046,-0.05758138379566749,3.3768963146928583,0.046296296296296294,0.046296296296296294,0.1521197007481296,4.831878662109375,16.5,0.1111111111111111,0.05555555555555555,0.027777777777777776,0.027777777777777776,6.0,3.0,,,-2.7033799584335823,-0.003443241901681285,-0.09176239667980624,,,
W_LONG_POOLED,LONG,MODERN,Y2022,6,6.0,0.0,0.0,,-0.09819741988380176,-0.11783685379242903,,-0.09819741988380176,-0.6564646697944115,-0.7746324323076077,0.05169559846237415,-0.09471844085296927,0.545781771710335,0.0,0.0,0.15167684059835101,5.159223318099976,8.5,0.0,0.0,0.0,0.0,0.0,0.0,,,-0.13847287334036468,-1.0712445805505646,-0.5891845193028106,,,
W_LONG_POOLED,LONG,MODERN,Y2023,140,140.0,0.38571428571428573,2.245002209359926,3.575373888980623,0.039010583419174454,-0.015086683891580074,0.18237418826109245,-0.05100842427226241,0.28754394735154615,-0.15371494129769414,0.17585386466766972,-0.048304225383460575,3.640548280645492,0.02857142857142857,0.02857142857142857,0.14988978923259408,5.227647066116333,21.0,0.18571428571428572,0.12142857142857143,0.07142857142857142,0.06428571428571428,17.0,9.0,0.12270385785764303,0.8020914312469271,2.228582682349507,0.13372873845946187,5.461481678684423,,,
W_LONG_POOLED,LONG,MODERN,Y2024,98,98.0,0.23469387755102042,1.0226117693038637,3.3346035955560778,0.0009787502415666228,-0.024111976800794018,0.18860202992544145,-0.05655905552815498,-0.0010128551705526918,-0.20785042812658658,0.1434837624951885,-0.06008249610999558,2.3881125416711493,0.07142857142857142,0.07142857142857142,0.1521197007481296,4.5340611934661865,12.0,0.12244897959183673,0.061224489795918366,0.05102040816326531,0.04081632653061224,6.0,4.0,7.763633113884909,31.494163618019392,-2.924924660735844,0.00450105695323928,0.09591752367352904,,,
W_LONG_POOLED,LONG,MODERN,Y2025,8,8.0,0.5,0.90246157273436,0.90246157273436,-0.0038437195133249197,-0.015114059622904902,0.07112702663736548,-0.07881446566401532,-0.01031222245478211,-0.08172141044221558,0.08201556276034888,-0.06959543952515614,1.1784617400211022,0.0,0.0,0.1521197007481296,4.138730525970459,6.5,0.125,0.0,0.0,0.0,0.0,0.0,,,-0.27130100401483553,-0.03416639567399929,-0.030749756106599357,,,
W_LONG_POOLED,LONG,MODERN,Y2026,35,52.23880597014925,0.45714285714285713,2.965270535145456,3.5212587604852286,0.07478835147340145,-0.007389285469992453,0.24684481048724308,-0.07010129822246518,0.4891779814452241,-0.05092379963726281,0.2777476831520182,-0.058385763313438345,4.757113162346727,0.02857142857142857,0.02857142857142857,0.15211970074812967,4.196963310241699,6.0,0.2,0.14285714285714285,0.08571428571428572,0.08571428571428572,5.0,3.0,0.4609467503010969,0.7923185084840606,-0.6113747475373736,0.38664583479601927,2.6175923015690508,,,
W_LONG_POOLED,LONG,MODERN_NOVOL,PRE_2020_2022,0,,,,,,,,,,,,,,,,,,,,,,,,,,,,,,,,
W_LONG_POOLED,LONG,MODERN_NOVOL,DISCOVERY,0,,,,,,,,,,,,,,,,,,,,,,,,,,,,,,0.0,0.0,
W_LONG_POOLED,LONG,MODERN_NOVOL,STRICT_OOS,0,,,,,,,,,,,,,,,,,,,,,,,,,,,,,,0.0,0.0,
W_LONG_POOLED,LONG,MODERN_NOVOL,EXTENDED,0,,,,,,,,,,,,,,,,,,,,,,,,,,,,,,,,
W_LONG_POOLED,LONG,MODERN_NOVOL,FULL_2023_2026,0,,,,,,,,,,,,,,,,,,,,,,,,,,,,,,,,
W_LONG_POOLED,LONG,STOP_STAGE4_ONLY,PRE_2020_2022,189,63.04315068493151,0.3333333333333333,1.9629065940917705,3.925813188183541,0.08634870227589363,-0.1212921347700679,0.5280712733569615,-0.13451258326464027,0.7008565893571841,-1.0435163934426224,0.5534341507664857,-0.09679276747400885,5.717722152278536,0.5873015873015873,0.5873015873015873,0.15211970074812958,5.066162109375,107.0,0.26455026455026454,0.23809523809523808,0.18518518518518517,0.13756613756613756,45.0,26.0,0.3536894488999365,0.9119728840705293,5.969647310307881,0.043043398998137666,16.319904730143897,,,
W_LONG_POOLED,LONG,STOP_STAGE4_ONLY,DISCOVERY,238,119.08150684931506,0.3487394957983193,2.552475079272893,4.766670328762631,0.13773759633083343,-0.11366404536573943,0.6493640440082473,-0.13623011436094307,1.0923914219630593,-1.0435163934426224,0.6141467232848073,-0.09663259818574679,6.355481843759359,0.5672268907563025,0.5672268907563025,0.15211970074812955,4.887524843215942,135.0,0.2773109243697479,0.24369747899159663,0.19327731092436976,0.16806722689075632,58.0,40.0,0.31155958930590255,0.8748798105429207,13.679540414701346,0.06922071862565639,32.781547926738355,0.01678091509137758,-0.26809044587295194,0.20893591589867427
W_LONG_POOLED,LONG,STOP_STAGE4_ONLY,STRICT_OOS,43,25.747131147540983,0.5581395348837209,6.246898218642926,4.945461089758983,0.3084596814998443,0.04307666517618331,0.6579871466221064,-0.13304869549669704,2.001163388021185,0.28317611042048374,0.7205092220080674,-0.08616109547304883,8.36234982914583,0.32558139534883723,0.32558139534883723,0.15211970074812967,4.196963310241699,57.0,0.4418604651162791,0.37209302325581395,0.3488372093023256,0.3023255813953488,16.0,13.0,0.43130191344307417,0.5338794613538174,3.419911007275754,0.42924810046903905,13.263766304493306,0.4777840698478111,-0.2774135980146758,1.3922029213534288
W_LONG_POOLED,LONG,STOP_STAGE4_ONLY,EXTENDED,141,52.76664959016394,0.2553191489361702,1.5706850829744121,4.581164825342036,0.06032175500295708,-0.13715580600514726,0.6502542191050531,-0.14194080411776153,0.4028573744615343,-1.0435163934426226,0.42705370440933355,-0.10497386415647433,4.068190761966865,0.6595744680851063,0.6595744680851063,0.15211970074812964,4.425345420837402,61.0,0.2127659574468085,0.1773049645390071,0.15602836879432624,0.14184397163120568,25.0,20.0,0.6725973706105208,1.6049322652640272,-3.1731454334008617,0.06641705025313875,8.505367455416948,,,
W_LONG_POOLED,LONG,STOP_STAGE4_ONLY,FULL_2023_2026,281,76.53635346756153,0.3807829181494662,2.9474753413042376,4.793090741933994,0.16386232822502372,-0.10024298985904972,0.6512981978655615,-0.13588271804818058,1.2314561712175056,-1.0414813691210139,0.6304228351890784,-0.09503019741476455,6.633921136010725,0.5302491103202847,0.5302491103202847,0.15211970074812958,4.815471172332764,108.0,0.302491103202847,0.26334519572953735,0.21708185053380782,0.18861209964412812,74.0,53.0,0.3460524411982035,0.7809834399505501,23.399858453763102,0.09127282395978367,46.045314231231664,,,
W_LONG_POOLED,LONG,STOP_STAGE4_ONLY,Y2020,75,75.0,0.3466666666666667,2.668624781711481,5.029331319379331,0.1456500745194468,-0.10656536816491241,0.6719352919002569,-0.13360330613159532,1.1711581935530742,-1.0435163934426228,0.6420551174998502,-0.09505534876700583,6.754539600644868,0.6133333333333333,0.6133333333333333,0.15211970074812955,5.267645835876465,100.0,0.28,0.26666666666666666,0.25333333333333335,0.2,20.0,15.0,0.30424430605209657,0.6446112753810823,2.768693435125845,0.07010946402001483,10.92375558895851,,,
W_LONG_POOLED,LONG,STOP_STAGE4_ONLY,Y2021,108,108.0,0.3425925925925926,1.6690663096659342,3.202802918548144,0.05863793539115487,-0.11715767473153993,0.42697763870491595,-0.13331374098362203,0.47121415508788994,-1.0435163934426221,0.5177580269890001,-0.09579219899418313,5.40501243760403,0.5462962962962963,0.5462962962962963,0.1521197007481296,4.831878662109375,159.0,0.26851851851851855,0.23148148148148148,0.14814814814814814,0.10185185185185185,25.0,11.0,0.38666153307996143,1.1906258771639642,-1.2072140498544566,0.028628439140385726,6.332897022244726,,,
W_LONG_POOLED,LONG,STOP_STAGE4_ONLY,Y2022,6,6.0,0.0,0.0,,-0.15612464684322322,-0.15829764849685507,,-0.15612464684322322,-1.044349646244141,-1.0436511437601894,0.08784229459417281,-0.1365207339484103,0.6434355577619987,1.0,1.0,0.15167684059835101,5.159223318099976,24.5,0.0,0.0,0.0,0.0,0.0,0.0,,,-0.15873940149625926,-0.43978773758654427,-0.9367478810593393,,,
W_LONG_POOLED,LONG,STOP_STAGE4_ONLY,Y2023,140,140.0,0.5071428571428571,5.295282527228504,5.14611963913756,0.26814247697010507,0.005763590016654222,0.6518275392089181,-0.12666389142055742,2.0659735308074474,0.04534654572880408,0.8352446026172501,-0.08501550448204255,9.824615024118044,0.4,0.4,0.14988978923259408,5.227647066116333,277.0,0.39285714285714285,0.35,0.2785714285714286,0.2357142857142857,49.0,33.0,0.15940132045748018,0.5914949692174093,18.437939263777707,0.09972888469213834,37.53994677581471,,,
W_LONG_POOLED,LONG,STOP_STAGE4_ONLY,Y2024,98,98.0,0.12244897959183673,0.6155096171275667,4.411152256080894,-0.04855509029669757,-0.15873940149625915,0.6347883640709461,-0.14390533974334552,-0.2984401621003532,-1.043516393442623,0.29829260995274626,-0.1132284463338957,2.634431714033423,0.8061224489795918,0.8061224489795918,0.1521197007481296,4.5340611934661865,61.5,0.11224489795918367,0.09183673469387756,0.07142857142857142,0.07142857142857142,9.0,7.0,,,-10.711093072573266,-0.04897487493903213,-4.758398849076362,,,
W_LONG_POOLED,LONG,STOP_STAGE4_ONLY,Y2025,8,8.0,0.5,15.47607236766411,15.47607236766411,1.0308111668058164,0.22845622435367405,2.2040381962330975,-0.1424158626214647,6.6646444423783615,2.0852519363486364,1.4965043326930667,-0.09071491496737998,16.49678372328511,0.5,0.5,0.1521197007481296,4.138730525970459,96.5,0.5,0.5,0.5,0.5,4.0,4.0,0.6937119002499362,0.6937119002499362,-0.45678637562390595,0.9435342487925094,8.246489334446531,,,
W_LONG_POOLED,LONG,STOP_STAGE4_ONLY,Y2026,35,52.23880597014925,0.5714285714285714,3.5621074068887,2.6715805551665253,0.14335077057276502,0.04307666517618331,0.34877693669990806,-0.13055078426342567,0.9352248613109728,0.28317611042048374,0.5431389109943534,-0.08512022244577314,6.380844591194139,0.2857142857142857,0.2857142857142857,0.15211970074812967,4.196963310241699,57.0,0.42857142857142855,0.34285714285714286,0.3142857142857143,0.2571428571428571,12.0,9.0,0.17894836273218073,0.3183982158831413,1.644443063419446,0.22641141561582925,5.017276970046776,,,
W_LONG_POOLED,LONG,TEXTBOOK_INVESTOR,PRE_2020_2022,23,7.671917808219178,0.43478260869565216,2.720145037342074,3.536188548544696,0.08639929915277891,-0.024561649126761006,0.31424259312566016,-0.08886477313405289,0.5263332667243329,-0.2684635122302014,0.4000346680331948,-0.07530499382853195,5.312193092320892,0.21739130434782608,0.21739130434782608,0.15211970074812958,5.0257732870390495,8.0,0.17391304347826086,0.17391304347826086,0.13043478260869565,0.13043478260869565,4.0,3.0,0.5005076449827597,0.5005076449827597,-1.0113430282532925,0.12014412820519439,1.987183880513915,,,
W_LONG_POOLED,LONG,TEXTBOOK_INVESTOR,DISCOVERY,33,16.511301369863013,0.36363636363636365,0.6405794833274587,1.1210140958230528,-0.022614651527121145,-0.024180608394572752,0.11083903972348401,-0.09887390367032411,-0.18635804044824722,-0.26392617477691466,0.20851260076591657,-0.0781086075396734,2.6695214181101306,0.21212121212121213,0.21212121212121213,0.1521197007481296,4.670187950134277,37.0,0.18181818181818182,0.030303030303030304,0.030303030303030304,0.030303030303030304,1.0,1.0,,,-1.8450971041786963,-0.03081905845116654,-0.7462835003949978,-0.037850822340389945,-0.22127576877820854,-0.13906521038571798
W_LONG_POOLED,LONG,TEXTBOOK_INVESTOR,STRICT_OOS,9,5.3889344262295085,0.3333333333333333,9.89665223977688,19.793304479553765,0.7469091823803768,-0.0654389808897648,2.492589425828807,-0.12593093934383826,4.7255703282358645,-0.4301808415868147,1.1682936930368117,-0.09128136883210326,12.798818729216164,0.3333333333333333,0.3333333333333333,0.15211970074812967,3.8002398014068604,18.0,0.3333333333333333,0.3333333333333333,0.3333333333333333,0.2222222222222222,3.0,2.0,0.8510164170990757,0.8510164170990757,-0.6588034300184482,1.1074435982575606,6.722182641423392,0.34796245872058607,-0.21457918704372225,1.3857143130651508
W_LONG_POOLED,LONG,TEXTBOOK_INVESTOR,EXTENDED,24,8.981557377049182,0.25,3.9502057189066777,11.850617156720034,0.25605587938799707,-0.0590223754228582,1.3713937202901068,-0.11572340091270619,1.6009426290941813,-0.42352188292686316,0.607329396019817,-0.09206774501457117,6.596549051176365,0.2916666666666667,0.2916666666666667,0.15211970074812967,4.0491077627423415,24.0,0.20833333333333334,0.16666666666666666,0.16666666666666666,0.125,4.0,3.0,0.9308983323390899,0.9308983323390899,-2.0763199383162445,0.390056560159437,6.14534110531193,,,
W_LONG_POOLED,LONG,TEXTBOOK_INVESTOR,FULL_2023_2026,42,11.439597315436242,0.35714285714285715,3.1101803631905476,5.598324653742986,0.1422833128816284,-0.031629279367268885,0.5871891169445486,-0.10488657826443838,0.8661980385554909,-0.2769757108444996,0.4141799776811085,-0.08093134210233695,5.117670940849858,0.23809523809523808,0.23809523809523808,0.15211970074812964,4.593639373779297,24.0,0.21428571428571427,0.09523809523809523,0.09523809523809523,0.07142857142857142,4.0,3.0,0.9572932292838634,1.1849685282585252,-2.2457619025997797,0.1973220782905198,5.975899141028393,,,
W_LONG_POOLED,LONG,TEXTBOOK_INVESTOR,Y2020,15,15.0,0.5333333333333333,4.768914499863922,4.172800187380932,0.1091708611257658,0.007423895611805513,0.2590068552583704,-0.062070275025782315,0.6899255544862138,0.09721889018884959,0.42499561077928316,-0.0627706684782711,6.770608328416974,0.13333333333333333,0.13333333333333333,0.13591023001494154,5.267645835876465,13.0,0.2,0.2,0.13333333333333333,0.13333333333333333,3.0,2.0,0.5948628757911639,0.5948628757911639,-0.40636308425419093,0.11646962424512709,1.637562916886487,,,
W_LONG_POOLED,LONG,TEXTBOOK_INVESTOR,Y2021,7,7.0,0.14285714285714285,1.3799522038347154,8.279713223008292,0.03912151408878715,-0.09298463668257934,0.9946007241837213,-0.12012502092703521,0.1753948072252783,-0.5510370341337092,0.3880839884642095,-0.11009048901556848,3.5251363849362907,0.42857142857142855,0.42857142857142855,0.15211970074812978,3.6412553787231445,8.0,0.14285714285714285,0.14285714285714285,0.14285714285714285,0.14285714285714285,1.0,1.0,3.6319099873809764,3.6319099873809764,-0.32862376611832256,0.11132138155345934,0.27385059862151,,,
W_LONG_POOLED,LONG,TEXTBOOK_INVESTOR,Y2022,1,1.0,1.0,inf,,0.07577036500591755,0.07577036500591755,0.07577036500591755,,0.529018166789503,0.529018166789503,0.10927528382476659,-0.01982140777318908,5.512993076736708,0.0,0.0,0.14322828545898816,5.518129825592041,3.0,0.0,0.0,0.0,0.0,0.0,0.0,1.0,1.0,0.0,3.7885182502958776,0.07577036500591755,,,
W_LONG_POOLED,LONG,TEXTBOOK_INVESTOR,Y2023,18,18.0,0.5,0.773750494677855,0.773750494677855,-0.009413442460196406,-0.0042518971103625534,0.0643860480475099,-0.0832129329679027,-0.11346141549609566,-0.08215096332726146,0.1566474198961638,-0.06608280488602464,2.370471715998423,0.16666666666666666,0.16666666666666666,0.13683576450509338,5.122002363204956,31.5,0.2222222222222222,0.0,0.0,0.0,0.0,0.0,,,-0.6888559174832283,-0.011661525415246753,-0.1694419642835353,,,
W_LONG_POOLED,LONG,TEXTBOOK_INVESTOR,Y2024,15,15.0,0.2,0.5654466818250009,2.2617867273000036,-0.03845610240743085,-0.0557381178329816,0.2501980147514064,-0.11061963169714016,-0.27383399039082906,-0.4168629242669116,0.27075081780961996,-0.09253957072405197,2.925784242256584,0.26666666666666666,0.26666666666666666,0.15211970074812967,4.298655033111572,37.0,0.13333333333333333,0.06666666666666667,0.06666666666666667,0.06666666666666667,1.0,1.0,,,-1.2958687434295215,-0.05956030316070861,-0.5768415361114628,,,
W_LONG_POOLED,LONG,TEXTBOOK_INVESTOR,Y2025,3,3.0,0.6666666666666666,53.58988572782894,26.79494286391447,2.316371519256952,1.360564623576064,3.5406262050828996,-0.1321378523949444,14.594546481057217,8.944039574655768,3.0280125403070226,-0.08725780989220673,34.70190856322952,0.0,0.0,0.15211970074812964,3.8002398014068604,218.0,0.6666666666666666,0.6666666666666666,0.6666666666666666,0.6666666666666666,2.0,2.0,0.8232254252007646,0.8232254252007646,0.0,1.5651158913898322,6.949114557770855,,,
W_LONG_POOLED,LONG,TEXTBOOK_INVESTOR,Y2026,6,8.955223880597014,0.16666666666666666,0.6360049353094198,3.180024676547099,-0.037821986057910574,-0.11208919119301203,0.39651586732062166,-0.12468955673361704,-0.20891774817481082,-0.7345818001037521,0.23843426940170662,-0.09329314830205153,2.5557532760041224,0.5,0.5,0.1521197007481297,3.482207179069519,15.0,0.16666666666666666,0.16666666666666666,0.16666666666666666,0.0,1.0,0.0,,,-0.19260323348385316,-0.13922203456899598,-0.22693191634746346,,,
W_LONG_POOLED,LONG,TEXTBOOK_NOVOL,PRE_2020_2022,0,,,,,,,,,,,,,,,,,,,,,,,,,,,,,,,,
W_LONG_POOLED,LONG,TEXTBOOK_NOVOL,DISCOVERY,0,,,,,,,,,,,,,,,,,,,,,,,,,,,,,,0.0,0.0,
W_LONG_POOLED,LONG,TEXTBOOK_NOVOL,STRICT_OOS,0,,,,,,,,,,,,,,,,,,,,,,,,,,,,,,0.0,0.0,
W_LONG_POOLED,LONG,TEXTBOOK_NOVOL,EXTENDED,0,,,,,,,,,,,,,,,,,,,,,,,,,,,,,,,,
W_LONG_POOLED,LONG,TEXTBOOK_NOVOL,FULL_2023_2026,0,,,,,,,,,,,,,,,,,,,,,,,,,,,,,,,,
W_LONG_POOLED,LONG,TEXTBOOK_TRADER,PRE_2020_2022,166,55.371232876712334,0.2891566265060241,1.5683298816427622,3.8554776257051246,0.027512914846314948,-0.02638582598176536,0.2625671443865149,-0.06810236496664775,0.1821264601410597,-0.19808168387054886,0.2406106016553805,-0.06325076185624014,3.8040743635982395,0.18674698795180722,0.18674698795180722,0.15211970074812958,5.083710193634033,6.0,0.1566265060240964,0.08433734939759036,0.06626506024096386,0.060240963855421686,14.0,10.0,0.6231202626850282,1.7550709609124078,-1.4560051369919726,0.05128165129674693,4.567143864488282,,,
W_LONG_POOLED,LONG,TEXTBOOK_TRADER,DISCOVERY,205,102.57020547945206,0.36585365853658536,2.3813846568827297,4.127733405263398,0.057729220515593774,-0.014634394792715163,0.2720214895245997,-0.06590093468190965,0.412964768839591,-0.1345718778241275,0.24247380877385383,-0.05992195299466291,4.046493758229982,0.15121951219512195,0.15121951219512195,0.15211970074812953,4.936376571655273,6.0,0.15609756097560976,0.13658536585365855,0.11707317073170732,0.09268292682926829,28.0,19.0,0.3044112352078856,0.9409963273852219,4.721417666088607,0.1030968743418131,11.834490205696724,0.06927495807514461,-0.2118513677113688,0.4445747497617254
W_LONG_POOLED,LONG,TEXTBOOK_TRADER,STRICT_OOS,34,20.358196721311476,0.47058823529411764,2.6548569339562538,2.986714050700786,0.07496623805921987,-0.007690063960243073,0.2555673211295057,-0.0855680580032564,0.4811674622831223,-0.05055271554192577,0.3502705649505393,-0.06635054554680365,5.279090956433185,0.17647058823529413,0.17647058823529413,0.15211970074812967,4.2176244258880615,6.0,0.17647058823529413,0.14705882352941177,0.14705882352941177,0.11764705882352941,5.0,4.0,0.4571119893279812,0.8093621262710001,-0.9577970432791982,0.21436939394562454,2.548852094013476,0.1296282230955157,-0.36259306812102066,0.6387265593007363
W_LONG_POOLED,LONG,TEXTBOOK_TRADER,EXTENDED,117,43.78509221311476,0.3076923076923077,1.0600158930371923,2.385035759333683,0.002897433589820575,-0.021140332840035744,0.16631941759261087,-0.06973455930030845,0.0071515997410660104,-0.1771494185440745,0.1726222153073879,-0.06211669957660403,2.778998505780324,0.17094017094017094,0.17094017094017094,0.1521197007481296,4.488511562347412,6.0,0.07692307692307693,0.05982905982905983,0.05982905982905983,0.042735042735042736,7.0,5.0,3.4369079030426763,12.69188742237606,-3.5743028456135395,0.011861432120679048,0.33899973000900724,,,
W_LONG_POOLED,LONG,TEXTBOOK_TRADER,FULL_2023_2026,239,65.09675615212528,0.3807531380753138,2.4230581908619895,3.940797936786532,0.0601813485343523,-0.014612482497980025,0.2691284489276601,-0.06829288211288424,0.42266724405749917,-0.13277710229972034,0.2578089121630057,-0.060836480805427695,4.237735463159871,0.15481171548117154,0.15481171548117154,0.15211970074812955,4.8848676681518555,6.0,0.1589958158995816,0.13807531380753138,0.12133891213389121,0.09623430962343096,33.0,23.0,0.2504669433921731,0.9193381109956329,7.0375081083279625,0.11354075070816388,14.3833422997102,,,
W_LONG_POOLED,LONG,TEXTBOOK_TRADER,Y2020,60,60.0,0.25,2.2094783166285743,6.6284349498857225,0.06448728034198456,-0.035301366812256756,0.4712221646474345,-0.07109101442649876,0.43371732290605164,-0.27450571498778054,0.2996611230017299,-0.06685869510806056,4.482006753458196,0.23333333333333334,0.23333333333333334,0.15211970074812958,5.273013114929199,6.5,0.16666666666666666,0.11666666666666667,0.1,0.1,7.0,6.0,0.3889472733440698,1.0174312455665664,-1.8659543629353554,0.10409569062467243,3.869236820519074,,,
W_LONG_POOLED,LONG,TEXTBOOK_TRADER,Y2021,101,101.0,0.32673267326732675,1.311511847450109,2.7025092614123456,0.013016373645142569,-0.02140090874099226,0.16772395335882417,-0.062062304745320554,0.08228986033928393,-0.14989405782481754,0.21359012044507428,-0.058337118341642055,3.661307354851121,0.13861386138613863,0.13861386138613863,0.1521197007481296,4.8747429847717285,6.0,0.15841584158415842,0.06930693069306931,0.04950495049504951,0.039603960396039604,7.0,4.0,0.9009181830708501,2.240918928328594,-1.6313787078799429,0.026043061373997613,1.3146537381593995,,,
W_LONG_POOLED,LONG,TEXTBOOK_TRADER,Y2022,5,5.0,0.0,0.0,,-0.12334933883803845,-0.15280356632776998,,-0.12334933883803845,-0.820264577042973,-1.043516393442623,0.07781806594737506,-0.11921116182927652,0.6527749981903463,0.6,0.6,0.15211970074812958,4.80031681060791,8.0,0.0,0.0,0.0,0.0,0.0,0.0,,,0.0,-0.43740900297176755,-0.6167466941901922,,,
W_LONG_POOLED,LONG,TEXTBOOK_TRADER,Y2023,122,122.0,0.45081967213114754,4.1497698360597814,5.055174163927371,0.11511756204673106,-0.007659687193617867,0.33642163307423784,-0.0665499589459983,0.8211535586888327,-0.05766916036854856,0.3395043509507703,-0.05960873001667664,5.695547461853116,0.13934426229508196,0.13934426229508196,0.15050351937537865,5.227647066116333,10.0,0.23770491803278687,0.21311475409836064,0.18032786885245902,0.14754098360655737,26.0,18.0,0.13651751490169872,0.5715830028595603,6.931270030093077,0.14316353282060335,14.04434256970119,,,
W_LONG_POOLED,LONG,TEXTBOOK_TRADER,Y2024,83,83.0,0.24096385542168675,0.4620971667069056,1.4556060751267523,-0.026624727277162277,-0.02183259948588839,0.09492109476309502,-0.06521070252803761,-0.1870235728665233,-0.20503639236753796,0.09985060220055479,-0.06038235303459455,1.6536388064133225,0.1686746987951807,0.1686746987951807,0.15211970074812955,4.564663410186768,6.0,0.03614457831325301,0.024096385542168676,0.024096385542168676,0.012048192771084338,2.0,1.0,,,-3.581378666937946,-0.13240577375700832,-2.209852364004469,,,
W_LONG_POOLED,LONG,TEXTBOOK_TRADER,Y2025,5,5.0,0.6,7.1500623945470965,4.766708263031398,0.22494861267056213,0.0628394498064761,0.4358754196237637,-0.09144159775924021,1.4884333903871616,0.5745301732393082,0.4490496840263726,-0.057965368667059834,7.746861520119261,0.2,0.2,0.11601406665088243,4.616859436035156,6.0,0.2,0.2,0.2,0.2,1.0,1.0,1.03589067508818,1.03589067508818,0.0,0.4342637310242512,1.1247430633528106,,,
W_LONG_POOLED,LONG,TEXTBOOK_TRADER,Y2026,29,43.28358208955223,0.4482758620689655,2.049189658590679,2.522079579803912,0.04910720795381604,-0.009081698115808664,0.213957759938523,-0.0848338655337584,0.30750092295483966,-0.059700999089168434,0.3332396823512577,-0.06779626569848361,4.915310289113921,0.1724137931034483,0.1724137931034483,0.15211970074812967,4.199597063630302,6.0,0.1724137931034483,0.13793103448275862,0.13793103448275862,0.10344827586206896,4.0,3.0,0.6304527812362997,0.6304527812362997,-1.048451498696374,0.1531300032968457,1.4241090306606652,,,
