family,feature,window,bin,n,x_lo,x_hi,x_med,ret_s40,r_s40,ge20,stop_hit,mfe40,mae40,up20_before_stop,payoff,pf
RISK,stop_dist_pct,PRE_2020_2022,0,5572,-inf,0.026846472173929218,0.018177591264247894,0.011861957609653473,2.154893636703491,0.11342426389455795,0.8415290713310242,0.13711103796958923,-0.10503128170967102,0.0712491050362587,10.158344268798828,1.8489307165145874
RISK,stop_dist_pct,PRE_2020_2022,1,5193,0.026846472173929218,0.04039473831653595,0.03368421643972397,0.012242062948644161,0.36194685101509094,0.09782399237155914,0.7277103662490845,0.1345573514699936,-0.10577908903360367,0.11804351955652237,4.346311092376709,1.497912883758545
RISK,stop_dist_pct,PRE_2020_2022,2,5422,0.04039473831653595,0.054226793721318244,0.047278039157390594,0.01405693031847477,0.311862587928772,0.11213574558496475,0.6800073981285095,0.14373302459716797,-0.11029515415430069,0.14607155323028564,3.557626962661743,1.430594801902771
RISK,stop_dist_pct,PRE_2020_2022,3,5666,0.054226793721318244,0.06953228265047073,0.06187773495912552,0.010716273449361324,0.17475657165050507,0.1099541112780571,0.6207200884819031,0.14594143629074097,-0.11624684929847717,0.17878574132919312,2.6860861778259277,1.2711067199707031
RISK,stop_dist_pct,PRE_2020_2022,4,5773,0.06953228265047073,0.08699999749660492,0.0780152827501297,0.01165787037461996,0.15117411315441132,0.11536462604999542,0.5731855034828186,0.15353862941265106,-0.12037377059459686,0.20058894157409668,2.31950044631958,1.2493897676467896
RISK,stop_dist_pct,PRE_2020_2022,5,5806,0.08699999749660492,0.10733814537525177,0.09686962515115738,0.01244743075221777,0.1294286549091339,0.12866000831127167,0.5234240293502808,0.16483625769615173,-0.12570473551750183,0.24009644985198975,2.104750394821167,1.2286322116851807
RISK,stop_dist_pct,PRE_2020_2022,6,6244,0.10733814537525177,0.13347014337778093,0.11977306008338928,0.01948525756597519,0.16060130298137665,0.14093530178070068,0.4562780261039734,0.18283407390117645,-0.13139872252941132,0.2825112044811249,1.9495928287506104,1.3205060958862305
RISK,stop_dist_pct,PRE_2020_2022,7,6386,0.13347014337778093,0.16861970126628878,0.1495060920715332,0.020838215947151184,0.1376541256904602,0.15549640357494354,0.3766050636768341,0.19689792394638062,-0.13674920797348022,0.30817413330078125,1.8905028104782104,1.3041917085647583
RISK,stop_dist_pct,PRE_2020_2022,8,6626,0.16861970126628878,0.22599999606609344,0.1936618685722351,0.025356004014611244,0.1278652846813202,0.17552067339420319,0.29172953963279724,0.21977084875106812,-0.1447383016347885,0.34243887662887573,1.707944393157959,1.3333991765975952
RISK,stop_dist_pct,PRE_2020_2022,9,7231,0.22599999606609344,inf,0.2837058901786804,0.040106743574142456,0.13334761559963226,0.2108975201845169,0.14672936499118805,0.2775960862636566,-0.17210665345191956,0.44571980834007263,1.7144076824188232,1.4521011114120483
RISK,stop_dist_pct,DISCOVERY,0,5482,-inf,0.026846472173929218,0.0190825667232275,0.008457787334918976,0.4502076506614685,0.09540313482284546,0.8418460488319397,0.1339782029390335,-0.08579157292842865,0.08099234104156494,8.654852867126465,1.566151738166809
RISK,stop_dist_pct,DISCOVERY,1,5484,0.026846472173929218,0.04039473831653595,0.033690765500068665,0.014145832508802414,0.42435353994369507,0.09427425265312195,0.7133479118347168,0.13611237704753876,-0.08634809404611588,0.1272793561220169,4.444762229919434,1.584195613861084
RISK,stop_dist_pct,DISCOVERY,2,5480,0.04039473831653595,0.054226793721318244,0.04716721177101135,0.015664542093873024,0.3307865858078003,0.10109489411115646,0.6215328574180603,0.1395719200372696,-0.08686673641204834,0.155474454164505,3.075270414352417,1.5216968059539795
RISK,stop_dist_pct,DISCOVERY,3,5483,0.054226793721318244,0.06953228265047073,0.06165217235684395,0.02178093232214451,0.35139310359954834,0.11471822112798691,0.5500638484954834,0.14934641122817993,-0.09110653400421143,0.1894948035478592,2.699549674987793,1.6145367622375488
RISK,stop_dist_pct,DISCOVERY,4,5482,0.06953228265047073,0.08699999749660492,0.07799221575260162,0.02422882430255413,0.31164705753326416,0.12185333669185638,0.4865012764930725,0.15762172639369965,-0.09434285014867783,0.22035753726959229,2.346134901046753,1.5906606912612915
RISK,stop_dist_pct,DISCOVERY,5,5482,0.08699999749660492,0.10733814537525177,0.09677290916442871,0.02352147549390793,0.2445617914199829,0.13115651905536652,0.4268515110015869,0.16479358077049255,-0.10009067505598068,0.2530098557472229,2.0008456707000732,1.5046308040618896
RISK,stop_dist_pct,DISCOVERY,6,5481,0.10733814537525177,0.13347014337778093,0.11968749761581421,0.02207530103623867,0.18571190536022186,0.1351943016052246,0.3575989902019501,0.1727329045534134,-0.10641345381736755,0.28991061449050903,1.754040241241455,1.4251576662063599
RISK,stop_dist_pct,DISCOVERY,7,5482,0.13347014337778093,0.16861970126628878,0.14933332800865173,0.023606153205037117,0.15827620029449463,0.14155417680740356,0.28511491417884827,0.18439731001853943,-0.11416671425104141,0.3040860891342163,1.6964119672775269,1.4066011905670166
RISK,stop_dist_pct,DISCOVERY,8,5485,0.16861970126628878,0.22599999606609344,0.19258196651935577,0.020994311198592186,0.10929424315690994,0.15259799361228943,0.19307202100753784,0.1979113668203354,-0.12461137771606445,0.34329989552497864,1.6406073570251465,1.3199357986450195
RISK,stop_dist_pct,DISCOVERY,9,5479,0.22599999606609344,inf,0.2785985469818115,0.027692221105098724,0.09813366085290909,0.19547362625598907,0.09782806783914566,0.2431451678276062,-0.1536080241203308,0.41978463530540466,1.6543627977371216,1.3322117328643799
RISK,stop_dist_pct,STRICT_OOS,0,3654,-inf,0.026846472173929218,0.018250010907649994,0.009453442879021168,0.5543022155761719,0.1305418759584427,0.8825944066047668,0.1771315336227417,-0.10842663794755936,0.08237548172473907,12.846694946289062,1.6330879926681519
RISK,stop_dist_pct,STRICT_OOS,1,2831,0.026846472173929218,0.04039473831653595,0.033571429550647736,0.024746542796492577,0.7352679371833801,0.1529494822025299,0.7689862251281738,0.18723931908607483,-0.10906323790550232,0.14305898547172546,7.212284088134766,1.9560933113098145
RISK,stop_dist_pct,STRICT_OOS,2,2791,0.04039473831653595,0.054226793721318244,0.04714823514223099,0.031368009746074677,0.6661520600318909,0.1648154854774475,0.6882837414741516,0.19934025406837463,-0.1099366694688797,0.1967036873102188,5.020840644836426,1.9508838653564453
RISK,stop_dist_pct,STRICT_OOS,3,2897,0.054226793721318244,0.06953228265047073,0.06172540411353111,0.03177502006292343,0.528348982334137,0.17259234189987183,0.6416983008384705,0.20138217508792877,-0.1162821501493454,0.22540558874607086,3.969181776046753,1.7801779508590698
RISK,stop_dist_pct,STRICT_OOS,4,3023,0.06953228265047073,0.08699999749660492,0.07819477468729019,0.04674501344561577,0.5969423055648804,0.1875620186328888,0.5702943801879883,0.2210100144147873,-0.12179869413375854,0.2712537348270416,3.5834882259368896,2.0091214179992676
RISK,stop_dist_pct,STRICT_OOS,5,3178,0.08699999749660492,0.10733814537525177,0.09662500023841858,0.04835635423660278,0.49332311749458313,0.20610447227954865,0.5100692510604858,0.23145850002765656,-0.1273048222064972,0.31623661518096924,2.9585607051849365,1.9166195392608643
RISK,stop_dist_pct,STRICT_OOS,6,3456,0.10733814537525177,0.13347014337778093,0.11974045634269714,0.053464245051145554,0.44902440905570984,0.2074652761220932,0.4505208432674408,0.24196656048297882,-0.13520999252796173,0.34143519401550293,2.6004087924957275,1.8953455686569214
RISK,stop_dist_pct,STRICT_OOS,7,3561,0.13347014337778093,0.16861970126628878,0.15019230544567108,0.058816492557525635,0.3917368948459625,0.2198820561170578,0.39174389839172363,0.26237571239471436,-0.143466055393219,0.38331928849220276,2.3376517295837402,1.8611575365066528
RISK,stop_dist_pct,STRICT_OOS,8,3994,0.16861970126628878,0.22599999606609344,0.19354777038097382,0.07259922474622726,0.38000133633613586,0.24261392652988434,0.316975474357605,0.28864020109176636,-0.15475745499134064,0.4278918504714966,2.2936933040618896,1.915276050567627
RISK,stop_dist_pct,STRICT_OOS,9,5479,0.22599999606609344,inf,0.2885551452636719,0.06370169669389725,0.2237173467874527,0.25752875208854675,0.17521445453166962,0.3280796408653259,-0.1808697134256363,0.49936118721961975,1.9205611944198608,1.6368272304534912
RISK,stop_dist_atr,PRE_2020_2022,0,6237,-inf,0.8296030938625336,0.5407249331474304,0.01897289603948593,2.0054333209991455,0.16337983310222626,0.8609908819198608,0.1829177588224411,-0.12441728264093399,0.1191277876496315,12.428221702575684,1.947671890258789
RISK,stop_dist_atr,PRE_2020_2022,1,5903,0.8296030938625336,1.283931517601013,1.059454083442688,0.023049436509609222,0.4211885631084442,0.14145350456237793,0.7453836798667908,0.17390604317188263,-0.12184546887874603,0.18499068915843964,5.232147216796875,1.6649866104125977
RISK,stop_dist_atr,PRE_2020_2022,2,5960,1.283931517601013,1.727739441394806,1.5001931190490723,0.016703251749277115,0.21909329295158386,0.13540267944335938,0.6733221411705017,0.16606314480304718,-0.1240246593952179,0.2016778588294983,3.400879383087158,1.3886387348175049
RISK,stop_dist_atr,PRE_2020_2022,3,6232,1.727739441394806,2.19474139213562,1.960470199584961,0.012365068309009075,0.14471794664859772,0.12130936980247498,0.6091142296791077,0.1626608967781067,-0.1253383457660675,0.22368420660495758,2.5112783908843994,1.247195839881897
RISK,stop_dist_atr,PRE_2020_2022,4,5758,2.19474139213562,2.661082148551941,2.4295406341552734,0.007116168737411499,0.09712563455104828,0.12209100276231766,0.5538381338119507,0.16186191141605377,-0.1320994347333908,0.23289336264133453,2.156517744064331,1.1215258836746216
RISK,stop_dist_atr,PRE_2020_2022,5,5995,2.661082148551941,3.1733745098114015,2.9116132259368896,0.0069558266550302505,0.08730223029851913,0.12243536114692688,0.4822351932525635,0.16867370903491974,-0.13543786108493805,0.24687239527702332,1.8396342992782593,1.1099799871444702
RISK,stop_dist_atr,PRE_2020_2022,6,5819,3.1733745098114015,3.7441197633743304,3.4495086669921875,0.014263073913753033,0.11931391060352325,0.13060663640499115,0.3962880074977875,0.1782776564359665,-0.13111057877540588,0.26946210861206055,1.7406113147735596,1.223572850227356
RISK,stop_dist_atr,PRE_2020_2022,7,5781,3.7441197633743304,4.439511108398438,4.066156387329102,0.018603023141622543,0.1287418156862259,0.13596263527870178,0.3348901569843292,0.18654142320156097,-0.13201254606246948,0.28524476289749146,1.7161084413528442,1.2829310894012451
RISK,stop_dist_atr,PRE_2020_2022,8,6074,4.439511108398438,5.502573108673095,4.901762008666992,0.02380204200744629,0.14776425063610077,0.14652617275714874,0.24580177664756775,0.19299565255641937,-0.1307138353586197,0.3123147785663605,1.6172410249710083,1.3612676858901978
RISK,stop_dist_atr,PRE_2020_2022,9,6160,5.502573108673095,inf,6.455349922180176,0.04385362192988396,0.20531344413757324,0.17126622796058655,0.14188311994075775,0.22285276651382446,-0.13069503009319305,0.36120128631591797,1.6374609470367432,1.6931606531143188
RISK,stop_dist_atr,DISCOVERY,0,5482,-inf,0.8296030938625336,0.5596940517425537,0.006312168203294277,0.3288201093673706,0.11856986582279205,0.8672017455101013,0.15928681194782257,-0.10558890551328659,0.10671287775039673,9.00527286529541,1.324692726135254
RISK,stop_dist_atr,DISCOVERY,1,5482,0.8296030938625336,1.283931517601013,1.0584144592285156,0.008866679854691029,0.27994608879089355,0.11163809150457382,0.762130618095398,0.1529676467180252,-0.10278536379337311,0.16143743693828583,4.578685283660889,1.279039978981018
RISK,stop_dist_atr,DISCOVERY,2,5482,1.283931517601013,1.727739441394806,1.5055049657821655,0.01505032554268837,0.32681670784950256,0.12240058183670044,0.6492156386375427,0.15838538110256195,-0.1009121909737587,0.20339292287826538,3.2001559734344482,1.393521785736084
RISK,stop_dist_atr,DISCOVERY,3,5482,1.727739441394806,2.19474139213562,1.957815170288086,0.01861191727221012,0.3100069761276245,0.12331265956163406,0.5684056878089905,0.16477173566818237,-0.10105728358030319,0.2336738407611847,2.6225640773773193,1.4227077960968018
RISK,stop_dist_atr,DISCOVERY,4,5482,2.19474139213562,2.661082148551941,2.4255905151367188,0.015658922493457794,0.24330450594425201,0.11948194354772568,0.48978474736213684,0.16238053143024445,-0.10331474244594574,0.24534840881824493,2.0843217372894287,1.3187665939331055
RISK,stop_dist_atr,DISCOVERY,5,5482,2.661082148551941,3.1733745098114015,2.9117672443389893,0.01826598308980465,0.2399829477071762,0.1240423172712326,0.41408243775367737,0.16529057919979095,-0.10583273321390152,0.2624954283237457,1.9062752723693848,1.3482251167297363
RISK,stop_dist_atr,DISCOVERY,6,5482,3.1733745098114015,3.7441197633743304,3.445847511291504,0.02103247679769993,0.2396857738494873,0.12951476871967316,0.3321780264377594,0.169503852725029,-0.10537789762020111,0.26596131920814514,1.701790452003479,1.389400839805603
RISK,stop_dist_atr,DISCOVERY,7,5482,3.7441197633743304,4.439511108398438,4.063294410705566,0.024172643199563026,0.21592584252357483,0.12914994359016418,0.2468077391386032,0.17149628698825836,-0.10459498316049576,0.28292593359947205,1.6101391315460205,1.4462260007858276
RISK,stop_dist_atr,DISCOVERY,8,5482,4.439511108398438,5.502573108673095,4.900000095367432,0.03248176351189613,0.2342512160539627,0.1422838419675827,0.1701933592557907,0.17977546155452728,-0.10559003055095673,0.29387083649635315,1.6345515251159668,1.601494550704956
RISK,stop_dist_atr,DISCOVERY,9,5482,5.502573108673095,inf,6.452956199645996,0.04171023517847061,0.24569600820541382,0.1628967523574829,0.07387814670801163,0.19572240114212036,-0.10827303677797318,0.32780006527900696,1.5915738344192505,1.7732574939727783
RISK,stop_dist_atr,STRICT_OOS,0,4822,-inf,0.8296030938625336,0.5156213641166687,0.02648870088160038,0.8752076625823975,0.18643715977668762,0.8705931305885315,0.2303895354270935,-0.12982803583145142,0.1391538828611374,15.451176643371582,2.225644111633301
RISK,stop_dist_atr,STRICT_OOS,1,3866,0.8296030938625336,1.283931517601013,1.0561498403549194,0.03745903819799423,0.6132227778434753,0.19813761115074158,0.7428867220878601,0.22851042449474335,-0.12461984902620316,0.23823073506355286,6.227187156677246,1.9921045303344727
RISK,stop_dist_atr,STRICT_OOS,2,3519,1.283931517601013,1.727739441394806,1.4970048666000366,0.04177249222993851,0.5831350684165955,0.1977834552526474,0.659562349319458,0.23411448299884796,-0.12897320091724396,0.27053138613700867,4.217057228088379,1.864837884902954
RISK,stop_dist_atr,STRICT_OOS,3,3594,1.727739441394806,2.19474139213562,1.959195852279663,0.03782552853226662,0.415031373500824,0.19198665022850037,0.5940456390380859,0.23087115585803986,-0.1367148607969284,0.3032832443714142,3.178309917449951,1.661879062652588
RISK,stop_dist_atr,STRICT_OOS,4,3319,2.19474139213562,2.661082148551941,2.432037115097046,0.053997065871953964,0.4675309658050537,0.19614341855049133,0.4986441731452942,0.24076543748378754,-0.13021789491176605,0.325097918510437,2.8642826080322266,1.899471640586853
RISK,stop_dist_atr,STRICT_OOS,5,3452,2.661082148551941,3.1733745098114015,2.907136917114258,0.052087463438510895,0.39576461911201477,0.2053881734609604,0.431923508644104,0.24711687862873077,-0.13711479306221008,0.35515642166137695,2.4761507511138916,1.7815454006195068
RISK,stop_dist_atr,STRICT_OOS,6,3277,3.1733745098114015,3.7441197633743304,3.4418182373046875,0.05479319021105766,0.34426477551460266,0.20079341530799866,0.35825449228286743,0.25046563148498535,-0.13944709300994873,0.35978028178215027,2.2538325786590576,1.7699034214019775
RISK,stop_dist_atr,STRICT_OOS,7,3029,3.7441197633743304,4.439511108398438,4.067589282989502,0.053503263741731644,0.2921375632286072,0.20237702131271362,0.2994387447834015,0.24549193680286407,-0.14239057898521423,0.37966325879096985,2.023026466369629,1.734022855758667
RISK,stop_dist_atr,STRICT_OOS,8,3029,4.439511108398438,5.502573108673095,4.903915882110596,0.059902675449848175,0.2781280279159546,0.21327170729637146,0.19775503873825073,0.2559047043323517,-0.1390172690153122,0.40475404262542725,1.9129160642623901,1.8495662212371826
RISK,stop_dist_atr,STRICT_OOS,9,2957,5.502573108673095,inf,6.403859615325928,0.05911893770098686,0.22028546035289764,0.21778829395771027,0.1193777471780777,0.2712494134902954,-0.14906713366508484,0.4156239330768585,1.8039928674697876,1.7357594966888428
UPSIDE,room_h60,PRE_2020_2022,0,5342,-inf,0.021762786060571686,0.009848752990365028,0.019168918952345848,0.1336783468723297,0.11493822187185287,0.2680644094944,0.17280496656894684,-0.12073028087615967,0.259266197681427,1.524302363395691,1.3332964181900024
UPSIDE,room_h60,PRE_2020_2022,1,5395,0.021762786060571686,0.04233657941222192,0.03225806728005409,0.015601337887346745,0.15205979347229004,0.1154772937297821,0.35254865884780884,0.1565205305814743,-0.11498456448316574,0.23892493546009064,1.6870851516723633,1.2883397340774536
UPSIDE,room_h60,PRE_2020_2022,2,5489,0.04233657941222192,0.06218273751437664,0.052227333188056946,0.014099962078034878,0.14564204216003418,0.11768992245197296,0.40644925832748413,0.16100743412971497,-0.12202409654855728,0.24758608639240265,1.8560786247253418,1.2576179504394531
UPSIDE,room_h60,PRE_2020_2022,3,5754,0.06218273751437664,0.08401084840297698,0.0727272480726242,0.014310580678284168,0.1480454057455063,0.1279110163450241,0.4596802294254303,0.16605427861213684,-0.12938039004802704,0.2507820725440979,2.0746548175811768,1.2514983415603638
UPSIDE,room_h60,PRE_2020_2022,4,5825,0.08401084840297698,0.10820283740758896,0.09568874537944794,0.011003234423696995,0.1527605503797531,0.13081544637680054,0.49991416931152344,0.16736362874507904,-0.13001322746276855,0.2516738176345825,2.1808934211730957,1.1968529224395752
UPSIDE,room_h60,PRE_2020_2022,5,5880,0.10820283740758896,0.13602611124515535,0.12168727815151215,0.019959405064582825,0.23112361133098602,0.1459183692932129,0.531632661819458,0.18317921459674835,-0.13216787576675415,0.25765305757522583,2.6531403064727783,1.3675981760025024
UPSIDE,room_h60,PRE_2020_2022,6,5943,0.13602611124515535,0.1713665872812271,0.15232720971107483,0.018841149285435677,0.2721746563911438,0.14437152445316315,0.5583038926124573,0.18181025981903076,-0.13186904788017273,0.24381625652313232,2.8290090560913086,1.3647551536560059
UPSIDE,room_h60,PRE_2020_2022,7,6050,0.1713665872812271,0.21983284652233126,0.19329378008842468,0.01627921313047409,0.25056713819503784,0.14628098905086517,0.5920661091804504,0.18219690024852753,-0.13228444755077362,0.20975206792354584,3.022775888442993,1.3252493143081665
UPSIDE,room_h60,PRE_2020_2022,8,6393,0.21983284652233126,0.30263158679008484,0.25435540080070496,0.02130964957177639,0.3928033709526062,0.14124824106693268,0.6216173768043518,0.1889563798904419,-0.13313499093055725,0.21867667138576508,3.5841753482818604,1.4451558589935303
UPSIDE,room_h60,PRE_2020_2022,9,7848,0.30263158679008484,inf,0.40145599842071533,0.031151363626122475,1.3769129514694214,0.1860346645116806,0.6557084321975708,0.21984118223190308,-0.13558867573738098,0.2571355700492859,4.316983699798584,1.6656558513641357
UPSIDE,room_h60,DISCOVERY,0,5482,-inf,0.021762786060571686,0.010676157660782337,0.03889575973153114,0.35891735553741455,0.13225100934505463,0.17457132041454315,0.16387248039245605,-0.09083566814661026,0.25501641631126404,1.584285020828247,1.884185552597046
UPSIDE,room_h60,DISCOVERY,1,5482,0.021762786060571686,0.04233657941222192,0.03207547217607498,0.0337008535861969,0.3239973485469818,0.12732578814029694,0.26796790957450867,0.16081242263317108,-0.08999928086996078,0.24881429970264435,1.8263498544692993,1.767350673675537
UPSIDE,room_h60,DISCOVERY,2,5482,0.04233657941222192,0.06218273751437664,0.052054792642593384,0.031415097415447235,0.33065658807754517,0.12586647272109985,0.3195914030075073,0.1668291836977005,-0.09337806701660156,0.26450201869010925,2.001620292663574,1.7066874504089355
UPSIDE,room_h60,DISCOVERY,3,5482,0.06218273751437664,0.08401084840297698,0.0729399248957634,0.026754440739750862,0.3277556896209717,0.1351696401834488,0.3916453719139099,0.1730806678533554,-0.09959829598665237,0.2654140889644623,2.1935360431671143,1.5548943281173706
UPSIDE,room_h60,DISCOVERY,4,5482,0.08401084840297698,0.10820283740758896,0.09565214812755585,0.020404664799571037,0.3365480899810791,0.13097409904003143,0.446734756231308,0.16835938394069672,-0.10314591974020004,0.25611090660095215,2.306992769241333,1.4280734062194824
UPSIDE,room_h60,DISCOVERY,5,5482,0.10820283740758896,0.13602611124515535,0.12148211896419525,0.013734491541981697,0.20479446649551392,0.12987960875034332,0.5010945200920105,0.16922901570796967,-0.1068953350186348,0.24753738939762115,2.463327407836914,1.285006046295166
UPSIDE,room_h60,DISCOVERY,6,5483,0.13602611124515535,0.1713665872812271,0.1527581363916397,0.011607657186686993,0.22112998366355896,0.1314973533153534,0.544409990310669,0.16582521796226501,-0.1092757061123848,0.23673172295093536,2.688328742980957,1.2455134391784668
UPSIDE,room_h60,DISCOVERY,7,5481,0.1713665872812271,0.21983284652233126,0.1931818127632141,0.008604870177805424,0.22976969182491302,0.1295384019613266,0.5991607308387756,0.16638348996639252,-0.11269194632768631,0.21164020895957947,2.938110589981079,1.193183422088623
UPSIDE,room_h60,DISCOVERY,8,5483,0.21983284652233126,0.30263158679008484,0.2530120611190796,0.015665674582123756,0.2677801847457886,0.1313149780035019,0.6286704540252686,0.17582210898399353,-0.11430303007364273,0.2017143964767456,3.5575289726257324,1.3794317245483398
UPSIDE,room_h60,DISCOVERY,9,5481,0.30263158679008484,inf,0.38601037859916687,0.0013764476170763373,0.06305088847875595,0.10946907848119736,0.7000547051429749,0.16936565935611725,-0.12320618331432343,0.196132093667984,3.500282049179077,1.0330464839935303
UPSIDE,room_h60,STRICT_OOS,0,2857,-inf,0.021762786060571686,0.009216589853167534,0.06048864498734474,0.32307541370391846,0.20056003332138062,0.19740986824035645,0.24981409311294556,-0.12650108337402344,0.389569491147995,1.869271159172058,1.9372204542160034
UPSIDE,room_h60,STRICT_OOS,1,2743,0.021762786060571686,0.04233657941222192,0.03211009129881859,0.05321972072124481,0.335689902305603,0.18301130831241608,0.306963175535202,0.21295729279518127,-0.11756584793329239,0.3127962052822113,2.2125871181488037,1.9471980333328247
UPSIDE,room_h60,STRICT_OOS,2,2764,0.04233657941222192,0.06218273751437664,0.052441228181123734,0.05979093536734581,0.3977395296096802,0.19717800617218018,0.3534732162952423,0.2358928918838501,-0.12136991322040558,0.34008681774139404,2.5958352088928223,2.033125162124634
UPSIDE,room_h60,STRICT_OOS,3,2937,0.06218273751437664,0.08401084840297698,0.07287450134754181,0.04668966680765152,0.32260048389434814,0.19645896553993225,0.4187946915626526,0.22970667481422424,-0.12743201851844788,0.33231186866760254,2.5487632751464844,1.7643022537231445
UPSIDE,room_h60,STRICT_OOS,4,3010,0.08401084840297698,0.10820283740758896,0.09589041769504547,0.05520187318325043,0.4799848198890686,0.1996677666902542,0.4485049843788147,0.24418264627456665,-0.1299535185098648,0.329900324344635,2.9682698249816895,1.908636450767517
UPSIDE,room_h60,STRICT_OOS,5,3150,0.10820283740758896,0.13602611124515535,0.12167300283908844,0.053694549947977066,0.49897831678390503,0.2120634913444519,0.49841269850730896,0.25349968671798706,-0.13049501180648804,0.33492064476013184,3.2592742443084717,1.9121953248977661
UPSIDE,room_h60,STRICT_OOS,6,3504,0.13602611124515535,0.1713665872812271,0.15324419736862183,0.04106639325618744,0.49647587537765503,0.20119863748550415,0.5590753555297852,0.24703966081142426,-0.137904092669487,0.30622145533561707,3.52754545211792,1.6703181266784668
UPSIDE,room_h60,STRICT_OOS,7,3802,0.1713665872812271,0.21983284652233126,0.19387754797935486,0.04018998518586159,0.6042263507843018,0.1954234540462494,0.6133614182472229,0.24656210839748383,-0.143401637673378,0.28616517782211304,4.092058181762695,1.700199842453003
UPSIDE,room_h60,STRICT_OOS,8,4236,0.21983284652233126,0.30263158679008484,0.2569558024406433,0.0313338078558445,0.4183850884437561,0.19617563486099243,0.6723324060440063,0.23996107280254364,-0.14704473316669464,0.2516525089740753,4.577902793884277,1.5861139297485352
UPSIDE,room_h60,STRICT_OOS,9,5861,0.30263158679008484,inf,0.41134750843048096,0.038641247898340225,0.6556980013847351,0.20934994518756866,0.6881078481674194,0.24980995059013367,-0.14699159562587738,0.2663367986679077,5.141627311706543,1.8898630142211914
UPSIDE,room_h120,PRE_2020_2022,0,5180,-inf,0.024969238601624966,0.01162789948284626,0.019608819857239723,0.1473977118730545,0.11795366555452347,0.26795366406440735,0.17852503061294556,-0.12488137185573578,0.27065637707710266,1.5259076356887817,1.3286253213882446
UPSIDE,room_h120,PRE_2020_2022,1,5085,0.024969238601624966,0.04799999743700027,0.03680981323122978,0.015971463173627853,0.14501045644283295,0.1187807247042656,0.34336283802986145,0.1612745225429535,-0.11822326481342316,0.25191739201545715,1.6817076206207275,1.2896208763122559
UPSIDE,room_h120,PRE_2020_2022,2,5650,0.04799999743700027,0.0714285671710968,0.059999994933605194,0.017004555091261864,0.16009311378002167,0.1251327395439148,0.4072566330432892,0.16975679993629456,-0.12486232072114944,0.2661947011947632,1.879738688468933,1.3048261404037476
UPSIDE,room_h120,PRE_2020_2022,3,5641,0.0714285671710968,0.09621993899345398,0.08356546610593796,0.016114016994833946,0.19499793648719788,0.13561424612998962,0.4461974799633026,0.16786091029644012,-0.12852586805820465,0.25562843680381775,2.077301263809204,1.2851252555847168
UPSIDE,room_h120,PRE_2020_2022,4,5969,0.09621993899345398,0.12429607659578323,0.1097099706530571,0.018329249694943428,0.19910991191864014,0.14022448658943176,0.5005863904953003,0.1755949854850769,-0.1284172683954239,0.26084771752357483,2.3964359760284424,1.337400197982788
UPSIDE,room_h120,PRE_2020_2022,5,5950,0.12429607659578323,0.1568627506494522,0.13973799347877502,0.022254381328821182,0.28327685594558716,0.14773109555244446,0.5243697762489319,0.1836131513118744,-0.12891149520874023,0.25478991866111755,2.6899256706237793,1.420258641242981
UPSIDE,room_h120,PRE_2020_2022,6,5881,0.1568627506494522,0.19665272533893585,0.17581187188625336,0.02051250822842121,0.2968769073486328,0.15218500792980194,0.5483761429786682,0.1826050877571106,-0.12632761895656586,0.23448392748832703,2.777918577194214,1.4099663496017456
UPSIDE,room_h120,PRE_2020_2022,7,5904,0.19665272533893585,0.25145037770271306,0.22228170931339264,0.01368831004947424,0.19559608399868011,0.13482384383678436,0.5907859206199646,0.17600037157535553,-0.12957391142845154,0.2056232988834381,2.9291865825653076,1.2737761735916138
UPSIDE,room_h120,PRE_2020_2022,8,6548,0.25145037770271306,0.3473205953836442,0.29184260964393616,0.022342128679156303,0.7254308462142944,0.13927917182445526,0.6183567643165588,0.18980680406093597,-0.13065901398658752,0.21808186173439026,3.532698154449463,1.4677573442459106
UPSIDE,room_h120,PRE_2020_2022,9,8111,0.3473205953836442,inf,0.46606335043907166,0.019677316769957542,0.9684401750564575,0.16508445143699646,0.6714338660240173,0.2006571888923645,-0.14026346802711487,0.2303045243024826,4.034083366394043,1.4093455076217651
UPSIDE,room_h120,DISCOVERY,0,5482,-inf,0.024969238601624966,0.01217964943498373,0.04132742062211037,0.3738083839416504,0.13827070593833923,0.17128784954547882,0.16764849424362183,-0.0912797674536705,0.2641371786594391,1.6214289665222168,1.9368870258331299
UPSIDE,room_h120,DISCOVERY,1,5481,0.024969238601624966,0.04799999743700027,0.036589767783880234,0.039060078561306,0.3645065724849701,0.13574165105819702,0.260171502828598,0.16959191858768463,-0.08848963677883148,0.2667396366596222,1.890726923942566,1.9066619873046875
UPSIDE,room_h120,DISCOVERY,2,5484,0.04799999743700027,0.0714285671710968,0.05928344652056694,0.03272965922951698,0.3470287621021271,0.13347920775413513,0.3256746828556061,0.17314989864826202,-0.0944683626294136,0.27735230326652527,2.0288639068603516,1.7110652923583984
UPSIDE,room_h120,DISCOVERY,3,5479,0.0714285671710968,0.09621993899345398,0.08368200063705444,0.025681069120764732,0.35073602199554443,0.13615623116493225,0.390399694442749,0.17218263447284698,-0.10112695395946503,0.2673845589160919,2.17978572845459,1.5269324779510498
UPSIDE,room_h120,DISCOVERY,4,5481,0.09621993899345398,0.12429607659578323,0.10992906987667084,0.021810758858919144,0.33423033356666565,0.13373471796512604,0.4493705630302429,0.171248659491539,-0.10260097682476044,0.26071885228157043,2.31315541267395,1.461737871170044
UPSIDE,room_h120,DISCOVERY,5,5484,0.12429607659578323,0.1568627506494522,0.13970953226089478,0.0112677700817585,0.20399810373783112,0.12928518652915955,0.5092997550964355,0.1657121628522873,-0.10844101756811142,0.24307075142860413,2.4631752967834473,1.2315876483917236
UPSIDE,room_h120,DISCOVERY,6,5480,0.1568627506494522,0.19665272533893585,0.17552316188812256,0.010608361102640629,0.2114405781030655,0.12901459634304047,0.5545620322227478,0.16545850038528442,-0.10943727940320969,0.22043795883655548,2.7086222171783447,1.2296240329742432
UPSIDE,room_h120,DISCOVERY,7,5480,0.19665272533893585,0.25145037770271306,0.22189342975616455,0.011673523113131523,0.2761651575565338,0.12591241300106049,0.5925182700157166,0.16716352105140686,-0.11051202565431595,0.20638686418533325,2.9771790504455566,1.270397424697876
UPSIDE,room_h120,DISCOVERY,8,5481,0.25145037770271306,0.3473205953836442,0.29078012704849243,0.010740697383880615,0.19551962614059448,0.11986863613128662,0.6382046937942505,0.16506463289260864,-0.1152351126074791,0.18938149511814117,3.4391796588897705,1.2569198608398438
UPSIDE,room_h120,DISCOVERY,9,5482,0.3473205953836442,inf,0.44153451919555664,-0.0027261381037533283,0.007353634107857943,0.10197008401155472,0.6822327375411987,0.16247212886810303,-0.12170804291963577,0.18825246393680573,3.086371421813965,0.9353752136230469
UPSIDE,room_h120,STRICT_OOS,0,2745,-inf,0.024969238601624966,0.011029394343495369,0.06297191977500916,0.31068506836891174,0.20291438698768616,0.19344262778759003,0.256100058555603,-0.12812229990959167,0.3985427916049957,1.8813573122024536,1.9668736457824707
UPSIDE,room_h120,STRICT_OOS,1,2584,0.024969238601624966,0.04799999743700027,0.03703702241182327,0.06192614883184433,0.3755322992801666,0.20588235557079315,0.2840557396411896,0.228584885597229,-0.11976146697998047,0.34326624870300293,2.218543291091919,2.0756258964538574
UPSIDE,room_h120,STRICT_OOS,2,2774,0.04799999743700027,0.0714285671710968,0.059630174189805984,0.0535501204431057,0.3408264219760895,0.19538572430610657,0.36012977361679077,0.23887132108211517,-0.12820793688297272,0.34498918056488037,2.4576096534729004,1.8474764823913574
UPSIDE,room_h120,STRICT_OOS,3,2862,0.0714285671710968,0.09621993899345398,0.08383596688508987,0.05586802586913109,0.42626386880874634,0.2012578547000885,0.4063591957092285,0.24099454283714294,-0.12796588242053986,0.3406708538532257,2.677576780319214,1.908434510231018
UPSIDE,room_h120,STRICT_OOS,4,3132,0.09621993899345398,0.12429607659578323,0.1095966100692749,0.05280229076743126,0.44450461864471436,0.20434227585792542,0.4607279598712921,0.24352829158306122,-0.12906445562839508,0.32375478744506836,2.9624993801116943,1.8887484073638916
UPSIDE,room_h120,STRICT_OOS,5,3249,0.12429607659578323,0.1568627506494522,0.14000000059604645,0.04676854610443115,0.47845837473869324,0.19790704548358917,0.49399814009666443,0.2436625063419342,-0.13146468997001648,0.3222529888153076,3.1620166301727295,1.7827258110046387
UPSIDE,room_h120,STRICT_OOS,6,3512,0.1568627506494522,0.19665272533893585,0.17565858364105225,0.04794019088149071,0.5960447192192078,0.2015945315361023,0.5652050375938416,0.2525220215320587,-0.1383337676525116,0.3112186789512634,3.7576396465301514,1.8153462409973145
UPSIDE,room_h120,STRICT_OOS,7,3762,0.19665272533893585,0.25145037770271306,0.22160851955413818,0.04463572055101395,0.5766226053237915,0.20839978754520416,0.6193513870239258,0.24985329806804657,-0.1388365775346756,0.27379053831100464,4.289068222045898,1.8020888566970825
UPSIDE,room_h120,STRICT_OOS,8,4517,0.25145037770271306,0.3473205953836442,0.2931995391845703,0.02652815915644169,0.4552707076072693,0.19017046689987183,0.6632720828056335,0.2325240820646286,-0.14592158794403076,0.2514943480491638,4.211734771728516,1.5013000965118408
UPSIDE,room_h120,STRICT_OOS,9,5727,0.3473205953836442,inf,0.4684210419654846,0.03450843691825867,0.5771064758300781,0.19748559594154358,0.6843024492263794,0.23820114135742188,-0.14440616965293884,0.260171115398407,4.922828674316406,1.8030402660369873
UPSIDE,room_h250,PRE_2020_2022,0,5233,-inf,0.02990473285317421,0.014292046427726746,0.0228192750364542,0.18155062198638916,0.12593159079551697,0.2642843425273895,0.18469063937664032,-0.12630200386047363,0.2853047847747803,1.5179051160812378,1.38213050365448
UPSIDE,room_h250,PRE_2020_2022,1,5389,0.02990473285317421,0.0574656441807747,0.04411764815449715,0.01924496702849865,0.15594351291656494,0.12636852264404297,0.3497866094112396,0.17157380282878876,-0.12184680998325348,0.26758211851119995,1.7742632627487183,1.3422636985778809
UPSIDE,room_h250,PRE_2020_2022,2,5838,0.0574656441807747,0.08583695814013481,0.0714285746216774,0.017610931769013405,0.18004484474658966,0.13686193525791168,0.4160671532154083,0.1734786480665207,-0.12864376604557037,0.27303871512413025,1.9559121131896973,1.3009661436080933
UPSIDE,room_h250,PRE_2020_2022,3,5962,0.08583695814013481,0.11574997454881668,0.10091522336006165,0.018748754635453224,0.20588678121566772,0.14173096418380737,0.4609191417694092,0.17767482995986938,-0.12849366664886475,0.26618584990501404,2.1934947967529297,1.3343217372894287
UPSIDE,room_h250,PRE_2020_2022,4,6102,0.11574997454881668,0.14912689477205276,0.13197967410087585,0.019901404157280922,0.2291409820318222,0.1465093344449997,0.5055719614028931,0.18169543147087097,-0.12934063374996185,0.2576204538345337,2.544445037841797,1.3625010251998901
UPSIDE,room_h250,PRE_2020_2022,5,5782,0.14912689477205276,0.18703886568546296,0.16751918196678162,0.023659314960241318,0.30227944254875183,0.14925631880760193,0.519370436668396,0.18413735926151276,-0.12593922019004822,0.24628156423568726,2.6792240142822266,1.4650439023971558
UPSIDE,room_h250,PRE_2020_2022,6,5973,0.18703886568546296,0.23499999940395355,0.209707111120224,0.014599322341382504,0.20508480072021484,0.1347731500864029,0.5693956017494202,0.17314830422401428,-0.12641067802906036,0.2077682912349701,2.7420315742492676,1.2952989339828491
UPSIDE,room_h250,PRE_2020_2022,7,6027,0.23499999940395355,0.3001418173313141,0.2642861008644104,0.02150406502187252,0.46100613474845886,0.13704994320869446,0.5860295295715332,0.1816486120223999,-0.12533637881278992,0.2156960368156433,3.213731050491333,1.4546606540679932
UPSIDE,room_h250,PRE_2020_2022,8,6121,0.3001418173313141,0.40878664553165445,0.34558820724487305,0.021677587181329727,0.6373807787895203,0.14262375235557556,0.6177095174789429,0.18468010425567627,-0.12933294475078583,0.21695801615715027,3.47928786277771,1.4642407894134521
UPSIDE,room_h250,PRE_2020_2022,9,7292,0.40878664553165445,inf,0.5404958724975586,0.009754009544849396,0.926052987575531,0.1464618742465973,0.675123393535614,0.18450094759464264,-0.1409398317337036,0.21269884705543518,3.6291515827178955,1.2000041007995605
UPSIDE,room_h250,DISCOVERY,0,5468,-inf,0.02990473285317421,0.01461377926170826,0.04530598223209381,0.39280417561531067,0.15014630556106567,0.16898317635059357,0.1778372824192047,-0.09404613077640533,0.28858813643455505,1.6594587564468384,2.0008559226989746
UPSIDE,room_h250,DISCOVERY,1,5467,0.02990473285317421,0.0574656441807747,0.044016238301992416,0.04072041064500809,0.3888988792896271,0.1445033848285675,0.2688860297203064,0.17847411334514618,-0.09268974512815475,0.29284799098968506,1.9186620712280273,1.8998037576675415
UPSIDE,room_h250,DISCOVERY,2,5467,0.0574656441807747,0.08583695814013481,0.07177814096212387,0.033029817044734955,0.37464097142219543,0.14761294424533844,0.3382110893726349,0.18036742508411407,-0.09926052391529083,0.2840680480003357,2.0880987644195557,1.670754075050354
UPSIDE,room_h250,DISCOVERY,3,5468,0.08583695814013481,0.11574997454881668,0.10050999373197556,0.02623428963124752,0.38670244812965393,0.13844184577465057,0.4001463055610657,0.17567534744739532,-0.10117300599813461,0.2728602886199951,2.19801664352417,1.5454591512680054
UPSIDE,room_h250,DISCOVERY,4,5467,0.11574997454881668,0.14912689477205276,0.13149847090244293,0.017219919711351395,0.2982022762298584,0.13133345544338226,0.45271629095077515,0.17010004818439484,-0.10570364445447922,0.24986281991004944,2.3012852668762207,1.354956030845642
UPSIDE,room_h250,DISCOVERY,5,5467,0.14912689477205276,0.18703886568546296,0.16748645901679993,0.014650692231953144,0.2472354918718338,0.13426010310649872,0.520943820476532,0.16745537519454956,-0.10624232143163681,0.22754709422588348,2.5790956020355225,1.3137578964233398
UPSIDE,room_h250,DISCOVERY,6,5469,0.18703886568546296,0.23499999940395355,0.209917351603508,0.013042720966041088,0.31797268986701965,0.1252514123916626,0.547632098197937,0.1606076955795288,-0.10691279917955399,0.2082647681236267,2.699385166168213,1.3014109134674072
UPSIDE,room_h250,DISCOVERY,7,5466,0.23499999940395355,0.3001418173313141,0.26441890001296997,0.00950563047081232,0.16201426088809967,0.11287961900234222,0.5940358638763428,0.16054511070251465,-0.11061745882034302,0.190450057387352,2.9539551734924316,1.2225370407104492
UPSIDE,room_h250,DISCOVERY,8,5467,0.3001418173313141,0.40878664553165445,0.34580257534980774,0.00320923188701272,0.07888705283403397,0.10188402980566025,0.6383756995201111,0.15268805623054504,-0.11186140030622482,0.18035486340522766,2.983772039413452,1.0770399570465088
UPSIDE,room_h250,DISCOVERY,9,5468,0.40878664553165445,inf,0.5179877281188965,-0.0014015687629580498,0.016172613948583603,0.0956474021077156,0.6453913450241089,0.1555883288383484,-0.1147485300898552,0.18800292909145355,2.83246111869812,0.9654538035392761
UPSIDE,room_h250,STRICT_OOS,0,2611,-inf,0.02990473285317421,0.013567296788096428,0.07345453649759293,0.39222151041030884,0.22366909682750702,0.18077364563941956,0.2712770402431488,-0.13083793222904205,0.4220605194568634,1.8638170957565308,2.0894131660461426
UPSIDE,room_h250,STRICT_OOS,1,2292,0.02990473285317421,0.0574656441807747,0.043973248451948166,0.07243552803993225,0.42670363187789917,0.23036649823188782,0.27312391996383667,0.2591731548309326,-0.12424188107252121,0.39310646057128906,2.2325212955474854,2.20926570892334
UPSIDE,room_h250,STRICT_OOS,2,2582,0.0574656441807747,0.08583695814013481,0.07154799997806549,0.06503690034151077,0.4298384487628937,0.22385747730731964,0.35670024156570435,0.2612032890319824,-0.13647118210792542,0.37800154089927673,2.4804747104644775,1.9592653512954712
UPSIDE,room_h250,STRICT_OOS,3,2709,0.08583695814013481,0.11574997454881668,0.1005859375,0.06931333988904953,0.5870630145072937,0.23108157515525818,0.3931339979171753,0.2685171067714691,-0.13177092373371124,0.3732004463672638,2.803548574447632,2.105832815170288
UPSIDE,room_h250,STRICT_OOS,4,2834,0.11574997454881668,0.14912689477205276,0.1320754736661911,0.05492060258984566,0.4784332811832428,0.21171489357948303,0.4562456011772156,0.2553102672100067,-0.13480795919895172,0.3465067148208618,2.92168927192688,1.8805299997329712
UPSIDE,room_h250,STRICT_OOS,5,3201,0.14912689477205276,0.18703886568546296,0.16761687397956848,0.05142137408256531,0.5583249926567078,0.2068103700876236,0.5117151141166687,0.25249460339546204,-0.1358397901058197,0.3295845091342926,3.3159537315368652,1.8542206287384033
UPSIDE,room_h250,STRICT_OOS,6,3578,0.18703886568546296,0.23499999940395355,0.20993779599666595,0.04119042307138443,0.5851455926895142,0.19899384677410126,0.5740637183189392,0.24488018453121185,-0.13791194558143616,0.286472886800766,3.6448588371276855,1.6977487802505493
UPSIDE,room_h250,STRICT_OOS,7,4069,0.23499999940395355,0.3001418173313141,0.26644736528396606,0.027220292016863823,0.36936116218566895,0.1798967868089676,0.6271811127662659,0.22574621438980103,-0.14206597208976746,0.23961661756038666,3.8533072471618652,1.4888076782226562
UPSIDE,room_h250,STRICT_OOS,8,4790,0.3001418173313141,0.40878664553165445,0.34631118178367615,0.027989579364657402,0.48271992802619934,0.16826722025871277,0.6461377739906311,0.21920418739318848,-0.13749447464942932,0.22734864056110382,4.308143138885498,1.5794475078582764
UPSIDE,room_h250,STRICT_OOS,9,6037,0.40878664553165445,inf,0.5352607369422913,0.029352769255638123,0.45294496417045593,0.18303793668746948,0.6486665606498718,0.21874777972698212,-0.13270100951194763,0.25459665060043335,4.329904079437256,1.6976099014282227
UPSIDE,res_dist_capped,PRE_2020_2022,0,4898,-inf,0.004934044973924757,0.0023248863872140646,0.019511735066771507,0.30376100540161133,0.11474070698022842,0.5071457624435425,0.15050140023231506,-0.10763321816921234,0.20069415867328644,2.418038845062256,1.466367244720459
UPSIDE,res_dist_capped,PRE_2020_2022,1,5118,0.004934044973924757,0.011204438470304013,0.007905138656497002,0.018439587205648422,0.24260187149047852,0.11469323933124542,0.5128956437110901,0.15636461973190308,-0.10977720469236374,0.20457209646701813,2.4505417346954346,1.4244341850280762
UPSIDE,res_dist_capped,PRE_2020_2022,2,5226,0.011204438470304013,0.019227581098675728,0.014955952763557434,0.0181878749281168,0.30579763650894165,0.12552621960639954,0.5059318542480469,0.16100074350833893,-0.11219272762537003,0.22292384505271912,2.454918622970581,1.4058712720870972
UPSIDE,res_dist_capped,PRE_2020_2022,3,5337,0.019227581098675728,0.029744811356067657,0.024154581129550934,0.01703943870961666,0.27711114287376404,0.12235338240861893,0.5257635116577148,0.1567688137292862,-0.11502742767333984,0.21585160493850708,2.484649896621704,1.3769041299819946
UPSIDE,res_dist_capped,PRE_2020_2022,4,5659,0.029744811356067657,0.04444444179534912,0.03632447123527527,0.014383785426616669,0.225637748837471,0.12528716027736664,0.5379042029380798,0.1596718579530716,-0.12082505226135254,0.21664604544639587,2.478145122528076,1.305941104888916
UPSIDE,res_dist_capped,PRE_2020_2022,5,5889,0.04444444179534912,0.06653290390968325,0.05454545095562935,0.01425986923277378,1.2486549615859985,0.12854474782943726,0.5622346997261047,0.16712214052677155,-0.12707450985908508,0.22550517320632935,2.782649517059326,1.2886606454849243
UPSIDE,res_dist_capped,PRE_2020_2022,6,6178,0.06653290390968325,0.10412159785628321,0.082980215549469,0.016782842576503754,0.34472331404685974,0.14713498950004578,0.5725153684616089,0.179538756608963,-0.13032320141792297,0.23243768513202667,2.8965184688568115,1.3289103507995605
UPSIDE,res_dist_capped,PRE_2020_2022,7,6822,0.10412159785628321,0.19146668612957046,0.13636364042758942,0.022380677983164787,0.2958829700946808,0.16197596490383148,0.5913221836090088,0.19607730209827423,-0.1391633301973343,0.24640867114067078,3.1822397708892822,1.4220529794692993
UPSIDE,res_dist_capped,PRE_2020_2022,8,14792,0.19146668612957046,inf,1.0,0.02171863056719303,0.22311638295650482,0.1627230942249298,0.3909545838832855,0.21800948679447174,-0.15125779807567596,0.30915358662605286,2.115814447402954,1.3155118227005005
UPSIDE,res_dist_capped,DISCOVERY,0,5482,-inf,0.004934044973924757,0.0023702930193394423,0.020188381895422935,0.35659047961235046,0.0997811034321785,0.4560379385948181,0.14198994636535645,-0.08641483634710312,0.18314483761787415,2.38773250579834,1.5513434410095215
UPSIDE,res_dist_capped,DISCOVERY,1,5482,0.004934044973924757,0.011204438470304013,0.007927526719868183,0.022774863988161087,0.34297722578048706,0.11364465206861496,0.4574972689151764,0.14940202236175537,-0.08910006284713745,0.20375774800777435,2.4662933349609375,1.6036103963851929
UPSIDE,res_dist_capped,DISCOVERY,2,5483,0.011204438470304013,0.019227581098675728,0.015000004321336746,0.013159265741705894,0.22182293236255646,0.1017691045999527,0.4800291955471039,0.14520564675331116,-0.09576436877250671,0.2011672407388687,2.2766506671905518,1.3155436515808105
UPSIDE,res_dist_capped,DISCOVERY,3,5481,0.019227581098675728,0.029744811356067657,0.02402745932340622,0.018925949931144714,0.2790903151035309,0.11676701158285141,0.47199416160583496,0.1552387773990631,-0.0960058644413948,0.21711365878582,2.445685386657715,1.463559865951538
UPSIDE,res_dist_capped,DISCOVERY,4,5483,0.029744811356067657,0.04444444179534912,0.0362694077193737,0.020399734377861023,0.2898699939250946,0.12091920524835587,0.4807586967945099,0.1612311452627182,-0.09843862056732178,0.22615356743335724,2.5126519203186035,1.4899251461029053
UPSIDE,res_dist_capped,DISCOVERY,5,5481,0.04444444179534912,0.06653290390968325,0.05410128831863403,0.017382895573973656,0.24701784551143646,0.11548987776041031,0.49753695726394653,0.16258256137371063,-0.1033630520105362,0.23061485588550568,2.504659414291382,1.3986780643463135
UPSIDE,res_dist_capped,DISCOVERY,6,5482,0.06653290390968325,0.10412159785628321,0.08244407176971436,0.016492720693349838,0.25763818621635437,0.1338927447795868,0.5142284035682678,0.17219072580337524,-0.10929933190345764,0.23148486018180847,2.655456781387329,1.3581119775772095
UPSIDE,res_dist_capped,DISCOVERY,7,5482,0.10412159785628321,0.19146668612957046,0.13577783107757568,0.014918695203959942,0.22848539054393768,0.14447282254695892,0.5552718043327332,0.1812097430229187,-0.12005288153886795,0.23896388709545135,2.8681671619415283,1.3024674654006958
UPSIDE,res_dist_capped,DISCOVERY,8,10964,0.19146668612957046,inf,1.0,0.02896055579185486,0.22047318518161774,0.16827799379825592,0.330262690782547,0.2052661031484604,-0.12244454771280289,0.32561108469963074,2.0918385982513428,1.5094218254089355
UPSIDE,res_dist_capped,STRICT_OOS,0,3655,-inf,0.004934044973924757,0.0023094688076525927,0.04242044314742088,0.5113900303840637,0.17264021933078766,0.5165526866912842,0.20922619104385376,-0.11444826424121857,0.25882354378700256,3.516566038131714,1.8869378566741943
UPSIDE,res_dist_capped,STRICT_OOS,1,3618,0.004934044973924757,0.011204438470304013,0.007874008268117905,0.04018913954496384,0.4471985101699829,0.1697070151567459,0.5226644277572632,0.21683064103126526,-0.1217041164636612,0.2589828670024872,3.379124879837036,1.7924799919128418
UPSIDE,res_dist_capped,STRICT_OOS,2,3604,0.011204438470304013,0.019227581098675728,0.014974454417824745,0.04323289915919304,0.4841495454311371,0.18562708795070648,0.5169256329536438,0.22186541557312012,-0.12100556492805481,0.2769145369529724,3.4541125297546387,1.86660897731781
UPSIDE,res_dist_capped,STRICT_OOS,3,3482,0.019227581098675728,0.029744811356067657,0.02403184399008751,0.044821854680776596,0.4754040241241455,0.18265365064144135,0.5221137404441833,0.22824351489543915,-0.12069442868232727,0.2886272370815277,3.3390913009643555,1.9028905630111694
UPSIDE,res_dist_capped,STRICT_OOS,4,3479,0.029744811356067657,0.04444444179534912,0.036382053047418594,0.035641755908727646,0.41199660301208496,0.17706237733364105,0.5561943054199219,0.22022370994091034,-0.1284291297197342,0.26760563254356384,3.4497287273406982,1.6733098030090332
UPSIDE,res_dist_capped,STRICT_OOS,5,3394,0.04444444179534912,0.06653290390968325,0.05444912612438202,0.0475020669400692,0.5282353758811951,0.20153211057186127,0.5309369564056396,0.24018092453479767,-0.1309499889612198,0.2931644022464752,3.5948171615600586,1.886229157447815
UPSIDE,res_dist_capped,STRICT_OOS,6,3294,0.06653290390968325,0.10412159785628321,0.08232827484607697,0.05005728825926781,0.6364999413490295,0.20765027403831482,0.5525197386741638,0.2461482584476471,-0.1353013813495636,0.31268975138664246,3.699688196182251,1.921517014503479
UPSIDE,res_dist_capped,STRICT_OOS,7,3236,0.10412159785628321,0.19146668612957046,0.13734623789787292,0.03974250331521034,0.4311097264289856,0.20519159734249115,0.5939431190490723,0.24998411536216736,-0.1513461172580719,0.30778738856315613,3.751826524734497,1.7030762434005737
UPSIDE,res_dist_capped,STRICT_OOS,8,7078,0.19146668612957046,inf,1.0,0.059688109904527664,0.41888365149497986,0.2502119243144989,0.38810399174690247,0.2955699563026428,-0.16395869851112366,0.4070358872413635,2.6151089668273926,1.814118504524231
UPSIDE,base_height,PRE_2020_2022,0,5591,-inf,0.11522575095295906,0.08187771588563919,0.008487807586789131,0.12890084087848663,0.06760865449905396,0.47522804141044617,0.10899322479963303,-0.0985477939248085,0.13950993120670319,1.9091118574142456,1.231177806854248
UPSIDE,base_height,PRE_2020_2022,1,5584,0.11522575095295906,0.17457403242588043,0.14615385234355927,0.015803257003426552,0.25512829422950745,0.10100286453962326,0.45827364921569824,0.13558518886566162,-0.10448594391345978,0.19699139893054962,2.096143960952759,1.3843400478363037
UPSIDE,base_height,PRE_2020_2022,2,5456,0.17457403242588043,0.2319963827729225,0.2027987539768219,0.01833953708410263,0.26940858364105225,0.1138196513056755,0.47855570912361145,0.14902059733867645,-0.11515116691589355,0.2063782960176468,2.3686728477478027,1.4123332500457764
UPSIDE,base_height,PRE_2020_2022,3,5585,0.2319963827729225,0.29247078895568845,0.26070529222488403,0.02050727978348732,0.28711971640586853,0.12641002237796783,0.46911370754241943,0.15956410765647888,-0.11527039855718613,0.23276634514331818,2.334855794906616,1.4394335746765137
UPSIDE,base_height,PRE_2020_2022,4,6192,0.29247078895568845,0.3656117171049118,0.3291289806365967,0.021591797471046448,0.22546201944351196,0.1405038833618164,0.49031007289886475,0.17883488535881042,-0.12291029840707779,0.2430555522441864,2.4731032848358154,1.420478105545044
UPSIDE,base_height,PRE_2020_2022,5,6403,0.3656117171049118,0.4475294530391693,0.4046948254108429,0.025500023737549782,0.6246414184570312,0.15742620825767517,0.48461657762527466,0.19068530201911926,-0.12527886033058167,0.27471497654914856,2.4365153312683105,1.4925957918167114
UPSIDE,base_height,PRE_2020_2022,6,5534,0.4475294530391693,0.534305065870285,0.4900333285331726,0.028002671897411346,0.2672426104545593,0.1705818623304367,0.4774123728275299,0.20578376948833466,-0.13291692733764648,0.2898446023464203,2.5987374782562256,1.502036213874817
UPSIDE,base_height,PRE_2020_2022,7,5771,0.534305065870285,0.6421052813529968,0.5847182273864746,0.021717524155974388,0.2618725299835205,0.18003812432289124,0.5198405981063843,0.21430042386054993,-0.1433379203081131,0.2897244989871979,2.8150103092193604,1.3515514135360718
UPSIDE,base_height,PRE_2020_2022,8,5972,0.6421052813529968,0.7898118674755096,0.7094328999519348,0.01632012613117695,0.2444821000099182,0.16476891934871674,0.5282987356185913,0.21572940051555634,-0.15281909704208374,0.28181514143943787,2.83237361907959,1.2494157552719116
UPSIDE,base_height,PRE_2020_2022,9,7831,0.7898118674755096,inf,0.9356499314308167,0.0119912289083004,0.8709757328033447,0.15719576179981232,0.6238028407096863,0.21861843764781952,-0.16193975508213043,0.2633124887943268,3.2833657264709473,1.1836316585540771
UPSIDE,base_height,DISCOVERY,0,5482,-inf,0.11522575095295906,0.08099749684333801,0.02191728726029396,0.30983319878578186,0.07497263699769974,0.39821234345436096,0.11348669230937958,-0.06788459420204163,0.13827070593833923,2.2064123153686523,1.7619447708129883
UPSIDE,base_height,DISCOVERY,1,5482,0.11522575095295906,0.17457403242588043,0.14532601833343506,0.022863268852233887,0.3521592617034912,0.09503830969333649,0.42393288016319275,0.13495297729969025,-0.08195025473833084,0.1849689930677414,2.227600336074829,1.6515944004058838
UPSIDE,base_height,DISCOVERY,2,5482,0.17457403242588043,0.2319963827729225,0.20348837971687317,0.017670422792434692,0.2693318724632263,0.10726012289524078,0.42520979046821594,0.14443734288215637,-0.08926317095756531,0.20156876742839813,2.307115077972412,1.4481120109558105
UPSIDE,base_height,DISCOVERY,3,5482,0.2319963827729225,0.29247078895568845,0.26136451959609985,0.028802748769521713,0.35356444120407104,0.1315213441848755,0.4224735498428345,0.16374272108078003,-0.09422235190868378,0.24516600370407104,2.5168814659118652,1.6961091756820679
UPSIDE,base_height,DISCOVERY,4,5482,0.29247078895568845,0.3656117171049118,0.32670021057128906,0.025296252220869064,0.2907572090625763,0.13790588080883026,0.43998539447784424,0.17491233348846436,-0.10031984001398087,0.2553812563419342,2.5725388526916504,1.5679949522018433
UPSIDE,base_height,DISCOVERY,5,5482,0.3656117171049118,0.4475294530391693,0.40643763542175293,0.024950141087174416,0.2828778326511383,0.13644655048847198,0.419737309217453,0.1810537874698639,-0.10555707663297653,0.2725282609462738,2.3796000480651855,1.536631464958191
UPSIDE,base_height,DISCOVERY,6,5482,0.4475294530391693,0.534305065870285,0.4875803291797638,0.019542498514056206,0.21736767888069153,0.1448376476764679,0.4584093391895294,0.18595221638679504,-0.10964581370353699,0.2612185478210449,2.496084451675415,1.4001384973526
UPSIDE,base_height,DISCOVERY,7,5483,0.534305065870285,0.6421052813529968,0.5868016481399536,0.020067362114787102,0.27962401509284973,0.14316979050636292,0.47382819652557373,0.18670997023582458,-0.12070875614881516,0.2721138000488281,2.5404858589172363,1.379284381866455
UPSIDE,base_height,DISCOVERY,8,5481,0.6421052813529968,0.7898118674755096,0.7060931921005249,0.013437628746032715,0.20528025925159454,0.15654078125953674,0.5068418383598328,0.19572670757770538,-0.1279119849205017,0.29118773341178894,2.545262336730957,1.2364082336425781
UPSIDE,base_height,DISCOVERY,9,5482,0.7898118674755096,inf,0.9190943837165833,0.007614287547767162,0.1036267876625061,0.1556001454591751,0.6052535772323608,0.19860759377479553,-0.14586466550827026,0.2612185478210449,2.904813766479492,1.1337835788726807
UPSIDE,base_height,STRICT_OOS,0,3078,-inf,0.11522575095295906,0.0833333283662796,0.016885919496417046,0.18877524137496948,0.09389213472604752,0.4642625153064728,0.1332484930753708,-0.0971490815281868,0.16861598193645477,2.3020575046539307,1.439850091934204
UPSIDE,base_height,STRICT_OOS,1,3506,0.11522575095295906,0.17457403242588043,0.14674481749534607,0.01991504803299904,0.20797963440418243,0.12435824424028397,0.46662864089012146,0.16304945945739746,-0.10443280637264252,0.21905304491519928,2.5231995582580566,1.44376802444458
UPSIDE,base_height,STRICT_OOS,2,3685,0.17457403242588043,0.2319963827729225,0.20229007303714752,0.030136307701468468,0.33025574684143066,0.15766622126102448,0.482225239276886,0.20052815973758698,-0.11208420246839523,0.26865673065185547,2.8209102153778076,1.6164225339889526
UPSIDE,base_height,STRICT_OOS,3,3344,0.2319963827729225,0.29247078895568845,0.2613636255264282,0.046544477343559265,0.5856956839561462,0.19557416439056396,0.48833730816841125,0.22845971584320068,-0.11684627830982208,0.3023325502872467,3.319176435470581,1.894222378730774
UPSIDE,base_height,STRICT_OOS,4,3681,0.29247078895568845,0.3656117171049118,0.32937684655189514,0.0588613785803318,0.5440307855606079,0.22195056080818176,0.4862808883190155,0.25419631600379944,-0.12862709164619446,0.33224666118621826,3.5539028644561768,2.073619842529297
UPSIDE,base_height,STRICT_OOS,5,3537,0.3656117171049118,0.4475294530391693,0.4060031771659851,0.06971164047718048,0.6547006964683533,0.22420130670070648,0.48176419734954834,0.27282822132110596,-0.1286347657442093,0.3435114622116089,3.6987836360931396,2.2777342796325684
UPSIDE,base_height,STRICT_OOS,6,3138,0.4475294530391693,0.534305065870285,0.4884262681007385,0.08931829780340195,0.7759639620780945,0.2594009041786194,0.47195667028427124,0.3053821623325348,-0.13390474021434784,0.37412363290786743,3.9720003604888916,2.5482325553894043
UPSIDE,base_height,STRICT_OOS,7,3158,0.534305065870285,0.6421052813529968,0.5857563018798828,0.07896998524665833,0.7485218644142151,0.25870802998542786,0.48765042424201965,0.3039373457431793,-0.14727550745010376,0.38537049293518066,3.7715771198272705,2.308382511138916
UPSIDE,base_height,STRICT_OOS,8,3231,0.6421052813529968,0.7898118674755096,0.7077798843383789,0.05024518445134163,0.629033625125885,0.24388733506202698,0.5400804877281189,0.29380127787590027,-0.16790300607681274,0.38316309452056885,3.389456033706665,1.6970895528793335
UPSIDE,base_height,STRICT_OOS,9,4506,0.7898118674755096,inf,0.9485070705413818,0.015234162099659443,0.20510004460811615,0.21815356612205505,0.6591211557388306,0.26384976506233215,-0.19607341289520264,0.3035952150821686,3.4110116958618164,1.2073832750320435
PRE_TRADE_RR,rr_res,PRE_2020_2022,0,5140,-inf,0.05887162201106549,0.027597587555646896,0.026571450755000114,0.23259985446929932,0.1363813281059265,0.3998054563999176,0.1780039221048355,-0.11963214725255966,0.26225680112838745,2.0525879859924316,1.4937320947647095
PRE_TRADE_RR,rr_res,PRE_2020_2022,1,5275,0.05887162201106549,0.1354767143726349,0.09516850113868713,0.019055452197790146,0.18575498461723328,0.13516587018966675,0.4187677800655365,0.1709875762462616,-0.11790698766708374,0.2589573562145233,1.9718652963638306,1.3592101335525513
PRE_TRADE_RR,rr_res,PRE_2020_2022,2,5163,0.1354767143726349,0.2344640851020813,0.18176285922527313,0.018149379640817642,0.20011918246746063,0.1268642246723175,0.4441216289997101,0.17017126083374023,-0.1181832030415535,0.24927367269992828,2.0919268131256104,1.3499526977539062
PRE_TRADE_RR,rr_res,PRE_2020_2022,3,5451,0.2344640851020813,0.3748350560665131,0.2977282702922821,0.01832270435988903,0.20662027597427368,0.1274995356798172,0.48009538650512695,0.16807541251182556,-0.12278296053409576,0.24545954167842865,2.274388074874878,1.3464324474334717
PRE_TRADE_RR,rr_res,PRE_2020_2022,4,5694,0.3748350560665131,0.5840542018413544,0.47115975618362427,0.01970592513680458,0.21554163098335266,0.13786442577838898,0.5077274441719055,0.1756088137626648,-0.12283700704574585,0.24376536905765533,2.4294862747192383,1.3792953491210938
PRE_TRADE_RR,rr_res,PRE_2020_2022,5,6282,0.5840542018413544,0.937700092792511,0.7389426827430725,0.01937929540872574,0.2301296442747116,0.14374403655529022,0.5541228652000427,0.17692799866199493,-0.12523409724235535,0.23909582197666168,2.672409772872925,1.3748606443405151
PRE_TRADE_RR,rr_res,PRE_2020_2022,6,6326,0.937700092792511,1.6306372761726389,1.2206662893295288,0.019336091354489326,0.24905085563659668,0.1383180469274521,0.6081252098083496,0.17350344359874725,-0.12598827481269836,0.21593424677848816,3.1102304458618164,1.4086757898330688
PRE_TRADE_RR,rr_res,PRE_2020_2022,7,6957,1.6306372761726389,3.0773659229278563,2.2857131958007812,0.021604716777801514,0.25987669825553894,0.15437687933444977,0.5352882146835327,0.2067277729511261,-0.1487242728471756,0.2626132071018219,3.0313644409179688,1.3741509914398193
PRE_TRADE_RR,rr_res,PRE_2020_2022,8,6798,3.0773659229278563,5.395682048797608,4.03812313079834,0.016285857185721397,0.21514475345611572,0.15945866703987122,0.4451309144496918,0.20288637280464172,-0.1490665078163147,0.28817299008369446,2.3616762161254883,1.2542415857315063
PRE_TRADE_RR,rr_res,PRE_2020_2022,9,6471,5.395682048797608,inf,8.104886054992676,0.010259806178510189,0.2856341600418091,0.12486477941274643,0.5838356018066406,0.1666782796382904,-0.12670473754405975,0.1849791407585144,2.7692792415618896,1.2334024906158447
PRE_TRADE_RR,rr_res,DISCOVERY,0,5465,-inf,0.05887162201106549,0.02747252956032753,0.020636850968003273,0.2577938139438629,0.1147300973534584,0.33961573243141174,0.15832993388175964,-0.0993596538901329,0.24153704941272736,1.8898062705993652,1.4342334270477295
PRE_TRADE_RR,rr_res,DISCOVERY,1,5464,0.05887162201106549,0.1354767143726349,0.09376512467861176,0.020032895728945732,0.23065216839313507,0.11749634146690369,0.36182284355163574,0.15907058119773865,-0.09854301065206528,0.24084919691085815,1.949189305305481,1.4265223741531372
PRE_TRADE_RR,rr_res,DISCOVERY,2,5464,0.1354767143726349,0.2344640851020813,0.18178659677505493,0.01999395713210106,0.26182517409324646,0.1215226948261261,0.39714494347572327,0.1611383557319641,-0.09964358061552048,0.2424963414669037,2.0724847316741943,1.4290788173675537
PRE_TRADE_RR,rr_res,DISCOVERY,3,5465,0.2344640851020813,0.3748350560665131,0.2979028522968292,0.02162175066769123,0.2868761420249939,0.12021958082914352,0.4234217703342438,0.16435444355010986,-0.09960629045963287,0.23440073430538177,2.182891368865967,1.4697424173355103
PRE_TRADE_RR,rr_res,DISCOVERY,4,5464,0.3748350560665131,0.5840542018413544,0.46661677956581116,0.017791742458939552,0.2698395848274231,0.11877745389938354,0.4593704342842102,0.16020745038986206,-0.1009746715426445,0.23206442594528198,2.273836135864258,1.3900507688522339
PRE_TRADE_RR,rr_res,DISCOVERY,5,5464,0.5840542018413544,0.937700092792511,0.7350779175758362,0.015753764659166336,0.23964723944664001,0.11969253420829773,0.522877037525177,0.16012877225875854,-0.1030988022685051,0.21852122247219086,2.5209028720855713,1.3591572046279907
PRE_TRADE_RR,rr_res,DISCOVERY,6,5465,0.937700092792511,1.6306372761726389,1.2121334075927734,0.014883502386510372,0.27320584654808044,0.12278133630752563,0.5882891416549683,0.15992265939712524,-0.10370495170354843,0.20439158380031586,2.9199767112731934,1.3639622926712036
PRE_TRADE_RR,rr_res,DISCOVERY,7,5464,1.6306372761726389,3.0773659229278563,2.2763242721557617,0.016404639929533005,0.25195956230163574,0.13927525281906128,0.5466691255569458,0.18155597150325775,-0.11815131455659866,0.24286237359046936,2.956247091293335,1.3431763648986816
PRE_TRADE_RR,rr_res,DISCOVERY,8,5464,3.0773659229278563,5.395682048797608,4.06121826171875,0.029048031195998192,0.24711698293685913,0.16874085366725922,0.4081259071826935,0.20501910150051117,-0.12237061560153961,0.30966323614120483,2.6715776920318604,1.5502415895462036
PRE_TRADE_RR,rr_res,DISCOVERY,9,5465,5.395682048797608,inf,8.075014114379883,0.026623742654919624,0.34591618180274963,0.14053064584732056,0.5099725723266602,0.17050108313560486,-0.09823618829250336,0.22415371239185333,3.057668447494507,1.7718569040298462
PRE_TRADE_RR,rr_res,STRICT_OOS,0,4242,-inf,0.05887162201106549,0.026790831238031387,0.05199999734759331,0.407779723405838,0.19519095122814178,0.39839696884155273,0.2424612194299698,-0.13268545269966125,0.33451202511787415,2.6761553287506104,1.81161630153656
PRE_TRADE_RR,rr_res,STRICT_OOS,1,3909,0.05887162201106549,0.1354767143726349,0.09389853477478027,0.04946456104516983,0.43238091468811035,0.19595804810523987,0.4141724109649658,0.2353682965040207,-0.1271248757839203,0.32003068923950195,2.786360740661621,1.8276636600494385
PRE_TRADE_RR,rr_res,STRICT_OOS,2,3528,0.1354767143726349,0.2344640851020813,0.18102067708969116,0.052557654678821564,0.5079198479652405,0.190476194024086,0.45493197441101074,0.24121542274951935,-0.1275784969329834,0.3123582899570465,2.952592372894287,1.927348256111145
PRE_TRADE_RR,rr_res,STRICT_OOS,3,3502,0.2344640851020813,0.3748350560665131,0.2986343204975128,0.044998638331890106,0.3994755446910858,0.19274699687957764,0.49257567524909973,0.23096010088920593,-0.1287311315536499,0.30553969740867615,3.0493712425231934,1.7827093601226807
PRE_TRADE_RR,rr_res,STRICT_OOS,4,3222,0.3748350560665131,0.5840542018413544,0.46659767627716064,0.03711515665054321,0.41221901774406433,0.1868404746055603,0.5387957692146301,0.22412773966789246,-0.13287276029586792,0.2957790195941925,3.0381648540496826,1.6725988388061523
PRE_TRADE_RR,rr_res,STRICT_OOS,5,3185,0.5840542018413544,0.937700092792511,0.729105532169342,0.04772248864173889,0.5533933043479919,0.19686028361320496,0.5821036100387573,0.23697446286678314,-0.12950202822685242,0.2828885316848755,3.846961498260498,1.9352811574935913
PRE_TRADE_RR,rr_res,STRICT_OOS,6,3162,0.937700092792511,1.6306372761726389,1.2161375284194946,0.030754994601011276,0.530555009841919,0.18184693157672882,0.6432637572288513,0.22049342095851898,-0.13285842537879944,0.2602783143520355,3.9166996479034424,1.634445309638977
PRE_TRADE_RR,rr_res,STRICT_OOS,7,3757,1.6306372761726389,3.0773659229278563,2.317145347595215,0.029384097084403038,0.3616454303264618,0.1996273696422577,0.531008780002594,0.25751495361328125,-0.16156725585460663,0.3146127164363861,3.395855188369751,1.4294958114624023
PRE_TRADE_RR,rr_res,STRICT_OOS,8,3397,3.0773659229278563,5.395682048797608,3.927217483520508,0.07121884822845459,0.5259093046188354,0.2584633529186249,0.4530467987060547,0.2934878170490265,-0.14876659214496613,0.40094199776649475,3.3357300758361816,2.1516671180725098
PRE_TRADE_RR,rr_res,STRICT_OOS,9,2738,5.395682048797608,inf,8.430641174316406,0.048840563744306564,0.7124653458595276,0.206720232963562,0.6168736219406128,0.23770959675312042,-0.1269989162683487,0.23886048793792725,5.279234886169434,2.45177960395813
PRE_TRADE_RR,rr_h250,PRE_2020_2022,0,5327,-inf,0.23057059347629547,0.13017404079437256,0.021070916205644608,0.0914367288351059,0.151680126786232,0.21437957882881165,0.20784708857536316,-0.14483116567134857,0.3350854218006134,1.550039529800415,1.2903666496276855
PRE_TRADE_RR,rr_h250,PRE_2020_2022,1,5794,0.23057059347629547,0.46675987243652345,0.34164437651634216,0.01974005438387394,0.12771253287792206,0.14946496486663818,0.2885743975639343,0.19836340844631195,-0.14019010961055756,0.3263721168041229,1.5979238748550415,1.2827142477035522
PRE_TRADE_RR,rr_h250,PRE_2020_2022,2,6220,0.46675987243652345,0.7842598319053651,0.6139873266220093,0.028421202674508095,0.18914014101028442,0.16575562953948975,0.35321542620658875,0.20447097718715668,-0.13367560505867004,0.3155948519706726,1.8754633665084839,1.4348039627075195
PRE_TRADE_RR,rr_h250,PRE_2020_2022,3,6310,0.7842598319053651,1.230352258682251,0.9925811886787415,0.024493969976902008,0.19180770218372345,0.15023772418498993,0.413153737783432,0.19200092554092407,-0.1279211789369583,0.2919175922870636,1.9828003644943237,1.4060052633285522
PRE_TRADE_RR,rr_h250,PRE_2020_2022,4,6281,1.230352258682251,1.839749038219452,1.511335015296936,0.024968167766928673,0.20704436302185059,0.1413787603378296,0.4682375490665436,0.18289320170879364,-0.12418872117996216,0.26349306106567383,2.2836363315582275,1.4516552686691284
PRE_TRADE_RR,rr_h250,PRE_2020_2022,5,6163,1.839749038219452,2.6742092132568365,2.2228405475616455,0.015949901193380356,0.15055614709854126,0.1309427171945572,0.5192276239395142,0.17534597218036652,-0.12983271479606628,0.239818274974823,2.3292315006256104,1.2869752645492554
PRE_TRADE_RR,rr_h250,PRE_2020_2022,6,6191,2.6742092132568365,3.9055864810943675,3.2225840091705322,0.018343308940529823,0.2545603811740875,0.13406558334827423,0.5567759871482849,0.16802144050598145,-0.1235833689570427,0.21983525156974792,2.6282472610473633,1.3755615949630737
PRE_TRADE_RR,rr_h250,PRE_2020_2022,7,5970,3.9055864810943675,5.970362186431886,4.793562889099121,0.014483673498034477,0.26067882776260376,0.11943048238754272,0.6482412219047546,0.15737946331501007,-0.12230678647756577,0.18827471137046814,3.1788926124572754,1.3386006355285645
PRE_TRADE_RR,rr_h250,PRE_2020_2022,8,5538,5.970362186431886,10.333020782470728,7.574541091918945,0.007541130296885967,0.2890491485595703,0.1162874698638916,0.7284218072891235,0.15137578547000885,-0.12180434912443161,0.1531238704919815,3.9091007709503174,1.2136157751083374
PRE_TRADE_RR,rr_h250,PRE_2020_2022,9,5763,10.333020782470728,inf,16.437835693359375,0.010320404544472694,0.5426201224327087,0.13152872025966644,0.8348082304000854,0.1612488031387329,-0.12059534341096878,0.10949158668518066,7.7950334548950195,1.4483363628387451
PRE_TRADE_RR,rr_h250,DISCOVERY,0,5465,-inf,0.23057059347629547,0.1307673454284668,0.04989057406783104,0.3060421645641327,0.1804208606481552,0.1269899308681488,0.20692843198776245,-0.10906194895505905,0.35333943367004395,1.6809914112091064,1.921604037284851
PRE_TRADE_RR,rr_h250,DISCOVERY,1,5464,0.23057059347629547,0.46675987243652345,0.34061741828918457,0.03129603713750839,0.24656736850738525,0.15208637714385986,0.2137628048658371,0.1918124258518219,-0.11004508286714554,0.32174232602119446,1.6559265851974487,1.543501615524292
PRE_TRADE_RR,rr_h250,DISCOVERY,2,5464,0.46675987243652345,0.7842598319053651,0.6112544536590576,0.025890512391924858,0.2667382061481476,0.1453147828578949,0.28294289112091064,0.1838291585445404,-0.11065275967121124,0.3056368827819824,1.7207372188568115,1.4497138261795044
PRE_TRADE_RR,rr_h250,DISCOVERY,3,5465,0.7842598319053651,1.230352258682251,0.99395352602005,0.020541081205010414,0.2598876953125,0.13613906502723694,0.3661482036113739,0.1737615019083023,-0.10789413750171661,0.2774016559123993,1.87623131275177,1.3809491395950317
PRE_TRADE_RR,rr_h250,DISCOVERY,4,5464,1.230352258682251,1.839749038219452,1.5080609321594238,0.019145388156175613,0.2785881459712982,0.1270131766796112,0.4066617786884308,0.16373606026172638,-0.10292629897594452,0.2479868233203888,1.9576969146728516,1.3892542123794556
PRE_TRADE_RR,rr_h250,DISCOVERY,5,5464,1.839749038219452,2.6742092132568365,2.217968463897705,0.016355013474822044,0.27549949288368225,0.11896046996116638,0.46303075551986694,0.16294880211353302,-0.10255568474531174,0.23096632957458496,2.177434206008911,1.3498413562774658
PRE_TRADE_RR,rr_h250,DISCOVERY,6,5465,2.6742092132568365,3.9055864810943675,3.227083206176758,0.014159353449940681,0.2654344141483307,0.11564501374959946,0.5246111750602722,0.15770088136196136,-0.10104747861623764,0.21628545224666595,2.376624345779419,1.3237323760986328
PRE_TRADE_RR,rr_h250,DISCOVERY,7,5464,3.9055864810943675,5.970362186431886,4.782522201538086,0.01339044515043497,0.2900474965572357,0.10706441849470139,0.6226207613945007,0.1512969434261322,-0.0994211956858635,0.17935578525066376,3.073667049407959,1.3552665710449219
PRE_TRADE_RR,rr_h250,DISCOVERY,8,5464,5.970362186431886,10.333020782470728,7.660730361938477,0.007859475910663605,0.25860360264778137,0.10248901695013046,0.7181552052497864,0.14245076477527618,-0.09912233054637909,0.15098828077316284,3.827118158340454,1.2533904314041138
PRE_TRADE_RR,rr_h250,DISCOVERY,9,5465,10.333020782470728,inf,15.766757011413574,0.004262070637196302,0.21744513511657715,0.09862762689590454,0.8323879241943359,0.14575763046741486,-0.10095882415771484,0.10722780972719193,6.614864826202393,1.2030928134918213
PRE_TRADE_RR,rr_h250,STRICT_OOS,0,3025,-inf,0.23057059347629547,0.12795670330524445,0.08152784407138824,0.36399444937705994,0.2611570358276367,0.1623140424489975,0.30369260907173157,-0.1476648896932602,0.4816528856754303,1.927315592765808,2.0604612827301025
PRE_TRADE_RR,rr_h250,STRICT_OOS,1,3042,0.23057059347629547,0.46675987243652345,0.3372430205345154,0.07591946423053741,0.3900587856769562,0.24852071702480316,0.252136766910553,0.29163166880607605,-0.14955268800258636,0.433925062417984,2.0827882289886475,1.9708532094955444
PRE_TRADE_RR,rr_h250,STRICT_OOS,2,3095,0.46675987243652345,0.7842598319053651,0.611092209815979,0.06122961267828941,0.3953559696674347,0.21970920264720917,0.32827141880989075,0.2753349840641022,-0.14681917428970337,0.4016155004501343,2.2400338649749756,1.8079993724822998
PRE_TRADE_RR,rr_h250,STRICT_OOS,3,3230,0.7842598319053651,1.230352258682251,0.9951373338699341,0.05024237930774689,0.390520840883255,0.20712074637413025,0.40402477979660034,0.252527117729187,-0.1438784897327423,0.36160990595817566,2.323301076889038,1.6982758045196533
PRE_TRADE_RR,rr_h250,STRICT_OOS,4,3270,1.230352258682251,1.839749038219452,1.5004730224609375,0.05178023874759674,0.470156192779541,0.19785933196544647,0.4571865499019623,0.2430858165025711,-0.14011146128177643,0.3333333432674408,2.6854407787323,1.8040231466293335
PRE_TRADE_RR,rr_h250,STRICT_OOS,5,3492,1.839749038219452,2.6742092132568365,2.220794677734375,0.039049774408340454,0.4243457019329071,0.19243986904621124,0.4911225736141205,0.23795223236083984,-0.14014911651611328,0.3112829327583313,2.805060386657715,1.611202359199524
PRE_TRADE_RR,rr_h250,STRICT_OOS,6,3621,2.6742092132568365,3.9055864810943675,3.2148900032043457,0.04139767959713936,0.495902955532074,0.19359293580055237,0.5443247556686401,0.23011231422424316,-0.13422799110412598,0.28555646538734436,3.3078739643096924,1.7610262632369995
PRE_TRADE_RR,rr_h250,STRICT_OOS,7,3649,3.9055864810943675,5.970362186431886,4.790738582611084,0.03710877150297165,0.5475665926933289,0.18854480981826782,0.6259248852729797,0.21972087025642395,-0.12196515500545502,0.2510276734828949,4.061628818511963,1.8478143215179443
PRE_TRADE_RR,rr_h250,STRICT_OOS,8,3726,5.970362186431886,10.333020782470728,7.634072780609131,0.030076049268245697,0.5689540505409241,0.1693505048751831,0.7082662582397461,0.2059255689382553,-0.11929237842559814,0.2198067605495453,5.186987400054932,1.8434654474258423
PRE_TRADE_RR,rr_h250,STRICT_OOS,9,4492,10.333020782470728,inf,17.079429626464844,0.017679257318377495,0.6165708303451538,0.15694567561149597,0.8466162085533142,0.1994846612215042,-0.11967241019010544,0.12978628277778625,10.694578170776367,1.803301215171814
PRE_TRADE_RR,rr_base,PRE_2020_2022,0,6355,-inf,1.1374192118644715,0.7955161333084106,0.01894579827785492,0.10315297544002533,0.12604248523712158,0.26451611518859863,0.1732100397348404,-0.12519484758377075,0.27332809567451477,1.602535367012024,1.3088746070861816
PRE_TRADE_RR,rr_base,PRE_2020_2022,1,5452,1.1374192118644715,1.6344966173171998,1.3868424892425537,0.02437053620815277,0.13590483367443085,0.1465517282485962,0.29016873240470886,0.19340191781520844,-0.13388320803642273,0.3050256669521332,1.754779577255249,1.3871115446090698
PRE_TRADE_RR,rr_base,PRE_2020_2022,2,5798,1.6344966173171998,2.1903121709823608,1.8980867862701416,0.029735498130321503,0.18869121372699738,0.16177992522716522,0.314418762922287,0.20459268987178802,-0.13546128571033478,0.31873059272766113,1.8298475742340088,1.4629693031311035
PRE_TRADE_RR,rr_base,PRE_2020_2022,3,6159,2.1903121709823608,2.8608144760131835,2.513045072555542,0.026873555034399033,0.1891859769821167,0.1514856368303299,0.3807436227798462,0.1971876472234726,-0.13193388283252716,0.30183470249176025,1.9668447971343994,1.4339966773986816
PRE_TRADE_RR,rr_base,PRE_2020_2022,4,6149,2.8608144760131835,3.706690549850464,3.26208758354187,0.024111835286021233,0.21056883037090302,0.1437632143497467,0.43763214349746704,0.1859123855829239,-0.12640468776226044,0.2842738628387451,2.0493640899658203,1.4139373302459717
PRE_TRADE_RR,rr_base,PRE_2020_2022,5,6275,3.706690549850464,4.882763576507569,4.242122650146484,0.019824715331196785,0.23090004920959473,0.1368924230337143,0.5015139579772949,0.1771973818540573,-0.12655825912952423,0.2535458207130432,2.2495880126953125,1.3569947481155396
PRE_TRADE_RR,rr_base,PRE_2020_2022,6,6095,4.882763576507569,6.63693461418152,5.64211368560791,0.016436133533716202,0.2639647126197815,0.13798195123672485,0.5811320543289185,0.17321345210075378,-0.12746663391590118,0.22854799032211304,2.5807383060455322,1.3127269744873047
PRE_TRADE_RR,rr_base,PRE_2020_2022,7,5873,6.63693461418152,9.616652297973635,7.881734371185303,0.009397094137966633,0.19994573295116425,0.1225949227809906,0.6766558885574341,0.1617897003889084,-0.12865577638149261,0.19274646043777466,3.1288158893585205,1.197893738746643
PRE_TRADE_RR,rr_base,PRE_2020_2022,8,5780,9.616652297973635,16.206566047668456,12.008687019348145,0.006395353004336357,0.21810922026634216,0.12422145158052444,0.7536332011222839,0.15977908670902252,-0.12682531774044037,0.16435986757278442,4.092331409454346,1.1640410423278809
PRE_TRADE_RR,rr_base,PRE_2020_2022,9,5621,16.206566047668456,inf,25.28239631652832,0.010347687639296055,0.5797938704490662,0.14232343435287476,0.8503825068473816,0.17367245256900787,-0.1257658451795578,0.11688311398029327,8.729768753051758,1.4275548458099365
PRE_TRADE_RR,rr_base,DISCOVERY,0,5465,-inf,1.1374192118644715,0.8413753509521484,0.030696071684360504,0.23888573050498962,0.13302835822105408,0.1926807016134262,0.1689160019159317,-0.09763312339782715,0.2748398780822754,1.6845197677612305,1.626955270767212
PRE_TRADE_RR,rr_base,DISCOVERY,1,5464,1.1374192118644715,1.6344966173171998,1.3873238563537598,0.02729438804090023,0.19207614660263062,0.1334187388420105,0.22730600833892822,0.17597393691539764,-0.10585609823465347,0.2812957465648651,1.7118960618972778,1.5057854652404785
PRE_TRADE_RR,rr_base,DISCOVERY,2,5464,1.6344966173171998,2.1903121709823608,1.9043608903884888,0.02814335562288761,0.209393709897995,0.1354319155216217,0.26061493158340454,0.17844688892364502,-0.1056518480181694,0.2917276620864868,1.8386949300765991,1.5371885299682617
PRE_TRADE_RR,rr_base,DISCOVERY,3,5465,2.1903121709823608,2.8608144760131835,2.5050270557403564,0.018936162814497948,0.20338504016399384,0.12790484726428986,0.321134477853775,0.1695050448179245,-0.10748886317014694,0.2704482972621918,1.7800625562667847,1.3429043292999268
PRE_TRADE_RR,rr_base,DISCOVERY,4,5464,2.8608144760131835,3.706690549850464,3.2506840229034424,0.017717938870191574,0.19744618237018585,0.12481698393821716,0.38964128494262695,0.16611197590827942,-0.10631155967712402,0.2595168352127075,1.8889678716659546,1.339890480041504
PRE_TRADE_RR,rr_base,DISCOVERY,5,5464,3.706690549850464,4.882763576507569,4.240705490112305,0.023336799815297127,0.30854642391204834,0.1304904818534851,0.44912153482437134,0.17281030118465424,-0.10404389351606369,0.25969985127449036,2.139066219329834,1.4839524030685425
PRE_TRADE_RR,rr_base,DISCOVERY,6,5465,4.882763576507569,6.63693461418152,5.664712429046631,0.018144799396395683,0.2906869947910309,0.1269899308681488,0.5337603092193604,0.167089581489563,-0.10372036695480347,0.23641353845596313,2.4156363010406494,1.3965071439743042
PRE_TRADE_RR,rr_base,DISCOVERY,7,5464,6.63693461418152,9.616652297973635,7.908015251159668,0.01623833179473877,0.32569676637649536,0.12609809637069702,0.6176793575286865,0.159181609749794,-0.10258076339960098,0.21010248363018036,2.948617458343506,1.4057732820510864
PRE_TRADE_RR,rr_base,DISCOVERY,8,5464,9.616652297973635,16.206566047668456,12.111328125,0.01436897087842226,0.3493351340293884,0.12170571088790894,0.7212664484977722,0.15992355346679688,-0.10238157212734222,0.18374817073345184,4.2144269943237305,1.428216814994812
PRE_TRADE_RR,rr_base,DISCOVERY,9,5465,16.206566047668456,inf,24.7115478515625,0.007915536873042583,0.3493955135345459,0.12387923151254654,0.8440988063812256,0.16226674616336823,-0.10801804065704346,0.12314730137586594,7.815975189208984,1.3541202545166016
PRE_TRADE_RR,rr_base,STRICT_OOS,0,4333,-inf,1.1374192118644715,0.8091294169425964,0.03556010499596596,0.17512933909893036,0.17332102358341217,0.24024924635887146,0.2223551720380783,-0.13425055146217346,0.34318023920059204,1.9024540185928345,1.5101467370986938
PRE_TRADE_RR,rr_base,STRICT_OOS,1,3816,1.1374192118644715,1.6344966173171998,1.3816747665405273,0.054048698395490646,0.2832295298576355,0.1947064995765686,0.27515724301338196,0.2498471587896347,-0.1368025243282318,0.3666142523288727,2.2101669311523438,1.7746095657348633
PRE_TRADE_RR,rr_base,STRICT_OOS,2,3686,1.6344966173171998,2.1903121709823608,1.8971375226974487,0.05807579308748245,0.34100621938705444,0.20835594832897186,0.33586543798446655,0.2604616582393646,-0.13911223411560059,0.3792729377746582,2.265773057937622,1.82505202293396
PRE_TRADE_RR,rr_base,STRICT_OOS,3,3523,2.1903121709823608,2.8608144760131835,2.5050086975097656,0.0735567957162857,0.4837847054004669,0.22111836075782776,0.37922224402427673,0.26693758368492126,-0.13009333610534668,0.3831961452960968,2.5366358757019043,2.196715831756592
PRE_TRADE_RR,rr_base,STRICT_OOS,4,3227,2.8608144760131835,3.706690549850464,3.254265546798706,0.06039192155003548,0.4765840470790863,0.21629996597766876,0.4800123870372772,0.2575441300868988,-0.13839048147201538,0.35698792338371277,2.8142282962799072,1.9206595420837402
PRE_TRADE_RR,rr_base,STRICT_OOS,5,3113,3.706690549850464,4.882763576507569,4.24614143371582,0.04758429527282715,0.46753227710723877,0.2052682340145111,0.5525217056274414,0.24042025208473206,-0.13530558347702026,0.3228397071361542,3.154428243637085,1.7925416231155396
PRE_TRADE_RR,rr_base,STRICT_OOS,6,3231,4.882763576507569,6.63693461418152,5.6724534034729,0.04173965007066727,0.5788396596908569,0.21046115458011627,0.6276694536209106,0.23702552914619446,-0.13635706901550293,0.2869080901145935,3.8343896865844727,1.7714532613754272
PRE_TRADE_RR,rr_base,STRICT_OOS,7,3128,6.63693461418152,9.616652297973635,7.906160354614258,0.03759912773966789,0.6480241417884827,0.20204603672027588,0.6815856695175171,0.2333800196647644,-0.13050146400928497,0.26214835047721863,4.454643249511719,1.8135186433792114
PRE_TRADE_RR,rr_base,STRICT_OOS,8,3209,9.616652297973635,16.206566047668456,12.112905502319336,0.036833520978689194,0.6930838227272034,0.19881583750247955,0.7531941533088684,0.2316357046365738,-0.13121607899665833,0.23184792697429657,6.510648250579834,1.985761046409607
PRE_TRADE_RR,rr_base,STRICT_OOS,9,3376,16.206566047668456,inf,25.475496292114258,0.019136834889650345,0.758142352104187,0.18098340928554535,0.8812204003334045,0.2256430685520172,-0.1389189064502716,0.12885071337223053,14.008793830871582,1.8356026411056519
OVERHEAD,res_n5,PRE_2020_2022,0,46353,-inf,1.0,0.0,0.01823110692203045,0.3808857202529907,0.14693762362003326,0.5033546686172485,0.18904857337474823,-0.13621553778648376,0.25681185722351074,2.5124707221984863,1.3221701383590698
OVERHEAD,res_n5,PRE_2020_2022,1,6987,1.0,2.0,2.0,0.018375778570771217,0.2873539924621582,0.12136825174093246,0.5186775326728821,0.1548832207918167,-0.11223988980054855,0.2151137888431549,2.4584457874298096,1.427789568901062
OVERHEAD,res_n5,PRE_2020_2022,2,3371,2.0,3.0,3.0,0.022558163851499557,0.31493550539016724,0.11806585639715195,0.5221002697944641,0.15454185009002686,-0.10467316210269928,0.20409373939037323,2.7456700801849365,1.5693200826644897
OVERHEAD,res_n5,PRE_2020_2022,3,3208,3.0,inf,4.0,0.021643223240971565,0.36180728673934937,0.08977556228637695,0.4837905168533325,0.1274275779724121,-0.08172709494829178,0.1546134650707245,2.508727788925171,1.7070913314819336
OVERHEAD,res_n5,DISCOVERY,0,39433,-inf,1.0,0.0,0.020873257890343666,0.2456921637058258,0.13983212411403656,0.44997844099998474,0.17885875701904297,-0.11106283217668533,0.26054319739341736,2.4059605598449707,1.4314312934875488
OVERHEAD,res_n5,DISCOVERY,1,7573,1.0,2.0,2.0,0.01689271815121174,0.25529298186302185,0.1024692952632904,0.4860689342021942,0.14681516587734222,-0.09356474876403809,0.1941106617450714,2.4771366119384766,1.4253714084625244
OVERHEAD,res_n5,DISCOVERY,2,3816,2.0,3.0,3.0,0.0174526609480381,0.3283308446407318,0.10062892735004425,0.4868972599506378,0.14030146598815918,-0.08871643245220184,0.17662474513053894,2.4766175746917725,1.4595643281936646
OVERHEAD,res_n5,DISCOVERY,3,3998,3.0,inf,5.0,0.022670114412903786,0.4331704080104828,0.09029515087604523,0.44797399640083313,0.12688907980918884,-0.07325441390275955,0.16233116388320923,2.4827075004577637,1.7554925680160522
OVERHEAD,res_n5,STRICT_OOS,0,24410,-inf,1.0,0.0,0.050203368067741394,0.4969741404056549,0.21630479395389557,0.49959033727645874,0.25853240489959717,-0.1445160210132599,0.332404762506485,3.2694547176361084,1.8325752019882202
OVERHEAD,res_n5,STRICT_OOS,1,4880,1.0,2.0,2.0,0.035992857068777084,0.43478474020957947,0.1702868789434433,0.5295081734657288,0.21584618091583252,-0.12049077451229095,0.26844263076782227,3.2773196697235107,1.7107505798339844
OVERHEAD,res_n5,STRICT_OOS,2,2547,2.0,3.0,3.0,0.03785376250743866,0.38345053791999817,0.15744012594223022,0.5453474521636963,0.20611445605754852,-0.11425334215164185,0.23674911260604858,3.5923097133636475,1.802509069442749
OVERHEAD,res_n5,STRICT_OOS,3,3003,3.0,inf,5.0,0.03862694278359413,0.44639256596565247,0.15218114852905273,0.5054945349693298,0.1823577582836151,-0.09841804951429367,0.23043623566627502,3.392115831375122,1.9776912927627563
OVERHEAD,res_n10,PRE_2020_2022,0,36359,-inf,1.0,0.0,0.018796702846884727,0.27522751688957214,0.15228691697120667,0.48593196272850037,0.19734062254428864,-0.14093299210071564,0.2688467800617218,2.4486711025238037,1.3142719268798828
OVERHEAD,res_n10,PRE_2020_2022,1,8760,1.0,2.0,2.0,0.017358308658003807,0.781253457069397,0.13333334028720856,0.553196370601654,0.16404123604297638,-0.1219831332564354,0.22203196585178375,2.6714553833007812,1.369870662689209
OVERHEAD,res_n10,PRE_2020_2022,2,5343,2.0,3.0,3.0,0.01424521766602993,0.26191437244415283,0.12221598625183105,0.5416432619094849,0.15435725450515747,-0.11504979431629181,0.2129889577627182,2.594801664352417,1.322696328163147
OVERHEAD,res_n10,PRE_2020_2022,3,3405,3.0,4.0,4.0,0.021110670641064644,0.33648908138275146,0.1189427301287651,0.5365638732910156,0.15357720851898193,-0.11056086421012878,0.21615271270275116,2.7335779666900635,1.5243512392044067
OVERHEAD,res_n10,PRE_2020_2022,4,2182,4.0,5.0,5.0,0.023424234241247177,0.49925169348716736,0.11961503326892853,0.5265811085700989,0.14921081066131592,-0.10034487396478653,0.19202566146850586,2.7621912956237793,1.633944034576416
OVERHEAD,res_n10,PRE_2020_2022,5,3870,5.0,inf,7.0,0.021793130785226822,0.36174800992012024,0.08294573426246643,0.486821711063385,0.12649565935134888,-0.0802001953125,0.1493540108203888,2.5283396244049072,1.7295690774917603
OVERHEAD,res_n10,DISCOVERY,0,29315,-inf,1.0,0.0,0.022070199251174927,0.24056370556354523,0.14852464199066162,0.43114447593688965,0.186310276389122,-0.11573290824890137,0.27535390853881836,2.3555312156677246,1.4325991868972778
OVERHEAD,res_n10,DISCOVERY,1,8342,1.0,2.0,2.0,0.0218192171305418,0.2925901710987091,0.12766723334789276,0.47206905484199524,0.1653592437505722,-0.09906570613384247,0.23447614908218384,2.4873154163360596,1.5121420621871948
OVERHEAD,res_n10,DISCOVERY,2,5849,2.0,3.0,3.0,0.01525103859603405,0.24623766541481018,0.0989912822842598,0.5007693767547607,0.14857633411884308,-0.09383206069469452,0.1962728649377823,2.510382890701294,1.3905812501907349
OVERHEAD,res_n10,DISCOVERY,3,3872,3.0,4.0,4.0,0.013347361236810684,0.24681422114372253,0.09065082669258118,0.5056818127632141,0.13696064054965973,-0.09184305369853973,0.17536157369613647,2.465682029724121,1.3440229892730713
OVERHEAD,res_n10,DISCOVERY,4,2673,4.0,5.0,5.0,0.011257529258728027,0.18537037074565887,0.09315375983715057,0.5061728358268738,0.13130374252796173,-0.08924955129623413,0.16460905969142914,2.43418025970459,1.2987879514694214
OVERHEAD,res_n10,DISCOVERY,5,4769,5.0,inf,7.0,0.02270469255745411,0.4659515619277954,0.09163346886634827,0.4732648432254791,0.12917588651180267,-0.0749422237277031,0.1618787944316864,2.594916820526123,1.7564046382904053
OVERHEAD,res_n10,STRICT_OOS,0,17586,-inf,1.0,0.0,0.05187546834349632,0.48885899782180786,0.22927328944206238,0.4807232916355133,0.26864397525787354,-0.15215162932872772,0.3536904454231262,3.1004364490509033,1.8080064058303833
OVERHEAD,res_n10,STRICT_OOS,1,4996,1.0,2.0,2.0,0.048445653170347214,0.5282159447669983,0.19335468113422394,0.5350280404090881,0.24239088594913483,-0.129577174782753,0.29943954944610596,3.628617286682129,1.9017585515975952
OVERHEAD,res_n10,STRICT_OOS,2,3765,2.0,3.0,3.0,0.044921305030584335,0.489474892616272,0.17768923938274384,0.5383797883987427,0.2300499975681305,-0.12278810888528824,0.2762284278869629,3.6930623054504395,1.9015406370162964
OVERHEAD,res_n10,STRICT_OOS,3,2690,3.0,4.0,4.0,0.03799876198172569,0.4533766806125641,0.17397768795490265,0.5449814200401306,0.21570758521556854,-0.11856900155544281,0.2516728639602661,3.613621234893799,1.7927418947219849
OVERHEAD,res_n10,STRICT_OOS,4,1912,4.0,5.0,5.0,0.03250033035874367,0.3679668605327606,0.1605648547410965,0.5339958071708679,0.1992827206850052,-0.11538238078355789,0.23744769394397736,3.2127280235290527,1.674094557762146
OVERHEAD,res_n10,STRICT_OOS,5,3891,5.0,inf,7.0,0.03230973705649376,0.40298229455947876,0.13544076681137085,0.5255718231201172,0.1732001155614853,-0.09694641828536987,0.21382677555084229,3.3432085514068604,1.8291271924972534
OVERHEAD,res_n15,PRE_2020_2022,0,30489,-inf,1.0,0.0,0.020039983093738556,0.2920183837413788,0.1557282954454422,0.4635114371776581,0.20277740061283112,-0.14309793710708618,0.2806257903575897,2.3633341789245605,1.323322057723999
OVERHEAD,res_n15,PRE_2020_2022,1,9098,1.0,2.0,2.0,0.017749428749084473,0.323133260011673,0.1410199999809265,0.5582545399665833,0.17249001562595367,-0.1266176998615265,0.22884149849414825,2.734463930130005,1.3586839437484741
OVERHEAD,res_n15,PRE_2020_2022,2,6095,2.0,3.0,3.0,0.013482971116900444,0.21142305433750153,0.12387202680110931,0.560787558555603,0.15990744531154633,-0.12076713144779205,0.21148481965065002,2.658498525619507,1.2939019203186035
OVERHEAD,res_n15,PRE_2020_2022,3,4178,3.0,4.0,4.0,0.014151105657219887,0.2565256357192993,0.12111058086156845,0.5689325332641602,0.15185296535491943,-0.11790589988231659,0.20512206852436066,2.7195887565612793,1.325424313545227
OVERHEAD,res_n15,PRE_2020_2022,4,2879,4.0,5.0,5.0,0.01699916273355484,1.6369290351867676,0.11740187555551529,0.5613059997558594,0.15316495299339294,-0.11464592069387436,0.21083709597587585,2.8374881744384766,1.4106285572052002
OVERHEAD,res_n15,PRE_2020_2022,5,3579,5.0,7.0,6.0,0.021314550191164017,0.4105893075466156,0.11623358726501465,0.5171835422515869,0.14716823399066925,-0.10411029309034348,0.18971779942512512,2.61647891998291,1.5715256929397583
OVERHEAD,res_n15,PRE_2020_2022,6,3601,7.0,inf,9.0,0.0221945121884346,0.416395902633667,0.08303248882293701,0.498472660779953,0.12394826859235764,-0.07414858788251877,0.14468203485012054,2.666398048400879,1.7912153005599976
OVERHEAD,res_n15,DISCOVERY,0,23943,-inf,1.0,0.0,0.024192968383431435,0.25245845317840576,0.1557866632938385,0.4063818156719208,0.19175277650356293,-0.11736176162958145,0.2888944447040558,2.274761438369751,1.4598842859268188
OVERHEAD,res_n15,DISCOVERY,1,8147,1.0,2.0,2.0,0.021183252334594727,0.29540979862213135,0.12986375391483307,0.4787038266658783,0.17214137315750122,-0.10512224584817886,0.2424205243587494,2.5065364837646484,1.4787781238555908
OVERHEAD,res_n15,DISCOVERY,2,5887,2.0,3.0,3.0,0.017926745116710663,0.27464282512664795,0.11465942114591599,0.5014438629150391,0.15799647569656372,-0.09775994718074799,0.21589943766593933,2.6258654594421387,1.4304111003875732
OVERHEAD,res_n15,DISCOVERY,3,4498,3.0,4.0,4.0,0.013150744140148163,0.2258974015712738,0.09959982335567474,0.5022231936454773,0.14598797261714935,-0.09473597258329391,0.1945309042930603,2.4114487171173096,1.3262137174606323
OVERHEAD,res_n15,DISCOVERY,4,3391,4.0,5.0,5.0,0.011869494803249836,0.17641575634479523,0.09023886919021606,0.5054556131362915,0.13900473713874817,-0.09297092258930206,0.17575936019420624,2.435299873352051,1.3132710456848145
OVERHEAD,res_n15,DISCOVERY,5,4514,5.0,7.0,6.0,0.014468478970229626,0.22159837186336517,0.09570226073265076,0.5159503817558289,0.13522927463054657,-0.0891658216714859,0.1699158102273941,2.567596673965454,1.3921339511871338
OVERHEAD,res_n15,DISCOVERY,6,4440,7.0,inf,9.0,0.019409678876399994,0.4332643747329712,0.08693693578243256,0.4932432472705841,0.12281965464353561,-0.07515811175107956,0.15000000596046448,2.6222527027130127,1.6534733772277832
OVERHEAD,res_n15,STRICT_OOS,0,14050,-inf,1.0,0.0,0.05437614768743515,0.48887142539024353,0.23665480315685272,0.45935943722724915,0.27779054641723633,-0.15725314617156982,0.3700355887413025,2.9518232345581055,1.8099364042282104
OVERHEAD,res_n15,STRICT_OOS,1,4442,1.0,2.0,2.0,0.04857379198074341,0.4836632311344147,0.20441243052482605,0.5387213230133057,0.24321705102920532,-0.13543827831745148,0.31472310423851013,3.565685749053955,1.877837896347046
OVERHEAD,res_n15,STRICT_OOS,2,3629,2.0,3.0,3.0,0.042420417070388794,0.47526079416275024,0.1904105842113495,0.5417470335960388,0.23252777755260468,-0.12979000806808472,0.28079360723495483,3.5487301349639893,1.7979446649551392
OVERHEAD,res_n15,STRICT_OOS,3,3021,3.0,4.0,4.0,0.046680498868227005,0.5914304852485657,0.18040384352207184,0.5365772843360901,0.23116104304790497,-0.12356490641832352,0.27441245317459106,3.7296712398529053,1.9247498512268066
OVERHEAD,res_n15,STRICT_OOS,4,2397,4.0,5.0,5.0,0.04309701547026634,0.44236427545547485,0.17521902918815613,0.538172721862793,0.22196905314922333,-0.11980051547288895,0.27117228507995605,3.683509349822998,1.8870723247528076
OVERHEAD,res_n15,STRICT_OOS,5,3385,5.0,7.0,6.0,0.03488827124238014,0.44942042231559753,0.17518463730812073,0.5539143085479736,0.2118404656648636,-0.11428508162498474,0.24431315064430237,3.529670476913452,1.7500178813934326
OVERHEAD,res_n15,STRICT_OOS,6,3916,7.0,inf,10.0,0.029980652034282684,0.37280648946762085,0.12436159700155258,0.5329417586326599,0.16906318068504333,-0.09521087259054184,0.20352400839328766,3.4212749004364014,1.7857645750045776
OVERHEAD,supply5,PRE_2020_2022,0,5720,-inf,0.006450484879314905,0.0,0.02546246163547039,0.15704895555973053,0.16311189532279968,0.2557692229747772,0.22729933261871338,-0.15058943629264832,0.350874125957489,1.7245254516601562,1.345591425895691
OVERHEAD,supply5,PRE_2020_2022,1,6356,0.006450484879314905,0.030298614501953126,0.019413510337471962,0.01927747204899788,0.3522818684577942,0.1600062996149063,0.4510698616504669,0.19635522365570068,-0.13692337274551392,0.27831968665122986,2.152463436126709,1.3207677602767944
OVERHEAD,supply5,PRE_2020_2022,2,6415,0.030298614501953126,0.05007561780512333,0.040438055992126465,0.013625607825815678,0.1898006647825241,0.14107561111450195,0.5047544836997986,0.1878863424062729,-0.13763990998268127,0.2559625804424286,2.3272314071655273,1.235821008682251
OVERHEAD,supply5,PRE_2020_2022,3,6482,0.05007561780512333,0.06931195259094239,0.0596315860748291,0.011803528293967247,1.2029036283493042,0.13961739838123322,0.5393397212028503,0.17988447844982147,-0.13747486472129822,0.24112927913665771,2.5359444618225098,1.2084728479385376
OVERHEAD,supply5,PRE_2020_2022,4,6030,0.06931195259094239,0.08893441036343575,0.07898183166980743,0.015552562661468983,0.2224969118833542,0.14776119589805603,0.5406301617622375,0.18137332797050476,-0.1313123255968094,0.24212272465229034,2.5713300704956055,1.2895066738128662
OVERHEAD,supply5,PRE_2020_2022,5,6176,0.08893441036343575,0.11107442677021027,0.09949778020381927,0.01926659606397152,0.21279709041118622,0.1434585452079773,0.5568329095840454,0.17956914007663727,-0.12782925367355347,0.22830310463905334,2.8450534343719482,1.384857416152954
OVERHEAD,supply5,PRE_2020_2022,6,5641,0.11107442677021027,0.13655140399932864,0.12309008091688156,0.02488146722316742,0.37603524327278137,0.14075519144535065,0.537138819694519,0.17885319888591766,-0.12041566520929337,0.2368374466896057,2.9310455322265625,1.527969479560852
OVERHEAD,supply5,PRE_2020_2022,7,5552,0.13655140399932864,0.17013494074344637,0.15196210145950317,0.022796742618083954,0.29081153869628906,0.13580691814422607,0.5552954077720642,0.17012764513492584,-0.11951490491628647,0.21271613240242004,3.0064916610717773,1.5028395652770996
OVERHEAD,supply5,PRE_2020_2022,8,5415,0.17013494074344637,0.22187271416187285,0.19210900366306305,0.019566332921385765,0.30502939224243164,0.11929824203252792,0.5529085993766785,0.15863150358200073,-0.10990394651889801,0.20590950548648834,2.8246304988861084,1.4597880840301514
OVERHEAD,supply5,PRE_2020_2022,9,5363,0.22187271416187285,inf,0.2721615433692932,0.027628963813185692,0.4364939332008362,0.11113183200359344,0.5053141713142395,0.1444590836763382,-0.0947619304060936,0.19653178751468658,2.756701707839966,1.8204472064971924
OVERHEAD,supply5,DISCOVERY,0,5482,-inf,0.006450484879314905,0.0,0.03703969717025757,0.23423878848552704,0.1690988689661026,0.1774899661540985,0.2059241533279419,-0.119694285094738,0.34512951970100403,1.6319445371627808,1.610650658607483
OVERHEAD,supply5,DISCOVERY,1,5482,0.006450484879314905,0.030298614501953126,0.019692150875926018,0.025280993431806564,0.2471148669719696,0.154505655169487,0.3768697679042816,0.1840810924768448,-0.11122024059295654,0.27781832218170166,2.0219309329986572,1.5103272199630737
OVERHEAD,supply5,DISCOVERY,2,5482,0.030298614501953126,0.05007561780512333,0.04017173871397972,0.027064073830842972,0.30627697706222534,0.14994527399539948,0.43980300426483154,0.18389126658439636,-0.1097712516784668,0.2727106809616089,2.465029239654541,1.5699933767318726
OVERHEAD,supply5,DISCOVERY,3,5482,0.05007561780512333,0.06931195259094239,0.05972985923290253,0.013635342009365559,0.2482493370771408,0.12550164759159088,0.4766508638858795,0.16804058849811554,-0.11127330362796783,0.23805180191993713,2.261289119720459,1.2886499166488647
OVERHEAD,supply5,DISCOVERY,4,5482,0.06931195259094239,0.08893441036343575,0.07891740649938583,0.02039218507707119,0.260172575712204,0.13316307961940765,0.4912440776824951,0.17122675478458405,-0.10681323707103729,0.23385626077651978,2.6158461570739746,1.4591946601867676
OVERHEAD,supply5,DISCOVERY,5,5482,0.08893441036343575,0.11107442677021027,0.09992878139019012,0.018378322944045067,0.26815810799598694,0.12276541441679001,0.5111273527145386,0.16441550850868225,-0.10471288114786148,0.22181685268878937,2.7416701316833496,1.4286506175994873
OVERHEAD,supply5,DISCOVERY,6,5482,0.11107442677021027,0.13655140399932864,0.12313036620616913,0.012806307524442673,0.2425771802663803,0.11784020066261292,0.5293688178062439,0.15961146354675293,-0.10370269417762756,0.21251368522644043,2.5904734134674072,1.2931110858917236
OVERHEAD,supply5,DISCOVERY,7,5482,0.13655140399932864,0.17013494074344637,0.15201327204704285,0.014745128341019154,0.22843527793884277,0.11145567148923874,0.5253556966781616,0.1536446213722229,-0.09758102148771286,0.20704121887683868,2.645146608352661,1.361676812171936
OVERHEAD,supply5,DISCOVERY,8,5482,0.17013494074344637,0.22187271416187285,0.19249171018600464,0.013735167682170868,0.2196989506483078,0.10269974172115326,0.5341116189956665,0.14806683361530304,-0.09423930197954178,0.19445458054542542,2.584914207458496,1.3480582237243652
OVERHEAD,supply5,DISCOVERY,9,5482,0.22187271416187285,inf,0.2701524496078491,0.019085895270109177,0.40951406955718994,0.09631521254777908,0.5118569731712341,0.14067843556404114,-0.08431898057460785,0.1802261918783188,2.801316738128662,1.5441325902938843
OVERHEAD,supply5,STRICT_OOS,0,3648,-inf,0.006450484879314905,0.0,0.07826464623212814,0.3626389801502228,0.2601425349712372,0.22368420660495758,0.3174619972705841,-0.15750794112682343,0.484100878238678,2.098870277404785,1.9781686067581177
OVERHEAD,supply5,STRICT_OOS,1,4361,0.006450484879314905,0.030298614501953126,0.01905248314142227,0.05246252194046974,0.42443543672561646,0.23687227070331573,0.46250858902931213,0.2705545425415039,-0.15390747785568237,0.3721623420715332,2.8304476737976074,1.822927713394165
OVERHEAD,supply5,STRICT_OOS,2,3865,0.030298614501953126,0.05007561780512333,0.04014785587787628,0.05003364011645317,0.5598214268684387,0.22173351049423218,0.5141009092330933,0.2591199278831482,-0.14927613735198975,0.32134541869163513,3.3585927486419678,1.8296409845352173
OVERHEAD,supply5,STRICT_OOS,3,3529,0.05007561780512333,0.06931195259094239,0.05967268347740173,0.03935489058494568,0.46566805243492126,0.19892320036888123,0.5468971133232117,0.23847997188568115,-0.14451423287391663,0.2921507656574249,3.339172124862671,1.677404522895813
OVERHEAD,supply5,STRICT_OOS,4,3202,0.06931195259094239,0.08893441036343575,0.07888874411582947,0.04079257696866989,0.5573413968086243,0.19269207119941711,0.5546533465385437,0.23563194274902344,-0.1369943767786026,0.3013741374015808,3.463557720184326,1.7439802885055542
OVERHEAD,supply5,STRICT_OOS,5,3330,0.08893441036343575,0.11107442677021027,0.09955800324678421,0.0360722579061985,0.44062885642051697,0.185285285115242,0.5699699521064758,0.23226895928382874,-0.13216643035411835,0.27687686681747437,3.653374195098877,1.6692003011703491
OVERHEAD,supply5,STRICT_OOS,6,3114,0.11107442677021027,0.13655140399932864,0.12323348224163055,0.04525003582239151,0.5780887007713318,0.19299936294555664,0.5706486701965332,0.23049834370613098,-0.12968578934669495,0.26653820276260376,4.051995277404785,1.8830534219741821
OVERHEAD,supply5,STRICT_OOS,7,3242,0.13655140399932864,0.17013494074344637,0.15230832993984222,0.04459298774600029,0.5315236449241638,0.18661320209503174,0.5644663572311401,0.2268582284450531,-0.1212061420083046,0.27359655499458313,3.830441474914551,1.9090224504470825
OVERHEAD,supply5,STRICT_OOS,8,3213,0.17013494074344637,0.22187271416187285,0.19213981926441193,0.04864819347858429,0.5931961536407471,0.17740429937839508,0.5515094995498657,0.22370612621307373,-0.11356751620769501,0.2567693889141083,3.998981475830078,2.0760669708251953
OVERHEAD,supply5,STRICT_OOS,9,3336,0.22187271416187285,inf,0.27284562587738037,0.02231222577393055,0.27215927839279175,0.12529976665973663,0.5644484162330627,0.1665625274181366,-0.0986231341958046,0.1882493942975998,3.206289052963257,1.5687915086746216
OVERHEAD,supply10,PRE_2020_2022,0,5656,-inf,0.0097694480791688,0.0,0.02354411967098713,0.10967853665351868,0.15611739456653595,0.24363507330417633,0.21918661892414093,-0.1474210023880005,0.3468882739543915,1.5983867645263672,1.323551058769226
OVERHEAD,supply10,PRE_2020_2022,1,5972,0.0097694480791688,0.04748012572526932,0.028821397572755814,0.020614854991436005,0.2628227770328522,0.15572673082351685,0.3916610777378082,0.1949739307165146,-0.1349719762802124,0.2933690547943115,1.8760473728179932,1.327771544456482
OVERHEAD,supply10,PRE_2020_2022,2,6404,0.04748012572526932,0.08342439532279969,0.06557784974575043,0.013576655648648739,1.020688772201538,0.14818863570690155,0.4923485219478607,0.19079959392547607,-0.14031195640563965,0.2678013741970062,2.30438232421875,1.2226884365081787
OVERHEAD,supply10,PRE_2020_2022,3,6344,0.08342439532279969,0.11732041835784912,0.10077601671218872,0.015455493703484535,0.4795890748500824,0.14233921468257904,0.5163934230804443,0.18507631123065948,-0.1349213421344757,0.24984237551689148,2.4895412921905518,1.2753335237503052
OVERHEAD,supply10,PRE_2020_2022,4,6357,0.11732041835784912,0.15290863811969757,0.13470035791397095,0.013993081636726856,0.15896330773830414,0.13732892274856567,0.550416886806488,0.18132226169109344,-0.1351107656955719,0.23564574122428894,2.6544039249420166,1.2579646110534668
OVERHEAD,supply10,PRE_2020_2022,5,6169,0.15290863811969757,0.19049276411533358,0.17121192812919617,0.021075209602713585,0.3091171085834503,0.148808553814888,0.5543848276138306,0.1827382892370224,-0.1286468654870987,0.23147998750209808,2.9407460689544678,1.420182466506958
OVERHEAD,supply10,PRE_2020_2022,6,6065,0.19049276411533358,0.23487826585769653,0.21163655817508698,0.023007415235042572,0.3320468068122864,0.14328111708164215,0.5586150288581848,0.1770811378955841,-0.12221025675535202,0.22621598839759827,2.979431629180908,1.4967272281646729
OVERHEAD,supply10,PRE_2020_2022,7,5609,0.23487826585769653,0.2894122302532197,0.2603662610054016,0.022100869566202164,0.3434811532497406,0.13567480444908142,0.5710465312004089,0.17067067325115204,-0.11642199754714966,0.21982528269290924,3.0445685386657715,1.5084823369979858
OVERHEAD,supply10,PRE_2020_2022,8,5179,0.2894122302532197,0.3705921798944473,0.3252749741077423,0.022369226440787315,0.335944801568985,0.12821008265018463,0.5761730074882507,0.16766777634620667,-0.11160127818584442,0.2064104974269867,3.1544837951660156,1.5400769710540771
OVERHEAD,supply10,PRE_2020_2022,9,5395,0.3705921798944473,inf,0.4473067820072174,0.02341442182660103,0.4021972715854645,0.10695087909698486,0.5449490547180176,0.13524465262889862,-0.09528810530900955,0.17108434438705444,2.9326391220092773,1.7194008827209473
OVERHEAD,supply10,DISCOVERY,0,5482,-inf,0.0097694480791688,0.0,0.04089825227856636,0.2726310193538666,0.16964611411094666,0.16344399750232697,0.20411349833011627,-0.11679619550704956,0.3440350294113159,1.597800374031067,1.6926360130310059
OVERHEAD,supply10,DISCOVERY,1,5482,0.0097694480791688,0.04748012572526932,0.028994612395763397,0.03529392555356026,0.3457513153553009,0.16107259690761566,0.3066399097442627,0.18578898906707764,-0.10406332463026047,0.301714688539505,1.9143545627593994,1.7219904661178589
OVERHEAD,supply10,DISCOVERY,2,5482,0.04748012572526932,0.08342439532279969,0.0654250904917717,0.02325284481048584,0.2505106031894684,0.14374315738677979,0.4011309742927551,0.18175508081912994,-0.10964423418045044,0.2758117616176605,2.0670132637023926,1.4685146808624268
OVERHEAD,supply10,DISCOVERY,3,5482,0.08342439532279969,0.11732041835784912,0.10063822567462921,0.020563814789056778,0.30055803060531616,0.13900037109851837,0.45695000886917114,0.17372474074363708,-0.11045856773853302,0.25027361512184143,2.4410479068756104,1.4321284294128418
OVERHEAD,supply10,DISCOVERY,4,5482,0.11732041835784912,0.15290863811969757,0.13516761362552643,0.01811596006155014,0.28299447894096375,0.13225100934505463,0.4976285994052887,0.169351264834404,-0.10986398160457611,0.23568040132522583,2.566840887069702,1.3969398736953735
OVERHEAD,supply10,DISCOVERY,5,5482,0.15290863811969757,0.19049276411533358,0.17126572132110596,0.010470124892890453,0.21575725078582764,0.11182050406932831,0.5286391973495483,0.1633315533399582,-0.10607198625802994,0.21707406640052795,2.4701614379882812,1.2347428798675537
OVERHEAD,supply10,DISCOVERY,6,5482,0.19049276411533358,0.23487826585769653,0.21183446049690247,0.013642460107803345,0.2076495736837387,0.11747537553310394,0.5414082407951355,0.1618185192346573,-0.10348692536354065,0.20631156861782074,2.736600637435913,1.3180060386657715
OVERHEAD,supply10,DISCOVERY,7,5482,0.23487826585769653,0.2894122302532197,0.25999271869659424,0.010954102501273155,0.1787731796503067,0.10926669090986252,0.5623859763145447,0.1538131833076477,-0.10292583703994751,0.19682598114013672,2.7973101139068604,1.2641619443893433
OVERHEAD,supply10,DISCOVERY,8,5482,0.2894122302532197,0.3705921798944473,0.325229287147522,0.015739617869257927,0.2745743691921234,0.10616563260555267,0.561291515827179,0.15315301716327667,-0.09531509131193161,0.1922655999660492,2.951207399368286,1.420183777809143
OVERHEAD,supply10,DISCOVERY,9,5482,0.3705921798944473,inf,0.4403987228870392,0.01323199737817049,0.3352363109588623,0.09284932166337967,0.5543597340583801,0.1327308714389801,-0.08470102399587631,0.16362641751766205,2.846850872039795,1.3894239664077759
OVERHEAD,supply10,STRICT_OOS,0,3432,-inf,0.0097694480791688,0.0,0.08431823551654816,0.40806421637535095,0.2668997645378113,0.18735431134700775,0.31732824444770813,-0.1519704908132553,0.4965035021305084,1.9632750749588013,2.0641965866088867
OVERHEAD,supply10,STRICT_OOS,1,3868,0.0097694480791688,0.04748012572526932,0.029152221977710724,0.05841173976659775,0.38054510951042175,0.2468976229429245,0.3971044421195984,0.2758252024650574,-0.15175476670265198,0.39167529344558716,2.516089916229248,1.8757132291793823
OVERHEAD,supply10,STRICT_OOS,2,3765,0.04748012572526932,0.08342439532279969,0.0649588331580162,0.046561602503061295,0.44037654995918274,0.22177955508232117,0.49296149611473083,0.2609950304031372,-0.15387462079524994,0.34342628717422485,2.893373966217041,1.7311099767684937
OVERHEAD,supply10,STRICT_OOS,3,3293,0.08342439532279969,0.11732041835784912,0.10017652809619904,0.044732753187417984,0.5154556632041931,0.2064986377954483,0.5362890958786011,0.2517724931240082,-0.14850416779518127,0.31460675597190857,3.3820672035217285,1.7369053363800049
OVERHEAD,supply10,STRICT_OOS,4,3352,0.11732041835784912,0.15290863811969757,0.1351720690727234,0.04535085707902908,0.6277763843536377,0.20614558458328247,0.5614558458328247,0.2458643913269043,-0.14226314425468445,0.2992243468761444,3.6829917430877686,1.7851983308792114
OVERHEAD,supply10,STRICT_OOS,5,3226,0.15290863811969757,0.19049276411533358,0.17131978273391724,0.03194097429513931,0.41555556654930115,0.1794792264699936,0.5722256898880005,0.22542621195316315,-0.133563831448555,0.2749535143375397,3.479337215423584,1.6048777103424072
OVERHEAD,supply10,STRICT_OOS,6,3433,0.19049276411533358,0.23487826585769653,0.212056964635849,0.04956503584980965,0.5670714378356934,0.19225168228149414,0.570055365562439,0.23526722192764282,-0.12903304398059845,0.27439558506011963,4.115842819213867,2.0009055137634277
OVERHEAD,supply10,STRICT_OOS,7,3362,0.23487826585769653,0.2894122302532197,0.26137906312942505,0.0353083610534668,0.5604884624481201,0.1680547297000885,0.595478892326355,0.217252716422081,-0.1240835040807724,0.24895896017551422,3.977519989013672,1.7274383306503296
OVERHEAD,supply10,STRICT_OOS,8,3367,0.2894122302532197,0.3705921798944473,0.32532280683517456,0.04105987027287483,0.5368663668632507,0.18117018043994904,0.5833085775375366,0.21755346655845642,-0.11506921797990799,0.2432432472705841,4.141612529754639,1.9003326892852783
OVERHEAD,supply10,STRICT_OOS,9,3742,0.3705921798944473,inf,0.44935089349746704,0.024966266006231308,0.33633875846862793,0.12773917615413666,0.5970069766044617,0.17291904985904694,-0.09886454045772552,0.182522714138031,3.794726610183716,1.6793932914733887
OVERHEAD,supply15,PRE_2020_2022,0,5613,-inf,0.009895707573741678,0.0,0.023825006559491158,0.11159884929656982,0.15588811039924622,0.24069125950336456,0.21901217103004456,-0.14707043766975403,0.3479422628879547,1.5864583253860474,1.3274129629135132
OVERHEAD,supply15,PRE_2020_2022,1,5734,0.009895707573741678,0.05258972570300102,0.03033500723540783,0.01717238686978817,0.21764887869358063,0.14457620680332184,0.368329256772995,0.18503665924072266,-0.1338755339384079,0.29054760932922363,1.7122374773025513,1.2683241367340088
OVERHEAD,supply15,PRE_2020_2022,2,6165,0.05258972570300102,0.09878300875425339,0.07569649815559387,0.014706569723784924,0.36824801564216614,0.15004055202007294,0.45758312940597534,0.19125401973724365,-0.13827882707118988,0.2822384536266327,2.126741647720337,1.2360084056854248
OVERHEAD,supply15,PRE_2020_2022,3,6590,0.09878300875425339,0.14688850939273837,0.12266159057617188,0.017313528805971146,0.8295537829399109,0.1461305022239685,0.5138087868690491,0.18916024267673492,-0.13704852759838104,0.2523520588874817,2.542131185531616,1.3028640747070312
OVERHEAD,supply15,PRE_2020_2022,4,6208,0.14688850939273837,0.1935756579041481,0.16983824968338013,0.01884189061820507,0.5326660871505737,0.1452963948249817,0.5451030731201172,0.18912862241268158,-0.13309970498085022,0.24693943560123444,2.7633841037750244,1.3456192016601562
OVERHEAD,supply15,PRE_2020_2022,5,6260,0.1935756579041481,0.24414177238941193,0.21789364516735077,0.022517666220664978,0.2828150689601898,0.14888179302215576,0.549201250076294,0.1839548945426941,-0.12798842787742615,0.2383386641740799,2.8896472454071045,1.4597617387771606
OVERHEAD,supply15,PRE_2020_2022,6,6108,0.24414177238941193,0.3013448566198349,0.2707342505455017,0.02044149860739708,0.32950761914253235,0.14096267521381378,0.575965940952301,0.17534944415092468,-0.12418842315673828,0.21889325976371765,3.0796449184417725,1.4431902170181274
OVERHEAD,supply15,PRE_2020_2022,7,5880,0.3013448566198349,0.3731551587581635,0.3349984288215637,0.021381184458732605,0.34945154190063477,0.1350340098142624,0.5802721381187439,0.17240706086158752,-0.11668935418128967,0.2173469364643097,3.1367363929748535,1.496648907661438
OVERHEAD,supply15,PRE_2020_2022,8,5233,0.3731551587581635,0.4740540832281112,0.41819682717323303,0.01767343282699585,0.28346195816993713,0.13357537984848022,0.5975539684295654,0.16370201110839844,-0.11317215114831924,0.19510796666145325,3.142637252807617,1.4229986667633057
OVERHEAD,supply15,PRE_2020_2022,9,5359,0.4740540832281112,inf,0.5627002120018005,0.023877818137407303,0.42865636944770813,0.10207128524780273,0.5655906200408936,0.1355290412902832,-0.09702945500612259,0.15935808420181274,3.132904529571533,1.7619163990020752
OVERHEAD,supply15,DISCOVERY,0,5482,-inf,0.009895707573741678,0.0,0.04105357453227043,0.2736646831035614,0.16964611411094666,0.1641736626625061,0.20405475795269012,-0.11670020967721939,0.34348776936531067,1.601104497909546,1.696136236190796
OVERHEAD,supply15,DISCOVERY,1,5482,0.009895707573741678,0.05258972570300102,0.030573001131415367,0.03886820375919342,0.37464451789855957,0.16107259690761566,0.27453485131263733,0.18507227301597595,-0.10099582374095917,0.3088288903236389,1.8431892395019531,1.7980228662490845
OVERHEAD,supply15,DISCOVERY,2,5482,0.05258972570300102,0.09878300875425339,0.07546697556972504,0.028410473838448524,0.30982309579849243,0.15468807518482208,0.37395110726356506,0.1847313493490219,-0.1078043207526207,0.2869390845298767,2.034764528274536,1.565809726715088
OVERHEAD,supply15,DISCOVERY,3,5482,0.09878300875425339,0.14688850939273837,0.12268996238708496,0.020112786442041397,0.28557196259498596,0.13772346079349518,0.44819408655166626,0.17510558664798737,-0.11010269820690155,0.2542867660522461,2.344397783279419,1.4156923294067383
OVERHEAD,supply15,DISCOVERY,4,5482,0.14688850939273837,0.1935756579041481,0.16990000009536743,0.013296903111040592,0.2680588662624359,0.12513680756092072,0.4843122959136963,0.16568292677402496,-0.1090366467833519,0.23403866589069366,2.289086103439331,1.284026026725769
OVERHEAD,supply15,DISCOVERY,5,5482,0.1935756579041481,0.24414177238941193,0.2180529236793518,0.013537023216485977,0.21036922931671143,0.11729295551776886,0.5240787863731384,0.16494745016098022,-0.10748802870512009,0.21743889153003693,2.5739634037017822,1.3089390993118286
OVERHEAD,supply15,DISCOVERY,6,5482,0.24414177238941193,0.3013448566198349,0.2720341086387634,0.0107857221737504,0.21727780997753143,0.11218533664941788,0.5552718043327332,0.1615723967552185,-0.10533053427934647,0.21105435490608215,2.7273387908935547,1.2462241649627686
OVERHEAD,supply15,DISCOVERY,7,5482,0.3013448566198349,0.3731551587581635,0.334652841091156,0.011729732155799866,0.14553862810134888,0.10744254291057587,0.5791682004928589,0.15630023181438446,-0.10166981816291809,0.19427216053009033,3.0018672943115234,1.292557716369629
OVERHEAD,supply15,DISCOVERY,8,5482,0.3731551587581635,0.4740540832281112,0.4174051284790039,0.014188649132847786,0.2987222671508789,0.11090842634439468,0.5788033604621887,0.15260644257068634,-0.09682069718837738,0.1860634833574295,3.0404629707336426,1.379536509513855
OVERHEAD,supply15,DISCOVERY,9,5482,0.4740540832281112,inf,0.5557258129119873,0.010180036537349224,0.2807650566101074,0.08719445765018463,0.5913900136947632,0.12950731813907623,-0.08737841993570328,0.1472090482711792,2.978987455368042,1.3084394931793213
OVERHEAD,supply15,STRICT_OOS,0,3363,-inf,0.009895707573741678,0.0,0.08482521027326584,0.4065752327442169,0.267023503780365,0.18346714973449707,0.3180452883243561,-0.15187489986419678,0.49658042192459106,1.9510068893432617,2.0595285892486572
OVERHEAD,supply15,STRICT_OOS,1,3476,0.009895707573741678,0.05258972570300102,0.031167669221758842,0.06487475335597992,0.4093775749206543,0.2471231371164322,0.34378597140312195,0.27678027749061584,-0.14779044687747955,0.40909090638160706,2.2673022747039795,1.949467420578003
OVERHEAD,supply15,STRICT_OOS,2,3542,0.05258972570300102,0.09878300875425339,0.07516327500343323,0.04793339595198631,0.41119828820228577,0.22614341974258423,0.47713157534599304,0.26526883244514465,-0.156842440366745,0.35911914706230164,2.785508155822754,1.7122048139572144
OVERHEAD,supply15,STRICT_OOS,3,3419,0.09878300875425339,0.14688850939273837,0.12296819686889648,0.04667080193758011,0.44375988841056824,0.21731500327587128,0.5217899680137634,0.2553931176662445,-0.14932744204998016,0.3193916380405426,3.280580759048462,1.7657853364944458
OVERHEAD,supply15,STRICT_OOS,4,3084,0.14688850939273837,0.1935756579041481,0.170098215341568,0.04787696897983551,0.6693286895751953,0.21206225454807281,0.546044111251831,0.2541751563549042,-0.14302508533000946,0.3077172636985779,3.5642201900482178,1.84084153175354
OVERHEAD,supply15,STRICT_OOS,5,3247,0.1935756579041481,0.24414177238941193,0.21883361041545868,0.03835795447230339,0.46354278922080994,0.19464120268821716,0.5672928690910339,0.23645737767219543,-0.13689088821411133,0.2879581153392792,3.5885705947875977,1.7078334093093872
OVERHEAD,supply15,STRICT_OOS,6,3434,0.24414177238941193,0.3013448566198349,0.271856427192688,0.03562797233462334,0.43985700607299805,0.17705300450325012,0.5926033854484558,0.22443887591362,-0.13112273812294006,0.26674431562423706,3.921010971069336,1.693981409072876
OVERHEAD,supply15,STRICT_OOS,7,3486,0.3013448566198349,0.3731551587581635,0.33393043279647827,0.03332259878516197,0.5556197762489319,0.1703958660364151,0.5981067419052124,0.21655279397964478,-0.1268831491470337,0.2538726329803467,3.86910080909729,1.6843655109405518
OVERHEAD,supply15,STRICT_OOS,8,3674,0.3731551587581635,0.4740540832281112,0.41804730892181396,0.048160068690776825,0.6728927493095398,0.18018507957458496,0.5998911261558533,0.22096723318099976,-0.11516272276639938,0.23924878239631653,4.742559432983398,2.139021873474121
OVERHEAD,supply15,STRICT_OOS,9,4115,0.4740540832281112,inf,0.5669373273849487,0.02083847112953663,0.3200886845588684,0.12588092684745789,0.619684100151062,0.17087261378765106,-0.09972058236598969,0.16986633837223053,3.8641417026519775,1.5665082931518555
OVERHEAD,resdays10,PRE_2020_2022,0,6941,-inf,0.004000000189989805,0.0,0.02140440046787262,0.09322435408830643,0.16092781722545624,0.247658833861351,0.2208777666091919,-0.15161006152629852,0.351534366607666,1.6086618900299072,1.283263087272644
OVERHEAD,resdays10,PRE_2020_2022,1,5480,0.004000000189989805,0.01600000075995922,0.012000000104308128,0.025461895391345024,0.2155701369047165,0.16569343209266663,0.3333941698074341,0.2139430195093155,-0.14593051373958588,0.32372263073921204,1.9171983003616333,1.3537378311157227
OVERHEAD,resdays10,PRE_2020_2022,2,6094,0.01600000075995922,0.03200000151991844,0.024000000208616257,0.025211280211806297,0.34453803300857544,0.16918280720710754,0.4191007614135742,0.21571291983127594,-0.1382182538509369,0.31293076276779175,2.121436595916748,1.3811465501785278
OVERHEAD,resdays10,PRE_2020_2022,3,5080,0.03200000151991844,0.04800000041723251,0.03999999910593033,0.02052754908800125,0.641230583190918,0.15708661079406738,0.49803149700164795,0.20277848839759827,-0.13547152280807495,0.2820866107940674,2.3684260845184326,1.3473259210586548
OVERHEAD,resdays10,PRE_2020_2022,4,6448,0.04800000041723251,0.07199999690055847,0.05999999865889549,0.025432148948311806,0.29953938722610474,0.15803350508213043,0.5497828722000122,0.19494034349918365,-0.13113659620285034,0.26287221908569336,2.902409553527832,1.4855709075927734
OVERHEAD,resdays10,PRE_2020_2022,5,5837,0.07199999690055847,0.10000000149011612,0.08799999952316284,0.018561193719506264,0.3921221196651459,0.14014048874378204,0.5847181677818298,0.17741645872592926,-0.1261814534664154,0.22905601561069489,3.041900157928467,1.3925580978393555
OVERHEAD,resdays10,PRE_2020_2022,6,5568,0.10000000149011612,0.13600000739097595,0.11999999731779099,0.01086841244250536,0.2325001358985901,0.12679597735404968,0.6072198152542114,0.16099892556667328,-0.12290172278881073,0.19773706793785095,2.9204599857330322,1.2458534240722656
OVERHEAD,resdays10,PRE_2020_2022,7,5685,0.13600000739097595,0.18799999356269836,0.1599999964237213,0.014752679504454136,0.9599839448928833,0.12330694496631622,0.62022864818573,0.1548336148262024,-0.11679068952798843,0.18135444819927216,3.140174627304077,1.364810824394226
OVERHEAD,resdays10,PRE_2020_2022,8,5778,0.18799999356269836,0.2800000011920929,0.2280000001192093,0.017002133652567863,0.3247743546962738,0.11786085367202759,0.6038421392440796,0.14746493101119995,-0.10908006876707077,0.17099341750144958,3.1655373573303223,1.4649626016616821
OVERHEAD,resdays10,PRE_2020_2022,9,6239,0.2800000011920929,inf,0.3799999952316284,0.016821015626192093,0.4010635316371918,0.08783458918333054,0.5763744115829468,0.11827266961336136,-0.0945691168308258,0.13319441676139832,2.8809564113616943,1.584704875946045
OVERHEAD,resdays10,DISCOVERY,0,6753,-inf,0.004000000189989805,0.0,0.03935636952519417,0.25090280175209045,0.17266400158405304,0.1654079705476761,0.2068183422088623,-0.11782623082399368,0.3503628075122833,1.621712565422058,1.6522560119628906
OVERHEAD,resdays10,DISCOVERY,1,5120,0.004000000189989805,0.01600000075995922,0.012000000104308128,0.03445984795689583,0.259554922580719,0.16367188096046448,0.24433593451976776,0.20219376683235168,-0.11286691576242447,0.34160155057907104,1.766876220703125,1.6011083126068115
OVERHEAD,resdays10,DISCOVERY,2,5434,0.01600000075995922,0.03200000151991844,0.024000000208616257,0.0207667239010334,0.21330423653125763,0.14777328073978424,0.3562752902507782,0.18759983777999878,-0.11592581123113632,0.2973868250846863,1.8800057172775269,1.3662450313568115
OVERHEAD,resdays10,DISCOVERY,3,4663,0.03200000151991844,0.04800000041723251,0.03999999910593033,0.023224253207445145,0.27768588066101074,0.14733004570007324,0.4306240677833557,0.18559354543685913,-0.11209754645824432,0.28243619203567505,2.2485318183898926,1.458206295967102
OVERHEAD,resdays10,DISCOVERY,4,5742,0.04800000041723251,0.07199999690055847,0.05999999865889549,0.016432959586381912,0.2600465416908264,0.13880181312561035,0.529954731464386,0.17603738605976105,-0.10970838367938995,0.24521072208881378,2.522213935852051,1.355310082435608
OVERHEAD,resdays10,DISCOVERY,5,5407,0.07199999690055847,0.10000000149011612,0.08799999952316284,0.01428656093776226,0.2723270058631897,0.12687256932258606,0.5674126148223877,0.1638878434896469,-0.10592479258775711,0.21176253259181976,2.87176513671875,1.33968985080719
OVERHEAD,resdays10,DISCOVERY,6,5332,0.10000000149011612,0.13600000739097595,0.11999999731779099,0.01603204756975174,0.3809555172920227,0.1155288815498352,0.5551387667655945,0.16014842689037323,-0.10079356282949448,0.20255063474178314,2.898552417755127,1.418509602546692
OVERHEAD,resdays10,DISCOVERY,7,5409,0.13600000739097595,0.18799999356269836,0.1599999964237213,0.011454952880740166,0.24333003163337708,0.09853947162628174,0.5947495102882385,0.14375795423984528,-0.0982297956943512,0.16731373965740204,2.9597227573394775,1.310520052909851
OVERHEAD,resdays10,DISCOVERY,8,5484,0.18799999356269836,0.2800000011920929,0.2280000001192093,0.01119795348495245,0.22011631727218628,0.09226841479539871,0.5920860767364502,0.13405507802963257,-0.08816345036029816,0.14970824122428894,3.0935351848602295,1.345226526260376
OVERHEAD,resdays10,DISCOVERY,9,5476,0.2800000011920929,inf,0.37599998712539673,0.01176978275179863,0.2938317060470581,0.0735938623547554,0.5892987847328186,0.11452525109052658,-0.08005538582801819,0.12052593380212784,2.944098949432373,1.420244812965393
OVERHEAD,resdays10,STRICT_OOS,0,3966,-inf,0.004000000189989805,0.0,0.08252954483032227,0.3835030198097229,0.26273322105407715,0.19011598825454712,0.3210286796092987,-0.15472421050071716,0.492687851190567,1.9981094598770142,2.0183639526367188
OVERHEAD,resdays10,STRICT_OOS,1,3012,0.004000000189989805,0.01600000075995922,0.012000000104308128,0.06662493944168091,0.37801674008369446,0.24601593613624573,0.30046480894088745,0.29625776410102844,-0.15127436816692352,0.4485391676425934,2.1895341873168945,1.8825395107269287
OVERHEAD,resdays10,STRICT_OOS,2,3428,0.01600000075995922,0.03200000151991844,0.024000000208616257,0.05886503681540489,0.4487206041812897,0.23862309753894806,0.4320303499698639,0.2824264466762543,-0.15837420523166656,0.3853558897972107,2.671990156173706,1.8079073429107666
OVERHEAD,resdays10,STRICT_OOS,3,2807,0.03200000151991844,0.04800000041723251,0.03999999910593033,0.04338102415204048,0.40977004170417786,0.2187388688325882,0.5354471206665039,0.26374271512031555,-0.1601719707250595,0.3334520757198334,3.1324493885040283,1.6471335887908936
OVERHEAD,resdays10,STRICT_OOS,4,3480,0.04800000041723251,0.07199999690055847,0.05999999865889549,0.042486000806093216,0.5080325603485107,0.22155173122882843,0.6043103337287903,0.25947290658950806,-0.14801746606826782,0.29540228843688965,3.8892269134521484,1.7407687902450562
OVERHEAD,resdays10,STRICT_OOS,5,3113,0.07199999690055847,0.10000000149011612,0.08799999952316284,0.04724983125925064,0.8697753548622131,0.21008673310279846,0.6071313619613647,0.24820813536643982,-0.13872312009334564,0.27240604162216187,4.22647762298584,1.9159241914749146
OVERHEAD,resdays10,STRICT_OOS,6,2901,0.10000000149011612,0.13600000739097595,0.11999999731779099,0.04077275097370148,0.5586543083190918,0.19303688406944275,0.5777317881584167,0.2281365543603897,-0.1289960741996765,0.2826611399650574,3.7310686111450195,1.8491785526275635
OVERHEAD,resdays10,STRICT_OOS,7,3142,0.13600000739097595,0.18799999356269836,0.164000004529953,0.04130132496356964,0.5160324573516846,0.19096116721630096,0.5983449816703796,0.22187259793281555,-0.12385568767786026,0.2606619894504547,4.1326704025268555,1.9265224933624268
OVERHEAD,resdays10,STRICT_OOS,8,3855,0.18799999356269836,0.2800000011920929,0.23199999332427979,0.0297201219946146,0.49325209856033325,0.1597924828529358,0.6145265698432922,0.19582469761371613,-0.11579979956150055,0.2230868935585022,4.1389546394348145,1.7034730911254883
OVERHEAD,resdays10,STRICT_OOS,9,5136,0.2800000011920929,inf,0.3880000114440918,0.02032938227057457,0.3121056854724884,0.1076713427901268,0.608450174331665,0.15054476261138916,-0.09417316317558289,0.15225856006145477,3.8121981620788574,1.6189945936203003
RS,rs10,PRE_2020_2022,0,5585,-inf,-0.08807362988591194,-0.11795487999916077,0.019898518919944763,1.7385708093643188,0.17672336101531982,0.7192479968070984,0.20063616335391998,-0.13612452149391174,0.2037600725889206,4.758448600769043,1.4639666080474854
RS,rs10,PRE_2020_2022,1,5456,-0.08807362988591194,-0.05635838955640793,-0.06954933702945709,0.013317953795194626,0.32920578122138977,0.1334310919046402,0.6721041202545166,0.17003501951694489,-0.12400929629802704,0.1917155385017395,3.617669105529785,1.3291987180709839
RS,rs10,PRE_2020_2022,2,5852,-0.05635838955640793,-0.03509417288005352,-0.04479839280247688,0.01534105371683836,0.2548118531703949,0.11739575862884521,0.627477765083313,0.1596570760011673,-0.11942724883556366,0.18762816488742828,3.2192957401275635,1.3756600618362427
RS,rs10,PRE_2020_2022,3,5727,-0.03509417288005352,-0.018352335691452025,-0.02655496448278427,0.014577232301235199,0.23181281983852386,0.11943425983190536,0.5901868343353271,0.15425893664360046,-0.11332764476537704,0.19451719522476196,2.8303284645080566,1.3484008312225342
RS,rs10,PRE_2020_2022,4,6044,-0.018352335691452025,-0.002462280332110822,-0.010463323444128036,0.01884668506681919,0.2663915157318115,0.11813368648290634,0.5489742159843445,0.15407337248325348,-0.11091579496860504,0.20218397676944733,2.6100528240203857,1.4546623229980469
RS,rs10,PRE_2020_2022,5,6293,-0.002462280332110822,0.014394319429993632,0.005735254846513271,0.01971505582332611,0.3131246566772461,0.11854441463947296,0.513904333114624,0.15640585124492645,-0.11787135899066925,0.21150484681129456,2.3642234802246094,1.435076355934143
RS,rs10,PRE_2020_2022,6,6012,0.014394319429993632,0.03483022525906568,0.023930897936224937,0.02089741826057434,0.31992772221565247,0.1192614734172821,0.46789753437042236,0.16429205238819122,-0.1198103055357933,0.24135063588619232,2.2060940265655518,1.4200562238693237
RS,rs10,PRE_2020_2022,7,6231,0.03483022525906568,0.06499804258346559,0.04803839325904846,0.01572030782699585,0.13472338020801544,0.13801957666873932,0.4246509373188019,0.17720162868499756,-0.12774597108364105,0.2701011002063751,1.9274457693099976,1.2675302028656006
RS,rs10,PRE_2020_2022,8,6208,0.06499804258346559,0.12106347754597677,0.08765287697315216,0.02205042541027069,0.11092933267354965,0.1605992317199707,0.3480992317199707,0.2039734125137329,-0.1407824605703354,0.3105670213699341,1.8870432376861572,1.314586877822876
RS,rs10,PRE_2020_2022,9,6504,0.12106347754597677,inf,0.18675589561462402,0.025053776800632477,0.08120749890804291,0.18803812563419342,0.20864084362983704,0.25126639008522034,-0.17296935617923737,0.396371454000473,1.7203599214553833,1.2810405492782593
RS,rs10,DISCOVERY,0,5482,-inf,-0.08807362988591194,-0.11684822291135788,0.01163495983928442,0.31848931312561035,0.12422473728656769,0.7006567120552063,0.173272967338562,-0.11555173248052597,0.20138636231422424,4.233027935028076,1.3198456764221191
RS,rs10,DISCOVERY,1,5481,-0.08807362988591194,-0.05635838955640793,-0.06986120343208313,0.01728716865181923,0.33055010437965393,0.12497719377279282,0.6279876232147217,0.16615049540996552,-0.10105003416538239,0.20343002676963806,3.630140542984009,1.4965794086456299
RS,rs10,DISCOVERY,2,5481,-0.05635838955640793,-0.03509417288005352,-0.04509023204445839,0.013751422986388206,0.26305055618286133,0.10673234611749649,0.5938697457313538,0.15036216378211975,-0.09672077745199203,0.1815362125635147,2.98466157913208,1.3835440874099731
RS,rs10,DISCOVERY,3,5482,-0.03509417288005352,-0.018352335691452025,-0.026390299201011658,0.01959369331598282,0.32498636841773987,0.11218533664941788,0.5534476637840271,0.15005676448345184,-0.0925084799528122,0.19627873599529266,2.8483684062957764,1.540264368057251
RS,rs10,DISCOVERY,4,5481,-0.018352335691452025,-0.002462280332110822,-0.010291318409144878,0.022914670407772064,0.3420846462249756,0.11968618631362915,0.5064769387245178,0.15036217868328094,-0.0900232121348381,0.19978106021881104,2.565913677215576,1.6102689504623413
RS,rs10,DISCOVERY,5,5481,-0.002462280332110822,0.014394319429993632,0.005788171198219061,0.02386109158396721,0.35896697640419006,0.11567232012748718,0.44280239939689636,0.1510404646396637,-0.08827405422925949,0.20908592641353607,2.246156692504883,1.6155701875686646
RS,rs10,DISCOVERY,6,5482,0.014394319429993632,0.03483022525906568,0.02397189289331436,0.022087663412094116,0.26921316981315613,0.12021160125732422,0.3905508816242218,0.15511886775493622,-0.09472373127937317,0.23203210532665253,1.994908332824707,1.503520131111145
RS,rs10,DISCOVERY,7,5481,0.03483022525906568,0.06499804258346559,0.047836821526288986,0.02866273932158947,0.25496870279312134,0.13866083323955536,0.3326035439968109,0.1726442128419876,-0.1018921434879303,0.2716657519340515,1.9670964479446411,1.5830042362213135
RS,rs10,DISCOVERY,8,5481,0.06499804258346559,0.12106347754597677,0.08767025172710419,0.01977735385298729,0.11800666898488998,0.1441342830657959,0.2811530828475952,0.18624147772789001,-0.11794523149728775,0.29939791560173035,1.7389259338378906,1.3237518072128296
RS,rs10,DISCOVERY,9,5482,0.12106347754597677,inf,0.18317174911499023,0.022602448239922523,0.08476467430591583,0.17694272100925446,0.14429040253162384,0.22430239617824554,-0.14465336501598358,0.38872674107551575,1.6514577865600586,1.2917448282241821
RS,rs10,STRICT_OOS,0,6099,-inf,-0.08807362988591194,-0.12471288442611694,0.041498083621263504,0.674839437007904,0.21069027483463287,0.698475182056427,0.25290510058403015,-0.13824982941150665,0.2559435963630676,5.691815376281738,1.9595803022384644
RS,rs10,STRICT_OOS,1,4040,-0.08807362988591194,-0.05635838955640793,-0.07072721421718597,0.0361042357981205,0.5326493382453918,0.17722772061824799,0.6742573976516724,0.22479626536369324,-0.12578581273555756,0.23712871968746185,5.079829692840576,1.8144687414169312
RS,rs10,STRICT_OOS,2,3197,-0.05635838955640793,-0.03509417288005352,-0.0451454296708107,0.0329294316470623,0.49618905782699585,0.17328745126724243,0.6080700755119324,0.21065372228622437,-0.12257148325443268,0.2546136975288391,3.7502152919769287,1.721915364265442
RS,rs10,STRICT_OOS,3,2845,-0.03509417288005352,-0.018352335691452025,-0.026595178991556168,0.03379169479012489,0.44200804829597473,0.17047451436519623,0.5690685510635376,0.20708800852298737,-0.11896498501300812,0.2537785470485687,3.3063924312591553,1.7248436212539673
RS,rs10,STRICT_OOS,4,2602,-0.018352335691452025,-0.002462280332110822,-0.010651547461748123,0.04017128795385361,0.4907471537590027,0.17870868742465973,0.5126825571060181,0.20810823142528534,-0.11781875044107437,0.2720983922481537,2.9841737747192383,1.8327120542526245
RS,rs10,STRICT_OOS,5,2608,-0.002462280332110822,0.014394319429993632,0.005730131641030312,0.042435213923454285,0.4114605486392975,0.17983128130435944,0.5011503100395203,0.2137467861175537,-0.12553447484970093,0.2764570415019989,3.042003631591797,1.8162604570388794
RS,rs10,STRICT_OOS,6,2726,0.014394319429993632,0.03483022525906568,0.024312350898981094,0.043336186558008194,0.35877031087875366,0.1845194399356842,0.46038150787353516,0.2194419801235199,-0.12745244801044464,0.3030080795288086,2.6364846229553223,1.7945001125335693
RS,rs10,STRICT_OOS,7,2981,0.03483022525906568,0.06499804258346559,0.0483601875603199,0.04760560393333435,0.3694990575313568,0.20328748226165771,0.4132841229438782,0.22847901284694672,-0.1384892761707306,0.32069775462150574,2.599196434020996,1.7610760927200317
RS,rs10,STRICT_OOS,8,3338,0.06499804258346559,0.12106347754597677,0.08839097619056702,0.06282851099967957,0.4623219966888428,0.22887957096099854,0.3424206078052521,0.26914098858833313,-0.14289620518684387,0.38885560631752014,2.402373790740967,1.893832802772522
RS,rs10,STRICT_OOS,9,4417,0.12106347754597677,inf,0.19204144179821014,0.07398943603038788,0.33274585008621216,0.25424495339393616,0.19923025369644165,0.32812947034835815,-0.17067228257656097,0.4881141185760498,2.082341432571411,1.8025845289230347
RS,rs20,PRE_2020_2022,0,5829,-inf,-0.11271964758634567,-0.1512216329574585,0.02683829702436924,1.4011069536209106,0.17961914837360382,0.7069823145866394,0.19894151389598846,-0.12399531155824661,0.20621033012866974,5.046626091003418,1.7080888748168945
RS,rs20,PRE_2020_2022,1,5282,-0.11271964758634567,-0.07133968770503998,-0.08920392394065857,0.022625403478741646,0.28458172082901,0.1463460773229599,0.6792881488800049,0.16842120885849,-0.11667060852050781,0.18780764937400818,4.271411418914795,1.6208829879760742
RS,rs20,PRE_2020_2022,2,5444,-0.07133968770503998,-0.04290774315595625,-0.05614352598786354,0.01912955567240715,0.35279253125190735,0.11792799085378647,0.6320720314979553,0.15379562973976135,-0.11142542958259583,0.1778104305267334,3.469592332839966,1.5247124433517456
RS,rs20,PRE_2020_2022,3,5701,-0.04290774315595625,-0.0181187804788351,-0.030046822503209114,0.020389806479215622,0.6852142214775085,0.11401508748531342,0.5949833393096924,0.1499067097902298,-0.11122337728738785,0.188212588429451,3.034738063812256,1.5374187231063843
RS,rs20,PRE_2020_2022,4,5694,-0.0181187804788351,0.0057021877728402615,-0.0062870001420378685,0.019966263324022293,0.27999570965766907,0.11854583770036697,0.5607657432556152,0.1529524028301239,-0.11503255367279053,0.20319634675979614,2.750925064086914,1.5020663738250732
RS,rs20,PRE_2020_2022,5,5847,0.0057021877728402615,0.0318285033106804,0.01819370687007904,0.016683263704180717,0.2401498258113861,0.11168120056390762,0.5211219191551208,0.15243540704250336,-0.11578009277582169,0.20916709303855896,2.3370044231414795,1.3741484880447388
RS,rs20,PRE_2020_2022,6,6091,0.0318285033106804,0.06406627595424653,0.04706883430480957,0.013971971347928047,0.2649780809879303,0.12116236984729767,0.4880971908569336,0.1625673621892929,-0.12229517102241516,0.2311607301235199,2.062106132507324,1.275184988975525
RS,rs20,PRE_2020_2022,7,6290,0.06406627595424653,0.10961944162845623,0.0853569284081459,0.011377658694982529,0.09914999455213547,0.12909379601478577,0.4383147954940796,0.17710648477077484,-0.13220331072807312,0.26438790559768677,1.9215271472930908,1.1855180263519287
RS,rs20,PRE_2020_2022,8,6598,0.10961944162845623,0.19227568209171308,0.1430630087852478,0.013336371630430222,0.07086320966482162,0.15732039511203766,0.36223098635673523,0.20026591420173645,-0.14467895030975342,0.30660805106163025,1.7663627862930298,1.1818946599960327
RS,rs20,PRE_2020_2022,9,7108,0.19227568209171308,inf,0.2917698621749878,0.022912412881851196,0.08966672420501709,0.18429937958717346,0.19020821154117584,0.25837862491607666,-0.1780748963356018,0.4039110839366913,1.7048728466033936,1.2471944093704224
RS,rs20,DISCOVERY,0,5480,-inf,-0.11271964758634567,-0.150322824716568,0.008637599647045135,0.19873358309268951,0.1177007332444191,0.7540146112442017,0.16509225964546204,-0.11730446666479111,0.17299270629882812,4.719988822937012,1.2494407892227173
RS,rs20,DISCOVERY,1,5480,-0.11271964758634567,-0.07133968770503998,-0.08927930891513824,0.012969709001481533,0.32873666286468506,0.11277372390031815,0.6753649711608887,0.15175697207450867,-0.10030397027730942,0.17390510439872742,3.7015221118927,1.3886513710021973
RS,rs20,DISCOVERY,2,5480,-0.07133968770503998,-0.04290774315595625,-0.0562598779797554,0.018235795199871063,0.3317294716835022,0.10930656641721725,0.6093065738677979,0.14950114488601685,-0.09387674927711487,0.18229927122592926,3.32405686378479,1.5490922927856445
RS,rs20,DISCOVERY,3,5479,-0.04290774315595625,-0.0181187804788351,-0.029987052083015442,0.019656844437122345,0.3766354024410248,0.11662711948156357,0.5650666356086731,0.1503041535615921,-0.09150585532188416,0.19200584292411804,2.934093475341797,1.5513691902160645
RS,rs20,DISCOVERY,4,5480,-0.0181187804788351,0.0057021877728402615,-0.006195003166794777,0.018226852640509605,0.349080353975296,0.10638686269521713,0.5182482004165649,0.14472505450248718,-0.08955049514770508,0.19124087691307068,2.4796910285949707,1.4728124141693115
RS,rs20,DISCOVERY,5,5480,0.0057021877728402615,0.0318285033106804,0.018202412873506546,0.023033590987324715,0.33442145586013794,0.11277372390031815,0.4321167767047882,0.15138942003250122,-0.08786321431398392,0.2135036438703537,2.154137372970581,1.5879422426223755
RS,rs20,DISCOVERY,6,5479,0.0318285033106804,0.06406627595424653,0.04707007855176926,0.02405925840139389,0.2851402759552002,0.12484029680490494,0.3725132346153259,0.16211341321468353,-0.0949007123708725,0.24493521451950073,1.9048733711242676,1.5328081846237183
RS,rs20,DISCOVERY,7,5480,0.06406627595424653,0.10961944162845623,0.0840621143579483,0.02225794643163681,0.19005723297595978,0.1348540186882019,0.3136861324310303,0.1730937659740448,-0.1053018867969513,0.27937957644462585,1.7788105010986328,1.4214131832122803
RS,rs20,DISCOVERY,8,5480,0.10961944162845623,0.19227568209171308,0.14275602996349335,0.025417419150471687,0.15741193294525146,0.1551094949245453,0.22226276993751526,0.19259905815124512,-0.11619928479194641,0.32153284549713135,1.6680995225906372,1.4264113903045654
RS,rs20,DISCOVERY,9,5480,0.19227568209171308,inf,0.28307223320007324,0.029440095648169518,0.11035190522670746,0.19251824915409088,0.11131387203931808,0.2385796159505844,-0.1466127634048462,0.4114963412284851,1.651491403579712,1.3722883462905884
RS,rs20,STRICT_OOS,0,6516,-inf,-0.11271964758634567,-0.166862353682518,0.029001502320170403,0.46624353528022766,0.19643953442573547,0.7529159188270569,0.23605535924434662,-0.13688421249389648,0.22283609211444855,5.95720911026001,1.702731728553772
RS,rs20,STRICT_OOS,1,3779,-0.11271964758634567,-0.07133968770503998,-0.0902075320482254,0.037534985691308975,0.6904131770133972,0.18126489222049713,0.6829848885536194,0.22150076925754547,-0.12262648344039917,0.23021963238716125,4.923418998718262,1.8800474405288696
RS,rs20,STRICT_OOS,2,2871,-0.07133968770503998,-0.04290774315595625,-0.05643307417631149,0.036474376916885376,0.4275481402873993,0.17311041057109833,0.6206896305084229,0.21032565832138062,-0.11668000370264053,0.2476489096879959,3.9878039360046387,1.844587802886963
RS,rs20,STRICT_OOS,3,2786,-0.04290774315595625,-0.0181187804788351,-0.03068489208817482,0.044323116540908813,0.6120737195014954,0.18736539781093597,0.5603014826774597,0.2159443348646164,-0.11420944333076477,0.2652548551559448,3.665923595428467,1.9986704587936401
RS,rs20,STRICT_OOS,4,2664,-0.0181187804788351,0.0057021877728402615,-0.006432425230741501,0.04188968986272812,0.6462829113006592,0.1756756752729416,0.5255255103111267,0.2157856971025467,-0.1181754395365715,0.27177175879478455,3.115525245666504,1.8633346557617188
RS,rs20,STRICT_OOS,5,2589,0.0057021877728402615,0.0318285033106804,0.01844877004623413,0.04824543371796608,0.4784153401851654,0.17806102335453033,0.48088064789772034,0.2203352004289627,-0.12666746973991394,0.2896871268749237,2.9935991764068604,1.93669855594635
RS,rs20,STRICT_OOS,6,2769,0.0318285033106804,0.06406627595424653,0.047273438423871994,0.04168594256043434,0.3998151123523712,0.17840375006198883,0.4434814155101776,0.2145175188779831,-0.1313246190547943,0.29902490973472595,2.6417999267578125,1.7411503791809082
RS,rs20,STRICT_OOS,7,2936,0.06406627595424653,0.10961944162845623,0.08470538258552551,0.07061254233121872,0.5421130657196045,0.21594005823135376,0.3681880235671997,0.25006216764450073,-0.1310109794139862,0.3620572090148926,2.6852614879608154,2.236041784286499
RS,rs20,STRICT_OOS,8,3335,0.10961944162845623,0.19227568209171308,0.1434820592403412,0.05019953101873398,0.3062800467014313,0.21619190275669098,0.3181409239768982,0.25406721234321594,-0.14819133281707764,0.3883058428764343,2.1694495677948,1.6790157556533813
RS,rs20,STRICT_OOS,9,4600,0.19227568209171308,inf,0.30019456148147583,0.07065141946077347,0.27958396077156067,0.26195651292800903,0.18478260934352875,0.3333128094673157,-0.17677076160907745,0.4965217411518097,2.03523850440979,1.7238224744796753
RS,rs40,PRE_2020_2022,0,5727,-inf,-0.1336497664451599,-0.1828402876853943,0.030928432941436768,1.329828143119812,0.16902391612529755,0.6385542154312134,0.19373901188373566,-0.11783293634653091,0.2306617796421051,4.218644618988037,1.7868679761886597
RS,rs40,PRE_2020_2022,1,5564,-0.1336497664451599,-0.07674182206392288,-0.10121329128742218,0.025885790586471558,0.4224993884563446,0.13084112107753754,0.5887850522994995,0.1629508137702942,-0.10868886858224869,0.20183321833610535,3.4936795234680176,1.7136156558990479
RS,rs40,PRE_2020_2022,2,5282,-0.07674182206392288,-0.03791733272373674,-0.056361306458711624,0.01983620412647724,0.26775190234184265,0.11775842308998108,0.5717531442642212,0.15198013186454773,-0.10981940478086472,0.18250662088394165,3.0188794136047363,1.5305416584014893
RS,rs40,PRE_2020_2022,3,5637,-0.03791733272373674,-0.002530083293095231,-0.019996333867311478,0.02062087506055832,0.24660898745059967,0.11122937500476837,0.5426645278930664,0.1472957730293274,-0.10907245427370071,0.19052687287330627,2.758873701095581,1.541947841644287
RS,rs40,PRE_2020_2022,4,5595,-0.002530083293095231,0.03211953863501549,0.014679578132927418,0.016120998188853264,0.25680601596832275,0.11295799911022186,0.5319035053253174,0.14926773309707642,-0.11356297135353088,0.19767649471759796,2.451249122619629,1.3871890306472778
RS,rs40,PRE_2020_2022,5,5690,0.03211953863501549,0.0705486834049225,0.05109035223722458,0.018138399347662926,0.35908570885658264,0.11792618781328201,0.5189806818962097,0.15609188377857208,-0.11675935238599777,0.20650263130664825,2.4831840991973877,1.4081178903579712
RS,rs40,PRE_2020_2022,6,6128,0.0705486834049225,0.11998441442847253,0.09355181455612183,0.009832593612372875,0.18664664030075073,0.12124673277139664,0.5133811831474304,0.15950116515159607,-0.12370855361223221,0.21687336266040802,2.176884889602661,1.1909390687942505
RS,rs40,PRE_2020_2022,7,6218,0.11998441442847253,0.18986544013023376,0.15146633982658386,0.013973645865917206,0.12961846590042114,0.13669990003108978,0.46622708439826965,0.17709143459796906,-0.13385434448719025,0.2614988684654236,2.179516553878784,1.2378995418548584
RS,rs40,PRE_2020_2022,8,6579,0.18986544013023376,0.316106453537941,0.24230706691741943,0.009610538370907307,0.38501113653182983,0.15990272164344788,0.4339565336704254,0.20255492627620697,-0.14910447597503662,0.303693562746048,1.9887785911560059,1.1346814632415771
RS,rs40,PRE_2020_2022,9,7448,0.316106453537941,inf,0.4692552089691162,0.023057812824845314,0.15258057415485382,0.19387754797935486,0.322099894285202,0.26597338914871216,-0.18268467485904694,0.3839957118034363,2.040922164916992,1.253570318222046
RS,rs40,DISCOVERY,0,5480,-inf,-0.1336497664451599,-0.18284934759140015,0.00687016174197197,0.11185035109519958,0.10857664048671722,0.7226277589797974,0.1554846316576004,-0.11775653064250946,0.17244525253772736,3.9515540599823,1.1834983825683594
RS,rs40,DISCOVERY,1,5480,-0.1336497664451599,-0.07674182206392288,-0.10154116153717041,0.011212612502276897,0.24433737993240356,0.10401459783315659,0.6282846927642822,0.14452031254768372,-0.09948975592851639,0.17281021177768707,3.2024519443511963,1.311292052268982
RS,rs40,DISCOVERY,2,5479,-0.07674182206392288,-0.03791733272373674,-0.05664358288049698,0.014323143288493156,0.28568366169929504,0.09655046463012695,0.5636065006256104,0.14094068109989166,-0.09062432497739792,0.16663624346256256,2.825547218322754,1.4100679159164429
RS,rs40,DISCOVERY,3,5480,-0.03791733272373674,-0.002530083293095231,-0.020081639289855957,0.017050495371222496,0.31641265749931335,0.0996350347995758,0.5082116723060608,0.14204907417297363,-0.08602908998727798,0.1817518174648285,2.4620866775512695,1.4795535802841187
RS,rs40,DISCOVERY,4,5479,-0.002530083293095231,0.03211953863501549,0.014459996484220028,0.02378648892045021,0.4277002811431885,0.10786639899015427,0.45263734459877014,0.14888150990009308,-0.08560671657323837,0.19547362625598907,2.4630565643310547,1.6450366973876953
RS,rs40,DISCOVERY,5,5480,0.03211953863501549,0.0705486834049225,0.05057593435049057,0.023582497611641884,0.36918777227401733,0.12591241300106049,0.4166058301925659,0.1573239117860794,-0.09024826437234879,0.2242700755596161,2.2481918334960938,1.5922356843948364
RS,rs40,DISCOVERY,6,5479,0.0705486834049225,0.11998441442847253,0.09328929334878922,0.024091606959700584,0.30514898896217346,0.12830808758735657,0.39185982942581177,0.16466325521469116,-0.09719835966825485,0.2489505410194397,2.0759899616241455,1.540655255317688
RS,rs40,DISCOVERY,7,5480,0.11998441442847253,0.18986544013023376,0.15167880058288574,0.02468878962099552,0.24012961983680725,0.15127737820148468,0.3620437979698181,0.1810198873281479,-0.10888627171516418,0.2821168005466461,2.0568604469299316,1.4765549898147583
RS,rs40,DISCOVERY,8,5479,0.18986544013023376,0.316106453537941,0.24057355523109436,0.02226107195019722,0.19118452072143555,0.15751048922538757,0.2985946238040924,0.19577109813690186,-0.11941017210483551,0.3157510459423065,1.8589324951171875,1.3816311359405518
RS,rs40,DISCOVERY,9,5480,0.316106453537941,inf,0.4603220820426941,0.03450017422437668,0.1740279644727707,0.2040145993232727,0.2293795645236969,0.24886509776115417,-0.14796866476535797,0.423175185918808,1.9007279872894287,1.4554076194763184
RS,rs40,STRICT_OOS,0,7009,-inf,-0.1336497664451599,-0.20785099267959595,0.02436993457376957,0.42695775628089905,0.17506062984466553,0.6996718645095825,0.21762679517269135,-0.13119319081306458,0.22399771213531494,4.550086975097656,1.541326642036438
RS,rs40,STRICT_OOS,1,3738,-0.1336497664451599,-0.07674182206392288,-0.1039024144411087,0.03183259814977646,0.45894068479537964,0.1666666716337204,0.6086142063140869,0.21112076938152313,-0.11252369731664658,0.24719101190567017,3.8268167972564697,1.737026572227478
RS,rs40,STRICT_OOS,2,2895,-0.07674182206392288,-0.03791733272373674,-0.05738692730665207,0.04262807220220566,0.5379113554954529,0.17132988572120667,0.5485319495201111,0.2111898809671402,-0.11099547892808914,0.2556131184101105,3.6558306217193604,1.9718151092529297
RS,rs40,STRICT_OOS,3,2650,-0.03791733272373674,-0.002530083293095231,-0.020448170602321625,0.04840025678277016,0.6210810542106628,0.18754717707633972,0.5283018946647644,0.21698428690433502,-0.1140090748667717,0.2494339644908905,3.61025071144104,2.0608603954315186
RS,rs40,STRICT_OOS,4,2431,-0.002530083293095231,0.03211953863501549,0.015049990266561508,0.04613988474011421,0.5930708050727844,0.18552036583423615,0.4829288423061371,0.21664074063301086,-0.11889250576496124,0.28136569261550903,3.005031108856201,1.9645136594772339
RS,rs40,STRICT_OOS,5,2525,0.03211953863501549,0.0705486834049225,0.05060388147830963,0.06513120234012604,0.6160969138145447,0.20554456114768982,0.44910889863967896,0.2385372817516327,-0.11988886445760727,0.30970296263694763,3.393216371536255,2.337801218032837
RS,rs40,STRICT_OOS,6,2734,0.0705486834049225,0.11998441442847253,0.09346026182174683,0.061175476759672165,0.546905517578125,0.2008046805858612,0.4506218135356903,0.24098381400108337,-0.13238759338855743,0.31455743312835693,3.2463128566741943,2.155646562576294
RS,rs40,STRICT_OOS,7,2941,0.11998441442847253,0.18986544013023376,0.1515132039785385,0.054483577609062195,0.5211576223373413,0.21829310059547424,0.4287657141685486,0.2520420253276825,-0.14231058955192566,0.3390003442764282,2.9317665100097656,1.9067997932434082
RS,rs40,STRICT_OOS,8,3318,0.18986544013023376,0.316106453537941,0.2422376275062561,0.05266764760017395,0.37731024622917175,0.2203134447336197,0.39662447571754456,0.2643284797668457,-0.15276290476322174,0.3884870409965515,2.6950957775115967,1.765798807144165
RS,rs40,STRICT_OOS,9,4598,0.316106453537941,inf,0.4926964044570923,0.0639738142490387,0.29988065361976624,0.2681600749492645,0.30622008442878723,0.3327387273311615,-0.1872604340314865,0.48020878434181213,2.3062727451324463,1.6638665199279785
RS,rs60,PRE_2020_2022,0,5485,-inf,-0.14547637104988098,-0.20471547544002533,0.01720312610268593,0.5334002375602722,0.13892434537410736,0.639744758605957,0.1730940043926239,-0.12297811359167099,0.21549680829048157,3.502720355987549,1.4172338247299194
RS,rs60,PRE_2020_2022,1,5344,-0.14547637104988098,-0.07997273802757263,-0.10926643013954163,0.02105436660349369,0.330615371465683,0.12350299209356308,0.5857036113739014,0.15783224999904633,-0.11277879774570465,0.202470064163208,3.0996756553649902,1.5389877557754517
RS,rs60,PRE_2020_2022,2,5475,-0.07997273802757263,-0.03170364797115324,-0.054654840379953384,0.013635900802910328,0.9269263744354248,0.10776256024837494,0.570410966873169,0.14518018066883087,-0.11195339262485504,0.18063926696777344,2.649984121322632,1.3457920551300049
RS,rs60,PRE_2020_2022,3,5431,-0.03170364797115324,0.010811712965369251,-0.010541950352489948,0.017031334340572357,0.3376277983188629,0.10771496593952179,0.5323144793510437,0.14688986539840698,-0.1077839583158493,0.19222979247570038,2.4382095336914062,1.4280431270599365
RS,rs60,PRE_2020_2022,4,5406,0.010811712965369251,0.05397683382034302,0.03231913968920708,0.016853690147399902,0.2910769581794739,0.11283759027719498,0.5207177400588989,0.15213905274868011,-0.1104026585817337,0.19940806925296783,2.405989408493042,1.3960505723953247
RS,rs60,PRE_2020_2022,5,5935,0.05397683382034302,0.1040662378072739,0.07838507741689682,0.020784780383110046,0.24175849556922913,0.12822240591049194,0.5066554546356201,0.15809646248817444,-0.1143711730837822,0.21112047135829926,2.493164539337158,1.4689239263534546
RS,rs60,PRE_2020_2022,6,6152,0.1040662378072739,0.16742129623889937,0.13353773951530457,0.016524966806173325,0.2829032838344574,0.12792587280273438,0.48537060618400574,0.1652011126279831,-0.1210147961974144,0.2256176918745041,2.3794422149658203,1.3283411264419556
RS,rs60,PRE_2020_2022,7,6489,0.16742129623889937,0.256297767162323,0.206413134932518,0.014242945238947868,0.16194158792495728,0.14748035371303558,0.47541993856430054,0.18104588985443115,-0.13439853489398956,0.25766682624816895,2.2547717094421387,1.2455185651779175
RS,rs60,PRE_2020_2022,8,6686,0.256297767162323,0.4223338663578034,0.32480859756469727,0.02211996354162693,0.47724446654319763,0.16751420497894287,0.44421178102493286,0.21097420156002045,-0.14632777869701385,0.3075082302093506,2.3389317989349365,1.3354333639144897
RS,rs60,PRE_2020_2022,9,7471,0.4223338663578034,inf,0.6209703087806702,0.024921538308262825,0.1714632213115692,0.20171329379081726,0.3658144772052765,0.2701680362224579,-0.1820226013660431,0.37946727871894836,2.227477550506592,1.2796846628189087
RS,rs60,DISCOVERY,0,5479,-inf,-0.14547637104988098,-0.1978261023759842,0.0020930294413119555,0.05577516183257103,0.09782806783914566,0.6833363771438599,0.14472773671150208,-0.11763501167297363,0.16371600329875946,3.279123067855835,1.054286241531372
RS,rs60,DISCOVERY,1,5479,-0.14547637104988098,-0.07997273802757263,-0.10807981342077255,0.011949240230023861,0.2343999594449997,0.09107501059770584,0.5931739211082458,0.13817381858825684,-0.09624877572059631,0.16481108963489532,2.8540987968444824,1.3304362297058105
RS,rs60,DISCOVERY,2,5478,-0.07997273802757263,-0.03170364797115324,-0.05408598482608795,0.015163812786340714,0.3025333881378174,0.09072653949260712,0.5253742337226868,0.13543641567230225,-0.0869818851351738,0.16575393080711365,2.544595241546631,1.4357852935791016
RS,rs60,DISCOVERY,3,5479,-0.03170364797115324,0.010811712965369251,-0.009919620119035244,0.020100856199860573,0.33569639921188354,0.09545537829399109,0.4628582000732422,0.13967423141002655,-0.0820966437458992,0.18488775193691254,2.4468791484832764,1.5887774229049683
RS,rs60,DISCOVERY,4,5479,0.010811712965369251,0.05397683382034302,0.03181353956460953,0.01916911080479622,0.3332124650478363,0.10896149277687073,0.4608505070209503,0.14528556168079376,-0.08862736076116562,0.1889030784368515,2.398103952407837,1.4973042011260986
RS,rs60,DISCOVERY,5,5478,0.05397683382034302,0.1040662378072739,0.07765084505081177,0.022530021145939827,0.3557654023170471,0.12322015315294266,0.4311792552471161,0.15875720977783203,-0.09270727634429932,0.22398684918880463,2.2556583881378174,1.5440024137496948
RS,rs60,DISCOVERY,6,5479,0.1040662378072739,0.16742129623889937,0.1335933953523636,0.02072237618267536,0.2938838601112366,0.1350611448287964,0.4141266644001007,0.17101433873176575,-0.10085052996873856,0.25625112652778625,2.229459524154663,1.4409759044647217
RS,rs60,DISCOVERY,7,5478,0.16742129623889937,0.256297767162323,0.20659619569778442,0.02898125909268856,0.3248085677623749,0.16210295259952545,0.36710476875305176,0.19097064435482025,-0.10767287015914917,0.2937203347682953,2.165621519088745,1.5790990591049194
RS,rs60,DISCOVERY,8,5479,0.256297767162323,0.4223338663578034,0.3208954632282257,0.029607348144054413,0.23628570139408112,0.17028655111789703,0.3403905928134918,0.20921657979488373,-0.11936218291521072,0.33290746808052063,2.1132967472076416,1.5340375900268555
RS,rs60,DISCOVERY,9,5479,0.4223338663578034,inf,0.6113589406013489,0.031953129917383194,0.19485175609588623,0.20879723131656647,0.29549187421798706,0.2463134229183197,-0.1509665697813034,0.40883374214172363,2.077143907546997,1.4256788492202759
RS,rs60,STRICT_OOS,0,7167,-inf,-0.14547637104988098,-0.2317359447479248,0.02306935377418995,0.3674587905406952,0.15236499905586243,0.6582949757575989,0.1994636356830597,-0.12397365272045135,0.21640853583812714,4.021224498748779,1.524304747581482
RS,rs60,STRICT_OOS,1,3788,-0.14547637104988098,-0.07997273802757263,-0.11231068521738052,0.03538329154253006,0.4855262041091919,0.16657866537570953,0.5984688401222229,0.20484572649002075,-0.10741022229194641,0.23416051268577576,3.943758726119995,1.8293430805206299
RS,rs60,STRICT_OOS,2,2892,-0.07997273802757263,-0.03170364797115324,-0.0567617192864418,0.05008570849895477,0.7375823259353638,0.17496542632579803,0.5176348686218262,0.21940064430236816,-0.10878269374370575,0.2531120479106903,3.7321295738220215,2.1465842723846436
RS,rs60,STRICT_OOS,3,2567,-0.03170364797115324,0.010811712965369251,-0.010532996617257595,0.044983871281147,0.4538753628730774,0.1967276930809021,0.5044799447059631,0.2205052524805069,-0.11547096818685532,0.26996493339538574,3.345968008041382,1.969069004058838
RS,rs60,STRICT_OOS,4,2510,0.010811712965369251,0.05397683382034302,0.032366178929805756,0.05585617199540138,0.5755830407142639,0.19681274890899658,0.4848605692386627,0.22950993478298187,-0.12178176641464233,0.28207170963287354,3.4906139373779297,2.19183349609375
RS,rs60,STRICT_OOS,5,2597,0.05397683382034302,0.1040662378072739,0.0784582644701004,0.05537508428096771,0.6214738488197327,0.19830574095249176,0.46861764788627625,0.23321838676929474,-0.1255071610212326,0.30573737621307373,3.1605749130249023,2.077467918395996
RS,rs60,STRICT_OOS,6,2711,0.1040662378072739,0.16742129623889937,0.133965864777565,0.04869978502392769,0.3790699243545532,0.21504980325698853,0.46587973833084106,0.2446746528148651,-0.13634763658046722,0.32054591178894043,3.153149127960205,1.8663384914398193
RS,rs60,STRICT_OOS,7,2917,0.16742129623889937,0.256297767162323,0.20844529569149017,0.05717633664608002,0.598155677318573,0.2200891375541687,0.4288652837276459,0.2612626552581787,-0.14513400197029114,0.36304423213005066,2.9349353313446045,1.9349204301834106
RS,rs60,STRICT_OOS,8,3203,0.256297767162323,0.4223338663578034,0.3262571096420288,0.06305532157421112,0.39174699783325195,0.24570715427398682,0.4152357280254364,0.2894343435764313,-0.1595083624124527,0.4058694839477539,2.8908984661102295,1.8722434043884277
RS,rs60,STRICT_OOS,9,4485,0.4223338663578034,inf,0.6497223377227783,0.05997547134757042,0.3826174736022949,0.2709030210971832,0.3636566400527954,0.3338947296142578,-0.19220657646656036,0.47380155324935913,2.4457976818084717,1.636600136756897
RS,rs120,PRE_2020_2022,0,5545,-inf,-0.14669163525104523,-0.22167707979679108,0.019261803478002548,1.148476004600525,0.1222723200917244,0.5588818788528442,0.15483425557613373,-0.1087852343916893,0.19783589243888855,2.752208709716797,1.501134991645813
RS,rs120,PRE_2020_2022,1,5112,-0.14669163525104523,-0.06232454627752304,-0.10118582844734192,0.020857783034443855,0.34035414457321167,0.11756651103496552,0.555359959602356,0.15527743101119995,-0.11204569041728973,0.20129108428955078,2.857835531234741,1.5359255075454712
RS,rs120,PRE_2020_2022,2,5048,-0.06232454627752304,0.0015429513296113136,-0.02845907211303711,0.013761105947196484,0.28435084223747253,0.10657685995101929,0.5396196246147156,0.1447395384311676,-0.11133801192045212,0.1893819272518158,2.490237236022949,1.3387964963912964
RS,rs120,PRE_2020_2022,3,5291,0.0015429513296113136,0.06163335219025612,0.03109865076839924,0.020774994045495987,0.7422345876693726,0.12511812150478363,0.5208845138549805,0.1513097584247589,-0.11028920114040375,0.19599319994449615,2.6270525455474854,1.507312536239624
RS,rs120,PRE_2020_2022,4,5435,0.06163335219025612,0.1264953911304474,0.09348426759243011,0.01759570650756359,0.224385067820549,0.12474700808525085,0.5146273970603943,0.15628744661808014,-0.11464877426624298,0.21600736677646637,2.4403557777404785,1.3996367454528809
RS,rs120,PRE_2020_2022,5,6123,0.1264953911304474,0.20263078808784496,0.1633029729127884,0.021056370809674263,0.40341469645500183,0.13098154962062836,0.49910175800323486,0.1663278490304947,-0.11581721156835556,0.22439980506896973,2.5543298721313477,1.447105050086975
RS,rs120,PRE_2020_2022,6,6466,0.20263078808784496,0.2973827719688416,0.24748386442661285,0.014633527025580406,0.2742944359779358,0.13052892684936523,0.5003092885017395,0.1676616668701172,-0.12374355643987656,0.23863284289836884,2.3272831439971924,1.2892063856124878
RS,rs120,PRE_2020_2022,7,6732,0.2973827719688416,0.4382888078689575,0.35936853289604187,0.022234758362174034,0.20407186448574066,0.15567439794540405,0.4780154526233673,0.19537411630153656,-0.13117681443691254,0.26633986830711365,2.5268383026123047,1.391769289970398
RS,rs120,PRE_2020_2022,8,6779,0.4382888078689575,0.7081408202648163,0.5455670952796936,0.014872506260871887,0.08439882844686508,0.16447854042053223,0.4733736515045166,0.21099087595939636,-0.15086492896080017,0.3000442683696747,2.4017417430877686,1.2219856977462769
RS,rs120,PRE_2020_2022,9,7328,0.7081408202648163,inf,1.040408968925476,0.0211046002805233,0.13799764215946198,0.18695415556430817,0.4504639804363251,0.256385862827301,-0.18337462842464447,0.34579694271087646,2.496412754058838,1.2469291687011719
RS,rs120,DISCOVERY,0,5477,-inf,-0.14669163525104523,-0.21477071940898895,-0.003503067884594202,-0.02891339175403118,0.07285010069608688,0.6494431495666504,0.12435606867074966,-0.11500077694654465,0.13784918189048767,2.6241421699523926,0.9132505655288696
RS,rs120,DISCOVERY,1,5477,-0.14669163525104523,-0.06232454627752304,-0.09913498908281326,0.011462228372693062,0.24669785797595978,0.08398758620023727,0.5256527066230774,0.1300852745771408,-0.08955352753400803,0.152820885181427,2.5096936225891113,1.3223644495010376
RS,rs120,DISCOVERY,2,5476,-0.06232454627752304,0.0015429513296113136,-0.029233047738671303,0.021730273962020874,0.385715514421463,0.10171657800674438,0.47571220993995667,0.14016686379909515,-0.08142108470201492,0.17914536595344543,2.5611820220947266,1.6341612339019775
RS,rs120,DISCOVERY,3,5477,0.0015429513296113136,0.06163335219025612,0.03157665953040123,0.01992305926978588,0.31479349732398987,0.10133284330368042,0.4537155330181122,0.1407560259103775,-0.08400429785251617,0.18568558990955353,2.384657144546509,1.5504941940307617
RS,rs120,DISCOVERY,4,5476,0.06163335219025612,0.1264953911304474,0.09216395020484924,0.024252092465758324,0.37327253818511963,0.11413440108299255,0.42184075713157654,0.15254394710063934,-0.08673805743455887,0.21475529670715332,2.346522569656372,1.6427842378616333
RS,rs120,DISCOVERY,5,5477,0.1264953911304474,0.20263078808784496,0.1626136153936386,0.028631672263145447,0.37018507719039917,0.13565820455551147,0.4259631037712097,0.1689079850912094,-0.09169570356607437,0.24557238817214966,2.546311378479004,1.723788857460022
RS,rs120,DISCOVERY,6,5476,0.20263078808784496,0.2973827719688416,0.24677744507789612,0.030629120767116547,0.3806839883327484,0.14846603572368622,0.4136230945587158,0.18344330787658691,-0.10155962407588959,0.27611395716667175,2.4144928455352783,1.6789320707321167
RS,rs120,DISCOVERY,7,5477,0.2973827719688416,0.4382888078689575,0.3596402406692505,0.02772674337029457,0.2960515022277832,0.16450612246990204,0.4022274911403656,0.19462354481220245,-0.1109667718410492,0.29943400621414185,2.3416993618011475,1.556625247001648
RS,rs120,DISCOVERY,8,5476,0.4382888078689575,0.7081408202648163,0.543201208114624,0.025109434500336647,0.20182457566261292,0.17184075713157654,0.39353543519973755,0.21479862928390503,-0.12471859902143478,0.3316289186477661,2.300238609313965,1.4412367343902588
RS,rs120,DISCOVERY,9,5477,0.7081408202648163,inf,1.0491397380828857,0.016410604119300842,0.12596257030963898,0.1887894868850708,0.41263464093208313,0.22981522977352142,-0.15751363337039948,0.3596859574317932,2.2498180866241455,1.2173326015472412
RS,rs120,STRICT_OOS,0,8529,-inf,-0.14669163525104523,-0.2694036364555359,0.03223728761076927,0.43550431728363037,0.1517176628112793,0.5944424867630005,0.19417640566825867,-0.10322751849889755,0.2212451696395874,3.8989651203155518,1.7868034839630127
RS,rs120,STRICT_OOS,1,3443,-0.14669163525104523,-0.06232454627752304,-0.10451852530241013,0.05030474811792374,0.6833160519599915,0.17891374230384827,0.506534993648529,0.22257959842681885,-0.1103474348783493,0.27243682742118835,3.6370222568511963,2.1362686157226562
RS,rs120,STRICT_OOS,2,2799,-0.06232454627752304,0.0015429513296113136,-0.030764373019337654,0.05181674286723137,0.5254541635513306,0.18685244023799896,0.5144694447517395,0.22388137876987457,-0.1245080754160881,0.27688461542129517,3.667722702026367,2.087907075881958
RS,rs120,STRICT_OOS,3,2569,0.0015429513296113136,0.06163335219025612,0.030480854213237762,0.041159432381391525,0.4414786696434021,0.18295057117938995,0.50369793176651,0.22201529145240784,-0.12120530754327774,0.27170103788375854,3.2827463150024414,1.8326009511947632
RS,rs120,STRICT_OOS,4,2627,0.06163335219025612,0.1264953911304474,0.09294070303440094,0.04262034222483635,0.4120790660381317,0.18309858441352844,0.4906737804412842,0.21888487040996552,-0.1317039281129837,0.27788352966308594,3.16145396232605,1.8266178369522095
RS,rs120,STRICT_OOS,5,2744,0.1264953911304474,0.20263078808784496,0.16276128590106964,0.04913639649748802,0.49802935123443604,0.1964285671710968,0.48032069206237793,0.2383228838443756,-0.13804636895656586,0.31268221139907837,3.216881513595581,1.9002912044525146
RS,rs120,STRICT_OOS,6,2528,0.20263078808784496,0.2973827719688416,0.24446448683738708,0.05009833723306656,0.5690932869911194,0.21795886754989624,0.4616297483444214,0.252353698015213,-0.1416517049074173,0.33939874172210693,3.0677905082702637,1.8449513912200928
RS,rs120,STRICT_OOS,7,2579,0.2973827719688416,0.4382888078689575,0.36096349358558655,0.0618692971765995,0.4880463778972626,0.23613803088665009,0.4753780663013458,0.284068763256073,-0.15267503261566162,0.369135320186615,3.2556746006011963,1.9562339782714844
RS,rs120,STRICT_OOS,8,2914,0.4382888078689575,0.7081408202648163,0.5514982342720032,0.06634960323572159,0.44644874334335327,0.26389843225479126,0.45538777112960815,0.3091997504234314,-0.16644075512886047,0.4138641059398651,3.1603047847747803,1.9191923141479492
RS,rs120,STRICT_OOS,9,4100,0.7081408202648163,inf,1.1155633926391602,0.04517572745680809,0.3434940576553345,0.27146342396736145,0.4419512152671814,0.320054292678833,-0.20028042793273926,0.4414634108543396,2.560732364654541,1.483567714691162
RS,rs120_pct,PRE_2020_2022,0,5302,-inf,0.24106036871671677,0.15189993381500244,0.007692337967455387,0.9542014002799988,0.10109392553567886,0.6163711547851562,0.13890017569065094,-0.11788837611675262,0.15956242382526398,2.8207690715789795,1.192034125328064
RS,rs120_pct,PRE_2020_2022,1,5575,0.24106036871671677,0.3688271641731262,0.3108384311199188,0.008505638688802719,0.22853228449821472,0.0853811651468277,0.5510314106941223,0.13116243481636047,-0.10527580231428146,0.16143497824668884,2.2250025272369385,1.2216185331344604
RS,rs120_pct,PRE_2020_2022,2,5581,0.3688271641731262,0.4672043323516847,0.4197368323802948,0.01852468214929104,0.35783910751342773,0.11467479169368744,0.5240996479988098,0.1446654498577118,-0.10567104071378708,0.19046765565872192,2.5720572471618652,1.4669556617736816
RS,rs120_pct,PRE_2020_2022,3,5526,0.4672043323516847,0.551948070526123,0.511049747467041,0.013810686767101288,0.21960054337978363,0.11454940587282181,0.5195439457893372,0.14908091723918915,-0.10921206325292587,0.20159247517585754,2.3688178062438965,1.3195695877075195
RS,rs120_pct,PRE_2020_2022,4,5605,0.551948070526123,0.6296751499176025,0.5916398763656616,0.02081226371228695,0.6461904644966125,0.12863515317440033,0.4893844723701477,0.1625393182039261,-0.11254429072141647,0.22836752235889435,2.4267818927764893,1.46551513671875
RS,rs120_pct,PRE_2020_2022,5,5935,0.6296751499176025,0.7040417194366456,0.6676342487335205,0.017250338569283485,0.2840825915336609,0.13513058423995972,0.4970513880252838,0.16939088702201843,-0.12177179008722305,0.23706823587417603,2.4250895977020264,1.3417009115219116
RS,rs120_pct,PRE_2020_2022,6,6183,0.7040417194366456,0.7767604291439056,0.7408963441848755,0.022440209984779358,0.28871217370033264,0.15494096279144287,0.4871421754360199,0.18398234248161316,-0.12556611001491547,0.25780364871025085,2.5156562328338623,1.4291325807571411
RS,rs120_pct,PRE_2020_2022,7,6523,0.7767604291439056,0.8488371968269348,0.8130841255187988,0.01698053628206253,0.3718510866165161,0.14962440729141235,0.4818335175514221,0.1931084245443344,-0.13688118755817413,0.2756400406360626,2.379133939743042,1.2896817922592163
RS,rs120_pct,PRE_2020_2022,8,6709,0.8488371968269348,0.9216783046722412,0.8853974342346191,0.022626716643571854,0.1818820983171463,0.17692652344703674,0.4660903215408325,0.22040116786956787,-0.15196162462234497,0.309882253408432,2.4888079166412354,1.341752290725708
RS,rs120_pct,PRE_2020_2022,9,6920,0.9216783046722412,inf,0.9594927430152893,0.033078499138355255,0.23243646323680878,0.20332369208335876,0.45130059123039246,0.27004945278167725,-0.18150594830513,0.35982659459114075,2.6571285724639893,1.4054718017578125
RS,rs120_pct,DISCOVERY,0,5477,-inf,0.24106036871671677,0.15359115600585938,0.008177146315574646,0.19109903275966644,0.07577140629291534,0.5857220888137817,0.12622235715389252,-0.09219170361757278,0.1415008157491684,2.7284669876098633,1.2427829504013062
RS,rs120_pct,DISCOVERY,1,5477,0.24106036871671677,0.3688271641731262,0.30957943201065063,0.016909925267100334,0.29708749055862427,0.08855212479829788,0.5121417045593262,0.12896651029586792,-0.08371337503194809,0.15227314829826355,2.7207279205322266,1.5198603868484497
RS,rs120_pct,DISCOVERY,2,5476,0.3688271641731262,0.4672043323516847,0.4200130105018616,0.016432197764515877,0.2831606864929199,0.09258583188056946,0.4919649362564087,0.13351862132549286,-0.08594286441802979,0.16672754287719727,2.5012800693511963,1.4665675163269043
RS,rs120_pct,DISCOVERY,3,5477,0.4672043323516847,0.551948070526123,0.5108024477958679,0.01811107061803341,0.30504104495048523,0.10388898849487305,0.46686142683029175,0.14381249248981476,-0.08960119634866714,0.1887894868850708,2.35166597366333,1.4748562574386597
RS,rs120_pct,DISCOVERY,4,5476,0.551948070526123,0.6296751499176025,0.5913851857185364,0.02218598872423172,0.32479459047317505,0.11705624312162399,0.44393718242645264,0.15357093513011932,-0.09293126314878464,0.21676406264305115,2.411634922027588,1.5541646480560303
RS,rs120_pct,DISCOVERY,5,5477,0.6296751499176025,0.7040417194366456,0.6671087741851807,0.025085892528295517,0.3115648031234741,0.13839693367481232,0.433814138174057,0.17042836546897888,-0.097536601126194,0.25123241543769836,2.4157774448394775,1.5864044427871704
RS,rs120_pct,DISCOVERY,6,5476,0.7040417194366456,0.7767604291439056,0.7404530048370361,0.024368397891521454,0.28593435883522034,0.13860481977462769,0.4207450747489929,0.17893418669700623,-0.10431987047195435,0.2711833417415619,2.3420770168304443,1.5291013717651367
RS,rs120_pct,DISCOVERY,7,5478,0.7767604291439056,0.8488371968269348,0.8130081295967102,0.021156959235668182,0.24389715492725372,0.15534867346286774,0.4204089045524597,0.1928638219833374,-0.11603376269340515,0.2907995581626892,2.255345582962036,1.4042465686798096
RS,rs120_pct,DISCOVERY,8,5476,0.8488371968269348,0.9216783046722412,0.8850249648094177,0.025226367637515068,0.22299693524837494,0.1694667637348175,0.398466020822525,0.21378782391548157,-0.1287330687046051,0.32870709896087646,2.292524814605713,1.4308726787567139
RS,rs120_pct,DISCOVERY,9,5476,0.9216783046722412,inf,0.9593545794487,0.02471640706062317,0.20064866542816162,0.20361578464508057,0.40029218792915344,0.23739781975746155,-0.15217818319797516,0.3747260868549347,2.286226749420166,1.3446831703186035
RS,rs120_pct,STRICT_OOS,0,2559,-inf,0.24106036871671677,0.16983895003795624,0.019995659589767456,0.24655424058437347,0.12231340259313583,0.6432200074195862,0.16691498458385468,-0.10323432087898254,0.18757326900959015,3.936211347579956,1.5470575094223022
RS,rs120_pct,STRICT_OOS,1,3195,0.24106036871671677,0.3688271641731262,0.31151002645492554,0.03428417444229126,0.4914516508579254,0.14710484445095062,0.5690140724182129,0.18507076799869537,-0.09953905642032623,0.22065727412700653,3.7857186794281006,1.9008686542510986
RS,rs120_pct,STRICT_OOS,2,3394,0.3688271641731262,0.4672043323516847,0.42074137926101685,0.03193965181708336,0.4237869679927826,0.1514437198638916,0.5633471012115479,0.1996377557516098,-0.11404762417078018,0.23305833339691162,3.446263551712036,1.6890777349472046
RS,rs120_pct,STRICT_OOS,3,3418,0.4672043323516847,0.551948070526123,0.5119225978851318,0.04518065229058266,0.6017717719078064,0.17817437648773193,0.5289642810821533,0.22292236983776093,-0.1187724843621254,0.2674078345298767,3.652824878692627,1.9343292713165283
RS,rs120_pct,STRICT_OOS,4,3458,0.551948070526123,0.6296751499176025,0.5915653109550476,0.04990395903587341,0.5364575386047363,0.189705029129982,0.5083863735198975,0.2420072853565216,-0.12339963018894196,0.28889530897140503,3.418884515762329,1.964768648147583
RS,rs120_pct,STRICT_OOS,5,3527,0.6296751499176025,0.7040417194366456,0.6677067279815674,0.053715042769908905,0.5343385338783264,0.21094414591789246,0.4916359484195709,0.251748651266098,-0.13119469583034515,0.31925147771835327,3.473471164703369,2.018662929534912
RS,rs120_pct,STRICT_OOS,6,3653,0.7040417194366456,0.7767604291439056,0.7410586476325989,0.05123365297913551,0.4996975064277649,0.21434436738491058,0.4735833704471588,0.25607430934906006,-0.1427878737449646,0.3323296010494232,3.066380023956299,1.8703700304031372
RS,rs120_pct,STRICT_OOS,7,3789,0.7767604291439056,0.8488371968269348,0.8132352828979492,0.054522741585969925,0.5679296851158142,0.2269728183746338,0.482977032661438,0.2695573568344116,-0.15275628864765167,0.34758511185646057,3.2506117820739746,1.8346763849258423
RS,rs120_pct,STRICT_OOS,8,3880,0.8488371968269348,0.9216783046722412,0.8851232528686523,0.05395986884832382,0.3959466218948364,0.2389175295829773,0.46365979313850403,0.28156712651252747,-0.15945538878440857,0.37783506512641907,2.9531476497650146,1.7784756422042847
RS,rs120_pct,STRICT_OOS,9,3959,0.9216783046722412,inf,0.9593373537063599,0.05603070557117462,0.3986295461654663,0.2750694751739502,0.41727709770202637,0.3031647503376007,-0.18167370557785034,0.42940136790275574,2.659240245819092,1.6857587099075317
RS,rs_slope20,PRE_2020_2022,0,6084,-inf,-0.006538972444832325,-0.009098874405026436,0.034932345151901245,1.4495099782943726,0.1988823115825653,0.6844181418418884,0.2094276249408722,-0.12351477891206741,0.22912557423114777,4.937312602996826,1.8958561420440674
RS,rs_slope20,PRE_2020_2022,1,5426,-0.006538972444832325,-0.00405123271048069,-0.0050959354266524315,0.019514722749590874,0.32932165265083313,0.13674898445606232,0.6760044097900391,0.16673824191093445,-0.11846426874399185,0.19074824452400208,3.962534189224243,1.522341012954712
RS,rs_slope20,PRE_2020_2022,2,5460,-0.00405123271048069,-0.0024169417563825843,-0.0031690902542322874,0.015423259697854519,0.636861264705658,0.1161172166466713,0.6364468932151794,0.15210041403770447,-0.112657830119133,0.17637363076210022,3.347673177719116,1.4098217487335205
RS,rs_slope20,PRE_2020_2022,3,5702,-0.0024169417563825843,-0.0010674867080524564,-0.0017143620643764734,0.01972557231783867,0.3033069372177124,0.11487197130918503,0.6011925935745239,0.15375593304634094,-0.1123046949505806,0.18765345215797424,3.1220343112945557,1.5078330039978027
RS,rs_slope20,PRE_2020_2022,4,5702,-0.0010674867080524564,0.0001971100427908823,-0.00043322218698449433,0.01703377440571785,0.30548638105392456,0.11013679206371307,0.558400571346283,0.14772683382034302,-0.11475435644388199,0.18993335962295532,2.6753532886505127,1.4155194759368896
RS,rs_slope20,PRE_2020_2022,5,5638,0.0001971100427908823,0.0015145500423386694,0.0008409029105678201,0.01558674592524767,0.15175805985927582,0.11316069215536118,0.5237672924995422,0.15342766046524048,-0.11953073740005493,0.21709826588630676,2.320066213607788,1.336129903793335
RS,rs_slope20,PRE_2020_2022,6,6217,0.0015145500423386694,0.0031925530172884505,0.0023210591170936823,0.01175419706851244,0.14539314806461334,0.12176290899515152,0.48158276081085205,0.16325950622558594,-0.12475953251123428,0.23709183931350708,1.974969744682312,1.2250268459320068
RS,rs_slope20,PRE_2020_2022,7,6159,0.0031925530172884505,0.005448283161967995,0.004194686654955149,0.013849985785782337,0.09555686265230179,0.13395032286643982,0.43448612093925476,0.1807376742362976,-0.13185864686965942,0.2657898962497711,1.9185305833816528,1.2274304628372192
RS,rs_slope20,PRE_2020_2022,8,6458,0.005448283161967995,0.009405258484184756,0.007090487517416477,0.015551912598311901,0.0849652960896492,0.14725922048091888,0.3456178307533264,0.19821883738040924,-0.14136594533920288,0.30365437269210815,1.790532112121582,1.219948649406433
RS,rs_slope20,PRE_2020_2022,9,6925,0.009405258484184756,inf,0.013600463047623634,0.023138107731938362,0.20672747492790222,0.18628159165382385,0.2063537836074829,0.25223222374916077,-0.1747666448354721,0.3911913335323334,1.7254890203475952,1.2558013200759888
RS,rs_slope20,DISCOVERY,0,5473,-inf,-0.006538972444832325,-0.008811595849692822,0.012757442891597748,0.24894405901432037,0.1251598745584488,0.7275717258453369,0.1725066751241684,-0.11659860610961914,0.18947561085224152,4.5497589111328125,1.3565101623535156
RS,rs_slope20,DISCOVERY,1,5473,-0.006538972444832325,-0.00405123271048069,-0.005118604749441147,0.012207956984639168,0.2513977885246277,0.11693769693374634,0.6817102432250977,0.15270991623401642,-0.10570453852415085,0.17832998931407928,3.729160785675049,1.3542009592056274
RS,rs_slope20,DISCOVERY,2,5473,-0.00405123271048069,-0.0024169417563825843,-0.0031893341802060604,0.012094683945178986,0.30283358693122864,0.09848346561193466,0.6162981986999512,0.14480999112129211,-0.09511282294988632,0.17248310148715973,3.040623188018799,1.3490709066390991
RS,rs_slope20,DISCOVERY,3,5473,-0.0024169417563825843,-0.0010674867080524564,-0.0017317356541752815,0.01917106658220291,0.3768734931945801,0.11109080910682678,0.554905891418457,0.14895321428775787,-0.09131920337677002,0.19349534809589386,2.828150987625122,1.5270742177963257
RS,rs_slope20,DISCOVERY,4,5473,-0.0010674867080524564,0.0001971100427908823,-0.00042652737465687096,0.02024775929749012,0.34749844670295715,0.1096290871500969,0.5039283633232117,0.14823956787586212,-0.08932407200336456,0.19276447594165802,2.4715218544006348,1.5351840257644653
RS,rs_slope20,DISCOVERY,5,5472,0.0001971100427908823,0.0015145500423386694,0.0008374571334570646,0.02316739410161972,0.36765673756599426,0.12554824352264404,0.4422514736652374,0.1529770791530609,-0.09017353504896164,0.21929824352264404,2.2308642864227295,1.572029709815979
RS,rs_slope20,DISCOVERY,6,5473,0.0015145500423386694,0.0031925530172884505,0.0023011076264083385,0.023344464600086212,0.27916091680526733,0.12388087064027786,0.3853462338447571,0.1618977040052414,-0.09559798240661621,0.23807783424854279,1.9417610168457031,1.5075275897979736
RS,rs_slope20,DISCOVERY,7,5473,0.0031925530172884505,0.005448283161967995,0.0042137643322348595,0.02577165700495243,0.22225321829319,0.1335647702217102,0.30549973249435425,0.1758178472518921,-0.10238215327262878,0.2826603353023529,1.8203238248825073,1.5072088241577148
RS,rs_slope20,DISCOVERY,8,5473,0.005448283161967995,0.009405258484184756,0.007106342818588018,0.026333482936024666,0.16277262568473816,0.15512515604496002,0.23789511620998383,0.19152499735355377,-0.11488816887140274,0.3221268057823181,1.6937602758407593,1.4490867853164673
RS,rs_slope20,DISCOVERY,9,5473,0.009405258484184756,inf,0.01322923507541418,0.026419665664434433,0.09948013722896576,0.1825324296951294,0.1194957047700882,0.22892646491527557,-0.1425701379776001,0.3932029902935028,1.6786142587661743,1.3464288711547852
RS,rs_slope20,STRICT_OOS,0,6313,-inf,-0.006538972444832325,-0.009695442393422127,0.02701830491423607,0.422468900680542,0.19483605027198792,0.7457627058029175,0.2362280786037445,-0.14317841827869415,0.2290511578321457,5.388849258422852,1.6034679412841797
RS,rs_slope20,STRICT_OOS,1,3915,-0.006538972444832325,-0.00405123271048069,-0.005198766011744738,0.033986978232860565,0.5075296759605408,0.18339718878269196,0.6802043318748474,0.22103656828403473,-0.12158283591270447,0.24648787081241608,4.872218132019043,1.7996020317077637
RS,rs_slope20,STRICT_OOS,2,3069,-0.00405123271048069,-0.0024169417563825843,-0.0032078875228762627,0.0367034450173378,0.6438152194023132,0.176604762673378,0.61909419298172,0.21693600714206696,-0.11545691639184952,0.2531769275665283,4.013105392456055,1.8573524951934814
RS,rs_slope20,STRICT_OOS,3,2733,-0.0024169417563825843,-0.0010674867080524564,-0.0017532386118546128,0.04622220620512962,0.6096725463867188,0.18441273272037506,0.5572630763053894,0.21848538517951965,-0.1121329516172409,0.2638126611709595,3.697598695755005,2.0409233570098877
RS,rs_slope20,STRICT_OOS,4,2653,-0.0010674867080524564,0.0001971100427908823,-0.00043563562212511897,0.03877400979399681,0.5169781446456909,0.16773463785648346,0.5190350413322449,0.20837077498435974,-0.11994379013776779,0.26196756958961487,3.0109012126922607,1.8069038391113281
RS,rs_slope20,STRICT_OOS,5,2507,0.0001971100427908823,0.0015145500423386694,0.0008285196963697672,0.047730814665555954,0.4826367497444153,0.1910650134086609,0.4642999470233917,0.2245306372642517,-0.12205655872821808,0.2951735258102417,2.8844375610351562,1.9267966747283936
RS,rs_slope20,STRICT_OOS,6,2769,0.0015145500423386694,0.0031925530172884505,0.0023017909843474627,0.05187477916479111,0.5535595417022705,0.18382087349891663,0.4445648193359375,0.227214515209198,-0.13270382583141327,0.3069700300693512,2.8348214626312256,1.9225244522094727
RS,rs_slope20,STRICT_OOS,7,2932,0.0031925530172884505,0.005448283161967995,0.004209243692457676,0.060043178498744965,0.44896966218948364,0.20941336452960968,0.38608458638191223,0.24483996629714966,-0.1344917118549347,0.35061392188072205,2.709172487258911,2.0105504989624023
RS,rs_slope20,STRICT_OOS,8,3424,0.005448283161967995,0.009405258484184756,0.007158590480685234,0.06233707815408707,0.42914655804634094,0.22634345293045044,0.31483644247055054,0.26394906640052795,-0.14528930187225342,0.396320104598999,2.2364001274108887,1.8716652393341064
RS,rs_slope20,STRICT_OOS,9,4417,0.009405258484184756,inf,0.013768533244729042,0.0705670416355133,0.3042489290237427,0.25673535466194153,0.19221191108226776,0.3232252299785614,-0.17340879142284393,0.479058176279068,2.114413022994995,1.74235999584198
RS,rs_accel,PRE_2020_2022,0,6258,-inf,-0.016596945747733117,-0.0236331969499588,0.01724361442029476,0.3002149164676666,0.1673058420419693,0.4555768668651581,0.22416190803050995,-0.1546417474746704,0.2957814037799835,2.498640775680542,1.2502189874649048
RS,rs_accel,PRE_2020_2022,1,5825,-0.016596945747733117,-0.009958477690815926,-0.012774844653904438,0.011828707531094551,0.7849305868148804,0.1452360451221466,0.5222317576408386,0.18346939980983734,-0.13366064429283142,0.23536480963230133,2.4974801540374756,1.2146458625793457
RS,rs_accel,PRE_2020_2022,2,6017,-0.009958477690815926,-0.00597678180783987,-0.007803322747349739,0.013389288447797298,0.5331913828849792,0.12348346412181854,0.5338208675384521,0.16585150361061096,-0.12549062073230743,0.2243642956018448,2.488870859146118,1.2766648530960083
RS,rs_accel,PRE_2020_2022,3,5928,-0.00597678180783987,-0.003032716969028115,-0.00439963536337018,0.017180554568767548,0.33572617173194885,0.12196356058120728,0.5357624888420105,0.16009539365768433,-0.11759137362241745,0.21018894016742706,2.5743422508239746,1.3894760608673096
RS,rs_accel,PRE_2020_2022,4,6206,-0.003032716969028115,-0.0004250644997227937,-0.0016644946299493313,0.017609555274248123,0.27405163645744324,0.11633902788162231,0.5402836203575134,0.15352995693683624,-0.11147620528936386,0.19561713933944702,2.579314947128296,1.4244940280914307
RS,rs_accel,PRE_2020_2022,5,6064,-0.0004250644997227937,0.0020847742911428227,0.0008201865712180734,0.01499850396066904,0.2940326929092407,0.10999340564012527,0.5555738806724548,0.15057025849819183,-0.11555085331201553,0.19508574903011322,2.635150909423828,1.3507695198059082
RS,rs_accel,PRE_2020_2022,6,5795,0.0020847742911428227,0.004911878705024726,0.003380388021469116,0.015391973778605461,0.20258885622024536,0.11578947305679321,0.5406385064125061,0.15358702838420868,-0.11664295196533203,0.20914581418037415,2.4648406505584717,1.3533233404159546
RS,rs_accel,PRE_2020_2022,7,5820,0.004911878705024726,0.008716519735753537,0.006634111050516367,0.016028570011258125,0.2970583438873291,0.13092783093452454,0.534879744052887,0.16521069407463074,-0.12438089400529861,0.22336769104003906,2.5014050006866455,1.3246599435806274
RS,rs_accel,PRE_2020_2022,8,5754,0.008716519735753537,0.01537564601749182,0.011435071006417274,0.0190938301384449,0.28761252760887146,0.15067778527736664,0.5031282305717468,0.18829011917114258,-0.13421308994293213,0.2612096071243286,2.456618547439575,1.3313543796539307
RS,rs_accel,PRE_2020_2022,9,6104,0.01537564601749182,inf,0.02292485348880291,0.04379796236753464,0.35906341671943665,0.21002621948719025,0.3373197913169861,0.2504984736442566,-0.15167252719402313,0.38007864356040955,2.2123167514801025,1.5916218757629395
RS,rs_accel,DISCOVERY,0,5473,-inf,-0.016596945747733117,-0.02328137680888176,0.016181310638785362,0.1506681591272354,0.14087337255477905,0.4182349741458893,0.1949632167816162,-0.12500983476638794,0.29143065214157104,2.277909278869629,1.2810394763946533
RS,rs_accel,DISCOVERY,1,5473,-0.016596945747733117,-0.009958477690815926,-0.012691845186054707,0.020055003464221954,0.27690964937210083,0.13520920276641846,0.47158780694007874,0.17581644654273987,-0.10621654242277145,0.25616663694381714,2.486206531524658,1.447591781616211
RS,rs_accel,DISCOVERY,2,5473,-0.009958477690815926,-0.00597678180783987,-0.00777533371001482,0.023447465151548386,0.4006628096103668,0.1335647702217102,0.46866434812545776,0.16730011999607086,-0.09579049050807953,0.23953956365585327,2.5719854831695557,1.5852729082107544
RS,rs_accel,DISCOVERY,3,5473,-0.00597678180783987,-0.003032716969028115,-0.004447930958122015,0.023774079978466034,0.33955302834510803,0.11986113339662552,0.48054084181785583,0.1566004604101181,-0.09316795319318771,0.21012242138385773,2.674971580505371,1.6296796798706055
RS,rs_accel,DISCOVERY,4,5473,-0.003032716969028115,-0.0004250644997227937,-0.0016983491368591785,0.025357913225889206,0.41626042127609253,0.12095742672681808,0.4754248261451721,0.15362049639225006,-0.08823850005865097,0.20281381905078888,2.7587594985961914,1.7202351093292236
RS,rs_accel,DISCOVERY,5,5472,-0.0004250644997227937,0.0020847742911428227,0.0008032988989725709,0.019917970523238182,0.31380438804626465,0.10983186960220337,0.49287280440330505,0.1467590034008026,-0.09141753613948822,0.19005848467350006,2.570269823074341,1.5457724332809448
RS,rs_accel,DISCOVERY,6,5473,0.0020847742911428227,0.004911878705024726,0.0034403910394757986,0.021193481981754303,0.29973265528678894,0.11839941889047623,0.5006394982337952,0.15283170342445374,-0.0934644564986229,0.20116937160491943,2.6734964847564697,1.5566413402557373
RS,rs_accel,DISCOVERY,7,5473,0.004911878705024726,0.008716519735753537,0.006647314876317978,0.01812337152659893,0.24146121740341187,0.12004385143518448,0.47706925868988037,0.15757252275943756,-0.10015325993299484,0.2121322900056839,2.4375205039978027,1.4252400398254395
RS,rs_accel,DISCOVERY,8,5473,0.008716519735753537,0.01537564601749182,0.011466764844954014,0.01838740147650242,0.15529771149158478,0.12972775101661682,0.46263474225997925,0.16887488961219788,-0.11168913543224335,0.2510506212711334,2.339865207672119,1.376351237297058
RS,rs_accel,DISCOVERY,9,5473,0.01537564601749182,inf,0.022800039499998093,0.015076981857419014,0.06451116502285004,0.15348072350025177,0.32724282145500183,0.20402349531650543,-0.13852375745773315,0.3274255394935608,1.8863693475723267,1.215824007987976
RS,rs_accel,STRICT_OOS,0,4783,-inf,-0.016596945747733117,-0.02473863586783409,0.05571670085191727,0.6804858446121216,0.21910934150218964,0.44720885157585144,0.2797281742095947,-0.15279407799243927,0.36817896366119385,3.166994333267212,1.8016955852508545
RS,rs_accel,STRICT_OOS,1,3692,-0.016596945747733117,-0.009958477690815926,-0.012866087257862091,0.05321814492344856,0.5893866419792175,0.20937161147594452,0.503250241279602,0.24162213504314423,-0.130691796541214,0.31229686737060547,3.5490243434906006,2.0457653999328613
RS,rs_accel,STRICT_OOS,2,3223,-0.009958477690815926,-0.00597678180783987,-0.007846707478165627,0.053535912185907364,0.5936183929443359,0.19515979290008545,0.5336642861366272,0.22985705733299255,-0.12212197482585907,0.2789326608181,3.9152705669403076,2.1690673828125
RS,rs_accel,STRICT_OOS,3,2850,-0.00597678180783987,-0.003032716969028115,-0.004483940079808235,0.03904586285352707,0.44099536538124084,0.18561403453350067,0.5561403632164001,0.21586845815181732,-0.12180599570274353,0.25999999046325684,3.6890664100646973,1.856207251548767
RS,rs_accel,STRICT_OOS,4,2847,-0.003032716969028115,-0.0004250644997227937,-0.0017191277584061027,0.03503630310297012,0.44940343499183655,0.1668422967195511,0.5514577031135559,0.20344731211662292,-0.12073031812906265,0.25149279832839966,3.471898317337036,1.7774348258972168
RS,rs_accel,STRICT_OOS,5,2725,-0.0004250644997227937,0.0020847742911428227,0.0008117784163914621,0.03691544756293297,0.3889146149158478,0.17614679038524628,0.5555963516235352,0.21320630609989166,-0.12104915827512741,0.25577980279922485,3.515015125274658,1.806327223777771
RS,rs_accel,STRICT_OOS,6,2852,0.0020847742911428227,0.004911878705024726,0.0034621991217136383,0.029519591480493546,0.3741567134857178,0.17215988039970398,0.5788919925689697,0.2056443840265274,-0.1266523003578186,0.2489481121301651,3.3986568450927734,1.6200852394104004
RS,rs_accel,STRICT_OOS,7,3227,0.004911878705024726,0.008716519735753537,0.006689643487334251,0.03835507854819298,0.44896477460861206,0.18995971977710724,0.5562441945075989,0.2253625988960266,-0.12590380012989044,0.2795165777206421,3.4028611183166504,1.7671167850494385
RS,rs_accel,STRICT_OOS,8,3707,0.008716519735753537,0.01537564601749182,0.011498779058456421,0.042604368180036545,0.38610032200813293,0.19584569334983826,0.5265713334083557,0.24103759229183197,-0.13528484106063843,0.3037496507167816,3.2468130588531494,1.7452799081802368
RS,rs_accel,STRICT_OOS,9,4826,0.01537564601749182,inf,0.02427183836698532,0.06152230501174927,0.3424830734729767,0.24575217068195343,0.3814753293991089,0.3025715947151184,-0.16440775990486145,0.41234976053237915,2.5373270511627197,1.7553107738494873
RS,mrs,PRE_2020_2022,0,5339,-inf,-0.09871386438608169,-0.14486519992351532,0.019509343430399895,1.2283841371536255,0.10413935035467148,0.572017252445221,0.139725461602211,-0.10042456537485123,0.17699943482875824,3.0268478393554688,1.5956752300262451
RS,mrs,PRE_2020_2022,1,5584,-0.09871386438608169,-0.03970517441630361,-0.06548941135406494,0.02017989195883274,0.3438735902309418,0.11425501108169556,0.5429799556732178,0.14671869575977325,-0.10307447612285614,0.1901862472295761,2.779578447341919,1.554732084274292
RS,mrs,PRE_2020_2022,2,5103,-0.03970517441630361,0.005471436493098743,-0.016743982210755348,0.019917882978916168,0.30699044466018677,0.12149716168642044,0.5461493134498596,0.1500203013420105,-0.10966935008764267,0.19243581593036652,2.7862813472747803,1.492500901222229
RS,mrs,PRE_2020_2022,3,5255,0.005471436493098743,0.0481436386704445,0.027504118159413338,0.02505042590200901,0.749784529209137,0.12921027839183807,0.5271170139312744,0.16164885461330414,-0.11168073862791061,0.20723120868206024,2.7144415378570557,1.606791377067566
RS,mrs,PRE_2020_2022,4,5395,0.0481436386704445,0.09301481395959854,0.07023044675588608,0.018242977559566498,0.42280441522598267,0.12215013802051544,0.5201112031936646,0.15910369157791138,-0.11677232384681702,0.2159406840801239,2.568037748336792,1.4028891324996948
RS,mrs,PRE_2020_2022,5,5549,0.09301481395959854,0.14379199743270873,0.11715232580900192,0.015361892059445381,0.2411813884973526,0.13209587335586548,0.5233375430107117,0.16694189608097076,-0.12381967902183533,0.23139303922653198,2.5312275886535645,1.3169317245483398
RS,mrs,PRE_2020_2022,6,6512,0.14379199743270873,0.20969640910625462,0.17518141865730286,0.015795627608895302,0.2696472108364105,0.13544225692749023,0.5021498799324036,0.1745194047689438,-0.12320080399513245,0.24093981087207794,2.293102741241455,1.3103444576263428
RS,mrs,PRE_2020_2022,7,6529,0.20969640910625462,0.29914527535438545,0.2498207688331604,0.011375276371836662,0.0934971272945404,0.13968448340892792,0.49808546900749207,0.18283754587173462,-0.13587051630020142,0.24858324229717255,2.3148889541625977,1.196169376373291
RS,mrs,PRE_2020_2022,8,6753,0.29914527535438545,0.4599605321884155,0.3673052191734314,0.01675879769027233,0.09391763806343079,0.16215015947818756,0.4714941382408142,0.20718176662921906,-0.1489730328321457,0.29853397607803345,2.425046682357788,1.2566845417022705
RS,mrs,PRE_2020_2022,9,7738,0.4599605321884155,inf,0.6408697962760925,0.02480142191052437,0.16346736252307892,0.19953475892543793,0.4051434397697449,0.26528602838516235,-0.18309345841407776,0.3627552390098572,2.3630211353302,1.282325267791748
RS,mrs,DISCOVERY,0,5473,-inf,-0.09871386438608169,-0.14575999975204468,-0.0024779019877314568,-0.03934489190578461,0.07125891000032425,0.6636214256286621,0.1182081550359726,-0.10842165350914001,0.12662160396575928,2.7991769313812256,0.9328316450119019
RS,mrs,DISCOVERY,1,5472,-0.09871386438608169,-0.03970517441630361,-0.06632715463638306,0.004020352847874165,0.08906413614749908,0.07510964572429657,0.5816885828971863,0.12090785801410675,-0.09361550211906433,0.13523392379283905,2.5511317253112793,1.1099731922149658
RS,mrs,DISCOVERY,2,5473,-0.03970517441630361,0.005471436493098743,-0.016823705285787582,0.00940736848860979,0.18736492097377777,0.08002923429012299,0.5236616134643555,0.13003864884376526,-0.08697698265314102,0.15457701683044434,2.3449361324310303,1.2600737810134888
RS,mrs,DISCOVERY,3,5472,0.005471436493098743,0.0481436386704445,0.02671366184949875,0.017133085057139397,0.3370898365974426,0.09923245757818222,0.4698464870452881,0.14168289303779602,-0.08669362962245941,0.17927631735801697,2.3195269107818604,1.4670038223266602
RS,mrs,DISCOVERY,4,5473,0.0481436386704445,0.09301481395959854,0.07012099027633667,0.017223695293068886,0.333381712436676,0.10761921852827072,0.4529508352279663,0.14908358454704285,-0.09044186025857925,0.20007309317588806,2.287377119064331,1.4384605884552002
RS,mrs,DISCOVERY,5,5472,0.09301481395959854,0.14379199743270873,0.11695440113544464,0.0260279830545187,0.432508647441864,0.1319444477558136,0.4259868562221527,0.16873694956302643,-0.09486904740333557,0.24396929144859314,2.349459409713745,1.6209673881530762
RS,mrs,DISCOVERY,6,5472,0.14379199743270873,0.20969640910625462,0.17398808896541595,0.03401068225502968,0.4589008390903473,0.15040205419063568,0.3916301131248474,0.18721875548362732,-0.09920927882194519,0.2858187258243561,2.4114012718200684,1.7775473594665527
RS,mrs,DISCOVERY,7,5473,0.20969640910625462,0.29914527535438545,0.24928812682628632,0.03083338402211666,0.35714542865753174,0.17047323286533356,0.38680797815322876,0.20101770758628845,-0.10882440954446793,0.3150009214878082,2.2116751670837402,1.6237170696258545
RS,mrs,DISCOVERY,8,5472,0.29914527535438545,0.4599605321884155,0.3632385730743408,0.03526942431926727,0.2976424992084503,0.18622076511383057,0.36056286096572876,0.2191096693277359,-0.12451111525297165,0.3389985263347626,2.331735849380493,1.6128921508789062
RS,mrs,DISCOVERY,9,5473,0.4599605321884155,inf,0.63686203956604,0.03019127994775772,0.20798581838607788,0.2097569853067398,0.31902065873146057,0.243278369307518,-0.1496863216161728,0.40233874320983887,2.070768117904663,1.4131892919540405
RS,mrs,STRICT_OOS,0,9885,-inf,-0.09871386438608169,-0.1850089132785797,0.022562025114893913,0.3535741865634918,0.14122407138347626,0.6049569845199585,0.18548105657100677,-0.10485322773456573,0.21264542639255524,3.5375351905822754,1.5401583909988403
RS,mrs,STRICT_OOS,1,3888,-0.09871386438608169,-0.03970517441630361,-0.06999431550502777,0.04593237116932869,0.6024824380874634,0.18595679104328156,0.5321502089500427,0.22041113674640656,-0.11395913362503052,0.2680041193962097,3.612245559692383,2.019843816757202
RS,mrs,STRICT_OOS,2,2917,-0.03970517441630361,0.005471436493098743,-0.016198905184864998,0.05703148990869522,0.680117666721344,0.19746313989162445,0.49502915143966675,0.23854932188987732,-0.1235341802239418,0.280425101518631,3.856320381164551,2.1764211654663086
RS,mrs,STRICT_OOS,3,2580,0.005471436493098743,0.0481436386704445,0.025971323251724243,0.03750162944197655,0.3883039951324463,0.17480620741844177,0.5120155215263367,0.22526751458644867,-0.1318487823009491,0.2953488230705261,3.0689451694488525,1.741430640220642
RS,mrs,STRICT_OOS,4,2463,0.0481436386704445,0.09301481395959854,0.06995967775583267,0.056061483919620514,0.6712378859519958,0.20422250032424927,0.4949249029159546,0.24690338969230652,-0.13399691879749298,0.30572474002838135,3.4942591190338135,2.079808235168457
RS,mrs,STRICT_OOS,5,2301,0.09301481395959854,0.14379199743270873,0.1178475022315979,0.05349088832736015,0.5914268493652344,0.20338982343673706,0.47457626461982727,0.24564096331596375,-0.1439725011587143,0.3229030966758728,3.2227718830108643,1.9377000331878662
RS,mrs,STRICT_OOS,6,2398,0.14379199743270873,0.20969640910625462,0.17410260438919067,0.043367043137550354,0.37470173835754395,0.2126772254705429,0.4674728810787201,0.25290077924728394,-0.15338487923145294,0.3302752375602722,2.8585546016693115,1.6761609315872192
RS,mrs,STRICT_OOS,7,2343,0.20969640910625462,0.29914527535438545,0.25067055225372314,0.07465038448572159,0.5799136161804199,0.2633376121520996,0.4498506188392639,0.2997036874294281,-0.15988652408123016,0.38924455642700195,3.3499035835266113,2.1044564247131348
RS,mrs,STRICT_OOS,8,2510,0.29914527535438545,0.4599605321884155,0.36855751276016235,0.07479137182235718,0.4673667252063751,0.28844621777534485,0.4302788972854614,0.3202306032180786,-0.16934894025325775,0.43067729473114014,3.046433687210083,1.9808831214904785
RS,mrs,STRICT_OOS,9,3460,0.4599605321884155,inf,0.664883017539978,0.060632314532995224,0.35157957673072815,0.2812138795852661,0.3676300644874573,0.33446913957595825,-0.19722847640514374,0.4806358516216278,2.3866946697235107,1.6317789554595947
RS,rs_slope13,PRE_2020_2022,0,5648,-inf,-0.13259286433458328,-0.18642562627792358,0.01719110645353794,0.4942896366119385,0.13420680165290833,0.6359773278236389,0.17021320760250092,-0.12471438199281693,0.20910055935382843,3.4792587757110596,1.4187604188919067
RS,rs_slope13,PRE_2020_2022,1,5346,-0.13259286433458328,-0.073277547955513,-0.09996098279953003,0.01733977347612381,0.3623834550380707,0.12214739620685577,0.5980172157287598,0.15416334569454193,-0.11354370415210724,0.19154508411884308,3.0011708736419678,1.434620976448059
RS,rs_slope13,PRE_2020_2022,2,5382,-0.073277547955513,-0.02886513341218233,-0.050174012780189514,0.015242460183799267,0.9166008234024048,0.10795243084430695,0.5626161098480225,0.14516384899616241,-0.11082562059164047,0.18784838914871216,2.63340163230896,1.3907231092453003
RS,rs_slope13,PRE_2020_2022,3,5160,-0.02886513341218233,0.010149816982448101,-0.00877026654779911,0.01382513903081417,0.3315573036670685,0.10988371819257736,0.5379844903945923,0.1450010985136032,-0.10879123955965042,0.19437985122203827,2.362574577331543,1.3338732719421387
RS,rs_slope13,PRE_2020_2022,4,5221,0.010149816982448101,0.05069341883063316,0.03014925681054592,0.017742319032549858,0.2567410469055176,0.11147289723157883,0.5177168846130371,0.15219146013259888,-0.11200527846813202,0.20168550312519073,2.4311258792877197,1.416375994682312
RS,rs_slope13,PRE_2020_2022,5,5837,0.05069341883063316,0.0994274839758873,0.07419749349355698,0.02324846386909485,0.2749428451061249,0.12660613656044006,0.4918622672557831,0.16249698400497437,-0.11421491950750351,0.2144937515258789,2.4821746349334717,1.528337836265564
RS,rs_slope13,PRE_2020_2022,6,6086,0.0994274839758873,0.15942281484603882,0.12808731198310852,0.017674895003437996,0.33695486187934875,0.13079197704792023,0.4886625111103058,0.16764341294765472,-0.12151558697223663,0.23020045459270477,2.448310136795044,1.3499095439910889
RS,rs_slope13,PRE_2020_2022,7,6321,0.15942281484603882,0.24277245998382568,0.19695572555065155,0.013043539598584175,0.12178052216768265,0.14602120220661163,0.4771396815776825,0.17885732650756836,-0.13115368783473969,0.25597214698791504,2.217177391052246,1.2296446561813354
RS,rs_slope13,PRE_2020_2022,8,6948,0.24277245998382568,0.4008164554834366,0.3098316788673401,0.021572839468717575,0.5067692399024963,0.1647956222295761,0.44962579011917114,0.20640110969543457,-0.14404886960983276,0.2982152998447418,2.3636746406555176,1.336823582649231
RS,rs_slope13,PRE_2020_2022,9,7944,0.4008164554834366,inf,0.5982798337936401,0.026146918535232544,0.1551356166601181,0.20103222131729126,0.374118834733963,0.267630010843277,-0.17855075001716614,0.37374117970466614,2.254102945327759,1.2994977235794067
RS,rs_slope13,DISCOVERY,0,5481,-inf,-0.13259286433458328,-0.18344831466674805,0.00030276383040472865,0.024859203025698662,0.09724503010511398,0.6965882182121277,0.14344537258148193,-0.11780239641666412,0.1587301641702652,3.2775120735168457,1.0078036785125732
RS,rs_slope13,DISCOVERY,1,5481,-0.13259286433458328,-0.073277547955513,-0.09978582710027695,0.012565272860229015,0.2260836362838745,0.0901295393705368,0.5867542624473572,0.13857291638851166,-0.09615863114595413,0.16274403035640717,2.8751187324523926,1.3451613187789917
RS,rs_slope13,DISCOVERY,2,5480,-0.073277547955513,-0.02886513341218233,-0.05021163076162338,0.016759594902396202,0.34008872509002686,0.09434306621551514,0.5122262835502625,0.13664110004901886,-0.08425437659025192,0.16989050805568695,2.5508780479431152,1.4974311590194702
RS,rs_slope13,DISCOVERY,3,5481,-0.02886513341218233,0.010149816982448101,-0.00879797525703907,0.01732926443219185,0.2805355489253998,0.09578543901443481,0.4800218939781189,0.1374070793390274,-0.08575960248708725,0.17916437983512878,2.3613321781158447,1.4837247133255005
RS,rs_slope13,DISCOVERY,4,5480,0.010149816982448101,0.05069341883063316,0.02980775386095047,0.0240691639482975,0.4126495122909546,0.11186131089925766,0.44689780473709106,0.1506887525320053,-0.08759234100580215,0.20346716046333313,2.4636569023132324,1.6362032890319824
RS,rs_slope13,DISCOVERY,5,5481,0.05069341883063316,0.0994274839758873,0.07399158924818039,0.020194904878735542,0.3385390043258667,0.11968618631362915,0.4347746670246124,0.15687195956707,-0.09368946403265,0.21930304169654846,2.2496328353881836,1.4822793006896973
RS,rs_slope13,DISCOVERY,6,5480,0.0994274839758873,0.15942281484603882,0.12730781733989716,0.024647848680615425,0.3547414541244507,0.1405109465122223,0.4041970670223236,0.17364174127578735,-0.09979337453842163,0.2642335891723633,2.2591497898101807,1.5431047677993774
RS,rs_slope13,DISCOVERY,7,5481,0.15942281484603882,0.24277245998382568,0.1964411437511444,0.026676101610064507,0.2595079839229584,0.15526363253593445,0.3738369047641754,0.18830609321594238,-0.10905246436595917,0.28972816467285156,2.179011583328247,1.523146629333496
RS,rs_slope13,DISCOVERY,8,5480,0.24277245998382568,0.4008164554834366,0.3055591583251953,0.029192836955189705,0.24905601143836975,0.1748175173997879,0.34124088287353516,0.20970891416072845,-0.11859375983476639,0.33047446608543396,2.122992515563965,1.5233635902404785
RS,rs_slope13,DISCOVERY,9,5481,0.4008164554834366,inf,0.5808184146881104,0.030567867681384087,0.18024565279483795,0.20397737622261047,0.29739099740982056,0.24447710812091827,-0.15061788260936737,0.4063127040863037,2.051983118057251,1.4096726179122925
RS,rs_slope13,STRICT_OOS,0,6981,-inf,-0.13259286433458328,-0.202018603682518,0.02510114759206772,0.3820556402206421,0.1528434306383133,0.6530582904815674,0.19744904339313507,-0.12228843569755554,0.21773384511470795,4.0600481033325195,1.5882573127746582
RS,rs_slope13,STRICT_OOS,1,3871,-0.13259286433458328,-0.073277547955513,-0.10246381163597107,0.03324505686759949,0.4894506633281708,0.15939034521579742,0.5972616672515869,0.20336118340492249,-0.10957026481628418,0.23017308115959167,3.7812578678131104,1.7505823373794556
RS,rs_slope13,STRICT_OOS,2,2982,-0.073277547955513,-0.02886513341218233,-0.051040731370449066,0.04180331155657768,0.6181366443634033,0.17873910069465637,0.5295103788375854,0.2111981362104416,-0.10995624959468842,0.24681422114372253,3.5989925861358643,1.9444971084594727
RS,rs_slope13,STRICT_OOS,3,2628,-0.02886513341218233,0.010149816982448101,-0.009528884664177895,0.04758072271943092,0.4957391619682312,0.18949772417545319,0.5159817337989807,0.22604095935821533,-0.1176907867193222,0.2675037980079651,3.573904037475586,2.0046141147613525
RS,rs_slope13,STRICT_OOS,4,2516,0.010149816982448101,0.05069341883063316,0.029472220689058304,0.06266727298498154,0.6826958060264587,0.20667727291584015,0.47853735089302063,0.2392071634531021,-0.1213880106806755,0.29411765933036804,3.507274627685547,2.3219456672668457
RS,rs_slope13,STRICT_OOS,5,2783,0.05069341883063316,0.0994274839758873,0.07406598329544067,0.0515652671456337,0.5644621849060059,0.19655048847198486,0.46963709592819214,0.2331247329711914,-0.12717103958129883,0.30434781312942505,3.1373181343078613,1.980592966079712
RS,rs_slope13,STRICT_OOS,6,2672,0.0994274839758873,0.15942281484603882,0.12833118438720703,0.05922486633062363,0.5904585123062134,0.2309131771326065,0.45209580659866333,0.25653159618377686,-0.1361861526966095,0.342440128326416,3.156196355819702,2.068931818008423
RS,rs_slope13,STRICT_OOS,7,2884,0.15942281484603882,0.24277245998382568,0.19825232028961182,0.04555369168519974,0.37532180547714233,0.21463245153427124,0.4528432786464691,0.2580695152282715,-0.1507359743118286,0.35575589537620544,2.8649187088012695,1.6974365711212158
RS,rs_slope13,STRICT_OOS,8,3296,0.24277245998382568,0.4008164554834366,0.3086491525173187,0.0614178441464901,0.3947828412055969,0.2436286360025406,0.4168689250946045,0.28920450806617737,-0.15991786122322083,0.4053398072719574,2.8377766609191895,1.848251461982727
RS,rs_slope13,STRICT_OOS,9,4238,0.4008164554834366,inf,0.6035730838775635,0.06276717036962509,0.3795028328895569,0.2708824872970581,0.3513449728488922,0.3339986503124237,-0.19038240611553192,0.4738084077835083,2.469280481338501,1.676841139793396
RESILIENCE,dcap60,PRE_2020_2022,0,4265,-inf,-0.216065277159214,-0.6433602571487427,0.010773132555186749,0.10665647685527802,0.1488862782716751,0.5008206367492676,0.225044384598732,-0.1761593520641327,0.2853458523750305,2.719325542449951,1.1312466859817505
RESILIENCE,dcap60,PRE_2020_2022,1,4301,-0.216065277159214,0.13016450405120858,-0.00952292513102293,0.009134212508797646,0.13411565124988556,0.13857242465019226,0.4750058054924011,0.1826080083847046,-0.13989703357219696,0.24808184802532196,2.094789743423462,1.1472724676132202
RESILIENCE,dcap60,PRE_2020_2022,2,4593,0.13016450405120858,0.3360714316368103,0.24384436011314392,0.024051329120993614,0.2507011592388153,0.12584367394447327,0.47332897782325745,0.1747269481420517,-0.12264560908079147,0.23775310814380646,2.4116714000701904,1.461337924003601
RESILIENCE,dcap60,PRE_2020_2022,3,4782,0.3360714316368103,0.5018737435340881,0.4212722182273865,0.02278485894203186,0.35611024498939514,0.12442492693662643,0.45859473943710327,0.16888019442558289,-0.1143665611743927,0.23107486963272095,2.2650651931762695,1.4764001369476318
RESILIENCE,dcap60,PRE_2020_2022,4,5225,0.5018737435340881,0.6588346362113953,0.5815989375114441,0.026521285995841026,1.693260908126831,0.1347368359565735,0.46124401688575745,0.16759048402309418,-0.11106342822313309,0.24019138514995575,2.349334239959717,1.5969431400299072
RESILIENCE,dcap60,PRE_2020_2022,5,5643,0.6588346362113953,0.8310349702835084,0.7461901903152466,0.030568500980734825,0.45772600173950195,0.14176855981349945,0.47244372963905334,0.1729816496372223,-0.10952901840209961,0.2332092821598053,2.6053736209869385,1.7010478973388672
RESILIENCE,dcap60,PRE_2020_2022,6,6743,0.8310349702835084,1.032512152194977,0.929811418056488,0.029319070279598236,0.38060712814331055,0.1477087289094925,0.4926590621471405,0.17256999015808105,-0.11578089743852615,0.24277028441429138,2.6848959922790527,1.6649967432022095
RESILIENCE,dcap60,PRE_2020_2022,7,7197,1.032512152194977,1.2864373207092286,1.1521928310394287,0.02690957672894001,0.45249319076538086,0.15937195718288422,0.500347375869751,0.18011374771595,-0.11867651343345642,0.25385576486587524,2.678022623062134,1.583248257637024
RESILIENCE,dcap60,PRE_2020_2022,8,8881,1.2864373207092286,1.7416890859603882,1.4830012321472168,0.014153090305626392,0.14874154329299927,0.14637991786003113,0.5391284823417664,0.18267907202243805,-0.13320550322532654,0.24006305634975433,2.6597087383270264,1.2685922384262085
RESILIENCE,dcap60,PRE_2020_2022,9,8289,1.7416890859603882,inf,2.149507522583008,-0.0016717956168577075,-0.0693792924284935,0.11991796642541885,0.5953673720359802,0.1792113184928894,-0.14885050058364868,0.23440705239772797,2.668640613555908,0.9719720482826233
RESILIENCE,dcap60,DISCOVERY,0,5482,-inf,-0.216065277159214,-0.6165418028831482,0.011080281808972359,0.11589299887418747,0.15122218430042267,0.43962058424949646,0.1929870843887329,-0.13051123917102814,0.29131704568862915,2.162584066390991,1.1797577142715454
RESILIENCE,dcap60,DISCOVERY,1,5482,-0.216065277159214,0.13016450405120858,-0.008132144808769226,0.02274816296994686,0.2591778635978699,0.12805545330047607,0.4295877516269684,0.16366517543792725,-0.10457505285739899,0.22582998871803284,2.329193115234375,1.502930760383606
RESILIENCE,dcap60,DISCOVERY,2,5483,0.13016450405120858,0.3360714316368103,0.2405509054660797,0.01604144088923931,0.1908307820558548,0.10815247148275375,0.4388108551502228,0.1466858983039856,-0.09698502719402313,0.19806675612926483,2.161196231842041,1.3739585876464844
RESILIENCE,dcap60,DISCOVERY,3,5481,0.3360714316368103,0.5018737435340881,0.4216904938220978,0.020715130493044853,0.2973642647266388,0.10965152084827423,0.4303959012031555,0.1493396759033203,-0.09506337344646454,0.20780879259109497,2.260017156600952,1.500503420829773
RESILIENCE,dcap60,DISCOVERY,4,5483,0.5018737435340881,0.6588346362113953,0.5816175937652588,0.018101682886481285,0.2766095697879791,0.10651103407144547,0.43096843361854553,0.15079206228256226,-0.09700322896242142,0.21338683366775513,2.239206075668335,1.4360418319702148
RESILIENCE,dcap60,DISCOVERY,5,5481,0.6588346362113953,0.8310349702835084,0.7408362627029419,0.01873023808002472,0.2477729171514511,0.11840905249118805,0.46068236231803894,0.15758010745048523,-0.10062535852193832,0.22295202314853668,2.406602144241333,1.4435398578643799
RESILIENCE,dcap60,DISCOVERY,6,5482,0.8310349702835084,1.032512152194977,0.9266114234924316,0.019088570028543472,0.26407352089881897,0.1240423172712326,0.4757387936115265,0.16296547651290894,-0.10350021719932556,0.23312659561634064,2.5497374534606934,1.4438799619674683
RESILIENCE,dcap60,DISCOVERY,7,5482,1.032512152194977,1.2864373207092286,1.1485774517059326,0.020794328302145004,0.28546229004859924,0.13097409904003143,0.4759211838245392,0.17042821645736694,-0.10319225490093231,0.2482670545578003,2.5563244819641113,1.4798998832702637
RESILIENCE,dcap60,DISCOVERY,8,5483,1.2864373207092286,1.7416890859603882,1.4761364459991455,0.02835920639336109,0.4034116268157959,0.1429874151945114,0.47127485275268555,0.1809937208890915,-0.0997658222913742,0.2602589726448059,2.729780435562134,1.6775768995285034
RESILIENCE,dcap60,DISCOVERY,9,5481,1.7416890859603882,inf,2.1988072395324707,0.026504702866077423,0.3238399624824524,0.16329136490821838,0.5208903551101685,0.20414921641349792,-0.11210814118385315,0.2826126515865326,3.0021588802337646,1.5509215593338013
RESILIENCE,dcap60,STRICT_OOS,0,2381,-inf,-0.216065277159214,-0.5288963317871094,0.005406858399510384,0.014903075061738491,0.1486770212650299,0.47963041067123413,0.22946354746818542,-0.15937823057174683,0.31079378724098206,2.4786922931671143,1.0686845779418945
RESILIENCE,dcap60,STRICT_OOS,1,3729,-0.216065277159214,0.13016450405120858,-0.002575153484940529,0.009875624440610409,0.04487030208110809,0.12040761858224869,0.4942343831062317,0.18191742897033691,-0.1281919628381729,0.2196299284696579,2.457127332687378,1.1687642335891724
RESILIENCE,dcap60,STRICT_OOS,2,3485,0.13016450405120858,0.3360714316368103,0.2373608946800232,0.014896927401423454,0.1338079273700714,0.1222381666302681,0.5050215125083923,0.1781199872493744,-0.12261868268251419,0.21606886386871338,2.4598562717437744,1.2803702354431152
RESILIENCE,dcap60,STRICT_OOS,3,3262,0.3360714316368103,0.5018737435340881,0.4190719723701477,0.018590664491057396,0.2972905933856964,0.14101777970790863,0.5,0.1985657811164856,-0.1290239840745926,0.26241570711135864,2.5238025188446045,1.3292498588562012
RESILIENCE,dcap60,STRICT_OOS,4,3165,0.5018737435340881,0.6588346362113953,0.5842053890228271,0.04070386290550232,0.5096254944801331,0.18420220911502838,0.5030015707015991,0.22659023106098175,-0.12892235815525055,0.2998420298099518,3.2019402980804443,1.763342022895813
RESILIENCE,dcap60,STRICT_OOS,5,3491,0.6588346362113953,0.8310349702835084,0.742655873298645,0.04363086447119713,0.41315338015556335,0.20338012278079987,0.5087367296218872,0.2387295961380005,-0.13485513627529144,0.3191062808036804,3.209059476852417,1.7997140884399414
RESILIENCE,dcap60,STRICT_OOS,6,4015,0.8310349702835084,1.032512152194977,0.9312589168548584,0.04899468272924423,0.5315122008323669,0.21195517480373383,0.538231611251831,0.24853861331939697,-0.1407550871372223,0.31407222151756287,3.4744439125061035,1.8357548713684082
RESILIENCE,dcap60,STRICT_OOS,7,4462,1.032512152194977,1.2864373207092286,1.1494154930114746,0.06708094477653503,0.661588728427887,0.23083819448947906,0.5154638886451721,0.27075397968292236,-0.13504350185394287,0.34087851643562317,3.877469301223755,2.2555572986602783
RESILIENCE,dcap60,STRICT_OOS,8,4913,1.2864373207092286,1.7416890859603882,1.4720443487167358,0.08831113576889038,0.8666601777076721,0.2888255715370178,0.5013230443000793,0.3001076281070709,-0.13730289041996002,0.388560950756073,4.09571647644043,2.730940818786621
RESILIENCE,dcap60,STRICT_OOS,9,1961,1.7416890859603882,inf,1.9297411441802979,0.12192007899284363,1.2857377529144287,0.35186129808425903,0.5288118124008179,0.36589857935905457,-0.1437457650899887,0.40846505761146545,4.946239948272705,3.358191967010498
RESILIENCE,dr60,PRE_2020_2022,0,10589,-inf,-0.009381333738565445,-0.016205905005335808,0.007881400175392628,0.04106133431196213,0.13627348840236664,0.5629426836967468,0.1883246749639511,-0.14610810577869415,0.254792720079422,2.7452588081359863,1.1343016624450684
RESILIENCE,dr60,PRE_2020_2022,1,7394,-0.009381333738565445,-0.003910600114613771,-0.006298393942415714,0.010887369513511658,0.17756886780261993,0.13876116275787354,0.5485528707504272,0.17543846368789673,-0.1308271586894989,0.22775223851203918,2.5538601875305176,1.2137459516525269
RESILIENCE,dr60,PRE_2020_2022,2,6408,-0.003910600114613771,-0.0004758388822665428,-0.0021167639642953873,0.02263548970222473,0.350725919008255,0.15308988094329834,0.5156055092811584,0.17508907616138458,-0.11865562945604324,0.24126093089580536,2.6570262908935547,1.4886335134506226
RESILIENCE,dr60,PRE_2020_2022,3,6578,-0.0004758388822665428,0.0024650298058986665,0.0010159423109143972,0.026920968666672707,0.38022154569625854,0.1444208025932312,0.5003040432929993,0.16963796317577362,-0.11440549045801163,0.23441775143146515,2.708097219467163,1.606231451034546
RESILIENCE,dr60,PRE_2020_2022,4,5710,0.0024650298058986665,0.005050842184573412,0.003744860179722309,0.033052172511816025,0.437926709651947,0.14938704669475555,0.4774080514907837,0.17279484868049622,-0.10981490463018417,0.23905429244041443,2.7106993198394775,1.7861318588256836
RESILIENCE,dr60,PRE_2020_2022,5,5176,0.005050842184573412,0.007492789626121522,0.006244126241654158,0.025233661755919456,0.32806098461151123,0.13176198303699493,0.47179287672042847,0.16700142621994019,-0.11176176369190216,0.2302936613559723,2.4421472549438477,1.568678617477417
RESILIENCE,dr60,PRE_2020_2022,6,4872,0.007492789626121522,0.010083191562443972,0.008756348863244057,0.026467813178896904,1.4111430644989014,0.12623152136802673,0.4534072279930115,0.16827136278152466,-0.11383525282144547,0.22721675038337708,2.291109085083008,1.5686014890670776
RESILIENCE,dr60,PRE_2020_2022,7,4587,0.010083191562443972,0.013329191319644452,0.011614679358899593,0.01590227521955967,0.7158742547035217,0.12121212482452393,0.456725537776947,0.166852205991745,-0.12044315785169601,0.22956180572509766,2.071692705154419,1.3052990436553955
RESILIENCE,dr60,PRE_2020_2022,8,4497,0.013329191319644452,0.018669089302420616,0.015448183752596378,0.01699340157210827,0.19538085162639618,0.13720257580280304,0.4712030291557312,0.1869463473558426,-0.13989874720573425,0.26573270559310913,2.2515878677368164,1.2776525020599365
RESILIENCE,dr60,PRE_2020_2022,9,4108,0.018669089302420616,inf,0.024880822747945786,0.008566181175410748,0.037228383123874664,0.15141187608242035,0.5026776790618896,0.2358204424381256,-0.18114618957042694,0.2943038046360016,2.7485885620117188,1.098498821258545
RESILIENCE,dr60,DISCOVERY,0,5482,-inf,-0.009381333738565445,-0.014421066269278526,0.025832628831267357,0.3275379538536072,0.16143743693828583,0.5186063647270203,0.204631969332695,-0.11360838264226913,0.2849324941635132,2.9572834968566895,1.5310410261154175
RESILIENCE,dr60,DISCOVERY,1,5482,-0.009381333738565445,-0.003910600114613771,-0.006262592505663633,0.027457987889647484,0.4023606777191162,0.1424662470817566,0.46807733178138733,0.18144895136356354,-0.1005072221159935,0.25994163751602173,2.689953088760376,1.6472008228302002
RESILIENCE,dr60,DISCOVERY,2,5482,-0.003910600114613771,-0.0004758388822665428,-0.002046977635473013,0.022734392434358597,0.28659263253211975,0.1349872350692749,0.4806639850139618,0.17040427029132843,-0.1013743206858635,0.2468077391386032,2.647719144821167,1.537631630897522
RESILIENCE,dr60,DISCOVERY,3,5482,-0.0004758388822665428,0.0024650298058986665,0.0010372960241511464,0.02158747985959053,0.29474467039108276,0.12349507212638855,0.4706311523914337,0.16288360953330994,-0.09979094564914703,0.23257935047149658,2.60209059715271,1.5242215394973755
RESILIENCE,dr60,DISCOVERY,4,5482,0.0024650298058986665,0.005050842184573412,0.0037837550044059753,0.02504977025091648,0.3385094702243805,0.12586647272109985,0.4461875259876251,0.15989139676094055,-0.09653056412935257,0.2212696075439453,2.448641300201416,1.6227725744247437
RESILIENCE,dr60,DISCOVERY,5,5482,0.005050842184573412,0.007492789626121522,0.006268376484513283,0.030051913112401962,0.3936864137649536,0.12057643383741379,0.4016782343387604,0.15524761378765106,-0.08964353054761887,0.22601240873336792,2.4265761375427246,1.8071891069412231
RESILIENCE,dr60,DISCOVERY,6,5482,0.007492789626121522,0.010083191562443972,0.008735026232898235,0.026240786537528038,0.3313342332839966,0.11820503324270248,0.4149945378303528,0.15360639989376068,-0.09187381714582443,0.2249179184436798,2.30259370803833,1.6831401586532593
RESILIENCE,dr60,DISCOVERY,7,5482,0.010083191562443972,0.013329191319644452,0.011616246774792671,0.014202148653566837,0.21765214204788208,0.10817220062017441,0.4392557442188263,0.15214136242866516,-0.1002306118607521,0.21470266580581665,2.1036837100982666,1.3234765529632568
RESILIENCE,dr60,DISCOVERY,8,5482,0.013329191319644452,0.018669089302420616,0.015545235015451908,0.01139186043292284,0.10456998646259308,0.11765778809785843,0.4560379385948181,0.15771301090717316,-0.11052444577217102,0.20868296921253204,2.299199342727661,1.2277839183807373
RESILIENCE,dr60,DISCOVERY,9,5482,0.018669089302420616,inf,0.024216827005147934,-0.0023858544882386923,-0.032552022486925125,0.13042685389518738,0.4777453541755676,0.18161208927631378,-0.13924334943294525,0.2637723386287689,2.163738965988159,0.9643245935440063
RESILIENCE,dr60,STRICT_OOS,0,3847,-inf,-0.009381333738565445,-0.013624865561723709,0.12031147629022598,1.2003846168518066,0.34182479977607727,0.4907720386981964,0.3529329001903534,-0.13908220827579498,0.41902780532836914,4.481222152709961,3.3563318252563477
RESILIENCE,dr60,STRICT_OOS,1,4017,-0.009381333738565445,-0.003910600114613771,-0.006368866190314293,0.07554613798856735,0.7595987319946289,0.26736369729042053,0.5125715732574463,0.28417250514030457,-0.1367972195148468,0.3696788549423218,4.001071929931641,2.4666569232940674
RESILIENCE,dr60,STRICT_OOS,2,3582,-0.003910600114613771,-0.0004758388822665428,-0.0020428430289030075,0.05836356431245804,0.6251832842826843,0.21635957062244415,0.5329424738883972,0.2587756812572479,-0.13683032989501953,0.3277498483657837,3.816396951675415,2.0734498500823975
RESILIENCE,dr60,STRICT_OOS,3,3438,-0.0004758388822665428,0.0024650298058986665,0.0010123071260750294,0.05207980051636696,0.518858790397644,0.2152414172887802,0.5456660985946655,0.2506570518016815,-0.14033456146717072,0.3109365999698639,3.609902858734131,1.901129961013794
RESILIENCE,dr60,STRICT_OOS,4,3062,0.0024650298058986665,0.005050842184573412,0.003766451496630907,0.036052294075489044,0.33197447657585144,0.19170476496219635,0.5231874585151672,0.22474205493927002,-0.13659395277500153,0.3001306354999542,3.1874895095825195,1.661041498184204
RESILIENCE,dr60,STRICT_OOS,5,2977,0.005050842184573412,0.007492789626121522,0.0062459418550133705,0.0415724441409111,0.42187315225601196,0.19549882411956787,0.5159556865692139,0.23499548435211182,-0.13505400717258453,0.31609001755714417,3.2139732837677,1.7676852941513062
RESILIENCE,dr60,STRICT_OOS,6,3115,0.007492789626121522,0.010083191562443972,0.008799760602414608,0.027958720922470093,0.4670379161834717,0.15537720918655396,0.5036917924880981,0.2031036764383316,-0.12772423028945923,0.26163724064826965,2.8303308486938477,1.5127630233764648
RESILIENCE,dr60,STRICT_OOS,7,3605,0.010083191562443972,0.013329191319644452,0.011623606085777283,0.01734371855854988,0.21321158111095428,0.13398058712482452,0.5062413215637207,0.19203200936317444,-0.12501876056194305,0.24299584329128265,2.5594377517700195,1.3146545886993408
RESILIENCE,dr60,STRICT_OOS,8,4015,0.013329191319644452,0.018669089302420616,0.015526688657701015,0.014500552788376808,0.0700322613120079,0.12129514664411545,0.4916563034057617,0.18572844564914703,-0.12625432014465332,0.22864258289337158,2.480254650115967,1.2550126314163208
RESILIENCE,dr60,STRICT_OOS,9,3206,0.018669089302420616,inf,0.02325979620218277,0.004985633306205273,0.028057225048542023,0.13880224525928497,0.4575795531272888,0.2168952375650406,-0.14839276671409607,0.28509044647216797,2.3057525157928467,1.0671076774597168
RESILIENCE,ucap60,PRE_2020_2022,0,3585,-inf,0.0819570802152157,-0.12324216216802597,-0.005600234493613243,-0.0954325720667839,0.09428173303604126,0.6702929139137268,0.15675091743469238,-0.15098954737186432,0.17238493263721466,3.2632675170898438,0.8985304236412048
RESILIENCE,ucap60,PRE_2020_2022,1,3908,0.0819570802152157,0.2804165542125702,0.1976250261068344,0.009233761578798294,0.21420666575431824,0.09135107696056366,0.5437564253807068,0.1454874724149704,-0.1125648021697998,0.1811668425798416,2.428971529006958,1.210760474205017
RESILIENCE,ucap60,PRE_2020_2022,2,3998,0.2804165542125702,0.4173225164413452,0.3566177785396576,0.012878715991973877,0.22003017365932465,0.09629815071821213,0.5157578587532043,0.14398211240768433,-0.11147754639387131,0.18334166705608368,2.2303600311279297,1.2941378355026245
RESILIENCE,ucap60,PRE_2020_2022,3,4582,0.4173225164413452,0.5485755920410157,0.4858566224575043,0.012618467211723328,0.33397746086120605,0.10192056000232697,0.49061545729637146,0.14846882224082947,-0.10929876565933228,0.19794850051403046,2.1865646839141846,1.288578987121582
RESILIENCE,ucap60,PRE_2020_2022,4,5287,0.5485755920410157,0.6838526725769043,0.6153021454811096,0.02161545306444168,0.40460145473480225,0.12596936523914337,0.4800454080104828,0.16020050644874573,-0.1078127771615982,0.2084357887506485,2.3906092643737793,1.497164011001587
RESILIENCE,ucap60,PRE_2020_2022,5,5880,0.6838526725769043,0.8326488375663759,0.75853431224823,0.02469819039106369,1.0657223463058472,0.13707482814788818,0.4874149560928345,0.1718607097864151,-0.11390924453735352,0.23333333432674408,2.56317400932312,1.5405569076538086
RESILIENCE,ucap60,PRE_2020_2022,6,6267,0.8326488375663759,1.0075055122375491,0.9152020812034607,0.029044529423117638,0.7539091110229492,0.1483963578939438,0.4750279188156128,0.18378888070583344,-0.11602640151977539,0.2538694739341736,2.6086103916168213,1.6070061922073364
RESILIENCE,ucap60,PRE_2020_2022,7,7643,1.0075055122375491,1.253096151351929,1.1229552030563354,0.025824088603258133,0.28931015729904175,0.15805311501026154,0.47389769554138184,0.1908349096775055,-0.12615546584129333,0.26782676577568054,2.5424439907073975,1.4882341623306274
RESILIENCE,ucap60,PRE_2020_2022,8,8848,1.253096151351929,1.6583679556846618,1.4346238374710083,0.02228900045156479,0.268518328666687,0.15585443377494812,0.4862115681171417,0.19830873608589172,-0.13961374759674072,0.27723780274391174,2.505518913269043,1.3817038536071777
RESILIENCE,ucap60,PRE_2020_2022,9,9921,1.6583679556846618,inf,2.0368123054504395,0.015875685960054398,0.12729887664318085,0.18234048783779144,0.5165809988975525,0.2183179259300232,-0.1632011979818344,0.30843666195869446,2.5389297008514404,1.2278897762298584
RESILIENCE,ucap60,DISCOVERY,0,5482,-inf,0.0819570802152157,-0.10954166203737259,0.010095217265188694,0.23313245177268982,0.11528639495372772,0.5600146055221558,0.15442617237567902,-0.10889054089784622,0.20394016802310944,2.6678106784820557,1.2384227514266968
RESILIENCE,ucap60,DISCOVERY,1,5482,0.0819570802152157,0.2804165542125702,0.19222179055213928,0.012922635301947594,0.2096824198961258,0.0912075862288475,0.5036482810974121,0.13793818652629852,-0.09564213454723358,0.17858445644378662,2.3775768280029297,1.3252289295196533
RESILIENCE,ucap60,DISCOVERY,2,5483,0.2804165542125702,0.4173225164413452,0.3515307307243347,0.0160943903028965,0.2250450849533081,0.10414006561040878,0.4767463207244873,0.1416405886411667,-0.09381454437971115,0.18292905390262604,2.3931384086608887,1.4113203287124634
RESILIENCE,ucap60,DISCOVERY,3,5481,0.4173225164413452,0.5485755920410157,0.48378264904022217,0.017966018989682198,0.22759616374969482,0.10618500411510468,0.456668496131897,0.14866484701633453,-0.0953342616558075,0.20178799331188202,2.359804391860962,1.446578025817871
RESILIENCE,ucap60,DISCOVERY,4,5482,0.5485755920410157,0.6838526725769043,0.6153971552848816,0.015959128737449646,0.23942214250564575,0.10853703320026398,0.44472819566726685,0.15235626697540283,-0.09794620424509048,0.21707406640052795,2.1744132041931152,1.3700807094573975
RESILIENCE,ucap60,DISCOVERY,5,5482,0.6838526725769043,0.8326488375663759,0.7552982568740845,0.02191918157041073,0.2848830223083496,0.12185333669185638,0.4491061568260193,0.16304077208042145,-0.10245150327682495,0.23495075106620789,2.4178974628448486,1.493260383605957
RESILIENCE,ucap60,DISCOVERY,6,5482,0.8326488375663759,1.0075055122375491,0.9136114120483398,0.024851875379681587,0.366636723279953,0.13662897050380707,0.4295877516269684,0.17675867676734924,-0.10456112772226334,0.2555636763572693,2.4104018211364746,1.5352007150650024
RESILIENCE,ucap60,DISCOVERY,7,5482,1.0075055122375491,1.253096151351929,1.1190195083618164,0.027206748723983765,0.2946945130825043,0.1557825654745102,0.4186428189277649,0.18858720362186432,-0.10726597905158997,0.27818313241004944,2.424248695373535,1.575068473815918
RESILIENCE,ucap60,DISCOVERY,8,5482,1.253096151351929,1.6583679556846618,1.4259257316589355,0.02631843090057373,0.289442777633667,0.16253192722797394,0.43013498187065125,0.1983737051486969,-0.1144687756896019,0.2993433177471161,2.4733734130859375,1.5068261623382568
RESILIENCE,ucap60,DISCOVERY,9,5482,1.6583679556846618,inf,2.050285816192627,0.028829827904701233,0.29390132427215576,0.181138277053833,0.40459686517715454,0.21779555082321167,-0.12295239418745041,0.33126595616340637,2.340167999267578,1.5100122690200806
RESILIENCE,ucap60,STRICT_OOS,0,2638,-inf,0.0819570802152157,-0.04904122278094292,-0.0022786152549088,-0.024306252598762512,0.07960576564073563,0.5966641306877136,0.14551664888858795,-0.10378008335828781,0.14253221452236176,2.670689582824707,0.9464693665504456
RESILIENCE,ucap60,STRICT_OOS,1,3258,0.0819570802152157,0.2804165542125702,0.1933460682630539,0.015787756070494652,0.2299022227525711,0.10220994800329208,0.5441988706588745,0.16007643938064575,-0.10126377642154694,0.1746470183134079,2.8445634841918945,1.389779806137085
RESILIENCE,ucap60,STRICT_OOS,2,3034,0.2804165542125702,0.4173225164413452,0.35541439056396484,0.020621079951524734,0.26936689019203186,0.14568226039409637,0.5629531741142273,0.18593424558639526,-0.11246844381093979,0.22083058953285217,2.936352491378784,1.4414821863174438
RESILIENCE,ucap60,STRICT_OOS,3,3194,0.4173225164413452,0.5485755920410157,0.4831141233444214,0.02753027155995369,0.39529183506965637,0.16217908263206482,0.5438321828842163,0.20679523050785065,-0.1265827864408493,0.25485286116600037,3.2065656185150146,1.5393892526626587
RESILIENCE,ucap60,STRICT_OOS,4,3634,0.5485755920410157,0.6838526725769043,0.6166708469390869,0.03420526906847954,0.3295954465866089,0.17886626720428467,0.5555861592292786,0.23237206041812897,-0.1425275355577469,0.2955420911312103,3.3574233055114746,1.5868486166000366
RESILIENCE,ucap60,STRICT_OOS,5,3943,0.6838526725769043,0.8326488375663759,0.7580223083496094,0.02824859321117401,0.33890649676322937,0.18463099002838135,0.5452700853347778,0.23467855155467987,-0.14561791718006134,0.29444584250450134,3.0863780975341797,1.4647023677825928
RESILIENCE,ucap60,STRICT_OOS,6,4328,0.8326488375663759,1.0075055122375491,0.9154720306396484,0.05425508692860603,0.7048144936561584,0.22088724374771118,0.4856746792793274,0.2698052227497101,-0.1408185064792633,0.35189464688301086,3.1642532348632812,1.8843175172805786
RESILIENCE,ucap60,STRICT_OOS,7,4616,1.0075055122375491,1.253096151351929,1.1180644035339355,0.06219557300209999,0.652930736541748,0.24545060098171234,0.45992201566696167,0.2787104547023773,-0.14877702295780182,0.3773830235004425,3.0685689449310303,1.9938021898269653
RESILIENCE,ucap60,STRICT_OOS,8,3948,1.253096151351929,1.6583679556846618,1.4165990352630615,0.09704674780368805,0.8465855717658997,0.3092705309391022,0.42578521370887756,0.32239580154418945,-0.1539011001586914,0.4318642318248749,3.3631277084350586,2.5249557495117188
RESILIENCE,ucap60,STRICT_OOS,9,2271,1.6583679556846618,inf,1.936011791229248,0.12141308933496475,0.8163662552833557,0.3439013659954071,0.3690004348754883,0.3587965667247772,-0.16007010638713837,0.4795244336128235,3.2638509273529053,2.791872501373291
RESILIENCE,up60,PRE_2020_2022,0,3392,-inf,-0.013387322332710028,-0.016023166477680206,0.0007732364465482533,-0.0011537299724295735,0.10731132328510284,0.6373820900917053,0.1752454936504364,-0.1510690450668335,0.21196934580802917,3.2241408824920654,1.013087272644043
RESILIENCE,up60,PRE_2020_2022,1,3566,-0.013387322332710028,-0.010535375587642193,-0.011692684143781662,0.014881163835525513,0.22258426249027252,0.10067301988601685,0.5409422516822815,0.15759159624576569,-0.11493635922670364,0.19209198653697968,2.56486177444458,1.3288363218307495
RESILIENCE,up60,PRE_2020_2022,2,4028,-0.010535375587642193,-0.00846229586750269,-0.009432557970285416,0.00915051531046629,0.22172360122203827,0.08937437832355499,0.5081926584243774,0.1381741613149643,-0.10952141880989075,0.18445879220962524,2.133150339126587,1.2153801918029785
RESILIENCE,up60,PRE_2020_2022,3,4786,-0.00846229586750269,-0.006539332214742899,-0.0074880896136164665,0.011164688505232334,0.303468257188797,0.10300877690315247,0.49582114815711975,0.14493721723556519,-0.10841266810894012,0.18930213153362274,2.111668109893799,1.2616442441940308
RESILIENCE,up60,PRE_2020_2022,4,5423,-0.006539332214742899,-0.004564692731946707,-0.0055191246792674065,0.021300436928868294,1.103094220161438,0.12133505195379257,0.49363821744918823,0.15591156482696533,-0.10883165150880814,0.19822975993156433,2.5184428691864014,1.4949322938919067
RESILIENCE,up60,PRE_2020_2022,5,6003,-0.004564692731946707,-0.0023954513017088175,-0.003490632399916649,0.022502217441797256,0.39009028673171997,0.13326670229434967,0.4922538697719574,0.16783872246742249,-0.11389626562595367,0.22721973061561584,2.5229640007019043,1.4969005584716797
RESILIENCE,up60,PRE_2020_2022,6,6305,-0.0023954513017088175,0.00011420466325944362,-0.001203747931867838,0.0270781721919775,0.7262791991233826,0.14480571448802948,0.487708181142807,0.1797039955854416,-0.11689484864473343,0.24345757067203522,2.6655826568603516,1.5699260234832764
RESILIENCE,up60,PRE_2020_2022,7,7513,0.00011420466325944362,0.003552307887002837,0.0017362101934850216,0.02304864302277565,0.2725420892238617,0.15652868151664734,0.48382803797721863,0.18736030161380768,-0.12659969925880432,0.2619459629058838,2.5441815853118896,1.4330211877822876
RESILIENCE,up60,PRE_2020_2022,8,8578,0.003552307887002837,0.009021046757698058,0.006008363328874111,0.021550338715314865,0.26389849185943604,0.15131732821464539,0.48531126976013184,0.19671674072742462,-0.13999563455581665,0.2716251015663147,2.497288703918457,1.3729448318481445
RESILIENCE,up60,PRE_2020_2022,9,10325,0.009021046757698058,inf,0.014367194846272469,0.018751323223114014,0.14872898161411285,0.18634381890296936,0.5086683034896851,0.2215104103088379,-0.16154834628105164,0.31631961464881897,2.5283279418945312,1.2698659896850586
RESILIENCE,up60,DISCOVERY,0,5482,-inf,-0.013387322332710028,-0.01601266860961914,0.006697919685393572,0.14821834862232208,0.10616563260555267,0.5519883036613464,0.1511424481868744,-0.1111200824379921,0.2008391171693802,2.505547046661377,1.151377558708191
RESILIENCE,up60,DISCOVERY,1,5482,-0.013387322332710028,-0.010535375587642193,-0.011774968355894089,0.014631365425884724,0.2611231505870819,0.10780736804008484,0.491791307926178,0.14316217601299286,-0.09620188176631927,0.190988689661026,2.461646318435669,1.3644793033599854
RESILIENCE,up60,DISCOVERY,2,5482,-0.010535375587642193,-0.00846229586750269,-0.009455597028136253,0.01553918793797493,0.20817773044109344,0.10178767144680023,0.4781101644039154,0.14371763169765472,-0.09513020515441895,0.1886172890663147,2.31544828414917,1.389539361000061
RESILIENCE,up60,DISCOVERY,3,5483,-0.00846229586750269,-0.006539332214742899,-0.007496935781091452,0.020046422258019447,0.2624802887439728,0.10322815924882889,0.45486047863960266,0.14884968101978302,-0.0932045504450798,0.19660769402980804,2.4098572731018066,1.5063393115997314
RESILIENCE,up60,DISCOVERY,4,5481,-0.006539332214742899,-0.004564692731946707,-0.005561678670346737,0.014907344244420528,0.2066519409418106,0.10673234611749649,0.4641488790512085,0.14997024834156036,-0.09939486533403397,0.21164020895957947,2.237008571624756,1.3533411026000977
RESILIENCE,up60,DISCOVERY,5,5483,-0.004564692731946707,-0.0023954513017088175,-0.003494707867503166,0.022292092442512512,0.31416603922843933,0.12110158801078796,0.4479299783706665,0.1619541198015213,-0.10074606537818909,0.22943644225597382,2.411742925643921,1.5075181722640991
RESILIENCE,up60,DISCOVERY,6,5481,-0.0023954513017088175,0.00011420466325944362,-0.0012164870277047157,0.025311922654509544,0.38083580136299133,0.13610655069351196,0.43203794956207275,0.17530792951583862,-0.10283039510250092,0.25542783737182617,2.4394423961639404,1.5577425956726074
RESILIENCE,up60,DISCOVERY,7,5482,0.00011420466325944362,0.003552307887002837,0.0016612341860309243,0.028766503557562828,0.3071850538253784,0.15724188089370728,0.42156147956848145,0.18796372413635254,-0.10539404302835464,0.2761765718460083,2.487743616104126,1.6212682723999023
RESILIENCE,up60,DISCOVERY,8,5482,0.003552307887002837,0.009021046757698058,0.005888624116778374,0.024937620386481285,0.2719913721084595,0.163079172372818,0.43031740188598633,0.19987404346466064,-0.11455706506967545,0.3004378080368042,2.4307711124420166,1.4774296283721924
RESILIENCE,up60,DISCOVERY,9,5482,0.009021046757698058,inf,0.013835852965712547,0.02903234213590622,0.30360838770866394,0.1800437867641449,0.4011309742927551,0.21764135360717773,-0.1247495487332344,0.3334549367427826,2.327956438064575,1.5067362785339355
RESILIENCE,up60,STRICT_OOS,0,4875,-inf,-0.013387322332710028,-0.016620958223938942,0.006361850071698427,0.10366979986429214,0.1035897433757782,0.5604102611541748,0.16497007012367249,-0.10838937014341354,0.17784614861011505,2.5526931285858154,1.1417748928070068
RESILIENCE,up60,STRICT_OOS,1,3303,-0.013387322332710028,-0.010535375587642193,-0.011881216429173946,0.016200263053178787,0.2671581506729126,0.11898273974657059,0.5504087209701538,0.1773872673511505,-0.11606643348932266,0.2137450873851776,2.9126274585723877,1.3460749387741089
RESILIENCE,up60,STRICT_OOS,2,2943,-0.010535375587642193,-0.00846229586750269,-0.009485305286943913,0.018237724900245667,0.21314969658851624,0.13693509995937347,0.5871559381484985,0.18930605053901672,-0.12553545832633972,0.23139654099941254,3.1799521446228027,1.3549093008041382
RESILIENCE,up60,STRICT_OOS,3,2970,-0.00846229586750269,-0.006539332214742899,-0.007485665380954742,0.02761557698249817,0.34894296526908875,0.162289559841156,0.54747474193573,0.2118748277425766,-0.13191817700862885,0.2569023668766022,3.172088861465454,1.50339674949646
RESILIENCE,up60,STRICT_OOS,4,3151,-0.006539332214742899,-0.004564692731946707,-0.005549933761358261,0.039510615170001984,0.40305280685424805,0.18914631009101868,0.5464931726455688,0.23808665573596954,-0.1390700787305832,0.29482704401016235,3.521062135696411,1.702509880065918
RESILIENCE,up60,STRICT_OOS,5,3212,-0.004564692731946707,-0.0023954513017088175,-0.0034765037707984447,0.03444349765777588,0.4033336937427521,0.2033001184463501,0.534246563911438,0.23924386501312256,-0.14043061435222626,0.2966998815536499,3.1854050159454346,1.5778728723526
RESILIENCE,up60,STRICT_OOS,6,3532,-0.0023954513017088175,0.00011420466325944362,-0.0012159330071881413,0.05869894474744797,0.7676326036453247,0.22593431174755096,0.4844280779361725,0.27192214131355286,-0.1365967094898224,0.3590033948421478,3.2515437602996826,2.0006067752838135
RESILIENCE,up60,STRICT_OOS,7,3757,0.00011420466325944362,0.003552307887002837,0.001711424789391458,0.0625164657831192,0.5770257115364075,0.24487623572349548,0.468991219997406,0.2762185037136078,-0.14603112637996674,0.3723715841770172,3.146742820739746,2.038482189178467
RESILIENCE,up60,STRICT_OOS,8,3747,0.003552307887002837,0.009021046757698058,0.00579365948215127,0.09198477119207382,0.9264578819274902,0.286095529794693,0.42353883385658264,0.30959150195121765,-0.15042683482170105,0.4184681177139282,3.402966022491455,2.4703245162963867
RESILIENCE,up60,STRICT_OOS,9,3374,0.009021046757698058,inf,0.013715013861656189,0.10971441864967346,0.76817786693573,0.34084174036979675,0.3861885070800781,0.3521870970726013,-0.16349861025810242,0.47095435857772827,3.0990116596221924,2.568232536315918
RESILIENCE,asym60,PRE_2020_2022,0,5063,-inf,-0.9873187839984894,-1.383381724357605,-0.010731980204582214,-0.14846956729888916,0.0920402929186821,0.6594904065132141,0.1525246798992157,-0.142457976937294,0.16432945430278778,2.834545850753784,0.795020580291748
RESILIENCE,asym60,PRE_2020_2022,1,5621,-0.9873187839984894,-0.5603396892547607,-0.7320599555969238,0.006908531300723553,0.14479757845401764,0.11119017750024796,0.5703611373901367,0.16295696794986725,-0.1252254843711853,0.20725849270820618,2.6358954906463623,1.1428264379501343
RESILIENCE,asym60,PRE_2020_2022,2,6166,-0.5603396892547607,-0.3066353499889374,-0.4196298122406006,0.015629539266228676,0.27373555302619934,0.12406747043132782,0.5184884667396545,0.15954314172267914,-0.11286380141973495,0.22380797564983368,2.498204231262207,1.361461877822876
RESILIENCE,asym60,PRE_2020_2022,3,5795,-0.3066353499889374,-0.1274045258760452,-0.21098777651786804,0.020561302080750465,0.38205796480178833,0.12959447503089905,0.5066436529159546,0.15910670161247253,-0.11154922097921371,0.21760137379169464,2.532557487487793,1.4817123413085938
RESILIENCE,asym60,PRE_2020_2022,4,6257,-0.1274045258760452,0.03691905923187733,-0.04241151735186577,0.02575555071234703,0.42460310459136963,0.1280166208744049,0.48074156045913696,0.1613241583108902,-0.1076439693570137,0.22103244066238403,2.454115867614746,1.613540530204773
RESILIENCE,asym60,PRE_2020_2022,5,6111,0.03691905923187733,0.2043057441711427,0.1198110282421112,0.027587890625,1.0053339004516602,0.12992963194847107,0.4629356861114502,0.16979382932186127,-0.10903911292552948,0.2331860512495041,2.4196388721466064,1.63410222530365
RESILIENCE,asym60,PRE_2020_2022,6,6393,0.2043057441711427,0.40605198740959175,0.29841694235801697,0.026579221710562706,0.32707491517066956,0.14703582227230072,0.4684811532497406,0.1776978075504303,-0.12028098851442337,0.24808384478092194,2.450913429260254,1.5299527645111084
RESILIENCE,asym60,PRE_2020_2022,7,6352,0.40605198740959175,0.6949584603309634,0.5324783325195312,0.024502651765942574,0.6594290733337402,0.1577455848455429,0.4699307382106781,0.19439268112182617,-0.133254274725914,0.2799118459224701,2.408477306365967,1.4373365640640259
RESILIENCE,asym60,PRE_2020_2022,8,6131,0.6949584603309634,1.1769706606864927,0.8935325741767883,0.028715159744024277,0.36441144347190857,0.1735442876815796,0.47577881813049316,0.2185262143611908,-0.15089647471904755,0.3025607466697693,2.525864601135254,1.4357818365097046
RESILIENCE,asym60,PRE_2020_2022,9,6030,1.1769706606864927,inf,1.662163257598877,0.014519955031573772,0.10065540671348572,0.1885572075843811,0.4736318290233612,0.23603694140911102,-0.17667487263679504,0.3194029927253723,2.4568378925323486,1.1768959760665894
RESILIENCE,asym60,DISCOVERY,0,5482,-inf,-0.9873187839984894,-1.4112823009490967,0.018752554431557655,0.30779850482940674,0.13954761624336243,0.5572783946990967,0.1840537041425705,-0.10707413405179977,0.24844947457313538,3.00803279876709,1.4307385683059692
RESILIENCE,asym60,DISCOVERY,1,5482,-0.9873187839984894,-0.5603396892547607,-0.7358498573303223,0.023830192163586617,0.35990750789642334,0.13298065960407257,0.5040131211280823,0.16783533990383148,-0.09993955492973328,0.2373221516609192,2.79079532623291,1.5966837406158447
RESILIENCE,asym60,DISCOVERY,2,5482,-0.5603396892547607,-0.3066353499889374,-0.41734108328819275,0.023375146090984344,0.27354562282562256,0.1229478269815445,0.48376503586769104,0.16097018122673035,-0.09712167829275131,0.2227289378643036,2.7338478565216064,1.5988940000534058
RESILIENCE,asym60,DISCOVERY,3,5482,-0.3066353499889374,-0.1274045258760452,-0.21289773285388947,0.014958444982767105,0.23171265423297882,0.10051076114177704,0.48267054557800293,0.14667491614818573,-0.09649700671434402,0.19281284511089325,2.349472999572754,1.3676440715789795
RESILIENCE,asym60,DISCOVERY,4,5482,-0.1274045258760452,0.03691905923187733,-0.04339255765080452,0.014146266505122185,0.2092004120349884,0.09686245769262314,0.46515870094299316,0.14251552522182465,-0.09567636251449585,0.18934695422649384,2.2463178634643555,1.3470042943954468
RESILIENCE,asym60,DISCOVERY,5,5482,0.03691905923187733,0.2043057441711427,0.11886890232563019,0.02173858880996704,0.306934118270874,0.109449103474617,0.4292229115962982,0.1493578553199768,-0.09421834349632263,0.1993797868490219,2.329118490219116,1.5447369813919067
RESILIENCE,asym60,DISCOVERY,6,5482,0.2043057441711427,0.40605198740959175,0.2990706264972687,0.01973835751414299,0.3035335838794708,0.12094125896692276,0.4332360327243805,0.15556217730045319,-0.09969290345907211,0.218898206949234,2.292229652404785,1.446539282798767
RESILIENCE,asym60,DISCOVERY,7,5482,0.40605198740959175,0.6949584603309634,0.5346484184265137,0.023356156423687935,0.23770874738693237,0.13225100934505463,0.4221087098121643,0.1694415956735611,-0.10445556044578552,0.2506384551525116,2.3426671028137207,1.5046969652175903
RESILIENCE,asym60,DISCOVERY,8,5482,0.6949584603309634,1.1769706606864927,0.8927892446517944,0.02409360557794571,0.2631496489048004,0.15249909460544586,0.4073330760002136,0.18716703355312347,-0.11472386121749878,0.2843852639198303,2.2093446254730225,1.4579533338546753
RESILIENCE,asym60,DISCOVERY,9,5482,1.1769706606864927,inf,1.6781483888626099,0.01817379891872406,0.17094537615776062,0.1753009855747223,0.3890915811061859,0.21600233018398285,-0.13392779231071472,0.3396570682525635,2.1327810287475586,1.2829086780548096
RESILIENCE,asym60,STRICT_OOS,0,1577,-inf,-0.9873187839984894,-1.2146544456481934,0.06981157511472702,0.7982240319252014,0.25618261098861694,0.6632847189903259,0.3002127707004547,-0.13915197551250458,0.2974001169204712,6.2588067054748535,2.4780218601226807
RESILIENCE,asym60,STRICT_OOS,1,3688,-0.9873187839984894,-0.5603396892547607,-0.7206602096557617,0.06034163385629654,0.669253408908844,0.231019526720047,0.601681113243103,0.26621314883232117,-0.1349702924489975,0.30883947014808655,4.585186004638672,2.2169723510742188
RESILIENCE,asym60,STRICT_OOS,2,4512,-0.5603396892547607,-0.3066353499889374,-0.41768312454223633,0.050839491188526154,0.621580183506012,0.20367908477783203,0.5582889914512634,0.23780573904514313,-0.12466119229793549,0.292553186416626,3.909130573272705,2.0739078521728516
RESILIENCE,asym60,STRICT_OOS,3,4315,-0.3066353499889374,-0.1274045258760452,-0.21429337561130524,0.04388779401779175,0.49511605501174927,0.18377752602100372,0.5191193222999573,0.2163558304309845,-0.11909796297550201,0.282271146774292,3.4173974990844727,1.920971155166626
RESILIENCE,asym60,STRICT_OOS,4,4212,-0.1274045258760452,0.03691905923187733,-0.044679950922727585,0.0367245189845562,0.33856624364852905,0.16785375773906708,0.4962013363838196,0.20625868439674377,-0.11724450439214706,0.2730294466018677,2.9642488956451416,1.7507874965667725
RESILIENCE,asym60,STRICT_OOS,5,4016,0.03691905923187733,0.2043057441711427,0.11877918988466263,0.03777443990111351,0.42160141468048096,0.1715637445449829,0.4696215093135834,0.21319794654846191,-0.12033529579639435,0.2684262990951538,2.784087657928467,1.7378023862838745
RESILIENCE,asym60,STRICT_OOS,6,3640,0.2043057441711427,0.40605198740959175,0.29462435841560364,0.044403523206710815,0.5133587718009949,0.1796703338623047,0.47087910771369934,0.22974705696105957,-0.13189390301704407,0.29615384340286255,3.0967142581939697,1.8063044548034668
RESILIENCE,asym60,STRICT_OOS,7,3555,0.40605198740959175,0.6949584603309634,0.5328500270843506,0.035959336906671524,0.31283026933670044,0.19437411427497864,0.4706047773361206,0.2458968162536621,-0.15196995437145233,0.3218002915382385,2.8121492862701416,1.5250266790390015
RESILIENCE,asym60,STRICT_OOS,8,3023,0.6949584603309634,1.1769706606864927,0.8946213126182556,0.03987007960677147,0.32077527046203613,0.2199801504611969,0.46080052852630615,0.2730843424797058,-0.1694333255290985,0.37181606888771057,2.859351634979248,1.5084198713302612
RESILIENCE,asym60,STRICT_OOS,9,2326,1.1769706606864927,inf,1.5703461170196533,0.06217304989695549,0.35331007838249207,0.25709372758865356,0.397678405046463,0.3091026246547699,-0.17430877685546875,0.4312123954296112,2.8106586933135986,1.7578891515731812
SECTOR,srs_20,PRE_2020_2022,0,6178,-inf,-0.10724110826849938,-0.14405477046966553,0.006907070521265268,0.8491874933242798,0.13046292960643768,0.7219164967536926,0.18011543154716492,-0.13716158270835876,0.19520880281925201,3.928711175918579,1.1575372219085693
SECTOR,srs_20,PRE_2020_2022,1,5759,-0.10724110826849938,-0.06705060005187988,-0.08459512889385223,0.01781715825200081,0.3052235245704651,0.13162007927894592,0.6544538736343384,0.17158842086791992,-0.12172885984182358,0.20368120074272156,3.6508772373199463,1.4461898803710938
SECTOR,srs_20,PRE_2020_2022,2,5580,-0.06705060005187988,-0.040133608505129814,-0.05250023305416107,0.01749797910451889,0.2741246521472931,0.12849462032318115,0.6324372887611389,0.16376832127571106,-0.11994609981775284,0.20232975482940674,3.2847769260406494,1.4246412515640259
SECTOR,srs_20,PRE_2020_2022,3,5877,-0.040133608505129814,-0.016049803048372255,-0.027744246646761894,0.020542291924357414,0.311816930770874,0.12676535546779633,0.5798876881599426,0.1589375138282776,-0.11536882817745209,0.19771993160247803,2.967733383178711,1.4986863136291504
SECTOR,srs_20,PRE_2020_2022,4,5835,-0.016049803048372255,0.006124913226813078,-0.004734082147479057,0.025062326341867447,0.35702788829803467,0.12613539397716522,0.5472151041030884,0.16341665387153625,-0.11199655383825302,0.21542416512966156,2.7862026691436768,1.5958706140518188
SECTOR,srs_20,PRE_2020_2022,5,5850,0.006124913226813078,0.029977174475789077,0.017702985554933548,0.01972171477973461,0.3312811255455017,0.11965811997652054,0.5020512938499451,0.15615242719650269,-0.11398468911647797,0.21350426971912384,2.326704502105713,1.4437168836593628
SECTOR,srs_20,PRE_2020_2022,6,5968,0.029977174475789077,0.06029201112687593,0.04418063908815384,0.018027573823928833,0.27217933535575867,0.1313672959804535,0.4805630147457123,0.16481979191303253,-0.11880569159984589,0.22687667608261108,2.22809100151062,1.3554720878601074
SECTOR,srs_20,PRE_2020_2022,7,6146,0.06029201112687593,0.10359003096818928,0.07965191453695297,0.01710236445069313,0.17278175055980682,0.1480637788772583,0.43426617980003357,0.17747074365615845,-0.12789420783519745,0.26000651717185974,2.001711368560791,1.2930176258087158
SECTOR,srs_20,PRE_2020_2022,8,6166,0.10359003096818928,0.1804950267076492,0.13409832119941711,0.014963234774768353,0.6430394649505615,0.15163801610469818,0.3545248210430145,0.19573500752449036,-0.14021337032318115,0.29905936121940613,1.7909437417984009,1.2139431238174438
SECTOR,srs_20,PRE_2020_2022,9,6560,0.1804950267076492,inf,0.27099549770355225,0.028767185285687447,0.12904280424118042,0.19115853309631348,0.19039633870124817,0.2557535171508789,-0.17341066896915436,0.39923781156539917,1.7234646081924438,1.323133945465088
SECTOR,srs_20,DISCOVERY,0,5482,-inf,-0.10724110826849938,-0.1430092453956604,0.00729422876611352,0.1515360176563263,0.11838745325803757,0.7400583624839783,0.16444812715053558,-0.11936374753713608,0.1789492815732956,4.35776948928833,1.200465202331543
SECTOR,srs_20,DISCOVERY,1,5482,-0.10724110826849938,-0.06705060005187988,-0.08432700484991074,0.010548347607254982,0.24703730642795563,0.10634804517030716,0.673841655254364,0.1528533697128296,-0.10328054428100586,0.17475374042987823,3.6110949516296387,1.2961987257003784
SECTOR,srs_20,DISCOVERY,2,5482,-0.06705060005187988,-0.040133608505129814,-0.05285185948014259,0.012713654898107052,0.29571834206581116,0.10142283886671066,0.6087194681167603,0.1481872797012329,-0.09687089920043945,0.17913170158863068,3.0904183387756348,1.3550482988357544
SECTOR,srs_20,DISCOVERY,3,5482,-0.040133608505129814,-0.016049803048372255,-0.02789987251162529,0.017835650593042374,0.3792073428630829,0.11218533664941788,0.5560014843940735,0.14881527423858643,-0.09089238941669464,0.19044144451618195,2.802480697631836,1.4865195751190186
SECTOR,srs_20,DISCOVERY,4,5482,-0.016049803048372255,0.006124913226813078,-0.005090450868010521,0.01850706897675991,0.3360530734062195,0.11127325892448425,0.5034658908843994,0.1455956995487213,-0.08962718397378922,0.1957314908504486,2.400052785873413,1.490275263786316
SECTOR,srs_20,DISCOVERY,5,5482,0.006124913226813078,0.029977174475789077,0.017597269266843796,0.02233554609119892,0.36548903584480286,0.11856986582279205,0.4522072374820709,0.15357747673988342,-0.0894375890493393,0.21360817551612854,2.2890100479125977,1.561359167098999
SECTOR,srs_20,DISCOVERY,6,5482,0.029977174475789077,0.06029201112687593,0.043986208736896515,0.02653666026890278,0.32916367053985596,0.12714338302612305,0.3781466484069824,0.16153953969478607,-0.09251870959997177,0.2409704476594925,2.01297926902771,1.6115736961364746
SECTOR,srs_20,DISCOVERY,7,5482,0.06029201112687593,0.10359003096818928,0.07936941087245941,0.022743426263332367,0.23441645503044128,0.13225100934505463,0.3153958320617676,0.1681843400001526,-0.10295835137367249,0.26796790957450867,1.7575901746749878,1.448768973350525
SECTOR,srs_20,DISCOVERY,8,5482,0.10359003096818928,0.1804950267076492,0.13448631763458252,0.03208184242248535,0.2032758891582489,0.16125501692295074,0.23020794987678528,0.19688107073307037,-0.11400824785232544,0.3272528350353241,1.7638863325119019,1.5578672885894775
SECTOR,srs_20,DISCOVERY,9,5482,0.1804950267076492,inf,0.2679605484008789,0.03156668320298195,0.12253899872303009,0.19445458054542542,0.11583364009857178,0.2394985407590866,-0.14436952769756317,0.4148121178150177,1.6353389024734497,1.4067133665084839
SECTOR,srs_20,STRICT_OOS,0,5659,-inf,-0.10724110826849938,-0.15700867772102356,0.036335691809654236,0.6438668966293335,0.21187488734722137,0.7434175610542297,0.25945305824279785,-0.14751197397708893,0.24350592494010925,6.278549671173096,1.800602912902832
SECTOR,srs_20,STRICT_OOS,1,3508,-0.10724110826849938,-0.06705060005187988,-0.08600082993507385,0.045293841511011124,0.6615856885910034,0.20638540387153625,0.6775940656661987,0.23963354527950287,-0.1250995248556137,0.24857468903064728,5.359787464141846,2.0727055072784424
SECTOR,srs_20,STRICT_OOS,2,2840,-0.06705060005187988,-0.040133608505129814,-0.053300853818655014,0.04929342120885849,0.6258890628814697,0.195774644613266,0.6204225420951843,0.22817769646644592,-0.12330956012010574,0.2732394337654114,4.554171085357666,2.1542551517486572
SECTOR,srs_20,STRICT_OOS,3,2912,-0.040133608505129814,-0.016049803048372255,-0.027649447321891785,0.042420368641614914,0.5638871788978577,0.1830357164144516,0.5916895866394043,0.21449515223503113,-0.11607325077056885,0.268200546503067,4.007347106933594,1.9586009979248047
SECTOR,srs_20,STRICT_OOS,4,2656,-0.016049803048372255,0.006124913226813078,-0.005130666773766279,0.03934016078710556,0.47934484481811523,0.17545180022716522,0.5594879388809204,0.19824163615703583,-0.11573435366153717,0.24171686172485352,3.4754080772399902,1.8912686109542847
SECTOR,srs_20,STRICT_OOS,5,2780,0.006124913226813078,0.029977174475789077,0.017552630975842476,0.04443593695759773,0.4956989586353302,0.16942445933818817,0.5028777122497559,0.20456387102603912,-0.11931758373975754,0.26366907358169556,3.091048002243042,1.9224371910095215
SECTOR,srs_20,STRICT_OOS,6,3128,0.029977174475789077,0.06029201112687593,0.04445096105337143,0.04190085083246231,0.37463417649269104,0.17519181966781616,0.45556265115737915,0.21200351417064667,-0.12157920002937317,0.29891303181648254,2.5550200939178467,1.7965855598449707
SECTOR,srs_20,STRICT_OOS,7,3180,0.06029201112687593,0.10359003096818928,0.07981088012456894,0.050636254251003265,0.4101818799972534,0.1827044039964676,0.40031448006629944,0.229339599609375,-0.12845222651958466,0.324528306722641,2.4366419315338135,1.8619621992111206
SECTOR,srs_20,STRICT_OOS,8,3422,0.10359003096818928,0.1804950267076492,0.13621072471141815,0.047298699617385864,0.25901323556900024,0.20631210505962372,0.3284628987312317,0.2479635775089264,-0.14229628443717957,0.3763880729675293,2.228388786315918,1.6661702394485474
SECTOR,srs_20,STRICT_OOS,9,4779,0.1804950267076492,inf,0.2833210527896881,0.06327426433563232,0.24306842684745789,0.24858756363391876,0.1946013867855072,0.31889280676841736,-0.17410457134246826,0.478342741727829,2.0087835788726807,1.6581289768218994
SECTOR,secmkt_20,PRE_2020_2022,0,7505,-inf,-0.05730859301984309,-0.07910604774951935,0.04656801000237465,1.8698487281799316,0.19666889309883118,0.5361759066581726,0.2005620300769806,-0.10278808325529099,0.2512991428375244,3.6437020301818848,2.179548501968384
SECTOR,secmkt_20,PRE_2020_2022,1,5552,-0.05730859301984309,-0.03661946281790733,-0.04577324166893959,0.034317389130592346,0.37833961844444275,0.16012248396873474,0.5156700015068054,0.18464423716068268,-0.11139663308858871,0.23324927687644958,3.0572025775909424,1.8007221221923828
SECTOR,secmkt_20,PRE_2020_2022,2,4592,-0.03661946281790733,-0.02355171460658312,-0.029622768983244896,0.01973937824368477,0.2249944806098938,0.13719512522220612,0.542682945728302,0.16880740225315094,-0.11925974488258362,0.21515679359436035,2.6784303188323975,1.4364415407180786
SECTOR,secmkt_20,PRE_2020_2022,3,4614,-0.02355171460658312,-0.011308642290532588,-0.01707613840699196,0.015128890983760357,0.09741169214248657,0.13827481865882874,0.5429129004478455,0.16664288938045502,-0.1289125233888626,0.21087993681430817,2.60491943359375,1.299920916557312
SECTOR,secmkt_20,PRE_2020_2022,4,4112,-0.011308642290532588,-0.0012389107723720372,-0.006662764586508274,0.024430058896541595,0.18492840230464935,0.137889102101326,0.5204280018806458,0.16779407858848572,-0.1306307315826416,0.2312743216753006,2.6228232383728027,1.5268685817718506
SECTOR,secmkt_20,PRE_2020_2022,5,6251,-0.0012389107723720372,0.009260828606784345,0.0022737046238034964,0.025204883888363838,0.2656254768371582,0.13261878490447998,0.49016156792640686,0.17007356882095337,-0.12066729366779327,0.2278035581111908,2.6414918899536133,1.5201728343963623
SECTOR,secmkt_20,PRE_2020_2022,6,6020,0.009260828606784345,0.022665688581764713,0.015522351488471031,0.00508963642641902,0.09657450765371323,0.11096345633268356,0.5406976938247681,0.15264222025871277,-0.1439562439918518,0.20116278529167175,2.252718925476074,1.094940423965454
SECTOR,secmkt_20,PRE_2020_2022,7,5153,0.022665688581764713,0.037139967083930976,0.029733281582593918,-0.002930284943431616,0.03616507723927498,0.10188239812850952,0.5187269449234009,0.15569531917572021,-0.13806919753551483,0.21463225781917572,2.088881731033325,0.9500814080238342
SECTOR,secmkt_20,PRE_2020_2022,8,5130,0.037139967083930976,0.05949751436710356,0.04722771793603897,0.0004659842234104872,0.025015216320753098,0.1087719276547432,0.48382067680358887,0.1721702218055725,-0.13497602939605713,0.2563352882862091,1.949893593788147,1.0078102350234985
SECTOR,secmkt_20,PRE_2020_2022,9,10990,0.05949751436710356,inf,0.08963152766227722,0.012968121096491814,0.08662062138319016,0.14240218698978424,0.4340309500694275,0.21318776905536652,-0.14731137454509735,0.31319379806518555,2.1235594749450684,1.1886630058288574
SECTOR,secmkt_20,DISCOVERY,0,5482,-inf,-0.05730859301984309,-0.07551020383834839,0.024720948189496994,0.37106969952583313,0.12951476871967316,0.5156877040863037,0.1654222160577774,-0.10176204890012741,0.2298431247472763,2.790581464767456,1.609179139137268
SECTOR,secmkt_20,DISCOVERY,1,5482,-0.05730859301984309,-0.03661946281790733,-0.045590825378894806,0.02659008465707302,0.35118988156318665,0.13480481505393982,0.48960232734680176,0.17111657559871674,-0.09824763238430023,0.2395111322402954,2.755798101425171,1.6460914611816406
SECTOR,secmkt_20,DISCOVERY,2,5482,-0.03661946281790733,-0.02355171460658312,-0.029872313141822815,0.025694377720355988,0.4129267632961273,0.1388179510831833,0.4527544677257538,0.17370784282684326,-0.0978190004825592,0.25118568539619446,2.585848569869995,1.6180726289749146
SECTOR,secmkt_20,DISCOVERY,3,5482,-0.02355171460658312,-0.011308642290532588,-0.017934653908014297,0.023618195205926895,0.2962908446788788,0.1411893516778946,0.48011675477027893,0.1751963496208191,-0.10212228447198868,0.2457132488489151,2.545797109603882,1.554559588432312
SECTOR,secmkt_20,DISCOVERY,4,5482,-0.011308642290532588,-0.0012389107723720372,-0.006572956219315529,0.023552492260932922,0.3222661018371582,0.13042685389518738,0.482852965593338,0.17212070524692535,-0.10061898082494736,0.23568040132522583,2.7029829025268555,1.5660325288772583
SECTOR,secmkt_20,DISCOVERY,5,5482,-0.0012389107723720372,0.009260828606784345,0.002808311954140663,0.01242902409285307,0.1275673508644104,0.10525355488061905,0.462240070104599,0.14820411801338196,-0.099543496966362,0.19500182569026947,2.1702475547790527,1.290281057357788
SECTOR,secmkt_20,DISCOVERY,6,5482,0.009260828606784345,0.022665688581764713,0.016174528747797012,0.020578473806381226,0.2583446502685547,0.12842027842998505,0.4416271448135376,0.16526031494140625,-0.10537658631801605,0.23294417560100555,2.2985122203826904,1.452736258506775
SECTOR,secmkt_20,DISCOVERY,7,5482,0.022665688581764713,0.037139967083930976,0.0298004150390625,0.012188658118247986,0.16080620884895325,0.1130974069237709,0.45932140946388245,0.1608392596244812,-0.11563236266374588,0.23385626077651978,2.178433895111084,1.240453839302063
SECTOR,secmkt_20,DISCOVERY,8,5482,0.037139967083930976,0.05949751436710356,0.04510410875082016,0.01708492450416088,0.2063319832086563,0.12148851156234741,0.42046698927879333,0.16334819793701172,-0.1041828915476799,0.22911345958709717,2.268763303756714,1.3562324047088623
SECTOR,secmkt_20,DISCOVERY,9,5482,0.05949751436710356,inf,0.08416428416967392,0.015705926343798637,0.15764252841472626,0.14027726650238037,0.36920830607414246,0.1843651384115219,-0.1180218830704689,0.2907697856426239,2.080019474029541,1.276667833328247
SECTOR,secmkt_20,STRICT_OOS,0,7265,-inf,-0.05730859301984309,-0.0854116752743721,0.02613384835422039,0.2780124843120575,0.17426015436649323,0.5698554515838623,0.21274632215499878,-0.12643438577651978,0.2580867111682892,3.1406338214874268,1.5057132244110107
SECTOR,secmkt_20,STRICT_OOS,1,3345,-0.05730859301984309,-0.03661946281790733,-0.04448436573147774,0.02600543387234211,0.35689958930015564,0.16113603115081787,0.5602391362190247,0.20209912955760956,-0.12410242855548859,0.24215246737003326,3.312875986099243,1.5121489763259888
SECTOR,secmkt_20,STRICT_OOS,2,3071,-0.03661946281790733,-0.02355171460658312,-0.02984144352376461,0.04212959110736847,0.31159818172454834,0.18723542988300323,0.5503093600273132,0.2271408587694168,-0.12030494213104248,0.2699446380138397,4.002588272094727,1.8507204055786133
SECTOR,secmkt_20,STRICT_OOS,3,2923,-0.02355171460658312,-0.011308642290532588,-0.01786140911281109,0.034184303134679794,0.35617807507514954,0.18850496411323547,0.5265138745307922,0.2212606966495514,-0.1318766176700592,0.28190216422080994,3.0934877395629883,1.6209359169006348
SECTOR,secmkt_20,STRICT_OOS,4,2356,-0.011308642290532588,-0.0012389107723720372,-0.006497617810964584,0.06501638144254684,0.6763565540313721,0.23259761929512024,0.4431239366531372,0.2662065029144287,-0.13092385232448578,0.35186758637428284,3.0087502002716064,2.113081932067871
SECTOR,secmkt_20,STRICT_OOS,5,3138,-0.0012389107723720372,0.009260828606784345,0.0017594343516975641,0.04209009185433388,0.46343156695365906,0.17782026529312134,0.4872530400753021,0.22624634206295013,-0.13235564529895782,0.30975142121315,3.003037691116333,1.8221195936203003
SECTOR,secmkt_20,STRICT_OOS,6,2044,0.009260828606784345,0.022665688581764713,0.01486892532557249,0.043426379561424255,0.34326398372650146,0.1878669261932373,0.5058708190917969,0.23273898661136627,-0.14846989512443542,0.3126223087310791,3.210437297821045,1.7421164512634277
SECTOR,secmkt_20,STRICT_OOS,7,2453,0.022665688581764713,0.037139967083930976,0.02898523397743702,0.05095855891704559,0.5226852893829346,0.19690175354480743,0.46677538752555847,0.24443596601486206,-0.14723849296569824,0.3228699564933777,2.98187255859375,1.8271567821502686
SECTOR,secmkt_20,STRICT_OOS,8,3099,0.037139967083930976,0.05949751436710356,0.0452030710875988,0.07481282949447632,0.9294363260269165,0.2378186583518982,0.5059696435928345,0.28260958194732666,-0.15139932930469513,0.3468860983848572,3.80403733253479,2.2476627826690674
SECTOR,secmkt_20,STRICT_OOS,9,5170,0.05949751436710356,inf,0.08420807123184204,0.07260539382696152,0.6645981669425964,0.2574467957019806,0.41431334614753723,0.3070617914199829,-0.14747671782970428,0.4019342362880707,3.128551959991455,2.0820045471191406
SECTOR,grp_stage2_pct,PRE_2020_2022,0,11542,-inf,0.4285714328289032,0.3265306055545807,0.02603520080447197,0.29648929834365845,0.13689135015010834,0.4806792438030243,0.17295853793621063,-0.1194758266210556,0.23670074343681335,2.564626693725586,1.5580642223358154
SECTOR,grp_stage2_pct,PRE_2020_2022,1,6364,0.4285714328289032,0.5138888955116272,0.4722222089767456,0.02093435823917389,0.5165302753448486,0.14409177005290985,0.47171589732170105,0.18708762526512146,-0.11754987388849258,0.2520427405834198,2.477159261703491,1.4220842123031616
SECTOR,grp_stage2_pct,PRE_2020_2022,2,3843,0.5138888955116272,0.5630281805992146,0.5454545617103577,0.010832683183252811,0.14565226435661316,0.13687223196029663,0.5277127027511597,0.1617821455001831,-0.12211965024471283,0.21103304624557495,2.3179309368133545,1.2169138193130493
SECTOR,grp_stage2_pct,PRE_2020_2022,3,4578,0.5630281805992146,0.6153846383094788,0.5844155550003052,0.0037692775949835777,0.10634861141443253,0.10615989565849304,0.547837495803833,0.1521265208721161,-0.1295788288116455,0.1887287050485611,2.279845952987671,1.0700271129608154
SECTOR,grp_stage2_pct,PRE_2020_2022,4,3937,0.6153846383094788,0.6603773832321167,0.641791045665741,0.015955602750182152,0.25356534123420715,0.13589027523994446,0.5229870676994324,0.1688409149646759,-0.12924861907958984,0.2263144552707672,2.5302295684814453,1.3188869953155518
SECTOR,grp_stage2_pct,PRE_2020_2022,5,4729,0.6603773832321167,0.699999988079071,0.686956524848938,0.0064260102808475494,0.008170773275196552,0.12032142281532288,0.5130048394203186,0.16240137815475464,-0.13573500514030457,0.22985832393169403,2.3083126544952393,1.114707350730896
SECTOR,grp_stage2_pct,PRE_2020_2022,6,4429,0.699999988079071,0.7373737096786499,0.7222222089767456,0.02548186294734478,0.2957409918308258,0.15398509800434113,0.4545044004917145,0.18738555908203125,-0.1300775110721588,0.28539174795150757,2.369828224182129,1.490403175354004
SECTOR,grp_stage2_pct,PRE_2020_2022,7,5149,0.7373737096786499,0.7866666913032532,0.7647058963775635,0.01294934842735529,1.054168701171875,0.1450767070055008,0.517382025718689,0.1834384948015213,-0.12926767766475677,0.2685958445072174,2.370429754257202,1.2342196702957153
SECTOR,grp_stage2_pct,PRE_2020_2022,8,7044,0.7866666913032532,0.8571428656578064,0.8235294222831726,0.021480020135641098,0.42796120047569275,0.15204429626464844,0.5387563705444336,0.198759064078331,-0.14047595858573914,0.268171489238739,2.6442973613739014,1.3682899475097656
SECTOR,grp_stage2_pct,PRE_2020_2022,9,6440,0.8571428656578064,inf,0.9130434989929199,0.023228855803608894,0.4139386713504791,0.1537267118692398,0.5180124044418335,0.20986609160900116,-0.14397048950195312,0.25201863050460815,2.7833898067474365,1.384252667427063
SECTOR,grp_stage2_pct,DISCOVERY,0,5354,-inf,0.4285714328289032,0.3478260934352875,0.023243825882673264,0.33400604128837585,0.11206574738025665,0.41763168573379517,0.14454708993434906,-0.08842593431472778,0.20115801692008972,2.2591607570648193,1.6188600063323975
SECTOR,grp_stage2_pct,DISCOVERY,1,5324,0.4285714328289032,0.5138888955116272,0.4761904776096344,0.0176096111536026,0.25766852498054504,0.11119458824396133,0.4633733928203583,0.15223096311092377,-0.10096411406993866,0.20886550843715668,2.3312995433807373,1.4151052236557007
SECTOR,grp_stage2_pct,DISCOVERY,2,5295,0.5138888955116272,0.5630281805992146,0.5357142686843872,0.04015694186091423,0.5315707921981812,0.157695934176445,0.4098205864429474,0.18340033292770386,-0.09075076133012772,0.2583569288253784,2.857144355773926,2.05313777923584
SECTOR,grp_stage2_pct,DISCOVERY,3,5460,0.5630281805992146,0.6153846383094788,0.5906040072441101,0.021485725417733192,0.2818225622177124,0.12747253477573395,0.42692306637763977,0.16820001602172852,-0.10153303295373917,0.23864468932151794,2.3148293495178223,1.5047439336776733
SECTOR,grp_stage2_pct,DISCOVERY,4,5348,0.6153846383094788,0.6603773832321167,0.6380367875099182,0.011758639477193356,0.20220664143562317,0.12079282104969025,0.49756917357444763,0.16458182036876678,-0.1161164715886116,0.23485414683818817,2.318324089050293,1.2342253923416138
SECTOR,grp_stage2_pct,DISCOVERY,5,5195,0.6603773832321167,0.699999988079071,0.6766917109489441,0.0217623058706522,0.3236243724822998,0.12781520187854767,0.4565928876399994,0.17241013050079346,-0.10353931039571762,0.24408084154129028,2.513293504714966,1.4844284057617188
SECTOR,grp_stage2_pct,DISCOVERY,6,5321,0.699999988079071,0.7373737096786499,0.7183098793029785,0.009459049440920353,0.08231554925441742,0.12403683364391327,0.49520766735076904,0.16471612453460693,-0.11553053557872772,0.22965608537197113,2.36165714263916,1.1851613521575928
SECTOR,grp_stage2_pct,DISCOVERY,7,5314,0.7373737096786499,0.7866666913032532,0.7586206793785095,0.01853107661008835,0.2669212818145752,0.12777568399906158,0.4713962972164154,0.17095212638378143,-0.10063936561346054,0.24030861258506775,2.4816439151763916,1.4157768487930298
SECTOR,grp_stage2_pct,DISCOVERY,8,5322,0.7866666913032532,0.8571428656578064,0.8181818127632141,0.031039098277688026,0.2939075231552124,0.16178128123283386,0.46129274368286133,0.18839523196220398,-0.11142386496067047,0.2773393392562866,2.67010760307312,1.6596647500991821
SECTOR,grp_stage2_pct,DISCOVERY,9,5310,0.8571428656578064,inf,0.9375,0.010158700868487358,0.12008881568908691,0.1301318258047104,0.47363466024398804,0.18682920932769775,-0.12137427926063538,0.2847457528114319,2.3123528957366943,1.1798524856567383
SECTOR,grp_stage2_pct,STRICT_OOS,0,13332,-inf,0.4285714328289032,0.2957746386528015,0.020409168675541878,0.20273666083812714,0.1418391913175583,0.5163516402244568,0.1786395162343979,-0.12450936436653137,0.23154816031455994,2.8405792713165283,1.4081776142120361
SECTOR,grp_stage2_pct,STRICT_OOS,1,2840,0.4285714328289032,0.5138888955116272,0.4583333432674408,0.015168825164437294,0.2839001417160034,0.14295774698257446,0.577816903591156,0.1928841769695282,-0.13582538068294525,0.2563380300998688,2.9956719875335693,1.2688435316085815
SECTOR,grp_stage2_pct,STRICT_OOS,2,2174,0.5138888955116272,0.5630281805992146,0.5364238619804382,0.08964982628822327,0.739679753780365,0.2506899833679199,0.39328426122665405,0.28442201018333435,-0.10507167875766754,0.39972400665283203,3.7739009857177734,3.2384586334228516
SECTOR,grp_stage2_pct,STRICT_OOS,3,3056,0.5630281805992146,0.6153846383094788,0.5849056839942932,0.12606455385684967,1.328773021697998,0.3311518430709839,0.42473822832107544,0.3386474549770355,-0.11167949438095093,0.4270288050174713,4.484418869018555,3.8872268199920654
SECTOR,grp_stage2_pct,STRICT_OOS,4,1755,0.6153846383094788,0.6603773832321167,0.6407185792922974,0.11658374220132828,0.8837682008743286,0.32991454005241394,0.3760683834552765,0.3470221161842346,-0.11629263311624527,0.48376068472862244,3.792320728302002,3.473533868789673
SECTOR,grp_stage2_pct,STRICT_OOS,5,1741,0.6603773832321167,0.699999988079071,0.6774193644523621,0.050249867141246796,0.45400720834732056,0.2205628901720047,0.5100516676902771,0.27230754494667053,-0.144823357462883,0.31935667991638184,3.447563409805298,1.8175312280654907
SECTOR,grp_stage2_pct,STRICT_OOS,6,2106,0.699999988079071,0.7373737096786499,0.7209302186965942,0.05597599968314171,0.931583821773529,0.23266856372356415,0.5337132215499878,0.30169475078582764,-0.15110856294631958,0.35375118255615234,3.656160354614258,1.8202790021896362
SECTOR,grp_stage2_pct,STRICT_OOS,7,3127,0.7373737096786499,0.7866666913032532,0.7623762488365173,0.0920935794711113,0.8464202284812927,0.2635113596916199,0.45698752999305725,0.3389444053173065,-0.1571977138519287,0.4301247298717499,3.260377883911133,2.2986197471618652
SECTOR,grp_stage2_pct,STRICT_OOS,8,3324,0.7866666913032532,0.8571428656578064,0.8079096078872681,0.013593912124633789,0.14788495004177094,0.20637786388397217,0.6293622255325317,0.25364524126052856,-0.18423107266426086,0.2891094982624054,3.125415563583374,1.1720308065414429
SECTOR,grp_stage2_pct,STRICT_OOS,9,566,0.8571428656578064,inf,0.8999999761581421,-0.07369532436132431,-0.602878987789154,0.08127208799123764,0.7508834004402161,0.14666055142879486,-0.2123309224843979,0.12190812826156616,1.523982048034668,0.23997262120246887
COMPRESSION,atr5_20,PRE_2020_2022,0,5506,-inf,0.6689895391464233,0.6024096608161926,0.027979472652077675,0.33239543437957764,0.12931346893310547,0.5450417995452881,0.1668364405632019,-0.11405221372842789,0.21921540796756744,3.110074043273926,1.7245018482208252
COMPRESSION,atr5_20,PRE_2020_2022,1,5658,0.6689895391464233,0.7560975551605225,0.716343879699707,0.02455923892557621,0.28377264738082886,0.13715094327926636,0.5733474493026733,0.1771470457315445,-0.12239133566617966,0.22764228284358978,3.100796937942505,1.5491656064987183
COMPRESSION,atr5_20,PRE_2020_2022,2,5940,0.7560975551605225,0.8264463007450104,0.7929515242576599,0.02130761928856373,0.25551438331604004,0.14158248901367188,0.556734025478363,0.17705562710762024,-0.12141695618629456,0.23686867952346802,2.8683760166168213,1.457126259803772
COMPRESSION,atr5_20,PRE_2020_2022,3,6219,0.8264463007450104,0.8941052556037905,0.8607594966888428,0.020940309390425682,0.21502943336963654,0.1450393944978714,0.5349734425544739,0.1765952855348587,-0.1219116821885109,0.23669400811195374,2.64918851852417,1.4359350204467773
COMPRESSION,atr5_20,PRE_2020_2022,4,6084,0.8941052556037905,0.961467981338501,0.9268291592597961,0.020019909366965294,0.23332072794437408,0.13149243593215942,0.5366535186767578,0.17752540111541748,-0.12577861547470093,0.23685075342655182,2.63297963142395,1.4010288715362549
COMPRESSION,atr5_20,PRE_2020_2022,5,6238,0.961467981338501,1.0363637447357177,0.9971262216567993,0.018680980429053307,0.23942704498767853,0.13385701179504395,0.5096184611320496,0.1766822785139084,-0.12454439699649811,0.24414876103401184,2.4815855026245117,1.3672783374786377
COMPRESSION,atr5_20,PRE_2020_2022,6,6213,1.0363637447357177,1.126349949836731,1.0780669450759888,0.014165809378027916,0.30260729789733887,0.1303717941045761,0.5115081071853638,0.17562063038349152,-0.131184920668602,0.23483020067214966,2.402266263961792,1.2603791952133179
COMPRESSION,atr5_20,PRE_2020_2022,7,6116,1.126349949836731,1.2426513195037845,1.178743839263916,0.010960225015878677,0.9197795987129211,0.14028777182102203,0.49051669239997864,0.17667590081691742,-0.1373496651649475,0.23659254610538483,2.2378289699554443,1.1875337362289429
COMPRESSION,atr5_20,PRE_2020_2022,8,6115,1.2426513195037845,1.4334558844566345,1.3226324319839478,0.01732868328690529,0.6516513824462891,0.1512673795223236,0.43973836302757263,0.19242148101329803,-0.13990427553653717,0.26557645201683044,2.2684061527252197,1.274711012840271
COMPRESSION,atr5_20,PRE_2020_2022,9,5828,1.4334558844566345,inf,1.6104516983032227,0.012027792632579803,0.20471790432929993,0.15202470123767853,0.356211394071579,0.201348677277565,-0.14756716787815094,0.2956417202949524,1.8599985837936401,1.1704938411712646
COMPRESSION,atr5_20,DISCOVERY,0,5483,-inf,0.6689895391464233,0.60079026222229,0.012848176062107086,0.2471625953912735,0.11198249459266663,0.5626481771469116,0.15026527643203735,-0.09680063277482986,0.18001094460487366,2.9880881309509277,1.3508121967315674
COMPRESSION,atr5_20,DISCOVERY,1,5483,0.6689895391464233,0.7560975551605225,0.7161571979522705,0.021423662081360817,0.3743138015270233,0.12474922835826874,0.5455042719841003,0.161482572555542,-0.09925837069749832,0.21192777156829834,2.9961135387420654,1.567133903503418
COMPRESSION,atr5_20,DISCOVERY,2,5480,0.7560975551605225,0.8264463007450104,0.7923322916030884,0.018701916560530663,0.2721780240535736,0.12536495923995972,0.5352189540863037,0.16344165802001953,-0.10115960240364075,0.22189781069755554,2.7411398887634277,1.4606634378433228
COMPRESSION,atr5_20,DISCOVERY,3,5481,0.8264463007450104,0.8941052556037905,0.8599348664283752,0.01931758038699627,0.2745804786682129,0.11822660267353058,0.5112205743789673,0.16219480335712433,-0.10059328377246857,0.219120591878891,2.6065938472747803,1.4764987230300903
COMPRESSION,atr5_20,DISCOVERY,4,5482,0.8941052556037905,0.961467981338501,0.9268292784690857,0.022944245487451553,0.32239967584609985,0.1338927447795868,0.489237517118454,0.16559912264347076,-0.10014793276786804,0.2313024401664734,2.6197855472564697,1.5514791011810303
COMPRESSION,atr5_20,DISCOVERY,5,5482,0.961467981338501,1.0363637447357177,0.9982846975326538,0.01905430108308792,0.2590772807598114,0.12495439499616623,0.4708135724067688,0.16214929521083832,-0.1039922833442688,0.2313024401664734,2.331474781036377,1.4303189516067505
COMPRESSION,atr5_20,DISCOVERY,6,5481,1.0363637447357177,1.126349949836731,1.0785422325134277,0.023730283603072166,0.27216655015945435,0.1333698183298111,0.441342830657959,0.17146943509578705,-0.10346803069114685,0.23955482244491577,2.4109253883361816,1.5160528421401978
COMPRESSION,atr5_20,DISCOVERY,7,5482,1.126349949836731,1.2426513195037845,1.1803067922592163,0.024420510977506638,0.28954043984413147,0.1337103247642517,0.4024078845977783,0.17506197094917297,-0.10669773817062378,0.26559650897979736,2.149142026901245,1.5051993131637573
COMPRESSION,atr5_20,DISCOVERY,8,5482,1.2426513195037845,1.4334558844566345,1.3236364126205444,0.014715342782437801,0.15385565161705017,0.12604889273643494,0.3615468740463257,0.17299292981624603,-0.11461784690618515,0.2701568901538849,1.8808702230453491,1.2655839920043945
COMPRESSION,atr5_20,DISCOVERY,9,5482,1.4334558844566345,inf,1.6056336164474487,0.025038935244083405,0.1996120810508728,0.15103976428508759,0.25373950600624084,0.1949119120836258,-0.11657160520553589,0.3128420412540436,1.8648638725280762,1.4170570373535156
COMPRESSION,atr5_20,STRICT_OOS,0,2688,-inf,0.6689895391464233,0.6077805757522583,0.008806212805211544,0.07652033865451813,0.1316964328289032,0.6781994104385376,0.17837311327457428,-0.12731793522834778,0.1711309552192688,3.756603717803955,1.2029988765716553
COMPRESSION,atr5_20,STRICT_OOS,1,3063,0.6689895391464233,0.7560975551605225,0.7167999744415283,0.02240045554935932,0.36931535601615906,0.16356512904167175,0.6333659887313843,0.20559145510196686,-0.13259552419185638,0.2376754879951477,3.701942205429077,1.482807993888855
COMPRESSION,atr5_20,STRICT_OOS,2,3295,0.7560975551605225,0.8264463007450104,0.7933307886123657,0.030148468911647797,0.5214638113975525,0.18239757418632507,0.6236722469329834,0.2230813056230545,-0.133839949965477,0.23793627321720123,3.8449923992156982,1.6088387966156006
COMPRESSION,atr5_20,STRICT_OOS,3,3524,0.8264463007450104,0.8941052556037905,0.8611111640930176,0.04007105156779289,0.4490456283092499,0.19324630498886108,0.5811578035354614,0.233050137758255,-0.13450837135314941,0.27383655309677124,3.7608160972595215,1.7643526792526245
COMPRESSION,atr5_20,STRICT_OOS,4,3751,0.8941052556037905,0.961467981338501,0.9288703203201294,0.050953395664691925,0.695849597454071,0.20794454216957092,0.5598506927490234,0.24420471489429474,-0.13268502056598663,0.29965341091156006,3.681854724884033,1.976733684539795
COMPRESSION,atr5_20,STRICT_OOS,5,3927,0.961467981338501,1.0363637447357177,0.9981916546821594,0.05327646806836128,0.5110023617744446,0.21364909410476685,0.5103132128715515,0.2493758648633957,-0.13136647641658783,0.32085561752319336,3.392244815826416,1.974936842918396
COMPRESSION,atr5_20,STRICT_OOS,6,4059,1.0363637447357177,1.126349949836731,1.07899808883667,0.0551563985645771,0.5761439800262451,0.22000493109226227,0.4754865765571594,0.2516860067844391,-0.13447362184524536,0.3360433578491211,3.1022233963012695,1.946663737297058
COMPRESSION,atr5_20,STRICT_OOS,7,3819,1.126349949836731,1.2426513195037845,1.1780822277069092,0.05649866908788681,0.4798518121242523,0.21523958444595337,0.4310028851032257,0.2631478011608124,-0.140882208943367,0.3498297929763794,2.8663203716278076,1.8992334604263306
COMPRESSION,atr5_20,STRICT_OOS,8,3697,1.2426513195037845,1.4334558844566345,1.323076844215393,0.059790097177028656,0.5138652920722961,0.229104682803154,0.36570191383361816,0.26938414573669434,-0.14271710813045502,0.3889640271663666,2.522174835205078,1.8646290302276611
COMPRESSION,atr5_20,STRICT_OOS,9,3041,1.4334558844566345,inf,1.5838149785995483,0.07185788452625275,0.40583840012550354,0.21506083011627197,0.26537322998046875,0.2822768986225128,-0.13819052278995514,0.4156527519226074,2.501014232635498,2.0354318618774414
COMPRESSION,atr10_60,PRE_2020_2022,0,6159,-inf,0.6879133343696594,0.619744062423706,0.006116749718785286,0.06763241440057755,0.09352167695760727,0.6575742959976196,0.14662329852581024,-0.11610838025808334,0.16869620978832245,3.1348304748535156,1.1604801416397095
COMPRESSION,atr10_60,PRE_2020_2022,1,6171,0.6879133343696594,0.7860309958457947,0.7407744526863098,0.018702328205108643,0.2534047067165375,0.11829525232315063,0.596013605594635,0.16143016517162323,-0.11497316509485245,0.2056392878293991,2.9704771041870117,1.452981948852539
COMPRESSION,atr10_60,PRE_2020_2022,2,6217,0.7860309958457947,0.8693327903747559,0.8282209038734436,0.01981428824365139,0.27819183468818665,0.12594498693943024,0.5639376044273376,0.16526399552822113,-0.11833731830120087,0.22470645606517792,2.820626735687256,1.4546757936477661
COMPRESSION,atr10_60,PRE_2020_2022,3,5789,0.8693327903747559,0.9493670463562012,0.9101619720458984,0.018026281148195267,0.19994142651557922,0.126273974776268,0.5527725219726562,0.16628259420394897,-0.12148640304803848,0.21834513545036316,2.665360689163208,1.3951058387756348
COMPRESSION,atr10_60,PRE_2020_2022,4,6209,0.9493670463562012,1.035398244857788,0.9902034401893616,0.02106502465903759,0.21839962899684906,0.13754227757453918,0.5374456644058228,0.17397065460681915,-0.12375234067440033,0.2299887239933014,2.7056541442871094,1.436211347579956
COMPRESSION,atr10_60,PRE_2020_2022,5,5905,1.035398244857788,1.1353915929794314,1.081932783126831,0.015093655325472355,0.23270994424819946,0.13852667808532715,0.5222692489624023,0.17127467691898346,-0.12886260449886322,0.23657916486263275,2.4149932861328125,1.2909671068191528
COMPRESSION,atr10_60,PRE_2020_2022,6,5717,1.1353915929794314,1.2543041229248049,1.192052960395813,0.02157103270292282,0.9210217595100403,0.14937904477119446,0.48591917753219604,0.1845424473285675,-0.12856024503707886,0.252055287361145,2.455983877182007,1.392936110496521
COMPRESSION,atr10_60,PRE_2020_2022,7,6007,1.2543041229248049,1.421447253227234,1.3311518430709839,0.018222790211439133,0.28509190678596497,0.16497419774532318,0.4558015763759613,0.19198662042617798,-0.1378611922264099,0.2711836099624634,2.163557291030884,1.2984801530838013
COMPRESSION,atr10_60,PRE_2020_2022,8,5690,1.421447253227234,1.689992094039917,1.534269094467163,0.02231481671333313,0.5740216970443726,0.1731107234954834,0.38014060258865356,0.20818741619586945,-0.14122529327869415,0.30281195044517517,2.0166244506835938,1.3346000909805298
COMPRESSION,atr10_60,PRE_2020_2022,9,6051,1.689992094039917,inf,1.9549294710159302,0.026277601718902588,0.6689088344573975,0.16906297206878662,0.2859031558036804,0.23153598606586456,-0.15743325650691986,0.33118492364883423,1.9322880506515503,1.3428590297698975
COMPRESSION,atr10_60,DISCOVERY,0,5482,-inf,0.6879133343696594,0.6155530214309692,0.0066291713155806065,0.17266817390918732,0.09813936799764633,0.684421718120575,0.1435774564743042,-0.10186726599931717,0.14939802885055542,3.5208070278167725,1.1948206424713135
COMPRESSION,atr10_60,DISCOVERY,1,5482,0.6879133343696594,0.7860309958457947,0.7411425709724426,0.013371659442782402,0.30738595128059387,0.10890185832977295,0.6072601079940796,0.1492205560207367,-0.09735839813947678,0.18278001248836517,3.0479726791381836,1.3688886165618896
COMPRESSION,atr10_60,DISCOVERY,2,5482,0.7860309958457947,0.8693327903747559,0.8284024596214294,0.01703731156885624,0.34493517875671387,0.11546880751848221,0.5591025352478027,0.153442844748497,-0.09835369884967804,0.1898941993713379,2.8874118328094482,1.4575762748718262
COMPRESSION,atr10_60,DISCOVERY,3,5483,0.8693327903747559,0.9493670463562012,0.9090909361839294,0.019711585715413094,0.31188738346099854,0.12219587713479996,0.5360203981399536,0.1572396606206894,-0.09803929179906845,0.20992156863212585,2.7103121280670166,1.5042771100997925
COMPRESSION,atr10_60,DISCOVERY,4,5481,0.9493670463562012,1.035398244857788,0.990298867225647,0.01868307590484619,0.2949540913105011,0.11804415285587311,0.4991789758205414,0.15665550529956818,-0.09892257302999496,0.2178434580564499,2.3729422092437744,1.4501312971115112
COMPRESSION,atr10_60,DISCOVERY,5,5481,1.035398244857788,1.1353915929794314,1.0834473371505737,0.022159626707434654,0.3174284100532532,0.1288086175918579,0.4577631950378418,0.16697551310062408,-0.10192494839429855,0.24101440608501434,2.3255720138549805,1.4987484216690063
COMPRESSION,atr10_60,DISCOVERY,6,5482,1.1353915929794314,1.2543041229248049,1.191699743270874,0.0229059848934412,0.274237722158432,0.12914994359016418,0.40988689661026,0.16845542192459106,-0.1035337969660759,0.24881429970264435,2.14803147315979,1.4875068664550781
COMPRESSION,atr10_60,DISCOVERY,7,5482,1.2543041229248049,1.421447253227234,1.3305742740631104,0.02267390675842762,0.24856451153755188,0.13973002135753632,0.3604523837566376,0.17593173682689667,-0.10776772350072861,0.271251380443573,2.0039968490600586,1.4424753189086914
COMPRESSION,atr10_60,DISCOVERY,8,5482,1.421447253227234,1.689992094039917,1.5328466892242432,0.02729947306215763,0.209626704454422,0.1557825654745102,0.29387083649635315,0.19364167749881744,-0.11210259050130844,0.31065306067466736,1.9146082401275635,1.485418438911438
COMPRESSION,atr10_60,DISCOVERY,9,5482,1.689992094039917,inf,1.952101707458496,0.031704019755125046,0.18298529088497162,0.16709230840206146,0.16581539809703827,0.21446159482002258,-0.12344349175691605,0.36209413409233093,1.7779825925827026,1.4938874244689941
COMPRESSION,atr10_60,STRICT_OOS,0,2485,-inf,0.6879133343696594,0.6209397315979004,0.014674466103315353,0.22372545301914215,0.13239437341690063,0.7287726402282715,0.18688079714775085,-0.11858946830034256,0.1826961785554886,4.590331077575684,1.4077658653259277
COMPRESSION,atr10_60,STRICT_OOS,1,2861,0.6879133343696594,0.7860309958457947,0.7427567839622498,0.022779572755098343,0.33852091431617737,0.16148200631141663,0.6721426248550415,0.19607286155223846,-0.12434186041355133,0.21041594445705414,4.249170303344727,1.5675169229507446
COMPRESSION,atr10_60,STRICT_OOS,2,3297,0.7860309958457947,0.8693327903747559,0.8291746973991394,0.03401771932840347,0.5245723724365234,0.17804063856601715,0.6317864656448364,0.21309532225131989,-0.12525437772274017,0.23870185017585754,4.122627258300781,1.7955694198608398
COMPRESSION,atr10_60,STRICT_OOS,3,3402,0.8693327903747559,0.9493670463562012,0.9088281989097595,0.04110317304730415,0.6611092686653137,0.19223986566066742,0.6019988059997559,0.22661596536636353,-0.12691311538219452,0.25602588057518005,3.9949076175689697,1.8936001062393188
COMPRESSION,atr10_60,STRICT_OOS,4,3718,0.9493670463562012,1.035398244857788,0.9925022125244141,0.051495179533958435,0.6158042550086975,0.20602475106716156,0.5572888851165771,0.23320817947387695,-0.12951432168483734,0.28617537021636963,3.748537302017212,2.052175760269165
COMPRESSION,atr10_60,STRICT_OOS,5,3779,1.035398244857788,1.1353915929794314,1.0835000276565552,0.040736738592386246,0.5122045278549194,0.2000529170036316,0.5504101514816284,0.2293539047241211,-0.13389845192432404,0.2887006998062134,3.308727264404297,1.769940733909607
COMPRESSION,atr10_60,STRICT_OOS,6,3842,1.1353915929794314,1.2543041229248049,1.1913986206054688,0.05241011828184128,0.5270752310752869,0.2126496583223343,0.49297240376472473,0.24879352748394012,-0.13654880225658417,0.32873502373695374,3.0498573780059814,1.9089034795761108
COMPRESSION,atr10_60,STRICT_OOS,7,4071,1.2543041229248049,1.421447253227234,1.3306772708892822,0.06620828062295914,0.523774266242981,0.23728813230991364,0.42446574568748474,0.2745573818683624,-0.14019666612148285,0.37410956621170044,2.9729225635528564,2.013796806335449
COMPRESSION,atr10_60,STRICT_OOS,8,3993,1.421447253227234,1.689992094039917,1.5354838371276855,0.06530194729566574,0.43712514638900757,0.22990232706069946,0.3258201777935028,0.2829791009426117,-0.14722467958927155,0.40220385789871216,2.4604883193969727,1.8925155401229858
COMPRESSION,atr10_60,STRICT_OOS,9,3414,1.689992094039917,inf,1.905721664428711,0.05316162109375,0.2718949615955353,0.20972466468811035,0.2237844169139862,0.294241726398468,-0.15884077548980713,0.42794376611709595,2.1505284309387207,1.6115185022354126
COMPRESSION,bbw_pct120,PRE_2020_2022,0,6270,-inf,0.1044047608971599,0.0416666679084301,-0.002345994347706437,0.05542054399847984,0.09537480026483536,0.6910685896873474,0.13889506459236145,-0.12282904982566833,0.16092504560947418,2.699820041656494,0.9452858567237854
COMPRESSION,bbw_pct120,PRE_2020_2022,1,6576,0.1044047608971599,0.22499999403953552,0.1666666716337204,0.0018939009169116616,0.07647823542356491,0.10447080433368683,0.6411192417144775,0.15264123678207397,-0.12407515197992325,0.18917274475097656,2.660771608352661,1.0407798290252686
COMPRESSION,bbw_pct120,PRE_2020_2022,2,6543,0.22499999403953552,0.3499999940395355,0.2916666567325592,0.006889190524816513,0.15798288583755493,0.11753018200397491,0.6047684550285339,0.15930123627185822,-0.1268414705991745,0.20189516246318817,2.588946580886841,1.1397520303726196
COMPRESSION,bbw_pct120,PRE_2020_2022,3,5867,0.3499999940395355,0.4583333432674408,0.40833333134651184,0.010926286689937115,0.18631787598133087,0.12391341477632523,0.5633202791213989,0.16548259556293488,-0.12522044777870178,0.21782852709293365,2.5024290084838867,1.219180941581726
COMPRESSION,bbw_pct120,PRE_2020_2022,4,5912,0.4583333432674408,0.5666666626930237,0.5166666507720947,0.024249255657196045,0.23553788661956787,0.13802435994148254,0.5245263576507568,0.1810133159160614,-0.12728747725486755,0.23849797248840332,2.6444451808929443,1.4853607416152954
COMPRESSION,bbw_pct120,PRE_2020_2022,5,5740,0.5666666626930237,0.6666666865348816,0.625,0.021792927756905556,0.22632388770580292,0.1428571492433548,0.4928571283817291,0.18398818373680115,-0.12821055948734283,0.25139373540878296,2.4889633655548096,1.4144929647445679
COMPRESSION,bbw_pct120,PRE_2020_2022,6,5682,0.6666666865348816,0.7583333253860474,0.7166666388511658,0.023266766220331192,0.2855478525161743,0.15329109132289886,0.46110525727272034,0.19005505740642548,-0.13286666572093964,0.2648715376853943,2.2926557064056396,1.4229375123977661
COMPRESSION,bbw_pct120,PRE_2020_2022,7,5776,0.7583333253860474,0.8500000238418579,0.8083333373069763,0.030579907819628716,0.48971253633499146,0.16810941696166992,0.42226454615592957,0.20383320748806,-0.1317218393087387,0.2927631437778473,2.3677496910095215,1.5285813808441162
COMPRESSION,bbw_pct120,PRE_2020_2022,8,6035,0.8500000238418579,0.9416666626930237,0.8999999761581421,0.036925237625837326,1.3692795038223267,0.17829328775405884,0.3353769779205322,0.21422260999679565,-0.13322819769382477,0.30621376633644104,2.206716299057007,1.6037366390228271
COMPRESSION,bbw_pct120,PRE_2020_2022,9,5518,0.9416666626930237,inf,1.0,0.0383979007601738,0.6346110105514526,0.18303732573986053,0.2616890072822571,0.21941669285297394,-0.13670645654201508,0.3338165879249573,1.948095440864563,1.6007955074310303
COMPRESSION,bbw_pct120,DISCOVERY,0,5482,-inf,0.1044047608971599,0.0416666679084301,0.01362861879169941,0.28215503692626953,0.10817220062017441,0.6384531259536743,0.14783884584903717,-0.09740319103002548,0.18077343702316284,3.176016330718994,1.3877899646759033
COMPRESSION,bbw_pct120,DISCOVERY,1,5589,0.1044047608971599,0.22499999403953552,0.1666666716337204,0.015933098271489143,0.26561957597732544,0.11665771901607513,0.595276415348053,0.15380649268627167,-0.09993238747119904,0.18983718752861023,2.8752667903900146,1.416898250579834
COMPRESSION,bbw_pct120,DISCOVERY,2,5676,0.22499999403953552,0.3499999940395355,0.2916666567325592,0.013085994869470596,0.2770524322986603,0.11997886002063751,0.5685341954231262,0.15589509904384613,-0.10230707377195358,0.1982029527425766,2.6600213050842285,1.3194940090179443
COMPRESSION,bbw_pct120,DISCOVERY,3,5287,0.3499999940395355,0.4583333432674408,0.40833333134651184,0.013840346597135067,0.2057490348815918,0.11197276413440704,0.5534329414367676,0.15680815279483795,-0.10454420745372772,0.208624929189682,2.644254684448242,1.3228776454925537
COMPRESSION,bbw_pct120,DISCOVERY,4,5571,0.4583333432674408,0.5666666626930237,0.5166666507720947,0.015574878081679344,0.31349650025367737,0.1249326840043068,0.5209118723869324,0.16381068527698517,-0.10500340163707733,0.2281457483768463,2.407785415649414,1.3537886142730713
COMPRESSION,bbw_pct120,DISCOVERY,5,5457,0.5666666626930237,0.6666666865348816,0.625,0.01985105499625206,0.2770712375640869,0.13468939065933228,0.48176655173301697,0.17015841603279114,-0.10468915104866028,0.24042513966560364,2.4309370517730713,1.439267873764038
COMPRESSION,bbw_pct120,DISCOVERY,6,5374,0.6666666865348816,0.7583333253860474,0.7166666388511658,0.02128102257847786,0.2914879620075226,0.13435058295726776,0.4309639036655426,0.1742631196975708,-0.10550785064697266,0.2504652142524719,2.2937655448913574,1.4438620805740356
COMPRESSION,bbw_pct120,DISCOVERY,7,5727,0.7583333253860474,0.8500000238418579,0.8083333373069763,0.024576926603913307,0.277253657579422,0.13584773242473602,0.3628426790237427,0.17655949294567108,-0.10624925047159195,0.26960015296936035,2.1219117641448975,1.4937350749969482
COMPRESSION,bbw_pct120,DISCOVERY,8,5523,0.8500000238418579,0.9416666626930237,0.8916666507720947,0.02527986466884613,0.2168579250574112,0.1383306235074997,0.2523990571498871,0.1798790544271469,-0.1077679693698883,0.2893355190753937,1.8635879755020142,1.479249358177185
COMPRESSION,bbw_pct120,DISCOVERY,9,5129,0.9416666626930237,inf,1.0,0.040414098650217056,0.25465136766433716,0.16026516258716583,0.15032170712947845,0.20295673608779907,-0.11033104360103607,0.3345681428909302,1.8708351850509644,1.7351452112197876
COMPRESSION,bbw_pct120,STRICT_OOS,0,2548,-inf,0.1044047608971599,0.0416666679084301,0.037334755063056946,0.5182944536209106,0.18171115219593048,0.6793563365936279,0.21131084859371185,-0.12245424836874008,0.22291994094848633,4.818924427032471,1.8907036781311035
COMPRESSION,bbw_pct120,STRICT_OOS,1,3008,0.1044047608971599,0.22499999403953552,0.1666666716337204,0.03663168102502823,0.5171653032302856,0.1785239428281784,0.6555851101875305,0.21341055631637573,-0.1306847780942917,0.23703457415103912,4.40596866607666,1.8103324174880981
COMPRESSION,bbw_pct120,STRICT_OOS,2,3354,0.22499999403953552,0.3499999940395355,0.2916666567325592,0.02777419053018093,0.3883766233921051,0.1771019697189331,0.6523553729057312,0.21717840433120728,-0.1390836536884308,0.24418604373931885,3.8499937057495117,1.532615303993225
COMPRESSION,bbw_pct120,STRICT_OOS,3,3307,0.3499999940395355,0.4583333432674408,0.40833333134651184,0.03826180845499039,0.5529677867889404,0.2029029279947281,0.6123374700546265,0.23724132776260376,-0.1386936902999878,0.28212881088256836,3.660374402999878,1.7083911895751953
COMPRESSION,bbw_pct120,STRICT_OOS,4,3743,0.4583333432674408,0.5666666626930237,0.5166666507720947,0.03784310072660446,0.482746958732605,0.20651882886886597,0.5904355049133301,0.23832935094833374,-0.13713739812374115,0.28559979796409607,3.558175563812256,1.6997205018997192
COMPRESSION,bbw_pct120,STRICT_OOS,5,3783,0.5666666626930237,0.6666666865348816,0.625,0.04893116652965546,0.44007816910743713,0.20618556439876556,0.5286809206008911,0.2458716183900833,-0.13501273095607758,0.31060004234313965,3.3930649757385254,1.888606071472168
COMPRESSION,bbw_pct120,STRICT_OOS,6,3684,0.6666666865348816,0.7583333253860474,0.7166666388511658,0.04705829545855522,0.5392212271690369,0.1967969536781311,0.48859935998916626,0.24908888339996338,-0.13758179545402527,0.3173181414604187,3.133178234100342,1.7806696891784668
COMPRESSION,bbw_pct120,STRICT_OOS,7,3877,0.7583333253860474,0.8500000238418579,0.8083333373069763,0.04983037710189819,0.5087388157844543,0.2109878808259964,0.4377095699310303,0.25573498010635376,-0.13887497782707214,0.3464018702507019,2.872767686843872,1.8128528594970703
COMPRESSION,bbw_pct120,STRICT_OOS,8,4070,0.8500000238418579,0.9416666626930237,0.8999999761581421,0.056987784802913666,0.3707948625087738,0.20737101137638092,0.3282555341720581,0.2554968297481537,-0.13413181900978088,0.3658476769924164,2.54343318939209,1.896390676498413
COMPRESSION,bbw_pct120,STRICT_OOS,9,3490,0.9416666626930237,inf,1.0,0.07511061429977417,0.4619379937648773,0.21977077424526215,0.2137535810470581,0.27999037504196167,-0.1327146738767624,0.41404011845588684,2.318706512451172,2.1178536415100098
COMPRESSION,range5_20,PRE_2020_2022,0,5426,-inf,0.25581402480602267,0.21739131212234497,0.02884417027235031,0.28201159834861755,0.12974566221237183,0.46295613050460815,0.17309574782848358,-0.11586195975542068,0.2318466603755951,2.590460777282715,1.6701759099960327
COMPRESSION,range5_20,PRE_2020_2022,1,6178,0.25581402480602267,0.31578946113586426,0.28846144676208496,0.030696948990225792,0.34304726123809814,0.14551635086536407,0.46277111768722534,0.1849399358034134,-0.1205243468284607,0.2607640027999878,2.6466946601867676,1.6472337245941162
COMPRESSION,range5_20,PRE_2020_2022,2,6172,0.31578946113586426,0.36538466811180115,0.3414633572101593,0.025929220020771027,0.2596472501754761,0.14484770596027374,0.4831497073173523,0.18434756994247437,-0.12394635379314423,0.25842514634132385,2.521578311920166,1.516610860824585
COMPRESSION,range5_20,PRE_2020_2022,3,6534,0.36538466811180115,0.4146341383457184,0.39024388790130615,0.02384532429277897,0.28669700026512146,0.14248545467853546,0.4764309823513031,0.18382348120212555,-0.12468389421701431,0.258034884929657,2.4780001640319824,1.4624361991882324
COMPRESSION,range5_20,PRE_2020_2022,4,6207,0.4146341383457184,0.464285671710968,0.43902456760406494,0.019632436335086823,0.3097694516181946,0.1427420675754547,0.4979861378669739,0.1838119775056839,-0.1311446726322174,0.2524569034576416,2.4695451259613037,1.3625714778900146
COMPRESSION,range5_20,PRE_2020_2022,5,6213,0.464285671710968,0.5194804668426514,0.4908565878868103,0.014535433612763882,0.19913630187511444,0.13536134362220764,0.5029776096343994,0.17769849300384521,-0.13395923376083374,0.23756639659404755,2.439182758331299,1.257973074913025
COMPRESSION,range5_20,PRE_2020_2022,6,5976,0.5194804668426514,0.5818182826042175,0.5495495796203613,0.014615199528634548,0.9515864849090576,0.14123159646987915,0.5137215256690979,0.1779049187898636,-0.1332077831029892,0.2453145980834961,2.3955092430114746,1.2601503133773804
COMPRESSION,range5_20,PRE_2020_2022,7,5928,0.5818182826042175,0.6601714134216309,0.6176470518112183,0.011868789792060852,0.28872931003570557,0.13832658529281616,0.5335695147514343,0.17770174145698547,-0.1339821219444275,0.23549257218837738,2.4811885356903076,1.211931586265564
COMPRESSION,range5_20,PRE_2020_2022,8,5793,0.6601714134216309,0.7692307829856873,0.7080292105674744,0.00776647450402379,0.48899054527282715,0.1322285532951355,0.5451406836509705,0.17718717455863953,-0.13420867919921875,0.22924219071865082,2.49885630607605,1.1382980346679688
COMPRESSION,range5_20,PRE_2020_2022,9,5478,0.7692307829856873,inf,0.8560302257537842,0.0076008993200957775,0.2453867495059967,0.13837166130542755,0.5817816853523254,0.17596378922462463,-0.13580016791820526,0.220153346657753,2.548773765563965,1.1380977630615234
COMPRESSION,range5_20,DISCOVERY,0,5482,-inf,0.25581402480602267,0.21481484174728394,0.019528374075889587,0.22594259679317474,0.11838745325803757,0.4620576500892639,0.15618841350078583,-0.09608492255210876,0.20521707832813263,2.6739532947540283,1.5082470178604126
COMPRESSION,range5_20,DISCOVERY,1,5491,0.25581402480602267,0.31578946113586426,0.2884615659713745,0.022675417363643646,0.2895030379295349,0.12402112782001495,0.44673100113868713,0.16447953879833221,-0.10054567456245422,0.23383718729019165,2.436491012573242,1.5452864170074463
COMPRESSION,range5_20,DISCOVERY,2,5472,0.31578946113586426,0.36538466811180115,0.34152817726135254,0.022365622222423553,0.3100639879703522,0.13249269127845764,0.43384504318237305,0.16644681990146637,-0.10194919258356094,0.23775584995746613,2.3914334774017334,1.5043461322784424
COMPRESSION,range5_20,DISCOVERY,3,5494,0.36538466811180115,0.4146341383457184,0.3898305892944336,0.023217815905809402,0.24358180165290833,0.1334182769060135,0.435202032327652,0.17242753505706787,-0.10182444751262665,0.24736075103282928,2.413973093032837,1.5277491807937622
COMPRESSION,range5_20,DISCOVERY,4,5471,0.4146341383457184,0.464285671710968,0.4390243887901306,0.027403153479099274,0.34718602895736694,0.14293548464775085,0.4289892017841339,0.1768619865179062,-0.1036546602845192,0.25187352299690247,2.4962213039398193,1.6086260080337524
COMPRESSION,range5_20,DISCOVERY,5,5479,0.464285671710968,0.5194804668426514,0.49056604504585266,0.018768755719065666,0.25708726048469543,0.12703047692775726,0.45610514283180237,0.16835054755210876,-0.10517147183418274,0.23361927270889282,2.3076674938201904,1.402341365814209
COMPRESSION,range5_20,DISCOVERY,6,5483,0.5194804668426514,0.5818182826042175,0.5499999523162842,0.018412228673696518,0.2643464207649231,0.1314973533153534,0.4539485573768616,0.16903895139694214,-0.10616688430309296,0.24949845671653748,2.3609700202941895,1.3880014419555664
COMPRESSION,range5_20,DISCOVERY,7,5479,0.5818182826042175,0.6601714134216309,0.6172837615013123,0.020160933956503868,0.2725362777709961,0.1334185004234314,0.46468332409858704,0.17154169082641602,-0.1079242154955864,0.2518707811832428,2.321200370788574,1.4292734861373901
COMPRESSION,range5_20,DISCOVERY,8,5484,0.6601714134216309,0.7692307829856873,0.7093023061752319,0.019059309735894203,0.2497674822807312,0.12399708479642868,0.47009482979774475,0.16926515102386475,-0.10871024429798126,0.24908825755119324,2.3718302249908447,1.4005354642868042
COMPRESSION,range5_20,DISCOVERY,9,5479,0.7692307829856873,inf,0.8571428656578064,0.010637517087161541,0.20579107105731964,0.11607957631349564,0.5218105316162109,0.1649317443370819,-0.11130128055810928,0.22376346588134766,2.433232545852661,1.2162833213806152
COMPRESSION,range5_20,STRICT_OOS,0,3035,-inf,0.25581402480602267,0.2151898741722107,0.023458201438188553,0.18987266719341278,0.15683689713478088,0.5406919121742249,0.1955772340297699,-0.12415429949760437,0.2329489290714264,3.118682622909546,1.5097777843475342
COMPRESSION,range5_20,STRICT_OOS,1,3315,0.25581402480602267,0.31578946113586426,0.28813567757606506,0.03440553694963455,0.36925187706947327,0.18401207029819489,0.5242835879325867,0.22478632628917694,-0.13425005972385406,0.28536954522132874,3.2138125896453857,1.6354312896728516
COMPRESSION,range5_20,STRICT_OOS,2,3432,0.31578946113586426,0.36538466811180115,0.34139806032180786,0.042121343314647675,0.46916452050209045,0.19755244255065918,0.5096153616905212,0.23358869552612305,-0.13238045573234558,0.3030303120613098,3.195099353790283,1.7779532670974731
COMPRESSION,range5_20,STRICT_OOS,3,3764,0.36538466811180115,0.4146341383457184,0.39024391770362854,0.04444184899330139,0.46206748485565186,0.19792774319648743,0.4994686543941498,0.23694340884685516,-0.13685545325279236,0.3020722568035126,3.175452470779419,1.7827333211898804
COMPRESSION,range5_20,STRICT_OOS,4,3587,0.4146341383457184,0.464285671710968,0.43915343284606934,0.043384987860918045,0.4898991584777832,0.1984945684671402,0.51268470287323,0.24051545560359955,-0.14040619134902954,0.2985782027244568,3.252746105194092,1.741945743560791
COMPRESSION,range5_20,STRICT_OOS,5,3645,0.464285671710968,0.5194804668426514,0.4906832277774811,0.045052073895931244,0.5743979215621948,0.20219478011131287,0.5037037134170532,0.24752798676490784,-0.14112327992916107,0.31111112236976624,3.2496960163116455,1.735633134841919
COMPRESSION,range5_20,STRICT_OOS,6,3594,0.5194804668426514,0.5818182826042175,0.550000011920929,0.048962585628032684,0.4911777973175049,0.21035058796405792,0.50556480884552,0.2535463869571686,-0.13950268924236298,0.32582080364227295,3.1716020107269287,1.8147224187850952
COMPRESSION,range5_20,STRICT_OOS,7,3493,0.5818182826042175,0.6601714134216309,0.6186440587043762,0.05920804291963577,0.5295068621635437,0.2161465734243393,0.4952762722969055,0.265907883644104,-0.13485106825828552,0.34468936920166016,3.411618709564209,2.012497901916504
COMPRESSION,range5_20,STRICT_OOS,8,3403,0.6601714134216309,0.7692307829856873,0.7076922655105591,0.05509753152728081,0.524903416633606,0.2033499926328659,0.4975022077560425,0.25596141815185547,-0.13458383083343506,0.3285336494445801,3.3799736499786377,1.9791361093521118
COMPRESSION,range5_20,STRICT_OOS,9,3586,0.7692307829856873,inf,0.8591077327728271,0.062228865921497345,0.5977824926376343,0.224762961268425,0.49581706523895264,0.25871703028678894,-0.13045243918895721,0.33184605836868286,3.625486373901367,2.135758399963379
COMPRESSION,rv10_60,PRE_2020_2022,0,5903,-inf,0.5380886793136597,0.4578680694103241,0.020396163687109947,0.22922661900520325,0.11197695881128311,0.5747925043106079,0.15953628718852997,-0.1111210510134697,0.20464171469211578,3.057889223098755,1.5304992198944092
COMPRESSION,rv10_60,PRE_2020_2022,1,5811,0.5380886793136597,0.6501720190048218,0.5984337329864502,0.01817145012319088,0.23337247967720032,0.12132163345813751,0.580967128276825,0.16458742320537567,-0.11930043250322342,0.21545344591140747,2.9964957237243652,1.4218337535858154
COMPRESSION,rv10_60,PRE_2020_2022,2,6109,0.6501720190048218,0.7463564872741699,0.6997264623641968,0.013211745768785477,0.15314741432666779,0.12211491167545319,0.5729252099990845,0.16596846282482147,-0.1222219467163086,0.21803896129131317,2.618345022201538,1.2899763584136963
COMPRESSION,rv10_60,PRE_2020_2022,3,6068,0.7463564872741699,0.837081229686737,0.7931169867515564,0.01284801121801138,0.1606445610523224,0.1245880052447319,0.565754771232605,0.16825491189956665,-0.12809313833713531,0.22017139196395874,2.600658416748047,1.2577266693115234
COMPRESSION,rv10_60,PRE_2020_2022,4,5902,0.837081229686737,0.928677499294281,0.8826761841773987,0.014361455105245113,0.1425694078207016,0.13215859234333038,0.5354117155075073,0.17558550834655762,-0.12923893332481384,0.24076583981513977,2.4496779441833496,1.2679871320724487
COMPRESSION,rv10_60,PRE_2020_2022,5,5979,0.928677499294281,1.0284955739974975,0.9776390790939331,0.01358566340059042,0.34631475806236267,0.14433851838111877,0.5081117153167725,0.18131089210510254,-0.13379426300525665,0.25188159942626953,2.3837108612060547,1.2409603595733643
COMPRESSION,rv10_60,PRE_2020_2022,6,6418,1.0284955739974975,1.1451651334762574,1.0825819969177246,0.011692590080201626,0.13113607466220856,0.145995631814003,0.4950140118598938,0.18408967554569244,-0.13688983023166656,0.2497662752866745,2.2768173217773438,1.1924642324447632
COMPRESSION,rv10_60,PRE_2020_2022,7,6074,1.1451651334762574,1.290873956680298,1.2141867876052856,0.02194497548043728,1.278064489364624,0.15953242778778076,0.4530786871910095,0.19610874354839325,-0.13712333142757416,0.2622653841972351,2.329341411590576,1.3676587343215942
COMPRESSION,rv10_60,PRE_2020_2022,8,5903,1.290873956680298,1.498784065246582,1.3823864459991455,0.028869442641735077,0.5229765772819519,0.16618669033050537,0.4091140031814575,0.2026473879814148,-0.13549619913101196,0.28612568974494934,2.3122646808624268,1.488709568977356
COMPRESSION,rv10_60,PRE_2020_2022,9,5735,1.498784065246582,inf,1.6705849170684814,0.03313034027814865,0.4648171067237854,0.16477768123149872,0.3515257239341736,0.2002427726984024,-0.13290689885616302,0.287009596824646,2.1451423168182373,1.558166265487671
COMPRESSION,rv10_60,DISCOVERY,0,5482,-inf,0.5380886793136597,0.45797646045684814,0.012503004632890224,0.28350958228111267,0.10744254291057587,0.6125501394271851,0.15004494786262512,-0.09840572625398636,0.17074060440063477,3.3734731674194336,1.3647743463516235
COMPRESSION,rv10_60,DISCOVERY,1,5482,0.5380886793136597,0.6501720190048218,0.599179744720459,0.011893454007804394,0.20825351774692535,0.11163809150457382,0.5933965444564819,0.151926651597023,-0.10258032381534576,0.18898212909698486,2.911985397338867,1.310046911239624
COMPRESSION,rv10_60,DISCOVERY,2,5482,0.6501720190048218,0.7463564872741699,0.6987718939781189,0.017117369920015335,0.2878418266773224,0.118022620677948,0.5483400225639343,0.15758319199085236,-0.09984458982944489,0.2019336074590683,2.656198263168335,1.4294579029083252
COMPRESSION,rv10_60,DISCOVERY,3,5482,0.7463564872741699,0.837081229686737,0.7922533750534058,0.018065720796585083,0.2955779731273651,0.12458956241607666,0.5238963961601257,0.1594708412885666,-0.10197634249925613,0.21999269723892212,2.5723021030426025,1.4292187690734863
COMPRESSION,rv10_60,DISCOVERY,4,5482,0.837081229686737,0.928677499294281,0.8823049068450928,0.018365805968642235,0.28306740522384644,0.12313024699687958,0.4912440776824951,0.1624787598848343,-0.10383990406990051,0.22728930413722992,2.4374659061431885,1.4166408777236938
COMPRESSION,rv10_60,DISCOVERY,5,5481,0.928677499294281,1.0284955739974975,0.9763256311416626,0.020556239411234856,0.25200679898262024,0.13191023468971252,0.46323662996292114,0.1690370887517929,-0.1059536263346672,0.24521072208881378,2.3536734580993652,1.4361279010772705
COMPRESSION,rv10_60,DISCOVERY,6,5482,1.0284955739974975,1.1451651334762574,1.083836317062378,0.023457875475287437,0.26809296011924744,0.14027726650238037,0.4199197292327881,0.17705455422401428,-0.10721191763877869,0.2615833580493927,2.206401824951172,1.4862053394317627
COMPRESSION,rv10_60,DISCOVERY,7,5482,1.1451651334762574,1.290873956680298,1.2127985954284668,0.024114781990647316,0.2807575464248657,0.14210142195224762,0.37431594729423523,0.18104024231433868,-0.10960116237401962,0.2772710621356964,2.13616943359375,1.4670555591583252
COMPRESSION,rv10_60,DISCOVERY,8,5482,1.290873956680298,1.498784065246582,1.3836534023284912,0.026562901213765144,0.27168065309524536,0.1461145579814911,0.3153958320617676,0.18522238731384277,-0.10933610051870346,0.2958774268627167,1.9849700927734375,1.4993739128112793
COMPRESSION,rv10_60,DISCOVERY,9,5482,1.498784065246582,inf,1.67716646194458,0.029538555070757866,0.23387634754180908,0.13808828592300415,0.23148486018180847,0.1857437789440155,-0.10456465929746628,0.29478293657302856,1.8647655248641968,1.564501404762268
COMPRESSION,rv10_60,STRICT_OOS,0,2801,-inf,0.5380886793136597,0.4585072994232178,0.026607733219861984,0.3898375928401947,0.14102105796337128,0.6387004852294922,0.18455331027507782,-0.10789410024881363,0.2017136663198471,4.200047492980957,1.7484265565872192
COMPRESSION,rv10_60,STRICT_OOS,1,2867,0.5380886793136597,0.6501720190048218,0.5979493856430054,0.02887030504643917,0.4342774748802185,0.15870247781276703,0.6613184809684753,0.20479857921600342,-0.12681029736995697,0.21799790859222412,4.590793132781982,1.6737494468688965
COMPRESSION,rv10_60,STRICT_OOS,2,3212,0.6501720190048218,0.7463564872741699,0.699010968208313,0.034444939345121384,0.5037685036659241,0.17372353374958038,0.6151930093765259,0.2184799760580063,-0.13097618520259857,0.253113329410553,3.945091724395752,1.7474664449691772
COMPRESSION,rv10_60,STRICT_OOS,3,3435,0.7463564872741699,0.837081229686737,0.7923535108566284,0.03348304331302643,0.33588752150535583,0.19213974475860596,0.5959243178367615,0.2247706800699234,-0.13433033227920532,0.2553129494190216,3.734930992126465,1.653346300125122
COMPRESSION,rv10_60,STRICT_OOS,4,3595,0.837081229686737,0.928677499294281,0.883208692073822,0.040377479046583176,0.5170150995254517,0.1949930489063263,0.5465924739837646,0.23705409467220306,-0.1414347141981125,0.2962447702884674,3.3658335208892822,1.721132755279541
COMPRESSION,rv10_60,STRICT_OOS,5,3828,0.928677499294281,1.0284955739974975,0.9777576327323914,0.043804831802845,0.5200417041778564,0.20768025517463684,0.5206373929977417,0.24609030783176422,-0.1426100730895996,0.32340648770332336,3.157766342163086,1.748049259185791
COMPRESSION,rv10_60,STRICT_OOS,6,4131,1.0284955739974975,1.1451651334762574,1.0851835012435913,0.05081966519355774,0.46950453519821167,0.22609537839889526,0.48099732398986816,0.26454153656959534,-0.1465606391429901,0.34616315364837646,2.9757235050201416,1.781518578529358
COMPRESSION,rv10_60,STRICT_OOS,7,4093,1.1451651334762574,1.290873956680298,1.2131481170654297,0.059031713753938675,0.5109076499938965,0.23308086395263672,0.4324456453323364,0.2725188136100769,-0.14457421004772186,0.365746408700943,2.8622119426727295,1.8738055229187012
COMPRESSION,rv10_60,STRICT_OOS,8,3751,1.290873956680298,1.498784065246582,1.3790886402130127,0.06910974532365799,0.5472145080566406,0.23300452530384064,0.36790189146995544,0.27918270230293274,-0.14002881944179535,0.3857637941837311,2.6970813274383545,2.0370094776153564
COMPRESSION,rv10_60,STRICT_OOS,9,3145,1.498784065246582,inf,1.6662105321884155,0.06557689607143402,0.48344874382019043,0.20508743822574615,0.2855325937271118,0.25822532176971436,-0.12152815610170364,0.3694753646850586,2.5462496280670166,2.07314395904541
VOLUME,vol5_20,PRE_2020_2022,0,5318,-inf,0.44232646822929383,0.36512845754623413,0.023604823276400566,0.36736658215522766,0.13990221917629242,0.6186536550521851,0.17485737800598145,-0.12001031637191772,0.21079352498054504,3.498887062072754,1.5725442171096802
VOLUME,vol5_20,PRE_2020_2022,1,5785,0.44232646822929383,0.5621680021286011,0.5070799589157104,0.01795009709894657,0.219549298286438,0.138288676738739,0.5868625640869141,0.17523173987865448,-0.12383586168289185,0.22143474221229553,2.945078134536743,1.396735668182373
VOLUME,vol5_20,PRE_2020_2022,2,6130,0.5621680021286011,0.6665799856185913,0.6153093576431274,0.015498361550271511,0.24143946170806885,0.136052206158638,0.5783033967018127,0.17123660445213318,-0.12422515451908112,0.22561174631118774,2.8053104877471924,1.3284764289855957
VOLUME,vol5_20,PRE_2020_2022,3,6148,0.6665799856185913,0.7680868864059449,0.7181301712989807,0.01943873055279255,0.3033958077430725,0.13223811984062195,0.551886796951294,0.17190933227539062,-0.12336645275354385,0.22674040496349335,2.7116053104400635,1.4077298641204834
VOLUME,vol5_20,PRE_2020_2022,4,6240,0.7680868864059449,0.8772969245910645,0.8223280906677246,0.0176711305975914,0.450344443321228,0.12996794283390045,0.5373397469520569,0.1730169802904129,-0.12559761106967926,0.22147436439990997,2.576939105987549,1.353664755821228
VOLUME,vol5_20,PRE_2020_2022,5,6386,0.8772969245910645,1.003444290161133,0.9379450082778931,0.020472437143325806,0.8823897242546082,0.1415596604347229,0.5050109624862671,0.17326980829238892,-0.1260249763727188,0.2370811104774475,2.505645990371704,1.411726713180542
VOLUME,vol5_20,PRE_2020_2022,6,6211,1.003444290161133,1.156945037841797,1.0735512971878052,0.021745732054114342,0.5630367994308472,0.13733698427677155,0.4796329140663147,0.1812773197889328,-0.12610343098640442,0.2476251870393753,2.36629056930542,1.4167288541793823
VOLUME,vol5_20,PRE_2020_2022,7,6126,1.156945037841797,1.37620906829834,1.2541546821594238,0.0176926851272583,0.25337597727775574,0.13842637836933136,0.4671890437602997,0.18036185204982758,-0.1324959397315979,0.24681684374809265,2.263267755508423,1.3110498189926147
VOLUME,vol5_20,PRE_2020_2022,8,5943,1.37620906829834,1.7655967831611632,1.5427043437957764,0.019517742097377777,0.22744683921337128,0.14756856858730316,0.4006394147872925,0.1913260966539383,-0.1371581256389618,0.2820124626159668,2.104065179824829,1.314321756362915
VOLUME,vol5_20,PRE_2020_2022,9,5550,1.7655967831611632,inf,2.144451856613159,0.013628493063151836,0.08393548429012299,0.15189188718795776,0.3290089964866638,0.20714782178401947,-0.14781537652015686,0.3172973096370697,1.8597115278244019,1.1849489212036133
VOLUME,vol5_20,DISCOVERY,0,5471,-inf,0.44232646822929383,0.3597293198108673,0.014529070816934109,0.2905333340167999,0.12045329809188843,0.6082983016967773,0.1651141494512558,-0.10339614003896713,0.1992323100566864,3.310415267944336,1.3804113864898682
VOLUME,vol5_20,DISCOVERY,1,5471,0.44232646822929383,0.5621680021286011,0.5062077641487122,0.014497248455882072,0.23514513671398163,0.12392615526914597,0.5724730491638184,0.16406244039535522,-0.10441749542951584,0.210199236869812,2.969170570373535,1.3557316064834595
VOLUME,vol5_20,DISCOVERY,2,5471,0.5621680021286011,0.6665799856185913,0.6144229173660278,0.019262397661805153,0.2955751121044159,0.12209833413362503,0.5311643481254578,0.1629982441663742,-0.09962712228298187,0.22281119227409363,2.755951166152954,1.4805784225463867
VOLUME,vol5_20,DISCOVERY,3,5471,0.6665799856185913,0.7680868864059449,0.7158598303794861,0.02108752168715,0.29818081855773926,0.1301407366991043,0.5031986832618713,0.16094350814819336,-0.09833802282810211,0.2165966033935547,2.6212644577026367,1.531917691230774
VOLUME,vol5_20,DISCOVERY,4,5471,0.7680868864059449,0.8772969245910645,0.821183979511261,0.018225349485874176,0.2817041277885437,0.11716322600841522,0.48638275265693665,0.15761418640613556,-0.09859739989042282,0.21202705800533295,2.4469501972198486,1.450783610343933
VOLUME,vol5_20,DISCOVERY,5,5471,0.8772969245910645,1.003444290161133,0.9359185695648193,0.02624869905412197,0.3818437457084656,0.1252056360244751,0.44946080446243286,0.16348572075366974,-0.09768323600292206,0.23067080974578857,2.4036593437194824,1.6326881647109985
VOLUME,vol5_20,DISCOVERY,6,5471,1.003444290161133,1.156945037841797,1.0750126838684082,0.023480450734496117,0.27695852518081665,0.12977518141269684,0.4350210130214691,0.16351218521595,-0.10229653865098953,0.23651982843875885,2.2770583629608154,1.5233646631240845
VOLUME,vol5_20,DISCOVERY,7,5471,1.156945037841797,1.37620906829834,1.2543524503707886,0.022332841530442238,0.25673708319664,0.12995795905590057,0.39225003123283386,0.16714373230934143,-0.10543385148048401,0.25936758518218994,2.106306552886963,1.462477207183838
VOLUME,vol5_20,DISCOVERY,8,5471,1.37620906829834,1.7655967831611632,1.5351011753082275,0.022983649745583534,0.2308139204978943,0.13489307463169098,0.34052276611328125,0.17550979554653168,-0.10914337635040283,0.27581796050071716,1.9917746782302856,1.440351128578186
VOLUME,vol5_20,DISCOVERY,9,5471,1.7655967831611632,inf,2.171743631362915,0.01973998174071312,0.12255210429430008,0.14823615550994873,0.2597331404685974,0.19708365201950073,-0.12274717539548874,0.3173094391822815,1.842820167541504,1.3078263998031616
VOLUME,vol5_20,STRICT_OOS,0,3009,-inf,0.44232646822929383,0.3602370619773865,0.014389374293386936,0.19585710763931274,0.14622798562049866,0.7131937742233276,0.1999802589416504,-0.13764719665050507,0.1954137533903122,4.560048580169678,1.3087222576141357
VOLUME,vol5_20,STRICT_OOS,1,3305,0.44232646822929383,0.5621680021286011,0.5056034922599792,0.028358494862914085,0.45232269167900085,0.18063540756702423,0.6366112232208252,0.22246278822422028,-0.1375991851091385,0.24387292563915253,3.9029221534729004,1.5767539739608765
VOLUME,vol5_20,STRICT_OOS,2,3441,0.5621680021286011,0.6665799856185913,0.6157512664794922,0.04285799711942673,0.5696583390235901,0.19267654418945312,0.5919790863990784,0.23464073240756989,-0.12981407344341278,0.2685265839099884,4.025757312774658,1.876514196395874
VOLUME,vol5_20,STRICT_OOS,3,3511,0.6665799856185913,0.7680868864059449,0.7168017625808716,0.04532143101096153,0.5996620655059814,0.20563942193984985,0.5562517642974854,0.23513329029083252,-0.12833306193351746,0.2908003330230713,3.6626408100128174,1.9187532663345337
VOLUME,vol5_20,STRICT_OOS,4,3601,0.7680868864059449,0.8772969245910645,0.8243272304534912,0.045279450714588165,0.5338819622993469,0.19661204516887665,0.5362399220466614,0.23050327599048615,-0.13042153418064117,0.28019994497299194,3.492431879043579,1.8820327520370483
VOLUME,vol5_20,STRICT_OOS,5,3765,0.8772969245910645,1.003444290161133,0.9372676014900208,0.05431957542896271,0.6377735137939453,0.20823372900485992,0.4990703761577606,0.241033673286438,-0.1285713016986847,0.3195219039916992,3.27105975151062,2.006380796432495
VOLUME,vol5_20,STRICT_OOS,6,3617,1.003444290161133,1.156945037841797,1.0730236768722534,0.05179671570658684,0.5485305786132812,0.21011888980865479,0.47055572271347046,0.2406008094549179,-0.12982811033725739,0.32153719663619995,3.017354965209961,1.9254770278930664
VOLUME,vol5_20,STRICT_OOS,7,3793,1.156945037841797,1.37620906829834,1.2543995380401611,0.0546991229057312,0.4395570158958435,0.21513314545154572,0.42420247197151184,0.25247010588645935,-0.13421939313411713,0.3443184792995453,2.8590402603149414,1.9148393869400024
VOLUME,vol5_20,STRICT_OOS,8,3560,1.37620906829834,1.7655967831611632,1.5394654273986816,0.05872194096446037,0.388100266456604,0.22191011905670166,0.3856741487979889,0.272396057844162,-0.14288252592086792,0.38061797618865967,2.5827062129974365,1.8663989305496216
VOLUME,vol5_20,STRICT_OOS,9,3119,1.7655967831611632,inf,2.145336866378784,0.06250391900539398,0.33217206597328186,0.21128566563129425,0.29753124713897705,0.28585004806518555,-0.14943325519561768,0.4126322567462921,2.5159738063812256,1.822967767715454
VOLUME,vol10_60,PRE_2020_2022,0,5499,-inf,0.4194580376148224,0.3327353894710541,0.014204273000359535,0.16142208874225616,0.1243862509727478,0.6701218485832214,0.16342534124851227,-0.12080681324005127,0.18567012250423431,3.715977430343628,1.3608324527740479
VOLUME,vol10_60,PRE_2020_2022,1,5874,0.4194580376148224,0.5631276607513428,0.4979919195175171,0.021400438621640205,1.0081098079681396,0.13653387129306793,0.6128702759742737,0.17191082239151,-0.1195129007101059,0.21348313987255096,3.3240270614624023,1.5257830619812012
VOLUME,vol10_60,PRE_2020_2022,2,6139,0.5631276607513428,0.6890371203422547,0.6278166174888611,0.022093448787927628,0.3441102206707001,0.1363414227962494,0.5989574790000916,0.17082463204860687,-0.11999412626028061,0.21681055426597595,3.0890913009643555,1.51715886592865
VOLUME,vol10_60,PRE_2020_2022,3,6131,0.6890371203422547,0.8135709524154664,0.7510748505592346,0.01798948645591736,0.28901171684265137,0.12542815506458282,0.5646713376045227,0.16209940612316132,-0.119207464158535,0.20795954763889313,2.6829662322998047,1.406189203262329
VOLUME,vol10_60,PRE_2020_2022,4,6135,0.8135709524154664,0.9506137371063232,0.8794097304344177,0.020901981741189957,0.44401559233665466,0.1367563158273697,0.5334963202476501,0.1685299426317215,-0.12216255813837051,0.23504482209682465,2.606783628463745,1.4522563219070435
VOLUME,vol10_60,PRE_2020_2022,5,6112,0.9506137371063232,1.1148806810379028,1.02982759475708,0.020798198878765106,0.36528316140174866,0.13432592153549194,0.5142343044281006,0.17745092511177063,-0.12525597214698792,0.23952879011631012,2.538506269454956,1.408415675163269
VOLUME,vol10_60,PRE_2020_2022,6,6176,1.1148806810379028,1.3312278985977175,1.2135608196258545,0.025424731895327568,0.6004219055175781,0.15025906264781952,0.46955958008766174,0.18398994207382202,-0.12632320821285248,0.25259068608283997,2.3646836280822754,1.4765276908874512
VOLUME,vol10_60,PRE_2020_2022,7,5777,1.3312278985977175,1.6509690046310426,1.4729715585708618,0.024179911240935326,0.26280677318573,0.15457850694656372,0.43240436911582947,0.1951271891593933,-0.13254483044147491,0.2748831510543823,2.1892147064208984,1.4077969789505005
VOLUME,vol10_60,PRE_2020_2022,8,6231,1.6509690046310426,2.2646994590759277,1.898358941078186,0.011062097735702991,0.10756788402795792,0.14732787013053894,0.3870967626571655,0.19572433829307556,-0.1456722915172577,0.2859894037246704,1.9394406080245972,1.1568069458007812
VOLUME,vol10_60,PRE_2020_2022,9,5761,2.2646994590759277,inf,2.878058433532715,0.008554008789360523,0.05829526111483574,0.14511369168758392,0.2772088050842285,0.2084936797618866,-0.15462985634803772,0.32025688886642456,1.7222557067871094,1.1101495027542114
VOLUME,vol10_60,DISCOVERY,0,5471,-inf,0.4194580376148224,0.3263028860092163,0.014199363999068737,0.29601144790649414,0.11972217261791229,0.6691646575927734,0.16423101723194122,-0.10102704912424088,0.18406140804290771,3.9946024417877197,1.4162591695785522
VOLUME,vol10_60,DISCOVERY,1,5471,0.4194580376148224,0.5631276607513428,0.4955158829689026,0.015074096620082855,0.2999386489391327,0.1208188608288765,0.6062877178192139,0.158331036567688,-0.09884841740131378,0.19064156711101532,3.185091733932495,1.4187753200531006
VOLUME,vol10_60,DISCOVERY,2,5471,0.5631276607513428,0.6890371203422547,0.6274649500846863,0.01634114235639572,0.30424800515174866,0.11405593156814575,0.5741180777549744,0.15230359137058258,-0.09849181026220322,0.18991044163703918,2.8698055744171143,1.4400231838226318
VOLUME,vol10_60,DISCOVERY,3,5471,0.6890371203422547,0.8135709524154664,0.7516411542892456,0.018189357593655586,0.29983898997306824,0.11953938752412796,0.5342715978622437,0.15468205511569977,-0.09900763630867004,0.20727472007274628,2.6726315021514893,1.448554277420044
VOLUME,vol10_60,DISCOVERY,4,5471,0.8135709524154664,0.9506137371063232,0.8783057332038879,0.019851403310894966,0.31157365441322327,0.12173277139663696,0.5030158758163452,0.1591857373714447,-0.0995701253414154,0.22080057859420776,2.4797115325927734,1.4789992570877075
VOLUME,vol10_60,DISCOVERY,5,5470,0.9506137371063232,1.1148806810379028,1.0283522605895996,0.02426140010356903,0.35181868076324463,0.12486288696527481,0.45246800780296326,0.1599338948726654,-0.10027451068162918,0.22943326830863953,2.2941505908966064,1.5778037309646606
VOLUME,vol10_60,DISCOVERY,6,5471,1.1148806810379028,1.3312278985977175,1.2126518487930298,0.022629383951425552,0.23851816356182098,0.12813013792037964,0.4125388264656067,0.1649659425020218,-0.1021852120757103,0.24511058628559113,2.081371545791626,1.4950052499771118
VOLUME,vol10_60,DISCOVERY,7,5471,1.3312278985977175,1.6509690046310426,1.4723422527313232,0.021041521802544594,0.21700304746627808,0.13215135037899017,0.352769136428833,0.17077843844890594,-0.1074332743883133,0.2663132846355438,1.9191248416900635,1.407723069190979
VOLUME,vol10_60,DISCOVERY,8,5471,1.6509690046310426,2.2646994590759277,1.903839111328125,0.025063158944249153,0.2001643031835556,0.14238713681697845,0.2924511134624481,0.1866081804037094,-0.11198796331882477,0.29574117064476013,1.8710981607437134,1.4411693811416626
VOLUME,vol10_60,DISCOVERY,9,5471,2.2646994590759277,inf,2.8928370475769043,0.02574969083070755,0.1511761099100113,0.158471941947937,0.1813196837902069,0.20646777749061584,-0.12284044176340103,0.35130688548088074,1.8129022121429443,1.397971272468567
VOLUME,vol10_60,STRICT_OOS,0,3294,-inf,0.4194580376148224,0.3254924416542053,0.02688651904463768,0.48307251930236816,0.1724347323179245,0.7210078835487366,0.2191850244998932,-0.13310375809669495,0.2295081913471222,5.165260314941406,1.6712357997894287
VOLUME,vol10_60,STRICT_OOS,1,3161,0.4194580376148224,0.5631276607513428,0.4941941201686859,0.027799876406788826,0.4337199628353119,0.17367921769618988,0.6836444139480591,0.21801526844501495,-0.13753294944763184,0.22556152939796448,4.520815372467041,1.5939888954162598
VOLUME,vol10_60,STRICT_OOS,2,3268,0.5631276607513428,0.6890371203422547,0.6253416538238525,0.03480561822652817,0.5769980549812317,0.19736842811107635,0.619951069355011,0.22278831899166107,-0.13255590200424194,0.2576499283313751,3.728346586227417,1.7280960083007812
VOLUME,vol10_60,STRICT_OOS,3,3573,0.6890371203422547,0.8135709524154664,0.7504172921180725,0.04496658220887184,0.5515982508659363,0.20626923441886902,0.5922194123268127,0.2307559996843338,-0.12880228459835052,0.2630842328071594,3.8707027435302734,1.9280481338500977
VOLUME,vol10_60,STRICT_OOS,4,3603,0.8135709524154664,0.9506137371063232,0.8810369968414307,0.047645945101976395,0.5599209070205688,0.20760478079319,0.5351096391677856,0.23264718055725098,-0.12776829302310944,0.27948930859565735,3.4317033290863037,1.9449800252914429
VOLUME,vol10_60,STRICT_OOS,5,3766,0.9506137371063232,1.1148806810379028,1.0281145572662354,0.0651230737566948,0.635869562625885,0.23074880242347717,0.496548056602478,0.251964271068573,-0.12671491503715515,0.33138608932495117,3.4642491340637207,2.252824544906616
VOLUME,vol10_60,STRICT_OOS,6,3777,1.1148806810379028,1.3312278985977175,1.211883544921875,0.05591368302702904,0.4934217631816864,0.2070426195859909,0.4598887860774994,0.24991171061992645,-0.13169382512569427,0.3367752134799957,3.074957847595215,1.982115626335144
VOLUME,vol10_60,STRICT_OOS,7,3394,1.3312278985977175,1.6509690046310426,1.4702794551849365,0.05990613251924515,0.45767301321029663,0.20300529897212982,0.41602829098701477,0.2538892328739166,-0.13400541245937347,0.3582793176174164,2.8268418312072754,1.970308780670166
VOLUME,vol10_60,STRICT_OOS,8,3541,1.6509690046310426,2.2646994590759277,1.8991395235061646,0.0510006807744503,0.3508095443248749,0.19824908673763275,0.3363456726074219,0.25937286019325256,-0.14303050935268402,0.37729454040527344,2.368260145187378,1.7164983749389648
VOLUME,vol10_60,STRICT_OOS,9,3342,2.2646994590759277,inf,2.83430552482605,0.0439603365957737,0.1952000856399536,0.19419509172439575,0.25284260511398315,0.2755228579044342,-0.1526176482439041,0.39826449751853943,2.2701549530029297,1.5316433906555176
VOLUME,vol_pct250,PRE_2020_2022,0,6731,-inf,0.19200000166893005,0.09200000017881393,0.008778697811067104,0.13400021195411682,0.08765413612127304,0.5973852276802063,0.1258993297815323,-0.10920048505067825,0.1512405276298523,2.507918119430542,1.2458727359771729
VOLUME,vol_pct250,PRE_2020_2022,1,6441,0.19200000166893005,0.36000001430511475,0.2800000011920929,0.013039209879934788,0.3472979664802551,0.10588417947292328,0.5968017578125,0.1417923867702484,-0.11505381017923355,0.17419655621051788,2.814096450805664,1.3374369144439697
VOLUME,vol_pct250,PRE_2020_2022,2,6107,0.36000001430511475,0.4959999918937683,0.4320000112056732,0.010953981429338455,0.18747277557849884,0.11445881426334381,0.5888324975967407,0.15323224663734436,-0.11896750330924988,0.19403962790966034,2.6809587478637695,1.250341534614563
VOLUME,vol_pct250,PRE_2020_2022,3,5908,0.4959999918937683,0.6079999804496765,0.5559999942779541,0.015392858535051346,0.3125220537185669,0.12711577117443085,0.5763371586799622,0.16442184150218964,-0.12137776613235474,0.21140825748443604,2.7991626262664795,1.3414113521575928
VOLUME,vol_pct250,PRE_2020_2022,4,5605,0.6079999804496765,0.699999988079071,0.6572580933570862,0.015587640926241875,0.21777616441249847,0.14041034877300262,0.5732381939888,0.1775125414133072,-0.13008567690849304,0.23461195826530457,2.7886276245117188,1.309499740600586
VOLUME,vol_pct250,PRE_2020_2022,5,6043,0.699999988079071,0.7839999794960022,0.7440000176429749,0.021121766418218613,0.30258363485336304,0.15091842412948608,0.5313585996627808,0.18694570660591125,-0.1282424032688141,0.2525235712528229,2.60925030708313,1.405951976776123
VOLUME,vol_pct250,PRE_2020_2022,6,5532,0.7839999794960022,0.8519999980926514,0.8199999928474426,0.02399394102394581,1.4732718467712402,0.15853217244148254,0.48698481917381287,0.19806161522865295,-0.13362686336040497,0.26717281341552734,2.4764389991760254,1.4188299179077148
VOLUME,vol_pct250,PRE_2020_2022,7,5866,0.8519999980926514,0.9120000004768372,0.8840000033378601,0.02970905788242817,0.3571203052997589,0.17439481616020203,0.437606543302536,0.21230915188789368,-0.13590331375598907,0.30531877279281616,2.3274073600769043,1.4829670190811157
VOLUME,vol_pct250,PRE_2020_2022,8,6012,0.9120000004768372,0.9639999866485596,0.9399999976158142,0.02332085184752941,0.24064768850803375,0.1721556931734085,0.35944777727127075,0.21692292392253876,-0.14230434596538544,0.315202921628952,2.027092456817627,1.3431729078292847
VOLUME,vol_pct250,PRE_2020_2022,9,5549,0.9639999866485596,inf,0.9879999756813049,0.028021538630127907,0.18017925322055817,0.1731843501329422,0.27338260412216187,0.23560559749603271,-0.15686872601509094,0.35429808497428894,1.9688255786895752,1.3579142093658447
VOLUME,vol_pct250,DISCOVERY,0,5522,-inf,0.19200000166893005,0.09600000083446503,0.014493887312710285,0.2854915261268616,0.09054690599441528,0.564831554889679,0.1263023018836975,-0.08499128371477127,0.14433176815509796,2.78072452545166,1.4775010347366333
VOLUME,vol_pct250,DISCOVERY,1,5466,0.19200000166893005,0.36000001430511475,0.2840000092983246,0.019338706508278847,0.36905649304389954,0.11159897595643997,0.5552506446838379,0.1444433331489563,-0.08947789669036865,0.17874130606651306,2.9370055198669434,1.5877047777175903
VOLUME,vol_pct250,DISCOVERY,2,5572,0.36000001430511475,0.4959999918937683,0.4320000112056732,0.01883665658533573,0.3086753785610199,0.1189877986907959,0.5525843501091003,0.1507701575756073,-0.09620319306850433,0.19364680349826813,2.8753440380096436,1.518900990486145
VOLUME,vol_pct250,DISCOVERY,3,5431,0.4959999918937683,0.6079999804496765,0.5559999942779541,0.018720004707574844,0.2872885465621948,0.12134045362472534,0.5455717444419861,0.15883265435695648,-0.09797696024179459,0.21009021997451782,2.906240940093994,1.4903591871261597
VOLUME,vol_pct250,DISCOVERY,4,5403,0.6079999804496765,0.699999988079071,0.656000018119812,0.014172119088470936,0.23907887935638428,0.11697205156087875,0.5341476798057556,0.15691888332366943,-0.10435173660516739,0.20840273797512054,2.5735206604003906,1.3388968706130981
VOLUME,vol_pct250,DISCOVERY,5,5594,0.699999988079071,0.7839999794960022,0.7448559403419495,0.016712239012122154,0.26185834407806396,0.12263139337301254,0.4919556677341461,0.16815757751464844,-0.10513616353273392,0.2345370054244995,2.4223921298980713,1.3744308948516846
VOLUME,vol_pct250,DISCOVERY,6,5300,0.7839999794960022,0.8519999980926514,0.8199999928474426,0.0212516151368618,0.26834967732429504,0.14094339311122894,0.44981130957603455,0.17884212732315063,-0.1104302853345871,0.25433963537216187,2.3558759689331055,1.4358466863632202
VOLUME,vol_pct250,DISCOVERY,7,5469,0.8519999980926514,0.9120000004768372,0.8840000033378601,0.024162638932466507,0.24508057534694672,0.14207351207733154,0.37429144978523254,0.18760037422180176,-0.11090419441461563,0.2929237484931946,2.094717025756836,1.4586352109909058
VOLUME,vol_pct250,DISCOVERY,8,5683,0.9120000004768372,0.9639999866485596,0.9399999976158142,0.0262973140925169,0.21627257764339447,0.15555164217948914,0.3000175952911377,0.19594869017601013,-0.11698831617832184,0.32007741928100586,1.9196504354476929,1.4426965713500977
VOLUME,vol_pct250,DISCOVERY,9,5246,0.9639999866485596,inf,0.9878542423248291,0.028468644246459007,0.1866891086101532,0.1618375927209854,0.20396491885185242,0.2109939306974411,-0.12600792944431305,0.34578725695610046,1.7983759641647339,1.4336488246917725
VOLUME,vol_pct250,STRICT_OOS,0,2801,-inf,0.19200000166893005,0.10000000149011612,0.02330699935555458,0.2623007297515869,0.1478043496608734,0.6283470392227173,0.17265696823596954,-0.11849510669708252,0.20028561353683472,3.5544605255126953,1.5828170776367188
VOLUME,vol_pct250,STRICT_OOS,1,3279,0.19200000166893005,0.36000001430511475,0.2839506268501282,0.027337398380041122,0.3987372815608978,0.16895395517349243,0.6312900185585022,0.18702588975429535,-0.1276324987411499,0.21744434535503387,3.8001537322998047,1.6340826749801636
VOLUME,vol_pct250,STRICT_OOS,2,3420,0.36000001430511475,0.4959999918937683,0.4359999895095825,0.04463174566626549,0.6469001173973083,0.19269005954265594,0.6143274903297424,0.2188083976507187,-0.12383072078227997,0.23888888955116272,4.4155120849609375,2.046212911605835
VOLUME,vol_pct250,STRICT_OOS,3,3634,0.4959999918937683,0.6079999804496765,0.5559999942779541,0.04768342152237892,0.6970980167388916,0.20473307371139526,0.6059438586235046,0.23694603145122528,-0.13030967116355896,0.26197028160095215,4.237161159515381,2.001835584640503
VOLUME,vol_pct250,STRICT_OOS,4,3647,0.6079999804496765,0.699999988079071,0.6586345434188843,0.04649920389056206,0.6590309143066406,0.20537428557872772,0.5766383409500122,0.24264489114284515,-0.12958113849163055,0.2774883508682251,3.879673719406128,1.931073784828186
VOLUME,vol_pct250,STRICT_OOS,5,3772,0.699999988079071,0.7839999794960022,0.7440000176429749,0.04842684790492058,0.43636637926101685,0.20890773832798004,0.5493106842041016,0.24585750699043274,-0.1354130655527115,0.3136267364025116,3.646911859512329,1.9029287099838257
VOLUME,vol_pct250,STRICT_OOS,6,3620,0.7839999794960022,0.8519999980926514,0.8199999928474426,0.055124297738075256,0.5305539965629578,0.21574585139751434,0.48342540860176086,0.2635553181171417,-0.13512545824050903,0.3419889509677887,3.181417226791382,1.93117094039917
VOLUME,vol_pct250,STRICT_OOS,7,3642,0.8519999980926514,0.9120000004768372,0.8840000033378601,0.05287890136241913,0.4467537999153137,0.20345963537693024,0.42586490511894226,0.2604703903198242,-0.13956326246261597,0.356946736574173,2.773186206817627,1.8093656301498413
VOLUME,vol_pct250,STRICT_OOS,8,3630,0.9120000004768372,0.9639999866485596,0.9399999976158142,0.054551444947719574,0.33717265725135803,0.2173553705215454,0.34104683995246887,0.27792686223983765,-0.1473611295223236,0.39752066135406494,2.446056842803955,1.7489999532699585
VOLUME,vol_pct250,STRICT_OOS,9,3245,0.9639999866485596,inf,0.984000027179718,0.05628165602684021,0.2779700458049774,0.21910631656646729,0.2474576234817505,0.29511961340904236,-0.15616437792778015,0.4397534728050232,2.192542314529419,1.6877671480178833
VOLUME,brk_vol,PRE_2020_2022,0,5443,-inf,0.29961952567100525,0.23762498795986176,0.019814161583781242,0.27744460105895996,0.13356605172157288,0.6007716059684753,0.1739470362663269,-0.12374736368656158,0.22487598657608032,3.100290298461914,1.4408507347106934
VOLUME,brk_vol,PRE_2020_2022,1,5976,0.29961952567100525,0.4025530219078064,0.3529277443885803,0.01600739173591137,0.2166668325662613,0.134370818734169,0.5905287861824036,0.17276304960250854,-0.12905877828598022,0.2145247608423233,2.969552755355835,1.3346060514450073
VOLUME,brk_vol,PRE_2020_2022,2,6016,0.4025530219078064,0.49993869662284857,0.45077216625213623,0.018602384254336357,0.27478107810020447,0.13297872245311737,0.5669880509376526,0.1753794550895691,-0.12516549229621887,0.220910906791687,2.7988076210021973,1.383414626121521
VOLUME,brk_vol,PRE_2020_2022,3,6260,0.49993869662284857,0.6041020750999451,0.5511682033538818,0.01855820044875145,0.28099918365478516,0.13290734589099884,0.5388178825378418,0.17178590595722198,-0.123305544257164,0.2295527160167694,2.6807711124420166,1.3884886503219604
VOLUME,brk_vol,PRE_2020_2022,4,6348,0.6041020750999451,0.727611631155014,0.6620912551879883,0.018128037452697754,0.37095433473587036,0.13059231638908386,0.5269376039505005,0.17417675256729126,-0.12420640885829926,0.23503465950489044,2.56538987159729,1.3739171028137207
VOLUME,brk_vol,PRE_2020_2022,5,6256,0.727611631155014,0.8822948932647708,0.7991503477096558,0.02067466638982296,0.8688405752182007,0.13954603672027588,0.500479519367218,0.1774778962135315,-0.12339218705892563,0.2344948798418045,2.4648287296295166,1.4144086837768555
VOLUME,brk_vol,PRE_2020_2022,6,6178,0.8822948932647708,1.0968189835548403,0.9800330400466919,0.0193900428712368,0.6817948818206787,0.14146973192691803,0.49061185121536255,0.17491498589515686,-0.12598593533039093,0.24279701709747314,2.349821090698242,1.3776686191558838
VOLUME,brk_vol,PRE_2020_2022,7,5802,1.0968189835548403,1.4249449968338013,1.2353839874267578,0.022690309211611748,0.26094064116477966,0.15046535432338715,0.4601861536502838,0.18375129997730255,-0.12895220518112183,0.25818684697151184,2.3465354442596436,1.4154425859451294
VOLUME,brk_vol,PRE_2020_2022,8,5922,1.4249449968338013,2.1868866682052612,1.7106702327728271,0.019364574924111366,0.17564857006072998,0.14606551826000214,0.420634925365448,0.19140104949474335,-0.135334774851799,0.2740628123283386,2.152669906616211,1.3209298849105835
VOLUME,brk_vol,PRE_2020_2022,9,5630,2.1868866682052612,inf,3.2527146339416504,0.013546690344810486,0.19091102480888367,0.15079928934574127,0.35470691323280334,0.2035205215215683,-0.14839927852153778,0.3033747673034668,1.9542903900146484,1.1857366561889648
VOLUME,brk_vol,DISCOVERY,0,5471,-inf,0.29961952567100525,0.23555122315883636,0.013357821851968765,0.2508019208908081,0.12337780743837357,0.6040943264961243,0.16535036265850067,-0.10442724823951721,0.2041674256324768,3.208101511001587,1.3412824869155884
VOLUME,brk_vol,DISCOVERY,1,5471,0.29961952567100525,0.4025530219078064,0.3527661859989166,0.01614993065595627,0.26279857754707336,0.1241089403629303,0.5540120601654053,0.16603916883468628,-0.10287752002477646,0.21696215867996216,2.8685686588287354,1.3949302434921265
VOLUME,brk_vol,DISCOVERY,2,5470,0.4025530219078064,0.49993869662284857,0.4513835310935974,0.01903768628835678,0.27601534128189087,0.12522852420806885,0.5287020206451416,0.1631859689950943,-0.10081791877746582,0.21937842667102814,2.769803285598755,1.4670042991638184
VOLUME,brk_vol,DISCOVERY,3,5471,0.49993869662284857,0.6041020750999451,0.5506198406219482,0.018227091059088707,0.30067142844200134,0.12063608318567276,0.5011880993843079,0.15894439816474915,-0.09963476657867432,0.21696215867996216,2.5338168144226074,1.441666841506958
VOLUME,brk_vol,DISCOVERY,4,5470,0.6041020750999451,0.727611631155014,0.6623445749282837,0.018359575420618057,0.2558290660381317,0.11681900918483734,0.47458866238594055,0.15662844479084015,-0.10042349994182587,0.20749543607234955,2.4519152641296387,1.438997507095337
VOLUME,brk_vol,DISCOVERY,5,5471,0.727611631155014,0.8822948932647708,0.8010759353637695,0.018566595390439034,0.2981206774711609,0.11752878874540329,0.4576859772205353,0.15899880230426788,-0.09948544204235077,0.22738073766231537,2.24419903755188,1.4333828687667847
VOLUME,brk_vol,DISCOVERY,6,5470,0.8822948932647708,1.0968189835548403,0.979039192199707,0.025908157229423523,0.2934475839138031,0.13199268281459808,0.417550265789032,0.16780327260494232,-0.10135728120803833,0.24899451434612274,2.246384859085083,1.5923296213150024
VOLUME,brk_vol,DISCOVERY,7,5471,1.0968189835548403,1.4249449968338013,1.2390010356903076,0.027129914611577988,0.2979710102081299,0.13544142246246338,0.3975507318973541,0.16997522115707397,-0.10272344201803207,0.25059404969215393,2.334528923034668,1.5857312679290771
VOLUME,brk_vol,DISCOVERY,8,5470,1.4249449968338013,2.1868866682052612,1.7069493532180786,0.02792048268020153,0.26762712001800537,0.14296160638332367,0.35722121596336365,0.1804502308368683,-0.1075267642736435,0.2873857319355011,2.1182267665863037,1.557757019996643
VOLUME,brk_vol,DISCOVERY,9,5471,2.1868866682052612,inf,3.290239095687866,0.01776471920311451,0.16744999587535858,0.143666610121727,0.2856881618499756,0.1900457888841629,-0.12242090702056885,0.30140742659568787,1.8076902627944946,1.280964732170105
VOLUME,brk_vol,STRICT_OOS,0,2821,-inf,0.29961952567100525,0.23918552696704865,0.022674893960356712,0.40240970253944397,0.1666075885295868,0.6834455728530884,0.213442862033844,-0.1372639387845993,0.21871677041053772,4.684765815734863,1.4792847633361816
VOLUME,brk_vol,STRICT_OOS,1,3071,0.29961952567100525,0.4025530219078064,0.3537154197692871,0.024340376257896423,0.3776346743106842,0.1696515828371048,0.6229241490364075,0.21481673419475555,-0.13617010414600372,0.24063822627067566,3.6446712017059326,1.4778850078582764
VOLUME,brk_vol,STRICT_OOS,2,3429,0.4025530219078064,0.49993869662284857,0.45125994086265564,0.043181199580430984,0.5065193176269531,0.19568386673927307,0.596383810043335,0.23558388650417328,-0.1311975121498108,0.27179935574531555,4.129863739013672,1.865607500076294
VOLUME,brk_vol,STRICT_OOS,3,3492,0.49993869662284857,0.6041020750999451,0.551301121711731,0.03918640688061714,0.4984259605407715,0.1887170672416687,0.5627147555351257,0.22466163337230682,-0.13440540432929993,0.2720504105091095,3.4752821922302246,1.7541186809539795
VOLUME,brk_vol,STRICT_OOS,4,3744,0.6041020750999451,0.727611631155014,0.6619788408279419,0.04698142781853676,0.5342694520950317,0.20539529621601105,0.5280448794364929,0.23469530045986176,-0.12973275780677795,0.28632479906082153,3.461705446243286,1.909461259841919
VOLUME,brk_vol,STRICT_OOS,5,3778,0.727611631155014,0.8822948932647708,0.8021161556243896,0.04794281721115112,0.6384068131446838,0.20195870101451874,0.5074113011360168,0.23377925157546997,-0.12732061743736267,0.30757012963294983,3.218869686126709,1.8971965312957764
VOLUME,brk_vol,STRICT_OOS,6,3780,0.8822948932647708,1.0968189835548403,0.9785107374191284,0.05033391714096069,0.5241225361824036,0.20687830448150635,0.4740740656852722,0.24145887792110443,-0.12820835411548615,0.32407405972480774,2.9539694786071777,1.9220149517059326
VOLUME,brk_vol,STRICT_OOS,7,3595,1.0968189835548403,1.4249449968338013,1.2388259172439575,0.06406131386756897,0.5283525586128235,0.22002781927585602,0.4450625777244568,0.2632065713405609,-0.13275620341300964,0.3460361659526825,3.2127716541290283,2.1279783248901367
VOLUME,brk_vol,STRICT_OOS,8,3575,1.4249449968338013,2.1868866682052612,1.7043062448501587,0.05859953910112381,0.4104245901107788,0.21342657506465912,0.3980419635772705,0.2689458131790161,-0.13997632265090942,0.37454545497894287,2.7235121726989746,1.8940554857254028
VOLUME,brk_vol,STRICT_OOS,9,3432,2.1868866682052612,inf,3.210582971572876,0.05776546895503998,0.29243338108062744,0.21794871985912323,0.3208042085170746,0.2791539132595062,-0.15136128664016724,0.4020979106426239,2.493241310119629,1.7711210250854492
BASE,base_weeks,PRE_2020_2022,0,7773,-inf,3.0,2.0,0.012278370559215546,0.1072537750005722,0.117200568318367,0.374758780002594,0.1611781269311905,-0.1258876919746399,0.24430721998214722,1.810102105140686,1.2117886543273926
BASE,base_weeks,PRE_2020_2022,1,6519,3.0,6.0,5.0,0.020211275666952133,0.6336617469787598,0.12992790341377258,0.5005369186401367,0.16954292356967926,-0.12371242791414261,0.23531216382980347,2.524587631225586,1.4164533615112305
BASE,base_weeks,PRE_2020_2022,2,4944,6.0,9.0,8.0,0.021668532863259315,0.22982220351696014,0.13875404000282288,0.5018203854560852,0.17750494182109833,-0.12087395787239075,0.23442555963993073,2.5250062942504883,1.4393097162246704
BASE,base_weeks,PRE_2020_2022,3,5515,9.0,13.0,11.0,0.03457096591591835,0.3124293088912964,0.15684497356414795,0.4977334439754486,0.19017332792282104,-0.11917620897293091,0.24678149819374084,3.0775341987609863,1.7401213645935059
BASE,base_weeks,PRE_2020_2022,4,5740,13.0,18.0,16.0,0.028571298345923424,0.3659142255783081,0.15383274853229523,0.5026132464408875,0.1930397003889084,-0.1196666955947876,0.2588850259780884,2.757103443145752,1.6026138067245483
BASE,base_weeks,PRE_2020_2022,5,5161,18.0,23.0,21.0,0.020695047453045845,0.2530328631401062,0.15113350749015808,0.5419492125511169,0.1894369274377823,-0.12901616096496582,0.2565394341945648,2.698253870010376,1.3819360733032227
BASE,base_weeks,PRE_2020_2022,6,6979,23.0,30.0,27.0,0.020959148183465004,0.3142552077770233,0.1531738042831421,0.5667001008987427,0.19236426055431366,-0.15267303586006165,0.25562402606010437,2.8531126976013184,1.3852596282958984
BASE,base_weeks,PRE_2020_2022,7,5796,30.0,38.0,34.0,0.023601319640874863,1.1051830053329468,0.1557970941066742,0.5020703673362732,0.20175735652446747,-0.13655982911586761,0.27173912525177,2.5402753353118896,1.4180186986923218
BASE,base_weeks,PRE_2020_2022,8,6816,38.0,54.0,45.0,0.006738748401403427,0.2845790684223175,0.13028168678283691,0.5388790965080261,0.17640773952007294,-0.1293441653251648,0.23019365966320038,2.3805289268493652,1.117893934249878
BASE,base_weeks,PRE_2020_2022,9,4676,54.0,inf,65.0,-0.0012525332858785987,0.02495330199599266,0.10970915108919144,0.5658682584762573,0.1476445198059082,-0.12447254359722137,0.1924722045660019,2.205207586288452,0.9754064083099365
BASE,base_weeks,DISCOVERY,0,6219,-inf,3.0,2.0,0.021541038528084755,0.19042184948921204,0.12091976404190063,0.30053064227104187,0.16047923266887665,-0.09747818112373352,0.2513265907764435,1.914154291152954,1.4543023109436035
BASE,base_weeks,DISCOVERY,1,5749,3.0,6.0,5.0,0.020771007984876633,0.23610441386699677,0.1207166463136673,0.44077229499816895,0.16577889025211334,-0.09855175763368607,0.24178117513656616,2.351583480834961,1.484754204750061
BASE,base_weeks,DISCOVERY,2,4849,6.0,9.0,8.0,0.024433616548776627,0.3028382956981659,0.12971746921539307,0.45906373858451843,0.1675843745470047,-0.10039316862821579,0.24314291775226593,2.4012017250061035,1.569953441619873
BASE,base_weeks,DISCOVERY,3,5493,9.0,13.0,11.0,0.02246209979057312,0.26399463415145874,0.12470416724681854,0.4780629873275757,0.17118141055107117,-0.10109566152095795,0.2342981994152069,2.670246124267578,1.5253093242645264
BASE,base_weeks,DISCOVERY,4,5806,13.0,18.0,16.0,0.01833423413336277,0.2600172162055969,0.12349294126033783,0.48639339208602905,0.1687507927417755,-0.1069813221693039,0.23269031941890717,2.5293567180633545,1.3888516426086426
BASE,base_weeks,DISCOVERY,5,5045,18.0,23.0,21.0,0.010410690680146217,0.11895441263914108,0.11833498626947403,0.5145688652992249,0.16269424557685852,-0.11002066731452942,0.21050545573234558,2.4671342372894287,1.2153191566467285
BASE,base_weeks,DISCOVERY,6,5986,23.0,30.0,27.0,0.012199551798403263,0.2508538067340851,0.11994653940200806,0.48195791244506836,0.15700572729110718,-0.1037069782614708,0.212495818734169,2.389526844024658,1.271519422531128
BASE,base_weeks,DISCOVERY,7,4746,30.0,38.0,34.0,0.022912615910172462,0.3483084738254547,0.1384323686361313,0.4759797751903534,0.1705673336982727,-0.10261007398366928,0.24062368273735046,2.547182083129883,1.5341569185256958
BASE,base_weeks,DISCOVERY,8,5514,38.0,54.0,45.0,0.038109246641397476,0.5020025968551636,0.15651069581508636,0.449764221906662,0.19001446664333344,-0.09941553324460983,0.2734856605529785,2.7981204986572266,1.9265466928482056
BASE,base_weeks,DISCOVERY,9,5413,54.0,inf,68.0,0.011480577290058136,0.20575378835201263,0.13356733322143555,0.512654721736908,0.167340487241745,-0.12423083186149597,0.24256420135498047,2.292867422103882,1.228066325187683
BASE,base_weeks,STRICT_OOS,0,5635,-inf,3.0,2.0,0.027788378298282623,0.16768349707126617,0.15581189095973969,0.36592724919319153,0.20640608668327332,-0.13231700658798218,0.30079859495162964,2.246713638305664,1.4419304132461548
BASE,base_weeks,STRICT_OOS,1,4723,3.0,6.0,5.0,0.030755367130041122,0.338270366191864,0.1662079244852066,0.5157738924026489,0.21036912500858307,-0.12796670198440552,0.27334320545196533,2.99187970161438,1.5767098665237427
BASE,base_weeks,STRICT_OOS,2,3554,6.0,9.0,8.0,0.04186048358678818,0.5738509297370911,0.18655036389827728,0.5219470858573914,0.22981078922748566,-0.12466241419315338,0.2870005667209625,3.3975157737731934,1.8004053831100464
BASE,base_weeks,STRICT_OOS,3,3942,9.0,13.0,11.0,0.04826526716351509,0.5015934705734253,0.2075088769197464,0.5441400408744812,0.24593491852283478,-0.12661422789096832,0.30086252093315125,3.6127045154571533,1.9243409633636475
BASE,base_weeks,STRICT_OOS,4,3823,13.0,18.0,16.0,0.0587327741086483,0.577965497970581,0.21396808326244354,0.5142558217048645,0.2556549310684204,-0.12189127504825592,0.32592204213142395,3.9038147926330566,2.2069907188415527
BASE,base_weeks,STRICT_OOS,5,3089,18.0,23.0,21.0,0.0679190531373024,0.7685798406600952,0.2366461604833603,0.5095500349998474,0.26918134093284607,-0.13111788034439087,0.33603107929229736,3.757105827331543,2.290679454803467
BASE,base_weeks,STRICT_OOS,6,3449,23.0,30.0,27.0,0.09622348845005035,1.0283527374267578,0.27428239583969116,0.5413163304328918,0.31263816356658936,-0.13530364632606506,0.3470571041107178,4.713851451873779,2.761124610900879
BASE,base_weeks,STRICT_OOS,7,2524,30.0,38.0,34.0,0.061650827527046204,0.543785035610199,0.23890650272369385,0.5249603986740112,0.29064419865608215,-0.1488916426897049,0.3553882837295532,3.602263927459717,1.9825727939605713
BASE,base_weeks,STRICT_OOS,8,2618,38.0,54.0,45.0,0.010088752955198288,0.1551457941532135,0.18563789129257202,0.6038960814476013,0.22992968559265137,-0.1784767061471939,0.3021390438079834,2.6563260555267334,1.1438168287277222
BASE,base_weeks,STRICT_OOS,9,1507,54.0,inf,70.0,0.015446620061993599,0.06035858392715454,0.16191108524799347,0.5932315587997437,0.18321338295936584,-0.15646426379680634,0.2402123361825943,2.9046895503997803,1.280173897743225
BASE,base_depth,PRE_2020_2022,0,5626,-inf,0.12331183105707172,0.08582460880279541,0.009120598435401917,0.15245084464550018,0.06807678937911987,0.4802701771259308,0.10909083485603333,-0.0982736125588417,0.13864201307296753,1.9505432844161987,1.253473162651062
BASE,base_depth,PRE_2020_2022,1,5689,0.12331183105707172,0.19350215792655948,0.15981733798980713,0.015354909934103489,0.26854246854782104,0.10388468950986862,0.47600632905960083,0.13541652262210846,-0.10530722141265869,0.194937601685524,2.1944196224212646,1.3744920492172241
BASE,base_depth,PRE_2020_2022,2,5335,0.19350215792655948,0.2662721872329712,0.22907491028308868,0.019648360088467598,0.2738575041294098,0.11321461945772171,0.48284912109375,0.1479976773262024,-0.11279623955488205,0.20393626391887665,2.4147098064422607,1.4550639390945435
BASE,base_depth,PRE_2020_2022,3,5478,0.2662721872329712,0.3492063581943512,0.3038906455039978,0.017517004162073135,0.27522310614585876,0.11701350659132004,0.48630887269973755,0.15628916025161743,-0.11645926535129547,0.21631982922554016,2.3232123851776123,1.3806750774383545
BASE,base_depth,PRE_2020_2022,4,6649,0.3492063581943512,0.47280335426330566,0.4094339609146118,0.02455514296889305,0.5919997692108154,0.14874416589736938,0.5020303726196289,0.18049302697181702,-0.12117476761341095,0.2376297116279602,2.664577007293701,1.4956175088882446
BASE,base_depth,PRE_2020_2022,5,6103,0.47280335426330566,0.6267606019973755,0.5393518805503845,0.02023148722946644,0.22689466178417206,0.14796002209186554,0.4894314408302307,0.18319976329803467,-0.12389937043190002,0.26609864830970764,2.3362619876861572,1.399186611175537
BASE,base_depth,PRE_2020_2022,6,5945,0.6267606019973755,0.8394729137420662,0.7180616855621338,0.039284564554691315,0.46791791915893555,0.19108495116233826,0.47939443588256836,0.21883709728717804,-0.1285931020975113,0.3175778090953827,2.8410494327545166,1.7424075603485107
BASE,base_depth,PRE_2020_2022,7,5869,0.8394729137420662,1.1442689180374146,0.97682124376297,0.015262353233993053,0.9563170075416565,0.1632305383682251,0.5356960296630859,0.20173750817775726,-0.14226992428302765,0.26546260714530945,2.7580666542053223,1.2545989751815796
BASE,base_depth,PRE_2020_2022,8,5932,1.1442689180374146,1.7554980516433716,1.406097173690796,0.018075771629810333,0.19964982569217682,0.16132839024066925,0.5288267135620117,0.21482232213020325,-0.15209338068962097,0.2815239429473877,2.886584997177124,1.2796491384506226
BASE,base_depth,PRE_2020_2022,9,7293,1.7554980516433716,inf,2.572254180908203,0.008555811829864979,0.22370365262031555,0.1622103452682495,0.5706841945648193,0.22865226864814758,-0.17249496281147003,0.2891814112663269,2.866118907928467,1.1138135194778442
BASE,base_depth,DISCOVERY,0,5482,-inf,0.12331183105707172,0.08421052992343903,0.021456515416502953,0.31267181038856506,0.07479022443294525,0.40915724635124207,0.11376620084047318,-0.06796135753393173,0.1386355310678482,2.232412099838257,1.7474522590637207
BASE,base_depth,DISCOVERY,1,5482,0.12331183105707172,0.19350215792655948,0.15789473056793213,0.02194630354642868,0.34490206837654114,0.09412623196840286,0.4367019236087799,0.13512232899665833,-0.08283006399869919,0.18350966274738312,2.260840892791748,1.6280608177185059
BASE,base_depth,DISCOVERY,2,5488,0.19350215792655948,0.2662721872329712,0.22793975472450256,0.01661531999707222,0.25885987281799316,0.10386297106742859,0.44114431738853455,0.14141786098480225,-0.08799324929714203,0.18877550959587097,2.3621914386749268,1.437253713607788
BASE,base_depth,DISCOVERY,3,5485,0.2662721872329712,0.3492063581943512,0.305799663066864,0.02414602041244507,0.33097216486930847,0.1245214194059372,0.44484958052635193,0.15924733877182007,-0.09378476440906525,0.2309936136007309,2.541454553604126,1.5937808752059937
BASE,base_depth,DISCOVERY,4,5475,0.3492063581943512,0.47280335426330566,0.40437158942222595,0.026633067056536674,0.2823851406574249,0.13808219134807587,0.44876712560653687,0.175419881939888,-0.10073944181203842,0.25954338908195496,2.6510226726531982,1.606633186340332
BASE,base_depth,DISCOVERY,5,5489,0.47280335426330566,0.6267606019973755,0.5465009808540344,0.020564697682857513,0.24602600932121277,0.13390417397022247,0.4490799903869629,0.17431136965751648,-0.1037931889295578,0.25633084774017334,2.4001047611236572,1.4474929571151733
BASE,base_depth,DISCOVERY,6,5473,0.6267606019973755,0.8394729137420662,0.7232988476753235,0.024097802117466927,0.3125077486038208,0.14178694784641266,0.4502101242542267,0.18915653228759766,-0.10938108712434769,0.2625616788864136,2.628875494003296,1.5079373121261597
BASE,base_depth,DISCOVERY,7,5482,0.8394729137420662,1.1442689180374146,0.9726569056510925,0.020250311121344566,0.22792400419712067,0.14045968651771545,0.48869025707244873,0.18460097908973694,-0.11783362179994583,0.263954758644104,2.566899538040161,1.3958555459976196
BASE,base_depth,DISCOVERY,8,5483,1.1442689180374146,1.7554980516433716,1.3899999856948853,0.01261939574033022,0.217892587184906,0.15429508686065674,0.48404157161712646,0.193221315741539,-0.12767621874809265,0.2914462983608246,2.4366965293884277,1.2240242958068848
BASE,base_depth,DISCOVERY,9,5481,1.7554980516433716,inf,2.465116262435913,0.01384981069713831,0.13037380576133728,0.17752234637737274,0.5212552547454834,0.21339057385921478,-0.15136654675006866,0.3079729974269867,2.5623650550842285,1.216037631034851
BASE,base_depth,STRICT_OOS,0,3104,-inf,0.12331183105707172,0.0874723494052887,0.01747026853263378,0.17771612107753754,0.09568298608064651,0.4751932919025421,0.13463546335697174,-0.0977122038602829,0.16913659870624542,2.3973190784454346,1.4610217809677124
BASE,base_depth,STRICT_OOS,1,3687,0.12331183105707172,0.19350215792655948,0.1603960394859314,0.017943909391760826,0.23131786286830902,0.12150800228118896,0.4825060963630676,0.16025178134441376,-0.10300726443529129,0.20911310613155365,2.5776216983795166,1.4104987382888794
BASE,base_depth,STRICT_OOS,2,3673,0.19350215792655948,0.2662721872329712,0.22797927260398865,0.0309585127979517,0.3635089099407196,0.15899808704853058,0.5023142099380493,0.20182552933692932,-0.1122666671872139,0.2624557614326477,2.9550604820251465,1.6467130184173584
BASE,base_depth,STRICT_OOS,3,3349,0.2662721872329712,0.3492063581943512,0.3038673996925354,0.037427712231874466,0.4941302239894867,0.19229620695114136,0.522245466709137,0.22001831233501434,-0.11783528327941895,0.29262465238571167,3.343623161315918,1.7186707258224487
BASE,base_depth,STRICT_OOS,4,4202,0.3492063581943512,0.47280335426330566,0.40789473056793213,0.05976853147149086,0.6321138739585876,0.21204188466072083,0.502379834651947,0.25599825382232666,-0.12610365450382233,0.32008567452430725,3.763532876968384,2.1249594688415527
BASE,base_depth,STRICT_OOS,5,3510,0.47280335426330566,0.6267606019973755,0.5446338653564453,0.068928062915802,0.7174375057220459,0.2233618199825287,0.47492876648902893,0.2684161961078644,-0.12710385024547577,0.3413105309009552,3.632873058319092,2.3073654174804688
BASE,base_depth,STRICT_OOS,6,3340,0.6267606019973755,0.8394729137420662,0.721611738204956,0.08680813014507294,0.8368340730667114,0.2523952126502991,0.4853293299674988,0.30357488989830017,-0.1329769492149353,0.36676645278930664,4.148944854736328,2.571460485458374
BASE,base_depth,STRICT_OOS,7,2790,0.8394729137420662,1.1442689180374146,0.9546125531196594,0.0759858563542366,0.7532564401626587,0.2566308379173279,0.4795698821544647,0.2962292730808258,-0.15029795467853546,0.38494622707366943,3.607661008834839,2.268214225769043
BASE,base_depth,STRICT_OOS,8,3158,1.1442689180374146,1.7554980516433716,1.38266921043396,0.053096573799848557,0.41575461626052856,0.24762508273124695,0.555731475353241,0.28228119015693665,-0.1671840101480484,0.37143760919570923,3.5516810417175293,1.7817515134811401
BASE,base_depth,STRICT_OOS,9,4051,1.7554980516433716,inf,2.730496406555176,0.022276414558291435,0.19279494881629944,0.2426561415195465,0.5838064551353455,0.29747843742370605,-0.21010683476924896,0.36237967014312744,3.0379676818847656,1.2531087398529053
BASE,base_tight10w,PRE_2020_2022,0,4718,-inf,0.14438502490520477,0.1111110970377922,0.013854081742465496,0.36398789286613464,0.04302670806646347,0.5019075870513916,0.08191673457622528,-0.0750347226858139,0.07778719812631607,2.3599491119384766,1.640007734298706
BASE,base_tight10w,PRE_2020_2022,1,4664,0.14438502490520477,0.19167873263359073,0.17033751308918,0.01908356137573719,0.37910813093185425,0.09476844221353531,0.5321612358093262,0.12243811786174774,-0.09781527519226074,0.16359348595142365,2.636944532394409,1.6113144159317017
BASE,base_tight10w,PRE_2020_2022,2,4830,0.19167873263359073,0.23217644393444062,0.21276594698429108,0.009977538138628006,0.17559731006622314,0.09420289844274521,0.572877824306488,0.12980619072914124,-0.11043529212474823,0.16873705387115479,2.613826036453247,1.2552452087402344
BASE,base_tight10w,PRE_2020_2022,3,5026,0.23217644393444062,0.27272728085517883,0.2532302737236023,0.006408398505300283,0.11751533299684525,0.10783923417329788,0.5626741051673889,0.14090636372566223,-0.11701478809118271,0.17489056289196014,2.390367031097412,1.1462783813476562
BASE,base_tight10w,PRE_2020_2022,4,5188,0.27272728085517883,0.3160715103149414,0.294680655002594,0.007920819334685802,0.06712915748357773,0.11083269119262695,0.5636083483695984,0.1527310013771057,-0.12344901263713837,0.1898612231016159,2.4852027893066406,1.1652026176452637
BASE,base_tight10w,PRE_2020_2022,5,5838,0.3160715103149414,0.36801543831825256,0.34110790491104126,0.0067398506216704845,0.08920038491487503,0.13343611359596252,0.5678314566612244,0.16745465993881226,-0.13208504021167755,0.22216512262821198,2.403433322906494,1.125551462173462
BASE,base_tight10w,PRE_2020_2022,6,6519,0.36801543831825256,0.4334532886743546,0.39908257126808167,0.01743483729660511,0.27914959192276,0.15017640590667725,0.5195581912994385,0.1830749213695526,-0.13295111060142517,0.2511121332645416,2.536776304244995,1.3207567930221558
BASE,base_tight10w,PRE_2020_2022,7,6601,0.4334532886743546,0.5261467576026917,0.4752293527126312,0.01839951053261757,0.27981558442115784,0.16043023765087128,0.4979548454284668,0.19637881219387054,-0.1372213214635849,0.27980607748031616,2.489109516143799,1.3151534795761108
BASE,base_tight10w,PRE_2020_2022,8,7291,0.5261467576026917,0.688787990808487,0.5950096249580383,0.026579054072499275,0.3109476864337921,0.180359348654747,0.44397202134132385,0.22500289976596832,-0.14082597196102142,0.3352077901363373,2.4133541584014893,1.4268391132354736
BASE,base_tight10w,PRE_2020_2022,9,9244,0.688787990808487,inf,0.8903093338012695,0.040547654032707214,1.0988819599151611,0.21592384576797485,0.3973388075828552,0.2793126106262207,-0.1699129343032837,0.3847901225090027,2.546178102493286,1.5049183368682861
BASE,base_tight10w,DISCOVERY,0,5486,-inf,0.14438502490520477,0.11498650908470154,0.026828059926629066,0.5675455927848816,0.06179365515708923,0.43182647228240967,0.09996666014194489,-0.052866000682115555,0.09843237698078156,2.804485321044922,2.384521961212158
BASE,base_tight10w,DISCOVERY,1,5478,0.14438502490520477,0.19167873263359073,0.16862748563289642,0.025528965517878532,0.3883899450302124,0.09638553857803345,0.4762687087059021,0.12976963818073273,-0.07375752925872803,0.1661190241575241,2.817028760910034,1.8906234502792358
BASE,base_tight10w,DISCOVERY,2,5482,0.19167873263359073,0.23217644393444062,0.21238315105438232,0.02528586983680725,0.3575659692287445,0.10726012289524078,0.4865012764930725,0.14648087322711945,-0.08383218944072723,0.1971908062696457,2.7456159591674805,1.7567671537399292
BASE,base_tight10w,DISCOVERY,3,5492,0.23217644393444062,0.27272728085517883,0.2515527904033661,0.020175093784928322,0.29060661792755127,0.12327021360397339,0.5043699741363525,0.15580567717552185,-0.09630568325519562,0.20702840387821198,2.644507646560669,1.5074751377105713
BASE,base_tight10w,DISCOVERY,4,5472,0.27272728085517883,0.3160715103149414,0.29383885860443115,0.017734281718730927,0.2378658652305603,0.13103070855140686,0.4945175349712372,0.16670012474060059,-0.10225148499011993,0.23830409348011017,2.5536928176879883,1.4037716388702393
BASE,base_tight10w,DISCOVERY,5,5484,0.3160715103149414,0.36801543831825256,0.3410852551460266,0.015624427236616611,0.22150486707687378,0.13329686224460602,0.4808533787727356,0.16805952787399292,-0.10846913605928421,0.24361780285835266,2.47235369682312,1.3308407068252563
BASE,base_tight10w,DISCOVERY,6,5480,0.36801543831825256,0.4334532886743546,0.39775925874710083,0.018675267696380615,0.19040235877037048,0.13667882978916168,0.46459853649139404,0.1796674132347107,-0.11361485719680786,0.25620436668395996,2.443570137023926,1.3779950141906738
BASE,base_tight10w,DISCOVERY,7,5482,0.4334532886743546,0.5261467576026917,0.47560974955558777,0.015730174258351326,0.16307984292507172,0.14447282254695892,0.4456402659416199,0.18665997684001923,-0.12405233830213547,0.27544692158699036,2.3997602462768555,1.289383053779602
BASE,base_tight10w,DISCOVERY,8,5482,0.5261467576026917,0.688787990808487,0.5962309837341309,0.021148720756173134,0.1623249500989914,0.16599781811237335,0.4109813868999481,0.2083405703306198,-0.1320653259754181,0.32323968410491943,2.3984014987945557,1.3549633026123047
BASE,base_tight10w,DISCOVERY,9,5482,0.688787990808487,inf,0.875,0.015427959151566029,0.08491180092096329,0.18314483761787415,0.3783290684223175,0.23817603290081024,-0.15614059567451477,0.3781466484069824,2.1617555618286133,1.2043190002441406
BASE,base_tight10w,STRICT_OOS,0,1984,-inf,0.14438502490520477,0.11386699974536896,0.005318202544003725,0.10735921561717987,0.03427419438958168,0.538306474685669,0.08358370512723923,-0.06623116135597229,0.06401209533214569,2.280843496322632,1.2216283082962036
BASE,base_tight10w,STRICT_OOS,1,2237,0.14438502490520477,0.19167873263359073,0.16987180709838867,0.02055492252111435,0.331889808177948,0.11399195343255997,0.5476083755493164,0.14943933486938477,-0.08827395737171173,0.16316495835781097,3.2347629070281982,1.6249850988388062
BASE,base_tight10w,STRICT_OOS,2,2365,0.19167873263359073,0.23217644393444062,0.21248142421245575,0.03607678413391113,0.4866071045398712,0.15095137059688568,0.5264270901679993,0.1778898686170578,-0.10030112415552139,0.24778012931346893,3.384486198425293,2.0165326595306396
BASE,base_tight10w,STRICT_OOS,3,2570,0.23217644393444062,0.27272728085517883,0.25260239839553833,0.04701970890164375,0.641950786113739,0.1809338480234146,0.5416342616081238,0.21148857474327087,-0.10773828625679016,0.2552529275417328,3.8673834800720215,2.139453649520874
BASE,base_tight10w,STRICT_OOS,4,2773,0.27272728085517883,0.3160715103149414,0.29411765933036804,0.04819808900356293,0.6714347004890442,0.1961774230003357,0.5409303903579712,0.22922542691230774,-0.11726191639900208,0.29426613450050354,3.7563674449920654,2.0305252075195312
BASE,base_tight10w,STRICT_OOS,5,3027,0.3160715103149414,0.36801543831825256,0.3413097858428955,0.05467506870627403,0.6206248998641968,0.19689461588859558,0.5394780039787292,0.24031877517700195,-0.12891130149364471,0.3002973198890686,3.897789478302002,2.070146083831787
BASE,base_tight10w,STRICT_OOS,6,3564,0.36801543831825256,0.4334532886743546,0.40109890699386597,0.055845096707344055,0.5178746581077576,0.2180134654045105,0.5387205481529236,0.2545885741710663,-0.1355540007352829,0.3049943745136261,3.830449104309082,2.0178403854370117
BASE,base_tight10w,STRICT_OOS,7,4142,0.4334532886743546,0.5261467576026917,0.4796084761619568,0.06569574773311615,0.6438886523246765,0.23466923832893372,0.5142443180084229,0.2734127938747406,-0.1433994621038437,0.34282955527305603,3.7079696655273438,2.128101110458374
BASE,base_tight10w,STRICT_OOS,8,4867,0.5261467576026917,0.688787990808487,0.594462513923645,0.05210546776652336,0.38157039880752563,0.23423053324222565,0.49065133929252625,0.27371373772621155,-0.1514153629541397,0.3445654511451721,3.3259222507476807,1.8128914833068848
BASE,base_tight10w,STRICT_OOS,9,7335,0.688787990808487,inf,0.9153883457183838,0.04441683366894722,0.36714956164360046,0.24512611329555511,0.43680980801582336,0.3056926727294922,-0.18218295276165009,0.41990455985069275,2.6481051445007324,1.5290672779083252
EXTENSION,ext_ma20_atr,PRE_2020_2022,0,6127,-inf,-1.64231436252594,-2.176290988922119,0.021632179617881775,1.8851534128189087,0.1614166796207428,0.7679125070571899,0.17517350614070892,-0.11202111840248108,0.14493227005004883,6.528997898101807,1.836366057395935
EXTENSION,ext_ma20_atr,PRE_2020_2022,1,5873,-1.64231436252594,-1.0264524698257442,-1.3094269037246704,0.02222665399312973,0.3928108215332031,0.1401328146457672,0.7250127792358398,0.16794072091579437,-0.11851465702056885,0.17010046541690826,5.0406174659729,1.702787160873413
EXTENSION,ext_ma20_atr,PRE_2020_2022,2,5997,-1.0264524698257442,-0.5639605581760405,-0.7852112650871277,0.02074700966477394,0.4439948797225952,0.13223278522491455,0.6710021495819092,0.16704608500003815,-0.12138376384973526,0.19226279854774475,3.771728992462158,1.5267152786254883
EXTENSION,ext_ma20_atr,PRE_2020_2022,3,6124,-0.5639605581760405,-0.12826441526412932,-0.34889376163482666,0.012168684974312782,0.17133325338363647,0.12181580811738968,0.6342260241508484,0.16245317459106445,-0.1301451474428177,0.2096668779850006,2.919172763824463,1.2508795261383057
EXTENSION,ext_ma20_atr,PRE_2020_2022,4,6056,-0.12826441526412932,0.2765035033226013,0.084060437977314,0.01457027904689312,0.18867774307727814,0.1243394985795021,0.5265852212905884,0.1670372635126114,-0.12651187181472778,0.2351386994123459,2.269623279571533,1.2756019830703735
EXTENSION,ext_ma20_atr,PRE_2020_2022,5,5945,0.2765035033226013,0.650640869140625,0.46421003341674805,0.013392239809036255,0.09595039486885071,0.1283431500196457,0.4802354872226715,0.17783527076244354,-0.130984365940094,0.2624053955078125,1.9804449081420898,1.2232953310012817
EXTENSION,ext_ma20_atr,PRE_2020_2022,6,6091,0.650640869140625,1.085388588905335,0.8551727533340454,0.014866079203784466,0.11043014377355576,0.13363979756832123,0.4171728789806366,0.18078386783599854,-0.13275279104709625,0.2728615999221802,1.8663063049316406,1.2370710372924805
EXTENSION,ext_ma20_atr,PRE_2020_2022,7,5808,1.085388588905335,1.6213807821273818,1.3382999897003174,0.01813591457903385,0.10087257623672485,0.14101240038871765,0.35089531540870667,0.1853894144296646,-0.13233089447021484,0.2861570119857788,1.7647913694381714,1.2830551862716675
EXTENSION,ext_ma20_atr,PRE_2020_2022,8,6003,1.6213807821273818,2.4476922512054435,1.979090929031372,0.020362908020615578,0.11752479523420334,0.1435948759317398,0.27819424867630005,0.1934228539466858,-0.1359802484512329,0.30651339888572693,1.6372400522232056,1.2974724769592285
EXTENSION,ext_ma20_atr,PRE_2020_2022,9,5895,2.4476922512054435,inf,3.1923305988311768,0.028997300192713737,0.10839888453483582,0.16675148904323578,0.18727734684944153,0.22236163914203644,-0.14717434346675873,0.3594571650028229,1.6414152383804321,1.3922947645187378
EXTENSION,ext_ma20_atr,DISCOVERY,0,5482,-inf,-1.64231436252594,-2.1488184928894043,0.01117649395018816,0.41664522886276245,0.10762495547533035,0.7701568603515625,0.14858226478099823,-0.09483606368303299,0.1302444338798523,5.690683841705322,1.4742975234985352
EXTENSION,ext_ma20_atr,DISCOVERY,1,5482,-1.64231436252594,-1.0264524698257442,-1.3003544807434082,0.012148040346801281,0.3555360436439514,0.11291499435901642,0.7141554355621338,0.15438711643218994,-0.09709684550762177,0.1570594608783722,4.284165382385254,1.4245837926864624
EXTENSION,ext_ma20_atr,DISCOVERY,2,5482,-1.0264524698257442,-0.5639605581760405,-0.7819458246231079,0.016283364966511726,0.2945902943611145,0.1143743172287941,0.6479387283325195,0.15596242249011993,-0.09884507954120636,0.18350966274738312,3.5522563457489014,1.4718585014343262
EXTENSION,ext_ma20_atr,DISCOVERY,3,5482,-0.5639605581760405,-0.12826441526412932,-0.35424262285232544,0.018305396661162376,0.2901962399482727,0.12513680756092072,0.5740605592727661,0.1642417162656784,-0.10052717477083206,0.22345858812332153,2.8073573112487793,1.4463554620742798
EXTENSION,ext_ma20_atr,DISCOVERY,4,5482,-0.12826441526412932,0.2765035033226013,0.08270785212516785,0.019149651750922203,0.26317596435546875,0.12458956241607666,0.4952571988105774,0.166082501411438,-0.10541515052318573,0.23914629220962524,2.3594741821289062,1.4038769006729126
EXTENSION,ext_ma20_atr,DISCOVERY,5,5482,0.2765035033226013,0.650640869140625,0.4596560001373291,0.015745459124445915,0.19962875545024872,0.12604889273643494,0.42739877104759216,0.16424591839313507,-0.10622075945138931,0.2568405568599701,1.9331812858581543,1.303155541419983
EXTENSION,ext_ma20_atr,DISCOVERY,6,5482,0.650640869140625,1.085388588905335,0.8580040335655212,0.0226310882717371,0.248030886054039,0.13480481505393982,0.34968990087509155,0.16919603943824768,-0.1049482673406601,0.2677854895591736,1.792839765548706,1.4316837787628174
EXTENSION,ext_ma20_atr,DISCOVERY,7,5482,1.085388588905335,1.6213807821273818,1.3368498086929321,0.02510744333267212,0.2119024395942688,0.13662897050380707,0.28146660327911377,0.17511723935604095,-0.10693924874067307,0.28420284390449524,1.7182074785232544,1.4628846645355225
EXTENSION,ext_ma20_atr,DISCOVERY,8,5482,1.6213807821273818,2.4476922512054435,1.9809167385101318,0.024675989523530006,0.18630388379096985,0.13115651905536652,0.19664356112480164,0.17548128962516785,-0.10892312973737717,0.2955125868320465,1.5307053327560425,1.44388747215271
EXTENSION,ext_ma20_atr,DISCOVERY,9,5482,2.4476922512054435,inf,3.19183349609375,0.03694017603993416,0.19842654466629028,0.17001093924045563,0.11711054295301437,0.20628419518470764,-0.11957546323537827,0.345859169960022,1.6310197114944458,1.5968682765960693
EXTENSION,ext_ma20_atr,STRICT_OOS,0,4240,-inf,-1.64231436252594,-2.212635040283203,0.033244337886571884,0.7132310271263123,0.18325471878051758,0.7622641324996948,0.2090437114238739,-0.12137016654014587,0.19198113679885864,7.928455829620361,2.283858060836792
EXTENSION,ext_ma20_atr,STRICT_OOS,1,3580,-1.64231436252594,-1.0264524698257442,-1.3058481216430664,0.02247149497270584,0.48560094833374023,0.17653630673885345,0.7804469466209412,0.21427442133426666,-0.13161306083202362,0.1798882633447647,6.535270690917969,1.6110626459121704
EXTENSION,ext_ma20_atr,STRICT_OOS,2,3592,-1.0264524698257442,-0.5639605581760405,-0.7824338674545288,0.031492482870817184,0.5607956647872925,0.1806792914867401,0.7068485617637634,0.22454866766929626,-0.13672035932540894,0.22271715104579926,4.924155235290527,1.6707611083984375
EXTENSION,ext_ma20_atr,STRICT_OOS,3,3535,-0.5639605581760405,-0.12826441526412932,-0.3508009910583496,0.04196911305189133,0.5316660404205322,0.19292786717414856,0.6268740892410278,0.2352578043937683,-0.13287487626075745,0.2676096260547638,3.9661433696746826,1.8035343885421753
EXTENSION,ext_ma20_atr,STRICT_OOS,4,3330,-0.12826441526412932,0.2765035033226013,0.08401386439800262,0.03678011894226074,0.45454123616218567,0.1900900900363922,0.5357357263565063,0.22851580381393433,-0.13426128029823303,0.3003003001213074,2.920459508895874,1.6112881898880005
EXTENSION,ext_ma20_atr,STRICT_OOS,5,3298,0.2765035033226013,0.650640869140625,0.4566296935081482,0.05882614478468895,0.5704483389854431,0.21134020388126373,0.4454214572906494,0.2530859708786011,-0.13436821103096008,0.3514251112937927,2.6606717109680176,1.940363883972168
EXTENSION,ext_ma20_atr,STRICT_OOS,6,3424,0.650640869140625,1.085388588905335,0.8644068241119385,0.0528387613594532,0.3871837556362152,0.2064836472272873,0.39690420031547546,0.2495364248752594,-0.1360820233821869,0.35309579968452454,2.4417405128479004,1.7743560075759888
EXTENSION,ext_ma20_atr,STRICT_OOS,7,3244,1.085388588905335,1.6213807821273818,1.3345590829849243,0.05648035928606987,0.3663628399372101,0.21300862729549408,0.3236744701862335,0.2577454149723053,-0.1379658728837967,0.39272502064704895,2.1569063663482666,1.7994554042816162
EXTENSION,ext_ma20_atr,STRICT_OOS,8,3259,1.6213807821273818,2.4476922512054435,1.9814207553863525,0.06368167698383331,0.3272396922111511,0.22184719145298004,0.24854250252246857,0.2691337764263153,-0.14112843573093414,0.4160785377025604,2.042813301086426,1.8872506618499756
EXTENSION,ext_ma20_atr,STRICT_OOS,9,3362,2.4476922512054435,inf,3.2095284461975098,0.07178323715925217,0.27585744857788086,0.2323022037744522,0.13444378972053528,0.2935021221637726,-0.1482456624507904,0.4524092674255371,1.9329365491867065,1.9214719533920288
EXTENSION,ext_ma60_atr,PRE_2020_2022,0,6322,-inf,-2.067290472984314,-3.124952793121338,0.016905367374420166,1.2200713157653809,0.13840556144714355,0.7089528441429138,0.16354157030582428,-0.11850843578577042,0.16197405755519867,4.412492752075195,1.5215166807174683
EXTENSION,ext_ma60_atr,PRE_2020_2022,1,6312,-2.067290472984314,-0.8253515958786009,-1.3703393936157227,0.021187948063015938,0.4230445325374603,0.12991127371788025,0.6337135434150696,0.15723811089992523,-0.11704938858747482,0.17886565625667572,3.5687263011932373,1.5870989561080933
EXTENSION,ext_ma60_atr,PRE_2020_2022,2,6287,-0.8253515958786009,0.1346092686057091,-0.3141554594039917,0.019555741921067238,0.42402538657188416,0.12772387266159058,0.6079211235046387,0.15984053909778595,-0.11625951528549194,0.1977095603942871,3.1963353157043457,1.4988423585891724
EXTENSION,ext_ma60_atr,PRE_2020_2022,3,6045,0.1346092686057091,0.8348226666450502,0.5059447288513184,0.022239871323108673,0.5748558044433594,0.13846154510974884,0.5983457565307617,0.175851508975029,-0.12234955281019211,0.21786600351333618,3.2683498859405518,1.4993083477020264
EXTENSION,ext_ma60_atr,PRE_2020_2022,4,5873,0.8348226666450502,1.443409025669098,1.146310806274414,0.02257957123219967,0.2430582195520401,0.1450706571340561,0.5538907051086426,0.18113380670547485,-0.12397666275501251,0.25285202264785767,2.894148588180542,1.4563337564468384
EXTENSION,ext_ma60_atr,PRE_2020_2022,5,5821,1.443409025669098,2.0260587692260743,1.7337208986282349,0.020243600010871887,0.18913576006889343,0.14104105532169342,0.5045524835586548,0.18448597192764282,-0.12876172363758087,0.2513313889503479,2.444821357727051,1.3654344081878662
EXTENSION,ext_ma60_atr,PRE_2020_2022,6,5939,2.0260587692260743,2.6605479240417482,2.332876682281494,0.015122296288609505,0.15816694498062134,0.1417747139930725,0.4546220004558563,0.18621079623699188,-0.1336813122034073,0.2707526385784149,2.0245273113250732,1.2409989833831787
EXTENSION,ext_ma60_atr,PRE_2020_2022,7,5515,2.6605479240417482,3.384531450271608,3.001136064529419,0.00756561616435647,0.07962304353713989,0.13254760205745697,0.4148685336112976,0.18375276029109955,-0.14046438038349152,0.2759746015071869,1.7433831691741943,1.110837459564209
EXTENSION,ext_ma60_atr,PRE_2020_2022,8,5744,3.384531450271608,4.405227422714233,3.8420157432556152,0.015294985845685005,0.0967666357755661,0.1422353833913803,0.3253830075263977,0.1909155398607254,-0.14078742265701294,0.30031338334083557,1.718654990196228,1.2203012704849243
EXTENSION,ext_ma60_atr,PRE_2020_2022,9,6061,4.405227422714233,inf,5.316155910491943,0.02492893487215042,0.14818057417869568,0.15624484419822693,0.21448606252670288,0.21893037855625153,-0.14845499396324158,0.3423527479171753,1.5994939804077148,1.339133858680725
EXTENSION,ext_ma60_atr,DISCOVERY,0,5482,-inf,-2.067290472984314,-3.1294918060302734,0.010381259024143219,0.26536986231803894,0.09266690909862518,0.7106895446777344,0.13833364844322205,-0.0957549661397934,0.13681137561798096,4.238775253295898,1.360493540763855
EXTENSION,ext_ma60_atr,DISCOVERY,1,5482,-2.067290472984314,-0.8253515958786009,-1.3698385953903198,0.011996733956038952,0.29415032267570496,0.10324698686599731,0.6442903876304626,0.1447150856256485,-0.09662982821464539,0.16125501692295074,3.4904749393463135,1.3722400665283203
EXTENSION,ext_ma60_atr,DISCOVERY,2,5482,-0.8253515958786009,0.1346092686057091,-0.33988386392593384,0.011581378057599068,0.23705346882343292,0.10616563260555267,0.6112732291221619,0.14835186302661896,-0.09843182563781738,0.1763954758644104,3.1494505405426025,1.3269009590148926
EXTENSION,ext_ma60_atr,DISCOVERY,3,5482,0.1346092686057091,0.8348226666450502,0.5003407597541809,0.01292272750288248,0.27441081404685974,0.11838745325803757,0.5820868015289307,0.16006484627723694,-0.1019636020064354,0.1959138959646225,2.8103582859039307,1.315614938735962
EXTENSION,ext_ma60_atr,DISCOVERY,4,5482,0.8348226666450502,1.443409025669098,1.1393187046051025,0.015483923256397247,0.2806893587112427,0.12331265956163406,0.5140459537506104,0.1648801863193512,-0.10323777049779892,0.23312659561634064,2.422759771347046,1.3472001552581787
EXTENSION,ext_ma60_atr,DISCOVERY,5,5482,1.443409025669098,2.0260587692260743,1.7318508625030518,0.014658302068710327,0.2486274540424347,0.1229478269815445,0.45950382947921753,0.16676713526248932,-0.10623311251401901,0.24242976307868958,2.1364617347717285,1.2971597909927368
EXTENSION,ext_ma60_atr,DISCOVERY,6,5482,2.0260587692260743,2.6605479240417482,2.3362579345703125,0.023552576079964638,0.2665095031261444,0.13699379563331604,0.37887632846832275,0.1794610172510147,-0.10687755793333054,0.28037211298942566,1.970468521118164,1.4570585489273071
EXTENSION,ext_ma60_atr,DISCOVERY,7,5482,2.6605479240417482,3.384531450271608,3.008523464202881,0.022525222972035408,0.24092088639736176,0.14210142195224762,0.3148486018180847,0.17750778794288635,-0.11120351403951645,0.28164902329444885,1.7719513177871704,1.4066603183746338
EXTENSION,ext_ma60_atr,DISCOVERY,8,5482,3.384531450271608,4.405227422714233,3.827359199523926,0.03144196420907974,0.2697004973888397,0.15140458941459656,0.2322145253419876,0.18877080082893372,-0.11053518205881119,0.31211236119270325,1.6951550245285034,1.556363582611084
EXTENSION,ext_ma60_atr,DISCOVERY,9,5482,4.405227422714233,inf,5.2785749435424805,0.04761902242898941,0.28700411319732666,0.1860634833574295,0.12604889273643494,0.21072831749916077,-0.11245982348918915,0.3635534346103668,1.6608959436416626,1.8437352180480957
EXTENSION,ext_ma60_atr,STRICT_OOS,0,4047,-inf,-2.067290472984314,-3.2116849422454834,0.03930969536304474,0.7166736721992493,0.18532246351242065,0.683963418006897,0.2090168297290802,-0.11287204921245575,0.2186805009841919,5.820849418640137,2.3086490631103516
EXTENSION,ext_ma60_atr,STRICT_OOS,1,3705,-2.067290472984314,-0.8253515958786009,-1.3864964246749878,0.030880296602845192,0.4924865961074829,0.16464237868785858,0.6761133670806885,0.2082466334104538,-0.121138796210289,0.21781376004219055,5.023679733276367,1.849560022354126
EXTENSION,ext_ma60_atr,STRICT_OOS,2,3774,-0.8253515958786009,0.1346092686057091,-0.32806500792503357,0.03487515449523926,0.49953392148017883,0.17859035730361938,0.6717011332511902,0.22323361039161682,-0.1271887868642807,0.22946475446224213,4.916332244873047,1.7964890003204346
EXTENSION,ext_ma60_atr,STRICT_OOS,3,3549,0.1346092686057091,0.8348226666450502,0.5081136226654053,0.0382993184030056,0.4727439284324646,0.1935756504535675,0.6432797908782959,0.23211254179477692,-0.1355590969324112,0.25471964478492737,4.373923301696777,1.764096975326538
EXTENSION,ext_ma60_atr,STRICT_OOS,4,3439,0.8348226666450502,1.443409025669098,1.1357029676437378,0.05048324540257454,0.6014493107795715,0.21168944239616394,0.5559755563735962,0.2461814284324646,-0.13042430579662323,0.30212271213531494,3.6675219535827637,1.934821605682373
EXTENSION,ext_ma60_atr,STRICT_OOS,5,3397,1.443409025669098,2.0260587692260743,1.7310711145401,0.05439916253089905,0.5226272940635681,0.2101854532957077,0.4974977970123291,0.25068584084510803,-0.13830912113189697,0.31586694717407227,3.173523187637329,1.8957546949386597
EXTENSION,ext_ma60_atr,STRICT_OOS,6,3450,2.0260587692260743,2.6605479240417482,2.3332109451293945,0.052528444677591324,0.3940959572792053,0.204057976603508,0.4350724518299103,0.24912889301776886,-0.14250889420509338,0.3379710018634796,2.7540125846862793,1.787738561630249
EXTENSION,ext_ma60_atr,STRICT_OOS,7,3246,2.6605479240417482,3.384531450271608,3.006643295288086,0.048900630325078964,0.358569473028183,0.2082563191652298,0.36475661396980286,0.26056668162345886,-0.14995598793029785,0.37923598289489746,2.260267496109009,1.6547956466674805
EXTENSION,ext_ma60_atr,STRICT_OOS,8,3171,3.384531450271608,4.405227422714233,3.8288373947143555,0.04994349554181099,0.30421358346939087,0.2147587537765503,0.28098392486572266,0.2657877504825592,-0.14868706464767456,0.41595712304115295,1.8687646389007568,1.650150179862976
EXTENSION,ext_ma60_atr,STRICT_OOS,9,3086,4.405227422714233,inf,5.246616840362549,0.06954508274793625,0.3044155240058899,0.24238497018814087,0.14128321409225464,0.29543012380599976,-0.15349699556827545,0.46435514092445374,1.8282307386398315,1.849683165550232
EXTENSION,dist_ma150,PRE_2020_2022,0,7171,-inf,-0.011857874039560547,-0.055267445743083954,0.019415294751524925,1.0962483882904053,0.13205967843532562,0.656393826007843,0.15667755901813507,-0.1177881583571434,0.17138473689556122,3.801241397857666,1.5614778995513916
EXTENSION,dist_ma150,PRE_2020_2022,1,6079,-0.011857874039560547,0.03357452228665352,0.013124479912221432,0.01410159096121788,0.358816921710968,0.09705543518066406,0.6007567048072815,0.13156758248806,-0.10250240564346313,0.14262214303016663,2.921250343322754,1.4262912273406982
EXTENSION,dist_ma150,PRE_2020_2022,2,5540,0.03357452228665352,0.0684679612517357,0.05125492066144943,0.016972411423921585,0.34894460439682007,0.10108303278684616,0.5525270700454712,0.13487742841243744,-0.10091014951467514,0.16371841728687286,2.672696352005005,1.4853317737579346
EXTENSION,dist_ma150,PRE_2020_2022,3,5828,0.0684679612517357,0.10305721014738083,0.08575144410133362,0.02015950158238411,0.2835412323474884,0.1147906631231308,0.5192175507545471,0.1503608673810959,-0.10601134598255157,0.20092655718326569,2.5617568492889404,1.5141149759292603
EXTENSION,dist_ma150,PRE_2020_2022,4,5752,0.10305721014738083,0.14000339061021805,0.12084147334098816,0.017092375084757805,0.5972542762756348,0.12134909629821777,0.5158205628395081,0.15717796981334686,-0.11216657608747482,0.21557718515396118,2.428779125213623,1.3830455541610718
EXTENSION,dist_ma150,PRE_2020_2022,5,5704,0.14000339061021805,0.18283408284187316,0.16022144258022308,0.020832739770412445,0.17722661793231964,0.14147965610027313,0.500525951385498,0.17410452663898468,-0.12294083088636398,0.2457924336194992,2.527402639389038,1.4136320352554321
EXTENSION,dist_ma150,PRE_2020_2022,6,5485,0.18283408284187316,0.2359068974852562,0.20805369317531586,0.019404292106628418,0.2840055823326111,0.15223336219787598,0.46946215629577637,0.1857939064502716,-0.12847580015659332,0.2727438509464264,2.244936227798462,1.3502390384674072
EXTENSION,dist_ma150,PRE_2020_2022,7,5774,0.2359068974852562,0.31137378811836264,0.269001305103302,0.01450415514409542,0.11289245635271072,0.15691028535366058,0.46570834517478943,0.1999002993106842,-0.1433172971010208,0.29217180609703064,2.2420618534088135,1.2267658710479736
EXTENSION,dist_ma150,PRE_2020_2022,8,5888,0.31137378811836264,0.44291265904903426,0.3659101724624634,0.016531331464648247,0.09839867800474167,0.16694973409175873,0.42238450050354004,0.21983076632022858,-0.1549922078847885,0.33033287525177,2.238464593887329,1.2254196405410767
EXTENSION,dist_ma150,PRE_2020_2022,9,6698,0.44291265904903426,inf,0.5994141697883606,0.026545904576778412,0.15256723761558533,0.20155270397663116,0.3357718586921692,0.27816975116729736,-0.19070926308631897,0.39519259333610535,2.108968496322632,1.2801560163497925
EXTENSION,dist_ma150,DISCOVERY,0,5482,-inf,-0.011857874039560547,-0.04699692502617836,0.008241732604801655,0.16870854794979095,0.0888361930847168,0.6645385026931763,0.13096566498279572,-0.09464424103498459,0.13644655048847198,3.448594570159912,1.2670938968658447
EXTENSION,dist_ma150,DISCOVERY,1,5482,-0.011857874039560547,0.03357452228665352,0.013041408732533455,0.012760866433382034,0.3214358985424042,0.0778912827372551,0.5753374695777893,0.12585464119911194,-0.0841166228055954,0.14191900193691254,2.8963282108306885,1.4206026792526245
EXTENSION,dist_ma150,DISCOVERY,2,5482,0.03357452228665352,0.0684679612517357,0.05130999535322189,0.01564554125070572,0.3614512085914612,0.08500546962022781,0.5284567475318909,0.1288984715938568,-0.08247212320566177,0.14538489282131195,2.6646716594696045,1.4935208559036255
EXTENSION,dist_ma150,DISCOVERY,3,5481,0.0684679612517357,0.10305721014738083,0.0854039415717125,0.019879303872585297,0.32140952348709106,0.10107644647359848,0.4772851765155792,0.13872405886650085,-0.08373016119003296,0.17095421254634857,2.566089391708374,1.5901563167572021
EXTENSION,dist_ma150,DISCOVERY,4,5482,0.10305721014738083,0.14000339061021805,0.12137375771999359,0.02167416363954544,0.3321946859359741,0.11747537553310394,0.45822691917419434,0.15216316282749176,-0.09026962518692017,0.21123677492141724,2.429133415222168,1.5650205612182617
EXTENSION,dist_ma150,DISCOVERY,5,5482,0.14000339061021805,0.18283408284187316,0.16014842689037323,0.02342064306139946,0.31637242436408997,0.13553448021411896,0.4454578757286072,0.16707709431648254,-0.09825367480516434,0.24279460310935974,2.3912549018859863,1.541796326637268
EXTENSION,dist_ma150,DISCOVERY,6,5481,0.18283408284187316,0.2359068974852562,0.20719045400619507,0.01957855559885502,0.23842547833919525,0.1390257179737091,0.4252873659133911,0.17677432298660278,-0.10676081478595734,0.26874658465385437,2.1739752292633057,1.4021226167678833
EXTENSION,dist_ma150,DISCOVERY,7,5482,0.2359068974852562,0.31137378811836264,0.27086135745048523,0.027373692020773888,0.2591298520565033,0.15596497058868408,0.3761400878429413,0.1962071657180786,-0.11569616943597794,0.3040860891342163,2.145232915878296,1.525231122970581
EXTENSION,dist_ma150,DISCOVERY,8,5482,0.31137378811836264,0.44291265904903426,0.36636221408843994,0.026349855586886406,0.1967245638370514,0.16873404383659363,0.34257569909095764,0.21326075494289398,-0.12975803017616272,0.3456767499446869,2.0692098140716553,1.4279652833938599
EXTENSION,dist_ma150,DISCOVERY,9,5482,0.44291265904903426,inf,0.5948667526245117,0.027201678603887558,0.14797550439834595,0.21379058063030243,0.2807369530200958,0.24966369569301605,-0.15764634311199188,0.41645383834838867,1.936848759651184,1.3372199535369873
EXTENSION,dist_ma150,STRICT_OOS,0,5269,-inf,-0.011857874039560547,-0.05627865716814995,0.035578653216362,0.6068305373191833,0.15543746948242188,0.6301006078720093,0.18447043001651764,-0.1050296202301979,0.2081989049911499,4.7883710861206055,2.135319232940674
EXTENSION,dist_ma150,STRICT_OOS,1,3644,-0.011857874039560547,0.03357452228665352,0.01211322657763958,0.032302435487508774,0.45473235845565796,0.146267831325531,0.6149835586547852,0.18715791404247284,-0.10533995181322098,0.1981339156627655,4.431416034698486,1.8838282823562622
EXTENSION,dist_ma150,STRICT_OOS,2,3106,0.03357452228665352,0.0684679612517357,0.050954848527908325,0.032440219074487686,0.4482916295528412,0.15486155450344086,0.5672891139984131,0.1885942667722702,-0.10913635790348053,0.2137797772884369,3.6400392055511475,1.8253002166748047
EXTENSION,dist_ma150,STRICT_OOS,3,2911,0.0684679612517357,0.10305721014738083,0.08533114194869995,0.046622540801763535,0.5047982335090637,0.1782892495393753,0.5338371396064758,0.21589232981204987,-0.11241035908460617,0.24768121540546417,3.700227975845337,2.0784006118774414
EXTENSION,dist_ma150,STRICT_OOS,4,2926,0.10305721014738083,0.14000339061021805,0.12068569660186768,0.04426886513829231,0.5037605166435242,0.19138756394386292,0.5133287906646729,0.22348204255104065,-0.11943889409303665,0.27306902408599854,3.243870735168457,1.9381728172302246
EXTENSION,dist_ma150,STRICT_OOS,5,2707,0.14000339061021805,0.18283408284187316,0.15983597934246063,0.03703797981142998,0.4265846908092499,0.1906169205904007,0.5171777009963989,0.2279498279094696,-0.13316474854946136,0.2885112762451172,3.16001033782959,1.6583820581436157
EXTENSION,dist_ma150,STRICT_OOS,6,2686,0.18283408284187316,0.2359068974852562,0.20714890956878662,0.05572020635008812,0.6478309035301208,0.21444527804851532,0.4947877824306488,0.2628181576728821,-0.14068710803985596,0.33581534028053284,3.4584245681762695,1.8987427949905396
EXTENSION,dist_ma150,STRICT_OOS,7,2966,0.2359068974852562,0.31137378811836264,0.27088701725006104,0.05725241079926491,0.40385493636131287,0.22690492868423462,0.4484153687953949,0.27349331974983215,-0.1475384384393692,0.37086984515190125,3.000185251235962,1.8891276121139526
EXTENSION,dist_ma150,STRICT_OOS,8,3424,0.31137378811836264,0.44291265904903426,0.36900416016578674,0.0694994404911995,0.4916451573371887,0.264310747385025,0.40917056798934937,0.3047638535499573,-0.1582322120666504,0.41442757844924927,2.8653371334075928,1.9557510614395142
EXTENSION,dist_ma150,STRICT_OOS,9,5221,0.44291265904903426,inf,0.626132071018219,0.05436786264181137,0.30547308921813965,0.26604098081588745,0.35721126198768616,0.33349862694740295,-0.19865700602531433,0.4820915460586548,2.3157730102539062,1.5495246648788452
EXTENSION,stage2_age,PRE_2020_2022,0,13680,-inf,3.0,0.0,0.01700509525835514,0.7017558217048645,0.12054093927145004,0.5673245787620544,0.15174493193626404,-0.11516024172306061,0.18201754987239838,2.8378231525421143,1.4228049516677856
EXTENSION,stage2_age,PRE_2020_2022,1,7016,3.0,18.0,11.0,0.028116436675190926,0.20562291145324707,0.1488027423620224,0.3531927168369293,0.182582288980484,-0.124337337911129,0.2860604226589203,1.9968476295471191,1.4995044469833374
EXTENSION,stage2_age,PRE_2020_2022,2,6792,18.0,36.0,27.0,0.025142081081867218,0.550926685333252,0.13869257271289825,0.44832155108451843,0.19550412893295288,-0.12666413187980652,0.29240283370018005,2.4295308589935303,1.462302565574646
EXTENSION,stage2_age,PRE_2020_2022,3,6491,36.0,57.0,47.0,0.010306401178240776,0.1090053841471672,0.13526421785354614,0.5082421898841858,0.17990443110466003,-0.13385921716690063,0.23524880409240723,2.423769474029541,1.1747407913208008
EXTENSION,stage2_age,PRE_2020_2022,4,5830,57.0,81.0,69.0,0.01972089149057865,0.20690511167049408,0.1514579802751541,0.5101200938224792,0.18854641914367676,-0.12553127110004425,0.2445969134569168,2.662639856338501,1.3662183284759521
EXTENSION,stage2_age,PRE_2020_2022,5,5872,81.0,110.0,96.0,0.01615539751946926,0.20146703720092773,0.14543597400188446,0.5533038377761841,0.18826447427272797,-0.13400912284851074,0.2501702904701233,2.6307830810546875,1.2950005531311035
EXTENSION,stage2_age,PRE_2020_2022,6,5859,110.0,149.0,127.0,0.023569386452436447,0.2589090168476105,0.1577060967683792,0.5354155898094177,0.20042428374290466,-0.1507231593132019,0.2713773548603058,2.6640422344207764,1.4145110845565796
EXTENSION,stage2_age,PRE_2020_2022,7,5197,149.0,218.0,178.0,0.02630462870001793,0.34327757358551025,0.16163170337677002,0.48835867643356323,0.2064276933670044,-0.1369665265083313,0.2820858061313629,2.4436440467834473,1.4483627080917358
EXTENSION,stage2_age,PRE_2020_2022,8,3182,218.0,inf,260.0,-0.010452800430357456,0.22090250253677368,0.10402262955904007,0.5615964531898499,0.14789119362831116,-0.13283345103263855,0.19798868894577026,1.9364113807678223,0.8192510008811951
EXTENSION,stage2_age,DISCOVERY,0,10982,-inf,3.0,0.0,0.010720345191657543,0.18754158914089203,0.08768894523382187,0.542159914970398,0.13401095569133759,-0.09272997826337814,0.16108177602291107,2.609978199005127,1.3035637140274048
EXTENSION,stage2_age,DISCOVERY,1,5517,3.0,18.0,11.0,0.015829788520932198,0.15814758837223053,0.11763639748096466,0.29454413056373596,0.16262713074684143,-0.10198679566383362,0.24487946927547455,1.9301470518112183,1.3134171962738037
EXTENSION,stage2_age,DISCOVERY,2,5471,18.0,36.0,27.0,0.019880354404449463,0.22768929600715637,0.12813013792037964,0.429903119802475,0.17333374917507172,-0.10685405135154724,0.2590020000934601,2.2326302528381348,1.3962229490280151
EXTENSION,stage2_age,DISCOVERY,3,5614,36.0,57.0,47.0,0.021588511765003204,0.23700353503227234,0.14107587933540344,0.47470608353614807,0.17546191811561584,-0.1082526221871376,0.25650161504745483,2.4631073474884033,1.4541404247283936
EXTENSION,stage2_age,DISCOVERY,4,5435,57.0,81.0,69.0,0.034281086176633835,0.33789193630218506,0.1551057994365692,0.4491260349750519,0.1921507716178894,-0.10730919241905212,0.2783808708190918,2.7190659046173096,1.7388898134231567
EXTENSION,stage2_age,DISCOVERY,5,5446,81.0,110.0,95.0,0.02004462666809559,0.2273690402507782,0.1386338621377945,0.47814908623695374,0.18120768666267395,-0.11154338717460632,0.25211164355278015,2.4781723022460938,1.4056050777435303
EXTENSION,stage2_age,DISCOVERY,6,5456,110.0,149.0,128.0,0.012557807378470898,0.23508764803409576,0.12884896993637085,0.46187683939933777,0.1690894365310669,-0.11101295053958893,0.2401026338338852,2.241835832595825,1.2588672637939453
EXTENSION,stage2_age,DISCOVERY,7,5432,149.0,218.0,177.0,0.023469919338822365,0.3691248595714569,0.14322532713413239,0.46999263763427734,0.17403052747249603,-0.1042962372303009,0.24410898983478546,2.44802188873291,1.526628851890564
EXTENSION,stage2_age,DISCOVERY,8,5467,218.0,inf,286.0,0.03324425593018532,0.5004046559333801,0.15566124022006989,0.4316810071468353,0.1840323507785797,-0.10668639093637466,0.2868117690086365,2.3835606575012207,1.7650947570800781
EXTENSION,stage2_age,STRICT_OOS,0,10697,-inf,3.0,0.0,0.030504142865538597,0.4317997992038727,0.15013554692268372,0.5484715104103088,0.188286691904068,-0.11296576261520386,0.226231649518013,3.4492499828338623,1.7128007411956787
EXTENSION,stage2_age,STRICT_OOS,1,4710,3.0,18.0,10.0,0.05432210490107536,0.34822648763656616,0.19341826438903809,0.3700636923313141,0.246172234416008,-0.13068217039108276,0.34628450870513916,2.728311538696289,1.8907923698425293
EXTENSION,stage2_age,STRICT_OOS,2,4166,18.0,36.0,27.0,0.0462210476398468,0.44936174154281616,0.20739318430423737,0.4668746888637543,0.2484443187713623,-0.13623856008052826,0.3348535895347595,2.956692695617676,1.768118143081665
EXTENSION,stage2_age,STRICT_OOS,3,3788,36.0,57.0,46.0,0.04505071043968201,0.4679220914840698,0.22254487872123718,0.5303590297698975,0.26191309094429016,-0.1439657360315323,0.3373812139034271,3.2263596057891846,1.7222932577133179
EXTENSION,stage2_age,STRICT_OOS,4,3355,57.0,81.0,69.0,0.04975045472383499,0.5003873109817505,0.21937407553195953,0.5248882174491882,0.27031829953193665,-0.14502818882465363,0.3400894105434418,3.3602330684661865,1.8167176246643066
EXTENSION,stage2_age,STRICT_OOS,5,2902,81.0,110.0,95.0,0.06077810376882553,0.5661520957946777,0.23845623433589935,0.528256356716156,0.2757476270198822,-0.1439250409603119,0.33976566791534424,3.750725030899048,2.0328054428100586
EXTENSION,stage2_age,STRICT_OOS,6,2417,110.0,149.0,127.0,0.09788323938846588,0.9700528383255005,0.29416632652282715,0.5246173143386841,0.32590946555137634,-0.1527598798274994,0.38642945885658264,4.213685989379883,2.6095480918884277
EXTENSION,stage2_age,STRICT_OOS,7,2012,149.0,218.0,177.5,0.05547299236059189,0.5901791453361511,0.25248509645462036,0.5208747386932373,0.30050474405288696,-0.1667320877313614,0.37127235531806946,3.137310028076172,1.7826180458068848
EXTENSION,stage2_age,STRICT_OOS,8,817,218.0,inf,251.0,-0.0299471914768219,-0.24239294230937958,0.12362301349639893,0.6499388217926025,0.17319726943969727,-0.19942860305309296,0.23378212749958038,1.9185917377471924,0.6137014031410217
EXTENSION,ret_since_stage2,PRE_2020_2022,0,5202,-inf,0.004975126823410392,-0.0193109642714262,0.017973633483052254,0.7520859241485596,0.12399077415466309,0.5515186190605164,0.1589357703924179,-0.12089886516332626,0.20703575015068054,2.7313220500946045,1.4042255878448486
EXTENSION,ret_since_stage2,PRE_2020_2022,1,5030,0.004975126823410392,0.06014702692627909,0.03190277889370918,0.021529845893383026,0.23937053978443146,0.12365805357694626,0.49602386355400085,0.15556031465530396,-0.11111181974411011,0.21033796668052673,2.4696388244628906,1.4789572954177856
EXTENSION,ret_since_stage2,PRE_2020_2022,2,5218,0.06014702692627909,0.12274276614189158,0.0901549905538559,0.02251039631664753,0.25759193301200867,0.12322729080915451,0.45764660835266113,0.15911485254764557,-0.10703727602958679,0.2270985096693039,2.3544790744781494,1.5016639232635498
EXTENSION,ret_since_stage2,PRE_2020_2022,3,5013,0.12274276614189158,0.19427846074104313,0.1570073664188385,0.0236202385276556,0.270255446434021,0.13006183505058289,0.4733692407608032,0.16876552999019623,-0.11526717245578766,0.241771399974823,2.4438071250915527,1.4928268194198608
EXTENSION,ret_since_stage2,PRE_2020_2022,4,5200,0.19427846074104313,0.28828829526901245,0.23782899975776672,0.02270815521478653,0.21280625462532043,0.14326922595500946,0.45538461208343506,0.18118612468242645,-0.11727903038263321,0.26307693123817444,2.3550913333892822,1.457634449005127
EXTENSION,ret_since_stage2,PRE_2020_2022,5,5254,0.28828829526901245,0.4115903019905096,0.34466177225112915,0.01678883470594883,0.13899478316307068,0.1473163366317749,0.47887325286865234,0.18808339536190033,-0.13308779895305634,0.27350589632987976,2.273869037628174,1.3009089231491089
EXTENSION,ret_since_stage2,PRE_2020_2022,6,4560,0.4115903019905096,0.5707614660263062,0.483428031206131,0.013549642637372017,0.13148418068885803,0.1550438553094864,0.47390350699424744,0.19505614042282104,-0.13990524411201477,0.2793859541416168,2.2501909732818604,1.2186633348464966
EXTENSION,ret_since_stage2,PRE_2020_2022,7,4474,0.5707614660263062,0.8434383034706118,0.6893005967140198,0.023704594001173973,0.34861016273498535,0.1687527894973755,0.46691998839378357,0.21651490032672882,-0.147808238863945,0.2914617657661438,2.4389495849609375,1.3630924224853516
EXTENSION,ret_since_stage2,PRE_2020_2022,8,4098,0.8434383034706118,1.3859609603881833,1.0552281141281128,0.02741563878953457,0.35584932565689087,0.1830161064863205,0.4792581796646118,0.235636904835701,-0.156731516122818,0.32674476504325867,2.636265516281128,1.396364688873291
EXTENSION,ret_since_stage2,PRE_2020_2022,9,4216,1.3859609603881833,inf,2.034074306488037,0.0018666066462174058,-0.0597214512526989,0.1641366183757782,0.5199241042137146,0.23865872621536255,-0.19293786585330963,0.31712523102760315,2.620882511138916,1.0210556983947754
EXTENSION,ret_since_stage2,DISCOVERY,0,4547,-inf,0.004975126823410392,-0.01713586412370205,0.009967135265469551,0.21028079092502594,0.0978667289018631,0.5471739768981934,0.14588911831378937,-0.09531482309103012,0.17857928574085236,2.679236888885498,1.2556759119033813
EXTENSION,ret_since_stage2,DISCOVERY,1,4547,0.004975126823410392,0.06014702692627909,0.03125001862645149,0.013329762034118176,0.20372796058654785,0.08401143550872803,0.4488673806190491,0.13378654420375824,-0.0882248729467392,0.17594018578529358,2.1658785343170166,1.3438327312469482
EXTENSION,ret_since_stage2,DISCOVERY,2,4547,0.06014702692627909,0.12274276614189158,0.09090910106897354,0.0186600424349308,0.2622014880180359,0.10666373372077942,0.4244556725025177,0.14698219299316406,-0.08995960652828217,0.19859248399734497,2.3070201873779297,1.4609469175338745
EXTENSION,ret_since_stage2,DISCOVERY,3,4547,0.12274276614189158,0.19427846074104313,0.15699659287929535,0.028201332315802574,0.3442246913909912,0.13723334670066833,0.4046624004840851,0.16333231329917908,-0.09320134669542313,0.23553991317749023,2.4023916721343994,1.6812251806259155
EXTENSION,ret_since_stage2,DISCOVERY,4,4548,0.19427846074104313,0.28828829526901245,0.2400323748588562,0.02517266385257244,0.3104272186756134,0.12796834111213684,0.40039578080177307,0.16774092614650726,-0.09798403084278107,0.2521987557411194,2.171506643295288,1.572243332862854
EXTENSION,ret_since_stage2,DISCOVERY,5,4546,0.28828829526901245,0.4115903019905096,0.34547704458236694,0.03381659463047981,0.4257560968399048,0.1539815217256546,0.3988121449947357,0.1907595843076706,-0.10081060975790024,0.2952045798301697,2.359405994415283,1.7438303232192993
EXTENSION,ret_since_stage2,DISCOVERY,6,4547,0.4115903019905096,0.5707614660263062,0.4853977859020233,0.031054368242621422,0.3602471351623535,0.15900593996047974,0.40686166286468506,0.19243092834949493,-0.10547026991844177,0.2724873423576355,2.412203311920166,1.6621979475021362
EXTENSION,ret_since_stage2,DISCOVERY,7,4547,0.5707614660263062,0.8434383034706118,0.6792353391647339,0.029243886470794678,0.3388822078704834,0.1631845235824585,0.4121398627758026,0.20096923410892487,-0.11906604468822479,0.30899494886398315,2.4513399600982666,1.5380096435546875
EXTENSION,ret_since_stage2,DISCOVERY,8,4547,0.8434383034706118,1.3859609603881833,1.0533792972564697,0.019592585042119026,0.20913128554821014,0.15944579243659973,0.436111718416214,0.20195476710796356,-0.12683576345443726,0.3147130012512207,2.3131608963012695,1.3495453596115112
EXTENSION,ret_since_stage2,DISCOVERY,9,4547,1.3859609603881833,inf,2.0541012287139893,0.01443078275769949,0.17431017756462097,0.18209809064865112,0.4592038691043854,0.2134147435426712,-0.15201729536056519,0.33208709955215454,2.2074294090270996,1.2112292051315308
EXTENSION,ret_since_stage2,STRICT_OOS,0,4306,-inf,0.004975126823410392,-0.027285795658826828,0.02555677853524685,0.31455931067466736,0.1632605642080307,0.5959126949310303,0.20425933599472046,-0.12661412358283997,0.244774729013443,3.606616973876953,1.5222114324569702
EXTENSION,ret_since_stage2,STRICT_OOS,1,2869,0.004975126823410392,0.06014702692627909,0.03073769621551037,0.05091001093387604,0.6318888664245605,0.19031020998954773,0.46601602435112,0.22158926725387573,-0.11401695013046265,0.29104217886924744,3.162386178970337,2.076000690460205
EXTENSION,ret_since_stage2,STRICT_OOS,2,2438,0.06014702692627909,0.12274276614189158,0.09120019525289536,0.05538539960980415,0.4952293038368225,0.1927809715270996,0.45734208822250366,0.23602735996246338,-0.11264794319868088,0.3096800744533539,3.174180269241333,2.1350009441375732
EXTENSION,ret_since_stage2,STRICT_OOS,3,2483,0.12274276614189158,0.19427846074104313,0.1582481563091278,0.06665192544460297,0.5895689129829407,0.22029802203178406,0.43012484908103943,0.26109620928764343,-0.11673033982515335,0.3314538896083832,3.213972806930542,2.321821928024292
EXTENSION,ret_since_stage2,STRICT_OOS,4,2483,0.19427846074104313,0.28828829526901245,0.236914724111557,0.060128096491098404,0.6445589661598206,0.2215062379837036,0.4397905766963959,0.2614530622959137,-0.12819744646549225,0.34554973244667053,3.2839274406433105,2.0797483921051025
EXTENSION,ret_since_stage2,STRICT_OOS,5,2354,0.28828829526901245,0.4115903019905096,0.34398582577705383,0.07302629202604294,0.615454375743866,0.24808835983276367,0.4604927897453308,0.2874853312969208,-0.1420275717973709,0.3725573420524597,3.3271520137786865,2.192309617996216
EXTENSION,ret_since_stage2,STRICT_OOS,6,1958,0.4115903019905096,0.5707614660263062,0.4815659523010254,0.07774385809898376,0.722311794757843,0.25893768668174744,0.44228804111480713,0.3095754384994507,-0.1554388701915741,0.4034729301929474,3.4340527057647705,2.1459269523620605
EXTENSION,ret_since_stage2,STRICT_OOS,7,2100,0.5707614660263062,0.8434383034706118,0.6838539242744446,0.07776389271020889,0.6193274855613708,0.25999999046325684,0.4519047737121582,0.31509533524513245,-0.16238051652908325,0.41857144236564636,3.3247008323669434,2.0876028537750244
EXTENSION,ret_since_stage2,STRICT_OOS,8,2046,0.8434383034706118,1.3859609603881833,1.0610525608062744,0.07042983174324036,0.45468810200691223,0.2844574749469757,0.4638318717479706,0.32764339447021484,-0.17908789217472076,0.4486803412437439,2.9859373569488525,1.9014447927474976
EXTENSION,ret_since_stage2,STRICT_OOS,9,2552,1.3859609603881833,inf,2.232687473297119,0.010867821052670479,0.050519075244665146,0.23706896603107452,0.5462382435798645,0.29916855692863464,-0.22572171688079834,0.3804858922958374,2.7159948348999023,1.104963779449463
