date,MULTI_ALPHA_V1,MULTI_ALPHA_LONG_ONLY,MOMENTUM_ONLY,WEINSTEIN_LONG_ONLY,MULTI_ALPHA_THEORETICAL_SHORTS,TAIEX
2023-01-03,10000000.0,10000000.0,10000000.0,10000000.0,10000000.0,10000000.0
2023-01-04,10008625.21696077,10000000.0,10000000.0,10000000.0,9992596.929795874,9982431.250580002
2023-01-05,10009635.795743946,10000000.0,10000000.0,10000000.0,10013117.647665821,10054084.189390978
2023-01-06,10001633.741384588,9996044.061039742,9996044.061039742,10000000.0,9994608.745982794,10104906.314063717
2023-01-09,10045958.34842901,10047393.217377018,10047393.217377018,10000000.0,10008935.623032011,10371263.740744594
2023-01-10,10024961.072737359,10029444.961012539,10029444.961012539,10000000.0,9987932.09802327,10406942.573600333
2023-01-11,10055431.49040838,10056857.24001748,10056857.24001748,10000000.0,10024415.195586994,10370722.406728853
2023-01-12,10167856.446047634,10164125.951397179,10164125.951397179,10000000.0,10154886.855854135,10356802.389181195
2023-01-13,10203243.241826491,10199449.374908047,10199449.374908047,10000000.0,10197869.722536203,10421825.743877303
2023-01-16,10396124.00566216,10387097.992345896,10387097.992345896,10000000.0,10345788.219994562,10494153.592629984
2023-01-17,10518218.464392133,10509072.413260283,10509072.413260283,10000000.0,10427410.908670424,10498315.537270498
2023-01-30,10695856.609384397,10686556.413373614,10686556.413373614,10000000.0,10534115.423917755,10892638.70102333
2023-01-31,10563775.635151114,10570751.14170479,10570751.14170479,10000000.0,10402347.686508883,10731911.710531123
2023-02-01,10581772.961424164,10591764.762976475,10591764.762976475,10000000.0,10420310.156408722,10840832.332685608
2023-02-02,10419450.444395171,10429586.890284574,10429586.890284574,10000000.0,10258210.83919912,10963883.88174453
2023-02-03,10388741.620921709,10394847.162114577,10394847.162114577,10000000.0,10227839.005127441,10969156.615664097
2023-02-06,10337299.132695893,10362627.447050735,10362627.447050735,10000000.0,10176482.901129963,10821632.550906489
2023-02-07,10482518.155475287,10497630.180410562,10497630.180410562,10000000.0,10321670.350914517,10827320.073227728
2023-02-08,10471405.414169341,10486593.787282348,10485693.922042226,10000857.207983758,10310149.833911555,10980060.629409762
2023-02-09,10553581.498588236,10573025.810377326,10575725.476875031,10083390.092900597,10326590.423956295,10966379.64246646
2023-02-10,10325661.131027954,10339090.875184253,10542782.940375954,9933268.472058836,10122977.793716509,10957901.086323794
2023-02-13,10309333.20227424,10313662.05854575,10478785.063709078,9883407.125279212,10137382.480604237,10928113.654834185
2023-02-14,10380843.13970264,10396139.598842736,10614313.639122745,9903884.115733292,10201424.536670478,11005587.691892365
2023-02-15,10519845.629213773,10530806.653298926,10861917.512876501,9932553.181392347,10324886.565348927,10849803.010660766
2023-02-16,10874050.198491419,10862803.172786351,11147837.486002916,10070896.820468783,10615131.748672478,10932486.508831479
2023-02-17,10980124.482403288,11048580.798529403,11249264.149333484,10141128.596381016,10796599.935577704,10882711.900630761
2023-02-20,10918511.644861296,11033715.860612793,11255713.192751387,10058966.401505874,10782230.342547813,10932999.721599652
2023-02-21,11052978.232878692,11171951.267046278,11454541.559289657,10020739.07025477,10935923.054701209,10941274.398697425
2023-02-22,11043677.337165205,11102745.601717873,11340794.9263489,10016433.032828895,10898616.877358051,10839876.210268194
2023-02-23,11355302.404466331,11408317.19546346,11762372.549810445,10140861.2864656,11184992.154999232,10978120.263327364
2023-02-24,11420713.881480329,11430434.944533098,11918514.351570193,10086885.343567513,11256408.747884125,10899647.921980413
2023-03-01,11356164.89759334,11411223.894060403,11890019.914730143,10076451.379047642,11231121.55411976,10966224.97560482
2023-03-02,11324799.150460515,11490238.186425524,12027986.307088822,10100305.41189494,11267673.59292121,10966386.672778351
2023-03-03,11283481.756708648,11472551.874610286,11833089.52327087,10175169.912235677,11206443.140307156,10973206.075314326
2023-03-06,11181414.72812255,11420681.513969097,11692446.873040274,10230619.588022534,11106040.716401393,11082239.18245909
2023-03-07,11236131.685361508,11431678.020966902,11769726.934479486,10213467.053954473,11109813.309837813,11148591.26610293
2023-03-08,11197042.275235733,11442958.548689714,11984315.115473613,10187032.155651093,11174363.660955584,11120687.958200578
2023-03-09,11137883.148595205,11128553.777816549,11821673.252695803,10231249.392964583,10870461.105557978,11087265.855462411
2023-03-10,10864873.681823822,10872781.956894405,11532594.978449091,10040450.30950633,10623139.830302678,10915402.850932077
2023-03-13,10618664.932147892,10658373.039556304,11213580.933078378,9983069.61192091,10419435.843185402,10939509.790412342
2023-03-14,10699931.482942274,10723442.581444118,11054259.891720172,10019103.282279555,10501260.964442594,10798854.340373958
2023-03-15,10505147.426914643,10536683.977341177,10921615.743842406,10002906.187783215,10301616.712832883,10817955.697786577
2023-03-16,10375698.542075979,10382052.894149011,10719155.317151047,9884649.92263774,10172197.92661784,10700922.095707854
2023-03-17,10544277.970516775,10557967.144820258,10937850.813738292,9997549.2411845,10319886.515092734,10863912.846629528
2023-03-20,10678003.478461651,10650278.15266032,10976257.34772757,10127737.535678819,10366666.689494498,10840719.847695325
2023-03-21,10898128.538953688,10851368.697840776,11155828.079341287,10290599.120367885,10517170.092049044,10906439.203268815
2023-03-22,11212624.246615406,11078602.275043823,11219857.36409946,10418941.317440212,10686563.23276786,11080094.937331801
2023-03-23,11292763.581510557,11172523.356648158,11331053.480315465,10498690.157769646,10785961.49856009,11152851.635109939
2023-03-24,11150861.791236585,11067835.393450983,11279828.105506353,10476459.064698193,10689690.259289553,11188530.467965677
2023-03-27,11120539.01481282,10979232.231923003,11261722.232733916,10477710.986512661,10608486.750435134,11129201.665902706
2023-03-28,11055716.644356795,10912094.241454782,11149268.816251747,10342697.1327376,10565181.25522907,11038630.157788318
2023-03-29,11219544.995743034,11077962.276001606,11387571.502193883,10426671.377425892,10715418.45133301,11086633.127392065
2023-03-30,11258710.594178494,11164065.098670462,11473493.61398408,10447191.547218518,10774370.476421537,11142643.622241657
2023-03-31,11270676.195251966,11163434.709134534,11507491.414498428,10512389.040461687,10771612.704712117,11155741.093297863
2023-04-06,11210038.213476192,11140954.152411899,11563932.371657489,10487779.018465476,10778579.639864383,11115464.436464258
2023-04-07,11152657.242196742,11076978.698194526,11433590.115375562,10476012.427494239,10738158.99261579,11133553.42896432
2023-04-10,11122708.785188198,11017223.249442205,11661214.645984484,10396303.057078963,10658476.625872746,11161442.676242888
2023-04-11,11130141.409925168,11022426.598228445,11831863.787297715,10354728.620754873,10591562.181498848,11187953.982390473
2023-04-12,11146222.406811535,11092722.155918062,12005093.726244794,10448336.830515476,10581049.108107328,11201374.847793747
2023-04-13,11020835.457631541,10978602.369289672,12029073.767704207,10507455.597381871,10483857.263920896,11111239.219016712
2023-04-14,11034711.925656639,11049909.800716668,12179136.549259236,10563592.330583652,10519618.793893393,11198886.117383713
2023-04-17,11217334.736612707,11337081.710940583,12525293.340573156,10777400.07939496,10716090.976244671,11222873.541561797
2023-04-18,11164222.727015283,11321850.4360463,12332668.33077729,10696300.640260674,10710485.392264945,11156711.276339063
2023-04-19,11128919.146116523,11228882.679165948,12537651.812569184,10592542.178468877,10662998.560720019,11087132.279536447
2023-04-20,10940531.04445704,10972355.161321802,12370740.315481842,10297451.533143535,10417286.714496884,11042876.466171546
2023-04-21,10670189.560415199,10772593.699086588,11906990.568949606,10143356.285399431,10276681.579919517,10969388.615956556
2023-04-24,10905917.886043927,11052038.204633268,12035180.826635823,10285545.809088215,10534830.893628767,10986177.00075646
2023-04-25,10692597.36421315,10807535.845946893,11847519.780409154,10038442.400067912,10348282.097113965,10806102.591935385
2023-04-26,10647187.290499981,10765680.363634277,11740376.29261363,10092045.962925924,10301315.305230238,10808844.413573561
2023-04-27,10700591.558672301,10858090.907597216,11693735.596555157,10235854.0851047,10303064.919211797,10834758.143210264
2023-04-28,10905160.597467104,11076866.593482116,12057203.114031214,10409703.599611776,10479135.648529263,10952649.443339901
2023-05-02,10895101.489255015,11081489.928214502,12069319.744889263,10346303.222322641,10468446.069445495,10992933.1304854
2023-05-03,10831882.212212296,11007977.993381571,11969877.247393863,10286219.190000782,10441753.548491588,10934532.329592269
2023-05-04,11035702.180228636,11218052.30599539,12035277.274716886,10333513.436357029,10634697.843553599,10973634.92433978
2023-05-05,11095078.710298771,11246254.739298094,12180894.944104783,10350282.140942032,10662459.15168015,10985614.57580504
2023-05-08,11135290.863827154,11327229.29765806,12202827.002920546,10404108.938572692,10737592.025414484,11037287.368216803
2023-05-09,10870259.600816607,11002661.50099759,12064335.920012608,10175496.267350953,10483689.105669267,11057063.635571128
2023-05-10,11012129.152965032,11234432.731957491,12085173.992011964,10257959.01555852,10694449.104823912,10996645.135164777
2023-05-11,10830116.950848605,10964403.116473984,12041668.639768295,10123599.184024692,10441651.761653986,10907275.810384052
2023-05-12,10900134.209962025,11107070.159113955,11945497.009968748,10249683.86827492,10584891.040130893,10898642.587379746
2023-05-15,10893336.11048579,10991291.055799572,11643985.999052,10159839.839159213,10479203.209413722,10879442.805600625
2023-05-16,11107406.716833958,11169323.850799643,11954968.146710182,10347099.94049083,10653175.28694493,11019240.557588097
2023-05-17,11231976.420630328,11343962.057879426,12187358.876042882,10525959.421320904,10800893.28901154,11195975.56826011
2023-05-18,11319061.838860182,11354496.585559433,12434835.412704008,10522930.4001786,10781901.936663443,11320123.845974304
2023-05-19,11397511.973946257,11332561.613614844,12528100.835020136,10428184.485214446,10749924.932527894,11371473.244039
2023-05-22,11425748.09182929,11428957.712542497,12698374.998779202,10522066.829024408,10843197.983599132,11375670.340238977
2023-05-23,11463177.002043042,11433156.54676981,13073483.70017731,10527833.662472099,10882582.547182223,11380689.982930403
2023-05-24,11395123.795508355,11419774.203865768,13115655.774817308,10581212.994613528,10874062.324022587,11360505.9574863
2023-05-25,11452314.296184849,11356873.563113632,12988174.185378749,10599909.72042967,10751228.150427945,11453784.135679396
2023-05-26,11336764.035537388,11195815.664632283,12823294.517083852,10487912.24046525,10606468.1641418,11603564.93055458
2023-05-29,11476885.199574905,11277536.970347486,13119472.301222092,10513983.012922209,10676598.82569953,11695837.774147013
2023-05-30,11395715.616675513,11149153.526691709,12927361.071409153,10480682.067114238,10537725.231424525,11686304.671220433
2023-05-31,11495349.106479391,11258227.90530144,12849206.20753343,10535125.536460247,10628015.99011714,11655525.965753946
2023-06-01,11582428.596884653,11337707.069335788,13096916.998847812,10620411.320732925,10714157.549447076,11608907.967593072
2023-06-02,11579348.799491063,11337434.063763972,13302784.792973896,10618956.85522525,10745551.892213175,11745478.806421766
2023-06-05,11598353.548379172,11321304.587580392,13446929.26151127,10647189.878418576,10768233.642179795,11750765.60096512
2023-06-06,11537975.26453471,11302487.861972274,13429967.614022838,10602963.84859835,10743009.080293644,11783969.76403461
2023-06-07,11615127.299711976,11402907.310704868,13581364.039789116,10702192.614519496,10791863.346053282,11897031.239893926
2023-06-08,11364646.21166112,11252261.927220497,13457187.170255184,10565752.826695994,10633923.978268465,11764305.981670571
2023-06-09,11381169.862030914,11247555.871088976,13846406.093716783,10568936.829192407,10608895.230745537,11871665.874584857
2023-06-12,11439591.106968582,11161660.82322258,13730666.604279077,10541248.15275859,10512773.88820649,11920153.935709203
2023-06-13,11641246.43247742,11259542.544886805,14223429.654592073,10597972.142725132,10641466.001183376,12103806.773283692
2023-06-14,11741644.360823704,11323888.578057341,14120762.910912404,10700069.2240487,10734293.73007797,12118950.06510069
2023-06-15,11807470.399131935,11361960.037046209,14243757.702825453,10855958.697543789,10802653.171027238,12187031.60547015
2023-06-16,11705669.840537716,11286235.73952578,14246349.840924054,10795321.147264156,10717798.203606298,12154642.95858022
2023-06-19,11660909.320514284,11314145.756355707,14132254.178769197,10839495.958284814,10732000.815528644,12144554.461014116
2023-06-20,11832020.819043571,11355266.462692197,14169423.915872142,10915222.191654693,10805964.674187655,12081527.714895548
2023-06-21,11867752.331742482,11363028.367541796,14252751.600827372,10946708.988267407,10820462.95536583,12093823.730395982
2023-06-26,11871249.406447096,11195828.334072124,14024586.663132684,10826249.640021667,10663692.134466246,11993177.785339275
2023-06-27,11759958.936372919,11151077.594753198,13623562.066528065,10679302.095691308,10647425.170512617,11872720.421368781
2023-06-28,11949010.251929922,11276181.188366685,13771716.702342974,10823062.342338756,10752368.844435276,11906276.100032907
2023-06-29,12039921.176605564,11303499.56997416,13685844.900552865,10985675.452143505,10752442.370680686,11910965.318065373
2023-06-30,12083982.776969237,11419966.489990622,13831483.688438293,11078686.844727281,10825402.613170939,11892152.20344036
2023-07-03,12381801.320845282,11601322.287741557,14100332.501953417,11315453.72601432,11035571.391320433,12010725.443823598
2023-07-04,12399314.727278285,11633972.924168348,14094355.329977302,11347107.083006993,11046364.793625247,12050495.918200923
2023-07-05,12171895.077067375,11510763.601365699,13955211.461936176,11197243.741292961,10945344.029395878,11991202.267697409
2023-07-06,12082926.891917083,11433971.247138713,13983836.182173615,11135538.3197469,10868291.059787685,11784328.30994115
2023-07-07,11804655.860938242,11278392.346872807,13791458.107816584,10997572.516951296,10678692.982466111,11715459.374639703
2023-07-10,11665631.224249706,11209167.183441613,13848065.78496227,10828110.139100641,10585739.214987665,11707437.788770068
2023-07-11,11786072.854386741,11330390.143770317,13889370.528784158,10922317.473297555,10668349.533220364,11880460.794762706
2023-07-12,11728447.256583622,11241442.854964182,13999429.462071497,10805690.928162768,10618816.857835066,11924836.123429786
2023-07-13,11787324.187665762,11205507.263728071,13975671.192823129,10767857.129876073,10617676.524846472,11994696.332708107
2023-07-14,12007392.406174554,11437609.234050099,14050013.526720252,10907958.489835694,10817252.023830201,12150987.196395986
2023-07-17,12085064.915071474,11771586.875346137,14070547.55465294,10839266.037183002,11089717.268855266,12186546.51394955
2023-07-18,12213896.783796538,11643241.906881602,13752826.853664633,10829294.125469375,10994573.589782055,12111758.056034403
2023-07-19,12255906.51115002,11489245.419488052,13622860.771054003,10768476.705393787,10881412.07566666,12033391.169365842
2023-07-20,12383427.529691944,11627897.59716795,13758457.05820073,10902294.599041222,10964735.810492672,12067453.030486248
2023-07-21,12230887.718183646,11548733.475830015,14009136.934790375,10859347.085525341,10706473.77197928,11973113.275197348
2023-07-24,12078184.038387,11625809.631472804,14136250.506338589,10827964.262192637,10824513.97523152,11975159.09595814
2023-07-25,12242953.910545075,11803098.019528978,13978078.182650063,10921139.737461604,11088742.193324313,12091356.090921624
2023-07-26,12077671.805165604,11731613.064997168,13873630.719514694,10870179.51644453,10906069.749793202,12065807.937503343
2023-07-27,11998517.097846458,11687028.207977954,13850965.895378731,10863597.498721762,10837838.038900135,12121537.219877224
2023-07-28,11939069.522984182,11613188.527721535,13765456.680490538,10810327.676849363,10808848.024579247,12157469.143961107
2023-07-31,11749581.27203689,11585740.470011957,13162331.654075123,10836141.992425384,10772488.327461692,12053772.043542946
2023-08-01,11652495.75495636,11469066.909897983,13145420.453767277,10754791.472896311,10680100.295779092,12101184.466947693
2023-08-02,11424822.432826212,11320072.685253832,12984020.061371712,10658190.448623154,10484241.691713149,11876819.093202256
2023-08-04,11536042.640786903,11357251.629162356,12962675.155497659,10673822.052761722,10539958.652086262,11841632.382179005
2023-08-07,11731620.535594422,11589807.403348073,13043567.858259924,10841176.952321414,10749661.500839852,11948718.092929479
2023-08-08,11583514.299872516,11499521.861125298,12997900.06842542,10831324.60025798,10655156.814475166,11865106.593588924
2023-08-09,11523496.524532612,11411556.698984113,12930707.283631708,10749437.756714588,10555289.891257148,11860797.012398666
2023-08-10,11275117.230510285,11127432.728507172,12857792.763673434,10511000.609712198,10332056.301271625,11694712.924244175
2023-08-11,11296115.457240786,11067908.929004833,12879077.156551775,10619753.859877387,10286540.401332868,11671196.530962905
2023-08-14,11133054.917554792,10848413.12488054,12841998.51082245,10460928.835268902,10105643.374723608,11525254.286381166
2023-08-15,11193175.912974104,10989743.997015819,12882435.611846298,10646710.147914378,10248058.25168246,11568237.613293482
2023-08-16,11150766.274535676,10975874.934245622,12829807.048046473,10610487.599318292,10278347.673688909,11562599.303155487
2023-08-17,11370761.47363018,11193523.07825568,12836959.088420501,10819290.574141566,10389909.627959132,11611727.122662075
2023-08-18,11216443.17978467,11069737.122854616,12777439.592956003,10675175.731352197,10268738.162535027,11516571.851193609
2023-08-21,11124028.340615332,11151893.306351027,12738555.915039996,10661463.509615393,10405260.537319908,11516698.396807678
2023-08-22,11009025.9480714,10916853.930626454,12750605.206982914,10481730.04783996,10232673.51039877,11556152.50714983
2023-08-23,11103701.420843404,10973508.691032376,12839361.071383424,10626322.920262717,10249930.120909974,11654077.721504042
2023-08-24,11133428.404481959,11056711.589948757,12920708.944375603,10709150.34276164,10285472.052228132,11790444.681287846
2023-08-25,11060257.937765634,11005288.09968876,12854164.67389253,10684570.726454834,10429323.658360563,11587064.788542284
2023-08-28,10921290.089547785,10921304.667515708,12789003.930512197,10606959.388750352,10296183.2528407,11606524.691861432
2023-08-29,11062034.05476,11008222.074606424,12931107.06928455,10734748.252764912,10400093.789832275,11686944.429602677
2023-08-30,11081364.66971215,11083125.075668518,12913081.892174024,10788777.252099633,10434048.776071569,11754554.93907532
2023-08-31,11189299.990934074,11183434.632770497,12824958.590640303,10945816.80723139,10559076.121650767,11694579.348318208
2023-09-01,11278888.150411014,11243894.730871188,12779549.031339236,10930666.569876404,10634785.423660252,11701911.963622354
2023-09-04,11170019.408879193,11186457.962282384,12778858.192011844,10816894.975818288,10465371.660559775,11803675.728270007
2023-09-05,11286411.258521734,11229556.976349799,12847147.739649523,10878044.782669684,10446134.457272813,11805025.548153415
2023-09-06,11350389.009607904,11264881.356062578,12889368.989099879,10898035.567611042,10494993.443079907,11767448.53108663
2023-09-07,11389893.229152786,11289722.333527312,12815869.116297608,10895093.006170005,10502217.0496414,11683773.758939037
2023-09-08,11365458.397184387,11200892.385022353,12670569.984639242,10865473.424723012,10462121.813781034,11653459.054057471
2023-09-11,11148679.106053779,10976100.499489658,12518293.318161655,10694380.356967276,10205485.797851767,11552876.3818078
2023-09-12,11096974.346497983,10873032.740481567,12518382.534201335,10622059.585883213,10099267.247047417,11651132.020820966
2023-09-13,11129166.92183168,10929079.419293834,12493267.25656727,10620559.680589128,10157923.496779034,11657318.695286594
2023-09-14,11090210.230634488,10982499.872355687,12553089.34081728,10538909.293719899,10234471.375969924,11816238.89562236
2023-09-15,11231187.335369337,11020878.609061595,12516389.21228806,10575497.423835382,10214423.060479186,11895934.511238653
2023-09-18,11142385.219863959,10915982.620894326,12529732.786288254,10471377.07848345,10130771.430092588,11739383.526010742
2023-09-19,11147060.231644776,10754186.845775602,12482290.417299965,10412566.001683287,9931614.826886756,11695851.834770795
2023-09-20,10983287.819303794,10564581.733429685,12334153.068627493,10319446.964524936,9767463.478046069,11624444.956876064
2023-09-21,10887169.66492597,10490575.343657658,12062788.01766987,10319185.740417354,9674031.259215139,11471127.915118821
2023-09-22,10931956.175242288,10517790.201861395,12191029.148474177,10371446.920439705,9671278.564001067,11490679.212492578
2023-09-25,11006977.84229492,10671040.081635606,12250347.698876014,10345115.661209209,9829376.016671982,11566430.82313703
2023-09-26,11057206.081755364,10676107.851984475,12123008.36408508,10301363.232181016,9802515.659365438,11442584.848834228
2023-09-27,11093764.469601609,10756570.770019125,12220275.249599444,10311138.728067545,9884857.357105274,11466691.788314492
2023-09-28,11191156.591999613,10819866.82051231,12213724.707349861,10337007.507924885,10040535.288573794,11497189.281305268
2023-10-02,11108445.001050392,10822862.639758706,12200199.966146871,10364228.439678265,9973663.322498986,11640305.340506122
2023-10-03,10994383.767344965,10687362.522274278,12259586.805483172,10325560.044660162,9853447.128861016,11567914.218946403
2023-10-04,10941725.394673605,10602603.241236959,12174860.060074415,10294501.868524734,9807224.351580536,11440693.694935076
2023-10-05,10968239.336796772,10586152.232408077,12166792.082958575,10288515.84170571,9825005.295639953,11567337.733371194
2023-10-06,10906462.32739927,10538571.749553768,12040636.101333138,10263147.861029413,9775431.877063565,11614475.974612128
2023-10-11,10705975.913947584,10325986.922113178,11862664.690820623,10269809.761912553,9516136.858637659,11720957.078539824
2023-10-12,10808514.947756121,10436687.709436424,11897747.728449516,10314087.541937904,9552864.318913516,11829139.517945565
2023-10-13,10696347.859551964,10412812.676149575,11927050.041826718,10276269.708039913,9490023.097074144,11798670.146202357
2023-10-16,10558666.679760884,10230677.39270091,11813472.099558048,10233481.506504592,9412178.900855854,11707044.09130406
2023-10-17,10432265.533852477,10158632.817507926,11758435.72096043,10201726.297193592,9327142.805628762,11700231.719079979
2023-10-18,10169832.860771233,9909509.366267228,11672290.507080346,10128254.24677941,9136560.101576824,11558472.510074431
2023-10-19,10145397.742792798,9866987.488101091,11724689.752961915,10070893.619354678,9119908.674980665,11566782.338731669
2023-10-20,10015123.065915521,9733558.300507229,11696303.059763974,10021066.703058107,9027830.256362028,11558338.934148468
2023-10-23,10053259.118585149,9760298.922026258,11723104.923240917,10000443.164445067,9082966.697899075,11425212.948147226
2023-10-24,10142235.97734013,9907102.941609446,11837949.114676237,10022821.93843674,9231545.559290558,11466269.969600923
2023-10-25,10302835.350239411,10032853.323428735,11964070.889773821,10045573.097027492,9273579.857732868,11500809.89193004
2023-10-26,10190732.800181456,9928575.937847001,11837080.121920582,9994062.744572015,9184260.921076762,11300340.548308078
2023-10-27,10286632.80706258,10015720.252898518,11925296.760114223,10001403.753150692,9199114.651066644,11343134.056799289
2023-10-30,10349441.414073627,10090284.07061116,11947681.220368417,10018298.150128292,9271406.234654455,11353728.736821674
2023-10-31,10169916.439127395,9924190.264689334,11838132.147243295,9927752.51978972,9111568.095805712,11249391.87802127
2023-11-01,10180568.555493403,9942142.328134732,11928942.109893411,9951459.21232084,9129130.303246332,11275607.911069363
2023-11-02,10282171.061106667,10065903.982908033,12145748.962081198,9982587.139519716,9227273.738928964,11527567.258993873
2023-11-03,10202865.471668372,10054145.193294805,12291314.476792391,10024281.548507558,9388104.076261269,11605392.811646692
2023-11-06,10302576.250045335,10225393.309372973,12732468.023352047,10134760.493750412,9494657.55274439,11705019.361478947
2023-11-07,10463882.691846933,10320158.26729758,13036598.858736541,10216876.45027056,9548270.254667027,11730040.241505269
2023-11-08,10511848.720782643,10284381.571391135,13010024.872203417,10224087.485108374,9578154.44004855,11769325.624361996
2023-11-09,10558722.080229642,10334100.096518539,12871838.288679618,10293856.673756195,9542232.490011074,11772714.234694304
2023-11-10,10416793.81867851,10248616.505095776,12785865.472679531,10271445.996263068,9354449.781631762,11728437.330393722
2023-11-13,10299142.718792256,10187823.613667365,13026504.970114447,10173319.583334379,9499375.738095747,11838546.075258078
2023-11-14,10393100.107540024,10339441.984076023,12926045.12558964,10190001.2488513,9518970.214396045,11892271.718742521
2023-11-15,10706350.048462782,10587698.630454075,13062654.709978875,10252604.619253881,9653723.903129645,12042066.574241495
2023-11-16,10743298.904075973,10715026.479351116,13401575.13284018,10355518.360919897,9720258.298674362,12071875.096666785
2023-11-17,10774472.057750685,10906682.923622353,13465587.451449353,10384814.573454928,9721603.15842154,12098428.584685728
2023-11-20,10859077.077229314,11067620.480660476,13293433.054939274,10546862.848282332,9796576.42323661,12099497.192093426
2023-11-21,10930404.089279206,11140586.58609473,13233401.598841544,10553684.686296444,9792478.687025648,12244483.31425775
2023-11-22,10999958.513933862,11224944.80850194,13361581.54475322,10545644.072609555,9800211.517731043,12169652.674471248
2023-11-23,11023273.924139624,11249415.772547789,13222068.14617876,10574198.919101361,9780509.073431121,12158608.054487728
2023-11-24,11168731.739791287,11383045.55551529,13268916.728261879,10656777.995976072,9783560.781178249,12153595.442108192
2023-11-27,11156129.568436602,11239684.58533032,13087819.571931351,10677986.458561104,9722052.38726577,12048140.76371684
2023-11-28,11250696.923574293,11473003.160391033,13548830.950691516,10737273.367371887,9858452.520183142,12191439.6110269
2023-11-29,11392311.868846133,11510314.830040466,13591344.064370003,10771664.991141215,9890535.189364018,12212045.455184573
2023-11-30,11366769.109992042,11516098.716116669,13447096.202456955,10768330.9086002,9859754.855636472,12256540.299153829
2023-12-01,11584078.119689042,11695519.9007944,13423613.986812185,10911827.174843293,9866053.526450356,12259703.939505571
2023-12-04,11437352.36633712,11627625.260345336,13268916.364655739,10958781.385225307,9886745.833792916,12247843.803342488
2023-12-05,11549167.56939594,11734592.039727792,13244656.711089674,10986059.710543312,9797121.939705081,12182131.478080893
2023-12-06,11764869.20840304,11866060.25004462,13514397.571621181,10981323.154204506,10035597.650816662,12205127.6282821
2023-12-07,11456470.144912537,11485261.711728152,13303397.780502528,10917996.38175882,9804197.933928696,12147493.131385278
2023-12-08,11755463.266445275,11691011.739095204,13345579.86956965,11129685.717882017,9897789.591664556,12221487.164056541
2023-12-11,11969497.581517283,11777480.606233815,13259469.356147652,11135498.519138424,9988728.126434674,12245636.28540816
2023-12-12,11963378.5546371,11694362.18176359,13398464.73409681,11021276.029760811,9887086.170481935,12268337.162509872
2023-12-13,11814244.152977347,11492542.374758758,13593212.050157316,10902243.643355872,9852202.756971566,12281202.633273618
2023-12-14,11818253.179446032,11483810.530422818,13495674.319095545,10886318.736737326,9850745.882890178,12410686.917714411
2023-12-15,11660816.01494622,11459066.555253975,13425357.94936306,10813721.473678809,9690364.872376055,12425281.845203776
2023-12-18,11716130.408719014,11399435.7678921,13330264.407484,10864773.934322465,9652662.207971096,12409927.644029994
2023-12-19,11750819.067698853,11373287.634215094,13380018.703844879,10874525.851250557,9643320.314568799,12356862.849863466
2023-12-20,11899595.274008088,11453305.787646048,13649393.34621012,11028541.830253888,9711829.862206275,12398095.629114488
2023-12-21,11902037.432365468,11419719.219243553,13759153.271250566,11000412.240227252,9702469.449171195,12333796.396543333
2023-12-22,12001428.01548414,11438902.03129941,13939173.637606028,10926701.675610263,9640349.872232266,12370979.716144124
2023-12-25,12035958.110523788,11340795.029296232,13973079.342472414,10852403.582053816,9462291.9128097,12376751.602208076
2023-12-26,12123581.914429253,11429515.21423951,14188520.097362492,10874967.040981457,9551724.898896813,12480019.85360078
2023-12-27,12035671.464502668,11387059.345755875,14136585.681552857,10872371.055266043,9613946.449763112,12578282.52292584
2023-12-28,12004102.89569464,11420924.61041464,13905921.849091977,10888700.480072862,9657289.320691098,12591548.721467474
2023-12-29,12059477.63269045,11427649.527069693,13901769.809800526,10895268.375728797,9641720.736973498,12605918.678976268
2024-01-02,12249454.64542205,11449024.221164398,13973460.301966049,10901292.499753367,9584525.261028273,12551750.125842575
2024-01-03,12134697.444238324,11355676.29408653,13924774.551920312,10821424.10934031,9566786.317719555,12344742.592160353
2024-01-04,12095426.02178739,11346578.495750638,13950678.305977538,10753656.49278259,9461554.71514975,12337951.31087195
2024-01-05,12167629.407250172,11364038.11058546,13884487.23217712,10806361.825500373,9494906.987352237,12316501.829287149
2024-01-08,12138447.990418095,11307034.41236398,13614555.819011956,10831555.640744166,9358864.652301025,12354128.058537185
2024-01-09,12160687.279617595,11281308.15473001,13325185.569373943,11023598.772843538,9278843.822721094,12327996.389231808
2024-01-10,12284687.704979168,11192987.63720795,13477011.05207226,10934141.062818117,9193651.487427197,12278882.63034901
2024-01-11,12336593.441083329,11344197.846554732,13512697.458438825,11003370.535960617,9244689.900150742,12334907.185822386
2024-01-12,12279038.983393846,11360029.841495002,13475272.471508343,10907181.360516677,9262960.059541134,12312065.702482818
2024-01-15,12435222.750539765,11445868.305788103,13726621.332398105,10922649.865046944,9400264.210157048,12335961.7326063
2024-01-16,12211937.369013343,11262565.107329654,13436205.733688742,10768899.393366657,9295800.023666497,12195390.646310626
2024-01-17,12181140.03982477,11137305.891540742,13464909.331675809,10649568.546076614,9153109.992957525,12065273.63379948
2024-01-18,12077394.38880783,11117739.009496178,13250542.919679254,10686947.807592241,9161090.260274503,12111673.692291673
2024-01-19,12164238.963858943,11221375.328480048,13173475.099313594,10785014.673103828,9183185.34949826,12430660.033801729
2024-01-22,12400531.660688065,11521128.523910956,13430824.734569538,10992831.872952802,9375537.021238938,12524570.940065175
2024-01-23,12540893.339219637,11599505.208489623,13492836.684234612,11069295.301112391,9308945.394468818,12566394.265515186
2024-01-24,12592125.243525352,11638325.819326317,13472141.293148119,11124258.684709549,9318210.536975024,12567266.024189891
2024-01-25,12596773.160032516,11656171.053682335,13424369.695908729,11161230.138098441,9235145.221175667,12656403.348678155
2024-01-26,12466753.581362244,11672918.065954244,13374173.712110065,11166780.03900883,9270117.916387118,12651067.34195155
2024-01-29,12743087.199613549,11719533.408927225,13450511.206668545,11254912.22264963,9254401.70391943,12738665.028135305
2024-01-30,12955198.460105235,11915027.128026983,13512682.747202702,11436226.216198253,9312556.018484186,12678907.377046874
2024-01-31,13334175.401229437,12038917.861127088,13740388.621994462,11556869.351909937,9254783.88395064,12576918.642418649
2024-02-01,13907180.250870274,12486525.632432576,14335441.318547875,11611065.353606317,9428349.36787542,12632141.742336255
2024-02-02,14129754.468977297,12441584.897903262,14689112.36514099,11562167.35778701,9513394.92204936,12696694.066135546
2024-02-05,13902058.259759514,12509528.024582496,14375073.824621724,11673874.082163092,9406994.252499111,12722101.613315968
2024-02-15,13937285.340920493,12748695.09039053,14206556.772587808,11987265.224354375,9543444.759356989,13107714.22063368
2024-02-16,14248417.573563179,12888951.798910052,14436020.10339305,12120846.80166953,9761068.28414612,13081477.09664991
2024-02-19,14075926.106294205,13148458.235404799,14137761.125468627,12317997.552412376,9776340.765242796,13101548.637103733
2024-02-20,14044908.647072673,13237858.883922508,13926170.68787118,12484205.32483685,9650536.541102974,13184056.377477126
2024-02-21,13606290.403460005,12958112.713579055,13630862.129356857,12279929.832895476,9702549.359339198,13130028.43058129
2024-02-22,13862204.69067304,13049583.324531673,13871756.88392632,12251629.444835398,9758623.667620054,13254092.34455277
2024-02-23,13583865.734599639,12954451.241007982,13964424.745013706,11967204.929581326,9727060.20158213,13279689.710154299
2024-02-26,13886575.680330962,13104162.698841894,14305236.282546986,11990312.370588038,9743400.93007078,13321070.125955066
2024-02-27,14013542.756907392,13280516.63995647,14115847.473735943,12251293.116068725,9661579.488609673,13255238.285391293
2024-02-29,14443294.862170765,13609363.635811698,14357686.935780708,12372501.437195988,9656798.142841453,13334230.86981831
2024-03-01,14225835.961312557,13611936.340092635,14324510.5956806,12259752.432407074,9739463.183652595,13312549.387941046
2024-03-04,14471025.220683232,13930042.983897788,14716619.267086709,12313928.058173083,9706558.981850151,13572235.048635697
2024-03-05,14934357.17859251,14462266.38770541,15040720.383675322,12472015.371114729,10017940.001039539,13629609.423992483
2024-03-06,15140500.665076278,14642712.671325812,15217109.79334471,12405908.365510128,10178106.456805566,13708721.523721676
2024-03-07,14471101.66955026,13968815.741133366,14667793.406832073,12101614.245687677,10005166.095668787,13845158.786624407
2024-03-08,13913712.620028045,13361152.548866972,14325275.32236541,11881272.628880452,9778893.201725436,13909697.049799912
2024-03-11,13926224.918264313,13230267.475674246,14230804.463974796,11779831.387313921,9963740.998166583,13868049.482147219
2024-03-12,14107076.961411182,13328995.751188662,13803752.308599956,12401253.20171845,10231065.846677944,14000549.77039001
2024-03-13,14060777.728605997,13200457.7540257,14053402.366352394,12267995.524563909,10269446.113130294,14010364.085792296
2024-03-14,13966535.396750571,13072701.864435626,14224894.403948594,12162568.632298995,10208020.95966484,14016979.609283378
2024-03-15,13705630.816609252,12829016.248113774,14150801.655392874,11987524.657368485,10057926.487290775,13837411.382918583
2024-03-18,13700368.43102056,12950661.359068014,14553132.621913692,12042470.663192693,10151672.577516071,13976154.588122139
2024-03-19,13738538.89900348,13041127.379617216,14763826.7655508,12037160.590233766,10208740.385105256,13960230.931685043
2024-03-20,13585260.225322563,12960469.981318977,14555858.183822874,12029670.745734628,10087899.131044144,13909085.412665235
2024-03-21,13690455.587125648,13073708.224235676,14717720.982768811,12076621.544444986,10225788.921713367,14200590.264986502
2024-03-22,13750179.86796801,13214358.932929622,14798767.993453026,12099908.830495618,10285056.803582335,14221217.200079853
2024-03-25,13831420.192721853,13348524.77799537,14828840.778735256,12188745.71578116,10411046.383899406,14195781.531651858
2024-03-26,13869460.890954634,13388120.767883558,14788804.371553427,11935539.888869828,10333345.770714216,14149550.200645091
2024-03-27,13988010.044302087,13629269.848235458,15013811.001702754,11815164.2848452,10434420.395509692,14201314.38711146
2024-03-28,14024561.593374414,13737110.333773237,15193488.46360896,11840957.615018059,10460391.585489746,14163653.006301962
2024-03-29,13974656.49993449,13801428.890845263,15319417.036663653,11820622.561589245,10309094.539354736,14267631.319195835
2024-04-01,14156734.650350953,13840090.309966369,15393140.286144754,11945257.341472667,10350463.458111933,14216928.709825274
2024-04-02,14128403.068975788,13814846.567822829,15423496.0315522,12131374.006621666,10240595.698304709,14388637.047493966
2024-04-03,14088556.275432717,13838898.983601134,15393370.25428715,12164645.237791792,10186833.631502286,14297967.115013078
2024-04-08,14669642.224977719,14329486.753814163,15603533.449954014,12386262.32282149,10479338.55425314,14354279.91327406
2024-04-09,15131189.814913891,14509425.754631592,15913559.186536506,12363398.884033957,10619809.80897892,14620377.218414906
2024-04-10,15204796.190004861,14477454.347430125,15702743.195322031,12465594.193993779,10529564.48094841,14597409.18946127
2024-04-11,14959826.040946297,14328651.494848382,15642307.196682842,12261595.357257769,10473588.551046986,14590160.93789984
2024-04-12,15464947.86778202,14761720.84201353,16040734.633928,12426882.32776855,10869681.074614437,14578455.4685984
2024-04-15,15501242.639882823,14881216.24352833,16075092.827287976,12138979.22187379,11027099.977384957,14376826.123514134
2024-04-16,15191151.20568665,14668932.580082566,15790244.400512427,11742062.916450638,10787372.476397155,13991698.607717022
2024-04-17,15936260.199423347,15372462.6328055,16520013.073857393,12060631.062200425,11268139.479525413,14210601.429121792
2024-04-18,16464371.93118372,15924628.039348003,17011809.52833689,12048165.352764254,11713453.329434218,14272376.779723443
2024-04-19,16288209.346704787,15697058.570527636,16503253.28226027,11623661.967206746,11759103.74552123,13728174.396728924
2024-04-22,15501363.939312551,14799207.283687938,15708237.22171886,11371383.76458803,11138158.3158076,13646693.08189187
2024-04-23,15485748.458928123,14740658.03022066,15881287.410600554,11502002.581323175,11054286.6729833,13778905.127347054
2024-04-24,15668779.39789326,14538935.583196584,15660575.725871004,11636646.125610309,11180184.749939209,14153241.114388784
2024-04-25,15412757.692318615,14343215.893845519,15731092.907222811,11560305.141761085,11036953.328473741,13960385.598546678
2024-04-26,15880838.347041078,14733557.23881886,15880985.013908565,11727843.292454885,11299259.19317336,14145346.074133217
2024-04-29,15953824.82705554,14800830.903995708,16105944.090754148,11845743.750741791,11203016.106420688,14408989.800423488
2024-04-30,15760139.080430748,14802480.148359848,16243365.269552484,11705312.705476798,11132617.374587724,14339445.955180341
2024-05-02,15768950.302077949,14818806.20031929,16455119.605430253,11907557.952414602,11064786.035870008,14217006.043256091
2024-05-03,15535882.51963332,14610796.386530373,16220492.931896359,11920729.00762843,10762999.077650025,14292849.047955152
2024-05-06,15782754.181096215,14688900.104854114,16678772.471836735,12024825.864860803,10726141.417825406,14428527.037173465
2024-05-07,16054237.371168336,15028535.866238838,16691849.99352827,11935424.345998073,10895327.552102052,14520075.758640949
2024-05-08,15938712.098188097,14802181.789438663,16551469.868859835,11832138.97373679,10870230.523448601,14553104.163913118
2024-05-09,15636629.467786457,14408540.06542757,16273713.114650974,11643015.481005918,10687239.891698364,14454862.585523734
2024-05-10,15633465.781118782,14376097.998204907,16305632.194846027,11693212.129667714,10711378.635879556,14558960.413719784
2024-05-13,15555701.417171296,14314427.315501064,16583053.60124102,11752390.740316452,10645173.223892853,14663620.666867254
2024-05-14,15528216.048947075,14377875.432558523,16248246.446647942,11602295.116166476,10737598.461308874,14753707.083461039
2024-05-15,15723610.320556385,14526142.904701306,16226558.340372141,11607634.998146169,10846851.161371365,14867148.196162561
2024-05-16,15941634.474050108,14635452.226414822,16664766.446226131,11657811.73401916,10918034.354461182,14977559.244438304
2024-05-17,15991826.951076789,15082689.081757786,16576227.186187,11967982.860823523,11115658.768717451,14945367.446281372
2024-05-20,15932540.723218516,15286134.143478889,16416994.953214837,12103752.488418538,11261944.48067873,14954619.33673224
2024-05-21,15888702.741738314,15159700.659260431,16836267.903646197,12088027.477835964,11279181.53332718,14930097.6088503
2024-05-22,16112660.710574456,15339384.506620541,17233807.695233792,12317545.300255382,11254551.398668755,15151608.675967285
2024-05-23,15562465.945605973,14814736.89730912,17105993.87683372,11967588.528858528,10956332.615316292,15190697.210091015
2024-05-24,15723193.99313854,14963275.95832124,17205505.487983804,12022202.197030218,11005117.164589008,15161106.627334403
2024-05-27,16059085.085882142,15167979.051291954,17124971.681300323,12240062.169911109,11178352.610359143,15328730.353793405
2024-05-28,16141613.08761296,15432547.012362324,17446677.978067786,12383586.293270152,11246406.859178662,15367143.977975426
2024-05-29,16157544.130568698,15517250.567375313,17495656.43156949,12466609.330123438,11374682.627118023,15229413.137684429
2024-05-30,15936209.386037957,15113408.82617421,17245917.157069962,12253017.171833143,11065651.708513226,15019895.782656489
2024-05-31,16329224.67402947,15194884.13736394,17041528.20843138,12523920.57683251,11198012.314930692,14886137.068584898
2024-06-03,16427078.916225072,15216492.96762216,17328909.70850536,12691590.450908734,11169170.448237156,15141013.995944908
2024-06-04,16549193.502288941,15226869.013157215,17006319.089530922,12624716.885474019,11186142.910533005,15014369.957508786
2024-06-05,16688705.554962402,15211410.001376363,16777146.78673724,12569668.693911055,11099686.840198558,15104540.737845283
2024-06-06,16465887.44689318,15296671.064159594,16908108.20778062,12462520.752823526,11076445.247335266,15398281.229348447
2024-06-07,16772810.81651924,15641396.260932257,17364614.049943756,12532739.933920642,11462056.455071492,15367122.887039749
2024-06-11,16695116.501111086,15599455.613558732,17241562.151277285,12298962.204088658,11416776.824991709,15320540.040438345
2024-06-12,16884651.421710487,15559090.92558512,17831381.176485047,12534537.359979637,11395032.027443435,15501106.571091909
2024-06-13,16902673.38366298,15574396.54122736,18654653.279247805,12487077.19309255,11435881.374683205,15686060.016366556
2024-06-14,17446123.312619947,15910399.133251516,19114724.500809096,12567832.068910949,11738742.922641512,15821520.065916192
2024-06-17,17156113.19484963,15647514.014803953,18786483.89444492,12536104.76799298,11652531.316403668,15815762.240476025
2024-06-18,17244006.072914563,15671240.023488514,18620251.054536555,12529957.874312399,11657096.99405464,15999183.077758051
2024-06-19,17188402.936247487,15591970.329186438,18222623.092935663,12484937.29290914,11604095.63918749,16317030.508741483
2024-06-20,17199010.93005809,15660374.829669682,18272073.028202057,12550001.863174241,11646388.681195319,16455218.31930551
2024-06-21,17135268.264894526,15700744.668633789,18089064.192722145,12629558.209147172,11583570.015694493,16347858.426391218
2024-06-24,17102789.557494234,15613072.68053669,17861559.943053983,12545246.801399428,11484304.579948049,16038742.642778596
2024-06-25,17131460.20855099,15666971.007524623,18016670.021266967,12593241.547236452,11639194.866863756,16082520.394934792
2024-06-26,17025512.51300966,15559961.273068884,18108397.340855032,12563605.868381167,11611648.516641494,16160360.008211397
2024-06-27,16926556.150688086,15358567.002616346,18153575.12636456,12469060.454669284,11528638.019859536,16103618.360924955
2024-06-28,17045365.24478181,15456444.584102107,18156045.547814954,12614651.801264677,11554151.211732054,16192390.109194793
2024-07-01,17280182.29313154,15552587.850637993,17835225.169187278,12747193.48682803,11630893.510378871,16210893.890096525
2024-07-02,17260086.82053158,15631596.02465909,17643434.623169616,12720362.407898046,11558111.189299589,16084910.700978326
2024-07-03,17419772.607370906,15612820.186048612,17761331.090188466,12860721.79936169,11587356.583463764,16290941.021307455
2024-07-04,18013639.347945925,15816629.518326206,18026527.287332963,13137351.941207135,11796243.469340561,16537072.240672871
2024-07-05,18185988.03772169,15931548.919208497,18366234.927795447,13392691.733330566,11894858.767982984,16561017.482979603
2024-07-08,17859328.42699933,15904910.644618394,18558592.102834225,13249812.925094077,11860828.363100315,16787084.192203093
2024-07-09,17999425.910332862,16039065.960479127,18826706.453183636,13230787.041259998,12093050.983549852,16802501.666183908
2024-07-10,18496110.486856513,16103059.032762017,18932130.457408156,13639454.694804847,12053100.096378043,16877726.003436405
2024-07-11,18232576.60800476,16021297.820322458,18919062.130181808,13541997.79101747,11786986.399869535,17146951.79736953
2024-07-12,18150131.884382494,16014683.646065764,18350851.203895994,13402139.027746378,11638380.185339296,16814347.741723206
2024-07-15,18519109.353991486,15978447.185088301,18187871.03748001,13527053.550143274,11619466.971942093,16787934.859942116
2024-07-16,18583283.153755803,16102304.940911286,17669087.05821152,13569213.896934198,11503696.90604233,16870815.206845827
2024-07-17,18731800.981050786,16357003.587874772,17716917.83704535,13680579.39242517,11550582.561425198,16710924.823468862
2024-07-18,18484915.513632342,16180671.526707105,17542857.6025588,13492285.722718226,11441845.8120482,16449854.191331344
2024-07-19,18135139.49043236,15750130.998488376,17214053.422618836,13283977.913428435,11225175.331454989,16077803.05565476
2024-07-22,17573905.538292468,15129631.131288579,17000712.28333537,12945381.773106903,10886012.859331766,15647358.149396935
2024-07-23,17669732.5842033,15196557.10564247,16837947.74367491,13174913.553360105,10959800.145491302,16079616.87612309
2024-07-26,17487965.087575737,15118948.11137476,17162958.767517027,13220569.654995736,10859601.18427563,15550494.51213853
2024-07-29,17207032.285568185,14963247.36545331,16821547.05532586,13029325.663525667,10854108.096088264,15582327.76438893
2024-07-30,17378460.949123997,15096867.842739785,17282443.516771853,13108834.396000799,10872854.36970416,15623862.847051337
2024-07-31,17364387.088805016,15150385.017278876,17448800.303366367,13057932.208804265,10801075.457922423,15606835.43164708
2024-08-01,18143846.86083533,15669314.681663211,18068011.49838579,13523601.912812691,11180494.309733087,15918102.490698889
2024-08-02,17262337.424632713,14952923.522332765,17435832.646753825,12986765.697862279,10696139.120055579,15212252.146354219
2024-08-05,15937374.165348312,13828290.404264016,16376408.738036914,12157420.444302276,9942504.98736403,13941727.150783317
2024-08-06,15662862.119225524,13774087.597662028,15918044.12872002,12168597.65976989,9676652.167484269,14412856.471964518
2024-08-07,16588435.203414474,14574743.041787075,16031532.503049174,12835566.805392876,10133224.139466502,14971246.024358617
2024-08-08,16245598.76137836,14339788.375115596,15876429.01981395,12675142.522796163,9930298.10994734,14672331.223302385
2024-08-09,16849408.098704845,14780928.362124136,15847388.911804587,12716167.4769847,10210157.639860723,15093376.602559589
2024-08-12,17188941.828910127,14840593.505030986,15973214.832759675,12867834.646074332,10404949.127935203,15307280.872208608
2024-08-13,17296676.026863657,14917300.09898007,15900860.154630167,12968557.366370983,10474306.871949667,15323668.529230623
2024-08-14,17501703.660182483,15089137.979205556,15876417.738003163,12997077.537239604,10509388.719813755,15485843.763972737
2024-08-15,17717682.707549945,15250212.496430676,16054783.166789504,13003231.690272592,10494226.69312201,15392987.404493205
2024-08-16,18157633.338102292,15797207.673724372,16075944.934093738,13356378.824799472,10568277.232184375,15712276.049414648
2024-08-19,18190879.10450386,15894108.191292593,16123463.283875775,13457663.712255467,10585900.15511025,15754668.830127971
2024-08-20,17911566.640062757,16161239.123888182,16064642.505419195,13270190.305894658,10480342.296084175,15768356.84738317
2024-08-21,17558706.759588707,16211777.789975848,16328264.031341065,13139286.85031134,10405312.98881085,15633930.25368177
2024-08-22,17349720.075138565,16058195.685052065,16286486.772208698,12975110.437263945,10262054.662034081,15571318.295964878
2024-08-23,17242887.987067163,16027198.387369774,16429608.905422345,12939302.643674014,10203915.749102743,15577800.243530001
2024-08-26,17117991.757797785,15986729.723863784,16521137.196711965,12870743.592161315,10198651.057774689,15635498.01323386
2024-08-27,17454266.61595904,16193805.917820087,16572248.227108013,13170075.107363168,10341197.09201829,15596746.934080983
2024-08-28,17534237.760345418,16283185.050845481,16434707.3923513,13229104.931192512,10334629.49247369,15727271.704681905
2024-08-29,17541551.555830408,16183890.297089979,16416354.933261625,13311475.719867239,10325103.356617307,15608593.009620275
2024-08-30,17876391.501474183,16201698.5154366,16334849.3320387,13385064.888447879,10365273.08878906,15655161.795597898
2024-09-02,17921363.210270137,16152289.535958767,16305802.560391717,13356717.25056661,10343030.50197422,15631968.796663696
2024-09-03,17942612.65827668,15970145.978380393,16177363.234091211,13410431.300203774,10236506.247404695,15531512.670028094
2024-09-04,17436912.382982414,15553782.527508153,15616293.44322064,13032163.085698567,9866601.467631418,14828861.11759462
2024-09-05,17714243.43747972,15566802.582674757,15599902.522695642,13215736.457520502,9841237.235535573,14895620.95932824
2024-09-06,17641821.013397507,15411472.607711866,15555287.949042844,13119292.17058696,9799321.700836994,15069607.118050186
2024-09-09,17412302.084876265,15146763.021706432,15419865.884387594,13148283.396640852,9684116.456920931,14865200.79976828
2024-09-10,16778243.273848303,14770399.903787032,15385514.862390915,12889817.389973368,9537138.883345673,14808705.213398086
2024-09-11,16699831.845652152,14588994.537691858,15502400.544865616,12766616.436547674,9395234.03512651,14785448.941656843
2024-09-12,16836190.473059643,14772816.79709615,15462286.53787465,12918705.110687861,9506329.500689777,15222910.099183638
2024-09-13,16977531.833157588,14874422.454393875,15513548.59910376,13034503.631868053,9578414.197887119,15297712.617722573
2024-09-16,17165319.342429757,15187703.57245655,15461276.689383859,13149870.239259623,9640429.477841377,15361287.728168773
2024-09-18,17102828.23363255,15154606.128949033,15367347.009300373,13131357.965360897,9660109.966124464,15240900.667317202
2024-09-19,17494995.269969936,15440922.2891281,15403143.0337717,13421635.020557737,9722365.212289002,15496698.565535158
2024-09-20,16870018.28854136,14984950.461846841,15503874.580749616,13036192.392147915,9540085.407683097,15578763.396259308
2024-09-23,16576516.570773719,15152376.108533327,15562301.108463198,12909214.349385772,9506158.101066282,15667422.659538863
2024-09-24,16722579.939557735,15299227.96321371,15511249.2921556,13081736.718586307,9459769.052141951,15770240.970970431
2024-09-25,16855613.1203772,15432655.008231847,15538371.542133389,13182004.839371815,9569958.784327663,16002114.71781734
2024-09-26,16671951.684154449,15225542.95527126,15412280.754891384,12948242.578852724,9517568.788605785,16070456.379726825
2024-09-27,16897449.973704632,15554816.188144721,15336212.325957756,13098524.599957636,9585286.00433787,16045133.196289117
2024-09-30,16628012.872559747,15418741.196661767,15331200.306973943,12840840.686928373,9503098.649444122,15624544.78730494
2024-10-01,16509202.599461742,15334128.81800644,15162981.001892231,12821037.573723499,9411641.460412946,15741142.510046309
2024-10-04,16199233.197600456,15187198.268301157,14995576.770122414,12723392.164815469,9319230.502488326,15679500.735370615
2024-10-07,16298101.29235254,15391086.970396843,15093769.946498185,12888680.447819475,9412394.86713628,15960607.756402494
2024-10-08,16133666.427707195,14873514.241570825,15025918.04057246,12816763.321647806,9262031.198806792,15896512.402876228
2024-10-09,15988015.874696074,14787671.336161096,14911674.394656582,12709000.816364631,9172017.62058348,15930039.96029279
2024-10-11,15712168.60388772,14486688.2033145,14845979.752725312,12721044.604111817,9132067.421227911,16100567.205563497
2024-10-14,15656007.573999347,14637913.956805153,15095478.18122793,12703006.715507602,9398845.014573283,16152345.452653654
2024-10-15,15706011.328444561,14618617.898725187,14892362.728391116,12752096.651460636,9251928.050305583,16375030.581856726
2024-10-16,15924641.480075767,14701679.275974901,15043229.121107731,12963224.37620852,9425914.499284565,16177436.635798903
2024-10-17,16106536.205112424,14904756.640231062,15006842.981295293,13074583.290261623,9405747.179698598,16207568.552571261
2024-10-18,15870481.740014115,14725268.40274603,14944220.973306827,13047623.403409857,9198731.106946345,16512283.360939017
2024-10-21,15882817.459768401,14759141.510779992,14761507.683424443,13111874.79407753,9081005.317264449,16551132.864458391
2024-10-22,15923226.024503632,14639151.088786526,14887075.514248563,13255437.08994097,9130019.209588151,16546141.34301453
2024-10-23,15922331.13463056,14798233.94283006,14867734.416754384,13340011.114657043,9084343.352901516,16405064.074262584
2024-10-24,15847027.311436273,14763166.342526682,14607504.967468113,13216597.618848762,9094881.180747315,16305064.917900005
2024-10-25,15835294.868359897,14778693.639492381,14616493.368911654,13181749.417371362,9098333.315299336,16414688.571243761
2024-10-28,15890798.881363684,14861993.982183404,14428548.016052037,13185443.471922256,9015802.880488604,16308966.741000483
2024-10-29,15725620.276737202,14651606.587414656,14211124.605288405,13069013.935781196,8915238.638155026,16118107.833735924
2024-10-30,15756808.90535425,14674071.454335203,14325420.643073764,13083211.183548398,8850241.379724968,16043474.042682417
2024-11-01,15932768.18942178,14786879.380286211,14301304.200709589,13200822.41816795,8915976.896658674,16015106.734195143
2024-11-04,15860164.429675652,14848202.841058327,14280266.317325624,13221137.079050027,8885864.273947759,16145385.443879822
2024-11-05,15922249.288757393,14961582.427934865,14295053.849916935,13214387.568319783,8899429.117331354,16244794.054043408
2024-11-06,15737124.724035876,14717787.75017288,14223419.641760942,13109257.752433624,8889118.445193164,16322542.273265403
2024-11-07,15670849.064367665,14728154.111491276,14138788.337894263,12993270.683177734,8964827.421963595,16457130.564140338
2024-11-08,15772080.299656712,14696042.370208802,13944887.354194177,13036021.921221418,8943671.121840797,16559119.298768561
2024-11-11,15796424.923373096,14723551.405891202,13944887.354194177,12938550.496852936,8978771.051764436,16542070.792428628
2024-11-12,15508864.84862344,14548610.586703822,13944887.354194177,12745885.440135987,8892487.46665411,16156901.09476016
2024-11-13,15358000.138465218,14483460.165550778,13875489.007856945,12681829.772564547,8863361.205294952,16071454.684015594
2024-11-14,15174199.624963835,14257430.105240658,13848071.962322928,12552097.15611588,8783899.34206356,15969620.616249014
2024-11-15,15243282.615577037,14341619.167059423,13835861.359454349,12629691.612296892,8811478.49653774,15988876.640523275
2024-11-18,14916629.47901212,14088539.369564433,13763762.818729084,12377733.630642736,8674326.590540668,15850920.83025171
2024-11-19,15133537.110611986,14212078.648891466,13789967.775105605,12540070.060482744,8687916.096065147,16063419.037522174
2024-11-20,15188490.48493031,14159706.266528193,13838945.227395754,12549960.69236809,8697036.062071446,15950624.713514788
2024-11-21,15202886.584055172,14258152.145083327,13891942.862149354,12526013.937059214,8748523.426554285,15857332.474697903
2024-11-22,15309185.555996025,14254626.136968033,14242610.178905342,12565172.315866297,8842936.977930773,16102451.32915076
2024-11-25,15283529.697175628,14276256.74424727,14575026.744260408,12572402.471720092,8988459.38334841,16133419.853038356
2024-11-26,15267489.61943694,14157020.29576223,14496316.70578603,12481578.77847481,9013595.115713736,15943875.614097739
2024-11-27,14780777.219410488,13745520.57366208,14178754.143608024,12190254.627776507,8882551.87732303,15702046.94561069
2024-11-28,14691205.417722823,13594908.938658828,13858360.40229382,11900973.99542113,8679940.98259882,15676822.186539477
2024-11-29,14945865.518557558,13781931.410449056,13905341.732322177,12131521.639876934,8689055.237901563,15651231.85124984
2024-12-02,15178092.127380922,13908643.497192468,13949599.407691853,12230431.780422969,8758883.794296378,15984770.938377902
2024-12-03,15392692.180677444,14066961.94037641,14261100.09102987,12475272.94270336,8776461.590203147,16189022.589798164
2024-12-04,15508352.855504954,14222811.809153551,14447853.621429289,12562617.850533951,8821131.700986136,16349222.30689841
2024-12-05,15541410.680690154,14280326.99128981,14425611.591937263,12598294.930276832,8877212.31446443,16358087.530195178
2024-12-06,15618773.736093933,14365498.428993542,14457200.92916912,12628426.395933485,8978147.793431979,16305592.191291964
2024-12-09,15672815.884871962,14435107.700893749,14408404.960015848,12669487.458114173,8958312.087038338,16361820.625810232
2024-12-10,15582450.569283867,14368390.922707565,14304460.498798335,12566990.566413928,8924390.173535533,16257652.494495256
2024-12-11,15794312.530996358,14525244.833957918,14157309.633532926,12747035.079567505,9054772.804094484,16101966.237630155
2024-12-12,15581785.569764193,14226977.252625868,14142714.446152125,12618627.153565608,8872727.992774645,16202619.212998757
2024-12-13,15331254.317510782,14073888.372010943,14021429.120456923,12483570.510616092,8777378.207508683,16184115.43209702
2024-12-16,15206180.21275512,13864919.454834795,13583628.638209127,12399289.110558646,8726578.360222006,16197768.297792753
2024-12-17,15255487.569521219,13874710.13290518,13774818.559230316,12311955.785180831,8746735.86573113,16182378.945059508
2024-12-18,15522918.604753649,14142100.286541326,13937744.329933248,12570712.965368152,8788479.161933038,16288297.624035783
2024-12-19,15556154.782576691,14137352.172207568,13967888.027334573,12524211.047704782,8867021.002026599,16122086.990267226
2024-12-20,15339008.073148023,13930804.428147424,13843991.687819315,12393858.172855727,8870294.244130079,15825407.82839289
2024-12-23,15646046.317071408,14107039.280272711,14063485.752111405,12614434.890557667,8968045.755972771,16243212.233867532
2024-12-24,15784298.839412075,14180904.825111745,14055634.095011335,12729473.316307057,9068369.511010025,16254249.823539162
2024-12-25,15988632.801929284,14284755.565789964,14113135.49400056,12871429.691747429,9192705.044554869,16324475.609035911
2024-12-26,15681716.357869131,14093222.3674788,13873553.440330487,12711352.981550563,9074812.618963618,16343323.875220392
2024-12-27,15655299.740910266,14101635.381173212,13991931.717117893,12664946.467587244,9011965.2887251,16363528.99160018
2024-12-30,15643866.548933301,14131905.516874008,13949003.074484013,12565248.076071814,9046322.718745425,16303433.885540895
2024-12-31,15967698.094697442,14395478.066817146,14133972.230384398,12828774.446317427,9201750.744527474,16194393.748084238
2025-01-02,15650757.266189724,14206366.578377767,13732118.816732876,12567706.500035906,9081204.120950343,16051650.295413705
2025-01-03,15434865.587716732,13922182.92623501,13683827.560375031,12580413.199737774,9087675.159705894,16105249.393284082
2025-01-06,15562308.663067516,14052543.255971448,13768756.901502296,12540061.800810132,9220025.591211503,16554774.566018844
2025-01-07,15403546.63852234,13863052.41877402,13699759.788967332,12488984.393999392,9185169.659010462,16627580.475980235
2025-01-08,15271018.435628895,13784753.018651495,13694780.051930053,12376793.060675658,9134601.616152816,16456083.047668327
2025-01-09,14768625.085468668,13390849.424200589,13442233.568007063,12040047.654213673,8900279.48291225,16226754.2737266
2025-01-10,14719204.085302275,13294955.580648493,13423339.004518101,12096765.486313973,8771361.300559657,16178055.303245474
2025-01-13,14386915.032756109,13003416.819183137,13011396.186176047,11997666.246461531,8534813.068484146,15809997.38472398
2025-01-14,14819154.599156752,13399188.917908106,12962613.554827895,12321507.05928734,8605995.761044737,16027367.598136127
2025-01-15,14709730.320346981,13359448.23720371,12988459.828924231,12179155.511182282,8585814.325964294,15828444.923130572
2025-01-16,14901473.366530618,13535420.371189862,13104735.43252959,12489625.890960928,8675907.834369367,16187363.436191484
2025-01-17,14747085.179571416,13430505.246761546,12972054.512522066,12419172.892689914,8553611.54709646,16273822.211848605
2025-01-20,14881026.486736078,13564637.209785925,13004985.071179524,12645668.309674757,8594563.149647024,16357300.135263199
2025-01-21,14711552.968055848,13488669.273752803,13048861.0578949,12558674.710264254,8594860.862451991,16380633.740435261
2025-01-22,14721898.95600737,13532884.274586676,13208740.867488816,12522589.092190368,8728369.214970903,16539096.970498
2025-02-03,14291262.346718468,13071572.746398935,12865296.11818491,12226688.232242102,8453093.572654605,15955088.96156669
2025-02-04,14276200.478224598,13055750.541736165,12668069.839598563,12197318.108778365,8334900.003711458,16024864.807102298
2025-02-05,14426261.739403456,13265296.452582538,12821744.016531318,12381809.403633574,8436834.323215581,16283313.132903824
2025-02-06,14289866.058372986,13152068.761494212,12854110.283664025,12292106.141831547,8435065.426331196,16392297.027865337
2025-02-07,14626281.267405223,13356441.36816672,12806510.845504012,12539748.394999722,8504662.19424931,16505956.080235537
2025-02-10,14487234.871154064,13264385.128770843,12818058.35447412,12366893.030668706,8487503.579624146,16346979.63740463
2025-02-11,14505774.864376906,13294314.307015156,12840794.351275567,12559675.627745686,8499870.755036801,16439716.481581982
2025-02-12,14586447.101944692,13534614.264563581,13031022.48154971,12672417.011451634,8680111.717415437,16373420.640433287
2025-02-13,14531686.109994406,13536533.902309632,13070155.46558939,12560377.941025797,8634265.164874027,16450515.040649258
2025-02-14,14240717.120585172,13428884.382162329,13047602.042861767,12431798.560387382,8563630.655974638,16277006.94313602
2025-02-17,14632795.94152938,13595743.75867724,13012114.481793225,12944852.138604008,8590396.184198052,16524980.104217337
2025-02-18,14702195.020358162,13650604.538758343,13062920.771423966,13035611.467160884,8619580.845458537,16638013.458829079
2025-02-19,14827314.169007638,13758325.328948816,12998023.819532365,13191401.243395124,8529184.62765984,16594404.434158312
2025-02-20,14615950.055235974,13576935.36585292,12994955.52618108,12958219.087346172,8507225.955394011,16512416.936864981
2025-02-21,14760550.047956908,13689315.700434271,13108269.305390503,12998574.063920053,8579394.46518503,16683105.879309226
2025-02-24,14589860.630951047,13704843.239442077,13249055.92012266,12916411.558543196,8646357.854593411,16567147.914950093
2025-02-25,14583791.228644367,13604826.805886429,13164557.399163917,12854388.861971537,8598669.869760208,16370587.424740506
2025-02-26,14521895.617492408,13565984.795713525,13194164.06352606,12858299.16043242,8620434.307726912,16452722.558583587
2025-02-27,14418375.142957171,13178494.97742783,12865055.014433868,12598515.650043221,8371195.086844458,16207104.55198634
2025-03-03,14099654.531729635,12887466.654124122,12801689.001370486,12137437.741947746,8298234.68130794,15998353.500954712
2025-03-04,14178290.272123821,12740659.68730826,12659781.515059736,12307421.82723297,8158404.457233891,15886311.42031985
2025-03-05,14186275.396457396,12806015.25011155,12809093.786408745,12237358.487072269,8172888.302019719,16079659.057994444
2025-03-06,14120659.097282756,12760785.95627994,12796141.42003183,12166863.21933773,8184577.512054779,15969655.767808476
2025-03-07,13981788.040565066,12663595.119908271,12754864.680133332,11953912.2863787,8182529.156744063,15871681.34127102
2025-03-10,13749096.580383431,12453093.168779219,12616715.288832787,11730160.91031284,8157517.218506393,15789482.934620906
2025-03-11,13313552.231809594,11966556.854533155,12478631.236830864,11322808.167246554,7953076.934241425,15516664.651310585
2025-03-12,13472864.869201735,12207787.271250485,12661855.720274676,11528800.207264224,8079391.669110928,15662381.925911754
2025-03-13,13338151.955083402,11913832.807355855,12464655.31773103,11427343.549750729,7975509.044044575,15439746.00889193
2025-03-14,13479102.385705402,12067896.173606686,12565002.882907044,11563102.544492422,8093236.374351613,15444224.317567617
2025-03-17,13534864.043340797,12078057.070939101,12621397.631816296,11598191.7317199,8108377.900244116,15550086.754048748
2025-03-18,13499038.595040234,12215611.81827961,12803123.349654792,11602202.513236899,8195779.86366018,15657678.647255497
2025-03-19,13514329.60667679,12284562.680507092,12896260.616006415,11457485.601010192,8238639.394780776,15439148.432381045
2025-03-20,13542008.985024007,12497197.463814868,13173825.86965253,11488978.124505172,8352324.6084095845,15731911.710531117
2025-03-21,13478169.49072793,12487769.382930264,13093014.507688737,11437107.055837225,8350138.762520663,15613689.985742519
2025-03-24,13429222.447878566,12393246.611357145,13000147.441631308,11301798.532882985,8189804.47657267,15541657.410089329
2025-03-25,13260486.014311008,12402800.832091965,13056763.330448316,11290560.163153268,8264359.912941249,15658747.254663192
2025-03-26,13234538.833229393,12353183.632299174,12901874.827968152,11327845.204521552,8220628.870905685,15649678.152321536
2025-03-27,13256294.307558531,12313850.973111276,12798278.43918504,11218023.467201952,8155321.268711591,15432771.93949431
2025-03-28,13259159.115246028,12228823.610396909,12757291.819407955,11132696.259692002,8232117.490975612,15187505.448491706
2025-03-31,13021932.705735518,11718132.880359221,12193022.245432843,10874051.60760076,7984217.440746225,14549863.190130554
2025-04-01,13061595.03157462,11896585.233294215,12405774.542136006,10927854.529892812,8020486.987563857,14960623.223088657
2025-04-02,13070793.24058845,11840428.26502095,12296499.395867143,10949472.594547901,7938338.960255617,14973312.936055081
2025-04-07,12834604.914850552,11051977.840746379,11523023.604054183,10567669.417145083,7750256.708846305,13520941.893066132
2025-04-08,12574318.441646975,10429807.891751913,10872111.339801103,10218885.821644092,7511449.612562673,12977920.602469595
2025-04-09,12666045.632718526,10423216.862464935,10872111.339801103,10114671.254311312,7666975.732666273,12226949.716397205
2025-04-10,12545675.088962615,10550047.839147259,10866906.873149276,10230759.185482653,7577656.544482881,13357613.687173607
2025-04-11,12520566.202663612,10543456.809860282,10866906.873149276,10224954.787706453,7524009.682141926,13729334.398191232
2025-04-14,12528884.953607243,10583002.985582147,10866906.873149276,10259781.174363656,7548962.508275671,13718310.869143391
2025-04-15,12565290.489611812,10635731.206051454,10866906.873149276,10306216.344396925,7489751.787709771,13960561.356344007
2025-04-16,12676873.35094788,10658592.861106025,10937405.461528845,10265585.572139855,7561427.895263102,13686611.192818956
2025-04-17,12679001.224818595,10640282.711182058,10918697.326638792,10265585.572139855,7555344.292822915,13595730.35098129
2025-04-18,12658289.533487156,10630115.855602857,10915004.917370612,10259781.174363656,7575876.9684905615,13635311.00693751
2025-04-21,12580020.739744227,10519516.230810832,10855786.245664753,10213345.992154052,7565949.54362421,13432254.508539014
2025-04-22,12417635.946964076,10386782.0945521,10760224.767781617,10178519.617673183,7476229.4800030105,13212367.44346926
2025-04-23,12524898.565416519,10515915.079760505,10798275.908960339,10259781.174363656,7526708.01297248,13806927.950551596
2025-04-24,12833606.282584786,10772344.154065765,10980317.141863082,10329433.935501726,7676869.443067595,13694210.959975025
2025-04-25,12987126.016750203,10938113.373861726,11103137.261109587,10370064.707758795,7759834.410188137,13971149.006054502
2025-04-28,13020669.15243188,11013534.735503037,11160232.647607666,10387477.901087396,7818249.652092619,14084815.088736596
2025-04-29,13171326.253682833,11157806.878777958,11166282.422051905,10509370.230034936,7873841.939370589,14224169.931074819
2025-04-30,12896155.635362506,10918197.773244329,11082617.142765291,10370064.707758795,7709049.13564193,14225857.20592908
2025-05-02,13000369.433653574,11020664.771415211,11160621.287331639,10393282.298863597,7769227.7589495815,14614359.271434715
2025-05-05,12873909.719058983,10900936.401593348,11085365.677161928,10352651.514430193,7779706.279976027,14435332.37908566
2025-05-06,12815347.269317672,10897881.690299679,11068695.458013915,10364260.309982594,7727952.344431428,14428020.854717193
2025-05-07,12728483.048243713,10805124.619150396,11000545.55626727,10341042.718877792,7723058.170327622,14444823.300140882
2025-05-08,12758713.457265902,10873531.558306912,11036944.519324511,10370064.707758795,7738166.093732061,14442650.933766017
2025-05-09,12843531.664033297,11037222.960821647,11169964.44981099,10399086.696639797,7752900.762688562,14703925.444948433
2025-05-12,12735071.107153362,11042328.858104268,11174227.573104128,10399086.696639797,7701194.275701655,14854725.635048069
2025-05-13,12746517.631557096,11029724.926014747,11147564.993178148,10410695.480015863,7670187.223651063,14995753.691616768
2025-05-14,12829894.220124338,11277755.588290803,11360169.30192298,10445521.866673065,7790451.640670723,15314037.001937546
2025-05-15,12788511.014076406,11237282.310671391,11358771.58151656,10410695.480015863,7733080.28077429,15277043.500757858
2025-05-16,12650678.166220428,11114742.062011367,11260527.574041884,10387477.901087396,7644504.35610015,15356795.358869294
2025-05-19,12321856.133221587,10708694.712044086,10893006.52310347,10346847.116653994,7477359.797657841,15131923.802667575
2025-05-20,12381581.6319793,10791101.391113428,10983197.255624441,10341042.718877792,7524653.723653733,15133470.471283982
2025-05-21,12465212.323875474,10963825.668229427,11125295.837274365,10370064.707758795,7588430.90751658,15328828.778159907
2025-05-22,12628960.945324732,11053313.991489679,11251001.416399598,10352651.514430193,7705170.823411806,15235360.781545706
2025-05-23,12517651.65542205,10920393.274111064,11174968.019375801,10317825.139949325,7656821.051077632,15222200.037682462
2025-05-26,12253607.02268158,10711387.248165978,11121748.91103489,10288803.151068322,7581556.338017648,15140880.420018945
2025-05-27,12207317.027560063,10570311.079124104,11074144.484663246,10271389.957739722,7574460.765178443,15000253.091228135
2025-05-28,12124194.05070796,10574014.198109489,11026467.11957115,10259781.174363654,7561130.376870183,15015143.291816993
2025-05-29,12076651.367358368,10570340.09059109,10982491.860391216,10259781.174363654,7536155.665865343,15007817.706824742
2025-06-02,12052711.429227723,10443950.06420328,10763103.784335863,10248172.378811255,7535896.401196932,14765560.189312236
2025-06-03,11986651.146711834,10467814.615202647,10808283.558000512,10242367.981035054,7535447.0567164235,14852890.723644061
2025-06-04,11951334.48689486,10473856.490134165,10769424.952337842,10271389.957739722,7535709.130221779,15198191.522568705
2025-06-05,11948507.86345505,10440543.74199263,10749557.08518862,10271389.957739722,7544589.2844417505,15237800.299772495
2025-06-06,11798605.524080886,10316409.633031366,10588899.45390476,10265585.572139855,7421113.867485116,15228119.560296169
2025-06-09,11812829.474796297,10440534.523348182,10794106.41346252,10213345.99215405,7492140.132193071,15319253.493361974
2025-06-10,12004082.380928311,10889959.391339988,11313053.226497084,10213345.99215405,7688986.933205671,15636918.136236193
2025-06-11,12081475.362344086,10980272.903628372,11384400.37737865,10236563.583258852,7705650.069472935,15797181.126143478
2025-06-12,12087819.237397019,11027621.979454584,11349028.989068728,10282998.753292123,7713228.235006344,15669032.600962307
2025-06-13,12041219.119396813,10985468.615178127,11337313.642350238,10242367.981035054,7720878.191240757,15517972.289322643
2025-06-16,12050033.056368085,10931834.545904204,11300474.372294454,10236563.583258852,7735076.069450684,15501767.420409838
2025-06-17,12035209.067546017,10969875.340028273,11323838.539081167,10236563.583258852,7743411.765361579,15615440.533403823
2025-06-18,12037335.238290511,11074347.769644357,11450853.599737847,10224954.787706453,7713447.712313594,15717478.480215292
2025-06-19,11876180.66629801,10919330.639755273,11262002.307817267,10224954.787706453,7648946.800312925,15469146.773227444
2025-06-20,11640058.6872869,10732365.276935227,11125039.096141545,10161106.424344582,7521175.721892879,15498842.81066245
2025-06-23,11722355.064543592,10731459.445632799,11084347.844768198,10143693.23101598,7508109.468369375,15278287.865962882
2025-06-24,11811441.020486942,10832864.498338688,11160917.092074294,10166910.822120782,7527001.817727243,15599390.331352657
2025-06-25,11965313.968533536,10970498.494596919,11313959.42231204,10161106.424344582,7574144.043720779,15769418.42447898
2025-06-26,12175583.046131283,10991990.497673245,11313046.19749175,10172715.219896983,7576483.564417033,15812816.539792966
2025-06-27,12335691.758082971,11122718.387285609,11436147.478672348,10190128.413225584,7642288.43273268,15874500.496340014
2025-06-30,12185269.710331587,11055335.718983373,11448443.295911284,10166910.822120782,7607310.313871998,15646676.209143337
2025-07-01,12310977.39763328,11091474.556667287,11479258.240704793,10172715.219896983,7630220.864490332,15855968.594190706
2025-07-02,12131110.615121624,10958833.682636946,11319235.577772701,10178519.617673185,7512739.520465677,15872855.403357109
2025-07-03,11825526.441213122,10769932.751930386,11157139.08832657,10190128.413225586,7324446.906608496,15967926.311082859
2025-07-04,11477234.21523482,10542831.414838148,10960383.971793957,10178519.617673185,7229382.268839892,15851595.74019341
2025-07-07,11430914.854347173,10367370.601980712,10755554.143784333,10169742.169159567,7230381.71973625,15768089.695531247
2025-07-08,11529080.525250753,10306004.284774063,10717530.359057475,10169742.169159567,7257934.662358967,15721373.273003876
2025-07-09,11480221.28056654,10019752.525583494,10498430.513176236,10169742.169159567,7262438.46014904,15837190.631125156
2025-07-10,11712850.08803405,10213345.973881628,10641084.521923466,10169742.169159567,7351651.476024156,15954062.536030343
2025-07-11,11692479.781799609,10210558.819587264,10624467.491849322,10169742.169159567,7377506.569667194,15994683.67814669
2025-07-14,11698498.599666016,10187282.08855702,10571278.39070519,10169742.169159567,7371994.088660537,15899029.25453384
2025-07-15,11771302.521486806,10300717.275908368,10702205.037643196,10169742.169159567,7388982.042470588,16054378.056428086
2025-07-16,11582023.794667235,10159725.385784097,10556909.81409244,10169742.169159567,7318295.878989942,16199877.391360579
2025-07-17,11601531.525155457,10200618.587515207,10604181.703504277,10169742.169159567,7309717.501906336,16249356.726461805
2025-07-18,11613921.69710814,10203461.144776907,10604848.992045224,10169742.169159567,7233611.378170066,16439069.692887846
2025-07-21,11728086.543335063,10173787.277822502,10577852.322941784,10169742.169159567,7228013.650969444,16409141.65516038
2025-07-22,11471419.643116504,10021286.663101003,10363907.718212496,10169742.169159567,7197386.940930655,16161224.736574205
2025-07-23,11635415.711808313,10101382.268448565,10458067.847994583,10169742.169159567,7197585.483168991,16393752.302427134
2025-07-24,11754607.922631735,10261312.242161654,10588834.181030426,10169742.169159567,7282095.916374302,16432461.199708657
2025-07-25,11793875.473936966,10333221.061028836,10660942.168623293,10169742.169159567,7351645.276230456,16425887.85808893
2025-07-28,11945910.28605986,10464977.48399458,10797726.022709493,10169742.169159567,7359056.647903897,16460055.17388773
2025-07-29,12091005.642743241,10630172.607136335,10968981.422145626,10169742.169159567,7424956.610463212,16311392.198603494
2025-07-30,12302132.0467955,10810097.21613878,11155078.22426304,10169742.169159567,7512047.849451217,16494320.914053025
2025-07-31,12354365.109173207,10990112.141173894,11343063.919694286,10169742.169159567,7569612.315148158,16551125.834146501
2025-08-01,12640653.677069446,11239747.59007778,11601270.880328335,10169742.169159567,7667248.462403299,16475100.04133823
2025-08-04,12518412.494988484,11122338.581494268,11479548.348940998,10169742.169159567,7613929.687870299,16436123.992204785
2025-08-05,12765904.081164122,11340805.229095224,11706508.45024036,10169742.169159567,7697569.744593355,16634132.726664284
2025-08-06,13059828.575969191,11594152.814198406,11968902.369188271,10169742.169159567,7745642.916953431,16484225.386175029
2025-08-07,13243960.52889632,11755774.091789043,12137255.95985005,10169742.169159567,7851117.54657273,16875398.970199913
2025-08-08,13607256.278531367,12085193.827347519,12481134.051664684,10169742.169159567,7899264.051794313,16887694.985700343
2025-08-11,13814173.563169207,12255494.54355539,12658346.214979254,10169742.169159567,7946300.070751704,16968009.2687632
2025-08-12,14032033.466495616,12468444.924510034,12879320.962881189,10169742.169159567,7926549.054134842,16984080.56175004
2025-08-13,14325786.221287651,12729774.590684978,13150560.719325397,10169742.169159567,8012109.660408359,17132884.14327213
2025-08-14,14421494.755655097,12814287.117411582,13237110.037799537,10169742.169159567,7990799.337971235,17040140.268782888
2025-08-15,14411519.326079931,12798559.203016644,13220996.059725814,10169742.169159567,8021408.002296621,17107898.41480528
2025-08-18,15126213.59209939,13396402.691779125,13840661.555303037,10169742.169159567,8144359.213577137,17211975.15206565
2025-08-19,14945631.452422578,13259811.641332941,13697858.834680319,10169742.169159567,8218556.232618943,17121270.068025302
2025-08-20,14312631.58391579,12774411.908259807,13193692.581392886,10169742.169159567,8171702.79124389,16609421.180361249
2025-08-21,14764414.532172233,13145728.843568781,13578895.33270274,10169742.169159567,8252709.731767917,16846124.751478475
2025-08-22,14757017.088590648,13135867.386462638,13569062.53253248,10169742.169159567,8281823.420149204,16707163.606606243
2025-08-25,14990099.058664516,13335927.837854953,13777396.881617997,10169742.169159567,8447341.357168134,17067755.33389763
2025-08-26,15107172.666824572,13456549.779348804,13901508.08585788,10169742.169159567,8596865.684661992,17087243.358464353
2025-08-27,15567116.915372677,13886261.356546089,14347459.260848787,10169742.169159567,8775593.012020985,17238254.457920767
2025-08-28,15413633.891660346,13894652.55057445,14356034.173705908,10169742.169159567,8835042.055116577,17038980.267320577
2025-08-29,15820755.025536757,14343835.587879201,14821279.490230536,10169742.169159567,8975813.235020762,17036625.112836502
2025-09-01,15140990.575839955,13575791.922768475,14023558.81614164,10169742.169159567,8791922.048594108,16923176.969823085
2025-09-02,14598560.17782182,13012083.243000345,13438870.608661838,10169742.169159567,8576931.489914762,16884545.405972388
2025-09-03,14872173.455897203,13263074.369372265,13698901.45817489,10169742.169159567,8732438.35338254,16943262.570900694
2025-09-04,14492742.980918482,12941585.650270313,13364236.63844549,10169742.169159567,8655274.834296243,16999188.70200757
2025-09-05,14522335.453652017,12967524.82510738,13390316.8543773,10169742.169159567,8598734.06360357,17220453.708208308
2025-09-08,14489568.453681953,12937025.191319054,13358748.54671157,10169742.169159567,8585901.888659012,17257573.755002063
2025-09-09,14582509.144924521,13010160.813277036,13434612.439552814,10169742.169159567,8659369.349861521,17473966.75506112
2025-09-10,14738873.506944701,13139707.146493414,13568526.010069873,10169742.169159567,8755872.072467081,17711176.508634627
2025-09-11,14531143.710011458,12933961.36917231,13355879.52149679,10169742.169159567,8699655.032442836,17727430.58973068
2025-09-12,14413693.64851376,12847922.635869639,13266847.459076779,10169742.169159567,8637600.592249377,17909466.45556983
2025-09-15,13888983.12000684,12373388.523658361,12776251.665431961,10169742.169159567,8362092.273534868,17826874.351453725
2025-09-16,14073640.221071165,12537530.157039989,12946014.52120234,10169742.169159567,8412395.146213438,18018436.289907563
2025-09-17,14025309.468739852,12499263.29293338,12906055.901559234,10169742.169159567,8386256.33591834,17883883.150592092
2025-09-18,14418341.177123172,12849714.901893333,13267932.042326929,10169742.169159567,8541107.049400015,18116663.807673164
2025-09-19,14489693.173219716,12930956.11164286,13351646.933951374,10169742.169159567,8535900.683705665,17982391.8808334
2025-09-22,14755929.852593657,13146054.38707466,13573528.936547328,10169742.169159567,8644213.929055594,18194868.99716819
2025-09-23,14976705.969233008,13330011.556142913,13763471.468147557,10169742.169159567,8756331.01382963,18452719.746458832
2025-09-24,14754752.393185306,13128424.525884006,13555299.219847124,10169742.169159567,8641891.83602488,18417118.24703391
2025-09-25,14626728.960846754,13014719.961734701,13437913.061519932,10169742.169159567,8533186.562030219,18295578.21503193
2025-09-26,14592159.876339613,12952708.247426707,13373858.785474231,10169742.169159567,8567191.908927538,17983762.79165249
2025-09-30,15040942.543797635,13347346.073918063,13781366.82329956,10169742.169159567,8763813.413068859,18152644.943940293
2025-10-01,15109923.908587052,13395969.797669722,13831565.544165023,10169742.169159567,8777334.740911076,18266796.11814299
2025-10-02,15445738.076862896,13680802.00438724,14125684.013198525,10169742.169159567,8919591.488913193,18544830.89287773
2025-10-03,15633418.92366276,13857076.865100758,14307701.320608241,10169742.169159567,9085184.686006961,18813859.838077854
2025-10-07,15835397.346993593,14032923.3514064,14489248.183039995,10169742.169159567,9252434.267675515,19130849.571010366
2025-10-08,15919524.0411122,14105866.52634485,14484664.88838613,10225831.480611114,9223963.077499036,19026611.136576463
2025-10-09,16191766.247547721,14385213.543957038,14623588.283428676,10330792.519932285,9367016.487739732,19194101.287109498
2025-10-13,15889498.394349286,14114460.006896473,14672983.558874376,10262048.629183937,9266900.92321973,18928003.981968652
2025-10-14,15262002.560235865,13591287.0401001,14375813.586703341,10124600.331046145,8961286.409128837,18836420.108941708
2025-10-15,15694723.725608326,13952667.017338963,14808853.562295701,10304265.41896388,9029678.029758967,19175674.839638583
2025-10-16,16197241.727267254,14410293.810841443,15280091.154126316,10473085.211167313,9230339.197549134,19437314.927039422
2025-10-17,16111519.04601638,14301296.391080802,15199586.824308129,10437443.861618526,9254491.770049602,19194417.651144672
2025-10-20,16365265.665868843,14529613.983851697,15318880.51533851,10446074.277540937,9395958.76550407,19465970.478314295
2025-10-21,16385694.160594022,14583363.947830878,15395807.536567502,10483986.757124178,9401577.814197812,19510809.807566296
2025-10-22,16299792.59141239,14478322.634783344,15515818.88646189,10421395.389402766,9465720.153246356,19438046.079476263
2025-10-23,16300730.736597762,14428979.89525982,15472540.154621098,10369348.723255254,9419399.040333264,19356037.49124725
2025-10-27,16842554.11344559,14913214.19398646,16018015.858163465,10490074.692712877,9615147.716964014,19680394.991043374
2025-10-28,16773504.766313024,14898182.140108144,16064256.469287183,10310358.591483071,9618649.003012037,19649096.04249682
2025-10-29,16581498.027409716,14831001.836282471,16023561.419926248,10246336.02901798,9623383.049015502,19892084.712446176
2025-10-30,16124784.758209737,14495688.885618938,15719180.599702943,10195577.153112298,9453032.108084569,19887015.8575715
2025-10-31,16142137.094208803,14555397.056225285,15612643.195711777,10293753.207292367,9368673.672347555,19848925.627736542
2025-11-03,16491444.27489816,14844169.420609254,15628749.824743466,10490039.456997795,9448614.511443751,19920100.50533881
2025-11-04,16155398.79680399,14523253.706657711,14998022.666167874,10331218.916396618,9272366.663390636,19766818.615141038
2025-11-05,16190225.61857675,14571166.081810163,14860356.170312475,10311766.400896601,9298513.692998597,19485957.6550254
2025-11-06,16703697.642906182,15085398.508814815,15582852.490621427,10330119.761507867,9627108.786448872,19614183.513637394
2025-11-07,16399260.46594624,14812166.122829894,15258183.874710303,10267708.482816473,9472503.570135996,19439803.657449454
2025-11-10,16534402.897092812,14948293.571673144,15404793.404355176,10375868.08512556,9613444.889225718,19593134.759830475
2025-11-11,16429500.91265504,14884683.306028733,15148834.400797298,10310686.646841317,9601446.328270268,19533686.442465324
2025-11-12,16528838.721009403,15028092.809502112,15176533.533445258,10483288.910913637,9600090.835533615,19647675.91949448
2025-11-13,16884413.880986553,15275956.40798785,15325588.508868549,10486833.55593083,9653038.769712571,19617072.97182531
2025-11-14,16682069.518812755,15044009.791021453,15256482.942225438,10296538.757059423,9445167.202259175,19261297.00818046
2025-11-17,16914830.23552408,15199109.159798395,15421690.307151552,10307139.759002145,9681642.19121673,19296314.99171828
2025-11-18,16577381.961188732,14844764.373655863,14950009.908463782,10268575.67301438,9513992.353820218,18810386.864002828
2025-11-19,16304744.190442415,14584806.243655212,14832495.44990425,10124070.738687016,9342324.729835097,18686653.374690305
2025-11-20,16295948.406123213,14676604.443978846,14764250.997581689,10217133.131298006,9298921.05338895,19281586.488302957
2025-11-21,15489239.757814964,13895597.234571606,14150266.057878265,10002124.427068824,8896014.07963062,18584587.306631267
2025-11-24,15051550.25494654,13501168.569259064,13711297.486151565,10020012.309162948,8624903.355700294,18633307.36804807
2025-11-25,15104333.220041476,13630237.105100363,13693451.381174108,10182548.475424547,8655191.609899089,18920094.8810893
2025-11-26,14976771.391361251,13594468.219419345,13570376.561424159,10178581.59588793,8633758.511588026,19269761.503699344
2025-11-27,15110981.104237583,13796908.201659821,13656911.513845693,10298361.103514615,8665178.064531356,19371693.99583243
2025-11-28,15212324.672316626,13866615.677477853,13730554.46985584,10325570.383638015,8741590.084900618,19422277.089900814
2025-12-01,15109417.65928919,13748099.648760848,13648978.16030072,10285251.897151656,8723256.909087349,19222651.383705985
2025-12-02,15176658.851127047,13781986.850628255,13716859.048816532,10279431.800756225,8715052.703172944,19378541.519615974
2025-12-03,15255156.447960503,13873049.241691634,13704485.893121537,10324078.55031863,8739788.935173417,19539373.964786574
2025-12-04,15300808.679586967,13901506.404928863,13745715.219169417,10314632.899056088,8762020.867497709,19541251.05806194
2025-12-05,15558650.99987505,14149743.243523084,13871924.058754768,10433581.522810277,8925371.996544715,19671438.373692013
2025-12-08,15946292.148282072,14513639.989605095,14232377.609802313,10508090.166090729,9088061.445793523,19898440.114397235
2025-12-09,16045169.883712595,14692787.471507175,14280673.641983785,10612446.548439167,9115154.21052453,19813246.794880807
2025-12-10,15770908.20721924,14347495.288399316,14114881.751205865,10459231.764968483,9018887.909939997,19966598.988197513
2025-12-11,15897645.348448612,14458585.246814389,14239393.982503934,10421682.50359298,9076341.321694022,19702273.32165364
2025-12-12,16003649.265756827,14545252.135393498,14336023.650797453,10415385.398490427,9096315.300308181,19824087.53581944
2025-12-15,15734815.525208555,14278457.05570992,14157520.683435518,10345674.512227803,8992391.136997666,19591327.96967405
2025-12-16,15582513.008830521,14082436.903305113,14107987.77069107,10203596.340874296,8932530.067541003,19359130.828480076
2025-12-17,15311273.314722797,13864649.32396613,13891974.917703468,10313790.739351897,8825621.879470482,19351053.000115294
2025-12-18,15332402.696551617,13858840.54567789,13958068.618383303,10196217.197666595,8830194.600521252,19311233.31355472
2025-12-19,15391046.061420243,13915452.722115159,13975386.88988638,10211753.18477938,8851320.786403956,19471397.87909551
2025-12-22,15635589.252142932,14155990.995894147,14090478.344861513,10420340.53067274,8992468.103794165,19790074.88688228
2025-12-23,15586799.472623821,14216409.552652204,14064130.448918555,10509172.332545487,8964738.982774032,19903143.39305349
2025-12-24,15641759.811948499,14248351.662003286,14095401.291865023,10595748.770453526,8999155.605897171,19946386.841505833
2025-12-26,15812656.713322457,14392028.634009168,14142866.079299659,10639587.480057977,9103048.816788442,20075772.701580133
2025-12-29,15729857.73139816,14278874.733098708,14098353.958440894,10650659.504736919,9064971.775205923,20254954.260790825
2025-12-30,15577668.885889985,14124187.43995918,13995238.529138181,10662162.864647724,8988971.6358706,20182007.74459158
2025-12-31,16089052.717201319,14572212.034112053,14297163.392114341,10913715.542640088,9293721.252339548,20362314.153705113
2026-01-02,16106093.065651685,14589036.052680474,14314597.863025991,10951745.8826031,9314596.570517018,20633831.829315275
2026-01-05,16417559.26417141,14859544.929274883,14421272.9240552,11075037.563298438,9512362.253227506,21164782.074391946
2026-01-06,16703736.767364874,15135213.432300437,14644109.250340756,11192113.369004443,9668994.699238658,21496092.552650005
2026-01-07,16771782.34050759,15217473.388607545,14661453.73317383,11220364.72361065,9713143.83560798,21397084.670264307
2026-01-08,16528199.20490033,14987186.381286804,14622047.258227276,11155936.638578586,9574298.835182782,21344413.573563777
2026-01-09,16402483.924073922,14949951.576142605,14453759.852737548,11180254.1842189,9496294.822737291,21294083.570723534
2026-01-12,16798747.352556616,15380483.519897096,14661525.545001585,11343774.713710234,9735667.044558076,21489758.241634633
2026-01-13,16918475.243278325,15425760.552157756,14777274.597505087,11239987.79126824,9808877.649339609,21588133.395949982
2026-01-14,17092893.824546136,15577120.239881754,14964105.062336843,11199364.191515438,9899615.755046153,21753036.391706485
2026-01-15,17309079.893477872,15750972.490799611,15027240.493771639,11296518.930501077,10031996.616662227,21660798.699673515
2026-01-16,17871270.695259295,16244042.784695774,15221285.124000186,11571023.189374931,10359902.926171979,22081295.714603085
2026-01-19,18721143.404118586,16998009.388962872,15658300.764751831,11910772.29292854,10862594.159343386,22243407.676538162
2026-01-20,18681647.389495235,16994448.308833197,15645782.725293564,11845961.709352635,10836920.291698918,22328263.54108374
2026-01-21,18334862.277673524,16638140.254722841,15518682.877674928,11588257.714627659,10638135.545824453,21967172.661647964
2026-01-22,18567147.789707787,16882619.23909342,15531705.254555687,11825314.06883296,10771022.499224117,22318484.37724092
2026-01-23,18284218.275245216,16526733.722808218,15341006.322357975,11816504.14833356,10513283.244166596,22469938.386346575
2026-01-26,18226824.552884627,16561562.040303504,15288001.135172848,12102917.261843916,10439746.790492857,22542357.62915386
2026-01-27,18232464.68545414,16651449.00286338,15052768.193549423,12536531.044548735,10452836.034775613,22720505.732516322
2026-01-28,18519302.65193355,16987261.609668758,15144696.13007104,12782917.393650692,10622572.697020274,23062108.58738537
2026-01-29,18080926.705788698,16753351.707886811,15055252.486990761,12581468.212894019,10405752.442155324,22874012.592694666
2026-01-30,17805577.211860713,16365491.133190759,14678827.309888583,12622756.500835355,10238256.969282588,22541816.29513812
2026-02-02,17266420.665533155,15710598.647284653,14505514.328484178,12173661.652098894,9845558.75663885,22541816.29513812
2026-02-03,17395380.375561256,15623165.855195161,14466896.732791318,12192313.284834301,9798923.780219004,22541816.29513812
2026-02-04,17537669.35411682,15646013.870945334,14281612.411745096,12521308.34524616,9773006.710448368,22541816.29513812
2026-02-05,17061584.25883199,15284046.368749103,14087142.398482502,12263973.57627106,9604884.74734126,22541816.29513812
2026-02-06,16634609.13539216,14940837.141612649,14082725.174691962,11843930.612626497,9383213.395745799,22541816.29513812
2026-02-09,17094474.995979343,15354520.931868985,14204913.473993529,12091004.744788712,9610260.741041377,22541816.29513812
2026-02-10,17142574.55234871,15342333.752108462,14239824.692276914,11993214.719091868,9634612.348307308,22541816.29513812
2026-02-11,17740937.882144604,15664043.298932543,14485816.798785415,12144964.65632952,9876018.848088883,22541816.29513812
2026-02-23,18424911.432779446,16132802.794848874,14682872.77416762,12517546.01842792,10181223.647799883,22541816.29513812
2026-02-24,19384010.81212143,16958567.379692346,15106394.223943759,12909281.351779193,10666487.038148299,22541816.29513812
2026-02-25,19736600.259445347,17280327.689228825,15160090.076522399,13106647.747652197,10910542.187801525,22541816.29513812
2026-02-26,20306573.270981614,17680850.027362283,15585858.557035262,13039143.959041014,11140890.931503214,22541816.29513812
2026-03-02,20575055.99259578,17556945.062771745,15840655.031639539,12908735.093566818,11153959.242748203,22338513.745117854
2026-03-03,20199222.25409374,17216917.86997939,15719232.019120991,12610523.308859376,10972579.876023823,21847481.437078934
2026-03-04,18513145.033419073,15896900.65732388,15027242.484283745,11886518.96652431,10303204.43699169,20896039.506290615
2026-03-05,18790014.9832393,16451425.984841956,14929597.213644484,12260948.000289913,10520244.965371044,21433295.456103086
2026-03-06,18377974.20683541,16363701.221885571,14598039.57712145,12238341.302022245,10364756.531623686,21386575.333462235
2026-03-09,17179482.719471857,15197953.196664687,14308245.90367744,11582185.810087707,9805217.345084576,20438729.706392184
2026-03-10,17322307.913580786,15480396.426997256,14218485.797553753,11883481.089152534,9875149.402047578,20859751.8470024
2026-03-11,17916457.844474778,16046533.087392118,14293495.49418514,12289745.926834509,10154704.460171161,21714157.22879075
2026-03-12,17868582.555927113,16032595.702583816,14333484.423027365,12225645.063280953,10122317.222476216,21375321.767136756
2026-03-13,18168163.03744951,16320684.434703905,14280092.009538895,12550793.092890522,10364736.701750359,21259769.02784221
2026-03-16,18485895.440677352,16679840.20395884,14308953.648054946,12889099.040833954,10532174.874572169,21222972.157408044
2026-03-17,18770123.482031837,16954311.85693475,14377524.881877491,13187928.505649434,10696045.66547665,21537448.23086769
2026-03-18,19235993.276825074,17632634.828745484,14485012.335627465,13795681.813276082,10998137.811533561,21863349.729414575
2026-03-19,19390598.686716665,17951251.29710491,14486928.864729065,14226022.138950104,11089577.141998436,21443950.699332073
2026-03-20,18840749.27057454,17576332.64878918,14352437.137935864,13975518.82047577,10851740.00614417,21351146.96798281
2026-03-23,17993387.946702667,16794680.517154865,14262673.921494646,13412747.347250432,10412041.632740611,20828327.154158
2026-03-24,17538871.79183426,16259604.91264956,14190788.966431752,13026679.319018435,10132037.205162859,20758145.127967536
2026-03-25,18092646.83500999,16907105.766502436,14121699.442567715,13587092.266427072,10421697.52644739,21284459.40328142
2026-03-26,18026068.670953173,16820980.95808758,14115453.962047951,13314238.955052966,10394783.044818848,21219859.60427843
2026-03-27,17886031.50446953,16774323.800412966,14117256.0945046,13269064.849456342,10336522.250358444,21076624.87406221
2026-03-30,17532560.79069917,16372436.245004924,14101144.024188163,12917693.465642596,10191683.249738973,20698261.8972039
2026-03-31,16815153.747110635,15508977.343258958,14070288.961403364,12128018.264542336,9792269.18738031,20192125.113548256
2026-04-01,17332978.289434224,16029033.578834323,14156447.128014982,12562406.027289145,10094374.337943327,21116235.136077747
2026-04-02,17250543.963662773,16026239.18013944,14113073.10419279,12560067.27238408,10051131.904916098,20732805.50831724
2026-04-07,17648506.542403158,16600026.947201682,14144716.880723225,12986596.111547079,10284663.080460673,21151243.402361758
2026-04-08,18631432.142329343,17644767.211747322,14307439.189711163,13727858.69776314,10850162.113647262,22126102.680724423
2026-04-09,18688479.2450915,17838741.823125403,14317123.613657285,13838617.43023841,10928184.530595895,22189614.040902946
2026-04-10,18619604.878732763,17949551.28215555,14357223.945173014,13881291.674023647,10908648.014299791,22543942.251672454
2026-04-13,18611497.29365343,17909088.981686644,14399916.650261156,13825501.547013463,10916628.14554586,22569059.091446407
2026-04-14,18622483.809641402,18101076.29314281,14423240.51126893,13957888.028540147,10972220.543336181,23102986.07339224
2026-04-15,18743586.28003102,18515955.896252062,14393575.725251585,14235614.248586359,11050925.241289709,23374153.738888893
2026-04-16,18806467.301995814,18561134.95288342,14403123.509735076,14230005.05165294,11091014.154737726,23635048.069516025
2026-04-17,18889815.43576017,18870160.70146443,14379254.033978203,14402160.422938792,11055439.564966552,23426475.184135184
2026-04-20,19949638.24078531,20037906.96197564,14398349.612643948,15153168.574577393,11605094.160974938,23524791.126139347
2026-04-21,20815293.42001891,20767655.329305865,14469958.030215802,15832232.772258846,12119913.993569793,23936176.445812467
2026-04-22,21082906.074573148,20948803.487795237,14465184.133124674,16119532.325119197,12233747.468080921,24110173.894383345
2026-04-23,20487170.10745849,20141912.521288507,14412671.294218566,15564936.397157265,11968010.266998393,24005581.92500536
2026-04-24,21364436.912499268,21098845.28821028,14450862.451550055,16291887.206354724,12471603.033059243,24781015.023196306
2026-04-27,20851605.54121425,20951694.664270297,14384027.931069331,16482377.012246907,12197719.960591193,25216536.951187428
2026-04-28,20958520.5117687,21012501.225934282,14407897.406826204,16630558.553239984,12213226.684476068,25156131.77899919
2026-04-29,20884390.666670818,20990981.17989809,14379254.033978203,16498164.894068643,12186461.370409092,25017225.34352354
2026-04-30,21358797.812882405,21449284.820442013,14379890.086237134,16722796.334602805,12427690.32226217,24777342.33780614
2026-05-04,22156793.23064693,22160317.009975627,14498609.245451503,17133958.098667864,12834630.290580425,25909388.731784035
2026-05-05,22374514.752666827,22758176.337471046,14681747.216338301,17529104.531957198,12933311.357011234,25950221.100549843
2026-05-06,22199659.03828541,22577423.221039884,14724189.127316715,17269442.825433705,12693515.484291432,26185451.18942113
2026-05-07,22854291.817042075,23233847.49777327,14851881.440426592,17574958.21291812,12988694.14852938,26691435.20973299
2026-05-08,21876423.285938054,22290734.78625412,14747712.72945661,17001985.976082783,12506809.022756519,26481487.45425809
2026-05-11,22798707.28035879,22917437.05731774,14917385.368964009,17261889.99539348,12986977.177956477,26599955.4273632
2026-05-12,22751172.375881735,22894783.458506342,15019276.19140149,17071573.999572996,12809513.704650586,26668864.42568879
2026-05-13,22664129.312195208,22836506.606273193,14975491.620970057,17141323.6141169,12861550.97800833,26335445.697599825
2026-05-14,23493121.26020263,23560898.355938688,15024050.088492615,17499315.086192824,13191656.163580181,26575570.57861154
2026-05-15,23159357.902756564,23104931.038549535,14934458.591161732,17012434.87297402,12962550.908183794,26206780.77129708
2026-05-18,23718898.648541525,23719749.75774383,14787197.336851241,17468544.28699232,13263409.875388969,26028213.152691305
2026-05-19,23645950.520453013,23552659.66314222,14710815.031887028,17181671.058962516,13192874.13943654,25572303.68344423
2026-05-20,23223264.97717937,23054742.5374798,14702894.072118051,16969652.582321983,13027582.076033143,25473809.517538987
2026-05-21,24271477.225116573,24180381.636002928,14801424.262107214,17594805.615225703,13507812.436968353,26331442.024964787
2026-05-22,25652456.56618827,25451349.422620684,14841269.438953292,18584377.76314716,14346958.455144297,26904151.80081398
2026-05-25,26954985.135677915,26701885.52833699,14935652.783993166,19208520.875003077,14929814.251459925,27780268.672837745
2026-05-26,27670320.93005523,27273617.82627994,15027785.766308177,19465705.301100068,15255962.937180689,27704504.419459816
2026-05-27,27994955.79780852,27436142.83143813,14996325.064149663,19305234.48461809,15236626.388592687,28170069.80506195
2026-05-28,27416407.157198425,26848801.798611246,14953849.150542066,18965408.60906754,14919287.646779856,27775202.021935552
2026-05-29,28344812.995597363,27735171.377544027,14939527.468967449,19625148.102656137,15417906.14697108,28473139.548852332
2026-06-01,28797286.883057665,28132084.75724022,14859721.19813409,20051436.86557276,15654508.140689855,28858211.382558536
2026-06-02,27739002.19889419,27102054.33442741,14822625.803518485,19538813.448699314,15089397.007295636,28997862.539335128
2026-06-03,27784348.81382317,27140506.012526378,14965842.628963424,19630275.357561886,15257990.253027713,29571902.629303116
2026-06-04,27027990.611107856,26281311.952467136,14989302.02845947,19162354.09085915,14909831.625560792,29074339.68831739
2026-06-05,26966914.203909595,26186478.3211924,14904877.763549946,18784328.25049883,14771224.363133306,28688281.258015923
2026-06-08,25736476.388572358,24967512.675330356,14674282.646985184,18244437.299994733,14221275.000692252,27690125.569726076
2026-06-09,26172072.047642615,25414396.22714508,14435085.422607983,18718851.560439445,14359972.189265244,28454998.901777893
2026-06-10,24722114.639189456,24027842.794140294,14421389.569049405,17728551.58115883,13648420.638145618,27513658.44709735
2026-06-11,24318741.73142677,23606587.64092787,14432639.738368878,17365936.731369276,13296618.536746696,27465232.467117567
2026-06-12,24712282.794788238,24004268.032276247,14446824.727783477,17447485.425157733,13407481.014282566,28114209.34235132
2026-06-15,25727334.253830824,25155576.851106558,14448768.154932015,18159956.962041736,13876250.174558893,28895816.625686895
2026-06-16,25334854.996585015,25037432.756272532,14448521.875404913,18066429.928256404,13664750.943883285,29158187.668637276
2026-06-17,26352940.631087586,26011138.985565603,14433184.794639302,18821031.551441595,14277302.09859144,29201597.918829445
2026-06-18,27343271.05610133,26862863.664798256,14433942.959276795,19388684.638541725,14762815.266397696,29575747.173455022
2026-06-22,28703734.98706975,28133173.406621404,14419327.189136608,20086229.88441816,15317829.071458997,30388136.270563234
2026-06-23,27879338.932912342,27259568.42196613,14419354.284448994,19138500.48831543,14676541.71739576,29980219.951821886
2026-06-24,28523913.840900023,27846457.00475641,14419354.284448994,19468262.57718617,14922466.203467887,29307392.89953973
2026-06-25,29125994.852504876,28407373.852470726,14419354.284448994,19821872.191696707,15269390.616709903,29442117.43847928
2026-06-26,28100197.674697597,27227401.619564205,14419354.284448994,19143578.642862137,14922996.237671211,28370546.23322219
2026-06-29,28370155.162684474,27479121.113854755,14419354.284448994,19323542.63801765,15074152.482500989,28643063.308255613
2026-06-30,29698319.55645685,28727411.495802663,14421725.372397672,20223535.822704867,15837611.923479883,29359784.3613186
2026-07-01,29794916.76633955,28834336.66400464,14408649.51895822,20120832.342168253,15812487.081587851,29928242.224099126
2026-07-02,29186199.01394206,28365577.872607294,14414853.74442844,19905167.911300953,15515332.226145238,29753309.10004756
2026-07-03,29504992.852631114,28672650.591884825,14414853.74442844,20069828.37433738,15608628.598274667,29776516.398024198
2026-07-06,28451492.528301567,27593333.104330655,14558308.130022211,19345547.542547304,15057951.412981004,29633790.87895393
2026-07-07,26472228.267617635,25575607.434031457,14536742.83034255,18031208.007664494,14097125.791488023,28948087.149818584
2026-07-08,27677534.65570348,26829710.931534156,14477586.218622241,18585999.788014926,14634117.668000773,29110589.156769663
2026-07-09,28256992.937625393,27319891.856131494,14483784.030003497,19092755.44057376,15088111.10396724,28868841.165230222
2026-07-13,28229860.348724283,27200748.55110237,14424394.505889725,19039641.620826446,15113921.791834945,28885333.241219655
2026-07-14,28211969.732895114,26657584.54371639,14396264.263392534,18907475.78808337,15129640.358043168,28476328.48365384
2026-07-15,29488641.32071412,27877791.13537608,14523908.512155931,19607229.719746403,15607698.914906796,29045142.794236522
2026-07-16,28184620.464880478,26666459.05894635,14600602.413613211,18831221.969910745,14945246.905268148,29040935.437143113
2026-07-17,25746817.175421722,24490725.12680978,14388001.038600594,17220257.187968787,13820880.213270245,27160857.86976568
2026-07-20,24767377.496964287,23367500.610058453,14223639.049856294,16693011.895638745,13484004.500988932,27019825.47775569
2026-07-21,26298579.208283726,24675470.386780225,14195046.406076413,17788975.724225543,14283848.781427514,28154838.026658736
2026-07-22,27065218.97002178,25724373.72453415,14337295.611044886,18316256.068078924,14678039.665898843,28532233.50233974
2026-07-23,26596940.508259654,25535628.810722306,14278299.075915227,18088999.43933482,14419901.927306063,28548165.446068626
2026-07-24,25117916.386559505,24054725.41796277,14282965.33668191,17228257.26729927,13735835.628425248,27786913.878292378
2026-07-27,24573787.62197577,23858858.461613603,14110400.80058357,16953702.56302131,13462860.87575165,27773769.865587562
2026-07-28,22492660.43929926,21955784.915483057,13847782.828029342,15527496.784887513,12472438.050359545,26481118.27617726
2026-07-29,20909639.759291783,20400099.79436832,13605690.49693903,14675509.320279697,11736491.900036458,25485495.913338512
2026-07-30,20893072.87956251,20366437.956291374,13608207.810899945,14408590.331668172,11607014.851025036,25418101.818172127
2026-07-31,22506757.490867943,22009757.802495092,13794259.157192942,15533497.179344978,12356176.58992559,27446321.63818486
2026-08-03,23566333.743160196,22987620.661079794,13738476.293596946,16360991.267450206,13023581.079415837,27616054.443408422
2026-08-04,24662683.872927547,23973167.55225148,13675209.484374247,17163142.002898425,13659568.491081284,27599664.20964818
2026-08-05,25694428.564033344,24992747.024467476,13620632.417680755,17893188.80700345,14196191.287104296,28395904.94829048
2026-08-06,25723788.342734773,25485101.350191195,13422151.773466226,18458057.09902235,14235109.316576004,28259118.104209837
2026-08-07,25032128.97629382,24769685.60887478,13441389.543402785,18076449.184623335,13907453.296246499,28150407.889688984
2026-08-10,25678901.161182076,25485967.801525466,13416784.306675866,18515572.626212932,14161378.614734009,28597781.707102075
2026-08-11,25707292.024912883,25565957.044368193,13471817.880637312,18534217.66960223,14177116.862200275,28719966.92157261
2026-08-12,25915014.209998373,25879199.001679875,13418687.982335735,18744934.28424412,14300490.503595127,28972885.73262631
2026-08-13,25962545.305744894,25643615.857829336,13182055.348595494,18753646.785401214,14299585.78365713,29293313.21135425
2026-08-14,25786963.22814883,25543172.693639673,13179614.311709065,18648203.622296114,14269531.921900015,29159346.123994313
2026-08-17,26347131.218656912,26006241.120403867,13179614.311709065,18937291.50790524,14592209.821435988,29188791.258508828
2026-08-18,25444668.71433513,25316067.679018293,13156930.613924896,18331448.525851734,14110508.320951935,28839606.080313414
2026-08-19,25218791.07326379,24925159.3062163,13101485.861055449,18355698.89811873,14029892.384005366,28464489.32451052
2026-08-20,25166741.062331706,25059210.29336802,13120477.805914912,18429605.242444407,13999503.086886827,28600951.54648561
2026-08-21,24641695.468390647,24429843.89767915,13111092.823293466,18115774.595173184,13673287.50731356,28785890.669555075
2026-08-24,24566342.68412788,24292800.868968256,13047344.260802666,17998642.24787375,13509281.36720666,28491840.328187328
2026-08-25,25194608.936998963,24905274.71074722,13036490.837225374,18370912.180436086,13845873.966113456,28750990.61063958
2026-08-26,25966555.343209527,25787478.442235462,13038219.030640513,19076631.84161497,14326857.964550681,29173101.190074265
2026-08-27,26278275.611828323,26183286.34169846,13030965.382702976,19491648.620883554,14584925.259985734,29263868.07683973
2026-08-28,26574269.52599395,26521905.312425647,13030064.150056578,19514216.478139065,14566976.699768707,29490613.434991643
2026-08-31,25272408.544025917,25307035.41229695,13026681.057940828,18659527.40227347,13822143.865590448,29361413.83698565
2026-09-01,26295311.110757373,26287786.005538385,13026681.057940828,19295976.34850887,14367616.06675488,29883514.390066803
2026-09-02,25650784.27627995,25707407.277380638,12997550.776205339,19011267.805776168,14081479.43610858,29384487.46703647
2026-09-03,24284094.281669382,24360312.976859782,12972405.117752621,17938384.135308657,13136476.714475613,29189039.498942483
