stock_id,name,sector,period,signal_date,probe_date,probe_price,probe_size,probe_stop,probe_risk,exit_date,exit_price,exit_reason,why_failed,why_probe,ret_on_invested,pnl_slots,probe_mae,probe_mfe,holding_days,disc_pct,rank_score,cex_10,srs_10,outp_10,rs_accel,is_cnt10,ext_ma20,atr_pct,regime
1101,台泥,水泥工業,STRICT_OOS,2026-07-28,2026-07-29,24.9623,0.25,23.8,0.0465603,2026-07-31,24.2891,F2_STRUCTURE,收盤跌破 MA10 且低於成本（短結構失敗）,Disc=0.99 10D超額=+16.3% 產業超額=+16.3% outperf10=80% RSaccel=+0.0196 觸發=indep regime=MARKET_SIDEWAYS,-0.031405,-0.00785126,-0.0405512,0.00351531,3,0.991813,0.956208,0.162577,0.162577,0.8,0.0196113,2,0.0527433,0.0230415,MARKET_SIDEWAYS
1108,幸福,水泥工業,DISCOVERY,2023-08-04,2023-08-07,18.9473,0.25,17.7,0.0658274,2023-08-07,17.6558,F1_PROBE_LOW,跌破 Probe Low（盤中停損）,Disc=0.98 10D超額=+15.2% 產業超額=+15.2% outperf10=80% RSaccel=+0.0186 觸發=indep regime=MARKET_SIDEWAYS,-0.0725095,-0.0181274,,,1,0.98164,0.955628,0.151644,0.151644,0.8,0.018605,2,0.109139,0.0278095,MARKET_SIDEWAYS
1210,大成,食品工業,STRICT_OOS,2025-04-08,2025-04-09,55.4383,0.25,52.4,0.0548043,2025-04-10,55.6605,F2_STRUCTURE,收盤跌破 MA10 且低於成本（短結構失敗）,Disc=0.95 10D超額=+13.1% 產業超額=+6.4% outperf10=70% RSaccel=+0.0094 觸發=indep regime=MARKET_DOWN,-0.000500062,-0.000125016,-0.0439814,0.0137405,2,0.953804,0.930931,0.130551,0.0643787,0.7,0.00943389,1,-0.033808,0.0211832,MARKET_DOWN
1216,統一,食品工業,STRICT_OOS,2025-04-08,2025-04-09,75.388,0.25,73.8,0.0210644,2025-04-10,80.6977,F2_STRUCTURE,收盤跌破 MA10 且低於成本（短結構失敗）,Disc=0.97 10D超額=+12.3% 產業超額=+5.5% outperf10=60% RSaccel=+0.0140 觸發=indep regime=MARKET_DOWN,0.0657738,0.0164435,-0.00514671,0.0611768,2,0.971467,0.804448,0.122526,0.0549681,0.6,0.0139507,2,-0.0395584,0.0250867,MARKET_DOWN
1229,聯華,食品工業,DISCOVERY,2023-01-11,2023-01-12,52.531,0.25,49.95,0.0491329,2023-01-31,51.5707,F3_RS_FAILURE,試單後相對大盤落後 ≤ -4%（RS 失敗）,Disc=0.96 10D超額=+2.8% 產業超額=+4.7% outperf10=50% RSaccel=-0.0018 觸發=indep regime=MARKET_SIDEWAYS,-0.0227385,-0.00568464,-0.027241,0,6,0.959386,0.774331,0.0281115,0.0472612,0.5,-0.00178314,1,0.0498319,0.0106528,MARKET_SIDEWAYS
1229,聯華,食品工業,STRICT_OOS,2026-07-23,2026-07-24,42.4559,0.25,40.1,0.0554899,2026-07-29,40.7978,F2_STRUCTURE,收盤跌破 MA10 且低於成本（短結構失敗）,Disc=0.98 10D超額=+7.9% 產業超額=+5.0% outperf10=60% RSaccel=-0.0107 觸發=indep regime=MARKET_SIDEWAYS,-0.0434674,-0.0108668,-0.0448907,0.0033947,4,0.977247,0.774926,0.0791706,0.0499547,0.6,-0.0106823,2,0.0485204,0.025539,MARKET_SIDEWAYS
1231,聯華食,食品工業,STRICT_OOS,2025-01-02,2025-01-03,141.854,0.25,132.5,0.0659394,2025-01-07,138.154,F3_RS_FAILURE,試單後相對大盤落後 ≤ -4%（RS 失敗）,Disc=0.98 10D超額=+11.1% 產業超額=+15.0% outperf10=80% RSaccel=+0.0192 觸發=indep regime=MARKET_SIDEWAYS,-0.0305245,-0.00763113,-0.0483156,0.029229,3,0.975577,0.955486,0.111428,0.150013,0.8,0.0192416,2,0.0778899,0.0257446,MARKET_SIDEWAYS
1231,聯華食,食品工業,STRICT_OOS,2026-07-24,2026-07-27,93.7337,0.25,89.5,0.0451678,2026-07-29,89.2763,F1_PROBE_LOW,跌破 Probe Low（盤中停損）,Disc=0.96 10D超額=+10.1% 產業超額=+4.9% outperf10=80% RSaccel=-0.0099 觸發=indep regime=MARKET_SIDEWAYS,-0.0519479,-0.012987,-0.036633,0,3,0.96449,0.780865,0.101135,0.0487916,0.8,-0.00994271,2,0.0338039,0.0221514,MARKET_SIDEWAYS
1303,南亞,塑膠工業,DISCOVERY,2024-09-27,2024-09-30,46.516,0.25,43,0.0755869,2024-10-09,44.8376,F2_STRUCTURE,收盤跌破 MA10 且低於成本（短結構失敗）,Disc=0.96 10D超額=+9.7% 產業超額=+4.9% outperf10=50% RSaccel=+0.0108 觸發=indep regime=MARKET_SIDEWAYS,-0.0405005,-0.0101251,-0.0487144,0.0276034,6,0.962121,0.780976,0.0973525,0.0485263,0.5,0.0107593,1,0.101876,0.0270936,MARKET_SIDEWAYS
1304,台聚,塑膠工業,DISCOVERY,2023-01-11,2023-01-12,23.3583,0.25,22.05,0.0560081,2023-02-21,25.137,PROBE_MAX_LIFE,20 日內未確認,Disc=0.96 10D超額=+2.0% 產業超額=+4.5% outperf10=40% RSaccel=+0.0024 觸發=indep regime=MARKET_SIDEWAYS,0.0714795,0.0178699,-0.0196183,0.0809885,21,0.962094,0.712314,0.0200271,0.045188,0.4,0.00235507,1,0.06102,0.0231453,MARKET_SIDEWAYS
1305,華夏,塑膠工業,DISCOVERY,2023-01-17,2023-01-30,29.674,0.25,27.8,0.063153,2023-01-31,28.329,F3_RS_FAILURE,試單後相對大盤落後 ≤ -4%（RS 失敗）,Disc=0.95 10D超額=+4.0% 產業超額=+6.9% outperf10=60% RSaccel=-0.0043 觸發=indep regime=MARKET_SIDEWAYS,-0.0497239,-0.012431,-0.0429332,0.000876188,2,0.95229,0.818947,0.0400561,0.0689599,0.6,-0.00426233,1,0.0853147,0.0260187,MARKET_SIDEWAYS
1305,華夏,塑膠工業,DISCOVERY,2024-07-17,2024-07-18,18.9974,0.25,17.8,0.0630285,2024-07-29,17.955,F2_STRUCTURE,收盤跌破 MA10 且低於成本（短結構失敗）,Disc=0.97 10D超額=+11.7% 產業超額=+9.6% outperf10=70% RSaccel=+0.0202 觸發=indep regime=MARKET_SIDEWAYS,-0.0409098,-0.0102274,-0.0525007,0.0106659,6,0.965696,0.910846,0.117077,0.0962367,0.7,0.0202428,2,0.09765,0.0220365,MARKET_SIDEWAYS
1308,亞聚,塑膠工業,DISCOVERY,2024-07-29,2024-07-30,19.8996,0.25,18.75,0.0577712,2024-08-01,19.2518,F3_RS_FAILURE,試單後相對大盤落後 ≤ -4%（RS 失敗）,Disc=0.98 10D超額=+23.8% 產業超額=+12.7% outperf10=80% RSaccel=-0.0016 觸發=indep regime=MARKET_SIDEWAYS,-0.0369839,-0.00924597,-0.0502333,0,3,0.983211,0.885187,0.237888,0.127387,0.8,-0.00159602,4,0.107383,0.0361045,MARKET_SIDEWAYS
1312,國喬,塑膠工業,STRICT_OOS,2025-04-18,2025-04-21,11.4285,0.25,10.45,0.0856192,2025-05-05,11.7206,F3_RS_FAILURE,試單後相對大盤落後 ≤ -4%（RS 失敗）,Disc=0.95 10D超額=+13.6% 產業超額=+15.5% outperf10=80% RSaccel=+0.0224 觸發=indep regime=MARKET_SIDEWAYS,0.0210036,0.0052509,-0.0243689,0.0631317,10,0.953297,0.848031,0.135871,0.155117,0.8,0.0224087,1,0.0760401,0.0566984,MARKET_SIDEWAYS
1312,國喬,塑膠工業,STRICT_OOS,2025-10-17,2025-10-20,10.6265,0.25,9.91,0.0674258,2025-10-30,10.5236,F4_TIME_5D,時間停損：_5日內未上漲,Disc=0.96 10D超額=+6.1% 產業超額=+9.4% outperf10=60% RSaccel=+0.0075 觸發=indep regime=MARKET_UP,-0.0141592,-0.0035398,-0.0354303,0.0586741,8,0.962213,0.839797,0.0609147,0.0943431,0.6,0.00745331,2,0.0919065,0.0319567,MARKET_UP
1313,聯成,塑膠工業,DISCOVERY,2023-02-06,2023-02-07,15.7392,0.25,15,0.0469686,2023-02-09,15.162,F3_RS_FAILURE,試單後相對大盤落後 ≤ -4%（RS 失敗）,Disc=0.98 10D超額=+10.2% 產業超額=+13.4% outperf10=60% RSaccel=+0.0107 觸發=indep regime=MARKET_UP,-0.0410933,-0.0102733,-0.0437918,0,3,0.982332,0.912497,0.101975,0.134143,0.6,0.0107192,3,0.108569,0.0217687,MARKET_UP
1313,聯成,塑膠工業,DISCOVERY,2023-07-20,2023-07-21,16.2405,0.25,15.6,0.0394384,2023-08-10,16.1595,F2_STRUCTURE,收盤跌破 MA10 且低於成本（短結構失敗）,Disc=0.97 10D超額=+10.0% 產業超額=+13.9% outperf10=50% RSaccel=+0.0254 觸發=indep regime=MARKET_SIDEWAYS,-0.0094763,-0.00236907,-0.0363597,0.0929467,14,0.973269,0.820973,0.100112,0.139009,0.5,0.0253748,3,0.097089,0.0273883,MARKET_SIDEWAYS
1321,大洋,塑膠工業,DISCOVERY,2024-08-19,2024-08-20,44.2103,0.25,41.3,0.0658275,2024-08-20,41.1968,F1_PROBE_LOW,跌破 Probe Low（盤中停損）,Disc=0.97 10D超額=+16.8% 產業超額=+28.0% outperf10=50% RSaccel=-0.0116 觸發=indep regime=MARKET_SIDEWAYS,-0.0725095,-0.0181274,,,1,0.967251,0.757289,0.168492,0.279862,0.5,-0.0115562,3,0.156743,0.0406083,MARKET_SIDEWAYS
1326,台化,塑膠工業,DISCOVERY,2024-09-27,2024-09-30,43.9596,0.25,41.15,0.0639138,2024-10-09,41.9948,F2_STRUCTURE,收盤跌破 MA10 且低於成本（短結構失敗）,Disc=0.96 10D超額=+11.5% 產業超額=+6.8% outperf10=50% RSaccel=+0.0123 觸發=indep regime=MARKET_SIDEWAYS,-0.0490967,-0.0122742,-0.0479901,0.0339033,6,0.959596,0.800126,0.114853,0.0682692,0.5,0.0123272,1,0.0970777,0.0270074,MARKET_SIDEWAYS
1339,昭輝,汽車工業,DISCOVERY,2023-11-16,2023-11-17,64.8617,0.25,61.5,0.0518295,2023-11-28,64.5383,F2_STRUCTURE,收盤跌破 MA10 且低於成本（短結構失敗）,Disc=0.95 10D超額=+3.7% 產業超額=+4.6% outperf10=40% RSaccel=+0.0096 觸發=indep regime=MARKET_UP,-0.00947631,-0.00236908,-0.0209947,0.0607176,8,0.950081,0.628933,0.0365259,0.0462987,0.4,0.00957937,1,0.068999,0.0296537,MARKET_UP
1342,八貫,其他,DISCOVERY,2024-03-11,2024-03-12,137.343,0.25,129,0.0607423,2024-03-19,137.156,F4_TIME_5D,時間停損：_5日內未上漲,Disc=0.96 10D超額=+6.1% 產業超額=+10.6% outperf10=50% RSaccel=-0.0079 觸發=indep regime=MARKET_UP,-0.00585305,-0.00146326,-0.024337,0.0120684,6,0.956916,0.788121,0.0613858,0.106201,0.5,-0.007892,1,0.101215,0.0320378,MARKET_UP
1402,遠東新,紡織纖維,DISCOVERY,2024-08-02,2024-08-05,34.486,0.25,33.6,0.0256916,2024-08-05,33.516,F1_PROBE_LOW,跌破 Probe Low（盤中停損）,Disc=0.95 10D超額=+6.3% 產業超額=+3.2% outperf10=70% RSaccel=+0.0149 觸發=indep regime=MARKET_SIDEWAYS,-0.0325641,-0.00814103,,,1,0.950422,0.747931,0.0632566,0.0316631,0.7,0.01485,3,0.000793445,0.0239695,MARKET_SIDEWAYS
1419,新紡,紡織纖維,STRICT_OOS,2025-11-21,2025-11-24,68.972,0.25,62.4,0.095285,2025-12-10,68.8275,F3_RS_FAILURE,試單後相對大盤落後 ≤ -4%（RS 失敗）,Disc=0.98 10D超額=+14.2% 產業超額=+8.9% outperf10=70% RSaccel=+0.0067 觸發=indep regime=MARKET_SIDEWAYS,-0.00659034,-0.00164758,-0.0169924,0.120745,13,0.980254,0.835211,0.141872,0.0892519,0.7,0.00670754,2,0.112029,0.0426661,MARKET_SIDEWAYS
1434,福懋,紡織纖維,DISCOVERY,2024-09-30,2024-10-01,20.9522,0.25,20.1,0.0406759,2024-10-09,20.4487,F2_STRUCTURE,收盤跌破 MA10 且低於成本（短結構失敗）,Disc=0.96 10D超額=+4.2% 產業超額=+6.1% outperf10=60% RSaccel=+0.0164 觸發=indep regime=MARKET_SIDEWAYS,-0.0284768,-0.00711919,-0.0287439,0,5,0.9599,0.800464,0.042087,0.0611242,0.6,0.0163917,2,0.0523672,0.0173883,MARKET_SIDEWAYS
1436,華友聯,建材營造,STRICT_OOS,2025-02-10,2025-02-11,141.854,0.25,128.5,0.0941375,2025-02-18,141.645,F4_TIME_5D,時間停損：_5日內未上漲,Disc=0.98 10D超額=+18.9% 產業超額=+13.9% outperf10=60% RSaccel=+0.0128 觸發=indep regime=MARKET_SIDEWAYS,-0.00596828,-0.00149207,-0.0236423,0.0433281,6,0.978166,0.854621,0.189274,0.138845,0.6,0.0128096,2,0.138278,0.0281073,MARKET_SIDEWAYS
1472,三洋實業,紡織纖維,STRICT_OOS,2025-04-22,2025-04-23,104.26,0.25,99,0.0504508,2025-04-24,102.244,F3_RS_FAILURE,試單後相對大盤落後 ≤ -4%（RS 失敗）,Disc=0.97 10D超額=+10.3% 產業超額=+11.5% outperf10=50% RSaccel=-0.0040 觸發=indep regime=MARKET_SIDEWAYS,-0.0237952,-0.00594879,-0.0168809,0,2,0.974965,0.728028,0.102814,0.114587,0.5,-0.00402853,3,0.0415603,0.0682073,MARKET_SIDEWAYS
1476,儒鴻,紡織纖維,DISCOVERY,2023-10-18,2023-10-19,535.335,0.25,498.5,0.0688074,2023-10-26,522.69,F4_TIME_5D,時間停損：_5日內未上漲,Disc=0.96 10D超額=+7.5% 產業超額=+7.5% outperf10=50% RSaccel=+0.0196 觸發=indep regime=MARKET_SIDEWAYS,-0.0280676,-0.00701689,-0.0342496,0.0031102,6,0.955994,0.821462,0.0750301,0.0748956,0.5,0.0195745,2,0.0656556,0.0210674,MARKET_SIDEWAYS
1476,儒鴻,紡織纖維,STRICT_OOS,2026-07-14,2026-07-15,342.354,0.25,330,0.0360847,2026-07-15,329.175,F1_PROBE_LOW,跌破 Probe Low（盤中停損）,Disc=0.97 10D超額=+6.1% 產業超額=+6.1% outperf10=70% RSaccel=+0.0039 觸發=indep regime=MARKET_SIDEWAYS,-0.0429079,-0.010727,,,1,0.971922,0.825663,0.0611207,0.0609125,0.7,0.00393854,3,0.0569231,0.0297359,MARKET_SIDEWAYS
1477,聚陽,紡織纖維,DISCOVERY,2024-03-19,2024-03-20,403.005,0.25,386,0.0421955,2024-03-27,399.998,F4_TIME_5D,時間停損：_5日內未上漲,Disc=0.97 10D超額=+6.7% 產業超額=+10.6% outperf10=70% RSaccel=+0.0157 觸發=indep regime=MARKET_UP,-0.0119459,-0.00298647,-0.021104,0.0223198,6,0.972191,0.880797,0.0665283,0.106221,0.7,0.0156895,2,0.0687023,0.0228926,MARKET_UP
1477,聚陽,紡織纖維,DISCOVERY,2024-07-01,2024-07-02,434.584,0.25,398,0.0841812,2024-07-05,421.942,F3_RS_FAILURE,試單後相對大盤落後 ≤ -4%（RS 失敗）,Disc=0.96 10D超額=+10.3% 產業超額=+15.4% outperf10=60% RSaccel=+0.0209 觸發=indep regime=MARKET_UP,-0.0335227,-0.00838068,-0.0427622,0.0400757,4,0.962004,0.92619,0.102954,0.153918,0.6,0.0209031,2,0.0903584,0.0250496,MARKET_UP
1477,聚陽,紡織纖維,DISCOVERY,2024-07-19,2024-07-22,459.646,0.25,443,0.0362153,2024-07-22,441.893,F1_PROBE_LOW,跌破 Probe Low（盤中停損）,Disc=0.96 10D超額=+12.8% 產業超額=+11.7% outperf10=50% RSaccel=+0.0112 觸發=indep regime=MARKET_SIDEWAYS,-0.0430379,-0.0107595,,,1,0.963955,0.840826,0.128234,0.117396,0.5,0.0112352,3,0.0925503,0.029813,MARKET_SIDEWAYS
1477,聚陽,紡織纖維,STRICT_OOS,2025-07-04,2025-07-07,255.136,0.25,240,0.0593262,2025-07-11,249.375,F2_STRUCTURE,收盤跌破 MA10 且低於成本（短結構失敗）,Disc=0.96 10D超額=+10.3% 產業超額=+8.2% outperf10=60% RSaccel=+0.0182 觸發=indep regime=MARKET_SIDEWAYS,-0.0270303,-0.00675757,-0.0318898,0,5,0.959276,0.855083,0.103068,0.0819366,0.6,0.0181753,2,0.0586404,0.0359944,MARKET_SIDEWAYS
1519,華城,電機機械,DISCOVERY,2023-05-31,2023-06-01,146.365,0.25,136.5,0.0674,2023-06-14,148.129,F3_RS_FAILURE,試單後相對大盤落後 ≤ -4%（RS 失敗）,Disc=0.95 10D超額=+31.4% 產業超額=+28.3% outperf10=90% RSaccel=-0.0144 觸發=indep regime=MARKET_UP,0.00752323,0.00188081,-0.0298227,0.144399,10,0.954608,0.813747,0.314094,0.282717,0.9,-0.0144244,2,0.220179,0.0569951,MARKET_UP
1519,華城,電機機械,DISCOVERY,2023-08-31,2023-09-01,310.775,0.25,278.5,0.103853,2023-09-04,294.262,F3_RS_FAILURE,試單後相對大盤落後 ≤ -4%（RS 失敗）,Disc=0.99 10D超額=+26.2% 產業超額=+25.1% outperf10=70% RSaccel=-0.0108 觸發=indep regime=MARKET_SIDEWAYS,-0.0575137,-0.0143784,-0.066849,0.0425549,2,0.986607,0.81374,0.261933,0.250727,0.7,-0.0108314,2,0.222574,0.0666587,MARKET_SIDEWAYS
1519,華城,電機機械,DISCOVERY,2023-10-04,2023-10-05,273.682,0.25,258,0.0573018,2023-10-19,266.831,F2_STRUCTURE,收盤跌破 MA10 且低於成本（短結構失敗）,Disc=0.97 10D超額=+16.5% 產業超額=+13.2% outperf10=60% RSaccel=+0.0065 觸發=indep regime=MARKET_SIDEWAYS,-0.0294772,-0.00736931,-0.0134554,0.125392,9,0.970588,0.738066,0.164974,0.132221,0.6,0.00647195,2,0.0343842,0.0531439,MARKET_SIDEWAYS
1519,華城,電機機械,DISCOVERY,2023-12-12,2023-12-13,358.895,0.25,330.5,0.0791179,2023-12-18,345.135,F3_RS_FAILURE,試單後相對大盤落後 ≤ -4%（RS 失敗）,Disc=0.96 10D超額=+28.6% 產業超額=+25.2% outperf10=80% RSaccel=-0.0190 觸發=indep regime=MARKET_UP,-0.0427536,-0.0106884,-0.0331434,0.0351217,4,0.955844,0.794931,0.285888,0.252295,0.8,-0.0190344,3,0.199461,0.0594904,MARKET_UP
1519,華城,電機機械,DISCOVERY,2024-01-12,2024-01-15,381.952,0.25,348.5,0.0875828,2024-01-19,363.589,F2_STRUCTURE,收盤跌破 MA10 且低於成本（短結構失敗）,Disc=0.98 10D超額=+8.5% 產業超額=+10.4% outperf10=70% RSaccel=+0.0077 觸發=indep regime=MARKET_SIDEWAYS,-0.0524704,-0.0131176,-0.0574744,0.0407053,5,0.979856,0.858971,0.0854145,0.103532,0.7,0.00774016,3,0.0929769,0.0587838,MARKET_SIDEWAYS
1519,華城,電機機械,STRICT_OOS,2025-06-16,2025-06-17,534.332,0.25,486,0.090454,2025-07-15,621.442,PROBE_MAX_LIFE,20 日內未確認,Disc=0.99 10D超額=+14.2% 產業超額=+14.9% outperf10=60% RSaccel=+0.0235 觸發=indep regime=MARKET_SIDEWAYS,0.158159,0.0395398,-0.00436526,0.17717,21,0.985007,0.873624,0.142014,0.14894,0.6,0.0235478,2,0.109652,0.0320617,MARKET_SIDEWAYS
1519,華城,電機機械,STRICT_OOS,2026-07-27,2026-07-28,711.775,0.25,693,0.0263777,2026-07-28,691.268,F1_PROBE_LOW,跌破 Probe Low（盤中停損）,Disc=0.96 10D超額=+3.8% 產業超額=+8.6% outperf10=60% RSaccel=+0.0176 觸發=indep regime=MARKET_SIDEWAYS,-0.0332469,-0.00831174,,,1,0.958091,0.739294,0.0384819,0.0860876,0.6,0.0176155,1,0.0021366,0.0381214,MARKET_SIDEWAYS
1522,堤維西,汽車工業,DISCOVERY,2023-09-18,2023-09-19,45.1125,0.25,41.7,0.0756442,2023-09-26,45.3364,F4_TIME_5D,時間停損：_5日內未上漲,Disc=1.00 10D超額=+28.9% 產業超額=+26.4% outperf10=80% RSaccel=+0.0052 觸發=indep regime=MARKET_SIDEWAYS,0.000451409,0.000112852,-0.0723192,0.0152397,6,0.998464,0.943462,0.28929,0.263722,0.8,0.0051806,3,0.249292,0.0397635,MARKET_SIDEWAYS
1522,堤維西,汽車工業,STRICT_OOS,2026-01-21,2026-01-22,53.8343,0.25,50.4,0.063793,2026-01-23,50.274,F1_PROBE_LOW,跌破 Probe Low（盤中停損）,Disc=0.96 10D超額=+14.0% 產業超額=+12.5% outperf10=70% RSaccel=+0.0131 觸發=indep regime=MARKET_UP,-0.0704848,-0.0176212,-0.0377873,0,2,0.959647,0.869619,0.140208,0.125236,0.7,0.0130757,3,0.116988,0.030303,MARKET_UP
1524,耿鼎,汽車工業,DISCOVERY,2023-12-13,2023-12-14,38.095,0.25,36.5,0.041869,2023-12-14,36.4088,F1_PROBE_LOW,跌破 Probe Low（盤中停損）,Disc=0.99 10D超額=+25.7% 產業超額=+23.6% outperf10=60% RSaccel=+0.0159 觸發=indep regime=MARKET_SIDEWAYS,-0.0486647,-0.0121662,,,1,0.994798,0.87496,0.257232,0.235696,0.6,0.0158523,4,0.195935,0.0386787,MARKET_SIDEWAYS
1524,耿鼎,汽車工業,DISCOVERY,2024-11-13,2024-11-14,38.496,0.25,35.55,0.0765275,2024-11-21,37.3065,F4_TIME_5D,時間停損：_5日內未上漲,Disc=0.97 10D超額=+10.0% 產業超額=+9.9% outperf10=60% RSaccel=+0.0238 觸發=indep regime=MARKET_SIDEWAYS,-0.0353298,-0.00883245,-0.0440565,0.0156899,6,0.974651,0.861312,0.100037,0.0992921,0.6,0.0237656,2,0.0767613,0.0366443,MARKET_SIDEWAYS
1529,樂事綠能,電機機械,DISCOVERY,2023-01-17,2023-01-30,24.3607,0.25,22.45,0.0784355,2023-02-06,23.94,F3_RS_FAILURE,試單後相對大盤落後 ≤ -4%（RS 失敗）,Disc=0.97 10D超額=+7.7% 產業超額=+10.6% outperf10=50% RSaccel=-0.0072 觸發=indep regime=MARKET_SIDEWAYS,-0.0217328,-0.00543319,-0.0353335,0.0241885,6,0.971374,0.757151,0.0769291,0.106423,0.5,-0.00716399,2,0.106501,0.0498512,MARKET_SIDEWAYS
1529,樂事綠能,電機機械,DISCOVERY,2023-12-28,2023-12-29,33.9847,0.25,31.6,0.0701712,2024-01-02,32.3689,F3_RS_FAILURE,試單後相對大盤落後 ≤ -4%（RS 失敗）,Disc=0.96 10D超額=+1.4% 產業超額=+3.4% outperf10=20% RSaccel=+0.0115 觸發=indep regime=MARKET_UP,-0.0519401,-0.012985,-0.0539875,0.00927622,2,0.955645,0.675193,0.0141712,0.0337491,0.2,0.0114646,1,0.0246365,0.0351891,MARKET_UP
1560,中砂,電機機械,DISCOVERY,2023-11-01,2023-11-02,170.926,0.25,161,0.0580733,2023-11-08,170.572,F3_RS_FAILURE,試單後相對大盤落後 ≤ -4%（RS 失敗）,Disc=0.95 10D超額=+7.4% 產業超額=+9.1% outperf10=60% RSaccel=+0.0017 觸發=indep regime=MARKET_SIDEWAYS,-0.00656495,-0.00164124,-0.0375966,0.0735624,5,0.950388,0.816271,0.0743167,0.0910486,0.6,0.00167545,1,0.0377213,0.0303095,MARKET_SIDEWAYS
1560,中砂,電機機械,DISCOVERY,2024-05-30,2024-05-31,299.246,0.25,273,0.0877079,2024-05-31,272.317,F1_PROBE_LOW,跌破 Probe Low（盤中停損）,Disc=0.98 10D超額=+21.8% 產業超額=+19.8% outperf10=80% RSaccel=+0.0213 觸發=indep regime=MARKET_UP,-0.0942861,-0.0235715,,,1,0.979052,0.922999,0.218248,0.197634,0.8,0.0212865,3,0.148019,0.0335992,MARKET_UP
1560,中砂,電機機械,DISCOVERY,2024-07-01,2024-07-02,342.855,0.25,323.5,0.0564525,2024-07-17,335.659,F2_STRUCTURE,收盤跌破 MA10 且低於成本（短結構失敗）,Disc=0.96 10D超額=+17.1% 產業超額=+18.5% outperf10=60% RSaccel=+0.0195 觸發=indep regime=MARKET_UP,-0.0143043,-0.00357607,-0.0229106,0.0879235,12,0.963656,0.865705,0.170857,0.184984,0.6,0.0195134,1,0.150671,0.0429607,MARKET_UP
1569,濱川,電腦及週邊設備業,STRICT_OOS,2025-03-27,2025-03-28,79.0973,0.25,75.6,0.0442145,2025-03-28,75.411,F1_PROBE_LOW,跌破 Probe Low（盤中停損）,Disc=0.98 10D超額=+18.6% 產業超額=+20.8% outperf10=90% RSaccel=-0.0081 觸發=indep regime=MARKET_DOWN,-0.0509991,-0.0127498,,,1,0.975968,0.77483,0.186187,0.208119,0.9,-0.00812221,2,0.047519,0.0633727,MARKET_DOWN
1584,精剛,其他,STRICT_OOS,2025-04-17,2025-04-18,30.8269,0.25,28.3,0.0819699,2025-04-22,28.0796,F3_RS_FAILURE,試單後相對大盤落後 ≤ -4%（RS 失敗）,Disc=0.96 10D超額=+9.0% 產業超額=+10.0% outperf10=70% RSaccel=+0.0212 觸發=indep regime=MARKET_SIDEWAYS,-0.0934182,-0.0233545,-0.0803479,0,3,0.963014,0.859781,0.089609,0.100232,0.7,0.0212145,1,0.0540749,0.0775842,MARKET_SIDEWAYS
1590,亞德客-KY,電機機械,DISCOVERY,2023-10-18,2023-10-19,1107.76,0.25,1045,0.056657,2023-10-20,1032.41,F3_RS_FAILURE,試單後相對大盤落後 ≤ -4%（RS 失敗）,Disc=0.97 10D超額=+10.7% 產業超額=+16.6% outperf10=60% RSaccel=+0.0124 觸發=indep regime=MARKET_SIDEWAYS,-0.072367,-0.0180917,-0.0521434,0,2,0.966616,0.922511,0.106533,0.166285,0.6,0.0124241,1,0.103812,0.0338074,MARKET_SIDEWAYS
1605,華新,電器電纜,DISCOVERY,2024-09-27,2024-09-30,35.9898,0.25,32.8,0.0886294,2024-10-08,34.0646,F3_RS_FAILURE,試單後相對大盤落後 ≤ -4%（RS 失敗）,Disc=0.97 10D超額=+7.1% 產業超額=+4.9% outperf10=50% RSaccel=+0.0182 觸發=indep regime=MARKET_SIDEWAYS,-0.0578706,-0.0144676,-0.0566759,0.000284803,5,0.972222,0.832007,0.0709878,0.0492118,0.5,0.0181655,1,0.0803829,0.0277275,MARKET_SIDEWAYS
1605,華新,電器電纜,STRICT_OOS,2025-10-22,2025-10-23,30.075,0.25,28.75,0.0440565,2025-10-27,30.0248,F2_STRUCTURE,收盤跌破 MA10 且低於成本（短結構失敗）,Disc=0.96 10D超額=+7.2% 產業超額=+12.4% outperf10=50% RSaccel=-0.0064 觸發=indep regime=MARKET_UP,-0.00616705,-0.00154176,-0.0307564,0,2,0.957026,0.656802,0.0722306,0.124101,0.5,-0.00642754,2,0.0962882,0.0652791,MARKET_UP
1702,南僑,食品工業,DISCOVERY,2024-10-04,2024-10-07,61.353,0.25,55.3,0.0986586,2024-10-09,58.9522,F3_RS_FAILURE,試單後相對大盤落後 ≤ -4%（RS 失敗）,Disc=0.98 10D超額=+9.9% 產業超額=+14.9% outperf10=40% RSaccel=+0.0314 觸發=indep regime=MARKET_SIDEWAYS,-0.0435421,-0.0108855,-0.0448715,0.0186951,3,0.97995,0.851804,0.0990417,0.149155,0.4,0.0313502,2,0.111523,0.0233333,MARKET_SIDEWAYS
1708,東鹼,化學生技醫療,DISCOVERY,2024-11-15,2024-11-18,44.0097,0.25,41.8,0.0502105,2024-11-25,42.693,F2_STRUCTURE,收盤跌破 MA10 且低於成本（短結構失敗）,Disc=0.98 10D超額=+7.6% 產業超額=+12.1% outperf10=70% RSaccel=+0.0073 觸發=indep regime=MARKET_SIDEWAYS,-0.0343522,-0.00858805,-0.0388494,0.0100035,6,0.979487,0.881313,0.0760795,0.120999,0.7,0.00733435,3,0.0740419,0.0287859,MARKET_SIDEWAYS
1712,興農,化學生技醫療,DISCOVERY,2024-07-22,2024-07-23,48.6212,0.25,43.7,0.101216,2024-07-31,45.5858,F3_RS_FAILURE,試單後相對大盤落後 ≤ -4%（RS 失敗）,Disc=0.98 10D超額=+11.7% 產業超額=+9.0% outperf10=60% RSaccel=+0.0324 觸發=indep regime=MARKET_SIDEWAYS,-0.0667911,-0.0166978,-0.0950459,0,5,0.975207,0.892258,0.117,0.0895016,0.6,0.0324057,2,0.0565359,0.0202128,MARKET_SIDEWAYS
1717,長興,化學生技醫療,DISCOVERY,2024-09-27,2024-09-30,34.887,0.25,32.65,0.0641213,2024-10-08,33.0173,F2_STRUCTURE,收盤跌破 MA10 且低於成本（短結構失敗）,Disc=0.97 10D超額=+10.5% 產業超額=+5.8% outperf10=40% RSaccel=+0.0019 觸發=indep regime=MARKET_SIDEWAYS,-0.0579739,-0.0144935,-0.0583885,0.00180583,5,0.969697,0.791339,0.104928,0.0582067,0.4,0.00194188,1,0.120807,0.0266327,MARKET_SIDEWAYS
1720,生達,生技醫療業,DISCOVERY,2024-07-26,2024-07-29,79.1975,0.25,73.1,0.076991,2024-07-31,74.8125,F2_STRUCTURE,收盤跌破 MA10 且低於成本（短結構失敗）,Disc=0.98 10D超額=+16.9% 產業超額=+11.3% outperf10=80% RSaccel=+0.0218 觸發=indep regime=MARKET_SIDEWAYS,-0.0597433,-0.0149358,-0.0668897,0.0025569,3,0.983193,0.958501,0.168666,0.112719,0.8,0.0218164,2,0.0635854,0.0247776,MARKET_SIDEWAYS
1723,中碳,化學工業,STRICT_OOS,2026-07-23,2026-07-24,89.2225,0.25,85.3,0.0439631,2026-07-28,84.987,F2_STRUCTURE,收盤跌破 MA10 且低於成本（短結構失敗）,Disc=0.97 10D超額=+12.6% 產業超額=+21.0% outperf10=60% RSaccel=-0.0221 觸發=indep regime=MARKET_SIDEWAYS,-0.0518644,-0.0129661,-0.0439631,0.0120766,3,0.972696,0.737913,0.126441,0.21047,0.6,-0.0221091,1,0.0617121,0.0407317,MARKET_SIDEWAYS
1734,杏輝,生技醫療業,DISCOVERY,2024-03-11,2024-03-12,35.9897,0.25,34.45,0.042783,2024-03-19,35.7105,F4_TIME_5D,時間停損：_5日內未上漲,Disc=0.97 10D超額=+3.5% 產業超額=+10.1% outperf10=40% RSaccel=+0.0169 觸發=indep regime=MARKET_UP,-0.0122417,-0.00306042,-0.0205545,0.00584196,6,0.969388,0.797905,0.0350361,0.101265,0.4,0.0169342,1,0.0735557,0.015851,MARKET_UP
1773,勝一,化學工業,DISCOVERY,2024-08-30,2024-09-02,165.412,0.25,159,0.0387667,2024-09-03,158.602,F1_PROBE_LOW,跌破 Probe Low（盤中停損）,Disc=0.96 10D超額=+16.2% 產業超額=+10.7% outperf10=80% RSaccel=+0.0041 觸發=indep regime=MARKET_SIDEWAYS,-0.0455772,-0.0113943,-0.035744,0.00355173,2,0.958128,0.838024,0.16153,0.106663,0.8,0.00410576,2,0.114677,0.0363636,MARKET_SIDEWAYS
1783,和康生,生技醫療業,DISCOVERY,2023-04-24,2023-04-25,61.2527,0.25,57.6,0.059634,2023-04-27,58.8525,F2_STRUCTURE,收盤跌破 MA10 且低於成本（短結構失敗）,Disc=0.95 10D超額=+10.5% 產業超額=+6.8% outperf10=50% RSaccel=+0.0028 觸發=indep regime=MARKET_SIDEWAYS,-0.0435978,-0.0108995,-0.0563689,0.0105669,3,0.95176,0.693479,0.104513,0.0680653,0.5,0.00282244,3,0.0728036,0.0435796,MARKET_SIDEWAYS
1784,訊聯,生技醫療業,DISCOVERY,2023-05-10,2023-05-11,70.7765,0.25,67.8,0.042055,2023-05-11,67.6305,F1_PROBE_LOW,跌破 Probe Low（盤中停損）,Disc=0.98 10D超額=+19.0% 產業超額=+16.5% outperf10=70% RSaccel=-0.0119 觸發=indep regime=MARKET_SIDEWAYS,-0.0488498,-0.0122125,,,1,0.976378,0.814304,0.189604,0.164961,0.7,-0.0118922,1,0.207138,0.0583885,MARKET_SIDEWAYS
1784,訊聯,生技醫療業,DISCOVERY,2024-11-25,2024-11-26,97.443,0.25,92.7,0.0486746,2024-11-28,92.4683,F1_PROBE_LOW,跌破 Probe Low（盤中停損）,Disc=0.96 10D超額=+7.7% 產業超額=+7.7% outperf10=40% RSaccel=+0.0121 觸發=indep regime=MARKET_SIDEWAYS,-0.055438,-0.0138595,-0.0455959,0.00879489,3,0.962338,0.673681,0.0765396,0.0765221,0.4,0.0121289,3,0.0633188,0.0340276,MARKET_SIDEWAYS
1785,光洋科,其他電子業,DISCOVERY,2023-05-24,2023-05-25,39.3983,0.25,37,0.060872,2023-05-29,37.7055,F3_RS_FAILURE,試單後相對大盤落後 ≤ -4%（RS 失敗）,Disc=0.96 10D超額=+6.1% 產業超額=+5.4% outperf10=50% RSaccel=+0.0214 觸發=indep regime=MARKET_UP,-0.0473684,-0.0118421,-0.0519883,0.0101972,3,0.958042,0.78684,0.0609642,0.0541705,0.5,0.0213893,2,0.0835616,0.0201373,MARKET_UP
1785,光洋科,其他電子業,DISCOVERY,2024-12-06,2024-12-09,68.972,0.25,62.8,0.0894856,2024-12-16,67.5308,F4_TIME_5D,時間停損：_5日內未上漲,Disc=0.97 10D超額=+10.3% 產業超額=+13.8% outperf10=50% RSaccel=+0.0203 觸發=indep regime=MARKET_SIDEWAYS,-0.0253491,-0.00633729,-0.0387404,0.0250536,6,0.967062,0.811973,0.102706,0.13804,0.5,0.0203095,2,0.0982237,0.0292256,MARKET_SIDEWAYS
1786,科妍,生技醫療業,DISCOVERY,2023-04-24,2023-04-25,76.19,0.25,71.3,0.0641816,2023-04-26,71.1217,F1_PROBE_LOW,跌破 Probe Low（盤中停損）,Disc=0.96 10D超額=+12.7% 產業超額=+9.0% outperf10=70% RSaccel=+0.0059 觸發=indep regime=MARKET_SIDEWAYS,-0.0708715,-0.0177179,-0.0549941,0,2,0.958279,0.873412,0.126814,0.0896185,0.7,0.00589255,2,0.105133,0.0380639,MARKET_SIDEWAYS
1786,科妍,生技醫療業,STRICT_OOS,2025-01-09,2025-01-10,113.282,0.25,111,0.0201488,2025-01-10,110.722,F1_PROBE_LOW,跌破 Probe Low（盤中停損）,Disc=0.96 10D超額=+21.5% 產業超額=+18.1% outperf10=80% RSaccel=-0.0001 觸發=indep regime=MARKET_SIDEWAYS,-0.0270476,-0.00676189,,,1,0.958274,0.918046,0.214894,0.180987,0.8,-0.000110417,1,0.15105,0.037406,MARKET_SIDEWAYS
1789,神隆,生技醫療業,DISCOVERY,2023-04-27,2023-04-28,28.5712,0.25,27,0.0549941,2023-05-08,28.2293,F4_TIME_5D,時間停損：_5日內未上漲,Disc=0.95 10D超額=+9.9% 產業超額=+9.2% outperf10=70% RSaccel=+0.0133 觸發=indep regime=MARKET_DOWN,-0.0164432,-0.00411079,-0.0182439,0.0202564,6,0.953887,0.868676,0.0988868,0.0922079,0.7,0.0133069,1,0.0564629,0.0235992,MARKET_DOWN
1808,潤隆,建材營造,STRICT_OOS,2025-07-07,2025-07-08,34.2855,0.25,32.8,0.0433273,2025-07-08,32.718,F1_PROBE_LOW,跌破 Probe Low（盤中停損）,Disc=0.98 10D超額=+16.8% 產業超額=+17.0% outperf10=70% RSaccel=+0.0053 觸發=indep regime=MARKET_SIDEWAYS,-0.0501162,-0.012529,,,1,0.984686,0.907742,0.167594,0.169674,0.7,0.00532292,1,0.111022,0.0362828,MARKET_SIDEWAYS
1808,潤隆,建材營造,STRICT_OOS,2025-10-31,2025-11-03,38.3456,0.25,35.25,0.0807296,2025-11-05,36.8576,F2_STRUCTURE,收盤跌破 MA10 且低於成本（短結構失敗）,Disc=0.96 10D超額=+17.0% 產業超額=+17.7% outperf10=80% RSaccel=-0.0073 觸發=indep regime=MARKET_UP,-0.0432177,-0.0108044,-0.0455235,0.0483595,3,0.956967,0.866505,0.170046,0.176912,0.8,-0.00732945,3,0.164662,0.0353383,MARKET_UP
1808,潤隆,建材營造,STRICT_OOS,2026-07-17,2026-07-20,32.6314,0.25,30.7,0.0591877,2026-07-22,31.7205,F3_RS_FAILURE,試單後相對大盤落後 ≤ -4%（RS 失敗）,Disc=0.97 10D超額=+17.3% 產業超額=+7.5% outperf10=70% RSaccel=+0.0204 觸發=indep regime=MARKET_SIDEWAYS,-0.0323513,-0.00808782,-0.0254778,0,3,0.974697,0.794321,0.173135,0.0754737,0.7,0.020363,3,0.0479212,0.0242902,MARKET_SIDEWAYS
1815,富喬,電子零組件業,DISCOVERY,2024-05-08,2024-05-09,20.1001,0.25,18.25,0.0920454,2024-05-10,19.3016,F3_RS_FAILURE,試單後相對大盤落後 ≤ -4%（RS 失敗）,Disc=0.95 10D超額=+9.3% 產業超額=+7.2% outperf10=60% RSaccel=+0.0117 觸發=indep regime=MARKET_SIDEWAYS,-0.0441368,-0.0110342,-0.0472696,0.00745642,2,0.950058,0.796542,0.0925008,0.0718015,0.6,0.0117005,1,0.0812294,0.0395214,MARKET_SIDEWAYS
1815,富喬,電子零組件業,STRICT_OOS,2025-03-26,2025-03-27,34.7366,0.25,33.15,0.0456758,2025-03-28,33.0671,F1_PROBE_LOW,跌破 Probe Low（盤中停損）,Disc=0.96 10D超額=+9.3% 產業超額=+8.7% outperf10=70% RSaccel=+0.0165 觸發=indep regime=MARKET_SIDEWAYS,-0.0524535,-0.0131134,-0.0197666,0.0133397,2,0.956175,0.834063,0.0932876,0.0872743,0.7,0.0165082,1,0.0566209,0.0400697,MARKET_SIDEWAYS
1905,華紙,造紙工業,DISCOVERY,2024-09-27,2024-09-30,22.1552,0.25,20.3,0.0837387,2024-10-08,20.9475,F3_RS_FAILURE,試單後相對大盤落後 ≤ -4%（RS 失敗）,Disc=0.97 10D超額=+8.3% 產業超額=+8.3% outperf10=40% RSaccel=+0.0083 觸發=indep regime=MARKET_SIDEWAYS,-0.0588904,-0.0147226,-0.067941,0.00427664,5,0.968434,0.815119,0.0829387,0.0829387,0.4,0.00831056,1,0.11013,0.0301948,MARKET_SIDEWAYS
1907,永豐餘,造紙工業,DISCOVERY,2023-04-26,2023-04-27,31.4785,0.25,29.65,0.0580873,2023-05-11,31.3215,F2_STRUCTURE,收盤跌破 MA10 且低於成本（短結構失敗）,Disc=0.99 10D超額=+17.9% 產業超額=+10.6% outperf10=70% RSaccel=+0.0079 觸發=indep regime=MARKET_DOWN,-0.0094763,-0.00236907,-0.0310847,0.0562765,10,0.985564,0.930865,0.179187,0.105567,0.7,0.00793517,2,0.129793,0.0353206,MARKET_DOWN
1907,永豐餘,造紙工業,DISCOVERY,2024-09-30,2024-10-01,33.283,0.25,31.75,0.0460595,2024-10-09,32.2192,F2_STRUCTURE,收盤跌破 MA10 且低於成本（短結構失敗）,Disc=0.98 10D超額=+8.6% 產業超額=+8.6% outperf10=70% RSaccel=+0.0159 觸發=indep regime=MARKET_SIDEWAYS,-0.0363889,-0.00909722,-0.0355437,0.00201303,5,0.978697,0.900524,0.0856586,0.0856586,0.7,0.0158526,2,0.0856908,0.019098,MARKET_SIDEWAYS
1907,永豐餘,造紙工業,STRICT_OOS,2026-07-30,2026-07-31,28.872,0.25,27.9,0.0336658,2026-08-13,29.925,F3_RS_FAILURE,試單後相對大盤落後 ≤ -4%（RS 失敗）,Disc=0.99 10D超額=+14.6% 產業超額=+14.6% outperf10=50% RSaccel=+0.0242 觸發=indep regime=MARKET_DOWN,0.0318893,0.00797232,-0.0128845,0.0840953,10,0.98829,0.848699,0.145876,0.145876,0.5,0.0241885,2,0.0425269,0.0257389,MARKET_DOWN
1909,榮成,造紙工業,DISCOVERY,2023-01-04,2023-01-05,17.2931,0.25,16.05,0.0718856,2023-01-10,17.2069,F3_RS_FAILURE,試單後相對大盤落後 ≤ -4%（RS 失敗）,Disc=0.98 10D超額=+13.4% 產業超額=+13.4% outperf10=70% RSaccel=+0.0113 觸發=indep regime=MARKET_SIDEWAYS,-0.00947631,-0.00236908,-0.0256243,0.0264194,4,0.975652,0.895535,0.133708,0.133708,0.7,0.0113286,1,0.0918351,0.0297793,MARKET_SIDEWAYS
2002,中鋼,鋼鐵工業,DISCOVERY,2024-09-27,2024-09-30,23.5086,0.25,21.5,0.0854421,2024-10-11,22.7929,F2_STRUCTURE,收盤跌破 MA10 且低於成本（短結構失敗）,Disc=0.97 10D超額=+6.5% 產業超額=+3.7% outperf10=50% RSaccel=+0.0138 觸發=indep regime=MARKET_SIDEWAYS,-0.0348778,-0.00871945,-0.034397,0.018775,7,0.97096,0.774452,0.0646319,0.0372982,0.5,0.0138481,1,0.0815873,0.0221088,MARKET_SIDEWAYS
2002,中鋼,鋼鐵工業,STRICT_OOS,2025-01-21,2025-01-22,20.3507,0.25,19.05,0.0639166,2025-02-07,19.8503,F4_TIME_5D,時間停損：_5日內未上漲,Disc=0.96 10D超額=+7.6% 產業超額=+5.2% outperf10=60% RSaccel=+0.0119 觸發=indep regime=MARKET_SIDEWAYS,-0.0290383,-0.00725959,-0.0368905,0,6,0.962099,0.834535,0.0755376,0.0521725,0.6,0.0119389,1,0.0442915,0.0229211,MARKET_SIDEWAYS
2006,東和鋼鐵,鋼鐵工業,DISCOVERY,2024-07-22,2024-07-23,73.8843,0.25,70.6,0.0444513,2024-08-01,73.9147,F4_TIME_5D,時間停損：_5日內未上漲,Disc=0.95 10D超額=+10.0% 產業超額=+6.6% outperf10=60% RSaccel=+0.0285 觸發=indep regime=MARKET_SIDEWAYS,-0.00408812,-0.00102203,-0.0227958,0.00698052,6,0.952479,0.891397,0.100106,0.0656194,0.6,0.0285444,3,0.0390526,0.0149254,MARKET_SIDEWAYS
2006,東和鋼鐵,鋼鐵工業,STRICT_OOS,2026-03-09,2026-03-10,81.1022,0.25,77.6,0.0431831,2026-03-13,77.406,F1_PROBE_LOW,跌破 Probe Low（盤中停損）,Disc=0.96 10D超額=+21.7% 產業超額=+17.6% outperf10=60% RSaccel=+0.0060 觸發=indep regime=MARKET_DOWN,-0.0499726,-0.0124931,-0.00865882,0.0357296,4,0.964912,0.879206,0.216908,0.175869,0.6,0.00596803,4,0.096206,0.0254282,MARKET_DOWN
2009,第一銅,鋼鐵工業,DISCOVERY,2024-09-27,2024-09-30,49.1225,0.25,45.05,0.082905,2024-10-01,44.9374,F1_PROBE_LOW,跌破 Probe Low（盤中停損）,Disc=0.99 10D超額=+17.5% 產業超額=+15.8% outperf10=70% RSaccel=+0.0048 觸發=indep regime=MARKET_SIDEWAYS,-0.089506,-0.0223765,-0.0513512,0.00870273,2,0.988636,0.901088,0.175496,0.157668,0.7,0.00483036,1,0.160922,0.0322344,MARKET_SIDEWAYS
2014,中鴻,鋼鐵工業,STRICT_OOS,2025-02-03,2025-02-04,19.5487,0.25,18.85,0.0357439,2025-02-05,18.8029,F1_PROBE_LOW,跌破 Probe Low（盤中停損）,Disc=0.98 10D超額=+17.7% 產業超額=+9.0% outperf10=70% RSaccel=+0.0137 觸發=indep regime=MARKET_SIDEWAYS,-0.0425687,-0.0106422,-0.0280708,0,2,0.982482,0.922511,0.177456,0.0904234,0.7,0.0136788,2,0.0968921,0.0304029,MARKET_SIDEWAYS
2015,豐興,鋼鐵工業,STRICT_OOS,2025-03-19,2025-03-20,77.794,0.25,73.7,0.0526261,2025-03-21,75.012,F3_RS_FAILURE,試單後相對大盤落後 ≤ -4%（RS 失敗）,Disc=0.96 10D超額=+7.8% 產業超額=+5.0% outperf10=70% RSaccel=+0.0038 觸發=indep regime=MARKET_DOWN,-0.0401806,-0.0100452,-0.0346299,0,2,0.959157,0.852473,0.0778771,0.0497879,0.7,0.00381181,2,0.0508941,0.0221578,MARKET_DOWN
2017,官田鋼,鋼鐵工業,DISCOVERY,2023-03-13,2023-03-14,20.1502,0.25,18.95,0.059565,2023-03-15,18.9026,F1_PROBE_LOW,跌破 Probe Low（盤中停損）,Disc=0.96 10D超額=+7.9% 產業超額=+9.0% outperf10=70% RSaccel=+0.0060 觸發=indep regime=MARKET_SIDEWAYS,-0.0662768,-0.0165692,-0.024826,0.0173571,2,0.957064,0.892369,0.0787858,0.0903538,0.7,0.00596462,2,0.0882873,0.0307143,MARKET_SIDEWAYS
2027,大成鋼,鋼鐵工業,DISCOVERY,2024-07-26,2024-07-29,39.7491,0.25,38.2,0.0389726,2024-08-02,38.1045,F1_PROBE_LOW,跌破 Probe Low（盤中停損）,Disc=0.97 10D超額=+16.2% 產業超額=+11.1% outperf10=70% RSaccel=+0.0088 觸發=indep regime=MARKET_SIDEWAYS,-0.045782,-0.0114455,-0.0301673,0,5,0.971639,0.925571,0.162085,0.110611,0.7,0.00878603,3,0.0576217,0.020202,MARKET_SIDEWAYS
2027,大成鋼,鋼鐵工業,STRICT_OOS,2025-03-06,2025-03-07,50.8268,0.25,47.05,0.0743063,2025-03-12,49.7753,F2_STRUCTURE,收盤跌破 MA10 且低於成本（短結構失敗）,Disc=0.99 10D超額=+18.5% 產業超額=+9.9% outperf10=70% RSaccel=-0.0020 觸發=indep regime=MARKET_SIDEWAYS,-0.0251414,-0.00628534,-0.0487293,0.0270183,4,0.986702,0.827349,0.184707,0.0991008,0.7,-0.00201452,2,0.133721,0.0423359,MARKET_SIDEWAYS
2028,威致,鋼鐵工業,DISCOVERY,2023-01-31,2023-02-01,31.5787,0.25,28.6,0.0943277,2023-02-03,30.8227,F3_RS_FAILURE,試單後相對大盤落後 ≤ -4%（RS 失敗）,Disc=0.95 10D超額=+6.4% 產業超額=+7.2% outperf10=50% RSaccel=+0.0100 觸發=indep regime=MARKET_UP,-0.0283863,-0.00709657,-0.0436607,0,3,0.954198,0.832603,0.064209,0.0718076,0.5,0.0100349,2,0.0915198,0.028733,MARKET_UP
2031,新光鋼,鋼鐵工業,DISCOVERY,2023-04-27,2023-04-28,49.8744,0.25,47.4,0.0496121,2023-05-02,47.2815,F1_PROBE_LOW,跌破 Probe Low（盤中停損）,Disc=0.97 10D超額=+11.8% 產業超額=+14.6% outperf10=50% RSaccel=-0.0193 觸發=indep regime=MARKET_DOWN,-0.0563712,-0.0140928,-0.0255517,0.00452387,2,0.968379,0.640656,0.118495,0.146244,0.5,-0.0192678,2,0.0459788,0.0428715,MARKET_DOWN
2031,新光鋼,鋼鐵工業,DISCOVERY,2023-05-23,2023-05-24,49.1225,0.25,45.7,0.0696728,2023-05-31,47.8301,F2_STRUCTURE,收盤跌破 MA10 且低於成本（短結構失敗）,Disc=0.96 10D超額=+7.7% 產業超額=+10.2% outperf10=40% RSaccel=+0.0152 觸發=indep regime=MARKET_UP,-0.03075,-0.0076875,-0.0401547,0.0280422,6,0.95574,0.672474,0.0768765,0.102116,0.4,0.015207,2,0.0511786,0.0345599,MARKET_UP
2034,允強,鋼鐵工業,STRICT_OOS,2025-02-24,2025-02-25,26.7166,0.25,25,0.064253,2025-03-05,26.6333,F2_STRUCTURE,收盤跌破 MA10 且低於成本（短結構失敗）,Disc=0.99 10D超額=+25.1% 產業超額=+19.6% outperf10=60% RSaccel=-0.0230 觸發=indep regime=MARKET_SIDEWAYS,-0.00761369,-0.00190342,-0.0399236,0.083595,6,0.987517,0.742718,0.251307,0.196,0.6,-0.0229883,2,0.189814,0.0526035,MARKET_SIDEWAYS
2059,川湖,電子零組件業,DISCOVERY,2024-11-11,2024-11-12,1423.55,0.25,1330,0.065716,2024-11-15,1326.67,F1_PROBE_LOW,跌破 Probe Low（盤中停損）,Disc=0.97 10D超額=+13.6% 產業超額=+18.7% outperf10=70% RSaccel=+0.0093 觸發=indep regime=MARKET_SIDEWAYS,-0.0723986,-0.0180997,-0.0481543,0.015068,4,0.972868,0.946105,0.135666,0.187085,0.7,0.0092761,1,0.169519,0.0433051,MARKET_SIDEWAYS
2059,川湖,電子零組件業,STRICT_OOS,2026-08-24,2026-08-25,14516.2,0.25,13310,0.0830934,2026-08-31,14214.4,F3_RS_FAILURE,試單後相對大盤落後 ≤ -4%（RS 失敗）,Disc=0.98 10D超額=+21.4% 產業超額=+19.9% outperf10=60% RSaccel=-0.0378 觸發=indep regime=MARKET_SIDEWAYS,-0.0217994,-0.00544985,-0.0455491,0.0241837,5,0.979087,0.78046,0.21412,0.199454,0.6,-0.0377503,2,0.290467,0.0581689,MARKET_SIDEWAYS
2062,橋椿,居家生活,DISCOVERY,2024-08-21,2024-08-22,39.2479,0.25,36.95,0.0585478,2024-08-23,36.8576,F1_PROBE_LOW,跌破 Probe Low（盤中停損）,Disc=0.97 10D超額=+11.1% 產業超額=+6.6% outperf10=60% RSaccel=+0.0054 觸發=indep regime=MARKET_SIDEWAYS,-0.0652644,-0.0163161,-0.0394384,0.0650258,2,0.965269,0.75957,0.111062,0.0662793,0.6,0.00543633,2,0.167501,0.0710627,MARKET_SIDEWAYS
2072,世紀風電,鋼鐵工業,DISCOVERY,2024-06-17,2024-06-18,473.08,0.25,444,0.061469,2024-06-18,442.89,F1_PROBE_LOW,跌破 Probe Low（盤中停損）,Disc=0.98 10D超額=+14.4% 產業超額=+18.7% outperf10=60% RSaccel=+0.0054 觸發=indep regime=MARKET_UP,-0.0681718,-0.0170429,,,1,0.981153,0.911726,0.143581,0.186678,0.6,0.00544458,3,0.12643,0.0353423,MARKET_UP
2072,世紀風電,鋼鐵工業,STRICT_OOS,2025-04-18,2025-04-21,250.354,0.25,232.5,0.0713163,2025-04-22,231.919,F1_PROBE_LOW,跌破 Probe Low（盤中停損）,Disc=0.97 10D超額=+9.1% 產業超額=+11.2% outperf10=nan% RSaccel=+0.0254 觸發=indep regime=MARKET_SIDEWAYS,-0.0779723,-0.0194931,-0.0653247,0.00857055,2,0.968407,,0.0908847,0.112494,,0.0253576,1,0.0236284,0.130645,MARKET_SIDEWAYS
2072,世紀風電,鋼鐵工業,STRICT_OOS,2025-06-30,2025-07-01,361.722,0.25,338.5,0.0641986,2025-07-04,337.654,F1_PROBE_LOW,跌破 Probe Low（盤中停損）,Disc=0.97 10D超額=+9.4% 產業超額=+11.7% outperf10=60% RSaccel=+0.0147 觸發=indep regime=MARKET_UP,-0.0708884,-0.0177221,-0.0241126,0.0256494,4,0.965046,0.895652,0.0935265,0.116647,0.6,0.0147239,1,0.0969004,0.0383108,MARKET_UP
2102,泰豐,橡膠工業,DISCOVERY,2024-10-08,2024-10-09,23.0575,0.25,21.7,0.0588745,2024-10-11,22.2941,F3_RS_FAILURE,試單後相對大盤落後 ≤ -4%（RS 失敗）,Disc=0.95 10D超額=+3.7% 產業超額=+4.9% outperf10=40% RSaccel=+0.0079 觸發=indep regime=MARKET_UP,-0.037533,-0.00938324,-0.0393581,0,2,0.953459,0.762732,0.0372074,0.0489752,0.4,0.0078923,2,0.0467503,0.0213196,MARKET_UP
2103,台橡,橡膠工業,DISCOVERY,2024-10-08,2024-10-09,25.6139,0.25,23.6,0.0786243,2024-10-11,24.1894,F3_RS_FAILURE,試單後相對大盤落後 ≤ -4%（RS 失敗）,Disc=0.97 10D超額=+7.7% 產業超額=+7.9% outperf10=50% RSaccel=+0.0095 觸發=indep regime=MARKET_UP,-0.0599893,-0.0149973,-0.0493434,0,2,0.973585,0.896391,0.0770063,0.0786856,0.5,0.0095474,2,0.099187,0.0163426,MARKET_UP
2105,正新,橡膠工業,STRICT_OOS,2025-04-21,2025-04-22,51.1275,0.25,48.6,0.0494352,2025-04-28,49.6256,F2_STRUCTURE,收盤跌破 MA10 且低於成本（短結構失敗）,Disc=0.96 10D超額=+14.8% 產業超額=+14.8% outperf10=50% RSaccel=+0.0129 觸發=indep regime=MARKET_SIDEWAYS,-0.033809,-0.00845225,-0.0376999,0.0170652,5,0.957359,0.866258,0.148162,0.148162,0.5,0.0129417,1,0.0591171,0.0471154,MARKET_SIDEWAYS
2201,裕隆,汽車工業,DISCOVERY,2024-05-08,2024-05-09,75.6888,0.25,71.6,0.0540206,2024-05-10,71.421,F1_PROBE_LOW,跌破 Probe Low（盤中停損）,Disc=0.96 10D超額=+7.4% 產業超額=+5.6% outperf10=50% RSaccel=+0.0059 觸發=indep regime=MARKET_SIDEWAYS,-0.0607587,-0.0151897,-0.0143846,0.00939704,2,0.958188,0.809208,0.0741831,0.0557543,0.5,0.00593351,1,0.095792,0.0305186,MARKET_SIDEWAYS
2201,裕隆,汽車工業,DISCOVERY,2024-09-27,2024-09-30,60.2503,0.25,57.1,0.0522861,2024-10-09,59.052,F4_TIME_5D,時間停損：_5日內未上漲,Disc=0.96 10D超額=+11.3% 產業超額=+12.2% outperf10=60% RSaccel=+0.0004 觸發=indep regime=MARKET_SIDEWAYS,-0.0243431,-0.00608579,-0.0257302,0.00912444,6,0.964646,0.84362,0.112978,0.121722,0.6,0.0003617,1,0.106712,0.0306632,MARKET_SIDEWAYS
2204,中華,汽車工業,DISCOVERY,2023-01-17,2023-01-30,58.546,0.25,53.2,0.0913128,2023-02-07,58.254,F4_TIME_5D,時間停損：_5日內未上漲,Disc=0.97 10D超額=+6.6% 產業超額=+11.0% outperf10=50% RSaccel=+0.0056 觸發=indep regime=MARKET_SIDEWAYS,-0.0094763,-0.00236908,-0.0264066,0.0419158,7,0.974237,0.783902,0.066082,0.110083,0.5,0.00561475,2,0.0853158,0.0270372,MARKET_SIDEWAYS
2204,中華,汽車工業,DISCOVERY,2023-04-26,2023-04-27,78.0948,0.25,75,0.0396281,2023-05-05,78.8025,F4_TIME_5D,時間停損：_5日內未上漲,Disc=0.99 10D超額=+25.4% 產業超額=+25.7% outperf10=90% RSaccel=-0.0008 觸發=indep regime=MARKET_DOWN,0.00454232,0.00113558,-0.0165792,0.0346406,6,0.994751,0.919649,0.253987,0.25726,0.9,-0.000793688,3,0.151195,0.0363967,MARKET_DOWN
2204,中華,汽車工業,DISCOVERY,2023-05-31,2023-06-01,96.0395,0.25,91,0.0524732,2023-06-09,95.76,F2_STRUCTURE,收盤跌破 MA10 且低於成本（短結構失敗）,Disc=0.97 10D超額=+13.0% 產業超額=+13.2% outperf10=70% RSaccel=-0.0067 觸發=indep regime=MARKET_UP,-0.00740371,-0.00185093,-0.0170711,0.0724754,7,0.966988,0.783269,0.130103,0.131727,0.7,-0.00666933,2,0.133795,0.0457799,MARKET_UP
2204,中華,汽車工業,DISCOVERY,2024-11-25,2024-11-26,86.7163,0.25,82,0.0543872,2024-12-03,84.7875,F4_TIME_5D,時間停損：_5日內未上漲,Disc=0.98 10D超額=+24.2% 產業超額=+20.6% outperf10=60% RSaccel=+0.0263 觸發=indep regime=MARKET_SIDEWAYS,-0.026692,-0.00667301,-0.0497744,0.0528592,6,0.984416,0.923897,0.241791,0.205616,0.6,0.0263051,2,0.17274,0.0422489,MARKET_SIDEWAYS
2204,中華,汽車工業,STRICT_OOS,2025-01-13,2025-01-14,81.9042,0.25,78.1,0.0464475,2025-01-16,80.3985,F2_STRUCTURE,收盤跌破 MA10 且低於成本（短結構失敗）,Disc=0.96 10D超額=+6.8% 產業超額=+11.8% outperf10=70% RSaccel=+0.0087 觸發=indep regime=MARKET_SIDEWAYS,-0.0228429,-0.00571072,-0.0281335,0.00238999,3,0.956522,0.850858,0.0681783,0.117789,0.7,0.00870337,2,0.0342196,0.0275874,MARKET_SIDEWAYS
2204,中華,汽車工業,STRICT_OOS,2025-04-22,2025-04-23,67.2677,0.25,64.1,0.0470917,2025-05-15,72.9173,F3_RS_FAILURE,試單後相對大盤落後 ≤ -4%（RS 失敗）,Disc=0.96 10D超額=+8.1% 產業超額=+6.8% outperf10=60% RSaccel=+0.0088 觸發=indep regime=MARKET_SIDEWAYS,0.0792963,0.0198241,-0.0173597,0.106028,16,0.959666,0.750858,0.0806192,0.0677877,0.6,0.00877006,2,-0.0258841,0.0567793,MARKET_SIDEWAYS
2206,三陽工業,汽車工業,DISCOVERY,2024-01-03,2024-01-04,75.6887,0.25,71,0.0619477,2024-01-08,72.5183,F3_RS_FAILURE,試單後相對大盤落後 ≤ -4%（RS 失敗）,Disc=0.97 10D超額=+6.5% 產業超額=+6.8% outperf10=70% RSaccel=+0.0201 觸發=indep regime=MARKET_SIDEWAYS,-0.0462944,-0.0115736,-0.0474146,0.0133606,3,0.968493,0.873989,0.0649922,0.067787,0.7,0.0201292,2,0.0385283,0.0151833,MARKET_SIDEWAYS
2206,三陽工業,汽車工業,STRICT_OOS,2026-07-29,2026-07-30,64.0597,0.25,61.4,0.0415198,2026-08-03,64.638,F3_RS_FAILURE,試單後相對大盤落後 ≤ -4%（RS 失敗）,Disc=0.99 10D超額=+16.8% 產業超額=+18.1% outperf10=80% RSaccel=+0.0303 觸發=indep regime=MARKET_DOWN,0.00450642,0.0011266,-0.0149821,0.0412154,3,0.991841,0.96938,0.167891,0.180964,0.8,0.030289,3,0.0436456,0.0194648,MARKET_DOWN
2207,和泰車,汽車工業,DISCOVERY,2024-07-26,2024-07-29,651.625,0.25,621,0.0469979,2024-08-05,619.447,F1_PROBE_LOW,跌破 Probe Low（盤中停損）,Disc=0.98 10D超額=+12.5% 產業超額=+9.6% outperf10=60% RSaccel=+0.0124 觸發=indep regime=MARKET_SIDEWAYS,-0.0537693,-0.0134423,-0.0193746,0.0220602,6,0.976891,0.846493,0.125488,0.0959088,0.6,0.0124286,2,0.0368829,0.018739,MARKET_SIDEWAYS
2207,和泰車,汽車工業,STRICT_OOS,2025-11-21,2025-11-24,617.54,0.25,590,0.0445963,2025-11-27,594.51,F3_RS_FAILURE,試單後相對大盤落後 ≤ -4%（RS 失敗）,Disc=0.98 10D超額=+10.9% 產業超額=+7.9% outperf10=50% RSaccel=+0.0080 觸發=indep regime=MARKET_SIDEWAYS,-0.0417092,-0.0104273,-0.0397383,0.0250348,4,0.984485,0.86377,0.109173,0.0790382,0.5,0.00797459,2,0.0626283,0.0197838,MARKET_SIDEWAYS
2207,和泰車,汽車工業,STRICT_OOS,2026-07-29,2026-07-30,524.307,0.25,493,0.0597121,2026-08-04,505.732,F3_RS_FAILURE,試單後相對大盤落後 ≤ -4%（RS 失敗）,Disc=0.99 10D超額=+20.4% 產業超額=+21.9% outperf10=70% RSaccel=+0.0293 觸發=indep regime=MARKET_DOWN,-0.039848,-0.00996199,-0.0120302,0.0928701,4,0.993007,0.958767,0.203806,0.218983,0.7,0.0292753,2,0.070379,0.021401,MARKET_DOWN
2211,長榮鋼,鋼鐵工業,DISCOVERY,2023-08-04,2023-08-07,66.0647,0.25,60.4,0.0857454,2023-08-15,64.8375,F2_STRUCTURE,收盤跌破 MA10 且低於成本（短結構失敗）,Disc=0.98 10D超額=+16.8% 產業超額=+8.5% outperf10=70% RSaccel=+0.0257 觸發=indep regime=MARKET_SIDEWAYS,-0.0230347,-0.00575867,-0.0327671,0.0474572,7,0.976744,0.910941,0.168098,0.0846226,0.7,0.0256761,2,0.10219,0.028226,MARKET_SIDEWAYS
2228,劍麟,汽車工業,DISCOVERY,2024-09-09,2024-09-10,123.809,0.25,112,0.095379,2024-09-11,118.703,F3_RS_FAILURE,試單後相對大盤落後 ≤ -4%（RS 失敗）,Disc=0.99 10D超額=+26.1% 產業超額=+21.0% outperf10=90% RSaccel=+0.0099 觸發=indep regime=MARKET_SIDEWAYS,-0.0456502,-0.0114126,-0.071148,0.00962169,2,0.990979,0.96257,0.261387,0.210109,0.9,0.00988205,4,0.177452,0.0383929,MARKET_SIDEWAYS
2230,泰茂,電機機械,STRICT_OOS,2025-05-29,2025-06-02,119.297,0.25,115,0.0360234,2025-06-06,117.705,F2_STRUCTURE,收盤跌破 MA10 且低於成本（短結構失敗）,Disc=0.96 10D超額=+7.9% 產業超額=+9.5% outperf10=60% RSaccel=-0.0032 觸發=indep regime=MARKET_UP,-0.0178189,-0.00445474,-0.0318322,0.0100798,5,0.963504,0.71834,0.0792969,0.095499,0.6,-0.00316732,2,0.0933672,0.037048,MARKET_UP
2231,為升,汽車工業,DISCOVERY,2023-04-06,2023-04-07,190.475,0.25,180.5,0.0523691,2023-04-14,189.525,F4_TIME_5D,時間停損：_5日內未上漲,Disc=0.97 10D超額=+14.6% 產業超額=+15.6% outperf10=60% RSaccel=+0.0036 觸發=indep regime=MARKET_SIDEWAYS,-0.00947631,-0.00236908,-0.039244,0.0080063,6,0.973865,0.860783,0.14591,0.155813,0.6,0.00361456,2,0.104383,0.0318911,MARKET_SIDEWAYS
2231,為升,汽車工業,DISCOVERY,2024-06-11,2024-06-12,139.849,0.25,129,0.0775748,2024-06-13,135.161,F3_RS_FAILURE,試單後相對大盤落後 ≤ -4%（RS 失敗）,Disc=0.98 10D超額=+16.3% 產業超額=+18.3% outperf10=50% RSaccel=-0.0016 觸發=indep regime=MARKET_UP,-0.0379429,-0.00948573,-0.0310961,0.00465682,2,0.979955,0.817547,0.163034,0.182749,0.5,-0.00163736,3,0.150515,0.032002,MARKET_UP
2233,宇隆,汽車工業,DISCOVERY,2023-09-18,2023-09-19,120.801,0.25,110.5,0.0852744,2023-09-19,110.224,F1_PROBE_LOW,跌破 Probe Low（盤中停損）,Disc=0.98 10D超額=+16.0% 產業超額=+11.9% outperf10=70% RSaccel=+0.0164 觸發=indep regime=MARKET_SIDEWAYS,-0.0918642,-0.022966,,,1,0.976959,0.928929,0.160036,0.11859,0.7,0.0163826,2,0.137445,0.0233114,MARKET_SIDEWAYS
2236,百達-KY,汽車工業,DISCOVERY,2024-10-16,2024-10-17,126.315,0.25,116,0.081661,2024-10-22,124.189,F3_RS_FAILURE,試單後相對大盤落後 ≤ -4%（RS 失敗）,Disc=0.96 10D超額=+14.2% 產業超額=+19.7% outperf10=60% RSaccel=+0.0074 觸發=indep regime=MARKET_UP,-0.021295,-0.00532376,-0.0302023,0.0370898,4,0.959057,0.853057,0.142439,0.196624,0.6,0.00736312,1,0.109485,0.0488414,MARKET_UP
2247,汎德永業,汽車工業,STRICT_OOS,2025-07-14,2025-07-15,328.319,0.25,312,0.049704,2025-07-18,318.202,F3_RS_FAILURE,試單後相對大盤落後 ≤ -4%（RS 失敗）,Disc=0.97 10D超額=+11.4% 產業超額=+14.9% outperf10=70% RSaccel=+0.0046 觸發=indep regime=MARKET_SIDEWAYS,-0.035243,-0.00881074,-0.0268603,0.00207497,4,0.971564,0.911667,0.11363,0.149147,0.7,0.00461039,1,0.103973,0.0201269,MARKET_SIDEWAYS
2302,麗正,電子工業,STRICT_OOS,2025-03-24,2025-03-25,24.1101,0.25,22,0.0875203,2025-03-27,22.0946,F3_RS_FAILURE,試單後相對大盤落後 ≤ -4%（RS 失敗）,Disc=0.97 10D超額=+19.4% 產業超額=+19.6% outperf10=70% RSaccel=+0.0220 觸發=indep regime=MARKET_DOWN,-0.0879075,-0.0219769,-0.079225,0.00787532,3,0.965471,0.888271,0.193913,0.196183,0.7,0.0220067,1,0.107492,0.044868,MARKET_DOWN
2308,台達電,電子零組件業,STRICT_OOS,2026-04-29,2026-04-30,2225.55,0.25,1995,0.103592,2026-05-06,2209.46,F3_RS_FAILURE,試單後相對大盤落後 ≤ -4%（RS 失敗）,Disc=0.97 10D超額=+14.3% 產業超額=+16.5% outperf10=70% RSaccel=-0.0008 觸發=indep regime=MARKET_UP,-0.0117123,-0.00292807,-0.0361933,0.0244659,4,0.967933,0.876127,0.142591,0.165483,0.7,-0.000843013,2,0.199446,0.0460244,MARKET_UP
2313,華通,電子零組件業,DISCOVERY,2024-12-17,2024-12-18,70.175,0.25,66.7,0.0495191,2024-12-25,69.1268,F4_TIME_5D,時間停損：_5日內未上漲,Disc=0.96 10D超額=+13.4% 產業超額=+17.2% outperf10=70% RSaccel=+0.0066 觸發=indep regime=MARKET_SIDEWAYS,-0.0194041,-0.00485101,-0.0238689,0.0331315,6,0.963952,0.934849,0.134498,0.172145,0.7,0.00659386,1,0.107081,0.0295075,MARKET_SIDEWAYS
2328,廣宇,電子零組件業,DISCOVERY,2024-03-15,2024-03-18,34.3356,0.25,32.5,0.0534613,2024-03-25,34.314,F4_TIME_5D,時間停損：_5日內未上漲,Disc=0.96 10D超額=+0.2% 產業超額=+8.0% outperf10=30% RSaccel=+0.0185 觸發=indep regime=MARKET_UP,-0.00512841,-0.0012821,-0.0330742,0.00624352,6,0.964796,0.679104,0.00179527,0.0798238,0.3,0.0184767,2,0.0401098,0.0290113,MARKET_UP
2344,華邦電,電子工業,STRICT_OOS,2025-12-17,2025-12-18,75.1875,0.25,68.8,0.0849542,2025-12-22,73.7153,F3_RS_FAILURE,試單後相對大盤落後 ≤ -4%（RS 失敗）,Disc=0.98 10D超額=+33.4% 產業超額=+31.5% outperf10=80% RSaccel=+0.0002 觸發=indep regime=MARKET_SIDEWAYS,-0.024037,-0.00600925,-0.0530341,0.0347465,3,0.9757,0.814496,0.334011,0.315431,0.8,0.000233908,2,0.186481,0.0612797,MARKET_SIDEWAYS
2345,智邦,電子工業,DISCOVERY,2023-10-13,2023-10-16,541.35,0.25,523,0.0338967,2023-10-18,493.762,F1_PROBE_LOW,跌破 Probe Low（盤中停損）,Disc=0.96 10D超額=+8.9% 產業超額=+10.1% outperf10=70% RSaccel=+0.0003 觸發=indep regime=MARKET_SIDEWAYS,-0.0922074,-0.0230519,-0.0338967,0.0122841,3,0.959938,0.864949,0.0891274,0.101164,0.7,0.000255586,1,0.101678,0.0395151,MARKET_SIDEWAYS
2345,智邦,電子工業,DISCOVERY,2024-11-20,2024-11-21,617.54,0.25,590,0.0445963,2024-12-19,713.212,PROBE_MAX_LIFE,20 日內未確認,Disc=0.95 10D超額=+11.2% 產業超額=+12.4% outperf10=50% RSaccel=+0.0055 觸發=indep regime=MARKET_SIDEWAYS,0.150077,0.0375192,-0.018687,0.238786,21,0.954429,0.789478,0.111636,0.124392,0.5,0.00553927,2,0.0804737,0.0385143,MARKET_SIDEWAYS
2352,佳世達,電子工業,DISCOVERY,2023-06-14,2023-06-15,48.7716,0.25,45.05,0.0763071,2023-06-26,47.0321,F4_TIME_5D,時間停損：_5日內未上漲,Disc=0.95 10D超額=+11.4% 產業超額=+11.3% outperf10=60% RSaccel=+0.0106 觸發=indep regime=MARKET_UP,-0.040086,-0.0100215,-0.0629797,0.00160698,6,0.953914,0.930556,0.114451,0.112922,0.6,0.0105929,1,0.167577,0.0272354,MARKET_UP
2352,佳世達,電子工業,DISCOVERY,2023-07-19,2023-07-20,58.947,0.25,53.3508,0.0949369,2023-07-20,53.2174,F1_PROBE_LOW,跌破 Probe Low（盤中停損）,Disc=0.98 10D超額=+25.3% 產業超額=+25.3% outperf10=70% RSaccel=+0.0292 觸發=indep regime=MARKET_SIDEWAYS,-0.101481,-0.0253702,,,1,0.980583,0.924947,0.253324,0.25348,0.7,0.0291602,2,0.219114,0.0441493,MARKET_SIDEWAYS
2353,宏碁,電子工業,STRICT_OOS,2025-04-30,2025-05-02,34.5862,0.25,32.85,0.0502006,2025-05-09,33.7155,F4_TIME_5D,時間停損：_5日內未上漲,Disc=0.95 10D超額=+8.8% 產業超額=+8.0% outperf10=70% RSaccel=+0.0059 觸發=indep regime=MARKET_SIDEWAYS,-0.0296195,-0.00740489,-0.0386353,0.00184323,6,0.953757,0.801087,0.0882257,0.0799835,0.7,0.00593127,2,0.0846931,0.0302906,MARKET_SIDEWAYS
2357,華碩,電腦及週邊設備業,STRICT_OOS,2026-07-29,2026-07-30,763.905,0.25,734,0.0391475,2026-07-30,732.165,F1_PROBE_LOW,跌破 Probe Low（盤中停損）,Disc=0.97 10D超額=+19.1% 產業超額=+17.1% outperf10=80% RSaccel=+0.0066 觸發=indep regime=MARKET_DOWN,-0.0459562,-0.0114891,,,1,0.968531,0.864923,0.191376,0.170816,0.8,0.00661569,1,0.0700225,0.0367937,MARKET_DOWN
2362,藍天,電腦及週邊設備業,DISCOVERY,2024-01-05,2024-01-08,44.912,0.25,41.8,0.069291,2024-01-15,42.9923,F2_STRUCTURE,收盤跌破 MA10 且低於成本（短結構失敗）,Disc=1.00 10D超額=+21.1% 產業超額=+22.7% outperf10=60% RSaccel=+0.0039 觸發=indep regime=MARKET_SIDEWAYS,-0.0471485,-0.0117871,-0.0370057,0.0876826,6,0.995804,0.830844,0.210926,0.227375,0.6,0.00386594,3,0.188821,0.0490921,MARKET_SIDEWAYS
2368,金像電,電子零組件業,DISCOVERY,2023-09-28,2023-10-02,230.575,0.25,203.5,0.117424,2023-10-03,216.956,F3_RS_FAILURE,試單後相對大盤落後 ≤ -4%（RS 失敗）,Disc=0.99 10D超額=+12.7% 產業超額=+10.4% outperf10=70% RSaccel=+0.0173 觸發=indep regime=MARKET_SIDEWAYS,-0.0634314,-0.0158579,-0.06538,0.0105172,2,0.987654,0.856536,0.127252,0.103808,0.7,0.0172882,3,0.0802165,0.0449073,MARKET_SIDEWAYS
2368,金像電,電子零組件業,STRICT_OOS,2025-05-08,2025-05-09,225.563,0.25,208.5,0.0756442,2025-05-15,225.435,F3_RS_FAILURE,試單後相對大盤落後 ≤ -4%（RS 失敗）,Disc=0.98 10D超額=+11.2% 產業超額=+7.0% outperf10=60% RSaccel=+0.0054 觸發=indep regime=MARKET_UP,-0.00506398,-0.001266,-0.0157939,0.0640066,5,0.984894,0.820633,0.111579,0.0695802,0.6,0.00543044,3,0.160772,0.0460778,MARKET_UP
2368,金像電,電子零組件業,STRICT_OOS,2025-06-05,2025-06-06,276.69,0.25,257.5,0.0693556,2025-06-18,267.829,F2_STRUCTURE,收盤跌破 MA10 且低於成本（短結構失敗）,Disc=0.99 10D超額=+14.9% 產業超額=+12.6% outperf10=70% RSaccel=+0.0028 觸發=indep regime=MARKET_UP,-0.0364539,-0.00911346,-0.0350211,0.0481044,9,0.98503,0.921877,0.149381,0.125841,0.7,0.00282085,2,0.155638,0.0378904,MARKET_UP
2371,大同,電機機械,DISCOVERY,2023-06-28,2023-06-29,54.6362,0.25,51.2,0.0628932,2023-07-10,54.663,F2_STRUCTURE,收盤跌破 MA10 且低於成本（短結構失敗）,Disc=1.00 10D超額=+32.1% 產業超額=+27.3% outperf10=80% RSaccel=+0.0098 觸發=indep regime=MARKET_SIDEWAYS,-0.00401152,-0.00100288,-0.0409298,0.0542451,8,0.995019,0.960043,0.320777,0.273064,0.8,0.00979343,4,0.216857,0.0394495,MARKET_SIDEWAYS
2371,大同,電機機械,DISCOVERY,2023-08-11,2023-08-14,51.328,0.25,49.6,0.0336658,2023-08-21,50.8725,F2_STRUCTURE,收盤跌破 MA10 且低於成本（短結構失敗）,Disc=0.96 10D超額=+8.5% 產業超額=+11.5% outperf10=60% RSaccel=+0.0070 觸發=indep regime=MARKET_SIDEWAYS,-0.0133543,-0.00333858,-0.0219763,0.0247818,6,0.959647,0.756488,0.0847712,0.115103,0.6,0.00697961,1,0.0197239,0.0364742,MARKET_SIDEWAYS
2371,大同,電機機械,DISCOVERY,2024-01-09,2024-01-10,45.7641,0.25,41.95,0.0833432,2024-01-11,44.8875,F3_RS_FAILURE,試單後相對大盤落後 ≤ -4%（RS 失敗）,Disc=0.95 10D超額=+7.6% 產業超額=+9.1% outperf10=60% RSaccel=+0.0153 觸發=indep regime=MARKET_SIDEWAYS,-0.0236122,-0.00590304,-0.0418259,0.0138946,2,0.952045,0.864326,0.0762999,0.0910674,0.6,0.0152727,1,0.0674224,0.0277339,MARKET_SIDEWAYS
2375,凱美,電子零組件業,DISCOVERY,2023-11-29,2023-11-30,77.794,0.25,73.3,0.057768,2023-12-07,74.3137,F2_STRUCTURE,收盤跌破 MA10 且低於成本（短結構失敗）,Disc=0.98 10D超額=+18.7% 產業超額=+14.6% outperf10=70% RSaccel=+0.0207 觸發=indep regime=MARKET_UP,-0.0491361,-0.012284,-0.0539116,0.00650436,6,0.977143,0.937548,0.186502,0.146158,0.7,0.0206963,3,0.150037,0.0254315,MARKET_UP
2376,技嘉,電腦及週邊設備業,DISCOVERY,2023-04-06,2023-04-07,138.345,0.25,131.5,0.0494778,2023-04-14,133.166,F2_STRUCTURE,收盤跌破 MA10 且低於成本（短結構失敗）,Disc=0.96 10D超額=+12.5% 產業超額=+8.6% outperf10=80% RSaccel=+0.0088 觸發=indep regime=MARKET_SIDEWAYS,-0.0418494,-0.0104623,-0.0494778,0.00112039,6,0.957359,0.918909,0.124656,0.0860168,0.8,0.00884566,1,0.114026,0.0248447,MARKET_SIDEWAYS
2376,技嘉,電腦及週邊設備業,DISCOVERY,2023-12-19,2023-12-20,262.655,0.25,250.5,0.0462774,2024-01-02,249.874,F1_PROBE_LOW,跌破 Probe Low（盤中停損）,Disc=0.96 10D超額=+12.4% 產業超額=+12.3% outperf10=50% RSaccel=+0.0009 觸發=indep regime=MARKET_SIDEWAYS,-0.0530523,-0.0132631,-0.0348556,0.0298681,9,0.955186,0.779183,0.123512,0.123195,0.5,0.000923565,3,0.0593868,0.0401099,MARKET_SIDEWAYS
2379,瑞昱,電子工業,DISCOVERY,2024-03-11,2024-03-12,604.507,0.25,578,0.0438498,2024-03-14,576.555,F1_PROBE_LOW,跌破 Probe Low（盤中停損）,Disc=0.97 10D超額=+6.0% 產業超額=+11.2% outperf10=50% RSaccel=-0.0122 觸發=indep regime=MARKET_UP,-0.0506361,-0.012659,-0.0239989,0.0140486,3,0.96712,0.795586,0.0598995,0.111554,0.5,-0.0122219,1,0.131245,0.0445837,MARKET_UP
2382,廣達,電腦及週邊設備業,DISCOVERY,2024-01-04,2024-01-05,220.049,0.25,209,0.0502105,2024-01-08,216.457,F2_STRUCTURE,收盤跌破 MA10 且低於成本（短結構失敗）,Disc=0.95 10D超額=+4.8% 產業超額=+6.3% outperf10=60% RSaccel=-0.0008 觸發=indep regime=MARKET_SIDEWAYS,-0.0207835,-0.00519588,-0.0206716,0.00659513,2,0.951591,0.766749,0.0477082,0.0629212,0.6,-0.000772095,2,0.042733,0.0311481,MARKET_SIDEWAYS
2383,台光電,電子零組件業,DISCOVERY,2023-05-30,2023-05-31,213.031,0.25,200,0.0611706,2023-06-07,214.961,F4_TIME_5D,時間停損：_5日內未上漲,Disc=0.97 10D超額=+18.0% 產業超額=+19.7% outperf10=70% RSaccel=+0.0040 觸發=indep regime=MARKET_UP,0.00453932,0.00113483,-0.0376999,0.0092416,6,0.972414,0.865239,0.179933,0.197021,0.7,0.00395967,1,0.176471,0.0410334,MARKET_UP
2383,台光電,電子零組件業,STRICT_OOS,2025-05-08,2025-05-09,668.668,0.25,611,0.0862424,2025-05-20,675.308,F3_RS_FAILURE,試單後相對大盤落後 ≤ -4%（RS 失敗）,Disc=0.99 10D超額=+22.2% 產業超額=+18.2% outperf10=60% RSaccel=+0.0059 觸發=indep regime=MARKET_UP,0.00540785,0.00135196,-0.0144579,0.0408761,8,0.990937,0.887138,0.222155,0.181735,0.6,0.00585016,2,0.205664,0.041325,MARKET_UP
2383,台光電,電子零組件業,STRICT_OOS,2025-07-08,2025-07-09,946.36,0.25,894,0.0553278,2025-07-15,930.668,F2_STRUCTURE,收盤跌破 MA10 且低於成本（短結構失敗）,Disc=0.96 10D超額=+10.0% 產業超額=+11.1% outperf10=70% RSaccel=+0.0076 觸發=indep regime=MARKET_SIDEWAYS,-0.0210446,-0.00526116,-0.0257407,0.0461135,5,0.955521,0.902539,0.10032,0.111329,0.7,0.00760297,1,0.087403,0.0322291,MARKET_SIDEWAYS
2383,台光電,電子零組件業,STRICT_OOS,2025-09-17,2025-09-18,1308.26,0.25,1280,0.0216031,2025-09-22,1276.8,F1_PROBE_LOW,跌破 Probe Low（盤中停損）,Disc=0.96 10D超額=+7.3% 產業超額=+14.0% outperf10=60% RSaccel=-0.0090 觸發=indep regime=MARKET_UP,-0.028495,-0.00712374,-0.0139594,0.031903,3,0.95564,0.66865,0.0732395,0.140492,0.6,-0.00896444,1,0.0704349,0.0491581,MARKET_UP
2385,群光,電子零組件業,DISCOVERY,2023-11-16,2023-11-17,157.392,0.25,147.5,0.0628524,2023-11-24,153.116,F2_STRUCTURE,收盤跌破 MA10 且低於成本（短結構失敗）,Disc=0.98 10D超額=+25.4% 產業超額=+24.6% outperf10=100% RSaccel=+0.0028 觸發=indep regime=MARKET_UP,-0.0316082,-0.00790205,-0.0533221,0.00385978,6,0.977456,0.929683,0.253595,0.246431,1,0.00280678,2,0.189812,0.0319196,MARKET_UP
2385,群光,電子零組件業,STRICT_OOS,2025-01-08,2025-01-09,162.405,0.25,152,0.0640682,2025-01-14,153.615,F2_STRUCTURE,收盤跌破 MA10 且低於成本（短結構失敗）,Disc=0.95 10D超額=+7.1% 產業超額=+8.0% outperf10=50% RSaccel=-0.0012 觸發=indep regime=MARKET_SIDEWAYS,-0.0585022,-0.0146255,-0.0548321,0.00366368,4,0.954482,0.760259,0.0714754,0.0795315,0.5,-0.00116852,2,0.0746964,0.0249889,MARKET_SIDEWAYS
2387,精元,電腦及週邊設備業,STRICT_OOS,2025-03-04,2025-03-05,73.5835,0.25,67.6,0.0813158,2025-03-10,69.3262,F3_RS_FAILURE,試單後相對大盤落後 ≤ -4%（RS 失敗）,Disc=0.97 10D超額=+22.8% 產業超額=+17.4% outperf10=80% RSaccel=+0.0334 觸發=indep regime=MARKET_SIDEWAYS,-0.0622259,-0.0155565,-0.0582128,0,4,0.966353,0.95424,0.228276,0.173861,0.8,0.0333632,1,0.142501,0.0246205,MARKET_SIDEWAYS
2388,威盛,電子工業,DISCOVERY,2023-09-27,2023-09-28,121.804,0.25,116,0.0476484,2023-10-02,120.199,F2_STRUCTURE,收盤跌破 MA10 且低於成本（短結構失敗）,Disc=0.97 10D超額=+21.9% 產業超額=+22.2% outperf10=70% RSaccel=-0.0023 觸發=indep regime=MARKET_SIDEWAYS,-0.0176473,-0.00441182,-0.0353335,0.00982113,2,0.970814,0.764377,0.219323,0.221965,0.7,-0.00231553,1,0.0540013,0.0600235,MARKET_SIDEWAYS
2392,正崴,電子工業,DISCOVERY,2023-08-31,2023-09-01,46.917,0.25,43.9,0.0643051,2023-09-08,45.7354,F4_TIME_5D,時間停損：_5日內未上漲,Disc=0.98 10D超額=+8.2% 產業超額=+6.4% outperf10=60% RSaccel=+0.0067 觸發=indep regime=MARKET_SIDEWAYS,-0.0296288,-0.0074072,-0.0355308,0.0102948,6,0.977679,0.869792,0.0815462,0.064381,0.6,0.00674619,2,0.111574,0.0229674,MARKET_SIDEWAYS
2392,正崴,電子工業,DISCOVERY,2024-10-30,2024-11-01,63.2577,0.25,61.5,0.0277871,2024-11-05,62.3438,F2_STRUCTURE,收盤跌破 MA10 且低於成本（短結構失敗）,Disc=0.96 10D超額=+7.4% 產業超額=+8.4% outperf10=70% RSaccel=+0.0153 觸發=indep regime=MARKET_SIDEWAYS,-0.0189163,-0.00472908,-0.0262063,0.00382957,3,0.955414,0.84805,0.0740703,0.083985,0.7,0.0153291,2,0.0414658,0.0286596,MARKET_SIDEWAYS
2393,億光,光電業,STRICT_OOS,2026-03-13,2026-03-16,65.5635,0.25,59.7,0.0894324,2026-04-15,71.421,PROBE_MAX_LIFE,20 日內未確認,Disc=0.95 10D超額=+15.4% 產業超額=+8.5% outperf10=80% RSaccel=+0.0040 觸發=indep regime=MARKET_SIDEWAYS,0.0846399,0.02116,-0.00706948,0.104273,21,0.951777,0.877682,0.153978,0.0846513,0.8,0.00401096,2,0.0887574,0.0300577,MARKET_SIDEWAYS
2395,研華,電子工業,STRICT_OOS,2026-01-29,2026-01-30,301.752,0.25,287,0.0488894,2026-02-04,287.28,F2_STRUCTURE,收盤跌破 MA10 且低於成本（短結構失敗）,Disc=0.96 10D超額=+0.5% 產業超額=+2.8% outperf10=40% RSaccel=+0.0128 觸發=indep regime=MARKET_UP,-0.0523536,-0.0130884,-0.0455754,0.00744816,4,0.960432,0.708794,0.00485991,0.0275743,0.4,0.0127826,1,0.0577423,0.0259953,MARKET_UP
2399,映泰,電腦及週邊設備業,DISCOVERY,2023-06-14,2023-06-15,23.6089,0.25,22.15,0.0617935,2023-06-19,22.4438,F3_RS_FAILURE,試單後相對大盤落後 ≤ -4%（RS 失敗）,Disc=0.97 10D超額=+13.2% 產業超額=+10.4% outperf10=60% RSaccel=-0.0040 觸發=indep regime=MARKET_UP,-0.0537401,-0.013435,-0.0512043,0.0250383,3,0.965909,0.784407,0.131957,0.103961,0.6,-0.00397905,2,0.134197,0.0538793,MARKET_UP
2399,映泰,電腦及週邊設備業,STRICT_OOS,2026-08-17,2026-08-18,46.2654,0.25,43.95,0.0500456,2026-08-19,43.8401,F1_PROBE_LOW,跌破 Probe Low（盤中停損）,Disc=0.96 10D超額=+23.4% 產業超額=+21.4% outperf10=70% RSaccel=+0.0076 觸發=indep regime=MARKET_SIDEWAYS,-0.0568025,-0.0142006,-0.0241082,0.00723273,2,0.957908,0.899388,0.234259,0.214186,0.7,0.00763151,3,0.187919,0.0552432,MARKET_SIDEWAYS
2405,輔信,電腦及週邊設備業,DISCOVERY,2023-06-27,2023-06-28,14.8871,0.25,14.3,0.0394384,2023-07-04,14.7131,F2_STRUCTURE,收盤跌破 MA10 且低於成本（短結構失敗）,Disc=0.97 10D超額=+16.9% 產業超額=+15.4% outperf10=60% RSaccel=-0.0029 觸發=indep regime=MARKET_SIDEWAYS,-0.0161617,-0.00404042,-0.026004,0.0210165,5,0.971393,0.828462,0.169203,0.153509,0.6,-0.00290743,2,0.106557,0.040404,MARKET_SIDEWAYS
2408,南亞科,電子工業,DISCOVERY,2023-04-07,2023-04-10,68.17,0.25,64.1,0.0597036,2023-04-17,66.7328,F4_TIME_5D,時間停損：_5日內未上漲,Disc=0.99 10D超額=+15.0% 產業超額=+15.3% outperf10=70% RSaccel=+0.0208 觸發=indep regime=MARKET_SIDEWAYS,-0.0255359,-0.00638397,-0.0274314,0.0253777,6,0.986188,0.928253,0.149825,0.152545,0.7,0.0208302,2,0.122382,0.0306122,MARKET_SIDEWAYS
2409,友達,電子工業,DISCOVERY,2024-07-12,2024-07-15,19.8495,0.25,18.25,0.0805813,2024-07-17,18.9026,F3_RS_FAILURE,試單後相對大盤落後 ≤ -4%（RS 失敗）,Disc=0.95 10D超額=+7.1% 產業超額=+5.8% outperf10=50% RSaccel=+0.0169 觸發=indep regime=MARKET_UP,-0.0520954,-0.0130238,-0.047835,0,3,0.95288,0.830374,0.07114,0.0583154,0.5,0.0168951,2,0.081303,0.0231465,MARKET_UP
2412,中華電,電子工業,STRICT_OOS,2025-04-08,2025-04-09,126.315,0.25,122,0.0341606,2025-04-10,128.678,F2_STRUCTURE,收盤跌破 MA10 且低於成本（短結構失敗）,Disc=0.98 10D超額=+14.6% 產業超額=+21.6% outperf10=60% RSaccel=+0.0199 觸發=indep regime=MARKET_DOWN,0.0141612,0.00354029,-0.0104105,0.0212564,2,0.983696,0.960145,0.145735,0.216381,0.6,0.0198672,1,-0.0122497,0.0146232,MARKET_DOWN
2412,中華電,電子工業,STRICT_OOS,2026-07-28,2026-07-29,141.352,0.25,137.5,0.0272546,2026-08-03,138.154,F2_STRUCTURE,收盤跌破 MA10 且低於成本（短結構失敗）,Disc=0.98 10D超額=+13.0% 產業超額=+18.6% outperf10=60% RSaccel=+0.0164 觸發=indep regime=MARKET_SIDEWAYS,-0.0270787,-0.00676967,-0.02018,0.008118,4,0.980117,0.92921,0.130216,0.185753,0.6,0.0163756,3,0.032132,0.0156569,MARKET_SIDEWAYS
2415,錩新,電子零組件業,STRICT_OOS,2026-07-02,2026-07-03,37.7942,0.25,35.2,0.0686414,2026-07-14,36.8078,F2_STRUCTURE,收盤跌破 MA10 且低於成本（短結構失敗）,Disc=0.98 10D超額=+22.3% 產業超額=+20.2% outperf10=60% RSaccel=-0.0150 觸發=indep regime=MARKET_SIDEWAYS,-0.0305431,-0.00763579,-0.0659955,0.131124,7,0.980973,0.8125,0.222829,0.202146,0.6,-0.0149568,2,0.205982,0.0495238,MARKET_SIDEWAYS
2425,承啟,電腦及週邊設備業,DISCOVERY,2023-10-13,2023-10-16,50.4258,0.25,46.3,0.0818183,2023-10-18,46.9324,F3_RS_FAILURE,試單後相對大盤落後 ≤ -4%（RS 失敗）,Disc=0.97 10D超額=+10.0% 產業超額=+10.4% outperf10=70% RSaccel=+0.0152 觸發=indep regime=MARKET_SIDEWAYS,-0.0736217,-0.0184054,-0.0768605,0.0232867,3,0.972265,0.89312,0.0998602,0.104056,0.7,0.0152046,1,0.0785272,0.0312185,MARKET_SIDEWAYS
2427,三商電,電子工業,DISCOVERY,2023-10-30,2023-10-31,28.7717,0.25,27.55,0.0424635,2023-11-09,27.4811,F1_PROBE_LOW,跌破 Probe Low（盤中停損）,Disc=0.96 10D超額=+5.9% 產業超額=+4.0% outperf10=40% RSaccel=-0.0141 觸發=indep regime=MARKET_SIDEWAYS,-0.0492565,-0.0123141,-0.028561,0.0635432,8,0.958398,0.56465,0.0591653,0.0399139,0.4,-0.014066,2,0.0338551,0.0552062,MARKET_SIDEWAYS
2427,三商電,電子工業,STRICT_OOS,2025-01-02,2025-01-03,28.2204,0.25,26,0.0786799,2025-01-07,27.3315,F3_RS_FAILURE,試單後相對大盤落後 ≤ -4%（RS 失敗）,Disc=0.96 10D超額=+9.9% 產業超額=+8.4% outperf10=40% RSaccel=+0.0169 觸發=indep regime=MARKET_SIDEWAYS,-0.0359268,-0.00898169,-0.0414727,0.00813685,3,0.959294,0.750739,0.0989816,0.0838317,0.4,0.0168899,2,0.0455218,0.0331226,MARKET_SIDEWAYS
2427,三商電,電子工業,STRICT_OOS,2026-07-14,2026-07-15,26.2655,0.25,24.5,0.0672175,2026-07-17,24.3889,F2_STRUCTURE,收盤跌破 MA10 且低於成本（短結構失敗）,Disc=0.96 10D超額=+16.6% 產業超額=+19.7% outperf10=50% RSaccel=-0.0002 觸發=indep regime=MARKET_SIDEWAYS,-0.0757875,-0.0189469,-0.0557956,0.00892806,3,0.956803,0.781984,0.165731,0.196753,0.5,-0.000173182,3,0.0948129,0.0454924,MARKET_SIDEWAYS
2428,興勤,電子零組件業,STRICT_OOS,2025-01-21,2025-01-22,166.415,0.25,152,0.0866208,2025-02-07,162.094,F4_TIME_5D,時間停損：_5日內未上漲,Disc=0.95 10D超額=+6.9% 產業超額=+8.4% outperf10=50% RSaccel=+0.0112 觸發=indep regime=MARKET_SIDEWAYS,-0.0304083,-0.00760207,-0.0385482,0,6,0.95481,0.848153,0.0693388,0.0839879,0.5,0.0112354,1,0.0667964,0.0236648,MARKET_SIDEWAYS
2429,銘旺科,電子零組件業,STRICT_OOS,2025-03-26,2025-03-27,65.0623,0.25,61.6,0.0532144,2025-03-27,61.446,F1_PROBE_LOW,跌破 Probe Low（盤中停損）,Disc=0.99 10D超額=+34.9% 產業超額=+34.6% outperf10=80% RSaccel=-0.0350 觸發=indep regime=MARKET_SIDEWAYS,-0.0599563,-0.0149891,,,1,0.989376,0.824708,0.349265,0.346133,0.8,-0.0349518,2,0.281662,0.0659131,MARKET_SIDEWAYS
2436,偉詮電,電子工業,DISCOVERY,2023-01-11,2023-01-12,47.0172,0.25,43.6,0.0726808,2023-01-30,45.9848,F3_RS_FAILURE,試單後相對大盤落後 ≤ -4%（RS 失敗）,Disc=0.97 10D超額=+5.5% 產業超額=+5.8% outperf10=50% RSaccel=+0.0078 觸發=indep regime=MARKET_SIDEWAYS,-0.0264106,-0.00660266,-0.0407776,0,5,0.972924,0.807786,0.0546881,0.0578457,0.5,0.00776355,1,0.0810496,0.0241177,MARKET_SIDEWAYS
2436,偉詮電,電子工業,DISCOVERY,2024-10-08,2024-10-09,66.8668,0.25,62.6,0.0638097,2024-10-09,62.4435,F1_PROBE_LOW,跌破 Probe Low（盤中停損）,Disc=0.95 10D超額=+23.4% 產業超額=+24.7% outperf10=60% RSaccel=-0.0066 觸發=indep regime=MARKET_UP,-0.0705014,-0.0176253,,,1,0.954717,0.785815,0.233778,0.246746,0.6,-0.00664666,1,0.158228,0.045224,MARKET_UP
2438,翔耀,電子工業,DISCOVERY,2023-04-21,2023-04-24,27.0174,0.25,25.4,0.0598643,2023-04-26,25.3365,F1_PROBE_LOW,跌破 Probe Low（盤中停損）,Disc=0.96 10D超額=+12.6% 產業超額=+13.4% outperf10=80% RSaccel=-0.0065 觸發=indep regime=MARKET_SIDEWAYS,-0.0665746,-0.0166437,-0.0376563,0.0178635,3,0.964889,0.862706,0.125856,0.133837,0.8,-0.00651063,4,0.166055,0.0361111,MARKET_SIDEWAYS
2439,美律,電子工業,STRICT_OOS,2025-11-07,2025-11-10,111.277,0.25,102,0.0833727,2025-11-18,109.725,F4_TIME_5D,時間停損：_5日內未上漲,Disc=0.97 10D超額=+5.3% 產業超額=+6.8% outperf10=50% RSaccel=+0.0252 觸發=indep regime=MARKET_SIDEWAYS,-0.0184202,-0.00460505,-0.0249601,0.0469322,7,0.974377,0.874536,0.0530886,0.0681916,0.5,0.0252074,2,0.0723991,0.0259858,MARKET_SIDEWAYS
2441,超豐,電子工業,DISCOVERY,2024-03-11,2024-03-12,64.962,0.25,60.9,0.0625288,2024-03-18,62.7427,F2_STRUCTURE,收盤跌破 MA10 且低於成本（短結構失敗）,Disc=0.96 10D超額=+1.6% 產業超額=+6.8% outperf10=40% RSaccel=+0.0120 觸發=indep regime=MARKET_UP,-0.0385854,-0.00964636,-0.0440565,0.00982113,5,0.964853,0.79148,0.0164501,0.0679337,0.4,0.0119702,1,0.0663585,0.0183547,MARKET_UP
2442,新美齊,電腦及週邊設備業,DISCOVERY,2024-03-11,2024-03-12,28.6214,0.25,26.8,0.0636369,2024-03-18,27.4313,F2_STRUCTURE,收盤跌破 MA10 且低於成本（短結構失敗）,Disc=0.98 10D超額=+4.2% 產業超額=+7.3% outperf10=50% RSaccel=+0.0127 觸發=indep regime=MARKET_UP,-0.0459881,-0.011497,-0.0549022,0.0237104,5,0.978458,0.799459,0.0419017,0.0734767,0.5,0.0126795,2,0.0571455,0.031872,MARKET_UP
2449,京元電子,電子工業,STRICT_OOS,2025-07-21,2025-07-22,114.786,0.25,109,0.0504089,2025-07-31,114.712,F4_TIME_5D,時間停損：_5日內未上漲,Disc=0.97 10D超額=+6.1% 產業超額=+6.1% outperf10=60% RSaccel=+0.0108 觸發=indep regime=MARKET_UP,-0.00514105,-0.00128526,-0.0416971,0.0236418,8,0.968992,0.829471,0.0611061,0.0610472,0.6,0.0107526,1,0.110278,0.038222,MARKET_UP
2451,創見,電子工業,DISCOVERY,2024-05-20,2024-05-21,112.28,0.25,103.5,0.0781974,2024-05-29,111.221,F4_TIME_5D,時間停損：_5日內未上漲,Disc=0.95 10D超額=+11.3% 產業超額=+12.8% outperf10=70% RSaccel=+0.0143 觸發=indep regime=MARKET_UP,-0.0139083,-0.00347708,-0.0336658,0.0153188,7,0.953052,0.936868,0.113023,0.127873,0.7,0.0142761,1,0.138917,0.0287636,MARKET_UP
2451,創見,電子工業,STRICT_OOS,2025-04-17,2025-04-18,100.751,0.25,95.1,0.0560911,2025-05-02,101.745,F2_STRUCTURE,收盤跌破 MA10 且低於成本（短結構失敗）,Disc=0.96 10D超額=+4.8% 產業超額=+7.3% outperf10=60% RSaccel=+0.0144 觸發=indep regime=MARKET_SIDEWAYS,0.00534121,0.0013353,-0.0233372,0.071947,10,0.958904,0.758313,0.0479631,0.0730538,0.6,0.0143896,1,0.0149436,0.0536971,MARKET_SIDEWAYS
2451,創見,電子工業,STRICT_OOS,2025-09-15,2025-09-16,118.796,0.25,110,0.0740448,2025-09-24,118.204,F3_RS_FAILURE,試單後相對大盤落後 ≤ -4%（RS 失敗）,Disc=0.97 10D超額=+12.3% 產業超額=+16.4% outperf10=80% RSaccel=+0.0038 觸發=indep regime=MARKET_SIDEWAYS,-0.00947631,-0.00236908,-0.0361649,0.0480129,7,0.973214,0.940554,0.123368,0.164498,0.8,0.00375727,1,0.134262,0.0313918,MARKET_SIDEWAYS
2454,聯發科,電子工業,DISCOVERY,2023-01-11,2023-01-12,711.775,0.25,665,0.065716,2023-02-16,714.21,F2_STRUCTURE,收盤跌破 MA10 且低於成本（短結構失敗）,Disc=0.98 10D超額=+4.8% 產業超額=+5.1% outperf10=40% RSaccel=+0.0192 觸發=indep regime=MARKET_SIDEWAYS,-0.00108667,-0.000271668,-0.0291876,0.0579186,18,0.976534,0.712665,0.0482215,0.0512383,0.4,0.0192174,1,0.0726749,0.0244494,MARKET_SIDEWAYS
2454,聯發科,電子工業,DISCOVERY,2023-10-13,2023-10-16,840.095,0.25,790,0.0596302,2023-10-23,822.938,F4_TIME_5D,時間停損：_5日內未上漲,Disc=0.96 10D超額=+11.1% 產業超額=+12.4% outperf10=50% RSaccel=+0.0068 觸發=indep regime=MARKET_SIDEWAYS,-0.0248773,-0.00621933,-0.0477267,0.0165517,6,0.96302,0.901976,0.11135,0.123527,0.5,0.00681992,1,0.0979267,0.0219715,MARKET_SIDEWAYS
2454,聯發科,電子工業,DISCOVERY,2024-01-30,2024-01-31,978.44,0.25,926,0.0535955,2024-02-01,923.685,F1_PROBE_LOW,跌破 Probe Low（盤中停損）,Disc=0.95 10D超額=+3.6% 產業超額=+7.2% outperf10=40% RSaccel=+0.0035 觸發=indep regime=MARKET_SIDEWAYS,-0.0603356,-0.0150839,-0.0208904,0,2,0.951895,0.744884,0.0363302,0.0717127,0.4,0.00348058,2,0.0434839,0.0211393,MARKET_SIDEWAYS
2457,飛宏,電子零組件業,DISCOVERY,2023-06-01,2023-06-02,83.007,0.25,75.9,0.0856193,2023-06-08,81.5955,F3_RS_FAILURE,試單後相對大盤落後 ≤ -4%（RS 失敗）,Disc=0.95 10D超額=+5.5% 產業超額=+3.8% outperf10=70% RSaccel=+0.0225 觸發=indep regime=MARKET_UP,-0.0214663,-0.00536658,-0.0181551,0.0481044,5,0.953361,0.804507,0.0549642,0.0383501,0.7,0.02255,2,0.101473,0.0402058,MARKET_UP
2458,義隆,電子工業,DISCOVERY,2023-07-24,2023-07-25,120.3,0.25,110,0.0856192,2023-07-26,114.713,F3_RS_FAILURE,試單後相對大盤落後 ≤ -4%（RS 失敗）,Disc=0.95 10D超額=+11.2% 產業超額=+12.2% outperf10=70% RSaccel=+0.0012 觸發=indep regime=MARKET_SIDEWAYS,-0.0508419,-0.0127105,-0.0565254,0.00581879,2,0.950662,0.819588,0.111748,0.122225,0.7,0.00124891,3,0.0946704,0.0372276,MARKET_SIDEWAYS
2458,義隆,電子工業,DISCOVERY,2023-08-04,2023-08-07,122.305,0.25,110.169,0.0992293,2023-08-08,118.204,F3_RS_FAILURE,試單後相對大盤落後 ≤ -4%（RS 失敗）,Disc=0.97 10D超額=+8.9% 產業超額=+8.9% outperf10=60% RSaccel=+0.0167 觸發=indep regime=MARKET_SIDEWAYS,-0.0379575,-0.00948938,-0.0433752,0.00568252,2,0.970624,0.859809,0.0885822,0.0886842,0.6,0.0166623,2,0.0869565,0.0443149,MARKET_SIDEWAYS
2458,義隆,電子工業,DISCOVERY,2023-09-13,2023-09-14,144.861,0.25,134,0.0749769,2023-09-21,136.159,F2_STRUCTURE,收盤跌破 MA10 且低於成本（短結構失敗）,Disc=0.97 10D超額=+21.4% 產業超額=+19.9% outperf10=90% RSaccel=+0.0034 觸發=indep regime=MARKET_SIDEWAYS,-0.0644396,-0.0161099,-0.057719,0.0251189,6,0.970543,0.931516,0.214155,0.198957,0.9,0.00341674,2,0.158192,0.0338477,MARKET_SIDEWAYS
2460,建通,電子零組件業,DISCOVERY,2024-02-23,2024-02-26,40.3005,0.25,36.6,0.0918226,2024-03-05,39.4511,F4_TIME_5D,時間停損：_5日內未上漲,Disc=0.98 10D超額=+25.2% 產業超額=+20.2% outperf10=70% RSaccel=+0.0077 觸發=indep regime=MARKET_UP,-0.0255286,-0.00638216,-0.0310294,0.0533368,6,0.981806,0.871371,0.251688,0.201713,0.7,0.00769411,3,0.200362,0.0451033,MARKET_UP
2464,盟立,電子工業,DISCOVERY,2024-05-31,2024-06-03,72.18,0.25,63.9,0.114713,2024-06-05,68.4285,F3_RS_FAILURE,試單後相對大盤落後 ≤ -4%（RS 失敗）,Disc=0.97 10D超額=+33.7% 產業超額=+28.8% outperf10=50% RSaccel=-0.0156 觸發=indep regime=MARKET_SIDEWAYS,-0.0563573,-0.0140893,-0.0606816,0.0432253,3,0.969061,0.713527,0.336648,0.287945,0.5,-0.0156295,2,0.225183,0.0645985,MARKET_SIDEWAYS
2466,冠西電,光電業,STRICT_OOS,2025-11-19,2025-11-20,55.5385,0.25,52.3,0.0583109,2025-11-24,53.466,F2_STRUCTURE,收盤跌破 MA10 且低於成本（短結構失敗）,Disc=0.96 10D超額=+17.0% 產業超額=+21.3% outperf10=60% RSaccel=+0.0199 觸發=indep regime=MARKET_SIDEWAYS,-0.0417325,-0.0104331,-0.0493081,0.0155118,3,0.955182,0.84162,0.169854,0.2132,0.6,0.019943,1,0.0707531,0.0590709,MARKET_SIDEWAYS
2467,志聖,電子零組件業,DISCOVERY,2024-01-05,2024-01-08,68.2702,0.25,63.1,0.0757321,2024-01-15,69.027,F4_TIME_5D,時間停損：_5日內未上漲,Disc=0.98 10D超額=+10.3% 產業超額=+10.9% outperf10=50% RSaccel=+0.0169 觸發=indep regime=MARKET_SIDEWAYS,0.00655968,0.00163992,-0.0391129,0.0795332,6,0.984615,0.848945,0.102544,0.108551,0.5,0.0169258,2,0.074413,0.0383069,MARKET_SIDEWAYS
2474,可成,電子工業,DISCOVERY,2024-08-02,2024-08-05,214.034,0.25,211,0.0141742,2024-08-05,210.473,F1_PROBE_LOW,跌破 Probe Low（盤中停損）,Disc=0.96 10D超額=+9.4% 產業超額=+10.7% outperf10=70% RSaccel=+0.0108 觸發=indep regime=MARKET_SIDEWAYS,-0.0211012,-0.00527531,,,1,0.962025,0.756,0.0942694,0.106554,0.7,0.0107942,2,0.00631821,0.030985,MARKET_SIDEWAYS
2478,大毅,電子工業,STRICT_OOS,2025-09-24,2025-09-25,51.6287,0.25,47.25,0.0848123,2025-10-03,50.5733,F4_TIME_5D,時間停損：_5日內未上漲,Disc=0.99 10D超額=+18.6% 產業超額=+20.8% outperf10=50% RSaccel=+0.0099 觸發=indep regime=MARKET_UP,-0.024898,-0.00622451,-0.0296104,0.084667,6,0.987883,0.870928,0.185948,0.208163,0.5,0.00994559,2,0.160437,0.0386383,MARKET_UP
2480,敦陽科,電子工業,DISCOVERY,2024-08-08,2024-08-09,116.791,0.25,110,0.0581486,2024-08-12,116.209,F2_STRUCTURE,收盤跌破 MA10 且低於成本（短結構失敗）,Disc=0.96 10D超額=+8.8% 產業超額=+10.8% outperf10=40% RSaccel=-0.0082 觸發=indep regime=MARKET_DOWN,-0.0094763,-0.00236908,-0.00677491,0.0103497,2,0.957173,0.687974,0.0875198,0.10831,0.4,-0.00817259,2,0.00623522,0.026862,MARKET_DOWN
2481,強茂,電子工業,DISCOVERY,2023-07-17,2023-07-18,82.205,0.25,74.7,0.0912962,2023-07-20,77.406,F3_RS_FAILURE,試單後相對大盤落後 ≤ -4%（RS 失敗）,Disc=0.95 10D超額=+14.0% 產業超額=+11.6% outperf10=60% RSaccel=-0.0098 觸發=indep regime=MARKET_SIDEWAYS,-0.0627471,-0.0156868,-0.0633173,0.0340004,3,0.952264,0.718913,0.13954,0.116138,0.6,-0.00975232,2,0.122635,0.0318352,MARKET_SIDEWAYS
2481,強茂,電子工業,STRICT_OOS,2025-02-24,2025-02-25,56.942,0.25,53.4,0.0622036,2025-03-04,53.1668,F2_STRUCTURE,收盤跌破 MA10 且低於成本（短結構失敗）,Disc=0.99 10D超額=+16.3% 產業超額=+12.7% outperf10=80% RSaccel=+0.0163 觸發=indep regime=MARKET_SIDEWAYS,-0.0706508,-0.0176627,-0.0604475,0,5,0.98613,0.939089,0.163367,0.127476,0.8,0.0163357,2,0.142284,0.0249184,MARKET_SIDEWAYS
2481,強茂,電子工業,STRICT_OOS,2025-05-22,2025-05-23,54.0347,0.25,49.4,0.0857735,2025-05-27,50.7728,F3_RS_FAILURE,試單後相對大盤落後 ≤ -4%（RS 失敗）,Disc=0.98 10D超額=+18.9% 產業超額=+19.4% outperf10=80% RSaccel=+0.0140 觸發=indep regime=MARKET_UP,-0.0647327,-0.0161832,-0.0672669,0.0197142,3,0.977778,0.926489,0.188733,0.19441,0.8,0.0140432,2,0.156606,0.0325826,MARKET_UP
2482,連宇,電子工業,DISCOVERY,2023-06-19,2023-06-20,77.794,0.25,72.5,0.0680515,2023-06-21,72.7178,F3_RS_FAILURE,試單後相對大盤落後 ≤ -4%（RS 失敗）,Disc=0.97 10D超額=+8.4% 產業超額=+9.4% outperf10=60% RSaccel=+0.0082 觸發=indep regime=MARKET_UP,-0.0696056,-0.0174014,-0.057768,0.0257861,2,0.966208,0.782958,0.0837903,0.0942255,0.6,0.0081749,2,0.117548,0.0560555,MARKET_UP
2486,一詮,電子工業,DISCOVERY,2023-03-14,2023-03-15,28.471,0.25,25.95,0.0885463,2023-03-22,28.2293,F4_TIME_5D,時間停損：_5日內未上漲,Disc=0.96 10D超額=+20.8% 產業超額=+19.7% outperf10=40% RSaccel=-0.0092 觸發=indep regime=MARKET_SIDEWAYS,-0.012972,-0.003243,-0.0411296,0.0431667,6,0.961272,0.662378,0.207542,0.197317,0.4,-0.00919228,1,0.130216,0.0452466,MARKET_SIDEWAYS
2486,一詮,電子工業,DISCOVERY,2023-12-29,2024-01-02,48.0197,0.25,43.55,0.0930815,2024-01-09,46.3339,F2_STRUCTURE,收盤跌破 MA10 且低於成本（短結構失敗）,Disc=0.95 10D超額=+5.8% 產業超額=+6.6% outperf10=50% RSaccel=+0.0107 觸發=indep regime=MARKET_UP,-0.039529,-0.00988224,-0.0451845,0.0933002,6,0.95424,0.759067,0.0576271,0.066111,0.5,0.0107395,1,0.0571493,0.0289988,MARKET_UP
2493,揚博,電子零組件業,DISCOVERY,2024-04-11,2024-04-12,102.255,0.25,95.9,0.0621485,2024-04-17,96.8572,F2_STRUCTURE,收盤跌破 MA10 且低於成本（短結構失敗）,Disc=0.95 10D超額=+10.4% 產業超額=+11.4% outperf10=50% RSaccel=+0.0044 觸發=indep regime=MARKET_UP,-0.0571684,-0.0142921,-0.0513911,0.0855215,4,0.951249,0.822778,0.103692,0.114436,0.5,0.00436411,2,0.0924824,0.0283593,MARKET_UP
2495,普安,其他電子業,STRICT_OOS,2025-11-18,2025-11-19,27.8194,0.25,26.1,0.0618049,2025-11-19,26.0348,F1_PROBE_LOW,跌破 Probe Low（盤中停損）,Disc=0.98 10D超額=+28.3% 產業超額=+32.4% outperf10=80% RSaccel=+0.0129 觸發=indep regime=MARKET_SIDEWAYS,-0.0685061,-0.0171265,,,1,0.98324,0.943999,0.283035,0.323526,0.8,0.0128891,2,0.140484,0.0490992,MARKET_SIDEWAYS
2498,宏達電,電子工業,DISCOVERY,2023-02-06,2023-02-07,67.368,0.25,64,0.0499941,2023-02-13,65.436,F3_RS_FAILURE,試單後相對大盤落後 ≤ -4%（RS 失敗）,Disc=0.95 10D超額=+12.1% 產業超額=+10.3% outperf10=50% RSaccel=+0.0264 觸發=indep regime=MARKET_UP,-0.0331138,-0.00827845,-0.0306971,0.00492815,5,0.952297,0.879596,0.120928,0.103176,0.5,0.0264135,1,0.153846,0.033063,MARKET_UP
2501,國建,建材營造,DISCOVERY,2023-12-29,2024-01-02,18.5463,0.25,17.3,0.0671969,2024-01-10,18.354,F4_TIME_5D,時間停損：_5日內未上漲,Disc=0.95 10D超額=+2.9% 產業超額=+3.2% outperf10=60% RSaccel=+0.0062 觸發=indep regime=MARKET_UP,-0.0148426,-0.00371066,-0.0186696,0.0190739,7,0.952894,0.821009,0.0285656,0.0315097,0.6,0.00624757,1,0.0749186,0.0192838,MARKET_UP
2504,國產,建材營造,DISCOVERY,2024-09-10,2024-09-11,56.14,0.25,54.8,0.0238689,2024-09-11,54.663,F1_PROBE_LOW,跌破 Probe Low（盤中停損）,Disc=0.99 10D超額=+13.1% 產業超額=+15.8% outperf10=80% RSaccel=-0.0082 觸發=indep regime=MARKET_SIDEWAYS,-0.03075,-0.0076875,,,1,0.985806,0.850524,0.130986,0.158376,0.8,-0.00815926,2,0.0593539,0.0324215,MARKET_SIDEWAYS
2505,國揚,建材營造,DISCOVERY,2023-12-28,2023-12-29,23.3583,0.25,22,0.0581486,2024-01-10,22.9924,F2_STRUCTURE,收盤跌破 MA10 且低於成本（短結構失敗）,Disc=0.99 10D超額=+21.8% 產業超額=+23.3% outperf10=90% RSaccel=-0.0045 觸發=indep regime=MARKET_UP,-0.0201284,-0.0050321,-0.0281806,0.0360365,8,0.986559,0.873727,0.217803,0.233489,0.9,-0.00451135,3,0.15474,0.028753,MARKET_UP
2505,國揚,建材營造,DISCOVERY,2024-03-28,2024-03-29,28.3707,0.25,26.35,0.0712265,2024-04-03,27.8801,F3_RS_FAILURE,試單後相對大盤落後 ≤ -4%（RS 失敗）,Disc=0.96 10D超額=+22.1% 產業超額=+18.3% outperf10=90% RSaccel=+0.0025 觸發=indep regime=MARKET_UP,-0.0217544,-0.00543861,-0.0412661,0.0168924,4,0.962286,0.894749,0.221162,0.18271,0.9,0.0024604,3,0.16556,0.0294498,MARKET_UP
2515,中工,建材營造,DISCOVERY,2023-04-17,2023-04-18,11.228,0.25,10.65,0.0514784,2023-04-19,10.6234,F1_PROBE_LOW,跌破 Probe Low（盤中停損）,Disc=0.98 10D超額=+22.0% 產業超額=+20.5% outperf10=70% RSaccel=+0.0249 觸發=indep regime=MARKET_UP,-0.0582285,-0.0145571,-0.0470253,0.00195939,2,0.977089,0.9429,0.21999,0.205067,0.7,0.0249463,3,0.181885,0.0258534,MARKET_UP
2515,中工,建材營造,DISCOVERY,2023-09-26,2023-09-27,10.6265,0.25,10.1,0.049546,2023-10-05,10.374,F2_STRUCTURE,收盤跌破 MA10 且低於成本（短結構失敗）,Disc=0.96 10D超額=+7.2% 產業超額=+3.7% outperf10=60% RSaccel=+0.0135 觸發=indep regime=MARKET_SIDEWAYS,-0.0282079,-0.00705197,-0.0260199,0.0304428,6,0.955793,0.861312,0.0723548,0.0372319,0.6,0.013488,1,0.043095,0.0164319,MARKET_SIDEWAYS
2515,中工,建材營造,STRICT_OOS,2025-07-02,2025-07-03,11.9799,0.25,11.35,0.0525778,2025-07-07,11.3715,F3_RS_FAILURE,試單後相對大盤落後 ≤ -4%（RS 失敗）,Disc=0.96 10D超額=+11.8% 產業超額=+13.1% outperf10=70% RSaccel=+0.0082 觸發=indep regime=MARKET_SIDEWAYS,-0.0551688,-0.0137922,-0.0484041,0,3,0.961948,0.875588,0.118076,0.131032,0.7,0.008217,2,0.0894941,0.0240096,MARKET_SIDEWAYS
2535,達欣工,建材營造,STRICT_OOS,2025-05-06,2025-05-07,60.15,0.25,56.2,0.0656692,2025-05-08,57.3562,F3_RS_FAILURE,試單後相對大盤落後 ≤ -4%（RS 失敗）,Disc=0.95 10D超額=+8.8% 產業超額=+8.2% outperf10=80% RSaccel=+0.0209 觸發=indep regime=MARKET_SIDEWAYS,-0.0508419,-0.0127105,-0.0640067,0,2,0.950925,0.954232,0.0877723,0.0815651,0.8,0.0209003,1,0.126865,0.020726,MARKET_SIDEWAYS
2538,基泰,建材營造,DISCOVERY,2023-08-25,2023-08-28,15.238,0.25,14.45,0.0517129,2023-08-30,14.4139,F1_PROBE_LOW,跌破 Probe Low（盤中停損）,Disc=0.97 10D超額=+15.2% 產業超額=+18.2% outperf10=80% RSaccel=-0.0184 觸發=indep regime=MARKET_DOWN,-0.0584619,-0.0146155,-0.0353065,0.00735005,3,0.974126,0.822727,0.152247,0.181672,0.8,-0.018372,2,0.121076,0.035,MARKET_DOWN
2539,櫻花建,建材營造,STRICT_OOS,2025-06-30,2025-07-01,66.165,0.25,62.3,0.0584145,2025-07-08,65.2365,F4_TIME_5D,時間停損：_5日內未上漲,Disc=0.96 10D超額=+6.8% 產業超額=+9.4% outperf10=60% RSaccel=+0.0156 觸發=indep regime=MARKET_UP,-0.0185015,-0.00462538,-0.0191189,0.0428474,6,0.955927,0.847276,0.0684479,0.0944004,0.6,0.0155722,2,0.0680157,0.0191192,MARKET_UP
2540,愛山林,建材營造,DISCOVERY,2023-08-14,2023-08-15,96.7413,0.25,91.5,0.054178,2023-08-16,91.2713,F1_PROBE_LOW,跌破 Probe Low（盤中停損）,Disc=0.96 10D超額=+12.5% 產業超額=+9.8% outperf10=70% RSaccel=+0.0002 觸發=indep regime=MARKET_DOWN,-0.0609153,-0.0152288,-0.0366054,0.0326515,2,0.963384,0.909141,0.125417,0.0982255,0.7,0.000159164,1,0.0806271,0.0315322,MARKET_DOWN
2540,愛山林,建材營造,DISCOVERY,2023-09-20,2023-09-21,90.5258,0.25,81.7,0.0974944,2023-09-22,84.7875,F3_RS_FAILURE,試單後相對大盤落後 ≤ -4%（RS 失敗）,Disc=0.99 10D超額=+28.2% 產業超額=+28.5% outperf10=80% RSaccel=+0.0312 觸發=indep regime=MARKET_SIDEWAYS,-0.0677454,-0.0169364,-0.0765059,0,2,0.986343,0.970254,0.28153,0.284507,0.8,0.0312224,1,0.209864,0.0365777,MARKET_SIDEWAYS
2540,愛山林,建材營造,DISCOVERY,2024-06-04,2024-06-05,175.939,0.25,162,0.079225,2024-07-04,198.502,PROBE_MAX_LIFE,20 日內未確認,Disc=0.96 10D超額=+8.2% 產業超額=+2.8% outperf10=60% RSaccel=+0.0303 觸發=indep regime=MARKET_SIDEWAYS,0.123459,0.0308648,-0.0195452,0.145285,21,0.959296,0.771825,0.081583,0.0284078,0.6,0.0303357,2,0.0718673,0.0444126,MARKET_SIDEWAYS
2540,愛山林,建材營造,STRICT_OOS,2025-04-16,2025-04-17,84.7113,0.25,82.5,0.0261034,2025-04-18,82.2938,F1_PROBE_LOW,跌破 Probe Low（盤中停損）,Disc=0.96 10D超額=+7.7% 產業超額=+11.0% outperf10=60% RSaccel=+0.0043 觸發=indep regime=MARKET_SIDEWAYS,-0.0329739,-0.00824346,-0.00957665,0.00104768,2,0.962264,0.702338,0.0773594,0.109604,0.6,0.00426734,2,0.0127339,0.0478158,MARKET_SIDEWAYS
2540,愛山林,建材營造,STRICT_OOS,2025-09-15,2025-09-16,83.408,0.25,76.6,0.0816229,2025-09-23,82.4933,F4_TIME_5D,時間停損：_5日內未上漲,Disc=0.95 10D超額=+3.7% 產業超額=+2.7% outperf10=50% RSaccel=+0.0139 觸發=indep regime=MARKET_SIDEWAYS,-0.0154425,-0.00386062,-0.0276712,0.0430654,6,0.952806,0.763262,0.0373895,0.0265116,0.5,0.0139389,1,0.0572631,0.0390315,MARKET_SIDEWAYS
2540,愛山林,建材營造,STRICT_OOS,2026-07-28,2026-07-29,56.3405,0.25,52.9,0.0610662,2026-08-05,55.7603,F2_STRUCTURE,收盤跌破 MA10 且低於成本（短結構失敗）,Disc=0.98 10D超額=+11.1% 產業超額=+4.2% outperf10=60% RSaccel=+0.0217 觸發=indep regime=MARKET_SIDEWAYS,-0.0147758,-0.00369395,-0.00959346,0.0969019,6,0.977193,0.854283,0.111034,0.0419551,0.6,0.0217181,2,0.0398065,0.0184002,MARKET_SIDEWAYS
2542,興富發,建材營造,STRICT_OOS,2025-03-27,2025-03-28,45.9646,0.25,44.55,0.0307764,2025-03-28,44.4386,F1_PROBE_LOW,跌破 Probe Low（盤中停損）,Disc=0.96 10D超額=+6.6% 產業超額=+2.9% outperf10=60% RSaccel=+0.0019 觸發=indep regime=MARKET_DOWN,-0.0376248,-0.0094062,,,1,0.961282,0.777115,0.065568,0.0288441,0.6,0.00193221,2,0.0425084,0.0194947,MARKET_DOWN
2542,興富發,建材營造,STRICT_OOS,2026-04-29,2026-04-30,40.3005,0.25,38,0.0570836,2026-05-06,39.6008,F3_RS_FAILURE,試單後相對大盤落後 ≤ -4%（RS 失敗）,Disc=0.95 10D超額=+7.8% 產業超額=+17.8% outperf10=40% RSaccel=+0.0126 觸發=indep regime=MARKET_UP,-0.0218243,-0.00545607,-0.0223446,0.00495031,4,0.951306,0.806981,0.0782205,0.178493,0.4,0.0126169,1,0.119382,0.0291168,MARKET_UP
2542,興富發,建材營造,STRICT_OOS,2026-08-19,2026-08-20,48.3205,0.25,45.8,0.0521621,2026-08-27,47.88,F4_TIME_5D,時間停損：_5日內未上漲,Disc=0.95 10D超額=+9.1% 產業超額=+9.1% outperf10=80% RSaccel=+0.0177 觸發=indep regime=MARKET_SIDEWAYS,-0.0135957,-0.00339892,-0.0252584,0.0140624,6,0.95122,0.915747,0.0906608,0.0910925,0.8,0.0176574,2,0.0739977,0.015428,MARKET_SIDEWAYS
2543,皇昌,建材營造,DISCOVERY,2024-08-13,2024-08-14,67.1675,0.25,61,0.0918227,2024-08-19,63.1418,F3_RS_FAILURE,試單後相對大盤落後 ≤ -4%（RS 失敗）,Disc=0.97 10D超額=+4.4% 產業超額=+11.0% outperf10=50% RSaccel=+0.0091 觸發=indep regime=MARKET_SIDEWAYS,-0.0643011,-0.0160753,-0.0546023,0.0347266,4,0.971175,0.783296,0.0444107,0.109505,0.5,0.00911757,2,0.0680886,0.07088,MARKET_SIDEWAYS
2546,根基,建材營造,STRICT_OOS,2026-08-18,2026-08-19,107.267,0.25,99.5,0.0724124,2026-08-27,106.733,F2_STRUCTURE,收盤跌破 MA10 且低於成本（短結構失敗）,Disc=0.98 10D超額=+21.6% 產業超額=+25.4% outperf10=70% RSaccel=+0.0057 觸發=indep regime=MARKET_SIDEWAYS,-0.00947631,-0.00236908,-0.0351225,0.118699,7,0.977011,0.939586,0.215735,0.253811,0.7,0.00569148,2,0.193942,0.0420527,MARKET_SIDEWAYS
2548,華固,建材營造,STRICT_OOS,2025-12-24,2025-12-26,122.305,0.25,112,0.0842566,2025-12-30,117.705,F3_RS_FAILURE,試單後相對大盤落後 ≤ -4%（RS 失敗）,Disc=0.98 10D超額=+17.6% 產業超額=+6.7% outperf10=80% RSaccel=+0.0052 觸發=indep regime=MARKET_SIDEWAYS,-0.0420263,-0.0105066,-0.0433752,0.00159437,3,0.983895,0.917505,0.17577,0.0668577,0.8,0.00515365,2,0.135617,0.0274498,MARKET_SIDEWAYS
2603,長榮,航運業,DISCOVERY,2023-06-16,2023-06-19,166.415,0.25,157,0.0565754,2023-06-26,158.603,F2_STRUCTURE,收盤跌破 MA10 且低於成本（短結構失敗）,Disc=0.96 10D超額=+5.4% 產業超額=+3.6% outperf10=40% RSaccel=+0.0120 觸發=indep regime=MARKET_UP,-0.0513403,-0.0128351,-0.0505664,0,4,0.957233,0.725681,0.0536887,0.0359077,0.4,0.0120349,2,0.0733915,0.0197935,MARKET_UP
2603,長榮,航運業,DISCOVERY,2023-08-04,2023-08-07,107.267,0.25,103.5,0.0351225,2023-08-15,106.234,F2_STRUCTURE,收盤跌破 MA10 且低於成本（短結構失敗）,Disc=0.96 10D超額=+9.8% 產業超額=+9.4% outperf10=70% RSaccel=+0.0088 觸發=indep regime=MARKET_SIDEWAYS,-0.0141154,-0.00352886,-0.0304612,0.0161512,7,0.959608,0.834748,0.0979211,0.0935974,0.7,0.00880801,2,0.0678423,0.0302097,MARKET_SIDEWAYS
2603,長榮,航運業,DISCOVERY,2024-09-27,2024-09-30,210.525,0.25,204,0.0309939,2024-09-30,203.49,F1_PROBE_LOW,跌破 Probe Low（盤中停損）,Disc=0.98 10D超額=+9.5% 產業超額=+6.8% outperf10=60% RSaccel=+0.0061 觸發=indep regime=MARKET_SIDEWAYS,-0.0378413,-0.00946031,,,1,0.976641,0.863401,0.0950393,0.0677612,0.6,0.00606498,1,0.122138,0.025438,MARKET_SIDEWAYS
2603,長榮,航運業,DISCOVERY,2024-10-21,2024-10-22,206.014,0.25,190,0.0777314,2024-10-29,204.488,F4_TIME_5D,時間停損：_5日內未上漲,Disc=0.95 10D超額=+4.1% 產業超額=+10.1% outperf10=60% RSaccel=+0.0209 觸發=indep regime=MARKET_UP,-0.0118918,-0.00297295,-0.024337,0.0266305,6,0.951673,0.875155,0.0411836,0.100818,0.6,0.020869,2,0.0449481,0.0318627,MARKET_UP
2603,長榮,航運業,STRICT_OOS,2026-07-24,2026-07-27,204.009,0.25,203,0.0049446,2026-07-27,202.493,F1_PROBE_LOW,跌破 Probe Low（盤中停損）,Disc=0.96 10D超額=+9.7% 產業超額=+4.7% outperf10=70% RSaccel=-0.0058 觸發=indep regime=MARKET_SIDEWAYS,-0.0119155,-0.00297887,,,1,0.958763,0.793319,0.0966033,0.0473889,0.7,-0.00575545,1,0.0588538,0.0265257,MARKET_SIDEWAYS
2606,裕民,航運業,STRICT_OOS,2025-03-10,2025-03-11,72.2802,0.25,71.4,0.0121782,2025-03-12,71.2215,F1_PROBE_LOW,跌破 Probe Low（盤中停損）,Disc=0.96 10D超額=+16.3% 產業超額=+8.3% outperf10=60% RSaccel=-0.0167 觸發=indep regime=MARKET_DOWN,-0.0191148,-0.00477871,-0.00664428,0.0293268,2,0.964238,0.707794,0.163339,0.0829972,0.6,-0.0166521,3,0.0691004,0.0542973,MARKET_DOWN
2607,榮運,航運業,DISCOVERY,2023-12-15,2023-12-18,33.684,0.25,31.35,0.0692911,2023-12-26,32.1694,F2_STRUCTURE,收盤跌破 MA10 且低於成本（短結構失敗）,Disc=0.95 10D超額=+10.1% 產業超額=+8.2% outperf10=60% RSaccel=+0.0047 觸發=indep regime=MARKET_UP,-0.0493645,-0.0123411,-0.0470253,0.0568816,7,0.952903,0.7751,0.100972,0.0819425,0.6,0.0046559,2,0.0835584,0.0225507,MARKET_UP
2607,榮運,航運業,STRICT_OOS,2025-06-02,2025-06-03,34.887,0.25,33.9,0.0282913,2025-06-05,33.8152,F1_PROBE_LOW,跌破 Probe Low（盤中停損）,Disc=0.96 10D超額=+7.0% 產業超額=+8.5% outperf10=70% RSaccel=+0.0005 觸發=indep regime=MARKET_SIDEWAYS,-0.0351515,-0.00878788,-0.0153926,0.00897182,3,0.95754,0.856989,0.0696572,0.0846176,0.7,0.000451768,3,0.0611497,0.0267215,MARKET_SIDEWAYS
2609,陽明,航運業,DISCOVERY,2024-04-25,2024-04-26,47.2177,0.25,45.25,0.0416739,2024-05-27,75.7103,PROBE_MAX_LIFE,20 日內未確認,Disc=0.95 10D超額=+9.0% 產業超額=+3.8% outperf10=50% RSaccel=-0.0001 觸發=indep regime=MARKET_SIDEWAYS,0.59757,0.149392,-0.00355269,0.618036,21,0.952656,0.721642,0.0898311,0.037912,0.5,-0.000100907,1,0.0501672,0.025781,MARKET_SIDEWAYS
2609,陽明,航運業,DISCOVERY,2024-09-27,2024-09-30,73.0823,0.25,67.6,0.0750148,2024-10-04,63.7403,F1_PROBE_LOW,跌破 Probe Low（盤中停損）,Disc=0.99 10D超額=+12.2% 產業超額=+9.6% outperf10=70% RSaccel=+0.0184 觸發=indep regime=MARKET_SIDEWAYS,-0.132041,-0.0330102,-0.0668049,0,3,0.987374,0.919186,0.121794,0.0958433,0.7,0.0183955,1,0.142096,0.0282187,MARKET_SIDEWAYS
2610,華航,航運業,DISCOVERY,2023-06-01,2023-06-02,23.5086,0.25,21.65,0.0790614,2023-06-06,22.6931,F3_RS_FAILURE,試單後相對大盤落後 ≤ -4%（RS 失敗）,Disc=0.98 10D超額=+16.8% 產業超額=+17.5% outperf10=70% RSaccel=+0.0180 觸發=indep regime=MARKET_UP,-0.0391113,-0.00977783,-0.0450313,0.00388687,3,0.978052,0.930936,0.167788,0.175419,0.7,0.0179566,2,0.148598,0.0253008,MARKET_UP
2611,志信,航運業,DISCOVERY,2024-05-17,2024-05-20,31.8795,0.25,29.25,0.0824825,2024-05-21,30.1245,F3_RS_FAILURE,試單後相對大盤落後 ≤ -4%（RS 失敗）,Disc=0.97 10D超額=+3.4% 產業超額=+0.7% outperf10=50% RSaccel=+0.0119 觸發=indep regime=MARKET_SIDEWAYS,-0.0594272,-0.0148568,-0.0495459,0,2,0.966318,0.760377,0.0339313,0.00697657,0.5,0.0119121,1,0.109333,0.0528846,MARKET_SIDEWAYS
2615,萬海,航運業,STRICT_OOS,2026-07-24,2026-07-27,86.215,0.25,83.6,0.0303311,2026-07-27,83.391,F1_PROBE_LOW,跌破 Probe Low（盤中停損）,Disc=0.99 10D超額=+12.0% 產業超額=+7.2% outperf10=60% RSaccel=-0.0019 觸發=indep regime=MARKET_SIDEWAYS,-0.0371816,-0.00929539,,,1,0.985109,0.805937,0.119567,0.0716627,0.6,-0.00194215,1,0.0896057,0.0308703,MARKET_SIDEWAYS
2618,長榮航,航運業,DISCOVERY,2023-11-01,2023-11-02,28.6214,0.25,27.3,0.0461674,2023-11-30,31.0721,PROBE_MAX_LIFE,20 日內未確認,Disc=0.98 10D超額=+10.0% 產業超額=+10.4% outperf10=70% RSaccel=+0.0101 觸發=indep regime=MARKET_SIDEWAYS,0.0809339,0.0202335,-0.0147224,0.142503,21,0.975194,0.792971,0.0996604,0.103707,0.7,0.0100819,2,0.0253652,0.0302198,MARKET_SIDEWAYS
2618,長榮航,航運業,DISCOVERY,2024-01-02,2024-01-03,33.5336,0.25,31,0.0755548,2024-01-10,32.4188,F4_TIME_5D,時間停損：_5日內未上漲,Disc=0.96 10D超額=+7.4% 產業超額=+8.8% outperf10=60% RSaccel=+0.0131 觸發=indep regime=MARKET_UP,-0.0376717,-0.00941792,-0.0397698,0.00943459,6,0.957592,0.905797,0.0744714,0.0881404,0.6,0.0131227,2,0.06105,0.0228145,MARKET_UP
2618,長榮航,航運業,DISCOVERY,2024-11-15,2024-11-18,42.105,0.25,39.3,0.0666192,2024-11-25,41.5958,F4_TIME_5D,時間停損：_5日內未上漲,Disc=0.97 10D超額=+11.2% 產業超額=+10.0% outperf10=60% RSaccel=+0.0168 觸發=indep regime=MARKET_SIDEWAYS,-0.0165676,-0.00414189,-0.0321815,0.00463126,6,0.974359,0.942857,0.112305,0.100024,0.6,0.0167894,2,0.0873964,0.0169782,MARKET_SIDEWAYS
2618,長榮航,航運業,STRICT_OOS,2026-06-17,2026-06-18,43.4082,0.25,39.3,0.0946421,2026-06-23,41.8451,F3_RS_FAILURE,試單後相對大盤落後 ≤ -4%（RS 失敗）,Disc=0.95 10D超額=+14.1% 產業超額=+14.4% outperf10=80% RSaccel=+0.0061 觸發=indep regime=MARKET_UP,-0.0404288,-0.0101072,-0.0623902,0.00672107,3,0.954872,0.897045,0.141169,0.144202,0.8,0.00614892,1,0.142052,0.0341615,MARKET_UP
2630,亞航,航運業,DISCOVERY,2024-04-01,2024-04-02,38.095,0.25,36.4,0.0444941,2024-04-03,36.309,F1_PROBE_LOW,跌破 Probe Low（盤中停損）,Disc=0.97 10D超額=+14.1% 產業超額=+14.0% outperf10=60% RSaccel=+0.0048 觸發=indep regime=MARKET_UP,-0.0512773,-0.0128193,-0.0287439,0.00144376,2,0.971676,0.843574,0.140924,0.140184,0.6,0.0048444,2,0.113995,0.0372136,MARKET_UP
2634,漢翔,航運業,DISCOVERY,2024-04-01,2024-04-02,54.8368,0.25,51.7,0.0572016,2024-05-03,57.855,PROBE_MAX_LIFE,20 日內未確認,Disc=0.96 10D超額=+10.7% 產業超額=+10.4% outperf10=50% RSaccel=+0.0121 觸發=indep regime=MARKET_UP,0.0504168,0.0126042,-0.0389657,0.103275,21,0.960694,0.842425,0.106739,0.103889,0.5,0.0121405,2,0.100658,0.0285583,MARKET_UP
2637,慧洋-KY,航運業,STRICT_OOS,2026-07-09,2026-07-13,83.6085,0.25,77.8,0.0694726,2026-07-20,77.406,F2_STRUCTURE,收盤跌破 MA10 且低於成本（短結構失敗）,Disc=0.98 10D超額=+11.0% 產業超額=+3.9% outperf10=70% RSaccel=+0.0340 觸發=indep regime=MARKET_SIDEWAYS,-0.0785181,-0.0196295,-0.0527279,0.0525246,6,0.981641,0.900166,0.110141,0.0389186,0.7,0.0340023,3,0.085251,0.027883,MARKET_SIDEWAYS
2707,晶華,觀光餐旅,STRICT_OOS,2025-04-08,2025-04-09,200.5,0.25,190.5,0.0498753,2025-04-09,190.024,F1_PROBE_LOW,跌破 Probe Low（盤中停損）,Disc=0.97 10D超額=+11.2% 產業超額=+7.8% outperf10=70% RSaccel=+0.0120 觸發=indep regime=MARKET_DOWN,-0.0566331,-0.0141583,,,1,0.967391,0.908404,0.111939,0.0779662,0.7,0.0119587,1,-0.0497792,0.0267408,MARKET_DOWN
2723,美食-KY,觀光餐旅,STRICT_OOS,2025-01-21,2025-01-22,105.263,0.25,96.4,0.0841943,2025-02-07,102.244,F4_TIME_5D,時間停損：_5日內未上漲,Disc=0.95 10D超額=+9.9% 產業超額=+6.3% outperf10=60% RSaccel=+0.0100 觸發=indep regime=MARKET_SIDEWAYS,-0.0331138,-0.00827845,-0.0309939,0.00225627,6,0.951895,0.835489,0.0986213,0.0631663,0.6,0.0100044,2,0.0745432,0.0247067,MARKET_SIDEWAYS
2727,王品,觀光餐旅,DISCOVERY,2023-01-04,2023-01-05,168.921,0.25,161,0.0468932,2023-01-12,169.076,F4_TIME_5D,時間停損：_5日內未上漲,Disc=0.95 10D超額=+6.4% 產業超額=-0.5% outperf10=50% RSaccel=-0.0034 觸發=indep regime=MARKET_SIDEWAYS,-0.00358447,-0.000896118,-0.0232135,0.012306,6,0.953043,0.615673,0.0644021,-0.00460205,0.5,-0.00344653,2,0.031054,0.0328529,MARKET_SIDEWAYS
2727,王品,觀光餐旅,DISCOVERY,2023-04-24,2023-04-25,319.798,0.25,301,0.0587794,2023-04-26,300.247,F1_PROBE_LOW,跌破 Probe Low（盤中停損）,Disc=0.95 10D超額=+8.4% 產業超額=+2.6% outperf10=60% RSaccel=-0.0080 觸發=indep regime=MARKET_SIDEWAYS,-0.0654949,-0.0163737,-0.0525254,0.0475379,2,0.954368,0.636466,0.0844947,0.0261586,0.6,-0.00802509,3,0.0365308,0.049002,MARKET_SIDEWAYS
2727,王品,觀光餐旅,STRICT_OOS,2026-07-28,2026-07-29,229.572,0.25,218.5,0.048231,2026-08-04,226.433,F3_RS_FAILURE,試單後相對大盤落後 ≤ -4%（RS 失敗）,Disc=0.98 10D超額=+12.8% 產業超額=+12.8% outperf10=60% RSaccel=+0.0229 觸發=indep regime=MARKET_SIDEWAYS,-0.0181468,-0.00453671,-0.0155615,0.0541332,5,0.977193,0.824366,0.128037,0.128037,0.6,0.0228938,3,0.0220896,0.0213346,MARKET_SIDEWAYS
2731,雄獅,觀光餐旅,DISCOVERY,2023-11-01,2023-11-02,133.333,0.25,123,0.0774942,2023-11-14,132.169,F2_STRUCTURE,收盤跌破 MA10 且低於成本（短結構失敗）,Disc=0.97 10D超額=+20.1% 產業超額=+11.2% outperf10=80% RSaccel=+0.0215 觸發=indep regime=MARKET_SIDEWAYS,-0.0132085,-0.00330213,-0.0249939,0.0575066,9,0.972093,0.89107,0.201464,0.111878,0.8,0.0215405,1,0.110415,0.0416219,MARKET_SIDEWAYS
2739,寒舍,觀光餐旅,DISCOVERY,2024-06-07,2024-06-11,68.8718,0.25,63.2,0.0823524,2024-06-13,64.8375,F2_STRUCTURE,收盤跌破 MA10 且低於成本（短結構失敗）,Disc=0.97 10D超額=+11.5% 產業超額=+11.0% outperf10=40% RSaccel=+0.0078 觸發=indep regime=MARKET_UP,-0.0629445,-0.0157361,-0.0736405,0.00186216,3,0.97,0.636629,0.114745,0.109629,0.4,0.00777766,2,0.0505082,0.0448407,MARKET_UP
2743,山富,觀光餐旅,STRICT_OOS,2025-07-02,2025-07-03,126.816,0.25,119.5,0.0576918,2025-07-10,123.69,F4_TIME_5D,時間停損：_5日內未上漲,Disc=0.96 10D超額=+10.3% 產業超額=+3.4% outperf10=50% RSaccel=+0.0145 觸發=indep regime=MARKET_SIDEWAYS,-0.0290963,-0.00727409,-0.053749,0.0211625,6,0.960426,0.786178,0.103158,0.034197,0.5,0.0144944,2,0.0842863,0.0424107,MARKET_SIDEWAYS
2743,山富,觀光餐旅,STRICT_OOS,2025-09-19,2025-09-22,93.3328,0.25,85.776,0.0809659,2025-09-24,91.2713,F3_RS_FAILURE,試單後相對大盤落後 ≤ -4%（RS 失敗）,Disc=0.97 10D超額=+6.1% 產業超額=+11.2% outperf10=70% RSaccel=+0.0187 觸發=indep regime=MARKET_UP,-0.0265379,-0.00663448,-0.0357082,0.00714915,3,0.972222,0.84583,0.0606081,0.112212,0.7,0.018715,2,0.108201,0.0317783,MARKET_UP
2753,八方雲集,觀光餐旅,STRICT_OOS,2025-07-08,2025-07-09,187.467,0.25,178,0.0505021,2025-07-22,186.533,F2_STRUCTURE,收盤跌破 MA10 且低於成本（短結構失敗）,Disc=0.97 10D超額=+6.4% 產業超額=+2.0% outperf10=50% RSaccel=+0.0058 觸發=indep regime=MARKET_SIDEWAYS,-0.00947631,-0.00236908,-0.0131623,0.0935229,10,0.969325,0.765693,0.0636088,0.0200369,0.5,0.00579437,2,0.0709082,0.0210591,MARKET_SIDEWAYS
2838,聯邦銀,金融保險,STRICT_OOS,2025-03-11,2025-03-12,17.1427,0.25,16.3,0.0491608,2025-03-19,16.8577,F4_TIME_5D,時間停損：_5日內未上漲,Disc=0.98 10D超額=+16.0% 產業超額=+10.8% outperf10=80% RSaccel=+0.0108 觸發=indep regime=MARKET_DOWN,-0.0210877,-0.00527192,-0.0141605,0.0120897,6,0.976285,0.963958,0.159871,0.108186,0.8,0.0107959,4,0.0792847,0.0142438,MARKET_DOWN
2838,聯邦銀,金融保險,STRICT_OOS,2025-10-08,2025-10-09,19.7994,0.25,18,0.0908804,2025-10-17,19.8004,F4_TIME_5D,時間停損：_5日內未上漲,Disc=0.96 10D超額=+4.2% 產業超額=+7.8% outperf10=60% RSaccel=+0.0016 觸發=indep regime=MARKET_UP,-0.00444962,-0.00111241,-0.0555257,0.00760757,6,0.955645,0.917613,0.0423552,0.0784935,0.6,0.0016421,1,0.0755406,0.0173443,MARKET_UP
2851,中再保,金融保險,STRICT_OOS,2025-03-10,2025-03-11,28.471,0.25,27.35,0.0393734,2025-03-18,28.329,F4_TIME_5D,時間停損：_5日內未上漲,Disc=0.98 10D超額=+11.9% 產業超額=+7.5% outperf10=80% RSaccel=+0.0069 觸發=indep regime=MARKET_DOWN,-0.00947632,-0.00236908,-0.0112746,0.0185803,6,0.982781,0.94577,0.11862,0.0748591,0.8,0.00693058,2,0.0673372,0.012715,MARKET_DOWN
2882,國泰金,金融保險,STRICT_OOS,2025-05-22,2025-05-23,65.1625,0.25,60.8,0.0669481,2025-05-28,62.4435,F2_STRUCTURE,收盤跌破 MA10 且低於成本（短結構失敗）,Disc=0.97 10D超額=+13.4% 產業超額=+16.7% outperf10=70% RSaccel=+0.0105 觸發=indep regime=MARKET_UP,-0.0461326,-0.0115331,-0.054671,0.031268,4,0.965926,0.900281,0.133519,0.166814,0.7,0.0104767,1,0.132206,0.0349521,MARKET_UP
2884,玉山金,金融保險,STRICT_OOS,2026-07-20,2026-07-21,35.9396,0.25,34.4,0.0428392,2026-07-23,36.2092,F3_RS_FAILURE,試單後相對大盤落後 ≤ -4%（RS 失敗）,Disc=0.97 10D超額=+15.6% 產業超額=+9.3% outperf10=80% RSaccel=+0.0208 觸發=indep regime=MARKET_SIDEWAYS,0.00298529,0.000746321,-0.00249377,0.0350692,3,0.973392,0.954047,0.156378,0.0926325,0.8,0.0207844,2,0.0486731,0.0208598,MARKET_SIDEWAYS
2886,兆豐金,金融保險,STRICT_OOS,2025-04-08,2025-04-09,39.298,0.25,35.55,0.0953738,2025-04-10,39.4012,F2_STRUCTURE,收盤跌破 MA10 且低於成本（短結構失敗）,Disc=0.98 10D超額=+13.2% 產業超額=+6.3% outperf10=60% RSaccel=+0.0090 觸發=indep regime=MARKET_DOWN,-0.00187853,-0.000469632,-0.0724719,5.08932e-05,2,0.980299,0.875988,0.132287,0.0630338,0.6,0.0090125,2,-0.0308482,0.0230626,MARKET_DOWN
2886,兆豐金,金融保險,STRICT_OOS,2026-07-30,2026-07-31,51.6287,0.25,49.05,0.049948,2026-08-04,50.4735,F3_RS_FAILURE,試單後相對大盤落後 ≤ -4%（RS 失敗）,Disc=0.99 10D超額=+23.0% 產業超額=+12.9% outperf10=70% RSaccel=+0.0280 觸發=indep regime=MARKET_DOWN,-0.0268258,-0.00670644,-0.0121783,0.0401182,3,0.989461,0.960436,0.229899,0.128813,0.7,0.0280051,3,0.0794948,0.0246186,MARKET_DOWN
2903,遠百,貿易百貨,DISCOVERY,2024-03-25,2024-03-26,29.2229,0.25,27.1,0.0726443,2024-04-02,29.127,F4_TIME_5D,時間停損：_5日內未上漲,Disc=0.96 10D超額=+14.0% 產業超額=+18.3% outperf10=70% RSaccel=+0.0065 觸發=indep regime=MARKET_UP,-0.00777341,-0.00194335,-0.0144707,0.0248821,6,0.955056,0.920263,0.139714,0.183132,0.7,0.00646438,2,0.130797,0.0216487,MARKET_UP
2905,三商,貿易百貨,DISCOVERY,2024-05-20,2024-05-21,17.0425,0.25,15.85,0.0699721,2024-05-23,16.5086,F3_RS_FAILURE,試單後相對大盤落後 ≤ -4%（RS 失敗）,Disc=0.95 10D超額=+12.1% 產業超額=+16.8% outperf10=60% RSaccel=+0.0065 觸發=indep regime=MARKET_UP,-0.0357556,-0.00893891,-0.0406337,0.000440076,3,0.954225,0.90666,0.120535,0.167703,0.6,0.00653561,1,0.137393,0.0299199,MARKET_UP
2905,三商,貿易百貨,DISCOVERY,2024-05-31,2024-06-03,18.6465,0.25,17.2,0.0775749,2024-06-07,17.556,F2_STRUCTURE,收盤跌破 MA10 且低於成本（短結構失敗）,Disc=0.97 10D超額=+11.2% 產業超額=+12.3% outperf10=50% RSaccel=+0.0195 觸發=indep regime=MARKET_SIDEWAYS,-0.0628512,-0.0157128,-0.0641675,0.013595,5,0.970166,0.822275,0.112397,0.122761,0.5,0.0194788,3,0.136855,0.0374612,MARKET_SIDEWAYS
2913,農林,貿易百貨,DISCOVERY,2024-09-27,2024-09-30,23.0575,0.25,21.6,0.0632115,2024-10-04,21.7954,F2_STRUCTURE,收盤跌破 MA10 且低於成本（短結構失敗）,Disc=0.95 10D超額=+7.1% 產業超額=+9.8% outperf10=50% RSaccel=+0.0006 觸發=indep regime=MARKET_SIDEWAYS,-0.059115,-0.0147787,-0.061043,0,3,0.954545,0.816435,0.0712949,0.0981835,0.5,0.000590862,1,0.0898275,0.025889,MARKET_SIDEWAYS
2915,潤泰全,貿易百貨,STRICT_OOS,2026-08-19,2026-08-20,62.2553,0.25,58.8,0.0555013,2026-08-25,58.653,F1_PROBE_LOW,跌破 Probe Low（盤中停損）,Disc=0.98 10D超額=+19.1% 產業超額=+18.4% outperf10=70% RSaccel=+0.0308 觸發=indep regime=MARKET_SIDEWAYS,-0.0622324,-0.0155581,-0.0522888,0.0039314,4,0.976893,0.968717,0.190635,0.184141,0.7,0.0307734,2,0.147419,0.0268146,MARKET_SIDEWAYS
3003,健和興,電子零組件業,DISCOVERY,2024-09-09,2024-09-10,99.7487,0.25,91.8,0.0796877,2024-09-12,95.76,F3_RS_FAILURE,試單後相對大盤落後 ≤ -4%（RS 失敗）,Disc=0.98 10D超額=+19.0% 產業超額=+17.1% outperf10=80% RSaccel=+0.0107 觸發=indep regime=MARKET_SIDEWAYS,-0.044398,-0.0110995,-0.0736726,0.0275818,3,0.979381,0.966541,0.190292,0.170895,0.8,0.0106622,2,0.113576,0.0394718,MARKET_SIDEWAYS
3005,神基,電腦及週邊設備業,STRICT_OOS,2025-05-20,2025-05-21,122.806,0.25,115,0.0635656,2025-05-28,120.698,F2_STRUCTURE,收盤跌破 MA10 且低於成本（短結構失敗）,Disc=0.95 10D超額=+9.0% 產業超額=+7.5% outperf10=70% RSaccel=+0.0189 觸發=indep regime=MARKET_UP,-0.0216327,-0.00540818,-0.030994,0.0300779,6,0.950966,0.934796,0.0899945,0.0745156,0.7,0.0188606,1,0.115393,0.0281649,MARKET_UP
3008,大立光,光電業,DISCOVERY,2023-12-25,2023-12-26,2801.99,0.25,2635,0.0595961,2024-01-03,2718.19,F4_TIME_5D,時間停損：_5日內未上漲,Disc=0.98 10D超額=+18.4% 產業超額=+23.3% outperf10=70% RSaccel=-0.0021 觸發=indep regime=MARKET_UP,-0.0343401,-0.00858501,-0.0221227,0.0278418,6,0.979112,0.857593,0.183737,0.232819,0.7,-0.00212997,2,0.12024,0.0313059,MARKET_UP
3010,華立,電子通路業,DISCOVERY,2023-08-11,2023-08-14,87.418,0.25,82.9,0.0516827,2023-08-21,86.982,F4_TIME_5D,時間停損：_5日內未上漲,Disc=0.97 10D超額=+12.4% 產業超額=+11.4% outperf10=70% RSaccel=+0.0282 觸發=indep regime=MARKET_SIDEWAYS,-0.0094763,-0.00236908,-0.031092,0.00780161,6,0.973518,0.921442,0.123572,0.114426,0.7,0.0282349,1,0.0763209,0.0148539,MARKET_SIDEWAYS
3010,華立,電子通路業,STRICT_OOS,2025-05-29,2025-06-02,106.766,0.25,104,0.0259094,2025-06-09,104.738,F4_TIME_5D,時間停損：_5日內未上漲,Disc=0.98 10D超額=+12.1% 產業超額=+13.6% outperf10=60% RSaccel=+0.0198 觸發=indep regime=MARKET_UP,-0.023459,-0.00586476,-0.0259094,0.0209219,6,0.978102,0.890683,0.120789,0.136292,0.6,0.0198127,2,0.0968921,0.0233466,MARKET_UP
3013,晟銘電,電腦及週邊設備業,DISCOVERY,2024-10-22,2024-10-23,163.909,0.25,152.5,0.0696043,2024-10-29,152.119,F1_PROBE_LOW,跌破 Probe Low（盤中停損）,Disc=0.98 10D超額=+26.2% 產業超額=+28.0% outperf10=60% RSaccel=+0.0086 觸發=indep regime=MARKET_UP,-0.0762685,-0.0190671,-0.0574024,0.0310615,5,0.977556,0.922797,0.262119,0.280065,0.6,0.0085979,2,0.179663,0.055872,MARKET_UP
3013,晟銘電,電腦及週邊設備業,DISCOVERY,2024-11-12,2024-11-13,169.924,0.25,157,0.0760562,2024-11-15,165.585,F2_STRUCTURE,收盤跌破 MA10 且低於成本（短結構失敗）,Disc=0.95 10D超額=+8.6% 產業超額=+6.8% outperf10=50% RSaccel=+0.0072 觸發=indep regime=MARKET_SIDEWAYS,-0.0299761,-0.00749401,-0.0466312,0.0357587,3,0.954082,0.831021,0.0857572,0.0680921,0.5,0.007207,2,0.0633947,0.0532544,MARKET_SIDEWAYS
3013,晟銘電,電腦及週邊設備業,STRICT_OOS,2025-05-20,2025-05-21,109.272,0.25,104.5,0.0436752,2025-05-23,104.239,F1_PROBE_LOW,跌破 Probe Low（盤中停損）,Disc=0.98 10D超額=+19.7% 產業超額=+18.3% outperf10=50% RSaccel=-0.0015 觸發=indep regime=MARKET_UP,-0.0504624,-0.0126156,-0.0390995,0.0112334,3,0.976226,0.798338,0.196839,0.183464,0.5,-0.00149217,1,0.179893,0.046771,MARKET_UP
3015,全漢,電子零組件業,STRICT_OOS,2025-01-10,2025-01-13,64.2602,0.25,61,0.0507351,2025-02-19,67.83,PROBE_MAX_LIFE,20 日內未確認,Disc=0.97 10D超額=+3.7% 產業超額=+8.1% outperf10=30% RSaccel=+0.0226 觸發=indep regime=MARKET_SIDEWAYS,0.0509265,0.0127316,-0.032061,0.0784272,21,0.971871,0.736879,0.0369262,0.0806477,0.3,0.0225976,2,0.0640732,0.0330261,MARKET_SIDEWAYS
3017,奇鋐,電腦及週邊設備業,STRICT_OOS,2026-02-02,2026-02-03,1553.88,0.25,1400,0.0990266,2026-02-24,1531.16,F2_STRUCTURE,收盤跌破 MA10 且低於成本（短結構失敗）,Disc=0.98 10D超額=+15.1% 產業超額=+21.1% outperf10=80% RSaccel=+0.0138 觸發=indep regime=MARKET_UP,-0.0190838,-0.00477095,-0.0250181,0.10691,9,0.982057,0.876176,0.150647,0.2115,0.8,0.013797,2,0.0767841,0.0424257,MARKET_UP
3019,亞光,電子工業,DISCOVERY,2023-12-25,2023-12-26,72.581,0.25,68,0.0631156,2023-12-28,70.7228,F3_RS_FAILURE,試單後相對大盤落後 ≤ -4%（RS 失敗）,Disc=0.97 10D超額=+7.9% 產業超額=+9.8% outperf10=50% RSaccel=+0.0026 觸發=indep regime=MARKET_UP,-0.0300448,-0.00751121,-0.0286714,0.00577286,3,0.969974,0.720554,0.0789586,0.0982657,0.5,0.00264468,3,0.0517052,0.0301853,MARKET_UP
3019,亞光,電子工業,DISCOVERY,2024-08-21,2024-08-22,125.313,0.25,121,0.034414,2024-08-22,120.698,F1_PROBE_LOW,跌破 Probe Low（盤中停損）,Disc=0.97 10D超額=+31.0% 產業超額=+27.2% outperf10=90% RSaccel=-0.0089 觸發=indep regime=MARKET_SIDEWAYS,-0.0412451,-0.0103113,,,1,0.973653,0.844469,0.310126,0.271862,0.9,-0.00886473,2,0.267535,0.057764,MARKET_SIDEWAYS
3022,威強電,電腦及週邊設備業,STRICT_OOS,2026-07-24,2026-07-27,95.3377,0.25,87.5,0.0822103,2026-07-28,86.982,F1_PROBE_LOW,跌破 Probe Low（盤中停損）,Disc=0.95 10D超額=+9.4% 產業超額=+8.4% outperf10=50% RSaccel=+0.0306 觸發=indep regime=MARKET_SIDEWAYS,-0.0919465,-0.0229866,-0.064379,0.00275075,2,0.95189,0.834672,0.0936571,0.0836202,0.5,0.030605,1,0.0868309,0.0483283,MARKET_SIDEWAYS
3023,信邦,電子零組件業,DISCOVERY,2024-07-22,2024-07-23,332.329,0.25,311,0.0641797,2024-07-30,326.183,F2_STRUCTURE,收盤跌破 MA10 且低於成本（短結構失敗）,Disc=0.98 10D超額=+19.1% 產業超額=+19.4% outperf10=80% RSaccel=+0.0192 觸發=indep regime=MARKET_SIDEWAYS,-0.0229529,-0.00573822,-0.0295754,0.0381287,4,0.980372,0.95411,0.191226,0.193771,0.8,0.019158,2,0.0975411,0.0362442,MARKET_SIDEWAYS
3024,憶聲,光電業,DISCOVERY,2024-07-29,2024-07-30,22.2555,0.25,21.25,0.0451799,2024-08-06,21.3964,F2_STRUCTURE,收盤跌破 MA10 且低於成本（短結構失敗）,Disc=0.97 10D超額=+14.8% 產業超額=+15.4% outperf10=70% RSaccel=+0.0057 觸發=indep regime=MARKET_SIDEWAYS,-0.0430159,-0.010754,-0.0384399,0.114331,6,0.96852,0.796718,0.147586,0.154475,0.7,0.00574858,2,0.0161619,0.0396583,MARKET_SIDEWAYS
3024,憶聲,光電業,DISCOVERY,2024-11-15,2024-11-18,20.8019,0.25,19.3,0.0721991,2024-11-21,19.95,F3_RS_FAILURE,試單後相對大盤落後 ≤ -4%（RS 失敗）,Disc=0.99 10D超額=+13.2% 產業超額=+16.5% outperf10=60% RSaccel=+0.0186 觸發=indep regime=MARKET_SIDEWAYS,-0.0453597,-0.0113399,-0.0433555,0.0191389,4,0.985256,0.933042,0.132428,0.164919,0.6,0.0186403,2,0.122228,0.032358,MARKET_SIDEWAYS
3025,星通,通信網路業,DISCOVERY,2024-11-11,2024-11-12,80.8015,0.25,76.6,0.0519977,2024-11-15,77.406,F2_STRUCTURE,收盤跌破 MA10 且低於成本（短結構失敗）,Disc=0.96 10D超額=+8.6% 產業超額=+10.9% outperf10=60% RSaccel=-0.0101 觸發=indep regime=MARKET_SIDEWAYS,-0.0464282,-0.011607,-0.0495226,0.0148326,4,0.959948,0.674928,0.0863734,0.108989,0.6,-0.010057,3,0.0378518,0.0425721,MARKET_SIDEWAYS
3029,零壹,電子工業,DISCOVERY,2023-02-13,2023-02-14,48.12,0.25,45.15,0.0617207,2023-02-21,47.5808,F4_TIME_5D,時間停損：_5日內未上漲,Disc=0.97 10D超額=+14.1% 產業超額=+10.7% outperf10=80% RSaccel=+0.0143 觸發=indep regime=MARKET_UP,-0.0156811,-0.00392028,-0.0315877,0.00789692,6,0.967797,0.973017,0.140628,0.10746,0.8,0.0142781,2,0.117358,0.0169212,MARKET_UP
3029,零壹,電子工業,DISCOVERY,2024-07-19,2024-07-22,116.29,0.25,106,0.0884857,2024-07-26,105.735,F1_PROBE_LOW,跌破 Probe Low（盤中停損）,Disc=0.95 10D超額=+10.5% 產業超額=+11.8% outperf10=40% RSaccel=+0.0111 觸發=indep regime=MARKET_SIDEWAYS,-0.0950602,-0.0237651,-0.0497893,0.0147046,3,0.954686,0.756369,0.10465,0.118234,0.4,0.0110911,2,0.0958377,0.0545113,MARKET_SIDEWAYS
3030,德律,電子工業,DISCOVERY,2024-08-19,2024-08-20,163.909,0.25,150,0.0848567,2024-08-23,153.116,F3_RS_FAILURE,試單後相對大盤落後 ≤ -4%（RS 失敗）,Disc=0.97 10D超額=+16.1% 產業超額=+16.9% outperf10=70% RSaccel=+0.0046 觸發=indep regime=MARKET_SIDEWAYS,-0.0701964,-0.0175491,-0.0726548,0.000556712,4,0.97076,0.847739,0.1608,0.169272,0.7,0.00463038,2,0.132471,0.0597443,MARKET_SIDEWAYS
3030,德律,電子工業,STRICT_OOS,2025-06-26,2025-06-27,149.874,0.25,140,0.0658804,2025-07-02,142.643,F3_RS_FAILURE,試單後相對大盤落後 ≤ -4%（RS 失敗）,Disc=0.98 10D超額=+15.6% 產業超額=+16.4% outperf10=70% RSaccel=-0.0008 觸發=indep regime=MARKET_SIDEWAYS,-0.0526404,-0.0131601,-0.0525359,0.0208592,4,0.977578,0.854218,0.156178,0.163976,0.7,-0.000769229,2,0.141582,0.0461072,MARKET_SIDEWAYS
3034,聯詠,電子工業,DISCOVERY,2023-11-01,2023-11-02,477.19,0.25,437,0.0842223,2023-11-17,482.291,F3_RS_FAILURE,試單後相對大盤落後 ≤ -4%（RS 失敗）,Disc=0.97 10D超額=+10.2% 產業超額=+9.2% outperf10=80% RSaccel=+0.0205 觸發=indep regime=MARKET_SIDEWAYS,0.00616613,0.00154153,-0.022402,0.0561831,12,0.968992,0.916393,0.102454,0.0922176,0.8,0.0205063,1,0.0743471,0.0234043,MARKET_SIDEWAYS
3034,聯詠,電子工業,STRICT_OOS,2025-02-03,2025-02-04,538.342,0.25,499.5,0.072152,2025-02-11,537.653,F4_TIME_5D,時間停損：_5日內未上漲,Disc=0.96 10D超額=+10.0% 產業超額=+10.0% outperf10=60% RSaccel=+0.0160 觸發=indep regime=MARKET_SIDEWAYS,-0.00577883,-0.00144471,-0.0136391,0.0290846,6,0.956934,0.918465,0.0999061,0.0997013,0.6,0.0160001,1,0.0601022,0.0216693,MARKET_SIDEWAYS
3034,聯詠,電子工業,STRICT_OOS,2026-07-24,2026-07-27,511.275,0.25,484.5,0.0523691,2026-07-31,528.675,F2_STRUCTURE,收盤跌破 MA10 且低於成本（短結構失敗）,Disc=0.98 10D超額=+1.4% 產業超額=+8.4% outperf10=50% RSaccel=+0.0193 觸發=indep regime=MARKET_SIDEWAYS,0.029456,0.007364,-0.0484573,0.0268447,5,0.97709,0.681241,0.014356,0.08444,0.5,0.0192878,1,0.0245594,0.0396107,MARKET_SIDEWAYS
3035,智原,電子工業,DISCOVERY,2023-10-16,2023-10-17,357.391,0.25,332,0.0710461,2023-10-20,331.17,F1_PROBE_LOW,跌破 Probe Low（盤中停損）,Disc=0.96 10D超額=+12.3% 產業超額=+13.5% outperf10=70% RSaccel=+0.0164 觸發=indep regime=MARKET_SIDEWAYS,-0.0777034,-0.0194259,-0.0626519,0.0268858,4,0.963247,0.812086,0.12283,0.134503,0.7,0.0164366,1,0.0875476,0.0384694,MARKET_SIDEWAYS
3035,智原,電子工業,DISCOVERY,2024-01-10,2024-01-11,389.471,0.25,372.5,0.0435751,2024-02-19,436.905,PROBE_MAX_LIFE,20 日內未確認,Disc=0.96 10D超額=+8.8% 產業超額=+9.7% outperf10=50% RSaccel=+0.0044 觸發=indep regime=MARKET_SIDEWAYS,0.117016,0.029254,-0.0101965,0.179805,21,0.963329,0.831639,0.0881389,0.0972145,0.5,0.00437755,3,0.0555025,0.0313769,MARKET_SIDEWAYS
3036,文曄,電子通路業,DISCOVERY,2023-08-09,2023-08-10,74.6862,0.25,68.1,0.0881856,2023-08-17,72.219,F4_TIME_5D,時間停損：_5日內未上漲,Disc=0.97 10D超額=+12.9% 產業超額=+14.6% outperf10=80% RSaccel=+0.0225 觸發=indep regime=MARKET_SIDEWAYS,-0.0374605,-0.00936514,-0.0560512,0.00420091,6,0.965044,0.938088,0.128513,0.14598,0.8,0.0225355,1,0.0717648,0.0203668,MARKET_SIDEWAYS
3036,文曄,電子通路業,DISCOVERY,2024-08-13,2024-08-14,110.776,0.25,103,0.0701978,2024-08-20,108.727,F3_RS_FAILURE,試單後相對大盤落後 ≤ -4%（RS 失敗）,Disc=0.96 10D超額=+7.7% 產業超額=+8.6% outperf10=50% RSaccel=+0.0193 觸發=indep regime=MARKET_SIDEWAYS,-0.0229529,-0.00573822,-0.0250618,0.0155607,5,0.95898,0.734385,0.0769061,0.0858084,0.5,0.01933,1,0.0275572,0.0505844,MARKET_SIDEWAYS
3036,文曄,電子通路業,STRICT_OOS,2026-03-13,2026-03-16,238.595,0.25,223.5,0.0632662,2026-03-25,237.405,F2_STRUCTURE,收盤跌破 MA10 且低於成本（短結構失敗）,Disc=0.96 10D超額=+33.7% 產業超額=+27.8% outperf10=90% RSaccel=-0.0161 觸發=indep regime=MARKET_SIDEWAYS,-0.00947631,-0.00236908,-0.0339278,0.0771391,8,0.956853,0.848408,0.336765,0.278356,0.9,-0.0161252,3,0.2346,0.0494389,MARKET_SIDEWAYS
3037,欣興,電子零組件業,DISCOVERY,2023-07-24,2023-07-25,203.006,0.25,188,0.0739201,2023-07-26,199.5,F3_RS_FAILURE,試單後相對大盤落後 ≤ -4%（RS 失敗）,Disc=0.95 10D超額=+23.0% 產業超額=+21.8% outperf10=60% RSaccel=-0.0139 觸發=indep regime=MARKET_SIDEWAYS,-0.0217328,-0.00543319,-0.0394384,0.024599,2,0.951865,0.73287,0.23032,0.217685,0.6,-0.0138519,2,0.133487,0.0466728,MARKET_SIDEWAYS
3038,全台,電子工業,DISCOVERY,2023-06-30,2023-07-03,43.0072,0.25,39.3,0.0862006,2023-07-06,39.102,F3_RS_FAILURE,試單後相對大盤落後 ≤ -4%（RS 失敗）,Disc=0.96 10D超額=+12.1% 產業超額=+9.5% outperf10=70% RSaccel=+0.0005 觸發=indep regime=MARKET_SIDEWAYS,-0.0951002,-0.023775,-0.0396968,0.000994006,4,0.96375,0.737995,0.121346,0.0946465,0.7,0.00050836,2,0.107074,0.0556597,MARKET_SIDEWAYS
3042,晶技,電子零組件業,DISCOVERY,2024-03-19,2024-03-20,123.307,0.25,112,0.0917017,2024-03-25,117.705,F3_RS_FAILURE,試單後相對大盤落後 ≤ -4%（RS 失敗）,Disc=0.99 10D超額=+11.9% 產業超額=+18.0% outperf10=50% RSaccel=-0.0027 觸發=indep regime=MARKET_UP,-0.049833,-0.0124582,-0.0592624,0.00561604,4,0.986652,0.739046,0.1186,0.179904,0.5,-0.00268345,2,0.134966,0.0381548,MARKET_UP
3044,健鼎,電子零組件業,STRICT_OOS,2025-06-23,2025-06-24,243.607,0.25,231,0.0517533,2025-07-04,243.39,F4_TIME_5D,時間停損：_5日內未上漲,Disc=0.95 10D超額=+11.5% 產業超額=+12.0% outperf10=50% RSaccel=+0.0085 觸發=indep regime=MARKET_SIDEWAYS,-0.00539082,-0.00134771,-0.0209661,0.0365034,9,0.952096,0.883024,0.115318,0.120085,0.5,0.00852666,1,0.103637,0.030549,MARKET_SIDEWAYS
3045,台灣大,電子工業,DISCOVERY,2024-07-26,2024-07-29,106.265,0.25,102.5,0.0354303,2024-08-05,104.239,F4_TIME_5D,時間停損：_5日內未上漲,Disc=0.97 10D超額=+11.8% 產業超額=+11.1% outperf10=70% RSaccel=+0.0171 觸發=indep regime=MARKET_SIDEWAYS,-0.023525,-0.00588125,-0.0260199,0,6,0.969538,0.867185,0.117854,0.110677,0.7,0.0171486,2,0.020042,0.024905,MARKET_SIDEWAYS
3045,台灣大,電子工業,STRICT_OOS,2026-07-28,2026-07-29,114.285,0.25,111.5,0.0243689,2026-08-03,112.717,F2_STRUCTURE,收盤跌破 MA10 且低於成本（短結構失敗）,Disc=0.97 10D超額=+11.6% 產業超額=+17.1% outperf10=60% RSaccel=+0.0163 觸發=indep regime=MARKET_SIDEWAYS,-0.0181849,-0.00454621,-0.0156188,0.00625629,4,0.966082,0.867804,0.115937,0.1714,0.6,0.0162524,1,0.0227795,0.0193052,MARKET_SIDEWAYS
3046,建碁,電腦及週邊設備業,DISCOVERY,2024-01-03,2024-01-04,68.4707,0.25,63.6,0.0711362,2024-01-08,68.628,F3_RS_FAILURE,試單後相對大盤落後 ≤ -4%（RS 失敗）,Disc=0.95 10D超額=+9.9% 產業超額=+7.8% outperf10=50% RSaccel=+0.0152 觸發=indep regime=MARKET_SIDEWAYS,-0.00220856,-0.00055214,-0.0477686,0,3,0.95411,0.810465,0.0990516,0.0776568,0.5,0.015197,1,0.0713725,0.0213345,MARKET_SIDEWAYS
3046,建碁,電腦及週邊設備業,DISCOVERY,2024-08-13,2024-08-14,65.764,0.25,60,0.0876468,2024-08-19,64.638,F3_RS_FAILURE,試單後相對大盤落後 ≤ -4%（RS 失敗）,Disc=0.99 10D超額=+16.0% 產業超額=+16.9% outperf10=70% RSaccel=+0.0285 觸發=indep regime=MARKET_SIDEWAYS,-0.0215833,-0.00539583,-0.0374673,0.0127121,4,0.992239,0.921375,0.160307,0.168505,0.7,0.0285089,2,0.111397,0.0479134,MARKET_SIDEWAYS
3050,鈺德,光電業,DISCOVERY,2024-03-11,2024-03-12,21.5538,0.25,20.45,0.0512091,2024-03-20,20.9475,F2_STRUCTURE,收盤跌破 MA10 且低於成本（短結構失敗）,Disc=0.98 10D超額=+12.1% 產業超額=+17.2% outperf10=60% RSaccel=+0.0045 觸發=indep regime=MARKET_UP,-0.0325641,-0.00814102,-0.0442499,0.206287,7,0.984127,0.863548,0.121006,0.17197,0.6,0.00449052,1,0.125654,0.0355482,MARKET_UP
3051,力特,光電業,DISCOVERY,2023-12-12,2023-12-13,43.308,0.25,40.7,0.0602198,2023-12-14,40.5983,F1_PROBE_LOW,跌破 Probe Low（盤中停損）,Disc=0.99 10D超額=+25.7% 產業超額=+25.3% outperf10=80% RSaccel=-0.0059 觸發=indep regime=MARKET_UP,-0.0669285,-0.0167321,-0.014039,0.0344509,2,0.98961,0.884502,0.256928,0.253323,0.8,-0.00594997,4,0.205614,0.0460669,MARKET_UP
3051,力特,光電業,DISCOVERY,2024-03-11,2024-03-12,41.2529,0.25,37.85,0.0824882,2024-03-15,37.7554,F1_PROBE_LOW,跌破 Probe Low（盤中停損）,Disc=0.98 10D超額=+8.5% 產業超額=+13.5% outperf10=50% RSaccel=+0.0079 觸發=indep regime=MARKET_UP,-0.0890912,-0.0222728,-0.0667317,0.0120507,4,0.97619,0.889879,0.0853499,0.135416,0.5,0.00788124,1,0.104816,0.0406419,MARKET_UP
3056,富華新,建材營造,DISCOVERY,2023-09-05,2023-09-06,31.4785,0.25,29.15,0.0739712,2023-09-12,29.7255,F2_STRUCTURE,收盤跌破 MA10 且低於成本（短結構失敗）,Disc=0.95 10D超額=+6.7% 產業超額=+6.2% outperf10=60% RSaccel=+0.0265 觸發=indep regime=MARKET_SIDEWAYS,-0.0600635,-0.0150159,-0.0676176,0.00703655,5,0.950301,0.68135,0.0668523,0.0620868,0.6,0.0264557,2,0.0295267,0.0364981,MARKET_SIDEWAYS
3056,富華新,建材營造,STRICT_OOS,2025-03-27,2025-03-28,40.902,0.25,38.7,0.053836,2025-03-31,36.9574,F1_PROBE_LOW,跌破 Probe Low（盤中停損）,Disc=0.98 10D超額=+12.6% 產業超額=+9.1% outperf10=70% RSaccel=+0.0034 觸發=indep regime=MARKET_DOWN,-0.100724,-0.025181,-0.045279,0,2,0.978638,0.917834,0.125969,0.0913562,0.7,0.00336723,2,0.0927352,0.0308123,MARKET_DOWN
3081,聯亞,通信網路業,DISCOVERY,2023-10-04,2023-10-05,126.315,0.25,116.5,0.0777025,2023-10-06,116.209,F1_PROBE_LOW,跌破 Probe Low（盤中停損）,Disc=0.97 10D超額=+11.8% 產業超額=+12.2% outperf10=60% RSaccel=+0.0169 觸發=indep regime=MARKET_SIDEWAYS,-0.0843283,-0.0210821,-0.0302023,0.017298,2,0.973684,0.867887,0.117886,0.121752,0.6,0.0169158,2,0.0844675,0.0455322,MARKET_SIDEWAYS
3083,網龍,文化創意業,DISCOVERY,2024-03-20,2024-03-21,52.3305,0.25,48.5,0.0731982,2024-04-01,52.668,F2_STRUCTURE,收盤跌破 MA10 且低於成本（短結構失敗）,Disc=0.97 10D超額=+17.4% 產業超額=+12.5% outperf10=80% RSaccel=+0.0087 觸發=indep regime=MARKET_UP,0.00193488,0.00048372,-0.0349796,0.10834,8,0.971111,0.88984,0.174021,0.125342,0.8,0.00865249,2,0.135599,0.0314805,MARKET_UP
3086,華義*,文化創意業,STRICT_OOS,2025-03-14,2025-03-17,178.946,0.25,170,0.0499941,2025-03-19,170.572,F2_STRUCTURE,收盤跌破 MA10 且低於成本（短結構失敗）,Disc=0.97 10D超額=+9.5% 產業超額=+12.6% outperf10=60% RSaccel=-0.0001 觸發=indep regime=MARKET_DOWN,-0.0511895,-0.0127974,-0.0444058,0.0170652,3,0.972185,0.661695,0.0951188,0.125587,0.6,-0.000105518,3,0.0284367,0.0399099,MARKET_DOWN
3086,華義*,文化創意業,STRICT_OOS,2026-03-24,2026-03-25,300.75,0.25,278,0.0756442,2026-04-01,308.228,F2_STRUCTURE,收盤跌破 MA10 且低於成本（短結構失敗）,Disc=0.99 10D超額=+38.8% 產業超額=+43.5% outperf10=80% RSaccel=+0.0198 觸發=indep regime=MARKET_SIDEWAYS,0.0203069,0.00507673,-0.0590191,0.0290939,6,0.99022,0.953984,0.387898,0.434894,0.8,0.0197786,3,0.224614,0.0568586,MARKET_SIDEWAYS
3088,艾訊,電腦及週邊設備業,DISCOVERY,2023-05-22,2023-05-23,82.8065,0.25,77,0.0701213,2023-05-26,80.7975,F3_RS_FAILURE,試單後相對大盤落後 ≤ -4%（RS 失敗）,Disc=0.96 10D超額=+4.3% 產業超額=+3.4% outperf10=50% RSaccel=+0.0116 觸發=indep regime=MARKET_UP,-0.0287068,-0.0071767,-0.0423457,0.00595968,4,0.956764,0.713157,0.0426403,0.0343856,0.5,0.0116385,2,0.0825083,0.0263937,MARKET_UP
3088,艾訊,電腦及週邊設備業,DISCOVERY,2023-09-08,2023-09-11,99.3477,0.25,91.8,0.075973,2023-09-12,91.5705,F1_PROBE_LOW,跌破 Probe Low（盤中停損）,Disc=0.98 10D超額=+12.6% 產業超額=+12.9% outperf10=60% RSaccel=+0.0104 觸發=indep regime=MARKET_SIDEWAYS,-0.082607,-0.0206517,-0.0437629,0.00354563,2,0.976888,0.777478,0.125705,0.12944,0.6,0.0104223,4,0.0938695,0.041035,MARKET_SIDEWAYS
3090,日電貿,電子零組件業,DISCOVERY,2024-11-28,2024-11-29,72.2802,0.25,69.1,0.0439988,2024-12-04,71.5207,F3_RS_FAILURE,試單後相對大盤落後 ≤ -4%（RS 失敗）,Disc=0.98 10D超額=+10.6% 產業超額=+8.9% outperf10=40% RSaccel=+0.0153 觸發=indep regime=MARKET_SIDEWAYS,-0.0149841,-0.00374602,-0.0246298,0.0403949,4,0.98419,0.769309,0.105671,0.0886436,0.4,0.0153195,2,0.142726,0.0515395,MARKET_SIDEWAYS
3094,聯傑,電子工業,DISCOVERY,2023-10-17,2023-10-18,37.8444,0.25,34.6,0.0857294,2023-10-25,37.7055,F4_TIME_5D,時間停損：_5日內未上漲,Disc=0.96 10D超額=+11.6% 產業超額=+12.9% outperf10=60% RSaccel=+0.0206 觸發=indep regime=MARKET_SIDEWAYS,-0.00816136,-0.00204034,-0.0725174,0.0411059,6,0.95679,0.883291,0.115673,0.128718,0.6,0.0205593,1,0.088,0.0377196,MARKET_SIDEWAYS
3105,穩懋,半導體業,DISCOVERY,2023-03-28,2023-03-29,188.47,0.25,173,0.082082,2023-03-30,179.051,F3_RS_FAILURE,試單後相對大盤落後 ≤ -4%（RS 失敗）,Disc=0.96 10D超額=+12.2% 產業超額=+9.5% outperf10=70% RSaccel=+0.0185 觸發=indep regime=MARKET_SIDEWAYS,-0.0543624,-0.0135906,-0.0528997,0.000159177,2,0.955526,0.870395,0.122412,0.0948861,0.7,0.0185486,1,0.0861314,0.031106,MARKET_SIDEWAYS
3105,穩懋,半導體業,DISCOVERY,2023-11-29,2023-11-30,168.921,0.25,155,0.0824127,2023-12-08,167.58,F2_STRUCTURE,收盤跌破 MA10 且低於成本（短結構失敗）,Disc=0.96 10D超額=+7.3% 產業超額=-2.0% outperf10=40% RSaccel=+0.0069 觸發=indep regime=MARKET_UP,-0.0124222,-0.00310556,-0.0202535,0.0507855,7,0.957143,0.606577,0.0732632,-0.0199777,0.4,0.00685518,3,0.0809072,0.0378401,MARKET_UP
3105,穩懋,半導體業,STRICT_OOS,2025-02-20,2025-02-21,118.796,0.25,108,0.0908804,2025-02-24,112.718,F3_RS_FAILURE,試單後相對大盤落後 ≤ -4%（RS 失敗）,Disc=0.97 10D超額=+14.0% 產業超額=+9.1% outperf10=60% RSaccel=+0.0211 觸發=indep regime=MARKET_SIDEWAYS,-0.0555544,-0.0138886,-0.0445826,0,2,0.972934,0.82443,0.139731,0.090811,0.6,0.0211142,2,0.126408,0.0290598,MARKET_SIDEWAYS
3105,穩懋,半導體業,STRICT_OOS,2025-03-21,2025-03-24,125.312,0.25,113,0.0982543,2025-03-25,122.194,F3_RS_FAILURE,試單後相對大盤落後 ≤ -4%（RS 失敗）,Disc=0.99 10D超額=+16.4% 產業超額=+16.1% outperf10=60% RSaccel=+0.0182 觸發=indep regime=MARKET_DOWN,-0.0293318,-0.00733294,-0.0583541,0.0214464,2,0.994702,0.830079,0.163874,0.160565,0.6,0.0181519,2,0.0944596,0.0388263,MARKET_DOWN
3131,弘塑,其他電子業,DISCOVERY,2024-05-24,2024-05-27,1228.06,0.25,1100,0.10428,2024-06-03,1117.2,F2_STRUCTURE,收盤跌破 MA10 且低於成本（短結構失敗）,Disc=0.95 10D超額=+11.6% 產業超額=+12.1% outperf10=70% RSaccel=+0.0265 觸發=indep regime=MARKET_UP,-0.0945712,-0.0236428,-0.100209,0.0137921,6,0.950857,0.845121,0.115504,0.12141,0.7,0.0264729,2,0.0998742,0.0497579,MARKET_UP
3131,弘塑,其他電子業,DISCOVERY,2024-12-17,2024-12-18,1844.6,0.25,1740,0.056706,2024-12-20,1745.62,F2_STRUCTURE,收盤跌破 MA10 且低於成本（短結構失敗）,Disc=0.97 10D超額=+7.0% 產業超額=+9.1% outperf10=50% RSaccel=+0.0047 觸發=indep regime=MARKET_SIDEWAYS,-0.0580359,-0.014509,-0.0512848,0,3,0.966622,0.795062,0.0701778,0.0912245,0.5,0.00471912,3,0.0672854,0.0357143,MARKET_SIDEWAYS
3141,晶宏,半導體業,DISCOVERY,2023-11-09,2023-11-10,98.245,0.25,92,0.0635656,2023-11-27,96.2588,F2_STRUCTURE,收盤跌破 MA10 且低於成本（短結構失敗）,Disc=0.95 10D超額=+7.8% 產業超額=+8.2% outperf10=50% RSaccel=+0.0071 觸發=indep regime=MARKET_SIDEWAYS,-0.0246718,-0.00616796,-0.0218332,0.0942033,12,0.951456,0.85473,0.0784732,0.0820263,0.5,0.00710561,3,0.0869082,0.0285568,MARKET_SIDEWAYS
3149,正達,電子工業,STRICT_OOS,2025-10-08,2025-10-09,46.6163,0.25,42.65,0.085083,2025-10-13,41.2466,F1_PROBE_LOW,跌破 Probe Low（盤中停損）,Disc=0.95 10D超額=-0.8% 產業超額=+4.7% outperf10=50% RSaccel=-0.0032 觸發=indep regime=MARKET_UP,-0.119429,-0.0298572,-0.0325262,0,2,0.952957,0.755451,-0.00751076,0.0473553,0.5,-0.00324443,1,0.122313,0.0474644,MARKET_UP
3162,精確,電機機械,DISCOVERY,2023-12-29,2024-01-02,50.2253,0.25,47.9,0.0462964,2024-01-03,47.7802,F1_PROBE_LOW,跌破 Probe Low（盤中停損）,Disc=0.96 10D超額=+5.5% 產業超額=+7.7% outperf10=40% RSaccel=+0.0114 觸發=indep regime=MARKET_UP,-0.0530712,-0.0132678,-0.0323592,0.0114434,2,0.960969,0.821551,0.0551299,0.0770261,0.4,0.0113965,1,0.0547453,0.0262668,MARKET_UP
3163,波若威,通信網路業,DISCOVERY,2023-01-11,2023-01-12,54.6362,0.25,51.3,0.0610629,2023-01-16,51.6705,F2_STRUCTURE,收盤跌破 MA10 且低於成本（短結構失敗）,Disc=0.96 10D超額=+4.5% 產業超額=+5.5% outperf10=60% RSaccel=+0.0113 觸發=indep regime=MARKET_SIDEWAYS,-0.0586596,-0.0146649,-0.0574024,0,3,0.959386,0.781227,0.0452807,0.055192,0.6,0.0112857,1,0.0537489,0.0241366,MARKET_SIDEWAYS
3188,鑫龍騰,建材營造,DISCOVERY,2024-04-01,2024-04-02,27.3181,0.25,26.0247,0.0473454,2024-04-03,25.9597,F1_PROBE_LOW,跌破 Probe Low（盤中停損）,Disc=0.96 10D超額=+12.1% 產業超額=+6.6% outperf10=70% RSaccel=-0.0019 觸發=indep regime=MARKET_UP,-0.0541151,-0.0135288,-0.00432405,0.0249605,2,0.964162,0.802218,0.120568,0.0657474,0.7,-0.0018813,2,0.154038,0.0473307,MARKET_UP
3189,景碩,電子工業,DISCOVERY,2024-12-11,2024-12-12,104.26,0.25,94,0.0984078,2024-12-13,99.351,F3_RS_FAILURE,試單後相對大盤落後 ≤ -4%（RS 失敗）,Disc=0.95 10D超額=+7.1% 產業超額=+8.2% outperf10=60% RSaccel=+0.0186 觸發=indep regime=MARKET_SIDEWAYS,-0.0514783,-0.0128696,-0.044696,0,2,0.952957,0.830959,0.0706431,0.0818715,0.6,0.0185895,3,0.0552032,0.0306122,MARKET_SIDEWAYS
3207,耀勝,電子零組件業,STRICT_OOS,2025-02-12,2025-02-13,117.293,0.25,109,0.0706993,2025-02-20,113.715,F2_STRUCTURE,收盤跌破 MA10 且低於成本（短結構失敗）,Disc=0.98 10D超額=+36.0% 產業超額=+32.9% outperf10=80% RSaccel=+0.0054 觸發=indep regime=MARKET_SIDEWAYS,-0.034932,-0.00873301,-0.0365965,0.0571861,6,0.975575,0.921576,0.359961,0.328972,0.8,0.00536333,2,0.232517,0.0395652,MARKET_SIDEWAYS
3211,順達,電腦及週邊設備業,STRICT_OOS,2025-07-08,2025-07-09,236.089,0.25,222,0.0596757,2025-07-16,221.445,F1_PROBE_LOW,跌破 Probe Low（盤中停損）,Disc=0.96 10D超額=+13.4% 產業超額=+14.7% outperf10=70% RSaccel=-0.0113 觸發=indep regime=MARKET_SIDEWAYS,-0.0663869,-0.0165967,-0.00672946,0.107634,6,0.957055,0.753918,0.134349,0.147193,0.7,-0.0113476,1,0.134243,0.0581676,MARKET_SIDEWAYS
3213,茂訊,電腦及週邊設備業,DISCOVERY,2023-10-16,2023-10-17,83.7087,0.25,74.1,0.114788,2023-10-18,77.805,F3_RS_FAILURE,試單後相對大盤落後 ≤ -4%（RS 失敗）,Disc=0.97 10D超額=+8.7% 產業超額=+10.5% outperf10=70% RSaccel=+0.0069 觸發=indep regime=MARKET_SIDEWAYS,-0.0748686,-0.0187171,-0.0717816,0,2,0.966309,0.868042,0.0870723,0.104803,0.7,0.00688128,2,0.0522162,0.0296429,MARKET_SIDEWAYS
3213,茂訊,電腦及週邊設備業,DISCOVERY,2023-12-13,2023-12-14,93.9342,0.25,87,0.0738203,2023-12-20,89.8747,F2_STRUCTURE,收盤跌破 MA10 且低於成本（短結構失敗）,Disc=0.97 10D超額=+14.7% 產業超額=+11.6% outperf10=60% RSaccel=-0.0101 觸發=indep regime=MARKET_SIDEWAYS,-0.0476192,-0.0119048,-0.0610454,0.0698973,5,0.96619,0.713243,0.147219,0.11571,0.6,-0.0100655,3,0.128073,0.0348602,MARKET_SIDEWAYS
3213,茂訊,電腦及週邊設備業,STRICT_OOS,2026-06-11,2026-06-12,136.34,0.25,128.5,0.0575033,2026-06-17,133.665,F3_RS_FAILURE,試單後相對大盤落後 ≤ -4%（RS 失敗）,Disc=0.97 10D超額=+13.2% 產業超額=+12.3% outperf10=50% RSaccel=-0.0066 觸發=indep regime=MARKET_SIDEWAYS,-0.0240759,-0.00601898,-0.017163,0.0708523,4,0.967942,0.725282,0.132499,0.123176,0.5,-0.00658157,2,0.0858995,0.0426439,MARKET_SIDEWAYS
3217,優群,電子零組件業,DISCOVERY,2023-06-16,2023-06-19,137.844,0.25,126,0.0859216,2023-06-28,131.67,F2_STRUCTURE,收盤跌破 MA10 且低於成本（短結構失敗）,Disc=0.97 10D超額=+24.7% 產業超額=+26.8% outperf10=70% RSaccel=+0.0067 觸發=indep regime=MARKET_UP,-0.0491873,-0.0122968,-0.0605305,0.0265246,6,0.966667,0.91478,0.246854,0.267871,0.7,0.00669009,1,0.186441,0.0455259,MARKET_UP
3217,優群,電子零組件業,DISCOVERY,2023-11-10,2023-11-13,157.894,0.25,147,0.0689942,2023-11-16,153.615,F3_RS_FAILURE,試單後相對大盤落後 ≤ -4%（RS 失敗）,Disc=0.99 10D超額=+26.6% 產業超額=+26.4% outperf10=80% RSaccel=+0.0184 觸發=indep regime=MARKET_SIDEWAYS,-0.0315379,-0.00788449,-0.040494,0.010173,4,0.991883,0.949668,0.266032,0.26382,0.8,0.0183748,2,0.2133,0.0382326,MARKET_SIDEWAYS
3224,三顧,電子通路業,DISCOVERY,2023-04-25,2023-04-26,54.937,0.25,51.1,0.0698437,2023-04-27,52.5682,F3_RS_FAILURE,試單後相對大盤落後 ≤ -4%（RS 失敗）,Disc=0.97 10D超額=+16.9% 產業超額=+17.5% outperf10=70% RSaccel=+0.0096 觸發=indep regime=MARKET_SIDEWAYS,-0.0475206,-0.0118801,-0.0552815,0,2,0.972585,0.934499,0.1691,0.174573,0.7,0.00957789,2,0.0963504,0.0382883,MARKET_SIDEWAYS
3227,原相,半導體業,DISCOVERY,2023-07-20,2023-07-21,115.288,0.25,109,0.0545376,2023-08-02,115.211,F2_STRUCTURE,收盤跌破 MA10 且低於成本（短結構失敗）,Disc=0.96 10D超額=+10.2% 產業超額=+14.0% outperf10=60% RSaccel=+0.0188 觸發=indep regime=MARKET_SIDEWAYS,-0.0051599,-0.00128998,-0.0155047,0.227366,9,0.964763,0.853672,0.101586,0.140405,0.6,0.0188119,2,0.115588,0.0237395,MARKET_SIDEWAYS
3227,原相,半導體業,DISCOVERY,2023-10-18,2023-10-19,133.834,0.25,127,0.0510615,2023-10-26,130.174,F4_TIME_5D,時間停損：_5日內未上漲,Disc=0.96 10D超額=+8.8% 產業超額=+7.1% outperf10=70% RSaccel=+0.0131 觸發=indep regime=MARKET_SIDEWAYS,-0.0317858,-0.00794646,-0.0286456,0.00871417,6,0.959029,0.833271,0.0883309,0.0714291,0.7,0.013121,1,0.068917,0.0241676,MARKET_SIDEWAYS
3227,原相,半導體業,DISCOVERY,2024-12-11,2024-12-12,244.109,0.25,233.5,0.0434591,2024-12-19,232.916,F1_PROBE_LOW,跌破 Probe Low（盤中停損）,Disc=0.97 10D超額=+14.8% 產業超額=+14.3% outperf10=90% RSaccel=+0.0098 觸發=indep regime=MARKET_SIDEWAYS,-0.0502473,-0.0125618,-0.0414108,0.0323268,6,0.967742,0.892975,0.148444,0.142807,0.9,0.0097766,2,0.121495,0.0382128,MARKET_SIDEWAYS
3231,緯創,電腦及週邊設備業,DISCOVERY,2023-12-25,2023-12-26,97.5433,0.25,91.7,0.0599042,2024-01-03,92.4683,F2_STRUCTURE,收盤跌破 MA10 且低於成本（短結構失敗）,Disc=0.96 10D超額=+4.2% 產業超額=+3.8% outperf10=60% RSaccel=+0.0090 觸發=indep regime=MARKET_UP,-0.0564111,-0.0141028,-0.0394005,0.0190351,6,0.95953,0.776561,0.0415805,0.03803,0.6,0.00896485,2,0.0430839,0.0278024,MARKET_UP
3231,緯創,電腦及週邊設備業,DISCOVERY,2024-01-12,2024-01-15,102.756,0.25,93.6,0.0891065,2024-01-16,98.154,F3_RS_FAILURE,試單後相對大盤落後 ≤ -4%（RS 失敗）,Disc=0.97 10D超額=+6.0% 產業超額=+7.3% outperf10=70% RSaccel=+0.0128 觸發=indep regime=MARKET_SIDEWAYS,-0.0491873,-0.0122968,-0.0453135,0.00237212,2,0.965468,0.867301,0.0597352,0.0732941,0.7,0.0127517,2,0.0477544,0.0269921,MARKET_SIDEWAYS
3231,緯創,電腦及週邊設備業,STRICT_OOS,2025-04-18,2025-04-21,104.761,0.25,98.6,0.0588123,2025-04-25,103.241,F3_RS_FAILURE,試單後相對大盤落後 ≤ -4%（RS 失敗）,Disc=0.97 10D超額=+12.9% 產業超額=+16.5% outperf10=60% RSaccel=+0.0125 觸發=indep regime=MARKET_SIDEWAYS,-0.0189765,-0.00474413,-0.0569032,0.00705175,5,0.965659,0.768313,0.128963,0.164569,0.6,0.0124859,1,0.0765366,0.0638776,MARKET_SIDEWAYS
3252,海灣,觀光餐旅,DISCOVERY,2023-06-19,2023-06-20,26.0149,0.25,23.9,0.0812948,2023-06-29,25.6856,F4_TIME_5D,時間停損：_5日內未上漲,Disc=0.96 10D超額=+12.3% 產業超額=+5.9% outperf10=70% RSaccel=+0.0128 觸發=indep regime=MARKET_UP,-0.0171277,-0.00428194,-0.0601531,0.153186,6,0.962453,0.83302,0.123088,0.058992,0.7,0.0127789,2,0.105291,0.0712904,MARKET_UP
3257,虹冠電,電子工業,DISCOVERY,2023-06-29,2023-06-30,72.0798,0.25,66.6,0.0760234,2023-07-07,74.613,F4_TIME_5D,時間停損：_5日內未上漲,Disc=0.95 10D超額=+9.1% 產業超額=+6.9% outperf10=60% RSaccel=+0.0136 觸發=indep regime=MARKET_SIDEWAYS,0.030566,0.00764151,-0.0330155,0.00721771,6,0.95398,0.745279,0.0908948,0.06915,0.6,0.0136118,3,0.0484755,0.0377565,MARKET_SIDEWAYS
3260,威剛,半導體業,DISCOVERY,2023-10-23,2023-10-24,107.769,0.25,99.7,0.0748709,2023-10-25,100.748,F3_RS_FAILURE,試單後相對大盤落後 ≤ -4%（RS 失敗）,Disc=0.97 10D超額=+17.7% 產業超額=+16.6% outperf10=90% RSaccel=+0.0097 觸發=indep regime=MARKET_SIDEWAYS,-0.0695045,-0.0173761,-0.0730151,0.0114249,2,0.967341,0.953921,0.177122,0.165803,0.9,0.00972234,1,0.129823,0.0454178,MARKET_SIDEWAYS
3260,威剛,半導體業,DISCOVERY,2024-04-15,2024-04-16,112.28,0.25,107.5,0.0425722,2024-04-16,107.231,F1_PROBE_LOW,跌破 Probe Low（盤中停損）,Disc=0.98 10D超額=+15.4% 產業超額=+17.0% outperf10=70% RSaccel=+0.0206 觸發=indep regime=MARKET_SIDEWAYS,-0.0493646,-0.0123411,,,1,0.976675,0.926522,0.153978,0.170479,0.7,0.0206368,3,0.138043,0.0337662,MARKET_SIDEWAYS
3260,威剛,半導體業,STRICT_OOS,2025-09-19,2025-09-22,141.352,0.25,131,0.0732389,2025-10-23,178.553,PROBE_MAX_LIFE,20 日內未確認,Disc=0.98 10D超額=+21.9% 產業超額=+21.0% outperf10=90% RSaccel=+0.0017 觸發=indep regime=MARKET_UP,0.25808,0.0645199,-0.0166428,0.390142,21,0.984848,0.891518,0.21939,0.210167,0.9,0.00172082,3,0.22343,0.0437821,MARKET_UP
3265,台星科,半導體業,DISCOVERY,2023-05-31,2023-06-01,66.6663,0.25,64.7,0.029494,2023-07-03,69.426,PROBE_MAX_LIFE,20 日內未確認,Disc=0.96 10D超額=+11.9% 產業超額=+9.3% outperf10=40% RSaccel=+0.0043 觸發=indep regime=MARKET_UP,0.0368034,0.00920084,-0.0129938,0.0725067,21,0.96011,0.708054,0.118954,0.0926758,0.4,0.00434616,1,0.124884,0.0301992,MARKET_UP
3284,太普高,其他,STRICT_OOS,2026-07-02,2026-07-03,31.278,0.25,27.9,0.107999,2026-07-06,30.4238,F3_RS_FAILURE,試單後相對大盤落後 ≤ -4%（RS 失敗）,Disc=0.96 10D超額=+34.6% 產業超額=+34.2% outperf10=70% RSaccel=-0.0356 觸發=indep regime=MARKET_SIDEWAYS,-0.0317501,-0.00793752,-0.0440565,0.00709764,2,0.964059,0.818263,0.345972,0.342088,0.7,-0.035555,3,0.278751,0.0657709,MARKET_SIDEWAYS
3293,鈊象,文化創意業,DISCOVERY,2023-07-19,2023-07-20,670.673,0.25,617,0.0800279,2023-07-21,631.418,F3_RS_FAILURE,試單後相對大盤落後 ≤ -4%（RS 失敗）,Disc=0.96 10D超額=+12.0% 產業超額=+19.4% outperf10=90% RSaccel=+0.0153 觸發=indep regime=MARKET_SIDEWAYS,-0.0628991,-0.0157248,-0.048716,0.00197936,2,0.957524,0.93262,0.119679,0.193606,0.9,0.0152637,2,0.102926,0.0252294,MARKET_SIDEWAYS
3293,鈊象,文化創意業,DISCOVERY,2024-03-19,2024-03-20,1142.85,0.25,1055,0.0768692,2024-03-21,1052.36,F1_PROBE_LOW,跌破 Probe Low（盤中停損）,Disc=0.96 10D超額=+21.8% 產業超額=+21.4% outperf10=70% RSaccel=-0.0214 觸發=indep regime=MARKET_UP,-0.0834988,-0.0208747,-0.037494,0.0281314,2,0.958843,0.772048,0.217572,0.213639,0.7,-0.0213874,2,0.177382,0.0515038,MARKET_UP
3293,鈊象,文化創意業,DISCOVERY,2024-07-12,2024-07-15,1513.78,0.25,1390,0.0817658,2024-07-19,1421.44,F2_STRUCTURE,收盤跌破 MA10 且低於成本（短結構失敗）,Disc=0.98 10D超額=+7.2% 產業超額=+15.0% outperf10=60% RSaccel=+0.0196 觸發=indep regime=MARKET_UP,-0.0653609,-0.0163402,-0.0784628,0.00411224,5,0.979058,0.888499,0.0722906,0.149869,0.6,0.0196097,3,0.144269,0.0393925,MARKET_UP
3293,鈊象,文化創意業,STRICT_OOS,2026-03-27,2026-03-30,791.975,0.25,742,0.0631018,2026-03-31,740.145,F1_PROBE_LOW,跌破 Probe Low（盤中停損）,Disc=0.96 10D超額=+11.1% 產業超額=+10.5% outperf10=70% RSaccel=+0.0128 觸發=indep regime=MARKET_SIDEWAYS,-0.0697967,-0.0174492,-0.0517377,0.0164462,2,0.957407,0.920295,0.111108,0.104672,0.7,0.0127987,2,0.098234,0.0234207,MARKET_SIDEWAYS
3293,鈊象,文化創意業,STRICT_OOS,2026-07-28,2026-07-29,733.83,0.25,708,0.0351989,2026-08-14,760.095,F3_RS_FAILURE,試單後相對大盤落後 ≤ -4%（RS 失敗）,Disc=0.96 10D超額=+8.7% 產業超額=+8.7% outperf10=60% RSaccel=+0.0195 觸發=indep regime=MARKET_SIDEWAYS,0.0312111,0.00780278,-0.0161209,0.098347,13,0.956725,0.825328,0.0869432,0.0869432,0.6,0.0195123,1,-0.00816472,0.0249951,MARKET_SIDEWAYS
3303,岱稜,其他電子業,DISCOVERY,2024-05-17,2024-05-20,42.6063,0.25,39.4,0.075253,2024-05-27,41.9947,F4_TIME_5D,時間停損：_5日內未上漲,Disc=0.99 10D超額=+19.0% 產業超額=+23.3% outperf10=70% RSaccel=+0.0032 觸發=indep regime=MARKET_SIDEWAYS,-0.0188201,-0.00470502,-0.0212703,0.0479683,6,0.993031,0.880569,0.190237,0.232763,0.7,0.00321361,2,0.180373,0.0331214,MARKET_SIDEWAYS
3306,鼎天,通信網路業,DISCOVERY,2024-04-30,2024-05-02,58.0447,0.25,53.3,0.081743,2024-05-03,55.86,F3_RS_FAILURE,試單後相對大盤落後 ≤ -4%（RS 失敗）,Disc=0.96 10D超額=+9.6% 產業超額=+5.9% outperf10=50% RSaccel=+0.0057 觸發=indep regime=MARKET_SIDEWAYS,-0.0420544,-0.0105136,-0.0490096,0.0199027,2,0.957027,0.634493,0.0961139,0.0592938,0.5,0.00567551,1,0.0630467,0.0440647,MARKET_SIDEWAYS
3312,弘憶股,電子工業,DISCOVERY,2024-03-28,2024-03-29,42.506,0.25,39.55,0.0695432,2024-04-08,41.1469,F2_STRUCTURE,收盤跌破 MA10 且低於成本（短結構失敗）,Disc=0.98 10D超額=+22.7% 產業超額=+21.2% outperf10=60% RSaccel=+0.0240 觸發=indep regime=MARKET_UP,-0.036403,-0.00910074,-0.034254,0.0574978,5,0.977143,0.838344,0.227145,0.211726,0.6,0.0240085,2,0.0449874,0.0647821,MARKET_UP
3317,尼克森,半導體業,STRICT_OOS,2025-10-30,2025-10-31,56.942,0.25,53.5,0.0604474,2025-11-03,53.3663,F1_PROBE_LOW,跌破 Probe Low（盤中停損）,Disc=0.97 10D超額=+11.0% 產業超額=+12.3% outperf10=60% RSaccel=-0.0074 觸發=indep regime=MARKET_UP,-0.067155,-0.0167888,-0.0305925,0.0712655,2,0.974079,0.782907,0.110379,0.12252,0.6,-0.00740744,2,0.0872894,0.0508048,MARKET_UP
3322,建舜電,電子零組件業,DISCOVERY,2023-10-03,2023-10-04,25.7141,0.25,23.75,0.0763831,2023-10-11,24.6881,F2_STRUCTURE,收盤跌破 MA10 且低於成本（短結構失敗）,Disc=0.99 10D超額=+14.9% 產業超額=+12.9% outperf10=50% RSaccel=+0.0189 觸發=indep regime=MARKET_SIDEWAYS,-0.0443105,-0.0110776,-0.0549941,0.0169508,4,0.986111,0.877707,0.148672,0.129249,0.5,0.0188761,2,0.122471,0.0484496,MARKET_SIDEWAYS
3322,建舜電,電子零組件業,DISCOVERY,2023-11-01,2023-11-02,26.1652,0.25,24.45,0.0655545,2023-11-06,25.137,F3_RS_FAILURE,試單後相對大盤落後 ≤ -4%（RS 失敗）,Disc=0.97 10D超額=+14.2% 產業超額=+14.6% outperf10=70% RSaccel=+0.0134 觸發=indep regime=MARKET_SIDEWAYS,-0.0437099,-0.0109275,-0.0407124,0.0624779,3,0.970543,0.885736,0.142245,0.146424,0.7,0.0133577,1,0.0660676,0.036809,MARKET_SIDEWAYS
3324,雙鴻,其他電子業,DISCOVERY,2024-10-04,2024-10-07,718.792,0.25,670,0.0678812,2024-10-25,691.268,F2_STRUCTURE,收盤跌破 MA10 且低於成本（短結構失敗）,Disc=0.97 10D超額=+14.6% 產業超額=+17.3% outperf10=50% RSaccel=-0.0021 觸發=indep regime=MARKET_SIDEWAYS,-0.0427072,-0.0106768,-0.0428392,0.0545463,14,0.969925,0.679266,0.145931,0.172861,0.5,-0.00205918,1,0.127435,0.0391542,MARKET_SIDEWAYS
3325,旭品,電腦及週邊設備業,DISCOVERY,2023-08-11,2023-08-14,32.1301,0.25,30.7,0.0445104,2023-08-14,30.6233,F1_PROBE_LOW,跌破 Probe Low（盤中停損）,Disc=0.99 10D超額=+15.4% 產業超額=+20.5% outperf10=70% RSaccel=-0.0171 觸發=indep regime=MARKET_SIDEWAYS,-0.0512935,-0.0128234,,,1,0.988651,0.737121,0.15359,0.205102,0.7,-0.0171416,2,0.0708713,0.0792068,MARKET_SIDEWAYS
3325,旭品,電腦及週邊設備業,DISCOVERY,2024-03-11,2024-03-12,41.1025,0.25,38.35,0.0669668,2024-03-15,38.703,F2_STRUCTURE,收盤跌破 MA10 且低於成本（短結構失敗）,Disc=0.98 10D超額=+8.0% 產業超額=+11.2% outperf10=50% RSaccel=-0.0166 觸發=indep regime=MARKET_UP,-0.0627471,-0.0156868,-0.0645338,0.0850921,4,0.979592,0.638745,0.0800042,0.112238,0.5,-0.0165737,1,0.083816,0.0559846,MARKET_UP
3346,麗清,汽車工業,DISCOVERY,2023-06-14,2023-06-15,49.724,0.25,46,0.0748934,2023-06-19,47.1818,F3_RS_FAILURE,試單後相對大盤落後 ≤ -4%（RS 失敗）,Disc=0.97 10D超額=+16.8% 產業超額=+14.0% outperf10=70% RSaccel=+0.0221 觸發=indep regime=MARKET_UP,-0.0555122,-0.013878,-0.0527713,0.00152844,3,0.973485,0.908144,0.168269,0.139694,0.7,0.0220731,2,0.151505,0.0366854,MARKET_UP
3356,奇偶,電子工業,DISCOVERY,2024-03-11,2024-03-12,52.932,0.25,49.5,0.0648379,2024-03-20,52.7677,F4_TIME_5D,時間停損：_5日內未上漲,Disc=0.98 10D超額=+12.2% 產業超額=+17.4% outperf10=50% RSaccel=-0.0033 觸發=indep regime=MARKET_UP,-0.00759606,-0.00189901,-0.0251644,0.0315121,7,0.975057,0.860589,0.121987,0.174035,0.5,-0.00326049,2,0.118173,0.0410818,MARKET_UP
3357,臺慶科,電子零組件業,DISCOVERY,2023-02-21,2023-02-22,110.275,0.25,105.5,0.0433008,2023-03-24,116.209,PROBE_MAX_LIFE,20 日內未確認,Disc=0.97 10D超額=+18.9% 產業超額=+17.1% outperf10=70% RSaccel=+0.0158 觸發=indep regime=MARKET_UP,0.0491876,0.0122969,-0.0206302,0.0700521,21,0.971654,0.905554,0.189051,0.170555,0.7,0.0157787,2,0.16327,0.0381163,MARKET_UP
3357,臺慶科,電子零組件業,DISCOVERY,2024-04-30,2024-05-02,124.811,0.25,120,0.0385482,2024-05-02,119.7,F1_PROBE_LOW,跌破 Probe Low（盤中停損）,Disc=0.96 10D超額=+8.7% 產業超額=+8.4% outperf10=60% RSaccel=+0.0149 觸發=indep regime=MARKET_SIDEWAYS,-0.0453596,-0.0113399,,,1,0.95935,0.761177,0.0867533,0.0841128,0.6,0.0149313,1,0.0707375,0.0370052,MARKET_SIDEWAYS
3374,精材,半導體業,STRICT_OOS,2025-01-10,2025-01-13,215.537,0.25,202,0.0628081,2025-01-13,201.495,F1_PROBE_LOW,跌破 Probe Low（盤中停損）,Disc=0.97 10D超額=+7.4% 產業超額=+10.6% outperf10=60% RSaccel=+0.0184 觸發=indep regime=MARKET_SIDEWAYS,-0.0695045,-0.0173761,,,1,0.966245,0.893727,0.0741517,0.106084,0.6,0.0184063,1,0.0664034,0.0332341,MARKET_SIDEWAYS
3380,明泰,通信網路業,DISCOVERY,2023-03-14,2023-03-15,35.5888,0.25,33.8,0.0502617,2023-03-16,33.7155,F1_PROBE_LOW,跌破 Probe Low（盤中停損）,Disc=0.96 10D超額=+9.2% 產業超額=+10.0% outperf10=90% RSaccel=+0.0040 觸發=indep regime=MARKET_SIDEWAYS,-0.0570176,-0.0142544,-0.0334024,0.00172105,2,0.964039,0.948448,0.0923243,0.100259,0.9,0.0040113,2,0.0716188,0.0271916,MARKET_SIDEWAYS
3406,玉晶光,電子工業,STRICT_OOS,2025-06-20,2025-06-23,415.035,0.25,397,0.0434542,2025-06-27,409.972,F3_RS_FAILURE,試單後相對大盤落後 ≤ -4%（RS 失敗）,Disc=0.96 10D超額=+4.3% 產業超額=+6.6% outperf10=50% RSaccel=+0.0149 觸發=indep regime=MARKET_SIDEWAYS,-0.0166703,-0.00416758,-0.0193598,0.00955341,5,0.958209,0.863992,0.0429816,0.0662422,0.5,0.0149135,1,0.0618348,0.0282134,MARKET_SIDEWAYS
3413,京鼎,電子工業,DISCOVERY,2024-09-11,2024-09-12,368.92,0.25,340.5,0.0770357,2024-09-19,356.606,F3_RS_FAILURE,試單後相對大盤落後 ≤ -4%（RS 失敗）,Disc=0.98 10D超額=+9.3% 產業超額=+10.2% outperf10=50% RSaccel=+0.0290 觸發=indep regime=MARKET_SIDEWAYS,-0.0378027,-0.00945068,-0.0458636,0.0246124,5,0.98067,0.828397,0.0926482,0.102386,0.5,0.0290498,2,0.0604842,0.0449261,MARKET_SIDEWAYS
3416,融程電,電腦及週邊設備業,DISCOVERY,2023-07-07,2023-07-10,125.814,0.25,115,0.0859504,2023-07-11,120.698,F3_RS_FAILURE,試單後相對大盤落後 ≤ -4%（RS 失敗）,Disc=0.97 10D超額=+14.6% 產業超額=+10.6% outperf10=80% RSaccel=+0.0197 觸發=indep regime=MARKET_SIDEWAYS,-0.0450738,-0.0112684,-0.0581316,0.00148036,2,0.970624,0.921024,0.146138,0.106234,0.8,0.019678,3,0.114328,0.0288647,MARKET_SIDEWAYS
3444,利機,電子通路業,DISCOVERY,2023-06-01,2023-06-02,78.7965,0.25,74.2,0.0583338,2023-06-05,76.3088,F3_RS_FAILURE,試單後相對大盤落後 ≤ -4%（RS 失敗）,Disc=0.96 10D超額=+20.5% 產業超額=+21.9% outperf10=70% RSaccel=+0.0053 觸發=indep regime=MARKET_UP,-0.0360008,-0.0090002,-0.0354902,0.00892806,2,0.962963,0.846116,0.204897,0.219159,0.7,0.00530015,2,0.145066,0.0280255,MARKET_UP
3444,利機,電子通路業,DISCOVERY,2023-08-21,2023-08-22,81.2025,0.25,75.2,0.0739201,2023-08-29,79.9995,F4_TIME_5D,時間停損：_5日內未上漲,Disc=0.98 10D超額=+12.3% 產業超額=+10.1% outperf10=40% RSaccel=+0.0173 觸發=indep regime=MARKET_DOWN,-0.0192815,-0.00482037,-0.0209661,0.0344509,6,0.975676,0.775526,0.122526,0.100681,0.4,0.017295,2,0.0375048,0.0385093,MARKET_DOWN
3447,展達,電子工業,STRICT_OOS,2025-03-04,2025-03-05,70.8768,0.25,66.5,0.0617516,2025-03-11,66.3337,F1_PROBE_LOW,跌破 Probe Low（盤中停損）,Disc=0.96 10D超額=+17.5% 產業超額=+15.8% outperf10=80% RSaccel=+0.0083 觸發=indep regime=MARKET_SIDEWAYS,-0.068453,-0.0171132,-0.0109592,0.163992,5,0.956258,0.857672,0.175456,0.157573,0.8,0.0082619,1,0.093444,0.0593533,MARKET_SIDEWAYS
3479,安勤,電腦及週邊設備業,DISCOVERY,2023-05-12,2023-05-15,122.806,0.25,115,0.0635656,2023-05-29,125.186,F3_RS_FAILURE,試單後相對大盤落後 ≤ -4%（RS 失敗）,Disc=0.96 10D超額=+22.2% 產業超額=+20.0% outperf10=80% RSaccel=-0.0032 觸發=indep regime=MARKET_SIDEWAYS,0.0148365,0.00370913,-0.0472798,0.0789353,11,0.957728,0.876266,0.221827,0.200065,0.8,-0.00322738,1,0.146291,0.0518433,MARKET_SIDEWAYS
3479,安勤,電腦及週邊設備業,DISCOVERY,2023-08-11,2023-08-14,99.2475,0.25,96,0.0327212,2023-08-14,95.76,F1_PROBE_LOW,跌破 Probe Low（盤中停損）,Disc=0.97 10D超額=+5.5% 產業超額=+10.5% outperf10=50% RSaccel=+0.0135 觸發=indep regime=MARKET_SIDEWAYS,-0.0395604,-0.00989009,,,1,0.970996,0.719384,0.0552063,0.105276,0.5,0.0135016,2,0.0116615,0.0361717,MARKET_SIDEWAYS
3481,群創,電子工業,DISCOVERY,2023-02-22,2023-02-23,15.1377,0.25,14.2,0.0619479,2023-03-02,14.5635,F3_RS_FAILURE,試單後相對大盤落後 ≤ -4%（RS 失敗）,Disc=0.98 10D超額=+16.6% 產業超額=+14.4% outperf10=60% RSaccel=+0.0149 觸發=indep regime=MARKET_SIDEWAYS,-0.0423496,-0.0105874,-0.0487358,0.000809235,4,0.975309,0.888853,0.166024,0.14422,0.6,0.0148643,2,0.167119,0.0320361,MARKET_SIDEWAYS
3481,群創,電子工業,DISCOVERY,2024-01-05,2024-01-08,15.4385,0.25,13.85,0.102892,2024-01-10,14.763,F3_RS_FAILURE,試單後相對大盤落後 ≤ -4%（RS 失敗）,Disc=0.96 10D超額=+15.5% 產業超額=+15.1% outperf10=70% RSaccel=+0.0051 觸發=indep regime=MARKET_SIDEWAYS,-0.0481558,-0.012039,-0.047835,0.0169382,3,0.959441,0.900896,0.155248,0.150635,0.7,0.00505701,1,0.120867,0.0285714,MARKET_SIDEWAYS
3481,群創,電子工業,STRICT_OOS,2025-03-19,2025-03-20,16.4911,0.25,15.6,0.0540366,2025-03-26,16.0099,F3_RS_FAILURE,試單後相對大盤落後 ≤ -4%（RS 失敗）,Disc=0.97 10D超額=+11.9% 產業超額=+12.2% outperf10=80% RSaccel=+0.0160 觸發=indep regime=MARKET_DOWN,-0.0336167,-0.00840417,-0.0419089,0,5,0.968379,0.93935,0.119042,0.122137,0.8,0.0159566,1,0.0795643,0.0277414,MARKET_DOWN
3483,力致,電腦及週邊設備業,DISCOVERY,2023-07-05,2023-07-06,92.1298,0.25,88.3,0.0415691,2023-07-07,88.0793,F1_PROBE_LOW,跌破 Probe Low（盤中停損）,Disc=0.96 10D超額=+18.0% 產業超額=+10.9% outperf10=70% RSaccel=+0.0155 觸發=indep regime=MARKET_SIDEWAYS,-0.0483662,-0.0120916,-0.028544,0.0192147,2,0.9625,0.861739,0.179503,0.10903,0.7,0.0154663,3,0.10919,0.0458525,MARKET_SIDEWAYS
3484,崧騰,電子零組件業,DISCOVERY,2024-12-11,2024-12-12,58.8468,0.25,56.7,0.0364803,2024-12-18,56.5583,F1_PROBE_LOW,跌破 Probe Low（盤中停損）,Disc=0.96 10D超額=+6.4% 產業超額=+8.0% outperf10=40% RSaccel=+0.0236 觸發=indep regime=MARKET_SIDEWAYS,-0.0433016,-0.0108254,-0.034781,0.073976,5,0.96371,0.744326,0.0637501,0.0796603,0.4,0.0236332,2,0.0761179,0.03608,MARKET_SIDEWAYS
3484,崧騰,電子零組件業,STRICT_OOS,2025-03-04,2025-03-05,65.1625,0.25,60.3,0.0746212,2025-03-11,62.8425,F2_STRUCTURE,收盤跌破 MA10 且低於成本（短結構失敗）,Disc=0.98 10D超額=+17.1% 產業超額=+14.1% outperf10=60% RSaccel=-0.0150 觸發=indep regime=MARKET_SIDEWAYS,-0.0400232,-0.0100058,-0.0408594,0.0374065,5,0.982503,0.698295,0.171053,0.141101,0.6,-0.0149592,2,0.105724,0.048022,MARKET_SIDEWAYS
3491,昇達科,通信網路業,STRICT_OOS,2025-03-07,2025-03-10,468.167,0.25,441,0.0580294,2025-03-10,439.898,F1_PROBE_LOW,跌破 Probe Low（盤中停損）,Disc=0.97 10D超額=+15.3% 產業超額=+16.0% outperf10=70% RSaccel=+0.0046 觸發=indep regime=MARKET_SIDEWAYS,-0.0647485,-0.0161871,,,1,0.974868,0.776675,0.152682,0.160005,0.7,0.0045533,1,0.0977962,0.0429028,MARKET_SIDEWAYS
3498,陽程,其他電子業,DISCOVERY,2024-10-22,2024-10-23,74.3855,0.25,68.7,0.0764329,2024-10-25,70.7228,F3_RS_FAILURE,試單後相對大盤落後 ≤ -4%（RS 失敗）,Disc=0.96 10D超額=+23.4% 產業超額=+22.9% outperf10=60% RSaccel=-0.0227 觸發=indep regime=MARKET_UP,-0.0536293,-0.0134073,-0.0697112,0.0109497,3,0.9601,0.772548,0.234326,0.22885,0.6,-0.0226651,2,0.196705,0.0594756,MARKET_UP
3501,維熹,電子零組件業,DISCOVERY,2024-05-09,2024-05-10,66.0647,0.25,62.5,0.0539584,2024-05-13,65.037,F3_RS_FAILURE,試單後相對大盤落後 ≤ -4%（RS 失敗）,Disc=0.96 10D超額=+6.9% 產業超額=+5.8% outperf10=50% RSaccel=+0.0070 觸發=indep regime=MARKET_SIDEWAYS,-0.0200217,-0.00500543,-0.0509311,0,2,0.963134,0.856429,0.0685391,0.0580821,0.5,0.00699677,3,0.0749159,0.021265,MARKET_SIDEWAYS
3518,柏騰,電子工業,DISCOVERY,2023-06-29,2023-06-30,34.9371,0.25,32.2308,0.0774614,2023-07-07,34.6133,F4_TIME_5D,時間停損：_5日內未上漲,Disc=0.99 10D超額=+20.1% 產業超額=+18.0% outperf10=70% RSaccel=+0.0103 觸發=indep regime=MARKET_SIDEWAYS,-0.0137493,-0.00343734,-0.0182363,0.0676322,6,0.992537,0.878709,0.201306,0.180385,0.7,0.0103189,3,0.104596,0.0491904,MARKET_SIDEWAYS
3526,凡甲,電子零組件業,DISCOVERY,2023-08-11,2023-08-14,169.423,0.25,161,0.049713,2023-08-15,168.079,F2_STRUCTURE,收盤跌破 MA10 且低於成本（短結構失敗）,Disc=0.98 10D超額=+11.4% 產業超額=+12.3% outperf10=70% RSaccel=-0.0195 觸發=indep regime=MARKET_SIDEWAYS,-0.0124135,-0.00310338,-0.034957,0,2,0.981084,0.760765,0.113585,0.1227,0.7,-0.019509,3,0.0404663,0.0441251,MARKET_SIDEWAYS
3526,凡甲,電子零組件業,DISCOVERY,2024-10-09,2024-10-11,280.7,0.25,254,0.0951194,2024-10-21,279.3,F3_RS_FAILURE,試單後相對大盤落後 ≤ -4%（RS 失敗）,Disc=0.95 10D超額=+8.3% 產業超額=+14.2% outperf10=60% RSaccel=+0.0118 觸發=indep regime=MARKET_UP,-0.00947631,-0.00236908,-0.0416815,0.0420378,7,0.952559,0.913617,0.083238,0.142339,0.6,0.0117569,1,0.113473,0.0307792,MARKET_UP
3526,凡甲,電子零組件業,STRICT_OOS,2025-02-27,2025-03-03,295.737,0.25,282.5,0.044761,2025-03-04,281.295,F2_STRUCTURE,收盤跌破 MA10 且低於成本（短結構失敗）,Disc=0.95 10D超額=+7.2% 產業超額=+5.6% outperf10=70% RSaccel=+0.0140 觸發=indep regime=MARKET_SIDEWAYS,-0.0532257,-0.0133064,-0.044761,0,2,0.951678,0.891834,0.0720416,0.056172,0.7,0.0140027,2,0.0572451,0.0198211,MARKET_SIDEWAYS
3529,力旺,半導體業,DISCOVERY,2023-09-18,2023-09-19,2205.5,0.25,2060,0.0659714,2023-09-21,2054.85,F1_PROBE_LOW,跌破 Probe Low（盤中停損）,Disc=0.99 10D超額=+18.3% 產業超額=+13.4% outperf10=70% RSaccel=+0.0199 觸發=indep regime=MARKET_SIDEWAYS,-0.0726527,-0.0181632,-0.0569032,0.0247109,3,0.993856,0.829867,0.183344,0.134243,0.7,0.0199167,3,0.159766,0.0385747,MARKET_SIDEWAYS
3529,力旺,半導體業,DISCOVERY,2024-12-17,2024-12-18,3408.5,0.25,3200,0.0611706,2024-12-26,3366.56,F4_TIME_5D,時間停損：_5日內未上漲,Disc=0.96 10D超額=+18.0% 產業超額=+18.0% outperf10=80% RSaccel=+0.0094 觸發=indep regime=MARKET_SIDEWAYS,-0.0167761,-0.00419403,-0.0362329,0.020977,7,0.958611,0.930208,0.180166,0.179606,0.8,0.00936678,1,0.105478,0.0393068,MARKET_SIDEWAYS
3532,台勝科,電子工業,DISCOVERY,2023-05-30,2023-05-31,164.911,0.25,152,0.0782921,2023-06-07,151.62,F1_PROBE_LOW,跌破 Probe Low（盤中停損）,Disc=0.95 10D超額=+6.2% 產業超額=+5.8% outperf10=50% RSaccel=+0.0137 觸發=indep regime=MARKET_UP,-0.084915,-0.0212287,-0.0237173,0.0308575,6,0.953103,0.815782,0.0623306,0.057922,0.5,0.0137194,1,0.0961186,0.0219279,MARKET_UP
3543,州巧,電子工業,STRICT_OOS,2026-08-19,2026-08-20,44.0599,0.25,40.25,0.0864704,2026-08-24,40.1494,F1_PROBE_LOW,跌破 Probe Low（盤中停損）,Disc=0.99 10D超額=+30.5% 產業超額=+31.2% outperf10=70% RSaccel=+0.0067 觸發=indep regime=MARKET_SIDEWAYS,-0.0930545,-0.0232636,-0.0444821,0.0202026,3,0.985879,0.917511,0.305393,0.31187,0.7,0.0067063,3,0.250628,0.0528949,MARKET_SIDEWAYS
3545,敦泰,電子工業,DISCOVERY,2024-09-30,2024-10-01,86.4155,0.25,80.6,0.067297,2024-10-11,85.6853,F4_TIME_5D,時間停損：_5日內未上漲,Disc=0.97 10D超額=+11.0% 產業超額=+11.3% outperf10=50% RSaccel=+0.0132 觸發=indep regime=MARKET_SIDEWAYS,-0.0129314,-0.00323286,-0.0256378,0.0461086,6,0.969925,0.821694,0.110109,0.113196,0.5,0.0131962,1,0.0947639,0.0241449,MARKET_SIDEWAYS
3546,宇峻,文化創意業,STRICT_OOS,2025-06-20,2025-06-23,106.766,0.25,103,0.0352757,2025-06-23,102.742,F1_PROBE_LOW,跌破 Probe Low（盤中停損）,Disc=0.97 10D超額=+10.1% 產業超額=+13.6% outperf10=70% RSaccel=+0.0175 觸發=indep regime=MARKET_SIDEWAYS,-0.0421027,-0.0105257,,,1,0.967164,0.859942,0.101393,0.136359,0.7,0.0174595,1,0.069254,0.0401455,MARKET_SIDEWAYS
3548,兆利,電子零組件業,DISCOVERY,2023-04-27,2023-04-28,72.18,0.25,68.4,0.0523691,2023-05-03,69.1268,F2_STRUCTURE,收盤跌破 MA10 且低於成本（短結構失敗）,Disc=0.97 10D超額=+9.3% 產業超額=+9.9% outperf10=80% RSaccel=+0.0025 觸發=indep regime=MARKET_DOWN,-0.0467053,-0.0116763,-0.045442,0.00304794,3,0.969697,0.86455,0.0932337,0.0989356,0.8,0.00250423,2,0.0537887,0.0279158,MARKET_DOWN
3551,世禾,其他電子業,DISCOVERY,2024-08-20,2024-08-21,116.791,0.25,103,0.118085,2024-08-22,110.224,F3_RS_FAILURE,試單後相對大盤落後 ≤ -4%（RS 失敗）,Disc=0.96 10D超額=+25.5% 產業超額=+10.7% outperf10=80% RSaccel=+0.0054 觸發=indep regime=MARKET_SIDEWAYS,-0.0606063,-0.0151516,-0.070992,0.00178738,2,0.961131,0.852587,0.254676,0.107104,0.8,0.00539745,2,0.175412,0.0550193,MARKET_SIDEWAYS
3557,嘉威,居家生活,DISCOVERY,2024-05-02,2024-05-03,78.596,0.25,72.7,0.0750166,2024-05-07,75.012,F3_RS_FAILURE,試單後相對大盤落後 ≤ -4%（RS 失敗）,Disc=0.96 10D超額=+12.6% 產業超額=+13.5% outperf10=70% RSaccel=+0.0067 觸發=indep regime=MARKET_SIDEWAYS,-0.0499977,-0.0124994,-0.0470253,0,3,0.964617,0.883325,0.12635,0.134862,0.7,0.00672922,2,0.131448,0.0285897,MARKET_SIDEWAYS
3558,神準,通信網路業,DISCOVERY,2023-08-04,2023-08-07,309.271,0.25,286.5,0.0736287,2023-08-10,300.746,F2_STRUCTURE,收盤跌破 MA10 且低於成本（短結構失敗）,Disc=0.98 10D超額=+13.7% 產業超額=+15.2% outperf10=60% RSaccel=-0.0124 觸發=indep regime=MARKET_SIDEWAYS,-0.0320028,-0.00800069,-0.0348278,0.0460073,4,0.984088,0.76597,0.136895,0.152088,0.6,-0.0124403,3,0.0780018,0.0616725,MARKET_SIDEWAYS
3558,神準,通信網路業,STRICT_OOS,2025-03-03,2025-03-04,242.605,0.25,231,0.0478349,2025-03-07,242.392,F2_STRUCTURE,收盤跌破 MA10 且低於成本（短結構失敗）,Disc=0.95 10D超額=+6.8% 產業超額=+8.4% outperf10=60% RSaccel=-0.0004 觸發=indep regime=MARKET_SIDEWAYS,-0.00537394,-0.00134349,-0.0231034,0.0717009,4,0.953209,0.730058,0.0684015,0.0842858,0.6,-0.000411241,2,0.0932119,0.0554588,MARKET_SIDEWAYS
3576,聯合再生,電子工業,DISCOVERY,2024-11-28,2024-11-29,10.8771,0.25,10.35,0.0484618,2024-12-05,10.7231,F3_RS_FAILURE,試單後相對大盤落後 ≤ -4%（RS 失敗）,Disc=0.99 10D超額=+11.8% 產業超額=+11.0% outperf10=70% RSaccel=+0.0314 觸發=indep regime=MARKET_SIDEWAYS,-0.0186263,-0.00465657,-0.020881,0.00669984,5,0.986825,0.83355,0.118335,0.109503,0.7,0.0313825,3,0.0249243,0.0266234,MARKET_SIDEWAYS
3577,泓格,電腦及週邊設備業,STRICT_OOS,2025-03-03,2025-03-04,78.3955,0.25,74.8,0.0458636,2025-03-06,74.613,F1_PROBE_LOW,跌破 Probe Low（盤中停損）,Disc=0.99 10D超額=+14.4% 產業超額=+10.4% outperf10=50% RSaccel=+0.0218 觸發=indep regime=MARKET_SIDEWAYS,-0.0526404,-0.0131601,-0.0369345,0.0332226,3,0.993316,0.813614,0.144444,0.103702,0.5,0.0217524,2,0.157377,0.0503082,MARKET_SIDEWAYS
3580,友威科,其他電子業,DISCOVERY,2023-08-04,2023-08-07,57.0422,0.25,54.8,0.0393086,2023-08-11,54.9623,F2_STRUCTURE,收盤跌破 MA10 且低於成本（短結構失敗）,Disc=0.99 10D超額=+16.6% 產業超額=+14.7% outperf10=80% RSaccel=+0.0267 觸發=indep regime=MARKET_SIDEWAYS,-0.0408821,-0.0102205,-0.0252839,0.0693828,5,0.990208,0.966236,0.166351,0.147161,0.8,0.0267423,2,0.110688,0.0339378,MARKET_SIDEWAYS
3583,辛耘,電子工業,DISCOVERY,2024-08-15,2024-08-16,459.145,0.25,410,0.107036,2024-08-23,445.883,F4_TIME_5D,時間停損：_5日內未上漲,Disc=0.99 10D超額=+8.7% 產業超額=+10.8% outperf10=50% RSaccel=+0.0132 觸發=indep regime=MARKET_SIDEWAYS,-0.0333202,-0.00833005,-0.0297183,0.0563112,6,0.985244,0.804109,0.086752,0.108113,0.5,0.0131723,2,0.109015,0.0644639,MARKET_SIDEWAYS
3587,閎康,其他電子業,DISCOVERY,2024-01-15,2024-01-16,248.119,0.25,233.5,0.0589184,2024-01-29,250.373,F2_STRUCTURE,收盤跌破 MA10 且低於成本（短結構失敗）,Disc=0.96 10D超額=+9.9% 產業超額=+8.0% outperf10=60% RSaccel=+0.0067 觸發=indep regime=MARKET_SIDEWAYS,0.00456292,0.00114073,-0.0125696,0.110355,10,0.960177,0.790988,0.0988344,0.0797139,0.6,0.0067252,2,0.080207,0.0283718,MARKET_SIDEWAYS
3587,閎康,其他電子業,STRICT_OOS,2025-09-17,2025-09-18,212.029,0.25,198,0.0661644,2025-09-25,207.48,F3_RS_FAILURE,試單後相對大盤落後 ≤ -4%（RS 失敗）,Disc=0.96 10D超額=+3.6% 產業超額=+11.9% outperf10=50% RSaccel=+0.0040 觸發=indep regime=MARKET_UP,-0.0259052,-0.0064763,-0.0307918,0.00693892,6,0.956907,0.789128,0.0356299,0.119456,0.5,0.00399953,1,0.0762908,0.0322196,MARKET_UP
3591,艾笛森,電子工業,STRICT_OOS,2025-03-27,2025-03-28,26.3657,0.25,24.75,0.0612822,2025-03-28,24.6881,F1_PROBE_LOW,跌破 Probe Low（盤中停損）,Disc=0.96 10D超額=+8.5% 產業超額=+8.8% outperf10=70% RSaccel=+0.0131 觸發=indep regime=MARKET_DOWN,-0.0679858,-0.0169965,,,1,0.962617,0.915615,0.0848138,0.0879853,0.7,0.013084,1,0.0617508,0.0258878,MARKET_DOWN
3596,智易,通信網路業,DISCOVERY,2024-03-19,2024-03-20,199.498,0.25,183,0.0826953,2024-03-26,193.515,F3_RS_FAILURE,試單後相對大盤落後 ≤ -4%（RS 失敗）,Disc=0.97 10D超額=+3.6% 產業超額=+8.3% outperf10=60% RSaccel=+0.0090 觸發=indep regime=MARKET_UP,-0.0344204,-0.00860509,-0.0425945,0.0300881,5,0.968854,0.744872,0.035525,0.0834483,0.6,0.00904188,2,0.0800332,0.03663,MARKET_UP
3596,智易,通信網路業,DISCOVERY,2024-11-12,2024-11-13,180.951,0.25,175.5,0.0301255,2024-11-18,175.061,F1_PROBE_LOW,跌破 Probe Low（盤中停損）,Disc=0.98 10D超額=+16.6% 產業超額=+15.1% outperf10=80% RSaccel=+0.0027 觸發=indep regime=MARKET_SIDEWAYS,-0.036977,-0.00924425,-0.0273623,0.0140853,4,0.977041,0.933017,0.166375,0.151057,0.8,0.00274966,1,0.112824,0.0284923,MARKET_SIDEWAYS
3596,智易,通信網路業,STRICT_OOS,2025-03-06,2025-03-07,213.031,0.25,196.5,0.0776001,2025-03-11,196.009,F1_PROBE_LOW,跌破 Probe Low（盤中停損）,Disc=0.99 10D超額=+15.3% 產業超額=+15.7% outperf10=70% RSaccel=+0.0268 觸發=indep regime=MARKET_SIDEWAYS,-0.0842263,-0.0210566,-0.0564765,0,3,0.994681,0.911458,0.153438,0.156907,0.7,0.0267999,3,0.0917986,0.0256065,MARKET_SIDEWAYS
3597,映興,電子零組件業,DISCOVERY,2024-11-11,2024-11-12,36.892,0.25,33.9,0.0811016,2024-11-12,33.8153,F1_PROBE_LOW,跌破 Probe Low（盤中停損）,Disc=0.98 10D超額=+8.9% 產業超額=+14.0% outperf10=40% RSaccel=+0.0102 觸發=indep regime=MARKET_SIDEWAYS,-0.0877112,-0.0219278,,,1,0.981912,0.734726,0.0893997,0.139791,0.4,0.0102314,2,0.0949504,0.0642273,MARKET_SIDEWAYS
3605,宏致,電子零組件業,DISCOVERY,2024-05-23,2024-05-24,49.1225,0.25,45.9,0.0656013,2024-06-06,47.9798,F2_STRUCTURE,收盤跌破 MA10 且低於成本（短結構失敗）,Disc=0.97 10D超額=+16.8% 產業超額=+20.1% outperf10=70% RSaccel=+0.0137 觸發=indep regime=MARKET_UP,-0.0277109,-0.00692773,-0.0360833,0.0952211,10,0.973654,0.928572,0.167962,0.201432,0.7,0.0136523,2,0.144173,0.0445968,MARKET_UP
3605,宏致,電子零組件業,STRICT_OOS,2025-06-16,2025-06-17,58.947,0.25,55.6,0.0567798,2025-06-23,55.3612,F2_STRUCTURE,收盤跌破 MA10 且低於成本（短結構失敗）,Disc=0.98 10D超額=+10.4% 產業超額=+10.1% outperf10=60% RSaccel=+0.0090 觸發=indep regime=MARKET_SIDEWAYS,-0.0651932,-0.0162983,-0.0516905,0.0263457,5,0.976012,0.792039,0.10429,0.101233,0.6,0.00898398,3,0.0731349,0.039567,MARKET_SIDEWAYS
3617,碩天,電子工業,DISCOVERY,2023-03-31,2023-04-06,128.32,0.25,121,0.0570449,2023-04-07,124.189,F3_RS_FAILURE,試單後相對大盤落後 ≤ -4%（RS 失敗）,Disc=0.98 10D超額=+10.6% 產業超額=+9.4% outperf10=80% RSaccel=+0.0178 觸發=indep regime=MARKET_SIDEWAYS,-0.0366225,-0.00915562,-0.0570449,0.0208853,2,0.983471,0.802456,0.105881,0.0940079,0.8,0.0178242,2,0.0923832,0.0295759,MARKET_SIDEWAYS
3617,碩天,電子工業,DISCOVERY,2024-03-14,2024-03-15,221.051,0.25,206,0.0680894,2024-03-21,216.956,F2_STRUCTURE,收盤跌破 MA10 且低於成本（短結構失敗）,Disc=0.96 10D超額=+0.4% 產業超額=+7.4% outperf10=30% RSaccel=+0.0040 觸發=indep regime=MARKET_UP,-0.0229834,-0.00574586,-0.0386845,0.0133397,5,0.95815,0.69913,0.00421898,0.0735134,0.3,0.00403142,1,0.0536445,0.0366928,MARKET_UP
3653,健策,電子零組件業,DISCOVERY,2024-09-18,2024-09-19,1378.44,0.25,1295,0.0605305,2024-09-24,1351.61,F3_RS_FAILURE,試單後相對大盤落後 ≤ -4%（RS 失敗）,Disc=0.95 10D超額=+9.7% 產業超額=+11.0% outperf10=70% RSaccel=+0.0216 觸發=indep regime=MARKET_SIDEWAYS,-0.0239167,-0.00597916,-0.0242575,0.0374065,4,0.954604,0.792951,0.0971425,0.110386,0.7,0.0215615,1,0.0599345,0.0428571,MARKET_SIDEWAYS
3653,健策,電子零組件業,STRICT_OOS,2025-06-13,2025-06-16,1508.76,0.25,1430,0.0522034,2025-06-23,1441.39,F2_STRUCTURE,收盤跌破 MA10 且低於成本（短結構失敗）,Disc=0.96 10D超額=+9.5% 產業超額=+10.2% outperf10=60% RSaccel=+0.0151 觸發=indep regime=MARKET_SIDEWAYS,-0.0490553,-0.0122638,-0.0389475,0.0505298,6,0.95509,0.88867,0.0951587,0.102451,0.6,0.0150719,1,0.123761,0.0338469,MARKET_SIDEWAYS
3653,健策,電子零組件業,STRICT_OOS,2026-08-31,2026-09-01,6090.19,0.25,5595,0.0813091,2026-09-02,5740.61,F3_RS_FAILURE,試單後相對大盤落後 ≤ -4%（RS 失敗）,Disc=0.97 10D超額=+11.6% 產業超額=+8.6% outperf10=60% RSaccel=+0.0061 觸發=indep regime=MARKET_UP,-0.0617706,-0.0154426,-0.0443644,0.000790206,2,0.967192,0.83661,0.115809,0.0860377,0.6,0.0060827,1,0.198899,0.063916,MARKET_UP
3661,世芯-KY,電子工業,DISCOVERY,2023-12-11,2023-12-12,3518.77,0.25,3265,0.0721203,2023-12-19,3366.56,F2_STRUCTURE,收盤跌破 MA10 且低於成本（短結構失敗）,Disc=0.98 10D超額=+17.3% 產業超額=+16.0% outperf10=70% RSaccel=+0.0141 觸發=indep regime=MARKET_UP,-0.0476599,-0.011915,-0.0465432,0.0486604,6,0.980392,0.881123,0.173438,0.159606,0.7,0.0141234,3,0.104642,0.0377493,MARKET_UP
3661,世芯-KY,電子工業,DISCOVERY,2024-01-09,2024-01-10,3568.9,0.25,3320,0.0697414,2024-01-18,3586.01,F2_STRUCTURE,收盤跌破 MA10 且低於成本（短結構失敗）,Disc=0.96 10D超額=+6.8% 產業超額=+7.5% outperf10=70% RSaccel=+0.0121 觸發=indep regime=MARKET_SIDEWAYS,0.000284106,7.10266e-05,-0.00529575,0.0801648,7,0.964739,0.810587,0.067643,0.0749244,0.7,0.0120576,2,0.053172,0.0300438,MARKET_SIDEWAYS
3661,世芯-KY,電子工業,DISCOVERY,2024-07-15,2024-07-16,2947.35,0.25,2810,0.0466012,2024-07-18,2793,F1_PROBE_LOW,跌破 Probe Low（盤中停損）,Disc=0.99 10D超額=+14.3% 產業超額=+12.9% outperf10=60% RSaccel=+0.0210 觸發=indep regime=MARKET_UP,-0.0567512,-0.0141878,-0.0347261,0.0212564,3,0.989572,0.83911,0.142761,0.129241,0.6,0.0210214,2,0.113425,0.0355928,MARKET_UP
3661,世芯-KY,電子工業,STRICT_OOS,2025-03-28,2025-03-31,2872.16,0.25,2810,0.0216431,2025-03-31,2802.97,F1_PROBE_LOW,跌破 Probe Low（盤中停損）,Disc=0.97 10D超額=+7.2% 產業超額=+9.7% outperf10=60% RSaccel=+0.0186 觸發=indep regime=MARKET_DOWN,-0.0285348,-0.0071337,,,1,0.968,0.78639,0.0720785,0.0974441,0.6,0.0185763,1,0.0228849,0.0420097,MARKET_DOWN
3663,鑫科,其他電子業,STRICT_OOS,2025-06-16,2025-06-17,59.749,0.25,57.7,0.0342935,2025-06-20,57.5557,F1_PROBE_LOW,跌破 Probe Low（盤中停損）,Disc=0.96 10D超額=+10.5% 產業超額=+10.4% outperf10=50% RSaccel=+0.0090 觸發=indep regime=MARKET_SIDEWAYS,-0.0411252,-0.0102813,-0.0142094,0.054411,4,0.956522,0.790949,0.105179,0.103597,0.5,0.00902911,1,0.0737771,0.0461409,MARKET_SIDEWAYS
3665,貿聯-KY,電子工業,DISCOVERY,2023-06-29,2023-06-30,319.798,0.25,301,0.0587794,2023-07-10,312.217,F2_STRUCTURE,收盤跌破 MA10 且低於成本（短結構失敗）,Disc=0.96 10D超額=+15.1% 產業超額=+12.9% outperf10=40% RSaccel=-0.0045 觸發=indep regime=MARKET_SIDEWAYS,-0.0281492,-0.00703729,-0.0212556,0.0631728,7,0.962687,0.69905,0.150548,0.129328,0.4,-0.00454464,2,0.124588,0.0345587,MARKET_SIDEWAYS
3665,貿聯-KY,電子工業,DISCOVERY,2024-06-04,2024-06-05,290.224,0.25,265,0.0869114,2024-06-07,275.809,F3_RS_FAILURE,試單後相對大盤落後 ≤ -4%（RS 失敗）,Disc=0.97 10D超額=+10.2% 產業超額=+6.8% outperf10=50% RSaccel=+0.0134 觸發=indep regime=MARKET_SIDEWAYS,-0.0540568,-0.0135142,-0.0593465,0.00612028,3,0.974697,0.831591,0.102464,0.0675884,0.5,0.0134388,3,0.139115,0.0380786,MARKET_SIDEWAYS
3665,貿聯-KY,電子工業,DISCOVERY,2024-07-30,2024-07-31,386.965,0.25,370,0.0438412,2024-08-01,389.025,F2_STRUCTURE,收盤跌破 MA10 且低於成本（短結構失敗）,Disc=0.97 10D超額=+10.9% 產業超額=+12.1% outperf10=60% RSaccel=-0.0009 觸發=indep regime=MARKET_SIDEWAYS,0.0008115,0.000202875,-0.0205833,0.0104273,2,0.972775,0.734943,0.108535,0.121413,0.6,-0.000907565,2,0.0268427,0.0508769,MARKET_SIDEWAYS
3665,貿聯-KY,電子工業,STRICT_OOS,2025-02-10,2025-02-11,662.652,0.25,620,0.0643663,2025-02-18,662.34,F4_TIME_5D,時間停損：_5日內未上漲,Disc=0.96 10D超額=+17.0% 產業超額=+14.4% outperf10=70% RSaccel=+0.0297 觸發=indep regime=MARKET_SIDEWAYS,-0.00497053,-0.00124263,-0.0175846,0.0925787,6,0.959243,0.845321,0.169996,0.144452,0.7,0.0296648,1,0.0808139,0.055858,MARKET_SIDEWAYS
3665,貿聯-KY,電子工業,STRICT_OOS,2025-05-08,2025-05-09,609.52,0.25,581,0.0467909,2025-05-20,608.475,F2_STRUCTURE,收盤跌破 MA10 且低於成本（短結構失敗）,Disc=0.98 10D超額=+13.8% 產業超額=+13.3% outperf10=50% RSaccel=-0.0069 觸發=indep regime=MARKET_UP,-0.00621061,-0.00155265,-0.0205408,0.0713348,8,0.981873,0.716923,0.137909,0.132803,0.5,-0.00685938,2,0.15282,0.0472845,MARKET_UP
3665,貿聯-KY,電子工業,STRICT_OOS,2026-03-30,2026-03-31,1869.66,0.25,1765,0.0559793,2026-03-31,1760.59,F1_PROBE_LOW,跌破 Probe Low（盤中停損）,Disc=0.96 10D超額=+16.8% 產業超額=+14.8% outperf10=70% RSaccel=+0.0136 觸發=indep regime=MARKET_SIDEWAYS,-0.0627082,-0.015677,,,1,0.956576,0.902865,0.167581,0.148311,0.7,0.0135772,2,0.0971695,0.056041,MARKET_SIDEWAYS
3665,貿聯-KY,電子工業,STRICT_OOS,2026-04-29,2026-04-30,2766.9,0.25,2605,0.0585131,2026-05-06,2598.49,F1_PROBE_LOW,跌破 Probe Low（盤中停損）,Disc=0.98 10D超額=+11.3% 產業超額=+13.6% outperf10=60% RSaccel=-0.0245 觸發=indep regime=MARKET_UP,-0.0652299,-0.0163075,-0.0187575,0.0734034,4,0.975059,0.780357,0.112684,0.135894,0.6,-0.0245209,2,0.194928,0.0566547,MARKET_UP
3675,德微,半導體業,DISCOVERY,2023-08-21,2023-08-22,294.735,0.25,271,0.08053,2023-08-24,285.285,F3_RS_FAILURE,試單後相對大盤落後 ≤ -4%（RS 失敗）,Disc=0.97 10D超額=+13.3% 產業超額=+15.8% outperf10=50% RSaccel=+0.0180 觸發=indep regime=MARKET_DOWN,-0.0364906,-0.00912264,-0.0347261,0.0857211,3,0.97027,0.826141,0.133352,0.158166,0.5,0.0180468,2,0.0883471,0.0383305,MARKET_DOWN
3680,家登,半導體業,DISCOVERY,2023-03-31,2023-04-06,369.922,0.25,355,0.0403395,2023-04-07,363.09,F2_STRUCTURE,收盤跌破 MA10 且低於成本（短結構失敗）,Disc=0.95 10D超額=+7.8% 產業超額=+6.3% outperf10=50% RSaccel=-0.0133 觸發=indep regime=MARKET_SIDEWAYS,-0.0229285,-0.00573213,-0.0295265,0.00156114,2,0.954545,0.670684,0.0780123,0.0632397,0.5,-0.0132885,2,0.0986267,0.0406799,MARKET_SIDEWAYS
3680,家登,半導體業,DISCOVERY,2023-06-21,2023-06-26,428.067,0.25,398,0.0702401,2023-07-05,415.459,F2_STRUCTURE,收盤跌破 MA10 且低於成本（短結構失敗）,Disc=0.97 10D超額=+19.3% 產業超額=+19.7% outperf10=70% RSaccel=+0.0132 觸發=indep regime=MARKET_UP,-0.0338888,-0.00847219,-0.0422071,0.0243712,8,0.966501,0.917701,0.192963,0.197238,0.7,0.0131913,2,0.130586,0.0360455,MARKET_UP
3689,湧德,電子零組件業,STRICT_OOS,2025-06-06,2025-06-09,100.15,0.25,91.3,0.0883652,2025-06-16,99.5505,F4_TIME_5D,時間停損：_5日內未上漲,Disc=0.96 10D超額=+5.8% 產業超額=+4.2% outperf10=50% RSaccel=+0.0119 觸發=indep regime=MARKET_UP,-0.0104701,-0.00261752,-0.0614055,0.058415,6,0.956781,0.820968,0.058084,0.0419231,0.5,0.01191,1,0.071173,0.0273088,MARKET_UP
3693,營邦,電腦及週邊設備業,DISCOVERY,2023-10-04,2023-10-05,590.472,0.25,555,0.0600748,2023-10-11,558.6,F3_RS_FAILURE,試單後相對大盤落後 ≤ -4%（RS 失敗）,Disc=0.96 10D超額=+14.6% 產業超額=+8.6% outperf10=80% RSaccel=+0.0213 觸發=indep regime=MARKET_SIDEWAYS,-0.0583565,-0.0145891,-0.0431392,0.0110547,3,0.964396,0.828035,0.145847,0.0857174,0.8,0.0213394,2,0.0356218,0.0575739,MARKET_SIDEWAYS
3694,海華,電子工業,DISCOVERY,2023-08-21,2023-08-22,35.288,0.25,33.15,0.0605871,2023-08-24,33.915,F2_STRUCTURE,收盤跌破 MA10 且低於成本（短結構失敗）,Disc=0.96 10D超額=+13.8% 產業超額=+14.0% outperf10=70% RSaccel=+0.0073 觸發=indep regime=MARKET_DOWN,-0.0433209,-0.0108302,-0.0563364,0,3,0.958108,0.810791,0.138357,0.139784,0.7,0.00726439,3,0.0578737,0.0499287,MARKET_DOWN
3694,海華,電子工業,DISCOVERY,2023-09-21,2023-09-22,35.9396,0.25,35.1,0.0233622,2023-09-27,35.8601,F2_STRUCTURE,收盤跌破 MA10 且低於成本（短結構失敗）,Disc=0.97 10D超額=+14.2% 產業超額=+15.5% outperf10=90% RSaccel=+0.0107 觸發=indep regime=MARKET_SIDEWAYS,-0.00670707,-0.00167677,-0.0177972,0.0308956,4,0.969697,0.927713,0.141864,0.154656,0.9,0.0106519,2,0.0674402,0.037073,MARKET_SIDEWAYS
3694,海華,電子工業,DISCOVERY,2023-11-29,2023-11-30,47.7691,0.25,43.05,0.0987903,2023-12-01,44.3888,F3_RS_FAILURE,試單後相對大盤落後 ≤ -4%（RS 失敗）,Disc=0.96 10D超額=+34.5% 產業超額=+30.9% outperf10=80% RSaccel=-0.0165 觸發=indep regime=MARKET_UP,-0.0751056,-0.0187764,-0.078903,0.0173936,2,0.955714,0.800713,0.344821,0.308937,0.8,-0.0165396,3,0.237308,0.0527174,MARKET_UP
3694,海華,電子工業,DISCOVERY,2024-12-30,2024-12-31,59.4482,0.25,56.6,0.0479114,2024-12-31,56.4585,F1_PROBE_LOW,跌破 Probe Low（盤中停損）,Disc=0.98 10D超額=+33.2% 產業超額=+30.6% outperf10=80% RSaccel=+0.0019 觸發=indep regime=MARKET_SIDEWAYS,-0.0546785,-0.0136696,,,1,0.978142,0.908132,0.332042,0.306435,0.8,0.00185273,2,0.143623,0.0583274,MARKET_SIDEWAYS
3701,大眾控,電腦及週邊設備業,STRICT_OOS,2025-12-17,2025-12-18,39.0975,0.25,36.95,0.0549268,2025-12-18,36.8576,F1_PROBE_LOW,跌破 Probe Low（盤中停損）,Disc=0.99 10D超額=+27.2% 產業超額=+27.3% outperf10=70% RSaccel=+0.0250 觸發=indep regime=MARKET_SIDEWAYS,-0.0616605,-0.0154151,,,1,0.988218,0.937473,0.271619,0.273248,0.7,0.0250416,2,0.213891,0.0393309,MARKET_SIDEWAYS
3702,大聯大,電子通路業,DISCOVERY,2023-10-16,2023-10-17,68.2702,0.25,64.2,0.0596197,2023-10-24,66.1342,F2_STRUCTURE,收盤跌破 MA10 且低於成本（短結構失敗）,Disc=0.98 10D超額=+11.4% 產業超額=+11.8% outperf10=80% RSaccel=+0.0093 觸發=indep regime=MARKET_SIDEWAYS,-0.035717,-0.00892926,-0.0361834,0.00190054,6,0.984686,0.965325,0.114039,0.117716,0.8,0.00927798,2,0.109211,0.0204531,MARKET_SIDEWAYS
3706,神達,電腦及週邊設備業,DISCOVERY,2023-12-28,2023-12-29,45.1125,0.25,41.45,0.0811859,2024-01-03,42.693,F3_RS_FAILURE,試單後相對大盤落後 ≤ -4%（RS 失敗）,Disc=0.97 10D超額=+9.1% 產業超額=+9.6% outperf10=60% RSaccel=+0.0123 觸發=indep regime=MARKET_UP,-0.0580119,-0.014503,-0.0512607,0.00858964,3,0.965054,0.855469,0.0910781,0.0956007,0.6,0.0122964,1,0.0887975,0.029127,MARKET_UP
3706,神達,電腦及週邊設備業,STRICT_OOS,2025-05-26,2025-05-27,63.2577,0.25,58.2,0.0799546,2025-05-29,60.4485,F2_STRUCTURE,收盤跌破 MA10 且低於成本（短結構失敗）,Disc=0.97 10D超額=+13.7% 產業超額=+13.9% outperf10=60% RSaccel=+0.0092 觸發=indep regime=MARKET_UP,-0.0488096,-0.0122024,-0.0641463,0.0148954,3,0.966521,0.841884,0.136986,0.139388,0.6,0.00915615,3,0.118918,0.0406541,MARKET_UP
3708,上緯投控,化學生技醫療,STRICT_OOS,2025-04-24,2025-04-25,74.4857,0.25,67.7,0.0911013,2025-05-13,75.5108,F3_RS_FAILURE,試單後相對大盤落後 ≤ -4%（RS 失敗）,Disc=0.96 10D超額=+17.5% 產業超額=+16.2% outperf10=90% RSaccel=+0.0004 觸發=indep regime=MARKET_SIDEWAYS,0.00923006,0.00230752,-0.0387423,0.0606055,12,0.962132,0.786212,0.174801,0.161595,0.9,0.000414877,2,0.0336793,0.0598166,MARKET_SIDEWAYS
3712,永崴投控,電腦及週邊設備業,STRICT_OOS,2025-10-17,2025-10-20,39.1476,0.25,37.5,0.0420875,2025-10-27,38.1045,F2_STRUCTURE,收盤跌破 MA10 且低於成本（短結構失敗）,Disc=1.00 10D超額=+7.3% 產業超額=+13.6% outperf10=30% RSaccel=+0.0012 觸發=indep regime=MARKET_UP,-0.031086,-0.00777149,-0.039533,0.0524266,5,0.995951,0.775043,0.0734956,0.13557,0.3,0.00117649,2,0.101203,0.029563,MARKET_UP
3715,定穎投控,電子零組件業,DISCOVERY,2023-10-04,2023-10-05,89.2225,0.25,80.5,0.0977612,2023-10-06,87.9795,F3_RS_FAILURE,試單後相對大盤落後 ≤ -4%（RS 失敗）,Disc=0.99 10D超額=+26.9% 產業超額=+23.8% outperf10=70% RSaccel=+0.0066 觸發=indep regime=MARKET_SIDEWAYS,-0.0184001,-0.00460003,-0.03948,0.0244053,2,0.990712,0.918796,0.269313,0.23825,0.7,0.00657621,2,0.23277,0.0624181,MARKET_SIDEWAYS
4102,永日,生技醫療業,DISCOVERY,2023-04-24,2023-04-25,32.08,0.25,30.4,0.0523691,2023-05-03,31.8203,F4_TIME_5D,時間停損：_5日內未上漲,Disc=0.95 10D超額=+9.7% 產業超額=+6.0% outperf10=70% RSaccel=+0.0048 觸發=indep regime=MARKET_SIDEWAYS,-0.0125787,-0.00314468,-0.0165212,0.0271197,6,0.953064,0.881884,0.0970587,0.059712,0.7,0.00475744,3,0.0658202,0.0265338,MARKET_SIDEWAYS
4102,永日,生技醫療業,DISCOVERY,2023-11-29,2023-11-30,38.9972,0.25,36.1,0.0742937,2023-12-08,37.0072,F2_STRUCTURE,收盤跌破 MA10 且低於成本（短結構失敗）,Disc=0.95 10D超額=+9.5% 產業超額=+7.1% outperf10=80% RSaccel=+0.0201 觸發=indep regime=MARKET_UP,-0.0554144,-0.0138536,-0.0601901,0.0372526,7,0.952857,0.880568,0.0952596,0.0712747,0.8,0.0200689,2,0.0973725,0.019572,MARKET_UP
4114,健喬,生技醫療業,DISCOVERY,2023-02-13,2023-02-14,49.1225,0.25,46.3,0.0574584,2023-02-21,47.481,F4_TIME_5D,時間停損：_5日內未上漲,Disc=0.96 10D超額=+12.1% 產業超額=+6.1% outperf10=50% RSaccel=+0.0103 觸發=indep regime=MARKET_UP,-0.0378413,-0.00946032,-0.0513512,0.00768487,6,0.962712,0.713279,0.121167,0.0611969,0.5,0.010254,2,0.0861944,0.033226,MARKET_UP
4123,晟德,生技醫療業,DISCOVERY,2023-04-24,2023-04-25,51.8292,0.25,48.7,0.0603762,2023-05-03,51.3713,F4_TIME_5D,時間停損：_5日內未上漲,Disc=0.96 10D超額=+12.2% 產業超額=+8.6% outperf10=50% RSaccel=+0.0114 觸發=indep regime=MARKET_SIDEWAYS,-0.0133168,-0.00332921,-0.0401173,0.0129415,6,0.956975,0.803231,0.122086,0.0858865,0.5,0.0113533,2,0.0942761,0.0270604,MARKET_SIDEWAYS
4123,晟德,生技醫療業,DISCOVERY,2024-10-24,2024-10-25,51.6287,0.25,48.55,0.0596325,2024-10-29,48.4286,F1_PROBE_LOW,跌破 Probe Low（盤中停損）,Disc=0.95 10D超額=+8.2% 產業超額=+10.8% outperf10=60% RSaccel=+0.0174 觸發=indep regime=MARKET_SIDEWAYS,-0.0663439,-0.016586,-0.0431688,0.00719076,3,0.950125,0.878461,0.0815501,0.107702,0.6,0.0174023,2,0.0743062,0.0246499,MARKET_SIDEWAYS
4126,太醫,生技醫療業,DISCOVERY,2023-03-16,2023-03-17,85.2125,0.25,80.6,0.0541294,2023-03-24,83.8898,F3_RS_FAILURE,試單後相對大盤落後 ≤ -4%（RS 失敗）,Disc=0.96 10D超額=+10.3% 產業超額=+14.4% outperf10=70% RSaccel=+0.0057 觸發=indep regime=MARKET_SIDEWAYS,-0.019988,-0.00499701,-0.0177497,0.0151093,6,0.964335,0.940485,0.103088,0.143556,0.7,0.00573688,1,0.0686157,0.0236691,MARKET_SIDEWAYS
4129,聯合,生技醫療業,STRICT_OOS,2025-11-05,2025-11-06,128.821,0.25,125,0.0296632,2025-11-11,124.688,F2_STRUCTURE,收盤跌破 MA10 且低於成本（短結構失敗）,Disc=0.95 10D超額=+7.2% 產業超額=+11.9% outperf10=60% RSaccel=+0.0201 觸發=indep regime=MARKET_SIDEWAYS,-0.0365168,-0.00912921,-0.0296632,0.0207943,4,0.950954,0.88043,0.0715217,0.119485,0.6,0.0201367,2,0.0519903,0.0234418,MARKET_SIDEWAYS
4130,健亞,生技醫療業,DISCOVERY,2023-05-22,2023-05-23,30.8269,0.25,28.7,0.0689942,2023-05-29,29.2267,F2_STRUCTURE,收盤跌破 MA10 且低於成本（短結構失敗）,Disc=0.97 10D超額=+1.9% 產業超額=+9.6% outperf10=70% RSaccel=+0.0100 觸發=indep regime=MARKET_UP,-0.05629,-0.0140725,-0.0381769,0.0364333,5,0.966527,0.81927,0.01917,0.0958807,0.7,0.00998447,2,0.0577339,0.0350713,MARKET_UP
4142,國光生,生技醫療業,DISCOVERY,2023-02-03,2023-02-06,40.6514,0.25,39,0.0406229,2023-02-13,40.0995,F2_STRUCTURE,收盤跌破 MA10 且低於成本（短結構失敗）,Disc=0.98 10D超額=+10.0% 產業超額=+9.6% outperf10=50% RSaccel=+0.0066 觸發=indep regime=MARKET_UP,-0.0180453,-0.00451131,-0.0123335,0.0540849,6,0.980462,0.761587,0.100368,0.0961191,0.5,0.00657962,2,0.116668,0.020333,MARKET_UP
4155,訊映,生技醫療業,DISCOVERY,2023-02-07,2023-02-08,33.4835,0.25,31.45,0.0607314,2023-02-20,32.9175,F2_STRUCTURE,收盤跌破 MA10 且低於成本（短結構失敗）,Disc=0.99 10D超額=+16.9% 產業超額=+10.1% outperf10=80% RSaccel=+0.0168 觸發=indep regime=MARKET_UP,-0.0213658,-0.00534145,-0.0263861,0.0393179,9,0.985062,0.940681,0.169115,0.100951,0.8,0.0168475,2,0.15521,0.0289778,MARKET_UP
4155,訊映,生技醫療業,DISCOVERY,2023-03-20,2023-03-21,37.9446,0.25,35.5,0.0644262,2023-03-24,36.708,F3_RS_FAILURE,試單後相對大盤落後 ≤ -4%（RS 失敗）,Disc=0.97 10D超額=+16.9% 產業超額=+19.6% outperf10=70% RSaccel=+0.0106 觸發=indep regime=MARKET_SIDEWAYS,-0.0370169,-0.00925423,-0.0328011,0.0344021,4,0.972936,0.893193,0.168763,0.195611,0.7,0.0105797,3,0.113399,0.0272693,MARKET_SIDEWAYS
4162,智擎,生技醫療業,DISCOVERY,2024-01-05,2024-01-08,109.272,0.25,102.5,0.0619781,2024-01-10,105.236,F2_STRUCTURE,收盤跌破 MA10 且低於成本（短結構失敗）,Disc=0.96 10D超額=+7.5% 產業超額=+6.6% outperf10=50% RSaccel=+0.0027 觸發=indep regime=MARKET_SIDEWAYS,-0.0413544,-0.0103386,-0.0482509,0.00665767,3,0.956643,0.766237,0.0752938,0.0658934,0.5,0.00272751,3,0.0563551,0.0314548,MARKET_SIDEWAYS
4162,智擎,生技醫療業,STRICT_OOS,2025-01-08,2025-01-09,100.15,0.25,99.1,0.0104818,2025-01-09,98.8522,F1_PROBE_LOW,跌破 Probe Low（盤中停損）,Disc=0.97 10D超額=+16.6% 產業超額=+14.6% outperf10=60% RSaccel=+0.0076 觸發=indep regime=MARKET_SIDEWAYS,-0.0174265,-0.00435662,,,1,0.967787,0.887997,0.166072,0.146493,0.6,0.00761744,1,0.123167,0.0294036,MARKET_SIDEWAYS
4164,承業醫,化學生技醫療,DISCOVERY,2023-02-07,2023-02-08,55.6387,0.25,52.3,0.0600077,2023-02-13,52.668,F3_RS_FAILURE,試單後相對大盤落後 ≤ -4%（RS 失敗）,Disc=0.99 10D超額=+19.2% 產業超額=+18.7% outperf10=60% RSaccel=+0.0030 觸發=indep regime=MARKET_UP,-0.0577734,-0.0144434,-0.0492238,0.013682,4,0.991213,0.8318,0.192027,0.186786,0.6,0.0029806,2,0.173858,0.0314028,MARKET_UP
4164,承業醫,化學生技醫療,DISCOVERY,2023-09-13,2023-09-14,60.7515,0.25,55.8,0.0815041,2023-09-25,60.4485,F4_TIME_5D,時間停損：_5日內未上漲,Disc=0.96 10D超額=+12.2% 產業超額=+7.1% outperf10=80% RSaccel=+0.0126 觸發=indep regime=MARKET_SIDEWAYS,-0.00947632,-0.00236908,-0.00907797,0.0287812,8,0.95969,0.871292,0.122453,0.0707893,0.8,0.0126306,3,0.0992006,0.0247934,MARKET_SIDEWAYS
4306,炎洲,塑膠工業,STRICT_OOS,2026-06-11,2026-06-12,16.04,0.25,15,0.0648378,2026-06-17,16.0099,F3_RS_FAILURE,試單後相對大盤落後 ≤ -4%（RS 失敗）,Disc=0.95 10D超額=+15.6% 產業超額=+11.1% outperf10=80% RSaccel=+0.0210 觸發=indep regime=MARKET_SIDEWAYS,-0.0063739,-0.00159348,-0.00872819,0.0286783,4,0.954498,0.946025,0.155564,0.111342,0.8,0.021028,1,0.106264,0.0279405,MARKET_SIDEWAYS
4420,光明,紡織纖維,DISCOVERY,2024-03-15,2024-03-18,70.3755,0.25,65.1,0.0749621,2024-03-26,67.7302,F2_STRUCTURE,收盤跌破 MA10 且低於成本（短結構失敗）,Disc=0.98 10D超額=+19.1% 產業超額=+23.2% outperf10=60% RSaccel=+0.0065 觸發=indep regime=MARKET_UP,-0.0420031,-0.0105008,-0.0394385,0.0571861,7,0.981298,0.911208,0.19148,0.231613,0.6,0.00646738,1,0.180378,0.0511235,MARKET_UP
4526,東台,電機機械,STRICT_OOS,2025-07-21,2025-07-22,30.6264,0.25,29.1,0.0498386,2025-08-19,40.8975,PROBE_MAX_LIFE,20 日內未確認,Disc=0.97 10D超額=+11.8% 產業超額=+12.3% outperf10=60% RSaccel=+0.0002 觸發=indep regime=MARKET_UP,0.330114,0.0825285,-0.0465734,0.333818,21,0.973643,0.801914,0.117836,0.122736,0.6,0.000183184,1,0.111413,0.0446719,MARKET_UP
4532,瑞智,電機機械,DISCOVERY,2024-10-04,2024-10-07,27.7692,0.25,25.65,0.0763164,2024-10-28,28.0298,F2_STRUCTURE,收盤跌破 MA10 且低於成本（短結構失敗）,Disc=0.96 10D超額=+5.0% 產業超額=+7.0% outperf10=50% RSaccel=+0.0235 觸發=indep regime=MARKET_SIDEWAYS,0.00485978,0.00121494,-0.0349037,0.0497223,15,0.963659,0.866046,0.0499623,0.0696243,0.5,0.0234771,2,0.0784217,0.0229406,MARKET_SIDEWAYS
4536,拓凱,運動休閒,STRICT_OOS,2025-02-27,2025-03-03,218.545,0.25,204.5,0.064266,2025-03-10,218.453,F4_TIME_5D,時間停損：_5日內未上漲,Disc=0.96 10D超額=+10.4% 產業超額=+4.0% outperf10=70% RSaccel=+0.0118 觸發=indep regime=MARKET_SIDEWAYS,-0.0049223,-0.00123058,-0.0436752,0.0295363,6,0.961745,0.828412,0.103855,0.0404659,0.7,0.0117636,2,0.0624302,0.019526,MARKET_SIDEWAYS
4541,晟田,其他,DISCOVERY,2024-12-13,2024-12-16,34.2855,0.25,32.7,0.046244,2024-12-23,34.314,F2_STRUCTURE,收盤跌破 MA10 且低於成本（短結構失敗）,Disc=0.96 10D超額=+2.2% 產業超額=+10.4% outperf10=40% RSaccel=-0.0070 觸發=indep regime=MARKET_SIDEWAYS,-0.0036706,-0.00091765,-0.0214522,0.0470899,6,0.962264,0.691214,0.0215081,0.103933,0.4,-0.00698822,1,0.0449927,0.0474102,MARKET_SIDEWAYS
4551,智伸科,汽車工業,STRICT_OOS,2025-07-07,2025-07-08,129.322,0.25,124,0.0411568,2025-07-09,123.69,F1_PROBE_LOW,跌破 Probe Low（盤中停損）,Disc=0.96 10D超額=+4.2% 產業超額=+4.9% outperf10=50% RSaccel=+0.0025 觸發=indep regime=MARKET_SIDEWAYS,-0.047956,-0.011989,-0.0218253,0.0245704,2,0.963247,0.761148,0.0417118,0.0486088,0.5,0.00248023,2,0.1297,0.0594329,MARKET_SIDEWAYS
4562,穎漢,電機機械,DISCOVERY,2024-10-21,2024-10-22,71.378,0.25,67.1,0.0599345,2024-10-28,66.9322,F2_STRUCTURE,收盤跌破 MA10 且低於成本（短結構失敗）,Disc=0.98 10D超額=+5.7% 產業超額=+7.0% outperf10=40% RSaccel=+0.0445 觸發=indep regime=MARKET_UP,-0.0666445,-0.0166611,-0.0585334,0.03113,5,0.978934,0.737402,0.0570638,0.0698097,0.4,0.0444616,3,0.101688,0.0528036,MARKET_UP
4562,穎漢,電機機械,DISCOVERY,2024-12-20,2024-12-23,72.18,0.25,66.3,0.081463,2024-12-25,69.2265,F3_RS_FAILURE,試單後相對大盤落後 ≤ -4%（RS 失敗）,Disc=0.98 10D超額=+11.5% 產業超額=+8.1% outperf10=70% RSaccel=+0.0278 觸發=indep regime=MARKET_SIDEWAYS,-0.0453265,-0.0113316,-0.045442,0.00858964,3,0.975806,0.840787,0.114555,0.0807811,0.7,0.0277845,2,0.0706253,0.0446178,MARKET_SIDEWAYS
4569,六方科-KY,汽車工業,STRICT_OOS,2025-03-13,2025-03-14,187.468,0.25,172.5,0.0798405,2025-03-19,183.54,F3_RS_FAILURE,試單後相對大盤落後 ≤ -4%（RS 失敗）,Disc=0.97 10D超額=+8.1% 產業超額=+6.4% outperf10=50% RSaccel=+0.0106 觸發=indep regime=MARKET_DOWN,-0.0254032,-0.00635079,-0.0371664,0.0481817,4,0.972185,0.734286,0.0810134,0.0643512,0.5,0.0106076,2,0.025856,0.0502141,MARKET_DOWN
4577,達航科技,其他電子業,STRICT_OOS,2026-02-09,2026-02-10,57.5435,0.25,55.3,0.0389879,2026-02-10,55.1618,F1_PROBE_LOW,跌破 Probe Low（盤中停損）,Disc=0.97 10D超額=+3.1% 產業超額=+7.9% outperf10=40% RSaccel=+0.0190 觸發=indep regime=MARKET_UP,-0.0457973,-0.0114493,,,1,0.967548,0.697111,0.0310585,0.0790736,0.4,0.0190105,3,0.0584071,0.0689799,MARKET_UP
4581,光隆精密-KY,汽車工業,DISCOVERY,2023-07-20,2023-07-21,71.1775,0.25,69.2,0.0277826,2023-07-24,69.027,F1_PROBE_LOW,跌破 Probe Low（盤中停損）,Disc=0.96 10D超額=+8.0% 產業超額=+14.5% outperf10=50% RSaccel=+0.0051 觸發=indep regime=MARKET_SIDEWAYS,-0.0346452,-0.0086613,-0.0038987,0.025605,2,0.959903,0.718442,0.0804292,0.145256,0.5,0.00511907,2,0.0765891,0.045301,MARKET_SIDEWAYS
4583,台灣精銳,電機機械,DISCOVERY,2024-03-25,2024-03-26,260.65,0.25,242,0.0715519,2024-03-27,249.375,F3_RS_FAILURE,試單後相對大盤落後 ≤ -4%（RS 失敗）,Disc=0.96 10D超額=+11.2% 產業超額=+6.2% outperf10=60% RSaccel=+0.0083 觸發=indep regime=MARKET_UP,-0.0476599,-0.011915,-0.0600422,0.016689,2,0.957303,0.835771,0.111836,0.0616078,0.6,0.00825283,2,0.117935,0.0371037,MARKET_UP
4707,磐亞,化學工業,STRICT_OOS,2026-08-18,2026-08-19,32.08,0.25,31.25,0.0258728,2026-08-20,31.3215,F2_STRUCTURE,收盤跌破 MA10 且低於成本（短結構失敗）,Disc=0.96 10D超額=+12.8% 產業超額=+12.3% outperf10=50% RSaccel=+0.0001 觸發=indep regime=MARKET_SIDEWAYS,-0.0280908,-0.00702271,-0.0258728,0.0504988,2,0.959132,0.670531,0.12798,0.122712,0.5,8.46138e-05,2,0.0792193,0.0779418,MARKET_SIDEWAYS
4716,大立,化學工業,DISCOVERY,2024-08-27,2024-08-28,26.5663,0.25,24.6,0.0740131,2024-08-29,25.3365,F3_RS_FAILURE,試單後相對大盤落後 ≤ -4%（RS 失敗）,Disc=0.98 10D超額=+16.8% 產業超額=+13.3% outperf10=70% RSaccel=-0.0096 觸發=indep regime=MARKET_SIDEWAYS,-0.0506858,-0.0126715,-0.0589564,0,2,0.976857,0.748522,0.167534,0.133344,0.7,-0.0096392,3,0.193823,0.0595698,MARKET_SIDEWAYS
4726,永昕,生技醫療業,DISCOVERY,2024-06-11,2024-06-12,51.6288,0.25,47.05,0.0886861,2024-06-13,50.274,F3_RS_FAILURE,試單後相對大盤落後 ≤ -4%（RS 失敗）,Disc=0.98 10D超額=+20.7% 產業超額=+16.6% outperf10=70% RSaccel=-0.0128 觸發=indep regime=MARKET_UP,-0.0306812,-0.0076703,-0.0451057,0.0168753,2,0.981069,0.782533,0.206732,0.166452,0.7,-0.012846,2,0.128834,0.0454545,MARKET_UP
4728,雙美,生技醫療業,DISCOVERY,2024-03-26,2024-03-27,228.069,0.25,209.5,0.0814174,2024-04-17,226.433,F2_STRUCTURE,收盤跌破 MA10 且低於成本（短結構失敗）,Disc=0.96 10D超額=+6.4% 產業超額=+7.6% outperf10=60% RSaccel=+0.0108 觸發=indep regime=MARKET_UP,-0.0116582,-0.00291456,-0.0397632,0.0742375,14,0.957255,0.775831,0.0635202,0.0756004,0.6,0.0107959,3,0.0712156,0.0467706,MARKET_UP
4743,合一,生技醫療業,DISCOVERY,2023-02-10,2023-02-13,291.728,0.25,274.5,0.0590534,2023-02-14,279.799,F3_RS_FAILURE,試單後相對大盤落後 ≤ -4%（RS 失敗）,Disc=0.98 10D超額=+14.2% 產業超額=+11.7% outperf10=60% RSaccel=+0.0122 觸發=indep regime=MARKET_UP,-0.045298,-0.0113245,-0.0470559,0,2,0.981197,0.860873,0.142317,0.116904,0.6,0.0122201,3,0.138818,0.0376847,MARKET_UP
4749,新應材,光電業,DISCOVERY,2023-12-25,2023-12-26,410.053,0.25,382,0.0684122,2024-01-03,404.786,F4_TIME_5D,時間停損：_5日內未上漲,Disc=0.97 10D超額=+3.7% 產業超額=+8.1% outperf10=60% RSaccel=+0.0122 觸發=indep regime=MARKET_UP,-0.017316,-0.00432899,-0.0293928,0.0157234,6,0.971279,0.874828,0.0374551,0.0809065,0.6,0.0122332,2,0.0671656,0.0348074,MARKET_UP
4760,勤凱,其他電子業,STRICT_OOS,2025-11-18,2025-11-19,187.468,0.25,170,0.0931762,2025-11-21,180.548,F3_RS_FAILURE,試單後相對大盤落後 ≤ -4%（RS 失敗）,Disc=0.97 10D超額=+13.1% 產業超額=+16.7% outperf10=70% RSaccel=+0.0141 觸發=indep regime=MARKET_SIDEWAYS,-0.04133,-0.0103325,-0.0211637,0.0668516,3,0.97486,0.835227,0.131472,0.167063,0.7,0.0141222,2,0.0476464,0.0455969,MARKET_SIDEWAYS
4763,材料*-KY,化學生技醫療,STRICT_OOS,2026-07-24,2026-07-27,50.526,0.25,48.5,0.0400982,2026-07-28,48.3787,F1_PROBE_LOW,跌破 Probe Low（盤中停損）,Disc=1.00 10D超額=+9.6% 產業超額=+16.2% outperf10=50% RSaccel=-0.0064 觸發=indep regime=MARKET_SIDEWAYS,-0.0469023,-0.0117256,-0.0302023,0.00740213,2,0.995418,0.761758,0.0963009,0.162099,0.5,-0.00644144,2,0.0439646,0.0463435,MARKET_SIDEWAYS
4766,南寶,化學生技醫療,DISCOVERY,2023-09-08,2023-09-11,222.054,0.25,211,0.0497796,2023-09-18,220.946,F4_TIME_5D,時間停損：_5日內未上漲,Disc=0.98 10D超額=+16.3% 產業超額=+12.1% outperf10=80% RSaccel=+0.0104 觸發=indep regime=MARKET_SIDEWAYS,-0.00947631,-0.00236908,-0.0227591,0.0335335,6,0.978428,0.920005,0.163101,0.121374,0.8,0.0103951,3,0.135503,0.0374603,MARKET_SIDEWAYS
4766,南寶,化學生技醫療,DISCOVERY,2024-06-11,2024-06-12,369.923,0.25,342,0.075482,2024-06-14,356.606,F3_RS_FAILURE,試單後相對大盤落後 ≤ -4%（RS 失敗）,Disc=0.96 10D超額=+5.8% 產業超額=+5.1% outperf10=60% RSaccel=+0.0237 觸發=indep regime=MARKET_UP,-0.0404164,-0.0101041,-0.034933,0.00426441,3,0.964365,0.797431,0.0579231,0.0509648,0.6,0.0236788,2,0.030481,0.0282031,MARKET_UP
4766,南寶,化學生技醫療,STRICT_OOS,2025-03-19,2025-03-20,349.873,0.25,333.5,0.0467956,2025-04-08,299.25,F2_STRUCTURE,收盤跌破 MA10 且低於成本（短結構失敗）,Disc=0.96 10D超額=+8.6% 產業超額=+10.1% outperf10=80% RSaccel=+0.0180 觸發=indep regime=MARKET_DOWN,-0.148863,-0.0372157,-0.0482247,0.0732481,12,0.963109,0.827144,0.0860333,0.100989,0.8,0.0180015,1,0.0530263,0.0273708,MARKET_DOWN
4768,晶呈科技,化學工業,STRICT_OOS,2025-07-28,2025-07-29,123.809,0.25,116,0.063071,2025-08-05,111.72,F2_STRUCTURE,收盤跌破 MA10 且低於成本（短結構失敗）,Disc=0.95 10D超額=+14.7% 產業超額=+12.8% outperf10=60% RSaccel=+0.0171 觸發=indep regime=MARKET_UP,-0.0257819,-0.00644547,-0.0469171,0.0378911,6,0.953917,0.875733,0.146531,0.128401,0.6,0.0170875,1,0.124516,0.0442452,MARKET_UP
4904,遠傳,電子工業,STRICT_OOS,2026-06-11,2026-06-12,109.272,0.25,100.5,0.0802809,2026-06-18,110.224,F3_RS_FAILURE,試單後相對大盤落後 ≤ -4%（RS 失敗）,Disc=0.96 10D超額=+17.6% 產業超額=+21.3% outperf10=80% RSaccel=+0.0286 觸發=indep regime=MARKET_SIDEWAYS,0.00418572,0.00104643,-0.0162209,0.0386877,5,0.960703,0.964046,0.17569,0.213026,0.8,0.0286125,1,0.104748,0.0239187,MARKET_SIDEWAYS
4908,前鼎,通信網路業,DISCOVERY,2023-09-11,2023-09-12,60.6512,0.25,57.6,0.0503081,2023-09-12,57.456,F1_PROBE_LOW,跌破 Probe Low（盤中停損）,Disc=0.97 10D超額=+12.8% 產業超額=+8.5% outperf10=60% RSaccel=+0.0068 觸發=indep regime=MARKET_SIDEWAYS,-0.0570639,-0.014266,,,1,0.965679,0.791472,0.128011,0.085218,0.6,0.00682658,2,0.114008,0.0462339,MARKET_SIDEWAYS
4911,德英,生技醫療業,DISCOVERY,2023-05-03,2023-05-04,83.2075,0.25,75.5,0.0926299,2023-05-05,77.2065,F3_RS_FAILURE,試單後相對大盤落後 ≤ -4%（RS 失敗）,Disc=0.99 10D超額=+14.9% 產業超額=+12.6% outperf10=60% RSaccel=+0.0065 觸發=indep regime=MARKET_SIDEWAYS,-0.0764586,-0.0191147,-0.0890244,0.00351531,2,0.990716,0.876216,0.149492,0.125669,0.6,0.00650021,3,0.155037,0.053705,MARKET_SIDEWAYS
4915,致伸,電子零組件業,DISCOVERY,2024-03-19,2024-03-20,88.0195,0.25,78.5,0.108152,2024-03-25,84.0893,F3_RS_FAILURE,試單後相對大盤落後 ≤ -4%（RS 失敗）,Disc=0.98 10D超額=+8.3% 產業超額=+14.3% outperf10=70% RSaccel=+0.0128 觸發=indep regime=MARKET_UP,-0.0490516,-0.0122629,-0.0479382,0.0281813,4,0.98109,0.89987,0.0825132,0.143464,0.7,0.0127627,2,0.130319,0.0294958,MARKET_UP
4915,致伸,電子零組件業,DISCOVERY,2024-09-27,2024-09-30,91.2275,0.25,87,0.0463402,2024-10-09,90.573,F2_STRUCTURE,收盤跌破 MA10 且低於成本（短結構失敗）,Disc=0.95 10D超額=+2.1% 產業超額=+4.8% outperf10=50% RSaccel=+0.0079 觸發=indep regime=MARKET_SIDEWAYS,-0.0116582,-0.00291456,-0.0353786,0.0786221,6,0.950758,0.744254,0.0208416,0.0480013,0.5,0.00791547,1,0.0448525,0.0266594,MARKET_SIDEWAYS
4915,致伸,電子零組件業,STRICT_OOS,2025-01-15,2025-01-16,81.1022,0.25,76.8,0.0530473,2025-01-22,80.199,F3_RS_FAILURE,試單後相對大盤落後 ≤ -4%（RS 失敗）,Disc=0.96 10D超額=+7.5% 產業超額=+12.1% outperf10=70% RSaccel=+0.0088 觸發=indep regime=MARKET_SIDEWAYS,-0.0156121,-0.00390303,-0.025921,0.0160014,5,0.955714,0.88341,0.0752288,0.121459,0.7,0.00882058,1,0.0286082,0.0190179,MARKET_SIDEWAYS
4931,新盛力,電腦及週邊設備業,STRICT_OOS,2024-12-31,2025-01-02,72.18,0.25,68,0.0579108,2025-01-03,67.83,F1_PROBE_LOW,跌破 Probe Low（盤中停損）,Disc=0.99 10D超額=+28.9% 產業超額=+26.6% outperf10=60% RSaccel=-0.0027 觸發=indep regime=MARKET_SIDEWAYS,-0.0646304,-0.0161576,-0.0551399,0.0224439,2,0.994558,0.795671,0.288826,0.265564,0.6,-0.00270197,3,0.118041,0.070532,MARKET_SIDEWAYS
4939,亞電,電子零組件業,DISCOVERY,2023-12-13,2023-12-14,21.8545,0.25,20.45,0.0642659,2023-12-20,20.8477,F2_STRUCTURE,收盤跌破 MA10 且低於成本（短結構失敗）,Disc=0.99 10D超額=+24.6% 產業超額=+25.1% outperf10=70% RSaccel=-0.0145 觸發=indep regime=MARKET_SIDEWAYS,-0.0504624,-0.0126156,-0.0619781,0.0592784,5,0.986996,0.808302,0.245766,0.250681,0.7,-0.0145143,4,0.17175,0.0381605,MARKET_SIDEWAYS
4946,辣椒,文化創意業,STRICT_OOS,2025-09-17,2025-09-18,136.34,0.25,124,0.0905091,2025-09-19,130.174,F3_RS_FAILURE,試單後相對大盤落後 ≤ -4%（RS 失敗）,Disc=0.96 10D超額=-0.4% 產業超額=+5.7% outperf10=30% RSaccel=-0.0090 觸發=indep regime=MARKET_UP,-0.0496252,-0.0124063,-0.0501687,0,2,0.959442,0.507313,-0.0043348,0.0573949,0.3,-0.00900969,2,0.0175305,0.0545746,MARKET_UP
4951,精拓科,半導體業,DISCOVERY,2024-06-07,2024-06-11,93.834,0.25,88.1,0.0611079,2024-06-17,89.9745,F3_RS_FAILURE,試單後相對大盤落後 ≤ -4%（RS 失敗）,Disc=0.99 10D超額=+18.6% 產業超額=+15.2% outperf10=80% RSaccel=+0.0042 觸發=indep regime=MARKET_UP,-0.0455386,-0.0113847,-0.0472537,0.0422661,5,0.986667,0.946786,0.186412,0.152117,0.8,0.00422373,2,0.138894,0.0369353,MARKET_UP
4956,光鋐,電子工業,DISCOVERY,2024-05-17,2024-05-20,22.0049,0.25,20.4,0.0729327,2024-05-27,22.1944,F4_TIME_5D,時間停損：_5日內未上漲,Disc=0.96 10D超額=+6.4% 產業超額=+8.5% outperf10=40% RSaccel=+0.0080 觸發=indep regime=MARKET_SIDEWAYS,0.00409235,0.00102309,-0.0388493,0.0543118,6,0.957027,0.745224,0.0640404,0.0849423,0.4,0.00799903,1,0.0642202,0.0377668,MARKET_SIDEWAYS
4956,光鋐,電子工業,DISCOVERY,2024-11-25,2024-11-26,39.298,0.25,35.95,0.0851952,2024-11-28,35.8601,F1_PROBE_LOW,跌破 Probe Low（盤中停損）,Disc=0.98 10D超額=+11.4% 產業超額=+9.5% outperf10=50% RSaccel=+0.0041 觸發=indep regime=MARKET_SIDEWAYS,-0.0917854,-0.0229463,-0.0610209,0.0127742,3,0.975325,0.598914,0.113813,0.0949594,0.5,0.00407891,2,0.0380856,0.0656772,MARKET_SIDEWAYS
4958,臻鼎-KY,電子零組件業,STRICT_OOS,2025-07-08,2025-07-09,108.27,0.25,103,0.0486746,2025-08-06,120.698,PROBE_MAX_LIFE,20 日內未確認,Disc=0.99 10D超額=+9.0% 產業超額=+10.1% outperf10=60% RSaccel=+0.0174 觸發=indep regime=MARKET_SIDEWAYS,0.110024,0.0275061,-0.0117299,0.186848,21,0.986196,0.901018,0.0904752,0.101341,0.6,0.0173738,2,0.0855557,0.0272668,MARKET_SIDEWAYS
4961,天鈺,半導體業,DISCOVERY,2024-03-15,2024-03-18,264.66,0.25,242,0.0856193,2024-03-25,262.343,F3_RS_FAILURE,試單後相對大盤落後 ≤ -4%（RS 失敗）,Disc=0.95 10D超額=+3.9% 產業超額=+15.7% outperf10=40% RSaccel=+0.0136 觸發=indep regime=MARKET_UP,-0.0132368,-0.0033092,-0.0327212,0.0315121,6,0.954895,0.751373,0.0386026,0.156763,0.4,0.0136023,1,0.0665312,0.037415,MARKET_UP
4961,天鈺,半導體業,DISCOVERY,2024-06-17,2024-06-18,282.705,0.25,269,0.0484781,2024-06-25,273.814,F2_STRUCTURE,收盤跌破 MA10 且低於成本（短結構失敗）,Disc=0.95 10D超額=+5.0% 產業超額=+5.7% outperf10=70% RSaccel=+0.0029 觸發=indep regime=MARKET_UP,-0.0358799,-0.00896997,-0.0343291,0.0399533,6,0.950111,0.788136,0.049977,0.0567097,0.7,0.00292687,2,0.0776727,0.0310284,MARKET_UP
4966,譜瑞-KY,半導體業,DISCOVERY,2024-12-17,2024-12-18,787.965,0.25,744,0.0557957,2024-12-25,787.028,F4_TIME_5D,時間停損：_5日內未上漲,Disc=0.97 10D超額=+11.3% 產業超額=+11.1% outperf10=50% RSaccel=+0.0067 觸發=indep regime=MARKET_SIDEWAYS,-0.0056871,-0.00142177,-0.0278756,0.0368481,6,0.969292,0.899327,0.11277,0.111211,0.5,0.0066829,2,0.0927152,0.0316558,MARKET_SIDEWAYS
4967,十銓,半導體業,DISCOVERY,2023-08-14,2023-08-15,63.5585,0.25,58.8,0.0748681,2023-08-21,60.3488,F2_STRUCTURE,收盤跌破 MA10 且低於成本（短結構失敗）,Disc=0.98 10D超額=+4.6% 產業超額=+10.6% outperf10=50% RSaccel=+0.0179 觸發=indep regime=MARKET_DOWN,-0.0548871,-0.0137218,-0.0544144,0.0116664,5,0.979798,0.727567,0.0456831,0.105565,0.5,0.017879,2,0.031063,0.0456507,MARKET_DOWN
4967,十銓,半導體業,DISCOVERY,2023-10-23,2023-10-24,76.591,0.25,72,0.0599418,2023-10-26,72.618,F2_STRUCTURE,收盤跌破 MA10 且低於成本（短結構失敗）,Disc=0.96 10D超額=+9.2% 產業超額=+7.9% outperf10=80% RSaccel=+0.0037 觸發=indep regime=MARKET_SIDEWAYS,-0.0562562,-0.0140641,-0.0325234,0.0144795,3,0.96112,0.861907,0.0916068,0.0789951,0.8,0.0036882,2,0.0747023,0.0488376,MARKET_SIDEWAYS
4967,十銓,半導體業,STRICT_OOS,2026-01-30,2026-02-02,242.605,0.25,240,0.0107376,2026-02-02,239.4,F1_PROBE_LOW,跌破 Probe Low（盤中停損）,Disc=0.98 10D超額=+22.0% 產業超額=+20.4% outperf10=60% RSaccel=+0.0144 觸發=indep regime=MARKET_UP,-0.0176811,-0.00442027,,,1,0.980884,0.852822,0.219931,0.203848,0.6,0.0144311,1,0.18267,0.0570014,MARKET_UP
4968,立積,半導體業,DISCOVERY,2024-02-21,2024-02-22,233.081,0.25,213.5,0.0840104,2024-02-26,222.941,F3_RS_FAILURE,試單後相對大盤落後 ≤ -4%（RS 失敗）,Disc=0.98 10D超額=+28.0% 產業超額=+25.5% outperf10=60% RSaccel=+0.0169 觸發=indep regime=MARKET_UP,-0.0479063,-0.0119766,-0.0561231,0.018958,3,0.980848,0.883816,0.279819,0.255044,0.6,0.0168985,3,0.252553,0.048913,MARKET_UP
4974,亞泰,電子零組件業,DISCOVERY,2023-01-11,2023-01-12,66.165,0.25,62.5,0.0553918,2023-01-13,63.441,F3_RS_FAILURE,試單後相對大盤落後 ≤ -4%（RS 失敗）,Disc=0.99 10D超額=+9.2% 產業超額=+10.1% outperf10=60% RSaccel=-0.0058 觸發=indep regime=MARKET_SIDEWAYS,-0.0455772,-0.0113943,-0.0463236,0.0050631,2,0.986462,0.864427,0.0924288,0.10123,0.6,-0.00582718,1,0.0955176,0.021961,MARKET_SIDEWAYS
4977,眾達-KY,通信網路業,DISCOVERY,2023-04-06,2023-04-07,123.809,0.25,111.5,0.0994174,2023-04-14,119.7,F2_STRUCTURE,收盤跌破 MA10 且低於成本（短結構失敗）,Disc=0.95 10D超額=+5.6% 產業超額=+0.4% outperf10=50% RSaccel=+0.0130 觸發=indep regime=MARKET_SIDEWAYS,-0.0376116,-0.0094029,-0.0388401,0.0338526,6,0.953232,0.679179,0.0557373,0.00428329,0.5,0.0130044,2,0.024984,0.0392857,MARKET_SIDEWAYS
4977,眾達-KY,通信網路業,DISCOVERY,2023-09-13,2023-09-14,85.2125,0.25,79.1,0.0717324,2023-09-21,82.8922,F2_STRUCTURE,收盤跌破 MA10 且低於成本（短結構失敗）,Disc=0.97 10D超額=+19.9% 產業超額=+15.6% outperf10=70% RSaccel=-0.0105 觸發=indep regime=MARKET_SIDEWAYS,-0.0316677,-0.00791693,-0.0236174,0.0737861,6,0.973643,0.780804,0.199016,0.155892,0.7,-0.0105351,3,0.13609,0.0419822,MARKET_SIDEWAYS
4979,華星光,通信網路業,STRICT_OOS,2025-01-08,2025-01-09,208.019,0.25,195,0.0625845,2025-01-13,194.513,F1_PROBE_LOW,跌破 Probe Low（盤中停損）,Disc=0.98 10D超額=+23.7% 產業超額=+22.3% outperf10=70% RSaccel=-0.0011 觸發=indep regime=MARKET_SIDEWAYS,-0.0692819,-0.0173205,-0.0433555,0.0143316,3,0.980392,0.843329,0.236832,0.223145,0.7,-0.00111199,2,0.140507,0.0527129,MARKET_SIDEWAYS
5009,榮剛,鋼鐵工業,DISCOVERY,2024-11-11,2024-11-12,49.5736,0.25,47.4,0.0438464,2024-11-18,48.0296,F2_STRUCTURE,收盤跌破 MA10 且低於成本（短結構失敗）,Disc=0.96 10D超額=+7.1% 產業超額=+9.7% outperf10=50% RSaccel=+0.0000 觸發=indep regime=MARKET_SIDEWAYS,-0.0355755,-0.00889388,-0.0307346,0.00658364,5,0.957364,0.797173,0.0707567,0.0967625,0.5,2.61124e-05,2,0.0618994,0.0189224,MARKET_SIDEWAYS
5209,新鼎,資訊服務業,DISCOVERY,2024-03-11,2024-03-12,195.989,0.25,181.5,0.0739265,2024-03-18,189.026,F2_STRUCTURE,收盤跌破 MA10 且低於成本（短結構失敗）,Disc=0.96 10D超額=+5.4% 產業超額=+9.5% outperf10=70% RSaccel=-0.0038 觸發=indep regime=MARKET_UP,-0.0399451,-0.00998627,-0.0433124,5.74035e-05,5,0.95805,0.875561,0.0542863,0.0945698,0.7,-0.00375215,1,0.0824313,0.0250916,MARKET_UP
5213,亞昕,建材營造,DISCOVERY,2024-03-14,2024-03-15,40.3005,0.25,37.6,0.0670091,2024-03-22,39.4511,F4_TIME_5D,時間停損：_5日內未上漲,Disc=0.97 10D超額=+9.4% 產業超額=+10.1% outperf10=60% RSaccel=+0.0198 觸發=indep regime=MARKET_UP,-0.0255286,-0.00638215,-0.0521209,0.00867235,6,0.973568,0.886432,0.0940965,0.101442,0.6,0.0198322,1,0.113265,0.0242537,MARKET_UP
5215,科嘉-KY,電腦及週邊設備業,DISCOVERY,2023-09-07,2023-09-08,60.15,0.25,56.2,0.0656691,2023-09-08,56.0595,F1_PROBE_LOW,跌破 Probe Low（盤中停損）,Disc=0.98 10D超額=+16.8% 產業超額=+17.3% outperf10=70% RSaccel=+0.0178 觸發=indep regime=MARKET_SIDEWAYS,-0.0723519,-0.018088,,,1,0.982496,0.861872,0.168496,0.173361,0.7,0.0177958,2,0.196061,0.0446883,MARKET_SIDEWAYS
5222,全訊,半導體業,DISCOVERY,2023-01-04,2023-01-05,144.36,0.25,136,0.0579108,2023-01-10,139.65,F3_RS_FAILURE,試單後相對大盤落後 ≤ -4%（RS 失敗）,Disc=0.96 10D超額=+6.5% 產業超額=+6.1% outperf10=60% RSaccel=+0.0068 觸發=indep regime=MARKET_SIDEWAYS,-0.0370534,-0.00926334,-0.0371294,0.0182876,4,0.956522,0.70423,0.0651105,0.061391,0.6,0.00678315,2,0.0243553,0.0317183,MARKET_SIDEWAYS
5222,全訊,半導體業,DISCOVERY,2023-08-28,2023-08-29,174.936,0.25,162,0.0739483,2023-09-11,175.56,F2_STRUCTURE,收盤跌破 MA10 且低於成本（短結構失敗）,Disc=0.96 10D超額=+17.1% 產業超額=+15.3% outperf10=80% RSaccel=+0.0182 觸發=indep regime=MARKET_DOWN,-0.000942439,-0.00023561,-0.0196429,0.0689608,10,0.960396,0.923975,0.171277,0.152581,0.8,0.018215,1,0.0976524,0.0385857,MARKET_DOWN
5225,東科-KY,其他電子業,DISCOVERY,2023-08-21,2023-08-22,46.9671,0.25,44.45,0.0535933,2023-08-28,44.3389,F1_PROBE_LOW,跌破 Probe Low（盤中停損）,Disc=0.97 10D超額=+13.0% 產業超額=+13.6% outperf10=80% RSaccel=+0.0211 觸發=indep regime=MARKET_DOWN,-0.0603334,-0.0150834,-0.00994579,0.0166686,5,0.968919,0.933103,0.130015,0.135729,0.8,0.0211288,2,0.0480737,0.0341253,MARKET_DOWN
5225,東科-KY,其他電子業,DISCOVERY,2024-12-20,2024-12-23,132.33,0.25,124,0.0629487,2024-12-25,128.179,F3_RS_FAILURE,試單後相對大盤落後 ≤ -4%（RS 失敗）,Disc=0.96 10D超額=+10.3% 產業超額=+11.0% outperf10=70% RSaccel=+0.0187 觸發=indep regime=MARKET_SIDEWAYS,-0.0357999,-0.00894996,-0.0402781,0,3,0.961022,0.801878,0.102918,0.109561,0.7,0.0186799,2,0.0235454,0.0263444,MARKET_SIDEWAYS
5227,立凱-KY,電子零組件業,DISCOVERY,2023-05-12,2023-05-15,77.4932,0.25,72.1,0.0695964,2023-05-18,75.1118,F3_RS_FAILURE,試單後相對大盤落後 ≤ -4%（RS 失敗）,Disc=0.95 10D超額=+12.0% 產業超額=+12.7% outperf10=50% RSaccel=+0.0126 觸發=indep regime=MARKET_SIDEWAYS,-0.0351626,-0.00879064,-0.0360451,0.0426715,4,0.953765,0.850506,0.120008,0.127258,0.5,0.0126361,1,0.0930036,0.0291039,MARKET_SIDEWAYS
5234,達興材料,電子工業,DISCOVERY,2024-08-30,2024-09-02,176.941,0.25,162.5,0.0816161,2024-09-04,162.094,F1_PROBE_LOW,跌破 Probe Low（盤中停損）,Disc=0.98 10D超額=+20.1% 產業超額=+15.9% outperf10=60% RSaccel=+0.0144 觸發=indep regime=MARKET_SIDEWAYS,-0.0882232,-0.0220558,-0.0166228,0.0370674,3,0.977833,0.860084,0.200914,0.159314,0.6,0.0144324,2,0.218837,0.0466721,MARKET_SIDEWAYS
5236,凌陽創新,半導體業,DISCOVERY,2023-08-21,2023-08-22,134.836,0.25,121,0.102615,2023-08-23,129.176,F3_RS_FAILURE,試單後相對大盤落後 ≤ -4%（RS 失敗）,Disc=0.95 10D超額=+7.6% 產業超額=+10.0% outperf10=70% RSaccel=+0.0092 觸發=indep regime=MARKET_DOWN,-0.0463824,-0.0115956,-0.0469922,0.012339,2,0.952703,0.823741,0.0758387,0.0998232,0.7,0.00920409,2,0.0742107,0.0558888,MARKET_DOWN
5236,凌陽創新,半導體業,DISCOVERY,2024-06-07,2024-06-11,188.971,0.25,174,0.079225,2024-06-14,180.049,F2_STRUCTURE,收盤跌破 MA10 且低於成本（短結構失敗）,Disc=0.96 10D超額=+18.4% 產業超額=+15.2% outperf10=60% RSaccel=-0.0246 觸發=indep regime=MARKET_UP,-0.0516099,-0.0129025,-0.052766,0.0160276,4,0.962222,0.731243,0.183864,0.151876,0.6,-0.0245844,2,0.12896,0.0600304,MARKET_UP
5243,乙盛-KY,電子工業,STRICT_OOS,2025-09-25,2025-09-26,79.2977,0.25,73.7,0.0705915,2025-09-26,73.5158,F1_PROBE_LOW,跌破 Probe Low（盤中停損）,Disc=0.95 10D超額=+6.5% 產業超額=+7.2% outperf10=50% RSaccel=+0.0219 觸發=indep regime=MARKET_UP,-0.0772509,-0.0193127,,,1,0.953488,0.783996,0.0645896,0.0718354,0.5,0.0218545,1,0.0674473,0.0361248,MARKET_UP
5258,虹堡,電子工業,DISCOVERY,2023-03-02,2023-03-03,97.2425,0.25,90.5,0.069337,2023-03-10,94.8623,F4_TIME_5D,時間停損：_5日內未上漲,Disc=0.97 10D超額=+26.7% 產業超額=+23.0% outperf10=80% RSaccel=+0.0087 觸發=indep regime=MARKET_SIDEWAYS,-0.0289224,-0.0072306,-0.043628,0.0489241,6,0.973684,0.894136,0.26672,0.229669,0.8,0.00869399,2,0.158721,0.0462798,MARKET_SIDEWAYS
5258,虹堡,電子工業,STRICT_OOS,2025-07-11,2025-07-14,67.6688,0.25,64.2,0.0512608,2025-07-16,65.1368,F3_RS_FAILURE,試單後相對大盤落後 ≤ -4%（RS 失敗）,Disc=0.96 10D超額=+7.9% 產業超額=+8.9% outperf10=70% RSaccel=-0.0005 觸發=indep regime=MARKET_SIDEWAYS,-0.0418334,-0.0104583,-0.0438718,0.000461808,3,0.961844,0.780672,0.0791065,0.0892682,0.7,-0.000463971,1,0.0806065,0.0305972,MARKET_SIDEWAYS
5263,智崴,文化創意業,DISCOVERY,2024-10-17,2024-10-18,190.475,0.25,179,0.0602441,2024-10-28,188.029,F2_STRUCTURE,收盤跌破 MA10 且低於成本（短結構失敗）,Disc=0.95 10D超額=+0.9% 產業超額=+5.9% outperf10=40% RSaccel=+0.0242 觸發=indep regime=MARKET_UP,-0.017314,-0.0043285,-0.0497441,0.0657567,7,0.953923,0.699256,0.00900692,0.0593218,0.4,0.0241515,2,0.05509,0.0375744,MARKET_UP
5269,祥碩,半導體業,STRICT_OOS,2026-07-28,2026-07-29,1463.65,0.25,1340,0.0844806,2026-07-30,1336.65,F1_PROBE_LOW,跌破 Probe Low（盤中停損）,Disc=0.96 10D超額=+5.5% 產業超額=+14.3% outperf10=60% RSaccel=+0.0192 觸發=indep regime=MARKET_SIDEWAYS,-0.0910741,-0.0227685,-0.0639839,0.0145868,2,0.963743,0.808757,0.0545536,0.142922,0.6,0.0192314,1,0.0106895,0.044278,MARKET_SIDEWAYS
5272,笙科,半導體業,DISCOVERY,2023-03-14,2023-03-15,32.2805,0.25,30.85,0.0443146,2023-03-16,30.7729,F1_PROBE_LOW,跌破 Probe Low（盤中停損）,Disc=0.98 10D超額=+15.3% 產業超額=+13.8% outperf10=70% RSaccel=-0.0135 觸發=indep regime=MARKET_SIDEWAYS,-0.0510988,-0.0127747,-0.0350211,0,2,0.982019,0.785844,0.153132,0.138213,0.7,-0.0134981,2,0.0957016,0.0429021,MARKET_SIDEWAYS
5284,jpp-KY,其他,DISCOVERY,2023-01-04,2023-01-05,72.6812,0.25,66.5,0.085046,2023-01-09,69.2265,F3_RS_FAILURE,試單後相對大盤落後 ≤ -4%（RS 失敗）,Disc=0.97 10D超額=+10.7% 產業超額=+9.3% outperf10=60% RSaccel=+0.0022 觸發=indep regime=MARKET_SIDEWAYS,-0.0519259,-0.0129815,-0.0478975,0.0195202,3,0.966957,0.812833,0.107345,0.0925305,0.6,0.00224548,1,0.06501,0.0517857,MARKET_SIDEWAYS
5284,jpp-KY,其他,DISCOVERY,2024-06-27,2024-06-28,132.831,0.25,122,0.0815415,2024-07-05,131.67,F3_RS_FAILURE,試單後相對大盤落後 ≤ -4%（RS 失敗）,Disc=0.96 10D超額=+9.7% 產業超額=+11.0% outperf10=70% RSaccel=+0.0139 觸發=indep regime=MARKET_UP,-0.0132226,-0.00330566,-0.0250788,0.0200913,6,0.95614,0.883596,0.0973119,0.109881,0.7,0.0139328,2,0.0596293,0.0328626,MARKET_UP
5285,界霖,電子工業,STRICT_OOS,2026-05-18,2026-05-19,75.1875,0.25,71,0.0556941,2026-06-16,89.376,PROBE_MAX_LIFE,20 日內未確認,Disc=0.97 10D超額=+34.2% 產業超額=+28.8% outperf10=60% RSaccel=-0.0022 觸發=indep regime=MARKET_UP,0.183784,0.0459459,-0.0184539,0.324688,21,0.96544,0.83253,0.341773,0.287865,0.6,-0.0021932,3,0.244153,0.0432529,MARKET_UP
5299,杰力,半導體業,STRICT_OOS,2026-08-04,2026-08-05,110.776,0.25,99.4,0.102696,2026-08-06,104.737,F3_RS_FAILURE,試單後相對大盤落後 ≤ -4%（RS 失敗）,Disc=1.00 10D超額=+16.8% 產業超額=+18.2% outperf10=60% RSaccel=+0.0075 觸發=indep regime=MARKET_SIDEWAYS,-0.0588904,-0.0147226,-0.056657,0.011047,2,0.99878,0.751817,0.168223,0.182064,0.6,0.00748264,2,0.0580464,0.0596013,MARKET_SIDEWAYS
5328,華容,電子零組件業,STRICT_OOS,2025-11-21,2025-11-24,22.055,0.25,20.3,0.0795738,2025-11-25,20.2493,F1_PROBE_LOW,跌破 Probe Low（盤中停損）,Disc=0.96 10D超額=+20.4% 產業超額=+18.0% outperf10=60% RSaccel=+0.0091 觸發=indep regime=MARKET_SIDEWAYS,-0.0861906,-0.0215477,-0.0387667,0.0405804,2,0.959097,0.84713,0.203773,0.180042,0.6,0.00908806,2,0.0636685,0.0627757,MARKET_SIDEWAYS
5340,建榮,電子零組件業,DISCOVERY,2024-04-12,2024-04-15,60.8517,0.25,58,0.0468639,2024-04-16,57.855,F1_PROBE_LOW,跌破 Probe Low（盤中停損）,Disc=0.97 10D超額=+13.1% 產業超額=+12.9% outperf10=60% RSaccel=+0.0205 觸發=indep regime=MARKET_UP,-0.0536359,-0.013409,-0.0255005,0.00736626,2,0.971395,0.843219,0.130747,0.128999,0.6,0.0204755,3,0.116329,0.0387194,MARKET_UP
5347,世界,半導體業,DISCOVERY,2024-03-15,2024-03-18,84.21,0.25,81.2,0.035744,2024-04-17,83.391,F2_STRUCTURE,收盤跌破 MA10 且低於成本（短結構失敗）,Disc=0.98 10D超額=+11.6% 產業超額=+23.5% outperf10=40% RSaccel=+0.0260 觸發=indep regime=MARKET_UP,-0.0142038,-0.00355095,-0.0226814,0.0972569,21,0.976898,0.81136,0.116221,0.235225,0.4,0.0260023,1,0.115766,0.0256257,MARKET_UP
5351,鈺創,半導體業,DISCOVERY,2023-11-29,2023-11-30,53.8343,0.25,50.1,0.0693657,2023-12-05,51.1718,F2_STRUCTURE,收盤跌破 MA10 且低於成本（短結構失敗）,Disc=0.97 10D超額=+21.0% 產業超額=+11.9% outperf10=60% RSaccel=-0.0192 觸發=indep regime=MARKET_UP,-0.0538461,-0.0134615,-0.0563628,0.0160818,4,0.965714,0.667358,0.210003,0.11879,0.6,-0.0192262,4,0.156741,0.0496548,MARKET_UP
5432,新門,光電業,DISCOVERY,2023-08-11,2023-08-14,49.323,0.25,47.5,0.0369605,2023-08-18,48.0296,F2_STRUCTURE,收盤跌破 MA10 且低於成本（短結構失敗）,Disc=0.96 10D超額=+7.1% 產業超額=+8.6% outperf10=50% RSaccel=-0.0181 觸發=indep regime=MARKET_SIDEWAYS,-0.0306636,-0.00766589,-0.0247957,0.100906,5,0.957125,0.680922,0.071349,0.0864335,0.5,-0.0181202,1,0.140441,0.0909676,MARKET_SIDEWAYS
5432,新門,光電業,STRICT_OOS,2025-10-28,2025-10-29,145.864,0.25,136.5,0.0641952,2025-10-30,139.65,F3_RS_FAILURE,試單後相對大盤落後 ≤ -4%（RS 失敗）,Disc=0.96 10D超額=+6.7% 產業超額=+13.6% outperf10=60% RSaccel=+0.0067 觸發=indep regime=MARKET_UP,-0.0470038,-0.011751,-0.0402002,0.0249291,2,0.957476,0.850374,0.0671666,0.135649,0.6,0.00673077,2,0.121709,0.0456754,MARKET_UP
5432,新門,光電業,STRICT_OOS,2026-06-26,2026-06-29,165.412,0.25,153,0.0750396,2026-07-02,164.089,F3_RS_FAILURE,試單後相對大盤落後 ≤ -4%（RS 失敗）,Disc=0.97 10D超額=+14.0% 產業超額=+16.8% outperf10=40% RSaccel=+0.0183 觸發=indep regime=MARKET_SIDEWAYS,-0.0124847,-0.00312118,-0.0296985,0.0640066,4,0.966223,0.807084,0.140323,0.167737,0.4,0.0183091,2,0.142958,0.0512088,MARKET_SIDEWAYS
5439,高技,電子零組件業,DISCOVERY,2023-03-02,2023-03-03,65.0623,0.25,60.8,0.0655103,2023-03-16,63.5408,F2_STRUCTURE,收盤跌破 MA10 且低於成本（短結構失敗）,Disc=0.96 10D超額=+13.7% 產業超額=+10.4% outperf10=70% RSaccel=+0.0039 觸發=indep regime=MARKET_SIDEWAYS,-0.0278327,-0.00695817,-0.0194007,0.032857,10,0.960526,0.88765,0.137365,0.103627,0.7,0.00390483,3,0.107766,0.0273957,MARKET_SIDEWAYS
5439,高技,電子零組件業,DISCOVERY,2024-03-28,2024-03-29,125.312,0.25,119.5,0.046384,2024-04-08,121.196,F2_STRUCTURE,收盤跌破 MA10 且低於成本（短結構失敗）,Disc=0.95 10D超額=+10.0% 產業超額=+8.7% outperf10=60% RSaccel=-0.0069 觸發=indep regime=MARKET_UP,-0.037274,-0.00931849,-0.042394,0.0294264,5,0.951429,0.599823,0.0996682,0.0870635,0.6,-0.00686513,2,0.0732538,0.0459184,MARKET_UP
5439,高技,電子零組件業,STRICT_OOS,2025-05-08,2025-05-09,165.914,0.25,151,0.0898885,2025-06-09,207.979,PROBE_MAX_LIFE,20 日內未確認,Disc=0.95 10D超額=+19.2% 產業超額=+15.0% outperf10=80% RSaccel=+0.0103 觸發=indep regime=MARKET_UP,0.248465,0.0621162,-0.0416707,0.25065,21,0.950906,0.891549,0.191504,0.150497,0.8,0.0103074,1,0.129173,0.0614772,MARKET_UP
5457,宣德,電子零組件業,DISCOVERY,2024-11-13,2024-11-14,57.1425,0.25,55.2,0.033994,2024-11-14,55.062,F1_PROBE_LOW,跌破 Probe Low（盤中停損）,Disc=0.98 10D超額=+12.6% 產業超額=+14.9% outperf10=50% RSaccel=+0.0326 觸發=indep regime=MARKET_SIDEWAYS,-0.0408271,-0.0102068,,,1,0.975919,0.870953,0.126155,0.149076,0.5,0.0326196,1,0.0934249,0.02756,MARKET_SIDEWAYS
5469,瀚宇博,電子工業,DISCOVERY,2023-04-11,2023-04-12,39.0975,0.25,36,0.079225,2023-04-19,38.0546,F4_TIME_5D,時間停損：_5日內未上漲,Disc=0.95 10D超額=+9.9% 產業超額=+8.7% outperf10=70% RSaccel=+0.0191 觸發=indep regime=MARKET_SIDEWAYS,-0.0311137,-0.00777842,-0.0370228,0.00901592,6,0.951049,0.892714,0.0989803,0.0866755,0.7,0.0191097,2,0.100099,0.0173745,MARKET_SIDEWAYS
5483,中美晶,半導體業,DISCOVERY,2023-01-11,2023-01-12,159.398,0.25,149.478,0.0622292,2023-02-15,161.096,F3_RS_FAILURE,試單後相對大盤落後 ≤ -4%（RS 失敗）,Disc=0.98 10D超額=+9.6% 產業超額=+6.6% outperf10=70% RSaccel=+0.0141 觸發=indep regime=MARKET_SIDEWAYS,0.00613334,0.00153334,-0.0338619,0.0539689,17,0.978339,0.879333,0.0959131,0.0660947,0.7,0.0141056,1,0.0902954,0.0265369,MARKET_SIDEWAYS
5483,中美晶,半導體業,DISCOVERY,2023-12-15,2023-12-18,196.991,0.25,187,0.0507193,2023-12-29,194.513,F2_STRUCTURE,收盤跌破 MA10 且低於成本（短結構失敗）,Disc=0.96 10D超額=+5.7% 產業超額=+7.6% outperf10=50% RSaccel=+0.0047 觸發=indep regime=MARKET_UP,-0.0170547,-0.00426368,-0.0151847,0.0533463,10,0.96129,0.828151,0.0569548,0.0755733,0.5,0.00472315,3,0.079825,0.022604,MARKET_UP
5490,同亨,電腦及週邊設備業,STRICT_OOS,2025-07-08,2025-07-09,29.7241,0.25,28.1,0.05464,2025-07-10,28.6283,F3_RS_FAILURE,試單後相對大盤落後 ≤ -4%（RS 失敗）,Disc=0.97 10D超額=+9.6% 產業超額=+10.7% outperf10=50% RSaccel=+0.0202 觸發=indep regime=MARKET_SIDEWAYS,-0.0412852,-0.0103213,-0.0378186,0.0361953,2,0.970859,0.810745,0.0964836,0.106504,0.5,0.0201952,1,0.0934236,0.0414243,MARKET_SIDEWAYS
5508,永信建,建材營造,DISCOVERY,2024-03-19,2024-03-20,125.814,0.25,119,0.0541575,2024-03-27,125.685,F2_STRUCTURE,收盤跌破 MA10 且低於成本（短結構失敗）,Disc=0.98 10D超額=+14.4% 產業超額=+15.5% outperf10=80% RSaccel=+0.0001 觸發=indep regime=MARKET_UP,-0.00552104,-0.00138026,-0.0303127,0.0412216,6,0.982202,0.85827,0.143967,0.155002,0.8,0.00010348,2,0.144689,0.0288571,MARKET_UP
5511,德昌,建材營造,DISCOVERY,2023-05-23,2023-05-24,54.8367,0.25,52.2,0.0480836,2023-05-26,52.0695,F1_PROBE_LOW,跌破 Probe Low（盤中停損）,Disc=0.98 10D超額=+23.5% 產業超額=+25.5% outperf10=60% RSaccel=-0.0224 觸發=indep regime=MARKET_UP,-0.0548499,-0.0137125,-0.0225533,0.0084478,3,0.984786,0.794336,0.235099,0.254814,0.6,-0.022437,3,0.22809,0.0427273,MARKET_UP
5515,建國,建材營造,DISCOVERY,2024-03-15,2024-03-18,20.5011,0.25,19.15,0.0659049,2024-03-19,19.1021,F1_PROBE_LOW,跌破 Probe Low（盤中停損）,Disc=0.99 10D超額=+12.5% 產業超額=+13.6% outperf10=40% RSaccel=+0.0016 觸發=indep regime=MARKET_UP,-0.0725866,-0.0181467,-0.0341993,0.00238402,2,0.991199,0.812489,0.125347,0.136188,0.4,0.00159083,2,0.111412,0.0385017,MARKET_UP
5515,建國,建材營造,STRICT_OOS,2026-01-09,2026-01-12,40.4509,0.25,36.85,0.0890184,2026-01-13,36.6581,F1_PROBE_LOW,跌破 Probe Low（盤中停損）,Disc=0.97 10D超額=+6.3% 產業超額=+15.6% outperf10=50% RSaccel=+0.0137 觸發=indep regime=MARKET_UP,-0.0980509,-0.0245127,-0.0383397,0.00121444,2,0.968232,0.844778,0.0631159,0.156097,0.5,0.0136839,2,0.112276,0.0336504,MARKET_UP
5522,遠雄,建材營造,DISCOVERY,2023-10-18,2023-10-19,62.556,0.25,59.3,0.0520494,2023-10-20,59.1517,F1_PROBE_LOW,跌破 Probe Low（盤中停損）,Disc=0.96 10D超額=+7.6% 產業超額=+4.8% outperf10=70% RSaccel=+0.0187 觸發=indep regime=MARKET_SIDEWAYS,-0.0587968,-0.0146992,-0.0296694,0,2,0.960546,0.925728,0.0755233,0.0482878,0.7,0.0187103,2,0.0659378,0.0175137,MARKET_SIDEWAYS
5522,遠雄,建材營造,STRICT_OOS,2025-11-24,2025-11-25,58.4457,0.25,56.4,0.0350025,2025-12-02,58.3537,F2_STRUCTURE,收盤跌破 MA10 且低於成本（短結構失敗）,Disc=0.97 10D超額=+10.7% 產業超額=+9.9% outperf10=70% RSaccel=+0.0016 觸發=indep regime=MARKET_SIDEWAYS,-0.00607057,-0.00151764,-0.0247366,0.0419919,6,0.96615,0.840995,0.107064,0.0991232,0.7,0.00158885,3,0.0573087,0.0252389,MARKET_SIDEWAYS
5536,聖暉*,其他電子業,DISCOVERY,2023-10-16,2023-10-17,181.954,0.25,175,0.0382171,2023-10-19,174.563,F1_PROBE_LOW,跌破 Probe Low（盤中停損）,Disc=0.95 10D超額=+8.7% 產業超額=+8.4% outperf10=70% RSaccel=+0.0011 觸發=indep regime=MARKET_SIDEWAYS,-0.0450302,-0.0112575,-0.0354692,0.0167419,3,0.950995,0.901732,0.0867314,0.0844364,0.7,0.00106794,1,0.0978957,0.0236111,MARKET_SIDEWAYS
5536,聖暉*,其他電子業,DISCOVERY,2024-04-12,2024-04-15,228.57,0.25,213.5,0.0659317,2024-04-16,212.966,F1_PROBE_LOW,跌破 Probe Low（盤中停損）,Disc=0.96 10D超額=+10.9% 產業超額=+5.7% outperf10=80% RSaccel=+0.0188 觸發=indep regime=MARKET_UP,-0.0726132,-0.0181533,-0.0309314,0,2,0.958284,0.878707,0.109246,0.0571934,0.8,0.0187501,2,0.12925,0.0267081,MARKET_UP
5536,聖暉*,其他電子業,DISCOVERY,2024-12-19,2024-12-20,372.93,0.25,347,0.0695305,2024-12-30,367.08,F2_STRUCTURE,收盤跌破 MA10 且低於成本（短結構失敗）,Disc=0.95 10D超額=+13.7% 產業超額=+16.1% outperf10=50% RSaccel=+0.0021 觸發=indep regime=MARKET_SIDEWAYS,-0.0201513,-0.00503782,-0.0400343,0.0270024,7,0.953146,0.776056,0.136565,0.16064,0.5,0.00210843,1,0.0898577,0.0344995,MARKET_SIDEWAYS
5608,四維航,航運業,DISCOVERY,2024-09-27,2024-09-30,19.8495,0.25,18,0.0931762,2024-10-07,18.3041,F3_RS_FAILURE,試單後相對大盤落後 ≤ -4%（RS 失敗）,Disc=0.97 10D超額=+7.8% 產業超額=+4.6% outperf10=50% RSaccel=+0.0130 觸發=indep regime=MARKET_SIDEWAYS,-0.0821794,-0.0205449,-0.0805814,0,4,0.973485,0.782028,0.0775667,0.0463615,0.5,0.0129852,1,0.100839,0.0249169,MARKET_SIDEWAYS
5608,四維航,航運業,STRICT_OOS,2025-03-04,2025-03-05,22.055,0.25,20.55,0.0682385,2025-03-12,21.3465,F2_STRUCTURE,收盤跌破 MA10 且低於成本（短結構失敗）,Disc=0.98 10D超額=+18.3% 產業超額=+12.1% outperf10=40% RSaccel=-0.0076 觸發=indep regime=MARKET_SIDEWAYS,-0.036552,-0.00913799,-0.0614373,0.0133757,6,0.97712,0.671714,0.183006,0.120798,0.4,-0.00758708,2,0.181892,0.0516055,MARKET_SIDEWAYS
5864,致和證,金融保險,DISCOVERY,2024-05-02,2024-05-03,23.7091,0.25,21.65,0.0868495,2024-05-09,22.9425,F3_RS_FAILURE,試單後相對大盤落後 ≤ -4%（RS 失敗）,Disc=0.98 10D超額=+19.5% 產業超額=+14.1% outperf10=90% RSaccel=+0.0180 觸發=indep regime=MARKET_SIDEWAYS,-0.0367618,-0.00919046,-0.0446716,0.0333574,5,0.982599,0.933048,0.195478,0.141187,0.9,0.0179837,2,0.12494,0.0308511,MARKET_SIDEWAYS
5871,中租-KY,其他,STRICT_OOS,2025-01-02,2025-01-03,120.3,0.25,112,0.0689942,2025-01-07,117.206,F3_RS_FAILURE,試單後相對大盤落後 ≤ -4%（RS 失敗）,Disc=0.96 10D超額=+9.0% 產業超額=+5.8% outperf10=60% RSaccel=+0.0240 觸發=indep regime=MARKET_SIDEWAYS,-0.0301591,-0.00753977,-0.0482128,0.00166251,3,0.963365,0.771244,0.0904215,0.0581039,0.6,0.0239883,2,0.039017,0.0284529,MARKET_SIDEWAYS
5876,上海商銀,金融保險,STRICT_OOS,2025-01-15,2025-01-16,42.105,0.25,40.5,0.038119,2025-02-24,43.9898,PROBE_MAX_LIFE,20 日內未確認,Disc=0.96 10D超額=+8.2% 產業超額=+5.7% outperf10=70% RSaccel=+0.0118 觸發=indep regime=MARKET_SIDEWAYS,0.0401624,0.0100406,-0.0214939,0.0604441,21,0.958571,0.897873,0.0819407,0.0570672,0.7,0.0118209,1,0.0335058,0.0165163,MARKET_SIDEWAYS
5880,合庫金,金融保險,STRICT_OOS,2026-07-29,2026-07-30,26.1653,0.25,25.55,0.023514,2026-08-04,26.4337,F3_RS_FAILURE,試單後相對大盤落後 ≤ -4%（RS 失敗）,Disc=0.95 10D超額=+15.2% 產業超額=+5.8% outperf10=80% RSaccel=+0.0238 觸發=indep regime=MARKET_DOWN,0.00573864,0.00143466,-0.0139594,0.0567451,4,0.95338,0.932649,0.152141,0.0575266,0.8,0.0237996,2,0.0301954,0.0147783,MARKET_DOWN
5903,全家,貿易百貨,STRICT_OOS,2025-04-22,2025-04-23,206.515,0.25,201,0.0267051,2025-04-28,205.984,F3_RS_FAILURE,試單後相對大盤落後 ≤ -4%（RS 失敗）,Disc=0.95 10D超額=+5.5% 產業超額=+8.3% outperf10=60% RSaccel=+0.0059 觸發=indep regime=MARKET_SIDEWAYS,-0.00706667,-0.00176667,-0.0170206,0.00476963,4,0.951321,0.85886,0.0552334,0.0829659,0.6,0.00587315,3,0.0433897,0.0250871,MARKET_SIDEWAYS
5904,寶雅,貿易百貨,DISCOVERY,2024-06-07,2024-06-11,547.365,0.25,517,0.0554749,2024-06-14,520.695,F2_STRUCTURE,收盤跌破 MA10 且低於成本（短結構失敗）,Disc=0.98 10D超額=+12.5% 產業超額=+9.9% outperf10=80% RSaccel=+0.0049 觸發=indep regime=MARKET_UP,-0.0531147,-0.0132787,-0.0445133,0.0267372,4,0.981111,0.950589,0.124841,0.0986823,0.8,0.00492257,3,0.0861959,0.0210008,MARKET_UP
5904,寶雅,貿易百貨,STRICT_OOS,2025-05-05,2025-05-06,513.28,0.25,473.5,0.0775015,2025-05-13,502.74,F3_RS_FAILURE,試單後相對大盤落後 ≤ -4%（RS 失敗）,Disc=0.95 10D超額=+1.9% 產業超額=+7.2% outperf10=40% RSaccel=+0.0025 觸發=indep regime=MARKET_SIDEWAYS,-0.0249884,-0.0062471,-0.0258728,0.02673,6,0.954155,0.751594,0.019222,0.0724044,0.4,0.00248971,1,0.0803967,0.0249721,MARKET_SIDEWAYS
6005,群益證,金融保險,STRICT_OOS,2025-01-13,2025-01-14,27.8194,0.25,26.05,0.0636022,2025-01-16,26.4337,F2_STRUCTURE,收盤跌破 MA10 且低於成本（短結構失敗）,Disc=0.97 10D超額=+12.2% 產業超額=+10.3% outperf10=80% RSaccel=-0.0007 觸發=indep regime=MARKET_SIDEWAYS,-0.0541958,-0.013549,-0.0600076,0.0226686,3,0.969144,0.885384,0.121546,0.103453,0.8,-0.000681513,3,0.0866602,0.046979,MARKET_SIDEWAYS
6005,群益證,金融保險,STRICT_OOS,2025-04-21,2025-04-22,25.4134,0.25,24.45,0.0379082,2025-05-02,25.8353,F3_RS_FAILURE,試單後相對大盤落後 ≤ -4%（RS 失敗）,Disc=0.98 10D超額=+12.1% 產業超額=+8.1% outperf10=70% RSaccel=+0.0119 觸發=indep regime=MARKET_SIDEWAYS,0.0120631,0.00301579,-0.00839617,0.0683351,8,0.976616,0.81944,0.120538,0.080991,0.7,0.011907,2,0.0399518,0.0485383,MARKET_SIDEWAYS
6005,群益證,金融保險,STRICT_OOS,2026-07-27,2026-07-28,35.0875,0.25,34.25,0.0238689,2026-07-28,34.1644,F1_PROBE_LOW,跌破 Probe Low（盤中停損）,Disc=0.95 10D超額=+4.6% 產業超額=+0.8% outperf10=60% RSaccel=+0.0224 觸發=indep regime=MARKET_SIDEWAYS,-0.03075,-0.00768751,,,1,0.954598,0.699346,0.0455541,0.00776042,0.6,0.022353,1,-0.00419581,0.0342095,MARKET_SIDEWAYS
6016,康和證,金融保險,DISCOVERY,2023-06-14,2023-06-15,14.3357,0.25,13.35,0.0687617,2023-06-26,13.965,F4_TIME_5D,時間停損：_5日內未上漲,Disc=0.97 10D超額=+14.8% 產業超額=+16.1% outperf10=70% RSaccel=-0.0007 觸發=indep regime=MARKET_UP,-0.0303037,-0.00757592,-0.0373716,0.0114574,6,0.974747,0.929714,0.14774,0.160672,0.7,-0.00071526,2,0.155718,0.0263158,MARKET_UP
6122,擎邦,電機機械,DISCOVERY,2023-08-11,2023-08-14,45.6639,0.25,44.2,0.0320576,2023-08-14,44.0895,F1_PROBE_LOW,跌破 Probe Low（盤中停損）,Disc=0.99 10D超額=+16.4% 產業超額=+19.6% outperf10=80% RSaccel=+0.0195 觸發=indep regime=MARKET_SIDEWAYS,-0.0388998,-0.00972496,,,1,0.989912,0.844035,0.163981,0.196035,0.8,0.0194833,2,0.0875706,0.0386518,MARKET_SIDEWAYS
6122,擎邦,電機機械,DISCOVERY,2024-01-02,2024-01-03,63.6587,0.25,59.2,0.0700414,2024-01-10,61.5458,F2_STRUCTURE,收盤跌破 MA10 且低於成本（短結構失敗）,Disc=0.95 10D超額=+5.3% 產業超額=+5.7% outperf10=40% RSaccel=+0.0219 觸發=indep regime=MARKET_UP,-0.0376179,-0.00940448,-0.0449074,0.0524869,6,0.954856,0.685733,0.0534637,0.0574092,0.4,0.0218646,1,0.0460935,0.0320312,MARKET_UP
6125,廣運,光電業,DISCOVERY,2023-09-28,2023-10-02,65.363,0.25,60.5,0.0743999,2023-10-04,61.5458,F3_RS_FAILURE,試單後相對大盤落後 ≤ -4%（RS 失敗）,Disc=0.95 10D超額=+4.4% 產業超額=+3.3% outperf10=50% RSaccel=+0.0236 觸發=indep regime=MARKET_SIDEWAYS,-0.0627694,-0.0156923,-0.0438016,0.0189251,3,0.953704,0.642702,0.0444336,0.0334144,0.5,0.0236057,2,-0.0401435,0.0418336,MARKET_SIDEWAYS
6126,信音,電子零組件業,DISCOVERY,2024-10-21,2024-10-22,34.085,0.25,31.8,0.0670383,2024-10-29,32.9175,F2_STRUCTURE,收盤跌破 MA10 且低於成本（短結構失敗）,Disc=0.95 10D超額=+2.8% 產業超額=+4.3% outperf10=30% RSaccel=-0.0057 觸發=indep regime=MARKET_UP,-0.0386755,-0.00966888,-0.0376999,0.020977,6,0.952912,0.571871,0.0277428,0.0433614,0.3,-0.00567408,2,0.106294,0.0478955,MARKET_UP
6133,金橋,電子工業,STRICT_OOS,2025-12-04,2025-12-05,19.0976,0.25,18.25,0.0443838,2025-12-08,18.2044,F1_PROBE_LOW,跌破 Probe Low（盤中停損）,Disc=0.99 10D超額=+19.6% 產業超額=+18.5% outperf10=80% RSaccel=+0.0093 觸發=indep regime=MARKET_SIDEWAYS,-0.0511675,-0.0127919,-0.0260569,0.0393963,2,0.989899,0.9298,0.196057,0.185012,0.8,0.00925753,3,0.161054,0.0418073,MARKET_SIDEWAYS
6139,亞翔,其他電子業,DISCOVERY,2023-03-13,2023-03-14,47.1175,0.25,44.55,0.0544914,2023-03-16,45.3863,F2_STRUCTURE,收盤跌破 MA10 且低於成本（短結構失敗）,Disc=0.97 10D超額=+17.5% 產業超額=+15.1% outperf10=60% RSaccel=+0.0005 觸發=indep regime=MARKET_SIDEWAYS,-0.0411606,-0.0102901,-0.0332679,0.0144851,3,0.968144,0.819212,0.174802,0.150802,0.6,0.0004993,3,0.0973451,0.0317204,MARKET_SIDEWAYS
6139,亞翔,其他電子業,DISCOVERY,2023-04-06,2023-04-07,50.125,0.25,46.25,0.0773067,2023-04-11,48.1793,F3_RS_FAILURE,試單後相對大盤落後 ≤ -4%（RS 失敗）,Disc=0.96 10D超額=+8.0% 產業超額=+8.9% outperf10=60% RSaccel=+0.0164 觸發=indep regime=MARKET_SIDEWAYS,-0.0432306,-0.0108077,-0.048379,0.00548628,3,0.955983,0.852376,0.0803831,0.0886316,0.6,0.0163945,2,0.0767333,0.0340068,MARKET_SIDEWAYS
6139,亞翔,其他電子業,DISCOVERY,2023-12-28,2023-12-29,165.412,0.25,153.5,0.0720169,2024-01-08,163.59,F4_TIME_5D,時間停損：_5日內未上漲,Disc=0.96 10D超額=+1.7% 產業超額=+1.4% outperf10=40% RSaccel=-0.0011 觸發=indep regime=MARKET_UP,-0.0154931,-0.00387328,-0.0508577,0.0488929,6,0.962366,0.591475,0.0167749,0.0137874,0.4,-0.00110578,1,0.0829493,0.0499349,MARKET_UP
6139,亞翔,其他電子業,STRICT_OOS,2025-06-05,2025-06-06,269.673,0.25,252,0.0655332,2025-06-11,262.343,F3_RS_FAILURE,試單後相對大盤落後 ≤ -4%（RS 失敗）,Disc=0.98 10D超額=+12.2% 產業超額=+13.3% outperf10=70% RSaccel=+0.0102 觸發=indep regime=MARKET_UP,-0.03162,-0.00790499,-0.0544086,0.0531293,4,0.980539,0.928935,0.121641,0.132992,0.7,0.0101639,2,0.0856454,0.0332011,MARKET_UP
6139,亞翔,其他電子業,STRICT_OOS,2025-10-08,2025-10-09,407.015,0.25,376,0.0762011,2025-11-10,472.815,PROBE_MAX_LIFE,20 日內未確認,Disc=0.98 10D超額=+7.5% 產業超額=+12.4% outperf10=60% RSaccel=+0.0089 觸發=indep regime=MARKET_UP,0.156801,0.0392003,-0.0270629,0.213714,21,0.975806,0.883494,0.0752434,0.123558,0.6,0.00890032,1,0.0852396,0.0326223,MARKET_UP
6143,振曜,通信網路業,DISCOVERY,2024-01-26,2024-01-29,88.4205,0.25,84.8,0.0409464,2024-02-05,87.78,F2_STRUCTURE,收盤跌破 MA10 且低於成本（短結構失敗）,Disc=0.95 10D超額=+5.9% 產業超額=+7.9% outperf10=50% RSaccel=+0.0093 觸發=indep regime=MARKET_SIDEWAYS,-0.0117275,-0.00293188,-0.0104105,0.0483994,6,0.953488,0.763552,0.059263,0.0788245,0.5,0.0093404,2,0.0485345,0.0243452,MARKET_SIDEWAYS
6146,耕興,其他電子業,DISCOVERY,2023-08-18,2023-08-21,262.655,0.25,238.5,0.0919647,2023-08-22,248.876,F3_RS_FAILURE,試單後相對大盤落後 ≤ -4%（RS 失敗）,Disc=0.95 10D超額=+11.2% 產業超額=+11.2% outperf10=80% RSaccel=+0.0080 觸發=indep regime=MARKET_DOWN,-0.0568415,-0.0142104,-0.0557956,0,2,0.952381,0.900894,0.112196,0.111916,0.8,0.00804464,1,0.072139,0.023298,MARKET_DOWN
6146,耕興,其他電子業,STRICT_OOS,2025-05-19,2025-05-20,185.463,0.25,175,0.056413,2025-05-27,183.041,F2_STRUCTURE,收盤跌破 MA10 且低於成本（短結構失敗）,Disc=0.95 10D超額=+4.4% 產業超額=+3.8% outperf10=40% RSaccel=+0.0172 觸發=indep regime=MARKET_UP,-0.0175258,-0.00438146,-0.0240615,0.086473,6,0.952381,0.681682,0.0437321,0.0378354,0.4,0.0171795,2,0.0623557,0.0275621,MARKET_UP
6147,頎邦,半導體業,DISCOVERY,2024-03-13,2024-03-14,78.596,0.25,74.1,0.0572039,2024-03-21,78.603,F4_TIME_5D,時間停損：_5日內未上漲,Disc=0.96 10D超額=+4.5% 產業超額=+14.8% outperf10=80% RSaccel=+0.0097 觸發=indep regime=MARKET_UP,-0.00441115,-0.00110279,-0.0292127,0.0280421,6,0.963374,0.82436,0.044845,0.147543,0.8,0.00973544,1,0.0841224,0.0256781,MARKET_UP
6150,撼訊,電腦及週邊設備業,DISCOVERY,2023-10-17,2023-10-18,88.4205,0.25,83.8,0.052256,2023-10-19,84.588,F2_STRUCTURE,收盤跌破 MA10 且低於成本（短結構失敗）,Disc=0.95 10D超額=+7.7% 產業超額=+11.5% outperf10=60% RSaccel=-0.0107 觸發=indep regime=MARKET_SIDEWAYS,-0.0477465,-0.0119366,-0.0488631,0.0156016,2,0.951389,0.721628,0.0765158,0.114524,0.6,-0.0107077,1,0.0514408,0.039314,MARKET_SIDEWAYS
6156,松上,電子零組件業,DISCOVERY,2024-09-27,2024-09-30,31.4284,0.25,30.7,0.0231757,2024-10-04,30.6232,F1_PROBE_LOW,跌破 Probe Low（盤中停損）,Disc=0.97 10D超額=+4.0% 產業超額=+6.7% outperf10=30% RSaccel=+0.0062 觸發=indep regime=MARKET_SIDEWAYS,-0.0300601,-0.00751503,-0.0231757,0.0245519,3,0.967172,0.59148,0.0400049,0.0674085,0.3,0.00623232,1,0.0635646,0.0342634,MARKET_SIDEWAYS
6156,松上,電子零組件業,STRICT_OOS,2025-05-26,2025-05-27,29.674,0.25,27.75,0.0648379,2025-05-28,28.5285,F3_RS_FAILURE,試單後相對大盤落後 ≤ -4%（RS 失敗）,Disc=0.98 10D超額=+11.6% 產業超額=+10.0% outperf10=70% RSaccel=+0.0196 觸發=indep regime=MARKET_UP,-0.043016,-0.010754,-0.056413,0,2,0.975255,0.925584,0.116492,0.0995818,0.7,0.0195588,3,0.0954357,0.0334295,MARKET_UP
6158,禾昌,電子零組件業,DISCOVERY,2023-09-27,2023-09-28,39.5987,0.25,36.2,0.0858297,2023-10-02,37.4561,F3_RS_FAILURE,試單後相對大盤落後 ≤ -4%（RS 失敗）,Disc=0.98 10D超額=+8.2% 產業超額=+5.8% outperf10=80% RSaccel=+0.0144 觸發=indep regime=MARKET_SIDEWAYS,-0.0584867,-0.0146217,-0.0593137,0,2,0.981567,0.861836,0.0815398,0.0576798,0.8,0.0144359,2,0.0619469,0.047433,MARKET_SIDEWAYS
6165,浪凡,電子零組件業,STRICT_OOS,2025-03-24,2025-03-25,49.9746,0.25,46.25,0.0745304,2025-03-31,46.1344,F1_PROBE_LOW,跌破 Probe Low（盤中停損）,Disc=0.99 10D超額=+13.0% 產業超額=+11.0% outperf10=70% RSaccel=+0.0262 觸發=indep regime=MARKET_DOWN,-0.0811711,-0.0202928,-0.0575217,0.0065108,5,0.990704,0.894369,0.129662,0.110092,0.7,0.0262121,2,0.112041,0.0338874,MARKET_DOWN
6165,浪凡,電子零組件業,STRICT_OOS,2025-06-19,2025-06-20,64.16,0.25,58.8,0.0835411,2025-06-20,58.653,F1_PROBE_LOW,跌破 Probe Low（盤中停損）,Disc=0.97 10D超額=+7.1% 產業超額=+8.0% outperf10=80% RSaccel=+0.0159 觸發=indep regime=MARKET_SIDEWAYS,-0.0901391,-0.0225348,,,1,0.969789,0.823134,0.0714727,0.0795071,0.8,0.0158651,2,0.0693272,0.0358852,MARKET_SIDEWAYS
6166,凌華,電子工業,DISCOVERY,2023-05-31,2023-06-01,71.378,0.25,67.2,0.0585334,2023-06-02,68.4285,F3_RS_FAILURE,試單後相對大盤落後 ≤ -4%（RS 失敗）,Disc=0.96 10D超額=+12.9% 產業超額=+11.3% outperf10=70% RSaccel=+0.0325 觸發=indep regime=MARKET_UP,-0.0457293,-0.0114323,-0.0529295,0,2,0.962861,0.900028,0.128641,0.11299,0.7,0.0324807,1,0.146919,0.027163,MARKET_UP
6166,凌華,電子工業,STRICT_OOS,2025-03-28,2025-03-31,87.418,0.25,86,0.0162209,2025-03-31,85.785,F1_PROBE_LOW,跌破 Probe Low（盤中停損）,Disc=0.99 10D超額=+14.4% 產業超額=+17.0% outperf10=80% RSaccel=+0.0044 觸發=indep regime=MARKET_DOWN,-0.0231384,-0.0057846,,,1,0.989333,0.869208,0.144442,0.170269,0.8,0.00438135,2,0.0813409,0.0465873,MARKET_DOWN
6168,宏齊,電子工業,DISCOVERY,2023-03-27,2023-03-28,26.3657,0.25,24,0.0897282,2023-04-07,26.1844,F4_TIME_5D,時間停損：_5日內未上漲,Disc=0.98 10D超額=+14.8% 產業超額=+13.0% outperf10=80% RSaccel=+0.0104 觸發=indep regime=MARKET_SIDEWAYS,-0.0113637,-0.00284093,-0.065075,0.0430198,6,0.981004,0.941765,0.147818,0.129646,0.8,0.0103538,2,0.135487,0.029681,MARKET_SIDEWAYS
6170,統振,通信網路業,DISCOVERY,2023-08-02,2023-08-04,48.521,0.25,46,0.0519569,2023-08-08,45.885,F1_PROBE_LOW,跌破 Probe Low（盤中停損）,Disc=0.99 10D超額=+18.9% 產業超額=+20.2% outperf10=60% RSaccel=+0.0085 觸發=indep regime=MARKET_SIDEWAYS,-0.0587048,-0.0146762,-0.047835,0.0325426,3,0.993939,0.902385,0.189196,0.20175,0.6,0.00845278,3,0.117789,0.0410591,MARKET_SIDEWAYS
6173,信昌電,電子零組件業,STRICT_OOS,2025-09-17,2025-09-18,43.1075,0.25,39.6,0.0813664,2025-10-21,62.4435,PROBE_MAX_LIFE,20 日內未確認,Disc=0.95 10D超額=+2.1% 產業超額=+8.7% outperf10=30% RSaccel=+0.0132 觸發=indep regime=MARKET_UP,0.443044,0.110761,-0.00713333,0.38259,21,0.951838,0.758612,0.0211173,0.0867232,0.3,0.0131752,1,0.0628798,0.0315886,MARKET_UP
6176,瑞儀,電子工業,DISCOVERY,2024-01-03,2024-01-04,138.846,0.25,131.5,0.0529092,2024-01-09,131.171,F1_PROBE_LOW,跌破 Probe Low（盤中停損）,Disc=0.96 10D超額=+5.8% 產業超額=+4.7% outperf10=60% RSaccel=+0.0228 觸發=indep regime=MARKET_SIDEWAYS,-0.0596526,-0.0149132,-0.0132971,0.00470845,4,0.964384,0.892523,0.057799,0.0470618,0.6,0.0228085,2,0.0426009,0.0215054,MARKET_SIDEWAYS
6176,瑞儀,電子工業,STRICT_OOS,2025-03-28,2025-03-31,185.462,0.25,181.5,0.0213655,2025-03-31,181.046,F1_PROBE_LOW,跌破 Probe Low（盤中停損）,Disc=0.96 10D超額=+2.7% 產業超額=+5.2% outperf10=60% RSaccel=+0.0172 觸發=indep regime=MARKET_DOWN,-0.0282585,-0.00706462,,,1,0.96,0.753721,0.027375,0.0524434,0.6,0.0171986,2,0.00239936,0.0163374,MARKET_DOWN
6177,達麗,建材營造,STRICT_OOS,2026-07-24,2026-07-27,48.7215,0.25,47.55,0.0240448,2026-07-28,47.4311,F1_PROBE_LOW,跌破 Probe Low（盤中停損）,Disc=0.97 10D超額=+10.9% 產業超額=+6.8% outperf10=80% RSaccel=-0.0067 觸發=indep regime=MARKET_SIDEWAYS,-0.0309252,-0.0077313,-0.0178874,0.00263744,2,0.969072,0.808019,0.109221,0.0684728,0.8,-0.00668325,2,0.0443106,0.0208916,MARKET_SIDEWAYS
6179,亞通,其他,DISCOVERY,2024-10-16,2024-10-17,35.1376,0.25,32.1,0.0864494,2024-10-21,34.8626,F3_RS_FAILURE,試單後相對大盤落後 ≤ -4%（RS 失敗）,Disc=0.98 10D超額=+13.8% 產業超額=+16.4% outperf10=50% RSaccel=+0.0193 觸發=indep regime=MARKET_UP,-0.0123088,-0.00307719,-0.0409141,0.00604409,3,0.975186,0.89355,0.138136,0.164279,0.5,0.019289,2,0.125737,0.0389424,MARKET_UP
6180,橘子,文化創意業,DISCOVERY,2024-11-14,2024-11-15,84.21,0.25,80.8,0.040494,2024-11-22,82.0943,F2_STRUCTURE,收盤跌破 MA10 且低於成本（短結構失敗）,Disc=0.96 10D超額=+6.9% 產業超額=+12.3% outperf10=60% RSaccel=+0.0136 觸發=indep regime=MARKET_SIDEWAYS,-0.0295682,-0.00739204,-0.0333689,0.0105688,6,0.96,0.915603,0.0692421,0.123149,0.6,0.0135916,2,0.0558733,0.0221088,MARKET_SIDEWAYS
6186,新潤,建材營造,DISCOVERY,2024-06-07,2024-06-11,101.754,0.25,94.9,0.0673562,2024-06-18,99.75,F4_TIME_5D,時間停損：_5日內未上漲,Disc=0.96 10D超額=+12.4% 產業超額=+2.3% outperf10=60% RSaccel=+0.0018 觸發=indep regime=MARKET_UP,-0.0241478,-0.00603696,-0.0447527,0.0613859,6,0.956667,0.832615,0.123799,0.0234497,0.6,0.00178764,2,0.0930736,0.0322489,MARKET_UP
6186,新潤,建材營造,STRICT_OOS,2025-08-14,2025-08-15,70.7765,0.25,64.9,0.083029,2025-08-22,68.8275,F4_TIME_5D,時間停損：_5日內未上漲,Disc=0.96 10D超額=+14.1% 產業超額=+16.6% outperf10=70% RSaccel=+0.0154 觸發=indep regime=MARKET_UP,-0.0319754,-0.00799386,-0.0575968,0.00174493,6,0.964789,0.843635,0.141023,0.165995,0.7,0.0153981,4,0.121435,0.0183673,MARKET_UP
6186,新潤,建材營造,STRICT_OOS,2025-09-15,2025-09-16,66.165,0.25,61.9,0.06446,2025-09-22,63.84,F2_STRUCTURE,收盤跌破 MA10 且低於成本（短結構失敗）,Disc=0.96 10D超額=+4.9% 產業超額=+3.9% outperf10=50% RSaccel=+0.0031 觸發=indep regime=MARKET_SIDEWAYS,-0.0395604,-0.00989009,-0.0463236,0.0473815,5,0.964286,0.795129,0.0491315,0.0388785,0.5,0.00307612,2,0.0717169,0.0313251,MARKET_SIDEWAYS
6187,萬潤,其他電子業,DISCOVERY,2023-12-28,2023-12-29,148.871,0.25,137.5,0.0763831,2024-01-02,141.645,F3_RS_FAILURE,試單後相對大盤落後 ≤ -4%（RS 失敗）,Disc=0.99 10D超額=+9.8% 產業超額=+9.8% outperf10=50% RSaccel=+0.0136 觸發=indep regime=MARKET_UP,-0.0529311,-0.0132328,-0.0595901,0.0176579,2,0.985215,0.82869,0.0977865,0.0983559,0.5,0.0136158,2,0.0981697,0.033189,MARKET_UP
6189,豐藝,電子工業,DISCOVERY,2023-08-11,2023-08-14,43.9095,0.25,42.181,0.0393645,2023-08-22,43.8401,F4_TIME_5D,時間停損：_5日內未上漲,Disc=0.95 10D超額=+8.4% 產業超額=+10.1% outperf10=90% RSaccel=+0.0076 觸發=indep regime=MARKET_SIDEWAYS,-0.0060764,-0.0015191,-0.0275453,0.02939,7,0.95082,0.961221,0.0835271,0.100655,0.9,0.0075525,1,0.0457432,0.0122333,MARKET_SIDEWAYS
6191,精成科,電子工業,DISCOVERY,2023-05-10,2023-05-11,37.4935,0.25,36.15,0.0358329,2023-06-08,41.895,PROBE_MAX_LIFE,20 日內未確認,Disc=0.95 10D超額=+12.5% 產業超額=+13.1% outperf10=60% RSaccel=-0.0047 觸發=indep regime=MARKET_SIDEWAYS,0.11263,0.0281574,-0.0198301,0.130863,21,0.951444,0.759296,0.125008,0.130851,0.6,-0.00473898,1,0.0876788,0.0277936,MARKET_SIDEWAYS
6191,精成科,電子工業,DISCOVERY,2023-08-21,2023-08-22,58.546,0.25,53.5,0.0861886,2023-08-25,55.6605,F3_RS_FAILURE,試單後相對大盤落後 ≤ -4%（RS 失敗）,Disc=0.98 10D超額=+17.6% 產業超額=+17.7% outperf10=100% RSaccel=+0.0117 觸發=indep regime=MARKET_DOWN,-0.0536751,-0.0134188,-0.0844806,0.019711,4,0.977027,0.954955,0.175645,0.177265,1,0.0117396,2,0.11517,0.0358374,MARKET_DOWN
6214,精誠,資訊服務業,DISCOVERY,2023-06-19,2023-06-20,116.791,0.25,108,0.0752732,2023-06-27,105.735,F3_RS_FAILURE,試單後相對大盤落後 ≤ -4%（RS 失敗）,Disc=0.96 10D超額=+11.4% 產業超額=+14.0% outperf10=70% RSaccel=+0.0254 觸發=indep regime=MARKET_UP,-0.0582648,-0.0145662,-0.0604628,0.011121,4,0.957447,0.903317,0.113547,0.14037,0.7,0.0254361,1,0.136033,0.0436508,MARKET_UP
6214,精誠,資訊服務業,DISCOVERY,2023-08-04,2023-08-07,116.791,0.25,110.5,0.0538675,2023-08-09,112.717,F2_STRUCTURE,收盤跌破 MA10 且低於成本（短結構失敗）,Disc=0.97 10D超額=+12.9% 產業超額=+7.4% outperf10=60% RSaccel=+0.0011 觸發=indep regime=MARKET_SIDEWAYS,-0.0393021,-0.00982553,-0.0367429,0,3,0.965728,0.737308,0.128761,0.0742732,0.6,0.00109181,2,0.0693708,0.0588054,MARKET_SIDEWAYS
6219,富旺,建材營造,DISCOVERY,2024-03-20,2024-03-21,35.8394,0.25,34.1,0.0485325,2024-03-25,34.7629,F3_RS_FAILURE,試單後相對大盤落後 ≤ -4%（RS 失敗）,Disc=0.96 10D超額=+2.1% 產業超額=+3.5% outperf10=40% RSaccel=+0.0121 觸發=indep regime=MARKET_UP,-0.0344692,-0.0086173,-0.0345814,0.00866714,3,0.957778,0.584569,0.0214592,0.0351639,0.4,0.0121306,3,0.0406551,0.0274572,MARKET_UP
6223,旺矽,半導體業,DISCOVERY,2023-05-30,2023-05-31,168.921,0.25,158.5,0.061693,2023-06-07,165.585,F4_TIME_5D,時間停損：_5日內未上漲,Disc=0.98 10D超額=+11.6% 產業超額=+9.8% outperf10=60% RSaccel=-0.0010 觸發=indep regime=MARKET_UP,-0.0242059,-0.00605147,-0.0439332,0.015266,6,0.976552,0.85346,0.11552,0.097996,0.6,-0.000998964,2,0.157311,0.0397776,MARKET_UP
6223,旺矽,半導體業,DISCOVERY,2024-01-15,2024-01-16,265.663,0.25,246.5,0.072131,2024-01-25,264.836,F4_TIME_5D,時間停損：_5日內未上漲,Disc=0.99 10D超額=+24.0% 產業超額=+21.9% outperf10=60% RSaccel=-0.0067 觸發=indep regime=MARKET_SIDEWAYS,-0.00760315,-0.00190079,-0.0420176,0.0389122,8,0.988201,0.789301,0.239806,0.218808,0.6,-0.00672804,4,0.159611,0.040566,MARKET_SIDEWAYS
6223,旺矽,半導體業,DISCOVERY,2024-07-15,2024-07-16,639.595,0.25,595,0.0697238,2024-07-17,613.463,F3_RS_FAILURE,試單後相對大盤落後 ≤ -4%（RS 失敗）,Disc=0.99 10D超額=+13.8% 產業超額=+15.9% outperf10=50% RSaccel=+0.0175 觸發=indep regime=MARKET_UP,-0.045266,-0.0113165,-0.0587794,0.0193951,2,0.98853,0.79003,0.137831,0.15895,0.5,0.0175451,2,0.158375,0.0481032,MARKET_UP
6223,旺矽,半導體業,DISCOVERY,2024-12-17,2024-12-18,902.25,0.25,848,0.0601275,2024-12-23,882.787,F2_STRUCTURE,收盤跌破 MA10 且低於成本（短結構失敗）,Disc=0.97 10D超額=+12.9% 產業超額=+12.8% outperf10=40% RSaccel=-0.0012 觸發=indep regime=MARKET_SIDEWAYS,-0.0260225,-0.00650563,-0.035744,0.0307564,4,0.973298,0.772024,0.128964,0.127676,0.4,-0.00116871,2,0.123278,0.0452981,MARKET_SIDEWAYS
6223,旺矽,半導體業,STRICT_OOS,2025-03-26,2025-03-27,737.84,0.25,717,0.0282446,2025-03-28,715.207,F1_PROBE_LOW,跌破 Probe Low（盤中停損）,Disc=0.95 10D超額=+7.5% 產業超額=+7.4% outperf10=70% RSaccel=+0.0129 觸發=indep regime=MARKET_SIDEWAYS,-0.035105,-0.00877626,-0.0146915,0.00834869,2,0.952191,0.763116,0.0751449,0.0743738,0.7,0.0129417,1,0.045377,0.0414025,MARKET_SIDEWAYS
6223,旺矽,半導體業,STRICT_OOS,2025-07-14,2025-07-15,1072.68,0.25,1015,0.0537675,2025-07-23,1057.35,F2_STRUCTURE,收盤跌破 MA10 且低於成本（短結構失敗）,Disc=0.95 10D超額=+12.3% 產業超額=+13.2% outperf10=60% RSaccel=-0.0059 觸發=indep regime=MARKET_SIDEWAYS,-0.0187546,-0.00468864,-0.0351225,0.0720861,7,0.954186,0.8148,0.122688,0.132419,0.6,-0.0059274,1,0.114108,0.0426555,MARKET_SIDEWAYS
6227,茂綸,電子通路業,STRICT_OOS,2026-07-27,2026-07-28,114.786,0.25,110,0.041697,2026-07-29,109.725,F1_PROBE_LOW,跌破 Probe Low（盤中停損）,Disc=0.98 10D超額=+6.0% 產業超額=+8.7% outperf10=60% RSaccel=+0.0277 觸發=indep regime=MARKET_SIDEWAYS,-0.0484935,-0.0121234,-0.0199175,0.0279977,2,0.984866,0.769601,0.0604118,0.0873916,0.6,0.0277202,3,0.00517687,0.043225,MARKET_SIDEWAYS
6230,尼得科超眾,電腦及週邊設備業,DISCOVERY,2024-01-05,2024-01-08,140.851,0.25,137,0.0273427,2024-01-08,136.657,F1_PROBE_LOW,跌破 Probe Low（盤中停損）,Disc=0.97 10D超額=+13.0% 產業超額=+14.3% outperf10=50% RSaccel=-0.0196 觸發=indep regime=MARKET_SIDEWAYS,-0.0342074,-0.00855184,,,1,0.972028,0.60969,0.129916,0.142512,0.5,-0.0195927,3,0.0751865,0.0373665,MARKET_SIDEWAYS
6231,系微,資訊服務業,DISCOVERY,2024-10-22,2024-10-23,594.482,0.25,554,0.068097,2024-10-25,552.615,F1_PROBE_LOW,跌破 Probe Low（盤中停損）,Disc=0.97 10D超額=+8.4% 產業超額=+10.8% outperf10=50% RSaccel=+0.0115 觸發=indep regime=MARKET_UP,-0.0747683,-0.0186921,-0.05464,0.00591691,3,0.972569,0.844555,0.0838411,0.107998,0.5,0.0114968,3,0.124286,0.0602041,MARKET_UP
6243,迅杰,半導體業,DISCOVERY,2023-06-29,2023-06-30,55.1375,0.25,51.5,0.0659714,2023-07-06,51.87,F2_STRUCTURE,收盤跌破 MA10 且低於成本（短結構失敗）,Disc=0.96 10D超額=+11.3% 產業超額=+12.1% outperf10=80% RSaccel=+0.0079 觸發=indep regime=MARKET_SIDEWAYS,-0.0636276,-0.0159069,-0.0605305,0.0464747,5,0.955224,0.834881,0.112513,0.12074,0.8,0.00792365,2,0.0896126,0.0474721,MARKET_SIDEWAYS
6243,迅杰,半導體業,DISCOVERY,2023-10-30,2023-10-31,52.2302,0.25,48.7,0.0675901,2023-11-01,50.0745,F2_STRUCTURE,收盤跌破 MA10 且低於成本（短結構失敗）,Disc=0.96 10D超額=+19.1% 產業超額=+14.5% outperf10=60% RSaccel=+0.0017 觸發=indep regime=MARKET_SIDEWAYS,-0.0456811,-0.0114203,-0.0580171,0.00325003,2,0.955316,0.746724,0.190536,0.144926,0.6,0.00171995,2,0.0928733,0.0610776,MARKET_SIDEWAYS
6244,茂迪,光電業,STRICT_OOS,2025-03-14,2025-03-17,23.2079,0.25,21.55,0.0714358,2025-03-19,22.4936,F3_RS_FAILURE,試單後相對大盤落後 ≤ -4%（RS 失敗）,Disc=0.96 10D超額=+8.7% 產業超額=+7.9% outperf10=60% RSaccel=+0.0121 觸發=indep regime=MARKET_DOWN,-0.0352069,-0.00880173,-0.0348104,0,3,0.95894,0.844855,0.0874295,0.0788678,0.6,0.0121483,1,0.0519157,0.036484,MARKET_DOWN
6257,矽格,電子工業,STRICT_OOS,2025-03-04,2025-03-05,81.804,0.25,75.8,0.073395,2025-03-10,77.9047,F2_STRUCTURE,收盤跌破 MA10 且低於成本（短結構失敗）,Disc=0.98 10D超額=+13.5% 產業超額=+11.7% outperf10=70% RSaccel=+0.0160 觸發=indep regime=MARKET_SIDEWAYS,-0.0520585,-0.0130146,-0.0587257,0.00728571,4,0.979812,0.914984,0.134905,0.116762,0.7,0.0159803,3,0.0854458,0.027439,MARKET_SIDEWAYS
6257,矽格,電子工業,STRICT_OOS,2025-10-31,2025-11-03,108.771,0.25,96.7,0.110978,2025-11-05,99.75,F3_RS_FAILURE,試單後相對大盤落後 ≤ -4%（RS 失敗）,Disc=0.98 10D超額=+11.5% 產業超額=+11.6% outperf10=60% RSaccel=+0.0112 觸發=indep regime=MARKET_UP,-0.0872512,-0.0218128,-0.0484618,0.0618615,3,0.978142,0.858957,0.114693,0.116307,0.6,0.0112131,2,0.118365,0.0315789,MARKET_UP
6278,台表科,電子工業,DISCOVERY,2023-11-01,2023-11-02,94.4355,0.25,91.2,0.0342615,2023-11-06,92.568,F3_RS_FAILURE,試單後相對大盤落後 ≤ -4%（RS 失敗）,Disc=0.96 10D超額=+8.3% 產業超額=+7.3% outperf10=70% RSaccel=+0.0142 觸發=indep regime=MARKET_SIDEWAYS,-0.0242309,-0.00605773,-0.0226133,0,3,0.962791,0.855245,0.0830971,0.0727145,0.7,0.0142475,1,0.0394067,0.0198539,MARKET_SIDEWAYS
6278,台表科,電子工業,STRICT_OOS,2025-07-08,2025-07-09,112.781,0.25,107.5,0.0468274,2025-07-11,103.74,F2_STRUCTURE,收盤跌破 MA10 且低於成本（短結構失敗）,Disc=0.95 10D超額=+2.4% 產業超額=+4.2% outperf10=60% RSaccel=+0.0099 觸發=indep regime=MARKET_SIDEWAYS,-0.0383881,-0.00959703,-0.0408555,0.0241064,3,0.953221,0.722569,0.0244383,0.0415859,0.6,0.00991921,2,0.0244683,0.0283801,MARKET_SIDEWAYS
6282,康舒,電子工業,DISCOVERY,2023-04-24,2023-04-25,44.9621,0.25,42.05,0.0647684,2023-04-25,41.9449,F1_PROBE_LOW,跌破 Probe Low（盤中停損）,Disc=0.99 10D超額=+18.5% 產業超額=+18.8% outperf10=60% RSaccel=+0.0243 觸發=indep regime=MARKET_SIDEWAYS,-0.0714555,-0.0178639,,,1,0.986962,0.864186,0.185369,0.188133,0.6,0.024303,3,0.13928,0.0362637,MARKET_SIDEWAYS
6284,佳邦,電子零組件業,DISCOVERY,2023-11-07,2023-11-08,77.1925,0.25,70.9,0.081517,2023-11-10,72.219,F3_RS_FAILURE,試單後相對大盤落後 ≤ -4%（RS 失敗）,Disc=0.96 10D超額=+7.9% 產業超額=+7.6% outperf10=50% RSaccel=+0.0081 觸發=indep regime=MARKET_SIDEWAYS,-0.0687849,-0.0171962,-0.0607896,0.0337792,3,0.960692,0.782125,0.0794491,0.0761468,0.5,0.00805222,1,0.115736,0.0415108,MARKET_SIDEWAYS
6284,佳邦,電子零組件業,STRICT_OOS,2025-10-31,2025-11-03,88.4205,0.25,83.6,0.0545179,2025-11-07,83.391,F1_PROBE_LOW,跌破 Probe Low（盤中停損）,Disc=0.99 10D超額=+18.7% 產業超額=+16.2% outperf10=70% RSaccel=-0.0072 觸發=indep regime=MARKET_UP,-0.0612536,-0.0153134,-0.0409464,0.0122087,5,0.986339,0.82585,0.187447,0.161504,0.7,-0.00720147,2,0.133873,0.0401118,MARKET_UP
6285,啟碁,電子工業,DISCOVERY,2023-08-04,2023-08-07,120.3,0.25,111,0.0773067,2023-08-14,118.204,F4_TIME_5D,時間停損：_5日內未上漲,Disc=0.95 10D超額=+10.1% 產業超額=+10.1% outperf10=70% RSaccel=+0.0233 觸發=indep regime=MARKET_SIDEWAYS,-0.021886,-0.0054715,-0.0482128,0.0266002,6,0.95104,0.880545,0.101282,0.101467,0.7,0.0233011,1,0.0498893,0.0511501,MARKET_SIDEWAYS
6285,啟碁,電子工業,DISCOVERY,2023-09-19,2023-09-20,152.881,0.25,143.5,0.0613629,2023-09-21,143.141,F1_PROBE_LOW,跌破 Probe Low（盤中停損）,Disc=0.98 10D超額=+17.6% 產業超額=+17.4% outperf10=70% RSaccel=+0.0102 觸發=indep regime=MARKET_SIDEWAYS,-0.0680662,-0.0170165,-0.0417399,0.000776747,2,0.980183,0.95066,0.175915,0.173992,0.7,0.0101725,2,0.123473,0.0354824,MARKET_SIDEWAYS
6409,旭隼,電子工業,DISCOVERY,2024-03-14,2024-03-15,1759.39,0.25,1650,0.0621736,2024-03-20,1650.86,F2_STRUCTURE,收盤跌破 MA10 且低於成本（短結構失敗）,Disc=0.97 10D超額=+4.5% 產業超額=+11.5% outperf10=60% RSaccel=+0.0082 觸發=indep regime=MARKET_UP,-0.0660446,-0.0165112,-0.0394384,0.031609,4,0.96696,0.79398,0.0453705,0.114894,0.6,0.00822515,2,0.111989,0.033888,MARKET_UP
6409,旭隼,電子工業,STRICT_OOS,2025-10-17,2025-10-20,1097.74,0.25,996,0.0926792,2025-11-18,1117.2,PROBE_MAX_LIFE,20 日內未確認,Disc=0.97 10D超額=+12.7% 產業超額=+17.8% outperf10=50% RSaccel=+0.0072 觸發=indep regime=MARKET_UP,0.0131898,0.00329744,-0.0116034,0.16148,21,0.968961,0.890997,0.126655,0.178468,0.5,0.00718319,2,0.0957089,0.0403987,MARKET_UP
6412,群電,電子零組件業,DISCOVERY,2024-03-15,2024-03-18,188.47,0.25,166,0.119223,2024-03-19,180.049,F3_RS_FAILURE,試單後相對大盤落後 ≤ -4%（RS 失敗）,Disc=0.96 10D超額=+2.0% 產業超額=+9.8% outperf10=50% RSaccel=+0.0168 觸發=indep regime=MARKET_UP,-0.0490816,-0.0122704,-0.082082,0.0399533,2,0.958196,0.804221,0.0197455,0.0980065,0.5,0.0167679,2,0.0801026,0.0430966,MARKET_UP
6415,矽力*-KY,電子工業,STRICT_OOS,2025-03-19,2025-03-20,458.644,0.25,438,0.0450104,2025-03-21,436.905,F1_PROBE_LOW,跌破 Probe Low（盤中停損）,Disc=0.96 10D超額=+8.7% 產業超額=+9.0% outperf10=60% RSaccel=+0.0228 觸發=indep regime=MARKET_DOWN,-0.0517913,-0.0129478,-0.0319284,0.00186692,2,0.957839,0.794774,0.0872324,0.0901473,0.6,0.0227821,1,0.0326552,0.0397351,MARKET_DOWN
6438,迅得,其他電子業,DISCOVERY,2024-08-27,2024-08-28,128.32,0.25,116.5,0.0921135,2024-09-03,122.194,F3_RS_FAILURE,試單後相對大盤落後 ≤ -4%（RS 失敗）,Disc=0.97 10D超額=+16.5% 產業超額=+7.0% outperf10=90% RSaccel=+0.0202 觸發=indep regime=MARKET_SIDEWAYS,-0.0521345,-0.0130336,-0.0453554,0.00919576,5,0.967113,0.925745,0.165278,0.0702265,0.9,0.02015,2,0.117764,0.0328798,MARKET_SIDEWAYS
6438,迅得,其他電子業,DISCOVERY,2024-11-25,2024-11-26,234.585,0.25,216,0.079225,2024-11-27,215.46,F1_PROBE_LOW,跌破 Probe Low（盤中停損）,Disc=0.98 10D超額=+11.8% 產業超額=+11.4% outperf10=50% RSaccel=+0.0023 觸發=indep regime=MARKET_SIDEWAYS,-0.0858436,-0.0214609,-0.0515165,0,2,0.977922,0.695731,0.118162,0.11383,0.5,0.00232835,2,0.0939691,0.0608974,MARKET_SIDEWAYS
6442,光聖,電子工業,STRICT_OOS,2026-08-17,2026-08-18,1654.12,0.25,1530,0.0750397,2026-08-19,1476.3,F3_RS_FAILURE,試單後相對大盤落後 ≤ -4%（RS 失敗）,Disc=0.97 10D超額=+22.7% 產業超額=+19.0% outperf10=70% RSaccel=+0.0080 觸發=indep regime=MARKET_SIDEWAYS,-0.111762,-0.0279405,-0.0750397,0.0307564,2,0.968112,0.865807,0.226514,0.190392,0.7,0.00802376,2,0.196989,0.0725241,MARKET_SIDEWAYS
6443,元晶,光電業,DISCOVERY,2024-11-28,2024-11-29,19.9497,0.25,19.4,0.0275567,2024-12-06,19.95,F2_STRUCTURE,收盤跌破 MA10 且低於成本（短結構失敗）,Disc=0.97 10D超額=+10.5% 產業超額=+11.9% outperf10=60% RSaccel=+0.0204 觸發=indep regime=MARKET_SIDEWAYS,-0.0044875,-0.00112187,-0.0150253,0.0300881,6,0.972332,0.787872,0.105291,0.118711,0.6,0.0204372,2,-0.00336365,0.0308929,MARKET_SIDEWAYS
6443,元晶,光電業,STRICT_OOS,2025-07-22,2025-07-23,15.8896,0.25,15.6,0.0182273,2025-07-23,15.561,F1_PROBE_LOW,跌破 Probe Low（盤中停損）,Disc=0.96 10D超額=+4.8% 產業超額=+8.9% outperf10=50% RSaccel=+0.0089 觸發=indep regime=MARKET_SIDEWAYS,-0.0251352,-0.00628379,,,1,0.96118,0.8055,0.04768,0.0891398,0.5,0.00888996,2,0.0522928,0.0358235,MARKET_SIDEWAYS
6446,藥華藥,生技醫療業,STRICT_OOS,2026-08-14,2026-08-17,1508.76,0.25,1415,0.0621453,2026-08-17,1411.46,F1_PROBE_LOW,跌破 Probe Low（盤中停損）,Disc=0.97 10D超額=+35.3% 產業超額=+35.5% outperf10=60% RSaccel=+0.0060 觸發=indep regime=MARKET_SIDEWAYS,-0.0688448,-0.0172112,,,1,0.969543,0.851348,0.352681,0.355484,0.6,0.00596207,1,0.214083,0.0688095,MARKET_SIDEWAYS
6451,訊芯-KY,電子工業,DISCOVERY,2023-09-22,2023-09-25,144.861,0.25,133,0.0818801,2023-09-26,138.653,F3_RS_FAILURE,試單後相對大盤落後 ≤ -4%（RS 失敗）,Disc=1.00 10D超額=+35.8% 產業超額=+36.1% outperf10=60% RSaccel=-0.0181 觸發=indep regime=MARKET_SIDEWAYS,-0.0472635,-0.0118159,-0.0473643,0.0113125,2,1,0.78049,0.358154,0.360894,0.6,-0.0180853,3,0.259643,0.0570934,MARKET_SIDEWAYS
6451,訊芯-KY,電子工業,DISCOVERY,2023-11-24,2023-11-27,166.415,0.25,155,0.0685936,2023-11-28,157.106,F3_RS_FAILURE,試單後相對大盤落後 ≤ -4%（RS 失敗）,Disc=0.97 10D超額=+34.1% 產業超額=+31.1% outperf10=80% RSaccel=+0.0085 觸發=indep regime=MARKET_UP,-0.0603111,-0.0150778,-0.0685936,0.00952438,2,0.972892,0.872109,0.340868,0.311053,0.8,0.00850092,3,0.199483,0.0476923,MARKET_UP
6451,訊芯-KY,電子工業,DISCOVERY,2024-01-17,2024-01-18,188.47,0.25,180.5,0.0422879,2024-01-19,180.049,F1_PROBE_LOW,跌破 Probe Low（盤中停損）,Disc=1.00 10D超額=+36.1% 產業超額=+36.2% outperf10=80% RSaccel=+0.0017 觸發=indep regime=MARKET_SIDEWAYS,-0.0490816,-0.0122704,-0.0290232,0.0240357,2,0.997041,0.900156,0.360667,0.36183,0.8,0.00170358,4,0.213864,0.0531955,MARKET_SIDEWAYS
6472,保瑞,生技醫療業,DISCOVERY,2023-07-05,2023-07-06,855.133,0.25,771.625,0.0976546,2023-07-07,807.975,F3_RS_FAILURE,試單後相對大盤落後 ≤ -4%（RS 失敗）,Disc=0.95 10D超額=+20.3% 產業超額=+15.5% outperf10=70% RSaccel=+0.0136 觸發=indep regime=MARKET_SIDEWAYS,-0.0595223,-0.0148806,-0.0621336,0.00686151,2,0.95125,0.910489,0.202768,0.154882,0.7,0.0136229,2,0.133543,0.0314455,MARKET_SIDEWAYS
6485,點序,半導體業,DISCOVERY,2023-09-22,2023-09-25,110.275,0.25,101,0.0841079,2023-10-02,104.239,F2_STRUCTURE,收盤跌破 MA10 且低於成本（短結構失敗）,Disc=0.96 10D超額=+14.2% 產業超額=+13.6% outperf10=70% RSaccel=-0.0054 觸發=indep regime=MARKET_SIDEWAYS,-0.059115,-0.0147787,-0.0750397,0.0111086,5,0.960245,0.808484,0.141672,0.135886,0.7,-0.00538988,1,0.133306,0.0515329,MARKET_SIDEWAYS
6505,台塑化,油電燃氣業,STRICT_OOS,2025-02-25,2025-02-26,40.3005,0.25,38.2,0.052121,2025-03-03,38.5035,F2_STRUCTURE,收盤跌破 MA10 且低於成本（短結構失敗）,Disc=0.97 10D超額=+17.0% 產業超額=+17.0% outperf10=80% RSaccel=+0.0102 觸發=indep regime=MARKET_SIDEWAYS,-0.0489897,-0.0122474,-0.0446769,0.00246895,3,0.971114,0.883196,0.169911,0.169911,0.8,0.0102427,4,0.104965,0.0318736,MARKET_SIDEWAYS
6509,聚和,化學工業,DISCOVERY,2023-02-10,2023-02-13,47.1175,0.25,44.7,0.0513079,2023-02-20,45.9848,F4_TIME_5D,時間停損：_5日內未上漲,Disc=0.99 10D超額=+12.0% 產業超額=+14.1% outperf10=50% RSaccel=+0.0195 觸發=indep regime=MARKET_UP,-0.0284869,-0.00712171,-0.0300843,0,6,0.988034,0.815015,0.119589,0.141005,0.5,0.0194886,3,0.115396,0.0234043,MARKET_UP
6509,聚和,化學工業,DISCOVERY,2024-10-29,2024-10-30,45.1125,0.25,42.85,0.0501524,2024-11-07,44.8376,F4_TIME_5D,時間停損：_5日內未上漲,Disc=0.96 10D超額=+13.8% 產業超額=+14.1% outperf10=90% RSaccel=+0.0152 觸發=indep regime=MARKET_SIDEWAYS,-0.0105794,-0.00264485,-0.0246606,0.0174564,6,0.957553,0.976254,0.137884,0.140734,0.9,0.0152352,2,0.103685,0.0211905,MARKET_SIDEWAYS
6510,精測,半導體業,DISCOVERY,2024-10-04,2024-10-07,544.357,0.25,518,0.0484194,2024-10-25,532.665,F2_STRUCTURE,收盤跌破 MA10 且低於成本（短結構失敗）,Disc=0.95 10D超額=+6.1% 產業超額=+6.9% outperf10=50% RSaccel=+0.0002 觸發=indep regime=MARKET_SIDEWAYS,-0.0259311,-0.00648278,-0.0263751,0.0783355,14,0.951128,0.751353,0.0606694,0.0691859,0.5,0.000217531,1,0.076839,0.0370981,MARKET_SIDEWAYS
6510,精測,半導體業,DISCOVERY,2024-11-13,2024-11-14,735.835,0.25,684,0.0704438,2024-11-21,733.163,F4_TIME_5D,時間停損：_5日內未上漲,Disc=0.99 10D超額=+34.5% 產業超額=+34.5% outperf10=80% RSaccel=+0.0092 觸發=indep regime=MARKET_SIDEWAYS,-0.00812376,-0.00203094,-0.0364688,0.0301222,6,0.99493,0.961032,0.344759,0.344874,0.8,0.00918795,2,0.208728,0.0447645,MARKET_SIDEWAYS
6515,穎崴,半導體業,STRICT_OOS,2025-07-04,2025-07-07,1283.2,0.25,1245.67,0.0292465,2025-07-07,1242.56,F1_PROBE_LOW,跌破 Probe Low（盤中停損）,Disc=0.97 10D超額=+8.8% 產業超額=+6.5% outperf10=70% RSaccel=-0.0081 觸發=indep regime=MARKET_SIDEWAYS,-0.0361022,-0.00902554,,,1,0.969834,0.780865,0.0878783,0.0654312,0.7,-0.00814311,2,0.0670482,0.0391352,MARKET_SIDEWAYS
6515,穎崴,半導體業,STRICT_OOS,2026-02-11,2026-02-23,5202.98,0.25,4615,0.113007,2026-02-24,4738.12,F3_RS_FAILURE,試單後相對大盤落後 ≤ -4%（RS 失敗）,Disc=0.97 10D超額=+26.9% 產業超額=+29.8% outperf10=80% RSaccel=+0.0164 觸發=indep regime=MARKET_SIDEWAYS,-0.0936421,-0.0234105,-0.106281,0,2,0.974576,0.960495,0.269136,0.297827,0.8,0.0163719,3,0.213922,0.0518767,MARKET_SIDEWAYS
6526,達發,電子工業,DISCOVERY,2023-03-10,2023-03-13,622.252,0.25,598,0.0389742,2023-03-16,596.505,F1_PROBE_LOW,跌破 Probe Low（盤中停損）,Disc=0.95 10D超額=+10.9% 產業超額=+9.6% outperf10=70% RSaccel=+0.0074 觸發=indep regime=MARKET_SIDEWAYS,-0.0457836,-0.0114459,-0.034153,0.00763075,4,0.95098,0.904795,0.108691,0.0955244,0.7,0.00740552,2,0.0846813,0.0185692,MARKET_SIDEWAYS
6532,瑞耘,半導體業,DISCOVERY,2023-08-04,2023-08-07,62.6562,0.25,59.4,0.0519701,2023-08-10,61.3463,F2_STRUCTURE,收盤跌破 MA10 且低於成本（短結構失敗）,Disc=0.95 10D超額=+11.8% 產業超額=+12.9% outperf10=60% RSaccel=-0.0096 觸發=indep regime=MARKET_SIDEWAYS,-0.0253607,-0.00634017,-0.0264339,0.0374065,4,0.952264,0.658871,0.117844,0.129422,0.6,-0.00964413,1,0.0805266,0.0408002,MARKET_SIDEWAYS
6533,晶心科,半導體業,DISCOVERY,2024-10-04,2024-10-07,401,0.25,364.5,0.0910224,2024-10-18,400.995,F4_TIME_5D,時間停損：_5日內未上漲,Disc=0.98 10D超額=+12.8% 產業超額=+13.8% outperf10=60% RSaccel=+0.0225 觸發=indep regime=MARKET_SIDEWAYS,-0.00451244,-0.00112811,-0.0473815,0.0349127,9,0.981203,0.882784,0.128492,0.13803,0.6,0.0224905,2,0.116998,0.0356227,MARKET_SIDEWAYS
6538,倉和,電子零組件業,DISCOVERY,2023-11-10,2023-11-13,158.395,0.25,146,0.0782537,2023-11-15,154.613,F3_RS_FAILURE,試單後相對大盤落後 ≤ -4%（RS 失敗）,Disc=0.98 10D超額=+15.7% 產業超額=+15.3% outperf10=80% RSaccel=+0.0210 觸發=indep regime=MARKET_SIDEWAYS,-0.0283264,-0.00708161,-0.0466871,0.0101329,3,0.982143,0.937764,0.156872,0.153367,0.8,0.0210052,2,0.127779,0.0382326,MARKET_SIDEWAYS
6541,泰福-KY,生技醫療業,STRICT_OOS,2026-01-29,2026-01-30,55.4383,0.25,51.7,0.0674309,2026-02-02,51.7703,F3_RS_FAILURE,試單後相對大盤落後 ≤ -4%（RS 失敗）,Disc=0.97 10D超額=+1.5% 產業超額=+6.8% outperf10=50% RSaccel=+0.0143 觸發=indep regime=MARKET_UP,-0.0705148,-0.0176287,-0.056608,0.00652528,2,0.97482,0.75926,0.0150076,0.0677454,0.5,0.0143,1,0.0653938,0.0332181,MARKET_UP
6547,高端疫苗,生技醫療業,DISCOVERY,2023-03-15,2023-03-16,58.4457,0.25,56.6,0.0315805,2023-03-16,56.4585,F1_PROBE_LOW,跌破 Probe Low（盤中停損）,Disc=0.96 10D超額=+5.4% 產業超額=+6.6% outperf10=50% RSaccel=+0.0006 觸發=indep regime=MARKET_SIDEWAYS,-0.0384251,-0.00960627,,,1,0.958564,0.597213,0.0537303,0.0655126,0.5,0.000597013,2,-0.0196078,0.0433373,MARKET_SIDEWAYS
6547,高端疫苗,生技醫療業,DISCOVERY,2023-08-11,2023-08-14,64.2602,0.25,57.8,0.100533,2023-08-21,61.3462,F2_STRUCTURE,收盤跌破 MA10 且低於成本（短結構失敗）,Disc=0.98 10D超額=+10.0% 產業超額=+12.8% outperf10=50% RSaccel=+0.0146 觸發=indep regime=MARKET_SIDEWAYS,-0.0497448,-0.0124362,-0.0507351,0.013068,6,0.984868,0.8065,0.100077,0.127685,0.5,0.0146444,2,0.0550304,0.0278857,MARKET_SIDEWAYS
6550,北極星藥業-KY,生技醫療業,DISCOVERY,2024-03-28,2024-03-29,73.2827,0.25,68.2,0.0693581,2024-04-03,71.1217,F3_RS_FAILURE,試單後相對大盤落後 ≤ -4%（RS 失敗）,Disc=0.97 10D超額=+12.7% 產業超額=+11.8% outperf10=70% RSaccel=+0.0207 觸發=indep regime=MARKET_UP,-0.0339222,-0.00848054,-0.0379728,0.0643705,4,0.968,0.861017,0.12676,0.118026,0.7,0.0206878,3,0.0865798,0.033089,MARKET_UP
6561,是方,通信網路業,DISCOVERY,2023-08-11,2023-08-14,409.521,0.25,396,0.0330172,2023-08-15,401.993,F2_STRUCTURE,收盤跌破 MA10 且低於成本（短結構失敗）,Disc=0.96 10D超額=+13.2% 產業超額=+19.4% outperf10=70% RSaccel=-0.0038 觸發=indep regime=MARKET_SIDEWAYS,-0.0228429,-0.00571073,-0.0232497,0.00971561,2,0.962169,0.847041,0.132326,0.193839,0.7,-0.00376496,2,0.0440227,0.0327855,MARKET_SIDEWAYS
6570,維田,電腦及週邊設備業,DISCOVERY,2024-07-17,2024-07-18,71.2777,0.25,65.6,0.0796567,2024-07-19,65.436,F1_PROBE_LOW,跌破 Probe Low（盤中停損）,Disc=0.97 10D超額=+28.4% 產業超額=+28.5% outperf10=70% RSaccel=+0.0061 觸發=indep regime=MARKET_SIDEWAYS,-0.0862732,-0.0215683,-0.0473886,0.0522218,2,0.968815,0.81192,0.284183,0.285026,0.7,0.00612981,1,0.229757,0.0457746,MARKET_SIDEWAYS
6579,研揚,電腦及週邊設備業,DISCOVERY,2024-01-10,2024-01-11,165.914,0.25,157,0.0537252,2024-01-15,158.104,F2_STRUCTURE,收盤跌破 MA10 且低於成本（短結構失敗）,Disc=0.98 10D超額=+15.4% 產業超額=+17.0% outperf10=60% RSaccel=+0.0044 觸發=indep regime=MARKET_SIDEWAYS,-0.0514667,-0.0128667,-0.0507116,0.00353346,3,0.980254,0.914622,0.153574,0.170378,0.6,0.004444,3,0.0938533,0.0343116,MARKET_SIDEWAYS
6579,研揚,電腦及週邊設備業,DISCOVERY,2024-03-20,2024-03-21,169.423,0.25,158,0.0674202,2024-03-25,166.084,F3_RS_FAILURE,試單後相對大盤落後 ≤ -4%（RS 失敗）,Disc=0.96 10D超額=+2.9% 產業超額=+7.9% outperf10=60% RSaccel=+0.0160 觸發=indep regime=MARKET_UP,-0.0241623,-0.00604058,-0.0290546,0.000457436,3,0.96,0.70012,0.0289979,0.0790311,0.6,0.0160442,2,0.0394043,0.0360341,MARKET_UP
6585,鼎基,其他,DISCOVERY,2023-12-29,2024-01-02,136.34,0.25,126,0.0758398,2024-01-09,134.663,F4_TIME_5D,時間停損：_5日內未上漲,Disc=0.95 10D超額=+13.8% 產業超額=+16.4% outperf10=70% RSaccel=+0.0068 觸發=indep regime=MARKET_UP,-0.0167761,-0.00419403,-0.053836,0.01951,6,0.950202,0.812907,0.138005,0.164415,0.7,0.00680855,2,0.07171,0.0388655,MARKET_UP
6585,鼎基,其他,STRICT_OOS,2025-02-12,2025-02-13,189.974,0.25,181.5,0.0446049,2025-02-14,181.046,F1_PROBE_LOW,跌破 Probe Low（盤中停損）,Disc=0.98 10D超額=+26.7% 產業超額=+26.8% outperf10=80% RSaccel=+0.0027 觸發=indep regime=MARKET_SIDEWAYS,-0.0513876,-0.0128469,-0.0340771,0.008034,2,0.984195,0.909363,0.267226,0.268475,0.8,0.00268971,2,0.179914,0.038232,MARKET_SIDEWAYS
6589,台康生技,生技醫療業,STRICT_OOS,2025-01-13,2025-01-14,78.6962,0.25,73.6,0.0647585,2025-01-22,76.3088,F2_STRUCTURE,收盤跌破 MA10 且低於成本（短結構失敗）,Disc=0.97 10D超額=+13.3% 產業超額=+6.8% outperf10=90% RSaccel=+0.0215 觸發=indep regime=MARKET_SIDEWAYS,-0.0347699,-0.00869248,-0.0304494,0.0368982,7,0.97195,0.930667,0.132558,0.0679774,0.9,0.0214572,2,0.0648623,0.019989,MARKET_SIDEWAYS
6596,寬宏藝術,文化創意業,DISCOVERY,2024-03-22,2024-03-25,81.2025,0.25,74.5,0.0825406,2024-04-01,72.7178,F3_RS_FAILURE,試單後相對大盤落後 ≤ -4%（RS 失敗）,Disc=0.98 10D超額=+29.3% 產業超額=+32.9% outperf10=90% RSaccel=-0.0074 觸發=indep regime=MARKET_UP,-0.0442369,-0.0110592,-0.0542163,0.0219984,6,0.976351,0.84982,0.29313,0.328895,0.9,-0.00738908,2,0.252384,0.0420595,MARKET_UP
6596,寬宏藝術,文化創意業,STRICT_OOS,2025-01-02,2025-01-03,94.0345,0.25,88.5,0.0588561,2025-01-03,88.2787,F1_PROBE_LOW,跌破 Probe Low（盤中停損）,Disc=0.98 10D超額=+17.1% 產業超額=+17.1% outperf10=80% RSaccel=+0.0031 觸發=indep regime=MARKET_SIDEWAYS,-0.0655712,-0.0163928,,,1,0.979647,0.915376,0.171199,0.171199,0.8,0.00312162,2,0.15448,0.0404384,MARKET_SIDEWAYS
6596,寬宏藝術,文化創意業,STRICT_OOS,2025-06-12,2025-06-13,145.363,0.25,135.5,0.0678476,2025-06-27,144.638,F2_STRUCTURE,收盤跌破 MA10 且低於成本（短結構失敗）,Disc=0.96 10D超額=+7.5% 產業超額=+13.2% outperf10=60% RSaccel=+0.0116 觸發=indep regime=MARKET_SIDEWAYS,-0.00947631,-0.00236908,-0.0437699,0.0559807,11,0.955157,0.833069,0.0752253,0.132233,0.6,0.0116344,1,0.118988,0.053816,MARKET_SIDEWAYS
6603,富強鑫,電機機械,STRICT_OOS,2026-07-28,2026-07-29,25.5136,0.25,23.7,0.0710846,2026-08-07,25.6856,F3_RS_FAILURE,試單後相對大盤落後 ≤ -4%（RS 失敗）,Disc=0.99 10D超額=+11.1% 產業超額=+16.2% outperf10=50% RSaccel=+0.0325 觸發=indep regime=MARKET_SIDEWAYS,0.00222632,0.000556579,-0.0358093,0.0660971,8,0.990643,0.839381,0.110716,0.162373,0.5,0.0324798,2,0.025025,0.0449219,MARKET_SIDEWAYS
6609,瀧澤科,電機機械,DISCOVERY,2023-01-17,2023-01-30,41.1025,0.25,37.85,0.0791315,2023-02-06,39.501,F2_STRUCTURE,收盤跌破 MA10 且低於成本（短結構失敗）,Disc=0.97 10D超額=+9.8% 產業超額=+12.3% outperf10=40% RSaccel=-0.0007 觸發=indep regime=MARKET_SIDEWAYS,-0.0433759,-0.010844,-0.0365549,0.0583298,6,0.974237,0.798389,0.0976404,0.122968,0.4,-0.000650465,1,0.131814,0.0417031,MARKET_SIDEWAYS
6609,瀧澤科,電機機械,DISCOVERY,2024-09-02,2024-09-03,77.1925,0.25,72.2,0.0646759,2024-09-04,68.5283,F1_PROBE_LOW,跌破 Probe Low（盤中停損）,Disc=0.99 10D超額=+30.1% 產業超額=+25.9% outperf10=90% RSaccel=-0.0193 觸發=indep regime=MARKET_UP,-0.11649,-0.0291224,-0.0517213,0.0298928,2,0.988636,0.832181,0.300804,0.259451,0.9,-0.0192598,3,0.271091,0.0638528,MARKET_UP
6613,朋億*,其他電子業,STRICT_OOS,2026-02-02,2026-02-03,214.535,0.25,193,0.10038,2026-02-04,195.011,F3_RS_FAILURE,試單後相對大盤落後 ≤ -4%（RS 失敗）,Disc=0.95 10D超額=-0.1% 產業超額=+6.4% outperf10=20% RSaccel=+0.0098 觸發=indep regime=MARKET_UP,-0.0953002,-0.0238251,-0.0840655,0.00682872,2,0.950957,0.648653,-0.00094677,0.0640372,0.2,0.00984587,1,0.0246389,0.0325475,MARKET_UP
6625,必應,其他,STRICT_OOS,2025-05-15,2025-05-16,89.022,0.25,84.1,0.0552897,2025-05-23,87.381,F4_TIME_5D,時間停損：_5日內未上漲,Disc=0.97 10D超額=+18.2% 產業超額=+22.5% outperf10=60% RSaccel=+0.0119 觸發=indep regime=MARKET_UP,-0.0228922,-0.00572304,-0.0463032,0.00873941,6,0.971256,0.9404,0.182119,0.225451,0.6,0.01186,1,0.202193,0.0379665,MARKET_UP
6664,群翊,電子零組件業,DISCOVERY,2023-04-06,2023-04-07,118.796,0.25,113,0.0487915,2023-04-14,116.708,F2_STRUCTURE,收盤跌破 MA10 且低於成本（短結構失敗）,Disc=0.96 10D超額=+12.5% 產業超額=+11.4% outperf10=70% RSaccel=+0.0123 觸發=indep regime=MARKET_SIDEWAYS,-0.0220431,-0.00551077,-0.0277471,0.0395951,6,0.964237,0.916843,0.125142,0.113972,0.7,0.0123219,1,0.109551,0.0247137,MARKET_SIDEWAYS
6668,中揚光,電子工業,DISCOVERY,2024-01-03,2024-01-04,51.9295,0.25,49.65,0.043896,2024-01-08,49.5259,F1_PROBE_LOW,跌破 Probe Low（盤中停損）,Disc=0.98 10D超額=+18.3% 產業超額=+17.3% outperf10=60% RSaccel=+0.0271 觸發=indep regime=MARKET_SIDEWAYS,-0.0506821,-0.0126705,-0.0390818,0.0032833,3,0.975342,0.902582,0.182595,0.172691,0.6,0.0271274,1,0.122052,0.0537409,MARKET_SIDEWAYS
6668,中揚光,電子工業,STRICT_OOS,2025-06-05,2025-06-06,46.4659,0.25,44.35,0.0455361,2025-07-01,46.683,F2_STRUCTURE,收盤跌破 MA10 且低於成本（短結構失敗）,Disc=0.97 10D超額=+9.7% 產業超額=+11.2% outperf10=60% RSaccel=-0.0078 觸發=indep regime=MARKET_UP,0.00016227,4.05676e-05,-0.0347755,0.0997318,18,0.973054,0.8038,0.0965266,0.112275,0.6,-0.00779129,2,0.143738,0.0416859,MARKET_UP
6669,緯穎,電腦及週邊設備業,DISCOVERY,2024-11-13,2024-11-14,2205.5,0.25,2055,0.0682385,2024-11-19,2074.8,F2_STRUCTURE,收盤跌破 MA10 且低於成本（短結構失敗）,Disc=0.96 10D超額=+11.7% 產業超額=+9.1% outperf10=60% RSaccel=+0.0193 觸發=indep regime=MARKET_SIDEWAYS,-0.0636276,-0.0159069,-0.0637044,0.0473815,4,0.95564,0.911241,0.117478,0.0907973,0.6,0.0192689,1,0.0767296,0.0322096,MARKET_SIDEWAYS
6670,復盛應用,運動休閒,STRICT_OOS,2026-07-27,2026-07-28,273.683,0.25,260,0.0499941,2026-07-29,259.35,F1_PROBE_LOW,跌破 Probe Low（盤中停損）,Disc=0.97 10D超額=+9.1% 產業超額=+4.0% outperf10=70% RSaccel=+0.0098 觸發=indep regime=MARKET_SIDEWAYS,-0.0567512,-0.0141878,-0.02259,0.00481397,2,0.969732,0.85324,0.090505,0.0396068,0.7,0.00983988,2,0.049899,0.0223705,MARKET_SIDEWAYS
6670,復盛應用,運動休閒,STRICT_OOS,2026-08-31,2026-09-01,288.72,0.25,266.5,0.0769604,2026-09-02,275.809,F3_RS_FAILURE,試單後相對大盤落後 ≤ -4%（RS 失敗）,Disc=0.97 10D超額=+9.4% 產業超額=+9.4% outperf10=50% RSaccel=+0.0140 觸發=indep regime=MARKET_UP,-0.0491183,-0.0122796,-0.040593,0,2,0.968504,0.798939,0.0935124,0.0935244,0.5,0.014039,2,0.0784957,0.0216149,MARKET_UP
6672,騰輝電子-KY,電子零組件業,DISCOVERY,2023-05-24,2023-05-25,90.225,0.25,85.4,0.0534774,2023-06-02,90.0742,F4_TIME_5D,時間停損：_5日內未上漲,Disc=0.95 10D超額=+5.3% 產業超額=+6.3% outperf10=60% RSaccel=+0.0180 觸發=indep regime=MARKET_UP,-0.00616706,-0.00154176,-0.0246606,0.0229981,7,0.953846,0.801449,0.0533915,0.0628374,0.6,0.0180057,2,0.0800993,0.0255445,MARKET_UP
6683,雍智科技,半導體業,DISCOVERY,2023-05-30,2023-05-31,225.562,0.25,205.5,0.0889443,2023-06-05,212.468,F3_RS_FAILURE,試單後相對大盤落後 ≤ -4%（RS 失敗）,Disc=0.95 10D超額=+6.1% 產業超額=+4.2% outperf10=60% RSaccel=+0.0073 觸發=indep regime=MARKET_UP,-0.0624242,-0.0156061,-0.0556941,0.00858964,4,0.950345,0.843391,0.0609107,0.0421262,0.6,0.00726456,1,0.100406,0.0284727,MARKET_UP
6683,雍智科技,半導體業,DISCOVERY,2024-07-02,2024-07-03,456.137,0.25,410,0.101148,2024-07-04,429.922,F3_RS_FAILURE,試單後相對大盤落後 ≤ -4%（RS 失敗）,Disc=0.97 10D超額=+15.8% 產業超額=+16.1% outperf10=60% RSaccel=+0.0051 觸發=indep regime=MARKET_UP,-0.0618424,-0.0154606,-0.0682634,0.00298704,2,0.968508,0.836639,0.15804,0.161487,0.6,0.00507348,2,0.172441,0.0472713,MARKET_UP
6689,伊雲谷,其他電子業,DISCOVERY,2024-06-07,2024-06-11,104.761,0.25,94.9,0.0941307,2024-06-28,104.737,F2_STRUCTURE,收盤跌破 MA10 且低於成本（短結構失敗）,Disc=0.98 10D超額=+11.7% 產業超額=+10.2% outperf10=70% RSaccel=+0.0133 觸發=indep regime=MARKET_UP,-0.00472619,-0.00118155,-0.0454486,0.0786431,14,0.983333,0.84854,0.117232,0.102244,0.7,0.0133146,3,0.092545,0.0290616,MARKET_UP
6691,洋基工程,電子工業,DISCOVERY,2024-06-04,2024-06-05,410.524,0.25,385,0.0621736,2024-06-24,424.935,F3_RS_FAILURE,試單後相對大盤落後 ≤ -4%（RS 失敗）,Disc=0.96 10D超額=+7.9% 產業超額=+4.4% outperf10=50% RSaccel=+0.0243 觸發=indep regime=MARKET_SIDEWAYS,0.0305256,0.00763139,-0.0268529,0.0693657,13,0.962596,0.786853,0.0791238,0.0440923,0.5,0.024256,2,0.0757208,0.0194488,MARKET_SIDEWAYS
6691,洋基工程,電子工業,DISCOVERY,2024-12-17,2024-12-18,401,0.25,373,0.0698255,2024-12-25,390.023,F2_STRUCTURE,收盤跌破 MA10 且低於成本（短結構失敗）,Disc=0.95 10D超額=+24.7% 產業超額=+26.6% outperf10=80% RSaccel=-0.0093 觸發=indep regime=MARKET_SIDEWAYS,-0.0318137,-0.00795343,-0.0224439,0.0274314,6,0.951936,0.88412,0.246856,0.265901,0.8,-0.00934183,2,0.160124,0.0334058,MARKET_SIDEWAYS
6691,洋基工程,電子工業,STRICT_OOS,2025-06-23,2025-06-24,451.125,0.25,411.5,0.087836,2025-06-30,431.419,F2_STRUCTURE,收盤跌破 MA10 且低於成本（短結構失敗）,Disc=0.95 10D超額=+10.0% 產業超額=+10.3% outperf10=70% RSaccel=+0.0161 觸發=indep regime=MARKET_SIDEWAYS,-0.0480842,-0.012021,-0.042394,0.0518149,5,0.953593,0.847791,0.0998099,0.102781,0.7,0.0161411,2,0.0295063,0.0414302,MARKET_SIDEWAYS
6712,長聖,生技醫療業,DISCOVERY,2024-05-31,2024-06-03,197.994,0.25,181,0.0858298,2024-06-11,196.009,F4_TIME_5D,時間停損：_5日內未上漲,Disc=0.96 10D超額=+10.4% 產業超額=+9.8% outperf10=60% RSaccel=+0.0339 觸發=indep regime=MARKET_SIDEWAYS,-0.014503,-0.00362575,-0.0176458,0.0480129,6,0.955801,0.872377,0.103796,0.0979587,0.6,0.0338721,3,0.0956462,0.0205933,MARKET_SIDEWAYS
6712,長聖,生技醫療業,STRICT_OOS,2025-11-24,2025-11-25,171.929,0.25,163.5,0.0490246,2025-12-04,170.573,F4_TIME_5D,時間停損：_5日內未上漲,Disc=0.96 10D超額=+12.8% 產業超額=+8.4% outperf10=80% RSaccel=+0.0039 觸發=indep regime=MARKET_SIDEWAYS,-0.0123707,-0.00309267,-0.022851,0.026588,8,0.963329,0.846966,0.127604,0.0838198,0.8,0.00385202,2,0.0526316,0.017701,MARKET_SIDEWAYS
6732,昇佳電子,半導體業,DISCOVERY,2023-08-09,2023-08-10,324.309,0.25,317.5,0.0209947,2023-08-10,316.706,F1_PROBE_LOW,跌破 Probe Low（盤中停損）,Disc=0.99 10D超額=+15.0% 產業超額=+16.6% outperf10=60% RSaccel=-0.0033 觸發=indep regime=MARKET_SIDEWAYS,-0.0278894,-0.00697236,,,1,0.987516,0.739612,0.150103,0.16615,0.6,-0.00331249,3,0.059346,0.0500871,MARKET_SIDEWAYS
6732,昇佳電子,半導體業,DISCOVERY,2023-10-18,2023-10-19,426.062,0.25,402,0.0564764,2023-10-26,410.97,F4_TIME_5D,時間停損：_5日內未上漲,Disc=0.97 10D超額=+10.5% 產業超額=+8.8% outperf10=70% RSaccel=+0.0137 觸發=indep regime=MARKET_SIDEWAYS,-0.0398435,-0.00996088,-0.042394,0.0503154,6,0.965099,0.903075,0.104814,0.0882187,0.7,0.0137497,1,0.0799718,0.0422464,MARKET_SIDEWAYS
6739,竹陞科技,其他電子業,STRICT_OOS,2025-12-09,2025-12-10,780.947,0.25,705,0.0972504,2025-12-17,743.138,F2_STRUCTURE,收盤跌破 MA10 且低於成本（短結構失敗）,Disc=0.98 10D超額=+14.5% 產業超額=+11.2% outperf10=40% RSaccel=+0.0003 觸發=indep regime=MARKET_SIDEWAYS,-0.0528066,-0.0132017,-0.0498721,0.0730555,6,0.979651,0.740165,0.144981,0.111599,0.4,0.000266009,2,0.131292,0.0473694,MARKET_SIDEWAYS
6742,澤米,電子工業,DISCOVERY,2024-10-21,2024-10-22,83.7087,0.25,75,0.104036,2024-10-28,78.8025,F3_RS_FAILURE,試單後相對大盤落後 ≤ -4%（RS 失敗）,Disc=0.98 10D超額=+15.9% 產業超額=+17.7% outperf10=60% RSaccel=+0.0051 觸發=indep regime=MARKET_UP,-0.0629791,-0.0157448,-0.0765601,0.0512641,5,0.983891,0.901797,0.159124,0.176773,0.6,0.00505146,2,0.200119,0.0578315,MARKET_UP
6753,龍德造船,航運業,STRICT_OOS,2025-02-03,2025-02-04,109.774,0.25,103,0.0617065,2025-02-11,109.725,F4_TIME_5D,時間停損：_5日內未上漲,Disc=0.97 10D超額=+12.4% 產業超額=+11.1% outperf10=60% RSaccel=+0.0147 觸發=indep regime=MARKET_SIDEWAYS,-0.0049431,-0.00123577,-0.0161582,0.0157255,6,0.967883,0.881345,0.124465,0.111499,0.6,0.0146773,1,0.0610854,0.0263434,MARKET_SIDEWAYS
6756,威鋒電子,電子工業,DISCOVERY,2023-09-05,2023-09-06,231.577,0.25,219,0.0543123,2023-09-11,218.452,F1_PROBE_LOW,跌破 Probe Low（盤中停損）,Disc=0.95 10D超額=+17.6% 產業超額=+14.6% outperf10=80% RSaccel=+0.0135 觸發=indep regime=MARKET_SIDEWAYS,-0.061049,-0.0152622,-0.0435167,0.00614265,4,0.953313,0.930974,0.176434,0.145503,0.8,0.0135247,1,0.143965,0.0311743,MARKET_SIDEWAYS
6757,台灣虎航,航運業,DISCOVERY,2024-05-08,2024-05-09,43.1576,0.25,39.6,0.0824333,2024-05-22,42.8925,F2_STRUCTURE,收盤跌破 MA10 且低於成本（短結構失敗）,Disc=0.99 10D超額=+20.4% 產業超額=+21.7% outperf10=60% RSaccel=+0.0203 觸發=indep regime=MARKET_SIDEWAYS,-0.0106294,-0.00265734,-0.0187134,0.069336,10,0.986063,0.945718,0.204168,0.217337,0.6,0.020268,1,0.196377,0.0331992,MARKET_SIDEWAYS
6757,台灣虎航,航運業,DISCOVERY,2024-11-01,2024-11-04,65.363,0.25,59.5,0.0896991,2024-11-08,62.244,F2_STRUCTURE,收盤跌破 MA10 且低於成本（短結構失敗）,Disc=0.96 10D超額=+12.4% 產業超額=+10.1% outperf10=80% RSaccel=+0.0163 觸發=indep regime=MARKET_SIDEWAYS,-0.0521108,-0.0130277,-0.0514511,0.0663525,5,0.961686,0.902253,0.123751,0.101201,0.8,0.0163394,2,0.100136,0.0297435,MARKET_SIDEWAYS
6757,台灣虎航,航運業,DISCOVERY,2024-11-27,2024-11-28,78.7965,0.25,74.6,0.0532574,2024-12-02,74.4135,F1_PROBE_LOW,跌破 Probe Low（盤中停損）,Disc=0.98 10D超額=+22.3% 產業超額=+22.4% outperf10=50% RSaccel=+0.0121 觸發=indep regime=MARKET_SIDEWAYS,-0.0599991,-0.0149998,-0.0481811,0.0279644,3,0.979003,0.868591,0.222683,0.223815,0.5,0.0121385,4,0.123468,0.0493605,MARKET_SIDEWAYS
6763,綠界科技,電子商務業,DISCOVERY,2023-01-17,2023-01-30,516.288,0.25,463,0.103213,2023-01-31,492.765,F3_RS_FAILURE,試單後相對大盤落後 ≤ -4%（RS 失敗）,Disc=1.00 10D超額=+22.7% 產業超額=+22.7% outperf10=70% RSaccel=+0.0203 觸發=indep regime=MARKET_SIDEWAYS,-0.0499583,-0.0124896,-0.0489795,0,2,0.996183,0.965158,0.226574,0.226574,0.7,0.0202722,3,0.196996,0.045188,MARKET_SIDEWAYS
6763,綠界科技,電子商務業,STRICT_OOS,2025-07-02,2025-07-03,68.17,0.25,63,0.0758398,2025-07-07,62.8425,F1_PROBE_LOW,跌破 Probe Low（盤中停損）,Disc=0.96 10D超額=+15.1% 產業超額=+15.1% outperf10=50% RSaccel=+0.0167 觸發=indep regime=MARKET_SIDEWAYS,-0.0824744,-0.0206186,-0.0450345,0.0165762,3,0.964992,0.852391,0.150798,0.150798,0.5,0.0166801,1,0.189454,0.057227,MARKET_SIDEWAYS
6781,AES-KY,電子零組件業,STRICT_OOS,2025-11-18,2025-11-19,1393.48,0.25,1310,0.0599042,2025-11-21,1316.7,F3_RS_FAILURE,試單後相對大盤落後 ≤ -4%（RS 失敗）,Disc=0.95 10D超額=+12.4% 產業超額=+10.7% outperf10=50% RSaccel=+0.0001 觸發=indep regime=MARKET_SIDEWAYS,-0.0594721,-0.014868,-0.0240227,0.0513285,3,0.952514,0.742013,0.124431,0.107081,0.5,6.97915e-05,2,0.14459,0.0648662,MARKET_SIDEWAYS
6782,視陽,生技醫療業,DISCOVERY,2023-01-31,2023-02-01,338.845,0.25,317.5,0.0629935,2023-02-06,322.192,F3_RS_FAILURE,試單後相對大盤落後 ≤ -4%（RS 失敗）,Disc=0.96 10D超額=+6.2% 產業超額=+10.0% outperf10=60% RSaccel=+0.0210 觸發=indep regime=MARKET_UP,-0.0535343,-0.0133836,-0.0585666,0.0181646,4,0.959924,0.771109,0.0617209,0.0995745,0.6,0.0210274,1,0.126435,0.0447214,MARKET_UP
6782,視陽,生技醫療業,STRICT_OOS,2025-02-19,2025-02-20,194.986,0.25,182.5,0.0640366,2025-02-26,184.538,F2_STRUCTURE,收盤跌破 MA10 且低於成本（短結構失敗）,Disc=0.96 10D超額=+11.8% 產業超額=+9.8% outperf10=70% RSaccel=+0.0083 觸發=indep regime=MARKET_SIDEWAYS,-0.0579665,-0.0144916,-0.0563437,0.0103277,5,0.959943,0.838102,0.117921,0.0981031,0.7,0.00829883,2,0.137856,0.0331502,MARKET_SIDEWAYS
6785,昱展新藥,生技醫療業,DISCOVERY,2023-12-18,2023-12-19,211.578,0.25,200,0.0547205,2023-12-26,205.156,F2_STRUCTURE,收盤跌破 MA10 且低於成本（短結構失敗）,Disc=0.97 10D超額=+7.9% 產業超額=+13.4% outperf10=60% RSaccel=+0.0199 觸發=indep regime=MARKET_UP,-0.0347837,-0.00869592,-0.0452677,0.0445339,6,0.974871,0.808799,0.0788379,0.134142,0.6,0.0199485,2,0.0808758,0.0341251,MARKET_UP
6789,采鈺,半導體業,DISCOVERY,2023-02-09,2023-02-10,260.149,0.25,242.5,0.067841,2023-02-13,244.387,F3_RS_FAILURE,試單後相對大盤落後 ≤ -4%（RS 失敗）,Disc=0.97 10D超額=+13.5% 產業超額=+5.0% outperf10=80% RSaccel=+0.0055 觸發=indep regime=MARKET_UP,-0.0649492,-0.0162373,-0.063997,0.00711612,2,0.967185,0.798497,0.134546,0.0497818,0.8,0.00546983,3,0.136911,0.0390862,MARKET_UP
6789,采鈺,半導體業,DISCOVERY,2023-12-04,2023-12-05,318.795,0.25,295,0.0746404,2023-12-07,303.739,F3_RS_FAILURE,試單後相對大盤落後 ≤ -4%（RS 失敗）,Disc=0.99 10D超額=+41.9% 產業超額=+37.0% outperf10=80% RSaccel=+0.0171 觸發=indep regime=MARKET_UP,-0.0516224,-0.0129056,-0.0511144,0.0116219,3,0.987722,0.955518,0.418543,0.370473,0.8,0.0170514,6,0.294819,0.0427903,MARKET_UP
6791,虎門科技,資訊服務業,DISCOVERY,2023-03-28,2023-03-29,84.21,0.25,79.1,0.0606817,2023-03-30,80.598,F2_STRUCTURE,收盤跌破 MA10 且低於成本（短結構失敗）,Disc=0.96 10D超額=+12.5% 產業超額=+5.9% outperf10=40% RSaccel=-0.0061 觸發=indep regime=MARKET_SIDEWAYS,-0.0472963,-0.0118241,-0.045244,0,2,0.958221,0.583109,0.125093,0.0587472,0.4,-0.00606948,2,0.0330981,0.0728588,MARKET_SIDEWAYS
6791,虎門科技,資訊服務業,STRICT_OOS,2025-08-29,2025-09-01,149.372,0.25,143.5,0.0393144,2025-09-01,143.141,F1_PROBE_LOW,跌破 Probe Low（盤中停損）,Disc=0.98 10D超額=+25.3% 產業超額=+21.6% outperf10=60% RSaccel=-0.0015 觸發=indep regime=MARKET_SIDEWAYS,-0.0461222,-0.0115306,,,1,0.979085,0.749051,0.253146,0.215608,0.6,-0.001512,2,0.253328,0.0676937,MARKET_SIDEWAYS
6799,來頡,電子工業,DISCOVERY,2023-04-21,2023-04-24,175.939,0.25,165.5,0.0593317,2023-04-26,165.086,F1_PROBE_LOW,跌破 Probe Low（盤中停損）,Disc=0.97 10D超額=+18.5% 產業超額=+19.4% outperf10=60% RSaccel=+0.0065 觸發=indep regime=MARKET_SIDEWAYS,-0.0660446,-0.0165111,-0.025229,0.0941308,3,0.96749,0.813596,0.185237,0.194113,0.6,0.00653949,2,0.121231,0.0556222,MARKET_SIDEWAYS
6805,富世達,電子零組件業,DISCOVERY,2023-10-04,2023-10-05,313.642,0.25,299,0.0466843,2023-10-12,305.454,F2_STRUCTURE,收盤跌破 MA10 且低於成本（短結構失敗）,Disc=0.96 10D超額=+15.1% 產業超額=+11.9% outperf10=80% RSaccel=-0.0080 觸發=indep regime=MARKET_SIDEWAYS,-0.0305465,-0.00763662,-0.0419017,0.0234594,4,0.962848,0.808609,0.15108,0.118525,0.8,-0.00804774,2,0.122117,0.051916,MARKET_SIDEWAYS
6805,富世達,電子零組件業,DISCOVERY,2024-01-16,2024-01-17,508.267,0.25,477,0.0615178,2024-01-18,475.807,F1_PROBE_LOW,跌破 Probe Low（盤中停損）,Disc=0.99 10D超額=+39.1% 產業超額=+39.2% outperf10=80% RSaccel=+0.0021 觸發=indep regime=MARKET_SIDEWAYS,-0.0682204,-0.0170551,-0.0310221,0.0270183,2,0.994065,0.904784,0.390825,0.392131,0.8,0.00205538,4,0.233016,0.0450763,MARKET_SIDEWAYS
6805,富世達,電子零組件業,DISCOVERY,2024-10-04,2024-10-07,880.195,0.25,801,0.0899744,2024-10-11,847.875,F3_RS_FAILURE,試單後相對大盤落後 ≤ -4%（RS 失敗）,Disc=0.96 10D超額=+10.4% 產業超額=+14.1% outperf10=60% RSaccel=+0.0205 觸發=indep regime=MARKET_SIDEWAYS,-0.0411365,-0.0102841,-0.045666,0.0429507,4,0.964912,0.904603,0.104381,0.141498,0.6,0.0204567,1,0.113463,0.0376893,MARKET_SIDEWAYS
6805,富世達,電子零組件業,STRICT_OOS,2025-05-20,2025-05-21,593.48,0.25,556,0.063153,2025-05-28,598.5,F2_STRUCTURE,收盤跌破 MA10 且低於成本（短結構失敗）,Disc=0.98 10D超額=+26.8% 產業超額=+24.8% outperf10=60% RSaccel=-0.0199 觸發=indep regime=MARKET_UP,0.00393955,0.000984888,-0.0395633,0.0463706,6,0.983655,0.662403,0.268015,0.248441,0.6,-0.0199475,2,0.201103,0.049016,MARKET_UP
6805,富世達,電子零組件業,STRICT_OOS,2025-10-31,2025-11-03,1468.66,0.25,1400,0.0467517,2025-11-05,1381.54,F1_PROBE_LOW,跌破 Probe Low（盤中停損）,Disc=0.96 10D超額=+20.2% 產業超額=+17.6% outperf10=80% RSaccel=-0.0101 觸發=indep regime=MARKET_UP,-0.0636892,-0.0159223,-0.0229205,0.0349553,3,0.961749,0.855865,0.201513,0.175681,0.8,-0.010055,2,0.172205,0.0456554,MARKET_UP
6806,森崴能源,綠能環保,DISCOVERY,2023-11-01,2023-11-02,104.761,0.25,98.3,0.0616759,2023-11-28,106.733,F3_RS_FAILURE,試單後相對大盤落後 ≤ -4%（RS 失敗）,Disc=0.96 10D超額=+8.4% 產業超額=+8.4% outperf10=60% RSaccel=+0.0132 觸發=indep regime=MARKET_SIDEWAYS,0.0142743,0.00356856,-0.0215848,0.0929614,19,0.955814,0.760328,0.0835356,0.0835356,0.6,0.0132417,1,0.0292953,0.0303571,MARKET_SIDEWAYS
6829,千附精密,電機機械,DISCOVERY,2024-03-01,2024-03-04,134.836,0.25,125,0.0729496,2024-03-07,131.171,F3_RS_FAILURE,試單後相對大盤落後 ≤ -4%（RS 失敗）,Disc=0.98 10D超額=+24.9% 產業超額=+13.7% outperf10=70% RSaccel=+0.0053 觸發=indep regime=MARKET_UP,-0.03162,-0.00790499,-0.0395758,0.0197554,4,0.976071,0.857408,0.248524,0.137262,0.7,0.00533268,3,0.207207,0.03758,MARKET_UP
6844,諾貝兒,生技醫療業,DISCOVERY,2023-05-05,2023-05-08,244.76,0.25,230,0.0603054,2023-05-11,229.425,F1_PROBE_LOW,跌破 Probe Low（盤中停損）,Disc=0.99 10D超額=+22.1% 產業超額=+19.3% outperf10=70% RSaccel=-0.0054 觸發=indep regime=MARKET_SIDEWAYS,-0.0670137,-0.0167534,-0.0500913,0.0193643,4,0.988127,0.809807,0.220872,0.192824,0.7,-0.00541306,2,0.161321,0.0508353,MARKET_SIDEWAYS
6869,雲豹能源,綠能環保,STRICT_OOS,2025-03-14,2025-03-17,180.45,0.25,171.5,0.0495982,2025-03-24,176.059,F2_STRUCTURE,收盤跌破 MA10 且低於成本（短結構失敗）,Disc=0.96 10D超額=+9.1% 產業超額=+8.2% outperf10=70% RSaccel=+0.0114 觸發=indep regime=MARKET_DOWN,-0.0287802,-0.00719506,-0.0218897,0.0473815,6,0.960265,0.844151,0.091059,0.082107,0.7,0.0114285,1,0.0360885,0.0379213,MARKET_DOWN
6873,泓德能源,綠能環保,DISCOVERY,2023-03-13,2023-03-14,144.861,0.25,136,0.0611706,2023-03-28,135.66,F1_PROBE_LOW,跌破 Probe Low（盤中停損）,Disc=0.99 10D超額=+26.0% 產業超額=+27.2% outperf10=nan% RSaccel=+0.0093 觸發=indep regime=MARKET_SIDEWAYS,-0.0678748,-0.0169687,-0.0128485,0.104505,11,0.992382,,0.260211,0.272193,,0.00932143,2,0.189771,0.0505475,MARKET_SIDEWAYS
6877,鏵友益,其他電子業,DISCOVERY,2024-07-01,2024-07-02,63.1575,0.25,60.3,0.045244,2024-07-02,60.1493,F1_PROBE_LOW,跌破 Probe Low（盤中停損）,Disc=0.97 10D超額=+28.5% 產業超額=+20.3% outperf10=80% RSaccel=-0.0038 觸發=indep regime=MARKET_UP,-0.0520237,-0.0130059,,,1,0.970264,0.850488,0.285006,0.203079,0.8,-0.00376443,1,0.274613,0.0658693,MARKET_UP
6877,鏵友益,其他電子業,STRICT_OOS,2026-04-28,2026-04-29,180.45,0.25,170,0.0579108,2026-04-30,169.575,F1_PROBE_LOW,跌破 Probe Low（盤中停損）,Disc=0.99 10D超額=+39.1% 產業超額=+45.1% outperf10=70% RSaccel=-0.0356 觸發=indep regime=MARKET_UP,-0.0646304,-0.0161576,-0.0385148,0.0335273,2,0.991677,0.833779,0.390969,0.451167,0.7,-0.0355835,2,0.280307,0.0702608,MARKET_UP
6901,鑽石投資,其他,DISCOVERY,2023-04-06,2023-04-07,89.2826,0.25,85.7,0.0401271,2023-04-21,88.8872,F2_STRUCTURE,收盤跌破 MA10 且低於成本（短結構失敗）,Disc=0.98 10D超額=+14.6% 產業超額=+15.2% outperf10=60% RSaccel=-0.0002 觸發=indep regime=MARKET_SIDEWAYS,-0.00891895,-0.00222974,-0.0154862,0.0685167,11,0.980743,0.845486,0.145641,0.15154,0.6,-0.000244795,2,0.113163,0.0276549,MARKET_SIDEWAYS
6901,鑽石投資,其他,DISCOVERY,2023-10-19,2023-10-20,44.8619,0.25,42.05,0.0626785,2023-10-27,43.3913,F2_STRUCTURE,收盤跌破 MA10 且低於成本（短結構失敗）,Disc=0.95 10D超額=+9.8% 產業超額=+14.1% outperf10=40% RSaccel=+0.0255 觸發=indep regime=MARKET_SIDEWAYS,-0.0372074,-0.00930185,-0.0337007,0.0197969,6,0.95122,0.722766,0.0975708,0.140517,0.4,0.0254832,1,0.0607118,0.0325031,MARKET_SIDEWAYS
6919,康霈*,生技醫療業,DISCOVERY,2024-11-29,2024-12-02,605.51,0.25,562,0.0718568,2024-12-05,576.555,F2_STRUCTURE,收盤跌破 MA10 且低於成本（短結構失敗）,Disc=0.98 10D超額=+19.3% 產業超額=+16.0% outperf10=60% RSaccel=+0.0014 觸發=indep regime=MARKET_SIDEWAYS,-0.0522116,-0.0130529,-0.0404783,0.0371422,4,0.977454,0.860439,0.192657,0.159569,0.6,0.00140811,2,0.115649,0.0440338,MARKET_SIDEWAYS
6919,康霈*,生技醫療業,STRICT_OOS,2025-01-15,2025-01-16,646.612,0.25,621,0.0396102,2025-01-16,619.447,F1_PROBE_LOW,跌破 Probe Low（盤中停損）,Disc=0.98 10D超額=+6.5% 產業超額=+2.5% outperf10=50% RSaccel=+0.0043 觸發=indep regime=MARKET_SIDEWAYS,-0.0464167,-0.0116042,,,1,0.978571,0.725074,0.0648737,0.0247222,0.5,0.00429144,2,0.0556653,0.0435703,MARKET_SIDEWAYS
6919,康霈*,生技醫療業,STRICT_OOS,2025-03-04,2025-03-05,989.467,0.25,918,0.0722282,2025-03-07,933.66,F2_STRUCTURE,收盤跌破 MA10 且低於成本（短結構失敗）,Disc=0.96 10D超額=+10.7% 產業超額=+6.5% outperf10=60% RSaccel=+0.0025 觸發=indep regime=MARKET_SIDEWAYS,-0.0607746,-0.0151937,-0.0590899,0.0308575,3,0.958277,0.763795,0.107351,0.0649173,0.6,0.00253112,4,0.0885865,0.0502915,MARKET_SIDEWAYS
6919,康霈*,生技醫療業,STRICT_OOS,2025-12-09,2025-12-10,171.427,0.25,162.5,0.0520774,2025-12-12,166.583,F2_STRUCTURE,收盤跌破 MA10 且低於成本（短結構失敗）,Disc=0.95 10D超額=+8.5% 產業超額=+12.0% outperf10=70% RSaccel=-0.0278 觸發=indep regime=MARKET_SIDEWAYS,-0.0326991,-0.00817477,-0.0433274,0.00917297,3,0.953488,0.704794,0.0852438,0.120421,0.7,-0.0278215,2,0.162672,0.0620301,MARKET_SIDEWAYS
6923,中台,綠能環保,STRICT_OOS,2025-09-19,2025-09-22,114.786,0.25,109.5,0.046053,2025-09-22,109.226,F1_PROBE_LOW,跌破 Probe Low（盤中停損）,Disc=0.97 10D超額=+11.5% 產業超額=+21.1% outperf10=40% RSaccel=+0.0192 觸發=indep regime=MARKET_UP,-0.0528288,-0.0132072,,,1,0.97096,0.833074,0.115392,0.210714,0.4,0.019175,1,0.115888,0.0493506,MARKET_UP
6937,天虹,電子工業,STRICT_OOS,2025-09-15,2025-09-16,266.665,0.25,256,0.039994,2025-09-17,255.36,F1_PROBE_LOW,跌破 Probe Low（盤中停損）,Disc=0.99 10D超額=+26.3% 產業超額=+30.5% outperf10=50% RSaccel=-0.0056 觸發=indep regime=MARKET_SIDEWAYS,-0.0467986,-0.0116996,-0.0156188,0.0406315,2,0.989796,0.84514,0.262776,0.30474,0.5,-0.0056325,2,0.206877,0.0500133,MARKET_SIDEWAYS
6944,兆聯實業,綠能環保,DISCOVERY,2023-12-01,2023-12-04,172.009,0.25,164.5,0.0436544,2023-12-11,169.246,F4_TIME_5D,時間停損：_5日內未上漲,Disc=0.97 10D超額=+20.6% 產業超額=+21.4% outperf10=70% RSaccel=+0.0142 觸發=indep regime=MARKET_UP,-0.0205277,-0.00513193,-0.0233066,0.0522708,6,0.968011,0.913231,0.206182,0.214038,0.7,0.0142077,2,0.17746,0.032449,MARKET_UP
6944,兆聯實業,綠能環保,DISCOVERY,2024-12-13,2024-12-16,387.125,0.25,369.5,0.0455289,2024-12-23,375.539,F2_STRUCTURE,收盤跌破 MA10 且低於成本（短結構失敗）,Disc=0.96 10D超額=+3.8% 產業超額=+5.2% outperf10=50% RSaccel=+0.0118 觸發=indep regime=MARKET_SIDEWAYS,-0.0343625,-0.00859062,-0.0390711,0.0074255,6,0.960916,0.843503,0.0380747,0.0524282,0.5,0.0118219,1,0.0492738,0.022177,MARKET_SIDEWAYS
7402,邑錡,光電業,DISCOVERY,2024-06-25,2024-06-26,110.776,0.25,106,0.0431162,2024-07-02,105.735,F2_STRUCTURE,收盤跌破 MA10 且低於成本（短結構失敗）,Disc=0.96 10D超額=+5.0% 產業超額=+7.1% outperf10=60% RSaccel=+0.0262 觸發=indep regime=MARKET_SIDEWAYS,-0.0365643,-0.00914107,-0.0386026,0.0471559,5,0.963455,0.807413,0.0497666,0.0710645,0.6,0.0261864,2,0.0551444,0.0320621,MARKET_SIDEWAYS
7722,LINEPAY,數位雲端,DISCOVERY,2024-10-29,2024-10-30,633.901,0.25,614,0.0313942,2024-11-06,625.014,F2_STRUCTURE,收盤跌破 MA10 且低於成本（短結構失敗）,Disc=0.97 10D超額=+12.2% 產業超額=+12.2% outperf10=50% RSaccel=+0.0008 觸發=indep regime=MARKET_SIDEWAYS,-0.0184884,-0.0046221,-0.0235065,0.0364398,5,0.965044,0.770538,0.122036,0.122036,0.5,0.000827404,4,0.0874147,0.0399779,MARKET_SIDEWAYS
7740,熙特爾,綠能環保,STRICT_OOS,2026-07-20,2026-07-21,162.906,0.25,152,0.066948,2026-07-22,162.592,F3_RS_FAILURE,試單後相對大盤落後 ≤ -4%（RS 失敗）,Disc=0.98 10D超額=+15.6% 產業超額=+14.7% outperf10=60% RSaccel=+0.0211 觸發=indep regime=MARKET_SIDEWAYS,-0.00642162,-0.00160541,-0.0209093,0.00364473,2,0.981153,0.780423,0.155913,0.147346,0.6,0.0211326,2,0.0491695,0.0441111,MARKET_SIDEWAYS
7769,鴻勁,半導體業,STRICT_OOS,2026-02-03,2026-02-04,3809.5,0.25,3715,0.0248064,2026-02-05,3705.71,F1_PROBE_LOW,跌破 Probe Low（盤中停損）,Disc=0.95 10D超額=+9.3% 產業超額=+12.1% outperf10=60% RSaccel=+0.0044 觸發=indep regime=MARKET_UP,-0.031683,-0.00792076,-0.0234939,0.0171939,2,0.950721,0.889476,0.0934401,0.12084,0.6,0.00441756,2,0.0765901,0.0287197,MARKET_UP
7799,禾榮科,生技醫療業,STRICT_OOS,2025-12-11,2025-12-12,611.525,0.25,575,0.0597277,2025-12-16,573.562,F1_PROBE_LOW,跌破 Probe Low（盤中停損）,Disc=0.97 10D超額=+12.8% 產業超額=+17.7% outperf10=50% RSaccel=-0.0005 觸發=indep regime=MARKET_SIDEWAYS,-0.0664387,-0.0166097,-0.0384694,0.00895303,3,0.970888,0.673694,0.128186,0.17742,0.5,-0.000473736,2,0.0751748,0.0537747,MARKET_SIDEWAYS
7827,漢康-KY,生技醫療業,STRICT_OOS,2025-12-16,2025-12-17,84.2702,0.25,81,0.0388056,2026-01-16,109.067,PROBE_MAX_LIFE,20 日內未確認,Disc=0.97 10D超額=+18.7% 產業超額=+23.8% outperf10=80% RSaccel=+0.0146 觸發=indep regime=MARKET_SIDEWAYS,0.116518,0.0291296,-0.0387462,0.233695,21,0.972018,0.927508,0.187324,0.237965,0.8,0.0145759,2,0.119781,0.0448193,MARKET_SIDEWAYS
7828,創新服務,半導體業,STRICT_OOS,2025-11-07,2025-11-10,415.807,0.25,395,0.0500399,2025-11-11,394.012,F1_PROBE_LOW,跌破 Probe Low（盤中停損）,Disc=0.99 10D超額=+26.0% 產業超額=+27.9% outperf10=60% RSaccel=+0.0017 觸發=indep regime=MARKET_SIDEWAYS,-0.0567969,-0.0141992,-0.04042,0.00888171,2,0.993075,0.747057,0.260023,0.279036,0.6,0.00165572,2,0.0868718,0.057689,MARKET_SIDEWAYS
8011,台通,電子工業,DISCOVERY,2024-11-12,2024-11-13,29.4234,0.25,27.85,0.0534736,2024-11-14,27.7804,F1_PROBE_LOW,跌破 Probe Low（盤中停損）,Disc=0.96 10D超額=+9.3% 產業超額=+11.6% outperf10=50% RSaccel=+0.0109 觸發=indep regime=MARKET_SIDEWAYS,-0.0602143,-0.0150536,-0.0194871,0.0501854,2,0.960459,0.837904,0.0926574,0.116144,0.5,0.0109151,2,0.0588235,0.0435897,MARKET_SIDEWAYS
8021,尖點,電子工業,STRICT_OOS,2025-07-08,2025-07-09,50.0247,0.25,47.45,0.0514695,2025-07-23,50.5733,F2_STRUCTURE,收盤跌破 MA10 且低於成本（短結構失敗）,Disc=1.00 10D超額=+30.0% 產業超額=+31.9% outperf10=80% RSaccel=-0.0015 觸發=indep regime=MARKET_SIDEWAYS,0.00643991,0.00160998,-0.0164868,0.129441,11,1,0.922325,0.299823,0.318834,0.8,-0.00151119,3,0.277089,0.0580776,MARKET_SIDEWAYS
8021,尖點,電子工業,STRICT_OOS,2026-01-15,2026-01-16,223.056,0.25,205,0.0809493,2026-01-20,219.949,F3_RS_FAILURE,試單後相對大盤落後 ≤ -4%（RS 失敗）,Disc=0.96 10D超額=+11.7% 產業超額=+10.7% outperf10=60% RSaccel=-0.0084 觸發=indep regime=MARKET_UP,-0.0184001,-0.00460003,-0.0271512,0.0221637,3,0.961691,0.730786,0.117483,0.107262,0.6,-0.00842136,2,0.199038,0.057884,MARKET_UP
8027,鈦昇,電機機械,DISCOVERY,2023-08-16,2023-08-17,72.982,0.25,67,0.0819654,2023-08-22,71.022,F2_STRUCTURE,收盤跌破 MA10 且低於成本（短結構失敗）,Disc=0.98 10D超額=+16.7% 產業超額=+18.9% outperf10=60% RSaccel=+0.0063 觸發=indep regime=MARKET_DOWN,-0.0312955,-0.00782388,-0.0531912,0.0290209,4,0.975484,0.852265,0.166798,0.188789,0.6,0.00628121,2,0.095994,0.0677833,MARKET_DOWN
8027,鈦昇,電機機械,DISCOVERY,2024-01-05,2024-01-08,72.7815,0.25,67.1,0.0780624,2024-01-15,74.214,F4_TIME_5D,時間停損：_5日內未上漲,Disc=0.99 10D超額=+15.8% 產業超額=+15.6% outperf10=60% RSaccel=+0.0257 觸發=indep regime=MARKET_SIDEWAYS,0.0151379,0.00378448,-0.0340952,0.00849804,6,0.993007,0.930565,0.158453,0.156095,0.6,0.0256812,3,0.105581,0.0298773,MARKET_SIDEWAYS
8028,昇陽半導體,電子工業,DISCOVERY,2024-11-11,2024-11-12,145.363,0.25,139,0.0437699,2024-11-12,138.652,F1_PROBE_LOW,跌破 Probe Low（盤中停損）,Disc=0.97 10D超額=+12.8% 產業超額=+16.1% outperf10=70% RSaccel=+0.0111 觸發=indep regime=MARKET_SIDEWAYS,-0.0505566,-0.0126392,,,1,0.9677,0.921796,0.128427,0.160752,0.7,0.0110711,1,0.0869161,0.0393836,MARKET_SIDEWAYS
8028,昇陽半導體,電子工業,STRICT_OOS,2025-04-30,2025-05-02,135.338,0.25,121.5,0.102244,2025-05-06,127.68,F3_RS_FAILURE,試單後相對大盤落後 ≤ -4%（RS 失敗）,Disc=0.96 10D超額=+18.0% 產業超額=+17.3% outperf10=70% RSaccel=+0.0031 觸發=indep regime=MARKET_SIDEWAYS,-0.0609535,-0.0152384,-0.0800776,0.00489517,3,0.958092,0.887648,0.180227,0.172605,0.7,0.00308223,1,0.169722,0.0540777,MARKET_SIDEWAYS
8033,雷虎,其他,DISCOVERY,2023-04-19,2023-04-20,76.7915,0.25,73,0.049374,2023-04-20,72.8175,F1_PROBE_LOW,跌破 Probe Low（盤中停損）,Disc=0.99 10D超額=+32.2% 產業超額=+24.6% outperf10=80% RSaccel=+0.0237 觸發=indep regime=MARKET_SIDEWAYS,-0.0561341,-0.0140335,,,1,0.987401,0.864468,0.322301,0.246168,0.8,0.023652,5,0.213561,0.0494219,MARKET_SIDEWAYS
8033,雷虎,其他,DISCOVERY,2024-05-17,2024-05-20,82.4055,0.25,77.1,0.0643828,2024-05-21,77.007,F3_RS_FAILURE,試單後相對大盤落後 ≤ -4%（RS 失敗）,Disc=0.97 10D超額=+9.6% 產業超額=+14.3% outperf10=50% RSaccel=+0.0132 觸發=indep regime=MARKET_SIDEWAYS,-0.069864,-0.017466,-0.0631693,0,2,0.972125,0.797062,0.0958031,0.143461,0.5,0.0132136,1,0.0761207,0.0441718,MARKET_SIDEWAYS
8033,雷虎,其他,STRICT_OOS,2025-12-01,2025-12-02,142.856,0.25,135,0.0549941,2025-12-03,134.662,F1_PROBE_LOW,跌破 Probe Low（盤中停損）,Disc=0.99 10D超額=+28.6% 產業超額=+25.6% outperf10=60% RSaccel=+0.0123 觸發=indep regime=MARKET_SIDEWAYS,-0.0617276,-0.0154319,-0.0269939,0.0115063,2,0.989193,0.868286,0.285756,0.25561,0.6,0.0123178,2,0.145444,0.0557192,MARKET_SIDEWAYS
8034,榮群,通信網路業,DISCOVERY,2024-03-11,2024-03-12,29.0224,0.25,27,0.0696833,2024-03-14,28.0796,F2_STRUCTURE,收盤跌破 MA10 且低於成本（短結構失敗）,Disc=0.97 10D超額=+5.5% 產業超額=+12.0% outperf10=50% RSaccel=-0.0148 觸發=indep regime=MARKET_UP,-0.0369105,-0.00922761,-0.0438411,0.0130115,3,0.972789,0.632131,0.0547424,0.120176,0.5,-0.0147908,1,0.0688154,0.0505075,MARKET_UP
8038,長園科,電子零組件業,DISCOVERY,2023-04-26,2023-04-27,50.0248,0.25,46.65,0.0674616,2023-04-28,49.7254,F2_STRUCTURE,收盤跌破 MA10 且低於成本（短結構失敗）,Disc=0.96 10D超額=+11.9% 產業超額=+13.0% outperf10=50% RSaccel=-0.0372 觸發=indep regime=MARKET_DOWN,-0.0104711,-0.00261777,-0.0284809,0,2,0.963255,0.626534,0.119095,0.129652,0.5,-0.0371785,3,0.0841101,0.0600682,MARKET_DOWN
8038,長園科,電子零組件業,STRICT_OOS,2025-12-09,2025-12-10,45.1125,0.25,43.65,0.032419,2025-12-10,43.5409,F1_PROBE_LOW,跌破 Probe Low（盤中停損）,Disc=0.97 10D超額=+14.8% 產業超額=+12.2% outperf10=50% RSaccel=+0.0137 觸發=indep regime=MARKET_SIDEWAYS,-0.0392595,-0.00981488,,,1,0.96657,0.820147,0.148196,0.122495,0.5,0.0137187,2,0.135922,0.0464744,MARKET_SIDEWAYS
8039,台虹,電子零組件業,DISCOVERY,2024-04-25,2024-04-26,51.4282,0.25,47.3,0.080272,2024-05-06,51.5708,F4_TIME_5D,時間停損：_5日內未上漲,Disc=0.95 10D超額=+9.4% 產業超額=+10.2% outperf10=60% RSaccel=+0.0039 觸發=indep regime=MARKET_SIDEWAYS,-0.00173539,-0.000433847,-0.0345773,0.0266731,6,0.953811,0.839319,0.0941529,0.101542,0.6,0.00390896,1,0.062431,0.0217822,MARKET_SIDEWAYS
8040,九暘,半導體業,DISCOVERY,2023-10-20,2023-10-23,48.2704,0.25,44.6,0.0760379,2023-10-30,46.5334,F2_STRUCTURE,收盤跌破 MA10 且低於成本（短結構失敗）,Disc=0.97 10D超額=+13.5% 產業超額=+12.3% outperf10=80% RSaccel=+0.0307 觸發=indep regime=MARKET_SIDEWAYS,-0.0404038,-0.010101,-0.0480704,0.0461903,6,0.974537,0.939808,0.134955,0.123227,0.8,0.0306762,1,0.11246,0.037719,MARKET_SIDEWAYS
8044,網家,電子商務業,DISCOVERY,2024-05-08,2024-05-09,34.0349,0.25,31.65,0.0700715,2024-05-14,33.0173,F3_RS_FAILURE,試單後相對大盤落後 ≤ -4%（RS 失敗）,Disc=0.97 10D超額=+7.2% 產業超額=+7.2% outperf10=60% RSaccel=-0.0141 觸發=indep regime=MARKET_SIDEWAYS,-0.0343322,-0.00858305,-0.0450971,0,4,0.965157,0.685332,0.0717589,0.0717589,0.6,-0.014057,2,0.0812555,0.0427505,MARKET_SIDEWAYS
8054,安國,半導體業,DISCOVERY,2023-09-22,2023-09-25,39.0975,0.25,36.35,0.070273,2023-09-26,37.1569,F3_RS_FAILURE,試單後相對大盤落後 ≤ -4%（RS 失敗）,Disc=0.95 10D超額=+14.2% 產業超額=+13.5% outperf10=70% RSaccel=-0.0018 觸發=indep regime=MARKET_SIDEWAYS,-0.0540238,-0.013506,-0.0434171,0.00901592,2,0.952599,0.872621,0.142476,0.135407,0.7,-0.00178656,1,0.101103,0.0402954,MARKET_SIDEWAYS
8068,全達,電子通路業,DISCOVERY,2023-11-29,2023-11-30,40.1501,0.25,37,0.0784586,2023-12-01,38.5035,F3_RS_FAILURE,試單後相對大盤落後 ≤ -4%（RS 失敗）,Disc=0.97 10D超額=+20.6% 產業超額=+19.4% outperf10=70% RSaccel=+0.0053 觸發=indep regime=MARKET_UP,-0.0454194,-0.0113549,-0.0498162,0.00497819,2,0.974286,0.78821,0.206068,0.194213,0.7,0.00526352,3,0.131514,0.0457393,MARKET_UP
8070,長華*,電子通路業,DISCOVERY,2024-05-17,2024-05-20,50.0248,0.25,47.15,0.0574666,2024-05-24,48.6281,F2_STRUCTURE,收盤跌破 MA10 且低於成本（短結構失敗）,Disc=0.96 10D超額=+6.0% 產業超額=+10.3% outperf10=60% RSaccel=-0.0047 觸發=indep regime=MARKET_SIDEWAYS,-0.0323559,-0.00808896,-0.0194854,0.0774667,5,0.961672,0.74738,0.0599645,0.102622,0.6,-0.0046863,1,0.094793,0.0329559,MARKET_SIDEWAYS
8076,伍豐,電腦及週邊設備業,DISCOVERY,2023-10-13,2023-10-16,33.9848,0.25,32.3,0.0495737,2023-10-18,32.2193,F1_PROBE_LOW,跌破 Probe Low（盤中停損）,Disc=0.96 10D超額=+6.4% 產業超額=+6.8% outperf10=60% RSaccel=+0.0094 觸發=indep regime=MARKET_SIDEWAYS,-0.0563328,-0.0140832,-0.0407462,0,3,0.961479,0.857241,0.064042,0.0675313,0.6,0.00940958,1,0.064764,0.0221965,MARKET_SIDEWAYS
8086,宏捷科,半導體業,DISCOVERY,2023-07-10,2023-07-11,100.751,0.25,92.1,0.0858674,2023-07-14,98.7525,F3_RS_FAILURE,試單後相對大盤落後 ≤ -4%（RS 失敗）,Disc=0.96 10D超額=+18.1% 產業超額=+16.2% outperf10=90% RSaccel=+0.0213 觸發=indep regime=MARKET_SIDEWAYS,-0.0242938,-0.00607346,-0.0352477,0.037208,4,0.96319,0.885673,0.181415,0.161889,0.9,0.0212784,2,0.0974404,0.036036,MARKET_SIDEWAYS
8088,品安,半導體業,STRICT_OOS,2025-06-05,2025-06-06,35.689,0.25,33.05,0.0739444,2025-06-16,35.6108,F2_STRUCTURE,收盤跌破 MA10 且低於成本（短結構失敗）,Disc=0.97 10D超額=+5.3% 產業超額=+6.2% outperf10=50% RSaccel=+0.0024 觸發=indep regime=MARKET_UP,-0.00668763,-0.00167191,-0.0305136,0.136204,7,0.97006,0.70408,0.0527905,0.0624052,0.5,0.00237291,2,0.0553506,0.0559441,MARKET_UP
8089,康全電訊,通信網路業,STRICT_OOS,2025-02-27,2025-03-03,70.3755,0.25,66.5,0.0550689,2025-03-10,66.3337,F1_PROBE_LOW,跌破 Probe Low（盤中停損）,Disc=0.97 10D超額=+13.4% 產業超額=+14.7% outperf10=50% RSaccel=+0.0169 觸發=indep regime=MARKET_SIDEWAYS,-0.061802,-0.0154505,-0.0167033,0.0344509,6,0.969128,0.684899,0.133732,0.146793,0.5,0.0168905,2,0.0587887,0.0404595,MARKET_SIDEWAYS
8091,翔名,電子零組件業,STRICT_OOS,2025-09-08,2025-09-09,122.806,0.25,113.5,0.0757799,2025-09-11,118.703,F3_RS_FAILURE,試單後相對大盤落後 ≤ -4%（RS 失敗）,Disc=0.96 10D超額=+18.1% 產業超額=+15.5% outperf10=90% RSaccel=+0.0064 觸發=indep regime=MARKET_SIDEWAYS,-0.0378413,-0.00946032,-0.0391369,0,3,0.964331,0.827763,0.180997,0.155448,0.9,0.00638157,2,0.129522,0.0368949,MARKET_SIDEWAYS
8097,常珵,通信網路業,DISCOVERY,2024-12-13,2024-12-16,96.9417,0.25,88.4,0.0881122,2024-12-17,89.1765,F3_RS_FAILURE,試單後相對大盤落後 ≤ -4%（RS 失敗）,Disc=0.99 10D超額=+14.8% 產業超額=+17.8% outperf10=50% RSaccel=+0.0122 觸發=indep regime=MARKET_SIDEWAYS,-0.084422,-0.0211055,-0.0850175,0,2,0.986523,0.934156,0.147883,0.17788,0.5,0.0122265,2,0.126844,0.040015,MARKET_SIDEWAYS
8103,瀚荃,電子零組件業,DISCOVERY,2024-06-21,2024-06-24,59.6487,0.25,54.8,0.0812883,2024-07-22,71.5207,PROBE_MAX_LIFE,20 日內未確認,Disc=0.95 10D超額=+15.9% 產業超額=+18.4% outperf10=70% RSaccel=-0.0150 觸發=indep regime=MARKET_UP,0.194084,0.048521,-0.0460823,0.398185,21,0.951381,0.82342,0.158845,0.183897,0.7,-0.0150209,2,0.16228,0.0466387,MARKET_UP
8110,華東,電子工業,DISCOVERY,2024-01-24,2024-01-25,15.7393,0.25,14.4,0.0850898,2024-02-02,15.561,F2_STRUCTURE,收盤跌破 MA10 且低於成本（短結構失敗）,Disc=0.97 10D超額=+8.4% 產業超額=+8.8% outperf10=70% RSaccel=+0.0149 觸發=indep regime=MARKET_SIDEWAYS,-0.0157997,-0.00394992,-0.0215544,0.0801023,7,0.971056,0.86884,0.0836568,0.0879212,0.7,0.0149182,2,0.0651091,0.0239631,MARKET_SIDEWAYS
8111,立碁,光電業,DISCOVERY,2024-11-29,2024-12-02,40.1501,0.25,38,0.0535521,2024-12-03,39.102,F3_RS_FAILURE,試單後相對大盤落後 ≤ -4%（RS 失敗）,Disc=0.96 10D超額=+9.9% 產業超額=+10.9% outperf10=60% RSaccel=+0.0079 觸發=indep regime=MARKET_SIDEWAYS,-0.0305464,-0.0076366,-0.0323816,0.00373287,2,0.961538,0.734607,0.0989863,0.109433,0.6,0.007909,2,0.00426398,0.0475285,MARKET_SIDEWAYS
8112,至上,電子通路業,DISCOVERY,2023-08-11,2023-08-14,51.6288,0.25,48.7,0.0567271,2023-08-15,47.0304,F1_PROBE_LOW,跌破 Probe Low（盤中停損）,Disc=0.95 10D超額=+7.6% 產業超額=+7.0% outperf10=70% RSaccel=+0.0157 觸發=indep regime=MARKET_SIDEWAYS,-0.0634524,-0.0158631,-0.0412319,0,2,0.953342,0.914716,0.0756917,0.0704973,0.7,0.015679,1,0.0546915,0.0274833,MARKET_SIDEWAYS
8114,振樺電,電腦及週邊設備業,DISCOVERY,2024-09-11,2024-09-12,193.482,0.25,178.5,0.077436,2024-09-13,187.53,F3_RS_FAILURE,試單後相對大盤落後 ≤ -4%（RS 失敗）,Disc=0.97 10D超額=+10.1% 產業超額=+12.0% outperf10=80% RSaccel=+0.0086 觸發=indep regime=MARKET_SIDEWAYS,-0.0351958,-0.00879896,-0.0309201,0,2,0.965206,0.794598,0.101207,0.119703,0.8,0.0086042,2,0.0224506,0.0364701,MARKET_SIDEWAYS
8147,正淩,電子零組件業,DISCOVERY,2024-06-07,2024-06-11,132.33,0.25,121.5,0.0818408,2024-06-12,125.186,F2_STRUCTURE,收盤跌破 MA10 且低於成本（短結構失敗）,Disc=0.97 10D超額=+14.6% 產業超額=+14.5% outperf10=50% RSaccel=-0.0235 觸發=indep regime=MARKET_UP,-0.0583629,-0.0145907,-0.0705056,0,2,0.965556,0.655682,0.145704,0.145447,0.5,-0.0235383,2,0.142608,0.0613413,MARKET_UP
8147,正淩,電子零組件業,STRICT_OOS,2024-12-31,2025-01-02,114.285,0.25,111.5,0.0243689,2025-01-02,111.221,F1_PROBE_LOW,跌破 Probe Low（盤中停損）,Disc=0.98 10D超額=+11.6% 產業超額=+10.2% outperf10=50% RSaccel=+0.0245 觸發=indep regime=MARKET_SIDEWAYS,-0.0312476,-0.00781191,,,1,0.982313,0.779638,0.115762,0.10166,0.5,0.0244715,2,0.0785463,0.0438509,MARKET_SIDEWAYS
8155,博智,電子零組件業,DISCOVERY,2023-07-18,2023-07-19,187.467,0.25,173.5,0.0745063,2023-07-21,173.565,F3_RS_FAILURE,試單後相對大盤落後 ≤ -4%（RS 失敗）,Disc=0.99 10D超額=+27.5% 產業超額=+27.1% outperf10=90% RSaccel=-0.0117 觸發=indep regime=MARKET_SIDEWAYS,-0.0784927,-0.0196232,-0.0558363,0.00550762,3,0.986536,0.806038,0.274637,0.271401,0.9,-0.0117395,2,0.211921,0.0458626,MARKET_SIDEWAYS
8155,博智,電子零組件業,DISCOVERY,2023-12-12,2023-12-13,165.914,0.25,159.5,0.0386571,2023-12-18,159.101,F1_PROBE_LOW,跌破 Probe Low（盤中停損）,Disc=0.97 10D超額=+22.4% 產業超額=+22.4% outperf10=70% RSaccel=-0.0043 觸發=indep regime=MARKET_UP,-0.0454681,-0.011367,-0.0205754,0.0246288,4,0.971429,0.841327,0.224176,0.224423,0.7,-0.00433549,3,0.138827,0.0461804,MARKET_UP
8155,博智,電子零組件業,DISCOVERY,2024-10-17,2024-10-18,149.373,0.25,141,0.0560512,2024-10-25,147.131,F4_TIME_5D,時間停損：_5日內未上漲,Disc=0.96 10D超額=+8.9% 產業超額=+11.8% outperf10=50% RSaccel=+0.0168 觸發=indep regime=MARKET_UP,-0.0194707,-0.00486767,-0.0259251,0.0577583,6,0.961395,0.876454,0.0886396,0.118171,0.5,0.0167539,1,0.0989011,0.0324455,MARKET_UP
8155,博智,電子零組件業,STRICT_OOS,2025-03-10,2025-03-11,133.333,0.25,128.5,0.036244,2025-03-11,128.179,F1_PROBE_LOW,跌破 Probe Low（盤中停損）,Disc=0.95 10D超額=+18.6% 產業超額=+17.0% outperf10=50% RSaccel=+0.0284 觸發=indep regime=MARKET_DOWN,-0.0430664,-0.0107666,,,1,0.950993,0.846572,0.186435,0.169738,0.5,0.0284,2,0.11322,0.0357507,MARKET_DOWN
8171,天宇,通信網路業,DISCOVERY,2023-02-15,2023-02-16,64.16,0.25,59.6,0.0710723,2023-02-23,64.0395,F4_TIME_5D,時間停損：_5日內未上漲,Disc=0.97 10D超額=+8.4% 產業超額=+6.7% outperf10=60% RSaccel=+0.0087 觸發=indep regime=MARKET_UP,-0.00637388,-0.00159347,-0.0476933,0.045823,6,0.966667,0.858416,0.0843514,0.0670917,0.6,0.00866632,3,0.0974244,0.0424983,MARKET_UP
8210,勤誠,電腦及週邊設備業,STRICT_OOS,2025-05-08,2025-05-09,286.715,0.25,254,0.114103,2025-06-09,333.165,PROBE_MAX_LIFE,20 日內未確認,Disc=0.97 10D超額=+12.4% 產業超額=+8.3% outperf10=60% RSaccel=+0.0058 觸發=indep regime=MARKET_UP,0.157143,0.0392858,-0.0199327,0.203285,21,0.97432,0.831098,0.123849,0.0829486,0.6,0.0058443,2,0.14082,0.0433298,MARKET_UP
8210,勤誠,電腦及週邊設備業,STRICT_OOS,2025-07-08,2025-07-09,521.3,0.25,486.5,0.0667562,2025-07-25,532.665,F3_RS_FAILURE,試單後相對大盤落後 ≤ -4%（RS 失敗）,Disc=0.96 10D超額=+11.2% 產業超額=+12.4% outperf10=70% RSaccel=+0.0029 觸發=indep regime=MARKET_SIDEWAYS,0.0172522,0.00431305,-0.0274314,0.0588912,13,0.961656,0.912573,0.111736,0.123815,0.7,0.00288755,1,0.13864,0.0425654,MARKET_SIDEWAYS
8215,明基材,電子工業,DISCOVERY,2024-11-11,2024-11-12,34.2855,0.25,32.4,0.0549941,2024-11-18,33.4163,F2_STRUCTURE,收盤跌破 MA10 且低於成本（短結構失敗）,Disc=0.96 10D超額=+6.4% 產業超額=+9.5% outperf10=50% RSaccel=+0.0092 觸發=indep regime=MARKET_SIDEWAYS,-0.0297962,-0.00744906,-0.0549941,0.000422919,5,0.96124,0.822197,0.0636683,0.0951964,0.5,0.00923374,2,0.0556916,0.0269151,MARKET_SIDEWAYS
8222,寶一,電機機械,DISCOVERY,2024-04-01,2024-04-02,49.6237,0.25,47.05,0.0518653,2024-04-08,46.9324,F1_PROBE_LOW,跌破 Probe Low（盤中停損）,Disc=0.96 10D超額=+13.2% 產業超額=+8.1% outperf10=50% RSaccel=+0.0026 觸發=indep regime=MARKET_UP,-0.0586136,-0.0146534,-0.042797,0.00355173,3,0.956069,0.771754,0.131783,0.0805111,0.5,0.00258315,2,0.0978865,0.0353163,MARKET_UP
8222,寶一,電機機械,STRICT_OOS,2025-04-22,2025-04-23,58.4458,0.25,52.3,0.105153,2025-05-02,59.5508,F3_RS_FAILURE,試單後相對大盤落後 ≤ -4%（RS 失敗）,Disc=0.97 10D超額=+10.0% 產業超額=+11.1% outperf10=60% RSaccel=-0.0278 觸發=indep regime=MARKET_SIDEWAYS,0.0143639,0.00359097,-0.0196036,0.122408,7,0.969402,0.708133,0.099935,0.110828,0.6,-0.027849,2,0.080402,0.0964733,MARKET_SIDEWAYS
8227,巨有科技,半導體業,DISCOVERY,2024-12-20,2024-12-23,196.49,0.25,175,0.109369,2024-12-25,187.53,F3_RS_FAILURE,試單後相對大盤落後 ≤ -4%（RS 失敗）,Disc=0.97 10D超額=+20.2% 產業超額=+21.0% outperf10=50% RSaccel=+0.0165 觸發=indep regime=MARKET_SIDEWAYS,-0.0499977,-0.0124994,-0.0482976,0.0102295,3,0.971774,0.844392,0.202289,0.210166,0.5,0.0165443,1,0.144578,0.0513158,MARKET_SIDEWAYS
8240,華宏,光電業,DISCOVERY,2024-10-21,2024-10-22,46.917,0.25,43.15,0.0802907,2024-10-29,43.092,F2_STRUCTURE,收盤跌破 MA10 且低於成本（短結構失敗）,Disc=0.99 10D超額=+31.0% 產業超額=+31.8% outperf10=70% RSaccel=+0.0086 觸發=indep regime=MARKET_UP,-0.0858435,-0.0214609,-0.0696336,0.0827632,6,0.986369,0.937732,0.310299,0.318046,0.7,0.00857325,2,0.216725,0.0552676,MARKET_UP
8249,菱光,電子零組件業,STRICT_OOS,2025-05-23,2025-05-26,51.6287,0.25,49.65,0.0383265,2025-05-27,49.5259,F1_PROBE_LOW,跌破 Probe Low（盤中停損）,Disc=0.95 10D超額=+13.6% 產業超額=+11.9% outperf10=50% RSaccel=+0.0024 觸發=indep regime=MARKET_UP,-0.045139,-0.0112848,-0.0141152,0.0149384,2,0.951542,0.752549,0.135539,0.119243,0.5,0.00235614,1,0.0963228,0.0356457,MARKET_UP
8271,宇瞻,電子工業,STRICT_OOS,2025-09-15,2025-09-16,68.4707,0.25,63.6,0.0711362,2025-09-24,68.229,F4_TIME_5D,時間停損：_5日內未上漲,Disc=0.96 10D超額=+5.8% 產業超額=+9.9% outperf10=40% RSaccel=+0.0101 觸發=indep regime=MARKET_SIDEWAYS,-0.00802277,-0.00200569,-0.0463081,0.0515439,7,0.959184,0.800868,0.0578903,0.098632,0.4,0.0100664,1,0.0823123,0.0404313,MARKET_SIDEWAYS
8299,群聯,半導體業,DISCOVERY,2023-04-07,2023-04-10,410.022,0.25,381,0.0707827,2023-04-18,408.975,F4_TIME_5D,時間停損：_5日內未上漲,Disc=0.97 10D超額=+13.8% 產業超額=+13.4% outperf10=80% RSaccel=+0.0220 觸發=indep regime=MARKET_SIDEWAYS,-0.00704899,-0.00176225,-0.0268827,0.0365285,7,0.969613,0.93035,0.138267,0.134403,0.8,0.0219577,1,0.115821,0.0343137,MARKET_SIDEWAYS
8299,群聯,半導體業,STRICT_OOS,2025-06-05,2025-06-06,528.317,0.25,492,0.0687418,2025-06-16,524.685,F2_STRUCTURE,收盤跌破 MA10 且低於成本（短結構失敗）,Disc=0.96 10D超額=+3.9% 產業超額=+4.8% outperf10=50% RSaccel=+0.0022 觸發=indep regime=MARKET_UP,-0.0113601,-0.00284003,-0.019529,0.0486119,7,0.959581,0.778181,0.0390768,0.0483591,0.5,0.00221936,2,0.0693569,0.0309299,MARKET_UP
8390,金益鼎,綠能環保,DISCOVERY,2023-05-10,2023-05-11,45.313,0.25,43.1,0.0488381,2023-05-16,43.6905,F2_STRUCTURE,收盤跌破 MA10 且低於成本（短結構失敗）,Disc=0.97 10D超額=+10.4% 產業超額=+7.4% outperf10=60% RSaccel=-0.0008 觸發=indep regime=MARKET_SIDEWAYS,-0.0402259,-0.0100565,-0.0444243,0,4,0.973753,0.780402,0.10384,0.0740669,0.6,-0.000769262,2,0.077449,0.036105,MARKET_SIDEWAYS
8390,金益鼎,綠能環保,DISCOVERY,2024-10-30,2024-11-01,79.6988,0.25,77,0.0338618,2024-11-01,76.8075,F1_PROBE_LOW,跌破 Probe Low（盤中停損）,Disc=0.97 10D超額=+11.9% 產業超額=+12.7% outperf10=80% RSaccel=+0.0176 觸發=indep regime=MARKET_SIDEWAYS,-0.0406955,-0.0101739,,,1,0.969427,0.914635,0.118626,0.127266,0.8,0.0176127,3,0.0665077,0.0239574,MARKET_SIDEWAYS
8420,明揚,運動休閒,DISCOVERY,2023-05-09,2023-05-10,95.2375,0.25,89.6,0.0591941,2023-05-17,91.371,F2_STRUCTURE,收盤跌破 MA10 且低於成本（短結構失敗）,Disc=0.96 10D超額=+11.1% 產業超額=+11.2% outperf10=70% RSaccel=+0.0124 觸發=indep regime=MARKET_SIDEWAYS,-0.0450072,-0.0112518,-0.037144,0.0237564,6,0.959477,0.876035,0.111333,0.111733,0.7,0.0123708,1,0.0676717,0.0289026,MARKET_SIDEWAYS
8422,可寧衛*,綠能環保,DISCOVERY,2024-04-25,2024-04-26,195.487,0.25,188,0.0383017,2024-05-06,192.019,F4_TIME_5D,時間停損：_5日內未上漲,Disc=0.95 10D超額=+10.6% 產業超額=+2.7% outperf10=70% RSaccel=-0.0059 觸發=indep regime=MARKET_SIDEWAYS,-0.0222042,-0.00555105,-0.0229554,0,6,0.951501,0.783735,0.105835,0.0271824,0.7,-0.00592287,1,0.0618023,0.0177656,MARKET_SIDEWAYS
8431,匯鑽科,其他電子業,STRICT_OOS,2026-01-07,2026-01-08,77.8942,0.25,72.6,0.0679672,2026-01-12,72.4185,F1_PROBE_LOW,跌破 Probe Low（盤中停損）,Disc=0.97 10D超額=+14.7% 產業超額=+18.6% outperf10=60% RSaccel=+0.0073 觸發=indep regime=MARKET_UP,-0.0746391,-0.0186598,-0.0268858,0.0488579,3,0.967967,0.879952,0.146785,0.186236,0.6,0.0072846,1,0.187381,0.0657582,MARKET_UP
8436,大江,生技醫療業,STRICT_OOS,2026-07-24,2026-07-27,117.293,0.25,113,0.0365965,2026-07-29,114.713,F2_STRUCTURE,收盤跌破 MA10 且低於成本（短結構失敗）,Disc=0.95 10D超額=+5.5% 產業超額=+10.5% outperf10=50% RSaccel=-0.0047 觸發=indep regime=MARKET_SIDEWAYS,-0.0264468,-0.0066117,-0.023808,0,3,0.953036,0.652877,0.0548686,0.104517,0.5,-0.00466635,1,0.021611,0.0265568,MARKET_SIDEWAYS
8446,華研,文化創意業,DISCOVERY,2024-07-31,2024-08-01,116.29,0.25,110,0.0540889,2024-08-05,109.725,F1_PROBE_LOW,跌破 Probe Low（盤中停損）,Disc=0.96 10D超額=+12.1% 產業超額=+6.1% outperf10=70% RSaccel=+0.0043 觸發=indep regime=MARKET_SIDEWAYS,-0.0608267,-0.0152067,-0.0239917,0.0233038,3,0.960042,0.800048,0.120813,0.0611223,0.7,0.00429657,3,0.044708,0.025577,MARKET_SIDEWAYS
8454,富邦媒,貿易百貨,DISCOVERY,2023-03-27,2023-03-28,922.3,0.25,868,0.0588746,2023-04-06,864.832,F1_PROBE_LOW,跌破 Probe Low（盤中停損）,Disc=0.97 10D超額=+13.4% 產業超額=+18.9% outperf10=70% RSaccel=+0.0116 觸發=indep regime=MARKET_SIDEWAYS,-0.0666687,-0.0166672,-0.0469478,0.0278651,5,0.966079,0.923886,0.133533,0.188906,0.7,0.0116248,1,0.121098,0.0289429,MARKET_SIDEWAYS
8454,富邦媒,貿易百貨,DISCOVERY,2024-04-25,2024-04-26,424.559,0.25,396,0.0672669,2024-05-06,422.94,F4_TIME_5D,時間停損：_5日內未上漲,Disc=0.96 10D超額=+9.7% 產業超額=+4.3% outperf10=70% RSaccel=+0.0086 觸發=indep regime=MARKET_SIDEWAYS,-0.0083042,-0.00207605,-0.0189815,0.059924,6,0.964203,0.794134,0.0968473,0.0426002,0.7,0.0085836,2,0.0757759,0.027759,MARKET_SIDEWAYS
8462,柏文,觀光餐旅,STRICT_OOS,2026-07-14,2026-07-15,168.42,0.25,155.5,0.076713,2026-07-16,161.096,F3_RS_FAILURE,試單後相對大盤落後 ≤ -4%（RS 失敗）,Disc=0.99 10D超額=+18.2% 產業超額=+20.7% outperf10=80% RSaccel=+0.0109 觸發=indep regime=MARKET_SIDEWAYS,-0.0478872,-0.0119718,-0.0499941,0,2,0.988121,0.963233,0.181877,0.20705,0.8,0.0108871,4,0.150508,0.0243798,MARKET_SIDEWAYS
8476,台境,綠能環保,STRICT_OOS,2026-07-23,2026-07-24,24.2605,0.25,23.2,0.043713,2026-07-24,23.142,F1_PROBE_LOW,跌破 Probe Low（盤中停損）,Disc=0.98 10D超額=+4.9% 產業超額=+9.2% outperf10=60% RSaccel=-0.0159 觸發=indep regime=MARKET_SIDEWAYS,-0.0505,-0.012625,,,1,0.976109,0.757885,0.0486704,0.0916155,0.6,-0.0158994,1,0.0350873,0.0561298,MARKET_SIDEWAYS
8478,東哥遊艇,運動休閒,DISCOVERY,2023-10-03,2023-10-04,404.007,0.25,375.5,0.0705618,2023-10-11,374.561,F1_PROBE_LOW,跌破 Probe Low（盤中停損）,Disc=0.98 10D超額=+11.2% 產業超額=+14.4% outperf10=60% RSaccel=+0.0184 觸發=indep regime=MARKET_SIDEWAYS,-0.0772214,-0.0193054,-0.029721,0.0259711,4,0.978395,0.782465,0.111904,0.143906,0.6,0.0184217,2,0.0640807,0.0373856,MARKET_SIDEWAYS
8926,台汽電,油電燃氣業,STRICT_OOS,2026-05-20,2026-05-21,60.6513,0.25,56.1,0.0750396,2026-05-25,59.85,F3_RS_FAILURE,試單後相對大盤落後 ≤ -4%（RS 失敗）,Disc=0.95 10D超額=+31.0% 產業超額=+31.0% outperf10=70% RSaccel=-0.0013 觸發=indep regime=MARKET_SIDEWAYS,-0.017681,-0.00442026,-0.022279,0.0271841,3,0.951794,0.842535,0.309832,0.309832,0.7,-0.00132854,3,0.190263,0.0490103,MARKET_SIDEWAYS
8927,北基,油電燃氣業,DISCOVERY,2023-03-03,2023-03-06,44.0599,0.25,41.75,0.0524259,2023-03-06,41.6456,F1_PROBE_LOW,跌破 Probe Low（盤中停損）,Disc=0.96 10D超額=+16.7% 產業超額=+16.7% outperf10=90% RSaccel=+0.0102 觸發=indep regime=MARKET_SIDEWAYS,-0.0591715,-0.0147929,,,1,0.956076,0.95747,0.167244,0.167244,0.9,0.0102424,2,0.156824,0.0294722,MARKET_SIDEWAYS
8927,北基,油電燃氣業,STRICT_OOS,2025-09-25,2025-09-26,38.8469,0.25,36.9,0.0501166,2025-10-02,36.8078,F1_PROBE_LOW,跌破 Probe Low（盤中停損）,Disc=0.97 10D超額=+6.1% 產業超額=+6.1% outperf10=50% RSaccel=+0.0184 觸發=indep regime=MARKET_UP,-0.0568732,-0.0142183,-0.0153648,0.0168128,4,0.972868,0.741037,0.0611713,0.0611713,0.5,0.0183912,2,0.0415125,0.029808,MARKET_UP
8932,智通*,數位雲端,DISCOVERY,2023-08-02,2023-08-04,72.6813,0.25,68.3,0.0602803,2023-08-09,70.9222,F2_STRUCTURE,收盤跌破 MA10 且低於成本（短結構失敗）,Disc=0.96 10D超額=+11.8% 產業超額=+11.8% outperf10=90% RSaccel=+0.0089 觸發=indep regime=MARKET_SIDEWAYS,-0.0286471,-0.00716178,-0.0245077,0.0910654,4,0.955152,0.91707,0.118438,0.118438,0.9,0.00885876,2,0.0583346,0.0385694,MARKET_SIDEWAYS
8932,智通*,數位雲端,DISCOVERY,2023-09-27,2023-09-28,84.8115,0.25,81,0.0449409,2023-10-04,81.396,F2_STRUCTURE,收盤跌破 MA10 且低於成本（短結構失敗）,Disc=0.96 10D超額=+4.4% 產業超額=+4.4% outperf10=50% RSaccel=+0.0068 觸發=indep regime=MARKET_SIDEWAYS,-0.044681,-0.0111703,-0.0437618,0.0151926,4,0.960061,0.767514,0.0444014,0.0444014,0.5,0.00676577,2,0.0303105,0.0378749,MARKET_SIDEWAYS
8932,智通*,數位雲端,DISCOVERY,2024-03-19,2024-03-20,119.799,0.25,112,0.0650988,2024-03-20,111.72,F1_PROBE_LOW,跌破 Probe Low（盤中停損）,Disc=0.97 10D超額=+5.2% 產業超額=+5.2% outperf10=60% RSaccel=+0.0131 觸發=indep regime=MARKET_UP,-0.0717843,-0.0179461,,,1,0.965517,0.821125,0.052319,0.052319,0.6,0.0130826,2,0.0792504,0.0550508,MARKET_UP
8937,合騏*,其他,STRICT_OOS,2025-03-28,2025-03-31,191.478,0.25,177.5,0.0729981,2025-03-31,177.056,F1_PROBE_LOW,跌破 Probe Low（盤中停損）,Disc=0.98 10D超額=+12.3% 產業超額=+9.1% outperf10=90% RSaccel=+0.0210 觸發=indep regime=MARKET_DOWN,-0.0796462,-0.0199115,,,1,0.976,0.928101,0.122944,0.0905926,0.9,0.0209993,1,0.0957735,0.038961,MARKET_DOWN
8937,合騏*,其他,STRICT_OOS,2025-09-26,2025-09-30,179.448,0.25,167,0.0693657,2025-10-01,166.582,F1_PROBE_LOW,跌破 Probe Low（盤中停損）,Disc=0.96 10D超額=+16.5% 產業超額=+20.6% outperf10=70% RSaccel=+0.0167 觸發=indep regime=MARKET_UP,-0.076031,-0.0190077,-0.0415024,0.00586523,2,0.963636,0.916102,0.164683,0.206394,0.7,0.0166913,1,0.105841,0.0468254,MARKET_UP
8996,高力,電機機械,DISCOVERY,2023-06-01,2023-06-02,265.161,0.25,246,0.0722626,2023-07-04,378.551,PROBE_MAX_LIFE,20 日內未確認,Disc=0.96 10D超額=+15.6% 產業超額=+12.2% outperf10=60% RSaccel=-0.0171 觸發=indep regime=MARKET_UP,0.422164,0.105541,-0.0100363,0.40292,21,0.960219,0.601683,0.155697,0.122103,0.6,-0.0170705,2,0.155614,0.0505952,MARKET_UP
9802,鈺齊-KY,運動休閒,DISCOVERY,2023-08-31,2023-09-01,129.824,0.25,121,0.0679671,2023-09-08,120.698,F1_PROBE_LOW,跌破 Probe Low（盤中停損）,Disc=0.96 10D超額=+5.5% 產業超額=+6.7% outperf10=40% RSaccel=+0.0055 觸發=indep regime=MARKET_SIDEWAYS,-0.074639,-0.0186598,-0.0140479,0.0437227,6,0.955357,0.706845,0.0545932,0.0674385,0.4,0.00552321,2,0.0504886,0.0224252,MARKET_SIDEWAYS
9802,鈺齊-KY,運動休閒,DISCOVERY,2024-05-09,2024-05-10,128.821,0.25,122,0.0529513,2024-05-20,128.678,F3_RS_FAILURE,試單後相對大盤落後 ≤ -4%（RS 失敗）,Disc=0.95 10D超額=+7.6% 產業超額=+9.8% outperf10=60% RSaccel=+0.0030 觸發=indep regime=MARKET_SIDEWAYS,-0.00561338,-0.00140334,-0.0141378,0.0324384,7,0.952765,0.822084,0.0757353,0.0981883,0.6,0.00295032,1,0.108033,0.0271978,MARKET_SIDEWAYS
9907,統一實,其他,STRICT_OOS,2026-07-29,2026-07-30,15.2881,0.25,14.95,0.0221168,2026-08-03,14.9625,F2_STRUCTURE,收盤跌破 MA10 且低於成本（短結構失敗）,Disc=0.96 10D超額=+11.9% 產業超額=+10.0% outperf10=60% RSaccel=+0.0240 觸發=indep regime=MARKET_DOWN,-0.0257513,-0.00643782,-0.0188463,0.0138588,3,0.958042,0.769289,0.119288,0.100101,0.6,0.0240062,3,0.000327976,0.0168618,MARKET_DOWN
9910,豐泰,運動休閒,DISCOVERY,2023-09-13,2023-09-14,202.505,0.25,192,0.0518752,2023-09-21,193.515,F2_STRUCTURE,收盤跌破 MA10 且低於成本（短結構失敗）,Disc=0.99 10D超額=+18.5% 產業超額=+18.1% outperf10=80% RSaccel=+0.0162 觸發=indep regime=MARKET_SIDEWAYS,-0.0487941,-0.0121985,-0.044468,0.00244438,6,0.992248,0.908243,0.184743,0.180588,0.8,0.0162361,3,0.132022,0.0278571,MARKET_SIDEWAYS
9910,豐泰,運動休閒,STRICT_OOS,2025-09-26,2025-09-30,119.799,0.25,111,0.0734461,2025-10-30,121.196,F3_RS_FAILURE,試單後相對大盤落後 ≤ -4%（RS 失敗）,Disc=0.96 10D超額=+4.5% 產業超額=+6.0% outperf10=60% RSaccel=+0.0211 觸發=indep regime=MARKET_UP,0.00713915,0.00178479,-0.0108411,0.135237,20,0.961039,0.835412,0.0447404,0.059663,0.6,0.0211461,2,0.0373626,0.0217918,MARKET_UP
9911,櫻花,居家生活,DISCOVERY,2024-07-31,2024-08-01,97.6435,0.25,89.6,0.0823762,2024-08-05,89.376,F1_PROBE_LOW,跌破 Probe Low（盤中停損）,Disc=0.99 10D超額=+17.6% 產業超額=+17.6% outperf10=70% RSaccel=+0.0206 觸發=indep regime=MARKET_SIDEWAYS,-0.0889798,-0.0222449,-0.0567728,0.0056993,3,0.98633,0.905771,0.176036,0.176036,0.7,0.0205978,4,0.0917251,0.0213625,MARKET_SIDEWAYS
9911,櫻花,居家生活,STRICT_OOS,2025-03-21,2025-03-24,92.631,0.25,89.1,0.038119,2025-03-31,90.2738,F4_TIME_5D,時間停損：_5日內未上漲,Disc=0.96 10D超額=+7.9% 產業超額=+14.4% outperf10=60% RSaccel=+0.0030 觸發=indep regime=MARKET_DOWN,-0.0298905,-0.00747262,-0.0208462,0.0072222,6,0.962252,0.875364,0.0785386,0.143588,0.6,0.00296619,3,0.0434487,0.013262,MARKET_DOWN
9914,美利達,運動休閒,DISCOVERY,2024-07-26,2024-07-29,245.111,0.25,224.5,0.0840894,2024-08-05,236.906,F4_TIME_5D,時間停損：_5日內未上漲,Disc=0.96 10D超額=+17.6% 產業超額=+6.7% outperf10=80% RSaccel=+0.0149 觸發=indep regime=MARKET_SIDEWAYS,-0.0378993,-0.00947482,-0.0371719,0.0587029,6,0.955882,0.893988,0.175704,0.0669932,0.8,0.0148961,1,0.0809609,0.0342446,MARKET_SIDEWAYS
9917,中保科,其他,DISCOVERY,2023-10-16,2023-10-17,115.789,0.25,113,0.0240849,2023-10-24,113.715,F2_STRUCTURE,收盤跌破 MA10 且低於成本（短結構失敗）,Disc=0.95 10D超額=+5.8% 產業超額=+8.0% outperf10=50% RSaccel=+0.0009 觸發=indep regime=MARKET_SIDEWAYS,-0.0223695,-0.00559237,-0.0240848,0.00614265,6,0.952527,0.839885,0.0581089,0.0803801,0.5,0.000914494,1,0.0671573,0.0212438,MARKET_SIDEWAYS
9917,中保科,其他,DISCOVERY,2024-06-24,2024-06-25,134.335,0.25,124.53,0.0729873,2024-06-27,127.68,F3_RS_FAILURE,試單後相對大盤落後 ≤ -4%（RS 失敗）,Disc=0.96 10D超額=+5.7% 產業超額=+8.5% outperf10=40% RSaccel=+0.0245 觸發=indep regime=MARKET_UP,-0.0539289,-0.0134822,-0.0434362,0,3,0.959116,0.812323,0.057374,0.0846548,0.4,0.0245002,1,0.101343,0.0200055,MARKET_UP
9917,中保科,其他,DISCOVERY,2024-12-16,2024-12-17,134.836,0.25,130,0.0358676,2024-12-23,131.171,F2_STRUCTURE,收盤跌破 MA10 且低於成本（短結構失敗）,Disc=0.96 10D超額=+2.5% 產業超額=+9.5% outperf10=50% RSaccel=+0.0097 觸發=indep regime=MARKET_SIDEWAYS,-0.03162,-0.00790499,-0.0358676,0.0160472,5,0.956989,0.76384,0.025285,0.0947375,0.5,0.00965781,2,0.0143288,0.0220393,MARKET_SIDEWAYS
9919,康那香,其他,DISCOVERY,2023-09-26,2023-09-27,19.9497,0.25,19.2,0.037582,2023-10-05,19.8004,F4_TIME_5D,時間停損：_5日內未上漲,Disc=0.98 10D超額=+7.5% 產業超額=+8.5% outperf10=50% RSaccel=+0.0131 觸發=indep regime=MARKET_SIDEWAYS,-0.0119707,-0.00299267,-0.0175315,0.0225692,6,0.984756,0.737264,0.0753405,0.0849323,0.5,0.0131266,3,0.0352761,0.0296296,MARKET_SIDEWAYS
9921,巨大,運動休閒,STRICT_OOS,2025-03-11,2025-03-12,166.415,0.25,157,0.0565754,2025-03-14,154.114,F2_STRUCTURE,收盤跌破 MA10 且低於成本（短結構失敗）,Disc=0.97 10D超額=+9.8% 產業超額=+13.8% outperf10=70% RSaccel=+0.0035 觸發=indep regime=MARKET_DOWN,-0.0782528,-0.0195632,-0.0535709,0.0245471,3,0.967062,0.871233,0.0975691,0.137966,0.7,0.00348629,2,0.0618622,0.033462,MARKET_DOWN
9927,泰銘,其他,STRICT_OOS,2025-04-14,2025-04-15,71.8793,0.25,66.5,0.0748373,2025-04-22,68.8275,F2_STRUCTURE,收盤跌破 MA10 且低於成本（短結構失敗）,Disc=0.95 10D超額=+5.0% 產業超額=+7.9% outperf10=60% RSaccel=-0.0082 觸發=indep regime=MARKET_SIDEWAYS,-0.0468611,-0.0117153,-0.0386655,0.00724479,6,0.953642,0.800486,0.0495739,0.0786217,0.6,-0.00817969,1,-0.0234934,0.0386531,MARKET_SIDEWAYS
9934,成霖,居家生活,DISCOVERY,2024-04-19,2024-04-22,18.2956,0.25,17.4,0.048953,2024-04-25,17.8054,F3_RS_FAILURE,試單後相對大盤落後 ≤ -4%（RS 失敗）,Disc=0.98 10D超額=+11.9% 產業超額=+11.9% outperf10=50% RSaccel=+0.0064 觸發=indep regime=MARKET_SIDEWAYS,-0.0312357,-0.00780893,-0.0380214,0,4,0.978996,0.731369,0.119497,0.119497,0.5,0.00639631,2,0.0681453,0.0351288,MARKET_SIDEWAYS
9934,成霖,居家生活,DISCOVERY,2024-08-13,2024-08-14,19.2981,0.25,17.75,0.0802215,2024-08-21,18.9026,F4_TIME_5D,時間停損：_5日內未上漲,Disc=0.96 10D超額=+6.6% 產業超額=+6.8% outperf10=60% RSaccel=+0.0113 觸發=indep regime=MARKET_SIDEWAYS,-0.0249481,-0.00623703,-0.0361758,0.0234155,6,0.957871,0.840106,0.0656619,0.0677085,0.6,0.0112561,2,0.0597676,0.0445729,MARKET_SIDEWAYS
9937,全國,油電燃氣業,STRICT_OOS,2025-04-08,2025-04-09,59.1475,0.25,55.8,0.0565958,2025-04-10,58.4535,F2_STRUCTURE,收盤跌破 MA10 且低於成本（短結構失敗）,Disc=0.98 10D超額=+12.4% 產業超額=+12.4% outperf10=70% RSaccel=+0.0163 觸發=indep regime=MARKET_DOWN,-0.016207,-0.00405175,-0.0346168,0,2,0.980299,0.844896,0.124011,0.124011,0.7,0.0162527,1,-0.0363196,0.0257239,MARKET_DOWN
9938,百和,其他,DISCOVERY,2024-04-25,2024-04-26,65.4633,0.25,60.8,0.0712346,2024-05-02,63.84,F3_RS_FAILURE,試單後相對大盤落後 ≤ -4%（RS 失敗）,Disc=0.96 10D超額=+15.5% 產業超額=+11.6% outperf10=60% RSaccel=+0.0030 觸發=indep regime=MARKET_SIDEWAYS,-0.0292406,-0.00731014,-0.0361004,0.00667168,4,0.963048,0.866724,0.154848,0.116306,0.6,0.00302229,1,0.0919831,0.0324575,MARKET_SIDEWAYS
9938,百和,其他,DISCOVERY,2024-06-07,2024-06-11,69.1725,0.25,63.3,0.0848965,2024-06-14,66.9322,F3_RS_FAILURE,試單後相對大盤落後 ≤ -4%（RS 失敗）,Disc=0.95 10D超額=+4.5% 產業超額=+2.7% outperf10=50% RSaccel=+0.0154 觸發=indep regime=MARKET_UP,-0.0368136,-0.00920339,-0.0415266,0.0235281,4,0.951111,0.693776,0.0449631,0.0271711,0.5,0.0153821,2,0.0467774,0.0236016,MARKET_UP
9939,宏全,其他,STRICT_OOS,2025-04-08,2025-04-09,138.345,0.25,136,0.0169504,2025-04-09,135.66,F1_PROBE_LOW,跌破 Probe Low（盤中停損）,Disc=0.97 10D超額=+7.9% 產業超額=+5.8% outperf10=50% RSaccel=+0.0245 觸發=indep regime=MARKET_DOWN,-0.0238643,-0.00596608,,,1,0.970109,0.774582,0.0790282,0.0579425,0.5,0.0245158,1,-0.064588,0.0340136,MARKET_DOWN
9939,宏全,其他,STRICT_OOS,2026-07-20,2026-07-21,128.821,0.25,123.5,0.0413073,2026-07-24,129.176,F3_RS_FAILURE,試單後相對大盤落後 ≤ -4%（RS 失敗）,Disc=0.97 10D超額=+14.6% 產業超額=+6.6% outperf10=70% RSaccel=+0.0183 觸發=indep regime=MARKET_SIDEWAYS,-0.00175044,-0.000437611,-0.0102565,0.0402011,4,0.968958,0.844083,0.145858,0.0658884,0.7,0.0182934,3,0.0403525,0.0274658,MARKET_SIDEWAYS
9941,裕融,其他,DISCOVERY,2024-09-27,2024-09-30,153.884,0.25,143.5,0.0674779,2024-10-09,149.126,F4_TIME_5D,時間停損：_5日內未上漲,Disc=0.96 10D超額=+8.1% 產業超額=+9.3% outperf10=70% RSaccel=+0.0068 觸發=indep regime=MARKET_SIDEWAYS,-0.0353466,-0.00883666,-0.0414842,0,6,0.960859,0.840692,0.0808192,0.0932011,0.7,0.00681298,1,0.0862162,0.0221594,MARKET_SIDEWAYS
9945,潤泰新,其他,DISCOVERY,2024-01-02,2024-01-03,39.1977,0.25,36.8,0.0611706,2024-01-09,37.8053,F2_STRUCTURE,收盤跌破 MA10 且低於成本（短結構失敗）,Disc=0.97 10D超額=+4.9% 產業超額=+6.6% outperf10=50% RSaccel=+0.0143 觸發=indep regime=MARKET_UP,-0.0399451,-0.00998626,-0.0433124,0,5,0.97264,0.845261,0.0493827,0.0663056,0.5,0.0142948,2,0.0642625,0.0183803,MARKET_UP
9958,世紀鋼,鋼鐵工業,DISCOVERY,2023-06-01,2023-06-02,111.779,0.25,107.5,0.0382788,2023-06-09,110.723,F4_TIME_5D,時間停損：_5日內未上漲,Disc=0.97 10D超額=+8.8% 產業超額=+11.0% outperf10=50% RSaccel=+0.0176 觸發=indep regime=MARKET_UP,-0.0139282,-0.00348205,-0.0338056,0.0198718,6,0.971193,0.692961,0.0878293,0.109831,0.5,0.0175517,2,0.0740203,0.0317246,MARKET_UP
9958,世紀鋼,鋼鐵工業,DISCOVERY,2023-11-16,2023-11-17,170.926,0.25,164,0.0405219,2023-11-21,163.59,F1_PROBE_LOW,跌破 Probe Low（盤中停損）,Disc=0.99 10D超額=+17.1% 產業超額=+17.1% outperf10=60% RSaccel=+0.0116 觸發=indep regime=MARKET_UP,-0.047324,-0.011831,-0.0375966,0.00628195,3,0.985507,0.787135,0.17142,0.171235,0.6,0.0115604,3,0.0739103,0.0510504,MARKET_UP
9958,世紀鋼,鋼鐵工業,STRICT_OOS,2025-06-12,2025-06-13,227.066,0.25,215,0.0531398,2025-06-23,224.438,F4_TIME_5D,時間停損：_5日內未上漲,Disc=0.99 10D超額=+20.1% 產業超額=+26.9% outperf10=60% RSaccel=-0.0108 觸發=indep regime=MARKET_SIDEWAYS,-0.016051,-0.00401274,-0.0113018,0.0701723,7,0.986547,0.799267,0.200957,0.268816,0.6,-0.0107641,3,0.185554,0.0433617,MARKET_SIDEWAYS
