family,feature,period,quintile,n,fwd20_mean,fwd20_median,fwd20_ex_mean,p_leader20,p_leader30,p_leader40,p_mae10,maxc40_p90,fwd20_p95,fwd20_p05
MKT_REL,ex_1,DISCOVERY,1,67410,0.0147957,-0.00431653,-0.00361326,0.240464,0.136738,0.081292,0.460022,0.356557,0.261017,-0.16127
MKT_REL,ex_1,DISCOVERY,2,67617,0.013657,0,-0.00480102,0.185072,0.0964559,0.0558678,0.368858,0.294657,0.209078,-0.133333
MKT_REL,ex_1,DISCOVERY,3,67625,0.0136804,6.04044e-09,-0.0046518,0.174261,0.0907908,0.0515107,0.341246,0.284848,0.19923,-0.129109
MKT_REL,ex_1,DISCOVERY,4,67568,0.0138923,-4.44089e-16,-0.00450152,0.188863,0.101041,0.0581139,0.36051,0.301554,0.215836,-0.137433
MKT_REL,ex_1,DISCOVERY,5,67761,0.0157668,-0.00574255,-0.0026436,0.262863,0.153924,0.0961567,0.473596,0.39061,0.28838,-0.177145
MKT_REL,ex_1,STRICT_OOS,1,61485,0.0194601,-0.00782473,-0.0120479,0.307246,0.204094,0.139414,0.558787,0.498339,0.3574,-0.219858
MKT_REL,ex_1,STRICT_OOS,2,61597,0.0175167,-0.00228338,-0.0140374,0.259402,0.158449,0.10451,0.476288,0.411215,0.289229,-0.187501
MKT_REL,ex_1,STRICT_OOS,3,61982,0.0165948,-2.91983e-09,-0.0148947,0.245195,0.147865,0.0953085,0.450596,0.38756,0.270833,-0.178006
MKT_REL,ex_1,STRICT_OOS,4,61617,0.0192186,-1.21297e-08,-0.0124368,0.260042,0.161277,0.105672,0.460121,0.413793,0.294186,-0.185049
MKT_REL,ex_1,STRICT_OOS,5,61869,0.0245008,-0.00666668,-0.0070476,0.331733,0.225815,0.15972,0.565567,0.548951,0.4,-0.231265
MKT_REL,ex_1,Y2023,1,33728,0.0189639,5.27097e-09,0.00645498,0.238546,0.133389,0.0773702,0.388393,0.348884,0.25,-0.144974
MKT_REL,ex_1,Y2023,2,33754,0.016968,0.00341296,0.00442755,0.179019,0.0924878,0.0524818,0.291658,0.288339,0.2,-0.12037
MKT_REL,ex_1,Y2023,3,33906,0.0162835,0.00382897,0.00370118,0.165821,0.083471,0.0451864,0.265898,0.274846,0.187632,-0.115538
MKT_REL,ex_1,Y2023,4,33851,0.017111,0.00327869,0.00458504,0.183384,0.096434,0.0540668,0.289213,0.293617,0.206909,-0.12472
MKT_REL,ex_1,Y2023,5,33937,0.0196374,-4.49415e-09,0.00707068,0.261256,0.148692,0.0908475,0.40544,0.380735,0.273798,-0.161836
MKT_REL,ex_1,Y2024,1,39701,0.00505888,-0.0156613,-0.0162875,0.228764,0.131021,0.0791515,0.544841,0.351285,0.261273,-0.175342
MKT_REL,ex_1,Y2024,2,39903,0.0058559,-0.00755293,-0.0155209,0.181474,0.0948097,0.0551114,0.458159,0.291706,0.208531,-0.147477
MKT_REL,ex_1,Y2024,3,39800,0.00690458,-0.00706712,-0.0142588,0.173724,0.0929309,0.053904,0.42706,0.286496,0.201879,-0.142341
MKT_REL,ex_1,Y2024,4,39759,0.0061101,-0.00793651,-0.0151958,0.182758,0.0990894,0.0580097,0.440934,0.297706,0.215757,-0.150081
MKT_REL,ex_1,Y2024,5,39893,0.00667629,-0.0159574,-0.0146231,0.250965,0.149476,0.0941182,0.552249,0.384946,0.28972,-0.191221
MKT_REL,ex_1,Y2025,1,34314,0.00978949,-0.00854701,-0.015115,0.254001,0.156663,0.0992916,0.512841,0.398204,0.287229,-0.207157
MKT_REL,ex_1,Y2025,2,34391,0.00905855,-0.00277782,-0.0160047,0.209684,0.120198,0.0723281,0.439436,0.336941,0.242574,-0.184299
MKT_REL,ex_1,Y2025,3,34583,0.0091554,-0.00126195,-0.0155437,0.197374,0.111876,0.0662058,0.422225,0.321833,0.23117,-0.178248
MKT_REL,ex_1,Y2025,4,34425,0.0107775,-0.00194173,-0.0142913,0.208548,0.119004,0.0721113,0.431564,0.333333,0.243095,-0.17908
MKT_REL,ex_1,Y2025,5,34510,0.0132592,-0.0078125,-0.0117919,0.275154,0.174479,0.113082,0.525292,0.430812,0.313233,-0.209934
MKT_REL,ex_1,Y2026YTD,1,27171,0.0316713,-0.00681896,-0.00817491,0.383104,0.27167,0.196578,0.624247,0.652164,0.442876,-0.234029
MKT_REL,ex_1,Y2026YTD,2,27206,0.0282079,-0.00160514,-0.0115507,0.330372,0.213052,0.150448,0.528894,0.529507,0.354669,-0.190213
MKT_REL,ex_1,Y2026YTD,3,27399,0.0259837,2.22045e-16,-0.0140755,0.313301,0.199119,0.136755,0.491,0.489633,0.32733,-0.177703
MKT_REL,ex_1,Y2026YTD,4,27192,0.0299055,4.36786e-10,-0.0100888,0.333638,0.221692,0.153635,0.500934,0.538138,0.358085,-0.193391
MKT_REL,ex_1,Y2026YTD,5,27359,0.0386778,-0.0046225,-0.00106445,0.412262,0.298882,0.226101,0.622891,0.707518,0.49244,-0.253921
MKT_REL,cex_5,DISCOVERY,1,67431,0.0127277,-0.00321346,-0.00567325,0.222507,0.121303,0.0700703,0.447922,0.334532,0.235118,-0.153566
MKT_REL,cex_5,DISCOVERY,2,67625,0.0130212,6.56422e-09,-0.00538918,0.176652,0.0911215,0.0507151,0.354754,0.284683,0.199281,-0.131072
MKT_REL,cex_5,DISCOVERY,3,67591,0.0135085,0.0010641,-0.0048827,0.169907,0.0879202,0.0490649,0.332416,0.279984,0.197831,-0.126864
MKT_REL,cex_5,DISCOVERY,4,67611,0.0150251,-2.26762e-09,-0.00337748,0.198793,0.105543,0.0616689,0.365561,0.309086,0.223477,-0.139911
MKT_REL,cex_5,DISCOVERY,5,67777,0.0175019,-0.00923787,-0.000904101,0.283596,0.172999,0.111364,0.503637,0.425433,0.314373,-0.183582
MKT_REL,cex_5,STRICT_OOS,1,61552,0.0168339,-0.00651254,-0.014728,0.291381,0.187152,0.125515,0.54284,0.462789,0.327605,-0.212618
MKT_REL,cex_5,STRICT_OOS,2,61730,0.016115,-0.00294982,-0.0154549,0.251186,0.154182,0.100485,0.472699,0.401313,0.279533,-0.183607
MKT_REL,cex_5,STRICT_OOS,3,61732,0.0168399,-2.11609e-09,-0.0147249,0.24669,0.147761,0.0949188,0.449717,0.387118,0.276508,-0.182369
MKT_REL,cex_5,STRICT_OOS,4,61739,0.0196709,-0.00161682,-0.0118912,0.263374,0.166308,0.110235,0.468765,0.42583,0.306154,-0.188698
MKT_REL,cex_5,STRICT_OOS,5,61892,0.0277606,-0.0054054,-0.00380419,0.350998,0.242048,0.17338,0.577509,0.580931,0.422087,-0.23371
MKT_REL,cex_5,Y2023,1,33742,0.0168562,0.00106383,0.0043097,0.220114,0.11806,0.0666924,0.377597,0.327087,0.228838,-0.138959
MKT_REL,cex_5,Y2023,2,33844,0.0166564,0.00451253,0.00411194,0.171257,0.0866481,0.0473728,0.279065,0.27821,0.192769,-0.118887
MKT_REL,cex_5,Y2023,3,33830,0.0162264,0.00369237,0.00370266,0.162769,0.0830993,0.0451415,0.256009,0.27389,0.190776,-0.113705
MKT_REL,cex_5,Y2023,4,33855,0.0188007,0.00347219,0.00623944,0.19288,0.101004,0.0567504,0.291315,0.301257,0.214774,-0.125926
MKT_REL,cex_5,Y2023,5,33927,0.0203965,-0.00350876,0.00784875,0.281019,0.16564,0.103941,0.436665,0.409502,0.294544,-0.169674
MKT_REL,cex_5,Y2024,1,39718,0.00311763,-0.0138568,-0.0181811,0.212465,0.116797,0.0679678,0.533871,0.328782,0.231816,-0.166667
MKT_REL,cex_5,Y2024,2,39833,0.00459064,-0.00799999,-0.0167258,0.173107,0.090521,0.0508223,0.446177,0.282545,0.196742,-0.144628
MKT_REL,cex_5,Y2024,3,39818,0.00677417,-0.00545579,-0.0145221,0.168082,0.0879841,0.049882,0.417366,0.278162,0.197538,-0.142064
MKT_REL,cex_5,Y2024,4,39808,0.00723383,-0.00804309,-0.0140543,0.192368,0.102829,0.061627,0.44591,0.304927,0.223304,-0.154032
MKT_REL,cex_5,Y2024,5,39913,0.00890123,-0.0202775,-0.0124043,0.271543,0.16911,0.10995,0.579944,0.422497,0.32045,-0.196515
MKT_REL,cex_5,Y2025,1,34347,0.008678,-0.0062598,-0.0162757,0.241408,0.144484,0.0896144,0.499126,0.375,0.270896,-0.202423
MKT_REL,cex_5,Y2025,2,34461,0.00809372,-0.00322583,-0.0168882,0.202955,0.114452,0.0687063,0.436562,0.3264,0.234936,-0.18324
MKT_REL,cex_5,Y2025,3,34445,0.00765595,-0.0022124,-0.0173133,0.19328,0.108285,0.0634492,0.419694,0.317118,0.22672,-0.180563
MKT_REL,cex_5,Y2025,4,34464,0.0106235,-0.00316456,-0.014347,0.213761,0.124699,0.0751328,0.438086,0.341815,0.246935,-0.178305
MKT_REL,cex_5,Y2025,5,34550,0.0170062,-0.00662252,-0.00796485,0.293379,0.190307,0.126118,0.537827,0.459213,0.337581,-0.213087
MKT_REL,cex_5,Y2026YTD,1,27205,0.0271296,-0.00694444,-0.0127743,0.362569,0.247936,0.176659,0.605111,0.598212,0.406545,-0.223363
MKT_REL,cex_5,Y2026YTD,2,27269,0.0262503,-0.002574,-0.0136438,0.319975,0.210847,0.145808,0.524239,0.517012,0.342039,-0.184155
MKT_REL,cex_5,Y2026YTD,3,27287,0.0284328,0.00157233,-0.0114575,0.322783,0.204005,0.139754,0.492491,0.498411,0.340249,-0.184158
MKT_REL,cex_5,Y2026YTD,4,27275,0.0311028,-1.11022e-16,-0.00878815,0.334134,0.225653,0.1603,0.51252,0.554286,0.380656,-0.201722
MKT_REL,cex_5,Y2026YTD,5,27342,0.0413479,-0.00381437,0.00145241,0.43316,0.315829,0.240773,0.634093,0.752285,0.508116,-0.255657
MKT_REL,resid_5,DISCOVERY,1,67426,0.0125959,-0.00347222,-0.00580279,0.221634,0.120763,0.0700607,0.449097,0.333333,0.235449,-0.153627
MKT_REL,resid_5,DISCOVERY,2,67602,0.0128389,7.72039e-09,-0.00556595,0.176488,0.0901155,0.0500362,0.356497,0.283298,0.197985,-0.131868
MKT_REL,resid_5,DISCOVERY,3,67600,0.0130924,0.00103628,-0.00530656,0.167581,0.086476,0.0481277,0.328757,0.277778,0.194826,-0.125984
MKT_REL,resid_5,DISCOVERY,4,67602,0.0155607,6.56961e-10,-0.0028399,0.199967,0.106663,0.0618824,0.36261,0.311558,0.22615,-0.139705
MKT_REL,resid_5,DISCOVERY,5,67768,0.0177095,-0.00971922,-0.000690393,0.285748,0.17484,0.112738,0.50718,0.428571,0.31628,-0.184211
MKT_REL,resid_5,STRICT_OOS,1,61535,0.0174847,-0.00668896,-0.0140666,0.295767,0.18988,0.126924,0.548621,0.466777,0.32944,-0.212279
MKT_REL,resid_5,STRICT_OOS,2,61715,0.0168705,-0.00207684,-0.0146782,0.252172,0.153437,0.0996399,0.473793,0.399083,0.280228,-0.182328
MKT_REL,resid_5,STRICT_OOS,3,61714,0.0160431,-6.42088e-09,-0.0155246,0.239248,0.143552,0.0928284,0.442398,0.382004,0.270173,-0.179648
MKT_REL,resid_5,STRICT_OOS,4,61715,0.0190399,-0.00167123,-0.0125122,0.261797,0.16486,0.108115,0.462565,0.419384,0.301103,-0.188627
MKT_REL,resid_5,STRICT_OOS,5,61880,0.0278497,-0.00639386,-0.00369648,0.354474,0.245587,0.176854,0.583755,0.587786,0.426885,-0.235383
MKT_REL,resid_5,Y2023,1,33742,0.0169518,5.03544e-08,0.00440812,0.220559,0.11806,0.0670777,0.377657,0.32721,0.229018,-0.13855
MKT_REL,resid_5,Y2023,2,33841,0.0162781,0.00435098,0.00373475,0.169228,0.0855007,0.0459865,0.281032,0.2761,0.191879,-0.119278
MKT_REL,resid_5,Y2023,3,33838,0.0159981,0.003681,0.00345152,0.161263,0.0818136,0.0449857,0.252328,0.272325,0.18847,-0.112382
MKT_REL,resid_5,Y2023,4,33841,0.0189678,0.00382535,0.00642499,0.194048,0.101309,0.0562107,0.28986,0.301694,0.215703,-0.125926
MKT_REL,resid_5,Y2023,5,33926,0.0207608,-0.00371063,0.00821199,0.282884,0.167767,0.105654,0.439744,0.412655,0.297568,-0.170346
MKT_REL,resid_5,Y2024,1,39713,0.00274923,-0.0145278,-0.0185484,0.210175,0.115804,0.0675734,0.535827,0.327046,0.231691,-0.167415
MKT_REL,resid_5,Y2024,2,39815,0.0046348,-0.00779221,-0.0166709,0.174793,0.089733,0.0507197,0.44761,0.281795,0.195145,-0.145179
MKT_REL,resid_5,Y2024,3,39813,0.00627992,-0.00539811,-0.0150159,0.165038,0.086488,0.0484061,0.414127,0.275523,0.194052,-0.140654
MKT_REL,resid_5,Y2024,4,39815,0.00805872,-0.0073568,-0.013239,0.193384,0.104366,0.0623932,0.441299,0.308403,0.226151,-0.15309
MKT_REL,resid_5,Y2024,5,39905,0.00890065,-0.0210722,-0.0123941,0.27416,0.170802,0.111078,0.584185,0.424213,0.322069,-0.197311
MKT_REL,resid_5,Y2025,1,34336,0.00887805,-0.00632414,-0.016062,0.24295,0.144826,0.0896457,0.501486,0.375353,0.269419,-0.201651
MKT_REL,resid_5,Y2025,2,34447,0.0091206,-0.00259067,-0.0158284,0.205825,0.114702,0.0682406,0.437117,0.326991,0.237211,-0.18125
MKT_REL,resid_5,Y2025,3,34444,0.00701377,-0.00260927,-0.017957,0.18799,0.106075,0.0627505,0.417591,0.312015,0.223607,-0.177913
MKT_REL,resid_5,Y2025,4,34447,0.0105866,-0.00285339,-0.0143646,0.212537,0.124154,0.0740397,0.432711,0.340289,0.247031,-0.179372
MKT_REL,resid_5,Y2025,5,34545,0.0164393,-0.00740741,-0.0085255,0.295072,0.192129,0.128019,0.542046,0.462791,0.341405,-0.21555
MKT_REL,resid_5,Y2026YTD,1,27199,0.0283479,-0.00733049,-0.0115481,0.371001,0.254057,0.180022,0.615761,0.607813,0.41233,-0.223376
MKT_REL,resid_5,Y2026YTD,2,27268,0.0266594,-0.0016892,-0.0132254,0.31825,0.208661,0.144407,0.526083,0.509403,0.340967,-0.184204
MKT_REL,resid_5,Y2026YTD,3,27270,0.0274482,0.0016104,-0.0124522,0.312329,0.196986,0.135713,0.477768,0.488901,0.330978,-0.18095
MKT_REL,resid_5,Y2026YTD,4,27268,0.0297185,-9.10756e-10,-0.0101721,0.332036,0.222903,0.156703,0.505134,0.547712,0.372701,-0.20025
MKT_REL,resid_5,Y2026YTD,5,27335,0.0422673,-0.00442478,0.00240522,0.439191,0.321825,0.2465,0.643238,0.763259,0.513437,-0.256477
MKT_REL,oc_rel5,DISCOVERY,1,67431,0.011921,-0.00655738,-0.00647897,0.233472,0.129582,0.0764941,0.475296,0.347113,0.247583,-0.158196
MKT_REL,oc_rel5,DISCOVERY,2,67610,0.0128461,-0.000610839,-0.0055588,0.190512,0.100382,0.0572025,0.383761,0.300484,0.211845,-0.137864
MKT_REL,oc_rel5,DISCOVERY,3,67601,0.0132641,0.00126118,-0.00513395,0.171322,0.0883093,0.0490886,0.336845,0.280929,0.196159,-0.129316
MKT_REL,oc_rel5,DISCOVERY,4,67610,0.0158928,0.00195311,-0.00251031,0.186456,0.0981761,0.0574531,0.334127,0.297154,0.215423,-0.134328
MKT_REL,oc_rel5,DISCOVERY,5,67779,0.0178582,-0.00540543,-0.00054812,0.269755,0.162493,0.102687,0.474391,0.406654,0.301261,-0.17841
MKT_REL,oc_rel5,STRICT_OOS,1,61549,0.0186502,-0.00696517,-0.0129125,0.305965,0.197851,0.133423,0.557719,0.482102,0.341792,-0.218396
MKT_REL,oc_rel5,STRICT_OOS,2,61735,0.0160688,-0.00370715,-0.0155,0.261269,0.16148,0.105845,0.491265,0.414109,0.291387,-0.189619
MKT_REL,oc_rel5,STRICT_OOS,3,61728,0.0177398,-6.444e-09,-0.0138246,0.249023,0.152079,0.0988038,0.45059,0.39749,0.281236,-0.181586
MKT_REL,oc_rel5,STRICT_OOS,4,61735,0.0194169,-4.44089e-16,-0.0121489,0.252389,0.158346,0.104723,0.451068,0.412724,0.3,-0.186548
MKT_REL,oc_rel5,STRICT_OOS,5,61892,0.0253594,-0.0053476,-0.00620929,0.335041,0.227728,0.161751,0.560931,0.552336,0.401345,-0.227911
MKT_REL,oc_rel5,Y2023,1,33743,0.01468,-0.00301205,0.00213856,0.231941,0.126449,0.0716424,0.408898,0.339114,0.239242,-0.144444
MKT_REL,oc_rel5,Y2023,2,33843,0.0167248,0.00288184,0.00418045,0.188351,0.0970716,0.0537514,0.308886,0.295642,0.206897,-0.124535
MKT_REL,oc_rel5,Y2023,3,33840,0.0171418,0.00500939,0.00459483,0.164972,0.0843185,0.0458683,0.258748,0.274817,0.189439,-0.115216
MKT_REL,oc_rel5,Y2023,4,33843,0.0193984,0.00501675,0.00685431,0.177305,0.0916076,0.0521868,0.258865,0.288346,0.205735,-0.119365
MKT_REL,oc_rel5,Y2023,5,33928,0.0209788,-2.35914e-09,0.00843131,0.265537,0.155071,0.0964917,0.405454,0.39146,0.283428,-0.164495
MKT_REL,oc_rel5,Y2024,1,39717,0.00338243,-0.017094,-0.0179191,0.222544,0.124833,0.0756,0.55801,0.343376,0.245455,-0.172085
MKT_REL,oc_rel5,Y2024,2,39822,0.00479045,-0.00961538,-0.0165153,0.184328,0.0984805,0.0566369,0.470853,0.297451,0.209421,-0.150278
MKT_REL,oc_rel5,Y2024,3,39812,0.0053699,-0.0066401,-0.0159229,0.168115,0.0870974,0.0493142,0.425087,0.277955,0.196635,-0.143727
MKT_REL,oc_rel5,Y2024,4,39822,0.00779128,-0.00557621,-0.0135096,0.182987,0.0975212,0.0579652,0.418942,0.295369,0.213953,-0.149652
MKT_REL,oc_rel5,Y2024,5,39914,0.0092878,-0.0157791,-0.0120178,0.259646,0.159351,0.100772,0.550461,0.402257,0.304348,-0.191906
MKT_REL,oc_rel5,Y2025,1,34345,0.0103489,-0.00633583,-0.014601,0.255213,0.153454,0.096575,0.504835,0.390625,0.280873,-0.207396
MKT_REL,oc_rel5,Y2025,2,34461,0.00817031,-0.0040858,-0.0167997,0.210774,0.120334,0.0716027,0.45211,0.336525,0.245496,-0.187218
MKT_REL,oc_rel5,Y2025,3,34447,0.00823058,-0.00250311,-0.016754,0.194895,0.110224,0.066233,0.424025,0.318814,0.228124,-0.179311
MKT_REL,oc_rel5,Y2025,4,34461,0.0101941,-0.00183823,-0.0147726,0.201109,0.118233,0.0712938,0.424889,0.331352,0.240735,-0.177319
MKT_REL,oc_rel5,Y2025,5,34550,0.015102,-0.00606061,-0.00987199,0.282794,0.17996,0.117281,0.525463,0.438515,0.318017,-0.208672
MKT_REL,oc_rel5,Y2026YTD,1,27204,0.0291293,-0.00806451,-0.0107811,0.378267,0.261099,0.185918,0.63306,0.617867,0.421234,-0.231841
MKT_REL,oc_rel5,Y2026YTD,2,27274,0.0260481,-0.00334635,-0.0138579,0.333278,0.220157,0.154677,0.547103,0.53569,0.356074,-0.192992
MKT_REL,oc_rel5,Y2026YTD,3,27281,0.0297484,0.00128205,-0.0101252,0.326173,0.211737,0.145228,0.488453,0.512599,0.346221,-0.18462
MKT_REL,oc_rel5,Y2026YTD,4,27274,0.0310664,0.00190477,-0.00883487,0.325498,0.215536,0.152382,0.488391,0.541253,0.365517,-0.19598
MKT_REL,oc_rel5,Y2026YTD,5,27342,0.0383194,-0.00440529,-0.00158153,0.409545,0.295847,0.225167,0.61151,0.722208,0.489081,-0.249173
MKT_REL,clv_rel5,DISCOVERY,1,67430,0.00983969,-0.00530035,-0.00856208,0.197612,0.10649,0.0612623,0.428184,0.310993,0.217292,-0.144436
MKT_REL,clv_rel5,DISCOVERY,2,67614,0.0124775,-0.00333055,-0.00592499,0.205804,0.111925,0.0657467,0.413058,0.319648,0.226341,-0.145234
MKT_REL,clv_rel5,DISCOVERY,3,67600,0.0144079,-0.00149032,-0.00398904,0.209643,0.114726,0.0680366,0.401015,0.324958,0.235959,-0.147619
MKT_REL,clv_rel5,DISCOVERY,4,67611,0.0168442,5.55119e-09,-0.00156009,0.217462,0.118539,0.070224,0.387719,0.329022,0.243485,-0.149702
MKT_REL,clv_rel5,DISCOVERY,5,67780,0.0182057,0.00218818,-0.000200035,0.221027,0.127283,0.0776745,0.374591,0.347354,0.25742,-0.161755
MKT_REL,clv_rel5,STRICT_OOS,1,61551,0.0154187,-0.00471698,-0.0161371,0.263853,0.163706,0.108019,0.498853,0.418299,0.294726,-0.1925
MKT_REL,clv_rel5,STRICT_OOS,2,61735,0.0181985,-0.00348432,-0.0133732,0.275882,0.174486,0.115522,0.502064,0.437799,0.309091,-0.19695
MKT_REL,clv_rel5,STRICT_OOS,3,61731,0.0200471,-0.00306748,-0.0115144,0.281413,0.180773,0.121146,0.500196,0.453829,0.320807,-0.201215
MKT_REL,clv_rel5,STRICT_OOS,4,61735,0.0218768,-0.00289854,-0.009691,0.287155,0.185471,0.125911,0.500964,0.464444,0.339053,-0.203297
MKT_REL,clv_rel5,STRICT_OOS,5,61893,0.0216905,-0.00190476,-0.0098762,0.295388,0.193074,0.133986,0.509496,0.490343,0.354747,-0.216844
MKT_REL,clv_rel5,Y2023,1,33742,0.0118976,-0.00260599,-0.000642825,0.190201,0.099502,0.0554568,0.360573,0.299104,0.203983,-0.131785
MKT_REL,clv_rel5,Y2023,2,33845,0.0158598,2.22045e-16,0.00331665,0.20315,0.106524,0.0599846,0.340317,0.309524,0.215106,-0.130611
MKT_REL,clv_rel5,Y2023,3,33840,0.0185414,0.00270715,0.00599481,0.20675,0.111768,0.064927,0.32762,0.319711,0.230769,-0.132714
MKT_REL,clv_rel5,Y2023,4,33843,0.0214646,0.0046729,0.00891684,0.212916,0.115383,0.0665879,0.31163,0.322983,0.236636,-0.134275
MKT_REL,clv_rel5,Y2023,5,33928,0.0211579,0.00646158,0.00861199,0.215111,0.121337,0.072991,0.300808,0.334733,0.24515,-0.146652
MKT_REL,clv_rel5,Y2024,1,39717,0.00251115,-0.0143457,-0.0187947,0.192339,0.104594,0.0607465,0.507984,0.308442,0.220635,-0.157419
MKT_REL,clv_rel5,Y2024,2,39824,0.00444888,-0.0114754,-0.0168525,0.197961,0.110042,0.0663971,0.495568,0.318373,0.226772,-0.160059
MKT_REL,clv_rel5,Y2024,3,39811,0.00588872,-0.0102339,-0.0154039,0.202226,0.111588,0.0662446,0.48489,0.319704,0.233175,-0.162917
MKT_REL,clv_rel5,Y2024,4,39823,0.00742699,-0.00822368,-0.013872,0.209684,0.114926,0.0693422,0.476957,0.325527,0.241662,-0.163637
MKT_REL,clv_rel5,Y2024,5,39915,0.0103356,-0.0075188,-0.0109707,0.215429,0.126156,0.0775726,0.458094,0.347107,0.259804,-0.173492
MKT_REL,clv_rel5,Y2025,1,34346,0.00736054,-0.00542005,-0.017592,0.216397,0.122819,0.0754624,0.46422,0.340535,0.247451,-0.186667
MKT_REL,clv_rel5,Y2025,2,34461,0.0098785,-0.00398406,-0.0150961,0.228411,0.135294,0.0826972,0.462454,0.359438,0.260971,-0.191832
MKT_REL,clv_rel5,Y2025,3,34449,0.0106862,-0.00414508,-0.0142858,0.229467,0.136914,0.0855277,0.462041,0.364519,0.265379,-0.195169
MKT_REL,clv_rel5,Y2025,4,34461,0.0117844,-0.00417536,-0.0131839,0.232636,0.142484,0.0889618,0.468,0.375,0.272983,-0.195934
MKT_REL,clv_rel5,Y2025,5,34550,0.0123564,-0.00228833,-0.0126227,0.237941,0.144768,0.0904221,0.474637,0.378023,0.277818,-0.193802
MKT_REL,clv_rel5,Y2026YTD,1,27205,0.0255918,-0.00365631,-0.0143004,0.331466,0.221959,0.154405,0.548197,0.532478,0.362554,-0.2
MKT_REL,clv_rel5,Y2026YTD,2,27274,0.0287093,-0.00264638,-0.0111967,0.34357,0.230371,0.162328,0.558545,0.55935,0.374637,-0.202955
MKT_REL,clv_rel5,Y2026YTD,3,27282,0.0318666,-0.00130898,-0.00801516,0.355441,0.243277,0.171907,0.554572,0.579295,0.396137,-0.206612
MKT_REL,clv_rel5,Y2026YTD,4,27274,0.034628,-1.39459e-08,-0.00527791,0.364901,0.246772,0.178601,0.547972,0.602967,0.416555,-0.212939
MKT_REL,clv_rel5,Y2026YTD,5,27343,0.0334824,-0.00142045,-0.00640648,0.377302,0.261952,0.196103,0.559202,0.658665,0.442482,-0.242019
MKT_REL,lc_rel5,DISCOVERY,1,67431,0.00932196,0.0013089,-0.00907877,0.120456,0.0572539,0.0307628,0.27467,0.223123,0.151806,-0.106796
MKT_REL,lc_rel5,DISCOVERY,2,67610,0.0128393,0.00123764,-0.00556724,0.159492,0.0792432,0.043978,0.325464,0.265135,0.184502,-0.12037
MKT_REL,lc_rel5,DISCOVERY,3,67601,0.0142114,-1.39374e-09,-0.00418688,0.200757,0.104758,0.05715,0.384147,0.307074,0.21302,-0.136752
MKT_REL,lc_rel5,DISCOVERY,4,67610,0.0159515,-0.00421941,-0.00244995,0.24976,0.138267,0.0814485,0.455644,0.360276,0.260776,-0.157652
MKT_REL,lc_rel5,DISCOVERY,5,67779,0.0194475,-0.0123762,0.00104214,0.320628,0.199138,0.129399,0.56374,0.46382,0.349054,-0.19774
MKT_REL,lc_rel5,STRICT_OOS,1,61549,0.0106546,1.18184e-08,-0.020903,0.166533,0.089187,0.0552542,0.347371,0.27927,0.191641,-0.142584
MKT_REL,lc_rel5,STRICT_OOS,2,61735,0.0136907,-0.00240095,-0.0178777,0.231761,0.133983,0.0835494,0.445864,0.35983,0.251994,-0.170503
MKT_REL,lc_rel5,STRICT_OOS,3,61728,0.0194089,-0.00350877,-0.0121572,0.283125,0.177994,0.114909,0.509138,0.434227,0.306998,-0.190909
MKT_REL,lc_rel5,STRICT_OOS,4,61735,0.0244615,-0.00492611,-0.00710961,0.332173,0.220209,0.150605,0.564358,0.521444,0.369215,-0.215909
MKT_REL,lc_rel5,STRICT_OOS,5,61892,0.0289867,-0.0118483,-0.00258055,0.389554,0.275678,0.199908,0.644025,0.637443,0.455168,-0.254526
MKT_REL,lc_rel5,Y2023,1,33743,0.0111291,0.00361012,-0.00141164,0.108071,0.0498859,0.0262323,0.196876,0.207969,0.139687,-0.0940867
MKT_REL,lc_rel5,Y2023,2,33843,0.0146591,0.00396563,0.00211699,0.149113,0.072961,0.0376773,0.252216,0.25654,0.172933,-0.10845
MKT_REL,lc_rel5,Y2023,3,33840,0.018499,0.00406505,0.00594947,0.199084,0.101108,0.0533471,0.310093,0.301273,0.208217,-0.124033
MKT_REL,lc_rel5,Y2023,4,33843,0.020544,0.00115875,0.00800059,0.252091,0.134955,0.0773322,0.383411,0.353271,0.252252,-0.142718
MKT_REL,lc_rel5,Y2023,5,33928,0.0240743,-0.00512821,0.0115258,0.319242,0.195277,0.125144,0.497391,0.456,0.335664,-0.182979
MKT_REL,lc_rel5,Y2024,1,39717,0.00352282,-0.00458016,-0.0177804,0.126313,0.0612928,0.0330639,0.364685,0.229859,0.157512,-0.120753
MKT_REL,lc_rel5,Y2024,2,39822,0.0068843,-0.00570342,-0.0144253,0.160718,0.0804722,0.0464147,0.409067,0.265766,0.188015,-0.132259
MKT_REL,lc_rel5,Y2024,3,39812,0.00540343,-0.00970874,-0.015888,0.190103,0.100955,0.056217,0.468224,0.301372,0.208535,-0.149746
MKT_REL,lc_rel5,Y2024,4,39822,0.00657945,-0.0148976,-0.01472,0.233882,0.132588,0.0792164,0.538691,0.353858,0.258908,-0.170704
MKT_REL,lc_rel5,Y2024,5,39914,0.0082353,-0.0259179,-0.0130676,0.306254,0.191741,0.125213,0.641977,0.454545,0.345249,-0.209567
MKT_REL,lc_rel5,Y2025,1,34345,0.00541735,-2.22045e-16,-0.0195338,0.136729,0.0689033,0.0413245,0.35235,0.240346,0.178008,-0.152284
MKT_REL,lc_rel5,Y2025,2,34461,0.00689416,-0.00297583,-0.0180782,0.183159,0.0993005,0.0569214,0.415953,0.298507,0.217475,-0.172323
MKT_REL,lc_rel5,Y2025,3,34447,0.0102174,-0.00353045,-0.0147517,0.22481,0.130118,0.0750915,0.461961,0.347242,0.249114,-0.183258
MKT_REL,lc_rel5,Y2025,4,34461,0.0130885,-0.00599711,-0.0118891,0.269432,0.163668,0.101817,0.506647,0.403899,0.292534,-0.2
MKT_REL,lc_rel5,Y2025,5,34550,0.0164097,-0.0127177,-0.00856535,0.330158,0.219845,0.147577,0.593752,0.506656,0.365631,-0.23067
MKT_REL,lc_rel5,Y2026YTD,1,27204,0.0172667,0.00219362,-0.0226317,0.208995,0.118086,0.0751006,0.340276,0.330709,0.21119,-0.132034
MKT_REL,lc_rel5,Y2026YTD,2,27274,0.0222767,-0.00176367,-0.0176243,0.301064,0.183436,0.121518,0.488515,0.452381,0.299043,-0.168287
MKT_REL,lc_rel5,Y2026YTD,3,27281,0.0310144,-0.00342466,-0.00888126,0.366232,0.246224,0.171653,0.576371,0.579991,0.382384,-0.198262
MKT_REL,lc_rel5,Y2026YTD,4,27274,0.0388295,-0.00392928,-0.00107144,0.421636,0.300832,0.220171,0.64665,0.686038,0.461148,-0.232646
MKT_REL,lc_rel5,Y2026YTD,5,27342,0.0448772,-0.0104811,0.00498102,0.474256,0.3553,0.274537,0.715719,0.81888,0.552546,-0.28174
PERSIST,outp_5,DISCOVERY,1,61488,0.0128697,-2.22045e-16,-0.00688008,0.18875,0.100442,0.0569472,0.381698,0.300699,0.209351,-0.139247
PERSIST,outp_5,DISCOVERY,2,74663,0.0100366,-0.00449439,-0.00544269,0.18926,0.100249,0.0566078,0.410815,0.300437,0.215197,-0.141549
PERSIST,outp_5,DISCOVERY,3,65234,0.0192103,0.00318472,-0.00149302,0.215519,0.118714,0.0710628,0.370738,0.330763,0.237978,-0.142526
PERSIST,outp_5,DISCOVERY,4,78290,0.0136884,-0.00257734,-0.00467257,0.214496,0.118509,0.0708473,0.403942,0.329949,0.243499,-0.155172
PERSIST,outp_5,DISCOVERY,5,57977,0.0169855,-0.00331207,-0.00120304,0.24846,0.144974,0.0904276,0.437251,0.376548,0.277598,-0.168687
PERSIST,outp_5,STRICT_OOS,1,58267,0.015737,-0.0035819,-0.0157923,0.260324,0.16209,0.106543,0.49384,0.416148,0.291285,-0.194356
PERSIST,outp_5,STRICT_OOS,2,62947,0.0180061,-0.00324149,-0.0152594,0.273068,0.171067,0.113664,0.497636,0.432584,0.309217,-0.198955
PERSIST,outp_5,STRICT_OOS,3,64003,0.0194927,-0.00294985,-0.0112544,0.274708,0.173921,0.114753,0.492943,0.436588,0.310792,-0.192676
PERSIST,outp_5,STRICT_OOS,4,70321,0.0209854,-0.00218265,-0.0101459,0.288955,0.185747,0.126688,0.496119,0.467013,0.336795,-0.208275
PERSIST,outp_5,STRICT_OOS,5,52471,0.0236093,-0.00420168,-0.00723673,0.308404,0.206986,0.145285,0.535089,0.514588,0.371561,-0.214958
PERSIST,outp_5,Y2023,1,30030,0.0171407,0.00418407,0.00301457,0.182548,0.0950208,0.0533222,0.311374,0.291793,0.202289,-0.124784
PERSIST,outp_5,Y2023,2,38511,0.0121068,-0.00179853,0.00262818,0.184174,0.0958787,0.0520685,0.344457,0.293785,0.205768,-0.130778
PERSIST,outp_5,Y2023,3,32493,0.0243845,0.00792236,0.0100052,0.216203,0.117982,0.0690717,0.293985,0.32713,0.23386,-0.125
PERSIST,outp_5,Y2023,4,38776,0.018496,0.00241989,0.00496166,0.20898,0.112937,0.0657141,0.327126,0.31902,0.235353,-0.13887
PERSIST,outp_5,Y2023,5,29230,0.0177549,-2.22045e-16,0.00614171,0.240582,0.136151,0.0826347,0.362429,0.36072,0.25625,-0.154045
PERSIST,outp_5,Y2024,1,36988,0.0041932,-0.00882028,-0.0177377,0.184193,0.0990185,0.0559717,0.465836,0.298137,0.208054,-0.154598
PERSIST,outp_5,Y2024,2,42165,0.00324133,-0.0117845,-0.0160573,0.186318,0.0994094,0.0575915,0.489409,0.29925,0.215089,-0.154654
PERSIST,outp_5,Y2024,3,40297,0.00766563,-0.0079787,-0.0151549,0.200392,0.111315,0.0669132,0.465116,0.319419,0.232266,-0.158621
PERSIST,outp_5,Y2024,4,45181,0.00551538,-0.0115097,-0.0156764,0.209877,0.117678,0.0711914,0.485921,0.330413,0.243457,-0.167963
PERSIST,outp_5,Y2024,5,34196,0.0107277,-0.0110193,-0.0107017,0.240963,0.143279,0.0910739,0.519624,0.377196,0.286659,-0.18138
PERSIST,outp_5,Y2025,1,33374,0.00654191,-0.00410678,-0.017938,0.208927,0.1205,0.073499,0.452954,0.338045,0.244939,-0.197183
PERSIST,outp_5,Y2025,2,35347,0.00882259,-0.00356825,-0.0143782,0.222367,0.128021,0.0760654,0.4749,0.344873,0.25618,-0.195359
PERSIST,outp_5,Y2025,3,33147,0.014599,-0.00130038,-0.0185846,0.226893,0.136305,0.0837684,0.427412,0.361791,0.257491,-0.170321
PERSIST,outp_5,Y2025,4,40905,0.00828439,-0.00572628,-0.0118658,0.232152,0.138093,0.0873839,0.472885,0.36937,0.268608,-0.20278
PERSIST,outp_5,Y2025,5,29144,0.0148561,-0.00498748,-0.00992279,0.256401,0.161667,0.103831,0.50532,0.410122,0.299826,-0.194555
PERSIST,outp_5,Y2026YTD,1,24893,0.0280621,-0.00257069,-0.0129162,0.338273,0.225167,0.156658,0.555849,0.543656,0.363888,-0.190759
PERSIST,outp_5,Y2026YTD,2,27600,0.0297665,-0.00280899,-0.0163879,0.347465,0.234232,0.168833,0.530997,0.57776,0.382726,-0.203981
PERSIST,outp_5,Y2026YTD,3,30856,0.0247491,-0.0045401,-0.00338093,0.331866,0.218888,0.151793,0.571279,0.536557,0.36945,-0.213287
PERSIST,outp_5,Y2026YTD,4,29416,0.038648,0.00359712,-0.00775414,0.378433,0.260813,0.1886,0.532717,0.623353,0.43258,-0.215823
PERSIST,outp_5,Y2026YTD,5,23327,0.0345438,-0.00298732,-0.00388128,0.381356,0.27056,0.203438,0.576849,0.655124,0.455447,-0.236533
PERSIST,outp_10,DISCOVERY,1,63067,0.0119531,-2.85491e-09,-0.00682521,0.176449,0.0919197,0.0507652,0.378717,0.286562,0.203324,-0.136739
PERSIST,outp_10,DISCOVERY,2,71156,0.0133896,-0.00105933,-0.00495025,0.194105,0.102408,0.058597,0.381197,0.303884,0.216682,-0.138319
PERSIST,outp_10,DISCOVERY,3,69662,0.0115704,-0.00310558,-0.00656373,0.200815,0.107091,0.0629137,0.407819,0.312268,0.222222,-0.147468
PERSIST,outp_10,DISCOVERY,4,69284,0.0171511,-7.87167e-10,-0.00241111,0.223762,0.125709,0.0759538,0.402431,0.343565,0.249551,-0.151079
PERSIST,outp_10,DISCOVERY,5,64115,0.0179993,-0.00286942,0.000850251,0.256891,0.152459,0.0951972,0.433652,0.388359,0.289106,-0.171354
PERSIST,outp_10,STRICT_OOS,1,58828,0.0105386,-0.00669681,-0.0200966,0.250561,0.15334,0.0994456,0.49913,0.398417,0.272981,-0.196561
PERSIST,outp_10,STRICT_OOS,2,64138,0.0180955,-0.00211531,-0.014015,0.269767,0.166719,0.109521,0.493404,0.423087,0.299258,-0.197785
PERSIST,outp_10,STRICT_OOS,3,61041,0.022439,-0.00168634,-0.0102844,0.280967,0.178688,0.120633,0.490754,0.452806,0.32644,-0.196956
PERSIST,outp_10,STRICT_OOS,4,63205,0.0215653,-0.00224369,-0.00982947,0.287568,0.187016,0.127064,0.502259,0.470896,0.336508,-0.2
PERSIST,outp_10,STRICT_OOS,5,60131,0.0249037,-0.00291546,-0.00549988,0.313821,0.210946,0.147932,0.523801,0.521323,0.384881,-0.216974
PERSIST,outp_10,Y2023,1,31864,0.0149649,0.00261048,0.00202718,0.169256,0.0843771,0.0461123,0.320244,0.274336,0.196087,-0.12459
PERSIST,outp_10,Y2023,2,35498,0.0171766,0.00251362,0.0054637,0.191323,0.101,0.0557262,0.311396,0.301153,0.212442,-0.126034
PERSIST,outp_10,Y2023,3,34257,0.0159892,0.00017022,0.00288683,0.198517,0.103667,0.0587961,0.324721,0.305168,0.213075,-0.131019
PERSIST,outp_10,Y2023,4,35091,0.0208272,0.00381679,0.00757879,0.219556,0.122289,0.0723304,0.324518,0.334231,0.238496,-0.136847
PERSIST,outp_10,Y2023,5,32175,0.0200808,0.00255102,0.0083478,0.248516,0.142675,0.0869417,0.360449,0.370518,0.265065,-0.157639
PERSIST,outp_10,Y2024,1,37313,0.00267129,-0.00961538,-0.0185122,0.173394,0.0927683,0.050981,0.461778,0.28792,0.201349,-0.152893
PERSIST,outp_10,Y2024,2,41964,0.00557696,-0.00876233,-0.016536,0.188331,0.0992659,0.0580342,0.462367,0.298698,0.213493,-0.151295
PERSIST,outp_10,Y2024,3,40964,0.00317128,-0.0113983,-0.0173353,0.193534,0.104849,0.0624115,0.494555,0.308734,0.221723,-0.16241
PERSIST,outp_10,Y2024,4,40623,0.00824924,-0.00990099,-0.0145823,0.214574,0.120753,0.0736091,0.491605,0.3366,0.248929,-0.16495
PERSIST,outp_10,Y2024,5,37705,0.0111223,-0.0122284,-0.00863757,0.249244,0.15092,0.0959631,0.512572,0.388574,0.298179,-0.182188
PERSIST,outp_10,Y2025,1,33618,0.00385853,-0.00707925,-0.0212276,0.204416,0.117264,0.0705487,0.465663,0.32951,0.239054,-0.199313
PERSIST,outp_10,Y2025,2,35413,0.00969512,-0.00220518,-0.0171547,0.218228,0.125791,0.0763104,0.450859,0.345002,0.250707,-0.193803
PERSIST,outp_10,Y2025,3,33640,0.00729658,-0.00511509,-0.0144833,0.222899,0.130166,0.0794732,0.461081,0.351377,0.257454,-0.198687
PERSIST,outp_10,Y2025,4,35041,0.00970443,-0.00427808,-0.0143039,0.229105,0.136418,0.0845227,0.469799,0.365025,0.261157,-0.187318
PERSIST,outp_10,Y2025,5,33842,0.021108,-0.000626447,-0.00547727,0.268239,0.170835,0.111062,0.484214,0.42668,0.317704,-0.184724
PERSIST,outp_10,Y2026YTD,1,25210,0.0194455,-0.00606061,-0.0185887,0.320636,0.208124,0.143328,0.549953,0.503937,0.317271,-0.192308
PERSIST,outp_10,Y2026YTD,2,28725,0.0284525,-0.0020492,-0.010144,0.341867,0.223974,0.15598,0.552922,0.541841,0.366154,-0.201682
PERSIST,outp_10,Y2026YTD,3,27401,0.0410279,0.00315959,-0.00512979,0.360679,0.245296,0.177136,0.531489,0.598278,0.418758,-0.195262
PERSIST,outp_10,Y2026YTD,4,28164,0.0363217,7.11872e-09,-0.00426271,0.36895,0.257451,0.186283,0.547445,0.626238,0.428173,-0.216129
PERSIST,outp_10,Y2026YTD,5,26289,0.0297887,-0.005,-0.00552898,0.380444,0.269573,0.201823,0.581663,0.662642,0.454456,-0.250081
PERSIST,cex_10,DISCOVERY,1,67430,0.0117132,-0.00290276,-0.00668817,0.210066,0.111583,0.062615,0.435234,0.318627,0.225186,-0.150256
PERSIST,cex_10,DISCOVERY,2,67611,0.0126013,0.000181525,-0.00580504,0.170599,0.0867565,0.047986,0.347751,0.278605,0.194593,-0.129692
PERSIST,cex_10,DISCOVERY,3,67610,0.0133504,0.00114679,-0.00504312,0.169578,0.0880138,0.0505451,0.330577,0.280451,0.19612,-0.128201
PERSIST,cex_10,DISCOVERY,4,67604,0.0149847,-0.0013793,-0.00342006,0.203358,0.110008,0.0636586,0.372454,0.316207,0.22799,-0.14
PERSIST,cex_10,DISCOVERY,5,67780,0.0191276,-0.00913242,0.000722428,0.297784,0.182474,0.118039,0.518208,0.440061,0.329266,-0.187422
PERSIST,cex_10,STRICT_OOS,1,61550,0.0138887,-0.00766283,-0.0176658,0.27972,0.175522,0.11592,0.539812,0.438483,0.304063,-0.210526
PERSIST,cex_10,STRICT_OOS,2,61738,0.014781,-0.00189578,-0.0167965,0.246153,0.146927,0.0937319,0.464428,0.385566,0.2647,-0.183483
PERSIST,cex_10,STRICT_OOS,3,61727,0.0166611,-3.08595e-09,-0.0148956,0.244425,0.148412,0.0951252,0.44539,0.388434,0.272727,-0.178571
PERSIST,cex_10,STRICT_OOS,4,61737,0.020976,-0.0019763,-0.0105953,0.268228,0.172012,0.116568,0.475724,0.439557,0.321243,-0.190703
PERSIST,cex_10,STRICT_OOS,5,61893,0.0308972,-0.00457666,-0.000666297,0.36504,0.254519,0.183141,0.58615,0.605505,0.439887,-0.236975
PERSIST,cex_10,Y2023,1,33741,0.0166959,0.00110315,0.00415136,0.210186,0.109718,0.0604471,0.365173,0.314655,0.223805,-0.134706
PERSIST,cex_10,Y2023,2,33845,0.0161426,0.00416675,0.00360283,0.164229,0.082469,0.0444405,0.270543,0.271555,0.188245,-0.116595
PERSIST,cex_10,Y2023,3,33845,0.0174652,0.00436681,0.00492177,0.160515,0.082799,0.0469844,0.249549,0.272965,0.190058,-0.113402
PERSIST,cex_10,Y2023,4,33839,0.0181337,0.00306983,0.00558583,0.198617,0.104215,0.057191,0.299196,0.306032,0.216029,-0.126807
PERSIST,cex_10,Y2023,5,33928,0.0204988,-0.00392158,0.00795081,0.294444,0.17521,0.110803,0.456124,0.424098,0.30111,-0.176309
PERSIST,cex_10,Y2024,1,39718,0.00139658,-0.0131314,-0.0199039,0.199325,0.107205,0.0601879,0.524415,0.312521,0.219066,-0.165436
PERSIST,cex_10,Y2024,2,39822,0.00411402,-0.00712801,-0.0171962,0.168475,0.0871258,0.0483223,0.441556,0.27809,0.192632,-0.144399
PERSIST,cex_10,Y2024,3,39815,0.00531667,-0.00638162,-0.0159736,0.168618,0.0877625,0.0506631,0.418793,0.278454,0.193874,-0.142857
PERSIST,cex_10,Y2024,4,39820,0.0081729,-0.00890208,-0.0131284,0.195881,0.108401,0.0653271,0.449253,0.315963,0.233275,-0.154332
PERSIST,cex_10,Y2024,5,39915,0.0116054,-0.0198864,-0.00969739,0.285192,0.176698,0.11571,0.589201,0.436364,0.337535,-0.197218
PERSIST,cex_10,Y2025,1,34345,0.00642763,-0.00740741,-0.0185233,0.23152,0.135929,0.0840275,0.496767,0.360728,0.259436,-0.20756
PERSIST,cex_10,Y2025,2,34464,0.00582288,-0.00265251,-0.0191677,0.195775,0.108596,0.0621336,0.434384,0.315816,0.222862,-0.18638
PERSIST,cex_10,Y2025,3,34445,0.0081237,-0.00292827,-0.0168368,0.194587,0.110085,0.0646107,0.416877,0.318375,0.228467,-0.175189
PERSIST,cex_10,Y2025,4,34463,0.0120358,-0.0027137,-0.0129406,0.215092,0.127093,0.0781019,0.438775,0.348475,0.253174,-0.177606
PERSIST,cex_10,Y2025,5,34550,0.0196342,-0.00555003,-0.00533391,0.307748,0.200475,0.134113,0.544473,0.477439,0.354254,-0.211454
PERSIST,cex_10,Y2026YTD,1,27205,0.0233063,-0.008,-0.0165833,0.34838,0.231921,0.161349,0.601129,0.556384,0.372315,-0.214651
PERSIST,cex_10,Y2026YTD,2,27274,0.0261025,-2.15188e-08,-0.0137996,0.318016,0.201606,0.138806,0.507286,0.5,0.324559,-0.18
PERSIST,cex_10,Y2026YTD,3,27282,0.0274387,0.0021097,-0.0124451,0.315432,0.20302,0.138602,0.486016,0.498764,0.334593,-0.183963
PERSIST,cex_10,Y2026YTD,4,27274,0.0322704,-0.00108108,-0.00763253,0.343997,0.236063,0.171419,0.528411,0.576979,0.396948,-0.205109
PERSIST,cex_10,Y2026YTD,5,27343,0.0451271,-0.00310559,0.00523084,0.446738,0.331585,0.253055,0.645582,0.789738,0.526653,-0.264349
PERSIST,rs_slope_10,DISCOVERY,1,67382,0.012321,-0.00253809,-0.00607397,0.214497,0.115368,0.065685,0.437484,0.32506,0.22985,-0.151869
PERSIST,rs_slope_10,DISCOVERY,2,67555,0.0119676,1.44495e-09,-0.00643268,0.171347,0.0865768,0.0475077,0.35513,0.278857,0.195902,-0.130952
PERSIST,rs_slope_10,DISCOVERY,3,67567,0.0140828,0.0016835,-0.004316,0.169398,0.0878665,0.0505647,0.3287,0.279114,0.197417,-0.128125
PERSIST,rs_slope_10,DISCOVERY,4,67555,0.0147121,-0.00119189,-0.00368593,0.203511,0.110489,0.0637712,0.37191,0.316667,0.227735,-0.141641
PERSIST,rs_slope_10,DISCOVERY,5,67734,0.0186525,-0.00916232,0.000251585,0.292433,0.178354,0.115127,0.511111,0.433333,0.323448,-0.184804
PERSIST,rs_slope_10,STRICT_OOS,1,61477,0.0155163,-0.00730462,-0.0160638,0.284975,0.17924,0.118962,0.540925,0.447053,0.312746,-0.211366
PERSIST,rs_slope_10,STRICT_OOS,2,61631,0.0133045,-0.00314461,-0.0182696,0.247949,0.149173,0.0959567,0.470794,0.389782,0.266821,-0.188617
PERSIST,rs_slope_10,STRICT_OOS,3,61640,0.0178982,-1.72783e-10,-0.0136839,0.247595,0.150481,0.0963619,0.447325,0.390839,0.278124,-0.178879
PERSIST,rs_slope_10,STRICT_OOS,4,61631,0.0203862,-0.00208333,-0.0111791,0.264873,0.169558,0.114184,0.475398,0.435102,0.317142,-0.188729
PERSIST,rs_slope_10,STRICT_OOS,5,61810,0.0302567,-0.00369913,-0.00131372,0.358554,0.249084,0.179183,0.576624,0.59677,0.432265,-0.234574
PERSIST,rs_slope_10,Y2023,1,33722,0.0170428,0.0018622,0.00450581,0.212784,0.112383,0.0627021,0.368797,0.318841,0.226186,-0.137046
PERSIST,rs_slope_10,Y2023,2,33822,0.0149428,0.00370712,0.00239695,0.164612,0.0810787,0.0433484,0.278719,0.269835,0.188857,-0.118058
PERSIST,rs_slope_10,Y2023,3,33827,0.0178315,0.00435982,0.00528085,0.160892,0.0845553,0.0475993,0.247842,0.2747,0.190296,-0.113328
PERSIST,rs_slope_10,Y2023,4,33822,0.018271,0.00283487,0.0057256,0.198273,0.104754,0.0584826,0.297262,0.306866,0.215065,-0.125721
PERSIST,rs_slope_10,Y2023,5,33912,0.0208494,-0.00359712,0.00829966,0.291187,0.171592,0.107621,0.448003,0.416982,0.298588,-0.172961
PERSIST,rs_slope_10,Y2024,1,39682,0.00187274,-0.0130364,-0.0194258,0.204945,0.111559,0.0632404,0.524676,0.319191,0.225148,-0.166667
PERSIST,rs_slope_10,Y2024,2,39775,0.00433674,-0.00816899,-0.0169639,0.170153,0.0881066,0.0489314,0.447096,0.280523,0.194602,-0.14389
PERSIST,rs_slope_10,Y2024,3,39785,0.00634031,-0.0051702,-0.0149556,0.167505,0.0860275,0.0501534,0.417919,0.275174,0.196114,-0.143073
PERSIST,rs_slope_10,Y2024,4,39775,0.00731912,-0.00869566,-0.0139788,0.196168,0.108443,0.0642663,0.449713,0.314677,0.23,-0.156121
PERSIST,rs_slope_10,Y2024,5,39878,0.0106272,-0.0201174,-0.0106712,0.278552,0.172744,0.113407,0.58399,0.431193,0.332046,-0.195407
PERSIST,rs_slope_10,Y2025,1,34299,0.00728629,-0.00723765,-0.0176995,0.233565,0.136878,0.0850493,0.498513,0.362231,0.263928,-0.205307
PERSIST,rs_slope_10,Y2025,2,34381,0.00539678,-0.00366191,-0.0195781,0.197591,0.10988,0.0630418,0.437482,0.316292,0.226905,-0.188806
PERSIST,rs_slope_10,Y2025,3,34396,0.00817049,-0.0024272,-0.0168256,0.196545,0.110966,0.0651371,0.419582,0.322152,0.228514,-0.176927
PERSIST,rs_slope_10,Y2025,4,34381,0.0117201,-0.00298508,-0.0132335,0.21425,0.126851,0.0780018,0.440022,0.349353,0.252838,-0.175505
PERSIST,rs_slope_10,Y2025,5,34495,0.0193565,-0.00465116,-0.00562006,0.302404,0.197031,0.131296,0.535825,0.47209,0.347764,-0.211028
PERSIST,rs_slope_10,Y2026YTD,1,27178,0.0259011,-0.0074813,-0.0139998,0.358184,0.239565,0.167255,0.601321,0.576383,0.38354,-0.218286
PERSIST,rs_slope_10,Y2026YTD,2,27250,0.0232803,-0.00224845,-0.016619,0.31965,0.20512,0.142822,0.518225,0.506911,0.320987,-0.188328
PERSIST,rs_slope_10,Y2026YTD,3,27244,0.0301799,0.00280901,-0.00971737,0.320348,0.206797,0.140862,0.486863,0.502525,0.34759,-0.180973
PERSIST,rs_slope_10,Y2026YTD,4,27250,0.0313185,-1.69201e-08,-0.00858748,0.336951,0.230365,0.1657,0.525766,0.566473,0.392512,-0.202651
PERSIST,rs_slope_10,Y2026YTD,5,27315,0.0440216,-0.0023756,0.00412432,0.438585,0.323277,0.247438,0.634774,0.773475,0.51645,-0.25965
ACCEL,rs_accel,DISCOVERY,1,67326,0.0171692,-0.00321199,-0.00121729,0.256325,0.145832,0.0890117,0.470802,0.373626,0.273333,-0.166192
ACCEL,rs_accel,DISCOVERY,2,67493,0.0145938,3.64721e-09,-0.00379396,0.19025,0.100452,0.0568274,0.365355,0.300612,0.214286,-0.13446
ACCEL,rs_accel,DISCOVERY,3,67505,0.0129368,7.37144e-09,-0.00544357,0.168017,0.0867646,0.048568,0.333249,0.277251,0.194886,-0.127702
ACCEL,rs_accel,DISCOVERY,4,67493,0.0132179,-3.04942e-09,-0.00517092,0.181197,0.0953326,0.0554897,0.356986,0.29261,0.209991,-0.134954
ACCEL,rs_accel,DISCOVERY,5,67683,0.0137587,-0.0078534,-0.00462578,0.254902,0.149735,0.0924002,0.478344,0.382172,0.280498,-0.17428
ACCEL,rs_accel,STRICT_OOS,1,61347,0.0230816,-0.00580352,-0.0084894,0.318057,0.213675,0.148202,0.559995,0.523107,0.378005,-0.220633
ACCEL,rs_accel,STRICT_OOS,2,61517,0.0180434,-0.00191572,-0.0135208,0.261446,0.162826,0.106804,0.473753,0.416667,0.299072,-0.186636
ACCEL,rs_accel,STRICT_OOS,3,61499,0.0171324,-3.90001e-09,-0.0144349,0.24681,0.148788,0.0954012,0.450869,0.38817,0.273782,-0.177852
ACCEL,rs_accel,STRICT_OOS,4,61517,0.0169924,-0.00225223,-0.0145636,0.253458,0.156057,0.102349,0.466032,0.406954,0.285714,-0.188031
ACCEL,rs_accel,STRICT_OOS,5,61681,0.021863,-0.00690251,-0.0096938,0.324311,0.216339,0.15191,0.561056,0.52834,0.375807,-0.227052
ACCEL,rs_accel,Y2023,1,33709,0.0203389,0.00174824,0.00779823,0.255392,0.142531,0.0856549,0.404391,0.369165,0.259077,-0.151461
ACCEL,rs_accel,Y2023,2,33803,0.0179847,0.0044843,0.00543735,0.184852,0.0957396,0.0528107,0.290325,0.293333,0.203823,-0.120826
ACCEL,rs_accel,Y2023,3,33809,0.0165136,0.00375,0.00397693,0.161041,0.0838338,0.0450229,0.256855,0.272727,0.189469,-0.114107
ACCEL,rs_accel,Y2023,4,33803,0.0171404,0.00277201,0.00459275,0.175148,0.0901183,0.0510651,0.279497,0.285197,0.201875,-0.12021
ACCEL,rs_accel,Y2023,5,33900,0.0169053,-0.00282487,0.00435744,0.251062,0.141905,0.0851428,0.409901,0.366071,0.265142,-0.15999
ACCEL,rs_accel,Y2024,1,39631,0.00755053,-0.014998,-0.0137345,0.241331,0.139,0.085777,0.551557,0.364718,0.275497,-0.17975
ACCEL,rs_accel,Y2024,2,39714,0.00651796,-0.00778211,-0.0147702,0.184698,0.0984688,0.0561348,0.45132,0.297107,0.215694,-0.148575
ACCEL,rs_accel,Y2024,3,39726,0.00557478,-0.00637856,-0.0157054,0.167204,0.085251,0.0490206,0.419533,0.274358,0.192308,-0.140675
ACCEL,rs_accel,Y2024,4,39714,0.00509123,-0.00823288,-0.0161957,0.17642,0.0942536,0.0555248,0.444752,0.289988,0.207956,-0.150539
ACCEL,rs_accel,Y2024,5,39825,0.00567462,-0.0175055,-0.0156062,0.246993,0.149125,0.0930209,0.557046,0.383516,0.284663,-0.186953
ACCEL,rs_accel,Y2025,1,34205,0.0125197,-0.00621601,-0.0124466,0.265647,0.165741,0.10558,0.511465,0.412336,0.296789,-0.203125
ACCEL,rs_accel,Y2025,2,34311,0.0093488,-0.00259404,-0.0156075,0.21015,0.121414,0.0727612,0.43957,0.339565,0.24239,-0.180874
ACCEL,rs_accel,Y2025,3,34296,0.00956977,-0.00176366,-0.0153751,0.197422,0.111733,0.0658267,0.420422,0.321315,0.234336,-0.175568
ACCEL,rs_accel,Y2025,4,34311,0.00797853,-0.00360359,-0.0169747,0.199942,0.114648,0.0691444,0.439091,0.326912,0.23921,-0.184587
ACCEL,rs_accel,Y2025,5,34405,0.0116985,-0.00760456,-0.0132524,0.270534,0.167292,0.108272,0.522634,0.418624,0.302284,-0.214495
ACCEL,rs_accel,Y2026YTD,1,27142,0.0363899,-0.00509431,-0.00350322,0.392581,0.281835,0.208808,0.629003,0.691454,0.475786,-0.240265
ACCEL,rs_accel,Y2026YTD,2,27206,0.029008,-0.00122459,-0.0108892,0.334454,0.221766,0.155257,0.522405,0.537523,0.369592,-0.193878
ACCEL,rs_accel,Y2026YTD,3,27203,0.026667,5.53897e-09,-0.0132496,0.31708,0.201511,0.13748,0.49419,0.487973,0.326093,-0.180599
ACCEL,rs_accel,Y2026YTD,4,27206,0.0283595,-7.21523e-11,-0.0115231,0.329627,0.214994,0.149608,0.504377,0.527371,0.350475,-0.192771
ACCEL,rs_accel,Y2026YTD,5,27276,0.0346817,-0.00561478,-0.00520593,0.400852,0.286146,0.21402,0.615741,0.685507,0.460043,-0.241527
INDEP,is_cnt5,DISCOVERY,2,111424,0.00832563,-0.00502513,-0.00618886,0.184008,0.0991311,0.057644,0.402915,0.298272,0.209555,-0.146612
INDEP,is_cnt5,DISCOVERY,3,159770,0.0193481,0.00396825,-0.00260388,0.208595,0.111105,0.0644507,0.359787,0.318136,0.229832,-0.135464
INDEP,is_cnt5,DISCOVERY,4,6166,-0.0064644,-0.0227273,-0.0112003,0.202628,0.111778,0.0624594,0.504218,0.314425,0.236965,-0.174878
INDEP,is_cnt5,DISCOVERY,5,60673,0.0144207,-0.00925925,-0.00316253,0.263983,0.159207,0.100259,0.494865,0.400769,0.294476,-0.179925
INDEP,is_cnt5,STRICT_OOS,1,1168,-0.0176762,-0.0385709,0.0399447,0.234134,0.14494,0.11235,0.623499,0.433217,0.232885,-0.183962
INDEP,is_cnt5,STRICT_OOS,2,76981,0.0231857,-0.00143679,-0.0149106,0.296034,0.191186,0.129056,0.460663,0.472107,0.323684,-0.179142
INDEP,is_cnt5,STRICT_OOS,3,173308,0.0144161,-0.00340716,-0.014091,0.253969,0.155614,0.100958,0.503867,0.402681,0.292784,-0.206456
INDEP,is_cnt5,STRICT_OOS,4,7817,0.0406747,-4.96338e-09,0.0206267,0.389559,0.276873,0.204322,0.560062,0.652217,0.443504,-0.210947
INDEP,is_cnt5,STRICT_OOS,5,49357,0.0288129,-0.00488629,-0.00721903,0.335029,0.230794,0.165458,0.549775,0.560645,0.409912,-0.218942
INDEP,is_cnt5,Y2023,2,55099,0.01161,-0.00236267,0.000200451,0.175422,0.0925758,0.0520603,0.327972,0.287005,0.195817,-0.127135
INDEP,is_cnt5,Y2023,3,79949,0.0222329,0.00821464,0.00825164,0.203738,0.105753,0.0598566,0.284735,0.308748,0.220867,-0.124502
INDEP,is_cnt5,Y2023,4,3882,0.00819021,-0.0088366,0.010761,0.212887,0.113144,0.0631443,0.426804,0.314702,0.250612,-0.161748
INDEP,is_cnt5,Y2023,5,30268,0.0185306,-0.00490596,0.00577598,0.264737,0.157646,0.0967817,0.430545,0.391661,0.282926,-0.166667
INDEP,is_cnt5,Y2024,2,67626,0.000858301,-0.0123711,-0.0155692,0.182824,0.0993685,0.0586243,0.484952,0.298629,0.213833,-0.162393
INDEP,is_cnt5,Y2024,3,92791,0.0112882,-0.00519403,-0.0141568,0.201028,0.109282,0.0643364,0.448522,0.315848,0.229414,-0.148379
INDEP,is_cnt5,Y2024,4,2742,-0.0294783,-0.0462922,-0.0485679,0.179066,0.0995624,0.0557987,0.634938,0.296387,0.210175,-0.186615
INDEP,is_cnt5,Y2024,5,35929,0.00543092,-0.0178572,-0.0145107,0.250898,0.151908,0.0964285,0.566016,0.392166,0.292652,-0.192293
INDEP,is_cnt5,Y2025,2,34591,0.0109186,-0.00554017,-0.0133277,0.225172,0.136098,0.0857482,0.418966,0.364924,0.259817,-0.164591
INDEP,is_cnt5,Y2025,3,109665,0.00922772,-0.00249377,-0.0160436,0.21907,0.12675,0.0763857,0.467508,0.345733,0.251989,-0.197628
INDEP,is_cnt5,Y2025,4,415,0.0178259,0.00363196,-0.024492,0.233735,0.139759,0.0843373,0.306024,0.348597,0.216154,-0.136815
INDEP,is_cnt5,Y2025,5,27588,0.0143711,-0.00853335,-0.0100305,0.272988,0.175381,0.115809,0.52306,0.432747,0.324454,-0.205046
INDEP,is_cnt5,Y2026YTD,1,1168,-0.0176762,-0.0385709,0.0399447,0.234134,0.14494,0.11235,0.623499,0.433217,0.232885,-0.183962
INDEP,is_cnt5,Y2026YTD,2,42390,0.0331932,0.00294118,-0.0162019,0.359475,0.240504,0.167827,0.497993,0.560661,0.377237,-0.191003
INDEP,is_cnt5,Y2026YTD,3,63643,0.0233562,-0.00486028,-0.0107264,0.323902,0.213455,0.150199,0.576726,0.537393,0.369965,-0.220945
INDEP,is_cnt5,Y2026YTD,4,7402,0.0419558,-0.00140397,0.0231563,0.399195,0.285352,0.211742,0.575771,0.671827,0.450166,-0.214502
INDEP,is_cnt5,Y2026YTD,5,21769,0.0471122,-2.22045e-16,-0.00365664,0.422366,0.3088,0.235351,0.587383,0.74747,0.497491,-0.233591
INDEP,is_cnt10,DISCOVERY,1,449,0.0115792,0.00386101,0.0200336,0.184855,0.091314,0.0378619,0.113586,0.29136,0.162602,-0.0875329
INDEP,is_cnt10,DISCOVERY,2,210188,0.0143426,2.22221e-08,-0.00404148,0.187148,0.0981348,0.0561905,0.360097,0.296992,0.210526,-0.134935
INDEP,is_cnt10,DISCOVERY,3,8494,0.0271906,0.0128571,-0.00778034,0.216741,0.112668,0.0607488,0.299152,0.32219,0.230818,-0.122323
INDEP,is_cnt10,DISCOVERY,4,56485,0.00507028,-0.0131772,-0.00680402,0.217158,0.121558,0.0723329,0.498734,0.334666,0.243083,-0.168497
INDEP,is_cnt10,DISCOVERY,5,62419,0.0210953,-0.00348432,-0.00121366,0.281482,0.170697,0.108286,0.465606,0.418233,0.3085,-0.174797
INDEP,is_cnt10,STRICT_OOS,1,2751,0.00376398,-0.0121952,0.0134119,0.280466,0.178974,0.121862,0.42088,0.474546,0.233983,-0.163488
INDEP,is_cnt10,STRICT_OOS,2,182676,0.0173596,-1.9495e-09,-0.0178869,0.258544,0.158006,0.102151,0.469348,0.406066,0.293006,-0.199058
INDEP,is_cnt10,STRICT_OOS,3,22051,0.00152031,-0.0189633,0.0112894,0.244015,0.15157,0.101078,0.584862,0.402235,0.269205,-0.183381
INDEP,is_cnt10,STRICT_OOS,4,41983,0.032619,-0.00331125,-0.0110188,0.337658,0.231614,0.164901,0.529915,0.556291,0.394764,-0.18955
INDEP,is_cnt10,STRICT_OOS,5,59184,0.0239704,-0.00518583,-0.00498316,0.323871,0.220473,0.155934,0.557558,0.542627,0.393853,-0.228865
INDEP,is_cnt10,Y2023,1,449,0.0115792,0.00386101,0.0200336,0.184855,0.091314,0.0378619,0.113586,0.29136,0.162602,-0.0875329
INDEP,is_cnt10,Y2023,2,105427,0.0166331,0.00382897,0.00397485,0.176561,0.090339,0.0501831,0.286015,0.285062,0.196304,-0.119812
INDEP,is_cnt10,Y2023,3,3034,0.0727215,0.049581,0.034271,0.292024,0.146012,0.0708635,0.0880026,0.350775,0.270643,-0.05
INDEP,is_cnt10,Y2023,4,28253,0.0114293,-0.00904226,0.00402936,0.22068,0.120641,0.0714716,0.413855,0.333333,0.242649,-0.150501
INDEP,is_cnt10,Y2023,5,32035,0.0220872,0,0.00753818,0.280184,0.167005,0.102595,0.417028,0.404914,0.292692,-0.168677
INDEP,is_cnt10,Y2024,2,123172,0.00752125,-0.00675675,-0.0137823,0.18765,0.100134,0.0582112,0.444586,0.300157,0.216135,-0.150192
INDEP,is_cnt10,Y2024,3,6697,-0.00136893,-0.0163934,-0.0258558,0.161864,0.0876512,0.0506197,0.452143,0.276695,0.187005,-0.143463
INDEP,is_cnt10,Y2024,4,34181,-0.00595103,-0.0226904,-0.0207185,0.199971,0.112685,0.0665691,0.589466,0.321429,0.232075,-0.184928
INDEP,is_cnt10,Y2024,5,35040,0.0144361,-0.0116279,-0.0126201,0.270843,0.166063,0.107521,0.529585,0.416667,0.313119,-0.183671
INDEP,is_cnt10,Y2025,2,109638,0.00936538,-0.00193424,-0.0172627,0.216433,0.12551,0.0758332,0.431561,0.34375,0.247989,-0.192924
INDEP,is_cnt10,Y2025,3,11201,0.00302375,-0.0131026,-0.000836708,0.179554,0.0977679,0.0554464,0.602232,0.295171,0.221044,-0.155971
INDEP,is_cnt10,Y2025,4,16760,0.0121134,-0.0102407,-0.0176351,0.243225,0.149337,0.0947236,0.491883,0.387272,0.290826,-0.177221
INDEP,is_cnt10,Y2025,5,34668,0.0153081,-0.00483091,-0.00892642,0.277763,0.177414,0.116968,0.51975,0.436636,0.317147,-0.212505
INDEP,is_cnt10,Y2026YTD,1,2751,0.00376398,-0.0121952,0.0134119,0.280466,0.178974,0.121862,0.42088,0.474546,0.233983,-0.163488
INDEP,is_cnt10,Y2026YTD,2,73038,0.0293584,0.00169779,-0.0188237,0.330647,0.213646,0.147211,0.534046,0.521779,0.363636,-0.207226
INDEP,is_cnt10,Y2026YTD,3,10850,-3.17662e-05,-0.027027,0.0238078,0.314596,0.21048,0.151041,0.565842,0.527013,0.31746,-0.20843
INDEP,is_cnt10,Y2026YTD,4,25223,0.0462416,0.00242131,-0.00662338,0.408529,0.293361,0.217569,0.558457,0.681782,0.448783,-0.197256
INDEP,is_cnt10,Y2026YTD,5,24516,0.036219,-0.00595238,0.000592702,0.398223,0.289908,0.218769,0.618527,0.729519,0.485149,-0.250925
RESIL,dr60,DISCOVERY,1,67432,0.0182873,-0.00120193,-0.000115597,0.25584,0.140779,0.0844049,0.47561,0.363853,0.264554,-0.161032
RESIL,dr60,DISCOVERY,2,67612,0.0142502,-0.00188857,-0.00415394,0.204689,0.11358,0.0673669,0.404438,0.322894,0.233768,-0.145282
RESIL,dr60,DISCOVERY,3,67599,0.013663,-5.41465e-09,-0.00473126,0.196334,0.102975,0.0561926,0.371436,0.304261,0.213572,-0.135714
RESIL,dr60,DISCOVERY,4,67612,0.0132995,2.22045e-16,-0.00510376,0.171642,0.0906133,0.0524805,0.336154,0.284122,0.206897,-0.133771
RESIL,dr60,DISCOVERY,5,67780,0.0123119,-0.00415542,-0.00609473,0.223191,0.131096,0.0825476,0.416943,0.356957,0.25839,-0.166181
RESIL,dr60,STRICT_OOS,1,61551,0.0374834,0.00664451,0.00592705,0.388515,0.264617,0.182349,0.558168,0.58079,0.391625,-0.222222
RESIL,dr60,STRICT_OOS,2,61735,0.0226045,-0.00163399,-0.00896313,0.310943,0.193936,0.12883,0.525763,0.464492,0.324043,-0.204
RESIL,dr60,STRICT_OOS,3,61731,0.0177085,-0.00304878,-0.0138564,0.269153,0.168208,0.108965,0.500734,0.421218,0.308892,-0.196226
RESIL,dr60,STRICT_OOS,4,61735,0.0126048,-0.00489597,-0.0189693,0.220857,0.135251,0.0907928,0.450006,0.371387,0.272684,-0.179128
RESIL,dr60,STRICT_OOS,5,61893,0.00693173,-0.00847459,-0.0246288,0.214787,0.135935,0.0939649,0.47716,0.381862,0.287398,-0.207836
RESIL,dr60,Y2023,1,33743,0.0188539,1.01621e-09,0.00631033,0.251163,0.134266,0.0797001,0.429859,0.352624,0.253569,-0.153842
RESIL,dr60,Y2023,2,33844,0.0174009,3.08272e-08,0.00485979,0.200733,0.110149,0.0615321,0.339668,0.314686,0.231597,-0.131718
RESIL,dr60,Y2023,3,33839,0.0171462,0.00204395,0.00459923,0.193758,0.102494,0.0532273,0.302577,0.303371,0.211002,-0.124102
RESIL,dr60,Y2023,4,33844,0.0174414,0.00508045,0.00489866,0.164618,0.0837421,0.0468944,0.248744,0.274703,0.190081,-0.115571
RESIL,dr60,Y2023,5,33928,0.0181063,0.00221976,0.00555699,0.21803,0.123961,0.078651,0.320264,0.344679,0.24137,-0.142483
RESIL,dr60,Y2024,1,39718,0.0127529,-0.00840336,-0.00855153,0.245298,0.138134,0.0832683,0.535667,0.36188,0.264263,-0.167232
RESIL,dr60,Y2024,2,39823,0.00623993,-0.00970874,-0.0150651,0.194832,0.108893,0.0663753,0.478691,0.316895,0.225372,-0.157502
RESIL,dr60,Y2024,3,39811,0.00679067,-0.00677966,-0.0144967,0.190207,0.0978294,0.0550698,0.444252,0.296409,0.208176,-0.147825
RESIL,dr60,Y2024,4,39823,0.00408843,-0.0093023,-0.0172145,0.169153,0.0903908,0.0527175,0.435704,0.281861,0.21316,-0.151105
RESIL,dr60,Y2024,5,39915,0.000788669,-0.0174672,-0.0205167,0.218277,0.132129,0.0829157,0.529067,0.358867,0.265326,-0.187621
RESIL,dr60,Y2025,1,34346,0.0179569,5.43769e-09,-0.00699419,0.311834,0.192301,0.116941,0.507221,0.431367,0.30396,-0.217678
RESIL,dr60,Y2025,2,34461,0.014433,-1.18162e-09,-0.0105437,0.262394,0.152734,0.0925345,0.469,0.382979,0.268937,-0.198034
RESIL,dr60,Y2025,3,34449,0.0130238,-0.00134409,-0.011948,0.220954,0.13047,0.080611,0.454802,0.353766,0.262484,-0.186256
RESIL,dr60,Y2025,4,34461,0.00476824,-0.00711746,-0.0202106,0.1731,0.101991,0.0644918,0.436292,0.303964,0.220524,-0.170732
RESIL,dr60,Y2025,5,34550,0.00194566,-0.00895857,-0.0230223,0.177028,0.105105,0.06868,0.464198,0.309282,0.242115,-0.192108
RESIL,dr60,Y2026YTD,1,27205,0.062136,0.016129,0.0222405,0.49778,0.367661,0.275549,0.630762,0.782353,0.490738,-0.228829
RESIL,dr60,Y2026YTD,2,27274,0.0329287,-0.00340813,-0.00696614,0.380174,0.25269,0.180588,0.606705,0.614043,0.410635,-0.210232
RESIL,dr60,Y2026YTD,3,27282,0.0236226,-0.00490798,-0.0162657,0.337829,0.221979,0.149365,0.56618,0.522797,0.364427,-0.207653
RESIL,dr60,Y2026YTD,4,27274,0.0225052,-0.00263854,-0.0174011,0.288954,0.182676,0.128295,0.469561,0.474781,0.34138,-0.19081
RESIL,dr60,Y2026YTD,5,27343,0.0132313,-0.00791557,-0.0266585,0.268632,0.1799,0.130022,0.495644,0.5,0.347667,-0.226049
RESIL,dcap60,DISCOVERY,1,67432,0.0182818,-0.00126277,-0.000122199,0.255792,0.140702,0.0845075,0.475707,0.363971,0.26455,-0.161101
RESIL,dcap60,DISCOVERY,2,67612,0.0140817,-0.00194174,-0.00432239,0.20432,0.113373,0.067145,0.404497,0.32266,0.233505,-0.145313
RESIL,dcap60,DISCOVERY,3,67599,0.013947,-4.55838e-09,-0.00444619,0.197106,0.103583,0.0565929,0.371309,0.305419,0.214555,-0.135667
RESIL,dcap60,DISCOVERY,4,67612,0.0131034,2.22045e-16,-0.00529988,0.171065,0.0900956,0.0521108,0.336272,0.283344,0.205809,-0.133805
RESIL,dcap60,DISCOVERY,5,67780,0.0123978,-0.00411523,-0.00600886,0.223413,0.131288,0.0826361,0.416796,0.357502,0.258409,-0.16614
RESIL,dcap60,STRICT_OOS,1,61551,0.0373906,0.00653595,0.00583428,0.388259,0.264497,0.182263,0.558099,0.580815,0.391304,-0.222222
RESIL,dcap60,STRICT_OOS,2,61735,0.0227697,-0.00144716,-0.00879734,0.31116,0.194343,0.129016,0.525822,0.464979,0.324661,-0.204
RESIL,dcap60,STRICT_OOS,3,61731,0.0174589,-0.00312886,-0.0141065,0.268015,0.167051,0.108301,0.500776,0.419714,0.307738,-0.195804
RESIL,dcap60,STRICT_OOS,4,61735,0.0128481,-0.00481733,-0.018726,0.221472,0.135421,0.0910487,0.448692,0.372549,0.274154,-0.178741
RESIL,dcap60,STRICT_OOS,5,61893,0.00686527,-0.00857142,-0.0246953,0.215348,0.136633,0.0942712,0.478436,0.382811,0.287596,-0.208798
RESIL,dcap60,Y2023,1,33743,0.0188875,8.95267e-10,0.0063439,0.251371,0.134385,0.0797593,0.429888,0.352888,0.253577,-0.153842
RESIL,dcap60,Y2023,2,33844,0.0173654,3.51348e-08,0.00482433,0.200408,0.11006,0.0615025,0.339727,0.314524,0.231583,-0.1316
RESIL,dcap60,Y2023,3,33839,0.017189,0.00208992,0.00464204,0.194261,0.102672,0.0532864,0.302459,0.303612,0.211191,-0.123981
RESIL,dcap60,Y2023,4,33844,0.0173347,0.00504203,0.00479193,0.163879,0.0832693,0.0466284,0.248862,0.274077,0.189129,-0.115672
RESIL,dcap60,Y2023,5,33928,0.018172,0.0022422,0.00562275,0.218383,0.124226,0.0788279,0.320176,0.345006,0.241639,-0.142483
RESIL,dcap60,Y2024,1,39718,0.0127469,-0.00845996,-0.00855931,0.24509,0.137954,0.0834173,0.535804,0.362282,0.264418,-0.167264
RESIL,dcap60,Y2024,2,39823,0.00593616,-0.00981997,-0.0153688,0.19453,0.108566,0.0659986,0.478842,0.316326,0.225067,-0.157401
RESIL,dcap60,Y2024,3,39811,0.00723931,-0.00675676,-0.0140463,0.191041,0.0987112,0.0556993,0.444162,0.297951,0.209872,-0.147817
RESIL,dcap60,Y2024,4,39823,0.00381971,-0.00927254,-0.0174833,0.168701,0.0898634,0.0522654,0.435654,0.28125,0.211774,-0.151204
RESIL,dcap60,Y2024,5,39915,0.000918214,-0.0173997,-0.0203871,0.218402,0.132279,0.0829658,0.528917,0.359098,0.265524,-0.1875
RESIL,dcap60,Y2025,1,34346,0.0177928,3.91851e-09,-0.00715836,0.311484,0.192068,0.116708,0.507047,0.430915,0.303167,-0.217678
RESIL,dcap60,Y2025,2,34461,0.01476,-5.52965e-11,-0.010216,0.263199,0.153223,0.0928221,0.468842,0.384132,0.26995,-0.198033
RESIL,dcap60,Y2025,3,34449,0.0124937,-0.00169635,-0.0124789,0.218667,0.128557,0.0794227,0.455454,0.35098,0.260762,-0.185868
RESIL,dcap60,Y2025,4,34461,0.00478048,-0.00711628,-0.0201984,0.173245,0.101962,0.0648111,0.435711,0.303949,0.220845,-0.170969
RESIL,dcap60,Y2025,5,34550,0.00229911,-0.00887577,-0.0226689,0.178707,0.106784,0.0694907,0.464458,0.312869,0.244255,-0.192279
RESIL,dcap60,Y2026YTD,1,27205,0.0621334,0.0160643,0.0222378,0.497656,0.367703,0.275673,0.630845,0.7825,0.490771,-0.228829
RESIL,dcap60,Y2026YTD,2,27274,0.03289,-0.00354826,-0.00700482,0.379553,0.25298,0.180629,0.607078,0.614043,0.410635,-0.210202
RESIL,dcap60,Y2026YTD,3,27282,0.0237271,-0.0047619,-0.0161613,0.338326,0.221896,0.149448,0.565352,0.522068,0.364108,-0.207631
RESIL,dcap60,Y2026YTD,4,27274,0.0230404,-0.0024213,-0.0168659,0.290237,0.183131,0.128461,0.467202,0.476031,0.34159,-0.189463
RESIL,dcap60,Y2026YTD,5,27343,0.0126343,-0.00817216,-0.0272555,0.2676,0.179198,0.129609,0.498369,0.497377,0.347664,-0.227757
UPPART,up60,DISCOVERY,1,67432,0.00757158,-0.00314467,-0.0108282,0.173736,0.0915994,0.051851,0.368237,0.286169,0.196527,-0.139139
UPPART,up60,DISCOVERY,2,67612,0.0127207,1.15279e-08,-0.00568267,0.157818,0.0808172,0.0469991,0.323298,0.265397,0.188842,-0.12518
UPPART,up60,DISCOVERY,3,67599,0.0146346,-1.88251e-09,-0.00376587,0.189853,0.0978782,0.0563595,0.36482,0.296554,0.218246,-0.137931
UPPART,up60,DISCOVERY,4,67612,0.0155083,-0.003003,-0.00289418,0.229846,0.129663,0.0766796,0.431781,0.346229,0.24898,-0.152191
UPPART,up60,DISCOVERY,5,67780,0.0213256,-0.00326798,0.00292054,0.300018,0.178824,0.110939,0.515891,0.422934,0.3092,-0.18219
UPPART,up60,STRICT_OOS,1,61551,-0.000351548,-0.007088,-0.0319085,0.135975,0.0738231,0.04581,0.388093,0.244908,0.171958,-0.158895
UPPART,up60,STRICT_OOS,2,61735,0.00984921,-0.00563777,-0.0217193,0.213512,0.120362,0.0764309,0.458415,0.336265,0.243823,-0.176849
UPPART,up60,STRICT_OOS,3,61731,0.0201921,-0.00321544,-0.0113611,0.283252,0.174712,0.116253,0.514495,0.440184,0.316176,-0.194639
UPPART,up60,STRICT_OOS,4,61735,0.0264906,-2.30904e-09,-0.00508661,0.345822,0.226596,0.15219,0.556756,0.517699,0.360006,-0.218363
UPPART,up60,STRICT_OOS,5,61893,0.0409544,0.00627945,0.00938683,0.424412,0.301467,0.213508,0.593268,0.644631,0.443848,-0.249114
UPPART,up60,Y2023,1,33743,0.01093,0.00145137,-0.00161151,0.172115,0.0883844,0.0488159,0.295296,0.281585,0.187137,-0.126238
UPPART,up60,Y2023,2,33844,0.0176048,0.00536335,0.00506445,0.1525,0.0758364,0.0435926,0.234336,0.258427,0.181603,-0.10969
UPPART,up60,Y2023,3,33839,0.0184498,0.00326087,0.0058981,0.192072,0.0971003,0.0519051,0.286305,0.295872,0.20757,-0.123035
UPPART,up60,Y2023,4,33844,0.0198519,0.001355,0.00730823,0.228378,0.127973,0.0727772,0.360754,0.339462,0.238804,-0.134502
UPPART,up60,Y2023,5,33928,0.0220784,-0.00155591,0.00953202,0.282821,0.165065,0.102753,0.463627,0.406053,0.297508,-0.1701
UPPART,up60,Y2024,1,39718,-0.00267901,-0.0140845,-0.0239794,0.163926,0.0882583,0.0498577,0.464533,0.27972,0.19458,-0.156221
UPPART,up60,Y2024,2,39823,0.00291295,-0.00882354,-0.0183923,0.154117,0.0792937,0.0458381,0.42264,0.260751,0.1875,-0.139992
UPPART,up60,Y2024,3,39811,0.005675,-0.00838457,-0.0156181,0.174982,0.0916742,0.055924,0.450784,0.285307,0.213043,-0.152814
UPPART,up60,Y2024,4,39823,0.00841855,-0.01,-0.0128826,0.22078,0.124517,0.0756442,0.504822,0.34188,0.25218,-0.169061
UPPART,up60,Y2024,5,39915,0.0162559,-0.00938967,-0.00504936,0.303535,0.183374,0.112921,0.580287,0.425825,0.310672,-0.191423
UPPART,up60,Y2025,1,34346,-0.00317609,-0.00826444,-0.0281274,0.113907,0.0574632,0.0346294,0.404602,0.215949,0.164612,-0.161505
UPPART,up60,Y2025,2,34461,0.00165816,-0.00583573,-0.023317,0.153833,0.0771196,0.0453371,0.427249,0.259708,0.194094,-0.172414
UPPART,up60,Y2025,3,34449,0.00905967,-0.00441718,-0.0159075,0.217735,0.124503,0.075172,0.46976,0.342104,0.246429,-0.188482
UPPART,up60,Y2025,4,34461,0.0178552,-3.63127e-10,-0.00712671,0.293518,0.178718,0.109576,0.497257,0.421227,0.294102,-0.201989
UPPART,up60,Y2025,5,34550,0.0265959,0.0041514,0.00162492,0.365179,0.243993,0.158039,0.532135,0.506411,0.352452,-0.228338
UPPART,up60,Y2026YTD,1,27205,0.00321379,-0.00502513,-0.0366813,0.167413,0.0971289,0.0617376,0.364576,0.294556,0.181818,-0.155718
UPPART,up60,Y2026YTD,2,27274,0.0201974,-0.00524476,-0.0197007,0.298609,0.182021,0.120768,0.502856,0.453846,0.30866,-0.180511
UPPART,up60,Y2026YTD,3,27282,0.03425,-7.6172e-09,-0.00562013,0.376635,0.246275,0.174805,0.578257,0.571966,0.395129,-0.201606
UPPART,up60,Y2026YTD,4,27274,0.0374003,-0.00110132,-0.0025092,0.420406,0.294868,0.212955,0.641598,0.661428,0.440503,-0.236463
UPPART,up60,Y2026YTD,5,27343,0.0590953,0.00955308,0.0191934,0.508875,0.383421,0.292602,0.680441,0.853451,0.550332,-0.270506
UPPART,ucap60,DISCOVERY,1,67432,0.0075888,-0.0031348,-0.01081,0.1737,0.0916628,0.0519274,0.368402,0.28629,0.196787,-0.13914
UPPART,ucap60,DISCOVERY,2,67612,0.0127275,1.07199e-08,-0.00567691,0.158166,0.0808284,0.0470414,0.323417,0.265715,0.188778,-0.12515
UPPART,ucap60,DISCOVERY,3,67599,0.0146018,-2.33702e-09,-0.00379757,0.18956,0.0978649,0.0563455,0.364751,0.296457,0.21875,-0.137995
UPPART,ucap60,DISCOVERY,4,67612,0.0155194,-0.003003,-0.00288417,0.229932,0.129794,0.0765453,0.431627,0.346216,0.248993,-0.152164
UPPART,ucap60,DISCOVERY,5,67780,0.0213231,-0.00322759,0.00291806,0.299914,0.178633,0.110968,0.515832,0.423039,0.309039,-0.182356
UPPART,ucap60,STRICT_OOS,1,61551,-0.000192804,-0.00701525,-0.0317498,0.13743,0.0748327,0.0463747,0.388367,0.247342,0.173406,-0.159222
UPPART,ucap60,STRICT_OOS,2,61735,0.00973876,-0.0058309,-0.0218297,0.212881,0.120242,0.0763968,0.458807,0.33588,0.242684,-0.176957
UPPART,ucap60,STRICT_OOS,3,61731,0.0203297,-0.00315458,-0.0112236,0.28315,0.174473,0.115929,0.514308,0.439164,0.316801,-0.194498
UPPART,ucap60,STRICT_OOS,4,61735,0.0264251,-2.05333e-09,-0.00515208,0.345362,0.22634,0.152309,0.556295,0.517941,0.360006,-0.218202
UPPART,ucap60,STRICT_OOS,5,61893,0.0408348,0.00620092,0.00926725,0.424157,0.301075,0.213184,0.593251,0.644164,0.443875,-0.249083
UPPART,ucap60,Y2023,1,33743,0.0108733,0.00146207,-0.00166568,0.171775,0.088244,0.0487017,0.295649,0.281331,0.187011,-0.12627
UPPART,ucap60,Y2023,2,33844,0.0177224,0.00542742,0.0051795,0.153521,0.0762729,0.0440911,0.234315,0.25978,0.182676,-0.109685
UPPART,ucap60,Y2023,3,33839,0.0184418,0.0032334,0.00589006,0.191599,0.0970412,0.0516686,0.286039,0.295835,0.207702,-0.122945
UPPART,ucap60,Y2023,4,33844,0.0198098,0.00135321,0.00726614,0.228319,0.127855,0.0725999,0.360577,0.339286,0.238479,-0.134503
UPPART,ucap60,Y2023,5,33928,0.0220669,-0.00155885,0.00952055,0.282674,0.164947,0.102783,0.463745,0.406133,0.297442,-0.1701
UPPART,ucap60,Y2024,1,39718,-0.00260431,-0.0141093,-0.0239047,0.164153,0.0884849,0.0500844,0.464457,0.279983,0.195416,-0.156159
UPPART,ucap60,Y2024,2,39823,0.00286375,-0.00882353,-0.0184415,0.153916,0.0789672,0.0454865,0.422665,0.260447,0.187079,-0.139974
UPPART,ucap60,Y2024,3,39811,0.00555127,-0.00847689,-0.01574,0.174811,0.0916263,0.0560511,0.451298,0.285116,0.214503,-0.153069
UPPART,ucap60,Y2024,4,39823,0.0085113,-0.01,-0.0127917,0.220975,0.12489,0.0756172,0.504558,0.342209,0.252685,-0.168839
UPPART,ucap60,Y2024,5,39915,0.0162615,-0.00927391,-0.00504381,0.303485,0.183148,0.112946,0.580087,0.425825,0.310468,-0.191666
UPPART,ucap60,Y2025,1,34346,-0.00283711,-0.00810809,-0.0277884,0.116033,0.0591816,0.0356488,0.404689,0.219398,0.167153,-0.161729
UPPART,ucap60,Y2025,2,34461,0.00170728,-0.00588235,-0.0232679,0.153455,0.0773518,0.0456274,0.427539,0.25984,0.193662,-0.172562
UPPART,ucap60,Y2025,3,34449,0.00898227,-0.00454545,-0.0159849,0.21698,0.123806,0.0744171,0.469615,0.340984,0.246479,-0.188442
UPPART,ucap60,Y2025,4,34461,0.0178519,-5.55112e-16,-0.00713008,0.293315,0.17834,0.10975,0.496676,0.421769,0.294767,-0.201924
UPPART,ucap60,Y2025,5,34550,0.0262905,0.003937,0.00131952,0.364397,0.243124,0.157316,0.532482,0.505533,0.351351,-0.228316
UPPART,ucap60,Y2026YTD,1,27205,0.00314502,-0.00502513,-0.0367501,0.167911,0.0971289,0.0616546,0.365115,0.294556,0.181818,-0.156164
UPPART,ucap60,Y2026YTD,2,27274,0.0198854,-0.00574713,-0.0200128,0.297616,0.181401,0.120272,0.503394,0.452828,0.308185,-0.18099
UPPART,ucap60,Y2026YTD,3,27282,0.034659,-2.24118e-11,-0.00521111,0.377462,0.246689,0.175095,0.578009,0.572081,0.395253,-0.201477
UPPART,ucap60,Y2026YTD,4,27274,0.0372563,-0.00113943,-0.00265312,0.419578,0.294785,0.212997,0.641308,0.662011,0.440536,-0.236419
UPPART,ucap60,Y2026YTD,5,27343,0.0592105,0.00980503,0.0193086,0.509371,0.38371,0.29285,0.679904,0.853451,0.550332,-0.270506
ASYM,asym60,DISCOVERY,1,67432,0.0152077,-0.00147275,-0.00319422,0.224892,0.120619,0.0693128,0.430695,0.331786,0.239539,-0.14986
ASYM,asym60,DISCOVERY,2,67612,0.0120385,-0.00125391,-0.00636318,0.177726,0.0921839,0.0535619,0.370318,0.28685,0.205283,-0.133946
ASYM,asym60,DISCOVERY,3,67599,0.0136063,3.32182e-09,-0.00479119,0.174989,0.0932132,0.0531019,0.339252,0.287904,0.201987,-0.131894
ASYM,asym60,DISCOVERY,4,67612,0.014934,-5.98205e-10,-0.00346957,0.196045,0.106439,0.0629521,0.359844,0.311922,0.225309,-0.142002
ASYM,asym60,DISCOVERY,5,67780,0.0160083,-0.006993,-0.00239828,0.277822,0.166445,0.103969,0.504132,0.409715,0.300338,-0.181682
ASYM,asym60,STRICT_OOS,1,61551,0.0173307,-0.00615008,-0.0142214,0.300317,0.188038,0.125216,0.53509,0.456625,0.313582,-0.207089
ASYM,asym60,STRICT_OOS,2,61735,0.0161554,-0.00316456,-0.0154156,0.243475,0.14719,0.0959262,0.472346,0.390588,0.276078,-0.181552
ASYM,asym60,STRICT_OOS,3,61731,0.016225,-5.66146e-09,-0.0153458,0.23589,0.141114,0.0893162,0.435406,0.374146,0.263485,-0.171613
ASYM,asym60,STRICT_OOS,4,61735,0.0233945,0.00117925,-0.00817048,0.267531,0.171046,0.114929,0.460758,0.439492,0.321168,-0.188659
ASYM,asym60,STRICT_OOS,5,61893,0.0241262,-0.0110236,-0.00743828,0.356439,0.250055,0.179139,0.607839,0.592368,0.430786,-0.247492
ASYM,asym60,Y2023,1,33743,0.0174732,0.00207037,0.00493113,0.223477,0.117949,0.0652438,0.367571,0.326372,0.231438,-0.139558
ASYM,asym60,Y2023,2,33844,0.0160836,0.00230947,0.00354192,0.1786,0.0921368,0.0522739,0.299371,0.287736,0.20298,-0.122525
ASYM,asym60,Y2023,3,33839,0.0167629,0.00396825,0.00421477,0.169012,0.0880823,0.0487113,0.264395,0.28,0.193477,-0.117785
ASYM,asym60,Y2023,4,33844,0.0190281,0.00437956,0.00648544,0.187607,0.0967437,0.0543999,0.278589,0.29467,0.205605,-0.122904
ASYM,asym60,Y2023,5,33928,0.0195928,-0.00254452,0.00704366,0.269388,0.159558,0.0992778,0.430715,0.398188,0.287279,-0.163306
ASYM,asym60,Y2024,1,39718,0.00637476,-0.0117417,-0.014929,0.210032,0.113741,0.0658223,0.510035,0.321216,0.232953,-0.159773
ASYM,asym60,Y2024,2,39823,0.00370731,-0.00925926,-0.0175926,0.168249,0.0857947,0.0505576,0.450522,0.275002,0.198738,-0.14451
ASYM,asym60,Y2024,3,39811,0.0064604,-0.00660066,-0.0148318,0.169727,0.0924758,0.053737,0.42045,0.284084,0.201605,-0.14444
ASYM,asym60,Y2024,4,39823,0.00671901,-0.00914356,-0.0145846,0.192767,0.108187,0.065545,0.44897,0.314653,0.236365,-0.159342
ASYM,asym60,Y2024,5,39915,0.00736761,-0.01723,-0.0139381,0.276762,0.167034,0.104591,0.593189,0.410442,0.303965,-0.197674
ASYM,asym60,Y2025,1,34346,0.0060548,-0.00731771,-0.018894,0.241372,0.135393,0.0805254,0.490229,0.355455,0.254954,-0.206952
ASYM,asym60,Y2025,2,34461,0.0104903,-0.00163534,-0.0144891,0.203245,0.114233,0.0688124,0.439807,0.329787,0.237147,-0.177791
ASYM,asym60,Y2025,3,34449,0.00868571,-0.00210974,-0.0162936,0.192039,0.107314,0.0620481,0.417177,0.313779,0.222482,-0.167637
ASYM,asym60,Y2025,4,34461,0.0118554,-6.59938e-09,-0.0131149,0.205928,0.122297,0.0750965,0.434294,0.339927,0.254852,-0.180304
ASYM,asym60,Y2025,5,34550,0.0149686,-0.0106383,-0.0100002,0.30218,0.20293,0.136483,0.549726,0.487013,0.348025,-0.22111
ASYM,asym60,Y2026YTD,1,27205,0.0315674,-0.00411398,-0.00832191,0.384306,0.263051,0.188895,0.599012,0.615385,0.389711,-0.207253
ASYM,asym60,Y2026YTD,2,27274,0.0233128,-0.00465998,-0.0165862,0.300844,0.194189,0.134592,0.518748,0.49007,0.329914,-0.187296
ASYM,asym60,Y2026YTD,3,27282,0.0257435,1.22318e-09,-0.0141491,0.298374,0.189276,0.12817,0.461379,0.481262,0.319872,-0.175922
ASYM,asym60,Y2026YTD,4,27274,0.0379714,0.0045977,-0.00192446,0.355366,0.240553,0.171723,0.498489,0.583624,0.397531,-0.1992
ASYM,asym60,Y2026YTD,5,27343,0.0356964,-0.0116279,-0.00420147,0.433815,0.317258,0.239967,0.69071,0.742093,0.522556,-0.275406
STRUCT,dist_h20,DISCOVERY,1,67428,0.0107336,-0.00829876,-0.00766831,0.247326,0.142382,0.0852901,0.502574,0.367397,0.256397,-0.167539
STRUCT,dist_h20,DISCOVERY,2,67604,0.0128258,-0.00444444,-0.00557847,0.220199,0.119812,0.0710323,0.441019,0.331719,0.238874,-0.151515
STRUCT,dist_h20,DISCOVERY,3,67598,0.0149509,-0.00126823,-0.00344773,0.210215,0.113171,0.0658549,0.398177,0.32047,0.228216,-0.144803
STRUCT,dist_h20,DISCOVERY,4,67602,0.0161814,0.00107297,-0.00222215,0.192319,0.10258,0.0593674,0.356219,0.304517,0.224299,-0.137232
STRUCT,dist_h20,DISCOVERY,5,67781,0.0170918,0.00280505,-0.00131579,0.181748,0.101173,0.0614976,0.306898,0.301645,0.225622,-0.138615
STRUCT,dist_h20,STRICT_OOS,1,61542,0.0142663,-0.0130435,-0.0172871,0.309179,0.20062,0.135772,0.595458,0.484642,0.341627,-0.227121
STRUCT,dist_h20,STRICT_OOS,2,61728,0.0188626,-0.00705467,-0.0127136,0.30224,0.194868,0.130577,0.54466,0.476318,0.336851,-0.210421
STRUCT,dist_h20,STRICT_OOS,3,61715,0.0209299,-0.00246913,-0.0106385,0.286034,0.180949,0.122015,0.498711,0.451087,0.324263,-0.199413
STRUCT,dist_h20,STRICT_OOS,4,61729,0.0214683,0.0016748,-0.0101,0.265489,0.16647,0.110298,0.457521,0.425399,0.302247,-0.185117
STRUCT,dist_h20,STRICT_OOS,5,61882,0.0216161,0.00127146,-0.00995196,0.240911,0.15465,0.105886,0.415679,0.417617,0.30634,-0.18426
STRUCT,dist_h20,Y2023,1,33743,0.0158929,-0.00354611,0.00334806,0.251112,0.143636,0.0858379,0.433221,0.36874,0.259357,-0.153846
STRUCT,dist_h20,Y2023,2,33841,0.0183571,2.98618e-09,0.00581682,0.221395,0.120067,0.0701723,0.372883,0.331471,0.236904,-0.137445
STRUCT,dist_h20,Y2023,3,33838,0.0199684,0.0039771,0.0074173,0.210669,0.110182,0.0610315,0.323127,0.31468,0.220029,-0.126562
STRUCT,dist_h20,Y2023,4,33840,0.0174407,0.00330031,0.00490095,0.180128,0.0928865,0.0513048,0.278098,0.28897,0.205904,-0.122626
STRUCT,dist_h20,Y2023,5,33929,0.0172856,0.00521739,0.00473838,0.165149,0.0879535,0.0517287,0.234032,0.280946,0.198664,-0.125
STRUCT,dist_h20,Y2024,1,39714,-4.63051e-06,-0.0197414,-0.0213067,0.229777,0.132442,0.078624,0.58832,0.352223,0.243046,-0.179459
STRUCT,dist_h20,Y2024,2,39816,0.00236848,-0.0147059,-0.0189385,0.208937,0.11326,0.0665394,0.522645,0.321989,0.2317,-0.165763
STRUCT,dist_h20,Y2024,3,39811,0.00513534,-0.0114943,-0.0161558,0.199055,0.109891,0.0661759,0.482903,0.317497,0.227047,-0.160708
STRUCT,dist_h20,Y2024,4,39815,0.0103857,-0.00557103,-0.0109205,0.192786,0.105448,0.0630981,0.444023,0.309623,0.233306,-0.152302
STRUCT,dist_h20,Y2024,5,39915,0.0127262,-0.0032565,-0.00858238,0.187296,0.106389,0.0659484,0.385868,0.310825,0.241209,-0.153333
STRUCT,dist_h20,Y2025,1,34342,0.00607611,-0.011583,-0.0188691,0.255979,0.154962,0.0991815,0.541901,0.398204,0.282793,-0.221553
STRUCT,dist_h20,Y2025,2,34457,0.00869998,-0.00676437,-0.0162766,0.246829,0.147476,0.0909355,0.490407,0.379015,0.274015,-0.205235
STRUCT,dist_h20,Y2025,3,34439,0.0130559,-0.00265609,-0.0119191,0.237438,0.140401,0.0853326,0.456956,0.364549,0.268122,-0.189118
STRUCT,dist_h20,Y2025,4,34456,0.0121655,1.27224e-10,-0.0128096,0.216164,0.12492,0.075945,0.433548,0.345936,0.247173,-0.177096
STRUCT,dist_h20,Y2025,5,34546,0.0118067,-0.00108695,-0.0131585,0.188331,0.11429,0.0713769,0.409092,0.329476,0.244389,-0.168357
STRUCT,dist_h20,Y2026YTD,1,27200,0.0246048,-0.0151188,-0.0152902,0.38497,0.265665,0.187899,0.671757,0.616733,0.419256,-0.234681
STRUCT,dist_h20,Y2026YTD,2,27271,0.031705,-0.0075543,-0.00821118,0.381272,0.262461,0.187117,0.62204,0.635727,0.419915,-0.215413
STRUCT,dist_h20,Y2026YTD,3,27276,0.0308708,-0.0021692,-0.00902187,0.355283,0.238732,0.174289,0.558214,0.580808,0.396654,-0.21177
STRUCT,dist_h20,Y2026YTD,4,27273,0.0332201,0.00405957,-0.00667702,0.335817,0.225713,0.159278,0.491701,0.546496,0.376392,-0.195009
STRUCT,dist_h20,Y2026YTD,5,27336,0.0340102,0.00495051,-0.00590052,0.315894,0.212206,0.155098,0.425073,0.550424,0.384662,-0.204932
STRUCT,dist_h60,DISCOVERY,1,67432,0.00878141,-0.0075188,-0.00962158,0.219294,0.122914,0.0736714,0.488008,0.338298,0.234705,-0.159884
STRUCT,dist_h60,DISCOVERY,2,67612,0.0116648,-0.00484653,-0.00673638,0.213207,0.11843,0.068712,0.43026,0.329571,0.233333,-0.149351
STRUCT,dist_h60,DISCOVERY,3,67599,0.0132478,-0.00328947,-0.00515131,0.211392,0.111895,0.0654239,0.403669,0.318621,0.233318,-0.14722
STRUCT,dist_h60,DISCOVERY,4,67612,0.0177059,0.000455319,-0.00069562,0.207328,0.11211,0.0648196,0.366123,0.320448,0.235948,-0.142175
STRUCT,dist_h60,DISCOVERY,5,67780,0.0203665,0.00447013,0.00196007,0.200437,0.11369,0.0703683,0.316812,0.323769,0.243733,-0.145349
STRUCT,dist_h60,STRICT_OOS,1,61551,0.0108689,-0.00961539,-0.0206856,0.294238,0.183422,0.117045,0.572477,0.436439,0.307517,-0.22614
STRUCT,dist_h60,STRICT_OOS,2,61735,0.017891,-0.00591016,-0.0136807,0.283151,0.175574,0.11846,0.531398,0.448598,0.319481,-0.204857
STRUCT,dist_h60,STRICT_OOS,3,61731,0.0208942,-0.00313973,-0.0106757,0.281663,0.181461,0.12619,0.501194,0.468354,0.328948,-0.19784
STRUCT,dist_h60,STRICT_OOS,4,61735,0.0224366,-0.00172415,-0.00912862,0.27801,0.18257,0.123027,0.469708,0.455663,0.330355,-0.191037
STRUCT,dist_h60,STRICT_OOS,5,61893,0.0251195,0.00193588,-0.00644279,0.266793,0.174589,0.119926,0.437195,0.455196,0.33109,-0.190655
STRUCT,dist_h60,Y2023,1,33743,0.0112197,-0.00483092,-0.00132518,0.216966,0.120487,0.0704843,0.425129,0.332143,0.230643,-0.148246
STRUCT,dist_h60,Y2023,2,33844,0.0171332,-7.37891e-09,0.00459566,0.217425,0.120164,0.0694506,0.359281,0.329515,0.235294,-0.138055
STRUCT,dist_h60,Y2023,3,33839,0.0189545,0.00161164,0.0064039,0.209996,0.109978,0.0639298,0.331205,0.315658,0.231413,-0.130969
STRUCT,dist_h60,Y2023,4,33844,0.0215786,0.00574712,0.00903587,0.202955,0.106235,0.0580969,0.285756,0.309642,0.219811,-0.122582
STRUCT,dist_h60,Y2023,5,33928,0.020035,0.00693705,0.00748707,0.180953,0.0977716,0.0580676,0.239934,0.296916,0.20916,-0.127842
STRUCT,dist_h60,Y2024,1,39718,0.000319967,-0.0171292,-0.0209837,0.209106,0.116086,0.0701803,0.57018,0.328571,0.2282,-0.17133
STRUCT,dist_h60,Y2024,2,39823,0.00193773,-0.0146199,-0.0193655,0.198548,0.112911,0.0646174,0.513599,0.322392,0.22573,-0.159877
STRUCT,dist_h60,Y2024,3,39811,0.0035066,-0.0121435,-0.0177865,0.203788,0.108577,0.0637341,0.482239,0.313424,0.226472,-0.163459
STRUCT,dist_h60,Y2024,4,39823,0.00894908,-0.00869566,-0.0123501,0.200116,0.110179,0.0662531,0.457443,0.318124,0.241736,-0.159632
STRUCT,dist_h60,Y2024,5,39915,0.0158798,-0.00128689,-0.0054261,0.206149,0.1196,0.0755488,0.400321,0.335802,0.259656,-0.161708
STRUCT,dist_h60,Y2025,1,34346,0.00268207,-0.0105146,-0.0222688,0.241336,0.137282,0.0809016,0.528045,0.358184,0.259024,-0.221807
STRUCT,dist_h60,Y2025,2,34461,0.00913959,-0.00590528,-0.0158387,0.231477,0.132484,0.0837566,0.481586,0.357393,0.265023,-0.202393
STRUCT,dist_h60,Y2025,3,34449,0.0124772,-0.00243309,-0.0124994,0.228308,0.137676,0.0883668,0.451127,0.370178,0.268857,-0.189058
STRUCT,dist_h60,Y2025,4,34461,0.0148478,-0.00160642,-0.0101242,0.233223,0.14629,0.0895739,0.445083,0.375318,0.270518,-0.179315
STRUCT,dist_h60,Y2025,5,34550,0.0129038,-0.00103519,-0.0120649,0.21066,0.128637,0.0805177,0.425837,0.352694,0.257996,-0.172153
STRUCT,dist_h60,Y2026YTD,1,27205,0.0212042,-0.00840336,-0.0186869,0.369611,0.24916,0.168541,0.635783,0.555051,0.369393,-0.231266
STRUCT,dist_h60,Y2026YTD,2,27274,0.0289479,-0.00591366,-0.0109542,0.356841,0.237025,0.16795,0.602434,0.580622,0.393671,-0.207608
STRUCT,dist_h60,Y2026YTD,3,27282,0.0315213,-0.0037987,-0.00837295,0.357693,0.243855,0.180088,0.57254,0.614732,0.408958,-0.207718
STRUCT,dist_h60,Y2026YTD,4,27274,0.032024,-0.00185656,-0.00787084,0.341873,0.234303,0.17073,0.504822,0.578158,0.405144,-0.20596
STRUCT,dist_h60,Y2026YTD,5,27343,0.0405522,0.00647249,0.000659909,0.346833,0.240112,0.176121,0.453389,0.608598,0.424121,-0.213403
STRUCT,progress_atr,DISCOVERY,1,67421,0.0102633,-2.22045e-16,-0.00813716,0.176802,0.0884382,0.0474905,0.384953,0.280894,0.193557,-0.137004
STRUCT,progress_atr,DISCOVERY,2,67608,0.0123755,-0.000161154,-0.00603045,0.190882,0.101358,0.0575131,0.386039,0.302144,0.212684,-0.140936
STRUCT,progress_atr,DISCOVERY,3,67602,0.0141925,-0.00079627,-0.00419741,0.20321,0.109638,0.0647089,0.389541,0.315822,0.226373,-0.143947
STRUCT,progress_atr,DISCOVERY,4,67598,0.015214,-0.00259067,-0.00319477,0.214555,0.119661,0.0714296,0.398071,0.332512,0.245994,-0.149298
STRUCT,progress_atr,DISCOVERY,5,67778,0.0197375,-0.00353357,0.00133414,0.26591,0.159685,0.101681,0.445648,0.404255,0.300069,-0.173632
STRUCT,progress_atr,STRICT_OOS,1,61541,0.0108211,-0.00511727,-0.0207451,0.240064,0.142214,0.0909698,0.490056,0.376398,0.262901,-0.191997
STRUCT,progress_atr,STRICT_OOS,2,61723,0.0158845,-0.00351288,-0.0156898,0.265059,0.16322,0.106447,0.492884,0.416216,0.286196,-0.193663
STRUCT,progress_atr,STRICT_OOS,3,61714,0.0186489,-0.00261097,-0.0129043,0.277349,0.175684,0.115746,0.496809,0.435673,0.310582,-0.198738
STRUCT,progress_atr,STRICT_OOS,4,61723,0.022772,-0.00169779,-0.00879587,0.288886,0.188427,0.127848,0.49634,0.469178,0.344213,-0.20327
STRUCT,progress_atr,STRICT_OOS,5,61880,0.0290295,-0.00266345,-0.00253805,0.332159,0.227766,0.163407,0.535345,0.562132,0.411477,-0.220868
STRUCT,progress_atr,Y2023,1,33737,0.0155479,0.00392157,0.00300585,0.177301,0.0874644,0.0458669,0.313982,0.280379,0.19415,-0.12268
STRUCT,progress_atr,Y2023,2,33846,0.0172655,0.00268097,0.00472105,0.189156,0.100044,0.0563747,0.312838,0.3,0.208925,-0.125839
STRUCT,progress_atr,Y2023,3,33843,0.0183936,0.00231481,0.00585379,0.199557,0.106619,0.0619976,0.314687,0.310581,0.219287,-0.128756
STRUCT,progress_atr,Y2023,4,33836,0.0179077,0.00163799,0.00535596,0.206373,0.112438,0.065175,0.324101,0.320353,0.234028,-0.136178
STRUCT,progress_atr,Y2023,5,33928,0.0198221,0.000547606,0.00727418,0.255593,0.147826,0.0904643,0.374974,0.378252,0.269528,-0.161765
STRUCT,progress_atr,Y2024,1,39711,0.000457529,-0.00949581,-0.0208437,0.168128,0.0848824,0.0457408,0.470102,0.274194,0.186531,-0.15211
STRUCT,progress_atr,Y2024,2,39815,0.00295027,-0.00961538,-0.0183576,0.181939,0.0975383,0.0548103,0.47257,0.295776,0.206388,-0.155371
STRUCT,progress_atr,Y2024,3,39810,0.00531716,-0.00909091,-0.0159704,0.19482,0.105662,0.0627292,0.47415,0.309644,0.224336,-0.159315
STRUCT,progress_atr,Y2024,4,39817,0.00819421,-0.0104895,-0.0131107,0.210886,0.119584,0.0728405,0.481074,0.335533,0.25,-0.162096
STRUCT,progress_atr,Y2024,5,39912,0.0136849,-0.0133684,-0.00761629,0.261665,0.159425,0.104019,0.525385,0.410146,0.316315,-0.18527
STRUCT,progress_atr,Y2025,1,34339,0.00534748,-0.00516796,-0.0196192,0.198881,0.110088,0.06642,0.454394,0.318252,0.233146,-0.19024
STRUCT,progress_atr,Y2025,2,34454,0.00637394,-0.00391137,-0.0186095,0.210642,0.11972,0.0708625,0.454844,0.33401,0.236537,-0.192412
STRUCT,progress_atr,Y2025,3,34437,0.00897646,-0.00432901,-0.0159791,0.225401,0.13351,0.0798385,0.459195,0.356754,0.25656,-0.190708
STRUCT,progress_atr,Y2025,4,34456,0.0126733,-0.00316456,-0.0123016,0.23417,0.141965,0.0889244,0.45876,0.374481,0.274326,-0.19052
STRUCT,progress_atr,Y2025,5,34540,0.0185405,-0.00341373,-0.00642357,0.275471,0.176687,0.116768,0.504083,0.440833,0.327273,-0.19863
STRUCT,progress_atr,Y2026YTD,1,27202,0.0177296,-0.00505051,-0.0221662,0.298726,0.187975,0.125939,0.540852,0.465508,0.308394,-0.194225
STRUCT,progress_atr,Y2026YTD,2,27269,0.0279008,-0.0027701,-0.0120009,0.342662,0.225254,0.157193,0.547133,0.550996,0.354474,-0.194747
STRUCT,progress_atr,Y2026YTD,3,27277,0.0308616,0,-0.00902198,0.351378,0.235783,0.166915,0.55041,0.564855,0.384536,-0.208394
STRUCT,progress_atr,Y2026YTD,4,27267,0.03553,0,-0.00436693,0.366907,0.254678,0.18335,0.549926,0.608621,0.426014,-0.219034
STRUCT,progress_atr,Y2026YTD,5,27340,0.0422789,-0.00125946,0.00237002,0.412982,0.30059,0.229902,0.579917,0.729697,0.495171,-0.245244
STRUCT,hl_flag,DISCOVERY,1,41954,0.004719,-0.00490196,-0.00723779,0.177843,0.0918302,0.0518273,0.423844,0.286159,0.201081,-0.155023
STRUCT,hl_flag,DISCOVERY,2,91882,0.0169131,0.00314465,-0.00738992,0.198358,0.106102,0.0608944,0.37156,0.309623,0.217489,-0.134341
STRUCT,hl_flag,DISCOVERY,3,51722,0.0254632,0.0047619,0.00346722,0.220381,0.122904,0.0722421,0.339979,0.338123,0.25,-0.126338
STRUCT,hl_flag,DISCOVERY,4,133286,0.00803977,-0.00819671,-0.00369864,0.215597,0.121248,0.0734588,0.440242,0.335821,0.240396,-0.166302
STRUCT,hl_flag,DISCOVERY,5,19191,0.037173,0.0111732,-0.00366664,0.274845,0.157695,0.098546,0.381885,0.395801,0.320149,-0.142022
STRUCT,hl_flag,STRICT_OOS,1,33148,0.00123837,-0.0140121,-0.0215452,0.227046,0.138857,0.0927607,0.529291,0.376397,0.263603,-0.204173
STRUCT,hl_flag,STRICT_OOS,2,91197,0.0122686,-0.00508561,-0.0186586,0.263556,0.16525,0.110022,0.487012,0.424622,0.29012,-0.213032
STRUCT,hl_flag,STRICT_OOS,3,57532,0.0401321,0.0152852,-0.00241906,0.311393,0.191789,0.123257,0.467667,0.451698,0.327108,-0.164083
STRUCT,hl_flag,STRICT_OOS,4,100429,0.018224,-0.0084507,-0.0105469,0.28987,0.19059,0.130787,0.533317,0.476101,0.347494,-0.203851
STRUCT,hl_flag,STRICT_OOS,5,26339,0.0267295,-5.55112e-16,-0.00474595,0.309401,0.211896,0.151113,0.476439,0.539232,0.396507,-0.235529
STRUCT,hl_flag,Y2023,1,22233,0.0155361,0.0027248,0.00572032,0.18098,0.0903324,0.0503846,0.334248,0.28461,0.20334,-0.126376
STRUCT,hl_flag,Y2023,2,46862,0.0182123,0.00500939,0.0018971,0.195471,0.103274,0.0574953,0.300837,0.305147,0.210194,-0.12789
STRUCT,hl_flag,Y2023,3,22893,0.0262275,0.0064725,0.0114242,0.215553,0.120839,0.070948,0.288248,0.335189,0.243217,-0.120536
STRUCT,hl_flag,Y2023,4,69348,0.0126321,-0.00319318,0.00519577,0.209481,0.115406,0.0678704,0.362355,0.324632,0.228207,-0.147059
STRUCT,hl_flag,Y2023,5,7862,0.0425542,0.0206186,0.0062875,0.273213,0.146146,0.0868736,0.288349,0.368533,0.297058,-0.128163
STRUCT,hl_flag,Y2024,1,22659,-0.00942242,-0.0191388,-0.0230059,0.166358,0.0896451,0.0506268,0.530764,0.278846,0.193725,-0.179027
STRUCT,hl_flag,Y2024,2,57888,0.00692649,-0.00689655,-0.0190492,0.186278,0.100128,0.057675,0.463284,0.300104,0.209091,-0.146098
STRUCT,hl_flag,Y2024,3,28829,0.0248562,0.00346021,-0.00285144,0.224215,0.124545,0.0732697,0.381058,0.339576,0.256167,-0.130357
STRUCT,hl_flag,Y2024,4,74870,0.000344772,-0.0166667,-0.0148012,0.210852,0.120193,0.0742556,0.529714,0.335613,0.244729,-0.181032
STRUCT,hl_flag,Y2024,5,14844,0.0195264,-0.00652743,-0.01393,0.250573,0.146476,0.0939227,0.471769,0.384132,0.307276,-0.162118
STRUCT,hl_flag,Y2025,1,18455,-0.00689838,-0.0174224,-0.019859,0.187978,0.108624,0.0665077,0.512006,0.315193,0.233369,-0.204341
STRUCT,hl_flag,Y2025,2,52264,-0.000387622,-0.00790068,-0.0227149,0.203483,0.118833,0.0729378,0.454909,0.335968,0.231549,-0.214502
STRUCT,hl_flag,Y2025,3,30413,0.0409418,0.0246914,0.00227656,0.264503,0.147034,0.0844186,0.416897,0.367412,0.270237,-0.128562
STRUCT,hl_flag,Y2025,4,57247,0.0099734,-0.00917432,-0.0163724,0.240285,0.14913,0.0961176,0.486651,0.390106,0.29085,-0.19269
STRUCT,hl_flag,Y2025,5,13888,0.0090523,-0.00732984,-0.00614627,0.25506,0.164518,0.105741,0.472448,0.413137,0.304609,-0.22266
STRUCT,hl_flag,Y2026YTD,1,14693,0.0114565,-0.00972222,-0.0236628,0.281375,0.1809,0.129268,0.553328,0.488752,0.308635,-0.204057
STRUCT,hl_flag,Y2026YTD,2,38933,0.0292561,-2.2381e-08,-0.0132143,0.35221,0.233752,0.164751,0.534388,0.566369,0.371107,-0.211246
STRUCT,hl_flag,Y2026YTD,3,27119,0.0392241,0.00414508,-0.00768475,0.377414,0.254804,0.177941,0.539149,0.588151,0.406323,-0.199132
STRUCT,hl_flag,Y2026YTD,4,43182,0.0291614,-0.00714285,-0.00282441,0.363838,0.252437,0.182505,0.60293,0.607487,0.417736,-0.216432
STRUCT,hl_flag,Y2026YTD,5,12451,0.0464462,0.00784314,-0.00318408,0.371356,0.265911,0.202841,0.480989,0.684348,0.481323,-0.255757
STRUCT,relhigh_cnt20,DISCOVERY,1,71293,-0.00065223,-0.0104408,-0.0154479,0.161712,0.0840336,0.0486806,0.434169,0.271795,0.1838,-0.151575
STRUCT,relhigh_cnt20,DISCOVERY,2,68828,0.0224277,0.00634517,-0.000501692,0.205647,0.10695,0.05968,0.319049,0.311136,0.223404,-0.123896
STRUCT,relhigh_cnt20,DISCOVERY,3,61130,0.0121537,-0.0026178,-0.00550993,0.201708,0.111971,0.0637567,0.405461,0.319259,0.229065,-0.148646
STRUCT,relhigh_cnt20,DISCOVERY,4,70143,0.0148473,-0.00159744,-0.00381124,0.21926,0.121065,0.0717035,0.416648,0.335288,0.242091,-0.152804
STRUCT,relhigh_cnt20,DISCOVERY,5,66641,0.0235952,0.00137944,0.00560268,0.265646,0.156911,0.100285,0.429011,0.400646,0.300838,-0.169351
STRUCT,relhigh_cnt20,STRICT_OOS,1,57688,0.00839288,-0.00807756,-0.0257432,0.253046,0.155189,0.103706,0.507085,0.409951,0.280678,-0.203968
STRUCT,relhigh_cnt20,STRICT_OOS,2,71960,0.0197322,0.00358423,-0.0101026,0.261932,0.154071,0.0961713,0.45697,0.391837,0.277097,-0.18649
STRUCT,relhigh_cnt20,STRICT_OOS,3,58824,0.0199215,-0.0042735,-0.0123308,0.276866,0.17815,0.121753,0.504754,0.4545,0.324716,-0.203211
STRUCT,relhigh_cnt20,STRICT_OOS,4,59189,0.0202072,-0.00598802,-0.0109399,0.293428,0.191639,0.129927,0.52117,0.475514,0.343078,-0.203071
STRUCT,relhigh_cnt20,STRICT_OOS,5,60984,0.0283867,-0.00205338,-0.00252896,0.320615,0.221902,0.156611,0.529718,0.553614,0.4,-0.214748
STRUCT,relhigh_cnt20,Y2023,1,34921,0.000167997,-0.0113825,-0.00630404,0.154857,0.0811376,0.0463111,0.362499,0.268674,0.17784,-0.135934
STRUCT,relhigh_cnt20,Y2023,2,34465,0.0273725,0.0134529,0.00838677,0.195972,0.100844,0.0541513,0.268203,0.301261,0.215628,-0.116011
STRUCT,relhigh_cnt20,Y2023,3,30770,0.0168635,0.00123993,0.00484229,0.197588,0.106221,0.0590262,0.327472,0.309603,0.222366,-0.131437
STRUCT,relhigh_cnt20,Y2023,4,35435,0.0202036,0.00288809,0.00734729,0.219096,0.118368,0.0700779,0.33179,0.330481,0.238668,-0.136018
STRUCT,relhigh_cnt20,Y2023,5,33607,0.0245738,0.00714286,0.0121734,0.261502,0.148622,0.0906196,0.350753,0.378788,0.27013,-0.153539
STRUCT,relhigh_cnt20,Y2024,1,38356,-0.00229124,-0.0104712,-0.0242479,0.167097,0.0860779,0.0501708,0.500456,0.274179,0.187152,-0.165947
STRUCT,relhigh_cnt20,Y2024,2,45683,0.00828675,-0.00930233,-0.0131499,0.19415,0.102395,0.0583238,0.415623,0.303926,0.216636,-0.137317
STRUCT,relhigh_cnt20,Y2024,3,35104,0.00358794,-0.0101523,-0.0172575,0.19661,0.112877,0.064245,0.490883,0.320191,0.226034,-0.163321
STRUCT,relhigh_cnt20,Y2024,4,40620,0.00482255,-0.0108996,-0.0168443,0.207209,0.113871,0.0668948,0.507337,0.323416,0.236597,-0.168602
STRUCT,relhigh_cnt20,Y2024,5,39327,0.0154385,-0.0104948,-0.00509439,0.252384,0.153175,0.101472,0.520536,0.403587,0.317716,-0.184127
STRUCT,relhigh_cnt20,Y2025,1,26105,0.00167646,-0.00821918,-0.0325379,0.203824,0.117336,0.0756821,0.442903,0.336326,0.231893,-0.200791
STRUCT,relhigh_cnt20,Y2025,2,49126,0.012261,0.00263158,-0.00796058,0.22079,0.120564,0.0686292,0.450009,0.334512,0.243333,-0.186795
STRUCT,relhigh_cnt20,Y2025,3,31382,0.00756352,-0.00524256,-0.0193958,0.213118,0.126335,0.0778277,0.463046,0.343835,0.261207,-0.199565
STRUCT,relhigh_cnt20,Y2025,4,31231,0.00831999,-0.00921659,-0.0136563,0.240191,0.147433,0.0934627,0.483297,0.384849,0.273792,-0.192463
STRUCT,relhigh_cnt20,Y2025,5,34423,0.0189145,-0.00348432,-0.00672177,0.264059,0.172978,0.112412,0.494725,0.430391,0.317711,-0.191108
STRUCT,relhigh_cnt20,Y2026YTD,1,31583,0.0139435,-0.00795752,-0.0201279,0.296884,0.188901,0.128665,0.564247,0.472222,0.324614,-0.20573
STRUCT,relhigh_cnt20,Y2026YTD,2,22834,0.0358079,0.00576646,-0.0147115,0.374002,0.245342,0.171196,0.475932,0.567398,0.357902,-0.185605
STRUCT,relhigh_cnt20,Y2026YTD,3,27442,0.0340536,-0.00321544,-0.00425166,0.356562,0.242928,0.176667,0.556897,0.585051,0.397963,-0.206441
STRUCT,relhigh_cnt20,Y2026YTD,4,27958,0.0334827,-0.00190114,-0.00790625,0.360193,0.247078,0.175658,0.568668,0.596356,0.425359,-0.216759
STRUCT,relhigh_cnt20,Y2026YTD,5,26561,0.04066,-2.22045e-16,0.00290372,0.403474,0.293579,0.221366,0.580984,0.717344,0.4853,-0.241247
STRUCT,tight10,DISCOVERY,1,67382,0.0160848,-0.00124845,-0.00231047,0.239342,0.138686,0.087163,0.432668,0.368805,0.264255,-0.166292
STRUCT,tight10,DISCOVERY,2,67555,0.0136161,-0.00186568,-0.00478305,0.208454,0.113939,0.0660153,0.400799,0.32286,0.234029,-0.148472
STRUCT,tight10,DISCOVERY,3,67567,0.0137649,-0.00178573,-0.00463348,0.199275,0.108541,0.0633363,0.395944,0.31405,0.226928,-0.142857
STRUCT,tight10,DISCOVERY,4,67555,0.0139159,-0.00134309,-0.00448441,0.203121,0.108741,0.0627128,0.393983,0.313293,0.225366,-0.145597
STRUCT,tight10,DISCOVERY,5,67734,0.0143756,-0.00096952,-0.00402423,0.201296,0.10899,0.0636193,0.381258,0.314344,0.229611,-0.144472
STRUCT,tight10,STRICT_OOS,1,61477,0.0233886,-0.00487806,-0.00819075,0.310351,0.206449,0.14415,0.545088,0.513366,0.370313,-0.218384
STRUCT,tight10,STRICT_OOS,2,61631,0.0196048,-0.0029576,-0.0119634,0.287296,0.181863,0.12049,0.504914,0.449599,0.319599,-0.205165
STRUCT,tight10,STRICT_OOS,3,61640,0.0193335,-0.00257732,-0.0122527,0.281162,0.177719,0.117608,0.498232,0.443565,0.315229,-0.199634
STRUCT,tight10,STRICT_OOS,4,61631,0.017954,-0.00382166,-0.0136151,0.27109,0.171298,0.114848,0.495762,0.43441,0.311858,-0.197957
STRUCT,tight10,STRICT_OOS,5,61810,0.0171388,-0.0019617,-0.0144305,0.254409,0.160529,0.10782,0.467391,0.42,0.3,-0.189615
STRUCT,tight10,Y2023,1,33722,0.0178079,0.00296296,0.0052707,0.232871,0.133683,0.0806786,0.356617,0.356808,0.246827,-0.152057
STRUCT,tight10,Y2023,2,33822,0.0182078,0.00225226,0.00566121,0.205092,0.111831,0.0631006,0.32535,0.317972,0.228557,-0.132353
STRUCT,tight10,Y2023,3,33827,0.0169928,0.00231214,0.00444207,0.196399,0.102383,0.0578288,0.324089,0.303267,0.217144,-0.131052
STRUCT,tight10,Y2023,4,33822,0.0183545,0.00295858,0.00580901,0.197682,0.103173,0.0595263,0.319514,0.304764,0.217601,-0.13014
STRUCT,tight10,Y2023,5,33912,0.0175855,0.00184502,0.00503686,0.196007,0.103533,0.0587992,0.315346,0.306119,0.219767,-0.128865
STRUCT,tight10,Y2024,1,39682,0.00882198,-0.0114318,-0.0124766,0.233113,0.134313,0.086299,0.519533,0.365062,0.271898,-0.179048
STRUCT,tight10,Y2024,2,39775,0.00449409,-0.0109091,-0.0168036,0.202932,0.111147,0.065406,0.487666,0.318225,0.22899,-0.163048
STRUCT,tight10,Y2024,3,39785,0.00625899,-0.00979023,-0.0150371,0.192735,0.108974,0.0646053,0.478507,0.315639,0.22792,-0.154547
STRUCT,tight10,Y2024,4,39775,0.0051813,-0.0101523,-0.0161193,0.196399,0.107415,0.0612255,0.478389,0.311842,0.224607,-0.16
STRUCT,tight10,Y2024,5,39878,0.00576902,-0.00915192,-0.0155294,0.192431,0.105257,0.0626473,0.459598,0.308696,0.228364,-0.160862
STRUCT,tight10,Y2025,1,34299,0.013715,-0.00419874,-0.0112725,0.253238,0.155991,0.100076,0.494487,0.4,0.289306,-0.200592
STRUCT,tight10,Y2025,2,34381,0.0107818,-0.00316456,-0.0141865,0.232987,0.136365,0.0839079,0.464229,0.360522,0.261335,-0.195373
STRUCT,tight10,Y2025,3,34396,0.00999591,-0.0028777,-0.0150019,0.22764,0.133083,0.0804838,0.460456,0.356413,0.255321,-0.193548
STRUCT,tight10,Y2025,4,34381,0.0102342,-0.00451721,-0.0147281,0.222174,0.131931,0.0813406,0.462472,0.358025,0.266667,-0.187589
STRUCT,tight10,Y2025,5,34495,0.00725879,-0.0049322,-0.0177122,0.208664,0.124514,0.0769298,0.450038,0.344194,0.25,-0.186707
STRUCT,tight10,Y2026YTD,1,27178,0.0355928,-0.00623441,-0.00430283,0.391669,0.278292,0.206902,0.617135,0.665601,0.461072,-0.23691
STRUCT,tight10,Y2026YTD,2,27250,0.0307348,-0.002574,-0.00915895,0.364623,0.246645,0.172577,0.562842,0.587029,0.40227,-0.217467
STRUCT,tight10,Y2026YTD,3,27244,0.0311223,-0.00227273,-0.00878184,0.357436,0.241329,0.170513,0.552066,0.574789,0.390438,-0.206549
STRUCT,tight10,Y2026YTD,4,27250,0.0276938,-0.00292397,-0.0122107,0.340749,0.227359,0.162565,0.543168,0.555765,0.379646,-0.209334
STRUCT,tight10,Y2026YTD,5,27315,0.0296167,0.00242131,-0.0102859,0.319611,0.211862,0.15185,0.492126,0.542087,0.361707,-0.193752
VOLUME,vol_ratio,DISCOVERY,1,66433,0.0122503,-0.00408998,-0.00615367,0.208413,0.11391,0.0661086,0.416495,0.322523,0.224753,-0.143089
VOLUME,vol_ratio,DISCOVERY,2,66615,0.0143787,-3.33067e-16,-0.00405087,0.196283,0.104949,0.0594629,0.379701,0.307946,0.216318,-0.137859
VOLUME,vol_ratio,DISCOVERY,3,66607,0.0146323,3.71666e-08,-0.00378211,0.190855,0.100233,0.0585479,0.366214,0.300288,0.213557,-0.138392
VOLUME,vol_ratio,DISCOVERY,4,66615,0.0146627,3.21286e-09,-0.00376671,0.200955,0.107406,0.0620655,0.375966,0.312046,0.227737,-0.144319
VOLUME,vol_ratio,DISCOVERY,5,66777,0.0148407,-0.0054054,-0.00358197,0.23807,0.138499,0.0861367,0.442755,0.366968,0.273354,-0.166667
VOLUME,vol_ratio,STRICT_OOS,1,59793,0.0108651,-0.00956357,-0.020236,0.255726,0.160236,0.105374,0.524648,0.413162,0.289895,-0.196344
VOLUME,vol_ratio,STRICT_OOS,2,59947,0.0163656,-0.0022779,-0.0147605,0.265983,0.163779,0.106808,0.48262,0.416058,0.290823,-0.193043
VOLUME,vol_ratio,STRICT_OOS,3,59960,0.0188228,2.22045e-16,-0.0123138,0.264961,0.163668,0.105949,0.463629,0.414272,0.288317,-0.188229
VOLUME,vol_ratio,STRICT_OOS,4,59947,0.0209573,0,-0.0101748,0.271558,0.170793,0.114208,0.472437,0.433333,0.310062,-0.195379
VOLUME,vol_ratio,STRICT_OOS,5,60117,0.0228981,-0.00573641,-0.00821829,0.306718,0.203474,0.141625,0.537006,0.506227,0.370818,-0.214745
VOLUME,vol_ratio,Y2023,1,33335,0.0165413,-1.85917e-09,0.00398339,0.208876,0.112075,0.0642741,0.343095,0.320309,0.221899,-0.130671
VOLUME,vol_ratio,Y2023,2,33440,0.0187122,0.00339751,0.00612926,0.194264,0.102246,0.056461,0.309848,0.30342,0.213034,-0.123405
VOLUME,vol_ratio,Y2023,3,33433,0.0185293,0.00473934,0.00595345,0.185378,0.0960244,0.0540249,0.294654,0.294225,0.20584,-0.125
VOLUME,vol_ratio,Y2023,4,33440,0.0187101,0.0045045,0.00612762,0.194216,0.103957,0.058857,0.303705,0.306352,0.217842,-0.130545
VOLUME,vol_ratio,Y2023,5,33523,0.0170219,-1.00153e-08,0.00443262,0.230996,0.12864,0.0777148,0.367094,0.348894,0.253406,-0.1522
VOLUME,vol_ratio,Y2024,1,39066,0.00213437,-0.0140845,-0.0191662,0.195018,0.106981,0.062284,0.508153,0.310757,0.215842,-0.155767
VOLUME,vol_ratio,Y2024,2,39159,0.0053576,-0.00825083,-0.0159687,0.187936,0.101744,0.0586102,0.463876,0.303191,0.211437,-0.154038
VOLUME,vol_ratio,Y2024,3,39160,0.00612692,-0.00763111,-0.0151782,0.184997,0.0983602,0.0585411,0.449453,0.297141,0.211968,-0.153195
VOLUME,vol_ratio,Y2024,4,39159,0.00623131,-0.00797875,-0.0150964,0.196107,0.103826,0.0603545,0.457448,0.306635,0.226828,-0.159125
VOLUME,vol_ratio,Y2024,5,39257,0.00755143,-0.0149254,-0.0137577,0.233433,0.139494,0.0876201,0.525746,0.369231,0.281359,-0.18138
VOLUME,vol_ratio,Y2025,1,33829,0.00386899,-0.00897767,-0.0208926,0.214949,0.127432,0.0779374,0.484655,0.34659,0.25,-0.197589
VOLUME,vol_ratio,Y2025,2,33919,0.00791413,-0.00347826,-0.0168753,0.217043,0.124842,0.075129,0.449211,0.343159,0.247417,-0.194053
VOLUME,vol_ratio,Y2025,3,33935,0.0100818,-0.0012571,-0.0147127,0.215187,0.123865,0.0736647,0.436387,0.34192,0.242762,-0.183447
VOLUME,vol_ratio,Y2025,4,33919,0.0126921,-0.001638,-0.012106,0.221013,0.130396,0.0803845,0.444975,0.353546,0.256338,-0.181144
VOLUME,vol_ratio,Y2025,5,34022,0.0139198,-0.00613497,-0.0108511,0.256918,0.158526,0.101185,0.502132,0.402719,0.300863,-0.2
VOLUME,vol_ratio,Y2026YTD,1,25964,0.01998,-0.0105449,-0.0193806,0.315851,0.208606,0.145828,0.583617,0.525424,0.349468,-0.194214
VOLUME,vol_ratio,Y2026YTD,2,26028,0.0273806,-3.44025e-09,-0.0120042,0.338176,0.221217,0.153538,0.531904,0.534972,0.345068,-0.192033
VOLUME,vol_ratio,Y2026YTD,3,26025,0.0302182,0.00212338,-0.00918642,0.338408,0.222401,0.153589,0.503828,0.532429,0.35303,-0.194508
VOLUME,vol_ratio,Y2026YTD,4,26028,0.0317281,0.0027027,-0.00765813,0.346105,0.230374,0.164093,0.512939,0.560676,0.377469,-0.212369
VOLUME,vol_ratio,Y2026YTD,5,26095,0.0346004,-0.00516351,-0.00478666,0.380184,0.269781,0.201284,0.588452,0.654805,0.459503,-0.231365
VOLUME,val_accel,DISCOVERY,1,66410,0.0118507,-0.0037594,-0.0065566,0.203747,0.110872,0.064246,0.411771,0.318681,0.220745,-0.142586
VOLUME,val_accel,DISCOVERY,2,66584,0.0145879,9.84943e-09,-0.00383952,0.192577,0.102034,0.057363,0.372717,0.30341,0.213226,-0.138265
VOLUME,val_accel,DISCOVERY,3,66597,0.0148388,0.00222718,-0.00357035,0.189488,0.0974921,0.0551284,0.359679,0.296429,0.212162,-0.1375
VOLUME,val_accel,DISCOVERY,4,66584,0.0157665,2.45056e-09,-0.00266153,0.206249,0.111318,0.0651896,0.376613,0.318536,0.233079,-0.14228
VOLUME,val_accel,DISCOVERY,5,66754,0.0136964,-0.00848332,-0.00472498,0.242359,0.143219,0.0903152,0.460281,0.375559,0.280496,-0.168734
VOLUME,val_accel,STRICT_OOS,1,59753,0.0107933,-0.00961539,-0.0203169,0.25692,0.158715,0.105134,0.521898,0.414589,0.283186,-0.197279
VOLUME,val_accel,STRICT_OOS,2,59913,0.0158329,-0.00270636,-0.01529,0.264423,0.161822,0.104746,0.479489,0.410232,0.286653,-0.192101
VOLUME,val_accel,STRICT_OOS,3,59919,0.0184004,2.05691e-09,-0.012746,0.260799,0.16034,0.102428,0.46068,0.406831,0.28489,-0.18757
VOLUME,val_accel,STRICT_OOS,4,59913,0.0217052,2.5368e-10,-0.00942274,0.271643,0.17283,0.116223,0.474774,0.43747,0.312717,-0.192175
VOLUME,val_accel,STRICT_OOS,5,60073,0.0233183,-0.00642674,-0.00781876,0.311389,0.208376,0.145505,0.543124,0.514991,0.382264,-0.216968
VOLUME,val_accel,Y2023,1,33324,0.0161513,-2.39012e-09,0.00358719,0.202413,0.10847,0.0621886,0.340026,0.315138,0.216,-0.129325
VOLUME,val_accel,Y2023,2,33427,0.0184948,0.00423729,0.00591277,0.189589,0.098908,0.0541511,0.303096,0.298811,0.206747,-0.123862
VOLUME,val_accel,Y2023,3,33429,0.019548,0.0058434,0.00697559,0.18689,0.0953749,0.0519356,0.287411,0.292738,0.20781,-0.123827
VOLUME,val_accel,Y2023,4,33427,0.0193953,0.00432901,0.00681102,0.199102,0.106597,0.0627375,0.302887,0.310234,0.22497,-0.128767
VOLUME,val_accel,Y2023,5,33513,0.0159119,-0.00369686,0.00332569,0.235496,0.13358,0.0802793,0.384953,0.354983,0.258014,-0.154247
VOLUME,val_accel,Y2024,1,39051,0.00171112,-0.0132253,-0.019592,0.192583,0.105153,0.0607714,0.504584,0.30843,0.213575,-0.157027
VOLUME,val_accel,Y2024,2,39137,0.00613128,-0.00757576,-0.0151943,0.186451,0.0999463,0.0570392,0.454703,0.3,0.209956,-0.153641
VOLUME,val_accel,Y2024,3,39152,0.00577633,-0.00656455,-0.0155229,0.180882,0.0938258,0.0545636,0.443176,0.288251,0.208315,-0.152986
VOLUME,val_accel,Y2024,4,39137,0.00776235,-0.00763359,-0.013563,0.200828,0.108541,0.0628961,0.45778,0.313618,0.231036,-0.155834
VOLUME,val_accel,Y2024,5,39240,0.00598204,-0.0182002,-0.0153288,0.236651,0.142857,0.0920607,0.544284,0.379787,0.286172,-0.181818
VOLUME,val_accel,Y2025,1,33798,0.0033777,-0.00938968,-0.0213911,0.213945,0.125514,0.0773033,0.482169,0.343764,0.24845,-0.203141
VOLUME,val_accel,Y2025,2,33896,0.00718892,-0.00347223,-0.0175951,0.21597,0.123078,0.0726194,0.4469,0.340275,0.240387,-0.19221
VOLUME,val_accel,Y2025,3,33903,0.00979953,-0.00166666,-0.0150084,0.211258,0.120748,0.0713042,0.434404,0.336342,0.240961,-0.181818
VOLUME,val_accel,Y2025,4,33896,0.0140709,-2.0552e-09,-0.0107111,0.22315,0.133754,0.0828144,0.444913,0.361844,0.261761,-0.178208
VOLUME,val_accel,Y2025,5,33996,0.0140864,-0.00645161,-0.0107067,0.260688,0.161827,0.104069,0.508812,0.410727,0.305436,-0.201338
VOLUME,val_accel,Y2026YTD,1,25955,0.0204483,-0.00994786,-0.0189182,0.320249,0.207641,0.146147,0.580444,0.532568,0.336568,-0.191017
VOLUME,val_accel,Y2026YTD,2,26017,0.0270949,-0.00172117,-0.0122868,0.335872,0.218954,0.152119,0.527543,0.527933,0.349283,-0.191851
VOLUME,val_accel,Y2026YTD,3,26016,0.0296079,0.00369004,-0.00979786,0.33387,0.218736,0.148333,0.499434,0.517041,0.343787,-0.194808
VOLUME,val_accel,Y2026YTD,4,26017,0.0316496,0.00180671,-0.00774448,0.343138,0.230441,0.165477,0.518797,0.563388,0.381482,-0.209888
VOLUME,val_accel,Y2026YTD,5,26077,0.0353528,-0.00641026,-0.00405404,0.386195,0.277057,0.206642,0.593749,0.676815,0.469413,-0.233528
VOLUME,val_pct,DISCOVERY,1,67432,0.0165944,-1.93171e-08,-0.0018092,0.189566,0.103772,0.06264,0.336621,0.306122,0.216,-0.125826
VOLUME,val_pct,DISCOVERY,2,67612,0.0153738,-0.0018215,-0.00303135,0.204609,0.115402,0.0700075,0.373852,0.325915,0.231323,-0.139127
VOLUME,val_pct,DISCOVERY,3,67599,0.0113358,-0.00416667,-0.00705985,0.202086,0.110135,0.0640775,0.409765,0.31673,0.228666,-0.153707
VOLUME,val_pct,DISCOVERY,4,67612,0.0111355,-0.00132626,-0.00726718,0.203858,0.110478,0.0624945,0.420273,0.3166,0.227328,-0.154626
VOLUME,val_pct,DISCOVERY,5,67780,0.0173556,1.96657e-08,-0.00104854,0.251332,0.139139,0.0837133,0.463588,0.363346,0.267897,-0.167573
VOLUME,val_pct,STRICT_OOS,1,61551,0.00724488,-0.00923077,-0.0243063,0.214733,0.126403,0.0786619,0.469405,0.347751,0.244568,-0.179127
VOLUME,val_pct,STRICT_OOS,2,61735,0.00997922,-0.00724638,-0.0215894,0.236607,0.14166,0.0912271,0.484679,0.377612,0.267746,-0.193289
VOLUME,val_pct,STRICT_OOS,3,61731,0.0141384,-0.00707786,-0.017426,0.263031,0.161477,0.109727,0.514716,0.424421,0.301101,-0.206667
VOLUME,val_pct,STRICT_OOS,4,61735,0.0232071,-0.00137741,-0.00836704,0.295344,0.19093,0.130381,0.517854,0.482759,0.357377,-0.212346
VOLUME,val_pct,STRICT_OOS,5,61893,0.0425854,0.0142857,0.0110202,0.393584,0.276719,0.19435,0.524796,0.591438,0.404573,-0.218263
VOLUME,val_pct,Y2023,1,33743,0.0184536,0.0022075,0.00591485,0.1806,0.0944207,0.0551109,0.259902,0.291643,0.203548,-0.111297
VOLUME,val_pct,Y2023,2,33844,0.0179369,0.00242185,0.00539214,0.195053,0.10614,0.0609893,0.297884,0.309091,0.217445,-0.127511
VOLUME,val_pct,Y2023,3,33839,0.0148685,-3.33067e-16,0.00231988,0.196453,0.105187,0.059731,0.33888,0.30826,0.214527,-0.138264
VOLUME,val_pct,Y2023,4,33844,0.0148886,0.0030581,0.00234494,0.20523,0.107535,0.0580674,0.348109,0.312218,0.217391,-0.140541
VOLUME,val_pct,Y2023,5,33928,0.0227876,0.0046729,0.0102399,0.250663,0.14116,0.0860107,0.395626,0.367347,0.263158,-0.150175
VOLUME,val_pct,Y2024,1,39718,0.00882989,-0.00866802,-0.0124789,0.186911,0.104925,0.0636048,0.429899,0.309232,0.216874,-0.142822
VOLUME,val_pct,Y2024,2,39823,0.00717449,-0.011465,-0.0141293,0.201637,0.11708,0.0732314,0.464075,0.330404,0.2343,-0.15173
VOLUME,val_pct,Y2024,3,39811,0.00353196,-0.0135135,-0.0177571,0.196734,0.107474,0.0646652,0.491973,0.313559,0.229688,-0.166667
VOLUME,val_pct,Y2024,4,39823,0.00240148,-0.0104627,-0.0188988,0.193471,0.108488,0.0630839,0.502511,0.314038,0.229082,-0.170922
VOLUME,val_pct,Y2024,5,39915,0.00869429,-0.00682399,-0.0126089,0.238823,0.129335,0.0757318,0.534658,0.346767,0.261679,-0.180131
VOLUME,val_pct,Y2025,1,34346,0.00291892,-0.00937503,-0.0220342,0.179038,0.100265,0.0577769,0.456507,0.300503,0.217196,-0.181976
VOLUME,val_pct,Y2025,2,34461,0.00444089,-0.00566037,-0.0205331,0.196929,0.109276,0.0655947,0.456232,0.316827,0.224801,-0.185474
VOLUME,val_pct,Y2025,3,34449,0.00519662,-0.00747364,-0.0197764,0.207259,0.11536,0.0722416,0.474013,0.329092,0.247441,-0.198866
VOLUME,val_pct,Y2025,4,34461,0.0116675,-0.00375236,-0.0133125,0.236735,0.140369,0.0869325,0.46961,0.369565,0.276861,-0.194224
VOLUME,val_pct,Y2025,5,34550,0.0277883,0.00952381,0.00282189,0.32455,0.216753,0.140342,0.474969,0.472464,0.330544,-0.200172
VOLUME,val_pct,Y2026YTD,1,27205,0.012706,-0.00909091,-0.0271746,0.265591,0.163645,0.108419,0.487781,0.422646,0.283721,-0.177273
VOLUME,val_pct,Y2026YTD,2,27274,0.0169776,-0.00935831,-0.0229241,0.293195,0.187847,0.127784,0.52525,0.467244,0.336153,-0.2
VOLUME,val_pct,Y2026YTD,3,27282,0.0254274,-0.00650759,-0.0144586,0.342505,0.227192,0.163143,0.572717,0.590247,0.370541,-0.213758
VOLUME,val_pct,Y2026YTD,4,27274,0.0377863,0.00245702,-0.00211892,0.378916,0.263027,0.192335,0.586648,0.651706,0.461072,-0.232239
VOLUME,val_pct,Y2026YTD,5,27343,0.0612777,0.0224234,0.0213767,0.492012,0.362218,0.271354,0.595839,0.736842,0.485233,-0.239936
VOLUME,turnover_pct,DISCOVERY,1,67429,0.011687,0.0040404,-0.00671758,0.096301,0.0446874,0.0231668,0.212031,0.196119,0.139343,-0.0928122
VOLUME,turnover_pct,DISCOVERY,2,67609,0.0148804,0.00265958,-0.00352578,0.17195,0.0795107,0.0414639,0.317066,0.269335,0.189474,-0.120075
VOLUME,turnover_pct,DISCOVERY,3,67591,0.01382,-0.0022472,-0.00457276,0.209983,0.107596,0.060494,0.400935,0.311828,0.219618,-0.140789
VOLUME,turnover_pct,DISCOVERY,4,67609,0.0143546,-0.00909091,-0.00405193,0.258995,0.149018,0.0894432,0.490917,0.375856,0.270813,-0.16187
VOLUME,turnover_pct,DISCOVERY,5,67778,0.0170718,-0.0137089,-0.00133259,0.313885,0.197846,0.128169,0.582396,0.457342,0.337911,-0.192719
VOLUME,turnover_pct,STRICT_OOS,1,61541,0.00996578,0.00248051,-0.0215774,0.1384,0.0649644,0.0371372,0.310241,0.237968,0.171541,-0.130854
VOLUME,turnover_pct,STRICT_OOS,2,61727,0.0115988,-0.00324675,-0.0199678,0.233469,0.134089,0.0838012,0.450199,0.36114,0.239148,-0.170937
VOLUME,turnover_pct,STRICT_OOS,3,61722,0.0146168,-0.0069541,-0.0169396,0.279057,0.173325,0.110988,0.527261,0.423913,0.300854,-0.197992
VOLUME,turnover_pct,STRICT_OOS,4,61727,0.0266719,-0.00664673,-0.00489858,0.350469,0.235642,0.164085,0.58142,0.557857,0.391082,-0.225101
VOLUME,turnover_pct,STRICT_OOS,5,61887,0.0343152,-0.00866427,0.00274732,0.40146,0.288804,0.208175,0.641628,0.65498,0.463415,-0.252107
VOLUME,turnover_pct,Y2023,1,33740,0.0113607,0.00579842,-0.00118531,0.0691802,0.0325745,0.0156796,0.1351,0.16743,0.115825,-0.0809025
VOLUME,turnover_pct,Y2023,2,33842,0.017259,0.00530971,0.00471471,0.165943,0.0706327,0.0331294,0.240624,0.261203,0.180051,-0.106183
VOLUME,turnover_pct,Y2023,3,33832,0.0189034,0.00314993,0.0063612,0.210567,0.104101,0.0581557,0.327676,0.305845,0.213592,-0.125
VOLUME,turnover_pct,Y2023,4,33842,0.020248,-0.00169783,0.00770288,0.272386,0.15453,0.0899285,0.414564,0.378571,0.266019,-0.146546
VOLUME,turnover_pct,Y2023,5,33926,0.0211952,-0.00810811,0.00864798,0.309554,0.192347,0.122837,0.521505,0.447563,0.323604,-0.177063
VOLUME,turnover_pct,Y2024,1,39711,0.00785708,-2.22974e-08,-0.0134493,0.115975,0.0520311,0.0279296,0.298386,0.216912,0.15332,-0.107287
VOLUME,turnover_pct,Y2024,2,39803,0.00895058,-0.00425532,-0.0123676,0.170109,0.0852555,0.0473139,0.398764,0.274934,0.193713,-0.132266
VOLUME,turnover_pct,Y2024,3,39803,0.00519425,-0.0109976,-0.0160927,0.199181,0.105935,0.0589979,0.481532,0.309595,0.2194,-0.154932
VOLUME,turnover_pct,Y2024,4,39803,0.00414186,-0.0208,-0.0171762,0.233779,0.134643,0.082324,0.578705,0.358755,0.264528,-0.173694
VOLUME,turnover_pct,Y2024,5,39908,0.00448634,-0.0281481,-0.0168212,0.298098,0.188983,0.123525,0.665013,0.446755,0.33492,-0.206316
VOLUME,turnover_pct,Y2025,1,34346,0.00268952,0,-0.0222522,0.099135,0.0435973,0.0238518,0.329936,0.19919,0.149907,-0.139172
VOLUME,turnover_pct,Y2025,2,34461,0.0048798,-0.00383879,-0.020106,0.180755,0.095762,0.0559361,0.421742,0.292435,0.201054,-0.17047
VOLUME,turnover_pct,Y2025,3,34449,0.0061477,-0.00657894,-0.0188204,0.22029,0.122761,0.0684649,0.472054,0.33557,0.242695,-0.192857
VOLUME,turnover_pct,Y2025,4,34461,0.0175347,-0.00421941,-0.00743788,0.295968,0.183293,0.114678,0.515862,0.430351,0.309453,-0.210458
VOLUME,turnover_pct,Y2025,5,34550,0.0207751,-0.0103448,-0.00420312,0.348021,0.236357,0.159781,0.591008,0.529745,0.379104,-0.231602
VOLUME,turnover_pct,Y2026YTD,1,27195,0.0191536,0.00575816,-0.0207251,0.194356,0.095414,0.0560697,0.282175,0.293032,0.198174,-0.119449
VOLUME,turnover_pct,Y2026YTD,2,27266,0.0200902,-0.00255102,-0.0197932,0.308657,0.188755,0.123546,0.490788,0.459336,0.288582,-0.171513
VOLUME,turnover_pct,Y2026YTD,3,27273,0.0253153,-0.00760456,-0.0145636,0.362831,0.245406,0.171606,0.60596,0.553488,0.36337,-0.20266
VOLUME,turnover_pct,Y2026YTD,4,27266,0.0382189,-0.0104167,-0.0016896,0.428199,0.310303,0.234549,0.674918,0.763583,0.495261,-0.241667
VOLUME,turnover_pct,Y2026YTD,5,27337,0.0514247,-0.00573887,0.01153,0.477665,0.363595,0.277186,0.713814,0.816999,0.560031,-0.274746
TRAD_RS,rs_pct_20,DISCOVERY,1,67404,0.00851487,-0.00414943,-0.00987606,0.190292,0.100948,0.0572777,0.424241,0.301653,0.206522,-0.145974
TRAD_RS,rs_pct_20,DISCOVERY,2,67586,0.0106187,-4.9892e-09,-0.00778411,0.160537,0.0811567,0.04487,0.33395,0.268748,0.185138,-0.126572
TRAD_RS,rs_pct_20,DISCOVERY,3,67591,0.0136342,0.00128954,-0.0047621,0.171902,0.088496,0.0497744,0.328845,0.28088,0.198043,-0.126582
TRAD_RS,rs_pct_20,DISCOVERY,4,67585,0.0146151,-4.90773e-09,-0.00378396,0.212262,0.113337,0.0652589,0.386626,0.320755,0.231263,-0.144
TRAD_RS,rs_pct_20,DISCOVERY,5,67762,0.0242665,-0.00611622,0.0058638,0.31607,0.194616,0.125454,0.530773,0.45774,0.34759,-0.191217
TRAD_RS,rs_pct_20,STRICT_OOS,1,61522,0.00966163,-0.00754718,-0.0218831,0.267415,0.161254,0.104826,0.52485,0.411877,0.277267,-0.208991
TRAD_RS,rs_pct_20,STRICT_OOS,2,61701,0.0154476,-4.2076e-08,-0.0161193,0.24318,0.145898,0.0936294,0.449302,0.384615,0.266031,-0.183908
TRAD_RS,rs_pct_20,STRICT_OOS,3,61688,0.0190825,-7.35824e-05,-0.0124532,0.244024,0.14875,0.0964349,0.441265,0.390704,0.281393,-0.174079
TRAD_RS,rs_pct_20,STRICT_OOS,4,61705,0.0221655,-0.00108108,-0.00940505,0.275266,0.176643,0.119327,0.48661,0.446066,0.324794,-0.187681
TRAD_RS,rs_pct_20,STRICT_OOS,5,61864,0.0307484,-0.00699301,-0.000815197,0.373529,0.264724,0.190179,0.609614,0.624463,0.452095,-0.241913
TRAD_RS,rs_pct_20,Y2023,1,33730,0.0139097,0,0.00137797,0.190369,0.100848,0.0551536,0.350314,0.301092,0.20859,-0.133507
TRAD_RS,rs_pct_20,Y2023,2,33834,0.0154047,0.00277446,0.00286963,0.154999,0.0769526,0.0422456,0.252469,0.262222,0.183172,-0.111962
TRAD_RS,rs_pct_20,Y2023,3,33835,0.0168262,0.00481347,0.00427777,0.16174,0.0811066,0.0433318,0.254847,0.269747,0.190154,-0.113043
TRAD_RS,rs_pct_20,Y2023,4,33832,0.0176486,0.00321371,0.00511117,0.206976,0.106887,0.0596216,0.315903,0.309905,0.215466,-0.128746
TRAD_RS,rs_pct_20,Y2023,5,33923,0.0251144,-3.89814e-09,0.0125663,0.313747,0.188567,0.119432,0.467172,0.443531,0.316033,-0.177499
TRAD_RS,rs_pct_20,Y2024,1,39698,-0.0014203,-0.014218,-0.0227142,0.182182,0.0962939,0.0552014,0.5178,0.293194,0.197801,-0.15943
TRAD_RS,rs_pct_20,Y2024,2,39801,0.00219777,-0.00841751,-0.0191136,0.159492,0.0821711,0.045458,0.427089,0.269388,0.182486,-0.141199
TRAD_RS,rs_pct_20,Y2024,3,39801,0.00662563,-0.00568182,-0.0146631,0.171646,0.0903837,0.0522652,0.412041,0.283068,0.19836,-0.1401
TRAD_RS,rs_pct_20,Y2024,4,39803,0.00746577,-0.0083682,-0.013835,0.204217,0.111644,0.0656599,0.4607,0.319402,0.235489,-0.159833
TRAD_RS,rs_pct_20,Y2024,5,39900,0.0155699,-0.0187354,-0.00573161,0.299554,0.186259,0.121366,0.605875,0.446719,0.35842,-0.202128
TRAD_RS,rs_pct_20,Y2025,1,34329,0.00480374,-0.00716589,-0.0201418,0.222028,0.125233,0.0776515,0.48546,0.34606,0.244982,-0.207409
TRAD_RS,rs_pct_20,Y2025,2,34438,0.00697368,-0.00278106,-0.0180046,0.194772,0.108539,0.0632878,0.422916,0.316456,0.224481,-0.185229
TRAD_RS,rs_pct_20,Y2025,3,34420,0.00829054,-0.00314794,-0.0166322,0.190288,0.106768,0.0622475,0.419139,0.312121,0.230855,-0.172267
TRAD_RS,rs_pct_20,Y2025,4,34441,0.0115916,-0.00206613,-0.0133835,0.221338,0.129777,0.0782321,0.44741,0.351265,0.257167,-0.18022
TRAD_RS,rs_pct_20,Y2025,5,34530,0.0200876,-0.00628607,-0.00488374,0.31594,0.211438,0.141181,0.55693,0.492905,0.359579,-0.213509
TRAD_RS,rs_pct_20,Y2026YTD,1,27193,0.0157941,-0.00801068,-0.0240814,0.332074,0.212569,0.143539,0.580964,0.499171,0.321065,-0.210986
TRAD_RS,rs_pct_20,Y2026YTD,2,27263,0.0261503,7.49359e-09,-0.013738,0.312189,0.199155,0.136883,0.486916,0.496171,0.324591,-0.182212
TRAD_RS,rs_pct_20,Y2026YTD,3,27268,0.0327039,0.00174519,-0.00717852,0.32057,0.208552,0.145134,0.472782,0.521739,0.350203,-0.176346
TRAD_RS,rs_pct_20,Y2026YTD,4,27264,0.0355233,-1.11022e-16,-0.00437907,0.352159,0.243468,0.177922,0.542503,0.589385,0.411721,-0.198174
TRAD_RS,rs_pct_20,Y2026YTD,5,27334,0.0442123,-0.00780489,0.00432311,0.455623,0.340685,0.260026,0.684715,0.799172,0.547517,-0.272143
TRAD_RS,rs_pct_40,DISCOVERY,1,67408,0.00848594,-0.004,-0.00991478,0.170819,0.0854019,0.0484429,0.407914,0.275891,0.196323,-0.137101
TRAD_RS,rs_pct_40,DISCOVERY,2,67584,0.0109226,-3.83634e-09,-0.00747435,0.147165,0.0752919,0.0431212,0.317105,0.256694,0.181319,-0.120755
TRAD_RS,rs_pct_40,DISCOVERY,3,67581,0.0139224,0.00175592,-0.00448064,0.175758,0.0932218,0.0505698,0.324863,0.288462,0.199777,-0.127573
TRAD_RS,rs_pct_40,DISCOVERY,4,67585,0.0150696,-6.36898e-09,-0.00332837,0.226869,0.117652,0.0673948,0.403422,0.326389,0.231228,-0.148148
TRAD_RS,rs_pct_40,DISCOVERY,5,67755,0.0233167,-0.00669643,0.00491683,0.330489,0.206943,0.133155,0.550762,0.470471,0.352313,-0.196786
TRAD_RS,rs_pct_40,STRICT_OOS,1,61520,0.0110816,-0.0041841,-0.0204714,0.257101,0.15121,0.0941122,0.498108,0.386246,0.272328,-0.203954
TRAD_RS,rs_pct_40,STRICT_OOS,2,61706,0.016891,-1.11022e-16,-0.0146763,0.22845,0.131618,0.0842522,0.43,0.3596,0.25873,-0.172956
TRAD_RS,rs_pct_40,STRICT_OOS,3,61686,0.0179074,-0.00264901,-0.013662,0.238991,0.145133,0.0956853,0.450117,0.388969,0.28036,-0.170766
TRAD_RS,rs_pct_40,STRICT_OOS,4,61704,0.0230774,-0.00171821,-0.00849157,0.291706,0.193059,0.130925,0.504754,0.4731,0.331628,-0.189562
TRAD_RS,rs_pct_40,STRICT_OOS,5,61860,0.0283872,-0.0102507,-0.00317735,0.387083,0.276337,0.199442,0.628003,0.642666,0.454879,-0.252064
TRAD_RS,rs_pct_40,Y2023,1,33730,0.00977678,-0.00152053,-0.00276265,0.16297,0.0810402,0.0437967,0.334747,0.270198,0.1856,-0.127465
TRAD_RS,rs_pct_40,Y2023,2,33832,0.0143897,0.00321543,0.00184874,0.139576,0.0688422,0.0384263,0.239514,0.246246,0.17364,-0.107923
TRAD_RS,rs_pct_40,Y2023,3,33826,0.0174757,0.00577201,0.00492353,0.168362,0.0870195,0.0452099,0.245062,0.279805,0.187756,-0.112273
TRAD_RS,rs_pct_40,Y2023,4,33833,0.0190558,0.00367646,0.00651587,0.228049,0.112606,0.062112,0.335689,0.317673,0.217599,-0.133076
TRAD_RS,rs_pct_40,Y2023,5,33920,0.0281651,-0.000805964,0.015618,0.328852,0.204729,0.130196,0.485318,0.464815,0.343228,-0.180875
TRAD_RS,rs_pct_40,Y2024,1,39702,0.0018396,-0.0117371,-0.0194648,0.170861,0.0853422,0.0491196,0.499106,0.273982,0.197411,-0.149805
TRAD_RS,rs_pct_40,Y2024,2,39797,0.0037831,-0.00838658,-0.017517,0.148706,0.07904,0.0456145,0.40945,0.261167,0.18404,-0.133333
TRAD_RS,rs_pct_40,Y2024,3,39801,0.00660022,-0.00654664,-0.014697,0.172681,0.0932506,0.0522917,0.413258,0.287413,0.203807,-0.142135
TRAD_RS,rs_pct_40,Y2024,4,39796,0.00699179,-0.00913242,-0.014308,0.212219,0.113876,0.0668024,0.472794,0.322894,0.23401,-0.161535
TRAD_RS,rs_pct_40,Y2024,5,39895,0.0113685,-0.0197368,-0.00992959,0.312592,0.195292,0.12625,0.628369,0.456262,0.344805,-0.208212
TRAD_RS,rs_pct_40,Y2025,1,34328,0.00360784,-0.00660429,-0.02134,0.214219,0.116026,0.0664336,0.475962,0.325685,0.238797,-0.207073
TRAD_RS,rs_pct_40,Y2025,2,34443,0.00842367,-0.0013587,-0.0165496,0.186253,0.0985568,0.0567413,0.413131,0.297891,0.224608,-0.177185
TRAD_RS,rs_pct_40,Y2025,3,34426,0.00818179,-0.00320514,-0.0167908,0.184013,0.102046,0.0607276,0.417538,0.304223,0.225883,-0.16827
TRAD_RS,rs_pct_40,Y2025,4,34441,0.0155776,-5.74648e-10,-0.00939366,0.232597,0.143351,0.089362,0.448175,0.374556,0.265338,-0.171953
TRAD_RS,rs_pct_40,Y2025,5,34527,0.0163609,-0.0113636,-0.00860647,0.327481,0.222019,0.149529,0.57601,0.508575,0.364583,-0.224351
TRAD_RS,rs_pct_40,Y2026YTD,1,27192,0.0205162,-0.00130039,-0.0193749,0.318195,0.201337,0.133546,0.529661,0.471117,0.315713,-0.200702
TRAD_RS,rs_pct_40,Y2026YTD,2,27263,0.0275887,0.00161033,-0.0123096,0.288625,0.178765,0.123483,0.454056,0.46278,0.313902,-0.166667
TRAD_RS,rs_pct_40,Y2026YTD,3,27260,0.0301871,-0.00159749,-0.0097116,0.317337,0.206534,0.145501,0.496543,0.52151,0.352619,-0.173872
TRAD_RS,rs_pct_40,Y2026YTD,4,27263,0.0325514,-0.00375478,-0.00735203,0.375983,0.263934,0.190186,0.585424,0.634363,0.412757,-0.206203
TRAD_RS,rs_pct_40,Y2026YTD,5,27333,0.0435763,-0.00844922,0.00367958,0.472041,0.353762,0.270587,0.702114,0.808975,0.557103,-0.282201
TRAD_RS,rs_pct_60,DISCOVERY,1,67403,0.00509536,-0.00439239,-0.0133102,0.151292,0.0706453,0.0388764,0.403514,0.254545,0.178775,-0.13755
TRAD_RS,rs_pct_60,DISCOVERY,2,67573,0.0107667,2.58025e-09,-0.00763944,0.141969,0.072139,0.0397845,0.305784,0.2469,0.175,-0.119779
TRAD_RS,rs_pct_60,DISCOVERY,3,67564,0.0145768,0.00126741,-0.00381696,0.176271,0.0924728,0.0518688,0.319828,0.287615,0.201972,-0.125
TRAD_RS,rs_pct_60,DISCOVERY,4,67573,0.0177643,-0.00210526,-0.000644195,0.243347,0.133181,0.0767443,0.41664,0.350642,0.25,-0.148588
TRAD_RS,rs_pct_60,DISCOVERY,5,67751,0.0236283,-0.00488601,0.00522052,0.338279,0.210265,0.135512,0.55777,0.473684,0.352113,-0.196347
TRAD_RS,rs_pct_60,STRICT_OOS,1,61525,0.0118841,-0.00426061,-0.0196738,0.240104,0.137413,0.0849028,0.480825,0.364362,0.263205,-0.189441
TRAD_RS,rs_pct_60,STRICT_OOS,2,61688,0.0142967,-0.00163666,-0.0172552,0.213034,0.119895,0.0764069,0.420554,0.337124,0.240604,-0.16749
TRAD_RS,rs_pct_60,STRICT_OOS,3,61688,0.0175865,-0.00182149,-0.0139829,0.245373,0.150447,0.0986137,0.456208,0.39677,0.279601,-0.175287
TRAD_RS,rs_pct_60,STRICT_OOS,4,61687,0.0236613,-0.00160257,-0.00790463,0.303719,0.199372,0.136347,0.518851,0.483008,0.343339,-0.195565
TRAD_RS,rs_pct_60,STRICT_OOS,5,61852,0.029833,-0.00902062,-0.00173882,0.401328,0.290191,0.208089,0.634588,0.65285,0.45529,-0.257278
TRAD_RS,rs_pct_60,Y2023,1,33726,0.00860046,-1.93972e-10,-0.00393801,0.144124,0.065864,0.0356454,0.320631,0.249734,0.168033,-0.122549
TRAD_RS,rs_pct_60,Y2023,2,33820,0.0160935,0.005,0.00354801,0.137336,0.0693479,0.0365814,0.220376,0.243397,0.172099,-0.103669
TRAD_RS,rs_pct_60,Y2023,3,33815,0.017386,0.00434782,0.00485206,0.165129,0.0837622,0.0448092,0.247767,0.275748,0.192,-0.112677
TRAD_RS,rs_pct_60,Y2023,4,33820,0.0206732,0.00164474,0.00812375,0.246629,0.131181,0.0731015,0.352585,0.345646,0.241011,-0.136138
TRAD_RS,rs_pct_60,Y2023,5,33909,0.0262287,-0.00149365,0.0136807,0.334366,0.204064,0.129653,0.498437,0.464641,0.338678,-0.180505
TRAD_RS,rs_pct_60,Y2024,1,39700,-0.00253232,-0.0138889,-0.0238458,0.154805,0.073838,0.0399295,0.500844,0.256098,0.18593,-0.154159
TRAD_RS,rs_pct_60,Y2024,2,39798,0.00261513,-0.00803213,-0.0186918,0.141105,0.0728017,0.0419169,0.401076,0.245815,0.174316,-0.132724
TRAD_RS,rs_pct_60,Y2024,3,39795,0.00784879,-0.006,-0.0134479,0.175291,0.0935639,0.0537056,0.402076,0.28882,0.202618,-0.136724
TRAD_RS,rs_pct_60,Y2024,4,39798,0.00972908,-0.00999999,-0.011577,0.224855,0.124328,0.0732847,0.486806,0.338983,0.246175,-0.159364
TRAD_RS,rs_pct_60,Y2024,5,39903,0.0130259,-0.0167598,-0.00828114,0.321453,0.202647,0.131363,0.631777,0.463873,0.348523,-0.209816
TRAD_RS,rs_pct_60,Y2025,1,34328,0.00181217,-0.00665006,-0.0231332,0.202996,0.108055,0.0619536,0.468586,0.313,0.225737,-0.205882
TRAD_RS,rs_pct_60,Y2025,2,34429,0.0065502,-0.00276051,-0.018393,0.175818,0.0889838,0.0490965,0.412556,0.280992,0.208105,-0.171228
TRAD_RS,rs_pct_60,Y2025,3,34424,0.00997431,-0.00193798,-0.014989,0.187455,0.10378,0.0626398,0.416514,0.3091,0.226668,-0.163013
TRAD_RS,rs_pct_60,Y2025,4,34428,0.014167,-0.00109442,-0.0107857,0.239242,0.144463,0.0893744,0.455996,0.374637,0.268264,-0.176467
TRAD_RS,rs_pct_60,Y2025,5,34521,0.0194829,-0.0101351,-0.005492,0.339167,0.236736,0.159688,0.577352,0.528662,0.37568,-0.227805
TRAD_RS,rs_pct_60,Y2026YTD,1,27197,0.0245958,-0.00171086,-0.0153077,0.29296,0.17923,0.117591,0.498257,0.437485,0.320673,-0.170022
TRAD_RS,rs_pct_60,Y2026YTD,2,27259,0.0240802,-3.33067e-16,-0.0158182,0.26609,0.163961,0.11534,0.431956,0.442328,0.290128,-0.162879
TRAD_RS,rs_pct_60,Y2026YTD,3,27264,0.027197,-0.00166396,-0.0127127,0.32791,0.21695,0.149878,0.512773,0.52827,0.344635,-0.187029
TRAD_RS,rs_pct_60,Y2026YTD,4,27259,0.03565,-0.0022384,-0.00426658,0.395618,0.277633,0.203296,0.60844,0.646497,0.430963,-0.217324
TRAD_RS,rs_pct_60,Y2026YTD,5,27331,0.0429055,-0.0068114,0.00300155,0.489942,0.366393,0.277087,0.71618,0.817447,0.548845,-0.291655
TRAD_RS,rs_pct_120,DISCOVERY,1,67359,0.00416766,-0.00429184,-0.0142312,0.129984,0.0597948,0.0306324,0.372103,0.234143,0.162042,-0.126886
TRAD_RS,rs_pct_120,DISCOVERY,2,67538,0.0106309,1.52171e-09,-0.00776976,0.142834,0.0705062,0.040029,0.296449,0.24712,0.172871,-0.116868
TRAD_RS,rs_pct_120,DISCOVERY,3,67538,0.0161903,0.0012255,-0.00220479,0.18438,0.0964475,0.0557094,0.337766,0.29422,0.211075,-0.129672
TRAD_RS,rs_pct_120,DISCOVERY,4,67538,0.0202225,4.12464e-09,0.00182206,0.255157,0.139735,0.0816169,0.426001,0.362341,0.258001,-0.148309
TRAD_RS,rs_pct_120,DISCOVERY,5,67714,0.0205716,-0.00857842,0.00217199,0.338498,0.211934,0.134672,0.570829,0.470356,0.350124,-0.2
TRAD_RS,rs_pct_120,STRICT_OOS,1,61496,0.00827483,-0.00429185,-0.0232667,0.217375,0.117431,0.0681705,0.453026,0.326271,0.233141,-0.178733
TRAD_RS,rs_pct_120,STRICT_OOS,2,61677,0.0104016,-0.0040349,-0.0211462,0.20152,0.114976,0.0735997,0.424146,0.331151,0.229851,-0.163152
TRAD_RS,rs_pct_120,STRICT_OOS,3,61674,0.020059,-5.41016e-09,-0.0114835,0.252707,0.156949,0.104775,0.464716,0.412879,0.291937,-0.179283
TRAD_RS,rs_pct_120,STRICT_OOS,4,61677,0.0261001,-0.00182649,-0.00545927,0.317291,0.210719,0.144829,0.532604,0.515787,0.364628,-0.206482
TRAD_RS,rs_pct_120,STRICT_OOS,5,61834,0.0324158,-0.00550963,0.000871458,0.41421,0.296949,0.212888,0.636261,0.651602,0.454545,-0.259362
TRAD_RS,rs_pct_120,Y2023,1,33696,0.00816056,2.98295e-09,-0.0043788,0.121961,0.0552076,0.0263869,0.290048,0.225424,0.154942,-0.11146
TRAD_RS,rs_pct_120,Y2023,2,33793,0.0147786,0.00423729,0.00224479,0.137013,0.0649105,0.0330916,0.214415,0.242218,0.164066,-0.100909
TRAD_RS,rs_pct_120,Y2023,3,33795,0.0197642,0.00435499,0.00721979,0.176112,0.0912669,0.0526767,0.266314,0.287129,0.20438,-0.118538
TRAD_RS,rs_pct_120,Y2023,4,33793,0.022905,0.00370371,0.0103699,0.254639,0.136093,0.078389,0.35605,0.356494,0.25,-0.135803
TRAD_RS,rs_pct_120,Y2023,5,33885,0.0232442,-0.00376886,0.0107106,0.337436,0.206363,0.129036,0.512307,0.459108,0.332583,-0.185642
TRAD_RS,rs_pct_120,Y2024,1,39691,-0.00344868,-0.0132075,-0.0247466,0.135826,0.0635789,0.03344,0.471487,0.239437,0.166667,-0.144143
TRAD_RS,rs_pct_120,Y2024,2,39800,0.00343965,-0.00694444,-0.01786,0.14024,0.0714142,0.0431702,0.388305,0.24375,0.174725,-0.131616
TRAD_RS,rs_pct_120,Y2024,3,39791,0.00840003,-0.0064679,-0.0128869,0.181069,0.0951088,0.0548434,0.413085,0.291928,0.20784,-0.139927
TRAD_RS,rs_pct_120,Y2024,4,39800,0.0112868,-0.00877193,-0.0100117,0.237938,0.131496,0.0768168,0.503694,0.350763,0.251551,-0.159585
TRAD_RS,rs_pct_120,Y2024,5,39890,0.0110048,-0.0206612,-0.0102981,0.322142,0.205326,0.131836,0.645814,0.467417,0.352374,-0.212763
TRAD_RS,rs_pct_120,Y2025,1,34314,0.00516301,-0.0037037,-0.0198029,0.201312,0.105407,0.0564349,0.446582,0.307692,0.226585,-0.195148
TRAD_RS,rs_pct_120,Y2025,2,34424,0.00325311,-0.00590319,-0.0217033,0.161626,0.0868125,0.051919,0.427613,0.273247,0.201253,-0.173644
TRAD_RS,rs_pct_120,Y2025,3,34423,0.00935442,-0.00204502,-0.0156207,0.187574,0.105542,0.0646849,0.421556,0.310001,0.226703,-0.167925
TRAD_RS,rs_pct_120,Y2025,4,34424,0.0140785,-0.00108695,-0.0108847,0.243658,0.144829,0.0896173,0.461018,0.375301,0.273952,-0.182822
TRAD_RS,rs_pct_120,Y2025,5,34524,0.0203036,-0.00873999,-0.00467045,0.350061,0.23912,0.16008,0.573709,0.51945,0.374257,-0.228782
TRAD_RS,rs_pct_120,Y2026YTD,1,27182,0.012203,-0.00497511,-0.0276392,0.240261,0.134563,0.0848908,0.462206,0.358687,0.242799,-0.162278
TRAD_RS,rs_pct_120,Y2026YTD,2,27253,0.0194311,-0.00184165,-0.0204425,0.258399,0.15513,0.104511,0.419204,0.413153,0.267689,-0.152865
TRAD_RS,rs_pct_120,Y2026YTD,3,27251,0.0335789,0.00105263,-0.00625821,0.345553,0.230231,0.161924,0.526242,0.548507,0.369489,-0.191583
TRAD_RS,rs_pct_120,Y2026YTD,4,27253,0.0412834,-0.00284091,0.00139308,0.422263,0.304652,0.223539,0.634658,0.718234,0.47279,-0.229642
TRAD_RS,rs_pct_120,Y2026YTD,5,27310,0.0477248,-5.55112e-16,0.00787602,0.505725,0.379449,0.288224,0.725499,0.82289,0.546988,-0.293758
