stock_id,name,sector,signal_date,probe_date,probe_price,probe_price_adj,probe_size,probe_stop,probe_stop_adj,probe_risk,rank_score,confirmed,confirm_date,confirm_price,confirm_price_adj,confirm_rule,days_probe_to_confirm,n_adds,add_date,add_price,add_price_adj,add2_date,add2_price,full,max_size,exit_date,exit_price,exit_price_adj,exit_reason,final_state,holding_days,invested,pnl,pnl_slots,ret_on_invested,probe_leg_ret,mfe,mae,probe_mfe,probe_mae,add_premium,add_leg_ret,add_mfe,add_mae,slot_days,blocked_adds,skipped,period,year,disc_pct,gap_signal,ret_1,ext_ma20,ret_20,ret_60,atr_pct,beta,hv20,vol_ratio,val_accel,secmkt_10,srs_10,cex_10,outp_10,is_cnt10,dr60,up60,rs_accel,dist_h250,tight10,val20,m_ret,regime,limit_up_signal_day,sector_driven,recent_disposition,why_probe
1101,台泥,水泥工業,2026-07-28,2026-07-29,24.9623,28.0367,0.25,23.8,26.7313,0.0465603,0.956208,False,,,,,,0,,,,,,False,0.25,2026-07-31,24.2891,27.2807,F2_STRUCTURE,FAILED_PROBE,3,0.25,-0.00785126,-0.00785126,-0.031405,-0.0269657,0.00351531,-0.0405512,0.00351531,-0.0405512,,,,,0.5,0,,STRICT_OOS,2026,0.991813,-0.00409836,0.0163934,0.0527433,0.0622498,0.0470748,0.0230415,0.554955,0.247983,1.69602,0.900274,0,0.162577,0.162577,0.8,2,0.01569,-0.0163319,0.0196113,-0.0481138,3.7625,6.95749e+08,-0.0465422,MARKET_SIDEWAYS,False,False,False,Disc=0.99 10D超額=+16.3% 產業超額=+16.3% outperf10=80% RSaccel=+0.0196 觸發=indep regime=MARKET_SIDEWAYS
1108,幸福,水泥工業,2023-08-04,2023-08-07,18.9473,21.1219,0.25,17.7,19.7315,0.0658274,0.955628,False,,,,,,0,,,,,,False,0.25,2023-08-07,17.6558,19.6822,F1_PROBE_LOW,FAILED_PROBE,1,0.25,-0.0181274,-0.0181274,-0.0725095,-0.0681628,0,0,,,,,,,0,0,,DISCOVERY,2023,0.98164,0.0137741,0.0330579,0.109139,0.150307,0.160991,0.0278095,0.920736,0.25134,1.77051,1.82504,0,0.151644,0.151644,0.8,2,0.00627799,-0.00442745,0.018605,-0.00265957,4.60274,3.16406e+07,-0.00296264,MARKET_SIDEWAYS,False,False,False,Disc=0.98 10D超額=+15.2% 產業超額=+15.2% outperf10=80% RSaccel=+0.0186 觸發=indep regime=MARKET_SIDEWAYS
1210,大成,食品工業,2025-04-08,2025-04-09,55.4383,69.342,0.25,52.4,65.5417,0.0548043,0.930931,False,,,,,,0,,,,,,False,0.25,2025-04-10,55.6605,69.62,F2_STRUCTURE,FAILED_PROBE,2,0.25,-0.000125016,-0.000125016,-0.000500062,0.00400896,0.0137405,-0.0439814,0.0137405,-0.0439814,,,,,0.25,0,,STRICT_OOS,2025,0.953804,0.0149813,0.0355805,-0.033808,-0.00896055,0.0655106,0.0211832,0.522305,0.347947,2.23002,1.43845,0.0661718,0.0643787,0.130551,0.7,1,0.0203917,-0.0131629,0.00943389,-0.0547008,5.20732,1.02329e+08,-0.0401615,MARKET_DOWN,False,True,False,Disc=0.95 10D超額=+13.1% 產業超額=+6.4% outperf10=70% RSaccel=+0.0094 觸發=indep regime=MARKET_DOWN
1215,卜蜂,食品工業,2025-03-03,2025-03-04,102.255,134.215,0.25,99.2,130.206,0.0298762,0.970922,True,2025-03-11,104,136.506,persist,5,1,2025-03-12,104.26,136.847,,,True,1,2025-03-13,101.246,132.891,HARD_STOP,EXIT,8,1,-0.0285914,-0.0285914,-0.0285914,-0.00986497,0.0219549,-0.0073835,0.0219549,-0.0073835,0.0196079,-0.028906,-0.00249377,-0.031268,2.5,0,,STRICT_OOS,2025,0.977273,0,0.0097561,0.0675055,0.115302,0.0433468,0.0130435,0.416987,0.125522,1.81947,1.56869,-0.0326557,0.135819,0.103164,0.7,2,0.0152902,-0.0134313,0.0142953,-0.0543779,5.85185,4.54537e+07,-0.0128802,MARKET_SIDEWAYS,False,False,False,Disc=0.98 10D超額=+10.3% 產業超額=+13.6% outperf10=70% RSaccel=+0.0143 觸發=indep regime=MARKET_SIDEWAYS
1216,統一,食品工業,2025-04-08,2025-04-09,75.388,88.2626,0.25,73.8,86.4035,0.0210644,0.804448,False,,,,,,0,,,,,,False,0.25,2025-04-10,80.6977,94.4792,F2_STRUCTURE,FAILED_PROBE,2,0.25,0.0164435,0.0164435,0.0657738,0.0704323,0.0611768,-0.00514671,0.0611768,-0.00514671,,,,,0.25,0,,STRICT_OOS,2025,0.971467,0.0308725,0.0510067,-0.0395584,-0.0357143,-0.043956,0.0250867,0.618374,0.414124,3.17962,1.54312,0.0675583,0.0549681,0.122526,0.6,2,0.0154683,-0.00664464,0.0139507,-0.135762,4.78545,7.75481e+08,-0.0401615,MARKET_DOWN,False,True,False,Disc=0.97 10D超額=+12.3% 產業超額=+5.5% outperf10=60% RSaccel=+0.0140 觸發=indep regime=MARKET_DOWN
1227,佳格,食品工業,2026-07-24,2026-07-27,29.4735,37.6084,0.25,28.5145,36.3847,0.0325386,0.750314,True,2026-07-29,29.8,38.025,persist,2,1,2026-07-30,30.075,38.3759,,,True,1,2026-08-03,28.9774,36.9754,HARD_STOP,EXIT,6,1,-0.0360094,-0.0360094,-0.0360094,-0.016833,0.0246493,-0.0143688,0.0195599,-0.0143688,0.0204082,-0.0364963,0.00415628,-0.042394,2.75,0,,STRICT_OOS,2026,0.955326,-0.00173611,0.0138889,0.0228993,0.0432639,0.0450473,0.0137465,0.361524,0.181656,1.0162,1.13337,0.0584868,0.00647407,0.0649608,0.7,1,0.0187176,-0.0205951,-0.00906978,-0.104901,2.18381,3.88383e+07,-0.0266655,MARKET_SIDEWAYS,False,True,False,Disc=0.96 10D超額=+6.5% 產業超額=+0.6% outperf10=70% RSaccel=-0.0091 觸發=indep regime=MARKET_SIDEWAYS
1229,聯華,食品工業,2023-01-11,2023-01-12,52.531,62.3771,0.25,49.95,59.3123,0.0491329,0.774331,False,,,,,,0,,,,,,False,0.25,2023-01-31,51.5707,61.2368,F3_RS_FAILURE,FAILED_PROBE,6,0.25,-0.00568464,-0.00568464,-0.0227385,-0.0182797,0,-0.027241,0,-0.027241,,,,,1.25,0,,DISCOVERY,2023,0.959386,0.01,0.046,0.0498319,0.0512563,0.0895833,0.0106528,0.705886,0.193943,4.36002,1.56709,-0.0191497,0.0472612,0.0281115,0.5,1,0.00681502,-0.00880895,-0.00178314,-0.237067,6.01282,3.99072e+07,-0.00348039,MARKET_SIDEWAYS,False,False,False,Disc=0.96 10D超額=+2.8% 產業超額=+4.7% outperf10=50% RSaccel=-0.0018 觸發=indep regime=MARKET_SIDEWAYS
1229,聯華,食品工業,2025-07-07,2025-07-08,45.8644,65.3414,0.25,43.85,62.4715,0.0439203,0.841967,True,2025-07-14,47.75,68.0277,persist,4,1,2025-07-15,47.719,67.9836,,,True,1,2025-08-14,45.4361,69.8358,TREND_FAILURE_MA20x2,EXIT,28,1,0.0330459,0.0330459,0.0330459,0.0687847,0.0985146,-0.0188463,0.0585558,-0.0188463,0.0404372,0.0272458,0.0558202,-0.0108762,23.25,0,,STRICT_OOS,2025,0.958652,0.00340136,0.0385487,0.0409682,0.0065934,2.22045e-16,0.0194947,0.796239,0.217662,1.58964,0.896732,0.0159838,0.0334215,0.0494053,0.8,1,0.00266058,-0.0120593,0.0132025,-0.301083,4.088,7.79059e+07,-0.00526799,MARKET_SIDEWAYS,False,False,False,Disc=0.96 10D超額=+4.9% 產業超額=+3.3% outperf10=80% RSaccel=+0.0132 觸發=indep regime=MARKET_SIDEWAYS
1229,聯華,食品工業,2026-07-23,2026-07-24,42.4559,69.4925,0.25,40.1,65.6363,0.0554899,0.774926,False,,,,,,0,,,,,,False,0.25,2026-07-29,40.7978,66.7784,F2_STRUCTURE,FAILED_PROBE,4,0.25,-0.0108668,-0.0108668,-0.0434674,-0.0390553,0.0033947,-0.0448907,0.0033947,-0.0448907,,,,,0.75,0,,STRICT_OOS,2026,0.977247,0.0273632,0.0572139,0.0485204,0.0712355,0.0853645,0.025539,0.448474,0.295336,2.42027,1.1034,0.0292159,0.0499547,0.0791706,0.6,2,0.0118561,-0.0183963,-0.0106823,-0.116022,2.76393,1.58445e+08,0.000558384,MARKET_SIDEWAYS,False,False,False,Disc=0.98 10D超額=+7.9% 產業超額=+5.0% outperf10=60% RSaccel=-0.0107 觸發=indep regime=MARKET_SIDEWAYS
1231,聯華食,食品工業,2025-01-02,2025-01-03,141.854,224.484,0.25,132.5,209.682,0.0659394,0.955486,False,,,,,,0,,,,,,False,0.25,2025-01-07,138.154,218.629,F3_RS_FAILURE,FAILED_PROBE,3,0.25,-0.00763113,-0.00763113,-0.0305245,-0.0260832,0.029229,-0.0483156,0.029229,-0.0483156,,,,,0.5,0,,STRICT_OOS,2025,0.975577,0.00361011,0.0216607,0.0778899,0.159836,0.269058,0.0257446,0.680862,0.343956,1.27551,1.2397,-0.0385846,0.150013,0.111428,0.8,2,0.0152184,-0.00608169,0.0192416,-0.00352113,4.52941,4.08285e+07,-0.00881437,MARKET_SIDEWAYS,False,False,False,Disc=0.98 10D超額=+11.1% 產業超額=+15.0% outperf10=80% RSaccel=+0.0192 觸發=indep regime=MARKET_SIDEWAYS
1231,聯華食,食品工業,2026-07-24,2026-07-27,93.7337,164.933,0.25,89.5,157.483,0.0451678,0.780865,False,,,,,,0,,,,,,False,0.25,2026-07-29,89.2763,157.089,F1_PROBE_LOW,FAILED_PROBE,3,0.25,-0.012987,-0.012987,-0.0519479,-0.0475549,0,-0.036633,0,-0.036633,,,,,0.5,0,,STRICT_OOS,2026,0.96449,0,-0.00108696,0.0338039,0.0431328,0.0563218,0.0221514,0.432329,0.244371,0.779392,0.934929,0.0523431,0.0487916,0.101135,0.8,2,0.0195154,-0.0200654,-0.00994271,-0.348227,3.8807,3.91294e+07,-0.0266655,MARKET_SIDEWAYS,False,True,False,Disc=0.96 10D超額=+10.1% 產業超額=+4.9% outperf10=80% RSaccel=-0.0099 觸發=indep regime=MARKET_SIDEWAYS
1303,南亞,塑膠工業,2024-09-27,2024-09-30,46.516,55.7239,0.25,43,51.5119,0.0755869,0.780976,False,,,,,,0,,,,,,False,0.25,2024-10-09,44.8376,53.7133,F2_STRUCTURE,FAILED_PROBE,6,0.25,-0.0101251,-0.0101251,-0.0405005,-0.0360817,0.0276034,-0.0487144,0.0276034,-0.0487144,,,,,1.25,0,,DISCOVERY,2024,0.962121,0.0103448,0.0666667,0.101876,0.0175438,-0.0233639,0.0270936,0.641361,0.431186,1.57413,0.88222,0.0488263,0.0485263,0.0973525,0.5,1,0.0184017,-0.00789907,0.0107593,-0.323651,5.09091,6.44461e+08,-0.00157576,MARKET_SIDEWAYS,False,True,False,Disc=0.96 10D超額=+9.7% 產業超額=+4.9% outperf10=50% RSaccel=+0.0108 觸發=indep regime=MARKET_SIDEWAYS
1304,台聚,塑膠工業,2023-01-11,2023-01-12,23.3583,26.403,0.25,22.05,24.9242,0.0560081,0.712314,False,,,,,,0,,,,,,False,0.25,2023-02-21,25.137,28.4136,PROBE_MAX_LIFE,FAILED_PROBE,21,0.25,0.0178699,0.0178699,0.0714795,0.0761508,0.0809885,-0.0196183,0.0809885,-0.0196183,,,,,5,0,,DISCOVERY,2023,0.962094,0,0.0196936,0.06102,0.088785,0.109524,0.0231453,0.864423,0.234899,1.07353,0.918264,-0.0251609,0.045188,0.0200271,0.4,1,0.00305871,-0.0017959,0.00235507,-0.222853,3.0596,8.70312e+07,-0.00348039,MARKET_SIDEWAYS,False,False,False,Disc=0.96 10D超額=+2.0% 產業超額=+4.5% outperf10=40% RSaccel=+0.0024 觸發=indep regime=MARKET_SIDEWAYS
1305,華夏,塑膠工業,2023-01-17,2023-01-30,29.674,35.8691,0.25,27.8,33.6039,0.063153,0.818947,False,,,,,,0,,,,,,False,0.25,2023-01-31,28.329,34.2433,F3_RS_FAILURE,FAILED_PROBE,2,0.25,-0.012431,-0.012431,-0.0497239,-0.0453259,0.000876188,-0.0429332,0.000876188,-0.0429332,,,,,0.25,0,,DISCOVERY,2023,0.95229,0,0.0430108,0.0853147,0.192623,0.5,0.0260187,0.942638,0.463212,0.909992,0.839692,-0.0289038,0.0689599,0.0400561,0.6,1,0.00527724,0.00377129,-0.00426233,-0.122913,4.49057,1.66616e+08,0.000396597,MARKET_SIDEWAYS,False,False,False,Disc=0.95 10D超額=+4.0% 產業超額=+6.9% outperf10=60% RSaccel=-0.0043 觸發=indep regime=MARKET_SIDEWAYS
1305,華夏,塑膠工業,2024-07-17,2024-07-18,18.9974,23.2774,0.25,17.8,21.8102,0.0630285,0.910846,False,,,,,,0,,,,,,False,0.25,2024-07-29,17.955,22.4279,F2_STRUCTURE,FAILED_PROBE,6,0.25,-0.0102274,-0.0102274,-0.0409098,-0.0364919,0.0106659,-0.0525007,0.0106659,-0.0525007,,,,,1.25,0,,DISCOVERY,2024,0.965696,0.00544959,0.0245232,0.09765,0.13253,0.032967,0.0220365,0.475696,0.251,2.46996,1.98193,0.0208402,0.0962367,0.117077,0.7,2,0.00987389,-0.0118787,0.0202428,-0.302412,5.7931,3.8873e+07,-0.00947734,MARKET_SIDEWAYS,False,False,False,Disc=0.97 10D超額=+11.7% 產業超額=+9.6% outperf10=70% RSaccel=+0.0202 觸發=indep regime=MARKET_SIDEWAYS
1308,亞聚,塑膠工業,2024-07-29,2024-07-30,19.8996,25.0718,0.25,18.75,23.6234,0.0577712,0.885187,False,,,,,,0,,,,,,False,0.25,2024-08-01,19.2518,24.2555,F3_RS_FAILURE,FAILED_PROBE,3,0.25,-0.00924597,-0.00924597,-0.0369839,-0.0325571,0,-0.0502333,0,-0.0502333,,,,,0.5,0,,DISCOVERY,2024,0.983211,0.00266667,0.0666667,0.107383,0.189973,0.0550274,0.0361045,0.339396,0.419488,1.93293,1.46997,0.110501,0.127387,0.237888,0.8,4,0.0231295,-0.0159843,-0.00159602,-0.244741,3.81911,5.15307e+07,0.00204709,MARKET_SIDEWAYS,False,False,False,Disc=0.98 10D超額=+23.8% 產業超額=+12.7% outperf10=80% RSaccel=-0.0016 觸發=indep regime=MARKET_SIDEWAYS
1312,國喬,塑膠工業,2025-04-18,2025-04-21,11.4285,13.3943,0.25,10.45,12.2475,0.0856192,0.848031,False,,,,,,0,,,,,,False,0.25,2025-05-05,11.7206,13.7366,F3_RS_FAILURE,FAILED_PROBE,10,0.25,0.0052509,0.0052509,0.0210036,0.0255611,0.0631317,-0.0243689,0.0631317,-0.0243689,,,,,2.25,0,,STRICT_OOS,2025,0.953297,0.0046729,0.0514018,0.0760401,-0.00881058,0.130653,0.0566984,0.946314,0.80829,1.76718,1.16555,-0.0192462,0.155117,0.135871,0.8,1,0.0115727,0.003414,0.0224087,-0.287975,4.75028,4.48992e+07,0.00291126,MARKET_SIDEWAYS,False,False,False,Disc=0.95 10D超額=+13.6% 產業超額=+15.5% outperf10=80% RSaccel=+0.0224 觸發=indep regime=MARKET_SIDEWAYS
1312,國喬,塑膠工業,2025-10-17,2025-10-20,10.6265,12.4543,0.25,9.91,11.6146,0.0674258,0.839797,False,,,,,,0,,,,,,False,0.25,2025-10-30,10.5236,12.3337,F4_TIME_5D,FAILED_PROBE,8,0.25,-0.0035398,-0.0035398,-0.0141592,-0.00968098,0.0586741,-0.0354303,0.0586741,-0.0354303,,,,,1.75,0,,STRICT_OOS,2025,0.962213,-0.00487805,0.0292683,0.0919065,0.123536,0.0798363,0.0319567,0.56662,0.335525,1.9894,1.39411,-0.0334284,0.0943431,0.0609147,0.6,2,0.0115682,-0.00528091,0.00745331,-0.218518,4.86441,4.3935e+07,-0.0124964,MARKET_UP,False,False,False,Disc=0.96 10D超額=+6.1% 產業超額=+9.4% outperf10=60% RSaccel=+0.0075 觸發=indep regime=MARKET_UP
1313,聯成,塑膠工業,2023-02-06,2023-02-07,15.7392,16.5676,0.25,15,15.7895,0.0469686,0.912497,False,,,,,,0,,,,,,False,0.25,2023-02-09,15.162,15.96,F3_RS_FAILURE,FAILED_PROBE,3,0.25,-0.0102733,-0.0102733,-0.0410933,-0.0366758,0,-0.0437918,0,-0.0437918,,,,,0.5,0,,DISCOVERY,2023,0.982332,0,0.0161291,0.108569,0.137184,0.280488,0.0217687,0.879354,0.21133,1.7128,1.74973,-0.0321677,0.134143,0.101975,0.6,3,0.00399703,-0.00162995,0.0107192,-0.259868,5.97916,3.26128e+07,-0.013449,MARKET_UP,False,False,False,Disc=0.98 10D超額=+10.2% 產業超額=+13.4% outperf10=60% RSaccel=+0.0107 觸發=indep regime=MARKET_UP
1313,聯成,塑膠工業,2023-07-20,2023-07-21,16.2405,17.3335,0.25,15.6,16.6499,0.0394384,0.820973,False,,,,,,0,,,,,,False,0.25,2023-08-10,16.1595,17.2471,F2_STRUCTURE,FAILED_PROBE,14,0.25,-0.00236907,-0.00236907,-0.0094763,-0.00498752,0.0929467,-0.0363597,0.0929467,-0.0363597,,,,,3.25,0,,DISCOVERY,2023,0.973269,0,0.0349206,0.097089,0.131944,0.0830565,0.0273883,0.54853,0.481842,1.43478,2.6209,-0.0388962,0.139009,0.100112,0.5,3,0.00692755,-0.010012,0.0253748,-0.0297619,5.936,6.67923e+07,0.00283061,MARKET_SIDEWAYS,False,False,False,Disc=0.97 10D超額=+10.0% 產業超額=+13.9% outperf10=50% RSaccel=+0.0254 觸發=indep regime=MARKET_SIDEWAYS
1321,大洋,塑膠工業,2024-08-19,2024-08-20,44.2103,46.3841,0.25,41.3,43.3307,0.0658275,0.757289,False,,,,,,0,,,,,,False,0.25,2024-08-20,41.1968,43.2224,F1_PROBE_LOW,FAILED_PROBE,1,0.25,-0.0181274,-0.0181274,-0.0725095,-0.0681629,0,0,,,,,,,0,0,,DISCOVERY,2024,0.967251,0.00840336,0.060024,0.156743,0.183646,0.121982,0.0406083,0.6227,0.515481,2.58404,2.67121,-0.11137,0.279862,0.168492,0.5,3,0.0184113,-0.0108802,-0.0115562,-0.0145089,6.41434,6.02525e+07,0.00269807,MARKET_SIDEWAYS,False,False,False,Disc=0.97 10D超額=+16.8% 產業超額=+28.0% outperf10=50% RSaccel=-0.0116 觸發=indep regime=MARKET_SIDEWAYS
1326,台化,塑膠工業,2024-09-27,2024-09-30,43.9596,50.1259,0.25,41.15,46.9222,0.0639138,0.800126,False,,,,,,0,,,,,,False,0.25,2024-10-09,41.9948,47.8854,F2_STRUCTURE,FAILED_PROBE,6,0.25,-0.0122742,-0.0122742,-0.0490967,-0.0446973,0.0339033,-0.0479901,0.0339033,-0.0479901,,,,,1.25,0,,DISCOVERY,2024,0.959596,0.0083632,0.0585424,0.0970777,0.01373,-0.0633994,0.0270074,0.666579,0.429543,1.65977,0.865453,0.046584,0.0682692,0.114853,0.5,1,0.0149129,-0.0119391,0.0123272,-0.30471,5.6,5.05577e+08,-0.00157576,MARKET_SIDEWAYS,False,False,False,Disc=0.96 10D超額=+11.5% 產業超額=+6.8% outperf10=50% RSaccel=+0.0123 觸發=indep regime=MARKET_SIDEWAYS
1339,昭輝,汽車工業,2023-11-16,2023-11-17,64.8617,76.3716,0.25,61.5,72.4133,0.0518295,0.628933,False,,,,,,0,,,,,,False,0.25,2023-11-28,64.5383,75.9907,F2_STRUCTURE,FAILED_PROBE,8,0.25,-0.00236908,-0.00236908,-0.00947631,-0.00498754,0.0607176,-0.0209947,0.0607176,-0.0209947,,,,,1.75,0,,DISCOVERY,2023,0.950081,0.00637959,0.0526316,0.068999,0.0543131,0.520518,0.0296537,0.701518,0.430232,3.66806,1.38952,-0.00977279,0.0462987,0.0365259,0.4,1,0.0121172,-0.00175288,0.00957937,-0.0544413,4.0365,4.44256e+07,0.00247537,MARKET_UP,False,False,False,Disc=0.95 10D超額=+3.7% 產業超額=+4.6% outperf10=40% RSaccel=+0.0096 觸發=indep regime=MARKET_UP
1342,八貫,其他,2024-03-11,2024-03-12,137.343,155.478,0.25,129,146.034,0.0607423,0.788121,False,,,,,,0,,,,,,False,0.25,2024-03-19,137.156,155.267,F4_TIME_5D,FAILED_PROBE,6,0.25,-0.00146326,-0.00146326,-0.00585305,-0.0013561,0.0120684,-0.024337,0.0120684,-0.024337,,,,,1.25,0,,DISCOVERY,2024,0.956916,0.00763359,0.0381679,0.101215,0.167382,0.138075,0.0320378,0.570099,0.406393,1.17526,1.06394,-0.0448155,0.106201,0.0613858,0.5,1,0.00416971,-0.0178503,-0.007892,-0.192878,2.98361,1.37229e+08,-0.00299414,MARKET_UP,False,False,False,Disc=0.96 10D超額=+6.1% 產業超額=+10.6% outperf10=50% RSaccel=-0.0079 觸發=indep regime=MARKET_UP
1402,遠東新,紡織纖維,2024-08-02,2024-08-05,34.486,40.9689,0.25,33.6,39.9164,0.0256916,0.747931,False,,,,,,0,,,,,,False,0.25,2024-08-05,33.516,39.8166,F1_PROBE_LOW,FAILED_PROBE,1,0.25,-0.00814103,-0.00814103,-0.0325641,-0.0281274,0,0,,,,,,,0,0,,DISCOVERY,2024,0.950422,-0.0184922,-0.00426742,0.000793445,-0.0118551,0.0775764,0.0239695,0.554871,0.392342,0.824518,0.681842,0.0315936,0.0316631,0.0632566,0.7,3,0.0108746,-0.00416948,0.01485,-0.0493632,3.15878,5.70377e+08,-0.0443426,MARKET_SIDEWAYS,False,False,False,Disc=0.95 10D超額=+6.3% 產業超額=+3.2% outperf10=70% RSaccel=+0.0149 觸發=indep regime=MARKET_SIDEWAYS
1419,新紡,紡織纖維,2025-11-21,2025-11-24,68.972,79.0321,0.25,62.4,71.5015,0.095285,0.835211,False,,,,,,0,,,,,,False,0.25,2025-12-10,68.8275,78.8666,F3_RS_FAILURE,FAILED_PROBE,13,0.25,-0.00164758,-0.00164758,-0.00659034,-0.00209505,0.120745,-0.0169924,0.120745,-0.0169924,,,,,3,0,,STRICT_OOS,2025,0.980254,-0.00155039,0.0434109,0.112029,0.0306279,0.248609,0.0426661,0.145093,0.569401,1.09076,0.564518,0.0526205,0.0892519,0.141872,0.7,2,0.0413,-0.0165368,0.00670754,-0.172461,3.41294,7.06387e+07,-0.0361484,MARKET_SIDEWAYS,False,False,False,Disc=0.98 10D超額=+14.2% 產業超額=+8.9% outperf10=70% RSaccel=+0.0067 觸發=indep regime=MARKET_SIDEWAYS
1434,福懋,紡織纖維,2024-09-30,2024-10-01,20.9522,24.2886,0.25,20.1,23.3007,0.0406759,0.800464,False,,,,,,0,,,,,,False,0.25,2024-10-09,20.4487,23.705,F2_STRUCTURE,FAILED_PROBE,5,0.25,-0.00711919,-0.00711919,-0.0284768,-0.0240308,0,-0.0287439,0,-0.0287439,,,,,1,0,,DISCOVERY,2024,0.9599,-0.00480769,0.00721159,0.0523672,-0.021028,-0.0479179,0.0173883,0.564325,0.245028,0.504537,0.681731,-0.0190371,0.0611242,0.042087,0.6,2,0.0198508,-0.0132708,0.0163917,-0.171302,3.84314,3.3738e+07,-0.0262128,MARKET_SIDEWAYS,False,False,False,Disc=0.96 10D超額=+4.2% 產業超額=+6.1% outperf10=60% RSaccel=+0.0164 觸發=indep regime=MARKET_SIDEWAYS
1436,華友聯,建材營造,2025-02-10,2025-02-11,141.854,195.01,0.25,128.5,176.652,0.0941375,0.854621,False,,,,,,0,,,,,,False,0.25,2025-02-18,141.645,194.723,F4_TIME_5D,FAILED_PROBE,6,0.25,-0.00149207,-0.00149207,-0.00596828,-0.00147159,0.0433281,-0.0236423,0.0433281,-0.0236423,,,,,1.25,0,,STRICT_OOS,2025,0.978166,0.00766284,0.0613027,0.138278,0.116935,0.139918,0.0281073,0.455663,0.352753,4.16741,2.12497,0.0504283,0.138845,0.189274,0.6,2,0.0169167,-0.00960905,0.0128096,-0.271053,6.6789,3.82949e+07,-0.00963146,MARKET_SIDEWAYS,False,False,False,Disc=0.98 10D超額=+18.9% 產業超額=+13.9% outperf10=60% RSaccel=+0.0128 觸發=indep regime=MARKET_SIDEWAYS
1442,名軒,建材營造,2024-03-20,2024-03-21,43.1075,49.0621,0.25,39.75,45.2408,0.0778867,0.912749,True,2024-04-16,48.1,54.7443,persist,16,1,2024-04-17,48.7215,55.4516,,,True,1,2024-05-13,56.3588,64.1438,MFE_PROTECTION,EXIT,35,1,0.189477,0.189477,0.189477,0.3074,0.461463,-0.0198921,0.155251,-0.0198921,0.130233,0.156753,0.293064,-0.00659873,21.25,0,,DISCOVERY,2024,0.976667,0.00736196,0.0515337,0.105521,0.135099,0.115885,0.0217536,0.73384,0.235868,4.13013,2.0861,-0.0125593,0.0994859,0.0869266,0.6,2,0.0104707,-0.0105359,0.0229989,-0.00348837,5.73946,3.22081e+07,-0.00366366,MARKET_UP,False,False,False,Disc=0.98 10D超額=+8.7% 產業超額=+9.9% outperf10=60% RSaccel=+0.0230 觸發=indep regime=MARKET_UP
1446,宏和,紡織纖維,2024-11-14,2024-11-15,46.6162,48.4013,0.25,44,45.6849,0.0561232,0.848786,True,2024-11-19,50.7,52.6415,persist,2,1,2024-11-20,51.2278,53.1894,,,True,1,2024-12-11,47.5309,49.351,MFE_PROTECTION,EXIT,19,1,-0.0536083,-0.0536083,-0.0536083,0.0196203,0.261363,-0.0153648,0.0940391,-0.0153648,0.0989247,-0.0721655,0.147815,-0.0698401,15.75,0,,DISCOVERY,2024,0.979355,0.0179978,0.0303712,0.0586536,0.0688448,-0.107212,0.0410948,0.655237,0.456501,1.6542,1.83632,-0.0152834,0.095004,0.0797207,0.6,3,0.00723205,-0.0318313,0.020097,-0.25146,2.55028,5.33441e+07,-0.00633633,MARKET_SIDEWAYS,False,False,False,Disc=0.98 10D超額=+8.0% 產業超額=+9.5% outperf10=60% RSaccel=+0.0201 觸發=indep regime=MARKET_SIDEWAYS
1472,三洋實業,紡織纖維,2025-04-22,2025-04-23,104.26,32.8415,0.25,99,31.1847,0.0504508,0.728028,False,,,,,,0,,,,,,False,0.25,2025-04-24,102.244,32.2064,F3_RS_FAILURE,FAILED_PROBE,2,0.25,-0.00594879,-0.00594879,-0.0237952,-0.0193387,0,-0.0168809,0,-0.0168809,,,,,0.25,0,,STRICT_OOS,2025,0.974965,-0.0147783,0.00492612,0.0415603,0.127072,0.489051,0.0682073,0.679031,0.652013,0.504351,1.03933,-0.0117733,0.114587,0.102814,0.5,3,0.0271233,-0.00420699,-0.00402853,-0.046729,3.6078,3.2831e+07,-0.0163701,MARKET_SIDEWAYS,False,False,False,Disc=0.97 10D超額=+10.3% 產業超額=+11.5% outperf10=50% RSaccel=-0.0040 觸發=indep regime=MARKET_SIDEWAYS
1476,儒鴻,紡織纖維,2023-10-18,2023-10-19,535.335,582.706,0.25,498.5,542.612,0.0688074,0.821462,False,,,,,,0,,,,,,False,0.25,2023-10-26,522.69,568.942,F4_TIME_5D,FAILED_PROBE,6,0.25,-0.00701689,-0.00701689,-0.0280676,-0.0236207,0.0031102,-0.0342496,0.0031102,-0.0342496,,,,,1.25,0,,DISCOVERY,2023,0.955994,0.0114504,0.019084,0.0656556,0.0491159,0.024952,0.0210674,0.624465,0.270809,2.31137,1.34097,0.000134504,0.0748956,0.0750301,0.5,2,0.00492759,-0.00257497,0.0195745,-0.0481283,4.35556,2.88876e+08,-0.0121159,MARKET_SIDEWAYS,False,False,False,Disc=0.96 10D超額=+7.5% 產業超額=+7.5% outperf10=50% RSaccel=+0.0196 觸發=indep regime=MARKET_SIDEWAYS
1476,儒鴻,紡織纖維,2026-07-14,2026-07-15,342.354,416.35,0.25,330,401.326,0.0360847,0.825663,False,,,,,,0,,,,,,False,0.25,2026-07-15,329.175,400.323,F1_PROBE_LOW,FAILED_PROBE,1,0.25,-0.010727,-0.010727,-0.0429079,-0.0384946,0,0,,,,,,,0,0,,STRICT_OOS,2026,0.971922,0,0.00733138,0.0569231,0.0426268,0.0381067,0.0297359,0.559468,0.348632,0.706671,1.0271,0.000208182,0.0609125,0.0611207,0.7,3,0.0176069,-0.0215561,0.00393854,-0.235777,3.86713,6.5372e+08,-0.0141596,MARKET_SIDEWAYS,False,False,False,Disc=0.97 10D超額=+6.1% 產業超額=+6.1% outperf10=70% RSaccel=+0.0039 觸發=indep regime=MARKET_SIDEWAYS
1477,聚陽,紡織纖維,2024-03-19,2024-03-20,403.005,451.801,0.25,386,432.737,0.0421955,0.880797,False,,,,,,0,,,,,,False,0.25,2024-03-27,399.998,448.43,F4_TIME_5D,FAILED_PROBE,6,0.25,-0.00298647,-0.00298647,-0.0119459,-0.00746269,0.0223198,-0.021104,0.0223198,-0.021104,,,,,1.25,0,,DISCOVERY,2024,0.972191,-0.00253165,0.0189873,0.0687023,0.0907859,0.153295,0.0228926,0.581756,0.269128,0.870986,1.88053,-0.0396929,0.106221,0.0665283,0.7,2,0.0126342,-0.0101019,0.0156895,-0.00862069,4.72093,5.85278e+08,-0.00113934,MARKET_UP,False,False,False,Disc=0.97 10D超額=+6.7% 產業超額=+10.6% outperf10=70% RSaccel=+0.0157 觸發=indep regime=MARKET_UP
1477,聚陽,紡織纖維,2024-07-01,2024-07-02,434.584,508.197,0.25,398,465.417,0.0841812,0.92619,False,,,,,,0,,,,,,False,0.25,2024-07-05,421.942,493.415,F3_RS_FAILURE,FAILED_PROBE,4,0.25,-0.00838068,-0.00838068,-0.0335227,-0.0290882,0.0400757,-0.0427622,0.0400757,-0.0427622,,,,,0.75,0,,DISCOVERY,2024,0.962004,0.0142518,0.0261283,0.0903584,0.122078,0.141347,0.0250496,0.383186,0.259364,1.77827,1.61312,-0.0509644,0.153918,0.102954,0.6,2,0.0186838,-0.00996218,0.0209031,-0.00460829,4.89769,7.02718e+08,0.00114275,MARKET_UP,False,False,False,Disc=0.96 10D超額=+10.3% 產業超額=+15.4% outperf10=60% RSaccel=+0.0209 觸發=indep regime=MARKET_UP
1477,聚陽,紡織纖維,2024-07-19,2024-07-22,459.646,537.505,0.25,443,518.039,0.0362153,0.840826,False,,,,,,0,,,,,,False,0.25,2024-07-22,441.893,516.744,F1_PROBE_LOW,FAILED_PROBE,1,0.25,-0.0107595,-0.0107595,-0.0430379,-0.0386248,0,0,,,,,,,0,0,,DISCOVERY,2024,0.963955,0,0.0355556,0.0925503,0.191816,0.188776,0.029813,0.264755,0.314633,1.3269,1.16484,0.0108381,0.117396,0.128234,0.5,3,0.0245663,-0.0130017,0.0112352,-0.00214133,3.88689,1.08959e+09,-0.0226173,MARKET_SIDEWAYS,False,False,False,Disc=0.96 10D超額=+12.8% 產業超額=+11.7% outperf10=50% RSaccel=+0.0112 觸發=indep regime=MARKET_SIDEWAYS
1477,聚陽,紡織纖維,2025-07-04,2025-07-07,255.136,319.439,0.25,240,300.488,0.0593262,0.855083,False,,,,,,0,,,,,,False,0.25,2025-07-11,249.375,312.226,F2_STRUCTURE,FAILED_PROBE,5,0.25,-0.00675757,-0.00675757,-0.0270303,-0.0225811,0,-0.0318898,0,-0.0318898,,,,,1,0,,STRICT_OOS,2025,0.959276,0.00994036,0.0139165,0.0586404,0.0408163,0.103896,0.0359944,0.993094,0.368551,0.555597,1.30757,0.0211312,0.0819366,0.103068,0.6,2,-0.0110092,-0.0045275,0.0181753,-0.415996,5.12062,6.37715e+08,-0.00728526,MARKET_SIDEWAYS,False,False,False,Disc=0.96 10D超額=+10.3% 產業超額=+8.2% outperf10=60% RSaccel=+0.0182 觸發=indep regime=MARKET_SIDEWAYS
1519,華城,電機機械,2023-05-31,2023-06-01,146.365,154.867,0.25,136.5,144.429,0.0674,0.813747,False,,,,,,0,,,,,,False,0.25,2023-06-14,148.129,156.733,F3_RS_FAILURE,FAILED_PROBE,10,0.25,0.00188081,0.00188081,0.00752323,0.0120503,0.144399,-0.0298227,0.144399,-0.0298227,,,,,2.25,0,,DISCOVERY,2023,0.954608,0.0106383,0.0283688,0.220179,0.488706,1.30159,0.0569951,0.563027,0.706909,0.843207,0.901356,0.0313769,0.282717,0.314094,0.9,2,-0.0174644,0.00459143,-0.0144244,-0.0102389,4.5376,3.58767e+09,-0.00263374,MARKET_UP,False,False,False,Disc=0.95 10D超額=+31.4% 產業超額=+28.3% outperf10=90% RSaccel=-0.0144 觸發=indep regime=MARKET_UP
1519,華城,電機機械,2023-08-31,2023-09-01,310.775,332.751,0.25,278.5,298.194,0.103853,0.81374,False,,,,,,0,,,,,,False,0.25,2023-09-04,294.262,315.071,F3_RS_FAILURE,FAILED_PROBE,2,0.25,-0.0143784,-0.0143784,-0.0575137,-0.0531333,0.0425549,-0.066849,0.0425549,-0.066849,,,,,0.25,0,,DISCOVERY,2023,0.986607,0,0.0221843,0.222574,0.464548,0.942782,0.0666587,1.68412,0.825175,0.558193,0.956049,0.0112052,0.250727,0.261933,0.7,2,-0.0105913,0.00696697,-0.0108314,-0.0066335,4.05725,3.34534e+09,-0.00510233,MARKET_SIDEWAYS,False,False,False,Disc=0.99 10D超額=+26.2% 產業超額=+25.1% outperf10=70% RSaccel=-0.0108 觸發=indep regime=MARKET_SIDEWAYS
1519,華城,電機機械,2023-10-04,2023-10-05,273.682,293.035,0.25,258,276.244,0.0573018,0.738066,False,,,,,,0,,,,,,False,0.25,2023-10-19,266.831,285.7,F2_STRUCTURE,FAILED_PROBE,9,0.25,-0.00736931,-0.00736931,-0.0294772,-0.0250336,0.125392,-0.0134554,0.125392,-0.0134554,,,,,2,0,,DISCOVERY,2023,0.970588,-0.00567108,0.026465,0.0343842,-0.0605536,0.711775,0.0531439,1.52516,0.559314,1.01315,1.42562,0.0327531,0.132221,0.164974,0.6,2,-0.00555056,0.00193082,0.00647195,-0.162037,3.08416,2.44339e+09,-0.0109977,MARKET_SIDEWAYS,False,False,False,Disc=0.97 10D超額=+16.5% 產業超額=+13.2% outperf10=60% RSaccel=+0.0065 觸發=indep regime=MARKET_SIDEWAYS
1519,華城,電機機械,2023-12-12,2023-12-13,358.895,384.274,0.25,330.5,353.871,0.0791179,0.794931,False,,,,,,0,,,,,,False,0.25,2023-12-18,345.135,369.541,F3_RS_FAILURE,FAILED_PROBE,4,0.25,-0.0106884,-0.0106884,-0.0427536,-0.0383399,0.0351217,-0.0331434,0.0351217,-0.0331434,,,,,0.75,0,,DISCOVERY,2023,0.955844,0.00589971,0.0501475,0.199461,0.377176,0.379845,0.0594904,1.16962,0.729096,1.17148,1.70416,0.0335931,0.252295,0.285888,0.8,3,0.0041732,0.00482346,-0.0190344,-0.0531915,5.02867,5.2183e+09,0.00185379,MARKET_UP,False,False,False,Disc=0.96 10D超額=+28.6% 產業超額=+25.2% outperf10=80% RSaccel=-0.0190 觸發=indep regime=MARKET_UP
1519,華城,電機機械,2024-01-12,2024-01-15,381.952,408.961,0.25,348.5,373.143,0.0875828,0.858971,False,,,,,,0,,,,,,False,0.25,2024-01-19,363.589,389.299,F2_STRUCTURE,FAILED_PROBE,5,0.25,-0.0131176,-0.0131176,-0.0524704,-0.0480786,0.0407053,-0.0574744,0.0407053,-0.0574744,,,,,1,0,,DISCOVERY,2024,0.979856,-0.00283688,0.0496454,0.0929769,0.0422535,0.420345,0.0587838,0.825893,0.644179,1.43932,1.25611,-0.0181172,0.103532,0.0854145,0.7,3,-0.000338199,0.0070918,0.00774016,-0.0159574,2.57471,5.31709e+09,-0.00185178,MARKET_SIDEWAYS,False,False,False,Disc=0.98 10D超額=+8.5% 產業超額=+10.4% outperf10=70% RSaccel=+0.0077 觸發=indep regime=MARKET_SIDEWAYS
1519,華城,電機機械,2025-06-16,2025-06-17,534.332,633.371,0.25,486,576.08,0.090454,0.873624,False,,,,,,0,,,,,,False,0.25,2025-07-15,621.442,736.627,PROBE_MAX_LIFE,FAILED_PROBE,21,0.25,0.0395398,0.0395398,0.158159,0.163026,0.17717,-0.00436526,0.17717,-0.00436526,,,,,5,0,,STRICT_OOS,2025,0.985007,0.0218254,0.047619,0.109652,0.0645161,-0.00189036,0.0320617,1.18198,0.413982,2.20943,1.55341,-0.00692631,0.14894,0.142014,0.6,2,-0.00735508,0.00819884,0.0235478,-0.432494,4.93249,2.21244e+09,-0.00104426,MARKET_SIDEWAYS,False,False,False,Disc=0.99 10D超額=+14.2% 產業超額=+14.9% outperf10=60% RSaccel=+0.0235 觸發=indep regime=MARKET_SIDEWAYS
1519,華城,電機機械,2026-07-27,2026-07-28,711.775,940.923,0.25,693,916.104,0.0263777,0.739294,False,,,,,,0,,,,,,False,0.25,2026-07-28,691.268,913.814,F1_PROBE_LOW,FAILED_PROBE,1,0.25,-0.00831174,-0.00831174,-0.0332469,-0.0288118,0,0,,,,,,,0,0,,STRICT_OOS,2026,0.958091,0.0215208,0.0430416,0.0021366,-0.0679487,-0.165327,0.0381214,1.05713,0.415065,0.674209,0.499596,-0.0476057,0.0860876,0.0384819,0.6,1,-0.00924767,-0.00598852,0.0176155,-0.347982,2.8866,1.33607e+09,-0.000473029,MARKET_SIDEWAYS,False,False,False,Disc=0.96 10D超額=+3.8% 產業超額=+8.6% outperf10=60% RSaccel=+0.0176 觸發=indep regime=MARKET_SIDEWAYS
1522,堤維西,汽車工業,2023-09-18,2023-09-19,45.1125,49.9621,0.25,41.7,46.1827,0.0756442,0.943462,False,,,,,,0,,,,,,False,0.25,2023-09-26,45.3364,50.21,F4_TIME_5D,FAILED_PROBE,6,0.25,0.000112852,0.000112852,0.000451409,0.00496257,0.0152397,-0.0723192,0.0152397,-0.0723192,,,,,1.25,0,,DISCOVERY,2023,0.998464,-0.00685714,0.00799999,0.249292,0.427184,0.256106,0.0397635,0.958005,0.539721,1.24481,3.24976,0.025568,0.263722,0.28929,0.8,3,0.00578684,-0.00188411,0.0051806,-0.022173,6.50102,7.64233e+08,-0.01316,MARKET_SIDEWAYS,False,False,False,Disc=1.00 10D超額=+28.9% 產業超額=+26.4% outperf10=80% RSaccel=+0.0052 觸發=indep regime=MARKET_SIDEWAYS
1522,堤維西,汽車工業,2026-01-21,2026-01-22,53.8343,65.6948,0.25,50.4,61.5039,0.063793,0.869619,False,,,,,,0,,,,,,False,0.25,2026-01-23,50.274,61.3502,F1_PROBE_LOW,FAILED_PROBE,2,0.25,-0.0176212,-0.0176212,-0.0704848,-0.0661336,0,-0.0377873,0,-0.0377873,,,,,0.25,0,,STRICT_OOS,2026,0.959647,0,0.0292398,0.116988,0.106918,0.0709939,0.030303,0.395624,0.329263,2.53308,2.58906,0.0149712,0.125236,0.140208,0.7,3,0.00729185,-0.00940394,0.0130757,-0.162037,5.90625,1.00374e+08,-0.0161719,MARKET_UP,False,False,False,Disc=0.96 10D超額=+14.0% 產業超額=+12.5% outperf10=70% RSaccel=+0.0131 觸發=indep regime=MARKET_UP
1524,耿鼎,汽車工業,2023-12-13,2023-12-14,38.095,40.6856,0.25,36.5,38.9821,0.041869,0.87496,False,,,,,,0,,,,,,False,0.25,2023-12-14,36.4088,38.8847,F1_PROBE_LOW,FAILED_PROBE,1,0.25,-0.0121662,-0.0121662,-0.0486647,-0.0442643,0,0,,,,,,,0,0,,DISCOVERY,2023,0.994798,0.0190736,0.0340599,0.195935,0.271357,0.497041,0.0386787,0.806299,0.575754,1.48104,3.01051,0.0215364,0.235696,0.257232,0.6,4,0.0127423,-0.00519805,0.0158523,-0.0343511,7.42579,7.04822e+08,0.00104867,MARKET_SIDEWAYS,False,False,False,Disc=0.99 10D超額=+25.7% 產業超額=+23.6% outperf10=60% RSaccel=+0.0159 觸發=indep regime=MARKET_SIDEWAYS
1524,耿鼎,汽車工業,2024-11-13,2024-11-14,38.496,42.6068,0.25,35.55,39.3462,0.0765275,0.861312,False,,,,,,0,,,,,,False,0.25,2024-11-21,37.3065,41.2903,F4_TIME_5D,FAILED_PROBE,6,0.25,-0.00883245,-0.00883245,-0.0353298,-0.0308993,0.0156899,-0.0440565,0.0156899,-0.0440565,,,,,1.25,0,,DISCOVERY,2024,0.974651,0.00416089,0.0651872,0.0767613,0.0711297,0.292929,0.0366443,0.796718,0.418618,3.02875,2.27216,0.000745209,0.0992921,0.100037,0.6,2,0.00269343,-0.00450407,0.0237656,-0.0588236,3.30457,2.61417e+08,-0.00528854,MARKET_SIDEWAYS,False,False,False,Disc=0.97 10D超額=+10.0% 產業超額=+9.9% outperf10=60% RSaccel=+0.0238 觸發=indep regime=MARKET_SIDEWAYS
1524,耿鼎,汽車工業,2025-03-11,2025-03-12,40.2002,44.4931,0.25,37.25,41.2278,0.0733888,0.859445,True,2025-03-14,41.35,45.7656,persist,2,1,2025-03-17,42.2052,46.7122,,,True,1,2025-04-08,33.6158,37.2054,TREND_FAILURE_MA20x2,EXIT,18,1,-0.197651,-0.197651,-0.197651,-0.163793,0.138053,-0.0721451,0.0447696,-0.0186628,0.0498753,-0.203517,0.0839884,-0.203891,14.75,0,,STRICT_OOS,2025,0.961792,-0.0151899,0.0063291,0.063474,0.0699865,0.00760457,0.0195867,0.59695,0.236556,3.10944,2.31559,-0.00784839,0.122843,0.114995,0.8,1,0.0115676,-0.00515993,0.0207064,-0.0841014,5.3945,1.17548e+08,-0.0172785,MARKET_DOWN,False,False,False,Disc=0.96 10D超額=+11.5% 產業超額=+12.3% outperf10=80% RSaccel=+0.0207 觸發=indep regime=MARKET_DOWN
1529,樂事綠能,電機機械,2023-01-17,2023-01-30,24.3607,29.7507,0.25,22.45,27.4172,0.0784355,0.757151,False,,,,,,0,,,,,,False,0.25,2023-02-06,23.94,29.2369,F3_RS_FAILURE,FAILED_PROBE,6,0.25,-0.00543319,-0.00543319,-0.0217328,-0.0172716,0.0241885,-0.0353335,0.0241885,-0.0353335,,,,,1.25,0,,DISCOVERY,2023,0.971374,0.00655022,0.0480349,0.106501,0.148325,0.391304,0.0498512,0.726416,0.623428,1.57952,1.11963,-0.0294944,0.106423,0.0769291,0.5,2,0.0016143,-0.0114759,-0.00716399,-0.268778,2.84179,1.92341e+08,0.000396597,MARKET_SIDEWAYS,False,False,False,Disc=0.97 10D超額=+7.7% 產業超額=+10.6% outperf10=50% RSaccel=-0.0072 觸發=indep regime=MARKET_SIDEWAYS
1529,樂事綠能,電機機械,2023-12-28,2023-12-29,33.9847,43.2262,0.25,31.6,40.193,0.0701712,0.675193,False,,,,,,0,,,,,,False,0.25,2024-01-02,32.3689,41.171,F3_RS_FAILURE,FAILED_PROBE,2,0.25,-0.012985,-0.012985,-0.0519401,-0.0475471,0.00927622,-0.0539875,0.00927622,-0.0539875,,,,,0.25,0,,DISCOVERY,2023,0.955645,0.00470958,0.0675039,0.0246365,0.0708661,0.0542635,0.0351891,0.858445,0.493679,1.23065,0.308107,-0.0195779,0.0337491,0.0141712,0.2,1,-0.00520452,-0.00303522,0.0114646,-0.281729,2.71642,2.47395e+08,0.00105469,MARKET_UP,False,False,False,Disc=0.96 10D超額=+1.4% 產業超額=+3.4% outperf10=20% RSaccel=+0.0115 觸發=indep regime=MARKET_UP
1560,中砂,電機機械,2023-11-01,2023-11-02,170.926,188.214,0.25,161,177.284,0.0580733,0.816271,False,,,,,,0,,,,,,False,0.25,2023-11-08,170.572,187.825,F3_RS_FAILURE,FAILED_PROBE,5,0.25,-0.00164124,-0.00164124,-0.00656495,-0.00206961,0.0735624,-0.0375966,0.0735624,-0.0375966,,,,,1,0,,DISCOVERY,2023,0.950388,0.00923077,0.0369231,0.0377213,0.053125,0.281369,0.0303095,1.48497,0.306004,0.817744,0.722689,-0.0167319,0.0910486,0.0743167,0.6,1,-0.00106568,0.0101812,0.00167545,-0.0146199,2.34965,6.67539e+08,0.00233044,MARKET_SIDEWAYS,False,False,False,Disc=0.95 10D超額=+7.4% 產業超額=+9.1% outperf10=60% RSaccel=+0.0017 觸發=indep regime=MARKET_SIDEWAYS
1560,中砂,電機機械,2024-05-30,2024-05-31,299.246,329.513,0.25,273,300.612,0.0877079,0.922999,False,,,,,,0,,,,,,False,0.25,2024-05-31,272.317,299.861,F1_PROBE_LOW,FAILED_PROBE,1,0.25,-0.0235715,-0.0235715,-0.0942861,-0.0899886,0,0,,,,,,,0,0,,DISCOVERY,2024,0.979052,-0.00706714,0.0441696,0.148019,0.182,0.158824,0.0335992,0.989173,0.310534,2.4336,1.70823,0.0206139,0.197634,0.218248,0.8,3,0.0174893,0.00326161,0.0212865,-0.00838926,5.84173,7.26932e+08,-0.0137574,MARKET_UP,False,False,False,Disc=0.98 10D超額=+21.8% 產業超額=+19.8% outperf10=80% RSaccel=+0.0213 觸發=indep regime=MARKET_UP
1560,中砂,電機機械,2024-07-01,2024-07-02,342.855,377.533,0.25,323.5,356.22,0.0564525,0.865705,False,,,,,,0,,,,,,False,0.25,2024-07-17,335.659,373.823,F2_STRUCTURE,FAILED_PROBE,12,0.25,-0.00357607,-0.00357607,-0.0143043,-0.00982639,0.0879235,-0.0229106,0.0879235,-0.0229106,,,,,2.75,0,,DISCOVERY,2024,0.963656,0.0137195,0.0518293,0.150671,0.229947,0.266055,0.0429607,1.01188,0.556689,1.33422,1.33641,-0.0141273,0.184984,0.170857,0.6,1,0.0059324,0.00703059,0.0195134,-0.0142857,4.21687,1.38734e+09,0.00114275,MARKET_UP,False,False,False,Disc=0.96 10D超額=+17.1% 產業超額=+18.5% outperf10=60% RSaccel=+0.0195 觸發=indep regime=MARKET_UP
1563,巧新,電機機械,2023-02-15,2023-02-16,52.6713,52.6714,0.25,49.25,49.25,0.0649566,0.727986,True,2023-03-03,57.2,57.2,persist,9,1,2023-03-06,57.2026,57.2026,,,True,1,2023-03-22,54.683,54.683,TREND_FAILURE_MA20x2,EXIT,23,1,-0.0279358,-0.0279358,-0.0279358,0.0381915,0.148632,-0.00515175,0.0973708,-0.00515175,0.0860297,-0.0440486,0.0576433,-0.0594841,14.5,0,,DISCOVERY,2023,0.976667,-0.00866142,0.0393701,0.128446,0.213793,0.159166,0.0342262,0.667711,0.372425,2.37188,1.78438,0.0248932,0.0651884,0.0900816,0.4,2,0.0166047,-0.0121459,0.00257597,-0.22807,3.59684,3.35287e+07,-0.0141551,MARKET_UP,False,False,False,Disc=0.98 10D超額=+9.0% 產業超額=+6.5% outperf10=40% RSaccel=+0.0026 觸發=indep regime=MARKET_UP
1569,濱川,電腦及週邊設備業,2025-03-27,2025-03-28,79.0973,100.824,0.25,75.6,96.3661,0.0442145,0.77483,False,,,,,,0,,,,,,False,0.25,2025-03-28,75.411,96.1252,F1_PROBE_LOW,FAILED_PROBE,1,0.25,-0.0127498,-0.0127498,-0.0509991,-0.046604,0,0,,,,,,,0,0,,STRICT_OOS,2025,0.975968,-0.0153061,0.0178571,0.047519,-0.0025,0.321192,0.0633727,0.527763,0.708642,0.376354,0.990124,-0.0219314,0.208119,0.186187,0.9,2,0.00978994,0.0123553,-0.00812221,-0.0763889,3.65819,1.90658e+09,-0.0138601,MARKET_DOWN,False,False,False,Disc=0.98 10D超額=+18.6% 產業超額=+20.8% outperf10=90% RSaccel=-0.0081 觸發=indep regime=MARKET_DOWN
1584,精剛,其他,2024-08-19,2024-08-20,39.6489,46.1159,0.25,36.15,42.0463,0.0882465,0.885964,True,2024-08-23,40.95,47.6292,persist,3,1,2024-08-26,41.2028,47.9232,,,True,1,2024-08-30,39.501,45.9439,HARD_STOP,EXIT,9,1,-0.036337,-0.036337,-0.036337,-0.00372964,0.121091,-0.00249377,0.121091,-0.00249377,0.0391909,-0.0413019,0.0193494,-0.0583153,5,0,,DISCOVERY,2024,0.955556,0.00408163,0.0612245,0.123029,0.12069,0.186209,0.0407509,0.66018,0.523733,2.98923,1.75215,-0.039802,0.157765,0.117963,0.6,2,0.0165428,-0.0103101,0.00738344,-0.00131696,6.26067,2.10906e+08,0.00269807,MARKET_SIDEWAYS,False,False,False,Disc=0.96 10D超額=+11.8% 產業超額=+15.8% outperf10=60% RSaccel=+0.0074 觸發=indep regime=MARKET_SIDEWAYS
1584,精剛,其他,2025-04-17,2025-04-18,30.8269,36.4082,0.25,28.3,33.4238,0.0819699,0.859781,False,,,,,,0,,,,,,False,0.25,2025-04-22,28.0796,33.1636,F3_RS_FAILURE,FAILED_PROBE,3,0.25,-0.0233545,-0.0233545,-0.0934182,-0.0891187,0,-0.0803479,0,-0.0803479,,,,,0.5,0,,STRICT_OOS,2025,0.963014,0.0233333,0.025,0.0540749,0.143123,0.187259,0.0775842,0.884253,0.9695,0.855334,0.731504,-0.0106227,0.100232,0.089609,0.7,1,0.0145205,-0.000860632,0.0212145,-0.297536,3.37425,4.17376e+08,-0.00664013,MARKET_SIDEWAYS,False,False,False,Disc=0.96 10D超額=+9.0% 產業超額=+10.0% outperf10=70% RSaccel=+0.0212 觸發=indep regime=MARKET_SIDEWAYS
1590,亞德客-KY,電機機械,2023-10-18,2023-10-19,1107.76,1169.55,0.25,1045,1103.29,0.056657,0.922511,False,,,,,,0,,,,,,False,0.25,2023-10-20,1032.41,1090,F3_RS_FAILURE,FAILED_PROBE,2,0.25,-0.0180917,-0.0180917,-0.072367,-0.06802,0,-0.0521434,0,-0.0521434,,,,,0.25,0,,DISCOVERY,2023,0.966616,0.0238095,0.052381,0.103812,0.169078,0.160597,0.0338074,0.748167,0.332689,1.93479,1.43839,-0.0597521,0.166285,0.106533,0.6,1,0.0117838,0.00457122,0.0124241,-0.100421,3.72084,5.8937e+08,-0.0121159,MARKET_SIDEWAYS,False,False,False,Disc=0.97 10D超額=+10.7% 產業超額=+16.6% outperf10=60% RSaccel=+0.0124 觸發=indep regime=MARKET_SIDEWAYS
1591,駿吉-KY,電機機械,2023-07-18,2023-07-19,39.0474,44.0078,0.25,36.1,40.686,0.0754821,0.794852,True,2023-07-21,39.9,44.9688,persist,2,1,2023-07-24,40.1501,45.2507,,,True,1,2023-08-30,40.5983,45.7557,TREND_FAILURE_MA20x2,EXIT,30,1,0.0137592,0.0137592,0.0137592,0.0397178,0.0999459,-0.0421891,0.0218357,-0.0421891,0.0282413,0.0111612,0.0697352,-0.0523068,26.75,0,,DISCOVERY,2023,0.970624,0.004,0.0373333,0.0778609,0.0865922,0.446531,0.0426001,0.995729,0.475348,1.46892,1.15958,-0.0234638,0.108016,0.0845521,0.5,3,-0.0199932,-0.0078529,0.00426933,-0.0025641,2.71552,7.86766e+07,-0.00613697,MARKET_SIDEWAYS,False,False,False,Disc=0.97 10D超額=+8.5% 產業超額=+10.8% outperf10=50% RSaccel=+0.0043 觸發=indep regime=MARKET_SIDEWAYS
1605,華新,電器電纜,2024-09-27,2024-09-30,35.9898,41.9876,0.25,32.8,38.2662,0.0886294,0.832007,False,,,,,,0,,,,,,False,0.25,2024-10-08,34.0646,39.7416,F3_RS_FAILURE,FAILED_PROBE,5,0.25,-0.0144676,-0.0144676,-0.0578706,-0.0534909,0.000284803,-0.0566759,0.000284803,-0.0566759,,,,,1,0,,DISCOVERY,2024,0.972222,0.0164425,0.0627803,0.0803829,0.025974,0.0113798,0.0277275,0.868766,0.38763,3.17075,1.58442,0.021776,0.0492118,0.0709878,0.5,1,0.00852346,-0.00509848,0.0181655,-0.127527,4.41304,3.7797e+08,-0.00157576,MARKET_SIDEWAYS,False,False,False,Disc=0.97 10D超額=+7.1% 產業超額=+4.9% outperf10=50% RSaccel=+0.0182 觸發=indep regime=MARKET_SIDEWAYS
1605,華新,電器電纜,2025-10-22,2025-10-23,30.075,36.0108,0.25,28.75,34.4243,0.0440565,0.656802,False,,,,,,0,,,,,,False,0.25,2025-10-27,30.0248,35.9507,F2_STRUCTURE,FAILED_PROBE,2,0.25,-0.00154176,-0.00154176,-0.00616705,-0.00167081,0,-0.0307564,0,-0.0307564,,,,,0.25,0,,STRICT_OOS,2025,0.957026,0,0.0202703,0.0962882,0.274262,0.441527,0.0652791,1.17658,0.89099,0.654132,1.00425,-0.0518699,0.124101,0.0722306,0.5,2,-0.00362174,0.0101557,-0.00642754,-0.0806697,3.01812,3.77396e+09,-0.00372941,MARKET_UP,False,False,False,Disc=0.96 10D超額=+7.2% 產業超額=+12.4% outperf10=50% RSaccel=-0.0064 觸發=indep regime=MARKET_UP
1608,華榮,電器電纜,2024-03-11,2024-03-12,23.5587,27.3711,0.25,22.2,25.7925,0.0576749,0.872146,True,2024-03-14,25.95,30.1493,persist,2,1,2024-03-15,26.3658,30.6324,,,True,1,2024-05-03,36.6083,42.5323,TREND_FAILURE_MA20x2,EXIT,36,1,0.424369,0.424369,0.424369,0.553913,1.01411,-0.00673847,0.133337,-0.00673847,0.119149,0.388477,0.799683,-0.0518002,32.75,0,,DISCOVERY,2024,0.965986,0.00447427,0.0514541,0.076377,0.149144,0.138015,0.0299392,0.716238,0.296391,2.62113,1.7037,-0.034573,0.0858389,0.0512659,0.6,1,-0.0027152,-0.0114889,0.00100313,-0.0451985,2.20305,7.8146e+07,-0.00299414,MARKET_UP,False,False,False,Disc=0.97 10D超額=+5.1% 產業超額=+8.6% outperf10=60% RSaccel=+0.0010 觸發=indep regime=MARKET_UP
1702,南僑,食品工業,2024-10-04,2024-10-07,61.353,69.7745,0.25,55.3,62.8906,0.0986586,0.851804,False,,,,,,0,,,,,,False,0.25,2024-10-09,58.9522,67.0442,F3_RS_FAILURE,FAILED_PROBE,3,0.25,-0.0108855,-0.0108855,-0.0435421,-0.0391301,0.0186951,-0.0448715,0.0186951,-0.0448715,,,,,0.5,0,,DISCOVERY,2024,0.97995,0.0143113,0.0733453,0.111523,0.102941,0.025641,0.0233333,0.524428,0.325823,7.04612,2.36212,-0.0501137,0.149155,0.0990417,0.4,2,0.019707,-0.0155846,0.0313502,-0.0598345,6.35714,5.70066e+07,-0.00391597,MARKET_SIDEWAYS,False,False,False,Disc=0.98 10D超額=+9.9% 產業超額=+14.9% outperf10=40% RSaccel=+0.0314 觸發=indep regime=MARKET_SIDEWAYS
1708,東鹼,化學生技醫療,2024-11-15,2024-11-18,44.0097,58.1006,0.25,41.8,55.1833,0.0502105,0.881313,False,,,,,,0,,,,,,False,0.25,2024-11-25,42.693,56.3623,F2_STRUCTURE,FAILED_PROBE,6,0.25,-0.00858805,-0.00858805,-0.0343522,-0.0299195,0.0100035,-0.0388494,0.0100035,-0.0388494,,,,,1.25,0,,DISCOVERY,2024,0.979487,0.00948992,0.0272835,0.0740419,0.104592,0.151596,0.0287859,0.527142,0.296894,1.46692,2.5258,-0.0449199,0.120999,0.0760795,0.7,3,0.0175065,-0.0131296,0.00733435,-0.029148,4.57307,1.38724e+08,0.00120579,MARKET_SIDEWAYS,False,False,False,Disc=0.98 10D超額=+7.6% 產業超額=+12.1% outperf10=70% RSaccel=+0.0073 觸發=indep regime=MARKET_SIDEWAYS
1712,興農,化學生技醫療,2024-07-22,2024-07-23,48.6212,59.0539,0.25,43.7,53.0767,0.101216,0.892258,False,,,,,,0,,,,,,False,0.25,2024-07-31,45.5858,55.3671,F3_RS_FAILURE,FAILED_PROBE,5,0.25,-0.0166978,-0.0166978,-0.0667911,-0.0624315,0,-0.0950459,0,-0.0950459,,,,,1,0,,DISCOVERY,2024,0.975207,0.0205011,0.070615,0.0565359,0.069397,0.179423,0.0202128,0.26352,0.298629,4.33726,1.32387,0.0274986,0.0895016,0.117,0.6,2,0.0242143,-0.0117056,0.0324057,-0.00423729,4.05263,5.43972e+07,-0.0267726,MARKET_SIDEWAYS,False,False,False,Disc=0.98 10D超額=+11.7% 產業超額=+9.0% outperf10=60% RSaccel=+0.0324 觸發=indep regime=MARKET_SIDEWAYS
1717,長興,化學生技醫療,2024-09-27,2024-09-30,34.887,39.063,0.25,32.65,36.5582,0.0641213,0.791339,False,,,,,,0,,,,,,False,0.25,2024-10-08,33.0173,36.9694,F2_STRUCTURE,FAILED_PROBE,5,0.25,-0.0144935,-0.0144935,-0.0579739,-0.0535945,0.00180583,-0.0583885,0.00180583,-0.0583885,,,,,1,0,,DISCOVERY,2024,0.969697,0.0106222,0.0622155,0.120807,0.123595,0.129032,0.0266327,0.696632,0.347891,3.44415,1.69531,0.0467215,0.0582067,0.104928,0.4,1,0.0137388,-0.0100024,0.00194188,-0.00426743,5.36398,1.87844e+08,-0.00157576,MARKET_SIDEWAYS,False,False,False,Disc=0.97 10D超額=+10.5% 產業超額=+5.8% outperf10=40% RSaccel=+0.0019 觸發=indep regime=MARKET_SIDEWAYS
1720,生達,生技醫療業,2023-04-24,2023-04-25,69.1725,76.5284,0.25,64.1,70.9165,0.0733312,0.756986,True,2023-04-28,76.2,84.3033,persist,3,1,2023-05-02,77.1925,85.4013,,,True,1,2023-05-15,67.3312,74.4914,TREND_FAILURE_MA20x2,EXIT,14,1,-0.106736,-0.106736,-0.106736,-0.0266182,0.129061,-0.0516462,0.107376,-0.0516462,0.115942,-0.127749,0.0117563,-0.142404,10,0,,DISCOVERY,2023,0.959583,0.00780031,0.049922,0.139809,0.241697,0.216998,0.0405434,0.468727,0.451328,2.0785,2.5079,0.0345665,0.18078,0.215346,0.7,2,0.0030199,-0.00971948,-0.0206456,-0.0717241,6.08377,1.91195e+08,0.00153048,MARKET_SIDEWAYS,False,False,False,Disc=0.96 10D超額=+21.5% 產業超額=+18.1% outperf10=70% RSaccel=-0.0206 觸發=indep regime=MARKET_SIDEWAYS
1720,生達,生技醫療業,2024-07-26,2024-07-29,79.1975,91.2164,0.25,73.1,84.1935,0.076991,0.958501,False,,,,,,0,,,,,,False,0.25,2024-07-31,74.8125,86.1659,F2_STRUCTURE,FAILED_PROBE,3,0.25,-0.0149358,-0.0149358,-0.0597433,-0.0553679,0.0025569,-0.0668897,0.0025569,-0.0668897,,,,,0.5,0,,DISCOVERY,2024,0.983193,0.00258398,0.0167959,0.0635854,0.0649526,0.247227,0.0247776,0.495491,0.300089,3.80678,2.38061,0.0559469,0.112719,0.168666,0.8,2,0.0198138,-0.0117765,0.0218164,-0.00631313,3.74359,7.47058e+07,-0.0329064,MARKET_SIDEWAYS,False,False,False,Disc=0.98 10D超額=+16.9% 產業超額=+11.3% outperf10=80% RSaccel=+0.0218 觸發=indep regime=MARKET_SIDEWAYS
1723,中碳,化學工業,2026-07-23,2026-07-24,89.2225,110.97,0.25,85.3,106.092,0.0439631,0.737913,False,,,,,,0,,,,,,False,0.25,2026-07-28,84.987,105.703,F2_STRUCTURE,FAILED_PROBE,3,0.25,-0.0129661,-0.0129661,-0.0518644,-0.0474712,0.0120766,-0.0439631,0.0120766,-0.0439631,,,,,0.5,0,,STRICT_OOS,2026,0.972696,0,0.0431739,0.0617121,0.0559835,0.169414,0.0407317,0.295151,0.419191,1.70941,1.63755,-0.0840293,0.21047,0.126441,0.6,1,0.0184847,-0.019476,-0.0221091,-0.0363733,2.96588,8.02979e+07,0.000558384,MARKET_SIDEWAYS,False,False,False,Disc=0.97 10D超額=+12.6% 產業超額=+21.0% outperf10=60% RSaccel=-0.0221 觸發=indep regime=MARKET_SIDEWAYS
1734,杏輝,生技醫療業,2024-03-11,2024-03-12,35.9897,37.5484,0.25,34.45,35.942,0.042783,0.797905,False,,,,,,0,,,,,,False,0.25,2024-03-19,35.7105,37.2571,F4_TIME_5D,FAILED_PROBE,6,0.25,-0.00306042,-0.00306042,-0.0122417,-0.00775915,0.00584196,-0.0205545,0.00584196,-0.0205545,,,,,1.25,0,,DISCOVERY,2024,0.969388,0.0070922,0.022695,0.0735557,0.102447,0.0634218,0.015851,0.512659,0.222652,2.79714,2.74868,-0.0662287,0.101265,0.0350361,0.4,1,0.00421826,-0.00415384,0.0169342,-0.0960885,5.25,3.17579e+07,-0.00299414,MARKET_UP,False,False,False,Disc=0.97 10D超額=+3.5% 產業超額=+10.1% outperf10=40% RSaccel=+0.0169 觸發=indep regime=MARKET_UP
1736,喬山,化學生技醫療,2024-11-26,2024-11-27,157.894,164.7,0.25,145.5,151.772,0.0784942,0.885495,True,2024-12-03,170.5,177.85,persist,4,1,2024-12-04,175.939,183.523,,,True,1,2025-01-02,182.044,189.892,TREND_FAILURE_MA20x2,EXIT,26,1,0.0596178,0.0596178,0.0596178,0.152951,0.285675,-0.0594941,0.0798401,-0.0594941,0.114286,0.0346996,0.153811,-0.0110195,21.25,0,,DISCOVERY,2024,0.960784,0,0.00961538,0.0202429,0.0641892,0.285714,0.0501134,0.68262,0.718465,0.423885,0.573667,0.0346733,0.115696,0.150369,0.8,2,0.0114191,0.00238169,0.026212,-0.115169,3.10407,1.73003e+08,-0.0117485,MARKET_SIDEWAYS,False,False,False,Disc=0.96 10D超額=+15.0% 產業超額=+11.6% outperf10=80% RSaccel=+0.0262 觸發=indep regime=MARKET_SIDEWAYS
1773,勝一,化學工業,2024-08-30,2024-09-02,165.412,250.301,0.25,159,240.598,0.0387667,0.838024,False,,,,,,0,,,,,,False,0.25,2024-09-03,158.602,239.996,F1_PROBE_LOW,FAILED_PROBE,2,0.25,-0.0113943,-0.0113943,-0.0455772,-0.0411698,0.00355173,-0.035744,0.00355173,-0.035744,,,,,0.25,0,,DISCOVERY,2024,0.958128,0.0155763,0.0280374,0.114677,0.047619,0.0490849,0.0363636,0.787039,0.546709,1.39258,1.44015,0.0548664,0.106663,0.16153,0.8,2,0.00978136,-0.0117209,0.00410576,-0.147453,3.91667,8.39407e+07,0.00298354,MARKET_SIDEWAYS,False,False,False,Disc=0.96 10D超額=+16.2% 產業超額=+10.7% outperf10=80% RSaccel=+0.0041 觸發=indep regime=MARKET_SIDEWAYS
1783,和康生,生技醫療業,2023-04-24,2023-04-25,61.2527,68.1417,0.25,57.6,64.0782,0.059634,0.693479,False,,,,,,0,,,,,,False,0.25,2023-04-27,58.8525,65.4715,F2_STRUCTURE,FAILED_PROBE,3,0.25,-0.0108995,-0.0108995,-0.0435978,-0.039186,0.0105669,-0.0563689,0.0105669,-0.0563689,,,,,0.5,0,,DISCOVERY,2023,0.95176,0.00688468,0.0550775,0.0728036,0.122711,0.279749,0.0435796,0.36398,0.437828,1.58235,2.53283,0.0364474,0.0680653,0.104513,0.5,3,0.0141073,-0.0332487,0.00282244,-0.105109,4.49198,1.07572e+08,0.00153048,MARKET_SIDEWAYS,False,False,False,Disc=0.95 10D超額=+10.5% 產業超額=+6.8% outperf10=50% RSaccel=+0.0028 觸發=indep regime=MARKET_SIDEWAYS
1784,訊聯,生技醫療業,2023-05-10,2023-05-11,70.7765,71.8767,0.25,67.8,68.854,0.042055,0.814304,False,,,,,,0,,,,,,False,0.25,2023-05-11,67.6305,68.6818,F1_PROBE_LOW,FAILED_PROBE,1,0.25,-0.0122125,-0.0122125,-0.0488498,-0.0444498,0,0,,,,,,,0,0,,DISCOVERY,2023,0.976378,0.00442478,0.0825959,0.207138,0.494908,0.545263,0.0583885,0.371108,0.705183,1.33333,1.37857,0.024643,0.164961,0.189604,0.7,1,0.0200702,0.00427867,-0.0118922,-0.0147651,4.22333,2.2096e+08,-0.00546424,MARKET_SIDEWAYS,False,False,False,Disc=0.98 10D超額=+19.0% 產業超額=+16.5% outperf10=70% RSaccel=-0.0119 觸發=indep regime=MARKET_SIDEWAYS
1784,訊聯,生技醫療業,2024-11-25,2024-11-26,97.443,107.793,0.25,92.7,102.546,0.0486746,0.673681,False,,,,,,0,,,,,,False,0.25,2024-11-28,92.4683,102.29,F1_PROBE_LOW,FAILED_PROBE,3,0.25,-0.0138595,-0.0138595,-0.055438,-0.0510529,0.00879489,-0.0455959,0.00879489,-0.0455959,,,,,0.5,0,,DISCOVERY,2024,0.962338,0.00646552,0.049569,0.0633188,0.0274262,-0.129072,0.0340276,0.787044,0.415871,2.19621,2.22767,1.7528e-05,0.0765221,0.0765396,0.4,3,0.0179526,-0.0224317,0.0121289,-0.395119,4.07328,4.26148e+07,0.00192322,MARKET_SIDEWAYS,False,False,False,Disc=0.96 10D超額=+7.7% 產業超額=+7.7% outperf10=40% RSaccel=+0.0121 觸發=indep regime=MARKET_SIDEWAYS
1785,光洋科,其他電子業,2023-05-24,2023-05-25,39.3983,42.0154,0.25,37,39.4578,0.060872,0.78684,False,,,,,,0,,,,,,False,0.25,2023-05-29,37.7055,40.2102,F3_RS_FAILURE,FAILED_PROBE,3,0.25,-0.0118421,-0.0118421,-0.0473684,-0.0429651,0.0101972,-0.0519883,0.0101972,-0.0519883,,,,,0.5,0,,DISCOVERY,2023,0.958042,0.00660502,0.0449141,0.0835616,0.131617,0.0504648,0.0201373,0.796863,0.239702,6.69103,2.32006,0.00679367,0.0541705,0.0609642,0.5,2,-0.00125446,-0.0127468,0.0213893,-0.1495,5.52466,7.95237e+07,-0.00177353,MARKET_UP,False,False,False,Disc=0.96 10D超額=+6.1% 產業超額=+5.4% outperf10=50% RSaccel=+0.0214 觸發=indep regime=MARKET_UP
1785,光洋科,其他電子業,2024-12-06,2024-12-09,68.972,77.8682,0.25,62.8,70.9001,0.0894856,0.811973,False,,,,,,0,,,,,,False,0.25,2024-12-16,67.5308,76.241,F4_TIME_5D,FAILED_PROBE,6,0.25,-0.00633729,-0.00633729,-0.0253491,-0.0208962,0.0250536,-0.0387404,0.0250536,-0.0387404,,,,,1.25,0,,DISCOVERY,2024,0.967062,0.00155039,0.0496124,0.0982237,0.0257576,0.109836,0.0292256,1.06124,0.464803,5.84924,2.02874,-0.0353338,0.13804,0.102706,0.5,2,-0.00844088,0.00203394,0.0203095,-0.132799,5.30686,5.57379e+08,-0.00320914,MARKET_SIDEWAYS,False,False,False,Disc=0.97 10D超額=+10.3% 產業超額=+13.8% outperf10=50% RSaccel=+0.0203 觸發=indep regime=MARKET_SIDEWAYS
1786,科妍,生技醫療業,2023-04-24,2023-04-25,76.19,87.2456,0.25,71.3,81.6461,0.0641816,0.873412,False,,,,,,0,,,,,,False,0.25,2023-04-26,71.1217,81.4419,F1_PROBE_LOW,FAILED_PROBE,2,0.25,-0.0177179,-0.0177179,-0.0708715,-0.0665212,0,-0.0549941,0,-0.0549941,,,,,0.25,0,,DISCOVERY,2023,0.958279,0.00277778,0.0555556,0.105133,0.153263,0.453155,0.0380639,0.438691,0.374295,1.22249,2.72807,0.0371954,0.0896185,0.126814,0.7,2,0.0101663,-0.000622061,0.00589255,-0.0582404,4.42469,5.2556e+07,0.00153048,MARKET_SIDEWAYS,False,False,False,Disc=0.96 10D超額=+12.7% 產業超額=+9.0% outperf10=70% RSaccel=+0.0059 觸發=indep regime=MARKET_SIDEWAYS
1786,科妍,生技醫療業,2025-01-09,2025-01-10,113.282,135.318,0.25,111,132.592,0.0201488,0.918046,False,,,,,,0,,,,,,False,0.25,2025-01-10,110.722,132.26,F1_PROBE_LOW,FAILED_PROBE,1,0.25,-0.00676189,-0.00676189,-0.0270476,-0.0225984,0,0,,,,,,,0,0,,STRICT_OOS,2025,0.958274,0.00896861,0.0224215,0.15105,0.225806,0.0805687,0.037406,0.761458,0.358042,1.07174,1.648,0.0339072,0.180987,0.214894,0.8,1,0.00666495,-0.00724857,-0.000110417,-0.208333,4.69012,1.10597e+08,-0.0139358,MARKET_SIDEWAYS,False,False,False,Disc=0.96 10D超額=+21.5% 產業超額=+18.1% outperf10=80% RSaccel=-0.0001 觸發=indep regime=MARKET_SIDEWAYS
1789,神隆,生技醫療業,2023-04-27,2023-04-28,28.5712,29.7213,0.25,27,28.0868,0.0549941,0.868676,False,,,,,,0,,,,,,False,0.25,2023-05-08,28.2293,29.3655,F4_TIME_5D,FAILED_PROBE,6,0.25,-0.00411079,-0.00411079,-0.0164432,-0.0119701,0.0202564,-0.0182439,0.0202564,-0.0182439,,,,,1.25,0,,DISCOVERY,2023,0.953887,0.00181818,0.0290909,0.0564629,0.082218,0.105469,0.0235992,0.544191,0.214744,3.30535,1.36995,0.00667896,0.0922079,0.0988868,0.7,1,0.0103977,-0.00752788,0.0133069,-0.0455312,3.06952,3.81472e+07,0.00239746,MARKET_DOWN,False,False,False,Disc=0.95 10D超額=+9.9% 產業超額=+9.2% outperf10=70% RSaccel=+0.0133 觸發=indep regime=MARKET_DOWN
1808,潤隆,建材營造,2025-07-07,2025-07-08,34.2855,97.969,0.25,32.8,93.7242,0.0433273,0.907742,False,,,,,,0,,,,,,False,0.25,2025-07-08,32.718,93.4899,F1_PROBE_LOW,FAILED_PROBE,1,0.25,-0.012529,-0.012529,-0.0501162,-0.045719,0,0,,,,,,,0,0,,STRICT_OOS,2025,0.984686,0.00737463,0.019174,0.111022,0.1056,0.0729814,0.0362828,0.802457,0.42749,1.67321,2.42726,-0.00207987,0.169674,0.167594,0.7,1,0.00283315,-0.00205189,0.00532292,-0.422464,4.8661,1.17444e+08,-0.00526799,MARKET_SIDEWAYS,False,False,False,Disc=0.98 10D超額=+16.8% 產業超額=+17.0% outperf10=70% RSaccel=+0.0053 觸發=indep regime=MARKET_SIDEWAYS
1808,潤隆,建材營造,2025-10-31,2025-11-03,38.3456,117.166,0.25,35.25,107.708,0.0807296,0.866505,False,,,,,,0,,,,,,False,0.25,2025-11-05,36.8576,112.62,F2_STRUCTURE,FAILED_PROBE,3,0.25,-0.0108044,-0.0108044,-0.0432177,-0.038805,0.0483595,-0.0455235,0.0483595,-0.0455235,,,,,0.5,0,,STRICT_OOS,2025,0.956967,0,0.0215054,0.164662,0.324042,0.28184,0.0353383,0.659832,0.424508,1.11055,1.13209,-0.00686598,0.176912,0.170046,0.8,3,0.0165207,-0.00817709,-0.00732945,-0.193764,4.76596,1.0906e+08,-0.00191533,MARKET_UP,False,False,False,Disc=0.96 10D超額=+17.0% 產業超額=+17.7% outperf10=80% RSaccel=-0.0073 觸發=indep regime=MARKET_UP
1808,潤隆,建材營造,2026-07-17,2026-07-20,32.6314,92.435,0.25,30.7,86.964,0.0591877,0.794321,False,,,,,,0,,,,,,False,0.25,2026-07-22,31.7205,89.8547,F3_RS_FAILURE,FAILED_PROBE,3,0.25,-0.00808782,-0.00808782,-0.0323513,-0.0279141,0,-0.0254778,0,-0.0254778,,,,,0.5,0,,STRICT_OOS,2026,0.974697,-0.00311526,0.00311526,0.0479212,-0.00617285,0.0751252,0.0242902,0.506408,0.37982,1.83614,1.12319,0.0976612,0.0754737,0.173135,0.7,3,0.0171868,-0.0214425,0.020363,-0.25742,3.38813,4.28114e+07,-0.0647389,MARKET_SIDEWAYS,False,True,False,Disc=0.97 10D超額=+17.3% 產業超額=+7.5% outperf10=70% RSaccel=+0.0204 觸發=indep regime=MARKET_SIDEWAYS
1815,富喬,電子零組件業,2024-05-08,2024-05-09,20.1001,22.297,0.25,18.25,20.2447,0.0920454,0.796542,False,,,,,,0,,,,,,False,0.25,2024-05-10,19.3016,21.4112,F3_RS_FAILURE,FAILED_PROBE,2,0.25,-0.0110342,-0.0110342,-0.0441368,-0.0397261,0.00745642,-0.0472696,0.00745642,-0.0472696,,,,,0.25,0,,DISCOVERY,2024,0.950058,0.0026738,0.053476,0.0812294,0.0341207,0.340136,0.0395214,1.0882,0.48645,3.25197,1.5758,0.0206993,0.0718015,0.0925008,0.6,1,-0.00360136,-0.00266254,0.0117005,-0.159915,3.46789,2.2025e+08,0.00227467,MARKET_SIDEWAYS,False,False,False,Disc=0.95 10D超額=+9.3% 產業超額=+7.2% outperf10=60% RSaccel=+0.0117 觸發=indep regime=MARKET_SIDEWAYS
1815,富喬,電子零組件業,2025-03-26,2025-03-27,34.7366,39.2782,0.25,33.15,37.4842,0.0456758,0.834063,False,,,,,,0,,,,,,False,0.25,2025-03-28,33.0671,37.3905,F1_PROBE_LOW,FAILED_PROBE,2,0.25,-0.0131134,-0.0131134,-0.0524535,-0.0480617,0.0133397,-0.0197666,0.0133397,-0.0197666,,,,,0.25,0,,STRICT_OOS,2025,0.956175,0,0.0265096,0.0566209,0.0873635,0.191453,0.0400697,0.84172,0.502112,1.21832,1.08048,0.00601328,0.0872743,0.0932876,0.7,1,0.00455765,-0.00556603,0.0165082,-0.0452055,3.54476,2.07484e+09,-0.000579172,MARKET_SIDEWAYS,False,False,False,Disc=0.96 10D超額=+9.3% 產業超額=+8.7% outperf10=70% RSaccel=+0.0165 觸發=indep regime=MARKET_SIDEWAYS
1905,華紙,造紙工業,2024-09-27,2024-09-30,22.1552,22.9644,0.25,20.3,21.0414,0.0837387,0.815119,False,,,,,,0,,,,,,False,0.25,2024-10-08,20.9475,21.7126,F3_RS_FAILURE,FAILED_PROBE,5,0.25,-0.0147226,-0.0147226,-0.0588904,-0.054513,0.00427664,-0.067941,0.00427664,-0.067941,,,,,1,0,,DISCOVERY,2024,0.968434,0.00952381,0.047619,0.11013,0.157895,0.0185185,0.0301948,0.792198,0.383517,3.71636,1.43673,0,0.0829387,0.0829387,0.4,1,0.00643511,-0.0105382,0.00831056,-0.138943,4.44086,5.2577e+07,-0.00157576,MARKET_SIDEWAYS,False,False,False,Disc=0.97 10D超額=+8.3% 產業超額=+8.3% outperf10=40% RSaccel=+0.0083 觸發=indep regime=MARKET_SIDEWAYS
1907,永豐餘,造紙工業,2023-04-26,2023-04-27,31.4785,34.6161,0.25,29.65,32.6053,0.0580873,0.930865,False,,,,,,0,,,,,,False,0.25,2023-05-11,31.3215,34.4434,F2_STRUCTURE,FAILED_PROBE,10,0.25,-0.00236907,-0.00236907,-0.0094763,-0.00498752,0.0562765,-0.0310847,0.0562765,-0.0310847,,,,,2.25,0,,DISCOVERY,2023,0.985564,0.00657895,0.0444079,0.129793,0.225869,0.259921,0.0353206,0.63151,0.395449,2.53149,3.41919,0.07362,0.105567,0.179187,0.7,2,0.00400265,-0.0119214,0.00793517,-0.0378788,5.12739,2.68368e+08,0.000253729,MARKET_DOWN,False,False,False,Disc=0.99 10D超額=+17.9% 產業超額=+10.6% outperf10=70% RSaccel=+0.0079 觸發=indep regime=MARKET_DOWN
1907,永豐餘,造紙工業,2024-09-30,2024-10-01,33.283,38.6384,0.25,31.75,36.8588,0.0460595,0.900524,False,,,,,,0,,,,,,False,0.25,2024-10-09,32.2192,37.4035,F2_STRUCTURE,FAILED_PROBE,5,0.25,-0.00909722,-0.00909722,-0.0363889,-0.0319608,0.00201303,-0.0355437,0.00201303,-0.0355437,,,,,1,0,,DISCOVERY,2024,0.978697,0.00151515,0.00303028,0.0856908,0.0677419,0.0732825,0.019098,0.725269,0.261383,1.80123,2.00334,0,0.0856586,0.0856586,0.7,2,0.0144364,-0.00836139,0.0158526,-0.0414425,5.45763,4.03433e+07,-0.0262128,MARKET_SIDEWAYS,False,False,False,Disc=0.98 10D超額=+8.6% 產業超額=+8.6% outperf10=70% RSaccel=+0.0159 觸發=indep regime=MARKET_SIDEWAYS
1907,永豐餘,造紙工業,2026-07-30,2026-07-31,28.872,35.9961,0.25,27.9,34.7842,0.0336658,0.848699,False,,,,,,0,,,,,,False,0.25,2026-08-13,29.925,37.3089,F3_RS_FAILURE,FAILED_PROBE,10,0.25,0.00797232,0.00797232,0.0318893,0.0364713,0.0840953,-0.0128845,0.0840953,-0.0128845,,,,,2.25,0,,STRICT_OOS,2026,0.98829,0.00175747,0.0193322,0.0425269,0.10807,0.266699,0.0257389,0.374009,0.300048,1.21848,0.946516,0,0.145876,0.145876,0.5,2,0.0314079,-0.0126729,0.0241885,-0.023569,1.8756,5.75669e+07,-0.00264441,MARKET_DOWN,False,False,False,Disc=0.99 10D超額=+14.6% 產業超額=+14.6% outperf10=50% RSaccel=+0.0242 觸發=indep regime=MARKET_DOWN
1909,榮成,造紙工業,2023-01-04,2023-01-05,17.2931,19.1639,0.25,16.05,17.7863,0.0718856,0.895535,False,,,,,,0,,,,,,False,0.25,2023-01-10,17.2069,19.0683,F3_RS_FAILURE,FAILED_PROBE,4,0.25,-0.00236908,-0.00236908,-0.00947631,-0.00498754,0.0264194,-0.0256243,0.0264194,-0.0256243,,,,,0.75,0,,DISCOVERY,2023,0.975652,0.00923077,0.0553846,0.0918351,0.0958467,0.125603,0.0297793,0.833504,0.340896,4.52546,1.90517,0,0.133708,0.133708,0.7,1,-0.0011808,-0.00174372,0.0113286,-0.243358,4.11189,7.06445e+07,-0.00175687,MARKET_SIDEWAYS,False,False,False,Disc=0.98 10D超額=+13.4% 產業超額=+13.4% outperf10=70% RSaccel=+0.0113 觸發=indep regime=MARKET_SIDEWAYS
2002,中鋼,鋼鐵工業,2024-09-27,2024-09-30,23.5086,27.7727,0.25,21.5,25.3997,0.0854421,0.774452,False,,,,,,0,,,,,,False,0.25,2024-10-11,22.7929,26.9271,F2_STRUCTURE,FAILED_PROBE,7,0.25,-0.00871945,-0.00871945,-0.0348778,-0.0304463,0.018775,-0.034397,0.018775,-0.034397,,,,,1.5,0,,DISCOVERY,2024,0.97096,0.0091954,0.062069,0.0815873,0.0358744,0.0197655,0.0221088,0.554014,0.322974,3.35871,1.36483,0.0273336,0.0372982,0.0646319,0.5,1,0.0193206,-0.0137614,0.0138481,-0.134516,5.58042,6.37724e+08,-0.00157576,MARKET_SIDEWAYS,False,False,False,Disc=0.97 10D超額=+6.5% 產業超額=+3.7% outperf10=50% RSaccel=+0.0138 觸發=indep regime=MARKET_SIDEWAYS
2002,中鋼,鋼鐵工業,2025-01-21,2025-01-22,20.3507,24.042,0.25,19.05,22.5053,0.0639166,0.834535,False,,,,,,0,,,,,,False,0.25,2025-02-07,19.8503,23.4507,F4_TIME_5D,FAILED_PROBE,6,0.25,-0.00725959,-0.00725959,-0.0290383,-0.0245937,0,-0.0368905,0,-0.0368905,,,,,1.25,0,,STRICT_OOS,2025,0.962099,0.00767263,0.028133,0.0442915,0.00499997,-0.108647,0.0229211,0.61077,0.247287,1.61,1.36508,0.0233651,0.0521725,0.0755376,0.6,1,0.00593442,-0.0103196,0.0119389,-0.222531,5.31783,5.34414e+08,0.00142649,MARKET_SIDEWAYS,False,False,False,Disc=0.96 10D超額=+7.6% 產業超額=+5.2% outperf10=60% RSaccel=+0.0119 觸發=indep regime=MARKET_SIDEWAYS
2002,中鋼,鋼鐵工業,2025-02-27,2025-03-03,23.659,27.9503,0.25,23,27.1718,0.0278541,0.847763,True,2025-03-07,24.25,28.6485,persist,4,1,2025-03-10,24.4109,28.8386,,,True,1,2025-03-25,23.8403,28.1644,TREND_FAILURE_MA20x2,EXIT,17,1,-0.0200815,-0.0200815,-0.0200815,0.00766096,0.0524536,-0.0151739,0.0397734,-0.0151739,0.0317797,-0.0233759,0.0200372,-0.0557487,12.25,0,,STRICT_OOS,2025,0.966443,0.00420168,0.0231092,0.125751,0.211443,0.0919282,0.0316808,0.528811,0.429384,2.02743,1.37199,0.0894706,0.0371981,0.126669,0.7,3,0.0180599,-0.0108079,0.00891801,-0.0581412,3.43519,1.32974e+09,-0.0149287,MARKET_SIDEWAYS,False,True,False,Disc=0.97 10D超額=+12.7% 產業超額=+3.7% outperf10=70% RSaccel=+0.0089 觸發=indep regime=MARKET_SIDEWAYS
2006,東和鋼鐵,鋼鐵工業,2024-07-22,2024-07-23,73.8843,67.3588,0.25,70.6,64.3646,0.0444513,0.891397,False,,,,,,0,,,,,,False,0.25,2024-08-01,73.9147,67.3866,F4_TIME_5D,FAILED_PROBE,6,0.25,-0.00102203,-0.00102203,-0.00408812,0.000412814,0.00698052,-0.0227958,0.00698052,-0.0227958,,,,,1.25,0,,DISCOVERY,2024,0.952479,0.00411523,0.0109739,0.0390526,0.0759124,0.00958904,0.0149254,0.312467,0.166279,1.95635,1.28364,0.0344865,0.0656194,0.100106,0.6,3,0.0170615,-0.0124812,0.0285444,-0.0289855,3.81818,1.47989e+08,-0.0267726,MARKET_SIDEWAYS,False,False,False,Disc=0.95 10D超額=+10.0% 產業超額=+6.6% outperf10=60% RSaccel=+0.0285 觸發=indep regime=MARKET_SIDEWAYS
2006,東和鋼鐵,鋼鐵工業,2026-03-09,2026-03-10,81.1022,78.0131,0.25,77.6,74.6442,0.0431831,0.879206,False,,,,,,0,,,,,,False,0.25,2026-03-13,77.406,74.4576,F1_PROBE_LOW,FAILED_PROBE,4,0.25,-0.0124931,-0.0124931,-0.0499726,-0.0455751,0.0357296,-0.00865882,0.0357296,-0.00865882,,,,,0.75,0,,STRICT_OOS,2026,0.964912,-0.0298507,0.0062189,0.096206,0.145892,0.147518,0.0254282,0.298713,0.240051,2.0131,1.80984,0.0410396,0.175869,0.216908,0.6,4,0.0253289,-0.00779096,0.00596803,-0.00369459,4.61806,1.8119e+08,-0.0443197,MARKET_DOWN,False,False,False,Disc=0.96 10D超額=+21.7% 產業超額=+17.6% outperf10=60% RSaccel=+0.0060 觸發=indep regime=MARKET_DOWN
2009,第一銅,鋼鐵工業,2024-09-27,2024-09-30,49.1225,52.4559,0.25,45.05,48.107,0.082905,0.901088,False,,,,,,0,,,,,,False,0.25,2024-10-01,44.9374,47.9868,F1_PROBE_LOW,FAILED_PROBE,2,0.25,-0.0223765,-0.0223765,-0.089506,-0.0851977,0.00870273,-0.0513512,0.00870273,-0.0513512,,,,,0.25,0,,DISCOVERY,2024,0.988636,0.0344062,0.082131,0.160922,0.144366,-0.0201005,0.0322344,0.862973,0.449102,7.9937,2.87146,0.0178281,0.157668,0.175496,0.7,1,0.00305698,-0.00842205,0.00483036,-0.23947,6.07727,1.33477e+08,-0.00157576,MARKET_SIDEWAYS,False,False,False,Disc=0.99 10D超額=+17.5% 產業超額=+15.8% outperf10=70% RSaccel=+0.0048 觸發=indep regime=MARKET_SIDEWAYS
2014,中鴻,鋼鐵工業,2025-02-03,2025-02-04,19.5487,22.2281,0.25,18.85,21.4336,0.0357439,0.922511,False,,,,,,0,,,,,,False,0.25,2025-02-05,18.8029,21.38,F1_PROBE_LOW,FAILED_PROBE,2,0.25,-0.0106422,-0.0106422,-0.0425687,-0.0381545,0,-0.0280708,0,-0.0280708,,,,,0.25,0,,STRICT_OOS,2025,0.982482,-0.0129199,0.00775194,0.0968921,0.0743802,-0.0533981,0.0304029,0.719117,0.329806,1.37551,1.79055,0.0870327,0.0904234,0.177456,0.7,2,0.00613316,-0.0137513,0.0136788,-0.230186,5.98795,6.9512e+07,-0.0353108,MARKET_SIDEWAYS,False,False,False,Disc=0.98 10D超額=+17.7% 產業超額=+9.0% outperf10=70% RSaccel=+0.0137 觸發=indep regime=MARKET_SIDEWAYS
2015,豐興,鋼鐵工業,2025-03-19,2025-03-20,77.794,95.7198,0.25,73.7,90.6824,0.0526261,0.852473,False,,,,,,0,,,,,,False,0.25,2025-03-21,75.012,92.2967,F3_RS_FAILURE,FAILED_PROBE,2,0.25,-0.0100452,-0.0100452,-0.0401806,-0.0357611,0,-0.0346299,0,-0.0346299,,,,,0.25,0,,STRICT_OOS,2025,0.959157,0.00401606,0.0227577,0.0508941,0.0898716,0.0227577,0.0221578,0.395545,0.217965,1.05693,1.05118,0.0280892,0.0497879,0.0778771,0.7,2,0.0129507,-0.0138871,0.00381181,-0.123853,3.01266,8.90696e+07,-0.0139567,MARKET_DOWN,False,False,False,Disc=0.96 10D超額=+7.8% 產業超額=+5.0% outperf10=70% RSaccel=+0.0038 觸發=indep regime=MARKET_DOWN
2017,官田鋼,鋼鐵工業,2023-03-13,2023-03-14,20.1502,22.6136,0.25,18.95,21.2666,0.059565,0.892369,False,,,,,,0,,,,,,False,0.25,2023-03-15,18.9026,21.2134,F1_PROBE_LOW,FAILED_PROBE,2,0.25,-0.0165692,-0.0165692,-0.0662768,-0.0619162,0.0173571,-0.024826,0.0173571,-0.024826,,,,,0.25,0,,DISCOVERY,2023,0.957064,0,0.025641,0.0882873,0.257862,0.481482,0.0307143,0.854617,0.390139,1.84858,1.16745,-0.011568,0.0903538,0.0787858,0.7,2,0.015707,-0.00409713,0.00596462,-0.00497512,3.09302,4.91425e+07,0.00220852,MARKET_SIDEWAYS,False,False,False,Disc=0.96 10D超額=+7.9% 產業超額=+9.0% outperf10=70% RSaccel=+0.0060 觸發=indep regime=MARKET_SIDEWAYS
2027,大成鋼,鋼鐵工業,2024-07-26,2024-07-29,39.7491,55.3339,0.25,38.2,53.1774,0.0389726,0.925571,False,,,,,,0,,,,,,False,0.25,2024-08-02,38.1045,53.0445,F1_PROBE_LOW,FAILED_PROBE,5,0.25,-0.0114455,-0.0114455,-0.045782,-0.0413751,0,-0.0301673,0,-0.0301673,,,,,1,0,,DISCOVERY,2024,0.971639,-0.00506329,0.00253164,0.0576217,0.0984743,0.0630872,0.020202,0.309858,0.142633,1.34432,1.92833,0.0514741,0.110611,0.162085,0.7,3,0.0211033,-0.0152737,0.00878603,-0.0341464,4.375,4.06503e+08,-0.0329064,MARKET_SIDEWAYS,False,False,False,Disc=0.97 10D超額=+16.2% 產業超額=+11.1% outperf10=70% RSaccel=+0.0088 觸發=indep regime=MARKET_SIDEWAYS
2027,大成鋼,鋼鐵工業,2025-03-06,2025-03-07,50.8268,73.0496,0.25,47.05,67.6216,0.0743063,0.827349,False,,,,,,0,,,,,,False,0.25,2025-03-12,49.7753,71.5384,F2_STRUCTURE,FAILED_PROBE,4,0.25,-0.00628534,-0.00628534,-0.0251414,-0.0206879,0.0270183,-0.0487293,0.0270183,-0.0487293,,,,,0.75,0,,STRICT_OOS,2025,0.986702,-0.00505051,0.0242424,0.133721,0.330709,0.461095,0.0423359,0.315974,0.561077,1.11437,0.977574,0.0856062,0.0991008,0.184707,0.7,2,0.0342254,-0.00891644,-0.00201452,-0.00392927,3.77371,3.08917e+09,-0.00684115,MARKET_SIDEWAYS,False,False,False,Disc=0.99 10D超額=+18.5% 產業超額=+9.9% outperf10=70% RSaccel=-0.0020 觸發=indep regime=MARKET_SIDEWAYS
2028,威致,鋼鐵工業,2023-01-31,2023-02-01,31.5787,36.2175,0.25,28.6,32.8012,0.0943277,0.832603,False,,,,,,0,,,,,,False,0.25,2023-02-03,30.8227,35.3504,F3_RS_FAILURE,FAILED_PROBE,3,0.25,-0.00709657,-0.00709657,-0.0283863,-0.0239401,0,-0.0436607,0,-0.0436607,,,,,0.5,0,,DISCOVERY,2023,0.954198,0.0134228,0.0385906,0.0915198,0.0862582,0.436112,0.028733,0.852601,0.245923,1.34802,0.950062,-0.00759863,0.0718076,0.064209,0.5,2,0.00794884,-0.00616122,0.0100349,-0.269622,4.44177,6.94147e+07,-0.0147556,MARKET_UP,False,False,False,Disc=0.95 10D超額=+6.4% 產業超額=+7.2% outperf10=50% RSaccel=+0.0100 觸發=indep regime=MARKET_UP
2031,新光鋼,鋼鐵工業,2023-04-27,2023-04-28,49.8744,56.9687,0.25,47.4,54.1423,0.0496121,0.640656,False,,,,,,0,,,,,,False,0.25,2023-05-02,47.2815,54.007,F1_PROBE_LOW,FAILED_PROBE,2,0.25,-0.0140928,-0.0140928,-0.0563712,-0.0519881,0.00452387,-0.0255517,0.00452387,-0.0255517,,,,,0.25,0,,DISCOVERY,2023,0.968379,0.00312826,0.0354536,0.0459788,0.0452632,0.124575,0.0428715,0.68101,0.573052,1.06911,2.71433,-0.0277482,0.146244,0.118495,0.5,2,0.00525855,-0.00593131,-0.0192678,-0.249986,4.27517,2.74403e+08,0.00239746,MARKET_DOWN,False,False,False,Disc=0.97 10D超額=+11.8% 產業超額=+14.6% outperf10=50% RSaccel=-0.0193 觸發=indep regime=MARKET_DOWN
2031,新光鋼,鋼鐵工業,2023-05-23,2023-05-24,49.1225,56.1098,0.25,45.7,52.2005,0.0696728,0.672474,False,,,,,,0,,,,,,False,0.25,2023-05-31,47.8301,54.6336,F2_STRUCTURE,FAILED_PROBE,6,0.25,-0.0076875,-0.0076875,-0.03075,-0.0263092,0.0280422,-0.0401547,0.0280422,-0.0401547,,,,,1.25,0,,DISCOVERY,2023,0.95574,0.0095339,0.0487288,0.0511786,-0.00602407,0.0867179,0.0345599,0.659019,0.497373,2.15956,1.57243,-0.02524,0.102116,0.0768765,0.4,2,-0.00305911,-0.000806762,0.015207,-0.0764925,3.21503,2.09991e+08,0.000441261,MARKET_UP,False,False,False,Disc=0.96 10D超額=+7.7% 產業超額=+10.2% outperf10=40% RSaccel=+0.0152 觸發=indep regime=MARKET_UP
2034,允強,鋼鐵工業,2025-02-24,2025-02-25,26.7166,33.0279,0.25,25,30.9057,0.064253,0.742718,False,,,,,,0,,,,,,False,0.25,2025-03-05,26.6333,32.9248,F2_STRUCTURE,FAILED_PROBE,6,0.25,-0.00190342,-0.00190342,-0.00761369,-0.00312071,0.083595,-0.0399236,0.083595,-0.0399236,,,,,1.25,0,,STRICT_OOS,2025,0.987517,-0.00195312,0.0449219,0.189814,0.38961,0.344221,0.0526035,0.403249,0.634623,1.52733,2.6058,0.0553071,0.196,0.251307,0.6,2,0.0224975,-0.0209269,-0.0229883,-0.0514184,5.43655,2.24632e+08,-0.00695062,MARKET_SIDEWAYS,False,False,False,Disc=0.99 10D超額=+25.1% 產業超額=+19.6% outperf10=60% RSaccel=-0.0230 觸發=indep regime=MARKET_SIDEWAYS
2049,上銀,電機機械,2024-12-05,2024-12-06,247.116,273.641,0.25,231.5,256.349,0.0631939,0.697306,True,2024-12-11,252.5,279.603,persist,3,1,2024-12-12,255.637,283.077,,,True,1,2025-01-10,281.295,311.489,MFE_PROTECTION,EXIT,25,1,0.105105,0.105105,0.105105,0.13831,0.365754,-0.0267738,0.044043,-0.0267738,0.0344828,0.100367,0.320229,-0.0435675,21,0,,DISCOVERY,2024,0.955026,0,0.0467091,0.0461538,-0.0276134,0.229426,0.0331788,0.823653,0.379307,1.85773,0.824207,-0.0146727,0.0548331,0.0401604,0.5,3,-0.00813197,0.00791029,0.00311795,-0.14864,3.60699,5.61947e+08,0.000542241,MARKET_SIDEWAYS,False,False,False,Disc=0.96 10D超額=+4.0% 產業超額=+5.5% outperf10=50% RSaccel=+0.0031 觸發=indep regime=MARKET_SIDEWAYS
2059,川湖,電子零組件業,2024-11-11,2024-11-12,1423.55,1533.95,0.25,1330,1433.14,0.065716,0.946105,False,,,,,,0,,,,,,False,0.25,2024-11-15,1326.67,1429.56,F1_PROBE_LOW,FAILED_PROBE,4,0.25,-0.0180997,-0.0180997,-0.0723986,-0.0680517,0.015068,-0.0481543,0.015068,-0.0481543,,,,,0.75,0,,DISCOVERY,2024,0.972868,0.0142349,0.0213523,0.169519,0.334884,0.325429,0.0433051,1.17844,0.523643,0.810259,1.63221,-0.0514186,0.187085,0.135666,0.7,1,0.00737965,0.0075673,0.0092761,-0.0304054,4.42529,1.87206e+09,-0.00102955,MARKET_SIDEWAYS,False,False,False,Disc=0.97 10D超額=+13.6% 產業超額=+18.7% outperf10=70% RSaccel=+0.0093 觸發=indep regime=MARKET_SIDEWAYS
2059,川湖,電子零組件業,2025-02-12,2025-02-13,1664.15,1793.21,0.25,1555,1675.59,0.065589,0.866499,True,2025-02-17,1755,1891.1,persist,2,1,2025-02-18,1784.45,1922.84,,,True,1,2025-03-11,1825.43,1966.99,MFE_PROTECTION,EXIT,18,1,0.0368563,0.0368563,0.0368563,0.0969113,0.252892,-0.0175164,0.0545924,-0.0175164,0.0722892,0.0229623,0.168427,-0.0137017,14.75,0,,STRICT_OOS,2025,0.95977,0.00925926,0.0216049,0.124321,0.110738,0.177936,0.0442382,1.24729,0.631473,1.34651,1.40749,0.0308659,0.10171,0.132576,0.8,1,-0.0109099,0.00862036,0.031211,-0.00600601,4.50732,1.5208e+09,-0.00403266,MARKET_SIDEWAYS,False,False,False,Disc=0.96 10D超額=+13.3% 產業超額=+10.2% outperf10=80% RSaccel=+0.0312 觸發=indep regime=MARKET_SIDEWAYS
2059,川湖,電子零組件業,2026-08-24,2026-08-25,14516.2,15815.2,0.25,13310,14501,0.0830934,0.78046,False,,,,,,0,,,,,,False,0.25,2026-08-31,14214.4,15541,F3_RS_FAILURE,FAILED_PROBE,5,0.25,-0.00544985,-0.00544985,-0.0217994,-0.0173384,0.0241837,-0.0455491,0.0241837,-0.0455491,,,,,1,0,,STRICT_OOS,2026,0.979087,0.0197983,0.0765783,0.290467,0.74139,2.06596,0.0581689,1.1192,0.93267,0.927222,1.61327,0.0146665,0.199454,0.21412,0.6,2,0.0206018,0.017257,-0.0377503,-0.0447464,4.13975,6.80669e+09,-0.0102151,MARKET_SIDEWAYS,False,False,True,Disc=0.98 10D超額=+21.4% 產業超額=+19.9% outperf10=60% RSaccel=-0.0378 觸發=indep regime=MARKET_SIDEWAYS
2062,橋椿,居家生活,2024-08-21,2024-08-22,39.2479,45.034,0.25,36.95,42.3974,0.0585478,0.75957,False,,,,,,0,,,,,,False,0.25,2024-08-23,36.8576,42.2914,F1_PROBE_LOW,FAILED_PROBE,2,0.25,-0.0163161,-0.0163161,-0.0652644,-0.0609014,0.0650258,-0.0394384,0.0650258,-0.0394384,,,,,0.25,0,,DISCOVERY,2024,0.965269,-0.00522193,0.0195822,0.167501,0.443623,0.344645,0.0710627,0.819881,1.01061,1.07375,2.44756,0.0447824,0.0662793,0.111062,0.6,2,0.013972,-2.49579e-05,0.00543633,-0.0381774,3.92793,4.05001e+08,-0.00852509,MARKET_SIDEWAYS,False,False,False,Disc=0.97 10D超額=+11.1% 產業超額=+6.6% outperf10=60% RSaccel=+0.0054 觸發=indep regime=MARKET_SIDEWAYS
2072,世紀風電,鋼鐵工業,2023-10-17,2023-10-18,200.129,228.926,0.25,188,215.052,0.0606063,0.883114,True,2023-10-30,257.5,288.513,persist,8,0,,,,,,False,0.25,2023-12-01,226.103,316.669,TREND_FAILURE_MA20x2,EXIT,33,0.25,0.0944792,0.0944792,0.377917,0.383279,0.575361,-0.00314335,0.26763,-0.00314335,,,,,8,1,,DISCOVERY,2023,0.970679,-0.00721649,0.0386598,0.0718085,0.107143,0.148148,0.0203828,0.790515,0.217041,2.72371,1.74079,-0.0465714,0.106451,0.0598799,0.5,2,0.00272871,-0.00560394,0.0198394,-0.00247525,4.50435,5.24285e+07,-0.000581904,MARKET_SIDEWAYS,False,False,False,Disc=0.97 10D超額=+6.0% 產業超額=+10.6% outperf10=50% RSaccel=+0.0198 觸發=indep regime=MARKET_SIDEWAYS
2072,世紀風電,鋼鐵工業,2024-02-27,2024-02-29,427.306,598.462,0.25,395.5,553.917,0.074433,0.913052,True,2024-03-04,483.5,677.165,persist,2,1,2024-03-05,483.135,676.654,,,True,1,2024-03-07,420.945,589.554,HARD_STOP,EXIT,6,1,-0.104537,-0.104537,-0.104537,-0.0148854,0.181824,-0.0124164,0.181824,-0.0124164,0.130654,-0.128722,0.032838,-0.161725,2.75,0,,DISCOVERY,2024,0.964935,-0.00578947,0.027512,0.173417,0.488735,0.800839,0.0438217,0.519467,0.503916,0.731776,0.753482,-0.0220258,0.222962,0.200936,0.7,2,0.0110913,-0.00140316,0.00659999,-0.00922722,4.75522,3.30845e+08,-0.00494193,MARKET_UP,False,False,False,Disc=0.96 10D超額=+20.1% 產業超額=+22.3% outperf10=70% RSaccel=+0.0066 觸發=indep regime=MARKET_UP
2072,世紀風電,鋼鐵工業,2024-06-17,2024-06-18,473.08,662.571,0.25,444,621.844,0.061469,0.911726,False,,,,,,0,,,,,,False,0.25,2024-06-18,442.89,620.289,F1_PROBE_LOW,FAILED_PROBE,1,0.25,-0.0170429,-0.0170429,-0.0681718,-0.0638154,0,0,,,,,,,0,0,,DISCOVERY,2024,0.981153,0.0159657,0.0300429,0.12643,0.179361,0.188119,0.0353423,0.781733,0.444121,1.4617,1.7527,-0.0430969,0.186678,0.143581,0.6,3,0.0160114,-0.00429519,0.00544458,-0.049505,5.21684,2.01166e+08,-0.000363924,MARKET_UP,False,False,False,Disc=0.98 10D超額=+14.4% 產業超額=+18.7% outperf10=60% RSaccel=+0.0054 觸發=indep regime=MARKET_UP
2072,世紀風電,鋼鐵工業,2025-04-18,2025-04-21,250.354,415.216,0.25,232.5,385.604,0.0713163,,False,,,,,,0,,,,,,False,0.25,2025-04-22,231.919,384.64,F1_PROBE_LOW,FAILED_PROBE,2,0.25,-0.0194931,-0.0194931,-0.0779723,-0.073638,0.00857055,-0.0653247,0.00857055,-0.0653247,,,,,0.25,0,,STRICT_OOS,2025,0.968407,-0.00981595,0.0327198,0.0236284,-0.0273473,0.015574,0.130645,0.482088,0.713671,0.543864,1.11341,-0.0216091,0.112494,0.0908847,,1,0.00123061,0.00231388,0.0253576,-0.381577,5.10842,6.53432e+07,0.00291126,MARKET_SIDEWAYS,False,False,False,Disc=0.97 10D超額=+9.1% 產業超額=+11.2% outperf10=nan% RSaccel=+0.0254 觸發=indep regime=MARKET_SIDEWAYS
2072,世紀風電,鋼鐵工業,2025-06-30,2025-07-01,361.722,599.921,0.25,338.5,561.407,0.0641986,0.895652,False,,,,,,0,,,,,,False,0.25,2025-07-04,337.654,560.003,F1_PROBE_LOW,FAILED_PROBE,4,0.25,-0.0177221,-0.0177221,-0.0708884,-0.0665381,0.0256494,-0.0241126,0.0256494,-0.0241126,,,,,0.75,0,,STRICT_OOS,2025,0.965046,-0.0140533,0.0224404,0.0969004,0.267826,0.443089,0.0383108,0.569206,0.512911,2.26735,1.39774,-0.0231201,0.116647,0.0935265,0.6,1,0.00870944,-0.000737602,0.0147239,-0.104488,4.11765,9.64066e+07,-0.0143516,MARKET_UP,False,False,False,Disc=0.97 10D超額=+9.4% 產業超額=+11.7% outperf10=60% RSaccel=+0.0147 觸發=indep regime=MARKET_UP
2072,世紀風電,鋼鐵工業,2026-07-27,2026-07-28,150.876,342.402,0.25,141.5,321.123,0.0621453,0.726468,True,2026-08-04,163.5,371.05,persist,5,1,2026-08-05,167.418,379.941,,,True,1,2026-08-06,150.124,340.694,HARD_STOP,EXIT,8,1,-0.0830427,-0.0830427,-0.0830427,-0.00498758,0.106867,-0.0256916,0.0836696,-0.0256916,0.109635,-0.103297,-0.00249377,-0.104036,2.5,0,,STRICT_OOS,2026,0.96624,0.034965,0.0664336,0.0464917,-0.0729483,-0.157459,0.0384075,0.446743,0.473382,2.03379,0.71866,0.0360709,0.0577743,0.0938453,0.5,1,0.0192837,-0.0259034,0.0159459,-0.376165,2.81707,7.48387e+07,-0.000473029,MARKET_SIDEWAYS,False,False,False,Disc=0.97 10D超額=+9.4% 產業超額=+5.8% outperf10=50% RSaccel=+0.0159 觸發=indep regime=MARKET_SIDEWAYS
2101,南港,橡膠工業,2023-12-28,2023-12-29,43.0072,43.0072,0.25,39.5,39.5,0.0815502,0.95187,True,2024-01-04,44.85,44.85,persist,3,1,2024-01-05,45.1125,45.1125,,,True,1,2024-01-16,41.8451,41.8451,HARD_STOP,EXIT,12,1,-0.0654384,-0.0654384,-0.0654384,-0.0270215,0.0754001,-0.0280708,0.0509856,-0.0280708,0.0489511,-0.0724272,0.0252147,-0.0745359,8,0,,DISCOVERY,2023,0.966398,0.00240096,0.0240096,0.0797468,0.0978121,0.116492,0.014068,0.556409,0.161449,2.76498,2.11252,0,0.0776164,0.0776164,0.7,1,0.00872467,-0.00398308,0.0135921,-0.00350467,6.58333,9.63038e+07,0.00105469,MARKET_UP,False,False,False,Disc=0.97 10D超額=+7.8% 產業超額=+7.8% outperf10=70% RSaccel=+0.0136 觸發=indep regime=MARKET_UP
2102,泰豐,橡膠工業,2024-10-08,2024-10-09,23.0575,23.0747,0.25,21.7,21.7161,0.0588745,0.762732,False,,,,,,0,,,,,,False,0.25,2024-10-11,22.2941,22.3107,F3_RS_FAILURE,FAILED_PROBE,2,0.25,-0.00938324,-0.00938324,-0.037533,-0.0331074,0,-0.0393581,0,-0.0393581,,,,,0.25,0,,DISCOVERY,2024,0.953459,-0.00665188,0.0177384,0.0467503,0.0479452,0.0876777,0.0213196,0.757509,0.200664,0.870217,1.85306,-0.0117678,0.0489752,0.0372074,0.4,2,0.0151982,0.000743304,0.0078923,-0.0783133,2.75912,3.15386e+07,-0.00401585,MARKET_UP,False,False,False,Disc=0.95 10D超額=+3.7% 產業超額=+4.9% outperf10=40% RSaccel=+0.0079 觸發=indep regime=MARKET_UP
2103,台橡,橡膠工業,2024-10-08,2024-10-09,25.6139,30.2399,0.25,23.6,27.8623,0.0786243,0.896391,False,,,,,,0,,,,,,False,0.25,2024-10-11,24.1894,28.5581,F3_RS_FAILURE,FAILED_PROBE,2,0.25,-0.0149973,-0.0149973,-0.0599893,-0.0556144,0,-0.0493434,0,-0.0493434,,,,,0.25,0,,DISCOVERY,2024,0.973585,0.0020202,0.0242424,0.099187,0.154898,0.0903226,0.0163426,0.675682,0.176406,5.60958,2.79861,-0.00167925,0.0786856,0.0770063,0.5,2,0.0163476,-0.00791773,0.0095474,-0.00588235,6.15517,4.64334e+07,-0.00401585,MARKET_UP,False,False,False,Disc=0.97 10D超額=+7.7% 產業超額=+7.9% outperf10=50% RSaccel=+0.0095 觸發=indep regime=MARKET_UP
2105,正新,橡膠工業,2025-04-21,2025-04-22,51.1275,58.5681,0.25,48.6,55.6728,0.0494352,0.866258,False,,,,,,0,,,,,,False,0.25,2025-04-28,49.6256,56.8477,F2_STRUCTURE,FAILED_PROBE,5,0.25,-0.00845225,-0.00845225,-0.033809,-0.0293751,0.0170652,-0.0376999,0.0170652,-0.0376999,,,,,1,0,,STRICT_OOS,2025,0.957359,-0.00404858,0.0526316,0.0591171,0.0337972,0.0431294,0.0471154,0.581774,0.574153,0.8457,0.67387,0,0.148162,0.148162,0.5,1,0.0282264,-0.0122829,0.0129417,-0.133098,4.28571,3.97295e+08,-0.014892,MARKET_SIDEWAYS,False,False,False,Disc=0.96 10D超額=+14.8% 產業超額=+14.8% outperf10=50% RSaccel=+0.0129 觸發=indep regime=MARKET_SIDEWAYS
2201,裕隆,汽車工業,2023-01-04,2023-01-05,65.9645,70.2314,0.25,61.3,65.2651,0.0707123,0.76515,True,2023-01-30,78.1,83.1518,persist,9,1,2023-01-31,78.7965,83.8934,,,True,1,2023-03-06,78.8025,83.8998,TREND_FAILURE_MA20x2,EXIT,33,1,0.0441025,0.0441025,0.0441025,0.19462,0.287056,-0.0222013,0.18397,-0.0222013,0.194529,7.61488e-05,0.077459,-0.0380283,24.5,0,,DISCOVERY,2023,0.972174,0,0.039557,0.0436855,0.0123267,0.610294,0.0357686,0.733221,0.431612,1.08371,0.63482,0.0133306,0.0546483,0.0679789,0.8,2,0.0113841,0.000792169,0.014478,-0.0746479,3.23404,1.68099e+09,-0.00175687,MARKET_SIDEWAYS,False,False,False,Disc=0.97 10D超額=+6.8% 產業超額=+5.5% outperf10=80% RSaccel=+0.0145 觸發=indep regime=MARKET_SIDEWAYS
2201,裕隆,汽車工業,2024-05-08,2024-05-09,75.6888,82.9594,0.25,71.6,78.4779,0.0540206,0.809208,False,,,,,,0,,,,,,False,0.25,2024-05-10,71.421,78.2817,F1_PROBE_LOW,FAILED_PROBE,2,0.25,-0.0151897,-0.0151897,-0.0607587,-0.0563856,0.00939704,-0.0143846,0.00939704,-0.0143846,,,,,0.25,0,,DISCOVERY,2024,0.958188,-0.00406504,0.0338753,0.095792,0.104197,0.0962644,0.0305186,0.712024,0.315076,2.3907,2.06427,0.0184288,0.0557543,0.0741831,0.5,1,0.00876897,-0.0111947,0.00593351,-0.168799,3.90798,5.08062e+08,0.00227467,MARKET_SIDEWAYS,False,False,False,Disc=0.96 10D超額=+7.4% 產業超額=+5.6% outperf10=50% RSaccel=+0.0059 觸發=indep regime=MARKET_SIDEWAYS
2201,裕隆,汽車工業,2024-09-27,2024-09-30,60.2503,67.7628,0.25,57.1,64.2197,0.0522861,0.84362,False,,,,,,0,,,,,,False,0.25,2024-10-09,59.052,66.4151,F4_TIME_5D,FAILED_PROBE,6,0.25,-0.00608579,-0.00608579,-0.0243431,-0.0198879,0.00912444,-0.0257302,0.00912444,-0.0257302,,,,,1.25,0,,DISCOVERY,2024,0.964646,0.0155172,0.0362069,0.106712,0.110906,-0.0584767,0.0306632,0.835442,0.419561,1.7362,1.50763,-0.00874428,0.121722,0.112978,0.6,1,0.00219211,-0.00749438,0.0003617,-0.327483,4.77519,2.12758e+08,-0.00157576,MARKET_SIDEWAYS,False,False,False,Disc=0.96 10D超額=+11.3% 產業超額=+12.2% outperf10=60% RSaccel=+0.0004 觸發=indep regime=MARKET_SIDEWAYS
2204,中華,汽車工業,2023-01-17,2023-01-30,58.546,71.6016,0.25,53.2,65.0635,0.0913128,0.783902,False,,,,,,0,,,,,,False,0.25,2023-02-07,58.254,71.2445,F4_TIME_5D,FAILED_PROBE,7,0.25,-0.00236908,-0.00236908,-0.0094763,-0.00498752,0.0419158,-0.0264066,0.0419158,-0.0264066,,,,,1.5,0,,DISCOVERY,2023,0.974237,0,0.0422018,0.0853158,0.11811,0.378641,0.0270372,0.669237,0.301741,2.45221,0.883697,-0.044001,0.110083,0.066082,0.5,2,0.0036428,-0.00614595,0.00561475,-0.032187,3.97209,8.47322e+07,0.000396597,MARKET_SIDEWAYS,False,False,False,Disc=0.97 10D超額=+6.6% 產業超額=+11.0% outperf10=50% RSaccel=+0.0056 觸發=indep regime=MARKET_SIDEWAYS
2204,中華,汽車工業,2023-04-26,2023-04-27,78.0948,95.5097,0.25,75,91.7249,0.0396281,0.919649,False,,,,,,0,,,,,,False,0.25,2023-05-05,78.8025,96.3753,F4_TIME_5D,FAILED_PROBE,6,0.25,0.00113558,0.00113558,0.00454232,0.00906271,0.0346406,-0.0165792,0.0346406,-0.0165792,,,,,1.25,0,,DISCOVERY,2023,0.994751,0.00131406,0.0315374,0.151195,0.21517,0.470037,0.0363967,0.695859,0.37518,2.63966,2.70696,-0.0032727,0.25726,0.253987,0.9,3,0.00723618,-0.00717181,-0.000793688,-0.0125786,5.215,5.74403e+08,0.000253729,MARKET_DOWN,False,False,False,Disc=0.99 10D超額=+25.4% 產業超額=+25.7% outperf10=90% RSaccel=-0.0008 觸發=indep regime=MARKET_DOWN
2204,中華,汽車工業,2023-05-31,2023-06-01,96.0395,117.456,0.25,91,111.293,0.0524732,0.783269,False,,,,,,0,,,,,,False,0.25,2023-06-09,95.76,117.114,F2_STRUCTURE,FAILED_PROBE,7,0.25,-0.00185093,-0.00185093,-0.00740371,-0.00291026,0.0724754,-0.0170711,0.0724754,-0.0170711,,,,,1.5,0,,DISCOVERY,2023,0.966988,0.0032538,0.0390456,0.133795,0.234536,0.704626,0.0457799,0.932037,0.424089,0.960279,1.50956,-0.00162395,0.131727,0.130103,0.7,2,-0.000139122,0.00795431,-0.00666933,-0.0214505,3.76221,6.33808e+08,-0.00263374,MARKET_UP,False,False,False,Disc=0.97 10D超額=+13.0% 產業超額=+13.2% outperf10=70% RSaccel=-0.0067 觸發=indep regime=MARKET_UP
2204,中華,汽車工業,2024-11-25,2024-11-26,86.7163,116.198,0.25,82,109.879,0.0543872,0.923897,False,,,,,,0,,,,,,False,0.25,2024-12-03,84.7875,113.614,F4_TIME_5D,FAILED_PROBE,6,0.25,-0.00667301,-0.00667301,-0.026692,-0.0222421,0.0528592,-0.0497744,0.0528592,-0.0497744,,,,,1.25,0,,DISCOVERY,2024,0.984416,0.0200236,0.0235571,0.17274,0.274194,0.0558931,0.0422489,0.736284,0.548173,1.70425,2.69063,0.0361743,0.205616,0.241791,0.6,2,0.00515524,-0.0110321,0.0263051,-0.39643,5.06615,7.30104e+08,0.00192322,MARKET_SIDEWAYS,False,False,False,Disc=0.98 10D超額=+24.2% 產業超額=+20.6% outperf10=60% RSaccel=+0.0263 觸發=indep regime=MARKET_SIDEWAYS
2204,中華,汽車工業,2025-01-13,2025-01-14,81.9042,109.75,0.25,78.1,104.653,0.0464475,0.850858,False,,,,,,0,,,,,,False,0.25,2025-01-16,80.3985,107.733,F2_STRUCTURE,FAILED_PROBE,3,0.25,-0.00571072,-0.00571072,-0.0228429,-0.0183843,0.00238999,-0.0281335,0.00238999,-0.0281335,,,,,0.5,0,,STRICT_OOS,2025,0.956522,0,0.0024661,0.0342196,0.0317259,0.15812,0.0275874,0.777752,0.277732,1.25186,1.06302,-0.0496104,0.117789,0.0681783,0.7,2,0.00243429,-0.0172248,0.00870337,-0.435325,3.07643,2.57828e+08,-0.0227504,MARKET_SIDEWAYS,False,False,False,Disc=0.96 10D超額=+6.8% 產業超額=+11.8% outperf10=70% RSaccel=+0.0087 觸發=indep regime=MARKET_SIDEWAYS
2204,中華,汽車工業,2025-04-22,2025-04-23,67.2677,90.1376,0.25,64.1,85.8928,0.0470917,0.750858,False,,,,,,0,,,,,,False,0.25,2025-05-15,72.9173,97.7078,F3_RS_FAILURE,FAILED_PROBE,16,0.25,0.0198241,0.0198241,0.0792963,0.0839853,0.106028,-0.0173597,0.106028,-0.0173597,,,,,3.75,0,,STRICT_OOS,2025,0.959666,-0.010687,0.0198473,-0.0258841,-0.14578,-0.174289,0.0567793,0.929992,0.805434,0.492222,0.753111,0.0128315,0.0677877,0.0806192,0.6,2,0.00455368,0.00134293,0.00877006,-0.536036,3.29567,1.59088e+08,-0.0163701,MARKET_SIDEWAYS,False,False,False,Disc=0.96 10D超額=+8.1% 產業超額=+6.8% outperf10=60% RSaccel=+0.0088 觸發=indep regime=MARKET_SIDEWAYS
2206,三陽工業,汽車工業,2023-05-15,2023-05-16,61.5535,66.8581,0.25,57,61.9122,0.0739763,0.882279,True,2023-05-18,68.6,74.5119,persist,2,1,2023-05-19,69.6737,75.6782,,,True,1,2023-06-29,86.2837,93.7196,TREND_FAILURE_MA20x2,EXIT,31,1,0.274111,0.274111,0.274111,0.401768,0.613231,-0.0236136,0.114478,-0.0236136,0.131922,0.238397,0.425214,-0.00967007,27.75,0,,DISCOVERY,2023,0.976253,0,0.0302521,0.0877473,0.176583,0.726761,0.0455605,0.665412,0.428742,0.903522,0.867244,-0.0327835,0.160126,0.127342,0.6,2,-0.00654771,0.00215847,0.00643951,-0.00162866,2.43478,1.4801e+09,-0.00176167,MARKET_DOWN,False,False,False,Disc=0.98 10D超額=+12.7% 產業超額=+16.0% outperf10=60% RSaccel=+0.0064 觸發=indep regime=MARKET_DOWN
2206,三陽工業,汽車工業,2024-01-03,2024-01-04,75.6887,84.1768,0.25,71,78.9622,0.0619477,0.873989,False,,,,,,0,,,,,,False,0.25,2024-01-08,72.5183,80.6507,F3_RS_FAILURE,FAILED_PROBE,3,0.25,-0.0115736,-0.0115736,-0.0462944,-0.0418887,0.0133606,-0.0474146,0.0133606,-0.0474146,,,,,0.5,0,,DISCOVERY,2024,0.968493,0.00546448,0.0218579,0.0385283,0.0317241,0.0135501,0.0151833,0.915771,0.179382,4.33879,1.51908,-0.00279475,0.067787,0.0649922,0.7,2,0.00268798,-0.00571423,0.0201292,-0.228721,4.84277,2.28174e+08,-0.0164923,MARKET_SIDEWAYS,False,False,False,Disc=0.97 10D超額=+6.5% 產業超額=+6.8% outperf10=70% RSaccel=+0.0201 觸發=indep regime=MARKET_SIDEWAYS
2206,三陽工業,汽車工業,2026-07-29,2026-07-30,64.0597,81.6738,0.25,61.4,78.2827,0.0415198,0.96938,False,,,,,,0,,,,,,False,0.25,2026-08-03,64.638,82.411,F3_RS_FAILURE,FAILED_PROBE,3,0.25,0.0011266,0.0011266,0.00450642,0.00902673,0.0412154,-0.0149821,0.0412154,-0.0149821,,,,,0.5,0,,STRICT_OOS,2026,0.991841,0,0.0159744,0.0436456,0.093239,0.178076,0.0194648,0.326563,0.215191,1.41201,0.878181,-0.013073,0.180964,0.167891,0.8,3,0.0280656,-0.0213175,0.030289,-0.00303132,3.47345,1.00783e+08,-0.0375974,MARKET_DOWN,False,False,False,Disc=0.99 10D超額=+16.8% 產業超額=+18.1% outperf10=80% RSaccel=+0.0303 觸發=indep regime=MARKET_DOWN
2207,和泰車,汽車工業,2024-07-26,2024-07-29,651.625,731.632,0.25,621,697.247,0.0469979,0.846493,False,,,,,,0,,,,,,False,0.25,2024-08-05,619.447,695.504,F1_PROBE_LOW,FAILED_PROBE,6,0.25,-0.0134423,-0.0134423,-0.0537693,-0.0493804,0.0220602,-0.0193746,0.0220602,-0.0193746,,,,,1.25,0,,DISCOVERY,2024,0.976891,0.00776398,0.00621118,0.0368829,0.0502431,0.0754071,0.018739,0.469193,0.241018,1.34248,1.17231,0.029579,0.0959088,0.125488,0.6,2,0.0155191,-0.00778913,0.0124286,-0.130705,2.71765,1.84818e+08,-0.0329064,MARKET_SIDEWAYS,False,False,False,Disc=0.98 10D超額=+12.5% 產業超額=+9.6% outperf10=60% RSaccel=+0.0124 觸發=indep regime=MARKET_SIDEWAYS
2207,和泰車,汽車工業,2025-11-21,2025-11-24,617.54,717.949,0.25,590,685.931,0.0445963,0.86377,False,,,,,,0,,,,,,False,0.25,2025-11-27,594.51,691.175,F3_RS_FAILURE,FAILED_PROBE,4,0.25,-0.0104273,-0.0104273,-0.0417092,-0.0372931,0.0250348,-0.0397383,0.0250348,-0.0397383,,,,,0.75,0,,STRICT_OOS,2025,0.984485,0,0.0230643,0.0626283,0.0670103,0.0856643,0.0197838,0.484136,0.201871,1.9098,1.51276,0.030135,0.0790382,0.109173,0.5,2,0.0194807,-0.0119022,0.00797459,-0.0182881,4.15116,1.51373e+08,-0.0361484,MARKET_SIDEWAYS,False,False,False,Disc=0.98 10D超額=+10.9% 產業超額=+7.9% outperf10=50% RSaccel=+0.0080 觸發=indep regime=MARKET_SIDEWAYS
2207,和泰車,汽車工業,2026-07-29,2026-07-30,524.307,635.524,0.25,493,597.575,0.0597121,0.958767,False,,,,,,0,,,,,,False,0.25,2026-08-04,505.732,613.009,F3_RS_FAILURE,FAILED_PROBE,4,0.25,-0.00996199,-0.00996199,-0.039848,-0.0354277,0.0928701,-0.0120302,0.0928701,-0.0120302,,,,,0.75,0,,STRICT_OOS,2026,0.993007,0.01,0.038,0.070379,0.11493,0.143993,0.021401,0.49775,0.202192,2.9904,1.34232,-0.0151775,0.218983,0.203806,0.7,2,0.0250187,-0.0160356,0.0292753,-0.145168,3.60129,2.10662e+08,-0.0375974,MARKET_DOWN,False,False,False,Disc=0.99 10D超額=+20.4% 產業超額=+21.9% outperf10=70% RSaccel=+0.0293 觸發=indep regime=MARKET_DOWN
2211,長榮鋼,鋼鐵工業,2023-08-04,2023-08-07,66.0647,78.235,0.25,60.4,71.5267,0.0857454,0.910941,False,,,,,,0,,,,,,False,0.25,2023-08-15,64.8375,76.7816,F2_STRUCTURE,FAILED_PROBE,7,0.25,-0.00575867,-0.00575867,-0.0230347,-0.0185765,0.0474572,-0.0327671,0.0474572,-0.0327671,,,,,1.5,0,,DISCOVERY,2023,0.976744,0,0.0202808,0.10219,0.0864069,0.172601,0.028226,0.329215,0.351606,0.757605,0.614525,0.0834755,0.0846226,0.168098,0.7,2,0.0177897,-0.0138742,0.0256761,-0.00304878,5.25466,2.96323e+08,-0.00296264,MARKET_SIDEWAYS,False,False,False,Disc=0.98 10D超額=+16.8% 產業超額=+8.5% outperf10=70% RSaccel=+0.0257 觸發=indep regime=MARKET_SIDEWAYS
2211,長榮鋼,鋼鐵工業,2023-12-06,2023-12-07,91.1273,107.914,0.25,83.7,99.1189,0.0815042,0.974716,True,2023-12-15,99,117.237,persist,6,1,2023-12-18,100.15,118.599,,,True,1,2024-01-18,102.743,121.669,TREND_FAILURE_MA20x2,EXIT,30,1,0.0466666,0.0466666,0.0466666,0.127462,0.179669,-0.0452911,0.146748,-0.0452911,0.0990099,0.0258887,0.0733926,-0.0334474,23.75,0,,DISCOVERY,2023,0.956117,0.00113895,0.0307517,0.157215,0.253463,0.296562,0.021547,0.33508,0.207715,2.40318,1.84414,0.035015,0.156001,0.191016,0.9,3,0.0134321,-0.00590268,0.0192329,-0.00220507,7.58974,1.2262e+08,0.0018877,MARKET_UP,False,False,False,Disc=0.96 10D超額=+19.1% 產業超額=+15.6% outperf10=90% RSaccel=+0.0192 觸發=indep regime=MARKET_UP
2211,長榮鋼,鋼鐵工業,2025-10-13,2025-10-14,107.769,142.501,0.25,97.4,128.791,0.096213,0.88146,True,2025-10-17,112,148.096,persist,3,1,2025-10-20,112.781,149.129,,,True,1,2025-10-27,107.73,142.45,HARD_STOP,EXIT,9,1,-0.038105,-0.038105,-0.038105,-0.00035948,0.0578206,-0.0256916,0.0578206,-0.0256916,0.0465116,-0.0447879,0.0108063,-0.042394,5,0,,STRICT_OOS,2025,0.957105,0.00306435,0.0623085,0.0838979,0.114684,0.350649,0.0212225,0.63694,0.280777,3.19442,1.29781,-0.016598,0.0676964,0.0510985,0.5,1,0.0172213,-0.00597557,0.0115503,-0.0731946,5.02913,1.05918e+08,-0.0138635,MARKET_UP,False,False,False,Disc=0.96 10D超額=+5.1% 產業超額=+6.8% outperf10=50% RSaccel=+0.0116 觸發=indep regime=MARKET_UP
2228,劍麟,汽車工業,2024-09-09,2024-09-10,123.809,141.616,0.25,112,128.109,0.095379,0.96257,False,,,,,,0,,,,,,False,0.25,2024-09-11,118.703,135.776,F3_RS_FAILURE,FAILED_PROBE,2,0.25,-0.0114126,-0.0114126,-0.0456502,-0.041243,0.00962169,-0.071148,0.00962169,-0.071148,,,,,0.25,0,,DISCOVERY,2024,0.990979,-0.0254237,0.0169492,0.177452,0.297297,0.113498,0.0383929,0.71537,0.431127,2.6735,2.5504,0.0512786,0.210109,0.261387,0.9,4,0.0104363,-0.0131165,0.00988205,-0.0283765,5.16589,1.15627e+08,-0.0135641,MARKET_SIDEWAYS,False,False,False,Disc=0.99 10D超額=+26.1% 產業超額=+21.0% outperf10=90% RSaccel=+0.0099 觸發=indep regime=MARKET_SIDEWAYS
2230,泰茂,電機機械,2023-10-23,2023-10-24,113.282,129.648,0.25,105,120.169,0.0731136,0.837655,True,2023-10-26,118,135.047,persist,2,1,2023-10-27,119.799,137.106,,,True,1,2024-01-09,166.583,190.648,TREND_FAILURE_MA20x2,EXIT,55,1,0.405092,0.405092,0.405092,0.470505,0.575707,-0.0201487,0.0901949,-0.0201487,0.0575221,0.39052,0.489999,-0.0191884,51.75,0,,DISCOVERY,2023,0.96423,-0.00465116,0.0511628,0.113081,0.228261,0.238839,0.0462705,0.98217,0.530418,1.81108,1.45677,-0.0558852,0.15471,0.0988252,0.6,1,0.0011942,0.00754792,0.00663806,-0.0996016,3.04098,7.1672e+07,-0.0115177,MARKET_SIDEWAYS,False,False,False,Disc=0.96 10D超額=+9.9% 產業超額=+15.5% outperf10=60% RSaccel=+0.0066 觸發=indep regime=MARKET_SIDEWAYS
2230,泰茂,電機機械,2025-05-29,2025-06-02,119.297,137.301,0.25,115,132.355,0.0360234,0.71834,False,,,,,,0,,,,,,False,0.25,2025-06-06,117.705,135.469,F2_STRUCTURE,FAILED_PROBE,5,0.25,-0.00445474,-0.00445474,-0.0178189,-0.013349,0.0100798,-0.0318322,0.0100798,-0.0318322,,,,,1,0,,STRICT_OOS,2025,0.963504,0.012931,0.0387931,0.0933672,0.126168,0.0387931,0.037048,0.933882,0.487625,1.78171,1.45112,-0.0162021,0.095499,0.0792969,0.6,2,-0.00437739,-0.00270616,-0.00316732,-0.346744,2.912,3.77716e+07,-0.00048788,MARKET_UP,False,False,False,Disc=0.96 10D超額=+7.9% 產業超額=+9.5% outperf10=60% RSaccel=-0.0032 觸發=indep regime=MARKET_UP
2231,為升,汽車工業,2023-04-06,2023-04-07,190.475,212.785,0.25,180.5,201.641,0.0523691,0.860783,False,,,,,,0,,,,,,False,0.25,2023-04-14,189.525,211.724,F4_TIME_5D,FAILED_PROBE,6,0.25,-0.00236908,-0.00236908,-0.00947631,-0.00498753,0.0080063,-0.039244,0.0080063,-0.039244,,,,,1.25,0,,DISCOVERY,2023,0.973865,0.00549451,0.0521978,0.104383,0.200627,0.348592,0.0318911,0.916323,0.429199,1.8859,1.09894,-0.0099034,0.155813,0.14591,0.6,2,-0.00402748,0.000788598,0.00361456,2.22045e-16,4.42105,3.449e+08,-0.0036104,MARKET_SIDEWAYS,False,False,False,Disc=0.97 10D超額=+14.6% 產業超額=+15.6% outperf10=60% RSaccel=+0.0036 觸發=indep regime=MARKET_SIDEWAYS
2231,為升,汽車工業,2024-06-11,2024-06-12,139.849,166.537,0.25,129,153.618,0.0775748,0.817547,False,,,,,,0,,,,,,False,0.25,2024-06-13,135.161,160.955,F3_RS_FAILURE,FAILED_PROBE,2,0.25,-0.00948573,-0.00948573,-0.0379429,-0.0335183,0.00465682,-0.0310961,0.00465682,-0.0310961,,,,,0.25,0,,DISCOVERY,2024,0.979955,0.00381679,0.0648855,0.150515,0.303738,0.167364,0.032002,0.463015,0.355066,2.72878,1.13817,-0.0197152,0.182749,0.163034,0.5,3,0.0116923,-0.0130978,-0.00163736,-0.166922,4.592,1.03663e+08,-0.00303133,MARKET_UP,False,False,False,Disc=0.98 10D超額=+16.3% 產業超額=+18.3% outperf10=50% RSaccel=-0.0016 觸發=indep regime=MARKET_UP
2233,宇隆,汽車工業,2023-09-18,2023-09-19,120.801,138.467,0.25,110.5,126.66,0.0852744,0.928929,False,,,,,,0,,,,,,False,0.25,2023-09-19,110.224,126.343,F1_PROBE_LOW,FAILED_PROBE,1,0.25,-0.022966,-0.022966,-0.0918642,-0.0875612,0,0,,,,,,,0,0,,DISCOVERY,2023,0.976959,-0.012766,0.0170213,0.137445,0.198596,0.148442,0.0233114,0.691941,0.219447,3.09217,3.14232,0.0414464,0.11859,0.160036,0.7,2,0.00910992,-0.00243861,0.0163826,-0.00416667,6.28205,3.8805e+07,-0.01316,MARKET_SIDEWAYS,False,False,False,Disc=0.98 10D超額=+16.0% 產業超額=+11.9% outperf10=70% RSaccel=+0.0164 觸發=indep regime=MARKET_SIDEWAYS
2236,百達-KY,汽車工業,2024-10-16,2024-10-17,126.315,161.364,0.25,116,148.187,0.081661,0.853057,False,,,,,,0,,,,,,False,0.25,2024-10-22,124.189,158.648,F3_RS_FAILURE,FAILED_PROBE,4,0.25,-0.00532376,-0.00532376,-0.021295,-0.0168329,0.0370898,-0.0302023,0.0370898,-0.0302023,,,,,0.75,0,,DISCOVERY,2024,0.959057,0,0.0588235,0.109485,0.124089,0.329941,0.0488414,0.627251,0.426866,1.22591,1.21156,-0.0541845,0.196624,0.142439,0.6,1,0.0189242,-0.00603938,0.00736312,-0.015625,3.81864,8.31197e+07,-0.0120668,MARKET_UP,False,False,False,Disc=0.96 10D超額=+14.2% 產業超額=+19.7% outperf10=60% RSaccel=+0.0074 觸發=indep regime=MARKET_UP
2247,汎德永業,汽車工業,2025-07-14,2025-07-15,328.319,404.918,0.25,312,384.792,0.049704,0.911667,False,,,,,,0,,,,,,False,0.25,2025-07-18,318.202,392.442,F3_RS_FAILURE,FAILED_PROBE,4,0.25,-0.00881074,-0.00881074,-0.035243,-0.0308123,0.00207497,-0.0268603,0.00207497,-0.0268603,,,,,0.75,0,,STRICT_OOS,2025,0.971564,0.00469484,0.0219092,0.103973,0.127807,0.133681,0.0201269,0.683521,0.240259,2.51862,2.05972,-0.0355172,0.149147,0.11363,0.7,1,0.011389,-0.0138047,0.00461039,-0.00457317,6.08696,8.57888e+07,-0.00598039,MARKET_SIDEWAYS,False,False,False,Disc=0.97 10D超額=+11.4% 產業超額=+14.9% outperf10=70% RSaccel=+0.0046 觸發=indep regime=MARKET_SIDEWAYS
2302,麗正,電子工業,2025-03-24,2025-03-25,24.1101,26.9352,0.25,22,24.5778,0.0875203,0.888271,False,,,,,,0,,,,,,False,0.25,2025-03-27,22.0946,24.6835,F3_RS_FAILURE,FAILED_PROBE,3,0.25,-0.0219769,-0.0219769,-0.0879075,-0.0835956,0.00787532,-0.079225,0.00787532,-0.079225,,,,,0.5,0,,STRICT_OOS,2025,0.965471,0.00223714,0.0648769,0.107492,0.125295,0.311295,0.044868,0.83259,0.569218,1.71238,2.68264,-0.00226957,0.196183,0.193913,0.7,1,0.0133764,0.00258277,0.0220067,-0.00626308,4.35451,4.31786e+07,-0.00461342,MARKET_DOWN,False,False,False,Disc=0.97 10D超額=+19.4% 產業超額=+19.6% outperf10=70% RSaccel=+0.0220 觸發=indep regime=MARKET_DOWN
2308,台達電,電子零組件業,2026-04-29,2026-04-30,2225.55,2474.98,0.25,1995,2218.59,0.103592,0.876127,False,,,,,,0,,,,,,False,0.25,2026-05-06,2209.46,2457.09,F3_RS_FAILURE,FAILED_PROBE,4,0.25,-0.00292807,-0.00292807,-0.0117123,-0.00722855,0.0244659,-0.0361933,0.0244659,-0.0361933,,,,,0.75,0,,STRICT_OOS,2026,0.967933,-0.04,0.0188235,0.199446,0.457912,0.907489,0.0460244,1.51528,0.651031,0.946448,1.27257,-0.022892,0.165483,0.142591,0.7,2,-0.0132577,0.0281519,-0.000843013,-0.00230415,3.8638,2.33902e+10,-0.00552177,MARKET_UP,False,False,False,Disc=0.97 10D超額=+14.3% 產業超額=+16.5% outperf10=70% RSaccel=-0.0008 觸發=indep regime=MARKET_UP
2312,金寶,電子工業,2024-11-21,2024-11-22,29.9747,32.3218,0.25,27.7,29.8689,0.0758889,0.681394,True,2024-11-27,33.5,36.1231,persist,3,1,2024-11-28,33.7843,36.4296,,,True,1,2024-11-28,32.2691,34.7958,HARD_STOP,EXIT,5,1,-0.0189668,-0.0189668,-0.0189668,0.0765436,0.174322,-0.00582991,0.174322,-0.00582991,0.12709,-0.0448471,-0.00249377,-0.107572,1,0,,DISCOVERY,2024,0.972692,0.00176991,0.0371682,0.101607,0.179074,0.246809,0.0532667,1.10421,0.597493,1.4403,1.94477,-0.0128131,0.124489,0.111675,0.5,2,0.00707234,0.011688,-0.0051672,-0.0167785,2.75515,2.27611e+09,-0.00584881,MARKET_SIDEWAYS,False,False,False,Disc=0.97 10D超額=+11.2% 產業超額=+12.4% outperf10=50% RSaccel=-0.0052 觸發=indep regime=MARKET_SIDEWAYS
2313,華通,電子零組件業,2023-11-24,2023-11-27,69.1725,79.0465,0.25,62.5,71.4215,0.0964617,0.88527,True,2023-11-29,74.8,85.4773,persist,2,1,2023-11-30,74.7865,85.4619,,,True,1,2024-01-02,70.8225,80.932,TREND_FAILURE_MA20x2,EXIT,26,1,-0.0382138,-0.0382138,-0.0382138,0.0238534,0.127616,-0.022733,0.104485,-0.022733,0.0811594,-0.0530042,0.042969,-0.0840593,22.75,0,,DISCOVERY,2023,0.975904,0.0154083,0.0416025,0.168035,0.295019,0.53288,0.0392012,0.902616,0.361899,2.02609,1.82392,0.011642,0.133926,0.145568,0.7,3,0.00719301,0.00653297,0.00638652,-0.0131387,4.60377,2.75435e+09,-0.000412269,MARKET_UP,False,False,False,Disc=0.98 10D超額=+14.6% 產業超額=+13.4% outperf10=70% RSaccel=+0.0064 觸發=indep regime=MARKET_UP
2313,華通,電子零組件業,2024-12-17,2024-12-18,70.175,81.8698,0.25,66.7,77.8157,0.0495191,0.934849,False,,,,,,0,,,,,,False,0.25,2024-12-25,69.1268,80.6468,F4_TIME_5D,FAILED_PROBE,6,0.25,-0.00485101,-0.00485101,-0.0194041,-0.0149377,0.0331315,-0.0238689,0.0331315,-0.0238689,,,,,1.25,0,,DISCOVERY,2024,0.963952,0.0089153,0.0430907,0.107081,0.121406,-0.00142246,0.0295075,0.986197,0.296323,2.5968,2.6611,-0.0376471,0.172145,0.134498,0.7,1,0.000340537,-0.0076286,0.00659386,-0.24026,4.2,1.29252e+09,-0.000950091,MARKET_SIDEWAYS,False,False,False,Disc=0.96 10D超額=+13.4% 產業超額=+17.2% outperf10=70% RSaccel=+0.0066 觸發=indep regime=MARKET_SIDEWAYS
2316,楠梓電,電子零組件業,2023-09-19,2023-09-20,38.2454,42.5989,0.25,35.2,39.2069,0.0796273,0.756312,True,2023-09-22,40.5,45.1102,persist,2,1,2023-09-25,40.2002,44.7763,,,True,1,2023-10-12,37.1569,41.3865,TREND_FAILURE_MA20x2,EXIT,14,1,-0.0682505,-0.0682505,-0.0682505,-0.028461,0.111245,-0.0508656,0.0667957,-0.0508656,0.051114,-0.0757054,0.0572074,-0.0920454,10.75,0,,DISCOVERY,2023,0.960366,0,0.0186667,0.0685315,0.0852273,0.377161,0.0426328,0.814357,0.55641,0.641256,0.78451,-0.00387896,0.104556,0.100677,0.6,2,-0.017275,-0.00434243,0.01768,-0.236,2.76316,1.62168e+08,-0.00370818,MARKET_SIDEWAYS,False,False,False,Disc=0.96 10D超額=+10.1% 產業超額=+10.5% outperf10=60% RSaccel=+0.0177 觸發=indep regime=MARKET_SIDEWAYS
2328,廣宇,電子零組件業,2024-03-15,2024-03-18,34.3356,37.2636,0.25,32.5,35.2714,0.0534613,0.679104,False,,,,,,0,,,,,,False,0.25,2024-03-25,34.314,37.2401,F4_TIME_5D,FAILED_PROBE,6,0.25,-0.0012821,-0.0012821,-0.00512841,-0.000629826,0.00624352,-0.0330742,0.00624352,-0.0330742,,,,,1.25,0,,DISCOVERY,2024,0.964796,0.0137405,0.0412214,0.0401098,0.0606532,-0.0130246,0.0290113,0.605656,0.400361,4.45447,2.23588,-0.0780285,0.0798238,0.00179527,0.3,2,0.00779481,-0.00509328,0.0184767,-0.22781,4.19495,8.54276e+07,-0.0128108,MARKET_UP,False,False,False,Disc=0.96 10D超額=+0.2% 產業超額=+8.0% outperf10=30% RSaccel=+0.0185 觸發=indep regime=MARKET_UP
2344,華邦電,電子工業,2025-09-15,2025-09-16,26.5663,29.3023,0.25,24.7,27.2438,0.0702489,0.90586,True,2025-09-18,32.3,35.6266,persist,2,1,2025-09-19,34.085,37.5954,,,True,1,2025-11-24,52.8675,58.3123,TREND_FAILURE_MA20x2,EXIT,46,1,0.654806,0.654806,0.654806,0.990025,1.60104,-0.0307251,0.215828,-0.0307251,0.283019,0.551049,1.02728,-0.0846414,42.75,0,,STRICT_OOS,2025,0.994898,0.0589391,0.0530452,0.263555,0.403141,0.367347,0.0466418,1.09715,0.554892,3.12541,2.28743,-0.0419566,0.308754,0.266797,0.8,2,-0.00780484,-0.00179583,-0.00396427,-0.0110701,5.84,3.54403e+09,-0.00461165,MARKET_SIDEWAYS,False,False,False,Disc=0.99 10D超額=+26.7% 產業超額=+30.9% outperf10=80% RSaccel=-0.0040 觸發=indep regime=MARKET_SIDEWAYS
2344,華邦電,電子工業,2025-12-17,2025-12-18,75.1875,82.931,0.25,68.8,75.8857,0.0849542,0.814496,False,,,,,,0,,,,,,False,0.25,2025-12-22,73.7153,81.3071,F3_RS_FAILURE,FAILED_PROBE,3,0.25,-0.00600925,-0.00600925,-0.024037,-0.019581,0.0347465,-0.0530341,0.0347465,-0.0530341,,,,,0.5,0,,STRICT_OOS,2025,0.9757,0.00991501,0.0467422,0.186481,0.244108,1.28793,0.0612797,1.52085,0.859779,1.53387,1.54154,0.0185799,0.315431,0.334011,0.8,2,-0.010305,0.0262661,0.000233908,-0.0172872,4.74763,1.91509e+10,-0.000417262,MARKET_SIDEWAYS,False,False,False,Disc=0.98 10D超額=+33.4% 產業超額=+31.5% outperf10=80% RSaccel=+0.0002 觸發=indep regime=MARKET_SIDEWAYS
2345,智邦,電子工業,2023-10-13,2023-10-16,541.35,576.505,0.25,523,556.964,0.0338967,0.864949,False,,,,,,0,,,,,,False,0.25,2023-10-18,493.762,525.828,F1_PROBE_LOW,FAILED_PROBE,3,0.25,-0.0230519,-0.0230519,-0.0922074,-0.0879052,0.0122841,-0.0338967,0.0122841,-0.0338967,,,,,0.5,0,,DISCOVERY,2023,0.959938,0.00943396,0.0283019,0.101678,0.20442,0.408268,0.0395151,1.93936,0.494923,0.784679,0.975549,-0.0120365,0.101164,0.0891274,0.7,1,-0.00690308,0.0153015,0.000255586,-0.0126812,3.99337,2.83466e+09,-0.00257579,MARKET_SIDEWAYS,False,False,False,Disc=0.96 10D超額=+8.9% 產業超額=+10.1% outperf10=70% RSaccel=+0.0003 觸發=indep regime=MARKET_SIDEWAYS
2345,智邦,電子工業,2024-11-20,2024-11-21,617.54,670.79,0.25,590,640.875,0.0445963,0.789478,False,,,,,,0,,,,,,False,0.25,2024-12-19,713.212,774.713,PROBE_MAX_LIFE,FAILED_PROBE,21,0.25,0.0375192,0.0375192,0.150077,0.154925,0.238786,-0.018687,0.238786,-0.018687,,,,,5,0,,DISCOVERY,2024,0.954429,0,0.0313531,0.0804737,0.0665529,0.179245,0.0385143,1.03164,0.490305,0.960367,0.873918,-0.0127561,0.124392,0.111636,0.5,2,-0.00542837,0.000266111,0.00553927,-0.00159744,2.57567,2.54241e+09,-0.00702181,MARKET_SIDEWAYS,False,False,False,Disc=0.95 10D超額=+11.2% 產業超額=+12.4% outperf10=50% RSaccel=+0.0055 觸發=indep regime=MARKET_SIDEWAYS
2345,智邦,電子工業,2025-05-06,2025-05-07,651.625,707.814,0.25,600,651.738,0.079225,0.896768,True,2025-05-14,718,779.913,persist,5,1,2025-05-15,719.795,781.863,,,True,1,2025-06-20,716.205,777.963,TREND_FAILURE_MA20x2,EXIT,32,1,0.0164885,0.0164885,0.0164885,0.0991061,0.246115,-0.0377901,0.101861,-0.0377901,0.104615,-0.00498753,0.128099,-0.0261116,26.5,0,,STRICT_OOS,2025,0.98293,0.00490196,0.0424837,0.18991,0.201507,-0.15942,0.0422638,1.20325,0.857012,1.24567,1.28052,-0.001894,0.188631,0.186737,0.6,1,-0.0131597,0.0149622,0.0028681,-0.208437,6.17483,3.02666e+09,-0.000506502,MARKET_SIDEWAYS,False,False,False,Disc=0.98 10D超額=+18.7% 產業超額=+18.9% outperf10=60% RSaccel=+0.0029 觸發=indep regime=MARKET_SIDEWAYS
2348,海悅,其他,2024-03-11,2024-03-12,115.287,173.44,0.25,106.5,160.22,0.0762225,0.851141,True,2024-03-19,133,200.087,persist,5,1,2024-03-20,132.33,199.079,,,True,1,2024-05-27,196.009,294.878,TREND_FAILURE_MA20x2,EXIT,52,1,0.530246,0.530246,0.530246,0.700173,0.977665,-0.0155047,0.205681,-0.0155047,0.147826,0.481212,0.722965,-0.0402781,46.5,0,,DISCOVERY,2024,0.963719,0.00934579,0.0560748,0.0919457,0.198303,0.198303,0.0347661,0.747259,0.344188,1.66492,1.35793,-0.0436778,0.09646,0.0527821,0.5,1,-0.00112815,0.00138623,-0.00141073,-0.00877193,3.30909,3.90418e+07,-0.00299414,MARKET_UP,False,False,False,Disc=0.96 10D超額=+5.3% 產業超額=+9.6% outperf10=50% RSaccel=-0.0014 觸發=indep regime=MARKET_UP
2352,佳世達,電子工業,2023-06-14,2023-06-15,48.7716,55.8721,0.25,45.05,51.6087,0.0763071,0.930556,False,,,,,,0,,,,,,False,0.25,2023-06-26,47.0321,53.8794,F4_TIME_5D,FAILED_PROBE,6,0.25,-0.0100215,-0.0100215,-0.040086,-0.0356662,0.00160698,-0.0629797,0.00160698,-0.0629797,,,,,1.25,0,,DISCOVERY,2023,0.953914,0.00105485,0.0263713,0.167577,0.30604,0.638047,0.0272354,0.743453,0.268104,1.30235,1.57302,0.0015289,0.112922,0.114451,0.6,1,0.00554171,0.00630508,0.0105929,-0.00307377,5.50943,6.12107e+08,0.00125112,MARKET_UP,False,False,False,Disc=0.95 10D超額=+11.4% 產業超額=+11.3% outperf10=60% RSaccel=+0.0106 觸發=indep regime=MARKET_UP
2352,佳世達,電子工業,2023-07-19,2023-07-20,58.947,69.8696,0.25,53.3508,63.2364,0.0949369,0.924947,False,,,,,,0,,,,,,False,0.25,2023-07-20,53.2174,63.0783,F1_PROBE_LOW,FAILED_PROBE,1,0.25,-0.0253702,-0.0253702,-0.101481,-0.0971996,0,0,,,,,,,0,0,,DISCOVERY,2023,0.980583,0.0332168,0.0437063,0.219114,0.268863,0.836923,0.0441493,0.962866,0.534922,2.28779,2.5967,-0.000156232,0.25348,0.253324,0.7,2,-0.00218375,0.0120551,0.0291602,-0.0787037,7.43631,1.13305e+09,-0.00647031,MARKET_SIDEWAYS,False,False,False,Disc=0.98 10D超額=+25.3% 產業超額=+25.3% outperf10=70% RSaccel=+0.0292 觸發=indep regime=MARKET_SIDEWAYS
2353,宏碁,電子工業,2023-12-18,2023-12-19,39.1978,47.4129,0.25,36.7,44.3917,0.0637217,0.855942,True,2023-12-21,44.65,54.0078,persist,2,1,2023-12-22,45.0123,54.446,,,True,1,2024-01-08,48.9773,59.242,MFE_PROTECTION,EXIT,14,1,0.123649,0.123649,0.123649,0.249491,0.436307,-0.00249377,0.148025,-0.00249377,0.148338,0.0880871,0.250771,-0.0369288,10.75,0,,DISCOVERY,2023,0.983247,0.0135135,0.0513513,0.0914702,0.125904,0.0628415,0.0226772,1.12303,0.28806,1.6187,0.911621,-0.0169053,0.123096,0.106191,0.6,3,-7.35147e-05,-0.00383802,0.0088164,-0.0569697,6.23482,1.36133e+09,-0.00123572,MARKET_UP,False,False,False,Disc=0.98 10D超額=+10.6% 產業超額=+12.3% outperf10=60% RSaccel=+0.0088 觸發=indep regime=MARKET_UP
2353,宏碁,電子工業,2025-04-30,2025-05-02,34.5862,43.2323,0.25,32.85,41.062,0.0502006,0.801087,False,,,,,,0,,,,,,False,0.25,2025-05-09,33.7155,42.1439,F4_TIME_5D,FAILED_PROBE,6,0.25,-0.00740489,-0.00740489,-0.0296195,-0.0251762,0.00184323,-0.0386353,0.00184323,-0.0386353,,,,,1.25,0,,STRICT_OOS,2025,0.953757,0,0.0264706,0.0846931,-0.0155148,-0.061828,0.0302906,0.944045,0.781544,0.845276,0.825712,0.00824218,0.0799835,0.0882257,0.7,2,0.00420301,-0.00422556,0.00593127,-0.403872,4.20946,5.00392e+08,0.00011862,MARKET_SIDEWAYS,False,False,False,Disc=0.95 10D超額=+8.8% 產業超額=+8.0% outperf10=70% RSaccel=+0.0059 觸發=indep regime=MARKET_SIDEWAYS
2357,華碩,電腦及週邊設備業,2026-07-29,2026-07-30,763.905,1156.03,0.25,734,1110.77,0.0391475,0.864923,False,,,,,,0,,,,,,False,0.25,2026-07-30,732.165,1107.99,F1_PROBE_LOW,FAILED_PROBE,1,0.25,-0.0114891,-0.0114891,-0.0459562,-0.0415497,0,0,,,,,,,0,0,,STRICT_OOS,2026,0.968531,0.0204082,0.0353741,0.0700225,0.156535,0.369838,0.0367937,0.85415,0.390326,1.41767,0.923086,0.0205598,0.170816,0.191376,0.8,1,0.00482368,0.00326043,0.00661569,-0.160192,3.28571,3.47827e+09,-0.0375974,MARKET_DOWN,False,False,False,Disc=0.97 10D超額=+19.1% 產業超額=+17.1% outperf10=80% RSaccel=+0.0066 觸發=indep regime=MARKET_DOWN
2362,藍天,電腦及週邊設備業,2024-01-05,2024-01-08,44.912,51.1877,0.25,41.8,47.6408,0.069291,0.830844,False,,,,,,0,,,,,,False,0.25,2024-01-15,42.9923,48.9997,F2_STRUCTURE,FAILED_PROBE,6,0.25,-0.0117871,-0.0117871,-0.0471485,-0.0427447,0.0876826,-0.0370057,0.0876826,-0.0370057,,,,,1.25,0,,DISCOVERY,2024,0.995804,-0.00357143,0.0583333,0.188821,0.334835,0.389063,0.0490921,0.833682,0.667976,2.83265,3.08632,-0.0164488,0.227375,0.210926,0.6,3,0.00103317,0.00207042,0.00386594,-0.0357918,4.72013,5.09928e+08,-0.0017385,MARKET_SIDEWAYS,False,False,False,Disc=1.00 10D超額=+21.1% 產業超額=+22.7% outperf10=60% RSaccel=+0.0039 觸發=indep regime=MARKET_SIDEWAYS
2368,金像電,電子零組件業,2023-05-30,2023-05-31,124.811,123.571,0.25,119,117.818,0.0465603,0.854755,True,2023-06-05,133,131.679,persist,3,1,2023-06-06,133.333,132.008,,,True,1,2023-08-02,166.084,164.434,TREND_FAILURE_MA20x2,EXIT,44,1,0.261796,0.261796,0.261796,0.330679,0.558353,-0.0305361,0.0976575,-0.0305361,0.0682731,0.245636,0.458759,-0.039994,40,0,,DISCOVERY,2023,0.98069,0.0205761,0.0288066,0.187423,0.272912,0.425321,0.0454286,1.00495,0.55154,1.08936,1.54512,-0.0179906,0.27186,0.25387,0.6,1,-0.00445683,0.0129286,0.00289005,-0.0196078,5.89937,1.91184e+09,-0.000815085,MARKET_UP,False,False,False,Disc=0.98 10D超額=+25.4% 產業超額=+27.2% outperf10=60% RSaccel=+0.0029 觸發=indep regime=MARKET_UP
2368,金像電,電子零組件業,2023-09-28,2023-10-02,230.575,228.284,0.25,203.5,201.478,0.117424,0.856536,False,,,,,,0,,,,,,False,0.25,2023-10-03,216.956,214.801,F3_RS_FAILURE,FAILED_PROBE,2,0.25,-0.0158579,-0.0158579,-0.0634314,-0.0590643,0.0105172,-0.06538,0.0105172,-0.06538,,,,,0.25,0,,DISCOVERY,2023,0.987654,0.00236407,0.0378251,0.0802165,0.0185615,0.420712,0.0449073,1.81196,0.549295,1.5838,1.33208,0.0234438,0.103808,0.127252,0.7,3,-0.0243952,0.0109635,0.0172882,-0.0266075,3.55072,2.26278e+09,0.00265966,MARKET_SIDEWAYS,False,False,False,Disc=0.99 10D超額=+12.7% 產業超額=+10.4% outperf10=70% RSaccel=+0.0173 觸發=indep regime=MARKET_SIDEWAYS
2368,金像電,電子零組件業,2025-05-08,2025-05-09,225.563,227.279,0.25,208.5,210.087,0.0756442,0.820633,False,,,,,,0,,,,,,False,0.25,2025-05-15,225.435,227.151,F3_RS_FAILURE,FAILED_PROBE,5,0.25,-0.001266,-0.001266,-0.00506398,-0.000565254,0.0640066,-0.0157939,0.0640066,-0.0157939,,,,,1,0,,STRICT_OOS,2025,0.984894,0.00932401,0.044289,0.160772,0.57193,-0.0175439,0.0460778,1.21177,0.746607,1.12804,1.39997,0.0419987,0.0695802,0.111579,0.6,3,-0.00915191,0.0142845,0.00543044,-0.105788,3.391,1.55028e+09,-0.000150391,MARKET_UP,False,False,False,Disc=0.98 10D超額=+11.2% 產業超額=+7.0% outperf10=60% RSaccel=+0.0054 觸發=indep regime=MARKET_UP
2368,金像電,電子零組件業,2025-06-05,2025-06-06,276.69,278.796,0.25,257.5,259.46,0.0693556,0.921877,False,,,,,,0,,,,,,False,0.25,2025-06-18,267.829,269.867,F2_STRUCTURE,FAILED_PROBE,9,0.25,-0.00911346,-0.00911346,-0.0364539,-0.0320259,0.0481044,-0.0350211,0.0481044,-0.0350211,,,,,2,0,,STRICT_OOS,2025,0.98503,0.00932836,0.0410448,0.155638,0.300699,0.223684,0.0378904,1.21079,0.509352,0.975101,1.44573,0.0235404,0.125841,0.149381,0.7,2,-0.0088615,0.0137625,0.00282085,0,3.59459,3.69641e+09,0.00260615,MARKET_UP,False,False,False,Disc=0.99 10D超額=+14.9% 產業超額=+12.6% outperf10=70% RSaccel=+0.0028 觸發=indep regime=MARKET_UP
2368,金像電,電子零組件業,2025-07-08,2025-07-09,315.787,325.436,0.25,291.5,300.407,0.0769109,0.841352,True,2025-07-31,374.5,385.943,persist,16,1,2025-08-01,369.421,380.709,,,True,1,2025-09-04,444.885,458.479,TREND_FAILURE_MA20x2,EXIT,42,1,0.250335,0.250335,0.250335,0.408811,0.627677,-0.0436607,0.203341,-0.0436607,0.169841,0.204276,0.391366,-0.0241493,28.25,0,,STRICT_OOS,2025,0.98773,-0.00167785,0.0587248,0.132462,0.146302,0.887041,0.0395716,1.17764,0.420475,2.167,1.30947,-0.0116646,0.155305,0.14364,0.4,2,0.00988867,0.00848943,0.0159247,-0.0125196,4.2051,3.179e+09,-0.00296272,MARKET_SIDEWAYS,False,False,False,Disc=0.99 10D超額=+14.4% 產業超額=+15.5% outperf10=40% RSaccel=+0.0159 觸發=indep regime=MARKET_SIDEWAYS
2371,大同,電機機械,2023-06-28,2023-06-29,54.6362,54.6362,0.25,51.2,51.2,0.0628932,0.960043,False,,,,,,0,,,,,,False,0.25,2023-07-10,54.663,54.663,F2_STRUCTURE,FAILED_PROBE,8,0.25,-0.00100288,-0.00100288,-0.00401152,0.000489584,0.0542451,-0.0409298,0.0542451,-0.0409298,,,,,1.75,0,,DISCOVERY,2023,0.995019,0.0172414,0.0440613,0.216857,0.359102,0.588921,0.0394495,0.503085,0.515427,1.11323,1.67081,0.0477131,0.273064,0.320777,0.8,4,0.00842053,-0.00311353,0.00979343,-0.00909091,6.62791,2.91427e+09,0.00282628,MARKET_SIDEWAYS,False,False,False,Disc=1.00 10D超額=+32.1% 產業超額=+27.3% outperf10=80% RSaccel=+0.0098 觸發=indep regime=MARKET_SIDEWAYS
2371,大同,電機機械,2023-08-11,2023-08-14,51.328,51.328,0.25,49.6,49.6,0.0336658,0.756488,False,,,,,,0,,,,,,False,0.25,2023-08-21,50.8725,50.8725,F2_STRUCTURE,FAILED_PROBE,6,0.25,-0.00333858,-0.00333858,-0.0133543,-0.00887431,0.0247818,-0.0219763,0.0247818,-0.0219763,,,,,1.25,0,,DISCOVERY,2023,0.959647,0.00402414,0.0402415,0.0197239,-0.0461255,0.358739,0.0364742,0.593347,0.500219,0.694717,0.680931,-0.0303316,0.115103,0.0847712,0.6,1,0.00903597,0.00218905,0.00697961,-0.102431,2.43939,1.68989e+09,-0.00201086,MARKET_SIDEWAYS,False,False,False,Disc=0.96 10D超額=+8.5% 產業超額=+11.5% outperf10=60% RSaccel=+0.0070 觸發=indep regime=MARKET_SIDEWAYS
2371,大同,電機機械,2024-01-09,2024-01-10,45.7641,45.7641,0.25,41.95,41.95,0.0833432,0.864326,False,,,,,,0,,,,,,False,0.25,2024-01-11,44.8875,44.8875,F3_RS_FAILURE,FAILED_PROBE,2,0.25,-0.00590304,-0.00590304,-0.0236122,-0.0191553,0.0138946,-0.0418259,0.0138946,-0.0418259,,,,,0.25,0,,DISCOVERY,2024,0.952045,0.00581395,0.0511628,0.0674224,0.0249433,0.0839329,0.0277339,0.600474,0.36322,3.04469,1.14346,-0.0147675,0.0910674,0.0762999,0.6,1,-0.00129194,-0.00519837,0.0152727,-0.215278,2.91168,5.91168e+08,-0.00211522,MARKET_SIDEWAYS,False,False,False,Disc=0.95 10D超額=+7.6% 產業超額=+9.1% outperf10=60% RSaccel=+0.0153 觸發=indep regime=MARKET_SIDEWAYS
2375,凱美,電子零組件業,2023-11-29,2023-11-30,77.794,69.8473,0.25,73.3,65.8123,0.057768,0.937548,False,,,,,,0,,,,,,False,0.25,2023-12-07,74.3137,66.7225,F2_STRUCTURE,FAILED_PROBE,6,0.25,-0.012284,-0.012284,-0.0491361,-0.0447367,0.00650436,-0.0539116,0.00650436,-0.0539116,,,,,1.25,0,,DISCOVERY,2023,0.977143,0.00399467,0.0359521,0.150037,0.2589,0.166417,0.0254315,0.905742,0.353374,5.03619,3.25962,0.040344,0.146158,0.186502,0.7,3,0.00132546,-0.00310381,0.0206963,-0.0443195,6.97473,1.01125e+08,0.00169019,MARKET_UP,False,False,False,Disc=0.98 10D超額=+18.7% 產業超額=+14.6% outperf10=70% RSaccel=+0.0207 觸發=indep regime=MARKET_UP
2376,技嘉,電腦及週邊設備業,2023-04-06,2023-04-07,138.345,166.381,0.25,131.5,158.149,0.0494778,0.918909,False,,,,,,0,,,,,,False,0.25,2023-04-14,133.166,160.153,F2_STRUCTURE,FAILED_PROBE,6,0.25,-0.0104623,-0.0104623,-0.0418494,-0.0374336,0.00112039,-0.0494778,0.00112039,-0.0494778,,,,,1.25,0,,DISCOVERY,2023,0.957359,0,0.0337079,0.114026,0.164557,0.295775,0.0248447,0.760559,0.233867,1.70867,1.18118,0.0386395,0.0860168,0.124656,0.8,1,0.0108271,-0.00265387,0.00884566,0,5.54167,8.07492e+08,-0.0036104,MARKET_SIDEWAYS,False,False,False,Disc=0.96 10D超額=+12.5% 產業超額=+8.6% outperf10=80% RSaccel=+0.0088 觸發=indep regime=MARKET_SIDEWAYS
2376,技嘉,電腦及週邊設備業,2023-12-19,2023-12-20,262.655,322.618,0.25,250.5,307.688,0.0462774,0.779183,False,,,,,,0,,,,,,False,0.25,2024-01-02,249.874,306.919,F1_PROBE_LOW,FAILED_PROBE,9,0.25,-0.0132631,-0.0132631,-0.0530523,-0.0486617,0.0298681,-0.0348556,0.0298681,-0.0348556,,,,,2,0,,DISCOVERY,2023,0.955186,0.00587084,0.0176125,0.0593868,0.0655738,-0.0316574,0.0401099,1.66004,0.48781,1.11283,0.957768,0.000317611,0.123195,0.123512,0.5,3,-0.0174419,-0.00154681,0.000923565,-0.305769,3.69178,5.20488e+09,-0.004276,MARKET_SIDEWAYS,False,False,False,Disc=0.96 10D超額=+12.4% 產業超額=+12.3% outperf10=50% RSaccel=+0.0009 觸發=indep regime=MARKET_SIDEWAYS
2377,微星,電腦及週邊設備業,2023-12-25,2023-12-26,194.485,231.973,0.25,180.5,215.292,0.0719079,0.861948,True,2023-12-29,204,243.322,persist,3,1,2024-01-02,205.011,244.528,,,True,1,2024-01-02,197.505,235.575,HARD_STOP,EXIT,5,1,-0.0280253,-0.0280253,-0.0280253,0.0155282,0.0720621,-0.0153482,0.0720621,-0.0153482,0.0541237,-0.0366138,0.00238402,-0.041516,1,0,,DISCOVERY,2023,0.960836,0.00543478,0.048913,0.06866,0.152239,0.155689,0.0272021,1.01578,0.374627,2.19326,1.45505,0.00284599,0.0768424,0.0796884,0.7,1,0.00523922,-0.00127011,0.0107217,-0.0728652,3.90476,1.34781e+09,0.000466567,MARKET_UP,False,False,False,Disc=0.96 10D超額=+8.0% 產業超額=+7.7% outperf10=70% RSaccel=+0.0107 觸發=indep regime=MARKET_UP
2377,微星,電腦及週邊設備業,2026-08-31,2026-09-01,155.387,204.231,0.25,144,189.264,0.0732845,0.72697,False,,,,,,0,,,,,,False,0.25,2026-09-03,150.124,197.313,END_OF_WINDOW,EXIT,3,0.25,-0.00957469,-0.00957469,-0.0382988,-0.033875,0.0425549,-0.0314536,0.00394176,-0.0250181,,,,,0.75,0,,STRICT_OOS,2026,0.954068,0.00344828,0.0689655,0.0459629,0.115908,0.13982,0.0429993,0.797601,0.563316,1.09097,0.495543,-0.0148728,0.0763491,0.0614762,0.5,2,0.00625192,0.00180514,0.0125789,-0.0802603,2.47566,2.53037e+09,-0.00438104,MARKET_UP,False,False,False,Disc=0.95 10D超額=+6.1% 產業超額=+7.6% outperf10=50% RSaccel=+0.0126 觸發=indep regime=MARKET_UP
2379,瑞昱,電子工業,2024-03-11,2024-03-12,604.507,719.004,0.25,578,687.476,0.0438498,0.795586,False,,,,,,0,,,,,,False,0.25,2024-03-14,576.555,685.757,F1_PROBE_LOW,FAILED_PROBE,3,0.25,-0.012659,-0.012659,-0.0506361,-0.0462401,0.0140486,-0.0239989,0.0140486,-0.0239989,,,,,0.5,0,,DISCOVERY,2024,0.96712,0.00511073,0.0289608,0.131245,0.286475,0.35123,0.0445837,0.985854,0.321809,0.780223,1.06317,-0.051654,0.111554,0.0598995,0.5,1,0.00809429,0.012192,-0.0122219,-0.0258065,3.1565,3.49382e+09,-0.00299414,MARKET_UP,False,False,False,Disc=0.97 10D超額=+6.0% 產業超額=+11.2% outperf10=50% RSaccel=-0.0122 觸發=indep regime=MARKET_UP
2382,廣達,電腦及週邊設備業,2024-01-04,2024-01-05,220.049,271.661,0.25,209,258.02,0.0502105,0.766749,False,,,,,,0,,,,,,False,0.25,2024-01-08,216.457,267.227,F2_STRUCTURE,FAILED_PROBE,2,0.25,-0.00519588,-0.00519588,-0.0207835,-0.0163202,0.00659513,-0.0206716,0.00659513,-0.0206716,,,,,0.25,0,,DISCOVERY,2024,0.951591,0,0.0233645,0.042733,0.0977444,-0.0798319,0.0311481,1.74871,0.290424,0.821226,1.04869,-0.015213,0.0629212,0.0477082,0.6,2,-0.0255399,-0.000509583,-0.000772095,-0.223404,3.29843,7.04882e+09,-0.000550136,MARKET_SIDEWAYS,False,False,False,Disc=0.95 10D超額=+4.8% 產業超額=+6.3% outperf10=60% RSaccel=-0.0008 觸發=indep regime=MARKET_SIDEWAYS
2383,台光電,電子零組件業,2023-05-30,2023-05-31,213.031,233.073,0.25,200,218.816,0.0611706,0.865239,False,,,,,,0,,,,,,False,0.25,2023-06-07,214.961,235.184,F4_TIME_5D,FAILED_PROBE,6,0.25,0.00113483,0.00113483,0.00453932,0.0090597,0.0092416,-0.0376999,0.0092416,-0.0376999,,,,,1.25,0,,DISCOVERY,2023,0.972414,0,0.0342298,0.176471,0.321875,0.125,0.0410334,1.21475,0.421543,1.17983,1.9958,-0.0170883,0.197021,0.179933,0.7,1,-0.0138951,0.0114306,0.00395967,-0.0781295,4.89712,9.36288e+08,-0.000815085,MARKET_UP,False,False,False,Disc=0.97 10D超額=+18.0% 產業超額=+19.7% outperf10=70% RSaccel=+0.0040 觸發=indep regime=MARKET_UP
2383,台光電,電子零組件業,2023-07-10,2023-07-11,279.698,306.011,0.25,258,282.272,0.0775748,0.884671,True,2023-07-13,304.5,333.147,persist,2,1,2023-07-14,310.775,340.012,,,True,1,2023-08-30,418.95,467.251,TREND_FAILURE_MA20x2,EXIT,36,1,0.406964,0.406964,0.406964,0.52691,0.683811,-0.00249377,0.140518,-0.00249377,0.111111,0.374219,0.51543,-0.0411069,32.75,0,,DISCOVERY,2023,0.982822,0.00191939,0.0652591,0.128622,0.203905,0.495957,0.0425997,1.17669,0.440042,1.66257,1.71611,0.02816,0.191786,0.219946,0.7,3,-0.00815784,0.0164614,0.00815809,-0.021164,4.94864,1.42196e+09,-0.000684701,MARKET_SIDEWAYS,False,False,False,Disc=0.98 10D超額=+22.0% 產業超額=+19.2% outperf10=70% RSaccel=+0.0082 觸發=indep regime=MARKET_SIDEWAYS
2383,台光電,電子零組件業,2025-05-08,2025-05-09,668.668,762.615,0.25,611,696.845,0.0862424,0.887138,False,,,,,,0,,,,,,False,0.25,2025-05-20,675.308,770.188,F3_RS_FAILURE,FAILED_PROBE,8,0.25,0.00135196,0.00135196,0.00540785,0.0099302,0.0408761,-0.0144579,0.0408761,-0.0144579,,,,,1.75,0,,STRICT_OOS,2025,0.990937,0.0571895,0.0816993,0.205664,0.626536,0.0764228,0.041325,1.2549,0.779399,2.40079,1.69123,0.0404205,0.181735,0.222155,0.6,2,-0.00501323,0.0118232,0.00585016,-0.00451128,5.48303,3.2734e+09,-0.000150391,MARKET_UP,False,False,False,Disc=0.99 10D超額=+22.2% 產業超額=+18.2% outperf10=60% RSaccel=+0.0059 觸發=indep regime=MARKET_UP
2383,台光電,電子零組件業,2025-07-08,2025-07-09,946.36,1079.32,0.25,894,1019.61,0.0553278,0.902539,False,,,,,,0,,,,,,False,0.25,2025-07-15,930.668,1061.43,F2_STRUCTURE,FAILED_PROBE,5,0.25,-0.00526116,-0.00526116,-0.0210446,-0.016582,0.0461135,-0.0257407,0.0461135,-0.0257407,,,,,1,0,,STRICT_OOS,2025,0.955521,0.0099889,0.0577137,0.087403,0.0707865,0.936992,0.0322291,1.2277,0.334373,1.04552,0.813255,-0.0110097,0.111329,0.10032,0.7,1,0.00540488,0.0123618,0.00760297,-0.0103842,3.74419,5.6891e+09,-0.00296272,MARKET_SIDEWAYS,False,False,False,Disc=0.96 10D超額=+10.0% 產業超額=+11.1% outperf10=70% RSaccel=+0.0076 觸發=indep regime=MARKET_SIDEWAYS
2383,台光電,電子零組件業,2025-09-17,2025-09-18,1308.26,1511.65,0.25,1280,1478.99,0.0216031,0.66865,False,,,,,,0,,,,,,False,0.25,2025-09-22,1276.8,1475.29,F1_PROBE_LOW,FAILED_PROBE,3,0.25,-0.00712374,-0.00712374,-0.028495,-0.0240491,0.031903,-0.0139594,0.031903,-0.0139594,,,,,0.5,0,,STRICT_OOS,2025,0.95564,0.0077821,0.0233463,0.0704349,0.15848,0.552741,0.0491581,1.24615,0.575729,0.798493,1.1265,-0.0672529,0.140492,0.0732395,0.6,1,-0.00457053,0.0138152,-0.00896444,-0.0471014,4.71823,6.03378e+09,-0.00746753,MARKET_UP,False,False,False,Disc=0.96 10D超額=+7.3% 產業超額=+14.0% outperf10=60% RSaccel=-0.0090 觸發=indep regime=MARKET_UP
2385,群光,電子零組件業,2023-11-16,2023-11-17,157.392,182.654,0.25,147.5,171.174,0.0628524,0.929683,False,,,,,,0,,,,,,False,0.25,2023-11-24,153.116,177.692,F2_STRUCTURE,FAILED_PROBE,6,0.25,-0.00790205,-0.00790205,-0.0316082,-0.0271693,0.00385978,-0.0533221,0.00385978,-0.0533221,,,,,1.25,0,,DISCOVERY,2023,0.977456,0.00645161,0.0322581,0.189812,0.306122,0.545894,0.0319196,0.757577,0.391093,1.28941,1.10892,0.00716388,0.246431,0.253595,1,2,0.0148021,0.00767938,0.00280678,0,7.44056,5.44819e+08,0.00247537,MARKET_UP,False,False,False,Disc=0.98 10D超額=+25.4% 產業超額=+24.6% outperf10=100% RSaccel=+0.0028 觸發=indep regime=MARKET_UP
2385,群光,電子零組件業,2025-01-08,2025-01-09,162.405,196.366,0.25,152,183.785,0.0640682,0.760259,False,,,,,,0,,,,,,False,0.25,2025-01-14,153.615,185.738,F2_STRUCTURE,FAILED_PROBE,4,0.25,-0.0146255,-0.0146255,-0.0585022,-0.054124,0.00366368,-0.0548321,0.00366368,-0.0548321,,,,,0.75,0,,STRICT_OOS,2025,0.954482,0.00986842,0.0625,0.0746964,0.0730897,-0.0241692,0.0249889,0.733197,0.331399,2.20219,1.02289,-0.00805618,0.0795315,0.0714754,0.5,2,0.0146845,-0.0168758,-0.00116852,-0.369793,4.0885,4.26129e+08,-0.010314,MARKET_SIDEWAYS,False,False,False,Disc=0.95 10D超額=+7.1% 產業超額=+8.0% outperf10=50% RSaccel=-0.0012 觸發=indep regime=MARKET_SIDEWAYS
2387,精元,電腦及週邊設備業,2025-03-04,2025-03-05,73.5835,93.9006,0.25,67.6,86.265,0.0813158,0.95424,False,,,,,,0,,,,,,False,0.25,2025-03-10,69.3262,88.4679,F3_RS_FAILURE,FAILED_PROBE,4,0.25,-0.0155565,-0.0155565,-0.0622259,-0.057856,0,-0.0582128,0,-0.0582128,,,,,0.75,0,,STRICT_OOS,2025,0.966353,-0.00141643,0.0396601,0.142501,0.211221,0.166932,0.0246205,0.507421,0.27866,4.3823,3.0879,0.054415,0.173861,0.228276,0.8,1,0.0144498,-0.00964489,0.0333632,0,6.47431,1.23205e+08,-0.00700335,MARKET_SIDEWAYS,False,False,False,Disc=0.97 10D超額=+22.8% 產業超額=+17.4% outperf10=80% RSaccel=+0.0334 觸發=indep regime=MARKET_SIDEWAYS
2388,威盛,電子工業,2023-09-27,2023-09-28,121.804,126.022,0.25,116,120.018,0.0476484,0.764377,False,,,,,,0,,,,,,False,0.25,2023-10-02,120.199,124.362,F2_STRUCTURE,FAILED_PROBE,2,0.25,-0.00441182,-0.00441182,-0.0176473,-0.0131769,0.00982113,-0.0353335,0.00982113,-0.0353335,,,,,0.25,0,,DISCOVERY,2023,0.970814,0.0042735,0.0384615,0.0540013,0.0611354,0.488971,0.0600235,1.58315,0.679855,0.835895,1.00515,-0.00264253,0.221965,0.219323,0.7,1,-0.00802449,0.0280005,-0.00231553,-0.21865,3.22233,2.372e+09,0.00210677,MARKET_SIDEWAYS,False,False,False,Disc=0.97 10D超額=+21.9% 產業超額=+22.2% outperf10=70% RSaccel=-0.0023 觸發=indep regime=MARKET_SIDEWAYS
2392,正崴,電子工業,2023-08-31,2023-09-01,46.917,54.8561,0.25,43.9,51.3286,0.0643051,0.869792,False,,,,,,0,,,,,,False,0.25,2023-09-08,45.7354,53.4745,F4_TIME_5D,FAILED_PROBE,6,0.25,-0.0074072,-0.0074072,-0.0296288,-0.0251855,0.0102948,-0.0355308,0.0102948,-0.0355308,,,,,1.25,0,,DISCOVERY,2023,0.977679,0,0.018559,0.111574,0.219608,0.171563,0.0229674,0.698021,0.278917,2.46033,1.71748,0.0171652,0.064381,0.0815462,0.6,2,0.010396,-0.00641497,0.00674619,-0.00638978,4.62,1.28704e+08,-0.00510233,MARKET_SIDEWAYS,False,False,False,Disc=0.98 10D超額=+8.2% 產業超額=+6.4% outperf10=60% RSaccel=+0.0067 觸發=indep regime=MARKET_SIDEWAYS
2392,正崴,電子工業,2024-05-17,2024-05-20,54.6362,63.8816,0.25,51.4,60.0977,0.0592326,0.704404,True,2024-05-22,66.7,77.9867,persist,2,1,2024-05-23,71.1775,83.2219,,,True,1,2024-07-23,75.7103,90.6913,TREND_FAILURE_MA20x2,EXIT,46,1,0.167347,0.167347,0.167347,0.419678,0.746093,-0.0153058,0.220801,-0.0153058,0.302752,0.089753,0.340311,-0.0769555,42.75,0,,DISCOVERY,2024,0.976771,0.00576923,0.0326923,0.113242,0.161081,0.227429,0.0307928,0.721191,0.341409,1.65169,1.55001,-0.0208269,0.0767119,0.055885,0.4,1,0.000259632,-0.00603029,-0.00169654,-0.0110497,3.7797,2.88705e+08,-0.00214934,MARKET_SIDEWAYS,False,False,False,Disc=0.98 10D超額=+5.6% 產業超額=+7.7% outperf10=40% RSaccel=-0.0017 觸發=indep regime=MARKET_SIDEWAYS
2392,正崴,電子工業,2024-10-30,2024-11-01,63.2577,75.7748,0.25,61.5,73.6692,0.0277871,0.84805,False,,,,,,0,,,,,,False,0.25,2024-11-05,62.3438,74.6799,F2_STRUCTURE,FAILED_PROBE,3,0.25,-0.00472908,-0.00472908,-0.0189163,-0.0144488,0.00382957,-0.0262063,0.00382957,-0.0262063,,,,,0.5,0,,DISCOVERY,2024,0.955414,0.0113452,0.0502431,0.0414658,-0.0151976,-0.124324,0.0286596,1.06617,0.323752,3.8425,2.07507,-0.00991468,0.083985,0.0740703,0.7,2,-0.00465181,-0.00555656,0.0153291,-0.304107,2.26154,2.26354e+08,-0.00463043,MARKET_SIDEWAYS,False,False,False,Disc=0.96 10D超額=+7.4% 產業超額=+8.4% outperf10=70% RSaccel=+0.0153 觸發=indep regime=MARKET_SIDEWAYS
2393,億光,光電業,2026-03-13,2026-03-16,65.5635,87.984,0.25,59.7,80.1154,0.0894324,0.877682,False,,,,,,0,,,,,,False,0.25,2026-04-15,71.421,95.8446,PROBE_MAX_LIFE,FAILED_PROBE,21,0.25,0.02116,0.02116,0.0846399,0.0893409,0.104273,-0.00706948,0.104273,-0.00706948,,,,,5,0,,STRICT_OOS,2026,0.951777,-0.0111288,0.0238474,0.0887574,0.125874,0.236084,0.0300577,0.586955,0.332019,1.16473,1.143,0.0693268,0.0846513,0.153978,0.8,2,0.0142143,-0.00175342,0.00401096,-0.193822,4.59779,2.38656e+08,-0.00540589,MARKET_SIDEWAYS,False,False,False,Disc=0.95 10D超額=+15.4% 產業超額=+8.5% outperf10=80% RSaccel=+0.0040 觸發=indep regime=MARKET_SIDEWAYS
2395,研華,電子工業,2026-01-29,2026-01-30,301.752,374.011,0.25,287,355.726,0.0488894,0.708794,False,,,,,,0,,,,,,False,0.25,2026-02-04,287.28,356.073,F2_STRUCTURE,FAILED_PROBE,4,0.25,-0.0130884,-0.0130884,-0.0523536,-0.0479615,0.00744816,-0.0455754,0.00744816,-0.0455754,,,,,0.75,0,,STRICT_OOS,2026,0.960432,0.0318258,0.0217755,0.0577423,0.0590278,-0.012945,0.0259953,0.740657,0.24744,2.43671,1.29937,-0.0227143,0.0275743,0.00485991,0.4,1,0.00635927,-0.00768455,0.0127826,-0.264053,4.35135,6.54119e+08,-0.00815606,MARKET_UP,False,False,False,Disc=0.96 10D超額=+0.5% 產業超額=+2.8% outperf10=40% RSaccel=+0.0128 觸發=indep regime=MARKET_UP
2399,映泰,電腦及週邊設備業,2023-06-14,2023-06-15,23.6089,25.9516,0.25,22.15,24.348,0.0617935,0.784407,False,,,,,,0,,,,,,False,0.25,2023-06-19,22.4438,24.6709,F3_RS_FAILURE,FAILED_PROBE,3,0.25,-0.013435,-0.013435,-0.0537401,-0.0493511,0.0250383,-0.0512043,0.0250383,-0.0512043,,,,,0.5,0,,DISCOVERY,2023,0.965909,0.0199557,0.0288248,0.134197,0.491961,0.45,0.0538793,1.07938,0.670482,0.792838,0.982404,0.0279965,0.103961,0.131957,0.6,2,-0.0110694,0.00225002,-0.00397905,-0.00854701,3.12,3.29658e+08,0.00125112,MARKET_UP,False,False,False,Disc=0.97 10D超額=+13.2% 產業超額=+10.4% outperf10=60% RSaccel=-0.0040 觸發=indep regime=MARKET_UP
2399,映泰,電腦及週邊設備業,2026-08-17,2026-08-18,46.2654,50.8564,0.25,43.95,48.3112,0.0500456,0.899388,False,,,,,,0,,,,,,False,0.25,2026-08-19,43.8401,48.1905,F1_PROBE_LOW,FAILED_PROBE,2,0.25,-0.0142006,-0.0142006,-0.0568025,-0.0524204,0.00723273,-0.0241082,0.00723273,-0.0241082,,,,,0.25,0,,STRICT_OOS,2026,0.957908,0.00652884,0.0228509,0.187919,0.280654,0.087963,0.0552432,1.12563,0.859233,2.58278,1.78349,0.0200728,0.214186,0.234259,0.7,3,-0.014779,0.00180518,0.00763151,-0.182609,4.21733,2.40533e+08,0.0010098,MARKET_SIDEWAYS,False,False,False,Disc=0.96 10D超額=+23.4% 產業超額=+21.4% outperf10=70% RSaccel=+0.0076 觸發=indep regime=MARKET_SIDEWAYS
2404,漢唐,電子工業,2025-07-07,2025-07-08,672.677,893.249,0.25,641,851.184,0.0470917,0.890123,True,2025-07-11,734,974.679,persist,3,1,2025-07-14,736.837,978.447,,,True,1,2025-09-05,1047.38,1446.68,TREND_FAILURE_MA20x2,EXIT,44,1,0.508149,0.508149,0.508149,0.619573,0.925164,-0.0143865,0.0926484,-0.0143865,0.09538,0.478549,0.75753,-0.025947,40,0,,STRICT_OOS,2025,0.961715,0,0.0230061,0.0924576,0.203971,0.451578,0.0312701,0.788729,0.362783,0.778952,0.628059,-0.0102264,0.068037,0.0578106,0.6,1,0.00667375,-0.0042917,0.00926206,-0.00447761,2.87671,1.94781e+09,-0.00526799,MARKET_SIDEWAYS,False,False,False,Disc=0.96 10D超額=+5.8% 產業超額=+6.8% outperf10=60% RSaccel=+0.0093 觸發=indep regime=MARKET_SIDEWAYS
2405,輔信,電腦及週邊設備業,2023-06-27,2023-06-28,14.8871,14.8871,0.25,14.3,14.3,0.0394384,0.828462,False,,,,,,0,,,,,,False,0.25,2023-07-04,14.7131,14.7131,F2_STRUCTURE,FAILED_PROBE,5,0.25,-0.00404042,-0.00404042,-0.0161617,-0.011688,0.0210165,-0.026004,0.0210165,-0.026004,,,,,1,0,,DISCOVERY,2023,0.971393,0.0103806,0.0276817,0.106557,0.212245,0.192771,0.040404,0.728291,0.440781,1.63515,2.60181,0.0156934,0.153509,0.169203,0.6,2,-0.00331963,-0.00652903,-0.00290743,-0.113433,4.41667,1.14829e+08,-0.0100438,MARKET_SIDEWAYS,False,False,False,Disc=0.97 10D超額=+16.9% 產業超額=+15.4% outperf10=60% RSaccel=-0.0029 觸發=indep regime=MARKET_SIDEWAYS
2408,南亞科,電子工業,2023-04-07,2023-04-10,68.17,74.171,0.25,64.1,69.7427,0.0597036,0.928253,False,,,,,,0,,,,,,False,0.25,2023-04-17,66.7328,72.6072,F4_TIME_5D,FAILED_PROBE,6,0.25,-0.00638397,-0.00638397,-0.0255359,-0.0210833,0.0253777,-0.0274314,0.0253777,-0.0274314,,,,,1.25,0,,DISCOVERY,2023,0.986188,0.0346386,0.0331325,0.122382,0.17265,0.332039,0.0306122,0.972513,0.395788,1.87738,1.98036,-0.00272087,0.152545,0.149825,0.7,2,-0.00347601,0.000955835,0.0208302,-0.00290698,4.71429,8.6749e+08,0.00162737,MARKET_SIDEWAYS,False,False,False,Disc=0.99 10D超額=+15.0% 產業超額=+15.3% outperf10=70% RSaccel=+0.0208 觸發=indep regime=MARKET_SIDEWAYS
2409,友達,電子工業,2024-07-12,2024-07-15,19.8495,20.7559,0.25,18.25,19.0834,0.0805813,0.830374,False,,,,,,0,,,,,,False,0.25,2024-07-17,18.9026,19.7658,F3_RS_FAILURE,FAILED_PROBE,3,0.25,-0.0130238,-0.0130238,-0.0520954,-0.0477027,0,-0.047835,0,-0.047835,,,,,0.5,0,,DISCOVERY,2024,0.95288,-0.0026455,0.0449735,0.081303,0.0792349,0.125356,0.0231465,0.538364,0.2971,2.354,1.08389,0.0128246,0.0583154,0.07114,0.5,2,0.00823791,-0.00744917,0.0168951,-0.0505255,5.57812,1.61281e+09,-0.0193973,MARKET_UP,False,False,False,Disc=0.95 10D超額=+7.1% 產業超額=+5.8% outperf10=50% RSaccel=+0.0169 觸發=indep regime=MARKET_UP
2412,中華電,電子工業,2025-04-08,2025-04-09,126.315,147.06,0.25,122,142.036,0.0341606,0.960145,False,,,,,,0,,,,,,False,0.25,2025-04-10,128.678,149.81,F2_STRUCTURE,FAILED_PROBE,2,0.25,0.00354029,0.00354029,0.0141612,0.0187032,0.0212564,-0.0104105,0.0212564,-0.0104105,,,,,0.25,0,,STRICT_OOS,2025,0.983696,0.0120968,0.0241935,-0.0122497,-0.0078125,0.0241935,0.0146232,0.469881,0.209671,2.56528,1.93459,-0.0706466,0.216381,0.145735,0.6,1,0.0206334,-0.0109756,0.0198672,-0.0230769,4.30769,1.54484e+09,-0.0401615,MARKET_DOWN,False,False,False,Disc=0.98 10D超額=+14.6% 產業超額=+21.6% outperf10=60% RSaccel=+0.0199 觸發=indep regime=MARKET_DOWN
2412,中華電,電子工業,2026-07-28,2026-07-29,141.352,177.539,0.25,137.5,172.7,0.0272546,0.92921,False,,,,,,0,,,,,,False,0.25,2026-08-03,138.154,173.521,F2_STRUCTURE,FAILED_PROBE,4,0.25,-0.00676967,-0.00676967,-0.0270787,-0.0226296,0.008118,-0.02018,0.008118,-0.02018,,,,,0.75,0,,STRICT_OOS,2026,0.980117,0,0.00355872,0.032132,0.0314044,0.0769075,0.0156569,0.316144,0.123401,0.82317,0.749083,-0.0555366,0.185753,0.130216,0.6,3,0.0271389,-0.021108,0.0163756,-0.00367742,3.6238,3.00035e+09,-0.0465422,MARKET_SIDEWAYS,False,False,False,Disc=0.98 10D超額=+13.0% 產業超額=+18.6% outperf10=60% RSaccel=+0.0164 觸發=indep regime=MARKET_SIDEWAYS
2415,錩新,電子零組件業,2026-07-02,2026-07-03,37.7942,47.6504,0.25,35.2,44.3796,0.0686414,0.8125,False,,,,,,0,,,,,,False,0.25,2026-07-14,36.8078,46.4066,F2_STRUCTURE,FAILED_PROBE,7,0.25,-0.00763579,-0.00763579,-0.0305431,-0.0261019,0.131124,-0.0659955,0.131124,-0.0659955,,,,,1.5,0,,STRICT_OOS,2026,0.980973,-0.0230041,0.014885,0.205982,0.341682,0.223491,0.0495238,0.528676,0.531681,0.736106,2.68548,0.0206822,0.202146,0.222829,0.6,2,0.0167803,-0.0154599,-0.0149568,-0.0359897,4.98077,3.5933e+07,-0.00584509,MARKET_SIDEWAYS,False,False,False,Disc=0.98 10D超額=+22.3% 產業超額=+20.2% outperf10=60% RSaccel=-0.0150 觸發=indep regime=MARKET_SIDEWAYS
2417,圓剛,電腦及週邊設備業,2024-12-17,2024-12-18,44.4108,41.3533,0.25,41.55,38.6895,0.0644157,0.917025,True,2024-12-20,47.15,43.904,persist,2,1,2024-12-23,47.1175,43.8737,,,True,1,2025-01-13,46.2341,43.0512,TREND_FAILURE_MA20x2,EXIT,18,1,-0.00828845,-0.00828845,-0.00828845,0.0410571,0.184398,-0.0373952,0.125854,-0.0373952,0.0609481,-0.0187483,0.116358,-0.075715,14.75,0,,DISCOVERY,2024,0.962617,0.0070922,0.0638298,0.0997067,0.143583,0.0285714,0.0331746,0.948854,0.376292,5.42646,2.35614,-0.0470786,0.15043,0.103352,0.6,1,0.00991383,-0.0140427,0.0170153,-0.264706,4.15311,6.87152e+07,-0.000950091,MARKET_SIDEWAYS,False,False,False,Disc=0.96 10D超額=+10.3% 產業超額=+15.0% outperf10=60% RSaccel=+0.0170 觸發=indep regime=MARKET_SIDEWAYS
2421,建準,電子零組件業,2023-03-14,2023-03-15,47.4182,51.7082,0.25,44.65,48.6895,0.0583794,0.88767,True,2023-03-22,50.5,55.0688,persist,5,1,2023-03-23,50.8268,55.4251,,,True,1,2023-04-27,51.87,56.5627,TREND_FAILURE_MA20x2,EXIT,29,1,0.0342774,0.0342774,0.0342774,0.0938826,0.197851,-0.00565711,0.0818619,-0.00565711,0.0718816,0.0205256,0.117522,-0.0142986,23.5,0,,DISCOVERY,2023,0.975104,-0.0010846,0.0184382,0.0747396,0.115202,-0.0239085,0.0195497,0.680832,0.183484,2.61367,2.27936,0.00742675,0.0836179,0.0910446,0.7,2,0.00758346,-0.00382832,0.0122101,-0.055332,4.19455,6.0571e+07,-0.0128576,MARKET_SIDEWAYS,False,False,False,Disc=0.98 10D超額=+9.1% 產業超額=+8.4% outperf10=70% RSaccel=+0.0122 觸發=indep regime=MARKET_SIDEWAYS
2425,承啟,電腦及週邊設備業,2023-10-13,2023-10-16,50.4258,53.4689,0.25,46.3,49.0942,0.0818183,0.89312,False,,,,,,0,,,,,,False,0.25,2023-10-18,46.9324,49.7647,F3_RS_FAILURE,FAILED_PROBE,3,0.25,-0.0184054,-0.0184054,-0.0736217,-0.0692776,0.0232867,-0.0768605,0.0232867,-0.0768605,,,,,0.5,0,,DISCOVERY,2023,0.972265,0.00621118,0.0279503,0.0785272,0.128409,0.0746753,0.0312185,1.29044,0.288939,3.02236,1.64435,-0.00419618,0.104056,0.0998602,0.7,1,-0.0148711,0.00970894,0.0152046,-0.199194,4.09677,1.66777e+08,-0.00257579,MARKET_SIDEWAYS,False,False,False,Disc=0.97 10D超額=+10.0% 產業超額=+10.4% outperf10=70% RSaccel=+0.0152 觸發=indep regime=MARKET_SIDEWAYS
2427,三商電,電子工業,2023-10-30,2023-10-31,28.7717,30.7936,0.25,27.55,29.486,0.0424635,0.56465,False,,,,,,0,,,,,,False,0.25,2023-11-09,27.4811,29.4123,F1_PROBE_LOW,FAILED_PROBE,8,0.25,-0.0123141,-0.0123141,-0.0492565,-0.0448574,0.0635432,-0.028561,0.0635432,-0.028561,,,,,1.75,0,,DISCOVERY,2023,0.958398,0.0108696,0.0289855,0.0338551,0.100775,0.0597015,0.0552062,1.47539,0.5773,0.387739,1.77906,0.0192513,0.0399139,0.0591653,0.4,2,0.00530499,-0.0049292,-0.014066,-0.166079,3.79499,2.38488e+08,0.000934017,MARKET_SIDEWAYS,False,False,False,Disc=0.96 10D超額=+5.9% 產業超額=+4.0% outperf10=40% RSaccel=-0.0141 觸發=indep regime=MARKET_SIDEWAYS
2427,三商電,電子工業,2025-01-02,2025-01-03,28.2204,31.4359,0.25,26,28.9625,0.0786799,0.750739,False,,,,,,0,,,,,,False,0.25,2025-01-07,27.3315,30.4458,F3_RS_FAILURE,FAILED_PROBE,3,0.25,-0.00898169,-0.00898169,-0.0359268,-0.0314976,0.00813685,-0.0414727,0.00813685,-0.0414727,,,,,0.5,0,,STRICT_OOS,2025,0.959294,0.00378788,0.0700758,0.0455218,0.0907336,0.0620301,0.0331226,0.845713,0.534784,2.04232,0.542748,0.01515,0.0838317,0.0989816,0.4,2,0.0189099,-0.0128832,0.0168899,-0.251072,3.84733,8.92938e+07,-0.00881437,MARKET_SIDEWAYS,False,False,False,Disc=0.96 10D超額=+9.9% 產業超額=+8.4% outperf10=40% RSaccel=+0.0169 觸發=indep regime=MARKET_SIDEWAYS
2427,三商電,電子工業,2026-07-14,2026-07-15,26.2655,29.943,0.25,24.5,27.9303,0.0672175,0.781984,False,,,,,,0,,,,,,False,0.25,2026-07-17,24.3889,27.8037,F2_STRUCTURE,FAILED_PROBE,3,0.25,-0.0189469,-0.0189469,-0.0757875,-0.0714483,0.00892806,-0.0557956,0.00892806,-0.0557956,,,,,0.5,0,,STRICT_OOS,2026,0.956803,0,0.0137795,0.0948129,0.136865,0.149554,0.0454924,0.529183,0.580692,1.02891,1.37974,-0.0310216,0.196753,0.165731,0.5,3,0.00921001,-0.0215421,-0.000173182,-0.229042,4.31098,7.33405e+07,-0.0141596,MARKET_SIDEWAYS,False,False,False,Disc=0.96 10D超額=+16.6% 產業超額=+19.7% outperf10=50% RSaccel=-0.0002 觸發=indep regime=MARKET_SIDEWAYS
2428,興勤,電子零組件業,2025-01-21,2025-01-22,166.415,190.785,0.25,152,174.259,0.0866208,0.848153,False,,,,,,0,,,,,,False,0.25,2025-02-07,162.094,185.831,F4_TIME_5D,FAILED_PROBE,6,0.25,-0.00760207,-0.00760207,-0.0304083,-0.0259667,0,-0.0385482,0,-0.0385482,,,,,1.25,0,,STRICT_OOS,2025,0.95481,0.0125,0.028125,0.0667964,0.0612903,-0.0294985,0.0236648,0.913409,0.300762,5.3378,2.01999,-0.0146491,0.0839879,0.0693388,0.5,1,0.00132507,-0.00698645,0.0112354,-0.102577,3.85321,3.87935e+07,0.00142649,MARKET_SIDEWAYS,False,False,False,Disc=0.95 10D超額=+6.9% 產業超額=+8.4% outperf10=50% RSaccel=+0.0112 觸發=indep regime=MARKET_SIDEWAYS
2429,銘旺科,電子零組件業,2025-03-26,2025-03-27,65.0623,65.0622,0.25,61.6,61.6,0.0532144,0.824708,False,,,,,,0,,,,,,False,0.25,2025-03-27,61.446,61.446,F1_PROBE_LOW,FAILED_PROBE,1,0.25,-0.0149891,-0.0149891,-0.0599563,-0.0555814,0,0,,,,,,,0,0,,STRICT_OOS,2025,0.989376,0.00470958,0.0266876,0.281662,0.676923,1.10289,0.0659131,0.724936,0.75282,0.749909,1.64142,0.0031314,0.346133,0.349265,0.8,2,0.00473655,0.0101903,-0.0349518,-0.0562771,5.21955,8.48692e+08,-0.000579172,MARKET_SIDEWAYS,False,False,False,Disc=0.99 10D超額=+34.9% 產業超額=+34.6% outperf10=80% RSaccel=-0.0350 觸發=indep regime=MARKET_SIDEWAYS
2429,銘旺科,電子零組件業,2025-06-05,2025-06-06,63.1575,63.1575,0.25,59.1,59.1,0.0642442,0.902548,True,2025-06-10,78.6,78.6,persist,2,1,2025-06-11,78.0948,78.0947,,,True,1,2025-07-03,63.84,63.84,TREND_FAILURE_MA20x2,EXIT,20,1,-0.138395,-0.138395,-0.138395,0.0108063,0.244508,-0.0104105,0.244508,-0.0104105,0.236508,-0.182531,-0.00249377,-0.203532,16.75,0,,STRICT_OOS,2025,0.998503,0,0.0292683,0.12784,0.246063,0.358369,0.0424283,0.838422,0.55183,0.980317,1.47446,0.0234642,0.129213,0.152678,0.5,3,-0.00170033,-0.00314633,0.0226519,-0.0865801,4.17021,3.40047e+08,0.00260615,MARKET_UP,False,False,False,Disc=1.00 10D超額=+15.3% 產業超額=+12.9% outperf10=50% RSaccel=+0.0227 觸發=indep regime=MARKET_UP
2436,偉詮電,電子工業,2023-01-11,2023-01-12,47.0172,50.5424,0.25,43.6,46.8689,0.0726808,0.807786,False,,,,,,0,,,,,,False,0.25,2023-01-30,45.9848,49.4325,F3_RS_FAILURE,FAILED_PROBE,5,0.25,-0.00660266,-0.00660266,-0.0264106,-0.02196,0,-0.0407776,0,-0.0407776,,,,,1,0,,DISCOVERY,2023,0.972924,0.00570125,0.0570126,0.0810496,0.0498301,0.145859,0.0241177,1.24059,0.339053,5.18703,1.88953,-0.0031576,0.0578457,0.0546881,0.5,1,0.000404448,0.000114923,0.00776355,-0.501537,5.14377,3.94334e+07,-0.00348039,MARKET_SIDEWAYS,False,False,False,Disc=0.97 10D超額=+5.5% 產業超額=+5.8% outperf10=50% RSaccel=+0.0078 觸發=indep regime=MARKET_SIDEWAYS
2436,偉詮電,電子工業,2024-10-08,2024-10-09,66.8668,74.935,0.25,62.6,70.1534,0.0638097,0.785815,False,,,,,,0,,,,,,False,0.25,2024-10-09,62.4435,69.978,F1_PROBE_LOW,FAILED_PROBE,1,0.25,-0.0176253,-0.0176253,-0.0705014,-0.0661502,0,0,,,,,,,0,0,,DISCOVERY,2024,0.954717,0.0142631,0.0713154,0.158228,0.277883,0.102773,0.045224,0.967908,0.596552,2.46491,1.11377,-0.0129682,0.246746,0.233778,0.6,1,0.00337512,-0.00308692,-0.00664666,-0.135065,4.87383,3.9033e+08,-0.00401585,MARKET_UP,False,False,False,Disc=0.95 10D超額=+23.4% 產業超額=+24.7% outperf10=60% RSaccel=-0.0066 觸發=indep regime=MARKET_UP
2438,翔耀,電子工業,2023-04-21,2023-04-24,27.0174,27.0174,0.25,25.4,25.4,0.0598643,0.862706,False,,,,,,0,,,,,,False,0.25,2023-04-26,25.3365,25.3365,F1_PROBE_LOW,FAILED_PROBE,3,0.25,-0.0166437,-0.0166437,-0.0665746,-0.0622146,0.0178635,-0.0376563,0.0178635,-0.0376563,,,,,0.5,0,,DISCOVERY,2023,0.964889,-0.00381679,0.0305344,0.166055,0.602374,0.908127,0.0361111,0.305978,0.513998,0.900291,0.637061,-0.00798119,0.133837,0.125856,0.8,4,0.0137844,-0.0129306,-0.00651063,-0.00369004,4,3.4131e+07,-0.00665477,MARKET_SIDEWAYS,False,False,False,Disc=0.96 10D超額=+12.6% 產業超額=+13.4% outperf10=80% RSaccel=-0.0065 觸發=indep regime=MARKET_SIDEWAYS
2439,美律,電子工業,2025-11-07,2025-11-10,111.277,143.908,0.25,102,131.91,0.0833727,0.874536,False,,,,,,0,,,,,,False,0.25,2025-11-18,109.725,141.9,F4_TIME_5D,FAILED_PROBE,7,0.25,-0.00460505,-0.00460505,-0.0184202,-0.0139516,0.0469322,-0.0249601,0.0469322,-0.0249601,,,,,1.5,0,,STRICT_OOS,2025,0.974377,-0.00458716,0.0137615,0.0723991,0.0780488,-0.00133429,0.0259858,0.508849,0.265178,1.67117,1.6812,-0.015103,0.0681916,0.0530886,0.5,2,0.0165662,-0.0107682,0.0252074,-0.0864918,4.07463,2.65673e+08,-0.0088905,MARKET_SIDEWAYS,False,False,False,Disc=0.97 10D超額=+5.3% 產業超額=+6.8% outperf10=50% RSaccel=+0.0252 觸發=indep regime=MARKET_SIDEWAYS
2441,超豐,電子工業,2024-03-11,2024-03-12,64.962,77.6588,0.25,60.9,72.8029,0.0625288,0.79148,False,,,,,,0,,,,,,False,0.25,2024-03-18,62.7427,75.0058,F2_STRUCTURE,FAILED_PROBE,5,0.25,-0.00964636,-0.00964636,-0.0385854,-0.0341623,0.00982113,-0.0440565,0.00982113,-0.0440565,,,,,1,0,,DISCOVERY,2024,0.964853,0.00788644,0.0189275,0.0663585,0.0893761,0.0748752,0.0183547,0.537595,0.186487,2.51847,2.9147,-0.0514836,0.0679337,0.0164501,0.4,1,0.00575947,-0.00804369,0.0119702,-0.0372578,6.3253,1.06144e+08,-0.00299414,MARKET_UP,False,False,False,Disc=0.96 10D超額=+1.6% 產業超額=+6.8% outperf10=40% RSaccel=+0.0120 觸發=indep regime=MARKET_UP
2442,新美齊,電腦及週邊設備業,2024-03-11,2024-03-12,28.6214,31.9126,0.25,26.8,29.8818,0.0636369,0.799459,False,,,,,,0,,,,,,False,0.25,2024-03-18,27.4313,30.5856,F2_STRUCTURE,FAILED_PROBE,5,0.25,-0.011497,-0.011497,-0.0459881,-0.0415817,0.0237104,-0.0549022,0.0237104,-0.0549022,,,,,1,0,,DISCOVERY,2024,0.978458,0,0.0216217,0.0571455,0.0903846,0.224622,0.031872,0.626859,0.341757,0.843215,1.11503,-0.031575,0.0734767,0.0419017,0.5,2,0.00240669,-0.0106528,0.0126795,-0.013913,3.09881,6.62027e+07,-0.00299414,MARKET_UP,False,False,False,Disc=0.98 10D超額=+4.2% 產業超額=+7.3% outperf10=50% RSaccel=+0.0127 觸發=indep regime=MARKET_UP
2442,新美齊,電腦及週邊設備業,2024-11-21,2024-11-22,25.9146,29.6369,0.25,24.5,28.0191,0.0545878,0.794985,True,2024-11-26,27.05,30.9354,persist,2,1,2024-11-27,27.0675,30.9554,,,True,1,2024-11-27,25.536,29.2039,HARD_STOP,EXIT,4,1,-0.0504845,-0.0504845,-0.0504845,-0.0146105,0.0669651,-0.0121408,0.0669651,-0.0121408,0.0444874,-0.0565808,-0.00249377,-0.0560635,0.75,0,,DISCOVERY,2024,0.950585,0.00201613,0.0423387,0.0696183,0.111828,-0.212062,0.0273556,0.682785,0.314868,2.59227,1.17182,0.0363749,0.0638572,0.100232,0.6,2,0.014016,-0.0147424,0.00409484,-0.321889,3.25253,3.04617e+07,-0.00584881,MARKET_SIDEWAYS,False,False,False,Disc=0.95 10D超額=+10.0% 產業超額=+6.4% outperf10=60% RSaccel=+0.0041 觸發=indep regime=MARKET_SIDEWAYS
2449,京元電子,電子工業,2025-07-21,2025-07-22,114.786,146.481,0.25,109,139.097,0.0504089,0.829471,False,,,,,,0,,,,,,False,0.25,2025-07-31,114.712,146.387,F4_TIME_5D,FAILED_PROBE,8,0.25,-0.00128526,-0.00128526,-0.00514105,-0.0006425,0.0236418,-0.0416971,0.0236418,-0.0416971,,,,,1.75,0,,STRICT_OOS,2025,0.968992,0.00456621,0.0456621,0.110278,0.178121,0.4511,0.038222,1.15766,0.432207,1.74165,1.83558,5.8817e-05,0.0610472,0.0611061,0.6,1,0.00171339,0.00411329,0.0107526,-0.167901,4.19703,2.34136e+09,-0.00182054,MARKET_UP,False,False,False,Disc=0.97 10D超額=+6.1% 產業超額=+6.1% outperf10=60% RSaccel=+0.0108 觸發=indep regime=MARKET_UP
2451,創見,電子工業,2024-05-20,2024-05-21,112.28,138.238,0.25,103.5,127.428,0.0781974,0.936868,False,,,,,,0,,,,,,False,0.25,2024-05-29,111.221,136.935,F4_TIME_5D,FAILED_PROBE,7,0.25,-0.00347708,-0.00347708,-0.0139083,-0.00942956,0.0153188,-0.0336658,0.0153188,-0.0336658,,,,,1.5,0,,DISCOVERY,2024,0.953052,-0.00917431,0.0229358,0.138917,0.275744,0.395494,0.0287636,0.812425,0.239426,1.82565,1.61859,-0.0148503,0.127873,0.113023,0.7,1,0.00789412,-0.00287322,0.0142761,-0.0132743,4.73942,1.89017e+08,0.000619047,MARKET_UP,False,False,False,Disc=0.95 10D超額=+11.3% 產業超額=+12.8% outperf10=70% RSaccel=+0.0143 觸發=indep regime=MARKET_UP
2451,創見,電子工業,2025-04-17,2025-04-18,100.751,129.45,0.25,95.1,122.189,0.0560911,0.758313,False,,,,,,0,,,,,,False,0.25,2025-05-02,101.745,130.727,F2_STRUCTURE,FAILED_PROBE,10,0.25,0.0013353,0.0013353,0.00534121,0.0098634,0.071947,-0.0233372,0.071947,-0.0233372,,,,,2.25,0,,STRICT_OOS,2025,0.958904,0.00103199,0.0268318,0.0149436,-0.0339806,0.162383,0.0536971,0.95157,0.783608,0.720046,1.05212,-0.0250907,0.0730538,0.0479631,0.6,1,0.00633456,0.00105038,0.0143896,-0.250278,4.86631,1.32971e+08,-0.00664013,MARKET_SIDEWAYS,False,False,False,Disc=0.96 10D超額=+4.8% 產業超額=+7.3% outperf10=60% RSaccel=+0.0144 觸發=indep regime=MARKET_SIDEWAYS
2451,創見,電子工業,2025-09-15,2025-09-16,118.796,161.493,0.25,110,149.535,0.0740448,0.940554,False,,,,,,0,,,,,,False,0.25,2025-09-24,118.204,160.687,F3_RS_FAILURE,FAILED_PROBE,7,0.25,-0.00236908,-0.00236908,-0.00947631,-0.00498753,0.0480129,-0.0361649,0.0480129,-0.0361649,,,,,1.5,0,,STRICT_OOS,2025,0.973214,0.027027,0.0495495,0.134262,0.185148,0.226471,0.0313918,0.988563,0.337712,2.68796,1.97778,-0.0411301,0.164498,0.123368,0.8,1,0.00346168,-0.00498424,0.00375727,-0.0168776,5.46875,1.59494e+08,-0.00461165,MARKET_SIDEWAYS,False,False,False,Disc=0.97 10D超額=+12.3% 產業超額=+16.4% outperf10=80% RSaccel=+0.0038 觸發=indep regime=MARKET_SIDEWAYS
2454,聯發科,電子工業,2023-01-11,2023-01-12,711.775,833.676,0.25,665,778.89,0.065716,0.712665,False,,,,,,0,,,,,,False,0.25,2023-02-16,714.21,836.528,F2_STRUCTURE,FAILED_PROBE,18,0.25,-0.000271668,-0.000271668,-0.00108667,0.00342102,0.0579186,-0.0291876,0.0579186,-0.0291876,,,,,4.25,0,,DISCOVERY,2023,0.976534,0.00864553,0.018732,0.0726749,-0.00282087,0.202381,0.0244494,1.27237,0.3724,1.16382,1.21603,-0.00301685,0.0512383,0.0482215,0.4,1,-0.00544197,0.00920785,0.0192174,-0.292237,4.97521,4.01745e+09,-0.00348039,MARKET_SIDEWAYS,False,False,False,Disc=0.98 10D超額=+4.8% 產業超額=+5.1% outperf10=40% RSaccel=+0.0192 觸發=indep regime=MARKET_SIDEWAYS
2454,聯發科,電子工業,2023-10-13,2023-10-16,840.095,1089.46,0.25,790,1024.49,0.0596302,0.901976,False,,,,,,0,,,,,,False,0.25,2023-10-23,822.938,1067.21,F4_TIME_5D,FAILED_PROBE,6,0.25,-0.00621933,-0.00621933,-0.0248773,-0.0204233,0.0165517,-0.0477267,0.0165517,-0.0477267,,,,,1.25,0,,DISCOVERY,2023,0.96302,0.00613497,0.0331288,0.0979267,0.156593,0.232796,0.0219715,0.735054,0.298555,1.36997,1.14033,-0.0121772,0.123527,0.11135,0.5,1,0.0147906,-0.0016032,0.00681992,0,6.16216,5.87289e+09,-0.00257579,MARKET_SIDEWAYS,False,False,False,Disc=0.96 10D超額=+11.1% 產業超額=+12.4% outperf10=50% RSaccel=+0.0068 觸發=indep regime=MARKET_SIDEWAYS
2454,聯發科,電子工業,2024-01-30,2024-01-31,978.44,1302.49,0.25,926,1232.68,0.0535955,0.744884,False,,,,,,0,,,,,,False,0.25,2024-02-01,923.685,1229.6,F1_PROBE_LOW,FAILED_PROBE,2,0.25,-0.0150839,-0.0150839,-0.0603356,-0.0559615,0,-0.0208904,0,-0.0208904,,,,,0.25,0,,DISCOVERY,2024,0.951895,0,0.0266525,0.0434839,0.00766239,0.120767,0.0211393,0.915014,0.258083,1.26661,1.03998,-0.0353825,0.0717127,0.0363302,0.4,2,-0.0108212,0.000923919,0.00348058,-0.0630172,4.61754,7.30671e+09,-0.00469105,MARKET_SIDEWAYS,False,False,False,Disc=0.95 10D超額=+3.6% 產業超額=+7.2% outperf10=40% RSaccel=+0.0035 觸發=indep regime=MARKET_SIDEWAYS
2454,聯發科,電子工業,2024-05-08,2024-05-09,1102.75,1467.97,0.25,1035,1377.78,0.0614373,0.754559,True,2024-05-14,1155,1537.52,persist,3,1,2024-05-15,1172.92,1561.38,,,True,1,2024-07-16,1351.61,1839.05,TREND_FAILURE_MA20x2,EXIT,48,1,0.191629,0.191629,0.191629,0.252786,0.360236,-0.0206302,0.0519157,-0.0206302,0.0636364,0.177833,0.278854,-0.023808,44,0,,DISCOVERY,2024,0.955865,0.0334928,0.0478469,0.0434037,-0.0560345,0.137072,0.0360078,1.26999,0.494614,1.34535,0.799013,-0.00706147,0.0774174,0.0703559,0.6,1,-0.0102808,0.00178657,0.0185573,-0.141176,3.14493,8.07283e+09,0.00227467,MARKET_SIDEWAYS,False,False,False,Disc=0.96 10D超額=+7.0% 產業超額=+7.7% outperf10=60% RSaccel=+0.0186 觸發=indep regime=MARKET_SIDEWAYS
2457,飛宏,電子零組件業,2023-06-01,2023-06-02,83.007,83.007,0.25,75.9,75.9,0.0856193,0.804507,False,,,,,,0,,,,,,False,0.25,2023-06-08,81.5955,81.5955,F3_RS_FAILURE,FAILED_PROBE,5,0.25,-0.00536658,-0.00536658,-0.0214663,-0.0170046,0.0481044,-0.0181551,0.0481044,-0.0181551,,,,,1,0,,DISCOVERY,2023,0.953361,-0.00765306,0.0446429,0.101473,0.106757,0.746269,0.0402058,0.476506,0.448183,1.96141,1.17526,0.0166141,0.0383501,0.0549642,0.7,2,0.017314,-0.00680507,0.02255,-0.0108696,2.9154,3.00868e+09,-0.00399965,MARKET_UP,False,False,False,Disc=0.95 10D超額=+5.5% 產業超額=+3.8% outperf10=70% RSaccel=+0.0225 觸發=indep regime=MARKET_UP
2458,義隆,電子工業,2023-07-24,2023-07-25,120.3,146.998,0.25,110,134.413,0.0856192,0.819588,False,,,,,,0,,,,,,False,0.25,2023-07-26,114.713,140.171,F3_RS_FAILURE,FAILED_PROBE,2,0.25,-0.0127105,-0.0127105,-0.0508419,-0.0464464,0.00581879,-0.0565254,0.00581879,-0.0565254,,,,,0.25,0,,DISCOVERY,2023,0.950662,0,0.021645,0.0946704,0.18,0.264737,0.0372276,0.922856,0.34387,2.40719,2.31171,-0.0104773,0.122225,0.111748,0.7,3,0.0139291,-0.00187351,0.00124891,-0.0125523,3.41463,2.94786e+08,0.000170868,MARKET_SIDEWAYS,False,False,False,Disc=0.95 10D超額=+11.2% 產業超額=+12.2% outperf10=70% RSaccel=+0.0012 觸發=indep regime=MARKET_SIDEWAYS
2458,義隆,電子工業,2023-08-04,2023-08-07,122.305,153.289,0.25,110.169,138.078,0.0992293,0.859809,False,,,,,,0,,,,,,False,0.25,2023-08-08,118.204,148.149,F3_RS_FAILURE,FAILED_PROBE,2,0.25,-0.00948938,-0.00948938,-0.0379575,-0.033533,0.00568252,-0.0433752,0.00568252,-0.0433752,,,,,0.25,0,,DISCOVERY,2023,0.970624,0.0219298,0.0745614,0.0869565,0.134259,0.317204,0.0443149,0.732045,0.455397,3.95611,1.56917,-0.000102021,0.0886842,0.0885822,0.6,2,0.0176537,-0.00515078,0.0166623,-0.02,2.76316,4.97622e+08,-0.00296264,MARKET_SIDEWAYS,False,False,False,Disc=0.97 10D超額=+8.9% 產業超額=+8.9% outperf10=60% RSaccel=+0.0167 觸發=indep regime=MARKET_SIDEWAYS
2458,義隆,電子工業,2023-09-13,2023-09-14,144.861,181.56,0.25,134,167.947,0.0749769,0.931516,False,,,,,,0,,,,,,False,0.25,2023-09-21,136.159,170.652,F2_STRUCTURE,FAILED_PROBE,6,0.25,-0.0161099,-0.0161099,-0.0644396,-0.0600747,0.0251189,-0.057719,0.0251189,-0.057719,,,,,1.25,0,,DISCOVERY,2023,0.970543,-0.00711744,0.0213523,0.158192,0.226496,0.388564,0.0338477,0.761283,0.339658,1.41686,1.46807,0.0151975,0.198957,0.214155,0.9,2,0.00572064,0.00154721,0.00341674,0,5.14706,4.92123e+08,0.000530993,MARKET_SIDEWAYS,False,False,False,Disc=0.97 10D超額=+21.4% 產業超額=+19.9% outperf10=90% RSaccel=+0.0034 觸發=indep regime=MARKET_SIDEWAYS
2460,建通,電子零組件業,2024-02-23,2024-02-26,40.3005,41.0055,0.25,36.6,37.2402,0.0918226,0.871371,False,,,,,,0,,,,,,False,0.25,2024-03-05,39.4511,40.1412,F4_TIME_5D,FAILED_PROBE,6,0.25,-0.00638216,-0.00638216,-0.0255286,-0.021076,0.0533368,-0.0310294,0.0533368,-0.0310294,,,,,1.25,0,,DISCOVERY,2024,0.981806,-0.00903226,0.0258065,0.200362,0.316225,0.5,0.0451033,0.745502,0.730149,1.6016,2.4766,0.0499751,0.201713,0.251688,0.7,3,0.014718,-0.00156064,0.00769411,-0.0304878,6.21912,1.94325e+08,0.00193128,MARKET_UP,False,False,False,Disc=0.98 10D超額=+25.2% 產業超額=+20.2% outperf10=70% RSaccel=+0.0077 觸發=indep regime=MARKET_UP
2464,盟立,電子工業,2024-05-31,2024-06-03,72.18,84.2766,0.25,63.9,74.609,0.114713,0.713527,False,,,,,,0,,,,,,False,0.25,2024-06-05,68.4285,79.8964,F3_RS_FAILURE,FAILED_PROBE,3,0.25,-0.0140893,-0.0140893,-0.0563573,-0.0519742,0.0432253,-0.0606816,0.0432253,-0.0606816,,,,,0.5,0,,DISCOVERY,2024,0.969061,0.00938967,0.0719875,0.225183,0.474704,0.75641,0.0645985,1.27865,0.713383,1.68698,1.79485,0.0487029,0.287945,0.336648,0.5,2,0.000577643,0.0235635,-0.0156295,-0.0432961,4.91525,1.67845e+09,-0.00890544,MARKET_SIDEWAYS,False,False,False,Disc=0.97 10D超額=+33.7% 產業超額=+28.8% outperf10=50% RSaccel=-0.0156 觸發=indep regime=MARKET_SIDEWAYS
2466,冠西電,光電業,2025-11-19,2025-11-20,55.5385,60.9943,0.25,52.3,57.4377,0.0583109,0.84162,False,,,,,,0,,,,,,False,0.25,2025-11-24,53.466,58.7182,F2_STRUCTURE,FAILED_PROBE,3,0.25,-0.0104331,-0.0104331,-0.0417325,-0.0373165,0.0155118,-0.0493081,0.0155118,-0.0493081,,,,,0.5,0,,STRICT_OOS,2025,0.955182,0,0.0317757,0.0707531,0.0454545,-0.196507,0.0590709,0.557243,0.553965,0.893231,1.32293,-0.0433461,0.2132,0.169854,0.6,1,-0.00216895,-0.016631,0.019943,-0.52,2.72946,3.75477e+07,-0.00657793,MARKET_SIDEWAYS,False,False,False,Disc=0.96 10D超額=+17.0% 產業超額=+21.3% outperf10=60% RSaccel=+0.0199 觸發=indep regime=MARKET_SIDEWAYS
2467,志聖,電子零組件業,2024-01-05,2024-01-08,68.2702,86.5783,0.25,63.1,80.0216,0.0757321,0.848945,False,,,,,,0,,,,,,False,0.25,2024-01-15,69.027,87.538,F4_TIME_5D,FAILED_PROBE,6,0.25,0.00163992,0.00163992,0.00655968,0.0110846,0.0795332,-0.0391129,0.0795332,-0.0391129,,,,,1.25,0,,DISCOVERY,2024,0.984615,0,0.0579937,0.074413,0.0546875,0.523702,0.0383069,0.599036,0.530617,1.78672,2.33538,-0.00600671,0.108551,0.102544,0.5,2,0.00600897,-0.00624507,0.0169258,-0.0329513,4.60221,9.82544e+07,-0.0017385,MARKET_SIDEWAYS,False,False,False,Disc=0.98 10D超額=+10.3% 產業超額=+10.9% outperf10=50% RSaccel=+0.0169 觸發=indep regime=MARKET_SIDEWAYS
2474,可成,電子工業,2024-08-02,2024-08-05,214.034,269.25,0.25,211,265.434,0.0141742,0.756,False,,,,,,0,,,,,,False,0.25,2024-08-05,210.473,264.77,F1_PROBE_LOW,FAILED_PROBE,1,0.25,-0.00527531,-0.00527531,-0.0211012,-0.0166387,0,0,,,,,,,0,0,,DISCOVERY,2024,0.962025,-0.0160183,0.00228833,0.00631821,-0.0415755,-0.000928024,0.030985,0.494461,0.435544,0.93919,0.64727,-0.0122847,0.106554,0.0942694,0.7,2,0.0126122,-0.00898752,0.0107942,-0.0675328,3.31579,6.89779e+08,-0.0443426,MARKET_SIDEWAYS,False,False,False,Disc=0.96 10D超額=+9.4% 產業超額=+10.7% outperf10=70% RSaccel=+0.0108 觸發=indep regime=MARKET_SIDEWAYS
2478,大毅,電子工業,2025-09-24,2025-09-25,51.6287,65.5574,0.25,47.25,59.9973,0.0848123,0.870928,False,,,,,,0,,,,,,False,0.25,2025-10-03,50.5733,64.2172,F4_TIME_5D,FAILED_PROBE,6,0.25,-0.00622451,-0.00622451,-0.024898,-0.020444,0.084667,-0.0296104,0.084667,-0.0296104,,,,,1.25,0,,STRICT_OOS,2025,0.987883,-0.00103306,0.0599174,0.160437,0.17931,0.224344,0.0386383,1.0613,0.506362,4.22752,3.52923,-0.0222151,0.208163,0.185948,0.5,2,0.0039101,-0.00317083,0.00994559,-0.0209924,5.6,5.28583e+07,-0.00192934,MARKET_UP,False,False,False,Disc=0.99 10D超額=+18.6% 產業超額=+20.8% outperf10=50% RSaccel=+0.0099 觸發=indep regime=MARKET_UP
2480,敦陽科,電子工業,2024-08-08,2024-08-09,116.791,147.356,0.25,110,138.788,0.0581486,0.687974,False,,,,,,0,,,,,,False,0.25,2024-08-12,116.209,146.621,F2_STRUCTURE,FAILED_PROBE,2,0.25,-0.00236908,-0.00236908,-0.0094763,-0.00498753,0.0103497,-0.00677491,0.0103497,-0.00677491,,,,,0.25,0,,DISCOVERY,2024,0.957173,-0.00865801,0.012987,0.00623522,0.00429184,-0.0202013,0.026862,0.46799,0.249688,0.491181,1.06153,-0.02079,0.10831,0.0875198,0.4,2,0.0211372,-0.0145707,-0.00817259,-0.0717697,3.18182,3.6443e+07,-0.0199659,MARKET_DOWN,False,False,False,Disc=0.96 10D超額=+8.8% 產業超額=+10.8% outperf10=40% RSaccel=-0.0082 觸發=indep regime=MARKET_DOWN
2480,敦陽科,電子工業,2026-07-02,2026-07-03,160.901,224.296,0.25,150.5,209.797,0.0646437,0.779391,True,2026-07-07,162,225.828,persist,2,1,2026-07-08,162.405,226.393,,,True,1,2026-07-08,158.602,221.092,HARD_STOP,EXIT,4,1,-0.0255844,-0.0255844,-0.0255844,-0.0142867,0.0379037,-0.0118163,0.0379037,-0.0118163,0.00934579,-0.0234137,0.0128998,-0.0240448,0.75,0,,STRICT_OOS,2026,0.957717,-0.00320513,0.0320513,0.0610245,0.0557333,0.223431,0.0279952,0.459428,0.282424,1.06944,0.949454,0.00831607,0.0643162,0.0726322,0.5,1,0.0170408,-0.0156812,0.00127617,-0.08408,2.99518,9.05573e+07,-0.00584509,MARKET_SIDEWAYS,False,False,False,Disc=0.96 10D超額=+7.3% 產業超額=+6.4% outperf10=50% RSaccel=+0.0013 觸發=indep regime=MARKET_SIDEWAYS
2481,強茂,電子工業,2023-07-17,2023-07-18,82.205,87.9479,0.25,74.7,79.9186,0.0912962,0.718913,False,,,,,,0,,,,,,False,0.25,2023-07-20,77.406,82.8136,F3_RS_FAILURE,FAILED_PROBE,3,0.25,-0.0156868,-0.0156868,-0.0627471,-0.0583784,0.0340004,-0.0633173,0.0340004,-0.0633173,,,,,0.5,0,,DISCOVERY,2023,0.952264,0,0.0269231,0.122635,0.147564,0.134561,0.0318352,1.09487,0.476172,2.57002,3.15786,0.0234024,0.116138,0.13954,0.6,2,-0.0023522,0.00659541,-0.00975232,-0.0183823,5.37255,7.30595e+08,0.00292646,MARKET_SIDEWAYS,False,False,False,Disc=0.95 10D超額=+14.0% 產業超額=+11.6% outperf10=60% RSaccel=-0.0098 觸發=indep regime=MARKET_SIDEWAYS
2481,強茂,電子工業,2025-02-24,2025-02-25,56.942,64.7284,0.25,53.4,60.7021,0.0622036,0.939089,False,,,,,,0,,,,,,False,0.25,2025-03-04,53.1668,60.4369,F2_STRUCTURE,FAILED_PROBE,5,0.25,-0.0176627,-0.0176627,-0.0706508,-0.0662999,0,-0.0604475,0,-0.0604475,,,,,1,0,,STRICT_OOS,2025,0.98613,-0.00537634,0.0197132,0.142284,0.189133,0.111328,0.0249184,0.867148,0.299178,2.20603,2.23777,0.0358911,0.127476,0.163367,0.8,2,0.00126405,-0.00343089,0.0163357,-0.161243,6.13602,7.12913e+07,-0.00695062,MARKET_SIDEWAYS,False,False,False,Disc=0.99 10D超額=+16.3% 產業超額=+12.7% outperf10=80% RSaccel=+0.0163 觸發=indep regime=MARKET_SIDEWAYS
2481,強茂,電子工業,2025-05-22,2025-05-23,54.0347,61.4236,0.25,49.4,56.1551,0.0857735,0.926489,False,,,,,,0,,,,,,False,0.25,2025-05-27,50.7728,57.7155,F3_RS_FAILURE,FAILED_PROBE,3,0.25,-0.0161832,-0.0161832,-0.0647327,-0.0603686,0.0197142,-0.0672669,0.0197142,-0.0672669,,,,,0.5,0,,STRICT_OOS,2025,0.977778,0.015625,0.046875,0.156606,0.222349,-0.0394265,0.0325826,1.09829,0.35913,3.23575,1.94418,-0.00567725,0.19441,0.188733,0.8,2,-0.0116978,0.00413683,0.0140432,-0.209888,6.12679,9.75977e+07,-0.00609753,MARKET_UP,False,False,False,Disc=0.98 10D超額=+18.9% 產業超額=+19.4% outperf10=80% RSaccel=+0.0140 觸發=indep regime=MARKET_UP
2482,連宇,電子工業,2023-06-19,2023-06-20,77.794,77.794,0.25,72.5,72.5,0.0680515,0.782958,False,,,,,,0,,,,,,False,0.25,2023-06-21,72.7178,72.7177,F3_RS_FAILURE,FAILED_PROBE,2,0.25,-0.0174014,-0.0174014,-0.0696056,-0.0652525,0.0257861,-0.057768,0.0257861,-0.057768,,,,,0.25,0,,DISCOVERY,2023,0.966208,0.00939597,0.0228188,0.117548,0.174114,0.243067,0.0560555,1.09771,0.606645,0.947898,1.68302,-0.0104352,0.0942255,0.0837903,0.6,2,0.0169193,-0.00435375,0.0081749,-0.0230769,2.90301,8.03661e+08,-0.000830012,MARKET_UP,False,False,False,Disc=0.97 10D超額=+8.4% 產業超額=+9.4% outperf10=60% RSaccel=+0.0082 觸發=indep regime=MARKET_UP
2486,一詮,電子工業,2023-03-14,2023-03-15,28.471,29.4421,0.25,25.95,26.8352,0.0885463,0.662378,False,,,,,,0,,,,,,False,0.25,2023-03-22,28.2293,29.1921,F4_TIME_5D,FAILED_PROBE,6,0.25,-0.003243,-0.003243,-0.012972,-0.00849112,0.0431667,-0.0411296,0.0431667,-0.0411296,,,,,1.25,0,,DISCOVERY,2023,0.961272,-0.0148699,0.0446097,0.130216,0.243363,0.0891473,0.0452466,1.12949,0.614454,1.16192,2.21409,0.0102249,0.197317,0.207542,0.4,1,0.00327989,0.0114429,-0.00919228,-0.445053,5.46629,1.97417e+08,-0.0128576,MARKET_SIDEWAYS,False,False,False,Disc=0.96 10D超額=+20.8% 產業超額=+19.7% outperf10=40% RSaccel=-0.0092 觸發=indep regime=MARKET_SIDEWAYS
2486,一詮,電子工業,2023-12-29,2024-01-02,48.0197,50.1186,0.25,43.55,45.4535,0.0930815,0.759067,False,,,,,,0,,,,,,False,0.25,2024-01-09,46.3339,48.359,F2_STRUCTURE,FAILED_PROBE,6,0.25,-0.00988224,-0.00988224,-0.039529,-0.035108,0.0933002,-0.0451845,0.0933002,-0.0451845,,,,,1.25,0,,DISCOVERY,2024,0.95424,0.0102273,0.0636364,0.0571493,0.0229508,-0.0526316,0.0289988,1.25874,0.303549,7.0882,1.72701,-0.00848388,0.066111,0.0576271,0.5,1,-0.00903148,-0.0047459,0.0107395,-0.144424,4.31053,2.51281e+08,0.00114124,MARKET_UP,False,False,False,Disc=0.95 10D超額=+5.8% 產業超額=+6.6% outperf10=50% RSaccel=+0.0107 觸發=indep regime=MARKET_UP
2489,瑞軒,電子工業,2023-05-03,2023-05-04,11.8295,12.9319,0.25,11.15,12.1891,0.0574412,0.928935,True,2023-05-08,12.55,13.7195,persist,2,1,2023-05-09,12.5312,13.699,,,True,1,2023-07-14,14.0648,15.3754,TREND_FAILURE_MA20x2,EXIT,50,1,0.134207,0.134207,0.134207,0.188956,0.318737,-0.00249377,0.060907,-0.00249377,0.0593221,0.122374,0.244888,-0.0543642,46.75,0,,DISCOVERY,2023,0.962865,-0.00869565,0.026087,0.11716,0.162562,0.18,0.0254237,0.641259,0.192673,1.96866,1.95323,-0.0242131,0.173314,0.149101,0.8,1,0.00416486,-0.00172896,0.00521655,-0.169643,5.33333,3.23843e+07,-0.00531258,MARKET_SIDEWAYS,False,False,False,Disc=0.96 10D超額=+14.9% 產業超額=+17.3% outperf10=80% RSaccel=+0.0052 觸發=indep regime=MARKET_SIDEWAYS
2493,揚博,電子零組件業,2024-04-11,2024-04-12,102.255,124.204,0.25,95.9,116.485,0.0621485,0.822778,False,,,,,,0,,,,,,False,0.25,2024-04-17,96.8572,117.647,F2_STRUCTURE,FAILED_PROBE,4,0.25,-0.0142921,-0.0142921,-0.0571684,-0.0527871,0.0855215,-0.0513911,0.0855215,-0.0513911,,,,,0.75,0,,DISCOVERY,2024,0.951249,0.0271116,0.0531804,0.0924824,0.13867,0.230207,0.0283593,0.592287,0.40656,2.37755,1.02218,-0.0107437,0.114436,0.103692,0.5,2,0.0107033,-0.00817311,0.00436411,-0.00980392,4.60848,5.10188e+07,-0.000496544,MARKET_UP,False,False,False,Disc=0.95 10D超額=+10.4% 產業超額=+11.4% outperf10=50% RSaccel=+0.0044 觸發=indep regime=MARKET_UP
2495,普安,其他電子業,2025-11-18,2025-11-19,27.8194,32.3101,0.25,26.1,30.3131,0.0618049,0.943999,False,,,,,,0,,,,,,False,0.25,2025-11-19,26.0348,30.2374,F1_PROBE_LOW,FAILED_PROBE,1,0.25,-0.0171265,-0.0171265,-0.0685061,-0.0641504,0,0,,,,,,,0,0,,STRICT_OOS,2025,0.98324,0.011194,0.0503731,0.140484,0.0953308,0.379902,0.0490992,0.838209,0.480488,3.18162,2.31036,-0.0404907,0.323526,0.283035,0.8,2,0.0195389,0.00400333,0.0128891,-0.23877,4.84755,1.99823e+08,-0.0251824,MARKET_SIDEWAYS,False,False,False,Disc=0.98 10D超額=+28.3% 產業超額=+32.4% outperf10=80% RSaccel=+0.0129 觸發=indep regime=MARKET_SIDEWAYS
2498,宏達電,電子工業,2023-02-06,2023-02-07,67.368,67.368,0.25,64,64,0.0499941,0.879596,False,,,,,,0,,,,,,False,0.25,2023-02-13,65.436,65.436,F3_RS_FAILURE,FAILED_PROBE,5,0.25,-0.00827845,-0.00827845,-0.0331138,-0.0286783,0.00492815,-0.0306971,0.00492815,-0.0306971,,,,,1,0,,DISCOVERY,2023,0.952297,0.0184332,0.0552995,0.153846,0.203152,0.349705,0.033063,1.12595,0.48563,2.52574,2.02642,0.0177515,0.103176,0.120928,0.5,1,0.0125656,0.000397607,0.0264135,-0.0378151,5.45912,1.78828e+09,-0.013449,MARKET_UP,False,False,False,Disc=0.95 10D超額=+12.1% 產業超額=+10.3% outperf10=50% RSaccel=+0.0264 觸發=indep regime=MARKET_UP
2501,國建,建材營造,2023-12-29,2024-01-02,18.5463,20.8925,0.25,17.3,19.4886,0.0671969,0.821009,False,,,,,,0,,,,,,False,0.25,2024-01-10,18.354,20.6759,F4_TIME_5D,FAILED_PROBE,7,0.25,-0.00371066,-0.00371066,-0.0148426,-0.010366,0.0190739,-0.0186696,0.0190739,-0.0186696,,,,,1.5,0,,DISCOVERY,2024,0.952894,0.0112994,0.0254238,0.0749186,0.134375,0.21,0.0192838,0.613959,0.207424,1.43632,0.727054,-0.00294401,0.0315097,0.0285656,0.6,1,0.00792142,-0.000479194,0.00624757,-0.00547945,4.28572,5.5882e+07,0.00114124,MARKET_UP,False,False,False,Disc=0.95 10D超額=+2.9% 產業超額=+3.2% outperf10=60% RSaccel=+0.0062 觸發=indep regime=MARKET_UP
2504,國產,建材營造,2024-09-10,2024-09-11,56.14,72.2812,0.25,54.8,70.556,0.0238689,0.850524,False,,,,,,0,,,,,,False,0.25,2024-09-11,54.663,70.3796,F1_PROBE_LOW,FAILED_PROBE,1,0.25,-0.0076875,-0.0076875,-0.03075,-0.0263092,0,0,,,,,,,0,0,,DISCOVERY,2024,0.985806,0.0162162,0.0162162,0.0593539,0.13253,0.230512,0.0324215,0.657612,0.266146,0.837817,1.18801,-0.0273902,0.158376,0.130986,0.8,2,0.0173754,-0.00634645,-0.00815926,-0.0191304,2.89844,2.94651e+08,-0.00380053,MARKET_SIDEWAYS,False,False,False,Disc=0.99 10D超額=+13.1% 產業超額=+15.8% outperf10=80% RSaccel=-0.0082 觸發=indep regime=MARKET_SIDEWAYS
2505,國揚,建材營造,2023-12-28,2023-12-29,23.3583,25.2393,0.25,22,23.7716,0.0581486,0.873727,False,,,,,,0,,,,,,False,0.25,2024-01-10,22.9924,24.8439,F2_STRUCTURE,FAILED_PROBE,8,0.25,-0.0050321,-0.0050321,-0.0201284,-0.0156636,0.0360365,-0.0281806,0.0360365,-0.0281806,,,,,1.75,0,,DISCOVERY,2023,0.986559,0.00217865,0.0283224,0.15474,0.255319,0.279133,0.028753,0.429606,0.354922,0.974725,0.907401,-0.0156864,0.233489,0.217803,0.9,3,0.00576932,-0.00685979,-0.00451135,0,6.41053,3.01789e+07,0.00105469,MARKET_UP,False,False,False,Disc=0.99 10D超額=+21.8% 產業超額=+23.3% outperf10=90% RSaccel=-0.0045 觸發=indep regime=MARKET_UP
2505,國揚,建材營造,2024-03-28,2024-03-29,28.3707,30.6554,0.25,26.35,28.4719,0.0712265,0.894749,False,,,,,,0,,,,,,False,0.25,2024-04-03,27.8801,30.1253,F3_RS_FAILURE,FAILED_PROBE,4,0.25,-0.00543861,-0.00543861,-0.0217544,-0.0172933,0.0168924,-0.0412661,0.0168924,-0.0412661,,,,,0.75,0,,DISCOVERY,2024,0.962286,0,0.0317164,0.16556,0.220751,0.234375,0.0294498,0.470115,0.340222,1.81545,1.89341,0.0384517,0.18271,0.221162,0.9,3,-0.00389253,-0.00796847,0.0024604,-0.00180505,6.57018,3.11236e+07,-0.00265196,MARKET_UP,False,False,False,Disc=0.96 10D超額=+22.1% 產業超額=+18.3% outperf10=90% RSaccel=+0.0025 觸發=indep regime=MARKET_UP
2515,中工,建材營造,2023-04-17,2023-04-18,11.228,12.2506,0.25,10.65,11.6199,0.0514784,0.9429,False,,,,,,0,,,,,,False,0.25,2023-04-19,10.6234,11.5909,F1_PROBE_LOW,FAILED_PROBE,2,0.25,-0.0145571,-0.0145571,-0.0582285,-0.0538497,0.00195939,-0.0470253,0.00195939,-0.0470253,,,,,0.25,0,,DISCOVERY,2023,0.977089,0.0185185,0.0462963,0.181885,0.245865,0.384804,0.0258534,0.508065,0.447709,2.77174,3.57558,0.0149238,0.205067,0.21999,0.7,3,0.0185073,-0.0093058,0.0249463,-0.0258621,8.35208,2.79081e+08,0.00214195,MARKET_UP,False,False,False,Disc=0.98 10D超額=+22.0% 產業超額=+20.5% outperf10=70% RSaccel=+0.0249 觸發=indep regime=MARKET_UP
2515,中工,建材營造,2023-09-26,2023-09-27,10.6265,12.171,0.25,10.1,11.568,0.049546,0.861312,False,,,,,,0,,,,,,False,0.25,2023-10-05,10.374,11.8818,F2_STRUCTURE,FAILED_PROBE,6,0.25,-0.00705197,-0.00705197,-0.0282079,-0.0237614,0.0304428,-0.0260199,0.0304428,-0.0260199,,,,,1.25,0,,DISCOVERY,2023,0.955793,0,0.00947864,0.043095,0.0692772,-0.00180528,0.0164319,0.59006,0.175714,2.68985,1.63647,0.0351229,0.0372319,0.0723548,0.6,1,0.0101522,-0.00771086,0.013488,-0.0605227,3.42857,5.15932e+07,-0.0107074,MARKET_SIDEWAYS,False,False,False,Disc=0.96 10D超額=+7.2% 產業超額=+3.7% outperf10=60% RSaccel=+0.0135 觸發=indep regime=MARKET_SIDEWAYS
2515,中工,建材營造,2025-07-02,2025-07-03,11.9799,14.2352,0.25,11.35,13.4867,0.0525778,0.875588,False,,,,,,0,,,,,,False,0.25,2025-07-07,11.3715,13.5123,F3_RS_FAILURE,FAILED_PROBE,3,0.25,-0.0137922,-0.0137922,-0.0551688,-0.050783,0,-0.0484041,0,-0.0484041,,,,,0.5,0,,STRICT_OOS,2025,0.961948,-0.004329,0.030303,0.0894941,0.0672646,0.213048,0.0240096,0.836475,0.312905,2.49855,1.62488,-0.0129558,0.131032,0.118076,0.7,2,0.00110474,-0.0037845,0.008217,-0.249494,6.65,5.95301e+07,0.00106501,MARKET_SIDEWAYS,False,False,False,Disc=0.96 10D超額=+11.8% 產業超額=+13.1% outperf10=70% RSaccel=+0.0082 觸發=indep regime=MARKET_SIDEWAYS
2520,冠德,建材營造,2024-11-20,2024-11-21,55.9395,77.5864,0.25,52,72.1224,0.0704243,0.950459,True,2024-11-26,58.7,81.4151,persist,3,1,2024-11-27,59.0472,81.8967,,,True,1,2024-11-28,56.1593,77.8912,HARD_STOP,EXIT,6,1,-0.04012,-0.04012,-0.04012,0.00392844,0.0547109,-0.0132196,0.0547109,-0.0132196,0.0555556,-0.0489099,-0.00249377,-0.0465263,2,0,,DISCOVERY,2024,0.970475,0,0.023766,0.138327,0.186441,-0.042735,0.0317602,0.836481,0.312531,1.4093,1.36846,0.0404842,0.153849,0.194334,0.9,1,0.0127545,-0.00785194,0.00950789,-0.160387,4.69478,2.35994e+08,-0.00702181,MARKET_SIDEWAYS,False,False,False,Disc=0.97 10D超額=+19.4% 產業超額=+15.4% outperf10=90% RSaccel=+0.0095 觸發=indep regime=MARKET_SIDEWAYS
2524,京城,建材營造,2024-04-25,2024-04-26,51.2278,51.2278,0.25,48.75,48.75,0.0483673,0.735165,True,2024-04-30,54.5,54.5,persist,2,1,2024-05-02,55.4382,55.4383,,,True,1,2024-05-09,58.653,58.653,MFE_PROTECTION,EXIT,9,1,0.075048,0.075048,0.075048,0.144946,0.292268,-0.0220144,0.0990137,-0.0220144,0.0821918,0.0579879,0.194121,-0.0367661,5.75,0,,DISCOVERY,2024,0.974596,0,0.0159046,0.0959786,0.2343,0.624801,0.0579396,0.655678,0.686969,1.17806,2.30216,0.140068,-0.0188442,0.121223,0.6,2,-0.00729113,-0.0043336,0.00792501,-0.0675182,4.5766,4.24498e+07,-0.0136262,MARKET_SIDEWAYS,False,True,False,Disc=0.97 10D超額=+12.1% 產業超額=-1.9% outperf10=60% RSaccel=+0.0079 觸發=indep regime=MARKET_SIDEWAYS
2530,華建,建材營造,2023-12-05,2023-12-06,33.1326,33.8913,0.25,30.4,31.0961,0.0824754,0.940366,True,2023-12-12,34.55,35.3411,persist,4,1,2023-12-13,34.7868,35.5833,,,True,1,2024-05-09,46.8825,48.4573,TREND_FAILURE_MA20x2,EXIT,100,1,0.373443,0.373443,0.373443,0.429786,0.683447,-0.00249377,0.0548515,-0.00249377,0.0499243,0.361799,0.603398,-0.0139924,95.25,0,,DISCOVERY,2023,0.951548,0.00155521,0.0264386,0.146829,0.168142,0.312127,0.0229437,0.565676,0.317088,2.87485,2.18505,0.0193937,0.172749,0.192143,0.7,2,0.00327556,-0.00663332,0.022997,-0.011976,7.33019,3.64048e+07,-0.00536522,MARKET_UP,False,False,False,Disc=0.95 10D超額=+19.2% 產業超額=+17.3% outperf10=70% RSaccel=+0.0230 觸發=indep regime=MARKET_UP
2535,達欣工,建材營造,2025-05-06,2025-05-07,60.15,72.1806,0.25,56.2,67.4406,0.0656692,0.954232,False,,,,,,0,,,,,,False,0.25,2025-05-08,57.3562,68.8281,F3_RS_FAILURE,FAILED_PROBE,2,0.25,-0.0127105,-0.0127105,-0.0508419,-0.0464464,0,-0.0640067,0,-0.0640067,,,,,0.25,0,,STRICT_OOS,2025,0.950925,0.00670017,0.0217756,0.126865,0.23108,0.172131,0.020726,0.722934,0.470571,1.81099,1.55935,0.00620724,0.0815651,0.0877723,0.8,1,0.0142861,-0.00803932,0.0209003,0,7.19774,3.52139e+07,-0.000506502,MARKET_SIDEWAYS,False,False,False,Disc=0.95 10D超額=+8.8% 產業超額=+8.2% outperf10=80% RSaccel=+0.0209 觸發=indep regime=MARKET_SIDEWAYS
2538,基泰,建材營造,2023-08-25,2023-08-28,15.238,17.1919,0.25,14.45,16.3029,0.0517129,0.822727,False,,,,,,0,,,,,,False,0.25,2023-08-30,14.4139,16.2621,F1_PROBE_LOW,FAILED_PROBE,3,0.25,-0.0146155,-0.0146155,-0.0584619,-0.0540835,0.00735005,-0.0353065,0.00735005,-0.0353065,,,,,0.5,0,,DISCOVERY,2023,0.974126,0.00346021,0.0380623,0.121076,0.234568,0.209677,0.035,0.407749,0.447527,1.27478,2.09985,-0.0294252,0.181672,0.152247,0.8,2,0.0181567,-0.012422,-0.018372,-0.0536277,4.85714,3.18906e+07,-0.0172496,MARKET_DOWN,False,False,False,Disc=0.97 10D超額=+15.2% 產業超額=+18.2% outperf10=80% RSaccel=-0.0184 觸發=indep regime=MARKET_DOWN
2539,櫻花建,建材營造,2025-06-30,2025-07-01,66.165,117.88,0.25,62.3,110.994,0.0584145,0.847276,False,,,,,,0,,,,,,False,0.25,2025-07-08,65.2365,116.225,F4_TIME_5D,FAILED_PROBE,6,0.25,-0.00462538,-0.00462538,-0.0185015,-0.0140331,0.0428474,-0.0191189,0.0428474,-0.0191189,,,,,1.25,0,,STRICT_OOS,2025,0.955927,0,0.0278207,0.0680157,0.0973597,0.0455975,0.0191192,0.789201,0.165439,1.8956,1.32364,-0.0259525,0.0944004,0.0684479,0.6,2,0.0109741,-0.0118475,0.0155722,-0.119205,4.40449,4.2714e+07,-0.0143516,MARKET_UP,False,False,False,Disc=0.96 10D超額=+6.8% 產業超額=+9.4% outperf10=60% RSaccel=+0.0156 觸發=indep regime=MARKET_UP
2540,愛山林,建材營造,2023-08-14,2023-08-15,96.7413,182.929,0.25,91.5,173.018,0.054178,0.909141,False,,,,,,0,,,,,,False,0.25,2023-08-16,91.2713,172.585,F1_PROBE_LOW,FAILED_PROBE,2,0.25,-0.0152288,-0.0152288,-0.0609153,-0.0565425,0.0326515,-0.0366054,0.0326515,-0.0366054,,,,,0.25,0,,DISCOVERY,2023,0.963384,0.0163043,0.0489131,0.0806271,0.128655,0.24677,0.0315322,0.635345,0.32505,2.82553,1.36556,0.0271916,0.0982255,0.125417,0.7,1,0.0149706,-0.00446223,0.000159164,-0.028039,2.59624,3.92366e+07,-0.0125045,MARKET_DOWN,False,False,False,Disc=0.96 10D超額=+12.5% 產業超額=+9.8% outperf10=70% RSaccel=+0.0002 觸發=indep regime=MARKET_DOWN
2540,愛山林,建材營造,2023-09-20,2023-09-21,90.5258,234.679,0.25,81.7,211.799,0.0974944,0.970254,False,,,,,,0,,,,,,False,0.25,2023-09-22,84.7875,219.803,F3_RS_FAILURE,FAILED_PROBE,2,0.25,-0.0169364,-0.0169364,-0.0677454,-0.063388,0,-0.0765059,0,-0.0765059,,,,,0.25,0,,DISCOVERY,2023,0.986343,0,0.0313954,0.209864,0.286839,0.555068,0.0365777,0.553071,0.421026,1.50249,1.09394,-0.00297737,0.284507,0.28153,0.8,1,0.0168544,0.00066219,0.0312224,-0.0111483,7.09909,8.19148e+07,-0.00610532,MARKET_SIDEWAYS,False,False,False,Disc=0.99 10D超額=+28.2% 產業超額=+28.5% outperf10=80% RSaccel=+0.0312 觸發=indep regime=MARKET_SIDEWAYS
2540,愛山林,建材營造,2024-06-04,2024-06-05,175.939,459.22,0.25,162,422.838,0.079225,0.771825,False,,,,,,0,,,,,,False,0.25,2024-07-04,198.502,518.114,PROBE_MAX_LIFE,FAILED_PROBE,21,0.25,0.0308648,0.0308648,0.123459,0.128248,0.145285,-0.0195452,0.145285,-0.0195452,,,,,5,0,,DISCOVERY,2024,0.959296,0.00877193,0.0204678,0.0718673,0.0325444,0.93031,0.0444126,0.82163,0.500773,0.646861,0.853083,0.0531752,0.0284078,0.081583,0.6,2,0.0230097,0.0140777,0.0303357,-0.0251397,4.19355,4.18461e+08,-0.0083643,MARKET_SIDEWAYS,False,True,False,Disc=0.96 10D超額=+8.2% 產業超額=+2.8% outperf10=60% RSaccel=+0.0303 觸發=indep regime=MARKET_SIDEWAYS
2540,愛山林,建材營造,2025-04-16,2025-04-17,84.7113,336.411,0.25,82.5,327.63,0.0261034,0.702338,False,,,,,,0,,,,,,False,0.25,2025-04-18,82.2938,326.811,F1_PROBE_LOW,FAILED_PROBE,2,0.25,-0.00824346,-0.00824346,-0.0329739,-0.0285381,0.00104768,-0.00957665,0.00104768,-0.00957665,,,,,0.25,0,,STRICT_OOS,2025,0.962264,-0.00827423,0.00118202,0.0127339,-0.01854,-0.0528613,0.0478158,0.73694,0.678416,0.555274,0.80739,-0.0322448,0.109604,0.0773594,0.6,2,0.0161416,-0.00792408,0.00426734,-0.449271,3.33333,1.31359e+08,-0.0196231,MARKET_SIDEWAYS,False,False,False,Disc=0.96 10D超額=+7.7% 產業超額=+11.0% outperf10=60% RSaccel=+0.0043 觸發=indep regime=MARKET_SIDEWAYS
2540,愛山林,建材營造,2025-09-15,2025-09-16,83.408,331.236,0.25,76.6,304.199,0.0816229,0.763262,False,,,,,,0,,,,,,False,0.25,2025-09-23,82.4933,327.603,F4_TIME_5D,FAILED_PROBE,6,0.25,-0.00386062,-0.00386062,-0.0154425,-0.0109672,0.0430654,-0.0276712,0.0430654,-0.0276712,,,,,1.25,0,,STRICT_OOS,2025,0.952806,0.02133,0.0401506,0.0572631,0.0865006,0.126359,0.0390315,0.790725,0.491798,1.25196,0.806108,0.0108779,0.0265116,0.0373895,0.5,1,0.00552571,-0.014024,0.0139389,-0.417405,4.35762,1.41628e+08,-0.00461165,MARKET_SIDEWAYS,False,False,False,Disc=0.95 10D超額=+3.7% 產業超額=+2.7% outperf10=50% RSaccel=+0.0139 觸發=indep regime=MARKET_SIDEWAYS
2540,愛山林,建材營造,2026-07-28,2026-07-29,56.3405,317.231,0.25,52.9,297.859,0.0610662,0.854283,False,,,,,,0,,,,,,False,0.25,2026-08-05,55.7603,313.964,F2_STRUCTURE,FAILED_PROBE,6,0.25,-0.00369395,-0.00369395,-0.0147758,-0.010299,0.0969019,-0.00959346,0.0969019,-0.00959346,,,,,1.25,0,,STRICT_OOS,2026,0.977193,0,0.0294659,0.0398065,0.054717,0.0332717,0.0184002,0.362702,0.178826,4.49198,1.5314,0.0690788,0.0419551,0.111034,0.6,2,0.0317867,-0.0221317,0.0217181,-0.117406,3.5,3.22305e+07,-0.0465422,MARKET_SIDEWAYS,False,True,False,Disc=0.98 10D超額=+11.1% 產業超額=+4.2% outperf10=60% RSaccel=+0.0217 觸發=indep regime=MARKET_SIDEWAYS
2542,興富發,建材營造,2025-03-27,2025-03-28,45.9646,71.3034,0.25,44.55,69.1089,0.0307764,0.777115,False,,,,,,0,,,,,,False,0.25,2025-03-28,44.4386,68.9361,F1_PROBE_LOW,FAILED_PROBE,1,0.25,-0.0094062,-0.0094062,-0.0376248,-0.0331995,0,0,,,,,,,0,0,,STRICT_OOS,2025,0.961282,-0.00552486,0.0121547,0.0425084,0.0211817,0.0601852,0.0194947,0.394577,0.203901,1.84786,1.65096,0.0367238,0.0288441,0.065568,0.6,2,0.0156056,-0.0141418,0.00193221,-0.243896,3.528,1.79136e+08,-0.0138601,MARKET_DOWN,False,True,False,Disc=0.96 10D超額=+6.6% 產業超額=+2.9% outperf10=60% RSaccel=+0.0019 觸發=indep regime=MARKET_DOWN
2542,興富發,建材營造,2026-04-29,2026-04-30,40.3005,68.7136,0.25,38,64.7912,0.0570836,0.806981,False,,,,,,0,,,,,,False,0.25,2026-05-06,39.6008,67.5205,F3_RS_FAILURE,FAILED_PROBE,4,0.25,-0.00545607,-0.00545607,-0.0218243,-0.0173633,0.00495031,-0.0223446,0.00495031,-0.0223446,,,,,0.75,0,,STRICT_OOS,2026,0.951306,0.00383632,0.0383632,0.119382,0.146893,0.0726552,0.0291168,0.464719,0.458897,2.23673,2.44183,-0.100272,0.178493,0.0782205,0.4,1,0.00874996,-0.0171439,0.0126169,-0.0585572,6.17523,3.7142e+08,-0.00552177,MARKET_UP,False,False,False,Disc=0.95 10D超額=+7.8% 產業超額=+17.8% outperf10=40% RSaccel=+0.0126 觸發=indep regime=MARKET_UP
2542,興富發,建材營造,2026-08-19,2026-08-20,48.3205,82.388,0.25,45.8,78.0905,0.0521621,0.915747,False,,,,,,0,,,,,,False,0.25,2026-08-27,47.88,81.6369,F4_TIME_5D,FAILED_PROBE,6,0.25,-0.00339892,-0.00339892,-0.0135957,-0.00911621,0.0140624,-0.0252584,0.0140624,-0.0252584,,,,,1.25,0,,STRICT_OOS,2026,0.95122,-0.0052356,0.00837695,0.0739977,0.0747768,0.135613,0.015428,0.373043,0.208222,1.59152,1.68764,-0.000431756,0.0910925,0.0906608,0.8,2,0.0247185,-0.019777,0.0176574,-0.00103734,5.92308,3.74856e+08,-0.013007,MARKET_SIDEWAYS,False,False,False,Disc=0.95 10D超額=+9.1% 產業超額=+9.1% outperf10=80% RSaccel=+0.0177 觸發=indep regime=MARKET_SIDEWAYS
2543,皇昌,建材營造,2024-08-13,2024-08-14,67.1675,84.1816,0.25,61,76.4518,0.0918227,0.783296,False,,,,,,0,,,,,,False,0.25,2024-08-19,63.1418,79.1361,F3_RS_FAILURE,FAILED_PROBE,4,0.25,-0.0160753,-0.0160753,-0.0643011,-0.059936,0.0347266,-0.0546023,0.0347266,-0.0546023,,,,,0.75,0,,DISCOVERY,2024,0.971175,0.024077,0.0449438,0.0680886,0.138112,0.46235,0.07088,0.415125,0.702648,1.07906,1.18065,-0.0650945,0.109505,0.0444107,0.5,2,0.0225877,-0.00899706,0.00911757,-0.0355555,3.72755,8.84075e+08,0.00107058,MARKET_SIDEWAYS,False,False,False,Disc=0.97 10D超額=+4.4% 產業超額=+11.0% outperf10=50% RSaccel=+0.0091 觸發=indep regime=MARKET_SIDEWAYS
2543,皇昌,建材營造,2024-10-24,2024-10-25,85.012,135.734,0.25,79,126.135,0.0707194,0.915992,True,2024-10-30,96.4,153.917,persist,3,1,2024-11-01,95.6385,152.701,,,True,1,2024-11-08,89.6753,143.179,HARD_STOP,EXIT,10,1,-0.0374761,-0.0374761,-0.0374761,0.054854,0.163365,-0.00249377,0.157484,-0.00249377,0.125,-0.062352,0.0341024,-0.0903245,6,0,,DISCOVERY,2024,0.972569,0.0060241,0.0277108,0.191549,0.515585,0.764082,0.057904,0.656233,0.667396,1.08077,0.98191,-0.0697823,0.2122,0.142418,0.6,2,0.0203925,-0.00158542,0.0291914,-0.00582751,3.1792,1.42326e+09,-0.00609563,MARKET_SIDEWAYS,False,False,False,Disc=0.97 10D超額=+14.2% 產業超額=+21.2% outperf10=60% RSaccel=+0.0292 觸發=indep regime=MARKET_SIDEWAYS
2543,皇昌,建材營造,2025-02-03,2025-02-04,83.7088,135.06,0.25,77.5,125.042,0.0741708,0.748366,True,2025-02-06,90.6,146.179,persist,2,1,2025-02-07,91.1272,147.029,,,True,1,2025-03-04,98.2538,158.528,MFE_PROTECTION,EXIT,20,1,0.0973625,0.0973625,0.0973625,0.173757,0.373811,-0.0132453,0.119357,-0.0132453,0.0886227,0.0782038,0.261972,-0.03322,16.75,0,,STRICT_OOS,2025,0.981022,-0.0126582,0.056962,0.108608,0.162244,-0.0676366,0.0598491,0.778955,0.699484,1.93995,1.37029,0.0363874,0.0891441,0.125531,0.4,2,0.0105021,-0.00913297,0.0145064,-0.146826,4.00062,7.53932e+08,-0.0353108,MARKET_SIDEWAYS,False,False,False,Disc=0.98 10D超額=+12.6% 產業超額=+8.9% outperf10=40% RSaccel=+0.0145 觸發=indep regime=MARKET_SIDEWAYS
2546,根基,建材營造,2026-08-18,2026-08-19,107.267,201.983,0.25,99.5,187.357,0.0724124,0.939586,False,,,,,,0,,,,,,False,0.25,2026-08-27,106.733,200.976,F2_STRUCTURE,FAILED_PROBE,7,0.25,-0.00236908,-0.00236908,-0.00947631,-0.00498753,0.118699,-0.0351225,0.118699,-0.0351225,,,,,1.5,0,,STRICT_OOS,2026,0.977011,0.0142857,0.0190476,0.193942,0.28773,0.488653,0.0420527,0.428625,0.514811,1.04012,1.38833,-0.0380765,0.253811,0.215735,0.7,2,0.0303589,-0.0109623,0.00569148,0,5.27556,3.66292e+07,-0.011963,MARKET_SIDEWAYS,False,False,False,Disc=0.98 10D超額=+21.6% 產業超額=+25.4% outperf10=70% RSaccel=+0.0057 觸發=indep regime=MARKET_SIDEWAYS
2547,日勝生,建材營造,2025-03-14,2025-03-17,12.7317,14.3064,0.25,11.85,13.3156,0.069256,0.891377,True,2025-03-19,13.5,15.1697,persist,2,1,2025-03-20,13.6841,15.3766,,,True,1,2025-04-08,11.8703,13.3384,HARD_STOP,EXIT,15,1,-0.12057,-0.12057,-0.12057,-0.0676654,0.154594,-0.0182025,0.0799773,-0.0142753,0.0748032,-0.132553,0.0742375,-0.130379,11.75,0,,STRICT_OOS,2025,0.98543,0.0041841,0.0460251,0.0984183,0.141553,0.102273,0.0265714,0.546925,0.302459,3.3261,2.49498,0.0268255,0.136317,0.163142,0.7,3,0.00995104,-0.00602658,0.00140896,-0.0328053,5.41935,5.68219e+07,0.000290051,MARKET_DOWN,False,False,False,Disc=0.99 10D超額=+16.3% 產業超額=+13.6% outperf10=70% RSaccel=+0.0014 觸發=indep regime=MARKET_DOWN
2548,華固,建材營造,2024-11-12,2024-11-13,122.305,178.415,0.25,115.5,168.488,0.0556396,0.726492,True,2024-11-15,126.5,184.535,persist,2,1,2024-11-18,126.816,184.996,,,True,1,2024-11-18,120.697,176.07,HARD_STOP,EXIT,4,1,-0.0438837,-0.0438837,-0.0438837,-0.0131434,0.0342995,-0.01067,0.0342995,-0.01067,0.0368852,-0.048249,-0.00249377,-0.053749,0.75,0,,DISCOVERY,2024,0.952806,-0.0165289,0.00826446,0.00556357,-0.0431373,-0.172881,0.0316159,0.633483,0.313952,0.736885,0.784812,-0.00268301,0.0415429,0.0388599,0.6,3,0.0107022,-0.01174,0.0115966,-0.292754,1.94444,1.67378e+08,-0.0232842,MARKET_SIDEWAYS,False,False,False,Disc=0.95 10D超額=+3.9% 產業超額=+4.2% outperf10=60% RSaccel=+0.0116 觸發=indep regime=MARKET_SIDEWAYS
2548,華固,建材營造,2025-12-24,2025-12-26,122.305,197.339,0.25,112,180.712,0.0842566,0.917505,False,,,,,,0,,,,,,False,0.25,2025-12-30,117.705,189.917,F3_RS_FAILURE,FAILED_PROBE,3,0.25,-0.0105066,-0.0105066,-0.0420263,-0.0376109,0.00159437,-0.0433752,0.00159437,-0.0433752,,,,,0.5,0,,STRICT_OOS,2025,0.983895,-0.0127119,0.0254237,0.135617,0.20398,0.257796,0.0274498,0.315147,0.319787,1.8846,2.98722,0.108912,0.0668577,0.17577,0.8,2,0.0154568,-0.0101758,0.00515365,-0.00819672,5.87097,1.74489e+08,0.00217269,MARKET_SIDEWAYS,False,True,False,Disc=0.98 10D超額=+17.6% 產業超額=+6.7% outperf10=80% RSaccel=+0.0052 觸發=indep regime=MARKET_SIDEWAYS
2603,長榮,航運業,2023-06-16,2023-06-19,166.415,96.9967,0.25,157,91.509,0.0565754,0.725681,False,,,,,,0,,,,,,False,0.25,2023-06-26,158.603,92.4431,F2_STRUCTURE,FAILED_PROBE,4,0.25,-0.0128351,-0.0128351,-0.0513403,-0.0469459,0,-0.0505664,0,-0.0505664,,,,,0.75,0,,DISCOVERY,2023,0.957233,0.00617284,0.0246914,0.0733915,0.10299,0.0246914,0.0197935,0.600886,0.229515,2.22892,1.45227,0.0177811,0.0359077,0.0536887,0.4,2,0.00492657,-0.00988649,0.0120349,-0.318628,5.02174,3.87691e+09,-0.00265763,MARKET_UP,False,False,False,Disc=0.96 10D超額=+5.4% 產業超額=+3.6% outperf10=40% RSaccel=+0.0120 觸發=indep regime=MARKET_UP
2603,長榮,航運業,2023-08-04,2023-08-07,107.267,114.011,0.25,103.5,110.006,0.0351225,0.834748,False,,,,,,0,,,,,,False,0.25,2023-08-15,106.234,112.912,F2_STRUCTURE,FAILED_PROBE,7,0.25,-0.00352886,-0.00352886,-0.0141154,-0.00963712,0.0161512,-0.0304612,0.0161512,-0.0304612,,,,,1.5,0,,DISCOVERY,2023,0.959608,0.00952381,0.0380952,0.0678423,0.0234742,0.316323,0.0302097,0.7458,0.388267,1.01454,0.998576,0.00432368,0.0935974,0.0979211,0.7,2,0.0075672,-0.00381755,0.00880801,-0.107693,3.4013,3.43851e+09,-0.00296264,MARKET_SIDEWAYS,False,False,False,Disc=0.96 10D超額=+9.8% 產業超額=+9.4% outperf10=70% RSaccel=+0.0088 觸發=indep regime=MARKET_SIDEWAYS
2603,長榮,航運業,2023-12-15,2023-12-18,138.846,147.574,0.25,126.5,134.452,0.0889203,0.881122,True,2023-12-20,148,157.304,persist,2,1,2023-12-21,148.871,158.23,,,True,1,2024-01-29,150.124,159.561,TREND_FAILURE_MA20x2,EXIT,30,1,0.0220558,0.0220558,0.0220558,0.0812229,0.188365,-0.0204993,0.0659272,-0.0204993,0.0722022,0.00841331,0.10834,-0.0562315,26.75,0,,DISCOVERY,2023,0.989677,0.0116279,0.0387597,0.135112,0.165217,0.155172,0.0263859,0.631868,0.321687,2.26064,2.05167,0.016948,0.139852,0.1568,0.6,4,0.00678633,-0.01754,0.00730699,-0.00371747,5.65657,2.5328e+09,0.001176,MARKET_UP,False,False,False,Disc=0.99 10D超額=+15.7% 產業超額=+14.0% outperf10=60% RSaccel=+0.0073 觸發=indep regime=MARKET_UP
2603,長榮,航運業,2024-09-27,2024-09-30,210.525,235.493,0.25,204,228.194,0.0309939,0.863401,False,,,,,,0,,,,,,False,0.25,2024-09-30,203.49,227.623,F1_PROBE_LOW,FAILED_PROBE,1,0.25,-0.00946031,-0.00946031,-0.0378413,-0.0334164,0,0,,,,,,,0,0,,DISCOVERY,2024,0.976641,0.0145631,0.0291262,0.122138,0.149051,0.112861,0.025438,0.78744,0.318688,1.43346,2.07253,0.027278,0.0677612,0.0950393,0.6,1,0.010258,-0.00757525,0.00606498,-0.0278133,5.84106,4.27367e+09,-0.00157576,MARKET_SIDEWAYS,False,False,False,Disc=0.98 10D超額=+9.5% 產業超額=+6.8% outperf10=60% RSaccel=+0.0061 觸發=indep regime=MARKET_SIDEWAYS
2603,長榮,航運業,2024-10-21,2024-10-22,206.014,230.446,0.25,190,212.533,0.0777314,0.875155,False,,,,,,0,,,,,,False,0.25,2024-10-29,204.488,228.739,F4_TIME_5D,FAILED_PROBE,6,0.25,-0.00297295,-0.00297295,-0.0118918,-0.00740848,0.0266305,-0.024337,0.0266305,-0.024337,,,,,1.25,0,,DISCOVERY,2024,0.951673,0.00763359,0.0381679,0.0449481,0.0909091,0.221557,0.0318627,0.845461,0.516688,0.901784,0.6053,-0.0596346,0.100818,0.0411836,0.6,2,0.00931986,-0.00253647,0.020869,-0.0644996,3.38462,5.0661e+09,0.00235276,MARKET_UP,False,False,False,Disc=0.95 10D超額=+4.1% 產業超額=+10.1% outperf10=60% RSaccel=+0.0209 觸發=indep regime=MARKET_UP
2603,長榮,航運業,2025-03-07,2025-03-10,225.562,252.314,0.25,216.5,242.176,0.0401773,0.780423,True,2025-03-13,230.5,257.837,persist,3,1,2025-03-14,226.565,253.435,,,True,1,2025-03-14,221.944,248.266,HARD_STOP,EXIT,5,1,-0.0237651,-0.0237651,-0.0237651,-0.0160432,0.0329731,-0.0135772,0.0329731,-0.0135772,0.00444444,-0.020397,0.0107475,-0.0311831,1,0,,STRICT_OOS,2025,0.955026,0.00452489,0.0271493,0.049711,0.107317,0.0271493,0.0215544,0.752928,0.242208,2.16606,1.00501,0.0670493,0.0349858,0.102035,0.6,1,0.00175105,-0.00513662,0.0050359,-0.0600414,3.37226,2.73746e+09,-0.00613504,MARKET_SIDEWAYS,False,True,False,Disc=0.96 10D超額=+10.2% 產業超額=+3.5% outperf10=60% RSaccel=+0.0050 觸發=indep regime=MARKET_SIDEWAYS
2603,長榮,航運業,2026-07-24,2026-07-27,204.009,283.427,0.25,203,282.025,0.0049446,0.793319,False,,,,,,0,,,,,,False,0.25,2026-07-27,202.493,281.32,F1_PROBE_LOW,FAILED_PROBE,1,0.25,-0.00297887,-0.00297887,-0.0119155,-0.00743218,0,0,,,,,,,0,0,,STRICT_OOS,2026,0.958763,0.00737101,0.012285,0.0588538,0.113514,0.110587,0.0265257,0.523289,0.341536,0.506488,0.850469,0.0492144,0.0473889,0.0966033,0.7,1,0.0087422,-0.012762,-0.00575545,-0.0840521,3.11111,2.57965e+09,-0.0266655,MARKET_SIDEWAYS,False,True,False,Disc=0.96 10D超額=+9.7% 產業超額=+4.7% outperf10=70% RSaccel=-0.0058 觸發=indep regime=MARKET_SIDEWAYS
2606,裕民,航運業,2025-03-10,2025-03-11,72.2802,87.7296,0.25,71.4,86.6612,0.0121782,0.707794,False,,,,,,0,,,,,,False,0.25,2025-03-12,71.2215,86.4445,F1_PROBE_LOW,FAILED_PROBE,2,0.25,-0.00477871,-0.00477871,-0.0191148,-0.0146478,0.0293268,-0.00664428,0.0293268,-0.00664428,,,,,0.25,0,,STRICT_OOS,2025,0.964238,0.0110497,0.019337,0.0691004,0.292469,0.248731,0.0542973,0.533141,0.644087,0.494991,0.760049,0.0803418,0.0829972,0.163339,0.6,3,0.00207444,-0.00676051,-0.0166521,-0.0538462,2.49554,2.49505e+09,-0.00517894,MARKET_DOWN,False,False,False,Disc=0.96 10D超額=+16.3% 產業超額=+8.3% outperf10=60% RSaccel=-0.0167 觸發=indep regime=MARKET_DOWN
2607,榮運,航運業,2023-12-15,2023-12-18,33.684,36.0603,0.25,31.35,33.5617,0.0692911,0.7751,False,,,,,,0,,,,,,False,0.25,2023-12-26,32.1694,34.4388,F2_STRUCTURE,FAILED_PROBE,7,0.25,-0.0123411,-0.0123411,-0.0493645,-0.0449657,0.0568816,-0.0470253,0.0568816,-0.0470253,,,,,1.5,0,,DISCOVERY,2023,0.952903,0.0216049,0.0216049,0.0835584,0.122034,0.15331,0.0225507,0.662692,0.225027,1.92792,1.06975,0.0190298,0.0819425,0.100972,0.6,2,0.00429367,-0.00438414,0.0046559,-0.0307467,4.62201,1.3024e+08,0.001176,MARKET_UP,False,False,False,Disc=0.95 10D超額=+10.1% 產業超額=+8.2% outperf10=60% RSaccel=+0.0047 觸發=indep regime=MARKET_UP
2607,榮運,航運業,2025-06-02,2025-06-03,34.887,38.6952,0.25,33.9,37.6004,0.0282913,0.856989,False,,,,,,0,,,,,,False,0.25,2025-06-05,33.8152,37.5064,F1_PROBE_LOW,FAILED_PROBE,3,0.25,-0.00878788,-0.00878788,-0.0351515,-0.0307206,0.00897182,-0.0153926,0.00897182,-0.0153926,,,,,0.5,0,,STRICT_OOS,2025,0.95754,-0.00289017,0.00433525,0.0611497,0.13748,0.141215,0.0267215,0.851744,0.239021,0.751099,0.971409,-0.0149604,0.0846176,0.0696572,0.7,3,0.00859716,-0.00129171,0.000451768,-0.0183616,2.69231,1.30612e+08,-0.0161421,MARKET_SIDEWAYS,False,False,False,Disc=0.96 10D超額=+7.0% 產業超額=+8.5% outperf10=70% RSaccel=+0.0005 觸發=indep regime=MARKET_SIDEWAYS
2609,陽明,航運業,2024-04-25,2024-04-26,47.2177,83.3265,0.25,45.25,79.854,0.0416739,0.721642,False,,,,,,0,,,,,,False,0.25,2024-05-27,75.7103,133.608,PROBE_MAX_LIFE,FAILED_PROBE,21,0.25,0.149392,0.149392,0.59757,0.603428,0.618036,-0.00355269,0.618036,-0.00355269,,,,,5,0,,DISCOVERY,2024,0.952656,-0.00428266,0.00856531,0.0501672,0.0668177,-0.0818713,0.025781,0.350148,0.223876,0.937939,1.78816,0.0519191,0.037912,0.0898311,0.5,1,0.0136772,-0.0150728,-0.000100907,-0.204392,3.08824,1.00212e+09,-0.0136262,MARKET_SIDEWAYS,False,True,False,Disc=0.95 10D超額=+9.0% 產業超額=+3.8% outperf10=50% RSaccel=-0.0001 觸發=indep regime=MARKET_SIDEWAYS
2609,陽明,航運業,2024-09-27,2024-09-30,73.0823,132.908,0.25,67.6,122.938,0.0750148,0.919186,False,,,,,,0,,,,,,False,0.25,2024-10-04,63.7403,115.919,F1_PROBE_LOW,FAILED_PROBE,3,0.25,-0.0330102,-0.0330102,-0.132041,-0.127829,0,-0.0668049,0,-0.0668049,,,,,0.5,0,,DISCOVERY,2024,0.987374,0.0197461,0.0282088,0.142096,0.158983,0.0138455,0.0282187,0.815165,0.334652,2.04153,2.74649,0.0259509,0.0958433,0.121794,0.7,1,0.00861186,-0.0105364,0.0183955,-0.126442,6.5625,3.26329e+09,-0.00157576,MARKET_SIDEWAYS,False,False,False,Disc=0.99 10D超額=+12.2% 產業超額=+9.6% outperf10=70% RSaccel=+0.0184 觸發=indep regime=MARKET_SIDEWAYS
2610,華航,航運業,2023-06-01,2023-06-02,23.5086,24.3766,0.25,21.65,22.4494,0.0790614,0.930936,False,,,,,,0,,,,,,False,0.25,2023-06-06,22.6931,23.531,F3_RS_FAILURE,FAILED_PROBE,3,0.25,-0.00977783,-0.00977783,-0.0391113,-0.0346894,0.00388687,-0.0450313,0.00388687,-0.0450313,,,,,0.5,0,,DISCOVERY,2023,0.978052,0.00675676,0.0427928,0.148598,0.221636,0.140394,0.0253008,0.852741,0.272053,2.5267,2.07327,-0.00763071,0.175419,0.167788,0.7,2,-0.00601925,-0.00680834,0.0179566,-0.130262,6.40244,1.57215e+09,-0.00399965,MARKET_UP,False,False,False,Disc=0.98 10D超額=+16.8% 產業超額=+17.5% outperf10=70% RSaccel=+0.0180 觸發=indep regime=MARKET_UP
2611,志信,航運業,2024-05-17,2024-05-20,31.8795,36.8078,0.25,29.25,33.7718,0.0824825,0.760377,False,,,,,,0,,,,,,False,0.25,2024-05-21,30.1245,34.7815,F3_RS_FAILURE,FAILED_PROBE,2,0.25,-0.0148568,-0.0148568,-0.0594272,-0.0550511,0,-0.0495459,0,-0.0495459,,,,,0.25,0,,DISCOVERY,2024,0.966318,0.0114192,0.0179445,0.109333,0.263158,0.885196,0.0528846,0.551147,0.539164,1.12887,1.11305,0.0269547,0.00697657,0.0339313,0.5,1,0.0263041,0.00416702,0.0119121,-0.037037,1.84848,3.36833e+08,-0.00214934,MARKET_SIDEWAYS,False,True,False,Disc=0.97 10D超額=+3.4% 產業超額=+0.7% outperf10=50% RSaccel=+0.0119 觸發=indep regime=MARKET_SIDEWAYS
2615,萬海,航運業,2024-07-31,2024-08-01,78.596,120.842,0.25,72.6,111.623,0.0762889,0.667484,True,2024-08-05,75,115.313,persist,2,1,2024-08-06,78.0948,120.071,,,True,1,2024-08-29,77.805,119.626,TREND_FAILURE_MA20x2,EXIT,21,1,-0.00978679,-0.00978679,-0.00978679,-0.0100641,0.0713013,-0.0572039,0.058578,-0.0572039,-0.00637755,-0.00371024,0.0781775,-0.0396282,17.75,0,,DISCOVERY,2024,0.961094,-0.00918635,0.0223097,0.00828371,-0.0941861,0.605946,0.0378691,0.895666,0.458657,0.646156,0.66034,0.0492477,0.0211064,0.0703541,0.6,3,-0.00276731,0.0100171,0.0225277,-0.222218,3.72881,2.21018e+09,-0.00108983,MARKET_SIDEWAYS,False,True,False,Disc=0.96 10D超額=+7.0% 產業超額=+2.1% outperf10=60% RSaccel=+0.0225 觸發=indep regime=MARKET_SIDEWAYS
2615,萬海,航運業,2026-07-24,2026-07-27,86.215,142.671,0.25,83.6,138.344,0.0303311,0.805937,False,,,,,,0,,,,,,False,0.25,2026-07-27,83.391,137.998,F1_PROBE_LOW,FAILED_PROBE,1,0.25,-0.00929539,-0.00929539,-0.0371816,-0.0327553,0,0,,,,,,,0,0,,STRICT_OOS,2026,0.985109,-0.00473373,0.0295858,0.0896057,0.158802,0.203609,0.0308703,0.457543,0.379189,2.10986,1.66367,0.0479042,0.0716627,0.119567,0.6,1,0.0174278,-0.0136149,-0.00194215,-0.0447547,3.64894,8.80377e+08,-0.0266655,MARKET_SIDEWAYS,False,False,False,Disc=0.99 10D超額=+12.0% 產業超額=+7.2% outperf10=60% RSaccel=-0.0019 觸發=indep regime=MARKET_SIDEWAYS
2618,長榮航,航運業,2023-05-24,2023-05-25,31.0775,31.6872,0.25,29.55,30.1298,0.0491513,0.7779,True,2023-05-29,33.6,34.2592,persist,2,1,2023-05-30,34.085,34.7537,,,True,1,2023-07-17,36.8077,38.2998,TREND_FAILURE_MA20x2,EXIT,36,1,0.123907,0.123907,0.123907,0.208683,0.364331,-0.0153648,0.0988657,-0.0153648,0.0967742,0.102035,0.243949,-0.0274314,32.75,0,,DISCOVERY,2023,0.965035,0,0.0214168,0.10962,0.208577,0.0726644,0.028341,0.881939,0.263127,1.6189,2.53539,0.00599564,0.0680589,0.0740545,0.4,2,-0.00492793,-0.00462866,0.0144549,-0.143646,4.72358,2.4377e+09,-0.00177353,MARKET_UP,False,False,False,Disc=0.97 10D超額=+7.4% 產業超額=+6.8% outperf10=40% RSaccel=+0.0145 觸發=indep regime=MARKET_UP
2618,長榮航,航運業,2023-11-01,2023-11-02,28.6214,29.7816,0.25,27.3,28.4067,0.0461674,0.792971,False,,,,,,0,,,,,,False,0.25,2023-11-30,31.0721,32.3317,PROBE_MAX_LIFE,FAILED_PROBE,21,0.25,0.0202335,0.0202335,0.0809339,0.0856266,0.142503,-0.0147224,0.142503,-0.0147224,,,,,5,0,,DISCOVERY,2023,0.975194,0.00912409,0.0437956,0.0253652,-0.0288625,-0.215364,0.0302198,0.810628,0.405173,1.62694,0.872259,-0.0040465,0.103707,0.0996604,0.7,2,0.00438907,-0.0101358,0.0100819,-0.311634,3.23967,1.65783e+09,0.00233044,MARKET_SIDEWAYS,False,False,False,Disc=0.98 10D超額=+10.0% 產業超額=+10.4% outperf10=70% RSaccel=+0.0101 觸發=indep regime=MARKET_SIDEWAYS
2618,長榮航,航運業,2024-01-02,2024-01-03,33.5336,34.893,0.25,31,32.2566,0.0755548,0.905797,False,,,,,,0,,,,,,False,0.25,2024-01-10,32.4188,33.7329,F4_TIME_5D,FAILED_PROBE,6,0.25,-0.00941792,-0.00941792,-0.0376717,-0.0332465,0.00943459,-0.0397698,0.00943459,-0.0397698,,,,,1.25,0,,DISCOVERY,2024,0.957592,0.0158983,0.0651828,0.06105,0.0634921,0.12605,0.0228145,0.676418,0.322114,3.84503,1.18631,-0.013669,0.0881404,0.0744714,0.6,2,0.0111521,-0.0065694,0.0131227,-0.193697,4.7757,2.42522e+09,-0.00429707,MARKET_UP,False,False,False,Disc=0.96 10D超額=+7.4% 產業超額=+8.8% outperf10=60% RSaccel=+0.0131 觸發=indep regime=MARKET_UP
2618,長榮航,航運業,2024-11-15,2024-11-18,42.105,46.0301,0.25,39.3,42.9636,0.0666192,0.942857,False,,,,,,0,,,,,,False,0.25,2024-11-25,41.5958,45.4734,F4_TIME_5D,FAILED_PROBE,6,0.25,-0.00414189,-0.00414189,-0.0165676,-0.0120948,0.00463126,-0.0321815,0.00463126,-0.0321815,,,,,1.25,0,,DISCOVERY,2024,0.974359,0.0037037,0.0283951,0.0873964,0.125676,0.207246,0.0169782,0.716578,0.163875,2.38239,1.84256,0.0122803,0.100024,0.112305,0.6,2,0.0146771,-0.00644905,0.0167894,2.22045e-16,5.93939,1.62848e+09,0.00120579,MARKET_SIDEWAYS,False,False,False,Disc=0.97 10D超額=+11.2% 產業超額=+10.0% outperf10=60% RSaccel=+0.0168 觸發=indep regime=MARKET_SIDEWAYS
2618,長榮航,航運業,2026-06-17,2026-06-18,43.4082,50.4719,0.25,39.3,45.6951,0.0946421,0.897045,False,,,,,,0,,,,,,False,0.25,2026-06-23,41.8451,48.6544,F3_RS_FAILURE,FAILED_PROBE,3,0.25,-0.0101072,-0.0101072,-0.0404288,-0.0360099,0.00672107,-0.0623902,0.00672107,-0.0623902,,,,,0.5,0,,STRICT_OOS,2026,0.954872,0.0150943,0.0704403,0.142052,0.240525,0.222701,0.0341615,0.666084,0.365817,2.72541,1.31572,-0.00303255,0.144202,0.141169,0.8,1,0.0122658,-0.012274,0.00614892,-0.017321,5.12531,2.66518e+09,0.00148878,MARKET_UP,False,False,False,Disc=0.95 10D超額=+14.1% 產業超額=+14.4% outperf10=80% RSaccel=+0.0061 觸發=indep regime=MARKET_UP
2630,亞航,航運業,2024-04-01,2024-04-02,38.095,48.9604,0.25,36.4,46.782,0.0444941,0.843574,False,,,,,,0,,,,,,False,0.25,2024-04-03,36.309,46.665,F1_PROBE_LOW,FAILED_PROBE,2,0.25,-0.0128193,-0.0128193,-0.0512773,-0.0468828,0.00144376,-0.0287439,0.00144376,-0.0287439,,,,,0.25,0,,DISCOVERY,2024,0.971676,0.017663,0.0230978,0.113995,0.132415,0.0191731,0.0372136,0.611157,0.408765,1.8876,2.70437,0.000739625,0.140184,0.140924,0.6,2,-0.00343947,-0.0166437,0.0048444,-0.419164,4.52331,1.09786e+08,-0.00355368,MARKET_UP,False,False,False,Disc=0.97 10D超額=+14.1% 產業超額=+14.0% outperf10=60% RSaccel=+0.0048 觸發=indep regime=MARKET_UP
2634,漢翔,航運業,2024-04-01,2024-04-02,54.8368,56.8403,0.25,51.7,53.5889,0.0572016,0.842425,False,,,,,,0,,,,,,False,0.25,2024-05-03,57.855,59.9688,PROBE_MAX_LIFE,FAILED_PROBE,21,0.25,0.0126042,0.0126042,0.0504168,0.0550407,0.103275,-0.0389657,0.103275,-0.0389657,,,,,5,0,,DISCOVERY,2024,0.960694,0.00760456,0.0342205,0.100658,0.0923695,0.0264151,0.0285583,0.810087,0.355537,2.29954,2.45063,0.0028501,0.103889,0.106739,0.5,2,0.000451678,-0.00865761,0.0121405,-0.176422,4.6023,5.56008e+08,-0.00355368,MARKET_UP,False,False,False,Disc=0.96 10D超額=+10.7% 產業超額=+10.4% outperf10=50% RSaccel=+0.0121 觸發=indep regime=MARKET_UP
2637,慧洋-KY,航運業,2024-11-11,2024-11-12,79.2977,99.2886,0.25,74.6,93.4065,0.0592419,0.762313,True,2024-11-14,80.2,100.418,persist,2,1,2024-11-15,80.601,100.92,,,True,1,2024-11-26,77.9048,97.5444,HARD_STOP,EXIT,11,1,-0.0339141,-0.0339141,-0.0339141,-0.0175666,0.0378605,-0.0151045,0.0277719,-0.0151045,0.0164349,-0.0334517,0.0210791,-0.0310294,7.75,0,,DISCOVERY,2024,0.952196,0.0183727,0.0367454,0.0660549,0.112676,0.17037,0.0265823,0.825282,0.307467,2.19769,1.34188,0.0113579,0.0272395,0.0385974,0.5,2,0.0105797,-0.0116763,0.0037275,-0.00628931,3.2381,3.06474e+08,-0.00102955,MARKET_SIDEWAYS,False,False,False,Disc=0.95 10D超額=+3.9% 產業超額=+2.7% outperf10=50% RSaccel=+0.0037 觸發=indep regime=MARKET_SIDEWAYS
2637,慧洋-KY,航運業,2026-07-09,2026-07-13,83.6085,118.463,0.25,77.8,110.233,0.0694726,0.900166,False,,,,,,0,,,,,,False,0.25,2026-07-20,77.406,109.675,F2_STRUCTURE,FAILED_PROBE,6,0.25,-0.0196295,-0.0196295,-0.0785181,-0.074185,0.0525246,-0.0527279,0.0525246,-0.0527279,,,,,1.25,0,,STRICT_OOS,2026,0.981641,0,0.0375,0.085251,0.0921053,0.235801,0.027883,0.608755,0.379645,2.02254,1.17451,0.0712229,0.0389186,0.110141,0.7,3,0.0156098,-0.0104874,0.0340023,0,5.27161,3.05368e+08,-0.00830447,MARKET_SIDEWAYS,False,True,False,Disc=0.98 10D超額=+11.0% 產業超額=+3.9% outperf10=70% RSaccel=+0.0340 觸發=indep regime=MARKET_SIDEWAYS
2641,正德,航運業,2023-03-02,2023-03-03,21.0525,23.3166,0.25,19.5,21.5971,0.0737442,0.894713,True,2023-03-09,22.05,24.4213,persist,4,1,2023-03-10,22.1051,24.4824,,,True,1,2023-03-13,21.2467,23.5317,HARD_STOP,EXIT,7,1,-0.0312566,-0.0312566,-0.0312566,0.00922689,0.0830068,-0.0191189,0.0663817,-0.0191189,0.05,-0.0388316,0.031435,-0.0409464,2.25,0,,DISCOVERY,2023,0.96345,0.00742574,0.029703,0.1377,0.142857,0.149171,0.0257555,1.01357,0.303942,4.46113,3.28411,0.104324,0.0912147,0.195539,0.9,2,0.0109047,-0.00414048,0.0294513,-0.254184,6.72,1.10022e+08,1.4745e-05,MARKET_SIDEWAYS,False,True,False,Disc=0.96 10D超額=+19.6% 產業超額=+9.1% outperf10=90% RSaccel=+0.0295 觸發=indep regime=MARKET_SIDEWAYS
2707,晶華,觀光餐旅,2025-04-08,2025-04-09,200.5,241.8,0.25,190.5,229.741,0.0498753,0.908404,False,,,,,,0,,,,,,False,0.25,2025-04-09,190.024,229.166,F1_PROBE_LOW,FAILED_PROBE,1,0.25,-0.0141583,-0.0141583,-0.0566331,-0.0522506,0,0,,,,,,,0,0,,STRICT_OOS,2025,0.967391,0.0205656,0.0231362,-0.0497792,-0.0339806,0.0501319,0.0267408,0.60755,0.376799,2.27757,1.26085,0.0339732,0.0779662,0.111939,0.7,1,0.0157027,-0.00912936,0.0119587,-0.18906,4.97987,8.66591e+07,-0.0401615,MARKET_DOWN,False,False,False,Disc=0.97 10D超額=+11.2% 產業超額=+7.8% outperf10=70% RSaccel=+0.0120 觸發=indep regime=MARKET_DOWN
2723,美食-KY,觀光餐旅,2025-01-21,2025-01-22,105.263,119.852,0.25,96.4,109.761,0.0841943,0.835489,False,,,,,,0,,,,,,False,0.25,2025-02-07,102.244,116.415,F4_TIME_5D,FAILED_PROBE,6,0.25,-0.00827845,-0.00827845,-0.0331138,-0.0286783,0.00225627,-0.0309939,0.00225627,-0.0309939,,,,,1.25,0,,STRICT_OOS,2025,0.951895,0.00101937,0.0550459,0.0745432,0.0412475,0.170814,0.0247067,0.674834,0.335599,4.58675,1.69951,0.035455,0.0631663,0.0986213,0.6,2,0.00533079,-0.00735229,0.0100044,-0.00480769,5.39665,4.4554e+07,0.00142649,MARKET_SIDEWAYS,False,False,False,Disc=0.95 10D超額=+9.9% 產業超額=+6.3% outperf10=60% RSaccel=+0.0100 觸發=indep regime=MARKET_SIDEWAYS
2727,王品,觀光餐旅,2023-01-04,2023-01-05,168.921,174.767,0.25,161,166.571,0.0468932,0.615673,False,,,,,,0,,,,,,False,0.25,2023-01-12,169.076,174.927,F4_TIME_5D,FAILED_PROBE,6,0.25,-0.000896118,-0.000896118,-0.00358447,0.000917592,0.012306,-0.0232135,0.012306,-0.0232135,,,,,1.25,0,,DISCOVERY,2023,0.953043,0.00303951,0.0243161,0.031054,0.0150602,0.316406,0.0328529,0.923688,0.377576,1.20774,1.86233,0.0690041,-0.00460205,0.0644021,0.5,2,0.00674157,0.00204599,-0.00344653,-0.00882354,2.16774,1.61839e+08,-0.00175687,MARKET_SIDEWAYS,False,True,False,Disc=0.95 10D超額=+6.4% 產業超額=-0.5% outperf10=50% RSaccel=-0.0034 觸發=indep regime=MARKET_SIDEWAYS
2727,王品,觀光餐旅,2023-02-06,2023-02-07,193.984,200.696,0.25,186,192.436,0.0411568,0.865971,True,2023-02-14,216.5,223.992,persist,5,1,2023-02-15,218.044,225.589,,,True,1,2023-04-13,288.776,298.769,TREND_FAILURE_MA20x2,EXIT,43,1,0.36014,0.36014,0.36014,0.488662,0.675398,-0.00764884,0.128961,-0.00764884,0.124031,0.324396,0.490527,-0.0139594,37.5,0,,DISCOVERY,2023,0.985866,0,0.031746,0.121818,0.203704,0.572581,0.0336996,0.873586,0.475363,1.58388,2.21883,0.00564895,0.115051,0.1207,0.6,2,0.0228694,0.00178325,0.00708001,-0.0151515,4.6413,3.49322e+08,-0.013449,MARKET_UP,False,False,False,Disc=0.99 10D超額=+12.1% 產業超額=+11.5% outperf10=60% RSaccel=+0.0071 觸發=indep regime=MARKET_UP
2727,王品,觀光餐旅,2023-04-24,2023-04-25,319.798,330.864,0.25,301,311.416,0.0587794,0.636466,False,,,,,,0,,,,,,False,0.25,2023-04-26,300.247,310.637,F1_PROBE_LOW,FAILED_PROBE,2,0.25,-0.0163737,-0.0163737,-0.0654949,-0.0611325,0.0475379,-0.0525254,0.0475379,-0.0525254,,,,,0.25,0,,DISCOVERY,2023,0.954368,-0.00652529,0.0391517,0.0365308,0.0340909,0.901493,0.049002,0.727735,0.715329,1.41673,1.42894,0.0583361,0.0261586,0.0844947,0.6,3,0.0318122,0.0156771,-0.00802509,-0.0938834,4.16476,1.59866e+09,0.00153048,MARKET_SIDEWAYS,False,True,False,Disc=0.95 10D超額=+8.4% 產業超額=+2.6% outperf10=60% RSaccel=-0.0080 觸發=indep regime=MARKET_SIDEWAYS
2727,王品,觀光餐旅,2026-07-28,2026-07-29,229.572,322.659,0.25,218.5,307.097,0.048231,0.824366,False,,,,,,0,,,,,,False,0.25,2026-08-04,226.433,318.246,F3_RS_FAILURE,FAILED_PROBE,5,0.25,-0.00453671,-0.00453671,-0.0181468,-0.0136776,0.0541332,-0.0155615,0.0541332,-0.0155615,,,,,1,0,,STRICT_OOS,2026,0.977193,0.00221729,0.0155211,0.0220896,-0.0121347,0.0859976,0.0213346,0.394981,0.215245,1.30447,0.753705,-1.11022e-16,0.128037,0.128037,0.6,3,0.0226756,-0.0179132,0.0228938,-0.0277531,3.47959,1.57426e+08,-0.0465422,MARKET_SIDEWAYS,False,False,False,Disc=0.98 10D超額=+12.8% 產業超額=+12.8% outperf10=60% RSaccel=+0.0229 觸發=indep regime=MARKET_SIDEWAYS
2731,雄獅,觀光餐旅,2023-03-27,2023-03-28,131.327,134.081,0.25,122.5,125.068,0.0672174,0.785112,True,2023-03-30,149,152.124,persist,2,1,2023-03-31,147.869,150.969,,,True,1,2023-05-31,173.565,177.204,TREND_FAILURE_MA20x2,EXIT,43,1,0.205764,0.205764,0.205764,0.32162,0.519103,-0.00249377,0.134568,-0.00249377,0.125954,0.173777,0.349169,-0.0363075,39.75,0,,DISCOVERY,2023,0.959973,0.015748,0.0354331,0.0743464,0.0193798,0.303464,0.039924,0.86276,0.41715,1.93362,1.11593,-0.0125223,0.123938,0.111415,0.6,1,0.01344,0.00358574,0.0154916,-0.0505415,4.19048,4.08753e+08,-0.00530264,MARKET_SIDEWAYS,False,False,False,Disc=0.96 10D超額=+11.1% 產業超額=+12.4% outperf10=60% RSaccel=+0.0155 觸發=indep regime=MARKET_SIDEWAYS
2731,雄獅,觀光餐旅,2023-11-01,2023-11-02,133.333,136.128,0.25,123,125.579,0.0774942,0.89107,False,,,,,,0,,,,,,False,0.25,2023-11-14,132.169,134.94,F2_STRUCTURE,FAILED_PROBE,9,0.25,-0.00330213,-0.00330213,-0.0132085,-0.00872818,0.0575066,-0.0249939,0.0575066,-0.0249939,,,,,2,0,,DISCOVERY,2023,0.972093,0,0.0513834,0.110415,0.0431373,-0.196375,0.0416219,0.640942,0.414987,3.66112,1.83034,0.0895858,0.111878,0.201464,0.8,1,-0.00194305,-0.00568139,0.0215405,-0.33995,5.05806,1.91767e+08,0.00233044,MARKET_SIDEWAYS,False,False,False,Disc=0.97 10D超額=+20.1% 產業超額=+11.2% outperf10=80% RSaccel=+0.0215 觸發=indep regime=MARKET_SIDEWAYS
2739,寒舍,觀光餐旅,2024-06-07,2024-06-11,68.8718,56.5365,0.25,63.2,51.8806,0.0823524,0.636629,False,,,,,,0,,,,,,False,0.25,2024-06-13,64.8375,53.2248,F2_STRUCTURE,FAILED_PROBE,3,0.25,-0.0157361,-0.0157361,-0.0629445,-0.0585763,0.00186216,-0.0736405,0.00186216,-0.0736405,,,,,0.5,0,,DISCOVERY,2024,0.97,0.0015456,0.0463678,0.0505082,-0.0244957,0.291985,0.0448407,0.481105,0.720832,1.01415,0.436846,0.00511548,0.109629,0.114745,0.4,2,0.0163259,0.00362296,0.00777766,-0.212791,3.59059,2.06494e+08,-0.00202349,MARKET_UP,False,False,False,Disc=0.97 10D超額=+11.5% 產業超額=+11.0% outperf10=40% RSaccel=+0.0078 觸發=indep regime=MARKET_UP
2743,山富,觀光餐旅,2023-11-01,2023-11-02,121.302,131.034,0.25,112.5,121.526,0.0725665,0.825832,True,2023-11-06,136,146.911,persist,2,1,2023-11-07,135.338,146.195,,,True,1,2023-11-29,135.161,146.005,TREND_FAILURE_MA20x2,EXIT,20,1,0.0230236,0.0230236,0.0230236,0.114249,0.269553,-0.043713,0.121164,-0.043713,0.115702,-0.0013023,0.137896,-0.0394384,16.75,0,,DISCOVERY,2023,0.95969,0.0131004,0.0655022,0.142108,0.156398,-0.125448,0.054918,1.5565,0.707258,2.64114,1.80114,0.0844206,0.153982,0.238403,0.6,1,-0.0112504,0.00327444,-0.00232405,-0.351064,3.89552,2.17881e+08,0.00233044,MARKET_SIDEWAYS,False,False,False,Disc=0.96 10D超額=+23.8% 產業超額=+15.4% outperf10=60% RSaccel=-0.0023 觸發=indep regime=MARKET_SIDEWAYS
2743,山富,觀光餐旅,2025-05-20,2025-05-21,121.804,135.023,0.25,110.5,122.493,0.092803,0.882805,True,2025-05-23,137.5,152.423,persist,2,1,2025-05-26,135.839,150.581,,,True,1,2025-06-06,116.707,129.374,HARD_STOP,EXIT,12,1,-0.120327,-0.120327,-0.120327,-0.0418399,0.1576,-0.0394384,0.14118,-0.0394384,0.115226,-0.140838,0.0379954,-0.16077,8.75,0,,STRICT_OOS,2025,0.995542,-0.004329,0.030303,0.220763,0.523688,0.192385,0.0573229,1.05508,0.698105,0.813278,1.74276,0.000612439,0.158615,0.159227,0.5,2,-0.00763743,-0.00165043,0.0323913,-0.362309,3.51832,2.1283e+08,0.000102212,MARKET_UP,False,False,False,Disc=1.00 10D超額=+15.9% 產業超額=+15.9% outperf10=50% RSaccel=+0.0324 觸發=indep regime=MARKET_UP
2743,山富,觀光餐旅,2025-07-02,2025-07-03,126.816,140.58,0.25,119.5,132.469,0.0576918,0.786178,False,,,,,,0,,,,,,False,0.25,2025-07-10,123.69,137.114,F4_TIME_5D,FAILED_PROBE,6,0.25,-0.00727409,-0.00727409,-0.0290963,-0.0246518,0.0211625,-0.053749,0.0211625,-0.053749,,,,,1.25,0,,STRICT_OOS,2025,0.960426,0,0.0281124,0.0842863,0.0578512,0.544029,0.0424107,1.08282,0.453232,1.57873,1.77424,0.0689608,0.034197,0.103158,0.5,2,-0.00609297,0.000541218,0.0144944,-0.191669,4.23684,1.89672e+08,0.00106501,MARKET_SIDEWAYS,False,True,False,Disc=0.96 10D超額=+10.3% 產業超額=+3.4% outperf10=50% RSaccel=+0.0145 觸發=indep regime=MARKET_SIDEWAYS
2743,山富,觀光餐旅,2025-09-19,2025-09-22,93.3328,136.903,0.25,85.776,125.818,0.0809659,0.84583,False,,,,,,0,,,,,,False,0.25,2025-09-24,91.2713,133.879,F3_RS_FAILURE,FAILED_PROBE,3,0.25,-0.00663448,-0.00663448,-0.0265379,-0.0220876,0.00714915,-0.0357082,0.00714915,-0.0357082,,,,,0.5,0,,STRICT_OOS,2025,0.972222,0.00794552,0.0567537,0.108201,0.17325,-0.00652219,0.0317783,0.997763,0.341254,2.30515,2.01298,-0.0516042,0.112212,0.0606081,0.7,2,0.0122845,-0.00774459,0.018715,-0.126303,4.65038,5.18968e+07,-0.00741152,MARKET_UP,False,False,False,Disc=0.97 10D超額=+6.1% 產業超額=+11.2% outperf10=70% RSaccel=+0.0187 觸發=indep regime=MARKET_UP
2753,八方雲集,觀光餐旅,2025-03-10,2025-03-11,169.423,194.777,0.25,165,189.693,0.0261034,0.852957,True,2025-04-01,180,206.938,persist,15,1,2025-04-02,180.45,207.455,,,True,1,2025-04-07,162.593,186.925,HARD_STOP,EXIT,18,1,-0.0886094,-0.0886094,-0.0886094,-0.0403134,0.0771887,-0.0172498,0.0683351,-0.0172498,0.0650888,-0.0989609,0.0113605,-0.0967027,5,0,,STRICT_OOS,2025,0.980132,0.00903614,0.0301205,0.058332,0.0458716,0.178949,0.0177527,0.396351,0.19858,2.5936,1.84893,0.0976856,0.0313506,0.129036,0.9,3,0.0130074,-0.00784381,0.00804673,-0.00869565,4.94118,4.62257e+07,-0.00517894,MARKET_DOWN,False,True,False,Disc=0.98 10D超額=+12.9% 產業超額=+3.1% outperf10=90% RSaccel=+0.0080 觸發=indep regime=MARKET_DOWN
2753,八方雲集,觀光餐旅,2025-07-08,2025-07-09,187.467,223.069,0.25,178,211.803,0.0505021,0.765693,False,,,,,,0,,,,,,False,0.25,2025-07-22,186.533,221.956,F2_STRUCTURE,FAILED_PROBE,10,0.25,-0.00236908,-0.00236908,-0.00947631,-0.00498753,0.0935229,-0.0131623,0.0935229,-0.0131623,,,,,2.25,0,,STRICT_OOS,2025,0.969325,0.00554017,0.0387812,0.0709082,0.0871981,0.0633691,0.0210591,0.656712,0.231139,2.1472,0.979037,0.043572,0.0200369,0.0636088,0.5,2,0.00692292,-0.0153113,0.00579437,-0.0392829,3.79883,5.54166e+07,-0.00296272,MARKET_SIDEWAYS,False,True,False,Disc=0.97 10D超額=+6.4% 產業超額=+2.0% outperf10=50% RSaccel=+0.0058 觸發=indep regime=MARKET_SIDEWAYS
2812,台中銀,金融保險,2025-03-03,2025-03-04,19.8996,26.1444,0.25,18.6,24.437,0.0653091,0.845031,True,2025-03-10,20.55,26.9989,persist,4,1,2025-03-11,20.3508,26.7371,,,True,1,2025-03-11,20.1495,26.4727,HARD_STOP,EXIT,6,1,-0.00876799,-0.00876799,-0.00876799,0.0125568,0.0402206,-0.00751899,0.0402206,-0.00751899,0.02267,-0.00988907,-0.00249377,-0.0172352,1.25,0,,STRICT_OOS,2025,0.974599,0.0263158,0.05,0.0701355,0.0555556,0.0725807,0.00984605,0.442338,0.197708,4.4285,1.46982,0.0341646,0.0642556,0.0984203,0.7,2,0.0158318,-0.0144521,0.0220282,-0.0025,7.89091,1.28457e+08,-0.0128802,MARKET_SIDEWAYS,False,False,False,Disc=0.97 10D超額=+9.8% 產業超額=+6.4% outperf10=70% RSaccel=+0.0220 觸發=indep regime=MARKET_SIDEWAYS
2838,聯邦銀,金融保險,2025-03-11,2025-03-12,17.1427,22.9189,0.25,16.3,21.7922,0.0491608,0.963958,False,,,,,,0,,,,,,False,0.25,2025-03-19,16.8577,22.5379,F4_TIME_5D,FAILED_PROBE,6,0.25,-0.00527192,-0.00527192,-0.0210877,-0.0166251,0.0120897,-0.0141605,0.0120897,-0.0141605,,,,,1.25,0,,STRICT_OOS,2025,0.976285,0.0182927,0.0396342,0.0792847,0.114379,0.096463,0.0142438,0.431809,0.151476,5.65933,2.2352,0.0516842,0.108186,0.159871,0.8,4,0.0156716,-0.0116782,0.0107959,-0.0058309,7,3.95022e+07,-0.0172785,MARKET_DOWN,False,False,False,Disc=0.98 10D超額=+16.0% 產業超額=+10.8% outperf10=80% RSaccel=+0.0108 觸發=indep regime=MARKET_DOWN
2838,聯邦銀,金融保險,2025-10-08,2025-10-09,19.7994,28.8821,0.25,18,26.2573,0.0908804,0.917613,False,,,,,,0,,,,,,False,0.25,2025-10-17,19.8004,28.8836,F4_TIME_5D,FAILED_PROBE,6,0.25,-0.00111241,-0.00111241,-0.00444962,5.04932e-05,0.00760757,-0.0555257,0.00760757,-0.0555257,,,,,1.25,0,,STRICT_OOS,2025,0.955645,0.0215633,0.0323451,0.0755406,0.129794,0.129435,0.0173443,0.444979,0.168147,1.58776,1.2651,-0.0361384,0.0784935,0.0423552,0.6,1,0.0184301,-0.0102064,0.0016421,-0.00777202,5.56989,6.96922e+07,-0.00544871,MARKET_UP,False,False,False,Disc=0.96 10D超額=+4.2% 產業超額=+7.8% outperf10=60% RSaccel=+0.0016 觸發=indep regime=MARKET_UP
2850,新產,金融保險,2026-07-27,2026-07-28,157.392,219.582,0.25,145.5,202.99,0.0755595,0.885731,True,2026-07-30,157,219.034,persist,2,1,2026-07-31,158.395,220.98,,,True,1,2026-08-05,153.116,213.616,HARD_STOP,EXIT,7,1,-0.0362157,-0.0362157,-0.0362157,-0.0271693,0.0546881,-0.0247312,0.0133901,-0.0247312,0.00636943,-0.0333265,0.0480129,-0.0340604,3.75,0,,STRICT_OOS,2026,0.970896,0.0338983,0.0711864,0.0833048,0.128571,0.303233,0.022604,0.460733,0.312275,4.26427,1.36969,0.0351332,0.0930039,0.128137,0.6,1,0.017898,-0.0179349,0.0126789,-0.0125,4.76,4.18961e+07,-0.000473029,MARKET_SIDEWAYS,False,False,False,Disc=0.97 10D超額=+12.8% 產業超額=+9.3% outperf10=60% RSaccel=+0.0127 觸發=indep regime=MARKET_SIDEWAYS
2851,中再保,金融保險,2025-03-10,2025-03-11,28.471,34.6613,0.25,27.35,33.2966,0.0393734,0.94577,False,,,,,,0,,,,,,False,0.25,2025-03-18,28.329,34.4885,F4_TIME_5D,FAILED_PROBE,6,0.25,-0.00236908,-0.00236908,-0.00947632,-0.00498754,0.0185803,-0.0112746,0.0185803,-0.0112746,,,,,1.25,0,,STRICT_OOS,2025,0.982781,0.0272727,0.0418182,0.0673372,0.116959,0.0998081,0.012715,0.472644,0.160678,5.99403,1.87706,0.0437612,0.0748591,0.11862,0.8,2,0.0128672,-0.0118144,0.00693058,-0.00520833,5.62745,4.36089e+07,-0.00517894,MARKET_DOWN,False,False,False,Disc=0.98 10D超額=+11.9% 產業超額=+7.5% outperf10=80% RSaccel=+0.0069 觸發=indep regime=MARKET_DOWN
2880,華南金,金融保險,2026-07-17,2026-07-20,40.3506,51.3217,0.25,38.4,48.8407,0.0483419,0.902277,True,2026-07-30,42.65,54.2463,persist,8,1,2026-07-31,42.3055,53.8081,,,True,1,2026-08-13,38.9402,51.6367,HARD_STOP,EXIT,19,1,-0.0331675,-0.0331675,-0.0331675,0.00613689,0.118942,-0.0173634,0.0569849,-0.0173634,0.0484472,-0.0403552,0.0672371,-0.0561312,11.25,0,,STRICT_OOS,2026,0.965897,-0.00253807,0.0190355,0.0509783,0.0538058,0.139007,0.0265967,0.494753,0.297334,1.39251,0.921632,0.0796693,0.104457,0.184126,0.8,2,0.0135991,-0.0121877,0.0107643,-0.00248447,3.88629,1.1003e+09,-0.0647389,MARKET_SIDEWAYS,False,False,False,Disc=0.97 10D超額=+18.4% 產業超額=+10.4% outperf10=80% RSaccel=+0.0108 觸發=indep regime=MARKET_SIDEWAYS
2882,國泰金,金融保險,2025-05-22,2025-05-23,65.1625,78.7637,0.25,60.8,73.4906,0.0669481,0.900281,False,,,,,,0,,,,,,False,0.25,2025-05-28,62.4435,75.4772,F2_STRUCTURE,FAILED_PROBE,4,0.25,-0.0115331,-0.0115331,-0.0461326,-0.0417264,0.031268,-0.054671,0.031268,-0.054671,,,,,0.75,0,,STRICT_OOS,2025,0.965926,-0.0204724,0.0330709,0.132206,0.223881,-0.0478955,0.0349521,0.940247,0.45169,1.80416,1.31695,-0.0332949,0.166814,0.133519,0.7,1,-0.00231046,-0.00428073,0.0104767,-0.0721358,5.19003,3.23391e+09,-0.00609753,MARKET_UP,False,False,False,Disc=0.97 10D超額=+13.4% 產業超額=+16.7% outperf10=70% RSaccel=+0.0105 觸發=indep regime=MARKET_UP
2882,國泰金,金融保險,2026-08-31,2026-09-01,109.273,144.233,0.25,102.5,135.293,0.0619781,0.850866,False,,,,,,0,,,,,,False,0.25,2026-09-03,112.219,148.121,END_OF_WINDOW,EXIT,3,0.25,0.00560044,0.00560044,0.0224017,0.0269624,0.0524148,-0.0116452,0.0295363,-0.0116452,,,,,0.75,0,,STRICT_OOS,2026,0.97769,0.00947867,0.0473934,0.096992,0.0995025,0.212356,0.0276665,0.621478,0.350462,2.89002,1.52075,0.0350448,0.0854428,0.120488,0.6,2,0.0141315,-0.00814419,0.010521,-0.0259878,4.57944,2.11196e+09,-0.00438104,MARKET_UP,False,False,False,Disc=0.98 10D超額=+12.0% 產業超額=+8.5% outperf10=60% RSaccel=+0.0105 觸發=indep regime=MARKET_UP
2883,凱基金,金融保險,2024-03-11,2024-03-12,13.5337,15.1436,0.25,12.6,14.0988,0.0689943,0.842354,True,2024-03-14,14.25,15.945,persist,2,1,2024-03-15,14.1854,15.8727,,,True,1,2024-04-12,13.9151,15.5703,TREND_FAILURE_MA20x2,EXIT,22,1,-0.0117273,-0.0117273,-0.0117273,0.0281795,0.0787845,-0.0098827,0.0787845,-0.0098827,0.0481481,-0.0190513,0.0292291,-0.0342166,18.75,0,,DISCOVERY,2024,0.960317,0.011583,0.0386101,0.0772928,0.116183,0.0934959,0.0132767,0.707595,0.185731,3.34296,2.04602,0.0131489,0.0272233,0.0403722,0.5,1,-0.000690158,-0.00646538,0.0145293,-0.0037037,6.72,5.08001e+08,-0.00299414,MARKET_UP,False,False,False,Disc=0.96 10D超額=+4.0% 產業超額=+2.7% outperf10=50% RSaccel=+0.0145 觸發=indep regime=MARKET_UP
2883,凱基金,金融保險,2026-08-31,2026-09-01,33.9847,43.4026,0.25,32.15,41.0594,0.0539875,0.803387,False,,,,,,0,,,,,,False,0.25,2026-09-03,35.8103,45.734,END_OF_WINDOW,EXIT,3,0.25,0.0122736,0.0122736,0.0490944,0.0537153,0.0813674,-0.00249377,0.0475287,-0.00249377,,,,,0.75,0,,STRICT_OOS,2026,0.951444,-0.00152672,0.0335878,0.0772536,0.113487,0.278522,0.0263769,0.663161,0.29257,2.39516,1.25856,0.036687,0.0354245,0.0721115,0.5,1,0.0125469,-0.00381549,0.0083946,0,4.256,1.37167e+09,-0.00438104,MARKET_UP,False,True,False,Disc=0.95 10D超額=+7.2% 產業超額=+3.5% outperf10=50% RSaccel=+0.0084 觸發=indep regime=MARKET_UP
2884,玉山金,金融保險,2026-07-20,2026-07-21,35.9396,52.2156,0.25,34.4,49.9788,0.0428392,0.954047,False,,,,,,0,,,,,,False,0.25,2026-07-23,36.2092,52.6074,F3_RS_FAILURE,FAILED_PROBE,3,0.25,0.000746321,0.000746321,0.00298529,0.00750217,0.0350692,-0.00249377,0.0350692,-0.00249377,,,,,0.5,0,,STRICT_OOS,2026,0.973392,0.00569801,0.0213675,0.0486731,0.0556104,0.130669,0.0208598,0.456754,0.203961,1.37698,1.08606,0.0637451,0.0926325,0.156378,0.8,2,0.0168775,-0.0171688,0.0207844,-0.00416667,3.00873,2.02793e+09,-0.00519249,MARKET_SIDEWAYS,False,False,False,Disc=0.97 10D超額=+15.6% 產業超額=+9.3% outperf10=80% RSaccel=+0.0208 觸發=indep regime=MARKET_SIDEWAYS
2886,兆豐金,金融保險,2025-04-08,2025-04-09,39.298,49.0679,0.25,35.55,44.3881,0.0953738,0.875988,False,,,,,,0,,,,,,False,0.25,2025-04-10,39.4012,49.1969,F2_STRUCTURE,FAILED_PROBE,2,0.25,-0.000469632,-0.000469632,-0.00187853,0.00262738,5.08932e-05,-0.0724719,5.08932e-05,-0.0724719,,,,,0.25,0,,STRICT_OOS,2025,0.980299,0.0464135,0.0759494,-0.0308482,-0.0316456,-0.0141753,0.0230626,0.526436,0.465217,2.76886,1.67077,0.0692537,0.0630338,0.132287,0.6,2,0.0206626,-0.0150955,0.0090125,-0.0571381,5.49798,7.50051e+08,-0.0401615,MARKET_DOWN,False,True,False,Disc=0.98 10D超額=+13.2% 產業超額=+6.3% outperf10=60% RSaccel=+0.0090 觸發=indep regime=MARKET_DOWN
2886,兆豐金,金融保險,2026-07-30,2026-07-31,51.6287,66.9556,0.25,49.05,63.6113,0.049948,0.960436,False,,,,,,0,,,,,,False,0.25,2026-08-04,50.4735,65.4574,F3_RS_FAILURE,FAILED_PROBE,3,0.25,-0.00670644,-0.00670644,-0.0268258,-0.0223761,0.0401182,-0.0121783,0.0401182,-0.0121783,,,,,0.5,0,,STRICT_OOS,2026,0.989461,0.00400802,0.0320641,0.0794948,0.115926,0.317136,0.0246186,0.354855,0.195939,1.428,1.15328,0.101087,0.128813,0.229899,0.7,3,0.0285999,-0.0170922,0.0280051,-0.00386847,4.25915,1.56638e+09,-0.00264441,MARKET_DOWN,False,False,False,Disc=0.99 10D超額=+23.0% 產業超額=+12.9% outperf10=70% RSaccel=+0.0280 觸發=indep regime=MARKET_DOWN
2903,遠百,貿易百貨,2024-03-25,2024-03-26,29.2229,33.6739,0.25,27.1,31.2277,0.0726443,0.920263,False,,,,,,0,,,,,,False,0.25,2024-04-02,29.127,33.5634,F4_TIME_5D,FAILED_PROBE,6,0.25,-0.00194335,-0.00194335,-0.00777341,-0.00328079,0.0248821,-0.0144707,0.0248821,-0.0144707,,,,,1.25,0,,DISCOVERY,2024,0.955056,0.00177305,0.035461,0.130797,0.204124,0.140625,0.0216487,0.470898,0.2338,1.15138,1.20325,-0.0434177,0.183132,0.139714,0.7,2,0.0147806,-0.0106032,0.00646438,-0.00341297,7.03955,1.49206e+08,-0.00178857,MARKET_UP,False,False,False,Disc=0.96 10D超額=+14.0% 產業超額=+18.3% outperf10=70% RSaccel=+0.0065 觸發=indep regime=MARKET_UP
2905,三商,貿易百貨,2024-05-20,2024-05-21,17.0425,19.3897,0.25,15.85,18.033,0.0699721,0.90666,False,,,,,,0,,,,,,False,0.25,2024-05-23,16.5086,18.7823,F3_RS_FAILURE,FAILED_PROBE,3,0.25,-0.00893891,-0.00893891,-0.0357556,-0.0313261,0.000440076,-0.0406337,0.000440076,-0.0406337,,,,,0.5,0,,DISCOVERY,2024,0.954225,0.0060241,0.0210843,0.137393,0.279245,0.329412,0.0299199,0.585073,0.275245,1.31771,1.62741,-0.0471687,0.167703,0.120535,0.6,1,0.0193083,-0.00960405,0.00653561,-0.00877193,5.71831,4.64229e+07,0.000619047,MARKET_UP,False,False,False,Disc=0.95 10D超額=+12.1% 產業超額=+16.8% outperf10=60% RSaccel=+0.0065 觸發=indep regime=MARKET_UP
2905,三商,貿易百貨,2024-05-31,2024-06-03,18.6465,21.2146,0.25,17.2,19.5689,0.0775749,0.822275,False,,,,,,0,,,,,,False,0.25,2024-06-07,17.556,19.974,F2_STRUCTURE,FAILED_PROBE,5,0.25,-0.0157128,-0.0157128,-0.0628512,-0.0584828,0.013595,-0.0641675,0.013595,-0.0641675,,,,,1,0,,DISCOVERY,2024,0.970166,0.00576369,0.0605187,0.136855,0.255973,0.477912,0.0374612,0.549278,0.423071,1.34518,1.23015,-0.0103644,0.122761,0.112397,0.5,3,0.0232187,-0.00621613,0.0194788,0,3.84456,5.82599e+07,-0.00890544,MARKET_SIDEWAYS,False,False,False,Disc=0.97 10D超額=+11.2% 產業超額=+12.3% outperf10=50% RSaccel=+0.0195 觸發=indep regime=MARKET_SIDEWAYS
2905,三商,貿易百貨,2024-07-30,2024-07-31,19.2981,21.956,0.25,18.05,20.536,0.0646759,0.859704,True,2024-08-02,19.95,22.6977,persist,2,1,2024-08-05,19.4986,22.1841,,,True,1,2024-08-05,19.0523,21.6763,HARD_STOP,EXIT,4,1,-0.0248089,-0.0248089,-0.0248089,-0.0127409,0.0519156,-0.0102665,0.0519156,-0.0102665,0.0103896,-0.0228926,7.05178e-05,-0.0666009,0.75,0,,DISCOVERY,2024,0.954974,-0.00542005,0.0460705,0.0807784,0.162651,0.321918,0.0358993,0.405182,0.347133,1.53842,1.04792,0.0676514,0.06359,0.131241,0.7,1,0.0210066,-0.0170782,0.00425687,-0.00258398,2.09278,4.08026e+07,0.00266552,MARKET_SIDEWAYS,False,True,False,Disc=0.95 10D超額=+13.1% 產業超額=+6.4% outperf10=70% RSaccel=+0.0043 觸發=indep regime=MARKET_SIDEWAYS
2905,三商,貿易百貨,2025-12-01,2025-12-02,16.1904,19.0449,0.25,15.5,18.2328,0.0426411,,True,2025-12-04,16.95,19.9384,persist,2,1,2025-12-05,16.9924,19.9883,,,True,1,2025-12-24,15.9101,18.7152,HARD_STOP,EXIT,17,1,-0.056478,-0.056478,-0.056478,-0.0173097,0.0716243,-0.0148468,0.056183,-0.0148468,0.0495356,-0.0636904,0.0210462,-0.0642862,13.75,0,,STRICT_OOS,2025,0.95245,0.00949367,0.0189873,,0.129825,0.272707,0.0259539,0.532716,0.362314,0.492929,0.771735,-0.00657982,0.128453,0.121873,0.8,2,0.0203284,-0.00618707,,-0.0247597,5.02564,4.51778e+07,-0.0102782,MARKET_SIDEWAYS,False,False,False,Disc=0.95 10D超額=+12.2% 產業超額=+12.8% outperf10=80% RSaccel=+nan 觸發=indep regime=MARKET_SIDEWAYS
2913,農林,貿易百貨,2024-09-27,2024-09-30,23.0575,23.0575,0.25,21.6,21.6,0.0632115,0.816435,False,,,,,,0,,,,,,False,0.25,2024-10-04,21.7954,21.7954,F2_STRUCTURE,FAILED_PROBE,3,0.25,-0.0147787,-0.0147787,-0.059115,-0.0547382,0,-0.061043,0,-0.061043,,,,,0.5,0,,DISCOVERY,2024,0.954545,0.0091954,0.0528736,0.0898275,0.0930788,0.00881057,0.025889,0.698219,0.357754,3.75989,1.4778,-0.0268885,0.0981835,0.0712949,0.5,1,0.00843572,-0.0124148,0.000590862,-0.0556701,4.46988,6.26118e+07,-0.00157576,MARKET_SIDEWAYS,False,False,False,Disc=0.95 10D超額=+7.1% 產業超額=+9.8% outperf10=50% RSaccel=+0.0006 觸發=indep regime=MARKET_SIDEWAYS
2915,潤泰全,貿易百貨,2026-08-19,2026-08-20,62.2553,107.359,0.25,58.8,101.4,0.0555013,0.968717,False,,,,,,0,,,,,,False,0.25,2026-08-25,58.653,101.146,F1_PROBE_LOW,FAILED_PROBE,4,0.25,-0.0155581,-0.0155581,-0.0622324,-0.0578626,0.0039314,-0.0522888,0.0039314,-0.0522888,,,,,0.75,0,,STRICT_OOS,2026,0.976893,-0.0148026,0.0164474,0.147419,0.2,0.504856,0.0268146,0.436304,0.387871,1.28015,2.25027,0.006494,0.184141,0.190635,0.7,2,0.026561,-0.0125124,0.0307734,-0.00161551,6.51724,2.05538e+08,-0.013007,MARKET_SIDEWAYS,False,False,False,Disc=0.98 10D超額=+19.1% 產業超額=+18.4% outperf10=70% RSaccel=+0.0308 觸發=indep regime=MARKET_SIDEWAYS
3003,健和興,電子零組件業,2024-09-09,2024-09-10,99.7487,107.376,0.25,91.8,98.8191,0.0796877,0.966541,False,,,,,,0,,,,,,False,0.25,2024-09-12,95.76,103.082,F3_RS_FAILURE,FAILED_PROBE,3,0.25,-0.0110995,-0.0110995,-0.044398,-0.039988,0.0275818,-0.0736726,0.0275818,-0.0736726,,,,,0.5,0,,DISCOVERY,2024,0.979381,0,0.0155602,0.113576,0.186667,0.232997,0.0394718,0.697409,0.302407,1.23655,1.62388,0.0193968,0.170895,0.190292,0.8,2,0.016682,-0.00571452,0.0106622,-0.00910932,3.54529,2.4508e+08,-0.0135641,MARKET_SIDEWAYS,False,False,False,Disc=0.98 10D超額=+19.0% 產業超額=+17.1% outperf10=80% RSaccel=+0.0107 觸發=indep regime=MARKET_SIDEWAYS
3005,神基,電腦及週邊設備業,2023-03-03,2023-03-06,54.937,58.6573,0.25,50.4,53.813,0.0825855,0.952607,True,2023-03-08,58,61.9277,persist,2,1,2023-03-09,58.3455,62.2966,,,True,1,2023-07-03,67.83,77.7117,TREND_FAILURE_MA20x2,EXIT,80,1,0.261696,0.261696,0.261696,0.324844,0.484419,-0.0134154,0.0557548,-0.0134154,0.0620438,0.247447,0.3977,-0.0607673,76.75,0,,DISCOVERY,2023,0.951684,0.0229446,0.040153,0.126936,0.183896,0.304556,0.0185793,0.737094,0.243003,3.88486,2.33748,0.0413043,0.0925851,0.133889,0.8,2,0.0109443,-0.00870031,0.0229415,-0.0319349,7.5689,9.29061e+07,0.000621846,MARKET_SIDEWAYS,False,False,False,Disc=0.95 10D超額=+13.4% 產業超額=+9.3% outperf10=80% RSaccel=+0.0229 觸發=indep regime=MARKET_SIDEWAYS
3005,神基,電腦及週邊設備業,2025-05-20,2025-05-21,122.806,145.56,0.25,115,136.307,0.0635656,0.934796,False,,,,,,0,,,,,,False,0.25,2025-05-28,120.698,143.06,F2_STRUCTURE,FAILED_PROBE,6,0.25,-0.00540818,-0.00540818,-0.0216327,-0.0171714,0.0300779,-0.030994,0.0300779,-0.030994,,,,,1.25,0,,STRICT_OOS,2025,0.950966,0,0.025,0.115393,0.241171,-0.0238095,0.0281649,0.955696,0.229883,3.0808,2.01459,0.0154789,0.0745156,0.0899945,0.7,1,0.00165583,-0.00191476,0.0188606,-0.0352941,4.3299,3.33726e+08,0.000102212,MARKET_UP,False,False,False,Disc=0.95 10D超額=+9.0% 產業超額=+7.5% outperf10=70% RSaccel=+0.0189 觸發=indep regime=MARKET_UP
3006,晶豪科,電子工業,2025-09-15,2025-09-16,64.561,75.2727,0.25,59.4,69.2554,0.0799399,0.870063,True,2025-09-18,72.6,84.6455,persist,2,1,2025-09-19,73.0823,85.2077,,,True,1,2025-10-15,78.1042,91.063,MFE_PROTECTION,EXIT,19,1,0.0992475,0.0992475,0.0992475,0.209774,0.39403,-0.0195319,0.141556,-0.0195319,0.131988,0.0687171,0.231489,-0.0517533,15.75,0,,STRICT_OOS,2025,0.950255,0.0393443,0.0508197,0.102985,0.182657,0.159578,0.0478048,1.17244,0.535472,2.75203,1.60375,-0.0408285,0.11002,0.069192,0.5,1,-0.0009575,0.00165733,0.00250865,-0.15938,4.04662,3.22203e+08,-0.00461165,MARKET_SIDEWAYS,False,False,False,Disc=0.95 10D超額=+6.9% 產業超額=+11.0% outperf10=50% RSaccel=+0.0025 觸發=indep regime=MARKET_SIDEWAYS
3008,大立光,光電業,2023-12-25,2023-12-26,2801.99,2896.42,0.25,2635,2723.8,0.0595961,0.857593,False,,,,,,0,,,,,,False,0.25,2024-01-03,2718.19,2809.79,F4_TIME_5D,FAILED_PROBE,6,0.25,-0.00858501,-0.00858501,-0.0343401,-0.0299073,0.0278418,-0.0221227,0.0278418,-0.0221227,,,,,1.25,0,,DISCOVERY,2023,0.979112,0.0150943,0.054717,0.12024,0.220524,0.327791,0.0313059,0.733721,0.40162,1.57595,0.928137,-0.0490818,0.232819,0.183737,0.7,2,0.00690134,0.00511956,-0.00212997,-0.0071048,5.2,2.83877e+09,0.000466567,MARKET_UP,False,False,False,Disc=0.98 10D超額=+18.4% 產業超額=+23.3% outperf10=70% RSaccel=-0.0021 觸發=indep regime=MARKET_UP
3010,華立,電子通路業,2023-08-11,2023-08-14,87.418,108.633,0.25,82.9,103.018,0.0516827,0.921442,False,,,,,,0,,,,,,False,0.25,2023-08-21,86.982,108.091,F4_TIME_5D,FAILED_PROBE,6,0.25,-0.00236908,-0.00236908,-0.0094763,-0.00498753,0.00780161,-0.031092,0.00780161,-0.031092,,,,,1.25,0,,DISCOVERY,2023,0.973518,0,0.0328639,0.0763209,0.0864198,0.145213,0.0148539,0.437554,0.255782,4.50753,2.38597,0.009146,0.114426,0.123572,0.7,1,0.0081792,-0.00850544,0.0282349,-0.00740194,6.96175,3.88385e+07,-0.00201086,MARKET_SIDEWAYS,False,False,False,Disc=0.97 10D超額=+12.4% 產業超額=+11.4% outperf10=70% RSaccel=+0.0282 觸發=indep regime=MARKET_SIDEWAYS
3010,華立,電子通路業,2025-05-29,2025-06-02,106.766,137.316,0.25,104,133.759,0.0259094,0.890683,False,,,,,,0,,,,,,False,0.25,2025-06-09,104.738,134.707,F4_TIME_5D,FAILED_PROBE,6,0.25,-0.00586476,-0.00586476,-0.023459,-0.0190018,0.0209219,-0.0259094,0.0209219,-0.0259094,,,,,1.25,0,,STRICT_OOS,2025,0.978102,0.0240385,0.0384615,0.0968921,0.13804,-0.0442478,0.0233466,0.932022,0.278616,1.84805,2.54978,-0.0155023,0.136292,0.120789,0.6,2,0.000200792,-0.00138639,0.0198127,-0.288044,4.52125,8.43526e+07,-0.00048788,MARKET_UP,False,False,False,Disc=0.98 10D超額=+12.1% 產業超額=+13.6% outperf10=60% RSaccel=+0.0198 觸發=indep regime=MARKET_UP
3011,今皓,電子零組件業,2023-03-15,2023-03-16,21.4535,21.4535,0.25,20.9,20.9,0.0258,0.573403,True,2023-03-21,23.2,23.2,persist,3,1,2023-03-22,23.258,23.258,,,True,1,2023-05-12,26.3839,26.3839,TREND_FAILURE_MA20x2,EXIT,38,1,0.153398,0.153398,0.153398,0.229817,0.49859,-0.0118163,0.116368,-0.0118163,0.0841121,0.1344,0.38232,-0.0540889,34,0,,DISCOVERY,2023,0.96547,0.0023753,0.0285036,0.0700605,0.196133,0.33642,0.039261,0.904657,0.507413,0.830542,1.62136,0.0141774,0.0477693,0.0619467,0.4,3,0.00917759,-0.00729763,-0.0102173,-0.109053,2.88235,6.21268e+07,0.00176883,MARKET_SIDEWAYS,False,False,False,Disc=0.97 10D超額=+6.2% 產業超額=+4.8% outperf10=40% RSaccel=-0.0102 觸發=indep regime=MARKET_SIDEWAYS
3013,晟銘電,電腦及週邊設備業,2024-10-22,2024-10-23,163.909,169.597,0.25,152.5,157.792,0.0696043,0.922797,False,,,,,,0,,,,,,False,0.25,2024-10-29,152.119,157.398,F1_PROBE_LOW,FAILED_PROBE,5,0.25,-0.0190671,-0.0190671,-0.0762685,-0.0719303,0.0310615,-0.0574024,0.0310615,-0.0574024,,,,,1,0,,DISCOVERY,2024,0.977556,0,0.0316456,0.179663,0.411255,0.403849,0.055872,1.03936,0.659056,0.563414,1.36446,-0.0179462,0.280065,0.262119,0.6,2,0.0117458,0.0157581,0.0085979,-0.00911854,4.61176,5.25179e+09,-0.000301582,MARKET_UP,False,False,False,Disc=0.98 10D超額=+26.2% 產業超額=+28.0% outperf10=60% RSaccel=+0.0086 觸發=indep regime=MARKET_UP
3013,晟銘電,電腦及週邊設備業,2024-11-12,2024-11-13,169.924,175.82,0.25,157,162.448,0.0760562,0.831021,False,,,,,,0,,,,,,False,0.25,2024-11-15,165.585,171.331,F2_STRUCTURE,FAILED_PROBE,3,0.25,-0.00749401,-0.00749401,-0.0299761,-0.0255335,0.0357587,-0.0466312,0.0357587,-0.0466312,,,,,0.5,0,,DISCOVERY,2024,0.954082,-0.0147929,0,0.0633947,0.194346,0.59434,0.0532544,1.09073,0.527028,0.94788,1.08485,0.0176651,0.0680921,0.0857572,0.5,2,0.0171219,0.0189401,0.007207,-0.0231214,2.55556,5.98399e+09,-0.0232842,MARKET_SIDEWAYS,False,False,False,Disc=0.95 10D超額=+8.6% 產業超額=+6.8% outperf10=50% RSaccel=+0.0072 觸發=indep regime=MARKET_SIDEWAYS
3013,晟銘電,電腦及週邊設備業,2025-05-20,2025-05-21,109.272,113.064,0.25,104.5,108.126,0.0436752,0.798338,False,,,,,,0,,,,,,False,0.25,2025-05-23,104.239,107.856,F1_PROBE_LOW,FAILED_PROBE,3,0.25,-0.0126156,-0.0126156,-0.0504624,-0.046066,0.0112334,-0.0390995,0.0112334,-0.0390995,,,,,0.5,0,,STRICT_OOS,2025,0.976226,0.0142857,0.0428571,0.179893,0.387833,-0.226148,0.046771,1.22014,0.560619,1.11736,1.93496,0.0133754,0.183464,0.196839,0.5,1,-0.022222,0.00562408,-0.00149217,-0.377841,4.72524,1.00642e+09,0.000102212,MARKET_UP,False,False,False,Disc=0.98 10D超額=+19.7% 產業超額=+18.3% outperf10=50% RSaccel=-0.0015 觸發=indep regime=MARKET_UP
3014,聯陽,電子工業,2023-05-12,2023-05-15,102.255,122.276,0.25,97.6,116.71,0.0455234,0.936262,True,2023-05-24,111,132.733,persist,7,1,2023-05-25,110.776,132.466,,,True,1,2023-06-29,111.72,140.564,TREND_FAILURE_MA20x2,EXIT,32,1,0.0785576,0.0785576,0.0785576,0.149566,0.217544,-0.0367219,0.11486,-0.0367219,0.0833333,0.0611378,0.123887,-0.0160346,25,0,,DISCOVERY,2023,0.963012,0.0112474,0.0429448,0.108937,0.127072,0.173763,0.0276611,0.879762,0.329976,2.2441,2.54299,-0.00813956,0.166627,0.158487,0.8,1,-0.00315604,-0.00072265,0.00664936,0,5.03291,1.51404e+08,-0.00079151,MARKET_SIDEWAYS,False,False,False,Disc=0.96 10D超額=+15.8% 產業超額=+16.7% outperf10=80% RSaccel=+0.0066 觸發=indep regime=MARKET_SIDEWAYS
3015,全漢,電子零組件業,2025-01-10,2025-01-13,64.2602,84.5755,0.25,61,80.2845,0.0507351,0.736879,False,,,,,,0,,,,,,False,0.25,2025-02-19,67.83,89.2738,PROBE_MAX_LIFE,FAILED_PROBE,21,0.25,0.0127316,0.0127316,0.0509265,0.0555514,0.0784272,-0.032061,0.0784272,-0.032061,,,,,5,0,,STRICT_OOS,2025,0.971871,-0.00315457,0.0268139,0.0640732,0.0742574,0.0978077,0.0330261,0.809676,0.327419,3.56327,2.34523,-0.0437215,0.0806477,0.0369262,0.3,2,0.012268,-0.00110766,0.0225976,-0.126174,2.88372,1.12186e+08,-0.00300115,MARKET_SIDEWAYS,False,False,False,Disc=0.97 10D超額=+3.7% 產業超額=+8.1% outperf10=30% RSaccel=+0.0226 觸發=indep regime=MARKET_SIDEWAYS
3017,奇鋐,電腦及週邊設備業,2025-07-08,2025-07-09,793.98,892.262,0.25,755,848.457,0.0490944,0.840742,True,2025-07-15,853,958.588,persist,4,1,2025-07-16,871.173,979.01,,,True,1,2025-09-01,983.535,1114.95,TREND_FAILURE_MA20x2,EXIT,39,1,0.161661,0.161661,0.161661,0.249578,0.473589,-0.00879115,0.0755938,-0.00879115,0.0972222,0.138856,0.343018,-0.0392259,34.25,0,,STRICT_OOS,2025,0.964724,0.0104987,0.0433071,0.0587295,0.134094,0.931956,0.0274933,1.33696,0.337585,0.935488,1.06348,-0.0112362,0.0821139,0.0708777,0.5,2,0.0144067,0.0174474,0.00837062,-0.00625,3.43137,6.65797e+09,-0.00296272,MARKET_SIDEWAYS,False,False,False,Disc=0.96 10D超額=+7.1% 產業超額=+8.2% outperf10=50% RSaccel=+0.0084 觸發=indep regime=MARKET_SIDEWAYS
3017,奇鋐,電腦及週邊設備業,2026-02-02,2026-02-03,1553.88,1761.5,0.25,1400,1587.06,0.0990266,0.876176,False,,,,,,0,,,,,,False,0.25,2026-02-24,1531.16,1735.75,F2_STRUCTURE,FAILED_PROBE,9,0.25,-0.00477095,-0.00477095,-0.0190838,-0.0146167,0.10691,-0.0250181,0.10691,-0.0250181,,,,,2,0,,STRICT_OOS,2026,0.982057,-0.0136986,0.0205479,0.0767841,0.0275862,-0.00334448,0.0424257,1.33524,0.480316,1.11597,1.18097,-0.0608531,0.2115,0.150647,0.8,2,-0.00869927,-0.00247668,0.013797,-0.0599369,3.87571,8.80626e+09,0,MARKET_UP,False,False,False,Disc=0.98 10D超額=+15.1% 產業超額=+21.1% outperf10=80% RSaccel=+0.0138 觸發=indep regime=MARKET_UP
3019,亞光,電子工業,2023-12-25,2023-12-26,72.581,80.9283,0.25,68,75.8204,0.0631156,0.720554,False,,,,,,0,,,,,,False,0.25,2023-12-28,70.7228,78.8563,F3_RS_FAILURE,FAILED_PROBE,3,0.25,-0.00751121,-0.00751121,-0.0300448,-0.0256024,0.00577286,-0.0286714,0.00577286,-0.0286714,,,,,0.5,0,,DISCOVERY,2023,0.969974,0.00877193,0.0482456,0.0517052,0.0963303,0.145367,0.0301853,0.718848,0.35196,1.17906,0.607458,-0.0193071,0.0982657,0.0789586,0.5,3,0.0021,-0.00685266,0.00264468,-0.0401606,3.83498,2.2063e+08,0.000466567,MARKET_UP,False,False,False,Disc=0.97 10D超額=+7.9% 產業超額=+9.8% outperf10=50% RSaccel=+0.0026 觸發=indep regime=MARKET_UP
3019,亞光,電子工業,2024-08-21,2024-08-22,125.313,143.364,0.25,121,138.43,0.034414,0.844469,False,,,,,,0,,,,,,False,0.25,2024-08-22,120.698,138.084,F1_PROBE_LOW,FAILED_PROBE,1,0.25,-0.0103113,-0.0103113,-0.0412451,-0.0368279,0,0,,,,,,,0,0,,DISCOVERY,2024,0.973653,0.0122449,0.0326531,0.267535,0.452354,0.978586,0.057764,0.948987,0.730893,0.955115,1.57443,0.0382642,0.271862,0.310126,0.9,2,0.00979546,0.00714362,-0.00886473,-0.0343511,5.41935,2.60516e+09,-0.00852509,MARKET_SIDEWAYS,False,False,False,Disc=0.97 10D超額=+31.0% 產業超額=+27.2% outperf10=90% RSaccel=-0.0089 觸發=indep regime=MARKET_SIDEWAYS
3019,亞光,電子工業,2025-08-08,2025-08-11,151.879,179.063,0.25,147,173.311,0.0321227,0.614129,True,2025-08-13,168.5,198.659,persist,2,1,2025-08-14,171.929,202.701,,,True,1,2025-09-17,159.101,187.578,TREND_FAILURE_MA20x2,EXIT,28,1,-0.0484693,-0.0484693,-0.0484693,0.0475544,0.185156,-0.0255385,0.109438,-0.0255385,0.132013,-0.0746094,0.0469453,-0.110096,24.75,0,,STRICT_OOS,2025,0.958641,0.0170068,0.0340136,0.118675,0.201581,0.0992366,0.0399436,1.21786,0.51637,1.76947,2.83413,0.0044333,0.106029,0.110462,0.4,2,-0.00330516,-0.00223934,-0.0180873,-0.281462,5.76471,2.13055e+09,0.000728636,MARKET_UP,False,False,False,Disc=0.96 10D超額=+11.0% 產業超額=+10.6% outperf10=40% RSaccel=-0.0181 觸發=indep regime=MARKET_UP
3022,威強電,電腦及週邊設備業,2026-07-24,2026-07-27,95.3377,121.731,0.25,87.5,111.723,0.0822103,0.834672,False,,,,,,0,,,,,,False,0.25,2026-07-28,86.982,111.062,F1_PROBE_LOW,FAILED_PROBE,2,0.25,-0.0229866,-0.0229866,-0.0919465,-0.0876437,0.00275075,-0.064379,0.00275075,-0.064379,,,,,0.25,0,,STRICT_OOS,2026,0.95189,-0.00759219,0.0195228,0.0868309,0.138015,0.364296,0.0483283,0.716849,0.637402,1.4541,1.09591,0.0100369,0.0836202,0.0936571,0.5,1,0.0114681,-0.005662,0.030605,-0.0177638,3.91824,2.55023e+08,-0.0266655,MARKET_SIDEWAYS,False,False,False,Disc=0.95 10D超額=+9.4% 產業超額=+8.4% outperf10=50% RSaccel=+0.0306 觸發=indep regime=MARKET_SIDEWAYS
3023,信邦,電子零組件業,2024-07-22,2024-07-23,332.329,360.536,0.25,311,337.397,0.0641797,0.95411,False,,,,,,0,,,,,,False,0.25,2024-07-30,326.183,353.868,F2_STRUCTURE,FAILED_PROBE,4,0.25,-0.00573822,-0.00573822,-0.0229529,-0.0184945,0.0381287,-0.0295754,0.0381287,-0.0295754,,,,,0.75,0,,DISCOVERY,2024,0.980372,-0.00606061,0.0212121,0.0975411,0.162069,0.203571,0.0362442,0.449166,0.332028,2.51372,1.51424,-0.00254469,0.193771,0.191226,0.8,2,0.0184859,-0.00468958,0.019158,-0.0972308,3.5614,3.67334e+08,-0.0267726,MARKET_SIDEWAYS,False,False,False,Disc=0.98 10D超額=+19.1% 產業超額=+19.4% outperf10=80% RSaccel=+0.0192 觸發=indep regime=MARKET_SIDEWAYS
3024,憶聲,光電業,2024-07-29,2024-07-30,22.2555,23.4376,0.25,21.25,22.3787,0.0451799,0.796718,False,,,,,,0,,,,,,False,0.25,2024-08-06,21.3964,22.5329,F2_STRUCTURE,FAILED_PROBE,6,0.25,-0.010754,-0.010754,-0.0430159,-0.0386028,0.114331,-0.0384399,0.114331,-0.0384399,,,,,1.25,0,,DISCOVERY,2024,0.96852,0.0282353,0.0588235,0.0161619,0.0661123,0.138619,0.0396583,0.482669,0.547757,1.99234,0.727421,-0.00688877,0.154475,0.147586,0.7,2,0.0155577,-0.016803,0.00574858,-0.101329,2.40947,1.67989e+08,0.00204709,MARKET_SIDEWAYS,False,False,False,Disc=0.97 10D超額=+14.8% 產業超額=+15.4% outperf10=70% RSaccel=+0.0057 觸發=indep regime=MARKET_SIDEWAYS
3024,憶聲,光電業,2024-11-15,2024-11-18,20.8019,21.9068,0.25,19.3,20.3251,0.0721991,0.933042,False,,,,,,0,,,,,,False,0.25,2024-11-21,19.95,21.0097,F3_RS_FAILURE,FAILED_PROBE,4,0.25,-0.0113399,-0.0113399,-0.0453597,-0.0409518,0.0191389,-0.0433555,0.0191389,-0.0433555,,,,,0.75,0,,DISCOVERY,2024,0.985256,-0.00254453,0.0559797,0.122228,0.16573,-0.0393519,0.032358,0.648521,0.339561,7.35639,3.26018,-0.0324907,0.164919,0.132428,0.6,2,0.00888887,-0.0199167,0.0186403,-0.171225,4.46809,4.88497e+07,0.00120579,MARKET_SIDEWAYS,False,False,False,Disc=0.99 10D超額=+13.2% 產業超額=+16.5% outperf10=60% RSaccel=+0.0186 觸發=indep regime=MARKET_SIDEWAYS
3025,星通,通信網路業,2024-11-11,2024-11-12,80.8015,76.9799,0.25,76.6,72.9771,0.0519977,0.674928,False,,,,,,0,,,,,,False,0.25,2024-11-15,77.406,73.745,F2_STRUCTURE,FAILED_PROBE,4,0.25,-0.011607,-0.011607,-0.0464282,-0.0420227,0.0148326,-0.0495226,0.0148326,-0.0495226,,,,,0.75,0,,DISCOVERY,2024,0.959948,0.0025641,0.0282051,0.0378518,-0.00742574,0.311976,0.0425721,0.684741,0.447668,0.662931,1.33571,-0.0226155,0.108989,0.0863734,0.6,3,0.0245229,-0.0155479,-0.010057,-0.118681,3.54393,5.62691e+08,-0.00102955,MARKET_SIDEWAYS,False,False,False,Disc=0.96 10D超額=+8.6% 產業超額=+10.9% outperf10=60% RSaccel=-0.0101 觸發=indep regime=MARKET_SIDEWAYS
3029,零壹,電子工業,2023-02-13,2023-02-14,48.12,56.2347,0.25,45.15,52.7639,0.0617207,0.973017,False,,,,,,0,,,,,,False,0.25,2023-02-21,47.5808,55.6046,F4_TIME_5D,FAILED_PROBE,6,0.25,-0.00392028,-0.00392028,-0.0156811,-0.0112063,0.00789692,-0.0315877,0.00789692,-0.0315877,,,,,1.25,0,,DISCOVERY,2023,0.967797,0.0130435,0.0369565,0.117358,0.188045,0.229381,0.0169212,0.562178,0.167982,6.60728,3.24465,0.0331683,0.10746,0.140628,0.8,2,0.0121239,-0.0113662,0.0142781,-0.00625,8.23894,5.09158e+07,-0.00271835,MARKET_UP,False,False,False,Disc=0.97 10D超額=+14.1% 產業超額=+10.7% outperf10=80% RSaccel=+0.0143 觸發=indep regime=MARKET_UP
3029,零壹,電子工業,2024-07-19,2024-07-22,116.29,153.331,0.25,106,139.763,0.0884857,0.756369,False,,,,,,0,,,,,,False,0.25,2024-07-26,105.735,139.414,F1_PROBE_LOW,FAILED_PROBE,3,0.25,-0.0237651,-0.0237651,-0.0950602,-0.0907645,0.0147046,-0.0497893,0.0147046,-0.0497893,,,,,0.5,0,,DISCOVERY,2024,0.954686,0.00913242,0.0410959,0.0958377,0.311853,0.540541,0.0545113,0.567463,0.503354,0.787676,0.949463,-0.0135848,0.118234,0.10465,0.4,2,0.0142446,-0.00457463,0.0110911,-0.0460251,2.65517,4.54765e+08,-0.0226173,MARKET_SIDEWAYS,False,False,False,Disc=0.95 10D超額=+10.5% 產業超額=+11.8% outperf10=40% RSaccel=+0.0111 觸發=indep regime=MARKET_SIDEWAYS
3030,德律,電子工業,2024-08-19,2024-08-20,163.909,200.104,0.25,150,183.124,0.0848567,0.847739,False,,,,,,0,,,,,,False,0.25,2024-08-23,153.116,186.928,F3_RS_FAILURE,FAILED_PROBE,4,0.25,-0.0175491,-0.0175491,-0.0701964,-0.0658446,0.000556712,-0.0726548,0.000556712,-0.0726548,,,,,0.75,0,,DISCOVERY,2024,0.97076,0.0392157,0.0588235,0.132471,0.0553746,0.0217241,0.0597443,0.97332,0.751094,1.45357,1.39633,-0.00847197,0.169272,0.1608,0.7,2,-0.01236,-0.00675663,0.00463038,-0.140581,5.26937,4.65045e+08,0.00269807,MARKET_SIDEWAYS,False,False,False,Disc=0.97 10D超額=+16.1% 產業超額=+16.9% outperf10=70% RSaccel=+0.0046 觸發=indep regime=MARKET_SIDEWAYS
3030,德律,電子工業,2025-06-26,2025-06-27,149.874,190.173,0.25,140,177.645,0.0658804,0.854218,False,,,,,,0,,,,,,False,0.25,2025-07-02,142.643,180.998,F3_RS_FAILURE,FAILED_PROBE,4,0.25,-0.0131601,-0.0131601,-0.0526404,-0.0482489,0.0208592,-0.0525359,0.0208592,-0.0525359,,,,,0.75,0,,STRICT_OOS,2025,0.977578,0.00704225,0.0422535,0.141582,0.361299,0.298116,0.0461072,1.14273,0.483438,1.39811,1.47281,-0.0077982,0.163976,0.156178,0.7,2,-0.010552,0.00563342,-0.000769229,-0.161707,3.51707,1.01791e+09,0.00275204,MARKET_SIDEWAYS,False,False,False,Disc=0.98 10D超額=+15.6% 產業超額=+16.4% outperf10=70% RSaccel=-0.0008 觸發=indep regime=MARKET_SIDEWAYS
3032,偉訓,電子工業,2024-08-20,2024-08-21,70.576,89.3341,0.25,65.3,82.6558,0.0747563,0.834942,True,2024-08-26,74.7,94.5542,persist,3,1,2024-08-27,77.1925,97.7092,,,True,1,2024-09-04,68.8275,87.1209,HARD_STOP,EXIT,11,1,-0.091771,-0.091771,-0.091771,-0.0247747,0.0910224,-0.015246,0.0740195,-0.015246,0.09375,-0.108365,-0.00249377,-0.137222,7,0,,DISCOVERY,2024,0.953475,0,0.0443787,0.117885,0.0733622,-0.026257,0.0551396,0.905225,0.76701,2.95574,1.58118,0.0602487,0.13638,0.196628,0.6,2,0.00578283,-0.00567346,0.0182563,-0.14867,4.16147,1.07567e+08,0.000868823,MARKET_SIDEWAYS,False,False,False,Disc=0.95 10D超額=+19.7% 產業超額=+13.6% outperf10=60% RSaccel=+0.0183 觸發=indep regime=MARKET_SIDEWAYS
3034,聯詠,電子工業,2023-11-01,2023-11-02,477.19,650.077,0.25,437,595.326,0.0842223,0.916393,False,,,,,,0,,,,,,False,0.25,2023-11-17,482.291,657.027,F3_RS_FAILURE,FAILED_PROBE,12,0.25,0.00154153,0.00154153,0.00616613,0.0106902,0.0561831,-0.022402,0.0561831,-0.022402,,,,,2.75,0,,DISCOVERY,2023,0.968992,0.00550055,0.0341034,0.0743471,0.0981308,0.105882,0.0234043,0.868493,0.268831,2.76875,1.69216,0.0102366,0.0922176,0.102454,0.8,1,0.00497261,0.00139517,0.0205063,-0.0010627,4.09091,1.8366e+09,0.00233044,MARKET_SIDEWAYS,False,False,False,Disc=0.97 10D超額=+10.2% 產業超額=+9.2% outperf10=80% RSaccel=+0.0205 觸發=indep regime=MARKET_SIDEWAYS
3034,聯詠,電子工業,2025-02-03,2025-02-04,538.342,774.414,0.25,499.5,718.538,0.072152,0.918465,False,,,,,,0,,,,,,False,0.25,2025-02-11,537.653,773.421,F4_TIME_5D,FAILED_PROBE,6,0.25,-0.00144471,-0.00144471,-0.00577883,-0.00128171,0.0290846,-0.0136391,0.0290846,-0.0136391,,,,,1.25,0,,STRICT_OOS,2025,0.956934,-0.00572519,0.019084,0.0601022,0.0701403,0.0595238,0.0216693,0.580721,0.259866,2.17296,1.36168,0.000204793,0.0997013,0.0999061,0.6,1,0.0116261,-0.0122683,0.0160001,-0.12713,4.58025,1.25316e+09,-0.0353108,MARKET_SIDEWAYS,False,False,False,Disc=0.96 10D超額=+10.0% 產業超額=+10.0% outperf10=60% RSaccel=+0.0160 觸發=indep regime=MARKET_SIDEWAYS
3034,聯詠,電子工業,2026-07-24,2026-07-27,511.275,810.572,0.25,484.5,768.123,0.0523691,0.681241,False,,,,,,0,,,,,,False,0.25,2026-07-31,528.675,838.158,F2_STRUCTURE,FAILED_PROBE,5,0.25,0.007364,0.007364,0.029456,0.0340326,0.0268447,-0.0484573,0.0268447,-0.0484573,,,,,1,0,,STRICT_OOS,2026,0.97709,-0.00596421,0.00795229,0.0245594,-0.0562064,0.283559,0.0396107,0.752429,0.58189,0.694797,0.765567,-0.070084,0.08444,0.014356,0.5,1,0.00336735,-0.0021275,0.0192878,-0.12629,2.88807,3.0492e+09,-0.0266655,MARKET_SIDEWAYS,False,False,False,Disc=0.98 10D超額=+1.4% 產業超額=+8.4% outperf10=50% RSaccel=+0.0193 觸發=indep regime=MARKET_SIDEWAYS
3035,智原,電子工業,2023-10-16,2023-10-17,357.391,378.845,0.25,332,351.93,0.0710461,0.812086,False,,,,,,0,,,,,,False,0.25,2023-10-20,331.17,351.05,F1_PROBE_LOW,FAILED_PROBE,4,0.25,-0.0194259,-0.0194259,-0.0777034,-0.0733685,0.0268858,-0.0626519,0.0268858,-0.0626519,,,,,0.75,0,,DISCOVERY,2023,0.963247,-0.00291545,0.0204082,0.0875476,0.00574713,0.11465,0.0384694,1.63211,0.517341,1.09222,1.11168,-0.0116728,0.134503,0.12283,0.7,1,-0.0139597,0.00896188,0.0164366,-0.131514,3.8992,6.4427e+09,-0.0077658,MARKET_SIDEWAYS,False,False,False,Disc=0.96 10D超額=+12.3% 產業超額=+13.5% outperf10=70% RSaccel=+0.0164 觸發=indep regime=MARKET_SIDEWAYS
3035,智原,電子工業,2024-01-10,2024-01-11,389.471,412.851,0.25,372.5,394.861,0.0435751,0.831639,False,,,,,,0,,,,,,False,0.25,2024-02-19,436.905,463.132,PROBE_MAX_LIFE,FAILED_PROBE,21,0.25,0.029254,0.029254,0.117016,0.12179,0.179805,-0.0101965,0.179805,-0.0101965,,,,,5,0,,DISCOVERY,2024,0.963329,0.00665779,0.0306258,0.0555025,0.0117647,0.0978723,0.0313769,1.43164,0.354733,0.947236,1.21681,-0.00907559,0.0972145,0.0881389,0.5,3,-0.00228525,0.0130622,0.00437755,-0.0397022,3.21176,6.05831e+09,-0.00398392,MARKET_SIDEWAYS,False,False,False,Disc=0.96 10D超額=+8.8% 產業超額=+9.7% outperf10=50% RSaccel=+0.0044 觸發=indep regime=MARKET_SIDEWAYS
3036,文曄,電子通路業,2023-08-09,2023-08-10,74.6862,84.2107,0.25,68.1,76.7845,0.0881856,0.938088,False,,,,,,0,,,,,,False,0.25,2023-08-17,72.219,81.4288,F4_TIME_5D,FAILED_PROBE,6,0.25,-0.00936514,-0.00936514,-0.0374605,-0.0330349,0.00420091,-0.0560512,0.00420091,-0.0560512,,,,,1.25,0,,DISCOVERY,2023,0.965044,0.00282087,0.0437236,0.0717648,0.0755814,0.147287,0.0203668,0.583654,0.267096,3.68856,1.60932,-0.0174665,0.14598,0.128513,0.8,1,0.0088789,-0.00912295,0.0225355,-0.012016,5.77251,1.18807e+08,-0.000363215,MARKET_SIDEWAYS,False,False,False,Disc=0.97 10D超額=+12.9% 產業超額=+14.6% outperf10=80% RSaccel=+0.0225 觸發=indep regime=MARKET_SIDEWAYS
3036,文曄,電子通路業,2024-08-13,2024-08-14,110.776,135.826,0.25,103,126.291,0.0701978,0.734385,False,,,,,,0,,,,,,False,0.25,2024-08-20,108.727,133.314,F3_RS_FAILURE,FAILED_PROBE,5,0.25,-0.00573822,-0.00573822,-0.0229529,-0.0184945,0.0155607,-0.0250618,0.0155607,-0.0250618,,,,,1,0,,DISCOVERY,2024,0.95898,0.0140845,0.0328639,0.0275572,-0.0909091,-0.105691,0.0505844,0.960639,0.64831,1.31097,1.41695,-0.00890229,0.0858084,0.0769061,0.5,1,0.00534196,-0.00909728,0.01933,-0.411765,5.01412,5.36547e+08,0.00107058,MARKET_SIDEWAYS,False,False,False,Disc=0.96 10D超額=+7.7% 產業超額=+8.6% outperf10=50% RSaccel=+0.0193 觸發=indep regime=MARKET_SIDEWAYS
3036,文曄,電子通路業,2026-03-13,2026-03-16,238.595,311.404,0.25,223.5,291.703,0.0632662,0.848408,False,,,,,,0,,,,,,False,0.25,2026-03-25,237.405,309.851,F2_STRUCTURE,FAILED_PROBE,8,0.25,-0.00236908,-0.00236908,-0.00947631,-0.00498753,0.0771391,-0.0339278,0.0771391,-0.0339278,,,,,1.75,0,,STRICT_OOS,2026,0.956853,-0.00431965,0.0172786,0.2346,0.504792,0.585859,0.0494389,0.561268,0.536466,0.668519,1.26959,0.0584096,0.278356,0.336765,0.9,3,0.0198222,-0.000984665,-0.0161252,-0.00842105,5.23926,2.67863e+09,-0.00540589,MARKET_SIDEWAYS,False,False,False,Disc=0.96 10D超額=+33.7% 產業超額=+27.8% outperf10=90% RSaccel=-0.0161 觸發=indep regime=MARKET_SIDEWAYS
3037,欣興,電子零組件業,2023-07-24,2023-07-25,203.006,219.981,0.25,188,203.72,0.0739201,0.73287,False,,,,,,0,,,,,,False,0.25,2023-07-26,199.5,216.182,F3_RS_FAILURE,FAILED_PROBE,2,0.25,-0.00543319,-0.00543319,-0.0217328,-0.0172716,0.024599,-0.0394384,0.024599,-0.0394384,,,,,0.25,0,,DISCOVERY,2023,0.951865,0.00787402,0.0472441,0.133487,0.16268,0.505629,0.0466728,1.59021,0.61355,1.33625,1.96499,0.0126354,0.217685,0.23032,0.6,2,-0.022711,0.0193464,-0.0138519,-0.0408654,5.08807,6.55568e+09,0.000170868,MARKET_SIDEWAYS,False,False,False,Disc=0.95 10D超額=+23.0% 產業超額=+21.8% outperf10=60% RSaccel=-0.0139 觸發=indep regime=MARKET_SIDEWAYS
3038,全台,電子工業,2023-03-31,2023-04-06,26.4159,29.7242,0.25,24.55,27.6247,0.0706346,0.838613,True,2023-04-12,27.45,30.8879,persist,4,1,2023-04-13,27.669,31.1343,,,True,1,2023-05-17,28.9275,32.5504,TREND_FAILURE_MA20x2,EXIT,29,1,0.0532529,0.0532529,0.0532529,0.0950801,0.181108,-0.0346714,0.056183,-0.0346714,0.0474383,0.0454841,0.127616,-0.0241787,24.25,0,,DISCOVERY,2023,0.958678,0.00401606,0.0461847,0.0735627,0.130152,0.264563,0.0297505,0.660406,0.347198,2.15309,0.770814,0.0121805,0.0486399,0.0608205,0.6,2,0.00330499,-0.00690598,0.0104072,-0.00191571,2.90322,1.10342e+08,0.00117544,MARKET_SIDEWAYS,False,False,False,Disc=0.96 10D超額=+6.1% 產業超額=+4.9% outperf10=60% RSaccel=+0.0104 觸發=indep regime=MARKET_SIDEWAYS
3038,全台,電子工業,2023-06-30,2023-07-03,43.0072,48.3935,0.25,39.3,44.222,0.0862006,0.737995,False,,,,,,0,,,,,,False,0.25,2023-07-06,39.102,43.9992,F3_RS_FAILURE,FAILED_PROBE,4,0.25,-0.023775,-0.023775,-0.0951002,-0.0908045,0.000994006,-0.0396968,0.000994006,-0.0396968,,,,,0.75,0,,DISCOVERY,2023,0.96375,0.00246914,0.0345679,0.107074,0.207493,0.682731,0.0556597,0.724169,0.605897,0.857212,2.03183,0.0266994,0.0946465,0.121346,0.7,2,0.000988008,0.00233482,0.00050836,-0.0647321,3.92343,4.05677e+08,-0.00157948,MARKET_SIDEWAYS,False,False,False,Disc=0.96 10D超額=+12.1% 產業超額=+9.5% outperf10=70% RSaccel=+0.0005 觸發=indep regime=MARKET_SIDEWAYS
3042,晶技,電子零組件業,2024-03-19,2024-03-20,123.307,150.057,0.25,112,136.297,0.0917017,0.739046,False,,,,,,0,,,,,,False,0.25,2024-03-25,117.705,143.239,F3_RS_FAILURE,FAILED_PROBE,4,0.25,-0.0124582,-0.0124582,-0.049833,-0.0454352,0.00561604,-0.0592624,0.00561604,-0.0592624,,,,,0.75,0,,DISCOVERY,2024,0.986652,0.00436681,0.0480349,0.134966,0.233299,0.2,0.0381548,0.847566,0.457375,2.10674,2.07006,-0.0613043,0.179904,0.1186,0.5,2,0.000961004,0.00158868,-0.00268345,0,3.93136,6.78687e+08,-0.00113934,MARKET_UP,False,False,False,Disc=0.99 10D超額=+11.9% 產業超額=+18.0% outperf10=50% RSaccel=-0.0027 觸發=indep regime=MARKET_UP
3044,健鼎,電子零組件業,2025-06-23,2025-06-24,243.607,303.886,0.25,231,288.159,0.0517533,0.883024,False,,,,,,0,,,,,,False,0.25,2025-07-04,243.39,303.615,F4_TIME_5D,FAILED_PROBE,9,0.25,-0.00134771,-0.00134771,-0.00539082,-0.00089283,0.0365034,-0.0209661,0.0365034,-0.0209661,,,,,2,0,,STRICT_OOS,2025,0.952096,-0.0148936,0.0297872,0.103637,0.195062,0.152381,0.030549,0.962904,0.389094,1.06088,1.72151,-0.00476758,0.120085,0.115318,0.5,1,-0.00162833,0.00187288,0.00852666,-0.0162602,3.92271,8.13723e+08,-0.0142304,MARKET_SIDEWAYS,False,False,False,Disc=0.95 10D超額=+11.5% 產業超額=+12.0% outperf10=50% RSaccel=+0.0085 觸發=indep regime=MARKET_SIDEWAYS
3045,台灣大,電子工業,2024-07-26,2024-07-29,106.265,125.38,0.25,102.5,120.938,0.0354303,0.867185,False,,,,,,0,,,,,,False,0.25,2024-08-05,104.239,122.989,F4_TIME_5D,FAILED_PROBE,6,0.25,-0.00588125,-0.00588125,-0.023525,-0.0190679,0,-0.0260199,0,-0.0260199,,,,,1.25,0,,DISCOVERY,2024,0.969538,-0.00947867,0.00473934,0.020042,0.038496,0.058467,0.024905,0.273853,0.38628,0.404638,0.555034,0.00717624,0.110677,0.117854,0.7,2,0.0198492,-0.018542,0.0171486,-0.0510295,2.08339,2.33925e+09,-0.0329064,MARKET_SIDEWAYS,False,False,False,Disc=0.97 10D超額=+11.8% 產業超額=+11.1% outperf10=70% RSaccel=+0.0171 觸發=indep regime=MARKET_SIDEWAYS
3045,台灣大,電子工業,2026-07-28,2026-07-29,114.285,146.59,0.25,111.5,143.018,0.0243689,0.867804,False,,,,,,0,,,,,,False,0.25,2026-08-03,112.717,144.579,F2_STRUCTURE,FAILED_PROBE,4,0.25,-0.00454621,-0.00454621,-0.0181849,-0.0137157,0.00625629,-0.0156188,0.00625629,-0.0156188,,,,,0.75,0,,STRICT_OOS,2026,0.966082,-0.00440529,0.00440529,0.0227795,0.00844086,0.0672289,0.0193052,0.280591,0.175213,0.654693,0.627244,-0.0554625,0.1714,0.115937,0.6,1,0.0272887,-0.0203805,0.0162524,-0.0206089,2.4991,2.06117e+09,-0.0465422,MARKET_SIDEWAYS,False,False,False,Disc=0.97 10D超額=+11.6% 產業超額=+17.1% outperf10=60% RSaccel=+0.0163 觸發=indep regime=MARKET_SIDEWAYS
3046,建碁,電腦及週邊設備業,2024-01-03,2024-01-04,68.4707,70.3196,0.25,63.6,65.3173,0.0711362,0.810465,False,,,,,,0,,,,,,False,0.25,2024-01-08,68.628,70.4811,F3_RS_FAILURE,FAILED_PROBE,3,0.25,-0.00055214,-0.00055214,-0.00220856,0.00229661,0,-0.0477686,0,-0.0477686,,,,,0.5,0,,DISCOVERY,2024,0.95411,0.0140406,0.0655226,0.0713725,0.0655226,-0.0474198,0.0213345,0.924792,0.298695,11.365,2.6114,0.0213948,0.0776568,0.0990516,0.5,1,0.00415464,-0.0059683,0.015197,-0.33196,5.21569,3.6039e+07,-0.0164923,MARKET_SIDEWAYS,False,False,False,Disc=0.95 10D超額=+9.9% 產業超額=+7.8% outperf10=50% RSaccel=+0.0152 觸發=indep regime=MARKET_SIDEWAYS
3046,建碁,電腦及週邊設備業,2024-08-13,2024-08-14,65.764,69.701,0.25,60,63.5919,0.0876468,0.921375,False,,,,,,0,,,,,,False,0.25,2024-08-19,64.638,68.5076,F3_RS_FAILURE,FAILED_PROBE,4,0.25,-0.00539583,-0.00539583,-0.0215833,-0.0171218,0.0127121,-0.0374673,0.0127121,-0.0374673,,,,,0.75,0,,DISCOVERY,2024,0.992239,0.0127389,0.0302548,0.111397,0.0520325,0.0786817,0.0479134,0.83028,0.71496,1.97092,2.64321,-0.00819776,0.168505,0.160307,0.7,2,0.0113679,-0.00665657,0.0285089,-0.208882,5.96774,3.77021e+07,0.00107058,MARKET_SIDEWAYS,False,False,False,Disc=0.99 10D超額=+16.0% 產業超額=+16.9% outperf10=70% RSaccel=+0.0285 觸發=indep regime=MARKET_SIDEWAYS
3050,鈺德,光電業,2024-03-11,2024-03-12,21.5538,24.0511,0.25,20.45,22.8195,0.0512091,0.863548,False,,,,,,0,,,,,,False,0.25,2024-03-20,20.9475,23.3746,F2_STRUCTURE,FAILED_PROBE,7,0.25,-0.00814102,-0.00814102,-0.0325641,-0.0281274,0.206287,-0.0442499,0.206287,-0.0442499,,,,,1.5,0,,DISCOVERY,2024,0.984127,0.00968523,0.0411622,0.125654,0.21813,0.143617,0.0355482,0.496744,0.514055,0.745255,0.970554,-0.0509639,0.17197,0.121006,0.6,1,0.0174474,-0.00288891,0.00449052,-0.00692841,4.51402,8.026e+07,-0.00299414,MARKET_UP,False,False,False,Disc=0.98 10D超額=+12.1% 產業超額=+17.2% outperf10=60% RSaccel=+0.0045 觸發=indep regime=MARKET_UP
3051,力特,光電業,2023-12-12,2023-12-13,43.308,23.7867,0.25,40.7,22.3543,0.0602198,0.884502,False,,,,,,0,,,,,,False,0.25,2023-12-14,40.5983,22.2984,F1_PROBE_LOW,FAILED_PROBE,2,0.25,-0.0167321,-0.0167321,-0.0669285,-0.0625693,0.0344509,-0.014039,0.0344509,-0.014039,,,,,0.25,0,,DISCOVERY,2023,0.98961,0.00238663,0.0250597,0.205614,0.344288,0.501748,0.0460669,0.745248,0.356402,0.930782,1.90855,0.00360462,0.253323,0.256928,0.8,4,0.00466355,-0.000998668,-0.00594997,-0.00116278,4.85199,3.21139e+08,0.00185379,MARKET_UP,False,False,False,Disc=0.99 10D超額=+25.7% 產業超額=+25.3% outperf10=80% RSaccel=-0.0059 觸發=indep regime=MARKET_UP
3051,力特,光電業,2024-03-11,2024-03-12,41.2529,22.6579,0.25,37.85,20.7889,0.0824882,0.889879,False,,,,,,0,,,,,,False,0.25,2024-03-15,37.7554,20.7369,F1_PROBE_LOW,FAILED_PROBE,4,0.25,-0.0222728,-0.0222728,-0.0890912,-0.084782,0.0120507,-0.0667317,0.0120507,-0.0667317,,,,,0.75,0,,DISCOVERY,2024,0.97619,-0.00893997,0.045977,0.104816,0.23716,0.0554124,0.0406419,0.690059,0.47017,1.53588,1.50905,-0.0500659,0.135416,0.0853499,0.5,1,0.00768618,-0.0208845,0.00788124,-0.124064,3.90558,1.78009e+08,-0.00299414,MARKET_UP,False,False,False,Disc=0.98 10D超額=+8.5% 產業超額=+13.5% outperf10=50% RSaccel=+0.0079 觸發=indep regime=MARKET_UP
3056,富華新,建材營造,2023-09-05,2023-09-06,31.4785,58.3776,0.25,29.15,54.0593,0.0739712,0.68135,False,,,,,,0,,,,,,False,0.25,2023-09-12,29.7255,55.1266,F2_STRUCTURE,FAILED_PROBE,5,0.25,-0.0150159,-0.0150159,-0.0600635,-0.0556888,0.00703655,-0.0676176,0.00703655,-0.0676176,,,,,1,0,,DISCOVERY,2023,0.950301,0.00167504,0.0519263,0.0295267,-0.0726258,-0.000847622,0.0364981,0.685763,0.41373,0.805246,0.416761,0.00476546,0.0620868,0.0668523,0.6,2,-0.00514058,-0.00176293,0.0264557,-0.172497,3.22851,2.34768e+08,0.000114356,MARKET_SIDEWAYS,False,False,False,Disc=0.95 10D超額=+6.7% 產業超額=+6.2% outperf10=60% RSaccel=+0.0265 觸發=indep regime=MARKET_SIDEWAYS
3056,富華新,建材營造,2025-03-27,2025-03-28,40.902,79.7815,0.25,38.7,75.4864,0.053836,0.917834,False,,,,,,0,,,,,,False,0.25,2025-03-31,36.9574,72.0873,F1_PROBE_LOW,FAILED_PROBE,2,0.25,-0.025181,-0.025181,-0.100724,-0.0964409,0,-0.045279,0,-0.045279,,,,,0.25,0,,STRICT_OOS,2025,0.978638,0.00376412,0.0238394,0.0927352,0.131761,0.281005,0.0308123,0.354284,0.241478,1.41392,1.50049,0.0346128,0.0913562,0.125969,0.7,2,0.0190043,-0.0102768,0.00336723,-0.003663,3.9375,2.90609e+08,-0.0138601,MARKET_DOWN,False,False,False,Disc=0.98 10D超額=+12.6% 產業超額=+9.1% outperf10=70% RSaccel=+0.0034 觸發=indep regime=MARKET_DOWN
3078,僑威,電子零組件業,2023-03-14,2023-03-15,37.0925,43.8079,0.25,33.9,40.0374,0.0860686,0.942763,True,2023-03-21,39.1,46.1789,persist,4,1,2023-03-22,39.2479,46.3535,,,True,1,2023-07-12,75.1118,88.7104,TREND_FAILURE_MA20x2,EXIT,80,1,0.934962,0.934962,0.934962,1.02498,1.32931,-0.0469772,0.0568174,-0.0469772,0.0581081,0.913779,1.20139,-0.0203291,75.25,0,,DISCOVERY,2023,0.984786,-0.00140647,0.0253165,0.101458,0.229342,0.281195,0.0303743,0.82416,0.328899,1.57388,1.25209,0.00699346,0.125521,0.132514,0.7,2,0.0128027,-0.0112767,0.0108492,-0.00136985,3.88387,4.47784e+07,-0.0128576,MARKET_SIDEWAYS,False,False,False,Disc=0.98 10D超額=+13.3% 產業超額=+12.6% outperf10=70% RSaccel=+0.0108 觸發=indep regime=MARKET_SIDEWAYS
3081,聯亞,通信網路業,2023-10-04,2023-10-05,126.315,137.286,0.25,116.5,126.618,0.0777025,0.867887,False,,,,,,0,,,,,,False,0.25,2023-10-06,116.209,126.302,F1_PROBE_LOW,FAILED_PROBE,2,0.25,-0.0210821,-0.0210821,-0.0843283,-0.0800083,0.017298,-0.0302023,0.017298,-0.0302023,,,,,0.25,0,,DISCOVERY,2023,0.973684,-0.0121457,0.0161943,0.0844675,0.135747,0.265798,0.0455322,1.05758,0.445754,1.14364,1.21441,-0.00386587,0.121752,0.117886,0.6,2,0.000444946,0.0012165,0.0169158,-0.220755,3.4125,5.34206e+08,-0.0109977,MARKET_SIDEWAYS,False,False,False,Disc=0.97 10D超額=+11.8% 產業超額=+12.2% outperf10=60% RSaccel=+0.0169 觸發=indep regime=MARKET_SIDEWAYS
3083,網龍,文化創意業,2024-03-20,2024-03-21,52.3305,52.3305,0.25,48.5,48.5,0.0731982,0.88984,False,,,,,,0,,,,,,False,0.25,2024-04-01,52.668,52.668,F2_STRUCTURE,FAILED_PROBE,8,0.25,0.00048372,0.00048372,0.00193488,0.00644939,0.10834,-0.0349796,0.10834,-0.0349796,,,,,1.75,0,,DISCOVERY,2024,0.971111,0.00198807,0.0397614,0.135599,0.213457,0.0376984,0.0314805,0.414781,0.294118,2.312,1.39853,0.0486784,0.125342,0.174021,0.8,2,0.0111994,-0.00304706,0.00865249,-0.040367,5.22343,3.56048e+07,-0.00366366,MARKET_UP,False,False,False,Disc=0.97 10D超額=+17.4% 產業超額=+12.5% outperf10=80% RSaccel=+0.0087 觸發=indep regime=MARKET_UP
3086,華義*,文化創意業,2025-03-14,2025-03-17,178.946,248.224,0.25,170,235.814,0.0499941,0.661695,False,,,,,,0,,,,,,False,0.25,2025-03-19,170.572,236.609,F2_STRUCTURE,FAILED_PROBE,3,0.25,-0.0127974,-0.0127974,-0.0511895,-0.0467948,0.0170652,-0.0444058,0.0170652,-0.0444058,,,,,0.5,0,,STRICT_OOS,2025,0.972185,0.0175439,0.0204679,0.0284367,0.0356084,0.0872274,0.0399099,0.860726,0.393923,0.870214,1.15443,-0.0304684,0.125587,0.0951188,0.6,3,-0.0074245,0.00214777,-0.000105518,-0.386643,2.51282,3.88605e+07,0.000290051,MARKET_DOWN,False,False,False,Disc=0.97 10D超額=+9.5% 產業超額=+12.6% outperf10=60% RSaccel=-0.0001 觸發=indep regime=MARKET_DOWN
3086,華義*,文化創意業,2026-03-24,2026-03-25,300.75,438.451,0.25,278,405.285,0.0756442,0.953984,False,,,,,,0,,,,,,False,0.25,2026-04-01,308.228,449.352,F2_STRUCTURE,FAILED_PROBE,6,0.25,0.00507673,0.00507673,0.0203069,0.0248628,0.0290939,-0.0590191,0.0290939,-0.0590191,,,,,1.25,0,,STRICT_OOS,2026,0.99022,0.0291595,0.0343053,0.224614,0.328194,0.386207,0.0568586,0.662487,0.69822,0.790914,1.28728,-0.0469954,0.434894,0.387898,0.8,3,0.0142726,-0.00532492,0.0197786,-0.0242718,5.13333,5.15775e+07,-0.00336955,MARKET_SIDEWAYS,False,False,False,Disc=0.99 10D超額=+38.8% 產業超額=+43.5% outperf10=80% RSaccel=+0.0198 觸發=indep regime=MARKET_SIDEWAYS
3088,艾訊,電腦及週邊設備業,2023-05-22,2023-05-23,82.8065,91.5645,0.25,77,85.1439,0.0701213,0.713157,False,,,,,,0,,,,,,False,0.25,2023-05-26,80.7975,89.3431,F3_RS_FAILURE,FAILED_PROBE,4,0.25,-0.0071767,-0.0071767,-0.0287068,-0.0242614,0.00595968,-0.0423457,0.00595968,-0.0423457,,,,,0.75,0,,DISCOVERY,2023,0.956764,0.0193548,0.0580645,0.0825083,0.102151,0.320451,0.0263937,0.616008,0.35327,4.32204,1.89301,0.00825465,0.0343856,0.0426403,0.5,2,0.00901494,0.00954122,0.0116385,-0.0272835,4.80528,6.77868e+07,0.00036909,MARKET_UP,False,False,False,Disc=0.96 10D超額=+4.3% 產業超額=+3.4% outperf10=50% RSaccel=+0.0116 觸發=indep regime=MARKET_UP
3088,艾訊,電腦及週邊設備業,2023-09-08,2023-09-11,99.3477,123.917,0.25,91.8,114.502,0.075973,0.777478,False,,,,,,0,,,,,,False,0.25,2023-09-12,91.5705,114.216,F1_PROBE_LOW,FAILED_PROBE,2,0.25,-0.0206517,-0.0206517,-0.082607,-0.0782831,0.00354563,-0.0437629,0.00354563,-0.0437629,,,,,0.25,0,,DISCOVERY,2023,0.976888,0.00742312,0.04772,0.0938695,0.148931,0.320454,0.041035,1.31056,0.518515,2.78454,2.03674,-0.00373509,0.12944,0.125705,0.6,4,0.0102602,0.0206293,0.0104223,-0.05,4.57271,1.46821e+08,-0.0025946,MARKET_SIDEWAYS,False,False,False,Disc=0.98 10D超額=+12.6% 產業超額=+12.9% outperf10=60% RSaccel=+0.0104 觸發=indep regime=MARKET_SIDEWAYS
3090,日電貿,電子零組件業,2024-11-28,2024-11-29,72.2802,96.6272,0.25,69.1,92.3757,0.0439988,0.769309,False,,,,,,0,,,,,,False,0.25,2024-12-04,71.5207,95.6119,F3_RS_FAILURE,FAILED_PROBE,4,0.25,-0.00374602,-0.00374602,-0.0149841,-0.0105077,0.0403949,-0.0246298,0.0403949,-0.0246298,,,,,0.75,0,,DISCOVERY,2024,0.98419,0.0128571,0.0671429,0.142726,0.232673,0.1952,0.0515395,0.674986,0.548975,3.26134,1.74153,0.0170273,0.0886436,0.105671,0.4,2,0.0033514,-0.00906979,0.0153195,-0.010596,2.93506,6.42404e+08,-0.00160646,MARKET_SIDEWAYS,False,False,False,Disc=0.98 10D超額=+10.6% 產業超額=+8.9% outperf10=40% RSaccel=+0.0153 觸發=indep regime=MARKET_SIDEWAYS
3094,聯傑,電子工業,2023-10-17,2023-10-18,37.8444,41.3692,0.25,34.6,37.8226,0.0857294,0.883291,False,,,,,,0,,,,,,False,0.25,2023-10-25,37.7055,41.2174,F4_TIME_5D,FAILED_PROBE,6,0.25,-0.00204034,-0.00204034,-0.00816136,-0.00366962,0.0411059,-0.0725174,0.0411059,-0.0725174,,,,,1.25,0,,DISCOVERY,2023,0.95679,0.0142857,0.0685714,0.088,0.0747127,0.228243,0.0377196,0.946933,0.5152,5.70889,1.99997,-0.013045,0.128718,0.115673,0.6,1,0.00672086,0.00218534,0.0205593,-0.0603015,3.79241,7.49781e+07,-0.000581904,MARKET_SIDEWAYS,False,False,False,Disc=0.96 10D超額=+11.6% 產業超額=+12.9% outperf10=60% RSaccel=+0.0206 觸發=indep regime=MARKET_SIDEWAYS
3105,穩懋,半導體業,2023-03-28,2023-03-29,188.47,203.711,0.25,173,186.99,0.082082,0.870395,False,,,,,,0,,,,,,False,0.25,2023-03-30,179.051,193.531,F3_RS_FAILURE,FAILED_PROBE,2,0.25,-0.0135906,-0.0135906,-0.0543624,-0.0499748,0.000159177,-0.0528997,0.000159177,-0.0528997,,,,,0.25,0,,DISCOVERY,2023,0.955526,0.00276243,0.0276243,0.0861314,0.0941176,0.269625,0.031106,1.38953,0.358683,2.65553,1.53562,0.0275254,0.0948861,0.122412,0.7,1,-0.00232687,0.00893774,0.0185486,-0.335502,4.06173,8.26086e+08,-0.00813819,MARKET_SIDEWAYS,False,False,False,Disc=0.96 10D超額=+12.2% 產業超額=+9.5% outperf10=70% RSaccel=+0.0185 觸發=indep regime=MARKET_SIDEWAYS
3105,穩懋,半導體業,2023-11-29,2023-11-30,168.921,185.408,0.25,155,170.128,0.0824127,0.606577,False,,,,,,0,,,,,,False,0.25,2023-12-08,167.58,183.936,F2_STRUCTURE,FAILED_PROBE,7,0.25,-0.00310556,-0.00310556,-0.0124222,-0.00794009,0.0507855,-0.0202535,0.0507855,-0.0202535,,,,,1.5,0,,DISCOVERY,2023,0.957143,0,0.0275229,0.0809072,0.142857,0.19573,0.0378401,0.970871,0.41797,0.937141,1.71784,0.093241,-0.0199777,0.0732632,0.4,3,-0.00603327,0.00238118,0.00685518,-0.129589,3.06742,1.33894e+09,0.00169019,MARKET_UP,False,True,False,Disc=0.96 10D超額=+7.3% 產業超額=-2.0% outperf10=40% RSaccel=+0.0069 觸發=indep regime=MARKET_UP
3105,穩懋,半導體業,2025-02-20,2025-02-21,118.796,130.391,0.25,108,118.541,0.0908804,0.82443,False,,,,,,0,,,,,,False,0.25,2025-02-24,112.718,123.719,F3_RS_FAILURE,FAILED_PROBE,2,0.25,-0.0138886,-0.0138886,-0.0555544,-0.0511695,0,-0.0445826,0,-0.0445826,,,,,0.25,0,,STRICT_OOS,2025,0.972934,0.0131579,0.0263158,0.126408,0.20743,8.88178e-16,0.0290598,0.900759,0.358388,2.27709,1.94625,0.04892,0.090811,0.139731,0.6,2,-0.00235476,-0.00721005,0.0211142,-0.360656,5.14706,2.37393e+08,-0.00494067,MARKET_SIDEWAYS,False,False,False,Disc=0.97 10D超額=+14.0% 產業超額=+9.1% outperf10=60% RSaccel=+0.0211 觸發=indep regime=MARKET_SIDEWAYS
3105,穩懋,半導體業,2025-03-21,2025-03-24,125.312,137.543,0.25,113,124.029,0.0982543,0.830079,False,,,,,,0,,,,,,False,0.25,2025-03-25,122.194,134.12,F3_RS_FAILURE,FAILED_PROBE,2,0.25,-0.00733294,-0.00733294,-0.0293318,-0.0248878,0.0214464,-0.0583541,0.0214464,-0.0583541,,,,,0.25,0,,STRICT_OOS,2025,0.994702,0.00884956,0.0663717,0.0944596,0.0299145,0.0954545,0.0388263,0.87689,0.510101,4.07313,2.15284,0.00330886,0.160565,0.163874,0.6,2,-0.00506024,-0.00886382,0.0181519,-0.34153,4.48855,3.01803e+08,-0.00751477,MARKET_DOWN,False,False,False,Disc=0.99 10D超額=+16.4% 產業超額=+16.1% outperf10=60% RSaccel=+0.0182 觸發=indep regime=MARKET_DOWN
3131,弘塑,其他電子業,2024-05-24,2024-05-27,1228.06,1395.19,0.25,1100,1249.7,0.10428,0.845121,False,,,,,,0,,,,,,False,0.25,2024-06-03,1117.2,1269.24,F2_STRUCTURE,FAILED_PROBE,6,0.25,-0.0236428,-0.0236428,-0.0945712,-0.0902743,0.0137921,-0.100209,0.0137921,-0.100209,,,,,1.25,0,,DISCOVERY,2024,0.950857,-0.0263158,0.0350877,0.0998742,0.102804,0.401425,0.0497579,1.2258,0.653416,1.2562,1.01712,-0.00590615,0.12141,0.115504,0.7,2,0.0235101,0.0211958,0.0264729,-0.0247934,3.95134,7.40315e+08,-0.00194794,MARKET_UP,False,False,False,Disc=0.95 10D超額=+11.6% 產業超額=+12.1% outperf10=70% RSaccel=+0.0265 觸發=indep regime=MARKET_UP
3131,弘塑,其他電子業,2024-12-17,2024-12-18,1844.6,2118.77,0.25,1740,1998.62,0.056706,0.795062,False,,,,,,0,,,,,,False,0.25,2024-12-20,1745.62,2005.08,F2_STRUCTURE,FAILED_PROBE,3,0.25,-0.014509,-0.014509,-0.0580359,-0.0536566,0,-0.0512848,0,-0.0512848,,,,,0.5,0,,DISCOVERY,2024,0.966622,0.0112994,0.039548,0.0672854,0.0666667,-0.026455,0.0357143,0.805908,0.38991,1.5859,0.906218,-0.0210467,0.0912245,0.0701778,0.5,3,0.00111597,-0.00096438,0.00471912,-0.140187,1.97826,8.40508e+08,-0.000950091,MARKET_SIDEWAYS,False,False,False,Disc=0.97 10D超額=+7.0% 產業超額=+9.1% outperf10=50% RSaccel=+0.0047 觸發=indep regime=MARKET_SIDEWAYS
3141,晶宏,半導體業,2023-11-09,2023-11-10,98.245,105.27,0.25,92,98.5789,0.0635656,0.85473,False,,,,,,0,,,,,,False,0.25,2023-11-27,96.2588,103.142,F2_STRUCTURE,FAILED_PROBE,12,0.25,-0.00616796,-0.00616796,-0.0246718,-0.0202173,0.0942033,-0.0218332,0.0942033,-0.0218332,,,,,2.75,0,,DISCOVERY,2023,0.951456,-0.00422386,0.0327349,0.0869082,0.090301,0.162901,0.0285568,1.05366,0.355901,4.06695,1.84462,-0.0035531,0.0820263,0.0784732,0.5,3,-0.00228249,-0.00429325,0.00710561,-0.176254,4.51151,4.93969e+07,0.000287919,MARKET_SIDEWAYS,False,False,False,Disc=0.95 10D超額=+7.8% 產業超額=+8.2% outperf10=50% RSaccel=+0.0071 觸發=indep regime=MARKET_SIDEWAYS
3147,大綜,資訊服務業,2025-04-22,2025-04-23,218.545,282.323,0.25,199.5,257.72,0.0871445,0.972359,True,2025-04-25,282.5,364.942,persist,2,1,2025-04-28,268.67,347.076,,,True,1,2025-05-19,233.914,302.177,TREND_FAILURE_MA20x2,EXIT,18,1,-0.0837636,-0.0837636,-0.0837636,0.070323,0.386442,-0.0162209,0.29264,-0.0162209,0.229358,-0.129364,0.127778,-0.173708,14.75,0,,STRICT_OOS,2025,0.993046,-0.0119048,0.0142857,0.175335,0.115183,0.339623,0.0665661,1.09874,1.04236,1.83522,2.49765,0.0589672,0.319689,0.378656,0.8,3,-0.00364066,0.00878079,0.0137983,-0.00930233,5.46599,7.8616e+08,-0.0163701,MARKET_SIDEWAYS,False,False,False,Disc=0.99 10D超額=+37.9% 產業超額=+32.0% outperf10=80% RSaccel=+0.0138 觸發=indep regime=MARKET_SIDEWAYS
3149,正達,電子工業,2025-10-08,2025-10-09,46.6163,33.272,0.25,42.65,30.4411,0.085083,0.755451,False,,,,,,0,,,,,,False,0.25,2025-10-13,41.2466,29.4394,F1_PROBE_LOW,FAILED_PROBE,2,0.25,-0.0298572,-0.0298572,-0.119429,-0.115188,0,-0.0325262,0,-0.0325262,,,,,0.25,0,,STRICT_OOS,2025,0.952957,0.00559284,0.033557,0.122313,0.175572,0.534884,0.0474644,0.908905,0.613275,1.69117,1.18297,-0.0548661,0.0473553,-0.00751076,0.5,1,0.00280426,0.00451382,-0.00324443,-0.0128205,2.80456,3.99048e+08,-0.00544871,MARKET_UP,False,False,False,Disc=0.95 10D超額=-0.8% 產業超額=+4.7% outperf10=50% RSaccel=-0.0032 觸發=indep regime=MARKET_UP
3162,精確,電機機械,2023-12-29,2024-01-02,50.2253,34.5201,0.25,47.9,32.922,0.0462964,0.821551,False,,,,,,0,,,,,,False,0.25,2024-01-03,47.7802,32.8397,F1_PROBE_LOW,FAILED_PROBE,2,0.25,-0.0132678,-0.0132678,-0.0530712,-0.0486807,0.0114434,-0.0323592,0.0114434,-0.0323592,,,,,0.25,0,,DISCOVERY,2024,0.960969,0.0135276,0.0385016,0.0547453,0.0662393,-0.00992065,0.0262668,0.784709,0.303268,3.29508,1.44526,-0.0218962,0.0770261,0.0551299,0.4,1,-0.0114061,-0.00734466,0.0113965,-0.22395,3.85286,5.29331e+07,0.00114124,MARKET_UP,False,False,False,Disc=0.96 10D超額=+5.5% 產業超額=+7.7% outperf10=40% RSaccel=+0.0114 觸發=indep regime=MARKET_UP
3163,波若威,通信網路業,2023-01-11,2023-01-12,54.6362,59.1244,0.25,51.3,55.5141,0.0610629,0.781227,False,,,,,,0,,,,,,False,0.25,2023-01-16,51.6705,55.9151,F2_STRUCTURE,FAILED_PROBE,3,0.25,-0.0146649,-0.0146649,-0.0586596,-0.0542817,0,-0.0574024,0,-0.0574024,,,,,0.5,0,,DISCOVERY,2023,0.959386,0.0187266,0.0224719,0.0537489,-0.0090744,0.15678,0.0241366,1.15337,0.323121,2.80147,1.88477,-0.00991126,0.055192,0.0452807,0.6,1,-0.00261195,-0.00704896,0.0112857,-0.207547,5.31165,7.38384e+07,-0.00348039,MARKET_SIDEWAYS,False,False,False,Disc=0.96 10D超額=+4.5% 產業超額=+5.5% outperf10=60% RSaccel=+0.0113 觸發=indep regime=MARKET_SIDEWAYS
3163,波若威,通信網路業,2024-12-31,2025-01-02,145.363,173.487,0.25,132,157.539,0.0919253,0.770117,True,2025-01-06,158,188.569,persist,2,1,2025-01-07,157.393,187.844,,,True,1,2025-02-04,138.652,165.478,HARD_STOP,EXIT,17,1,-0.105112,-0.105112,-0.105112,-0.0461605,0.197007,-0.0437699,0.0869378,-0.0437699,0.0827586,-0.119065,0.105516,-0.123211,13.75,0,,STRICT_OOS,2025,0.971429,0.00716846,0.0143369,0.0699433,0.123016,-0.131902,0.0429076,0.849064,0.582225,1.05887,1.19122,0.0209906,0.110267,0.131258,0.6,2,0.00335844,0.00121248,0.0191971,-0.255263,4.28235,5.53145e+08,-0.00668817,MARKET_SIDEWAYS,False,False,False,Disc=0.97 10D超額=+13.1% 產業超額=+11.0% outperf10=60% RSaccel=+0.0192 觸發=indep regime=MARKET_SIDEWAYS
3188,鑫龍騰,建材營造,2024-04-01,2024-04-02,27.3181,36.2376,0.25,26.0247,34.5219,0.0473454,0.802218,False,,,,,,0,,,,,,False,0.25,2024-04-03,25.9597,34.4356,F1_PROBE_LOW,FAILED_PROBE,2,0.25,-0.0135288,-0.0135288,-0.0541151,-0.049727,0.0249605,-0.00432405,0.0249605,-0.00432405,,,,,0.25,0,,DISCOVERY,2024,0.964162,0.0070922,0.0248227,0.154038,0.521053,0.778462,0.0473307,0.737926,0.506778,1.27397,1.34532,0.0548204,0.0657474,0.120568,0.7,2,-0.00405727,0.00737298,-0.0018813,-0.0186757,3.58225,5.32606e+07,-0.00355368,MARKET_UP,False,False,False,Disc=0.96 10D超額=+12.1% 產業超額=+6.6% outperf10=70% RSaccel=-0.0019 觸發=indep regime=MARKET_UP
3189,景碩,電子工業,2024-12-11,2024-12-12,104.26,115.895,0.25,94,104.49,0.0984078,0.830959,False,,,,,,0,,,,,,False,0.25,2024-12-13,99.351,110.438,F3_RS_FAILURE,FAILED_PROBE,2,0.25,-0.0128696,-0.0128696,-0.0514783,-0.0470842,0,-0.044696,0,-0.044696,,,,,0.25,0,,DISCOVERY,2024,0.952957,-0.010101,0.0252525,0.0552032,0.024218,0.0221551,0.0306122,0.888065,0.33059,2.64986,1.42251,-0.0112285,0.0818715,0.0706431,0.6,3,-0.00518574,-0.00509543,0.0185895,-0.231061,4.15172,4.72032e+08,-0.00957618,MARKET_SIDEWAYS,False,False,False,Disc=0.95 10D超額=+7.1% 產業超額=+8.2% outperf10=60% RSaccel=+0.0186 觸發=indep regime=MARKET_SIDEWAYS
3207,耀勝,電子零組件業,2024-03-11,2024-03-12,100.25,110.663,0.25,93.3,102.991,0.0693267,0.795775,True,2024-03-14,105,115.906,persist,2,1,2024-03-15,105.263,116.196,,,True,1,2024-04-24,137.655,151.953,TREND_FAILURE_MA20x2,EXIT,30,1,0.318848,0.318848,0.318848,0.373117,0.481297,-0.0204489,0.0922693,-0.0204489,0.05,0.307731,0.410759,-0.0167439,26.75,0,,DISCOVERY,2024,0.981859,0.007431,0.0456476,0.089421,0.150701,0.242119,0.0403191,0.660055,0.41997,1.11044,1.64648,-0.0391729,0.0929725,0.0537996,0.5,3,0.0100761,-0.0118986,-0.00724248,-0.0247525,3.42446,1.69996e+08,-0.00299414,MARKET_UP,False,False,False,Disc=0.98 10D超額=+5.4% 產業超額=+9.3% outperf10=50% RSaccel=-0.0072 觸發=indep regime=MARKET_UP
3207,耀勝,電子零組件業,2024-09-03,2024-09-04,140.35,155.951,0.25,133,147.784,0.0523691,0.863197,True,2024-09-09,145,161.118,persist,3,1,2024-09-10,145.864,162.078,,,True,1,2024-09-27,137.655,152.956,HARD_STOP,EXIT,17,1,-0.0514023,-0.0514023,-0.0514023,-0.0192019,0.0936943,-0.0309939,0.0402565,-0.0309939,0.0392857,-0.0562768,0.0523519,-0.0641952,13,0,,DISCOVERY,2024,0.971903,-0.00353357,0.0212014,0.085061,0.182554,0.0171616,0.0331191,0.878476,0.448288,2.04521,1.56899,0.037766,0.0803077,0.118074,0.8,2,0.00815314,-0.00925815,0.0234048,-0.129017,3.86567,4.42898e+07,-0.00642633,MARKET_UP,False,False,False,Disc=0.97 10D超額=+11.8% 產業超額=+8.0% outperf10=80% RSaccel=+0.0234 觸發=indep regime=MARKET_UP
3207,耀勝,電子零組件業,2025-02-12,2025-02-13,117.293,130.331,0.25,109,121.116,0.0706993,0.921576,False,,,,,,0,,,,,,False,0.25,2025-02-20,113.715,126.355,F2_STRUCTURE,FAILED_PROBE,6,0.25,-0.00873301,-0.00873301,-0.034932,-0.0305007,0.0571861,-0.0365965,0.0571861,-0.0365965,,,,,1.25,0,,STRICT_OOS,2025,0.975575,0,0.036036,0.232517,0.273533,-0.0416667,0.0395652,0.604418,0.532238,1.17157,2.0717,0.0309894,0.328972,0.359961,0.8,2,0.00261471,-0.00538723,0.00536333,-0.30683,7.0989,6.54143e+07,-0.00403266,MARKET_SIDEWAYS,False,False,False,Disc=0.98 10D超額=+36.0% 產業超額=+32.9% outperf10=80% RSaccel=+0.0054 觸發=indep regime=MARKET_SIDEWAYS
3211,順達,電腦及週邊設備業,2025-07-08,2025-07-09,236.089,354.082,0.25,222,332.952,0.0596757,0.753918,False,,,,,,0,,,,,,False,0.25,2025-07-16,221.445,332.12,F1_PROBE_LOW,FAILED_PROBE,6,0.25,-0.0165967,-0.0165967,-0.0663869,-0.0620265,0.107634,-0.00672946,0.107634,-0.00672946,,,,,1.25,0,,STRICT_OOS,2025,0.957055,-0.00877193,0.0394737,0.134243,0.309392,0.655976,0.0581676,1.2045,0.630139,0.556785,0.836396,-0.0128439,0.147193,0.134349,0.7,1,0.0123854,0.0116462,-0.0113476,-0.0501002,2.97409,2.87058e+09,-0.00296272,MARKET_SIDEWAYS,False,False,False,Disc=0.96 10D超額=+13.4% 產業超額=+14.7% outperf10=70% RSaccel=-0.0113 觸發=indep regime=MARKET_SIDEWAYS
3213,茂訊,電腦及週邊設備業,2023-10-16,2023-10-17,83.7087,104.016,0.25,74.1,92.0764,0.114788,0.868042,False,,,,,,0,,,,,,False,0.25,2023-10-18,77.805,96.6802,F3_RS_FAILURE,FAILED_PROBE,2,0.25,-0.0187171,-0.0187171,-0.0748686,-0.0705273,0,-0.0717816,0,-0.0717816,,,,,0.25,0,,DISCOVERY,2023,0.966309,0.00765306,0.0204082,0.0522162,0.0443864,0.309329,0.0296429,0.430701,0.33693,1.38187,1.1274,-0.0177305,0.104803,0.0870723,0.7,2,0.00823988,-0.00187499,0.00688128,-0.0407674,3.20482,9.28326e+07,-0.0077658,MARKET_SIDEWAYS,False,False,False,Disc=0.97 10D超額=+8.7% 產業超額=+10.5% outperf10=70% RSaccel=+0.0069 觸發=indep regime=MARKET_SIDEWAYS
3213,茂訊,電腦及週邊設備業,2023-12-13,2023-12-14,93.9342,116.722,0.25,87,108.106,0.0738203,0.713243,False,,,,,,0,,,,,,False,0.25,2023-12-20,89.8747,111.678,F2_STRUCTURE,FAILED_PROBE,5,0.25,-0.0119048,-0.0119048,-0.0476192,-0.0432164,0.0698973,-0.0610454,0.0698973,-0.0610454,,,,,1,0,,DISCOVERY,2023,0.96619,0.0169492,0.039548,0.128073,0.274238,0.174968,0.0348602,0.233883,0.41941,1.74311,2.29517,0.031509,0.11571,0.147219,0.6,3,0.00576932,-0.00265857,-0.0100655,-0.047619,5.42539,1.50138e+08,0.00104867,MARKET_SIDEWAYS,False,False,False,Disc=0.97 10D超額=+14.7% 產業超額=+11.6% outperf10=60% RSaccel=-0.0101 觸發=indep regime=MARKET_SIDEWAYS
3213,茂訊,電腦及週邊設備業,2026-06-11,2026-06-12,136.34,188.926,0.25,128.5,178.062,0.0575033,0.725282,False,,,,,,0,,,,,,False,0.25,2026-06-17,133.665,185.22,F3_RS_FAILURE,FAILED_PROBE,4,0.25,-0.00601898,-0.00601898,-0.0240759,-0.0196201,0.0708523,-0.017163,0.0708523,-0.017163,,,,,0.75,0,,STRICT_OOS,2026,0.967942,0.0232558,0.0387597,0.0858995,0.165217,0.307317,0.0426439,0.621172,0.467006,1.00051,2.54172,0.00932319,0.123176,0.132499,0.5,2,0.0148503,-0.01121,-0.00658157,-0.0462633,3.5875,1.75619e+08,-0.00176007,MARKET_SIDEWAYS,False,False,False,Disc=0.97 10D超額=+13.2% 產業超額=+12.3% outperf10=50% RSaccel=-0.0066 觸發=indep regime=MARKET_SIDEWAYS
3217,優群,電子零組件業,2023-06-16,2023-06-19,137.844,157.038,0.25,126,143.545,0.0859216,0.91478,False,,,,,,0,,,,,,False,0.25,2023-06-28,131.67,150.005,F2_STRUCTURE,FAILED_PROBE,6,0.25,-0.0122968,-0.0122968,-0.0491873,-0.044788,0.0265246,-0.0605305,0.0265246,-0.0605305,,,,,1.25,0,,DISCOVERY,2023,0.966667,0.0271318,0.0581395,0.186441,0.287736,0.318841,0.0455259,1.27215,0.502759,2.54145,1.82553,-0.0210169,0.267871,0.246854,0.7,1,-0.0249426,0.0162494,0.00669009,-0.0179856,4.98851,4.32271e+08,-0.00265763,MARKET_UP,False,False,False,Disc=0.97 10D超額=+24.7% 產業超額=+26.8% outperf10=70% RSaccel=+0.0067 觸發=indep regime=MARKET_UP
3217,優群,電子零組件業,2023-11-10,2023-11-13,157.894,187.275,0.25,147,174.354,0.0689942,0.949668,False,,,,,,0,,,,,,False,0.25,2023-11-16,153.615,182.2,F3_RS_FAILURE,FAILED_PROBE,4,0.25,-0.00788449,-0.00788449,-0.0315379,-0.0270989,0.010173,-0.040494,0.010173,-0.040494,,,,,0.75,0,,DISCOVERY,2023,0.991883,0,0.0196078,0.2133,0.223529,0.253012,0.0382326,1.5363,0.531238,1.39899,3.27845,0.00221226,0.26382,0.266032,0.8,2,-0.00677081,-0.00775644,0.0183748,0,6.70659,5.13902e+08,-0.00376098,MARKET_SIDEWAYS,False,False,False,Disc=0.99 10D超額=+26.6% 產業超額=+26.4% outperf10=80% RSaccel=+0.0184 觸發=indep regime=MARKET_SIDEWAYS
3224,三顧,電子通路業,2023-04-25,2023-04-26,54.937,55.6638,0.25,51.1,51.7761,0.0698437,0.934499,False,,,,,,0,,,,,,False,0.25,2023-04-27,52.5682,53.2637,F3_RS_FAILURE,FAILED_PROBE,2,0.25,-0.0118801,-0.0118801,-0.0475206,-0.0431176,0,-0.0552815,0,-0.0552815,,,,,0.25,0,,DISCOVERY,2023,0.972585,0.0299625,0.0393258,0.0963504,0.177094,0.377171,0.0382883,0.501434,0.360088,1.71342,1.33471,-0.00547324,0.174573,0.1691,0.7,2,0.0192137,-0.000280766,0.00957789,-0.103393,3.10588,1.33067e+08,-0.016391,MARKET_SIDEWAYS,False,False,False,Disc=0.97 10D超額=+16.9% 產業超額=+17.5% outperf10=70% RSaccel=+0.0096 觸發=indep regime=MARKET_SIDEWAYS
3227,原相,半導體業,2023-07-20,2023-07-21,115.288,140.005,0.25,109,132.369,0.0545376,0.853672,False,,,,,,0,,,,,,False,0.25,2023-08-02,115.211,139.912,F2_STRUCTURE,FAILED_PROBE,9,0.25,-0.00128998,-0.00128998,-0.0051599,-0.000661388,0.227366,-0.0155047,0.227366,-0.0155047,,,,,2,0,,DISCOVERY,2023,0.964763,0.0134529,0.058296,0.115588,0.100708,0.173397,0.0237395,0.976966,0.310125,4.91201,2.75293,-0.0388192,0.140405,0.101586,0.6,2,-0.00477248,-0.00408262,0.0188119,-0.0166667,6.26141,9.95728e+07,0.00283061,MARKET_SIDEWAYS,False,False,False,Disc=0.96 10D超額=+10.2% 產業超額=+14.0% outperf10=60% RSaccel=+0.0188 觸發=indep regime=MARKET_SIDEWAYS
3227,原相,半導體業,2023-10-18,2023-10-19,133.834,162.528,0.25,127,154.229,0.0510615,0.833271,False,,,,,,0,,,,,,False,0.25,2023-10-26,130.174,158.083,F4_TIME_5D,FAILED_PROBE,6,0.25,-0.00794646,-0.00794646,-0.0317858,-0.0273474,0.00871417,-0.0286456,0.00871417,-0.0286456,,,,,1.25,0,,DISCOVERY,2023,0.959029,0,0.0230769,0.068917,0.00757576,0.127119,0.0241676,0.923631,0.336483,2.9556,2.22979,0.0169018,0.0714291,0.0883309,0.7,1,0.000974125,0.00236068,0.013121,-0.0600707,4.35556,1.25266e+08,-0.0121159,MARKET_SIDEWAYS,False,False,False,Disc=0.96 10D超額=+8.8% 產業超額=+7.1% outperf10=70% RSaccel=+0.0131 觸發=indep regime=MARKET_SIDEWAYS
3227,原相,半導體業,2024-12-11,2024-12-12,244.109,303.882,0.25,233.5,290.676,0.0434591,0.892975,False,,,,,,0,,,,,,False,0.25,2024-12-19,232.916,289.949,F1_PROBE_LOW,FAILED_PROBE,6,0.25,-0.0125618,-0.0125618,-0.0502473,-0.0458504,0.0323268,-0.0414108,0.0323268,-0.0414108,,,,,1.25,0,,DISCOVERY,2024,0.967742,-0.00833333,0.0125,0.121495,0.0752212,0.0872483,0.0382128,0.880695,0.451484,0.804384,1.16379,0.00563708,0.142807,0.148444,0.9,2,-0.0021722,0.0062603,0.0097766,-0.147368,5.00769,7.70785e+08,-0.00957618,MARKET_SIDEWAYS,False,False,False,Disc=0.97 10D超額=+14.8% 產業超額=+14.3% outperf10=90% RSaccel=+0.0098 觸發=indep regime=MARKET_SIDEWAYS
3231,緯創,電腦及週邊設備業,2023-03-20,2023-03-21,37.0925,41.6102,0.25,34.3,38.4776,0.0752847,0.934142,True,2023-03-23,39.65,44.4792,persist,2,1,2023-03-24,40.3005,45.2089,,,True,1,2023-08-07,120.698,138.834,TREND_FAILURE_MA20x2,EXIT,93,1,2.12803,2.12803,2.12803,2.33654,3.46447,-0.0146256,0.0729932,-0.0146256,0.0864865,2.07094,3.10909,-0.0409548,89.75,0,,DISCOVERY,2023,0.968877,0.00143062,0.0271817,0.0809997,0.139683,0.264085,0.0186033,0.533446,0.199126,1.79605,1.51981,0.00668368,0.107956,0.11464,0.8,2,0.0121886,-0.00581416,0.00748443,2.22045e-16,4.71658,5.35258e+08,-0.00213487,MARKET_SIDEWAYS,False,False,False,Disc=0.97 10D超額=+11.5% 產業超額=+10.8% outperf10=80% RSaccel=+0.0075 觸發=indep regime=MARKET_SIDEWAYS
3231,緯創,電腦及週邊設備業,2023-12-25,2023-12-26,97.5433,112.2,0.25,91.7,105.479,0.0599042,0.776561,False,,,,,,0,,,,,,False,0.25,2024-01-03,92.4683,106.363,F2_STRUCTURE,FAILED_PROBE,6,0.25,-0.0141028,-0.0141028,-0.0564111,-0.0520282,0.0190351,-0.0394005,0.0190351,-0.0394005,,,,,1.25,0,,DISCOVERY,2023,0.95953,0.00424628,0.0254777,0.0430839,0.0420712,-0.0621359,0.0278024,1.86423,0.264159,1.17176,1.17722,0.0035505,0.03803,0.0415805,0.6,2,-0.0129879,0.00236361,0.00896485,-0.401858,2.60638,5.77531e+09,0.000466567,MARKET_UP,False,False,False,Disc=0.96 10D超額=+4.2% 產業超額=+3.8% outperf10=60% RSaccel=+0.0090 觸發=indep regime=MARKET_UP
3231,緯創,電腦及週邊設備業,2024-01-12,2024-01-15,102.756,118.197,0.25,93.6,107.665,0.0891065,0.867301,False,,,,,,0,,,,,,False,0.25,2024-01-16,98.154,112.903,F3_RS_FAILURE,FAILED_PROBE,2,0.25,-0.0122968,-0.0122968,-0.0491873,-0.044788,0.00237212,-0.0453135,0.00237212,-0.0453135,,,,,0.25,0,,DISCOVERY,2024,0.965468,-0.00614754,0.0194672,0.0477544,0.0687433,0.08506,0.0269921,1.75937,0.294997,1.81424,1.12529,-0.0135589,0.0732941,0.0597352,0.7,2,-0.00581877,0.00147809,0.0127517,-0.383901,3.01596,6.28065e+09,-0.00185178,MARKET_SIDEWAYS,False,False,False,Disc=0.97 10D超額=+6.0% 產業超額=+7.3% outperf10=70% RSaccel=+0.0128 觸發=indep regime=MARKET_SIDEWAYS
3231,緯創,電腦及週邊設備業,2025-04-18,2025-04-21,104.761,123.419,0.25,98.6,116.161,0.0588123,0.768313,False,,,,,,0,,,,,,False,0.25,2025-04-25,103.241,121.628,F3_RS_FAILURE,FAILED_PROBE,5,0.25,-0.00474413,-0.00474413,-0.0189765,-0.0145092,0.00705175,-0.0569032,0.00705175,-0.0569032,,,,,1,0,,STRICT_OOS,2025,0.965659,0.00497512,0.0447761,0.0765366,0.0194175,0.0194175,0.0638776,1.2458,0.953021,2.16998,1.94649,-0.0356058,0.164569,0.128963,0.6,1,-0.0132254,0.0110604,0.0124859,-0.191421,4.80085,3.23632e+09,0.00291126,MARKET_SIDEWAYS,False,False,False,Disc=0.97 10D超額=+12.9% 產業超額=+16.5% outperf10=60% RSaccel=+0.0125 觸發=indep regime=MARKET_SIDEWAYS
3236,千如,電子零組件業,2023-03-13,2023-03-14,29.1727,30.7051,0.25,27.6,29.0498,0.0539116,0.96062,True,2023-03-16,29.6,31.1548,persist,2,1,2023-03-17,30.3757,31.9713,,,True,1,2023-04-21,28.8277,30.342,HARD_STOP,EXIT,26,1,-0.0455852,-0.0455852,-0.0455852,-0.0118262,0.0900583,-0.00934948,0.0489241,-0.00934948,0.0412371,-0.0509617,0.0468877,-0.0551674,22.75,0,,DISCOVERY,2023,0.987535,0.00355872,0.0604982,0.134158,0.192,0.141762,0.0317593,0.899117,0.314806,4.76056,2.19518,0.00622921,0.177486,0.183715,0.9,3,0.0032044,-0.00949563,0.0060131,-0.013245,5.44151,4.29366e+07,0.00220852,MARKET_SIDEWAYS,False,False,False,Disc=0.99 10D超額=+18.4% 產業超額=+17.7% outperf10=90% RSaccel=+0.0060 觸發=indep regime=MARKET_SIDEWAYS
3252,海灣,觀光餐旅,2023-06-19,2023-06-20,26.0149,26.6256,0.25,23.9,24.461,0.0812948,0.83302,False,,,,,,0,,,,,,False,0.25,2023-06-29,25.6856,26.2886,F4_TIME_5D,FAILED_PROBE,6,0.25,-0.00428194,-0.00428194,-0.0171277,-0.0126562,0.153186,-0.0601531,0.153186,-0.0601531,,,,,1.25,0,,DISCOVERY,2023,0.962453,0.00823045,0.063786,0.105291,0.356955,0.382353,0.0712904,0.320189,0.892589,1.17517,0.775978,0.0640958,0.058992,0.123088,0.7,2,0.025458,-0.0131324,0.0127789,-0.0734767,2.93023,1.01541e+08,-0.000830012,MARKET_UP,False,True,False,Disc=0.96 10D超額=+12.3% 產業超額=+5.9% outperf10=70% RSaccel=+0.0128 觸發=indep regime=MARKET_UP
3257,虹冠電,電子工業,2023-06-29,2023-06-30,72.0798,89.7169,0.25,66.6,82.8963,0.0760234,0.745279,False,,,,,,0,,,,,,False,0.25,2023-07-07,74.613,92.87,F4_TIME_5D,FAILED_PROBE,6,0.25,0.00764151,0.00764151,0.030566,0.0351451,0.00721771,-0.0330155,0.00721771,-0.0330155,,,,,1.25,0,,DISCOVERY,2023,0.95398,0.011396,0.0213675,0.0484755,0.0421512,0.357812,0.0377565,0.765994,0.383012,1.1863,1.68781,0.0217448,0.06915,0.0908948,0.6,3,-0.0165916,-0.00340338,0.0136118,-0.0191519,2.73351,3.33723e+07,0.000393844,MARKET_SIDEWAYS,False,False,False,Disc=0.95 10D超額=+9.1% 產業超額=+6.9% outperf10=60% RSaccel=+0.0136 觸發=indep regime=MARKET_SIDEWAYS
3257,虹冠電,電子工業,2024-10-16,2024-10-17,67.4682,87.5864,0.25,62,80.4876,0.0810492,0.879111,True,2024-10-22,71.7,93.08,persist,3,1,2024-10-23,72.7815,94.484,,,True,1,2024-10-28,65.835,85.4661,HARD_STOP,EXIT,8,1,-0.0819596,-0.0819596,-0.0819596,-0.0242077,0.104223,-0.0217621,0.104223,-0.0217621,0.0787518,-0.0954432,0.0139939,-0.106916,4,0,,DISCOVERY,2024,0.995037,-0.00304878,0.0228659,0.170417,0.331349,0.158895,0.0483287,0.807863,0.465572,1.97757,2.70396,-0.0101903,0.164856,0.154666,0.6,2,0.00961283,-0.00422216,0.00808814,-0.15171,4.37885,5.77814e+07,-0.0120668,MARKET_UP,False,False,False,Disc=1.00 10D超額=+15.5% 產業超額=+16.5% outperf10=60% RSaccel=+0.0081 觸發=indep regime=MARKET_UP
3260,威剛,半導體業,2023-10-23,2023-10-24,107.769,127.854,0.25,99.7,118.282,0.0748709,0.953921,False,,,,,,0,,,,,,False,0.25,2023-10-25,100.748,119.524,F3_RS_FAILURE,FAILED_PROBE,2,0.25,-0.0173761,-0.0173761,-0.0695045,-0.0651511,0.0114249,-0.0730151,0.0114249,-0.0730151,,,,,0.25,0,,DISCOVERY,2023,0.967341,0,0.00952382,0.129823,0.215596,0.398069,0.0454178,1.07095,0.362294,0.933056,1.76873,0.0113184,0.165803,0.177122,0.9,1,0.00108656,-0.00300011,0.00972234,-0.0139535,3.32344,1.65069e+09,-0.0115177,MARKET_SIDEWAYS,False,False,False,Disc=0.97 10D超額=+17.7% 產業超額=+16.6% outperf10=90% RSaccel=+0.0097 觸發=indep regime=MARKET_SIDEWAYS
3260,威剛,半導體業,2024-04-15,2024-04-16,112.28,133.206,0.25,107.5,127.535,0.0425722,0.926522,False,,,,,,0,,,,,,False,0.25,2024-04-16,107.231,127.217,F1_PROBE_LOW,FAILED_PROBE,1,0.25,-0.0123411,-0.0123411,-0.0493646,-0.0449658,0,0,,,,,,,0,0,,DISCOVERY,2024,0.976675,-0.0132743,0.0221239,0.138043,0.217071,0.176171,0.0337662,0.763632,0.451072,1.69238,2.5373,-0.016501,0.170479,0.153978,0.7,3,0.00881404,-0.00548614,0.0206368,-0.0128205,4.74359,1.36707e+09,-0.0138306,MARKET_SIDEWAYS,False,False,False,Disc=0.98 10D超額=+15.4% 產業超額=+17.0% outperf10=70% RSaccel=+0.0206 觸發=indep regime=MARKET_SIDEWAYS
3260,威剛,半導體業,2025-09-19,2025-09-22,141.352,185.789,0.25,131,172.182,0.0732389,0.891518,False,,,,,,0,,,,,,False,0.25,2025-10-23,178.553,234.683,PROBE_MAX_LIFE,FAILED_PROBE,21,0.25,0.0645199,0.0645199,0.25808,0.263172,0.390142,-0.0166428,0.390142,-0.0166428,,,,,4.75,0,,STRICT_OOS,2025,0.984848,0.0109489,0.0145985,0.22343,0.441909,0.566617,0.0437821,0.98837,0.298722,1.1755,2.03717,0.00922311,0.210167,0.21939,0.9,3,0.00826471,0.000950832,0.00172082,-0.0211268,5.50469,1.66749e+09,-0.00741152,MARKET_UP,False,False,False,Disc=0.98 10D超額=+21.9% 產業超額=+21.0% outperf10=90% RSaccel=+0.0017 觸發=indep regime=MARKET_UP
3265,台星科,半導體業,2023-05-31,2023-06-01,66.6663,73.2252,0.25,64.7,71.0655,0.029494,0.708054,False,,,,,,0,,,,,,False,0.25,2023-07-03,69.426,76.2565,PROBE_MAX_LIFE,FAILED_PROBE,21,0.25,0.00920084,0.00920084,0.0368034,0.0413965,0.0725067,-0.0129938,0.0725067,-0.0129938,,,,,5,0,,DISCOVERY,2023,0.96011,0.00461538,0.0261538,0.124884,0.186833,0.290135,0.0301992,0.905553,0.44398,0.937847,2.97877,0.0262782,0.0926758,0.118954,0.4,1,0.00272198,0.00770409,0.00434616,-0.0736111,7.14894,2.35196e+08,-0.00263374,MARKET_UP,False,False,False,Disc=0.96 10D超額=+11.9% 產業超額=+9.3% outperf10=40% RSaccel=+0.0043 觸發=indep regime=MARKET_UP
3284,太普高,其他,2026-07-02,2026-07-03,31.278,38.8795,0.25,27.9,34.6805,0.107999,0.818263,False,,,,,,0,,,,,,False,0.25,2026-07-06,30.4238,37.8176,F3_RS_FAILURE,FAILED_PROBE,2,0.25,-0.00793752,-0.00793752,-0.0317501,-0.0273115,0.00709764,-0.0440565,0.00709764,-0.0440565,,,,,0.25,0,,STRICT_OOS,2026,0.964059,0,0.0466321,0.278751,0.741379,0.574026,0.0657709,0.510894,0.656151,0.741451,1.70637,0.00388366,0.342088,0.345972,0.7,3,0.0271969,-0.0141314,-0.035555,-0.0501567,4.86738,4.4583e+07,-0.00584509,MARKET_SIDEWAYS,False,False,False,Disc=0.96 10D超額=+34.6% 產業超額=+34.2% outperf10=70% RSaccel=-0.0356 觸發=indep regime=MARKET_SIDEWAYS
3293,鈊象,文化創意業,2023-07-19,2023-07-20,670.673,1609.6,0.25,617,1480.79,0.0800279,0.93262,False,,,,,,0,,,,,,False,0.25,2023-07-21,631.418,1515.39,F3_RS_FAILURE,FAILED_PROBE,2,0.25,-0.0157248,-0.0157248,-0.0628991,-0.0585308,0.00197936,-0.048716,0.00197936,-0.048716,,,,,0.25,0,,DISCOVERY,2023,0.957524,0.0046729,0.0264798,0.102926,0.143485,0.378975,0.0252294,0.799295,0.291421,1.63593,1.40798,-0.073927,0.193606,0.119679,0.9,2,0.0161674,-0.00362623,0.0152637,-0.00302572,5.2077,1.04823e+09,-0.00647031,MARKET_SIDEWAYS,False,False,False,Disc=0.96 10D超額=+12.0% 產業超額=+19.4% outperf10=90% RSaccel=+0.0153 觸發=indep regime=MARKET_SIDEWAYS
3293,鈊象,文化創意業,2024-03-19,2024-03-20,1142.85,2742.82,0.25,1055,2531.98,0.0768692,0.772048,False,,,,,,0,,,,,,False,0.25,2024-03-21,1052.36,2525.65,F1_PROBE_LOW,FAILED_PROBE,2,0.25,-0.0208747,-0.0208747,-0.0834988,-0.079177,0.0281314,-0.037494,0.0281314,-0.037494,,,,,0.25,0,,DISCOVERY,2024,0.958843,-0.00909091,0.0363636,0.177382,0.390244,0.488251,0.0515038,0.548941,0.534062,1.28991,1.60715,0.00393314,0.213639,0.217572,0.7,2,0.0110132,0.00277475,-0.0213874,-0.025641,4.0365,2.00811e+09,-0.00113934,MARKET_UP,False,False,False,Disc=0.96 10D超額=+21.8% 產業超額=+21.4% outperf10=70% RSaccel=-0.0214 觸發=indep regime=MARKET_UP
3293,鈊象,文化創意業,2024-07-12,2024-07-15,1513.78,3633.04,0.25,1390,3335.98,0.0817658,0.888499,False,,,,,,0,,,,,,False,0.25,2024-07-19,1421.44,3411.43,F2_STRUCTURE,FAILED_PROBE,5,0.25,-0.0163402,-0.0163402,-0.0653609,-0.0609982,0.00411224,-0.0784628,0.00411224,-0.0784628,,,,,1,0,,DISCOVERY,2024,0.979058,0,0.0100671,0.144269,0.280851,0.468293,0.0393925,0.626939,0.484082,1.11082,1.21232,-0.0775785,0.149869,0.0722906,0.6,3,0.014011,-0.00271019,0.0196097,-0.00331126,4.21687,2.09649e+09,-0.0193973,MARKET_UP,False,False,False,Disc=0.98 10D超額=+7.2% 產業超額=+15.0% outperf10=60% RSaccel=+0.0196 觸發=indep regime=MARKET_UP
3293,鈊象,文化創意業,2026-03-27,2026-03-30,791.975,4037.82,0.25,742,3783.03,0.0631018,0.920295,False,,,,,,0,,,,,,False,0.25,2026-03-31,740.145,3773.57,F1_PROBE_LOW,FAILED_PROBE,2,0.25,-0.0174492,-0.0174492,-0.0697967,-0.065444,0.0164462,-0.0517377,0.0164462,-0.0517377,,,,,0.25,0,,STRICT_OOS,2026,0.957407,0.00637755,0.0153061,0.098234,0.145324,0.124294,0.0234207,0.573297,0.363108,1.55421,1.34554,0.00643614,0.104672,0.111108,0.7,2,0.00831735,-0.0102986,0.0127987,-0.0950719,4.34483,1.45359e+09,-0.00675003,MARKET_SIDEWAYS,False,False,False,Disc=0.96 10D超額=+11.1% 產業超額=+10.5% outperf10=70% RSaccel=+0.0128 觸發=indep regime=MARKET_SIDEWAYS
3293,鈊象,文化創意業,2026-07-28,2026-07-29,733.83,3924.88,0.25,708,3786.73,0.0351989,0.825328,False,,,,,,0,,,,,,False,0.25,2026-08-14,760.095,4065.35,F3_RS_FAILURE,FAILED_PROBE,13,0.25,0.00780278,0.00780278,0.0312111,0.0357917,0.098347,-0.0161209,0.098347,-0.0161209,,,,,3,0,,STRICT_OOS,2026,0.956725,0.00278164,0.00556328,-0.00816472,-0.0137055,0.0139846,0.0249951,0.530584,0.30801,0.782487,0.512589,0,0.0869432,0.0869432,0.6,1,0.0147592,-0.0142045,0.0195123,-0.106643,2.49012,1.27605e+09,-0.0465422,MARKET_SIDEWAYS,False,False,False,Disc=0.96 10D超額=+8.7% 產業超額=+8.7% outperf10=60% RSaccel=+0.0195 觸發=indep regime=MARKET_SIDEWAYS
3303,岱稜,其他電子業,2024-05-17,2024-05-20,42.6063,51.5901,0.25,39.4,47.7078,0.075253,0.880569,False,,,,,,0,,,,,,False,0.25,2024-05-27,41.9947,50.8497,F4_TIME_5D,FAILED_PROBE,6,0.25,-0.00470502,-0.00470502,-0.0188201,-0.0143524,0.0479683,-0.0212703,0.0479683,-0.0212703,,,,,1.25,0,,DISCOVERY,2024,0.993031,0.00492611,0.0517242,0.180373,0.227011,0.432886,0.0331214,0.626169,0.376319,2.24715,2.12397,-0.0425268,0.232763,0.190237,0.7,2,0.0072135,-0.00399674,0.00321361,-0.0183908,6.29293,5.60295e+07,-0.00214934,MARKET_SIDEWAYS,False,False,False,Disc=0.99 10D超額=+19.0% 產業超額=+23.3% outperf10=70% RSaccel=+0.0032 觸發=indep regime=MARKET_SIDEWAYS
3303,岱稜,其他電子業,2025-02-24,2025-02-25,58.145,73.1709,0.25,54.4,68.4582,0.0644079,0.885344,True,2025-03-03,58.6,73.7435,persist,3,1,2025-03-04,58.0448,73.0448,,,True,1,2025-03-10,56.1592,70.672,HARD_STOP,EXIT,9,1,-0.0373266,-0.0373266,-0.0373266,-0.0341517,0.042222,-0.031731,0.042222,-0.031731,-0.00172413,-0.0324836,0.0199027,-0.0317815,5,0,,STRICT_OOS,2025,0.970874,0,0.0428571,0.129102,0.188199,0.0409982,0.0306385,0.855141,0.305013,2.16073,1.82518,0.038191,0.0979469,0.136138,0.7,2,-0.0040042,-0.00632941,0.0132879,-0.188889,4.41517,3.46963e+07,-0.00695062,MARKET_SIDEWAYS,False,False,False,Disc=0.97 10D超額=+13.6% 產業超額=+9.8% outperf10=70% RSaccel=+0.0133 觸發=indep regime=MARKET_SIDEWAYS
3306,鼎天,通信網路業,2024-04-30,2024-05-02,58.0447,61.7251,0.25,53.3,56.6795,0.081743,0.634493,False,,,,,,0,,,,,,False,0.25,2024-05-03,55.86,59.4018,F3_RS_FAILURE,FAILED_PROBE,2,0.25,-0.0105136,-0.0105136,-0.0420544,-0.0376391,0.0199027,-0.0490096,0.0199027,-0.0490096,,,,,0.25,0,,DISCOVERY,2024,0.957027,0.0204082,0.0315399,0.0630467,0.0570342,0.0353818,0.0440647,0.915467,0.661346,1.12183,1.68754,0.0368202,0.0592938,0.0961139,0.5,1,0.00923923,-0.00424807,0.00567551,-0.239398,4.22449,8.28724e+07,-0.00482642,MARKET_SIDEWAYS,False,False,False,Disc=0.96 10D超額=+9.6% 產業超額=+5.9% outperf10=50% RSaccel=+0.0057 觸發=indep regime=MARKET_SIDEWAYS
3312,弘憶股,電子工業,2024-03-28,2024-03-29,42.506,57.8576,0.25,39.55,53.834,0.0695432,0.838344,False,,,,,,0,,,,,,False,0.25,2024-04-08,41.1469,56.0076,F2_STRUCTURE,FAILED_PROBE,5,0.25,-0.00910074,-0.00910074,-0.036403,-0.0319749,0.0574978,-0.034254,0.0574978,-0.034254,,,,,1,0,,DISCOVERY,2024,0.977143,0.00981595,0.0417178,0.0449874,0.0155502,0.916479,0.0647821,0.742244,0.881588,1.09888,0.996001,0.0154189,0.211726,0.227145,0.6,2,0.0238371,0.010162,0.0240085,-0.124742,3.65455,4.8762e+08,-0.00265196,MARKET_UP,False,False,False,Disc=0.98 10D超額=+22.7% 產業超額=+21.2% outperf10=60% RSaccel=+0.0240 觸發=indep regime=MARKET_UP
3317,尼克森,半導體業,2025-10-30,2025-10-31,56.942,88.4132,0.25,53.5,83.0689,0.0604474,0.782907,False,,,,,,0,,,,,,False,0.25,2025-11-03,53.3663,82.8612,F1_PROBE_LOW,FAILED_PROBE,2,0.25,-0.0167888,-0.0167888,-0.067155,-0.0627963,0.0712655,-0.0305925,0.0712655,-0.0305925,,,,,0.25,0,,STRICT_OOS,2025,0.974079,0.00542495,0.0271248,0.0872894,0.139418,0.50988,0.0508048,0.894258,0.688519,1.86509,1.59224,-0.0121412,0.12252,0.110379,0.6,2,0.00874271,0.00231942,-0.00740744,-0.0356537,3.53465,2.81179e+08,-0.000254818,MARKET_UP,False,False,False,Disc=0.97 10D超額=+11.0% 產業超額=+12.3% outperf10=60% RSaccel=-0.0074 觸發=indep regime=MARKET_UP
3322,建舜電,電子零組件業,2023-10-03,2023-10-04,25.7141,27.1476,0.25,23.75,25.074,0.0763831,0.877707,False,,,,,,0,,,,,,False,0.25,2023-10-11,24.6881,26.0644,F2_STRUCTURE,FAILED_PROBE,4,0.25,-0.0110776,-0.0110776,-0.0443105,-0.0399003,0.0169508,-0.0549941,0.0169508,-0.0549941,,,,,0.75,0,,DISCOVERY,2023,0.986111,0,0.0299401,0.122471,0.216981,0.310133,0.0484496,0.892545,0.543228,2.95103,1.68641,0.0194229,0.129249,0.148672,0.5,2,0.00484161,0.0043347,0.0188761,-0.0133843,3.2,1.59611e+08,-0.00621901,MARKET_SIDEWAYS,False,False,False,Disc=0.99 10D超額=+14.9% 產業超額=+12.9% outperf10=50% RSaccel=+0.0189 觸發=indep regime=MARKET_SIDEWAYS
3322,建舜電,電子零組件業,2023-11-01,2023-11-02,26.1652,27.6239,0.25,24.45,25.813,0.0655545,0.885736,False,,,,,,0,,,,,,False,0.25,2023-11-06,25.137,26.5383,F3_RS_FAILURE,FAILED_PROBE,3,0.25,-0.0109275,-0.0109275,-0.0437099,-0.0392983,0.0624779,-0.0407124,0.0624779,-0.0407124,,,,,0.5,0,,DISCOVERY,2023,0.970543,0.00804829,0.0503018,0.0660676,0.0419161,0.200836,0.036809,0.828764,0.374491,2.73859,1.45476,-0.00417807,0.146424,0.142245,0.7,1,0.00146234,-0.00341699,0.0133577,-0.00191207,3.48699,1.37788e+08,0.00233044,MARKET_SIDEWAYS,False,False,False,Disc=0.97 10D超額=+14.2% 產業超額=+14.6% outperf10=70% RSaccel=+0.0134 觸發=indep regime=MARKET_SIDEWAYS
3324,雙鴻,其他電子業,2024-10-04,2024-10-07,718.792,798.876,0.25,670,744.648,0.0678812,0.679266,False,,,,,,0,,,,,,False,0.25,2024-10-25,691.268,768.285,F2_STRUCTURE,FAILED_PROBE,14,0.25,-0.0106768,-0.0106768,-0.0427072,-0.0382934,0.0545463,-0.0428392,0.0545463,-0.0428392,,,,,3.25,0,,DISCOVERY,2024,0.969925,0.00868307,0.0217077,0.127435,0.176667,-0.199002,0.0391542,1.19152,0.70956,0.924634,1.57463,-0.0269305,0.172861,0.145931,0.5,1,-0.0083369,-0.000217207,-0.00205918,-0.261256,3.97933,3.29643e+09,-0.00391597,MARKET_SIDEWAYS,False,False,False,Disc=0.97 10D超額=+14.6% 產業超額=+17.3% outperf10=50% RSaccel=-0.0021 觸發=indep regime=MARKET_SIDEWAYS
3325,旭品,電腦及週邊設備業,2023-08-11,2023-08-14,32.1301,36.0484,0.25,30.7,34.4439,0.0445104,0.737121,False,,,,,,0,,,,,,False,0.25,2023-08-14,30.6233,34.3578,F1_PROBE_LOW,FAILED_PROBE,1,0.25,-0.0128234,-0.0128234,-0.0512935,-0.0468991,0,0,,,,,,,0,0,,DISCOVERY,2023,0.988651,0.00944882,0.0267716,0.0708713,0.00928793,0.634085,0.0792068,0.926597,0.853906,1.09731,1.47314,-0.0515113,0.205102,0.15359,0.7,2,-0.002239,0.00833137,-0.0171416,-0.130667,3.44675,3.9438e+08,-0.00201086,MARKET_SIDEWAYS,False,False,False,Disc=0.99 10D超額=+15.4% 產業超額=+20.5% outperf10=70% RSaccel=-0.0171 觸發=indep regime=MARKET_SIDEWAYS
3325,旭品,電腦及週邊設備業,2024-03-11,2024-03-12,41.1025,46.115,0.25,38.35,43.0268,0.0669668,0.638745,False,,,,,,0,,,,,,False,0.25,2024-03-15,38.703,43.4229,F2_STRUCTURE,FAILED_PROBE,4,0.25,-0.0156868,-0.0156868,-0.0627471,-0.0583784,0.0850921,-0.0645338,0.0850921,-0.0645338,,,,,0.75,0,,DISCOVERY,2024,0.979592,0.0077821,0.0557717,0.083816,0.125864,0.0795756,0.0559846,1.06473,0.561374,1.24067,3.25432,-0.0322341,0.112238,0.0800042,0.5,1,-0.00124022,-0.011794,-0.0165737,-0.0894855,3.99373,3.4758e+08,-0.00299414,MARKET_UP,False,False,False,Disc=0.98 10D超額=+8.0% 產業超額=+11.2% outperf10=50% RSaccel=-0.0166 觸發=indep regime=MARKET_UP
3346,麗清,汽車工業,2023-06-14,2023-06-15,49.724,51.3674,0.25,46,47.5203,0.0748934,0.908144,False,,,,,,0,,,,,,False,0.25,2023-06-19,47.1818,48.7411,F3_RS_FAILURE,FAILED_PROBE,3,0.25,-0.013878,-0.013878,-0.0555122,-0.0511272,0.00152844,-0.0527713,0.00152844,-0.0527713,,,,,0.5,0,,DISCOVERY,2023,0.973485,0.00829016,0.0290155,0.151505,0.236613,0.23354,0.0366854,0.933116,0.413536,2.48681,2.53257,0.0285755,0.139694,0.168269,0.7,2,-0.0146629,-0.00542533,0.0220731,0,4.96863,1.85959e+08,0.00125112,MARKET_UP,False,False,False,Disc=0.97 10D超額=+16.8% 產業超額=+14.0% outperf10=70% RSaccel=+0.0221 觸發=indep regime=MARKET_UP
3356,奇偶,電子工業,2024-03-11,2024-03-12,52.932,58.142,0.25,49.5,54.3722,0.0648379,0.860589,False,,,,,,0,,,,,,False,0.25,2024-03-20,52.7677,57.9615,F4_TIME_5D,FAILED_PROBE,7,0.25,-0.00189901,-0.00189901,-0.00759606,-0.00310304,0.0315121,-0.0251644,0.0315121,-0.0251644,,,,,1.5,0,,DISCOVERY,2024,0.975057,0.004,0.038,0.118173,0.190367,0.171558,0.0410818,0.763225,0.441323,1.31415,1.28989,-0.0520483,0.174035,0.121987,0.5,2,-0.00181596,-0.0137303,-0.00326049,-0.143011,5.25293,1.32782e+08,-0.00299414,MARKET_UP,False,False,False,Disc=0.98 10D超額=+12.2% 產業超額=+17.4% outperf10=50% RSaccel=-0.0033 觸發=indep regime=MARKET_UP
3357,臺慶科,電子零組件業,2023-02-21,2023-02-22,110.275,123.377,0.25,105.5,118.035,0.0433008,0.905554,False,,,,,,0,,,,,,False,0.25,2023-03-24,116.209,130.016,PROBE_MAX_LIFE,FAILED_PROBE,21,0.25,0.0122969,0.0122969,0.0491876,0.0538087,0.0700521,-0.0206302,0.0700521,-0.0206302,,,,,5,0,,DISCOVERY,2023,0.971654,0.00465116,0.0511628,0.16327,0.378049,0.43038,0.0381163,0.968666,0.542502,1.3672,1.67557,0.018496,0.170555,0.189051,0.7,2,0.00564134,0.00844904,0.0157787,-0.027367,4.27197,3.29652e+07,0.000756853,MARKET_UP,False,False,False,Disc=0.97 10D超額=+18.9% 產業超額=+17.1% outperf10=70% RSaccel=+0.0158 觸發=indep regime=MARKET_UP
3357,臺慶科,電子零組件業,2024-04-30,2024-05-02,124.811,153.96,0.25,120,148.025,0.0385482,0.761177,False,,,,,,0,,,,,,False,0.25,2024-05-02,119.7,147.655,F1_PROBE_LOW,FAILED_PROBE,1,0.25,-0.0113399,-0.0113399,-0.0453596,-0.0409518,0,0,,,,,,,0,0,,DISCOVERY,2024,0.95935,0.00823045,0.0246914,0.0707375,0.0779221,0.154545,0.0370052,0.924069,0.48161,2.11851,2.00552,0.0026405,0.0841128,0.0867533,0.6,1,0.0109552,-0.00175469,0.0149313,-0.00796813,4.88372,7.4494e+07,-0.00482642,MARKET_SIDEWAYS,False,False,False,Disc=0.96 10D超額=+8.7% 產業超額=+8.4% outperf10=60% RSaccel=+0.0149 觸發=indep regime=MARKET_SIDEWAYS
3374,精材,半導體業,2024-06-07,2024-06-11,140.35,149.329,0.25,128,136.189,0.0879943,0.792989,True,2024-06-13,173,184.068,persist,2,1,2024-06-14,173.934,185.061,,,True,1,2024-08-06,210.971,227.005,MFE_PROTECTION,EXIT,39,1,0.29485,0.29485,0.29485,0.520165,0.851827,-0.0167439,0.232633,-0.0167439,0.239286,0.226646,0.49427,-0.0493653,35.75,0,,DISCOVERY,2024,0.955556,0.00383142,0.0344828,0.0991248,0.139241,0.042471,0.034127,0.89785,0.344006,3.17661,1.7275,0.0330253,0.0830934,0.116119,0.5,2,0.00299696,-0.00306408,-0.00400002,-0.0909091,3.79845,3.10652e+08,-0.00202349,MARKET_UP,False,False,False,Disc=0.96 10D超額=+11.6% 產業超額=+8.3% outperf10=50% RSaccel=-0.0040 觸發=indep regime=MARKET_UP
3374,精材,半導體業,2025-01-10,2025-01-13,215.537,231.918,0.25,202,217.352,0.0628081,0.893727,False,,,,,,0,,,,,,False,0.25,2025-01-13,201.495,216.808,F1_PROBE_LOW,FAILED_PROBE,1,0.25,-0.0173761,-0.0173761,-0.0695045,-0.0651511,0,0,,,,,,,0,0,,STRICT_OOS,2025,0.966245,0.00990099,0.0693069,0.0664034,0.0773067,-0.033557,0.0332341,1.07658,0.398309,3.09754,1.67189,-0.0319328,0.106084,0.0741517,0.6,1,-0.0077781,0.0117514,0.0184063,-0.236749,3.9005,7.63986e+08,-0.00300115,MARKET_SIDEWAYS,False,False,False,Disc=0.97 10D超額=+7.4% 產業超額=+10.6% outperf10=60% RSaccel=+0.0184 觸發=indep regime=MARKET_SIDEWAYS
3376,新日興,電子零組件業,2023-10-16,2023-10-17,88.3202,107.487,0.25,82,99.7956,0.0715606,0.851478,True,2023-10-19,91,110.749,persist,2,1,2023-10-20,90.5258,110.172,,,True,1,2023-12-19,119.201,145.07,TREND_FAILURE_MA20x2,EXIT,46,1,0.319755,0.319755,0.319755,0.349648,0.500222,-0.0058905,0.0609119,-0.0058905,0.0249716,0.316766,0.463672,-0.0157497,42.75,0,,DISCOVERY,2023,0.956355,0.0130641,0.043943,0.0697335,0.0390071,0.0481813,0.0171461,0.509579,0.221499,4.70747,1.99506,-0.0335738,0.104538,0.0709646,0.6,1,0.00355396,-0.00867674,0.0132779,-0.00395046,5.57346,6.52216e+07,-0.0077658,MARKET_SIDEWAYS,False,False,False,Disc=0.96 10D超額=+7.1% 產業超額=+10.5% outperf10=60% RSaccel=+0.0133 觸發=indep regime=MARKET_SIDEWAYS
3380,明泰,通信網路業,2023-03-14,2023-03-15,35.5888,37.994,0.25,33.8,36.0844,0.0502617,0.948448,False,,,,,,0,,,,,,False,0.25,2023-03-16,33.7155,35.9942,F1_PROBE_LOW,FAILED_PROBE,2,0.25,-0.0142544,-0.0142544,-0.0570176,-0.052636,0.00172105,-0.0334024,0.00172105,-0.0334024,,,,,0.25,0,,DISCOVERY,2023,0.964039,-0.00573066,0.00859597,0.0716188,0.165563,0.113924,0.0271916,0.932313,0.208437,1.46568,1.4183,-0.00793486,0.100259,0.0923243,0.9,2,0.00834896,-0.00682493,0.0040113,-0.00705219,2.87313,1.20709e+08,-0.0128576,MARKET_SIDEWAYS,False,False,False,Disc=0.96 10D超額=+9.2% 產業超額=+10.0% outperf10=90% RSaccel=+0.0040 觸發=indep regime=MARKET_SIDEWAYS
3406,玉晶光,電子工業,2025-06-20,2025-06-23,415.035,454.053,0.25,397,434.322,0.0434542,0.863992,False,,,,,,0,,,,,,False,0.25,2025-06-27,409.972,448.514,F3_RS_FAILURE,FAILED_PROBE,5,0.25,-0.00416758,-0.00416758,-0.0166703,-0.0121978,0.00955341,-0.0193598,0.00955341,-0.0193598,,,,,1,0,,STRICT_OOS,2025,0.958209,-0.00249377,0.0448878,0.0618348,0.0771208,-0.024447,0.0282134,1.05584,0.30375,4.21167,2.00526,-0.0232605,0.0662422,0.0429816,0.5,1,-0.00997972,0.000653174,0.0149135,-0.373198,3.80665,3.71446e+08,0.00191969,MARKET_SIDEWAYS,False,False,False,Disc=0.96 10D超額=+4.3% 產業超額=+6.6% outperf10=50% RSaccel=+0.0149 觸發=indep regime=MARKET_SIDEWAYS
3413,京鼎,電子工業,2024-09-11,2024-09-12,368.92,444.017,0.25,340.5,409.812,0.0770357,0.828397,False,,,,,,0,,,,,,False,0.25,2024-09-19,356.606,429.197,F3_RS_FAILURE,FAILED_PROBE,5,0.25,-0.00945068,-0.00945068,-0.0378027,-0.0333778,0.0246124,-0.0458636,0.0246124,-0.0458636,,,,,1,0,,DISCOVERY,2024,0.98067,0.00852273,0.0298295,0.0604842,0.077266,0.225379,0.0449261,1.11158,0.545642,1.36923,1.8782,-0.009738,0.102386,0.0926482,0.5,2,-0.00447388,0.013721,0.0290498,-0.100496,3.28509,7.0919e+08,-0.00157045,MARKET_SIDEWAYS,False,False,False,Disc=0.98 10D超額=+9.3% 產業超額=+10.2% outperf10=50% RSaccel=+0.0290 觸發=indep regime=MARKET_SIDEWAYS
3416,融程電,電腦及週邊設備業,2023-07-07,2023-07-10,125.814,146.851,0.25,115,134.229,0.0859504,0.921024,False,,,,,,0,,,,,,False,0.25,2023-07-11,120.698,140.88,F3_RS_FAILURE,FAILED_PROBE,2,0.25,-0.0112684,-0.0112684,-0.0450738,-0.0406653,0.00148036,-0.0581316,0.00148036,-0.0581316,,,,,0.25,0,,DISCOVERY,2023,0.970624,-0.00819672,0.0204918,0.114328,0.154491,0.254882,0.0288647,0.430297,0.338802,2.42491,1.57977,0.0399036,0.106234,0.146138,0.8,3,0.00132094,-0.00617556,0.019678,-0.0119048,5.18681,3.32015e+07,-0.00584411,MARKET_SIDEWAYS,False,False,False,Disc=0.97 10D超額=+14.6% 產業超額=+10.6% outperf10=80% RSaccel=+0.0197 觸發=indep regime=MARKET_SIDEWAYS
3416,融程電,電腦及週邊設備業,2025-07-04,2025-07-07,145.362,182.685,0.25,132.5,166.52,0.0884857,0.836981,True,2025-07-10,151,189.77,persist,3,1,2025-07-11,152.38,191.504,,,True,1,2025-09-22,183.041,230.038,TREND_FAILURE_MA20x2,EXIT,56,1,0.210728,0.210728,0.210728,0.259205,0.451544,-0.0472096,0.042222,-0.0472096,0.0482759,0.201216,0.384696,-0.077963,52,0,,STRICT_OOS,2025,0.957768,0.0177305,0.0212766,0.071125,0.0827068,0.281666,0.0266908,0.995089,0.29579,5.17814,1.82348,0.002245,0.085772,0.088017,0.6,1,-0.00111777,-0.00116053,0.0172836,-0.202368,4.87628,3.75519e+07,-0.00728526,MARKET_SIDEWAYS,False,False,False,Disc=0.96 10D超額=+8.8% 產業超額=+8.6% outperf10=60% RSaccel=+0.0173 觸發=indep regime=MARKET_SIDEWAYS
3430,奇鈦科,化學工業,2025-09-24,2025-09-25,60.3505,49.2474,0.25,56.5,46.1053,0.0638023,0.870821,True,2025-09-30,77,62.8338,persist,2,1,2025-10-01,78.6963,64.218,,,True,1,2025-10-30,73.3163,59.8278,TREND_FAILURE_MA20x2,EXIT,22,1,-0.00206837,-0.00206837,-0.00206837,0.214841,0.401811,-0.0190636,0.27588,-0.0190636,0.303987,-0.0683641,0.0750195,-0.111775,18.75,0,,STRICT_OOS,2025,0.982143,0.00700525,0.0490368,0.150043,0.258403,0.209468,0.048414,1.03439,0.598973,1.47622,1.98352,-0.0776058,0.314933,0.237327,0.5,2,-0.00263492,-0.00638754,0.00351116,-0.367971,4.13793,5.78641e+07,-0.00192934,MARKET_UP,False,False,False,Disc=0.98 10D超額=+23.7% 產業超額=+31.5% outperf10=50% RSaccel=+0.0035 觸發=indep regime=MARKET_UP
3443,創意,電子工業,2023-02-07,2023-02-08,860.145,883.538,0.25,789,810.458,0.0827128,0.672749,True,2023-02-20,995,1022.06,persist,8,1,2023-02-21,1012.52,1040.06,,,True,1,2023-03-06,1102.24,1132.21,MFE_PROTECTION,EXIT,17,1,0.132008,0.132008,0.132008,0.281455,0.429991,-0.00598155,0.185847,-0.00598155,0.177156,0.0886028,0.214785,-0.0281721,9.25,0,,DISCOVERY,2023,0.975395,0.0037594,0.0538847,0.155458,0.322327,0.655512,0.0454391,1.2611,0.659809,1.12941,1.26312,0.0288934,0.123681,0.152575,0.6,3,-0.00336115,0.0131727,-0.00212766,-0.0344432,4.94579,5.16605e+09,0.00052557,MARKET_UP,False,False,False,Disc=0.98 10D超額=+15.3% 產業超額=+12.4% outperf10=60% RSaccel=-0.0021 觸發=indep regime=MARKET_UP
3444,利機,電子通路業,2023-06-01,2023-06-02,78.7965,89.2767,0.25,74.2,84.0688,0.0583338,0.846116,False,,,,,,0,,,,,,False,0.25,2023-06-05,76.3088,86.458,F3_RS_FAILURE,FAILED_PROBE,2,0.25,-0.0090002,-0.0090002,-0.0360008,-0.0315718,0.00892806,-0.0354902,0.00892806,-0.0354902,,,,,0.25,0,,DISCOVERY,2023,0.962963,0.0052356,0.0274869,0.145066,0.242089,0.266129,0.0280255,0.639848,0.35072,1.31837,1.29738,-0.0142627,0.219159,0.204897,0.7,2,0.00168136,-0.00934862,0.00530015,-0.01571,6.40909,8.54162e+07,-0.00399965,MARKET_UP,False,False,False,Disc=0.96 10D超額=+20.5% 產業超額=+21.9% outperf10=70% RSaccel=+0.0053 觸發=indep regime=MARKET_UP
3444,利機,電子通路業,2023-08-21,2023-08-22,81.2025,96.1697,0.25,75.2,89.0608,0.0739201,0.775526,False,,,,,,0,,,,,,False,0.25,2023-08-29,79.9995,94.7449,F4_TIME_5D,FAILED_PROBE,6,0.25,-0.00482037,-0.00482037,-0.0192815,-0.0148148,0.0344509,-0.0209661,0.0344509,-0.0209661,,,,,1.25,0,,DISCOVERY,2023,0.975676,0.0185676,0.0676393,0.0375048,-0.0405244,0.130995,0.0385093,0.710878,0.472649,1.28459,0.784931,0.0218447,0.100681,0.122526,0.4,2,-0.00180785,-0.00778527,0.017295,-0.0924464,4,9.08294e+07,1.09881e-05,MARKET_DOWN,False,False,False,Disc=0.98 10D超額=+12.3% 產業超額=+10.1% outperf10=40% RSaccel=+0.0173 觸發=indep regime=MARKET_DOWN
3444,利機,電子通路業,2023-09-21,2023-09-22,82.5057,97.7131,0.25,80.1,94.864,0.0291586,0.84718,True,2023-09-27,87,103.036,persist,3,1,2023-09-28,87.3177,103.412,,,True,1,2023-12-12,112.718,133.493,TREND_FAILURE_MA20x2,EXIT,55,1,0.304514,0.304514,0.304514,0.366177,0.539287,-0.00976599,0.0665923,-0.00976599,0.0583232,0.290889,0.454458,-0.0253986,51,0,,DISCOVERY,2023,0.956061,-0.00123305,0.0172626,0.0411408,0.0160099,0.199396,0.0231169,0.653635,0.256176,1.21775,0.880819,0.0600675,0.0323513,0.0924189,0.8,1,0.00535944,0.00525339,0.0182216,-0.0698985,3.51311,5.23644e+07,-0.0131892,MARKET_SIDEWAYS,False,True,False,Disc=0.96 10D超額=+9.2% 產業超額=+3.2% outperf10=80% RSaccel=+0.0182 觸發=indep regime=MARKET_SIDEWAYS
3447,展達,電子工業,2025-03-04,2025-03-05,70.8768,46.2824,0.25,66.5,43.4244,0.0617516,0.857672,False,,,,,,0,,,,,,False,0.25,2025-03-11,66.3337,43.3158,F1_PROBE_LOW,FAILED_PROBE,5,0.25,-0.0171132,-0.0171132,-0.068453,-0.0640972,0.163992,-0.0109592,0.163992,-0.0109592,,,,,1,0,,STRICT_OOS,2025,0.956258,-0.0101744,0.0145349,0.093444,0.316981,-0.0278552,0.0593533,0.948917,0.659509,1.00966,1.06312,0.0178839,0.157573,0.175456,0.8,1,0.00930164,-0.00066266,0.0082619,-0.347664,2.43793,2.73852e+08,-0.00700335,MARKET_SIDEWAYS,False,False,False,Disc=0.96 10D超額=+17.5% 產業超額=+15.8% outperf10=80% RSaccel=+0.0083 觸發=indep regime=MARKET_SIDEWAYS
3479,安勤,電腦及週邊設備業,2023-05-12,2023-05-15,122.806,135.273,0.25,115,126.674,0.0635656,0.876266,False,,,,,,0,,,,,,False,0.25,2023-05-29,125.186,137.895,F3_RS_FAILURE,FAILED_PROBE,11,0.25,0.00370913,0.00370913,0.0148365,0.0193801,0.0789353,-0.0472798,0.0789353,-0.0472798,,,,,2.5,0,,DISCOVERY,2023,0.957728,0.0172414,0.0689655,0.146291,0.24,0.317747,0.0518433,0.82601,0.597385,1.15383,1.17677,0.0217615,0.200065,0.221827,0.8,1,-0.00504412,0.0479567,-0.00322738,-0.00401606,3.26667,8.81124e+08,-0.00079151,MARKET_SIDEWAYS,False,False,False,Disc=0.96 10D超額=+22.2% 產業超額=+20.0% outperf10=80% RSaccel=-0.0032 觸發=indep regime=MARKET_SIDEWAYS
3479,安勤,電腦及週邊設備業,2023-08-11,2023-08-14,99.2475,114.079,0.25,96,110.346,0.0327212,0.719384,False,,,,,,0,,,,,,False,0.25,2023-08-14,95.76,110.07,F1_PROBE_LOW,FAILED_PROBE,1,0.25,-0.00989009,-0.00989009,-0.0395604,-0.0351394,0,0,,,,,,,0,0,,DISCOVERY,2023,0.970996,0.0327198,0.0378323,0.0116615,-0.0287081,-0.13184,0.0361717,1.29561,0.383806,1.78602,0.81073,-0.0500697,0.105276,0.0552063,0.5,2,-0.000338311,-0.00631376,0.0135016,-0.200637,3.81323,1.34441e+08,-0.00201086,MARKET_SIDEWAYS,False,False,False,Disc=0.97 10D超額=+5.5% 產業超額=+10.5% outperf10=50% RSaccel=+0.0135 觸發=indep regime=MARKET_SIDEWAYS
3481,群創,電子工業,2023-02-22,2023-02-23,15.1377,16.8448,0.25,14.2,15.8013,0.0619479,0.888853,False,,,,,,0,,,,,,False,0.25,2023-03-02,14.5635,16.2058,F3_RS_FAILURE,FAILED_PROBE,4,0.25,-0.0105874,-0.0105874,-0.0423496,-0.037935,0.000809235,-0.0487358,0.000809235,-0.0487358,,,,,0.75,0,,DISCOVERY,2023,0.975309,-0.00675676,0.0168919,0.167119,0.30303,0.180392,0.0320361,0.669207,0.363779,1.78422,1.94434,0.0218035,0.14422,0.166024,0.6,2,0.00692832,0.000392831,0.0148643,-0.0809252,5.7037,1.20754e+09,-0.00926749,MARKET_SIDEWAYS,False,False,False,Disc=0.98 10D超額=+16.6% 產業超額=+14.4% outperf10=60% RSaccel=+0.0149 觸發=indep regime=MARKET_SIDEWAYS
3481,群創,電子工業,2024-01-05,2024-01-08,15.4385,16.9201,0.25,13.85,15.1791,0.102892,0.900896,False,,,,,,0,,,,,,False,0.25,2024-01-10,14.763,16.1797,F3_RS_FAILURE,FAILED_PROBE,3,0.25,-0.012039,-0.012039,-0.0481558,-0.0437543,0.0169382,-0.047835,0.0169382,-0.047835,,,,,0.5,0,,DISCOVERY,2024,0.959441,0.00711744,0.0676156,0.120867,0.162791,0.195219,0.0285714,1.08011,0.387388,2.88668,1.17091,0.00461289,0.150635,0.155248,0.7,1,-0.000218224,0.00486267,0.00505701,-0.14604,4.55,9.33379e+08,-0.0017385,MARKET_SIDEWAYS,False,False,False,Disc=0.96 10D超額=+15.5% 產業超額=+15.1% outperf10=70% RSaccel=+0.0051 觸發=indep regime=MARKET_SIDEWAYS
3481,群創,電子工業,2025-03-19,2025-03-20,16.4911,17.335,0.25,15.6,16.3983,0.0540366,0.93935,False,,,,,,0,,,,,,False,0.25,2025-03-26,16.0099,16.8291,F3_RS_FAILURE,FAILED_PROBE,5,0.25,-0.00840417,-0.00840417,-0.0336167,-0.0291823,0,-0.0419089,0,-0.0419089,,,,,1,0,,STRICT_OOS,2025,0.968379,-0.00309598,0.012384,0.0795643,0.139373,0.0380953,0.0277414,0.817515,0.311039,1.43654,2.12387,-0.00309521,0.122137,0.119042,0.8,1,0.00405288,0.000269604,0.0159566,-0.0553148,4.8504,1.15855e+09,-0.0139567,MARKET_DOWN,False,False,False,Disc=0.97 10D超額=+11.9% 產業超額=+12.2% outperf10=80% RSaccel=+0.0160 觸發=indep regime=MARKET_DOWN
3483,力致,電腦及週邊設備業,2023-07-05,2023-07-06,92.1298,105.327,0.25,88.3,100.948,0.0415691,0.861739,False,,,,,,0,,,,,,False,0.25,2023-07-07,88.0793,100.696,F1_PROBE_LOW,FAILED_PROBE,2,0.25,-0.0120916,-0.0120916,-0.0483662,-0.0439651,0.0192147,-0.028544,0.0192147,-0.028544,,,,,0.25,0,,DISCOVERY,2023,0.9625,0.010989,0.021978,0.10919,0.186224,0.319149,0.0458525,1.04607,0.608385,0.753418,1.20314,0.0704733,0.10903,0.179503,0.7,3,-0.0261074,0.00134519,0.0154663,-0.0179514,3.63484,5.24088e+08,-0.00492043,MARKET_SIDEWAYS,False,False,False,Disc=0.96 10D超額=+18.0% 產業超額=+10.9% outperf10=70% RSaccel=+0.0155 觸發=indep regime=MARKET_SIDEWAYS
3484,崧騰,電子零組件業,2024-12-11,2024-12-12,58.8468,72.6935,0.25,56.7,70.0416,0.0364803,0.744326,False,,,,,,0,,,,,,False,0.25,2024-12-18,56.5583,69.8665,F1_PROBE_LOW,FAILED_PROBE,5,0.25,-0.0108254,-0.0108254,-0.0433016,-0.0388891,0.073976,-0.034781,0.073976,-0.034781,,,,,1,0,,DISCOVERY,2024,0.96371,0,0.0244755,0.0761179,0.071298,-0.00170357,0.03608,0.736477,0.382924,1.6381,2.48804,-0.0159102,0.0796603,0.0637501,0.4,2,0.00958983,-0.00802842,0.0236332,-0.103572,3.5,3.29994e+07,-0.00957618,MARKET_SIDEWAYS,False,False,False,Disc=0.96 10D超額=+6.4% 產業超額=+8.0% outperf10=40% RSaccel=+0.0236 觸發=indep regime=MARKET_SIDEWAYS
3484,崧騰,電子零組件業,2025-03-04,2025-03-05,65.1625,80.4953,0.25,60.3,74.4887,0.0746212,0.698295,False,,,,,,0,,,,,,False,0.25,2025-03-11,62.8425,77.6294,F2_STRUCTURE,FAILED_PROBE,5,0.25,-0.0100058,-0.0100058,-0.0400232,-0.0356033,0.0374065,-0.0408594,0.0374065,-0.0408594,,,,,1,0,,STRICT_OOS,2025,0.982503,0,0.0483871,0.105724,0.267057,0.208178,0.048022,0.749424,0.539096,1.35131,3.06091,0.0299514,0.141101,0.171053,0.6,2,0.00539027,-0.00616914,-0.0149592,-0.0959666,4.77346,1.13346e+08,-0.00700335,MARKET_SIDEWAYS,False,False,False,Disc=0.98 10D超額=+17.1% 產業超額=+14.1% outperf10=60% RSaccel=-0.0150 觸發=indep regime=MARKET_SIDEWAYS
3491,昇達科,通信網路業,2025-03-07,2025-03-10,468.167,519.392,0.25,441,489.252,0.0580294,0.776675,False,,,,,,0,,,,,,False,0.25,2025-03-10,439.898,488.029,F1_PROBE_LOW,FAILED_PROBE,1,0.25,-0.0161871,-0.0161871,-0.0647485,-0.0603843,0,0,,,,,,,0,0,,STRICT_OOS,2025,0.974868,-0.00110988,0.0421754,0.0977962,0.109929,0.536825,0.0429028,0.84193,0.51239,1.89751,1.00875,-0.00732228,0.160005,0.152682,0.7,1,0.0106466,0.0128598,0.0045533,-0.00739958,2.48227,1.47983e+09,-0.00613504,MARKET_SIDEWAYS,False,False,False,Disc=0.97 10D超額=+15.3% 產業超額=+16.0% outperf10=70% RSaccel=+0.0046 觸發=indep regime=MARKET_SIDEWAYS
3491,昇達科,通信網路業,2026-01-21,2026-01-22,981.447,1108.82,0.25,890,1005.5,0.0931761,0.850201,True,2026-01-26,1120,1265.35,persist,2,1,2026-01-27,1112.77,1257.19,,,True,1,2026-03-06,1351.61,1527.02,MFE_PROTECTION,EXIT,24,1,0.25019,0.25019,0.25019,0.377162,0.930822,-0.0167584,0.2074,-0.0167584,0.13381,0.214632,0.70295,-0.0609063,20.75,0,,STRICT_OOS,2026,0.960908,-0.00547645,0.0317634,0.202758,0.483465,1.10974,0.0462542,0.998948,0.468135,1.15132,1.59468,0.0038139,0.199308,0.203122,0.8,2,0.0156004,0.00932994,-0.00698805,-0.0146444,4.59016,1.90802e+09,-0.0161719,MARKET_UP,False,False,True,Disc=0.96 10D超額=+20.3% 產業超額=+19.9% outperf10=80% RSaccel=-0.0070 觸發=indep regime=MARKET_UP
3498,陽程,其他電子業,2024-10-22,2024-10-23,74.3855,77.5918,0.25,68.7,71.6612,0.0764329,0.772548,False,,,,,,0,,,,,,False,0.25,2024-10-25,70.7228,73.7711,F3_RS_FAILURE,FAILED_PROBE,3,0.25,-0.0134073,-0.0134073,-0.0536293,-0.0492401,0.0109497,-0.0697112,0.0109497,-0.0697112,,,,,0.5,0,,DISCOVERY,2024,0.9601,-0.00710227,0.0525568,0.196705,0.364641,0.600432,0.0594756,0.772244,0.684651,0.706478,1.3191,0.00547562,0.22885,0.234326,0.6,2,0.0199326,-0.0123318,-0.0226651,-0.0262812,4.7423,6.74092e+08,-0.000301582,MARKET_UP,False,False,False,Disc=0.96 10D超額=+23.4% 產業超額=+22.9% outperf10=60% RSaccel=-0.0227 觸發=indep regime=MARKET_UP
3501,維熹,電子零組件業,2024-05-09,2024-05-10,66.0647,78.4163,0.25,62.5,74.185,0.0539584,0.856429,False,,,,,,0,,,,,,False,0.25,2024-05-13,65.037,77.1964,F3_RS_FAILURE,FAILED_PROBE,2,0.25,-0.00500543,-0.00500543,-0.0200217,-0.0155567,0,-0.0509311,0,-0.0509311,,,,,0.25,0,,DISCOVERY,2024,0.963134,0.0156986,0.0282574,0.0749159,0.143106,0.2818,0.021265,0.444101,0.240358,1.91283,1.28691,0.010457,0.0580821,0.0685391,0.5,3,0.0157321,-0.0093479,0.00699677,-0.00304414,4.95385,4.65004e+07,-0.00675056,MARKET_SIDEWAYS,False,False,False,Disc=0.96 10D超額=+6.9% 產業超額=+5.8% outperf10=50% RSaccel=+0.0070 觸發=indep regime=MARKET_SIDEWAYS
3518,柏騰,電子工業,2023-06-29,2023-06-30,34.9371,37.3462,0.25,32.2308,34.4534,0.0774614,0.878709,False,,,,,,0,,,,,,False,0.25,2023-07-07,34.6133,37,F4_TIME_5D,FAILED_PROBE,6,0.25,-0.00343734,-0.00343734,-0.0137493,-0.0092702,0.0676322,-0.0182363,0.0676322,-0.0182363,,,,,1.25,0,,DISCOVERY,2023,0.992537,0.0192024,0.0295421,0.104596,0.0839813,0.552338,0.0491904,1.05369,0.530851,1.43917,2.14765,0.020921,0.180385,0.201306,0.7,3,-0.00102077,-0.00296495,0.0103189,-0.0399449,4.08333,5.09816e+07,0.000393844,MARKET_SIDEWAYS,False,False,False,Disc=0.99 10D超額=+20.1% 產業超額=+18.0% outperf10=70% RSaccel=+0.0103 觸發=indep regime=MARKET_SIDEWAYS
3526,凡甲,電子零組件業,2023-08-11,2023-08-14,169.423,203.02,0.25,161,192.927,0.049713,0.760765,False,,,,,,0,,,,,,False,0.25,2023-08-15,168.079,201.409,F2_STRUCTURE,FAILED_PROBE,2,0.25,-0.00310338,-0.00310338,-0.0124135,-0.00793136,0,-0.034957,0,-0.034957,,,,,0.25,0,,DISCOVERY,2023,0.981084,0.00903614,0.0180723,0.0404663,0.0568986,0.331928,0.0441251,1.00692,0.601394,1.2682,3.16499,-0.00911484,0.1227,0.113585,0.7,3,-0.00044421,0.00255561,-0.019509,-0.112861,4.55939,1.85062e+08,-0.00201086,MARKET_SIDEWAYS,False,False,False,Disc=0.98 10D超額=+11.4% 產業超額=+12.3% outperf10=70% RSaccel=-0.0195 觸發=indep regime=MARKET_SIDEWAYS
3526,凡甲,電子零組件業,2024-10-09,2024-10-11,280.7,353.774,0.25,254,320.123,0.0951194,0.913617,False,,,,,,0,,,,,,False,0.25,2024-10-21,279.3,352.009,F3_RS_FAILURE,FAILED_PROBE,7,0.25,-0.00236908,-0.00236908,-0.00947631,-0.00498753,0.0420378,-0.0416815,0.0420378,-0.0416815,,,,,1.5,0,,DISCOVERY,2024,0.952559,0.042885,0.0721248,0.113473,0.165254,0.236043,0.0307792,0.811132,0.419367,3.87766,1.80384,-0.0591006,0.142339,0.083238,0.6,1,0.0146532,-0.00430542,0.0117569,-0.00722022,3.72152,9.83477e+07,0.00210911,MARKET_UP,False,False,False,Disc=0.95 10D超額=+8.3% 產業超額=+14.2% outperf10=60% RSaccel=+0.0118 觸發=indep regime=MARKET_UP
3526,凡甲,電子零組件業,2025-02-27,2025-03-03,295.737,372.726,0.25,282.5,356.042,0.044761,0.891834,False,,,,,,0,,,,,,False,0.25,2025-03-04,281.295,354.524,F2_STRUCTURE,FAILED_PROBE,2,0.25,-0.0133064,-0.0133064,-0.0532257,-0.0488355,0,-0.044761,0,-0.044761,,,,,0.25,0,,STRICT_OOS,2025,0.951678,0.00347222,0.0260417,0.0572451,0.121442,0.0534759,0.0198211,0.559896,0.208166,3.31155,1.39388,0.0158696,0.056172,0.0720416,0.7,2,0.015523,-0.00506795,0.0140027,-0.0133556,3.32927,6.11114e+07,-0.0149287,MARKET_SIDEWAYS,False,False,False,Disc=0.95 10D超額=+7.2% 產業超額=+5.6% outperf10=70% RSaccel=+0.0140 觸發=indep regime=MARKET_SIDEWAYS
3529,力旺,半導體業,2023-09-18,2023-09-19,2205.5,2268.34,0.25,2060,2118.7,0.0659714,0.829867,False,,,,,,0,,,,,,False,0.25,2023-09-21,2054.85,2113.4,F1_PROBE_LOW,FAILED_PROBE,3,0.25,-0.0181632,-0.0181632,-0.0726527,-0.0683064,0.0247109,-0.0569032,0.0247109,-0.0569032,,,,,0.5,0,,DISCOVERY,2023,0.993856,-0.00470588,0.0282353,0.159766,0.259366,-0.0149146,0.0385747,1.44183,0.518479,1.20186,1.95818,0.0491013,0.134243,0.183344,0.7,3,-0.00570955,0.00255208,0.0199167,-0.0709089,4.92373,1.12832e+09,-0.01316,MARKET_SIDEWAYS,False,False,False,Disc=0.99 10D超額=+18.3% 產業超額=+13.4% outperf10=70% RSaccel=+0.0199 觸發=indep regime=MARKET_SIDEWAYS
3529,力旺,半導體業,2023-11-09,2023-11-10,2290.71,2355.98,0.25,2145,2206.12,0.0636101,0.782473,True,2023-11-15,2455,2524.95,persist,3,1,2023-11-16,2481.19,2551.89,,,True,1,2023-12-08,2463.83,2534.03,TREND_FAILURE_MA20x2,EXIT,21,1,0.00911392,0.00911392,0.00911392,0.0755715,0.15248,-0.0112247,0.0935462,-0.0112247,0.083151,-0.00699766,0.0640066,-0.0468274,17,0,,DISCOVERY,2023,0.954693,0.0181818,0.0568182,0.0521552,0.00649351,0.273973,0.0430108,1.68504,0.522468,1.82251,0.925194,-0.00323694,0.0581333,0.0548964,0.7,2,-0.0138971,0.0120506,0.0203203,-0.0292276,3.45,1.54141e+09,0.000287919,MARKET_SIDEWAYS,False,False,False,Disc=0.95 10D超額=+5.5% 產業超額=+5.8% outperf10=70% RSaccel=+0.0203 觸發=indep regime=MARKET_SIDEWAYS
3529,力旺,半導體業,2024-10-09,2024-10-11,3047.6,3156.01,0.25,2870,2972.09,0.0582753,0.940445,True,2024-10-16,3210,3324.19,persist,3,1,2024-10-17,3192.96,3306.54,,,True,1,2024-10-18,3047.36,3155.76,HARD_STOP,EXIT,6,1,-0.0386427,-0.0386427,-0.0386427,-7.79253e-05,0.0532878,-0.0139782,0.0532878,-0.0139782,0.0476974,-0.0456003,0.0069019,-0.0588677,2,0,,DISCOVERY,2024,0.980649,0.00674536,0.0320405,0.227191,0.327549,0.100719,0.0570728,1.174,0.749756,1.14943,1.65248,-0.034459,0.396075,0.361616,0.7,1,-0.00867132,0.00368846,0.00300079,-0.0519813,5.78323,1.81267e+09,0.00210911,MARKET_UP,False,False,False,Disc=0.98 10D超額=+36.2% 產業超額=+39.6% outperf10=70% RSaccel=+0.0030 觸發=indep regime=MARKET_UP
3529,力旺,半導體業,2024-12-17,2024-12-18,3408.5,3529.75,0.25,3200,3313.83,0.0611706,0.930208,False,,,,,,0,,,,,,False,0.25,2024-12-26,3366.56,3486.32,F4_TIME_5D,FAILED_PROBE,7,0.25,-0.00419403,-0.00419403,-0.0167761,-0.0123038,0.020977,-0.0362329,0.020977,-0.0362329,,,,,1.5,0,,DISCOVERY,2024,0.958611,0,0.0432099,0.105478,0.165517,0.492274,0.0393068,1.01391,0.415281,1.57822,1.08281,0.000560327,0.179606,0.180166,0.8,1,0.00155578,-0.00289446,0.00936678,-0.0852503,4.21505,2.02042e+09,-0.000950091,MARKET_SIDEWAYS,False,False,False,Disc=0.96 10D超額=+18.0% 產業超額=+18.0% outperf10=80% RSaccel=+0.0094 觸發=indep regime=MARKET_SIDEWAYS
3532,台勝科,電子工業,2023-05-30,2023-05-31,164.911,169.26,0.25,152,156.008,0.0782921,0.815782,False,,,,,,0,,,,,,False,0.25,2023-06-07,151.62,155.618,F1_PROBE_LOW,FAILED_PROBE,6,0.25,-0.0212287,-0.0212287,-0.084915,-0.0805963,0.0308575,-0.0237173,0.0308575,-0.0237173,,,,,1.25,0,,DISCOVERY,2023,0.953103,0.00636943,0.0477707,0.0961186,0.0930233,0.0966667,0.0219279,1.18657,0.260971,7.12815,2.15497,0.00440861,0.057922,0.0623306,0.5,1,-0.00327375,0.00290578,0.0137194,-0.380623,6.09901,1.8537e+08,-0.000815085,MARKET_UP,False,False,False,Disc=0.95 10D超額=+6.2% 產業超額=+5.8% outperf10=50% RSaccel=+0.0137 觸發=indep regime=MARKET_UP
3543,州巧,電子工業,2026-08-19,2026-08-20,44.0599,57.9581,0.25,40.25,52.9464,0.0864704,0.917511,False,,,,,,0,,,,,,False,0.25,2026-08-24,40.1494,52.814,F1_PROBE_LOW,FAILED_PROBE,3,0.25,-0.0232636,-0.0232636,-0.0930545,-0.0887542,0.0202026,-0.0444821,0.0202026,-0.0444821,,,,,0.5,0,,STRICT_OOS,2026,0.985879,-0.00821596,0.0223005,0.250628,0.50692,0.22972,0.0528949,0.708786,0.7108,1.03445,1.42439,-0.00647776,0.31187,0.305393,0.7,3,0.0125168,-0.00847575,0.0067063,-0.245019,4.66667,8.55684e+07,-0.013007,MARKET_SIDEWAYS,False,False,False,Disc=0.99 10D超額=+30.5% 產業超額=+31.2% outperf10=70% RSaccel=+0.0067 觸發=indep regime=MARKET_SIDEWAYS
3545,敦泰,電子工業,2023-11-07,2023-11-08,87.1172,106.807,0.25,81.3,99.6747,0.066775,0.787104,True,2023-11-14,95,116.471,persist,4,1,2023-11-15,97.1423,119.097,,,True,1,2023-12-13,118.702,145.531,TREND_FAILURE_MA20x2,EXIT,26,1,0.25202,0.25202,0.25202,0.36256,0.561114,-0.0243035,0.0973716,-0.0243035,0.115075,0.221945,0.400009,-0.00352318,21.25,0,,DISCOVERY,2023,0.95283,0.0106383,0.0378251,0.0890598,0.0812808,0.26513,0.0331923,0.762003,0.369684,2.70782,1.6339,-0.000208389,0.0857902,0.0855818,0.5,2,0.0103819,-0.00694646,0.00204311,-0.0457114,3.60294,4.72813e+08,0.00213762,MARKET_SIDEWAYS,False,False,False,Disc=0.95 10D超額=+8.6% 產業超額=+8.6% outperf10=50% RSaccel=+0.0020 觸發=indep regime=MARKET_SIDEWAYS
3545,敦泰,電子工業,2024-09-30,2024-10-01,86.4155,107.193,0.25,80.6,99.9793,0.067297,0.821694,False,,,,,,0,,,,,,False,0.25,2024-10-11,85.6853,106.287,F4_TIME_5D,FAILED_PROBE,6,0.25,-0.00323286,-0.00323286,-0.0129314,-0.00845045,0.0461086,-0.0256378,0.0461086,-0.0256378,,,,,1.25,0,,DISCOVERY,2024,0.969925,0.003663,0.040293,0.0947639,0.0492611,-0.00573646,0.0241449,0.856951,0.397052,3.98068,1.48812,-0.00308695,0.113196,0.110109,0.5,1,0.0148976,-0.00495245,0.0131962,-0.366157,5.34722,8.3034e+07,-0.0262128,MARKET_SIDEWAYS,False,False,False,Disc=0.97 10D超額=+11.0% 產業超額=+11.3% outperf10=50% RSaccel=+0.0132 觸發=indep regime=MARKET_SIDEWAYS
3546,宇峻,文化創意業,2025-06-20,2025-06-23,106.766,156.732,0.25,103,151.203,0.0352757,0.859942,False,,,,,,0,,,,,,False,0.25,2025-06-23,102.742,150.825,F1_PROBE_LOW,FAILED_PROBE,1,0.25,-0.0105257,-0.0105257,-0.0421027,-0.0376875,0,0,,,,,,,0,0,,STRICT_OOS,2025,0.967164,0.00480769,0.0384615,0.069254,-0.0357143,0.318681,0.0401455,0.530654,0.50048,2.00584,1.25012,-0.0349655,0.136359,0.101393,0.7,1,0.0253808,-0.00915472,0.0174595,-0.205882,3.94399,2.0079e+08,0.00191969,MARKET_SIDEWAYS,False,False,False,Disc=0.97 10D超額=+10.1% 產業超額=+13.6% outperf10=70% RSaccel=+0.0175 觸發=indep regime=MARKET_SIDEWAYS
3548,兆利,電子零組件業,2023-04-27,2023-04-28,72.18,77.4831,0.25,68.4,73.4254,0.0523691,0.86455,False,,,,,,0,,,,,,False,0.25,2023-05-03,69.1268,74.2055,F2_STRUCTURE,FAILED_PROBE,3,0.25,-0.0116763,-0.0116763,-0.0467053,-0.0423005,0.00304794,-0.045442,0.00304794,-0.045442,,,,,0.5,0,,DISCOVERY,2023,0.969697,0,0.0315638,0.0537887,0.060472,0.198333,0.0279158,0.705253,0.275767,1.61045,2.72017,-0.00570197,0.0989356,0.0932337,0.8,2,0.00430491,-0.000706072,0.00250423,-0.020436,2.98932,4.2374e+07,0.00239746,MARKET_DOWN,False,False,False,Disc=0.97 10D超額=+9.3% 產業超額=+9.9% outperf10=80% RSaccel=+0.0025 觸發=indep regime=MARKET_DOWN
3551,世禾,其他電子業,2024-08-20,2024-08-21,116.791,138.377,0.25,103,122.037,0.118085,0.852587,False,,,,,,0,,,,,,False,0.25,2024-08-22,110.224,130.595,F3_RS_FAILURE,FAILED_PROBE,2,0.25,-0.0151516,-0.0151516,-0.0606063,-0.0562328,0.00178738,-0.070992,0.00178738,-0.070992,,,,,0.25,0,,DISCOVERY,2024,0.961131,0.00930233,0.0325581,0.175412,0.168421,0.125828,0.0550193,1.03093,0.688712,1.40833,2.14711,0.147572,0.107104,0.254676,0.8,2,0.000443334,-0.00420219,0.00539745,-0.140815,4.86316,5.98338e+07,0.000868823,MARKET_SIDEWAYS,False,True,False,Disc=0.96 10D超額=+25.5% 產業超額=+10.7% outperf10=80% RSaccel=+0.0054 觸發=indep regime=MARKET_SIDEWAYS
3557,嘉威,居家生活,2024-05-02,2024-05-03,78.596,98.1352,0.25,72.7,90.7734,0.0750166,0.883325,False,,,,,,0,,,,,,False,0.25,2024-05-07,75.012,93.6602,F3_RS_FAILURE,FAILED_PROBE,3,0.25,-0.0124994,-0.0124994,-0.0499977,-0.0456003,0,-0.0470253,0,-0.0470253,,,,,0.5,0,,DISCOVERY,2024,0.964617,0.00393701,0.0262467,0.131448,0.284072,0.290429,0.0285897,0.536384,0.456677,1.23865,1.07896,-0.00851178,0.134862,0.12635,0.7,2,0.0116989,-0.00831723,0.00672922,-0.00508906,5.59105,6.35056e+07,-0.00853868,MARKET_SIDEWAYS,False,False,False,Disc=0.96 10D超額=+12.6% 產業超額=+13.5% outperf10=70% RSaccel=+0.0067 觸發=indep regime=MARKET_SIDEWAYS
3558,神準,通信網路業,2023-08-04,2023-08-07,309.271,326.901,0.25,286.5,302.832,0.0736287,0.76597,False,,,,,,0,,,,,,False,0.25,2023-08-10,300.746,317.89,F2_STRUCTURE,FAILED_PROBE,4,0.25,-0.00800069,-0.00800069,-0.0320028,-0.0275648,0.0460073,-0.0348278,0.0460073,-0.0348278,,,,,0.75,0,,DISCOVERY,2023,0.984088,0.0171821,0.056701,0.0780018,0.213018,0.11413,0.0616725,1.35509,0.624393,1.63269,2.29944,-0.0151929,0.152088,0.136895,0.6,3,-0.00904858,-0.0115054,-0.0124403,-0.189723,4.06026,1.6888e+09,-0.00296264,MARKET_SIDEWAYS,False,False,False,Disc=0.98 10D超額=+13.7% 產業超額=+15.2% outperf10=60% RSaccel=-0.0124 觸發=indep regime=MARKET_SIDEWAYS
3558,神準,通信網路業,2025-03-03,2025-03-04,242.605,294.341,0.25,231,280.261,0.0478349,0.730058,False,,,,,,0,,,,,,False,0.25,2025-03-07,242.392,294.083,F2_STRUCTURE,FAILED_PROBE,4,0.25,-0.00134349,-0.00134349,-0.00537394,-0.000875911,0.0717009,-0.0231034,0.0717009,-0.0231034,,,,,0.75,0,,STRICT_OOS,2025,0.953209,-0.0103306,0.0165289,0.0932119,0.355372,0.179856,0.0554588,0.845374,0.621824,0.775981,0.703281,-0.0158843,0.0842858,0.0684015,0.6,2,0.00192113,7.29406e-05,-0.000411241,-0.0333988,2.08901,7.55767e+08,-0.0128802,MARKET_SIDEWAYS,False,False,False,Disc=0.95 10D超額=+6.8% 產業超額=+8.4% outperf10=60% RSaccel=-0.0004 觸發=indep regime=MARKET_SIDEWAYS
3563,牧德,電子工業,2025-02-24,2025-02-25,425.06,506.353,0.25,408,486.031,0.0401355,0.812529,True,2025-02-27,435,518.195,persist,2,1,2025-03-03,437.09,520.684,,,True,1,2025-03-31,493.763,588.195,TREND_FAILURE_MA20x2,EXIT,24,1,0.132842,0.132842,0.132842,0.16163,0.395097,-0.0260199,0.106903,-0.0260199,0.0283019,0.129659,0.3567,-0.0253723,20.75,0,,STRICT_OOS,2025,0.952843,-0.00837321,0.0179426,0.114969,0.242336,0.139224,0.0313916,0.900125,0.384308,1.70323,1.77653,0.0360266,0.103621,0.139648,0.6,2,-0.00388032,0.0026577,0.00226175,-0.107248,4.75401,2.03505e+08,-0.00695062,MARKET_SIDEWAYS,False,False,False,Disc=0.95 10D超額=+14.0% 產業超額=+10.4% outperf10=60% RSaccel=+0.0023 觸發=indep regime=MARKET_SIDEWAYS
3576,聯合再生,電子工業,2024-11-28,2024-11-29,10.8771,6.27535,0.25,10.35,5.97123,0.0484618,0.83355,False,,,,,,0,,,,,,False,0.25,2024-12-05,10.7231,6.1865,F3_RS_FAILURE,FAILED_PROBE,5,0.25,-0.00465657,-0.00465657,-0.0186263,-0.0141582,0.00669984,-0.020881,0.00669984,-0.020881,,,,,1,0,,DISCOVERY,2024,0.986825,0,0.0280374,0.0249243,-0.0222222,-0.0871369,0.0266234,0.634534,0.34904,1.60744,0.862631,0.0088317,0.109503,0.118335,0.7,3,0.0141286,-0.0132685,0.0313825,-0.294872,3.2439,3.50913e+07,-0.00160646,MARKET_SIDEWAYS,False,False,False,Disc=0.99 10D超額=+11.8% 產業超額=+11.0% outperf10=70% RSaccel=+0.0314 觸發=indep regime=MARKET_SIDEWAYS
3577,泓格,電腦及週邊設備業,2025-03-03,2025-03-04,78.3955,101.442,0.25,74.8,96.7894,0.0458636,0.813614,False,,,,,,0,,,,,,False,0.25,2025-03-06,74.613,96.5474,F1_PROBE_LOW,FAILED_PROBE,3,0.25,-0.0131601,-0.0131601,-0.0526404,-0.048249,0.0332226,-0.0369345,0.0332226,-0.0369345,,,,,0.5,0,,STRICT_OOS,2025,0.993316,0.0273082,0.0247074,0.157377,0.360967,0.319933,0.0503082,0.360404,0.596271,2.97763,2.72007,0.040742,0.103702,0.144444,0.5,2,0.0242133,-0.0102161,0.0217524,-0.0652432,4.33874,4.37596e+07,-0.0128802,MARKET_SIDEWAYS,False,False,False,Disc=0.99 10D超額=+14.4% 產業超額=+10.4% outperf10=50% RSaccel=+0.0218 觸發=indep regime=MARKET_SIDEWAYS
3580,友威科,其他電子業,2023-08-04,2023-08-07,57.0422,66.1933,0.25,54.8,63.5913,0.0393086,0.966236,False,,,,,,0,,,,,,False,0.25,2023-08-11,54.9623,63.7796,F2_STRUCTURE,FAILED_PROBE,5,0.25,-0.0102205,-0.0102205,-0.0408821,-0.0364642,0.0693828,-0.0252839,0.0693828,-0.0252839,,,,,1,0,,DISCOVERY,2023,0.990208,0,0.0264084,0.110688,0.138672,0.131687,0.0339378,0.649361,0.351591,4.43425,2.80062,0.0191896,0.147161,0.166351,0.8,2,0.0204681,-0.0115083,0.0267423,-0.197792,4.54874,5.05701e+07,-0.00296264,MARKET_SIDEWAYS,False,False,False,Disc=0.99 10D超額=+16.6% 產業超額=+14.7% outperf10=80% RSaccel=+0.0267 觸發=indep regime=MARKET_SIDEWAYS
3583,辛耘,電子工業,2024-08-15,2024-08-16,459.145,504.933,0.25,410,450.887,0.107036,0.804109,False,,,,,,0,,,,,,False,0.25,2024-08-23,445.883,490.348,F4_TIME_5D,FAILED_PROBE,6,0.25,-0.00833005,-0.00833005,-0.0333202,-0.0288852,0.0563112,-0.0297183,0.0563112,-0.0297183,,,,,1.25,0,,DISCOVERY,2024,0.985244,0.00943396,0.0400943,0.109015,0.0665054,0.357808,0.0644639,1.09877,0.884982,1.15868,1.14792,-0.0213605,0.108113,0.086752,0.5,2,-0.00382643,0.000648181,0.0131723,-0.065678,4.29146,2.46734e+09,-0.00599621,MARKET_SIDEWAYS,False,False,False,Disc=0.99 10D超額=+8.7% 產業超額=+10.8% outperf10=50% RSaccel=+0.0132 觸發=indep regime=MARKET_SIDEWAYS
3587,閎康,其他電子業,2023-05-24,2023-05-25,198.495,211.798,0.25,183.5,195.798,0.0755435,0.763999,True,2023-05-30,218.5,233.144,persist,3,1,2023-05-31,220.55,235.332,,,True,1,2023-06-28,223.939,238.947,TREND_FAILURE_MA20x2,EXIT,23,1,0.0389715,0.0389715,0.0389715,0.128183,0.259478,-0.0302023,0.100783,-0.0302023,0.111111,0.015365,0.13353,-0.0206302,19,0,,DISCOVERY,2023,0.952448,-0.00515464,0.0206186,0.060809,0.0673854,0.076087,0.0266955,0.684696,0.314198,1.94289,1.23007,0.00700839,0.0508123,0.0578207,0.5,2,-0.00936066,0.00319512,0.0237514,-0.0364963,4.25676,1.25612e+08,-0.00177353,MARKET_UP,False,False,False,Disc=0.95 10D超額=+5.8% 產業超額=+5.1% outperf10=50% RSaccel=+0.0238 觸發=indep regime=MARKET_UP
3587,閎康,其他電子業,2023-08-11,2023-08-14,276.69,310.003,0.25,260.5,291.864,0.0585131,0.846095,True,2023-08-17,291,326.036,persist,3,1,2023-08-18,288.72,323.481,,,True,1,2023-09-13,285.784,320.192,TREND_FAILURE_MA20x2,EXIT,23,1,-0.00391219,-0.00391219,-0.00391219,0.0328662,0.185442,-0.00430084,0.0950884,-0.00430084,0.0434783,-0.0101699,0.136049,-0.0371294,19,0,,DISCOVERY,2023,0.997478,0.00377358,0.054717,0.0822846,0.145492,0.630454,0.064784,1.2456,0.795843,1.32065,1.28689,-0.0389418,0.243109,0.204167,0.7,4,-0.00929557,0.01071,-0.00410807,-0.0652174,3.20316,6.58223e+08,-0.00201086,MARKET_SIDEWAYS,False,False,False,Disc=1.00 10D超額=+20.4% 產業超額=+24.3% outperf10=70% RSaccel=-0.0041 觸發=indep regime=MARKET_SIDEWAYS
3587,閎康,其他電子業,2024-01-15,2024-01-16,248.119,277.992,0.25,233.5,261.613,0.0589184,0.790988,False,,,,,,0,,,,,,False,0.25,2024-01-29,250.373,280.517,F2_STRUCTURE,FAILED_PROBE,10,0.25,0.00114073,0.00114073,0.00456292,0.00908335,0.110355,-0.0125696,0.110355,-0.0125696,,,,,2.25,0,,DISCOVERY,2024,0.960177,0.00851064,0.0659574,0.080207,0.0329897,0.04375,0.0283718,1.74591,0.405072,3.33094,1.78993,0.0191206,0.0797139,0.0988344,0.6,2,-0.0282524,0.00467017,0.0067252,-0.23628,5.55779,2.0521e+08,0.00194086,MARKET_SIDEWAYS,False,False,False,Disc=0.96 10D超額=+9.9% 產業超額=+8.0% outperf10=60% RSaccel=+0.0067 觸發=indep regime=MARKET_SIDEWAYS
3587,閎康,其他電子業,2025-09-17,2025-09-18,212.029,253.776,0.25,198,236.985,0.0661644,0.789128,False,,,,,,0,,,,,,False,0.25,2025-09-25,207.48,248.332,F3_RS_FAILURE,FAILED_PROBE,6,0.25,-0.0064763,-0.0064763,-0.0259052,-0.0214535,0.00693892,-0.0307918,0.00693892,-0.0307918,,,,,1.25,0,,STRICT_OOS,2025,0.956907,-0.00488998,0.0244499,0.0762908,0.173669,0.343125,0.0322196,1.09163,0.268559,1.87982,2.04737,-0.0838263,0.119456,0.0356299,0.5,1,-0.00659785,0.00398107,0.00399953,-0.264696,2.81481,2.08769e+08,-0.00746753,MARKET_UP,False,False,False,Disc=0.96 10D超額=+3.6% 產業超額=+11.9% outperf10=50% RSaccel=+0.0040 觸發=indep regime=MARKET_UP
3591,艾笛森,電子工業,2025-03-27,2025-03-28,26.3657,29.3514,0.25,24.75,27.5527,0.0612822,0.915615,False,,,,,,0,,,,,,False,0.25,2025-03-28,24.6881,27.4838,F1_PROBE_LOW,FAILED_PROBE,1,0.25,-0.0169965,-0.0169965,-0.0679858,-0.063629,0,0,,,,,,,0,0,,STRICT_OOS,2025,0.962617,-0.00767754,0.0115164,0.0617508,0.079918,0.0477137,0.0258878,0.56183,0.290333,6.11188,3.08896,-0.00317142,0.0879853,0.0848138,0.7,1,0.00577077,-0.0120525,0.013084,-0.211078,4.10471,5.38251e+07,-0.0138601,MARKET_DOWN,False,False,False,Disc=0.96 10D超額=+8.5% 產業超額=+8.8% outperf10=70% RSaccel=+0.0131 觸發=indep regime=MARKET_DOWN
3596,智易,通信網路業,2024-03-19,2024-03-20,199.498,223.728,0.25,183,205.227,0.0826953,0.744872,False,,,,,,0,,,,,,False,0.25,2024-03-26,193.515,217.019,F3_RS_FAILURE,FAILED_PROBE,5,0.25,-0.00860509,-0.00860509,-0.0344204,-0.0299878,0.0300881,-0.0425945,0.0300881,-0.0425945,,,,,1,0,,DISCOVERY,2024,0.968854,0,0.04,0.0800332,0.153846,0.0344828,0.03663,0.797836,0.424549,1.56058,1.61988,-0.0479233,0.0834483,0.035525,0.6,2,0.0102889,-0.00751729,0.00904188,-0.0101523,3.71,5.26366e+08,-0.00113934,MARKET_UP,False,False,False,Disc=0.97 10D超額=+3.6% 產業超額=+8.3% outperf10=60% RSaccel=+0.0090 觸發=indep regime=MARKET_UP
3596,智易,通信網路業,2024-11-12,2024-11-13,180.951,212.094,0.25,175.5,205.704,0.0301255,0.933017,False,,,,,,0,,,,,,False,0.25,2024-11-18,175.061,205.19,F1_PROBE_LOW,FAILED_PROBE,4,0.25,-0.00924425,-0.00924425,-0.036977,-0.0325502,0.0140853,-0.0273623,0.0140853,-0.0273623,,,,,0.75,0,,DISCOVERY,2024,0.977041,-0.00833333,0.00277778,0.112824,0.195364,0.262238,0.0284923,0.755565,0.30817,0.930573,1.84652,0.0153185,0.151057,0.166375,0.8,1,0.0147548,-0.0060402,0.00274966,-0.0819873,5.83333,3.04976e+08,-0.0232842,MARKET_SIDEWAYS,False,False,False,Disc=0.98 10D超額=+16.6% 產業超額=+15.1% outperf10=80% RSaccel=+0.0027 觸發=indep regime=MARKET_SIDEWAYS
3596,智易,通信網路業,2025-03-06,2025-03-07,213.031,249.695,0.25,196.5,230.319,0.0776001,0.911458,False,,,,,,0,,,,,,False,0.25,2025-03-11,196.009,229.743,F1_PROBE_LOW,FAILED_PROBE,3,0.25,-0.0210566,-0.0210566,-0.0842263,-0.0799061,0,-0.0564765,0,-0.0564765,,,,,0.5,0,,STRICT_OOS,2025,0.994681,0,0.0143541,0.0917986,0.0761421,0.280967,0.0256065,0.698012,0.32862,1.81525,2.03028,-0.00346938,0.156907,0.153438,0.7,3,0.010065,-0.00084386,0.0267999,-1.11022e-16,5.15789,2.96077e+08,-0.00684115,MARKET_SIDEWAYS,False,False,False,Disc=0.99 10D超額=+15.3% 產業超額=+15.7% outperf10=70% RSaccel=+0.0268 觸發=indep regime=MARKET_SIDEWAYS
3597,映興,電子零組件業,2024-11-11,2024-11-12,36.892,45.8975,0.25,33.9,42.1752,0.0811016,0.734726,False,,,,,,0,,,,,,False,0.25,2024-11-12,33.8153,42.0697,F1_PROBE_LOW,FAILED_PROBE,1,0.25,-0.0219278,-0.0219278,-0.0877112,-0.0833988,0,0,,,,,,,0,0,,DISCOVERY,2024,0.981912,0.0101449,0.0637681,0.0949504,0.0426136,0.501023,0.0642273,0.624611,0.672052,1.05733,0.580436,-0.0503912,0.139791,0.0893997,0.4,2,0.0166494,0.00432579,0.0102314,-0.0813517,2.94848,4.5203e+07,-0.00102955,MARKET_SIDEWAYS,False,False,False,Disc=0.98 10D超額=+8.9% 產業超額=+14.0% outperf10=40% RSaccel=+0.0102 觸發=indep regime=MARKET_SIDEWAYS
3605,宏致,電子零組件業,2024-05-23,2024-05-24,49.1225,53.7293,0.25,45.9,50.2046,0.0656013,0.928572,False,,,,,,0,,,,,,False,0.25,2024-06-06,47.9798,52.4793,F2_STRUCTURE,FAILED_PROBE,10,0.25,-0.00692773,-0.00692773,-0.0277109,-0.0232633,0.0952211,-0.0360833,0.0952211,-0.0360833,,,,,2.25,0,,DISCOVERY,2024,0.973654,0.0095339,0.026483,0.144173,0.235969,0.285146,0.0445968,0.444885,0.602965,1.2223,1.59318,-0.0334695,0.201432,0.167962,0.7,2,0.0246995,-0.0174666,0.0136523,-0.0102145,4.28099,1.2306e+08,0.00257983,MARKET_UP,False,False,False,Disc=0.97 10D超額=+16.8% 產業超額=+20.1% outperf10=70% RSaccel=+0.0137 觸發=indep regime=MARKET_UP
3605,宏致,電子零組件業,2025-06-16,2025-06-17,58.947,64.4751,0.25,55.6,60.8142,0.0567798,0.792039,False,,,,,,0,,,,,,False,0.25,2025-06-23,55.3612,60.5531,F2_STRUCTURE,FAILED_PROBE,5,0.25,-0.0162983,-0.0162983,-0.0651932,-0.0608301,0.0263457,-0.0516905,0.0263457,-0.0516905,,,,,1,0,,STRICT_OOS,2025,0.976012,-0.00176367,0.0299824,0.0731349,0.0174216,-0.0730159,0.039567,1.21929,0.439237,1.42357,2.093,0.00305791,0.101233,0.10429,0.6,3,-0.0133778,0.00499961,0.00898398,-0.158501,3.98145,2.03186e+08,-0.00104426,MARKET_SIDEWAYS,False,False,False,Disc=0.98 10D超額=+10.4% 產業超額=+10.1% outperf10=60% RSaccel=+0.0090 觸發=indep regime=MARKET_SIDEWAYS
3609,三一東林,電子零組件業,2025-02-10,2025-02-11,50.6262,52.3443,0.25,46.15,47.7162,0.0884175,0.909143,True,2025-02-13,57.4,59.348,persist,2,1,2025-02-14,58.145,60.1182,,,True,1,2025-02-27,50.274,51.9801,HARD_STOP,EXIT,13,1,-0.107533,-0.107533,-0.107533,-0.00695783,0.197007,-0.00446903,0.135774,-0.00446903,0.148515,-0.135368,0.042222,-0.140081,9.75,0,,STRICT_OOS,2025,0.954876,0,0.0331263,0.101788,0.217073,0.302872,0.0378614,0.44415,0.396786,1.84168,1.21104,0.0355463,0.10172,0.137266,0.8,1,0.0135042,0.00345797,0.0163257,-0.0215686,4.57845,3.10792e+07,-0.00963146,MARKET_SIDEWAYS,False,False,False,Disc=0.95 10D超額=+13.7% 產業超額=+10.2% outperf10=80% RSaccel=+0.0163 觸發=indep regime=MARKET_SIDEWAYS
3617,碩天,電子工業,2023-03-31,2023-04-06,128.32,138.773,0.25,121,130.857,0.0570449,0.802456,False,,,,,,0,,,,,,False,0.25,2023-04-07,124.189,134.306,F3_RS_FAILURE,FAILED_PROBE,2,0.25,-0.00915562,-0.00915562,-0.0366225,-0.0321949,0.0208853,-0.0570449,0.0208853,-0.0570449,,,,,0.25,0,,DISCOVERY,2023,0.983471,0.00806452,0.0322581,0.0923832,2.22045e-16,0.298174,0.0295759,0.907185,0.490903,0.983006,1.02671,0.0118733,0.0940079,0.105881,0.8,2,0.0120641,0.00214004,0.0178242,-0.0483271,4.49057,1.25901e+08,0.00117544,MARKET_SIDEWAYS,False,False,False,Disc=0.98 10D超額=+10.6% 產業超額=+9.4% outperf10=80% RSaccel=+0.0178 觸發=indep regime=MARKET_SIDEWAYS
3617,碩天,電子工業,2023-05-12,2023-05-15,132.831,143.652,0.25,123.5,133.561,0.0702489,0.781924,True,2023-05-17,165,178.442,persist,2,1,2023-05-18,170.425,184.309,,,True,1,2023-07-13,216.458,234.091,TREND_FAILURE_MA20x2,EXIT,42,1,0.35466,0.35466,0.35466,0.629568,0.897144,-0.0100221,0.242178,-0.0100221,0.283019,0.270104,0.478656,-0.0259645,38.75,0,,DISCOVERY,2023,0.970938,0.0239044,0.059761,0.0646388,-0.00746268,0.260664,0.0408163,0.776775,0.419337,2.75114,1.7254,-0.00781482,0.114889,0.107074,0.7,2,0.0033331,0.011008,0.0100762,-0.0362319,3.03947,8.90468e+07,-0.00079151,MARKET_SIDEWAYS,False,False,False,Disc=0.97 10D超額=+10.7% 產業超額=+11.5% outperf10=70% RSaccel=+0.0101 觸發=indep regime=MARKET_SIDEWAYS
3617,碩天,電子工業,2024-03-14,2024-03-15,221.051,256.093,0.25,206,238.656,0.0680894,0.69913,False,,,,,,0,,,,,,False,0.25,2024-03-21,216.956,251.349,F2_STRUCTURE,FAILED_PROBE,5,0.25,-0.00574586,-0.00574586,-0.0229834,-0.0185251,0.0133397,-0.0386845,0.0133397,-0.0386845,,,,,1,0,,DISCOVERY,2024,0.95815,0.00938967,0.028169,0.0536445,0.183784,0.0761671,0.0366928,0.940078,0.454943,2.34397,1.81714,-0.0692944,0.0735134,0.00421898,0.3,1,-0.00698736,-0.0185712,0.00403142,-0.277228,2.98667,2.30657e+08,0.000472188,MARKET_UP,False,False,False,Disc=0.96 10D超額=+0.4% 產業超額=+7.4% outperf10=30% RSaccel=+0.0040 觸發=indep regime=MARKET_UP
3622,洋華,電子工業,2024-01-30,2024-01-31,57.0422,63.6811,0.25,53.4,59.6149,0.0638518,0.732216,True,2024-02-02,69.1,77.1422,persist,2,1,2024-02-05,71.0772,79.3495,,,True,1,2024-02-27,57.2565,63.9203,TREND_FAILURE_MA20x2,EXIT,13,1,-0.14907,-0.14907,-0.14907,0.00375599,0.25521,-0.0130123,0.25521,-0.0130123,0.246046,-0.194447,-0.00249377,-0.217753,9.75,0,,DISCOVERY,2024,0.969388,0,0.0344828,0.134385,0.298405,0.416149,0.0565163,0.43569,0.575112,0.670181,1.32493,-0.0355572,0.0962958,0.0607386,0.6,2,0.00218614,-0.0186636,-0.0151309,-0.0222984,2.39024,3.96456e+08,-0.00469105,MARKET_SIDEWAYS,False,False,False,Disc=0.97 10D超額=+6.1% 產業超額=+9.6% outperf10=60% RSaccel=-0.0151 觸發=indep regime=MARKET_SIDEWAYS
3624,光頡,電子零組件業,2023-02-07,2023-02-08,54.0348,57.3468,0.25,50.3,53.3832,0.0691176,0.774747,True,2023-02-10,57.6,61.1306,persist,2,1,2023-02-13,57.1425,60.6451,,,True,1,2023-03-15,65.3363,69.3411,MFE_PROTECTION,EXIT,24,1,0.154972,0.154972,0.154972,0.209152,0.349132,-0.0210004,0.080786,-0.0210004,0.0575139,0.143392,0.275758,-0.032244,20.75,0,,DISCOVERY,2023,0.961336,-0.0115163,0.024952,0.187855,0.385214,0.263905,0.0403959,1.24079,0.457119,1.27404,1.95411,0.0121265,0.191565,0.203692,0.8,2,0.00504926,0.00261064,-0.0114859,-0.443277,5.09934,1.8944e+08,0.00052557,MARKET_UP,False,False,False,Disc=0.96 10D超額=+20.4% 產業超額=+19.2% outperf10=80% RSaccel=-0.0115 觸發=indep regime=MARKET_UP
3653,健策,電子零組件業,2023-08-11,2023-08-14,584.457,677.632,0.25,552,640,0.0555344,0.751443,True,2023-08-16,609,706.087,persist,2,1,2023-08-17,610.523,707.852,,,True,1,2023-09-19,635.408,751.456,TREND_FAILURE_MA20x2,EXIT,27,1,0.0687704,0.0687704,0.0687704,0.108944,0.209457,-0.00420475,0.0437029,-0.00420475,0.0445969,0.0615996,0.157822,-0.0368905,23.75,0,,DISCOVERY,2023,0.960908,0.0141343,0.0459364,-0.00428896,-0.109774,0.260916,0.0561052,1.31692,0.497506,1.11308,0.694638,-0.00864186,0.0862158,0.0775739,0.6,1,-0.0133061,0.00704094,0.0206168,-0.150646,2.31828,1.20817e+09,-0.00201086,MARKET_SIDEWAYS,False,False,False,Disc=0.96 10D超額=+7.8% 產業超額=+8.6% outperf10=60% RSaccel=+0.0206 觸發=indep regime=MARKET_SIDEWAYS
3653,健策,電子零組件業,2024-09-18,2024-09-19,1378.44,1642.89,0.25,1295,1543.44,0.0605305,0.792951,False,,,,,,0,,,,,,False,0.25,2024-09-24,1351.61,1610.92,F3_RS_FAILURE,FAILED_PROBE,4,0.25,-0.00597916,-0.00597916,-0.0239167,-0.0194604,0.0374065,-0.0242575,0.0374065,-0.0242575,,,,,0.75,0,,DISCOVERY,2024,0.954604,0.00371747,0.0223048,0.0599345,0.0261194,0.378816,0.0428571,0.970057,0.441378,1.10527,0.846403,-0.0132436,0.110386,0.0971425,0.7,1,-0.00426146,0.0122863,0.0215615,-0.0316901,3.13939,1.1941e+09,-0.00783704,MARKET_SIDEWAYS,False,False,False,Disc=0.95 10D超額=+9.7% 產業超額=+11.0% outperf10=70% RSaccel=+0.0216 觸發=indep regime=MARKET_SIDEWAYS
3653,健策,電子零組件業,2025-06-13,2025-06-16,1508.76,1798.22,0.25,1430,1704.34,0.0522034,0.88867,False,,,,,,0,,,,,,False,0.25,2025-06-23,1441.39,1717.91,F2_STRUCTURE,FAILED_PROBE,6,0.25,-0.0122638,-0.0122638,-0.0490553,-0.0446558,0.0505298,-0.0389475,0.0505298,-0.0389475,,,,,1.25,0,,STRICT_OOS,2025,0.95509,-0.0100334,0.0234114,0.123761,0.176923,0.285714,0.0338469,1.39163,0.44871,0.84009,0.989846,-0.00729189,0.102451,0.0951587,0.6,1,-0.0183124,0.0175601,0.0150719,-0.0584615,4.34483,1.86523e+09,-0.00964069,MARKET_SIDEWAYS,False,False,False,Disc=0.96 10D超額=+9.5% 產業超額=+10.2% outperf10=60% RSaccel=+0.0151 觸發=indep regime=MARKET_SIDEWAYS
3653,健策,電子零組件業,2025-11-24,2025-11-25,2681.69,3227.68,0.25,2490,2996.96,0.0714802,0.743563,True,2025-11-28,2905,3496.46,persist,3,1,2025-12-01,2887.2,3475.03,,,True,1,2025-12-19,2683.28,3229.59,TREND_FAILURE_MA20x2,EXIT,19,1,-0.0572062,-0.0572062,-0.0572062,0.000591978,0.170905,-0.0379192,0.105647,-0.0379192,0.0766355,-0.0706307,0.0875589,-0.0890828,15,0,,STRICT_OOS,2025,0.961918,0.0137525,0.0235756,0.128316,0.220141,0.3257,0.0552509,1.14768,0.637873,0.817393,1.00917,0.0416933,0.175456,0.217149,0.5,2,0.00397043,-0.00546017,-0.00138817,-0.0279851,3.36973,5.15954e+09,0.00262153,MARKET_SIDEWAYS,False,False,False,Disc=0.96 10D超額=+21.7% 產業超額=+17.5% outperf10=50% RSaccel=-0.0014 觸發=indep regime=MARKET_SIDEWAYS
3653,健策,電子零組件業,2026-08-31,2026-09-01,6090.19,7375.66,0.25,5595,6775.95,0.0813091,0.83661,False,,,,,,0,,,,,,False,0.25,2026-09-02,5740.61,6952.3,F3_RS_FAILURE,FAILED_PROBE,2,0.25,-0.0154426,-0.0154426,-0.0617706,-0.0573997,0.000790206,-0.0443644,0.000790206,-0.0443644,,,,,0.25,0,,STRICT_OOS,2026,0.967192,-0.0129646,0.0354365,0.198899,0.588859,0.615869,0.063916,0.976523,0.804742,0.985662,0.970427,0.0297712,0.0860377,0.115809,0.6,1,0.00416976,0.00612616,0.0060827,-0.00909843,3.01679,8.82969e+09,-0.00438104,MARKET_UP,False,False,True,Disc=0.97 10D超額=+11.6% 產業超額=+8.6% outperf10=60% RSaccel=+0.0061 觸發=indep regime=MARKET_UP
3661,世芯-KY,電子工業,2023-05-10,2023-05-11,1353.38,1381.69,0.25,1245,1271.04,0.0800776,0.813211,True,2023-05-16,1410,1439.49,persist,3,1,2023-05-17,1418.54,1448.21,,,True,1,2023-08-02,1980.04,2021.46,TREND_FAILURE_MA20x2,EXIT,58,1,0.407203,0.407203,0.407203,0.463037,0.706844,-0.0468274,0.0640067,-0.0468274,0.0481481,0.39583,0.628438,-0.00601852,54,0,,DISCOVERY,2023,0.984252,0.0196078,0.054902,0.0680961,0,0.417281,0.051248,1.22388,0.639805,2.01449,1.0473,-0.00609102,0.17348,0.167389,0.6,2,-0.00201774,0.0139884,0.0203121,-0.0288809,3.11917,5.53111e+09,-0.00546424,MARKET_SIDEWAYS,False,False,False,Disc=0.98 10D超額=+16.7% 產業超額=+17.3% outperf10=60% RSaccel=+0.0203 觸發=indep regime=MARKET_SIDEWAYS
3661,世芯-KY,電子工業,2023-12-11,2023-12-12,3518.77,3611.25,0.25,3265,3350.81,0.0721203,0.881123,False,,,,,,0,,,,,,False,0.25,2023-12-19,3366.56,3455.04,F2_STRUCTURE,FAILED_PROBE,6,0.25,-0.011915,-0.011915,-0.0476599,-0.0432572,0.0486604,-0.0465432,0.0486604,-0.0465432,,,,,1.25,0,,DISCOVERY,2023,0.980392,0.011994,0.0524738,0.104642,0.0850077,0.339695,0.0377493,1.6247,0.484716,1.07173,1.10233,0.0138321,0.159606,0.173438,0.7,3,-0.0214416,9.81546e-05,0.0141234,-0.00142248,4,8.22703e+09,0.00197596,MARKET_UP,False,False,False,Disc=0.98 10D超額=+17.3% 產業超額=+16.0% outperf10=70% RSaccel=+0.0141 觸發=indep regime=MARKET_UP
3661,世芯-KY,電子工業,2024-01-09,2024-01-10,3568.9,3662.69,0.25,3320,3407.25,0.0697414,0.810587,False,,,,,,0,,,,,,False,0.25,2024-01-18,3586.01,3680.26,F2_STRUCTURE,FAILED_PROBE,7,0.25,7.10266e-05,7.10266e-05,0.000284106,0.00479489,0.0801648,-0.00529575,0.0801648,-0.00529575,,,,,1.5,0,,DISCOVERY,2024,0.964739,0.0130246,0.0390738,0.053172,0.022792,0.307832,0.0300438,1.63298,0.38642,1.28252,1.1097,-0.0072814,0.0749244,0.067643,0.7,2,-0.0275134,-0.00451049,0.0120576,-0.0271003,3.61589,6.22314e+09,-0.00211522,MARKET_SIDEWAYS,False,False,False,Disc=0.96 10D超額=+6.8% 產業超額=+7.5% outperf10=70% RSaccel=+0.0121 觸發=indep regime=MARKET_SIDEWAYS
3661,世芯-KY,電子工業,2024-07-15,2024-07-16,2947.35,3024.81,0.25,2810,2883.85,0.0466012,0.83911,False,,,,,,0,,,,,,False,0.25,2024-07-18,2793,2866.4,F1_PROBE_LOW,FAILED_PROBE,3,0.25,-0.0141878,-0.0141878,-0.0567512,-0.0523691,0.0212564,-0.0347261,0.0212564,-0.0347261,,,,,0.5,0,,DISCOVERY,2024,0.989572,0.0104712,0.026178,0.113425,0.0710383,-0.0313015,0.0355928,0.985415,0.50224,0.689022,1.29016,0.0135203,0.129241,0.142761,0.6,2,-0.00227252,-0.00364118,0.0210214,-0.355969,4.87372,7.85195e+09,-0.00157085,MARKET_UP,False,False,False,Disc=0.99 10D超額=+14.3% 產業超額=+12.9% outperf10=60% RSaccel=+0.0210 觸發=indep regime=MARKET_UP
3661,世芯-KY,電子工業,2025-03-28,2025-03-31,2872.16,2976.85,0.25,2810,2912.43,0.0216431,0.78639,False,,,,,,0,,,,,,False,0.25,2025-03-31,2802.97,2905.14,F1_PROBE_LOW,FAILED_PROBE,1,0.25,-0.0071337,-0.0071337,-0.0285348,-0.024089,0,0,,,,,,,0,0,,STRICT_OOS,2025,0.968,0,0.0350877,0.0228849,-0.101979,-0.110106,0.0420097,1.08057,0.409213,1.05462,0.6879,-0.0253656,0.0974441,0.0720785,0.6,1,-0.00505957,-0.00601476,0.0185763,-0.220608,1.73487,7.71812e+09,-0.0158926,MARKET_DOWN,False,False,False,Disc=0.97 10D超額=+7.2% 產業超額=+9.7% outperf10=60% RSaccel=+0.0186 觸發=indep regime=MARKET_DOWN
3663,鑫科,其他電子業,2025-06-16,2025-06-17,59.749,65.5272,0.25,57.7,63.28,0.0342935,0.790949,False,,,,,,0,,,,,,False,0.25,2025-06-20,57.5557,63.1218,F1_PROBE_LOW,FAILED_PROBE,4,0.25,-0.0102813,-0.0102813,-0.0411252,-0.0367077,0.054411,-0.0142094,0.054411,-0.0142094,,,,,0.75,0,,STRICT_OOS,2025,0.956522,0.00171527,0.0222985,0.0737771,0.0383275,-0.0554675,0.0461409,1.19386,0.532434,1.09295,2.00681,0.00158234,0.103597,0.105179,0.5,1,-0.0172434,0.00801105,0.00902911,-0.47489,3.45455,1.59154e+08,-0.00104426,MARKET_SIDEWAYS,False,False,False,Disc=0.96 10D超額=+10.5% 產業超額=+10.4% outperf10=50% RSaccel=+0.0090 觸發=indep regime=MARKET_SIDEWAYS
3665,貿聯-KY,電子工業,2023-06-29,2023-06-30,319.798,341.358,0.25,301,321.293,0.0587794,0.69905,False,,,,,,0,,,,,,False,0.25,2023-07-10,312.217,333.267,F2_STRUCTURE,FAILED_PROBE,7,0.25,-0.00703729,-0.00703729,-0.0281492,-0.0237025,0.0631728,-0.0212556,0.0631728,-0.0212556,,,,,1.5,0,,DISCOVERY,2023,0.962687,0.0332226,0.0780731,0.124588,0.208566,0.18578,0.0345587,0.97948,0.480361,3.06579,2.54475,0.0212196,0.129328,0.150548,0.4,2,0.00277864,-0.00709396,-0.00454464,-0.0548129,4.1465,9.1623e+08,0.000393844,MARKET_SIDEWAYS,False,False,False,Disc=0.96 10D超額=+15.1% 產業超額=+12.9% outperf10=40% RSaccel=-0.0045 觸發=indep regime=MARKET_SIDEWAYS
3665,貿聯-KY,電子工業,2024-06-04,2024-06-05,290.224,323.11,0.25,265,295.028,0.0869114,0.831591,False,,,,,,0,,,,,,False,0.25,2024-06-07,275.809,307.061,F3_RS_FAILURE,FAILED_PROBE,3,0.25,-0.0135142,-0.0135142,-0.0540568,-0.0496686,0.00612028,-0.0593465,0.00612028,-0.0593465,,,,,0.5,0,,DISCOVERY,2024,0.974697,0.00361011,0.0361011,0.139115,0.256018,0.18107,0.0380786,0.710587,0.350139,1.90315,1.82918,0.0348752,0.0675884,0.102464,0.5,3,0.0116053,-0.00779942,0.0134388,-0.119589,3.24837,7.61819e+08,-0.0083643,MARKET_SIDEWAYS,False,False,False,Disc=0.97 10D超額=+10.2% 產業超額=+6.8% outperf10=50% RSaccel=+0.0134 觸發=indep regime=MARKET_SIDEWAYS
3665,貿聯-KY,電子工業,2024-07-30,2024-07-31,386.965,440.788,0.25,370,421.464,0.0438412,0.734943,False,,,,,,0,,,,,,False,0.25,2024-08-01,389.025,443.135,F2_STRUCTURE,FAILED_PROBE,2,0.25,0.000202875,0.000202875,0.0008115,0.00532348,0.0104273,-0.0205833,0.0104273,-0.0205833,,,,,0.25,0,,DISCOVERY,2024,0.972775,0.00660502,0.0343461,0.0268427,0.0710297,0.772412,0.0508769,0.774406,0.564442,0.776024,0.855589,-0.0128782,0.121413,0.108535,0.6,2,0.0110284,-0.0023583,-0.000907565,-0.0563838,2.45344,1.91492e+09,0.00266552,MARKET_SIDEWAYS,False,False,False,Disc=0.97 10D超額=+10.9% 產業超額=+12.1% outperf10=60% RSaccel=-0.0009 觸發=indep regime=MARKET_SIDEWAYS
3665,貿聯-KY,電子工業,2025-02-10,2025-02-11,662.652,754.822,0.25,620,706.236,0.0643663,0.845321,False,,,,,,0,,,,,,False,0.25,2025-02-18,662.34,754.466,F4_TIME_5D,FAILED_PROBE,6,0.25,-0.00124263,-0.00124263,-0.00497053,-0.000471589,0.0925787,-0.0175846,0.0925787,-0.0175846,,,,,1.25,0,,STRICT_OOS,2025,0.959243,0.00309598,0.0154799,0.0808139,0.0842975,0.340143,0.055858,1.15297,0.690027,0.939514,0.999865,0.0255432,0.144452,0.169996,0.7,1,-0.000667106,0.0100733,0.0296648,-0.111111,3.24756,2.58871e+09,-0.00963146,MARKET_SIDEWAYS,False,False,False,Disc=0.96 10D超額=+17.0% 產業超額=+14.4% outperf10=70% RSaccel=+0.0297 觸發=indep regime=MARKET_SIDEWAYS
3665,貿聯-KY,電子工業,2025-05-08,2025-05-09,609.52,694.299,0.25,581,661.812,0.0467909,0.716923,False,,,,,,0,,,,,,False,0.25,2025-05-20,608.475,693.108,F2_STRUCTURE,FAILED_PROBE,8,0.25,-0.00155265,-0.00155265,-0.00621061,-0.00171446,0.0713348,-0.0205408,0.0713348,-0.0205408,,,,,1.75,0,,STRICT_OOS,2025,0.981873,0.0152801,0.0271647,0.15282,0.611185,-0.0634675,0.0472845,1.24951,0.71694,0.660515,1.22878,0.00510623,0.132803,0.137909,0.5,2,-0.010265,0.00413342,-0.00685938,-0.180217,3.6005,1.96896e+09,-0.000150391,MARKET_UP,False,False,False,Disc=0.98 10D超額=+13.8% 產業超額=+13.3% outperf10=50% RSaccel=-0.0069 觸發=indep regime=MARKET_UP
3665,貿聯-KY,電子工業,2025-06-23,2025-06-24,806.01,918.119,0.25,743,846.345,0.0781752,0.835316,True,2025-06-30,848,965.949,persist,4,1,2025-07-01,846.11,963.796,,,True,1,2025-07-24,833.91,970.852,TREND_FAILURE_MA20x2,EXIT,23,1,0.0153045,0.0153045,0.0153045,0.0574358,0.161276,-0.0297887,0.0645029,-0.0297887,0.0497512,0.00732033,0.106239,-0.0239776,18.25,0,,STRICT_OOS,2025,0.959581,-0.0143791,0.0248366,0.141775,0.2544,0.333333,0.0431851,1.22253,0.467476,0.900837,1.11525,-0.00405112,0.263135,0.259084,0.7,3,0.000768212,0.0106922,-0.00805343,-0.02,5.08017,3.74437e+09,-0.0142304,MARKET_SIDEWAYS,False,False,False,Disc=0.96 10D超額=+25.9% 產業超額=+26.3% outperf10=70% RSaccel=-0.0081 觸發=indep regime=MARKET_SIDEWAYS
3665,貿聯-KY,電子工業,2026-03-30,2026-03-31,1869.66,2176.69,0.25,1765,2054.84,0.0559793,0.902865,False,,,,,,0,,,,,,False,0.25,2026-03-31,1760.59,2049.7,F1_PROBE_LOW,FAILED_PROBE,1,0.25,-0.015677,-0.015677,-0.0627082,-0.0583394,0,0,,,,,,,0,0,,STRICT_OOS,2026,0.956576,-0.0456989,0.0107527,0.0971695,0.249169,0.274576,0.056041,0.945639,0.72582,0.491243,0.680304,0.0192697,0.148311,0.167581,0.7,2,0.0119934,-0.00229424,0.0135772,-0.0259067,2.4678,8.23315e+09,-0.0179518,MARKET_SIDEWAYS,False,False,False,Disc=0.96 10D超額=+16.8% 產業超額=+14.8% outperf10=70% RSaccel=+0.0136 觸發=indep regime=MARKET_SIDEWAYS
3665,貿聯-KY,電子工業,2026-04-29,2026-04-30,2766.9,3221.27,0.25,2605,3032.78,0.0585131,0.780357,False,,,,,,0,,,,,,False,0.25,2026-05-06,2598.49,3025.2,F1_PROBE_LOW,FAILED_PROBE,4,0.25,-0.0163075,-0.0163075,-0.0652299,-0.0608669,0.0734034,-0.0187575,0.0734034,-0.0187575,,,,,0.75,0,,STRICT_OOS,2026,0.975059,-0.00380228,0.0570342,0.194928,0.478723,1.13846,0.0566547,0.952291,0.645149,0.875832,1.37236,-0.0232098,0.135894,0.112684,0.6,2,0.00866662,0.00393354,-0.0245209,-0.0446735,3.65079,7.3625e+09,-0.00552177,MARKET_UP,False,False,False,Disc=0.98 10D超額=+11.3% 產業超額=+13.6% outperf10=60% RSaccel=-0.0245 觸發=indep regime=MARKET_UP
3675,德微,半導體業,2023-02-07,2023-02-08,247.617,256.412,0.25,236.5,244.899,0.0448979,0.778831,True,2023-02-15,277,286.838,persist,5,1,2023-02-16,281.702,291.707,,,True,1,2023-03-14,283.29,293.351,MFE_PROTECTION,EXIT,23,1,0.0356517,0.0356517,0.0356517,0.144063,0.302412,-0.0307632,0.118661,-0.0307632,0.137652,0.00563538,0.144825,-0.123188,17.5,0,,DISCOVERY,2023,0.959578,-0.0185567,0.0226804,0.277034,0.55,0.437681,0.0417627,1.38072,0.554824,0.708233,1.94421,0.0584714,0.285454,0.343925,0.7,1,0.00245817,0.0122673,-0.000965526,-0.308388,6.61379,5.14567e+08,0.00052557,MARKET_UP,False,False,False,Disc=0.96 10D超額=+34.4% 產業超額=+28.5% outperf10=70% RSaccel=-0.0010 觸發=indep regime=MARKET_UP
3675,德微,半導體業,2023-08-21,2023-08-22,294.735,310.769,0.25,271,285.742,0.08053,0.826141,False,,,,,,0,,,,,,False,0.25,2023-08-24,285.285,300.804,F3_RS_FAILURE,FAILED_PROBE,3,0.25,-0.00912264,-0.00912264,-0.0364906,-0.0320627,0.0857211,-0.0347261,0.0857211,-0.0347261,,,,,0.5,0,,DISCOVERY,2023,0.97027,0.0229277,0.0352734,0.0883471,0.0389381,-0.141228,0.0383305,1.17732,0.483928,2.12389,1.4207,-0.0248138,0.158166,0.133352,0.5,2,-0.0139524,-0.0105666,0.0180468,-0.152191,3.73333,2.01153e+08,1.09881e-05,MARKET_DOWN,False,False,False,Disc=0.97 10D超額=+13.3% 產業超額=+15.8% outperf10=50% RSaccel=+0.0180 觸發=indep regime=MARKET_DOWN
3675,德微,半導體業,2024-04-11,2024-04-12,289.221,344.599,0.25,270,321.697,0.0664586,0.854756,True,2024-04-16,288,343.144,persist,2,1,2024-04-17,290.725,346.391,,,True,1,2024-05-09,291.27,352.253,TREND_FAILURE_MA20x2,EXIT,19,1,0.0137047,0.0137047,0.0137047,0.0222112,0.121978,-0.0439845,0.014794,-0.0439845,0.00519931,0.0169239,0.116175,-0.0294062,15.75,0,,DISCOVERY,2024,0.953627,-0.0018018,0.0342342,0.11208,0.129921,0.0323741,0.0312344,0.632183,0.373497,3.22314,1.70346,-0.0130806,0.141537,0.128456,0.6,4,-0.00680743,-0.0174161,-0.00109621,-0.063193,4.96414,1.29905e+08,-0.000496544,MARKET_UP,False,False,False,Disc=0.95 10D超額=+12.8% 產業超額=+14.2% outperf10=60% RSaccel=-0.0011 觸發=indep regime=MARKET_UP
3680,家登,半導體業,2023-03-31,2023-04-06,369.922,384.441,0.25,355,368.933,0.0403395,0.670684,False,,,,,,0,,,,,,False,0.25,2023-04-07,363.09,377.34,F2_STRUCTURE,FAILED_PROBE,2,0.25,-0.00573213,-0.00573213,-0.0229285,-0.0184701,0.00156114,-0.0295265,0.00156114,-0.0295265,,,,,0.25,0,,DISCOVERY,2023,0.954545,0.0109439,0.0232558,0.0986267,0.265651,0.481188,0.0406799,1.01017,0.385523,1.08638,1.02922,0.0147726,0.0632397,0.0780123,0.5,2,0.00354677,0.00364479,-0.0132885,-0.0131926,2.3662,1.01741e+09,0.00117544,MARKET_SIDEWAYS,False,False,False,Disc=0.95 10D超額=+7.8% 產業超額=+6.3% outperf10=50% RSaccel=-0.0133 觸發=indep regime=MARKET_SIDEWAYS
3680,家登,半導體業,2023-06-21,2023-06-26,428.067,449.231,0.25,398,417.677,0.0702401,0.917701,False,,,,,,0,,,,,,False,0.25,2023-07-05,415.459,435.999,F2_STRUCTURE,FAILED_PROBE,8,0.25,-0.00847219,-0.00847219,-0.0338888,-0.0294551,0.0243712,-0.0422071,0.0243712,-0.0422071,,,,,1.75,0,,DISCOVERY,2023,0.966501,0,0.0239808,0.130586,0.168532,0.184583,0.0360455,0.90488,0.389686,0.834125,0.903529,-0.00427453,0.197238,0.192963,0.7,2,-0.0047178,0.00613334,0.0131913,-0.00350058,4.99943,1.07388e+09,0.00101775,MARKET_UP,False,False,False,Disc=0.97 10D超額=+19.3% 產業超額=+19.7% outperf10=70% RSaccel=+0.0132 觸發=indep regime=MARKET_UP
3689,湧德,電子零組件業,2023-07-07,2023-07-10,49.724,55.3319,0.25,47.3,52.6345,0.0487491,0.904622,True,2023-07-17,54.8,60.9804,persist,5,1,2023-07-18,56.14,62.4715,,,True,1,2023-07-19,48.678,54.168,HARD_STOP,EXIT,8,1,-0.109211,-0.109211,-0.109211,-0.021036,0.126217,-0.0366825,0.102084,-0.0366825,0.129032,-0.132918,-0.00249377,-0.146776,2.5,0,,DISCOVERY,2023,0.9694,0.00622407,0.0259336,0.120934,0.146002,0.26148,0.0270114,0.718095,0.37237,3.79279,2.85922,0.0333356,0.120538,0.153874,0.9,2,-0.00592645,-0.00744543,0.0268047,-0.00802407,5.95187,5.48154e+07,-0.00584411,MARKET_SIDEWAYS,False,False,False,Disc=0.97 10D超額=+15.4% 產業超額=+12.1% outperf10=90% RSaccel=+0.0268 觸發=indep regime=MARKET_SIDEWAYS
3689,湧德,電子零組件業,2024-12-11,2024-12-12,97.2425,115.964,0.25,92.9,110.785,0.0446564,0.878734,True,2024-12-17,105,125.215,persist,3,1,2024-12-18,104.761,124.93,,,True,1,2024-12-24,96.3585,114.91,HARD_STOP,EXIT,9,1,-0.0667886,-0.0667886,-0.0667886,-0.00909065,0.141476,-0.00866391,0.141476,-0.00866391,0.0773196,-0.0802086,0.0595521,-0.0779033,5,0,,DISCOVERY,2024,0.983871,-0.00315789,0.0105263,0.107905,0.0572687,0.188119,0.0300595,1.1431,0.495693,0.700433,1.68509,-0.0174756,0.184553,0.167077,0.7,3,-0.00261918,0.00434808,0.00251299,-0.0634146,6.58416,3.17697e+08,-0.00957618,MARKET_SIDEWAYS,False,False,False,Disc=0.98 10D超額=+16.7% 產業超額=+18.5% outperf10=70% RSaccel=+0.0025 觸發=indep regime=MARKET_SIDEWAYS
3689,湧德,電子零組件業,2025-06-06,2025-06-09,100.15,119.431,0.25,91.3,108.877,0.0883652,0.820968,False,,,,,,0,,,,,,False,0.25,2025-06-16,99.5505,118.716,F4_TIME_5D,FAILED_PROBE,6,0.25,-0.00261752,-0.00261752,-0.0104701,-0.00598355,0.058415,-0.0614055,0.058415,-0.0614055,,,,,1.25,0,,STRICT_OOS,2025,0.956781,0.0076087,0.0576087,0.071173,0.1082,0.0462366,0.0273088,1.16634,0.302549,4.23906,1.39478,0.0161609,0.0419231,0.058084,0.5,1,-0.0103719,0.00623166,0.01191,-0.127354,4.06452,2.27058e+08,-0.000635311,MARKET_UP,False,False,False,Disc=0.96 10D超額=+5.8% 產業超額=+4.2% outperf10=50% RSaccel=+0.0119 觸發=indep regime=MARKET_UP
3693,營邦,電腦及週邊設備業,2023-10-04,2023-10-05,590.472,620.872,0.25,555,583.574,0.0600748,0.828035,False,,,,,,0,,,,,,False,0.25,2023-10-11,558.6,587.359,F3_RS_FAILURE,FAILED_PROBE,3,0.25,-0.0145891,-0.0145891,-0.0583565,-0.053978,0.0110547,-0.0431392,0.0110547,-0.0431392,,,,,0.5,0,,DISCOVERY,2023,0.964396,-0.0192644,0.0157618,0.0356218,-0.0569106,0.734764,0.0575739,1.4435,0.669481,0.880361,0.86438,0.0601298,0.0857174,0.145847,0.8,2,-0.0102563,0.0109318,0.0213394,-0.0965732,2.90481,4.15216e+09,-0.0109977,MARKET_SIDEWAYS,False,False,False,Disc=0.96 10D超額=+14.6% 產業超額=+8.6% outperf10=80% RSaccel=+0.0213 觸發=indep regime=MARKET_SIDEWAYS
3694,海華,電子工業,2023-07-10,2023-07-11,33.0825,33.0825,0.25,30.1,30.1,0.0901534,0.807706,True,2023-07-17,37.85,37.85,persist,4,0,,,,,,False,0.25,2023-07-21,34.713,34.713,MFE_PROTECTION,EXIT,9,0.25,0.0111687,0.0111687,0.044675,0.0492859,0.257462,-0.0266757,0.144109,-0.0266757,,,,,2,1,,DISCOVERY,2023,0.954601,0.00481541,0.0401284,0.108071,0.0890756,0.344398,0.0379189,0.799984,0.413592,2.07684,1.71145,0.0388447,0.167462,0.206307,0.7,3,1.73961e-05,-0.00651944,-0.000958478,-0.021148,5.25,4.7833e+07,-0.000684701,MARKET_SIDEWAYS,False,False,False,Disc=0.95 10D超額=+20.6% 產業超額=+16.7% outperf10=70% RSaccel=-0.0010 觸發=indep regime=MARKET_SIDEWAYS
3694,海華,電子工業,2023-08-21,2023-08-22,35.288,35.288,0.25,33.15,33.15,0.0605871,0.810791,False,,,,,,0,,,,,,False,0.25,2023-08-24,33.915,33.915,F2_STRUCTURE,FAILED_PROBE,3,0.25,-0.0108302,-0.0108302,-0.0433209,-0.0389084,0,-0.0563364,0,-0.0563364,,,,,0.5,0,,DISCOVERY,2023,0.958108,0.0162242,0.0339233,0.0578737,0.0278592,0.267631,0.0499287,1.17406,0.594019,0.996904,0.716498,-0.00142661,0.139784,0.138357,0.7,3,-0.00261354,-0.000437819,0.00726439,-0.157452,2.71429,8.45428e+07,1.09881e-05,MARKET_DOWN,False,False,False,Disc=0.96 10D超額=+13.8% 產業超額=+14.0% outperf10=70% RSaccel=+0.0073 觸發=indep regime=MARKET_DOWN
3694,海華,電子工業,2023-09-21,2023-09-22,35.9396,35.9396,0.25,35.1,35.1,0.0233622,0.927713,False,,,,,,0,,,,,,False,0.25,2023-09-27,35.8601,35.8601,F2_STRUCTURE,FAILED_PROBE,4,0.25,-0.00167677,-0.00167677,-0.00670707,-0.00221205,0.0308956,-0.0177972,0.0308956,-0.0177972,,,,,0.75,0,,DISCOVERY,2023,0.969697,0.00137552,0.0123797,0.0674402,0.125382,0.321364,0.037073,0.932206,0.237704,1.06113,1.52479,-0.0127919,0.154656,0.141864,0.9,2,0.0085871,0.00982158,0.0106519,-0.115385,4.03141,7.60459e+07,-0.0131892,MARKET_SIDEWAYS,False,False,False,Disc=0.97 10D超額=+14.2% 產業超額=+15.5% outperf10=90% RSaccel=+0.0107 觸發=indep regime=MARKET_SIDEWAYS
3694,海華,電子工業,2023-11-29,2023-11-30,47.7691,47.7691,0.25,43.05,43.05,0.0987903,0.800713,False,,,,,,0,,,,,,False,0.25,2023-12-01,44.3888,44.3888,F3_RS_FAILURE,FAILED_PROBE,2,0.25,-0.0187764,-0.0187764,-0.0751056,-0.0707648,0.0173936,-0.078903,0.0173936,-0.078903,,,,,0.25,0,,DISCOVERY,2023,0.955714,0,0.0233593,0.237308,0.491086,0.348974,0.0527174,0.790883,0.553038,0.948719,2.31346,0.035884,0.308937,0.344821,0.8,3,0.0132458,-0.0103392,-0.0165396,-0.0573771,6.02062,2.64493e+08,0.00169019,MARKET_UP,False,False,False,Disc=0.96 10D超額=+34.5% 產業超額=+30.9% outperf10=80% RSaccel=-0.0165 觸發=indep regime=MARKET_UP
3694,海華,電子工業,2024-12-30,2024-12-31,59.4482,60.8777,0.25,56.6,57.961,0.0479114,0.908132,False,,,,,,0,,,,,,False,0.25,2024-12-31,56.4585,57.8161,F1_PROBE_LOW,FAILED_PROBE,1,0.25,-0.0136696,-0.0136696,-0.0546785,-0.0502916,0,0,,,,,,,0,0,,DISCOVERY,2024,0.978142,0.00173913,0.0382609,0.143623,0.341573,0.383546,0.0583274,0.873158,0.848257,1.06279,1.36194,0.0256068,0.306435,0.332042,0.8,2,0.0202994,0.00433641,0.00185273,-0.0202643,4.7241,4.6093e+08,-0.0036725,MARKET_SIDEWAYS,False,False,False,Disc=0.98 10D超額=+33.2% 產業超額=+30.6% outperf10=80% RSaccel=+0.0019 觸發=indep regime=MARKET_SIDEWAYS
3701,大眾控,電腦及週邊設備業,2025-12-17,2025-12-18,39.0975,40.5796,0.25,36.95,38.3507,0.0549268,0.937473,False,,,,,,0,,,,,,False,0.25,2025-12-18,36.8576,38.2548,F1_PROBE_LOW,FAILED_PROBE,1,0.25,-0.0154151,-0.0154151,-0.0616605,-0.0572894,0,0,,,,,,,0,0,,STRICT_OOS,2025,0.988218,0,0.025974,0.213891,0.30363,-0.0831292,0.0393309,0.711128,0.533688,2.67353,3.58626,-0.00162914,0.273248,0.271619,0.7,2,0.0090907,-0.00927809,0.0250416,-0.210726,6.85517,5.29084e+07,-0.000417262,MARKET_SIDEWAYS,False,False,False,Disc=0.99 10D超額=+27.2% 產業超額=+27.3% outperf10=70% RSaccel=+0.0250 觸發=indep regime=MARKET_SIDEWAYS
3702,大聯大,電子通路業,2023-10-16,2023-10-17,68.2702,83.1092,0.25,64.2,78.1543,0.0596197,0.965325,False,,,,,,0,,,,,,False,0.25,2023-10-24,66.1342,80.5089,F2_STRUCTURE,FAILED_PROBE,6,0.25,-0.00892926,-0.00892926,-0.035717,-0.0312874,0.00190054,-0.0361834,0.00190054,-0.0361834,,,,,1.25,0,,DISCOVERY,2023,0.984686,0,0.0240602,0.109211,0.186411,0.238162,0.0204531,0.375578,0.185786,1.39154,1.18783,-0.00367675,0.117716,0.114039,0.8,2,0.0158231,-0.00849351,0.00927798,-0.00728863,6.53333,3.62462e+08,-0.0077658,MARKET_SIDEWAYS,False,False,False,Disc=0.98 10D超額=+11.4% 產業超額=+11.8% outperf10=80% RSaccel=+0.0093 觸發=indep regime=MARKET_SIDEWAYS
3706,神達,電腦及週邊設備業,2023-12-28,2023-12-29,45.1125,50.4463,0.25,41.45,46.3508,0.0811859,0.855469,False,,,,,,0,,,,,,False,0.25,2024-01-03,42.693,47.7408,F3_RS_FAILURE,FAILED_PROBE,3,0.25,-0.014503,-0.014503,-0.0580119,-0.0536326,0.00858964,-0.0512607,0.00858964,-0.0512607,,,,,0.5,0,,DISCOVERY,2023,0.965054,0.00822562,0.0575793,0.0887975,0.119403,0.0856453,0.029127,1.54571,0.322767,5.7527,1.64779,-0.00452265,0.0956007,0.0910781,0.6,1,-0.0104143,-0.00285804,0.0122964,-0.216028,4.92098,9.20331e+08,0.00105469,MARKET_UP,False,False,False,Disc=0.97 10D超額=+9.1% 產業超額=+9.6% outperf10=60% RSaccel=+0.0123 觸發=indep regime=MARKET_UP
3706,神達,電腦及週邊設備業,2024-03-19,2024-03-20,50.6263,56.612,0.25,44.95,50.2646,0.112121,0.881951,True,2024-03-25,54,60.3846,persist,3,1,2024-03-26,54.4357,60.8719,,,True,1,2024-03-26,52.9673,59.2298,HARD_STOP,EXIT,5,1,-0.0131528,-0.0131528,-0.0131528,0.0462408,0.171329,-0.00446903,0.171329,-0.00446903,0.0752475,-0.0269768,0.00485435,-0.0502565,1,0,,DISCOVERY,2024,0.951057,0,0.0494624,0.106827,0.105323,0.184466,0.0278103,0.970754,0.311899,4.17162,1.78768,-0.0597077,0.156001,0.0962935,0.6,1,0.00333212,-0.00329406,0.016027,-0.149826,5.45263,8.99008e+08,-0.00113934,MARKET_UP,False,False,False,Disc=0.95 10D超額=+9.6% 產業超額=+15.6% outperf10=60% RSaccel=+0.0160 觸發=indep regime=MARKET_UP
3706,神達,電腦及週邊設備業,2025-05-26,2025-05-27,63.2577,72.3969,0.25,58.2,66.6084,0.0799546,0.841884,False,,,,,,0,,,,,,False,0.25,2025-05-29,60.4485,69.1817,F2_STRUCTURE,FAILED_PROBE,3,0.25,-0.0122024,-0.0122024,-0.0488096,-0.0444096,0.0148954,-0.0641463,0.0148954,-0.0641463,,,,,0.5,0,,STRICT_OOS,2025,0.966521,0.00503356,0.0553691,0.118918,0.223735,-0.101429,0.0406541,1.0868,0.476876,2.67923,1.19591,-0.00240121,0.139388,0.136986,0.6,3,-0.0106806,0.00020409,0.00915615,-0.322928,4.10615,1.9115e+09,-0.00534217,MARKET_UP,False,False,False,Disc=0.97 10D超額=+13.7% 產業超額=+13.9% outperf10=60% RSaccel=+0.0092 觸發=indep regime=MARKET_UP
3708,上緯投控,化學生技醫療,2025-04-24,2025-04-25,74.4857,86.0225,0.25,67.7,78.1858,0.0911013,0.786212,False,,,,,,0,,,,,,False,0.25,2025-05-13,75.5108,87.2063,F3_RS_FAILURE,FAILED_PROBE,12,0.25,0.00230752,0.00230752,0.00923006,0.013761,0.0606055,-0.0387423,0.0606055,-0.0387423,,,,,2.75,0,,STRICT_OOS,2025,0.962132,0,0.0252101,0.0336793,-0.106227,-0.136792,0.0598166,1.15109,0.957625,0.715273,0.685859,0.0132058,0.161595,0.174801,0.9,2,-0.00412809,0.00555294,0.000414877,-0.532099,3.95106,4.51288e+07,-0.0081638,MARKET_SIDEWAYS,False,False,False,Disc=0.96 10D超額=+17.5% 產業超額=+16.2% outperf10=90% RSaccel=+0.0004 觸發=indep regime=MARKET_SIDEWAYS
3708,上緯投控,化學生技醫療,2025-10-31,2025-11-03,123.809,147.752,0.25,116,138.433,0.0630711,0.782531,True,2025-11-06,127,151.56,persist,3,1,2025-11-07,123.809,147.752,,,True,1,2025-11-07,116.209,138.682,HARD_STOP,EXIT,5,1,-0.0657469,-0.0657469,-0.0657469,-0.061385,0.0298141,-0.0590326,0.0298141,-0.0590326,2.43792e-09,-0.061385,0.00154472,-0.0751865,1,0,,STRICT_OOS,2025,0.964481,0,0.0246914,0.039449,-0.0603774,0.0289256,0.0381526,0.485412,0.468938,0.71297,0.716197,-0.0510115,0.141442,0.0904308,0.6,3,0.017333,-0.00948296,0.0104226,-0.199357,2.94737,3.14795e+08,-0.00191533,MARKET_UP,False,False,False,Disc=0.96 10D超額=+9.0% 產業超額=+14.1% outperf10=60% RSaccel=+0.0104 觸發=indep regime=MARKET_UP
3710,連展投控,電子零組件業,2024-10-09,2024-10-11,14.035,14.5099,0.25,12.7,13.1297,0.0951193,0.955033,True,2024-10-16,16.05,16.5931,persist,3,1,2024-10-17,15.7894,16.3236,,,True,1,2024-10-21,14.5635,15.0563,HARD_STOP,EXIT,7,1,-0.0532056,-0.0532056,-0.0532056,0.0376559,0.154257,-0.0131813,0.154257,-0.0131813,0.125,-0.0776392,0.0133397,-0.103828,3,0,,DISCOVERY,2024,0.95568,0.0114068,0.0342205,0.127228,0.236364,0.162393,0.0351891,0.795298,0.35685,2.85705,1.54299,-0.0581724,0.193953,0.13578,0.8,1,0.00733145,-0.00267443,0.00910998,2.22045e-16,3.76119,3.65433e+07,0.00210911,MARKET_UP,False,False,False,Disc=0.96 10D超額=+13.6% 產業超額=+19.4% outperf10=80% RSaccel=+0.0091 觸發=indep regime=MARKET_UP
3712,永崴投控,電腦及週邊設備業,2025-10-17,2025-10-20,39.1476,49.2994,0.25,37.5,47.2246,0.0420875,0.775043,False,,,,,,0,,,,,,False,0.25,2025-10-27,38.1045,47.9858,F2_STRUCTURE,FAILED_PROBE,5,0.25,-0.00777149,-0.00777149,-0.031086,-0.0266459,0.0524266,-0.039533,0.0524266,-0.039533,,,,,1,0,,STRICT_OOS,2025,0.995951,0.0196078,0.0169935,0.101203,0.150888,-0.197691,0.029563,0.726436,0.432121,0.993113,2.89492,-0.0620744,0.13557,0.0734956,0.3,2,0.018052,-0.00758013,0.00117649,-0.460932,5.13043,6.18028e+07,-0.0124964,MARKET_UP,False,False,False,Disc=1.00 10D超額=+7.3% 產業超額=+13.6% outperf10=30% RSaccel=+0.0012 觸發=indep regime=MARKET_UP
3715,定穎投控,電子零組件業,2023-10-04,2023-10-05,89.2225,91.6172,0.25,80.5,82.6606,0.0977612,0.918796,False,,,,,,0,,,,,,False,0.25,2023-10-06,87.9795,90.3408,F3_RS_FAILURE,FAILED_PROBE,2,0.25,-0.00460003,-0.00460003,-0.0184001,-0.0139315,0.0244053,-0.03948,0.0244053,-0.03948,,,,,0.25,0,,DISCOVERY,2023,0.990712,0,0.0430622,0.23277,0.508651,2.04042,0.0624181,0.891261,0.855243,0.922432,1.36289,0.0310625,0.23825,0.269313,0.7,2,0.00624966,-0.00901978,0.00657621,-0.018018,5.03412,4.99834e+09,-0.0109977,MARKET_SIDEWAYS,False,False,False,Disc=0.99 10D超額=+26.9% 產業超額=+23.8% outperf10=70% RSaccel=+0.0066 觸發=indep regime=MARKET_SIDEWAYS
3715,定穎投控,電子零組件業,2025-07-24,2025-07-25,66.8667,72.7813,0.25,61.9,67.3752,0.0742783,0.798339,True,2025-07-29,75.8,82.5047,persist,2,1,2025-07-30,76.7915,83.5839,,,True,1,2025-09-04,93.9645,102.276,TREND_FAILURE_MA20x2,EXIT,30,1,0.263931,0.263931,0.263931,0.40525,0.742271,-0.0219354,0.150048,-0.0219354,0.148426,0.223632,0.517095,-0.015516,26.75,0,,STRICT_OOS,2025,0.975535,0.0124805,0.0421217,0.192591,0.385892,0.539171,0.0530902,1.18981,0.55,1.46115,1.20479,0.0334149,0.102393,0.135808,0.6,2,-0.00315312,0.00705679,-0.00087326,-0.146805,2.93253,1.64067e+09,0.0023612,MARKET_UP,False,False,False,Disc=0.98 10D超額=+13.6% 產業超額=+10.2% outperf10=60% RSaccel=-0.0009 觸發=indep regime=MARKET_UP
4102,永日,生技醫療業,2023-04-24,2023-04-25,32.08,32.4409,0.25,30.4,30.742,0.0523691,0.881884,False,,,,,,0,,,,,,False,0.25,2023-05-03,31.8203,32.1782,F4_TIME_5D,FAILED_PROBE,6,0.25,-0.00314468,-0.00314468,-0.0125787,-0.00809695,0.0271197,-0.0165212,0.0271197,-0.0165212,,,,,1.25,0,,DISCOVERY,2023,0.953064,0.0112903,0.0290322,0.0658202,0.119298,0.0686767,0.0265338,0.458099,0.272384,1.53631,2.03755,0.0373466,0.059712,0.0970587,0.7,3,0.0122068,-0.0141226,0.00475744,-0.287946,3.36709,3.5229e+07,0.00153048,MARKET_SIDEWAYS,False,False,False,Disc=0.95 10D超額=+9.7% 產業超額=+6.0% outperf10=70% RSaccel=+0.0048 觸發=indep regime=MARKET_SIDEWAYS
4102,永日,生技醫療業,2023-11-29,2023-11-30,38.9972,40.4586,0.25,36.1,37.4528,0.0742937,0.880568,False,,,,,,0,,,,,,False,0.25,2023-12-08,37.0072,38.3941,F2_STRUCTURE,FAILED_PROBE,7,0.25,-0.0138536,-0.0138536,-0.0554144,-0.0510292,0.0372526,-0.0601901,0.0372526,-0.0601901,,,,,1.5,0,,DISCOVERY,2023,0.952857,0,0.0289855,0.0973725,0.146843,0.165672,0.019572,0.812211,0.213236,2.20791,1.99121,0.0239849,0.0712747,0.0952596,0.8,2,0.00618205,0.0042248,0.0200689,-0.119504,5.1028,3.15998e+07,0.00169019,MARKET_UP,False,False,False,Disc=0.95 10D超額=+9.5% 產業超額=+7.1% outperf10=80% RSaccel=+0.0201 觸發=indep regime=MARKET_UP
4114,健喬,生技醫療業,2023-02-13,2023-02-14,49.1225,62.3541,0.25,46.3,58.7713,0.0574584,0.713279,False,,,,,,0,,,,,,False,0.25,2023-02-21,47.481,60.2704,F4_TIME_5D,FAILED_PROBE,6,0.25,-0.00946032,-0.00946032,-0.0378413,-0.0334165,0.00768487,-0.0513512,0.00768487,-0.0513512,,,,,1.25,0,,DISCOVERY,2023,0.962712,0.0107991,0.0539957,0.0861944,0.0701755,0.382436,0.033226,0.781552,0.412785,2.05045,1.61516,0.0599703,0.0611969,0.121167,0.5,2,0.0127079,-0.00722729,0.010254,-0.125448,4.10132,9.36895e+08,-0.00271835,MARKET_UP,False,False,False,Disc=0.96 10D超額=+12.1% 產業超額=+6.1% outperf10=50% RSaccel=+0.0103 觸發=indep regime=MARKET_UP
4123,晟德,生技醫療業,2023-04-24,2023-04-25,51.8292,69.5011,0.25,48.7,65.3049,0.0603762,0.803231,False,,,,,,0,,,,,,False,0.25,2023-05-03,51.3713,68.8869,F4_TIME_5D,FAILED_PROBE,6,0.25,-0.00332921,-0.00332921,-0.0133168,-0.00883671,0.0129415,-0.0401173,0.0129415,-0.0401173,,,,,1.25,0,,DISCOVERY,2023,0.956975,0.0234455,0.0601427,0.0942761,0.156841,0.130435,0.0270604,0.416955,0.321876,3.17406,2.63544,0.0361992,0.0858865,0.122086,0.5,2,0.00874291,-0.0123307,0.0113533,-0.0802567,5.18782,1.54865e+08,0.00153048,MARKET_SIDEWAYS,False,False,False,Disc=0.96 10D超額=+12.2% 產業超額=+8.6% outperf10=50% RSaccel=+0.0114 觸發=indep regime=MARKET_SIDEWAYS
4123,晟德,生技醫療業,2024-10-24,2024-10-25,51.6287,79.8634,0.25,48.55,75.101,0.0596325,0.878461,False,,,,,,0,,,,,,False,0.25,2024-10-29,48.4286,74.9132,F1_PROBE_LOW,FAILED_PROBE,3,0.25,-0.016586,-0.016586,-0.0663439,-0.0619834,0.00719076,-0.0431688,0.00719076,-0.0431688,,,,,0.5,0,,DISCOVERY,2024,0.950125,0.00711382,0.0365854,0.0743062,0.146067,0.0173058,0.0246499,0.769163,0.330728,2.75885,1.28006,-0.0261523,0.107702,0.0815501,0.6,2,0.00468496,-0.0126931,0.0174023,-0.119245,4.61364,1.1745e+08,-0.00609563,MARKET_SIDEWAYS,False,False,False,Disc=0.95 10D超額=+8.2% 產業超額=+10.8% outperf10=60% RSaccel=+0.0174 觸發=indep regime=MARKET_SIDEWAYS
4126,太醫,生技醫療業,2023-03-16,2023-03-17,85.2125,96.7081,0.25,80.6,91.4734,0.0541294,0.940485,False,,,,,,0,,,,,,False,0.25,2023-03-24,83.8898,95.2069,F3_RS_FAILURE,FAILED_PROBE,6,0.25,-0.00499701,-0.00499701,-0.019988,-0.015523,0.0151093,-0.0177497,0.0151093,-0.0177497,,,,,1.25,0,,DISCOVERY,2023,0.964335,0.00242131,0.0266344,0.0686157,0.123179,0.163237,0.0236691,0.376145,0.217571,1.94178,1.52806,-0.0404688,0.143556,0.103088,0.7,1,0.0124068,-0.0186634,0.00573688,-0.0196532,4.23487,5.21114e+07,-0.0108185,MARKET_SIDEWAYS,False,False,False,Disc=0.96 10D超額=+10.3% 產業超額=+14.4% outperf10=70% RSaccel=+0.0057 觸發=indep regime=MARKET_SIDEWAYS
4128,中天,生技醫療業,2023-10-19,2023-10-20,51.0272,67.4071,0.25,47.9,63.276,0.0612859,0.767209,True,2023-10-24,52.7,69.6168,persist,2,1,2023-10-25,52.932,69.9232,,,True,1,2023-11-17,52.1693,68.9156,TREND_FAILURE_MA20x2,EXIT,21,1,-0.00970072,-0.00970072,-0.00970072,0.0223802,0.209158,-0.0269905,0.0484594,-0.0269905,0.0373281,-0.01441,0.165646,-0.0553918,17.75,0,,DISCOVERY,2023,0.957317,0.0135699,0.0751566,0.0521477,-0.00770714,-0.0550459,0.023509,0.632031,0.355559,10.158,2.55919,-0.0436468,0.115545,0.0718981,0.4,2,0.000221339,-0.0080434,0.0156989,-0.229456,4.17109,7.60063e+07,0.000718938,MARKET_SIDEWAYS,False,False,False,Disc=0.96 10D超額=+7.2% 產業超額=+11.6% outperf10=40% RSaccel=+0.0157 觸發=indep regime=MARKET_SIDEWAYS
4128,中天,生技醫療業,2024-08-22,2024-08-23,43.8092,57.8721,0.25,41.2,54.4252,0.0595593,0.827377,True,2024-08-30,43.5,60.3367,persist,5,1,2024-09-02,44.11,61.1828,,,True,1,2024-09-04,41.2466,57.2112,HARD_STOP,EXIT,9,1,-0.0559248,-0.0559248,-0.0559248,-0.0114198,0.0785393,-0.0276026,0.0785393,-0.0276026,0.0572082,-0.0649144,0.000906824,-0.0977103,3.5,0,,DISCOVERY,2024,0.959085,0.00825472,0.0353774,0.109847,-0.0548977,0.0947631,0.0373414,0.666349,0.64812,0.885702,0.627004,0.00906624,0.124221,0.133287,0.8,3,0.0220158,-0.014824,0.0235869,-0.288493,4.54466,1.38082e+08,-0.00400488,MARKET_SIDEWAYS,False,False,False,Disc=0.96 10D超額=+13.3% 產業超額=+12.4% outperf10=80% RSaccel=+0.0236 觸發=indep regime=MARKET_SIDEWAYS
4129,聯合,生技醫療業,2025-11-05,2025-11-06,128.821,147.774,0.25,125,143.391,0.0296632,0.88043,False,,,,,,0,,,,,,False,0.25,2025-11-11,124.688,143.032,F2_STRUCTURE,FAILED_PROBE,4,0.25,-0.00912921,-0.00912921,-0.0365168,-0.032089,0.0207943,-0.0296632,0.0207943,-0.0296632,,,,,0.75,0,,STRICT_OOS,2025,0.950954,-0.0077821,0.0077821,0.0519903,0.0791667,0.245192,0.0234418,0.318825,0.401977,0.386935,0.874847,-0.0479635,0.119485,0.0715217,0.6,2,0.0296826,-0.0115167,0.0201367,-0.0152091,4.28235,3.79254e+07,-0.0142087,MARKET_SIDEWAYS,False,False,False,Disc=0.95 10D超額=+7.2% 產業超額=+11.9% outperf10=60% RSaccel=+0.0201 觸發=indep regime=MARKET_SIDEWAYS
4130,健亞,生技醫療業,2023-05-22,2023-05-23,30.8269,32.4288,0.25,28.7,30.1914,0.0689942,0.81927,False,,,,,,0,,,,,,False,0.25,2023-05-29,29.2267,30.7455,F2_STRUCTURE,FAILED_PROBE,5,0.25,-0.0140725,-0.0140725,-0.05629,-0.0519068,0.0364333,-0.0381769,0.0364333,-0.0381769,,,,,1,0,,DISCOVERY,2023,0.966527,0.020202,0.0286196,0.0577339,0.135688,0.0426621,0.0350713,0.611635,0.494605,1.58202,0.999422,-0.0767107,0.0958807,0.01917,0.7,2,-0.0150181,0.0120017,0.00998447,-0.270012,3.36,5.12325e+07,0.00036909,MARKET_UP,False,False,False,Disc=0.97 10D超額=+1.9% 產業超額=+9.6% outperf10=70% RSaccel=+0.0100 觸發=indep regime=MARKET_UP
4142,國光生,生技醫療業,2023-02-03,2023-02-06,40.6514,41.0257,0.25,39,39.3591,0.0406229,0.761587,False,,,,,,0,,,,,,False,0.25,2023-02-13,40.0995,40.4687,F2_STRUCTURE,FAILED_PROBE,6,0.25,-0.00451131,-0.00451131,-0.0180453,-0.0135758,0.0540849,-0.0123335,0.0540849,-0.0123335,,,,,1.25,0,,DISCOVERY,2023,0.980462,0.00877193,0.0213033,0.116668,0.101351,0.240487,0.020333,0.932633,0.393102,2.56108,3.01651,0.00424887,0.0961191,0.100368,0.5,2,-0.000584376,-0.00402577,0.00657962,-0.101433,7.12069,7.30278e+07,0.000480918,MARKET_UP,False,False,False,Disc=0.98 10D超額=+10.0% 產業超額=+9.6% outperf10=50% RSaccel=+0.0066 觸發=indep regime=MARKET_UP
4155,訊映,生技醫療業,2023-02-07,2023-02-08,33.4835,36.9669,0.25,31.45,34.7218,0.0607314,0.940681,False,,,,,,0,,,,,,False,0.25,2023-02-20,32.9175,36.342,F2_STRUCTURE,FAILED_PROBE,9,0.25,-0.00534145,-0.00534145,-0.0213658,-0.0169038,0.0393179,-0.0263861,0.0393179,-0.0263861,,,,,2,0,,DISCOVERY,2023,0.985062,0,0.0324575,0.15521,0.214545,0.433476,0.0289778,0.676565,0.259041,1.30782,1.73111,0.0681642,0.100951,0.169115,0.8,2,0.0190812,-0.0106161,0.0168475,-0.00298507,6.1476,7.16022e+07,0.00052557,MARKET_UP,False,False,False,Disc=0.99 10D超額=+16.9% 產業超額=+10.1% outperf10=80% RSaccel=+0.0168 觸發=indep regime=MARKET_UP
4155,訊映,生技醫療業,2023-03-20,2023-03-21,37.9446,41.8921,0.25,35.5,39.1931,0.0644262,0.893193,False,,,,,,0,,,,,,False,0.25,2023-03-24,36.708,40.5268,F3_RS_FAILURE,FAILED_PROBE,4,0.25,-0.00925423,-0.00925423,-0.0370169,-0.0325902,0.0344021,-0.0328011,0.0344021,-0.0328011,,,,,0.75,0,,DISCOVERY,2023,0.972936,0.00814111,0.0271371,0.113399,0.129851,0.455769,0.0272693,0.671219,0.314708,1.31803,1.56575,-0.0268483,0.195611,0.168763,0.7,3,0.0168849,-0.00417288,0.0105797,-0.00263505,5.57093,9.37862e+07,-0.00213487,MARKET_SIDEWAYS,False,False,False,Disc=0.97 10D超額=+16.9% 產業超額=+19.6% outperf10=70% RSaccel=+0.0106 觸發=indep regime=MARKET_SIDEWAYS
4162,智擎,生技醫療業,2024-01-05,2024-01-08,109.272,120.703,0.25,102.5,113.222,0.0619781,0.766237,False,,,,,,0,,,,,,False,0.25,2024-01-10,105.236,116.245,F2_STRUCTURE,FAILED_PROBE,3,0.25,-0.0103386,-0.0103386,-0.0413544,-0.0369375,0.00665767,-0.0482509,0.00665767,-0.0482509,,,,,0.5,0,,DISCOVERY,2024,0.956643,0.00485437,0.0582524,0.0563551,0.09,0.147368,0.0314548,0.88051,0.376931,1.54442,1.71551,0.00940047,0.0658934,0.0752938,0.5,3,0.00628278,-0.0091863,0.00272751,-0.166052,3.5,1.84363e+08,-0.0017385,MARKET_SIDEWAYS,False,False,False,Disc=0.96 10D超額=+7.5% 產業超額=+6.6% outperf10=50% RSaccel=+0.0027 觸發=indep regime=MARKET_SIDEWAYS
4162,智擎,生技醫療業,2025-01-08,2025-01-09,100.15,112.604,0.25,99.1,111.424,0.0104818,0.887997,False,,,,,,0,,,,,,False,0.25,2025-01-09,98.8522,111.145,F1_PROBE_LOW,FAILED_PROBE,1,0.25,-0.00435662,-0.00435662,-0.0174265,-0.0129556,0,0,,,,,,,0,0,,STRICT_OOS,2025,0.967787,-0.00492611,0.0147783,0.123167,0.11835,0.154709,0.0294036,0.65252,0.347415,2.44034,2.14382,0.0195792,0.146493,0.166072,0.6,1,0.0154277,-0.0216127,0.00761744,-0.088335,5.51415,6.73046e+07,-0.010314,MARKET_SIDEWAYS,False,False,False,Disc=0.97 10D超額=+16.6% 產業超額=+14.6% outperf10=60% RSaccel=+0.0076 觸發=indep regime=MARKET_SIDEWAYS
4163,鐿鈦,生技醫療業,2023-02-13,2023-02-14,129.323,138.792,0.25,124,133.08,0.0411568,0.74633,True,2023-02-17,140.5,150.788,persist,3,1,2023-02-20,140.851,151.165,,,True,1,2023-03-09,126.683,135.959,HARD_STOP,EXIT,16,1,-0.0848675,-0.0848675,-0.0848675,-0.020414,0.167624,-0.017959,0.109629,-0.017959,0.0891473,-0.100594,0.072053,-0.101889,12,0,,DISCOVERY,2023,0.988136,0.0119048,0.0357143,0.121375,0.231132,0.398714,0.0380405,0.821505,0.470118,1.18067,2.2166,0.0594517,0.0921587,0.15161,0.5,3,0.00857241,-0.00256736,-0.00336713,-0.018797,4.23022,1.25917e+08,-0.00271835,MARKET_UP,False,False,False,Disc=0.99 10D超額=+15.2% 產業超額=+9.2% outperf10=50% RSaccel=-0.0034 觸發=indep regime=MARKET_UP
4164,承業醫,化學生技醫療,2023-02-07,2023-02-08,55.6387,62.2046,0.25,52.3,58.4719,0.0600077,0.8318,False,,,,,,0,,,,,,False,0.25,2023-02-13,52.668,58.8833,F3_RS_FAILURE,FAILED_PROBE,4,0.25,-0.0144434,-0.0144434,-0.0577734,-0.0533935,0.013682,-0.0492238,0.013682,-0.0492238,,,,,0.75,0,,DISCOVERY,2023,0.991213,0.0018622,0.0335196,0.173858,0.275862,0.3875,0.0314028,0.755654,0.365729,2.36947,3.01904,0.00524125,0.186786,0.192027,0.6,2,0.0153229,-0.00598153,0.0029806,-0.00892857,6.65574,8.31082e+07,0.00052557,MARKET_UP,False,False,False,Disc=0.99 10D超額=+19.2% 產業超額=+18.7% outperf10=60% RSaccel=+0.0030 觸發=indep regime=MARKET_UP
4164,承業醫,化學生技醫療,2023-09-13,2023-09-14,60.7515,69.9547,0.25,55.8,64.2531,0.0815041,0.871292,False,,,,,,0,,,,,,False,0.25,2023-09-25,60.4485,69.6058,F4_TIME_5D,FAILED_PROBE,8,0.25,-0.00236908,-0.00236908,-0.00947632,-0.00498754,0.0287812,-0.00907797,0.0287812,-0.00907797,,,,,1.75,0,,DISCOVERY,2023,0.95969,0,0.0395189,0.0992006,0.128731,0.0165047,0.0247934,0.685752,0.270899,2.49554,1.58731,0.0516634,0.0707893,0.122453,0.8,3,0.00687656,-0.00963186,0.0126306,-0.176859,5.06667,4.50006e+07,0.000530993,MARKET_SIDEWAYS,False,False,False,Disc=0.96 10D超額=+12.2% 產業超額=+7.1% outperf10=80% RSaccel=+0.0126 觸發=indep regime=MARKET_SIDEWAYS
4167,松瑞藥,生技醫療業,2023-11-01,2023-11-02,19.7492,21.036,0.25,18.15,19.3326,0.0809778,0.843661,True,2023-11-07,21.55,22.9541,persist,3,1,2023-11-08,21.253,22.6378,,,True,1,2023-11-10,19.4014,20.6655,HARD_STOP,EXIT,7,1,-0.074089,-0.074089,-0.074089,-0.0176147,0.108903,-0.0354064,0.108903,-0.0354064,0.0761421,-0.087123,0.00456406,-0.106009,3,0,,DISCOVERY,2023,0.964341,0.010929,0.0737705,0.0844371,0.103933,0.135838,0.0278081,0.61104,0.392969,5.90223,1.77786,0.0830708,0.0361092,0.11918,0.6,1,0.00705148,-0.00371072,0.00983464,-0.31855,3.66013,3.52771e+07,0.00233044,MARKET_SIDEWAYS,False,True,False,Disc=0.96 10D超額=+11.9% 產業超額=+3.6% outperf10=60% RSaccel=+0.0098 觸發=indep regime=MARKET_SIDEWAYS
4303,信立,塑膠工業,2024-02-16,2024-02-19,30.075,32.4539,0.25,26.9,29.0278,0.105569,0.790314,True,2024-02-26,39.2,42.3007,persist,5,1,2024-02-27,40.3005,43.4882,,,True,1,2024-03-12,46.0845,49.7297,MFE_PROTECTION,EXIT,16,1,0.23568,0.23568,0.23568,0.532319,1.09144,-0.035744,0.303408,-0.035744,0.34,0.143522,0.560775,-0.0161412,10.5,0,,DISCOVERY,2024,0.985935,0.00371058,0.0797774,0.243191,0.412621,0.507772,0.0574374,0.124996,0.707194,2.54735,2.91475,-0.0418886,0.35132,0.309431,0.7,2,0.0195418,-0.0251014,-0.0241853,-0.0761905,6.28205,5.3468e+07,-0.00200166,MARKET_UP,False,False,False,Disc=0.99 10D超額=+30.9% 產業超額=+35.1% outperf10=70% RSaccel=-0.0242 觸發=indep regime=MARKET_UP
4303,信立,塑膠工業,2025-03-10,2025-03-11,65.2627,72.1629,0.25,61.7,68.2234,0.0545909,0.683021,True,2025-03-14,69.8,77.1798,persist,3,1,2025-03-17,70.2752,77.7053,,,True,1,2025-04-08,62.244,68.825,TREND_FAILURE_MA20x2,EXIT,19,1,-0.101557,-0.101557,-0.101557,-0.0462553,0.460251,-0.0254778,0.103233,-0.0254778,0.0768049,-0.114283,0.356096,-0.112063,15,0,,STRICT_OOS,2025,0.962252,0,0.0201863,0.108674,0.324597,0.253817,0.0597956,0.960592,0.650719,0.93184,0.863424,0.0585759,-0.0140611,0.0445148,0.6,2,0.00558966,0.0019786,0.00735518,-0.0694051,2.92727,1.13933e+09,-0.00517894,MARKET_DOWN,False,True,False,Disc=0.96 10D超額=+4.5% 產業超額=-1.4% outperf10=60% RSaccel=+0.0074 觸發=indep regime=MARKET_DOWN
4306,炎洲,塑膠工業,2026-06-11,2026-06-12,16.04,22.8666,0.25,15,21.384,0.0648378,0.946025,False,,,,,,0,,,,,,False,0.25,2026-06-17,16.0099,22.8236,F3_RS_FAILURE,FAILED_PROBE,4,0.25,-0.00159348,-0.00159348,-0.0063739,-0.00187813,0.0286783,-0.00872819,0.0286783,-0.00872819,,,,,0.75,0,,STRICT_OOS,2026,0.954498,0.00980392,0.0359478,0.106264,0.214559,0.178439,0.0279405,0.370147,0.224966,2.53996,1.34499,0.0442227,0.111342,0.155564,0.8,1,0.0195194,-0.0191905,0.021028,-0.009375,4.96774,3.69146e+07,-0.00176007,MARKET_SIDEWAYS,False,False,False,Disc=0.95 10D超額=+15.6% 產業超額=+11.1% outperf10=80% RSaccel=+0.0210 觸發=indep regime=MARKET_SIDEWAYS
4420,光明,紡織纖維,2024-03-15,2024-03-18,70.3755,79.9974,0.25,65.1,74.0006,0.0749621,0.911208,False,,,,,,0,,,,,,False,0.25,2024-03-26,67.7302,76.9905,F2_STRUCTURE,FAILED_PROBE,7,0.25,-0.0105008,-0.0105008,-0.0420031,-0.0375877,0.0571861,-0.0394385,0.0571861,-0.0394385,,,,,1.5,0,,DISCOVERY,2024,0.981298,0.00447761,0.0343284,0.180378,0.337838,0.454355,0.0511235,0.445951,0.59176,2.1579,3.00633,-0.0401328,0.231613,0.19148,0.6,1,0.0172356,-0.016795,0.00646738,-0.0348189,4.77016,5.81287e+07,-0.0128108,MARKET_UP,False,False,False,Disc=0.98 10D超額=+19.1% 產業超額=+23.2% outperf10=60% RSaccel=+0.0065 觸發=indep regime=MARKET_UP
4503,金雨,電機機械,2023-06-29,2023-06-30,70.576,70.576,0.25,66.1,66.1,0.063421,0.72543,True,2023-07-04,80.1,80.1,persist,2,0,,,,,,False,0.25,2023-07-20,70.7228,70.7227,TREND_FAILURE_MA20x2,EXIT,15,0.25,-0.000606342,-0.000606342,-0.00242537,0.00207931,0.246883,-0.0223305,0.134947,-0.0223305,,,,,3.5,1,,DISCOVERY,2023,0.981343,0,0.037594,0.0788836,0.0917721,0.472785,0.0495859,0.673966,0.560203,0.749688,2.24003,0.0651442,0.089402,0.154546,0.5,3,-0.00206743,-0.00533185,0.013972,-0.0860927,4.76409,1.55226e+08,0.000393844,MARKET_SIDEWAYS,False,False,False,Disc=0.98 10D超額=+15.5% 產業超額=+8.9% outperf10=50% RSaccel=+0.0140 觸發=indep regime=MARKET_SIDEWAYS
4510,高鋒,電機機械,2025-05-06,2025-05-07,50.8267,54.2419,0.25,48,51.2252,0.0556154,0.792863,True,2025-05-12,54.2,57.8418,persist,3,1,2025-05-13,55.9395,59.6982,,,True,1,2025-05-26,49.2765,52.5875,HARD_STOP,EXIT,14,1,-0.10124,-0.10124,-0.10124,-0.0305007,0.131294,-0.034957,0.131294,-0.034957,0.100592,-0.119111,0.00644446,-0.120478,10,0,,STRICT_OOS,2025,0.99431,0.00100301,0.0290873,0.169098,0.2,0.169897,0.0609162,1.10409,0.970063,0.987583,2.55405,0.0557393,0.104785,0.160525,0.6,2,-0.00684258,0.0141994,-0.00897879,-0.220365,5.504,6.46322e+08,-0.000506502,MARKET_SIDEWAYS,False,False,False,Disc=0.99 10D超額=+16.1% 產業超額=+10.5% outperf10=60% RSaccel=-0.0090 觸發=indep regime=MARKET_SIDEWAYS
4513,福裕,電機機械,2024-04-01,2024-04-02,29.1226,29.1226,0.25,27.5,27.5,0.055717,0.770869,True,2024-04-08,32.45,32.45,persist,2,1,2024-04-09,32.9822,32.9822,,,True,1,2024-04-17,31.92,31.92,MFE_PROTECTION,EXIT,10,1,-0.00464096,-0.00464096,-0.00464096,0.0960551,0.526305,-0.0145119,0.127989,-0.0145119,0.13253,-0.0322067,0.347695,-0.0343291,6.75,0,,DISCOVERY,2024,0.957225,0.00178891,0.039356,0.136097,0.263043,0.513021,0.0458569,0.198781,0.450726,0.678056,0.891325,0.0515343,0.0704539,0.121988,0.6,3,0.0141092,-0.0091055,-0.00515243,-0.0119047,3.67828,5.08435e+07,-0.00355368,MARKET_UP,False,False,False,Disc=0.96 10D超額=+12.2% 產業超額=+7.0% outperf10=60% RSaccel=-0.0052 觸發=indep regime=MARKET_UP
4526,東台,電機機械,2025-07-21,2025-07-22,30.6264,31.5874,0.25,29.1,30.0131,0.0498386,0.801914,False,,,,,,0,,,,,,False,0.25,2025-08-19,40.8975,42.1808,PROBE_MAX_LIFE,FAILED_PROBE,21,0.25,0.0825285,0.0825285,0.330114,0.335369,0.333818,-0.0465734,0.333818,-0.0465734,,,,,5,0,,STRICT_OOS,2025,0.973643,0.0101351,0.0371621,0.111413,0.213439,0.424594,0.0446719,1.12985,0.588323,1.65224,1.34057,-0.00490009,0.122736,0.117836,0.6,1,-0.00944762,0.00995069,0.000183184,-0.275943,3.5,2.59826e+08,-0.00182054,MARKET_UP,False,False,False,Disc=0.97 10D超額=+11.8% 產業超額=+12.3% outperf10=60% RSaccel=+0.0002 觸發=indep regime=MARKET_UP
4532,瑞智,電機機械,2024-10-04,2024-10-07,27.7692,32.8674,0.25,25.65,30.359,0.0763164,0.866046,False,,,,,,0,,,,,,False,0.25,2024-10-28,28.0298,33.1757,F2_STRUCTURE,FAILED_PROBE,15,0.25,0.00121494,0.00121494,0.00485978,0.00938088,0.0497223,-0.0349037,0.0497223,-0.0349037,,,,,3.5,0,,DISCOVERY,2024,0.963659,-0.00763359,0.0458015,0.0784217,0.0703125,-0.106036,0.0229406,0.732716,0.293616,4.51301,1.81918,-0.0196619,0.0696243,0.0499623,0.5,2,0.0106233,-0.0155462,0.0234771,-0.14375,3.89773,4.87854e+07,-0.00391597,MARKET_SIDEWAYS,False,False,False,Disc=0.96 10D超額=+5.0% 產業超額=+7.0% outperf10=50% RSaccel=+0.0235 觸發=indep regime=MARKET_SIDEWAYS
4532,瑞智,電機機械,2025-03-03,2025-03-04,29.0725,34.4099,0.25,28.5,33.7323,0.0196922,0.878454,True,2025-03-12,29.95,35.4485,persist,6,1,2025-03-13,30.5261,36.1304,,,True,1,2025-04-08,26.5335,31.4047,HARD_STOP,EXIT,24,1,-0.124159,-0.124159,-0.124159,-0.0873334,0.0972568,-0.0248517,0.0473815,-0.0128128,0.05,-0.130794,0.0450065,-0.128615,17.75,0,,STRICT_OOS,2025,0.963904,0,0.00865052,0.0448029,0.0756457,0.0856611,0.0165401,0.491861,0.146131,1.49533,1.33045,0.031706,0.0454134,0.0771194,0.6,2,0.0123983,-0.0134633,0.0113615,-0.0890625,3.94074,4.19285e+07,-0.0128802,MARKET_SIDEWAYS,False,False,False,Disc=0.96 10D超額=+7.7% 產業超額=+4.5% outperf10=60% RSaccel=+0.0114 觸發=indep regime=MARKET_SIDEWAYS
4534,慶騰,電機機械,2026-07-13,2026-07-14,36.09,36.09,0.25,32.15,32.15,0.109171,0.808342,True,2026-07-16,42.35,42.35,persist,2,1,2026-07-17,41.4032,41.4032,,,True,1,2026-07-29,32.2193,32.2192,HARD_STOP,EXIT,12,1,-0.197242,-0.197242,-0.197242,-0.107253,0.233029,-0.0870047,0.173455,-0.0870047,0.147222,-0.221818,0.0747949,-0.28025,8.75,0,,STRICT_OOS,2026,0.957746,0.047619,0.0386905,0.063214,0.163333,0.316981,0.0633442,1.04407,0.845274,0.713516,0.911125,0.0155311,0.141408,0.156939,0.7,2,-0.000746692,-0.000778248,9.55002e-05,-0.0742706,3.89015,7.0104e+07,0.000571276,MARKET_SIDEWAYS,False,False,False,Disc=0.96 10D超額=+15.7% 產業超額=+14.1% outperf10=70% RSaccel=+0.0001 觸發=indep regime=MARKET_SIDEWAYS
4536,拓凱,運動休閒,2025-02-27,2025-03-03,218.545,262.16,0.25,204.5,245.312,0.064266,0.828412,False,,,,,,0,,,,,,False,0.25,2025-03-10,218.453,262.049,F4_TIME_5D,FAILED_PROBE,6,0.25,-0.00123058,-0.00123058,-0.0049223,-0.000423255,0.0295363,-0.0436752,0.0295363,-0.0436752,,,,,1.25,0,,STRICT_OOS,2025,0.961745,0.00235294,0.00705882,0.0624302,0.0620347,0.0673317,0.019526,0.658139,0.306856,1.51102,1.21429,0.0633892,0.0404659,0.103855,0.7,2,0.00670544,-0.003669,0.0117636,-0.0854701,4.66667,5.94215e+07,-0.0149287,MARKET_SIDEWAYS,False,True,False,Disc=0.96 10D超額=+10.4% 產業超額=+4.0% outperf10=70% RSaccel=+0.0118 觸發=indep regime=MARKET_SIDEWAYS
4541,晟田,其他,2024-12-13,2024-12-16,34.2855,36.2858,0.25,32.7,34.6078,0.046244,0.691214,False,,,,,,0,,,,,,False,0.25,2024-12-23,34.314,36.316,F2_STRUCTURE,FAILED_PROBE,6,0.25,-0.00091765,-0.00091765,-0.0036706,0.000831271,0.0470899,-0.0214522,0.0470899,-0.0214522,,,,,1.25,0,,DISCOVERY,2024,0.962264,0.0152207,0.0410959,0.0449927,0.123153,0.255046,0.0474102,0.734376,0.443317,1.78578,2.00521,-0.0824244,0.103933,0.0215081,0.4,1,0.018531,-0.00957703,-0.00698822,-0.0630137,2.55947,3.42367e+07,-0.00114202,MARKET_SIDEWAYS,False,False,False,Disc=0.96 10D超額=+2.2% 產業超額=+10.4% outperf10=40% RSaccel=-0.0070 觸發=indep regime=MARKET_SIDEWAYS
4543,萬在,電機機械,2024-05-17,2024-05-20,60.15,61.4941,0.25,53.1,54.2866,0.117207,0.857333,True,2024-05-22,65.7,67.1682,persist,2,1,2024-05-23,65.4632,66.9261,,,True,1,2024-06-13,62.3438,63.7369,TREND_FAILURE_MA20x2,EXIT,18,1,-0.0310618,-0.0310618,-0.0310618,0.0364713,0.27182,-0.045719,0.155445,-0.045719,0.0883333,-0.0476527,0.168595,-0.0651243,14.75,0,,DISCOVERY,2024,0.982578,0.0129151,0.0627306,0.144447,0.180328,0.160121,0.0429688,1.37156,0.545209,3.58825,1.65397,-0.0346477,0.208042,0.173394,0.6,1,-0.0135064,0.00578342,0.00819354,-0.165904,4.14141,1.52383e+08,-0.00214934,MARKET_SIDEWAYS,False,False,False,Disc=0.98 10D超額=+17.3% 產業超額=+20.8% outperf10=60% RSaccel=+0.0082 觸發=indep regime=MARKET_SIDEWAYS
4551,智伸科,汽車工業,2025-07-07,2025-07-08,129.322,146.164,0.25,124,140.148,0.0411568,0.761148,False,,,,,,0,,,,,,False,0.25,2025-07-09,123.69,139.798,F1_PROBE_LOW,FAILED_PROBE,2,0.25,-0.011989,-0.011989,-0.047956,-0.043554,0.0245704,-0.0218253,0.0245704,-0.0218253,,,,,0.25,0,,STRICT_OOS,2025,0.963247,-0.00775194,0.0155039,0.1297,0.405579,0.497143,0.0594329,0.922266,0.700717,0.411748,0.689814,-0.00689694,0.0486088,0.0417118,0.5,2,0.0114225,-0.00297514,0.00248023,-0.0965517,2.05505,4.11363e+08,-0.00526799,MARKET_SIDEWAYS,False,False,False,Disc=0.96 10D超額=+4.2% 產業超額=+4.9% outperf10=50% RSaccel=+0.0025 觸發=indep regime=MARKET_SIDEWAYS
4562,穎漢,電機機械,2024-10-21,2024-10-22,71.378,73.4383,0.25,67.1,69.0369,0.0599345,0.737402,False,,,,,,0,,,,,,False,0.25,2024-10-28,66.9322,68.8643,F2_STRUCTURE,FAILED_PROBE,5,0.25,-0.0166611,-0.0166611,-0.0666445,-0.0622846,0.03113,-0.0585334,0.03113,-0.0585334,,,,,1,0,,DISCOVERY,2024,0.978934,0.0200573,0.0329513,0.101688,0.077728,0.164782,0.0528036,0.718438,0.75126,1.30642,2.42376,-0.0127459,0.0698097,0.0570638,0.4,3,0.0366384,-0.00228698,0.0444616,-0.15771,5.12195,5.99052e+08,0.00235276,MARKET_UP,False,False,False,Disc=0.98 10D超額=+5.7% 產業超額=+7.0% outperf10=40% RSaccel=+0.0445 觸發=indep regime=MARKET_UP
4562,穎漢,電機機械,2024-12-20,2024-12-23,72.18,74.2635,0.25,66.3,68.2138,0.081463,0.840787,False,,,,,,0,,,,,,False,0.25,2024-12-25,69.2265,71.2247,F3_RS_FAILURE,FAILED_PROBE,3,0.25,-0.0113316,-0.0113316,-0.0453265,-0.0409185,0.00858964,-0.045442,0.00858964,-0.045442,,,,,0.5,0,,DISCOVERY,2024,0.975806,0.00287356,0.0258621,0.0706253,0.0851064,0.117371,0.0446178,0.731278,0.603694,1.66734,1.0368,0.0337743,0.0807811,0.114555,0.7,2,0.0241987,-0.00637458,0.0277845,-0.165888,3.39013,5.55711e+08,-0.018402,MARKET_SIDEWAYS,False,False,False,Disc=0.98 10D超額=+11.5% 產業超額=+8.1% outperf10=70% RSaccel=+0.0278 觸發=indep regime=MARKET_SIDEWAYS
4569,六方科-KY,汽車工業,2025-03-13,2025-03-14,187.468,195.82,0.25,172.5,180.186,0.0798405,0.734286,False,,,,,,0,,,,,,False,0.25,2025-03-19,183.54,191.718,F3_RS_FAILURE,FAILED_PROBE,4,0.25,-0.00635079,-0.00635079,-0.0254032,-0.0209503,0.0481817,-0.0371664,0.0481817,-0.0371664,,,,,0.75,0,,STRICT_OOS,2025,0.972185,0.0172414,0.0545977,0.025856,0.0138122,-0.109223,0.0502141,0.77354,0.542767,2.19823,2.15256,0.0166622,0.0643512,0.0810134,0.5,2,-0.00663589,-0.00486961,0.0106076,-0.438838,3.74419,4.49629e+07,-0.0142147,MARKET_DOWN,False,False,False,Disc=0.97 10D超額=+8.1% 產業超額=+6.4% outperf10=50% RSaccel=+0.0106 觸發=indep regime=MARKET_DOWN
4577,達航科技,其他電子業,2026-02-09,2026-02-10,57.5435,65.0694,0.25,55.3,62.5325,0.0389879,0.697111,False,,,,,,0,,,,,,False,0.25,2026-02-10,55.1618,62.3761,F1_PROBE_LOW,FAILED_PROBE,1,0.25,-0.0114493,-0.0114493,-0.0457973,-0.0413904,0,0,,,,,,,0,0,,STRICT_OOS,2026,0.967548,0.0275862,0.0310345,0.0584071,0.147793,0.537275,0.0689799,1.20902,0.818549,0.755561,0.721276,-0.0480151,0.0790736,0.0310585,0.4,3,0.00558543,0.0169252,0.0190105,-0.10479,2.8,1.35859e+08,0,MARKET_UP,False,False,False,Disc=0.97 10D超額=+3.1% 產業超額=+7.9% outperf10=40% RSaccel=+0.0190 觸發=indep regime=MARKET_UP
4581,光隆精密-KY,汽車工業,2023-07-20,2023-07-21,71.1775,78.8917,0.25,69.2,76.6999,0.0277826,0.718442,False,,,,,,0,,,,,,False,0.25,2023-07-24,69.027,76.5081,F1_PROBE_LOW,FAILED_PROBE,2,0.25,-0.0086613,-0.0086613,-0.0346452,-0.0302132,0.025605,-0.0038987,0.025605,-0.0038987,,,,,0.25,0,,DISCOVERY,2023,0.959903,0.00144092,0.0360231,0.0765891,0.107858,0.473361,0.045301,0.98436,0.656537,0.802107,1.40923,-0.0648264,0.145256,0.0804292,0.5,2,-0.0199973,9.73207e-05,0.00511907,-0.0413333,3.80702,3.02552e+07,0.00283061,MARKET_SIDEWAYS,False,False,False,Disc=0.96 10D超額=+8.0% 產業超額=+14.5% outperf10=50% RSaccel=+0.0051 觸發=indep regime=MARKET_SIDEWAYS
4583,台灣精銳,電機機械,2024-03-25,2024-03-26,260.65,283.993,0.25,242,263.673,0.0715519,0.835771,False,,,,,,0,,,,,,False,0.25,2024-03-27,249.375,271.709,F3_RS_FAILURE,FAILED_PROBE,2,0.25,-0.011915,-0.011915,-0.0476599,-0.0432572,0.016689,-0.0600422,0.016689,-0.0600422,,,,,0.25,0,,DISCOVERY,2024,0.957303,0.00823045,0.0514403,0.117935,0.218806,0.250351,0.0371037,0.613693,0.460654,2.23176,2.44937,0.0502285,0.0616078,0.111836,0.6,2,0.00373046,-0.00612573,0.00825283,-0.0726017,4.81821,9.91439e+07,-0.00178857,MARKET_UP,False,False,False,Disc=0.96 10D超額=+11.2% 產業超額=+6.2% outperf10=60% RSaccel=+0.0083 觸發=indep regime=MARKET_UP
4583,台灣精銳,電機機械,2024-10-16,2024-10-17,742.853,809.381,0.25,693,755.064,0.0671095,0.678496,True,2024-10-22,837,911.96,persist,3,1,2024-10-23,827.062,901.133,,,True,1,2024-10-29,766.08,834.689,HARD_STOP,EXIT,9,1,-0.0518766,-0.0518766,-0.0518766,0.031268,0.138853,-0.00653225,0.126738,-0.00653225,0.11336,-0.0737339,0.0228973,-0.0847125,5,0,,DISCOVERY,2024,0.954094,-0.0113475,0.0510638,0.0279531,0.16877,1.52041,0.0689223,0.801022,0.781428,1.6715,1.14903,-0.0328186,0.0726634,0.0398448,0.5,2,0.0258728,0.00628837,-0.00183586,-0.0851852,2.33007,1.05244e+09,-0.0120668,MARKET_UP,False,False,True,Disc=0.95 10D超額=+4.0% 產業超額=+7.3% outperf10=50% RSaccel=-0.0018 觸發=indep regime=MARKET_UP
4707,磐亞,化學工業,2026-08-18,2026-08-19,32.08,46.1124,0.25,31.25,44.9194,0.0258728,0.670531,False,,,,,,0,,,,,,False,0.25,2026-08-20,31.3215,45.0221,F2_STRUCTURE,FAILED_PROBE,2,0.25,-0.00702271,-0.00702271,-0.0280908,-0.023644,0.0504988,-0.0258728,0.0504988,-0.0258728,,,,,0.25,0,,STRICT_OOS,2026,0.959132,0,0.0217391,0.0792193,0.00152205,1.15738,0.0779418,0.62185,1.2754,0.634863,1.02341,0.0052675,0.122712,0.12798,0.5,2,0.0125936,0.00299105,8.46138e-05,-0.268889,2.39833,1.62783e+08,-0.011963,MARKET_SIDEWAYS,False,False,True,Disc=0.96 10D超額=+12.8% 產業超額=+12.3% outperf10=50% RSaccel=+0.0001 觸發=indep regime=MARKET_SIDEWAYS
4716,大立,化學工業,2024-08-27,2024-08-28,26.5663,31.911,0.25,24.6,29.5492,0.0740131,0.748522,False,,,,,,0,,,,,,False,0.25,2024-08-29,25.3365,30.4339,F3_RS_FAILURE,FAILED_PROBE,2,0.25,-0.0126715,-0.0126715,-0.0506858,-0.04629,0,-0.0589564,0,-0.0589564,,,,,0.25,0,,DISCOVERY,2024,0.976857,0,0.0237154,0.193823,0.28536,0.403794,0.0595698,0.923613,0.750734,0.824527,3.0353,0.0341905,0.133344,0.167534,0.7,3,0.0138243,0.00065671,-0.0096392,-0.038961,3.37037,1.30513e+08,-0.0024784,MARKET_SIDEWAYS,False,False,False,Disc=0.98 10D超額=+16.8% 產業超額=+13.3% outperf10=70% RSaccel=-0.0096 觸發=indep regime=MARKET_SIDEWAYS
4726,永昕,生技醫療業,2024-06-11,2024-06-12,51.6288,51.6287,0.25,47.05,47.05,0.0886861,0.782533,False,,,,,,0,,,,,,False,0.25,2024-06-13,50.274,50.274,F3_RS_FAILURE,FAILED_PROBE,2,0.25,-0.0076703,-0.0076703,-0.0306812,-0.0262402,0.0168753,-0.0451057,0.0168753,-0.0451057,,,,,0.25,0,,DISCOVERY,2024,0.981069,0.0222694,0.0731707,0.128834,0.156571,0.331579,0.0454545,0.308134,0.5665,2.71254,2.96919,0.0402799,0.166452,0.206732,0.7,2,0.0257814,-0.0178647,-0.012846,-0.0524345,5,1.32852e+08,-0.00303133,MARKET_UP,False,False,False,Disc=0.98 10D超額=+20.7% 產業超額=+16.6% outperf10=70% RSaccel=-0.0128 觸發=indep regime=MARKET_UP
4728,雙美,生技醫療業,2024-03-26,2024-03-27,228.069,252.24,0.25,209.5,231.703,0.0814174,0.775831,False,,,,,,0,,,,,,False,0.25,2024-04-17,226.433,250.43,F2_STRUCTURE,FAILED_PROBE,14,0.25,-0.00291456,-0.00291456,-0.0116582,-0.00717437,0.0742375,-0.0397632,0.0742375,-0.0397632,,,,,3.25,0,,DISCOVERY,2024,0.957255,0,0.044186,0.0712156,0.103194,0.108642,0.0467706,0.400555,0.51225,0.807205,0.871496,-0.0120801,0.0756004,0.0635202,0.6,3,0.004074,-0.0160918,0.0107959,-0.220418,4.42857,6.84501e+07,-0.0032567,MARKET_UP,False,False,False,Disc=0.96 10D超額=+6.4% 產業超額=+7.6% outperf10=60% RSaccel=+0.0108 觸發=indep regime=MARKET_UP
4728,雙美,生技醫療業,2025-04-14,2025-04-15,390.474,447.987,0.25,362,415.319,0.072921,0.805849,True,2025-04-18,413,473.831,persist,3,1,2025-04-21,402.002,461.214,,,True,1,2025-04-22,391.02,448.614,HARD_STOP,EXIT,6,1,-0.0245946,-0.0245946,-0.0245946,0.00139894,0.106348,-0.0217012,0.106348,-0.0217012,0.029525,-0.0273195,0.0335757,-0.0248817,2,0,,STRICT_OOS,2025,0.969536,0.00400534,0.0213618,0.030303,0.180556,0.363636,0.0536881,0.770073,0.662681,0.524449,1.13884,-0.0359079,0.11413,0.0782224,0.5,1,0.0148135,-0.00787652,-0.00935792,-0.0625,3.70087,3.07749e+07,-0.000802918,MARKET_SIDEWAYS,False,False,False,Disc=0.97 10D超額=+7.8% 產業超額=+11.4% outperf10=50% RSaccel=-0.0094 觸發=indep regime=MARKET_SIDEWAYS
4743,合一,生技醫療業,2023-02-10,2023-02-13,291.728,291.728,0.25,274.5,274.5,0.0590534,0.860873,False,,,,,,0,,,,,,False,0.25,2023-02-14,279.799,279.799,F3_RS_FAILURE,FAILED_PROBE,2,0.25,-0.0113245,-0.0113245,-0.045298,-0.04089,0,-0.0470559,0,-0.0470559,,,,,0.25,0,,DISCOVERY,2023,0.981197,0.00528169,0.0211268,0.138818,0.186094,0.178862,0.0376847,1.01443,0.461132,1.25365,1.63233,0.025413,0.116904,0.142317,0.6,3,0.0129722,-0.00648535,0.0122201,-0.0630048,4.75817,2.40755e+09,-0.000773141,MARKET_UP,False,False,False,Disc=0.98 10D超額=+14.2% 產業超額=+11.7% outperf10=60% RSaccel=+0.0122 觸發=indep regime=MARKET_UP
4747,強生*,生技醫療業,2023-05-30,2023-05-31,64.3605,67.3184,0.25,59.8,62.5483,0.0708587,0.830497,True,2023-06-02,75,78.4469,persist,2,1,2023-06-05,80.9017,84.6199,,,True,1,2023-07-25,107.231,128.686,TREND_FAILURE_MA20x2,EXIT,38,1,0.612569,0.612569,0.612569,0.911596,1.18379,-0.00249377,0.165311,-0.00249377,0.257009,0.520749,0.73729,-0.0605889,34.75,0,,DISCOVERY,2023,0.973793,0.0162866,0.0456026,0.0724129,0.052459,0.122378,0.0332666,0.354983,0.514727,1.48111,0.780536,-0.0567855,0.122565,0.0657795,0.6,2,-0.0164174,0.00283179,0.00198971,-0.0709117,3.46488,5.45541e+07,-0.000815085,MARKET_UP,False,False,False,Disc=0.97 10D超額=+6.6% 產業超額=+12.3% outperf10=60% RSaccel=+0.0020 觸發=indep regime=MARKET_UP
4749,新應材,光電業,2023-12-25,2023-12-26,410.053,581.518,0.25,382,541.735,0.0684122,0.874828,False,,,,,,0,,,,,,False,0.25,2024-01-03,404.786,574.049,F4_TIME_5D,FAILED_PROBE,6,0.25,-0.00432899,-0.00432899,-0.017316,-0.0128449,0.0157234,-0.0293928,0.0157234,-0.0293928,,,,,1.25,0,,DISCOVERY,2023,0.971279,-0.00444162,0.0494924,0.0671656,0.179743,0.54291,0.0348074,0.621269,0.488524,1.83288,0.658932,-0.0434513,0.0809065,0.0374551,0.6,2,0.00965538,-0.0163965,0.0122332,-0.0107656,4.16873,3.5089e+08,0.000466567,MARKET_UP,False,False,False,Disc=0.97 10D超額=+3.7% 產業超額=+8.1% outperf10=60% RSaccel=+0.0122 觸發=indep regime=MARKET_UP
4749,新應材,光電業,2024-10-28,2024-10-29,752.196,1203.84,0.25,712,1139.51,0.0534379,0.944014,True,2024-11-01,767,1227.53,persist,2,1,2024-11-04,760.597,1217.28,,,True,1,2024-11-08,726.18,1162.2,HARD_STOP,EXIT,8,1,-0.0469881,-0.0469881,-0.0469881,-0.0345865,0.112742,-0.0321669,0.0236696,-0.0321669,0.0111686,-0.0452497,0.100452,-0.0533749,4.75,0,,DISCOVERY,2024,0.965131,-0.00478796,0.0328317,0.10566,0.115214,0.439259,0.0243141,0.639232,0.282476,2.18665,1.33688,-0.0182364,0.149023,0.130787,0.6,2,0.0154678,-0.0043123,0.0149445,-0.00788436,5.77432,4.47381e+08,-0.00644068,MARKET_SIDEWAYS,False,False,False,Disc=0.97 10D超額=+13.1% 產業超額=+14.9% outperf10=60% RSaccel=+0.0149 觸發=indep regime=MARKET_SIDEWAYS
4760,勤凱,其他電子業,2025-11-18,2025-11-19,187.468,239.067,0.25,170,216.791,0.0931762,0.835227,False,,,,,,0,,,,,,False,0.25,2025-11-21,180.548,230.242,F3_RS_FAILURE,FAILED_PROBE,3,0.25,-0.0103325,-0.0103325,-0.04133,-0.0369131,0.0668516,-0.0211637,0.0668516,-0.0211637,,,,,0.5,0,,STRICT_OOS,2025,0.97486,-0.00837989,0.0195531,0.0476464,0.0518732,0.37218,0.0455969,1.11703,0.483056,1.57666,1.16671,-0.0355916,0.167063,0.131472,0.7,2,0.0235064,0.0034804,0.0141222,-0.149184,2.88412,2.02289e+08,-0.0251824,MARKET_SIDEWAYS,False,False,False,Disc=0.97 10D超額=+13.1% 產業超額=+16.7% outperf10=70% RSaccel=+0.0141 觸發=indep regime=MARKET_SIDEWAYS
4763,材料*-KY,化學生技醫療,2026-07-24,2026-07-27,50.526,813.279,0.25,48.5,780.668,0.0400982,0.761758,False,,,,,,0,,,,,,False,0.25,2026-07-28,48.3787,778.716,F1_PROBE_LOW,FAILED_PROBE,2,0.25,-0.0117256,-0.0117256,-0.0469023,-0.0424979,0.00740213,-0.0302023,0.00740213,-0.0302023,,,,,0.25,0,,STRICT_OOS,2026,0.995418,-0.0080402,0.0130653,0.0439646,0.132584,0.188679,0.0463435,0.834339,0.573796,0.443941,1.10644,-0.0657986,0.162099,0.0963009,0.5,2,0.00617072,-0.00449202,-0.00644144,-0.404255,3.59633,5.96528e+08,-0.0266655,MARKET_SIDEWAYS,False,False,False,Disc=1.00 10D超額=+9.6% 產業超額=+16.2% outperf10=50% RSaccel=-0.0064 觸發=indep regime=MARKET_SIDEWAYS
4766,南寶,化學生技醫療,2023-09-08,2023-09-11,222.054,258.146,0.25,211,245.295,0.0497796,0.920005,False,,,,,,0,,,,,,False,0.25,2023-09-18,220.946,256.858,F4_TIME_5D,FAILED_PROBE,6,0.25,-0.00236908,-0.00236908,-0.00947631,-0.00498753,0.0335335,-0.0227591,0.0335335,-0.0227591,,,,,1.25,0,,DISCOVERY,2023,0.978428,0.00681818,0.0227273,0.135503,0.264045,0.317754,0.0374603,0.368603,0.504038,0.530356,0.866177,0.0417268,0.121374,0.163101,0.8,3,0.00945719,-0.0161564,0.0103951,-0.00221729,4.21186,1.06681e+08,-0.0025946,MARKET_SIDEWAYS,False,False,False,Disc=0.98 10D超額=+16.3% 產業超額=+12.1% outperf10=80% RSaccel=+0.0104 觸發=indep regime=MARKET_SIDEWAYS
4766,南寶,化學生技醫療,2023-12-15,2023-12-18,288.219,335.065,0.25,266,309.235,0.0770899,0.802627,True,2023-12-20,297,345.274,persist,2,1,2023-12-21,296.74,344.971,,,True,1,2024-01-05,274.312,318.898,HARD_STOP,EXIT,14,1,-0.0730923,-0.0730923,-0.0730923,-0.048249,0.0530196,-0.0458636,0.0530196,-0.0458636,0.0295652,-0.0755797,0.00424614,-0.0968525,10.75,0,,DISCOVERY,2023,0.971613,0.00711744,0.0213523,0.102256,0.062963,0.334884,0.0304878,0.662168,0.325878,1.97961,1.53286,-0.0476536,0.159638,0.111984,0.6,2,-0.00272815,0.0109481,0.0221391,-0.0103448,4.57143,1.36083e+08,0.001176,MARKET_UP,False,False,False,Disc=0.97 10D超額=+11.2% 產業超額=+16.0% outperf10=60% RSaccel=+0.0221 觸發=indep regime=MARKET_UP
4766,南寶,化學生技醫療,2024-06-11,2024-06-12,369.923,430.049,0.25,342,397.588,0.075482,0.797431,False,,,,,,0,,,,,,False,0.25,2024-06-14,356.606,414.568,F3_RS_FAILURE,FAILED_PROBE,3,0.25,-0.0101041,-0.0101041,-0.0404164,-0.0359974,0.00426441,-0.034933,0.00426441,-0.034933,,,,,0.5,0,,DISCOVERY,2024,0.964365,0,0.0322129,0.030481,-0.0107383,0.228333,0.0282031,0.581394,0.361547,0.879386,0.723625,0.00695835,0.0509648,0.0579231,0.6,2,0.0185583,-0.008683,0.0236788,-0.105583,3.70447,3.41345e+08,-0.00303133,MARKET_UP,False,False,False,Disc=0.96 10D超額=+5.8% 產業超額=+5.1% outperf10=60% RSaccel=+0.0237 觸發=indep regime=MARKET_UP
4766,南寶,化學生技醫療,2024-11-18,2024-11-19,302.254,365.569,0.25,291,351.958,0.0372328,0.798253,True,2024-11-21,322,389.452,persist,2,1,2024-11-22,323.306,391.031,,,True,1,2024-12-13,313.714,379.429,TREND_FAILURE_MA20x2,EXIT,19,1,-0.017245,-0.017245,-0.017245,0.0379152,0.126537,-0.00249377,0.06533,-0.00249377,0.0696517,-0.02967,0.053181,-0.0380638,15.75,0,,DISCOVERY,2024,0.951282,0.00340136,0.0221088,0.0300797,0.0134907,0.0033389,0.0241265,0.702584,0.236992,1.71744,1.35409,-0.0370932,0.109718,0.0726243,0.6,1,0.0162835,-0.0131238,0.00280794,-0.241181,2.48276,1.11534e+08,-0.00862824,MARKET_DOWN,False,False,False,Disc=0.95 10D超額=+7.3% 產業超額=+11.0% outperf10=60% RSaccel=+0.0028 觸發=indep regime=MARKET_DOWN
4766,南寶,化學生技醫療,2025-03-19,2025-03-20,349.873,423.163,0.25,333.5,403.361,0.0467956,0.827144,False,,,,,,0,,,,,,False,0.25,2025-04-08,299.25,361.936,F2_STRUCTURE,FAILED_PROBE,12,0.25,-0.0372157,-0.0372157,-0.148863,-0.144688,0.0732481,-0.0482247,0.0732481,-0.0482247,,,,,2.75,0,,STRICT_OOS,2025,0.963109,0,0.0233236,0.0530263,0.0173913,0.11252,0.0273708,0.605857,0.29138,2.08115,1.352,-0.014956,0.100989,0.0860333,0.8,1,0.0109733,-0.00678314,0.0180015,-0.11366,4.7881,1.07902e+08,-0.0139567,MARKET_DOWN,False,False,False,Disc=0.96 10D超額=+8.6% 產業超額=+10.1% outperf10=80% RSaccel=+0.0180 觸發=indep regime=MARKET_DOWN
4768,晶呈科技,化學工業,2025-07-28,2025-07-29,123.809,125.137,0.25,116,117.244,0.063071,0.875733,False,,,,,,0,,,,,,False,0.25,2025-08-05,111.72,122.468,F2_STRUCTURE,FAILED_PROBE,6,0.25,-0.00644547,-0.00644547,-0.0257819,-0.0213299,0.0378911,-0.0469171,0.0378911,-0.0469171,,,,,1.25,0,,STRICT_OOS,2025,0.953917,-0.00421941,0.0421941,0.124516,0.127854,0.0466102,0.0442452,1.22849,0.576948,2.41615,1.80534,0.0181307,0.128401,0.146531,0.6,1,-0.0162055,0.0165854,0.0170875,-0.522244,4.11765,4.167e+07,0.00208009,MARKET_UP,False,False,False,Disc=0.95 10D超額=+14.7% 產業超額=+12.8% outperf10=60% RSaccel=+0.0171 觸發=indep regime=MARKET_UP
4771,望隼,生技醫療業,2026-08-31,2026-09-01,219.046,242.507,0.25,204.5,226.403,0.0664072,0.832189,False,,,,,,0,,,,,,False,0.25,2026-09-03,208.976,231.358,END_OF_WINDOW,EXIT,3,0.25,-0.0125921,-0.0125921,-0.0503686,-0.045972,0.0043541,-0.0481462,0.0043541,-0.0276026,,,,,0.75,0,,STRICT_OOS,2026,0.950131,-0.00485437,0.0436893,0.0656753,0.152815,0.077264,0.0282392,0.441856,0.320308,2.29084,1.50298,0.0241701,0.0476102,0.0717802,0.8,1,0.0121884,-0.0137002,0.00292416,-0.0137615,3.70588,5.40182e+07,-0.00438104,MARKET_UP,False,False,False,Disc=0.95 10D超額=+7.2% 產業超額=+4.8% outperf10=80% RSaccel=+0.0029 觸發=indep regime=MARKET_UP
4904,遠傳,電子工業,2024-07-26,2024-07-29,86.9168,103.306,0.25,83.7,99.4832,0.0370095,0.869548,True,2024-08-05,87.4,103.881,persist,5,1,2024-08-06,87.017,103.426,,,True,1,2024-10-01,90.4733,107.534,TREND_FAILURE_MA20x2,EXIT,46,1,0.035429,0.035429,0.035429,0.0409185,0.0814947,-0.0266548,0.00786098,-0.0266548,0.00115341,0.0397192,0.0802487,-0.0197318,40.5,0,,DISCOVERY,2024,0.987395,0.002331,0.00699301,0.0343008,0.0536734,0.109678,0.0289333,0.290097,0.357444,0.421939,0.594092,0.0069325,0.158498,0.165431,0.7,3,0.0215167,-0.00943758,0.0145182,-0.040887,3.0002,1.64091e+09,-0.0329064,MARKET_SIDEWAYS,False,False,False,Disc=0.99 10D超額=+16.5% 產業超額=+15.8% outperf10=70% RSaccel=+0.0145 觸發=indep regime=MARKET_SIDEWAYS
4904,遠傳,電子工業,2026-06-11,2026-06-12,109.272,135.373,0.25,100.5,124.505,0.0802809,0.964046,False,,,,,,0,,,,,,False,0.25,2026-06-18,110.224,136.551,F3_RS_FAILURE,FAILED_PROBE,5,0.25,0.00104643,0.00104643,0.00418572,0.0087053,0.0386877,-0.0162209,0.0386877,-0.0162209,,,,,1,0,,STRICT_OOS,2026,0.960703,0.0140845,0.0234742,0.104748,0.111111,0.165775,0.0239187,0.340884,0.255149,1.03212,1.08374,-0.037336,0.213026,0.17569,0.8,1,0.0192186,-0.0199003,0.0286125,-0.00456621,6.13699,9.2301e+08,-0.00176007,MARKET_SIDEWAYS,False,False,False,Disc=0.96 10D超額=+17.6% 產業超額=+21.3% outperf10=80% RSaccel=+0.0286 觸發=indep regime=MARKET_SIDEWAYS
4908,前鼎,通信網路業,2023-09-11,2023-09-12,60.6512,69.8744,0.25,57.6,66.3592,0.0503081,0.791472,False,,,,,,0,,,,,,False,0.25,2023-09-12,57.456,66.1933,F1_PROBE_LOW,FAILED_PROBE,1,0.25,-0.014266,-0.014266,-0.0570639,-0.0526824,0,0,,,,,,,0,0,,DISCOVERY,2023,0.965679,-0.00331675,0.0116086,0.114008,0.261352,0.6329,0.0462339,0.648668,0.500175,1.79353,2.1861,0.0427929,0.085218,0.128011,0.6,2,0.00656909,0.00900966,0.00682658,-0.0348101,3.65214,2.13345e+08,-0.00863114,MARKET_SIDEWAYS,False,False,False,Disc=0.97 10D超額=+12.8% 產業超額=+8.5% outperf10=60% RSaccel=+0.0068 觸發=indep regime=MARKET_SIDEWAYS
4911,德英,生技醫療業,2023-05-03,2023-05-04,83.2075,83.2075,0.25,75.5,75.5,0.0926299,0.876216,False,,,,,,0,,,,,,False,0.25,2023-05-05,77.2065,77.2065,F3_RS_FAILURE,FAILED_PROBE,2,0.25,-0.0191147,-0.0191147,-0.0764586,-0.0721209,0.00351531,-0.0890244,0.00351531,-0.0890244,,,,,0.25,0,,DISCOVERY,2023,0.990716,0.0204342,0.0242657,0.155037,0.30832,0.59761,0.053705,0.246303,0.547918,0.876152,1.64811,0.0238231,0.125669,0.149492,0.6,3,0.02204,-0.0150224,0.00650021,-0.0123153,3.41294,3.82568e+07,-0.00531258,MARKET_SIDEWAYS,False,False,False,Disc=0.99 10D超額=+14.9% 產業超額=+12.6% outperf10=60% RSaccel=+0.0065 觸發=indep regime=MARKET_SIDEWAYS
4915,致伸,電子零組件業,2024-03-19,2024-03-20,88.0195,104.041,0.25,78.5,92.7885,0.108152,0.89987,False,,,,,,0,,,,,,False,0.25,2024-03-25,84.0893,99.3951,F3_RS_FAILURE,FAILED_PROBE,4,0.25,-0.0122629,-0.0122629,-0.0490516,-0.044652,0.0281813,-0.0479382,0.0281813,-0.0479382,,,,,0.75,0,,DISCOVERY,2024,0.98109,0.0124688,0.0598504,0.130319,0.230101,0.293759,0.0294958,0.766822,0.332,2.13595,1.36257,-0.0609507,0.143464,0.0825132,0.7,2,0.00715992,0.00350159,0.0127627,-0.0139211,5.38461,4.50349e+08,-0.00113934,MARKET_UP,False,False,False,Disc=0.98 10D超額=+8.3% 產業超額=+14.3% outperf10=70% RSaccel=+0.0128 觸發=indep regime=MARKET_UP
4915,致伸,電子零組件業,2024-09-27,2024-09-30,91.2275,111.902,0.25,87,106.716,0.0463402,0.744254,False,,,,,,0,,,,,,False,0.25,2024-10-09,90.573,111.099,F2_STRUCTURE,FAILED_PROBE,6,0.25,-0.00291456,-0.00291456,-0.0116582,-0.00717438,0.0786221,-0.0353786,0.0786221,-0.0353786,,,,,1.25,0,,DISCOVERY,2024,0.950758,0.00902935,0.037246,0.0448525,0.0121145,-0.0107643,0.0266594,0.535569,0.25577,1.72111,1.13743,-0.0271597,0.0480013,0.0208416,0.5,1,0.0192923,-0.0156432,0.00791547,-0.174304,2.61225,1.84707e+08,-0.00157576,MARKET_SIDEWAYS,False,False,False,Disc=0.95 10D超額=+2.1% 產業超額=+4.8% outperf10=50% RSaccel=+0.0079 觸發=indep regime=MARKET_SIDEWAYS
4915,致伸,電子零組件業,2025-01-15,2025-01-16,81.1022,99.482,0.25,76.8,94.2047,0.0530473,0.88341,False,,,,,,0,,,,,,False,0.25,2025-01-22,80.199,98.374,F3_RS_FAILURE,FAILED_PROBE,5,0.25,-0.00390303,-0.00390303,-0.0156121,-0.0111372,0.0160014,-0.025921,0.0160014,-0.025921,,,,,1,0,,STRICT_OOS,2025,0.955714,0,0.0376135,0.0286082,0.0457516,-0.148936,0.0190179,0.639931,0.237574,1.74023,1.10466,-0.0462305,0.121459,0.0752288,0.7,1,0.0073611,-0.0131754,0.00882058,-0.281222,3.61502,9.15392e+07,-0.0124114,MARKET_SIDEWAYS,False,False,False,Disc=0.96 10D超額=+7.5% 產業超額=+12.1% outperf10=70% RSaccel=+0.0088 觸發=indep regime=MARKET_SIDEWAYS
4927,泰鼎-KY,電子工業,2025-12-15,2025-12-16,30.6765,38.3543,0.25,27.3,34.1327,0.110068,0.929024,True,2025-12-19,34.55,43.1972,persist,3,1,2025-12-22,35.3882,44.2453,,,True,1,2026-01-28,33.6157,42.0291,TREND_FAILURE_MA20x2,EXIT,30,1,-0.0180812,-0.0180812,-0.0180812,0.0958144,0.320229,-0.0579108,0.126269,-0.0579108,0.153595,-0.0500872,0.144448,-0.138132,26,0,,STRICT_OOS,2025,0.985251,-0.0205832,0.00857633,0.267651,0.321348,0.148438,0.0472546,1.03368,0.579353,1.69172,3.10242,0.00765849,0.303479,0.311137,0.7,2,-0.01324,-0.0105648,0.0223491,-0.324124,5.54242,2.1247e+08,-0.0117412,MARKET_SIDEWAYS,False,False,False,Disc=0.99 10D超額=+31.1% 產業超額=+30.3% outperf10=70% RSaccel=+0.0223 觸發=indep regime=MARKET_SIDEWAYS
4931,新盛力,電腦及週邊設備業,2024-12-31,2025-01-02,72.18,81.7666,0.25,68,77.0314,0.0579108,0.795671,False,,,,,,0,,,,,,False,0.25,2025-01-03,67.83,76.8389,F1_PROBE_LOW,FAILED_PROBE,2,0.25,-0.0161576,-0.0161576,-0.0646304,-0.060266,0.0224439,-0.0551399,0.0224439,-0.0551399,,,,,0.25,0,,STRICT_OOS,2025,0.994558,0.00429185,0.0257511,0.118041,0.108192,1.15315,0.070532,0.825533,1.04092,0.671438,1.67205,0.0232623,0.265564,0.288826,0.6,3,0.023774,0.00668257,-0.00270197,-0.0889454,4.27119,2.68778e+09,-0.00668817,MARKET_SIDEWAYS,False,False,True,Disc=0.99 10D超額=+28.9% 產業超額=+26.6% outperf10=60% RSaccel=-0.0027 觸發=indep regime=MARKET_SIDEWAYS
4939,亞電,電子零組件業,2023-12-13,2023-12-14,21.8545,25.1878,0.25,20.45,23.5691,0.0642659,0.808302,False,,,,,,0,,,,,,False,0.25,2023-12-20,20.8477,24.0275,F2_STRUCTURE,FAILED_PROBE,5,0.25,-0.0126156,-0.0126156,-0.0504624,-0.046066,0.0592784,-0.0619781,0.0592784,-0.0619781,,,,,1,0,,DISCOVERY,2023,0.986996,-0.00242131,0.0605327,0.17175,0.247863,0.311377,0.0381605,0.408384,0.468483,2.64774,2.95792,-0.00491552,0.250681,0.245766,0.7,4,0.00462398,-0.00552003,-0.0145143,-0.0223214,5.86325,3.76786e+07,0.00104867,MARKET_SIDEWAYS,False,False,False,Disc=0.99 10D超額=+24.6% 產業超額=+25.1% outperf10=70% RSaccel=-0.0145 觸發=indep regime=MARKET_SIDEWAYS
4946,辣椒,文化創意業,2025-09-17,2025-09-18,136.34,49.5622,0.25,124,45.0764,0.0905091,0.507313,False,,,,,,0,,,,,,False,0.25,2025-09-19,130.174,47.3206,F3_RS_FAILURE,FAILED_PROBE,2,0.25,-0.0124063,-0.0124063,-0.0496252,-0.045227,0,-0.0501687,0,-0.0501687,,,,,0.25,0,,STRICT_OOS,2025,0.959442,-0.00787402,0.0511811,0.0175305,0.186667,-0.210059,0.0545746,0.765729,0.886843,0.652299,1.16765,-0.0617297,0.0573949,-0.0043348,0.3,2,0.00690836,-0.00831594,-0.00900969,-0.521505,3.63725,3.13701e+07,-0.00746753,MARKET_UP,False,False,False,Disc=0.96 10D超額=-0.4% 產業超額=+5.7% outperf10=30% RSaccel=-0.0090 觸發=indep regime=MARKET_UP
4951,精拓科,半導體業,2024-06-07,2024-06-11,93.834,75.7139,0.25,88.1,71.0872,0.0611079,0.946786,False,,,,,,0,,,,,,False,0.25,2024-06-17,89.9745,72.5997,F3_RS_FAILURE,FAILED_PROBE,5,0.25,-0.0113847,-0.0113847,-0.0455386,-0.0411312,0.0422661,-0.0472537,0.0422661,-0.0472537,,,,,1,0,,DISCOVERY,2024,0.986667,0.0332594,0.037694,0.138894,0.209302,0.19084,0.0369353,0.560598,0.424356,1.53986,2.63968,0.0342942,0.152117,0.186412,0.8,2,0.0151472,-0.00416386,0.00422373,-0.027027,5.09091,6.10447e+07,-0.00202349,MARKET_UP,False,False,False,Disc=0.99 10D超額=+18.6% 產業超額=+15.2% outperf10=80% RSaccel=+0.0042 觸發=indep regime=MARKET_UP
4956,光鋐,電子工業,2024-05-17,2024-05-20,22.0049,22.5304,0.25,20.4,20.8872,0.0729327,0.745224,False,,,,,,0,,,,,,False,0.25,2024-05-27,22.1944,22.7244,F4_TIME_5D,FAILED_PROBE,6,0.25,0.00102309,0.00102309,0.00409235,0.00861173,0.0543118,-0.0388493,0.0543118,-0.0388493,,,,,1.25,0,,DISCOVERY,2024,0.957027,0.0121951,0.0609756,0.0642202,0.0481928,-0.0136054,0.0377668,0.243222,0.491997,2.11369,0.736501,-0.0209019,0.0849423,0.0640404,0.4,1,0.00917092,-0.0101019,0.00799903,-0.188433,2.98261,3.78768e+07,-0.00214934,MARKET_SIDEWAYS,False,False,False,Disc=0.96 10D超額=+6.4% 產業超額=+8.5% outperf10=40% RSaccel=+0.0080 觸發=indep regime=MARKET_SIDEWAYS
4956,光鋐,電子工業,2024-11-25,2024-11-26,39.298,40.2365,0.25,35.95,36.8085,0.0851952,0.598914,False,,,,,,0,,,,,,False,0.25,2024-11-28,35.8601,36.7165,F1_PROBE_LOW,FAILED_PROBE,3,0.25,-0.0229463,-0.0229463,-0.0917854,-0.0874822,0.0127742,-0.0610209,0.0127742,-0.0610209,,,,,0.5,0,,DISCOVERY,2024,0.975325,0.00826446,0.0606061,0.0380856,-0.0833333,0.394928,0.0656772,1.09583,0.761838,1.56718,1.59827,0.0188533,0.0949594,0.113813,0.5,2,0.0048778,0.017352,0.00407891,-0.165764,2.31356,3.6126e+08,0.00192322,MARKET_SIDEWAYS,False,False,True,Disc=0.98 10D超額=+11.4% 產業超額=+9.5% outperf10=50% RSaccel=+0.0041 觸發=indep regime=MARKET_SIDEWAYS
4958,臻鼎-KY,電子零組件業,2025-07-08,2025-07-09,108.27,134.401,0.25,103,127.859,0.0486746,0.901018,False,,,,,,0,,,,,,False,0.25,2025-08-06,120.698,149.828,PROBE_MAX_LIFE,FAILED_PROBE,21,0.25,0.0275061,0.0275061,0.110024,0.114782,0.186848,-0.0117299,0.186848,-0.0117299,,,,,5,0,,STRICT_OOS,2025,0.986196,-0.00465116,0.0186046,0.0855557,0.0764587,0.199193,0.0272668,0.977381,0.263691,1.53004,1.72348,-0.0108659,0.101341,0.0904752,0.6,2,0.00492502,-0.00796084,0.0173738,-0.285714,4.85646,6.93348e+08,-0.00296272,MARKET_SIDEWAYS,False,False,False,Disc=0.99 10D超額=+9.0% 產業超額=+10.1% outperf10=60% RSaccel=+0.0174 觸發=indep regime=MARKET_SIDEWAYS
4960,誠美材,光電業,2023-02-13,2023-02-14,11.7794,12.4207,0.25,11.3,11.9152,0.0406962,0.959584,True,2023-02-16,12.3,12.9697,persist,2,1,2023-02-17,12.1804,12.8435,,,True,1,2023-03-14,11.7705,12.4113,TREND_FAILURE_MA20x2,EXIT,19,1,-0.029869,-0.029869,-0.029869,-0.000753478,0.116358,-0.0237173,0.0526875,-0.0237173,0.0340426,-0.0336505,0.0796055,-0.0558584,15.75,0,,DISCOVERY,2023,0.983051,0,0.0173914,0.118814,0.158416,0.164179,0.0230769,0.695946,0.245885,1.92214,2.67328,0.0460262,0.121888,0.167914,0.7,3,0.0131449,-0.00930676,0.0109588,-0.0994885,6.48149,3.81969e+07,-0.00271835,MARKET_UP,False,False,False,Disc=0.98 10D超額=+16.8% 產業超額=+12.2% outperf10=70% RSaccel=+0.0110 觸發=indep regime=MARKET_UP
4960,誠美材,光電業,2023-10-19,2023-10-20,13.2831,13.8559,0.25,12.85,13.4041,0.0326071,0.958399,True,2023-10-24,14.15,14.7602,persist,2,1,2023-10-25,14.1854,14.7971,,,True,1,2023-10-30,13.0672,13.6307,HARD_STOP,EXIT,7,1,-0.0675376,-0.0675376,-0.0675376,-0.0162519,0.0765539,-0.0137863,0.0727897,-0.0137863,0.0679245,-0.0788224,0.00808051,-0.0870879,3.75,0,,DISCOVERY,2023,0.981707,0.0114068,0.026616,0.0960016,0.129707,0.153846,0.0333333,0.551289,0.306546,2.74698,2.94019,-0.0495713,0.179376,0.129805,0.7,2,0.00443487,-0.00708424,0.0151834,-0.0217391,4.55556,1.02172e+08,0.000718938,MARKET_SIDEWAYS,False,False,False,Disc=0.98 10D超額=+13.0% 產業超額=+17.9% outperf10=70% RSaccel=+0.0152 觸發=indep regime=MARKET_SIDEWAYS
4961,天鈺,半導體業,2024-03-15,2024-03-18,264.66,219.006,0.25,242,200.255,0.0856193,0.751373,False,,,,,,0,,,,,,False,0.25,2024-03-25,262.343,217.088,F3_RS_FAILURE,FAILED_PROBE,6,0.25,-0.0033092,-0.0033092,-0.0132368,-0.00875652,0.0315121,-0.0327212,0.0315121,-0.0327212,,,,,1.25,0,,DISCOVERY,2024,0.954895,0,0.0334646,0.0665312,0.126609,-0.0574506,0.037415,0.29219,0.499988,2.24433,1.95964,-0.11816,0.156763,0.0386026,0.4,1,0.0107587,-0.0194334,0.0136023,-0.130795,3.51273,9.97743e+08,-0.0128108,MARKET_UP,False,False,False,Disc=0.95 10D超額=+3.9% 產業超額=+15.7% outperf10=40% RSaccel=+0.0136 觸發=indep regime=MARKET_UP
4961,天鈺,半導體業,2024-06-17,2024-06-18,282.705,233.938,0.25,269,222.598,0.0484781,0.788136,False,,,,,,0,,,,,,False,0.25,2024-06-25,273.814,226.581,F2_STRUCTURE,FAILED_PROBE,6,0.25,-0.00896997,-0.00896997,-0.0358799,-0.0314506,0.0399533,-0.0343291,0.0399533,-0.0343291,,,,,1.25,0,,DISCOVERY,2024,0.950111,0.00555556,0.0444444,0.0776727,0.0502793,0.0641509,0.0310284,0.680643,0.380718,2.16816,1.40838,-0.00673274,0.0567097,0.049977,0.7,2,0.0027912,-0.00793605,0.00292687,-0.0662252,3.71429,5.52721e+08,-0.000363924,MARKET_UP,False,False,False,Disc=0.95 10D超額=+5.0% 產業超額=+5.7% outperf10=70% RSaccel=+0.0029 觸發=indep regime=MARKET_UP
4966,譜瑞-KY,半導體業,2024-12-17,2024-12-18,787.965,856.783,0.25,744,808.978,0.0557957,0.899327,False,,,,,,0,,,,,,False,0.25,2024-12-25,787.028,855.764,F4_TIME_5D,FAILED_PROBE,6,0.25,-0.00142177,-0.00142177,-0.0056871,-0.00118977,0.0368481,-0.0278756,0.0368481,-0.0278756,,,,,1.25,0,,DISCOVERY,2024,0.969292,0,0.0517928,0.0927152,0.201821,0.0909091,0.0316558,0.93024,0.399363,1.58371,1.14771,0.0015594,0.111211,0.11277,0.5,2,-0.00206988,-0.00123679,0.0066829,-0.402436,3.11111,7.45386e+08,-0.000950091,MARKET_SIDEWAYS,False,False,False,Disc=0.97 10D超額=+11.3% 產業超額=+11.1% outperf10=50% RSaccel=+0.0067 觸發=indep regime=MARKET_SIDEWAYS
4967,十銓,半導體業,2023-08-14,2023-08-15,63.5585,51.1846,0.25,58.8,47.3525,0.0748681,0.727567,False,,,,,,0,,,,,,False,0.25,2023-08-21,60.3488,48.5997,F2_STRUCTURE,FAILED_PROBE,5,0.25,-0.0137218,-0.0137218,-0.0548871,-0.0505007,0.0116664,-0.0544144,0.0116664,-0.0544144,,,,,1,0,,DISCOVERY,2023,0.979798,-0.0176565,0.00963082,0.031063,-0.0396947,0.107394,0.0456507,1.29301,0.490238,0.921161,0.890381,-0.0598817,0.105565,0.0456831,0.5,2,-0.0082071,-0.00825771,0.017879,-0.235723,2.22886,2.13974e+08,-0.0125045,MARKET_DOWN,False,False,False,Disc=0.98 10D超額=+4.6% 產業超額=+10.6% outperf10=50% RSaccel=+0.0179 觸發=indep regime=MARKET_DOWN
4967,十銓,半導體業,2023-10-23,2023-10-24,76.591,62.6144,0.25,72,58.8612,0.0599418,0.861907,False,,,,,,0,,,,,,False,0.25,2023-10-26,72.618,59.3664,F2_STRUCTURE,FAILED_PROBE,3,0.25,-0.0140641,-0.0140641,-0.0562562,-0.0518729,0.0144795,-0.0325234,0.0144795,-0.0325234,,,,,0.5,0,,DISCOVERY,2023,0.96112,-0.00398936,0.0132979,0.0747023,0.145993,0.320043,0.0488376,0.813203,0.412538,0.760856,1.49742,0.0126118,0.0789951,0.0916068,0.8,2,0.00407203,-0.00449205,0.0036882,-0.0600906,2.4453,6.03825e+08,-0.0115177,MARKET_SIDEWAYS,False,False,False,Disc=0.96 10D超額=+9.2% 產業超額=+7.9% outperf10=80% RSaccel=+0.0037 觸發=indep regime=MARKET_SIDEWAYS
4967,十銓,半導體業,2024-05-02,2024-05-03,94.235,77.0387,0.25,86.1,70.3882,0.0863268,0.883789,True,2024-05-07,114,93.1969,persist,2,1,2024-05-08,116.29,95.069,,,True,1,2024-06-20,141.146,115.389,MFE_PROTECTION,EXIT,34,1,0.27962,0.27962,0.27962,0.497811,0.957871,-0.0258397,0.209742,-0.0258397,0.234043,0.213744,0.586551,-0.114283,30.75,0,,DISCOVERY,2024,0.980278,-0.00556793,0.0412027,0.0990303,0.167291,0.157178,0.044767,1.05337,0.484004,1.99214,1.12083,-0.0314105,0.182438,0.151027,0.8,2,0.00645675,0.000871576,0.012797,-0.0390545,4.08532,6.05565e+08,-0.00853868,MARKET_SIDEWAYS,False,False,False,Disc=0.98 10D超額=+15.1% 產業超額=+18.2% outperf10=80% RSaccel=+0.0128 觸發=indep regime=MARKET_SIDEWAYS
4967,十銓,半導體業,2026-01-30,2026-02-02,242.605,208.5,0.25,240,206.261,0.0107376,0.852822,False,,,,,,0,,,,,,False,0.25,2026-02-02,239.4,205.746,F1_PROBE_LOW,FAILED_PROBE,1,0.25,-0.00442027,-0.00442027,-0.0176811,-0.0132108,0,0,,,,,,,0,0,,STRICT_OOS,2026,0.980884,0.00400802,0.012024,0.18267,0.30491,0.884328,0.0570014,1.15395,0.699659,1.20161,1.5281,0.0160829,0.203848,0.219931,0.6,1,-0.0100063,0.0115318,0.0144311,-0.0525328,4.82878,3.58204e+09,-0.0145229,MARKET_UP,False,False,True,Disc=0.98 10D超額=+22.0% 產業超額=+20.4% outperf10=60% RSaccel=+0.0144 觸發=indep regime=MARKET_UP
4968,立積,半導體業,2024-02-21,2024-02-22,233.081,339.618,0.25,213.5,311.087,0.0840104,0.883816,False,,,,,,0,,,,,,False,0.25,2024-02-26,222.941,324.843,F3_RS_FAILURE,FAILED_PROBE,3,0.25,-0.0119766,-0.0119766,-0.0479063,-0.0435041,0.018958,-0.0561231,0.018958,-0.0561231,,,,,0.5,0,,DISCOVERY,2024,0.980848,0.0045045,0.036036,0.252553,0.360947,0.672727,0.048913,1.33097,0.66532,1.69603,1.88869,0.0247746,0.255044,0.279819,0.6,3,-0.000745666,0.0152015,0.0168985,-0.0128755,5.82222,1.31278e+09,-0.00409798,MARKET_UP,False,False,False,Disc=0.98 10D超額=+28.0% 產業超額=+25.5% outperf10=60% RSaccel=+0.0169 觸發=indep regime=MARKET_UP
4974,亞泰,電子零組件業,2023-01-11,2023-01-12,66.165,76.2056,0.25,62.5,71.9844,0.0553918,0.864427,False,,,,,,0,,,,,,False,0.25,2023-01-13,63.441,73.0682,F3_RS_FAILURE,FAILED_PROBE,2,0.25,-0.0113943,-0.0113943,-0.0455772,-0.0411698,0.0050631,-0.0463236,0.0050631,-0.0463236,,,,,0.25,0,,DISCOVERY,2023,0.986462,0.00950872,0.0206022,0.0955176,0.125874,0.215094,0.021961,0.600276,0.263886,1.4756,3.24365,-0.00880155,0.10123,0.0924288,0.6,1,0.0126196,-0.0138594,-0.00582718,-0.0197869,6.64646,3.60277e+07,-0.00348039,MARKET_SIDEWAYS,False,False,False,Disc=0.99 10D超額=+9.2% 產業超額=+10.1% outperf10=60% RSaccel=-0.0058 觸發=indep regime=MARKET_SIDEWAYS
4977,眾達-KY,通信網路業,2023-04-06,2023-04-07,123.809,140.01,0.25,111.5,126.091,0.0994174,0.679179,False,,,,,,0,,,,,,False,0.25,2023-04-14,119.7,135.364,F2_STRUCTURE,FAILED_PROBE,6,0.25,-0.0094029,-0.0094029,-0.0376116,-0.0331863,0.0338526,-0.0388401,0.0338526,-0.0388401,,,,,1.25,0,,DISCOVERY,2023,0.953232,0.00431034,0.0344828,0.024984,-0.00826446,0.230769,0.0392857,0.894919,0.552966,1.31226,0.861677,0.051454,0.00428329,0.0557373,0.5,2,-0.0161403,-0.00497576,0.0130044,-0.0839695,2.54545,7.27866e+08,-0.0036104,MARKET_SIDEWAYS,False,True,False,Disc=0.95 10D超額=+5.6% 產業超額=+0.4% outperf10=50% RSaccel=+0.0130 觸發=indep regime=MARKET_SIDEWAYS
4977,眾達-KY,通信網路業,2023-09-13,2023-09-14,85.2125,99.0764,0.25,79.1,91.9694,0.0717324,0.780804,False,,,,,,0,,,,,,False,0.25,2023-09-21,82.8922,96.3786,F2_STRUCTURE,FAILED_PROBE,6,0.25,-0.00791693,-0.00791693,-0.0316677,-0.027229,0.0737861,-0.0236174,0.0737861,-0.0236174,,,,,1.25,0,,DISCOVERY,2023,0.973643,-0.00865266,0.0494438,0.13609,0.20255,-0.025779,0.0419822,1.14408,0.43349,1.84238,2.29629,0.043124,0.155892,0.199016,0.7,3,-0.0163965,-0.00768691,-0.0105351,-0.333663,4.57315,2.21719e+08,0.000530993,MARKET_SIDEWAYS,False,False,False,Disc=0.97 10D超額=+19.9% 產業超額=+15.6% outperf10=70% RSaccel=-0.0105 觸發=indep regime=MARKET_SIDEWAYS
4979,華星光,通信網路業,2025-01-08,2025-01-09,208.019,213.295,0.25,195,199.946,0.0625845,0.843329,False,,,,,,0,,,,,,False,0.25,2025-01-13,194.513,199.446,F1_PROBE_LOW,FAILED_PROBE,3,0.25,-0.0173205,-0.0173205,-0.0692819,-0.064928,0.0143316,-0.0433555,0.0143316,-0.0433555,,,,,0.5,0,,STRICT_OOS,2025,0.980392,-0.00497512,0.0348259,0.140507,0.103448,0.316456,0.0527129,0.848347,0.667232,0.780906,1.62389,0.0136868,0.223145,0.236832,0.7,2,0.0167129,-0.00550949,-0.00111199,-0.0502283,3.83062,4.45227e+09,-0.010314,MARKET_SIDEWAYS,False,False,False,Disc=0.98 10D超額=+23.7% 產業超額=+22.3% outperf10=70% RSaccel=-0.0011 觸發=indep regime=MARKET_SIDEWAYS
5009,榮剛,鋼鐵工業,2023-03-10,2023-03-13,49.724,52.5712,0.25,47.75,50.4842,0.0396991,0.963914,True,2023-03-15,50.9,53.8145,persist,2,1,2023-03-16,50.4258,53.3131,,,True,1,2023-04-24,54.3638,57.4766,MFE_PROTECTION,EXIT,28,1,0.0772145,0.0772145,0.0772145,0.0933101,0.271016,-0.0326603,0.0236505,-0.0326603,0.0141129,0.078095,0.253328,-0.0401729,24.75,0,,DISCOVERY,2023,0.988796,-0.0182927,0.0162602,0.155068,0.269036,0.485884,0.0367143,0.603256,0.409396,1.16359,1.92177,-0.0221406,0.191644,0.169503,0.8,2,0.0113987,0.00163043,0.0208496,-0.0138067,4.46693,8.93038e+08,-0.0155009,MARKET_SIDEWAYS,False,False,False,Disc=0.99 10D超額=+17.0% 產業超額=+19.2% outperf10=80% RSaccel=+0.0208 觸發=indep regime=MARKET_SIDEWAYS
5009,榮剛,鋼鐵工業,2024-11-11,2024-11-12,49.5736,57.378,0.25,47.4,54.8622,0.0438464,0.797173,False,,,,,,0,,,,,,False,0.25,2024-11-18,48.0296,55.591,F2_STRUCTURE,FAILED_PROBE,5,0.25,-0.00889388,-0.00889388,-0.0355755,-0.0311456,0.00658364,-0.0307346,0.00658364,-0.0307346,,,,,1,0,,DISCOVERY,2024,0.957364,0.0042061,0.0399579,0.0618994,0.0796943,0.075,0.0189224,0.539659,0.250032,4.84167,1.61655,-0.0260058,0.0967625,0.0707567,0.5,2,0.0209134,-0.0146911,2.61124e-05,-0.119874,4.16794,1.22902e+08,-0.00102955,MARKET_SIDEWAYS,False,False,False,Disc=0.96 10D超額=+7.1% 產業超額=+9.7% outperf10=50% RSaccel=+0.0000 觸發=indep regime=MARKET_SIDEWAYS
5209,新鼎,資訊服務業,2024-03-11,2024-03-12,195.989,246.121,0.25,181.5,227.926,0.0739265,0.875561,False,,,,,,0,,,,,,False,0.25,2024-03-18,189.026,237.378,F2_STRUCTURE,FAILED_PROBE,5,0.25,-0.00998627,-0.00998627,-0.0399451,-0.035525,5.74035e-05,-0.0433124,5.74035e-05,-0.0433124,,,,,1,0,,DISCOVERY,2024,0.95805,0.00817439,0.0626703,0.0824313,0.12069,0.0540541,0.0250916,0.59608,0.298386,2.73948,1.71676,-0.0402835,0.0945698,0.0542863,0.7,1,0.00157737,-0.0116919,-0.00375215,-0.0657091,3.78102,3.15631e+07,-0.00299414,MARKET_UP,False,False,False,Disc=0.96 10D超額=+5.4% 產業超額=+9.5% outperf10=70% RSaccel=-0.0038 觸發=indep regime=MARKET_UP
5209,新鼎,資訊服務業,2024-03-28,2024-03-29,206.515,259.34,0.25,192.5,241.74,0.0678643,0.742738,True,2024-04-03,216.5,271.879,persist,3,1,2024-04-08,218.044,273.817,,,True,1,2024-04-10,201.495,253.036,HARD_STOP,EXIT,7,1,-0.0673576,-0.0673576,-0.0673576,-0.0243082,0.0652979,-0.024284,0.0652979,-0.024284,0.0558252,-0.0758965,0.00667871,-0.0781667,3,0,,DISCOVERY,2024,0.951429,0.0154639,0.0670103,0.0800939,0.131148,0.232143,0.0272602,0.599349,0.398855,2.58936,1.3112,-0.0204512,0.0881122,0.067661,0.4,2,0.000178214,-0.00972723,0.00887078,-0.0119332,3.98734,3.74644e+07,-0.00265196,MARKET_UP,False,False,False,Disc=0.95 10D超額=+6.8% 產業超額=+8.8% outperf10=40% RSaccel=+0.0089 觸發=indep regime=MARKET_UP
5213,亞昕,建材營造,2024-03-14,2024-03-15,40.3005,55.3898,0.25,37.6,51.6782,0.0670091,0.886432,False,,,,,,0,,,,,,False,0.25,2024-03-22,39.4511,54.2224,F4_TIME_5D,FAILED_PROBE,6,0.25,-0.00638215,-0.00638215,-0.0255286,-0.021076,0.00867235,-0.0521209,0.00867235,-0.0521209,,,,,1.25,0,,DISCOVERY,2024,0.973568,0.0012837,0.0320924,0.113265,0.163531,0.218182,0.0242537,0.537879,0.283416,1.64478,2.35201,-0.00734559,0.101442,0.0940965,0.6,1,-0.0013376,-0.010974,0.0198322,-0.00124224,6.10256,4.58438e+07,0.000472188,MARKET_UP,False,False,False,Disc=0.97 10D超額=+9.4% 產業超額=+10.1% outperf10=60% RSaccel=+0.0198 觸發=indep regime=MARKET_UP
5215,科嘉-KY,電腦及週邊設備業,2023-09-07,2023-09-08,60.15,74.6472,0.25,56.2,69.7452,0.0656691,0.861872,False,,,,,,0,,,,,,False,0.25,2023-09-08,56.0595,69.5708,F1_PROBE_LOW,FAILED_PROBE,1,0.25,-0.018088,-0.018088,-0.0723519,-0.0680049,0,0,,,,,,,0,0,,DISCOVERY,2023,0.982496,0.00346021,0.0190311,0.196061,0.227083,0.306988,0.0446883,0.924483,0.650052,1.37716,3.3173,-0.00486533,0.173361,0.168496,0.7,2,-0.00179803,0.0158324,0.0177958,-0.0407166,6.00271,4.9325e+07,-0.0071107,MARKET_SIDEWAYS,False,False,False,Disc=0.98 10D超額=+16.8% 產業超額=+17.3% outperf10=70% RSaccel=+0.0178 觸發=indep regime=MARKET_SIDEWAYS
5222,全訊,半導體業,2023-01-04,2023-01-05,144.36,117.928,0.25,136,111.098,0.0579108,0.70423,False,,,,,,0,,,,,,False,0.25,2023-01-10,139.65,114.08,F3_RS_FAILURE,FAILED_PROBE,4,0.25,-0.00926334,-0.00926334,-0.0370534,-0.0326268,0.0182876,-0.0371294,0.0182876,-0.0371294,,,,,0.75,0,,DISCOVERY,2023,0.956522,0,0.032491,0.0243553,-0.0498339,0.162602,0.0317183,1.11651,0.374467,0.987971,0.543708,0.00371953,0.061391,0.0651105,0.6,2,-0.00126451,-0.0100312,0.00678315,-0.334133,2.31496,5.86318e+07,-0.00175687,MARKET_SIDEWAYS,False,False,False,Disc=0.96 10D超額=+6.5% 產業超額=+6.1% outperf10=60% RSaccel=+0.0068 觸發=indep regime=MARKET_SIDEWAYS
5222,全訊,半導體業,2023-08-28,2023-08-29,174.936,159.752,0.25,162,147.939,0.0739483,0.923975,False,,,,,,0,,,,,,False,0.25,2023-09-11,175.56,160.322,F2_STRUCTURE,FAILED_PROBE,10,0.25,-0.00023561,-0.00023561,-0.000942439,0.00356558,0.0689608,-0.0196429,0.0689608,-0.0196429,,,,,2.25,0,,DISCOVERY,2023,0.960396,0.0181269,0.0453172,0.0976524,0.1,-0.0215938,0.0385857,0.898882,0.460769,1.75424,1.21421,0.0186957,0.152581,0.171277,0.8,1,0.00225572,-0.00566647,0.018215,-0.148546,4.56226,2.33063e+08,0.00167945,MARKET_DOWN,False,False,False,Disc=0.96 10D超額=+17.1% 產業超額=+15.3% outperf10=80% RSaccel=+0.0182 觸發=indep regime=MARKET_DOWN
5225,東科-KY,其他電子業,2023-08-21,2023-08-22,46.9671,51.8725,0.25,44.45,49.0925,0.0535933,0.933103,False,,,,,,0,,,,,,False,0.25,2023-08-28,44.3389,48.9697,F1_PROBE_LOW,FAILED_PROBE,5,0.25,-0.0150834,-0.0150834,-0.0603334,-0.0559593,0.0166686,-0.00994579,0.0166686,-0.00994579,,,,,1,0,,DISCOVERY,2023,0.968919,0.0130152,0.0238612,0.0480737,0.0594837,-0.0597609,0.0341253,0.659776,0.355915,1.19049,0.879145,-0.00571459,0.135729,0.130015,0.8,2,0.0027949,-0.0214989,0.0211288,-0.079922,3.5388,3.09985e+07,1.09881e-05,MARKET_DOWN,False,False,False,Disc=0.97 10D超額=+13.0% 產業超額=+13.6% outperf10=80% RSaccel=+0.0211 觸發=indep regime=MARKET_DOWN
5225,東科-KY,其他電子業,2023-09-28,2023-10-02,61.353,67.7609,0.25,54.6,60.3026,0.110068,0.862455,True,2023-10-05,64.4,71.1261,persist,3,1,2023-10-06,64.16,70.861,,,True,1,2023-10-11,60.648,66.9822,HARD_STOP,EXIT,6,1,-0.0483276,-0.0483276,-0.0483276,-0.0114909,0.0496634,-0.0399817,0.0496634,-0.0399817,0.0457516,-0.0547382,-0.000935162,-0.0835411,2,0,,DISCOVERY,2023,0.964506,0.00715564,0.0572451,0.0847022,0.0883978,0.332582,0.0378293,0.688481,0.523287,1.34657,0.515646,0.0564403,0.0877629,0.144203,0.7,1,0.00689072,-0.0147726,0.0136148,-0.00337268,2.9968,1.87576e+08,0.00265966,MARKET_SIDEWAYS,False,False,False,Disc=0.96 10D超額=+14.4% 產業超額=+8.8% outperf10=70% RSaccel=+0.0136 觸發=indep regime=MARKET_SIDEWAYS
5225,東科-KY,其他電子業,2024-03-11,2024-03-12,108.771,120.132,0.25,102.5,113.205,0.0576554,0.858846,True,2024-03-15,117,129.22,persist,3,1,2024-03-18,118.796,131.204,,,True,1,2024-03-27,105.278,122.838,HARD_STOP,EXIT,12,1,-0.0465975,-0.0465975,-0.0465975,0.0225243,0.146083,-0.00249377,0.0894423,-0.00249377,0.0921659,-0.0637646,0.0493676,-0.0706872,8,0,,DISCOVERY,2024,1,0.0193237,0.0628019,0.204094,0.513067,0.76282,0.0455195,0.77355,0.627921,1.56272,1.47686,-0.0173375,0.180497,0.163159,0.4,2,0.0136648,-0.000730125,-0.000232018,-0.0265487,4.8331,2.67723e+08,-0.00299414,MARKET_UP,False,False,False,Disc=1.00 10D超額=+16.3% 產業超額=+18.0% outperf10=40% RSaccel=-0.0002 觸發=indep regime=MARKET_UP
5225,東科-KY,其他電子業,2024-12-20,2024-12-23,132.33,154.401,0.25,124,144.682,0.0629487,0.801878,False,,,,,,0,,,,,,False,0.25,2024-12-25,128.179,149.557,F3_RS_FAILURE,FAILED_PROBE,3,0.25,-0.00894996,-0.00894996,-0.0357999,-0.0313704,0,-0.0402781,0,-0.0402781,,,,,0.5,0,,DISCOVERY,2024,0.961022,-0.011811,0.0354331,0.0235454,-0.0149813,-0.0706714,0.0263444,0.985136,0.321831,1.7739,0.818893,-0.00664291,0.109561,0.102918,0.7,2,0.0119123,-0.00509217,0.0186799,-0.180685,3.75258,1.42408e+08,-0.018402,MARKET_SIDEWAYS,False,False,False,Disc=0.96 10D超額=+10.3% 產業超額=+11.0% outperf10=70% RSaccel=+0.0187 觸發=indep regime=MARKET_SIDEWAYS
5227,立凱-KY,電子零組件業,2023-05-12,2023-05-15,77.4932,30.374,0.25,72.1,28.2601,0.0695964,0.850506,False,,,,,,0,,,,,,False,0.25,2023-05-18,75.1118,29.4406,F3_RS_FAILURE,FAILED_PROBE,4,0.25,-0.00879064,-0.00879064,-0.0351626,-0.0307317,0.0426715,-0.0360451,0.0426715,-0.0360451,,,,,0.75,0,,DISCOVERY,2023,0.953765,0.00410397,0.0642955,0.0930036,0.149188,0.0513513,0.0291039,0.578092,0.482586,2.16736,1.35979,-0.00724942,0.127258,0.120008,0.5,1,-0.000961989,-0.00424017,0.0126361,-0.0500611,4.01893,1.22829e+08,-0.00079151,MARKET_SIDEWAYS,False,False,False,Disc=0.95 10D超額=+12.0% 產業超額=+12.7% outperf10=50% RSaccel=+0.0126 觸發=indep regime=MARKET_SIDEWAYS
5234,達興材料,電子工業,2024-08-30,2024-09-02,176.941,211.303,0.25,162.5,194.058,0.0816161,0.860084,False,,,,,,0,,,,,,False,0.25,2024-09-04,162.094,193.573,F1_PROBE_LOW,FAILED_PROBE,3,0.25,-0.0220558,-0.0220558,-0.0882232,-0.083912,0.0370674,-0.0166228,0.0370674,-0.0166228,,,,,0.5,0,,DISCOVERY,2024,0.977833,0.00293255,0.0322581,0.218837,0.30855,0.0649981,0.0466721,1.04607,0.695256,2.09715,2.49829,0.0415997,0.159314,0.200914,0.6,2,-0.00268075,-0.00848948,0.0144324,-0.0266146,5.05217,3.54686e+08,0.00298354,MARKET_SIDEWAYS,False,False,False,Disc=0.98 10D超額=+20.1% 產業超額=+15.9% outperf10=60% RSaccel=+0.0144 觸發=indep regime=MARKET_SIDEWAYS
5236,凌陽創新,半導體業,2023-08-21,2023-08-22,134.836,159.736,0.25,121,143.345,0.102615,0.823741,False,,,,,,0,,,,,,False,0.25,2023-08-23,129.176,153.031,F3_RS_FAILURE,FAILED_PROBE,2,0.25,-0.0115956,-0.0115956,-0.0463824,-0.0419768,0.012339,-0.0469922,0.012339,-0.0469922,,,,,0.25,0,,DISCOVERY,2023,0.952703,0.00823045,0.0781893,0.0742107,0.190909,0.428386,0.0558888,1.26051,0.740968,1.26062,0.756975,-0.0239845,0.0998232,0.0758387,0.7,2,-0.00899586,0.0133315,0.00920409,-0.0150376,2.73171,1.17646e+08,1.09881e-05,MARKET_DOWN,False,False,False,Disc=0.95 10D超額=+7.6% 產業超額=+10.0% outperf10=70% RSaccel=+0.0092 觸發=indep regime=MARKET_DOWN
5236,凌陽創新,半導體業,2024-06-07,2024-06-11,188.971,223.869,0.25,174,206.133,0.079225,0.731243,False,,,,,,0,,,,,,False,0.25,2024-06-14,180.049,213.298,F2_STRUCTURE,FAILED_PROBE,4,0.25,-0.0129025,-0.0129025,-0.0516099,-0.0472162,0.0160276,-0.052766,0.0160276,-0.052766,,,,,0.75,0,,DISCOVERY,2024,0.962222,0.0028169,0.0591549,0.12896,0.283276,0.265993,0.0600304,0.668237,0.556557,1.24804,1.59056,0.0319873,0.151876,0.183864,0.6,2,0.00426048,0.000621852,-0.0245844,-0.13164,3.81013,2.61787e+08,-0.00202349,MARKET_UP,False,False,False,Disc=0.96 10D超額=+18.4% 產業超額=+15.2% outperf10=60% RSaccel=-0.0246 觸發=indep regime=MARKET_UP
5243,乙盛-KY,電子工業,2025-09-25,2025-09-26,79.2977,89.5242,0.25,73.7,83.2045,0.0705915,0.783996,False,,,,,,0,,,,,,False,0.25,2025-09-26,73.5158,82.9965,F1_PROBE_LOW,FAILED_PROBE,1,0.25,-0.0193127,-0.0193127,-0.0772509,-0.072915,0,0,,,,,,,0,0,,STRICT_OOS,2025,0.953488,0.0160858,0.0495978,0.0674473,-0.0189979,0.405873,0.0361248,1.03093,0.461805,2.33335,1.10743,-0.00724584,0.0718354,0.0645896,0.5,1,0.0167414,0.00307396,0.0218545,-0.0538676,3.88889,1.76435e+08,-0.0065993,MARKET_UP,False,False,False,Disc=0.95 10D超額=+6.5% 產業超額=+7.2% outperf10=50% RSaccel=+0.0219 觸發=indep regime=MARKET_UP
5258,虹堡,電子工業,2023-03-02,2023-03-03,97.2425,102.16,0.25,90.5,95.0761,0.069337,0.894136,False,,,,,,0,,,,,,False,0.25,2023-03-10,94.8623,99.659,F4_TIME_5D,FAILED_PROBE,6,0.25,-0.0072306,-0.0072306,-0.0289224,-0.0244775,0.0489241,-0.043628,0.0489241,-0.043628,,,,,1.25,0,,DISCOVERY,2023,0.973684,-0.00215517,0.0344828,0.158721,0.221374,0.367521,0.0462798,1.08037,0.549095,1.38098,1.48028,0.0370511,0.229669,0.26672,0.8,2,0.0144211,-0.00284502,0.00869399,-0.0133607,4.83923,1.74874e+09,1.4745e-05,MARKET_SIDEWAYS,False,False,False,Disc=0.97 10D超額=+26.7% 產業超額=+23.0% outperf10=80% RSaccel=+0.0087 觸發=indep regime=MARKET_SIDEWAYS
5258,虹堡,電子工業,2025-07-11,2025-07-14,67.6688,79.5781,0.25,64.2,75.4989,0.0512608,0.780672,False,,,,,,0,,,,,,False,0.25,2025-07-16,65.1368,76.6005,F3_RS_FAILURE,FAILED_PROBE,3,0.25,-0.0104583,-0.0104583,-0.0418334,-0.0374176,0.000461808,-0.0438718,0.000461808,-0.0438718,,,,,0.5,0,,STRICT_OOS,2025,0.961844,0.0261137,0.0399386,0.0806065,0.141653,0.0578125,0.0305972,1.04992,0.48491,2.23181,1.48066,-0.0101616,0.0892682,0.0791065,0.7,1,-0.0105398,-0.00053606,-0.000463971,-0.49501,3.57241,4.49064e+07,0.00254613,MARKET_SIDEWAYS,False,False,False,Disc=0.96 10D超額=+7.9% 產業超額=+8.9% outperf10=70% RSaccel=-0.0005 觸發=indep regime=MARKET_SIDEWAYS
5263,智崴,文化創意業,2024-10-17,2024-10-18,190.475,193.163,0.25,179,181.526,0.0602441,0.699256,False,,,,,,0,,,,,,False,0.25,2024-10-28,188.029,190.683,F2_STRUCTURE,FAILED_PROBE,7,0.25,-0.0043285,-0.0043285,-0.017314,-0.0128429,0.0657567,-0.0497441,0.0657567,-0.0497441,,,,,1.5,0,,DISCOVERY,2024,0.953923,0.00536193,0.0294906,0.05509,0.1261,0.0270207,0.0375744,0.837152,0.361811,1.7287,0.998535,-0.0503149,0.0593218,0.00900692,0.4,2,0.00958718,-0.00222307,0.0241515,-0.0629374,3.25743,2.05461e+08,0.00186259,MARKET_UP,False,False,False,Disc=0.95 10D超額=+0.9% 產業超額=+5.9% outperf10=40% RSaccel=+0.0242 觸發=indep regime=MARKET_UP
5269,祥碩,半導體業,2024-12-11,2024-12-12,1904.75,2046.11,0.25,1805,1938.96,0.0523691,0.750029,True,2024-12-17,2075,2228.99,persist,3,1,2024-12-18,2050.11,2202.26,,,True,1,2025-01-06,1990.01,2137.7,TREND_FAILURE_MA20x2,EXIT,17,1,-0.0152715,-0.0152715,-0.0152715,0.0447631,0.0946318,-0.0208689,0.0893818,-0.0208689,0.0763158,-0.0293155,0.0170174,-0.085416,13,0,,DISCOVERY,2024,0.981183,0,0.0108108,0.102757,0.0935673,0.255034,0.0431627,1.3039,0.50978,0.680404,1.46192,0.00566869,0.137612,0.143281,0.6,3,-0.00913854,0.00478741,-0.00625344,-0.264162,4.83186,1.9451e+09,-0.00957618,MARKET_SIDEWAYS,False,False,False,Disc=0.98 10D超額=+14.3% 產業超額=+13.8% outperf10=60% RSaccel=-0.0063 觸發=indep regime=MARKET_SIDEWAYS
5269,祥碩,半導體業,2026-07-28,2026-07-29,1463.65,1648.66,0.25,1340,1509.38,0.0844806,0.808757,False,,,,,,0,,,,,,False,0.25,2026-07-30,1336.65,1505.61,F1_PROBE_LOW,FAILED_PROBE,2,0.25,-0.0227685,-0.0227685,-0.0910741,-0.0867694,0.0145868,-0.0639839,0.0145868,-0.0639839,,,,,0.25,0,,STRICT_OOS,2026,0.963743,-0.0216606,0.0505415,0.0106895,0.0178605,0.0998859,0.044278,0.925114,0.353312,1.64179,0.600287,-0.0883684,0.142922,0.0545536,0.6,1,-0.000607053,-0.00786533,0.0192314,-0.239826,2.70773,1.43665e+09,-0.0465422,MARKET_SIDEWAYS,False,False,False,Disc=0.96 10D超額=+5.5% 產業超額=+14.3% outperf10=60% RSaccel=+0.0192 觸發=indep regime=MARKET_SIDEWAYS
5272,笙科,半導體業,2023-03-14,2023-03-15,32.2805,33.0712,0.25,30.85,31.6056,0.0443146,0.785844,False,,,,,,0,,,,,,False,0.25,2023-03-16,30.7729,31.5266,F1_PROBE_LOW,FAILED_PROBE,2,0.25,-0.0127747,-0.0127747,-0.0510988,-0.0467038,0,-0.0350211,0,-0.0350211,,,,,0.25,0,,DISCOVERY,2023,0.982019,-0.0110935,0.00792392,0.0957016,0.182156,0.182156,0.0429021,1.12372,0.413831,0.462147,2.83871,0.0149192,0.138213,0.153132,0.7,2,-0.00123206,0.00629989,-0.0134981,-0.329653,6.04712,3.08229e+07,-0.0128576,MARKET_SIDEWAYS,False,False,False,Disc=0.98 10D超額=+15.3% 產業超額=+13.8% outperf10=70% RSaccel=-0.0135 觸發=indep regime=MARKET_SIDEWAYS
5274,信驊,半導體業,2025-06-05,2025-06-06,4130.3,4218.66,0.25,3845,3927.26,0.0690749,0.831871,True,2025-06-11,4660,4759.69,persist,3,1,2025-06-12,4912.25,5017.34,,,True,1,2025-07-18,4837.88,4998.56,TREND_FAILURE_MA20x2,EXIT,31,1,0.0388129,0.0388129,0.0388129,0.184869,0.274784,-0.0170206,0.147616,-0.0170206,0.18932,-0.00374239,0.0718592,-0.118625,27,0,,STRICT_OOS,2025,0.974551,0,0.0335404,0.12311,0.221733,0.23994,0.0406937,1.11122,0.457868,1.49455,1.26417,-0.0098689,0.0811082,0.0712393,0.6,2,-0.00129688,0.00697634,-0.00200985,-0.221703,2.83544,1.79455e+09,0.00260615,MARKET_UP,False,False,False,Disc=0.97 10D超額=+7.1% 產業超額=+8.1% outperf10=60% RSaccel=-0.0020 觸發=indep regime=MARKET_UP
5284,jpp-KY,其他,2023-01-04,2023-01-05,72.6812,80.2372,0.25,66.5,73.4134,0.085046,0.812833,False,,,,,,0,,,,,,False,0.25,2023-01-09,69.2265,76.4233,F3_RS_FAILURE,FAILED_PROBE,3,0.25,-0.0129815,-0.0129815,-0.0519259,-0.0475329,0.0195202,-0.0478975,0.0195202,-0.0478975,,,,,0.5,0,,DISCOVERY,2023,0.966957,0,0.0359712,0.06501,0.254355,0.492228,0.0517857,1.01317,0.600394,0.725562,0.674763,0.0148149,0.0925305,0.107345,0.6,1,0.00199124,-0.000802468,0.00224548,-0.0177353,2.06513,2.33326e+08,-0.00175687,MARKET_SIDEWAYS,False,False,False,Disc=0.97 10D超額=+10.7% 產業超額=+9.3% outperf10=60% RSaccel=+0.0022 觸發=indep regime=MARKET_SIDEWAYS
5284,jpp-KY,其他,2023-02-15,2023-02-16,90.7263,100.158,0.25,85.5,94.3886,0.0576046,0.777583,True,2023-02-20,95.1,104.987,persist,2,1,2023-02-21,96.1397,106.134,,,True,1,2023-03-17,94.563,104.394,TREND_FAILURE_MA20x2,EXIT,20,1,-0.00622424,-0.00622424,-0.00622424,0.0422893,0.206927,-0.00800485,0.087888,-0.00800485,0.0596685,-0.0164006,0.138967,-0.0409794,16.75,0,,DISCOVERY,2023,0.9725,-0.00677966,0.0271186,0.132146,0.294872,0.692737,0.0452617,0.93574,0.494899,0.882241,1.06866,0.0211763,0.112828,0.134004,0.6,2,0.00852638,-0.00838657,-0.00554752,-0.0172973,3.23264,2.41974e+08,-0.0141551,MARKET_UP,False,False,False,Disc=0.97 10D超額=+13.4% 產業超額=+11.3% outperf10=60% RSaccel=-0.0055 觸發=indep regime=MARKET_UP
5284,jpp-KY,其他,2024-06-27,2024-06-28,132.831,149.723,0.25,122,137.514,0.0815415,0.883596,False,,,,,,0,,,,,,False,0.25,2024-07-05,131.67,148.414,F3_RS_FAILURE,FAILED_PROBE,6,0.25,-0.00330566,-0.00330566,-0.0132226,-0.0087423,0.0200913,-0.0250788,0.0200913,-0.0250788,,,,,1.25,0,,DISCOVERY,2024,0.95614,-0.00389105,0.0233463,0.0596293,0.0354331,-0.381176,0.0328626,1.01141,0.395477,1.39882,0.833811,-0.0125692,0.109881,0.0973119,0.7,2,-0.00398784,-0.0101682,0.0139328,-0.450939,3.47107,7.7548e+07,-0.00351116,MARKET_UP,False,False,False,Disc=0.96 10D超額=+9.7% 產業超額=+11.0% outperf10=70% RSaccel=+0.0139 觸發=indep regime=MARKET_UP
5285,界霖,電子工業,2026-05-18,2026-05-19,75.1875,91.1252,0.25,71,86.0501,0.0556941,0.83253,False,,,,,,0,,,,,,False,0.25,2026-06-16,89.376,108.321,PROBE_MAX_LIFE,FAILED_PROBE,21,0.25,0.0459459,0.0459459,0.183784,0.188708,0.324688,-0.0184539,0.324688,-0.0184539,,,,,5,0,,STRICT_OOS,2026,0.96544,0.00539084,0.0215633,0.244153,0.398524,0.474708,0.0432529,0.692777,0.594523,1.38622,2.67193,0.0539075,0.287865,0.341773,0.6,3,0.00881574,-0.0113643,-0.0021932,-0.0181347,6.77124,9.09117e+07,-0.00681379,MARKET_UP,False,False,False,Disc=0.97 10D超額=+34.2% 產業超額=+28.8% outperf10=60% RSaccel=-0.0022 觸發=indep regime=MARKET_UP
5289,宜鼎,電腦及週邊設備業,2023-03-16,2023-03-17,244.61,277.032,0.25,228,258.22,0.067904,0.811322,True,2023-03-21,266,301.257,persist,2,1,2023-03-22,269.673,305.416,,,True,1,2023-04-24,282.292,319.709,TREND_FAILURE_MA20x2,EXIT,24,1,0.0689453,0.0689453,0.0689453,0.154051,0.361351,-0.0229345,0.136503,-0.0229345,0.102459,0.0467975,0.234831,-0.00991017,20.75,0,,DISCOVERY,2023,0.956104,-0.012685,0.0274841,0.10883,0.233503,0.296,0.0449735,0.534733,0.4831,1.504,1.73952,0.00591084,0.112891,0.118802,0.7,1,0.0034983,-0.00827337,-0.00493601,-0.0433071,3.29412,2.03931e+08,-0.0108185,MARKET_SIDEWAYS,False,False,False,Disc=0.96 10D超額=+11.9% 產業超額=+11.3% outperf10=70% RSaccel=-0.0049 觸發=indep regime=MARKET_SIDEWAYS
5299,杰力,半導體業,2026-08-04,2026-08-05,110.776,149.485,0.25,99.4,134.134,0.102696,0.751817,False,,,,,,0,,,,,,False,0.25,2026-08-06,104.737,141.336,F3_RS_FAILURE,FAILED_PROBE,2,0.25,-0.0147226,-0.0147226,-0.0588904,-0.054513,0.011047,-0.056657,0.011047,-0.056657,,,,,0.25,0,,STRICT_OOS,2026,0.99878,-0.00492611,0.0591133,0.0580464,-0.215421,0.204099,0.0596013,0.816216,0.797643,1.09424,1.3754,-0.0138413,0.182064,0.168223,0.6,2,-0.000287028,-0.00355223,0.00748264,-0.215421,3.48049,9.86453e+07,-0.000593504,MARKET_SIDEWAYS,False,False,False,Disc=1.00 10D超額=+16.8% 產業超額=+18.2% outperf10=60% RSaccel=+0.0075 觸發=indep regime=MARKET_SIDEWAYS
5328,華容,電子零組件業,2025-11-21,2025-11-24,22.055,23.9174,0.25,20.3,22.0142,0.0795738,0.84713,False,,,,,,0,,,,,,False,0.25,2025-11-25,20.2493,21.9591,F1_PROBE_LOW,FAILED_PROBE,2,0.25,-0.0215477,-0.0215477,-0.0861906,-0.0818749,0.0405804,-0.0387667,0.0405804,-0.0387667,,,,,0.25,0,,STRICT_OOS,2025,0.959097,-0.0238095,0.00238093,0.0636685,-0.00941179,0.610663,0.0627757,0.530418,0.606615,1.03292,1.39596,0.0237306,0.180042,0.203773,0.6,2,0.0233533,-0.00367487,0.00908806,-0.0767544,3.8973,2.96833e+08,-0.0361484,MARKET_SIDEWAYS,False,False,False,Disc=0.96 10D超額=+20.4% 產業超額=+18.0% outperf10=60% RSaccel=+0.0091 觸發=indep regime=MARKET_SIDEWAYS
5340,建榮,電子零組件業,2024-04-12,2024-04-15,60.8517,60.8518,0.25,58,58,0.0468639,0.843219,False,,,,,,0,,,,,,False,0.25,2024-04-16,57.855,57.855,F1_PROBE_LOW,FAILED_PROBE,2,0.25,-0.013409,-0.013409,-0.0536359,-0.0492467,0.00736626,-0.0255005,0.00736626,-0.0255005,,,,,0.25,0,,DISCOVERY,2024,0.971395,0.00995025,0.0248756,0.116329,0.131868,0.0600343,0.0387194,1.05616,0.421417,1.45754,2.69381,0.00174726,0.128999,0.130747,0.6,3,-0.00858192,-0.0120615,0.0204755,-0.199482,4.6806,5.8294e+07,-0.000802285,MARKET_UP,False,False,False,Disc=0.97 10D超額=+13.1% 產業超額=+12.9% outperf10=60% RSaccel=+0.0205 觸發=indep regime=MARKET_UP
5347,世界,半導體業,2024-03-15,2024-03-18,84.21,97.0329,0.25,81.2,93.5645,0.035744,0.81136,False,,,,,,0,,,,,,False,0.25,2024-04-17,83.391,96.0892,F2_STRUCTURE,FAILED_PROBE,21,0.25,-0.00355095,-0.00355095,-0.0142038,-0.00972569,0.0972569,-0.0226814,0.0972569,-0.0226814,,,,,5,0,,DISCOVERY,2024,0.976898,0,0.0182039,0.115766,0.135318,0.06743,0.0256257,0.982807,0.380669,1.75089,2.53319,-0.119004,0.235225,0.116221,0.4,1,0.00295076,0.00477213,0.0260023,-0.120345,6.55814,1.0612e+09,-0.0128108,MARKET_UP,False,False,False,Disc=0.98 10D超額=+11.6% 產業超額=+23.5% outperf10=40% RSaccel=+0.0260 觸發=indep regime=MARKET_UP
5351,鈺創,半導體業,2023-11-29,2023-11-30,53.8343,58.3461,0.25,50.1,54.2989,0.0693657,0.667358,False,,,,,,0,,,,,,False,0.25,2023-12-05,51.1718,55.4605,F2_STRUCTURE,FAILED_PROBE,4,0.25,-0.0134615,-0.0134615,-0.0538461,-0.0494574,0.0160818,-0.0563628,0.0160818,-0.0563628,,,,,0.75,0,,DISCOVERY,2023,0.965714,0.00380228,0.0228137,0.156741,0.299517,0.307412,0.0496548,1.27486,0.621834,1.52956,2.39164,0.0912132,0.11879,0.210003,0.6,4,-0.0128405,0.00914945,-0.0192262,-0.0477876,4.90374,1.08798e+09,0.00169019,MARKET_UP,False,False,False,Disc=0.97 10D超額=+21.0% 產業超額=+11.9% outperf10=60% RSaccel=-0.0192 觸發=indep regime=MARKET_UP
5371,中光電,光電業,2025-07-21,2025-07-22,60.3505,78.7195,0.25,56.8,74.0884,0.0588314,0.82306,True,2025-07-24,67.4,87.9147,persist,2,1,2025-07-25,67.769,88.396,,,True,1,2025-09-17,111.72,145.724,TREND_FAILURE_MA20x2,EXIT,42,1,0.693129,0.693129,0.693129,0.851186,1.33635,-0.0422615,0.148292,-0.0422615,0.122924,0.648541,1.0806,-0.0231522,38.75,0,,STRICT_OOS,2025,0.950388,0.00865052,0.0363322,0.0940286,0.140129,-0.0101772,0.0276451,1.07275,0.262003,2.55441,1.44754,-0.0370031,0.130178,0.0931751,0.6,1,-0.00623696,-0.00424282,0.0075416,-0.371124,5.45448,1.12212e+08,-0.00182054,MARKET_UP,False,False,False,Disc=0.95 10D超額=+9.3% 產業超額=+13.0% outperf10=60% RSaccel=+0.0075 觸發=indep regime=MARKET_UP
5432,新門,光電業,2023-08-11,2023-08-14,49.323,50.836,0.25,47.5,48.9571,0.0369605,0.680922,False,,,,,,0,,,,,,False,0.25,2023-08-18,48.0296,49.5029,F2_STRUCTURE,FAILED_PROBE,5,0.25,-0.00766589,-0.00766589,-0.0306636,-0.0262226,0.100906,-0.0247957,0.100906,-0.0247957,,,,,1,0,,DISCOVERY,2023,0.957125,0.0188679,0.0461216,0.140441,0.630719,0.664423,0.0909676,0.436015,0.996834,0.821014,1.2661,-0.0150845,0.0864335,0.071349,0.5,1,-7.94006e-05,0.00275894,-0.0181202,-0.0584906,2.48938,3.04538e+07,-0.00201086,MARKET_SIDEWAYS,False,False,False,Disc=0.96 10D超額=+7.1% 產業超額=+8.6% outperf10=50% RSaccel=-0.0181 觸發=indep regime=MARKET_SIDEWAYS
5432,新門,光電業,2025-10-28,2025-10-29,145.864,152.25,0.25,136.5,142.476,0.0641952,0.850374,False,,,,,,0,,,,,,False,0.25,2025-10-30,139.65,145.764,F3_RS_FAILURE,FAILED_PROBE,2,0.25,-0.011751,-0.011751,-0.0470038,-0.0425997,0.0249291,-0.0402002,0.0249291,-0.0402002,,,,,0.25,0,,STRICT_OOS,2025,0.957476,0.0104895,0.027972,0.121709,0.0970149,0.25641,0.0456754,1.04723,0.51809,1.90369,2.21308,-0.0684828,0.135649,0.0671666,0.6,2,-0.00950012,0.00147533,0.00673077,-0.457546,3.12766,3.59596e+07,-0.00159036,MARKET_UP,False,False,False,Disc=0.96 10D超額=+6.7% 產業超額=+13.6% outperf10=60% RSaccel=+0.0067 觸發=indep regime=MARKET_UP
5432,新門,光電業,2026-06-26,2026-06-29,165.412,172.654,0.25,153,159.698,0.0750396,0.807084,False,,,,,,0,,,,,,False,0.25,2026-07-02,164.089,171.273,F3_RS_FAILURE,FAILED_PROBE,4,0.25,-0.00312118,-0.00312118,-0.0124847,-0.00800272,0.0640066,-0.0296985,0.0640066,-0.0296985,,,,,0.75,0,,STRICT_OOS,2026,0.966223,-0.00925926,0.00308642,0.142958,0.208178,0.186131,0.0512088,0.665575,0.628885,1.57636,1.71446,-0.0274135,0.167737,0.140323,0.4,2,0.0197812,-0.0125742,0.0183091,-0.166667,3.60515,3.62795e+07,-0.0363959,MARKET_SIDEWAYS,False,False,False,Disc=0.97 10D超額=+14.0% 產業超額=+16.8% outperf10=40% RSaccel=+0.0183 觸發=indep regime=MARKET_SIDEWAYS
5439,高技,電子零組件業,2023-03-02,2023-03-03,65.0623,74.6689,0.25,60.8,69.7774,0.0655103,0.88765,False,,,,,,0,,,,,,False,0.25,2023-03-16,63.5408,72.9228,F2_STRUCTURE,FAILED_PROBE,10,0.25,-0.00695817,-0.00695817,-0.0278327,-0.0233853,0.032857,-0.0194007,0.032857,-0.0194007,,,,,2.25,0,,DISCOVERY,2023,0.960526,0.0031746,0.0222222,0.107766,0.222011,0.370213,0.0273957,0.715138,0.309347,3.36806,1.89172,0.0337378,0.103627,0.137365,0.7,3,0.0108048,-0.00211361,0.00390483,-0.00155039,5.32794,6.54668e+07,1.4745e-05,MARKET_SIDEWAYS,False,False,False,Disc=0.96 10D超額=+13.7% 產業超額=+10.4% outperf10=70% RSaccel=+0.0039 觸發=indep regime=MARKET_SIDEWAYS
5439,高技,電子零組件業,2024-03-28,2024-03-29,125.312,148.202,0.25,119.5,141.327,0.046384,0.599823,False,,,,,,0,,,,,,False,0.25,2024-04-08,121.196,143.333,F2_STRUCTURE,FAILED_PROBE,5,0.25,-0.00931849,-0.00931849,-0.037274,-0.0328479,0.0294264,-0.042394,0.0294264,-0.042394,,,,,1,0,,DISCOVERY,2024,0.951429,-0.00404858,0.0202429,0.0732538,0.188679,0.037037,0.0459184,0.990075,0.540847,0.587717,1.76255,0.0126047,0.0870635,0.0996682,0.6,2,0.00765045,-0.015628,-0.00686513,-0.194888,4.14815,6.82057e+08,-0.00265196,MARKET_UP,False,False,False,Disc=0.95 10D超額=+10.0% 產業超額=+8.7% outperf10=60% RSaccel=-0.0069 觸發=indep regime=MARKET_UP
5439,高技,電子零組件業,2025-05-08,2025-05-09,165.914,204.564,0.25,151,186.176,0.0898885,0.891549,False,,,,,,0,,,,,,False,0.25,2025-06-09,207.979,256.429,PROBE_MAX_LIFE,FAILED_PROBE,21,0.25,0.0621162,0.0621162,0.248465,0.253535,0.25065,-0.0416707,0.25065,-0.0416707,,,,,5,0,,STRICT_OOS,2025,0.950906,0.00980392,0.0555556,0.129173,0.161871,0.374468,0.0614772,1.12041,0.818974,1.06965,1.23667,0.0410071,0.150497,0.191504,0.8,1,-0.000319822,0.00810723,0.0103074,-0.173913,3.02158,1.73495e+09,-0.000150391,MARKET_UP,False,False,False,Disc=0.95 10D超額=+19.2% 產業超額=+15.0% outperf10=80% RSaccel=+0.0103 觸發=indep regime=MARKET_UP
5457,宣德,電子零組件業,2024-11-13,2024-11-14,57.1425,64.3857,0.25,55.2,62.1969,0.033994,0.870953,False,,,,,,0,,,,,,False,0.25,2024-11-14,55.062,62.0414,F1_PROBE_LOW,FAILED_PROBE,1,0.25,-0.0102068,-0.0102068,-0.0408271,-0.036409,0,0,,,,,,,0,0,,DISCOVERY,2024,0.975919,0.0036036,0.018018,0.0934249,0.0823755,0.151886,0.02756,0.875225,0.43782,1.46012,3.44871,-0.0229216,0.149076,0.126155,0.5,1,0.00792905,-0.00468632,0.0326196,-0.203676,6.29358,7.26128e+07,-0.00528854,MARKET_SIDEWAYS,False,False,False,Disc=0.98 10D超額=+12.6% 產業超額=+14.9% outperf10=50% RSaccel=+0.0326 觸發=indep regime=MARKET_SIDEWAYS
5469,瀚宇博,電子工業,2023-04-11,2023-04-12,39.0975,44.0776,0.25,36,40.5856,0.079225,0.892714,False,,,,,,0,,,,,,False,0.25,2023-04-19,38.0546,42.9019,F4_TIME_5D,FAILED_PROBE,6,0.25,-0.00777842,-0.00777842,-0.0311137,-0.0266737,0.00901592,-0.0370228,0.00901592,-0.0370228,,,,,1.25,0,,DISCOVERY,2023,0.951049,0.00530504,0.030504,0.100099,0.102128,0.227488,0.0173745,0.788226,0.260188,3.04756,2.43646,0.0123048,0.0866755,0.0989803,0.7,2,0.00720072,-0.00465178,0.0191097,-0.0202465,5.92593,6.68879e+07,0.00237526,MARKET_SIDEWAYS,False,False,False,Disc=0.95 10D超額=+9.9% 產業超額=+8.7% outperf10=70% RSaccel=+0.0191 觸發=indep regime=MARKET_SIDEWAYS
5483,中美晶,半導體業,2023-01-11,2023-01-12,159.398,174.946,0.25,149.478,164.06,0.0622292,0.879333,False,,,,,,0,,,,,,False,0.25,2023-02-15,161.096,176.811,F3_RS_FAILURE,FAILED_PROBE,17,0.25,0.00153334,0.00153334,0.00613334,0.0106573,0.0539689,-0.0338619,0.0539689,-0.0338619,,,,,4,0,,DISCOVERY,2023,0.978339,0.00958466,0.0319489,0.0902954,0.0555556,0.318367,0.0265369,1.34381,0.408788,2.58549,1.35806,0.0298185,0.0660947,0.0959131,0.7,1,-0.0033923,0.00493522,0.0141056,-0.30633,6.06667,5.59638e+08,-0.00348039,MARKET_SIDEWAYS,False,False,False,Disc=0.98 10D超額=+9.6% 產業超額=+6.6% outperf10=70% RSaccel=+0.0141 觸發=indep regime=MARKET_SIDEWAYS
5483,中美晶,半導體業,2023-12-15,2023-12-18,196.991,223.385,0.25,187,212.055,0.0507193,0.828151,False,,,,,,0,,,,,,False,0.25,2023-12-29,194.513,220.575,F2_STRUCTURE,FAILED_PROBE,10,0.25,-0.00426368,-0.00426368,-0.0170547,-0.012583,0.0533463,-0.0151847,0.0533463,-0.0151847,,,,,2.25,0,,DISCOVERY,2023,0.96129,0.0078329,0.0313316,0.079825,0.112676,0.207951,0.022604,1.11415,0.249226,2.60747,1.37531,-0.0186185,0.0755733,0.0569548,0.5,3,-0.00201911,0.00307561,0.00472315,-0.00753769,4.592,1.01311e+09,0.001176,MARKET_UP,False,False,False,Disc=0.96 10D超額=+5.7% 產業超額=+7.6% outperf10=50% RSaccel=+0.0047 觸發=indep regime=MARKET_UP
5490,同亨,電腦及週邊設備業,2025-07-08,2025-07-09,29.7241,34.2288,0.25,28.1,32.3586,0.05464,0.810745,False,,,,,,0,,,,,,False,0.25,2025-07-10,28.6283,32.9669,F3_RS_FAILURE,FAILED_PROBE,2,0.25,-0.0103213,-0.0103213,-0.0412852,-0.0368682,0.0361953,-0.0378186,0.0361953,-0.0378186,,,,,0.25,0,,STRICT_OOS,2025,0.970859,0.00711744,0.0569395,0.0934236,0.0982578,0.551148,0.0414243,0.911303,0.487883,4.77421,2.52627,-0.0100202,0.106504,0.0964836,0.5,1,0.00764637,-0.000590226,0.0201952,-0.202854,3.57,4.02537e+07,-0.00296272,MARKET_SIDEWAYS,False,False,False,Disc=0.97 10D超額=+9.6% 產業超額=+10.7% outperf10=50% RSaccel=+0.0202 觸發=indep regime=MARKET_SIDEWAYS
5498,凱崴,電子零組件業,2025-08-06,2025-08-07,20.05,21.6481,0.25,18.2,19.6506,0.0922694,0.789961,True,2025-08-12,22.35,24.1314,persist,3,1,2025-08-13,23.4585,25.3283,,,True,1,2025-08-25,26.0846,28.1637,MFE_PROTECTION,EXIT,13,1,0.154347,0.154347,0.154347,0.300979,0.496259,-0.0399002,0.114713,-0.0399002,0.17,0.111948,0.278854,-0.0131509,9,0,,STRICT_OOS,2025,0.998501,0.032967,0.065934,0.268803,0.533597,1.11329,0.0587261,1.04497,0.765246,1.71439,2.22596,0.0553053,0.300579,0.355885,0.7,3,0.0287405,0.00801104,-0.00934424,-0.0419753,5.52978,3.52162e+08,-0.00901203,MARKET_UP,False,False,False,Disc=1.00 10D超額=+35.6% 產業超額=+30.1% outperf10=70% RSaccel=-0.0093 觸發=indep regime=MARKET_UP
5508,永信建,建材營造,2024-03-19,2024-03-20,125.814,166.985,0.25,119,157.941,0.0541575,0.85827,False,,,,,,0,,,,,,False,0.25,2024-03-27,125.685,166.814,F2_STRUCTURE,FAILED_PROBE,6,0.25,-0.00138026,-0.00138026,-0.00552104,-0.00102334,0.0412216,-0.0303127,0.0412216,-0.0303127,,,,,1.25,0,,DISCOVERY,2024,0.982202,0.00409836,0.0245902,0.144689,0.278119,0.385809,0.0288571,0.389724,0.331894,0.985637,1.23084,-0.0110351,0.155002,0.143967,0.8,2,0.00971647,-4.1195e-05,0.00010348,-0.00793651,5.54455,1.2782e+08,-0.00113934,MARKET_UP,False,False,False,Disc=0.98 10D超額=+14.4% 產業超額=+15.5% outperf10=80% RSaccel=+0.0001 觸發=indep regime=MARKET_UP
5508,永信建,建材營造,2024-04-25,2024-04-26,171.929,228.19,0.25,160,212.358,0.0693819,0.806114,True,2024-04-30,205,272.084,persist,2,1,2024-05-02,210.525,279.417,,,True,1,2024-05-27,192.019,254.855,TREND_FAILURE_MA20x2,EXIT,21,1,-0.0411336,-0.0411336,-0.0411336,0.116851,0.413376,-0.0199429,0.192354,-0.0199429,0.22449,-0.0879052,0.154257,-0.12837,17.75,0,,DISCOVERY,2024,0.976905,-0.0122324,0.0397554,0.161004,0.370968,0.874311,0.0521008,0.394989,0.515495,1.41596,1.9938,0.13662,0.12083,0.25745,0.7,3,0.0199963,0.00162114,-0.0185317,-0.0368272,4.17742,3.75763e+08,-0.0136262,MARKET_SIDEWAYS,False,True,False,Disc=0.98 10D超額=+25.7% 產業超額=+12.1% outperf10=70% RSaccel=-0.0185 觸發=indep regime=MARKET_SIDEWAYS
5511,德昌,建材營造,2023-05-23,2023-05-24,54.8367,62.7779,0.25,52.2,59.7593,0.0480836,0.794336,False,,,,,,0,,,,,,False,0.25,2023-05-26,52.0695,59.6099,F1_PROBE_LOW,FAILED_PROBE,3,0.25,-0.0137125,-0.0137125,-0.0548499,-0.0504634,0.0084478,-0.0225533,0.0084478,-0.0225533,,,,,0.5,0,,DISCOVERY,2023,0.984786,0.00377358,0.0377358,0.22809,0.551481,0.788618,0.0427273,0.431434,0.472158,1.46467,1.98529,-0.0197146,0.254814,0.235099,0.6,3,0.012974,0.00214543,-0.022437,-0.00362319,4.93617,9.79938e+07,0.000441261,MARKET_UP,False,False,False,Disc=0.98 10D超額=+23.5% 產業超額=+25.5% outperf10=60% RSaccel=-0.0224 觸發=indep regime=MARKET_UP
5515,建國,建材營造,2024-03-15,2024-03-18,20.5011,25.2391,0.25,19.15,23.5758,0.0659049,0.812489,False,,,,,,0,,,,,,False,0.25,2024-03-19,19.1021,23.5168,F1_PROBE_LOW,FAILED_PROBE,2,0.25,-0.0181467,-0.0181467,-0.0725866,-0.0682401,0.00238402,-0.0341993,0.00238402,-0.0341993,,,,,0.25,0,,DISCOVERY,2024,0.991199,0.0284238,0.0594315,0.111412,0.171429,0.305732,0.0385017,0.224611,0.472893,3.80277,1.89304,-0.0108413,0.136188,0.125347,0.4,2,0.0220086,-0.01481,0.00159083,-0.0144231,4.37104,6.95879e+07,-0.0128108,MARKET_UP,False,False,False,Disc=0.99 10D超額=+12.5% 產業超額=+13.6% outperf10=40% RSaccel=+0.0016 觸發=indep regime=MARKET_UP
5515,建國,建材營造,2026-01-09,2026-01-12,40.4509,49.6398,0.25,36.85,45.2209,0.0890184,0.844778,False,,,,,,0,,,,,,False,0.25,2026-01-13,36.6581,44.9855,F1_PROBE_LOW,FAILED_PROBE,2,0.25,-0.0245127,-0.0245127,-0.0980509,-0.0937619,0.00121444,-0.0383397,0.00121444,-0.0383397,,,,,0.25,0,,STRICT_OOS,2026,0.968232,-0.0103627,0.0310881,0.112276,0.232198,0.582505,0.0336504,0.261103,0.388526,1.05369,1.09354,-0.0929808,0.156097,0.0631159,0.5,2,0.0267458,-0.00925424,0.0136839,0,3.73333,4.12671e+07,-0.00235799,MARKET_UP,False,False,False,Disc=0.97 10D超額=+6.3% 產業超額=+15.6% outperf10=50% RSaccel=+0.0137 觸發=indep regime=MARKET_UP
5522,遠雄,建材營造,2023-10-18,2023-10-19,62.556,79.1204,0.25,59.3,75.0023,0.0520494,0.925728,False,,,,,,0,,,,,,False,0.25,2023-10-20,59.1517,74.8148,F1_PROBE_LOW,FAILED_PROBE,2,0.25,-0.0146992,-0.0146992,-0.0587968,-0.0544193,0,-0.0296694,0,-0.0296694,,,,,0.25,0,,DISCOVERY,2023,0.960546,-0.00164204,0.0246306,0.0659378,0.0852174,0.0758621,0.0175137,0.404844,0.198181,4.17149,1.71408,0.0272355,0.0482878,0.0755233,0.7,2,0.0129256,-0.00747453,0.0187103,0,4.30065,3.54074e+07,-0.0121159,MARKET_SIDEWAYS,False,False,False,Disc=0.96 10D超額=+7.6% 產業超額=+4.8% outperf10=70% RSaccel=+0.0187 觸發=indep regime=MARKET_SIDEWAYS
5522,遠雄,建材營造,2025-11-24,2025-11-25,58.4457,81.1749,0.25,56.4,78.3336,0.0350025,0.840995,False,,,,,,0,,,,,,False,0.25,2025-12-02,58.3537,81.0471,F2_STRUCTURE,FAILED_PROBE,6,0.25,-0.00151764,-0.00151764,-0.00607057,-0.00157411,0.0419919,-0.0247366,0.0419919,-0.0247366,,,,,1.25,0,,STRICT_OOS,2025,0.96615,0.00878735,0.0246046,0.0573087,0.0638686,-0.0426929,0.0252389,0.601086,0.234766,1.31996,1.26337,0.00794099,0.0991232,0.107064,0.7,3,0.0138065,-0.0160254,0.00158885,-0.307441,3.60194,5.69925e+07,0.00262153,MARKET_SIDEWAYS,False,False,False,Disc=0.97 10D超額=+10.7% 產業超額=+9.9% outperf10=70% RSaccel=+0.0016 觸發=indep regime=MARKET_SIDEWAYS
5536,聖暉*,其他電子業,2023-10-16,2023-10-17,181.954,458.355,0.25,175,440.838,0.0382171,0.901732,False,,,,,,0,,,,,,False,0.25,2023-10-19,174.563,439.736,F1_PROBE_LOW,FAILED_PROBE,3,0.25,-0.0112575,-0.0112575,-0.0450302,-0.0406216,0.0167419,-0.0354692,0.0167419,-0.0354692,,,,,0.5,0,,DISCOVERY,2023,0.950995,-0.0028169,0.0140845,0.0978957,0.180328,0.204013,0.0236111,0.704455,0.276856,1.21276,1.21955,0.00229496,0.0844364,0.0867314,0.7,1,0.00414091,0.000973952,0.00106794,0,4.35294,6.32281e+07,-0.0077658,MARKET_SIDEWAYS,False,False,False,Disc=0.95 10D超額=+8.7% 產業超額=+8.4% outperf10=70% RSaccel=+0.0011 觸發=indep regime=MARKET_SIDEWAYS
5536,聖暉*,其他電子業,2024-04-12,2024-04-15,228.57,590.634,0.25,213.5,551.692,0.0659317,0.878707,False,,,,,,0,,,,,,False,0.25,2024-04-16,212.966,550.313,F1_PROBE_LOW,FAILED_PROBE,2,0.25,-0.0181533,-0.0181533,-0.0726132,-0.0682668,0,-0.0309314,0,-0.0309314,,,,,0.25,0,,DISCOVERY,2024,0.958284,0.016092,0.0574713,0.12925,0.185567,0.318052,0.0267081,0.683582,0.394802,2.76061,1.98702,0.0520523,0.0571934,0.109246,0.8,2,0.0152736,-0.00120476,0.0187501,-0.004329,5.69767,1.51167e+08,-0.000802285,MARKET_UP,False,False,False,Disc=0.96 10D超額=+10.9% 產業超額=+5.7% outperf10=80% RSaccel=+0.0188 觸發=indep regime=MARKET_UP
5536,聖暉*,其他電子業,2024-12-19,2024-12-20,372.93,986.564,0.25,347,917.968,0.0695305,0.776056,False,,,,,,0,,,,,,False,0.25,2024-12-30,367.08,971.088,F2_STRUCTURE,FAILED_PROBE,7,0.25,-0.00503782,-0.00503782,-0.0201513,-0.0156866,0.0270024,-0.0400343,0.0270024,-0.0400343,,,,,1.5,0,,DISCOVERY,2024,0.953146,0,0.0308555,0.0898577,0.129032,0.127301,0.0344995,0.752019,0.330722,2.47877,1.68664,-0.0240751,0.16064,0.136565,0.5,1,0.00762519,-0.0111357,0.00210843,-0.030343,2.76056,4.21714e+08,-0.0102043,MARKET_SIDEWAYS,False,False,False,Disc=0.95 10D超額=+13.7% 產業超額=+16.1% outperf10=50% RSaccel=+0.0021 觸發=indep regime=MARKET_SIDEWAYS
5608,四維航,航運業,2024-09-27,2024-09-30,19.8495,24.9413,0.25,18,22.6174,0.0931762,0.782028,False,,,,,,0,,,,,,False,0.25,2024-10-07,18.3041,22.9995,F3_RS_FAILURE,FAILED_PROBE,4,0.25,-0.0205449,-0.0205449,-0.0821794,-0.0778546,0,-0.0805814,0,-0.0805814,,,,,0.75,0,,DISCOVERY,2024,0.973485,0.0222222,0.075,0.100839,0.0690608,-0.102088,0.0249169,0.764578,0.366689,6.93795,2.61984,0.0312052,0.0463615,0.0775667,0.5,1,0.00684817,-0.0149564,0.0129852,-0.230616,5.28889,3.52369e+07,-0.00157576,MARKET_SIDEWAYS,False,False,False,Disc=0.97 10D超額=+7.8% 產業超額=+4.6% outperf10=50% RSaccel=+0.0130 觸發=indep regime=MARKET_SIDEWAYS
5608,四維航,航運業,2025-03-04,2025-03-05,22.055,27.7126,0.25,20.55,25.8215,0.0682385,0.671714,False,,,,,,0,,,,,,False,0.25,2025-03-12,21.3465,26.8224,F2_STRUCTURE,FAILED_PROBE,6,0.25,-0.00913799,-0.00913799,-0.036552,-0.0321242,0.0133757,-0.0614373,0.0133757,-0.0614373,,,,,1.25,0,,STRICT_OOS,2025,0.97712,0,0.0234742,0.181892,0.371069,0.214485,0.0516055,0.502392,0.560604,1.34138,2.50562,0.0622075,0.120798,0.183006,0.4,2,0.01251,-0.00802472,-0.00758708,-0.129741,4.26667,2.42807e+08,-0.00700335,MARKET_SIDEWAYS,False,False,False,Disc=0.98 10D超額=+18.3% 產業超額=+12.1% outperf10=40% RSaccel=-0.0076 觸發=indep regime=MARKET_SIDEWAYS
5706,鳳凰,觀光餐旅,2023-05-22,2023-05-23,71.378,80.2237,0.25,66.2,74.404,0.0725434,0.845769,True,2023-05-25,95.3,107.11,persist,2,1,2023-05-26,93.5332,105.125,,,True,1,2023-07-04,112.718,126.686,TREND_FAILURE_MA20x2,EXIT,29,1,0.293449,0.293449,0.293449,0.579163,0.800275,-0.0179047,0.335145,-0.0179047,0.310393,0.205106,0.373843,-0.0655729,25.75,0,,DISCOVERY,2023,0.954672,0.017094,0.022792,0.126275,0.1488,-0.00139081,0.0397931,0.685527,0.30261,2.16761,2.97595,0.0691482,0.065778,0.134926,0.8,1,-0.00473954,0.0065143,0.00544871,-0.0271003,4.795,2.93649e+08,0.00036909,MARKET_UP,False,True,False,Disc=0.95 10D超額=+13.5% 產業超額=+6.6% outperf10=80% RSaccel=+0.0054 觸發=indep regime=MARKET_UP
5864,致和證,金融保險,2024-05-02,2024-05-03,23.7091,30.2282,0.25,21.65,27.6029,0.0868495,0.933048,False,,,,,,0,,,,,,False,0.25,2024-05-09,22.9425,29.2508,F3_RS_FAILURE,FAILED_PROBE,5,0.25,-0.00919046,-0.00919046,-0.0367618,-0.0323346,0.0333574,-0.0446716,0.0333574,-0.0446716,,,,,1,0,,DISCOVERY,2024,0.982599,0.010917,0.0262009,0.12494,0.143552,0.374269,0.0308511,0.700655,0.42722,1.21783,1.13014,0.0542908,0.141187,0.195478,0.9,2,0.00608556,-0.00868568,0.0179837,-0.261484,5.65517,5.44962e+07,-0.00853868,MARKET_SIDEWAYS,False,False,False,Disc=0.98 10D超額=+19.5% 產業超額=+14.1% outperf10=90% RSaccel=+0.0180 觸發=indep regime=MARKET_SIDEWAYS
5871,中租-KY,其他,2025-01-02,2025-01-03,120.3,156.025,0.25,112,145.26,0.0689942,0.771244,False,,,,,,0,,,,,,False,0.25,2025-01-07,117.206,152.013,F3_RS_FAILURE,FAILED_PROBE,3,0.25,-0.00753977,-0.00753977,-0.0301591,-0.025717,0.00166251,-0.0482128,0.00166251,-0.0482128,,,,,0.5,0,,STRICT_OOS,2025,0.963365,0.00442478,0.0663717,0.039017,-0.0163265,-0.269697,0.0284529,0.788723,0.336271,1.97933,1.1029,0.0323176,0.0581039,0.0904215,0.6,2,0.0056079,-0.0111594,0.0239883,-0.343623,3.5,1.35831e+09,-0.00881437,MARKET_SIDEWAYS,False,False,False,Disc=0.96 10D超額=+9.0% 產業超額=+5.8% outperf10=60% RSaccel=+0.0240 觸發=indep regime=MARKET_SIDEWAYS
5876,上海商銀,金融保險,2025-01-15,2025-01-16,42.105,50.0073,0.25,40.5,48.101,0.038119,0.897873,False,,,,,,0,,,,,,False,0.25,2025-02-24,43.9898,52.2458,PROBE_MAX_LIFE,FAILED_PROBE,21,0.25,0.0100406,0.0100406,0.0401624,0.0447631,0.0604441,-0.0214939,0.0604441,-0.0214939,,,,,5,0,,STRICT_OOS,2025,0.958571,0,0.00841347,0.0335058,0.0448319,0.0687898,0.0165163,0.629952,0.221866,0.489066,0.478247,0.0248735,0.0570672,0.0819407,0.7,1,0.017793,-0.0100293,0.0118209,-0.108288,3.75258,7.40543e+08,-0.0124114,MARKET_SIDEWAYS,False,False,False,Disc=0.96 10D超額=+8.2% 產業超額=+5.7% outperf10=70% RSaccel=+0.0118 觸發=indep regime=MARKET_SIDEWAYS
5876,上海商銀,金融保險,2026-07-14,2026-07-15,44.8117,55.37,0.25,42.3,52.2664,0.0560511,0.806647,True,2026-07-17,45.2,55.8497,persist,2,1,2026-07-20,45.8143,56.6087,,,True,1,2026-07-23,44.3389,54.7857,HARD_STOP,EXIT,7,1,-0.0312304,-0.0312304,-0.0312304,-0.0105524,0.0376743,-0.00807266,0.018706,-0.00807266,0.0223714,-0.0322034,0.014968,-0.033052,3.75,0,,STRICT_OOS,2026,0.963283,0.00566251,0.0124575,0.0517028,0.0517647,0.124528,0.018776,0.352864,0.194559,1.29401,1.09264,0.00832363,0.04189,0.0502136,0.5,3,0.0189213,-0.0201133,0.01622,-0.0479233,3.75319,5.67015e+08,-0.0141596,MARKET_SIDEWAYS,False,False,False,Disc=0.96 10D超額=+5.0% 產業超額=+4.2% outperf10=50% RSaccel=+0.0162 觸發=indep regime=MARKET_SIDEWAYS
5880,合庫金,金融保險,2026-07-29,2026-07-30,26.1653,35.5451,0.25,25.55,34.7093,0.023514,0.932649,False,,,,,,0,,,,,,False,0.25,2026-08-04,26.4337,35.9099,F3_RS_FAILURE,FAILED_PROBE,4,0.25,0.00143466,0.00143466,0.00573864,0.0102617,0.0567451,-0.0139594,0.0567451,-0.0139594,,,,,0.75,0,,STRICT_OOS,2026,0.95338,0.00192678,0.00578035,0.0301954,0.0503018,0.139738,0.0147783,0.407276,0.0882919,2.36355,1.17616,0.0946149,0.0575266,0.152141,0.8,2,0.0238396,-0.0167707,0.0237996,-0.00381679,2.72222,4.94277e+08,-0.0375974,MARKET_DOWN,False,True,False,Disc=0.95 10D超額=+15.2% 產業超額=+5.8% outperf10=80% RSaccel=+0.0238 觸發=indep regime=MARKET_DOWN
5903,全家,貿易百貨,2025-04-22,2025-04-23,206.515,231.661,0.25,201,225.475,0.0267051,0.85886,False,,,,,,0,,,,,,False,0.25,2025-04-28,205.984,231.065,F3_RS_FAILURE,FAILED_PROBE,4,0.25,-0.00176667,-0.00176667,-0.00706667,-0.00257245,0.00476963,-0.0170206,0.00476963,-0.0170206,,,,,0.75,0,,STRICT_OOS,2025,0.951321,0,0.00490196,0.0433897,0.0327456,0.0789474,0.0250871,0.42284,0.198631,0.688428,1.44566,-0.0277325,0.0829659,0.0552334,0.6,3,0.0214827,-0.0139615,0.00587315,-0.0307329,3.69444,5.08086e+07,-0.0163701,MARKET_SIDEWAYS,False,False,False,Disc=0.95 10D超額=+5.5% 產業超額=+8.3% outperf10=60% RSaccel=+0.0059 觸發=indep regime=MARKET_SIDEWAYS
5904,寶雅,貿易百貨,2024-06-07,2024-06-11,547.365,638.372,0.25,517,602.959,0.0554749,0.950589,False,,,,,,0,,,,,,False,0.25,2024-06-14,520.695,607.268,F2_STRUCTURE,FAILED_PROBE,4,0.25,-0.0132787,-0.0132787,-0.0531147,-0.0487243,0.0267372,-0.0445133,0.0267372,-0.0445133,,,,,0.75,0,,DISCOVERY,2024,0.981111,-0.00739372,0.0184843,0.0861959,0.093254,0.0954274,0.0210008,0.489129,0.206327,2.41084,1.9427,0.026159,0.0986823,0.124841,0.8,3,0.0112992,-0.00697748,0.00492257,-0.0692568,5.7037,2.57847e+08,-0.00202349,MARKET_UP,False,False,False,Disc=0.98 10D超額=+12.5% 產業超額=+9.9% outperf10=80% RSaccel=+0.0049 觸發=indep regime=MARKET_UP
5904,寶雅,貿易百貨,2025-05-05,2025-05-06,513.28,629.748,0.25,473.5,580.942,0.0775015,0.751594,False,,,,,,0,,,,,,False,0.25,2025-05-13,502.74,616.817,F3_RS_FAILURE,FAILED_PROBE,6,0.25,-0.0062471,-0.0062471,-0.0249884,-0.0205346,0.02673,-0.0258728,0.02673,-0.0258728,,,,,1.25,0,,STRICT_OOS,2025,0.954155,0.0104058,0.0655567,0.0803967,0.0711297,0.0733753,0.0249721,0.481509,0.537458,3.16127,1.29119,-0.0531825,0.0724044,0.019222,0.4,1,0.0241334,-0.0197326,0.00248971,-0.0758123,4.41899,1.83216e+08,-0.0122501,MARKET_SIDEWAYS,False,False,False,Disc=0.95 10D超額=+1.9% 產業超額=+7.2% outperf10=40% RSaccel=+0.0025 觸發=indep regime=MARKET_SIDEWAYS
6005,群益證,金融保險,2025-01-13,2025-01-14,27.8194,37.1089,0.25,26.05,34.7487,0.0636022,0.885384,False,,,,,,0,,,,,,False,0.25,2025-01-16,26.4337,35.2606,F2_STRUCTURE,FAILED_PROBE,3,0.25,-0.013549,-0.013549,-0.0541958,-0.0498079,0.0226686,-0.0600076,0.0226686,-0.0600076,,,,,0.5,0,,STRICT_OOS,2025,0.969144,-0.00719424,0.00359713,0.0866602,0.182203,0.251121,0.046979,0.855532,0.47511,0.982057,1.19564,0.0180936,0.103453,0.121546,0.8,3,0.0104603,-0.00311884,-0.000681513,-0.0295652,3.50954,5.40855e+08,-0.0227504,MARKET_SIDEWAYS,False,False,False,Disc=0.97 10D超額=+12.2% 產業超額=+10.3% outperf10=80% RSaccel=-0.0007 觸發=indep regime=MARKET_SIDEWAYS
6005,群益證,金融保險,2025-04-21,2025-04-22,25.4134,33.8995,0.25,24.45,32.6144,0.0379082,0.81944,False,,,,,,0,,,,,,False,0.25,2025-05-02,25.8353,34.4622,F3_RS_FAILURE,FAILED_PROBE,8,0.25,0.00301579,0.00301579,0.0120631,0.0166005,0.0683351,-0.00839617,0.0683351,-0.00839617,,,,,1.75,0,,STRICT_OOS,2025,0.976616,-0.00784314,0.0156863,0.0399518,-0.0281426,-0.0716846,0.0485383,0.953748,0.721016,2.47354,1.47581,0.0395468,0.080991,0.120538,0.7,2,0.00292449,-0.00105315,0.011907,-0.0991304,4.29545,1.19625e+08,-0.014892,MARKET_SIDEWAYS,False,False,False,Disc=0.98 10D超額=+12.1% 產業超額=+8.1% outperf10=70% RSaccel=+0.0119 觸發=indep regime=MARKET_SIDEWAYS
6005,群益證,金融保險,2026-07-27,2026-07-28,35.0875,50.2121,0.25,34.25,49.0135,0.0238689,0.699346,False,,,,,,0,,,,,,False,0.25,2026-07-28,34.1644,48.891,F1_PROBE_LOW,FAILED_PROBE,1,0.25,-0.00768751,-0.00768751,-0.03075,-0.0263092,0,0,,,,,,,0,0,,STRICT_OOS,2026,0.954598,0.00574713,0.0229885,-0.00419581,-0.0582011,0.266904,0.0342095,0.894485,0.355373,0.833341,0.850938,0.0377936,0.00776042,0.0455541,0.6,1,0.00699308,-0.00137319,0.022353,-0.218441,2.70968,3.67765e+08,-0.000473029,MARKET_SIDEWAYS,False,True,False,Disc=0.95 10D超額=+4.6% 產業超額=+0.8% outperf10=60% RSaccel=+0.0224 觸發=indep regime=MARKET_SIDEWAYS
6016,康和證,金融保險,2023-06-14,2023-06-15,14.3357,18.0827,0.25,13.35,16.8393,0.0687617,0.929714,False,,,,,,0,,,,,,False,0.25,2023-06-26,13.965,17.615,F4_TIME_5D,FAILED_PROBE,6,0.25,-0.00757592,-0.00757592,-0.0303037,-0.0258619,0.0114574,-0.0373716,0.0114574,-0.0373716,,,,,1.25,0,,DISCOVERY,2023,0.974747,-0.00359712,0.0251798,0.155718,0.307339,0.390244,0.0263158,0.77101,0.211401,1.6101,1.88677,-0.0129319,0.160672,0.14774,0.7,2,-0.000110731,-0.00137366,-0.00071526,0,6,5.58562e+07,0.00125112,MARKET_UP,False,False,False,Disc=0.97 10D超額=+14.8% 產業超額=+16.1% outperf10=70% RSaccel=-0.0007 觸發=indep regime=MARKET_UP
6104,創惟,半導體業,2024-08-19,2024-08-20,104.761,110.323,0.25,96.8,101.939,0.0759942,0.837221,True,2024-08-23,109.5,115.313,persist,3,1,2024-08-26,111.278,117.185,,,True,1,2024-09-04,104.738,110.298,HARD_STOP,EXIT,12,1,-0.0485364,-0.0485364,-0.0485364,-0.000226701,0.183644,-0.0215848,0.0786431,-0.0215848,0.062201,-0.058772,0.114331,-0.102244,8,0,,DISCOVERY,2024,0.956725,0.0060423,0.0322256,0.123472,0.00490196,0.0311871,0.050662,0.842558,0.771316,1.33644,1.50309,0.017568,0.144955,0.162523,0.7,2,0.00490161,-0.00889632,0.0051776,-0.244657,6.08528,1.00727e+08,0.00269807,MARKET_SIDEWAYS,False,False,False,Disc=0.96 10D超額=+16.3% 產業超額=+14.5% outperf10=70% RSaccel=+0.0052 觸發=indep regime=MARKET_SIDEWAYS
6117,迎廣,電子工業,2025-05-20,2025-05-21,95.2375,95.2375,0.25,90.7,90.7,0.047644,0.817111,True,2025-05-27,100.5,100.5,persist,4,1,2025-05-28,103.257,103.258,,,True,1,2025-06-02,92.967,92.967,HARD_STOP,EXIT,8,1,-0.0850225,-0.0850225,-0.0850225,-0.0238404,0.134007,-0.0213939,0.0972569,-0.0213939,0.0842105,-0.0996586,0.0459289,-0.111929,3.25,0,,STRICT_OOS,2025,0.970282,0.0142544,0.0383772,0.133589,0.24934,0.0063762,0.0461608,1.14415,0.535604,2.60476,2.72197,0.00393936,0.15047,0.154409,0.7,1,-0.0172831,0.00807864,0.00543917,-0.420795,4.2549,3.04999e+08,0.000102212,MARKET_UP,False,False,False,Disc=0.97 10D超額=+15.4% 產業超額=+15.0% outperf10=70% RSaccel=+0.0054 觸發=indep regime=MARKET_UP
6122,擎邦,電機機械,2023-08-11,2023-08-14,45.6639,49.1515,0.25,44.2,47.5758,0.0320576,0.844035,False,,,,,,0,,,,,,False,0.25,2023-08-14,44.0895,47.4569,F1_PROBE_LOW,FAILED_PROBE,1,0.25,-0.00972496,-0.00972496,-0.0388998,-0.0344774,0,0,,,,,,,0,0,,DISCOVERY,2023,0.989912,0,0.0243902,0.0875706,0.0209945,0.350877,0.0386518,1.04261,0.458686,1.26412,1.24168,-0.0320537,0.196035,0.163981,0.8,2,0.0141054,0.0188914,0.0194833,-0.0532787,4.088,1.58351e+08,-0.00201086,MARKET_SIDEWAYS,False,False,False,Disc=0.99 10D超額=+16.4% 產業超額=+19.6% outperf10=80% RSaccel=+0.0195 觸發=indep regime=MARKET_SIDEWAYS
6122,擎邦,電機機械,2023-11-01,2023-11-02,47.1175,53.4042,0.25,45.15,51.1742,0.0417573,0.739132,True,2023-11-14,67.4,76.3929,persist,8,1,2023-11-15,68.17,77.2657,,,True,1,2023-11-27,67.5308,76.5411,MFE_PROTECTION,EXIT,18,1,0.0965495,0.0965495,0.0965495,0.433241,0.640579,-0.00673847,0.489892,-0.00673847,0.446809,-0.00937728,0.13393,-0.017163,10.25,0,,DISCOVERY,2023,0.967442,0.0121547,0.0298342,0.0143666,0.00756755,0.164174,0.0395463,1.06663,0.630385,0.365067,0.708569,-0.0168367,0.0944166,0.0775798,0.8,2,-0.00211292,-0.00365621,0.00464641,-0.210169,3.5814,1.90319e+08,0.00233044,MARKET_SIDEWAYS,False,False,False,Disc=0.97 10D超額=+7.8% 產業超額=+9.4% outperf10=80% RSaccel=+0.0046 觸發=indep regime=MARKET_SIDEWAYS
6122,擎邦,電機機械,2024-01-02,2024-01-03,63.6587,72.1525,0.25,59.2,67.0988,0.0700414,0.685733,False,,,,,,0,,,,,,False,0.25,2024-01-10,61.5458,69.7576,F2_STRUCTURE,FAILED_PROBE,6,0.25,-0.00940448,-0.00940448,-0.0376179,-0.0331926,0.0524869,-0.0449074,0.0524869,-0.0449074,,,,,1.25,0,,DISCOVERY,2024,0.954856,0.00331126,0.0596026,0.0460935,-0.0243902,0.286432,0.0320312,1.02301,0.542204,1.5373,0.520554,-0.00394556,0.0574092,0.0534637,0.4,1,0.0150272,-0.00404755,0.0218646,-0.172057,3.21951,2.81173e+08,-0.00429707,MARKET_UP,False,False,False,Disc=0.95 10D超額=+5.3% 產業超額=+5.7% outperf10=40% RSaccel=+0.0219 觸發=indep regime=MARKET_UP
6125,廣運,光電業,2023-09-28,2023-10-02,65.363,74.9318,0.25,60.5,69.3569,0.0743999,0.642702,False,,,,,,0,,,,,,False,0.25,2023-10-04,61.5458,70.5557,F3_RS_FAILURE,FAILED_PROBE,3,0.25,-0.0156923,-0.0156923,-0.0627694,-0.0584008,0.0189251,-0.0438016,0.0189251,-0.0438016,,,,,0.5,0,,DISCOVERY,2023,0.953704,0.00645161,0.0354839,-0.0401435,-0.206428,-0.194277,0.0418336,1.25184,0.56396,1.3953,0.647833,0.0110192,0.0334144,0.0444336,0.5,2,-0.0147382,-0.0222051,0.0236057,-0.408295,2.34574,4.87968e+08,0.00265966,MARKET_SIDEWAYS,False,False,False,Disc=0.95 10D超額=+4.4% 產業超額=+3.3% outperf10=50% RSaccel=+0.0236 觸發=indep regime=MARKET_SIDEWAYS
6126,信音,電子零組件業,2024-10-21,2024-10-22,34.085,41.6092,0.25,31.8,38.8198,0.0670383,0.571871,False,,,,,,0,,,,,,False,0.25,2024-10-29,32.9175,40.184,F2_STRUCTURE,FAILED_PROBE,6,0.25,-0.00966888,-0.00966888,-0.0386755,-0.0342526,0.020977,-0.0376999,0.020977,-0.0376999,,,,,1.25,0,,DISCOVERY,2024,0.952912,0.010989,0.0816327,0.106294,0.169779,-0.0774403,0.0478955,0.739161,0.684924,3.15264,1.39089,-0.0156186,0.0433614,0.0277428,0.3,2,-0.00181971,-0.0147247,-0.00567408,-0.184862,2.84848,1.00172e+08,0.00235276,MARKET_UP,False,False,False,Disc=0.95 10D超額=+2.8% 產業超額=+4.3% outperf10=30% RSaccel=-0.0057 觸發=indep regime=MARKET_UP
6133,金橋,電子工業,2025-12-04,2025-12-05,19.0976,20.0962,0.25,18.25,19.2042,0.0443838,0.9298,False,,,,,,0,,,,,,False,0.25,2025-12-08,18.2044,19.1562,F1_PROBE_LOW,FAILED_PROBE,2,0.25,-0.0127919,-0.0127919,-0.0511675,-0.0467728,0.0393963,-0.0260569,0.0393963,-0.0260569,,,,,0.25,0,,STRICT_OOS,2025,0.989899,0,0.0353261,0.161054,0.229032,0.094669,0.0418073,0.561323,0.503413,2.76394,3.26012,0.0110447,0.185012,0.196057,0.8,3,0.00839982,-0.00866459,0.00925753,-0.182462,5.21076,3.04634e+07,9.60672e-05,MARKET_SIDEWAYS,False,False,False,Disc=0.99 10D超額=+19.6% 產業超額=+18.5% outperf10=80% RSaccel=+0.0093 觸發=indep regime=MARKET_SIDEWAYS
6139,亞翔,其他電子業,2023-03-13,2023-03-14,47.1175,51.1267,0.25,44.55,48.3408,0.0544914,0.819212,False,,,,,,0,,,,,,False,0.25,2023-03-16,45.3863,49.2482,F2_STRUCTURE,FAILED_PROBE,3,0.25,-0.0102901,-0.0102901,-0.0411606,-0.0367432,0.0144851,-0.0332679,0.0144851,-0.0332679,,,,,0.5,0,,DISCOVERY,2023,0.968144,0.0166482,0.0321865,0.0973451,0.103203,0.309859,0.0317204,0.883353,0.462815,1.71694,1.08171,0.0239994,0.150802,0.174802,0.6,3,0.0083363,-0.00637365,0.0004993,-0.0127389,4.94915,1.04837e+08,0.00220852,MARKET_SIDEWAYS,False,False,False,Disc=0.97 10D超額=+17.5% 產業超額=+15.1% outperf10=60% RSaccel=+0.0005 觸發=indep regime=MARKET_SIDEWAYS
6139,亞翔,其他電子業,2023-04-06,2023-04-07,50.125,54.3901,0.25,46.25,50.1854,0.0773067,0.852376,False,,,,,,0,,,,,,False,0.25,2023-04-11,48.1793,52.2788,F3_RS_FAILURE,FAILED_PROBE,3,0.25,-0.0108077,-0.0108077,-0.0432306,-0.038818,0.00548628,-0.048379,0.00548628,-0.048379,,,,,0.5,0,,DISCOVERY,2023,0.955983,0.00722394,0.0361197,0.0767333,0.108168,0.365986,0.0340068,0.854262,0.405209,2.30918,1.16634,-0.00824847,0.0886316,0.0803831,0.6,2,0.00333796,-0.00254184,0.0163945,-0.011811,3.07531,1.32208e+08,-0.0036104,MARKET_SIDEWAYS,False,False,False,Disc=0.96 10D超額=+8.0% 產業超額=+8.9% outperf10=60% RSaccel=+0.0164 觸發=indep regime=MARKET_SIDEWAYS
6139,亞翔,其他電子業,2023-12-28,2023-12-29,165.412,186.602,0.25,153.5,173.163,0.0720169,0.591475,False,,,,,,0,,,,,,False,0.25,2024-01-08,163.59,184.546,F4_TIME_5D,FAILED_PROBE,6,0.25,-0.00387328,-0.00387328,-0.0154931,-0.0110179,0.0488929,-0.0508577,0.0488929,-0.0508577,,,,,1.25,0,,DISCOVERY,2023,0.962366,0.00320513,0.0544872,0.0829493,0.126712,0.436681,0.0499349,1.25867,0.527121,1.3244,0.875293,0.00298747,0.0137874,0.0167749,0.4,1,-0.000721725,-0.000586245,-0.00110578,-0.0491329,1.70435,1.42499e+09,0.00105469,MARKET_UP,False,False,False,Disc=0.96 10D超額=+1.7% 產業超額=+1.4% outperf10=40% RSaccel=-0.0011 觸發=indep regime=MARKET_UP
6139,亞翔,其他電子業,2025-06-05,2025-06-06,269.673,318.642,0.25,252,297.76,0.0655332,0.928935,False,,,,,,0,,,,,,False,0.25,2025-06-11,262.343,309.981,F3_RS_FAILURE,FAILED_PROBE,4,0.25,-0.00790499,-0.00790499,-0.03162,-0.0271811,0.0531293,-0.0544086,0.0531293,-0.0544086,,,,,0.75,0,,STRICT_OOS,2025,0.980539,0,0.0227273,0.0856454,0.136842,-2.22045e-16,0.0332011,1.05967,0.342943,1.4805,1.65494,-0.0113516,0.132992,0.121641,0.7,2,-0.00817617,0.00206377,0.0101639,-0.0673575,3.73705,8.65636e+08,0.00260615,MARKET_UP,False,False,False,Disc=0.98 10D超額=+12.2% 產業超額=+13.3% outperf10=70% RSaccel=+0.0102 觸發=indep regime=MARKET_UP
6139,亞翔,其他電子業,2025-10-08,2025-10-09,407.015,499.65,0.25,376,461.576,0.0762011,0.883494,False,,,,,,0,,,,,,False,0.25,2025-11-10,472.815,580.425,PROBE_MAX_LIFE,FAILED_PROBE,21,0.25,0.0392003,0.0392003,0.156801,0.161665,0.213714,-0.0270629,0.213714,-0.0270629,,,,,5,0,,STRICT_OOS,2025,0.975806,-0.00768246,0.0204866,0.0852396,0.0873124,0.337693,0.0326223,0.687935,0.388197,0.898783,1.12053,-0.0483147,0.123558,0.0752434,0.6,1,0.00253353,-0.00205725,0.00890032,-0.0136139,4.23077,1.85642e+09,-0.00544871,MARKET_UP,False,False,False,Disc=0.98 10D超額=+7.5% 產業超額=+12.4% outperf10=60% RSaccel=+0.0089 觸發=indep regime=MARKET_UP
6143,振曜,通信網路業,2024-01-26,2024-01-29,88.4205,100.464,0.25,84.8,96.3505,0.0409464,0.763552,False,,,,,,0,,,,,,False,0.25,2024-02-05,87.78,99.7364,F2_STRUCTURE,FAILED_PROBE,6,0.25,-0.00293188,-0.00293188,-0.0117275,-0.0072438,0.0483994,-0.0104105,0.0483994,-0.0104105,,,,,1.25,0,,DISCOVERY,2024,0.953488,-0.00234467,0.042204,0.0485345,-0.00670391,0.0921376,0.0243452,0.806678,0.287411,3.95355,1.23917,-0.0195615,0.0788245,0.059263,0.5,2,0.00863885,0.00471503,0.0093404,-0.188128,3.92739,1.07158e+08,-0.000421605,MARKET_SIDEWAYS,False,False,False,Disc=0.95 10D超額=+5.9% 產業超額=+7.9% outperf10=50% RSaccel=+0.0093 觸發=indep regime=MARKET_SIDEWAYS
6146,耕興,其他電子業,2023-08-18,2023-08-21,262.655,326.106,0.25,238.5,296.116,0.0919647,0.900894,False,,,,,,0,,,,,,False,0.25,2023-08-22,248.876,308.999,F3_RS_FAILURE,FAILED_PROBE,2,0.25,-0.0142104,-0.0142104,-0.0568415,-0.0524595,0,-0.0557956,0,-0.0557956,,,,,0.25,0,,DISCOVERY,2023,0.952381,0.00603622,0.0301811,0.072139,0.0987124,0.181588,0.023298,0.764285,0.202575,4.12225,1.61531,0.000280642,0.111916,0.112196,0.8,1,0.0120374,-0.00462959,0.00804464,-0.0134875,4.61078,7.41398e+07,-0.00819476,MARKET_DOWN,False,False,False,Disc=0.95 10D超額=+11.2% 產業超額=+11.2% outperf10=80% RSaccel=+0.0080 觸發=indep regime=MARKET_DOWN
6146,耕興,其他電子業,2025-05-19,2025-05-20,185.463,240.755,0.25,175,227.173,0.056413,0.681682,False,,,,,,0,,,,,,False,0.25,2025-05-27,183.041,237.612,F2_STRUCTURE,FAILED_PROBE,6,0.25,-0.00438146,-0.00438146,-0.0175258,-0.0130552,0.086473,-0.0240615,0.086473,-0.0240615,,,,,1.25,0,,STRICT_OOS,2025,0.952381,0,0.0137741,0.0623557,0.0574713,-0.115385,0.0275621,0.810593,0.3573,1.35499,1.33388,0.00589669,0.0378354,0.0437321,0.4,2,0.00475404,-0.00965916,0.0171795,-0.244353,3.4507,3.11223e+07,-0.0146431,MARKET_UP,False,False,False,Disc=0.95 10D超額=+4.4% 產業超額=+3.8% outperf10=40% RSaccel=+0.0172 觸發=indep regime=MARKET_UP
6147,頎邦,半導體業,2024-03-13,2024-03-14,78.596,99.9515,0.25,74.1,94.2339,0.0572039,0.82436,False,,,,,,0,,,,,,False,0.25,2024-03-21,78.603,99.9604,F4_TIME_5D,FAILED_PROBE,6,0.25,-0.00110279,-0.00110279,-0.00441115,8.9055e-05,0.0280421,-0.0292127,0.0280421,-0.0292127,,,,,1.25,0,,DISCOVERY,2024,0.963374,0.0169271,0.0286458,0.0841224,0.107994,0.128571,0.0256781,0.562718,0.238158,2.10712,1.88689,-0.102698,0.147543,0.044845,0.8,1,0.0120274,-0.00195333,0.00973544,-0.0137328,4.09155,5.161e+08,0.000700995,MARKET_UP,False,False,False,Disc=0.96 10D超額=+4.5% 產業超額=+14.8% outperf10=80% RSaccel=+0.0097 觸發=indep regime=MARKET_UP
6150,撼訊,電腦及週邊設備業,2023-10-17,2023-10-18,88.4205,105.354,0.25,83.8,99.8484,0.052256,0.721628,False,,,,,,0,,,,,,False,0.25,2023-10-19,84.588,100.787,F2_STRUCTURE,FAILED_PROBE,2,0.25,-0.0119366,-0.0119366,-0.0477465,-0.043344,0.0156016,-0.0488631,0.0156016,-0.0488631,,,,,0.25,0,,DISCOVERY,2023,0.951389,0.0166271,0.0486936,0.0514408,0.129156,-0.150962,0.039314,1.24825,0.557616,1.00133,1.48283,-0.0380085,0.114524,0.0765158,0.6,1,0.00540749,-0.0028727,-0.0107077,-0.228821,3.88889,2.27548e+08,-0.000581904,MARKET_SIDEWAYS,False,False,False,Disc=0.95 10D超額=+7.7% 產業超額=+11.5% outperf10=60% RSaccel=-0.0107 觸發=indep regime=MARKET_SIDEWAYS
6156,松上,電子零組件業,2024-09-27,2024-09-30,31.4284,35.8081,0.25,30.7,34.9782,0.0231757,0.59148,False,,,,,,0,,,,,,False,0.25,2024-10-04,30.6232,34.8908,F1_PROBE_LOW,FAILED_PROBE,3,0.25,-0.00751503,-0.00751503,-0.0300601,-0.0256178,0.0245519,-0.0231757,0.0245519,-0.0231757,,,,,0.5,0,,DISCOVERY,2024,0.967172,0.00813008,0.0406504,0.0635646,-0.0629575,0.29832,0.0342634,0.803419,0.4585,1.17001,0.941246,-0.0274037,0.0674085,0.0400049,0.3,1,0.011005,-0.00788527,0.00623232,-0.113573,2.96417,9.88533e+07,-0.00157576,MARKET_SIDEWAYS,False,False,False,Disc=0.97 10D超額=+4.0% 產業超額=+6.7% outperf10=30% RSaccel=+0.0062 觸發=indep regime=MARKET_SIDEWAYS
6156,松上,電子零組件業,2025-05-26,2025-05-27,29.674,33.8092,0.25,27.75,31.6171,0.0648379,0.925584,False,,,,,,0,,,,,,False,0.25,2025-05-28,28.5285,32.5041,F3_RS_FAILURE,FAILED_PROBE,2,0.25,-0.010754,-0.010754,-0.043016,-0.0386028,0,-0.056413,0,-0.056413,,,,,0.25,0,,STRICT_OOS,2025,0.975255,0,0.0188679,0.0954357,0.164706,0.0366492,0.0334295,0.970673,0.433353,1.6821,1.36648,0.0169099,0.0995818,0.116492,0.7,3,0.0010729,0.000283409,0.0195588,-0.268473,3.6259,3.07868e+07,-0.00534217,MARKET_UP,False,False,False,Disc=0.98 10D超額=+11.6% 產業超額=+10.0% outperf10=70% RSaccel=+0.0196 觸發=indep regime=MARKET_UP
6158,禾昌,電子零組件業,2023-09-27,2023-09-28,39.5987,43.0828,0.25,36.2,39.385,0.0858297,0.861836,False,,,,,,0,,,,,,False,0.25,2023-10-02,37.4561,40.7516,F3_RS_FAILURE,FAILED_PROBE,2,0.25,-0.0146217,-0.0146217,-0.0584867,-0.0541084,0,-0.0593137,0,-0.0593137,,,,,0.25,0,,DISCOVERY,2023,0.981567,-0.00677507,0.0406504,0.0619469,0.21519,0.454885,0.047433,0.580189,0.525008,0.928095,0.465273,0.02386,0.0576798,0.0815398,0.8,2,0.0161814,0.0099092,0.0144359,-0.0576687,2.49804,5.65413e+07,0.00210677,MARKET_SIDEWAYS,False,False,False,Disc=0.98 10D超額=+8.2% 產業超額=+5.8% outperf10=80% RSaccel=+0.0144 觸發=indep regime=MARKET_SIDEWAYS
6165,浪凡,電子零組件業,2025-03-24,2025-03-25,49.9746,50.4737,0.25,46.25,46.7119,0.0745304,0.894369,False,,,,,,0,,,,,,False,0.25,2025-03-31,46.1344,46.5951,F1_PROBE_LOW,FAILED_PROBE,5,0.25,-0.0202928,-0.0202928,-0.0811711,-0.076844,0.0065108,-0.0575217,0.0065108,-0.0575217,,,,,1,0,,STRICT_OOS,2025,0.990704,0.0167539,0.0439791,0.112041,0.0836957,0.120225,0.0338874,0.478929,0.394697,4.31516,2.22622,0.0195697,0.110092,0.129662,0.7,2,0.0118003,-0.00714846,0.0262121,-0.0734201,4.43975,3.29366e+07,-0.00461342,MARKET_DOWN,False,False,False,Disc=0.99 10D超額=+13.0% 產業超額=+11.0% outperf10=70% RSaccel=+0.0262 觸發=indep regime=MARKET_DOWN
6165,浪凡,電子零組件業,2025-06-19,2025-06-20,64.16,64.8008,0.25,58.8,59.3873,0.0835411,0.823134,False,,,,,,0,,,,,,False,0.25,2025-06-20,58.653,59.2388,F1_PROBE_LOW,FAILED_PROBE,1,0.25,-0.0225348,-0.0225348,-0.0901391,-0.0858323,0,0,,,,,,,0,0,,STRICT_OOS,2025,0.969789,-0.00329489,0.0329489,0.0693272,0.0645161,0.313089,0.0358852,0.824312,0.391183,1.95467,1.1527,-0.00803441,0.0795071,0.0714727,0.8,2,0.00944727,-0.00326161,0.0158651,-0.011041,4.4,1.20048e+08,-0.0157997,MARKET_SIDEWAYS,False,False,False,Disc=0.97 10D超額=+7.1% 產業超額=+8.0% outperf10=80% RSaccel=+0.0159 觸發=indep regime=MARKET_SIDEWAYS
6166,凌華,電子工業,2023-05-31,2023-06-01,71.378,72.9112,0.25,67.2,68.6435,0.0585334,0.900028,False,,,,,,0,,,,,,False,0.25,2023-06-02,68.4285,69.8984,F3_RS_FAILURE,FAILED_PROBE,2,0.25,-0.0114323,-0.0114323,-0.0457293,-0.0413222,0,-0.0529295,0,-0.0529295,,,,,0.25,0,,DISCOVERY,2023,0.962861,0.00578871,0.0274964,0.146919,0.171617,0.152597,0.027163,0.648173,0.387253,2.65477,3.73389,0.0156508,0.11299,0.128641,0.7,1,0.00432687,0.00332393,0.0324807,-0.0620872,7.88148,6.3823e+07,-0.00263374,MARKET_UP,False,False,False,Disc=0.96 10D超額=+12.9% 產業超額=+11.3% outperf10=70% RSaccel=+0.0325 觸發=indep regime=MARKET_UP
6166,凌華,電子工業,2025-03-28,2025-03-31,87.418,93.6043,0.25,86,92.086,0.0162209,0.869208,False,,,,,,0,,,,,,False,0.25,2025-03-31,85.785,91.8558,F1_PROBE_LOW,FAILED_PROBE,1,0.25,-0.0057846,-0.0057846,-0.0231384,-0.0186804,0,0,,,,,,,0,0,,STRICT_OOS,2025,0.989333,0,0.00896861,0.0813409,0.0600707,0.190476,0.0465873,0.869185,0.550827,1.0851,1.22289,-0.0258269,0.170269,0.144442,0.8,2,0.00668201,0.0145627,0.00438135,-0.025974,3.12436,1.73374e+08,-0.0158926,MARKET_DOWN,False,False,False,Disc=0.99 10D超額=+14.4% 產業超額=+17.0% outperf10=80% RSaccel=+0.0044 觸發=indep regime=MARKET_DOWN
6168,宏齊,電子工業,2023-03-27,2023-03-28,26.3657,29.1075,0.25,24,26.4958,0.0897282,0.941765,False,,,,,,0,,,,,,False,0.25,2023-04-07,26.1844,28.9073,F4_TIME_5D,FAILED_PROBE,6,0.25,-0.00284093,-0.00284093,-0.0113637,-0.0068792,0.0430198,-0.065075,0.0430198,-0.065075,,,,,1.25,0,,DISCOVERY,2023,0.981004,0.0138614,0.019802,0.135487,0.175799,0.422652,0.029681,1.01749,0.284307,2.17591,2.30013,0.0181724,0.129646,0.147818,0.8,2,0.00830986,-0.00497601,0.0103538,-0.0283019,6.54206,3.87721e+07,-0.00530264,MARKET_SIDEWAYS,False,False,False,Disc=0.98 10D超額=+14.8% 產業超額=+13.0% outperf10=80% RSaccel=+0.0104 觸發=indep regime=MARKET_SIDEWAYS
6170,統振,通信網路業,2023-08-02,2023-08-04,48.521,56.2973,0.25,46,53.3723,0.0519569,0.902385,False,,,,,,0,,,,,,False,0.25,2023-08-08,45.885,53.2388,F1_PROBE_LOW,FAILED_PROBE,3,0.25,-0.0146762,-0.0146762,-0.0587048,-0.054327,0.0325426,-0.047835,0.0325426,-0.047835,,,,,0.5,0,,DISCOVERY,2023,0.993939,0.0151188,0.0453564,0.117789,0.195977,0.291838,0.0410591,0.707214,0.502151,1.69218,1.35379,-0.0125535,0.20175,0.189196,0.6,3,0.00382757,-0.00696148,0.00845278,-9.8891e-09,3.64824,4.90184e+07,-0.0185408,MARKET_SIDEWAYS,False,False,False,Disc=0.99 10D超額=+18.9% 產業超額=+20.2% outperf10=60% RSaccel=+0.0085 觸發=indep regime=MARKET_SIDEWAYS
6173,信昌電,電子零組件業,2025-09-17,2025-09-18,43.1075,51.198,0.25,39.6,47.0322,0.0813664,0.758612,False,,,,,,0,,,,,,False,0.25,2025-10-21,62.4435,74.163,PROBE_MAX_LIFE,FAILED_PROBE,21,0.25,0.110761,0.110761,0.443044,0.448553,0.38259,-0.00713333,0.38259,-0.00713333,,,,,5,0,,STRICT_OOS,2025,0.951838,0,0.0685786,0.0628798,0.115885,0.192401,0.0315886,1.06951,0.370678,5.67363,2.07836,-0.0656059,0.0867232,0.0211173,0.3,1,0.00740826,-0.00196381,0.0131752,-0.151692,3.21372,3.06e+07,-0.00746753,MARKET_UP,False,False,False,Disc=0.95 10D超額=+2.1% 產業超額=+8.7% outperf10=30% RSaccel=+0.0132 觸發=indep regime=MARKET_UP
6176,瑞儀,電子工業,2024-01-03,2024-01-04,138.846,175.932,0.25,131.5,166.624,0.0529092,0.892523,False,,,,,,0,,,,,,False,0.25,2024-01-09,131.171,166.207,F1_PROBE_LOW,FAILED_PROBE,4,0.25,-0.0149132,-0.0149132,-0.0596526,-0.055277,0.00470845,-0.0132971,0.00470845,-0.0132971,,,,,0.75,0,,DISCOVERY,2024,0.964384,-0.0215827,0.00359713,0.0426009,0.0648855,0.125,0.0215054,0.327664,0.222862,1.75889,0.875435,0.0107372,0.0470618,0.057799,0.6,2,0.0147386,-0.00837549,0.0228085,0,3.16667,4.32275e+08,-0.0164923,MARKET_SIDEWAYS,False,False,False,Disc=0.96 10D超額=+5.8% 產業超額=+4.7% outperf10=60% RSaccel=+0.0228 觸發=indep regime=MARKET_SIDEWAYS
6176,瑞儀,電子工業,2025-03-28,2025-03-31,185.462,246.929,0.25,181.5,241.653,0.0213655,0.753721,False,,,,,,0,,,,,,False,0.25,2025-03-31,181.046,241.049,F1_PROBE_LOW,FAILED_PROBE,1,0.25,-0.00706462,-0.00706462,-0.0282585,-0.023812,0,0,,,,,,,0,0,,STRICT_OOS,2025,0.96,-0.0107817,0.0134771,0.00239936,-0.0528967,-0.0646766,0.0163374,0.478161,0.169493,1.54294,0.860938,-0.0250684,0.0524434,0.027375,0.6,2,0.0105079,-0.0104251,0.0171986,-0.133641,3.58139,3.47279e+08,-0.0158926,MARKET_DOWN,False,False,False,Disc=0.96 10D超額=+2.7% 產業超額=+5.2% outperf10=60% RSaccel=+0.0172 觸發=indep regime=MARKET_DOWN
6177,達麗,建材營造,2024-03-20,2024-03-21,39.4985,48.3689,0.25,37.4,45.7992,0.0531286,0.927308,True,2024-03-28,42.05,51.4934,persist,5,1,2024-03-29,42.1551,51.6222,,,True,1,2024-05-16,56.8575,69.6264,TREND_FAILURE_MA20x2,EXIT,38,1,0.366112,0.366112,0.366112,0.439485,0.817791,-0.0202159,0.0658633,-0.0202159,0.0672589,0.348768,0.703233,-0.0238435,32.5,0,,DISCOVERY,2024,0.952222,0.00910273,0.0208062,0.0975183,0.147661,0.152717,0.0185623,0.433879,0.220145,2.04148,1.54878,-0.0157763,0.116217,0.100441,0.7,1,0.00269138,-0.00485822,0.0162967,-0.00127226,6.10784,4.46767e+07,-0.00366366,MARKET_UP,False,False,False,Disc=0.95 10D超額=+10.0% 產業超額=+11.6% outperf10=70% RSaccel=+0.0163 觸發=indep regime=MARKET_UP
6177,達麗,建材營造,2026-07-24,2026-07-27,48.7215,75.0173,0.25,47.55,73.2135,0.0240448,0.808019,False,,,,,,0,,,,,,False,0.25,2026-07-28,47.4311,73.0305,F1_PROBE_LOW,FAILED_PROBE,2,0.25,-0.0077313,-0.0077313,-0.0309252,-0.0264848,0.00263744,-0.0178874,0.00263744,-0.0178874,,,,,0.25,0,,STRICT_OOS,2026,0.969072,-0.00927835,0.00103091,0.0443106,0.0554348,0.0788889,0.0208916,0.377144,0.195691,0.588973,0.811342,0.0407485,0.0684728,0.109221,0.8,2,0.0194177,-0.0210599,-0.00668325,-0.142226,3.35211,5.89841e+07,-0.0266655,MARKET_SIDEWAYS,False,False,False,Disc=0.97 10D超額=+10.9% 產業超額=+6.8% outperf10=80% RSaccel=-0.0067 觸發=indep regime=MARKET_SIDEWAYS
6179,亞通,其他,2024-10-16,2024-10-17,35.1376,41.883,0.25,32.1,38.2622,0.0864494,0.89355,False,,,,,,0,,,,,,False,0.25,2024-10-21,34.8626,41.5552,F3_RS_FAILURE,FAILED_PROBE,3,0.25,-0.00307719,-0.00307719,-0.0123088,-0.00782638,0.00604409,-0.0409141,0.00604409,-0.0409141,,,,,0.5,0,,DISCOVERY,2024,0.975186,-0.0030303,0.0560606,0.125737,0.191453,0.0543172,0.0389424,0.716605,0.318371,4.49612,2.27969,-0.0261429,0.164279,0.138136,0.5,2,0.0143467,-0.0113918,0.019289,-0.0692356,3.57368,7.60729e+07,-0.0120668,MARKET_UP,False,False,False,Disc=0.98 10D超額=+13.8% 產業超額=+16.4% outperf10=50% RSaccel=+0.0193 觸發=indep regime=MARKET_UP
6180,橘子,文化創意業,2024-11-14,2024-11-15,84.21,110.666,0.25,80.8,106.185,0.040494,0.915603,False,,,,,,0,,,,,,False,0.25,2024-11-22,82.0943,107.886,F2_STRUCTURE,FAILED_PROBE,6,0.25,-0.00739204,-0.00739204,-0.0295682,-0.0251247,0.0105688,-0.0333689,0.0105688,-0.0333689,,,,,1.25,0,,DISCOVERY,2024,0.96,0.00487805,0.0243902,0.0558733,0.0966057,0.0796915,0.0221088,0.612003,0.17569,2.95705,1.89796,-0.0539069,0.123149,0.0692421,0.6,2,0.0162342,-0.013096,0.0135916,-0.0353902,3.5,1.11478e+08,-0.00633633,MARKET_SIDEWAYS,False,False,False,Disc=0.96 10D超額=+6.9% 產業超額=+12.3% outperf10=60% RSaccel=+0.0136 觸發=indep regime=MARKET_SIDEWAYS
6186,新潤,建材營造,2024-03-19,2024-03-20,61.0522,78.7115,0.25,58.7,75.6788,0.0385285,0.871741,True,2024-03-29,64.8,83.5433,persist,7,1,2024-04-01,65.6638,84.6569,,,True,1,2024-05-27,88.578,114.199,TREND_FAILURE_MA20x2,EXIT,46,1,0.369094,0.369094,0.369094,0.450856,0.777166,-0.0155973,0.0630239,-0.0155973,0.0755337,0.348963,0.652358,-0.0116312,39,0,,DISCOVERY,2024,0.961068,0,0.0252525,0.065244,0.0591305,0.0322034,0.0165376,0.375631,0.219452,1.36073,1.30405,-0.00786589,0.0614844,0.0536185,0.6,2,0.00985742,-0.0145982,0.0138913,-0.00163934,5.95745,5.59858e+07,-0.00113934,MARKET_UP,False,False,False,Disc=0.96 10D超額=+5.4% 產業超額=+6.1% outperf10=60% RSaccel=+0.0139 觸發=indep regime=MARKET_UP
6186,新潤,建材營造,2024-06-07,2024-06-11,101.754,131.186,0.25,94.9,122.35,0.0673562,0.832615,False,,,,,,0,,,,,,False,0.25,2024-06-18,99.75,128.602,F4_TIME_5D,FAILED_PROBE,6,0.25,-0.00603696,-0.00603696,-0.0241478,-0.0196921,0.0613859,-0.0447527,0.0613859,-0.0447527,,,,,1.25,0,,DISCOVERY,2024,0.956667,-0.00206825,0.0444674,0.0930736,0.0665259,0.778169,0.0322489,0.330057,0.422917,1.47054,0.888058,0.100349,0.0234497,0.123799,0.6,2,0.0313314,0.00419958,0.00178764,-0.0691244,3.99123,1.10813e+08,-0.00202349,MARKET_UP,False,True,False,Disc=0.96 10D超額=+12.4% 產業超額=+2.3% outperf10=60% RSaccel=+0.0018 觸發=indep regime=MARKET_UP
6186,新潤,建材營造,2024-11-21,2024-11-22,63.0572,95.191,0.25,58.3,88.0095,0.0754434,0.654923,True,2024-11-26,66.4,100.237,persist,2,1,2024-11-27,66.566,100.488,,,True,1,2024-12-05,61.7452,93.2104,HARD_STOP,EXIT,10,1,-0.0638832,-0.0638832,-0.0638832,-0.0208065,0.091072,-0.0183524,0.091072,-0.0183524,0.0556439,-0.0724206,-0.00249377,-0.0836163,6.75,0,,DISCOVERY,2024,0.958388,0.0084317,0.0438449,0.0320107,0.0114379,-0.338087,0.0341565,0.744038,0.398097,1.33748,0.963199,0.0703427,-0.000507643,0.0698351,0.6,3,0.00257468,-0.0156026,0.0106091,-0.424766,3.26351,3.67979e+07,-0.00584881,MARKET_SIDEWAYS,False,True,False,Disc=0.96 10D超額=+7.0% 產業超額=-0.1% outperf10=60% RSaccel=+0.0106 觸發=indep regime=MARKET_SIDEWAYS
6186,新潤,建材營造,2025-08-14,2025-08-15,70.7765,106.844,0.25,64.9,97.9728,0.083029,0.843635,False,,,,,,0,,,,,,False,0.25,2025-08-22,68.8275,103.902,F4_TIME_5D,FAILED_PROBE,6,0.25,-0.00799386,-0.00799386,-0.0319754,-0.0275374,0.00174493,-0.0575968,0.00174493,-0.0575968,,,,,1.25,0,,STRICT_OOS,2025,0.964789,0.00878477,0.0248902,0.121435,0.136364,0.0401189,0.0183673,0.910603,0.204584,3.96466,2.78299,-0.0249719,0.165995,0.141023,0.7,4,-0.00133806,-0.00876727,0.0153981,-0.349493,8.4,3.34548e+07,-0.00541321,MARKET_UP,False,False,False,Disc=0.96 10D超額=+14.1% 產業超額=+16.6% outperf10=70% RSaccel=+0.0154 觸發=indep regime=MARKET_UP
6186,新潤,建材營造,2025-09-15,2025-09-16,66.165,115.344,0.25,61.9,107.908,0.06446,0.795129,False,,,,,,0,,,,,,False,0.25,2025-09-22,63.84,111.29,F2_STRUCTURE,FAILED_PROBE,5,0.25,-0.00989009,-0.00989009,-0.0395604,-0.0351394,0.0473815,-0.0463236,0.0473815,-0.0463236,,,,,1,0,,STRICT_OOS,2025,0.964286,0.00312989,0.0234742,0.0717169,0.0819972,0.2866,0.0313251,0.916175,0.433001,0.80063,0.697455,0.010253,0.0388785,0.0491315,0.5,2,0.00954306,-0.00764666,0.00307612,-0.280729,3.28125,6.27047e+07,-0.00461165,MARKET_SIDEWAYS,False,False,False,Disc=0.96 10D超額=+4.9% 產業超額=+3.9% outperf10=50% RSaccel=+0.0031 觸發=indep regime=MARKET_SIDEWAYS
6187,萬潤,其他電子業,2023-12-28,2023-12-29,148.871,165.436,0.25,137.5,152.8,0.0763831,0.82869,False,,,,,,0,,,,,,False,0.25,2024-01-02,141.645,157.406,F3_RS_FAILURE,FAILED_PROBE,2,0.25,-0.0132328,-0.0132328,-0.0529311,-0.0485403,0.0176579,-0.0595901,0.0176579,-0.0595901,,,,,0.25,0,,DISCOVERY,2023,0.985215,0.00722022,0.0722022,0.0981697,0.108209,0.192771,0.033189,1.87583,0.447619,3.47239,1.56531,-0.000569384,0.0983559,0.0977865,0.5,2,-0.0114996,0.00374104,0.0136158,-0.0230263,3.75362,3.87296e+08,0.00105469,MARKET_UP,False,False,False,Disc=0.99 10D超額=+9.8% 產業超額=+9.8% outperf10=50% RSaccel=+0.0136 觸發=indep regime=MARKET_UP
6189,豐藝,電子工業,2023-08-11,2023-08-14,43.9095,55.8865,0.25,42.181,53.6865,0.0393645,0.961221,False,,,,,,0,,,,,,False,0.25,2023-08-22,43.8401,55.7982,F4_TIME_5D,FAILED_PROBE,7,0.25,-0.0015191,-0.0015191,-0.0060764,-0.00157996,0.02939,-0.0275453,0.02939,-0.0275453,,,,,1.5,0,,DISCOVERY,2023,0.95082,-0.0710383,0.0337956,0.0457432,0.0557176,0.131487,0.0122333,0.477635,0.17336,3.38953,2.13537,-0.0171282,0.100655,0.0835271,0.9,1,0.010407,-0.00756176,0.0075525,-0.00114155,5.27182,4.42684e+07,-0.00201086,MARKET_SIDEWAYS,False,False,False,Disc=0.95 10D超額=+8.4% 產業超額=+10.1% outperf10=90% RSaccel=+0.0076 觸發=indep regime=MARKET_SIDEWAYS
6191,精成科,電子工業,2023-05-10,2023-05-11,37.4935,38.5996,0.25,36.15,37.2165,0.0358329,0.759296,False,,,,,,0,,,,,,False,0.25,2023-06-08,41.895,43.1309,PROBE_MAX_LIFE,FAILED_PROBE,21,0.25,0.0281574,0.0281574,0.11263,0.117394,0.130863,-0.0198301,0.130863,-0.0198301,,,,,5,0,,DISCOVERY,2023,0.951444,0.0178571,0.0343407,0.0876788,0.0976677,0.271959,0.0277936,0.673479,0.417433,2.60427,2.80647,-0.00584307,0.130851,0.125008,0.6,1,0.00450416,-0.00283342,-0.00473898,-0.00659629,5.01706,1.47453e+08,-0.00546424,MARKET_SIDEWAYS,False,False,False,Disc=0.95 10D超額=+12.5% 產業超額=+13.1% outperf10=60% RSaccel=-0.0047 觸發=indep regime=MARKET_SIDEWAYS
6191,精成科,電子工業,2023-08-21,2023-08-22,58.546,63.5519,0.25,53.5,58.0744,0.0861886,0.954955,False,,,,,,0,,,,,,False,0.25,2023-08-25,55.6605,60.4197,F3_RS_FAILURE,FAILED_PROBE,4,0.25,-0.0134188,-0.0134188,-0.0536751,-0.049286,0.019711,-0.0844806,0.019711,-0.0844806,,,,,0.75,0,,DISCOVERY,2023,0.977027,0,0.0394265,0.11517,0.19711,0.54432,0.0358374,0.970456,0.351949,1.05814,1.17836,-0.0016201,0.177265,0.175645,1,2,0.00998294,0.0080926,0.0117396,-0.00684932,3.99313,3.68668e+08,1.09881e-05,MARKET_DOWN,False,False,False,Disc=0.98 10D超額=+17.6% 產業超額=+17.7% outperf10=100% RSaccel=+0.0117 觸發=indep regime=MARKET_DOWN
6213,聯茂,電子零組件業,2025-05-20,2025-05-21,78.195,93.1014,0.25,73.6,87.6305,0.0587633,0.883858,True,2025-05-23,81.2,96.6793,persist,2,1,2025-05-26,80.9018,96.3242,,,True,1,2025-06-23,82.2938,97.9815,TREND_FAILURE_MA20x2,EXIT,23,1,0.0214503,0.0214503,0.0214503,0.052417,0.211075,-0.00505147,0.0537758,-0.00505147,0.0346154,0.017206,0.170556,-0.00249377,19.75,0,,STRICT_OOS,2025,0.963596,0.0187668,0.0495979,0.141399,0.373684,-0.0101138,0.030925,1.1535,0.329389,2.51644,1.50984,0.0216428,0.10868,0.130322,0.8,2,-0.00907998,0.00515268,-0.000558165,-0.420947,4.21239,2.21424e+08,0.000102212,MARKET_UP,False,False,False,Disc=0.96 10D超額=+13.0% 產業超額=+10.9% outperf10=80% RSaccel=-0.0006 觸發=indep regime=MARKET_UP
6214,精誠,資訊服務業,2023-06-19,2023-06-20,116.791,132.478,0.25,108,122.506,0.0752732,0.903317,False,,,,,,0,,,,,,False,0.25,2023-06-27,105.735,125.339,F3_RS_FAILURE,FAILED_PROBE,4,0.25,-0.0145662,-0.0145662,-0.0582648,-0.053886,0.011121,-0.0604628,0.011121,-0.0604628,,,,,0.75,0,,DISCOVERY,2023,0.957447,0.0263158,0.0263158,0.136033,0.216216,0.469849,0.0436508,0.872001,0.53155,1.13561,1.58968,-0.0268233,0.14037,0.113547,0.7,1,0.00213995,0.00830337,0.0254361,-0.0126582,3.87692,3.89321e+08,-0.000830012,MARKET_UP,False,False,False,Disc=0.96 10D超額=+11.4% 產業超額=+14.0% outperf10=70% RSaccel=+0.0254 觸發=indep regime=MARKET_UP
6214,精誠,資訊服務業,2023-08-04,2023-08-07,116.791,138.445,0.25,110.5,130.988,0.0538675,0.737308,False,,,,,,0,,,,,,False,0.25,2023-08-09,112.717,133.616,F2_STRUCTURE,FAILED_PROBE,3,0.25,-0.00982553,-0.00982553,-0.0393021,-0.0348806,0,-0.0367429,0,-0.0367429,,,,,0.5,0,,DISCOVERY,2023,0.965728,0.00900901,0.045045,0.0693708,0.0943396,0.346947,0.0588054,1.02012,0.621209,0.974979,1.31263,0.0544879,0.0742732,0.128761,0.6,2,0.00212436,0.0134718,0.00109181,-0.0491803,2.78534,4.51171e+08,-0.00296264,MARKET_SIDEWAYS,False,False,False,Disc=0.97 10D超額=+12.9% 產業超額=+7.4% outperf10=60% RSaccel=+0.0011 觸發=indep regime=MARKET_SIDEWAYS
6215,和椿,其他電子業,2024-12-17,2024-12-18,71.8792,85.616,0.25,68.1,81.1145,0.0525778,0.868362,True,2024-12-20,83.7,99.6958,persist,2,1,2024-12-23,86.9167,103.527,,,True,1,2025-01-10,93.366,111.209,MFE_PROTECTION,EXIT,17,1,0.125589,0.125589,0.125589,0.298928,0.565125,-0.0400568,0.164453,-0.0400568,0.209205,0.0742003,0.294342,-0.033558,13.75,0,,DISCOVERY,2024,0.989319,-0.00290698,0.0479651,0.174076,0.230375,0.0649926,0.0405191,0.966438,0.54361,4.71442,3.51232,-0.0254158,0.249935,0.224519,0.4,2,0.0044703,0.00414501,0.0103822,-0.0190476,5.64792,5.0745e+08,-0.000950091,MARKET_SIDEWAYS,False,False,False,Disc=0.99 10D超額=+22.5% 產業超額=+25.0% outperf10=40% RSaccel=+0.0104 觸發=indep regime=MARKET_SIDEWAYS
6219,富旺,建材營造,2023-12-25,2023-12-26,24.2605,17.4194,0.25,23,16.5143,0.0519568,0.901449,True,2023-12-28,25.5,18.3094,persist,2,1,2023-12-29,25.5637,18.3551,,,True,1,2024-02-29,33.7155,24.2082,TREND_FAILURE_MA20x2,EXIT,39,1,0.331334,0.331334,0.331334,0.389728,0.527174,-0.00661569,0.0531523,-0.00661569,0.053719,0.318879,0.449318,-0.035744,35.75,0,,DISCOVERY,2023,0.963446,0,0.0232558,0.0798751,0.0900901,0.0452638,0.0314345,0.498548,0.240812,1.41367,1.46683,0.00351174,0.108751,0.112263,0.8,1,-0.00111428,-0.000998795,0.003249,-0.0132548,4.00939,3.7373e+07,0.000466567,MARKET_UP,False,False,False,Disc=0.96 10D超額=+11.2% 產業超額=+10.9% outperf10=80% RSaccel=+0.0032 觸發=indep regime=MARKET_UP
6219,富旺,建材營造,2024-03-20,2024-03-21,35.8394,25.7332,0.25,34.1,24.4843,0.0485325,0.584569,False,,,,,,0,,,,,,False,0.25,2024-03-25,34.7629,24.9602,F3_RS_FAILURE,FAILED_PROBE,3,0.25,-0.0086173,-0.0086173,-0.0344692,-0.0300368,0.00866714,-0.0345814,0.00866714,-0.0345814,,,,,0.5,0,,DISCOVERY,2024,0.957778,0.00434783,0.0405797,0.0406551,-0.0177839,0.606264,0.0274572,0.814559,0.403721,1.28234,1.02332,-0.0137047,0.0351639,0.0214592,0.4,3,0.0134636,-0.00493756,0.0121306,-0.0310391,2.94203,7.55148e+07,-0.00366366,MARKET_UP,False,False,False,Disc=0.96 10D超額=+2.1% 產業超額=+3.5% outperf10=40% RSaccel=+0.0121 觸發=indep regime=MARKET_UP
6223,旺矽,半導體業,2023-05-30,2023-05-31,168.921,184.142,0.25,158.5,172.782,0.061693,0.85346,False,,,,,,0,,,,,,False,0.25,2023-06-07,165.585,180.505,F4_TIME_5D,FAILED_PROBE,6,0.25,-0.00605147,-0.00605147,-0.0242059,-0.0197503,0.015266,-0.0439332,0.015266,-0.0439332,,,,,1.25,0,,DISCOVERY,2023,0.976552,-0.00615385,0.0276923,0.157311,0.269962,0.336,0.0397776,1.30806,0.321093,1.14243,1.62672,0.017524,0.097996,0.11552,0.6,2,-0.0159389,0.013634,-0.000998964,-0.00890207,4.44086,8.93534e+08,-0.000815085,MARKET_UP,False,False,False,Disc=0.98 10D超額=+11.6% 產業超額=+9.8% outperf10=60% RSaccel=-0.0010 觸發=indep regime=MARKET_UP
6223,旺矽,半導體業,2024-01-15,2024-01-16,265.663,301.667,0.25,246.5,279.908,0.072131,0.789301,False,,,,,,0,,,,,,False,0.25,2024-01-25,264.836,300.729,F4_TIME_5D,FAILED_PROBE,8,0.25,-0.00190079,-0.00190079,-0.00760315,-0.00311015,0.0389122,-0.0420176,0.0389122,-0.0420176,,,,,1.75,0,,DISCOVERY,2024,0.988201,0.0139165,0.0536779,0.159611,0.229698,0.369509,0.040566,1.60474,0.533615,1.65959,2.06121,0.0209979,0.218808,0.239806,0.6,4,-0.00235361,0.0141497,-0.00672804,-0.0130354,4.23256,1.06814e+09,0.00194086,MARKET_SIDEWAYS,False,False,False,Disc=0.99 10D超額=+24.0% 產業超額=+21.9% outperf10=60% RSaccel=-0.0067 觸發=indep regime=MARKET_SIDEWAYS
6223,旺矽,半導體業,2024-07-15,2024-07-16,639.595,735.472,0.25,595,684.192,0.0697238,0.79003,False,,,,,,0,,,,,,False,0.25,2024-07-17,613.463,705.422,F3_RS_FAILURE,FAILED_PROBE,2,0.25,-0.0113165,-0.0113165,-0.045266,-0.0408579,0.0193951,-0.0587794,0.0193951,-0.0587794,,,,,0.25,0,,DISCOVERY,2024,0.98853,0.0184874,0.0672269,0.158375,0.241386,0.63415,0.0481032,0.909753,0.567565,1.63402,1.45659,-0.0211189,0.15895,0.137831,0.5,2,-0.00427487,0.00252578,0.0175451,-0.0185471,4.04724,1.44322e+09,-0.00157085,MARKET_UP,False,False,False,Disc=0.99 10D超額=+13.8% 產業超額=+15.9% outperf10=50% RSaccel=+0.0175 觸發=indep regime=MARKET_UP
6223,旺矽,半導體業,2024-08-13,2024-08-14,607.515,698.583,0.25,560,643.945,0.078212,0.778905,True,2024-08-19,693,796.882,persist,3,1,2024-08-20,697.74,802.333,,,True,1,2024-09-09,728.175,837.33,MFE_PROTECTION,EXIT,19,1,0.0776823,0.0776823,0.0776823,0.198612,0.415603,-0.00249377,0.152235,-0.00249377,0.148515,0.0436194,0.232551,-0.0282913,15,0,,DISCOVERY,2024,0.98337,0.00357143,0.0553571,0.054745,-0.00672269,0.377402,0.0728789,0.93841,0.903423,1.49941,1.12453,-0.0319307,0.116009,0.0840787,0.5,2,0.00452375,-0.00390736,0.0161207,-0.0935583,3.65672,1.95174e+09,0.00107058,MARKET_SIDEWAYS,False,False,False,Disc=0.98 10D超額=+8.4% 產業超額=+11.6% outperf10=50% RSaccel=+0.0161 觸發=indep regime=MARKET_SIDEWAYS
6223,旺矽,半導體業,2024-12-17,2024-12-18,902.25,1037.5,0.25,848,975.117,0.0601275,0.772024,False,,,,,,0,,,,,,False,0.25,2024-12-23,882.787,1015.12,F2_STRUCTURE,FAILED_PROBE,4,0.25,-0.00650563,-0.00650563,-0.0260225,-0.0215711,0.0307564,-0.035744,0.0307564,-0.035744,,,,,0.75,0,,DISCOVERY,2024,0.973298,0.0141509,0.0766509,0.123278,0.196592,0.190352,0.0452981,0.890578,0.592784,1.65951,0.805131,0.00128837,0.127676,0.128964,0.4,2,0.00266346,0.00862113,-0.00116871,-0.012973,3.02245,2.50859e+09,-0.000950091,MARKET_SIDEWAYS,False,False,False,Disc=0.97 10D超額=+12.9% 產業超額=+12.8% outperf10=40% RSaccel=-0.0012 觸發=indep regime=MARKET_SIDEWAYS
6223,旺矽,半導體業,2025-03-26,2025-03-27,737.84,848.444,0.25,717,824.48,0.0282446,0.763116,False,,,,,,0,,,,,,False,0.25,2025-03-28,715.207,822.419,F1_PROBE_LOW,FAILED_PROBE,2,0.25,-0.00877626,-0.00877626,-0.035105,-0.030674,0.00834869,-0.0146915,0.00834869,-0.0146915,,,,,0.25,0,,STRICT_OOS,2025,0.952191,0.00138122,0.0580111,0.045377,-0.0217114,-0.142217,0.0414025,1.33311,0.49524,1.62727,0.9359,0.000771151,0.0743738,0.0751449,0.7,1,-0.0178854,0.00551443,0.0129417,-0.263462,2.52252,1.93361e+09,-0.000579172,MARKET_SIDEWAYS,False,False,False,Disc=0.95 10D超額=+7.5% 產業超額=+7.4% outperf10=70% RSaccel=+0.0129 觸發=indep regime=MARKET_SIDEWAYS
6223,旺矽,半導體業,2025-07-14,2025-07-15,1072.68,1252.3,0.25,1015,1184.97,0.0537675,0.8148,False,,,,,,0,,,,,,False,0.25,2025-07-23,1057.35,1234.41,F2_STRUCTURE,FAILED_PROBE,7,0.25,-0.00468864,-0.00468864,-0.0187546,-0.0142867,0.0720861,-0.0351225,0.0720861,-0.0351225,,,,,1.5,0,,STRICT_OOS,2025,0.954186,-0.00487805,0.0341463,0.114108,0.203783,0.730196,0.0426555,1.34911,0.483002,0.764289,0.842186,-0.00973043,0.132419,0.122688,0.6,1,0.00032827,0.00317992,-0.0059274,-0.040724,4.13611,2.58751e+09,-0.00598039,MARKET_SIDEWAYS,False,False,False,Disc=0.95 10D超額=+12.3% 產業超額=+13.2% outperf10=60% RSaccel=-0.0059 觸發=indep regime=MARKET_SIDEWAYS
6223,旺矽,半導體業,2025-08-29,2025-09-01,1373.42,1603.41,0.25,1285,1500.18,0.0643829,0.736221,True,2025-09-08,1525,1780.37,persist,5,1,2025-09-09,1563.9,1825.79,,,True,1,2025-11-12,1780.54,2078.7,MFE_PROTECTION,EXIT,49,1,0.173098,0.173098,0.173098,0.296421,0.561789,-0.0170559,0.146768,-0.0170559,0.138686,0.138524,0.371571,-0.0984078,43.5,0,,STRICT_OOS,2025,0.950327,0.0194553,0.0817121,0.160412,0.349515,0.714726,0.0501028,1.3054,0.723346,1.51791,1.02203,0.0373616,0.0743742,0.111736,0.6,2,0.011052,0.0119071,0.0103196,-0.0141844,4.1641,2.70702e+09,-0.000138222,MARKET_SIDEWAYS,False,False,False,Disc=0.95 10D超額=+11.2% 產業超額=+7.4% outperf10=60% RSaccel=+0.0103 觸發=indep regime=MARKET_SIDEWAYS
6227,茂綸,電子通路業,2026-07-27,2026-07-28,114.786,155.911,0.25,110,149.41,0.041697,0.769601,False,,,,,,0,,,,,,False,0.25,2026-07-29,109.725,149.036,F1_PROBE_LOW,FAILED_PROBE,2,0.25,-0.0121234,-0.0121234,-0.0484935,-0.0440928,0.0279977,-0.0199175,0.0279977,-0.0199175,,,,,0.25,0,,STRICT_OOS,2026,0.984866,-0.00440529,0.0264317,0.00517687,-5.55112e-16,0.24333,0.043225,0.817129,0.420348,1.1677,0.667298,-0.0269799,0.0873916,0.0604118,0.6,3,0.0110815,-0.00265399,0.0277202,-0.185315,3.37589,4.47692e+07,-0.000473029,MARKET_SIDEWAYS,False,False,False,Disc=0.98 10D超額=+6.0% 產業超額=+8.7% outperf10=60% RSaccel=+0.0277 觸發=indep regime=MARKET_SIDEWAYS
6230,尼得科超眾,電腦及週邊設備業,2024-01-05,2024-01-08,140.851,143.786,0.25,137,139.855,0.0273427,0.60969,False,,,,,,0,,,,,,False,0.25,2024-01-08,136.657,139.505,F1_PROBE_LOW,FAILED_PROBE,1,0.25,-0.00855184,-0.00855184,-0.0342074,-0.0297743,0,0,,,,,,,0,0,,DISCOVERY,2024,0.972028,0.00727273,0.0218182,0.0751865,0.124,0.00716846,0.0373665,1.42501,0.573463,0.504264,2.88142,-0.0125954,0.142512,0.129916,0.5,3,-0.0221252,0.00329994,-0.0195927,-0.274276,6.19048,3.15472e+07,-0.0017385,MARKET_SIDEWAYS,False,False,False,Disc=0.97 10D超額=+13.0% 產業超額=+14.3% outperf10=50% RSaccel=-0.0196 觸發=indep regime=MARKET_SIDEWAYS
6231,系微,資訊服務業,2024-10-22,2024-10-23,594.482,847.355,0.25,554,789.652,0.068097,0.844555,False,,,,,,0,,,,,,False,0.25,2024-10-25,552.615,787.678,F1_PROBE_LOW,FAILED_PROBE,3,0.25,-0.0186921,-0.0186921,-0.0747683,-0.0704268,0.00591691,-0.05464,0.00591691,-0.05464,,,,,0.5,0,,DISCOVERY,2024,0.972569,0.00346021,0.0294118,0.124286,0.142035,0.276824,0.0602041,1.02632,0.509427,0.910945,1.64277,-0.0241566,0.107998,0.0838411,0.5,3,0.00435623,0.00558591,0.0114968,-0.0309446,3.54536,7.96655e+08,-0.000301582,MARKET_UP,False,False,True,Disc=0.97 10D超額=+8.4% 產業超額=+10.8% outperf10=50% RSaccel=+0.0115 觸發=indep regime=MARKET_UP
6243,迅杰,半導體業,2023-06-29,2023-06-30,55.1375,28.1856,0.25,51.5,26.3261,0.0659714,0.834881,False,,,,,,0,,,,,,False,0.25,2023-07-06,51.87,26.5153,F2_STRUCTURE,FAILED_PROBE,5,0.25,-0.0159069,-0.0159069,-0.0636276,-0.0592609,0.0464747,-0.0605305,0.0464747,-0.0605305,,,,,1,0,,DISCOVERY,2023,0.955224,0.00562852,0.0375234,0.0896126,0.290389,0.558776,0.0474721,1.04392,0.499798,1.43912,0.982793,-0.00822748,0.12074,0.112513,0.8,2,-0.0130724,0.00905575,0.00792365,-0.0210457,2.04747,1.48823e+08,0.000393844,MARKET_SIDEWAYS,False,False,False,Disc=0.96 10D超額=+11.3% 產業超額=+12.1% outperf10=80% RSaccel=+0.0079 觸發=indep regime=MARKET_SIDEWAYS
6243,迅杰,半導體業,2023-10-30,2023-10-31,52.2302,26.6994,0.25,48.7,24.8948,0.0675901,0.746724,False,,,,,,0,,,,,,False,0.25,2023-11-01,50.0745,25.5974,F2_STRUCTURE,FAILED_PROBE,2,0.25,-0.0114203,-0.0114203,-0.0456811,-0.041274,0.00325003,-0.0580171,0.00325003,-0.0580171,,,,,0.25,0,,DISCOVERY,2023,0.955316,0,0.0461847,0.0928733,0.155211,0.142544,0.0610776,1.25163,0.684896,1.30195,2.51971,0.0456097,0.144926,0.190536,0.6,2,0.000179827,-0.000721141,0.00171995,-0.0970537,2.95398,1.3502e+08,0.000934017,MARKET_SIDEWAYS,False,False,False,Disc=0.96 10D超額=+19.1% 產業超額=+14.5% outperf10=60% RSaccel=+0.0017 觸發=indep regime=MARKET_SIDEWAYS
6244,茂迪,光電業,2025-03-14,2025-03-17,23.2079,24.4691,0.25,21.55,22.7212,0.0714358,0.844855,False,,,,,,0,,,,,,False,0.25,2025-03-19,22.4936,23.7161,F3_RS_FAILURE,FAILED_PROBE,3,0.25,-0.00880173,-0.00880173,-0.0352069,-0.0307762,0,-0.0348104,0,-0.0348104,,,,,0.5,0,,STRICT_OOS,2025,0.95894,0.00231481,0.0740741,0.0519157,0.107399,-0.0569106,0.036484,0.716039,0.381513,3.78687,1.12274,0.00856175,0.0788678,0.0874295,0.6,1,-0.000276218,-0.00955555,0.0121483,-0.336138,3.01266,3.29936e+07,0.000290051,MARKET_DOWN,False,False,False,Disc=0.96 10D超額=+8.7% 產業超額=+7.9% outperf10=60% RSaccel=+0.0121 觸發=indep regime=MARKET_DOWN
6245,立端,通信網路業,2023-02-15,2023-02-16,105.263,117.234,0.25,101.5,113.044,0.035744,0.738455,True,2023-02-20,116.5,129.75,persist,2,1,2023-02-21,116.29,129.516,,,True,1,2023-03-13,104.239,116.094,HARD_STOP,EXIT,16,1,-0.0844743,-0.0844743,-0.0844743,-0.00972566,0.192257,-0.0072438,0.144757,-0.0072438,0.104762,-0.103631,0.0791986,-0.109984,12.75,0,,DISCOVERY,2023,0.96,-0.00485437,0.0145631,0.0676884,0.179458,0.507937,0.0489405,0.955926,0.64015,0.388843,1.1029,0.0137539,0.109075,0.122828,0.7,2,-0.00909822,-0.00560742,-0.00168013,-0.0669643,3.12849,7.74052e+08,-0.0141551,MARKET_UP,False,False,False,Disc=0.96 10D超額=+12.3% 產業超額=+10.9% outperf10=70% RSaccel=-0.0017 觸發=indep regime=MARKET_UP
6245,立端,通信網路業,2023-05-12,2023-05-15,119.799,133.424,0.25,114,126.965,0.0484041,0.85491,True,2023-05-23,140.5,156.479,persist,6,1,2023-05-24,140.851,156.871,,,True,1,2023-06-12,115.211,128.314,TREND_FAILURE_MA20x2,EXIT,21,1,-0.150272,-0.150272,-0.150272,-0.0382934,0.176974,-0.0233621,0.176974,-0.0233621,0.175732,-0.182036,-0.00249377,-0.183536,14.75,0,,DISCOVERY,2023,0.982827,-0.012931,0.0387931,0.115328,0.100457,0.147619,0.0394191,0.829543,0.455505,1.34772,1.61753,-0.0128061,0.205915,0.193109,0.8,2,-0.00794782,0.00534212,0.00499169,-0.0766283,4,5.88759e+08,-0.00079151,MARKET_SIDEWAYS,False,False,False,Disc=0.98 10D超額=+19.3% 產業超額=+20.6% outperf10=80% RSaccel=+0.0050 觸發=indep regime=MARKET_SIDEWAYS
6257,矽格,電子工業,2025-03-04,2025-03-05,81.804,104.006,0.25,75.8,96.3725,0.073395,0.914984,False,,,,,,0,,,,,,False,0.25,2025-03-10,77.9047,99.0484,F2_STRUCTURE,FAILED_PROBE,4,0.25,-0.0130146,-0.0130146,-0.0520585,-0.0476658,0.00728571,-0.0587257,0.00728571,-0.0587257,,,,,0.75,0,,STRICT_OOS,2025,0.979812,-0.0100756,0.0327456,0.0854458,0.183261,0.186686,0.027439,0.716996,0.290233,2.63112,1.28891,0.0181437,0.116762,0.134905,0.7,3,0.0106605,-0.00891862,0.0159803,-0.00966184,3.33333,6.05128e+08,-0.00700335,MARKET_SIDEWAYS,False,False,False,Disc=0.98 10D超額=+13.5% 產業超額=+11.7% outperf10=70% RSaccel=+0.0160 觸發=indep regime=MARKET_SIDEWAYS
6257,矽格,電子工業,2025-10-31,2025-11-03,108.771,145.672,0.25,96.7,129.506,0.110978,0.858957,False,,,,,,0,,,,,,False,0.25,2025-11-05,99.75,133.591,F3_RS_FAILURE,FAILED_PROBE,3,0.25,-0.0218128,-0.0218128,-0.0872512,-0.0829378,0.0618615,-0.0484618,0.0618615,-0.0484618,,,,,0.5,0,,STRICT_OOS,2025,0.978142,0.0102564,0.0717949,0.118365,0.148352,0.314465,0.0315789,0.897888,0.389384,2.47942,1.51297,-0.00161419,0.116307,0.114693,0.6,2,0.0040265,0.00146012,0.0112131,-0.0141509,4.45455,3.81365e+08,-0.00191533,MARKET_UP,False,False,False,Disc=0.98 10D超額=+11.5% 產業超額=+11.6% outperf10=60% RSaccel=+0.0112 觸發=indep regime=MARKET_UP
6257,矽格,電子工業,2026-03-30,2026-03-31,147.367,197.363,0.25,137,183.478,0.0703514,0.877548,True,2026-04-09,171,229.013,persist,5,1,2026-04-10,177.944,238.312,,,True,1,2026-06-09,202.991,271.857,MFE_PROTECTION,EXIT,48,1,0.194983,0.194983,0.194983,0.377449,0.642153,-0.00588664,0.187507,-0.00588664,0.207483,0.140761,0.35998,-0.0362123,42.5,0,,STRICT_OOS,2026,0.967742,-0.0308219,0.0136986,0.114038,0.080292,0.465347,0.0485039,1.28603,0.727328,1.37959,1.53191,0.0192961,0.143889,0.163185,0.8,1,-0.0138079,0.00406985,0.033215,-0.0166113,3.55224,1.29183e+09,-0.0179518,MARKET_SIDEWAYS,False,False,False,Disc=0.97 10D超額=+16.3% 產業超額=+14.4% outperf10=80% RSaccel=+0.0332 觸發=indep regime=MARKET_SIDEWAYS
6265,方土昶,電子通路業,2025-12-24,2025-12-26,23.3081,23.3081,0.25,20.45,20.45,0.122624,0.643153,True,2025-12-30,29.25,29.25,persist,2,1,2025-12-31,30.877,30.877,,,True,1,2026-02-04,38.3539,38.3539,TREND_FAILURE_MA20x2,EXIT,28,1,0.33772,0.33772,0.33772,0.645515,1.49269,-0.00249377,0.254927,-0.00249377,0.324731,0.24215,0.881659,-0.0364997,24.75,0,,STRICT_OOS,2025,0.969253,-0.00486618,0.0705596,0.107475,0.27907,0.84874,0.0711039,0.86973,0.86733,1.19283,1.71311,-0.0295714,0.127841,0.0982692,0.6,2,0.00860664,-0.00533017,-0.0131928,-0.055794,2.68493,2.55213e+08,0.00217269,MARKET_SIDEWAYS,False,False,True,Disc=0.97 10D超額=+9.8% 產業超額=+12.8% outperf10=60% RSaccel=-0.0132 觸發=indep regime=MARKET_SIDEWAYS
6266,泰詠,電子零組件業,2023-02-15,2023-02-16,31.8795,39.0784,0.25,30.3,37.1422,0.0495459,0.902372,True,2023-02-20,33.1,40.5745,persist,2,1,2023-02-21,33.1827,40.6759,,,True,1,2023-02-22,30.9225,37.9053,HARD_STOP,EXIT,5,1,-0.0629594,-0.0629594,-0.0629594,-0.0300193,0.0602425,-0.0275882,0.0382848,-0.0275882,0.0408805,-0.0681152,0.0186015,-0.0703001,1.75,0,,DISCOVERY,2023,0.995833,0,0.00958468,0.205417,0.313929,0.274194,0.0304024,0.796056,0.466103,1.77291,3.64963,-0.00484171,0.257982,0.253141,0.5,2,0.0111189,-0.0113276,0.0184359,-0.0306748,7.75464,1.05826e+08,-0.0141551,MARKET_UP,False,False,False,Disc=1.00 10D超額=+25.3% 產業超額=+25.8% outperf10=50% RSaccel=+0.0184 觸發=indep regime=MARKET_UP
6278,台表科,電子工業,2023-11-01,2023-11-02,94.4355,113.04,0.25,91.2,109.167,0.0342615,0.855245,False,,,,,,0,,,,,,False,0.25,2023-11-06,92.568,110.805,F3_RS_FAILURE,FAILED_PROBE,3,0.25,-0.00605773,-0.00605773,-0.0242309,-0.0197754,0,-0.0226133,0,-0.0226133,,,,,0.5,0,,DISCOVERY,2023,0.962791,0.012035,0.0273523,0.0394067,0.0206522,0.0318681,0.0198539,0.67901,0.193727,1.69875,1.72137,0.0103826,0.0727145,0.0830971,0.7,1,0.00540437,-0.00391997,0.0142475,-0.0543807,4.13027,9.44377e+07,0.00233044,MARKET_SIDEWAYS,False,False,False,Disc=0.96 10D超額=+8.3% 產業超額=+7.3% outperf10=70% RSaccel=+0.0142 觸發=indep regime=MARKET_SIDEWAYS
6278,台表科,電子工業,2024-03-11,2024-03-12,102.756,123,0.25,96.3,115.272,0.0628307,0.806073,True,2024-03-14,110,131.671,persist,2,1,2024-03-15,109.774,131.4,,,True,1,2024-04-18,106.733,127.76,TREND_FAILURE_MA20x2,EXIT,26,1,-0.0155796,-0.0155796,-0.0155796,0.0386959,0.124019,-0.0170914,0.0850921,-0.0170914,0.0682927,-0.0277047,0.0521641,-0.0708161,22.75,0,,DISCOVERY,2024,0.955782,0.00713558,0.0397553,0.061008,0.100324,0.0344828,0.0203081,0.671031,0.246303,3.90806,1.87214,-0.0513692,0.0651552,0.0137861,0.5,1,0.00311962,-0.00585852,0.00465859,-0.00970874,3.76552,1.50459e+08,-0.00299414,MARKET_UP,False,False,False,Disc=0.96 10D超額=+1.4% 產業超額=+6.5% outperf10=50% RSaccel=+0.0047 觸發=indep regime=MARKET_UP
6278,台表科,電子工業,2025-07-08,2025-07-09,112.781,140.357,0.25,107.5,133.785,0.0468274,0.722569,False,,,,,,0,,,,,,False,0.25,2025-07-11,103.74,135.59,F2_STRUCTURE,FAILED_PROBE,3,0.25,-0.00959703,-0.00959703,-0.0383881,-0.0339646,0.0241064,-0.0408555,0.0241064,-0.0408555,,,,,0.5,0,,STRICT_OOS,2025,0.953221,-0.00909091,0.0181818,0.0244683,-0.00444445,0.232123,0.0283801,0.962699,0.294754,2.11122,1.60241,-0.0171475,0.0415859,0.0244383,0.6,2,0.00195906,-0.00105311,0.00991921,-0.194245,2.67416,2.29165e+08,-0.00296272,MARKET_SIDEWAYS,False,False,False,Disc=0.95 10D超額=+2.4% 產業超額=+4.2% outperf10=60% RSaccel=+0.0099 觸發=indep regime=MARKET_SIDEWAYS
6279,胡連,電子零組件業,2024-09-09,2024-09-10,164.911,193.503,0.25,150.5,176.593,0.0873879,0.942512,True,2024-09-13,176.5,207.101,persist,3,1,2024-09-16,180.45,211.736,,,True,1,2024-10-15,175.56,205.998,TREND_FAILURE_MA20x2,EXIT,22,1,-0.00867163,-0.00867163,-0.00867163,0.0645726,0.161231,-0.00249377,0.09756,-0.00249377,0.0942249,-0.0270989,0.0612358,-0.0634525,18,0,,DISCOVERY,2024,0.958763,-0.0127389,0.0286624,0.0766283,0.116292,0.016623,0.0204549,0.662363,0.212452,3.08179,2.22904,0.0198043,0.127807,0.147611,0.8,1,0.0135467,-0.00861666,0.01559,-0.0404907,4.68011,7.78552e+07,-0.0135641,MARKET_SIDEWAYS,False,False,False,Disc=0.96 10D超額=+14.8% 產業超額=+12.8% outperf10=80% RSaccel=+0.0156 觸發=indep regime=MARKET_SIDEWAYS
6282,康舒,電子工業,2023-04-24,2023-04-25,44.9621,48.4997,0.25,42.05,45.3584,0.0647684,0.864186,False,,,,,,0,,,,,,False,0.25,2023-04-25,41.9449,45.245,F1_PROBE_LOW,FAILED_PROBE,1,0.25,-0.0178639,-0.0178639,-0.0714555,-0.0671065,0,0,,,,,,,0,0,,DISCOVERY,2023,0.986962,0.00688073,0.043578,0.13928,0.13608,0.531987,0.0362637,0.74939,0.479105,1.90659,3.05768,-0.00276473,0.188133,0.185369,0.6,3,0.00656643,0.00579331,0.024303,-0.0162162,4.90909,1.21853e+09,0.00153048,MARKET_SIDEWAYS,False,False,False,Disc=0.99 10D超額=+18.5% 產業超額=+18.8% outperf10=60% RSaccel=+0.0243 觸發=indep regime=MARKET_SIDEWAYS
6282,康舒,電子工業,2025-10-17,2025-10-20,38.095,45.0565,0.25,35,41.3959,0.0812443,0.908874,True,2025-10-22,42.9,50.7396,persist,2,1,2025-10-23,43.308,51.2221,,,True,1,2025-11-13,39.4511,46.6605,TREND_FAILURE_MA20x2,EXIT,18,1,-0.0622628,-0.0622628,-0.0622628,0.0355985,0.320383,-0.0458065,0.126132,-0.0458065,0.136842,-0.0890569,0.161448,-0.112173,14.75,0,,STRICT_OOS,2025,0.993252,-0.00277778,0.0347222,0.165064,0.237541,0.454601,0.0500479,0.842893,0.534276,1.97672,2.80787,-0.051941,0.195069,0.143128,0.6,2,0.0119675,-0.00413883,0.011583,-0.015852,4.10345,7.82487e+08,-0.0124964,MARKET_UP,False,False,False,Disc=0.99 10D超額=+14.3% 產業超額=+19.5% outperf10=60% RSaccel=+0.0116 觸發=indep regime=MARKET_UP
6284,佳邦,電子零組件業,2023-11-07,2023-11-08,77.1925,83.6283,0.25,70.9,76.8111,0.081517,0.782125,False,,,,,,0,,,,,,False,0.25,2023-11-10,72.219,78.2401,F3_RS_FAILURE,FAILED_PROBE,3,0.25,-0.0171962,-0.0171962,-0.0687849,-0.0644298,0.0337792,-0.0607896,0.0337792,-0.0607896,,,,,0.5,0,,DISCOVERY,2023,0.960692,0.00138313,0.0567082,0.115736,0.230274,0.650821,0.0415108,1.11021,0.530691,2.29639,1.76831,0.00330228,0.0761468,0.0794491,0.5,1,0.0017822,0.0212305,0.00805222,-0.00779221,3.59459,5.3091e+08,0.00213762,MARKET_SIDEWAYS,False,False,False,Disc=0.96 10D超額=+7.9% 產業超額=+7.6% outperf10=50% RSaccel=+0.0081 觸發=indep regime=MARKET_SIDEWAYS
6284,佳邦,電子零組件業,2025-10-31,2025-11-03,88.4205,101.657,0.25,83.6,96.1151,0.0545179,0.82585,False,,,,,,0,,,,,,False,0.25,2025-11-07,83.391,95.8748,F1_PROBE_LOW,FAILED_PROBE,5,0.25,-0.0153134,-0.0153134,-0.0612536,-0.0568816,0.0122087,-0.0409464,0.0122087,-0.0409464,,,,,1,0,,STRICT_OOS,2025,0.986339,0,0.0284024,0.133873,0.169583,0.246772,0.0401118,0.908889,0.503127,1.40921,2.41061,0.0259428,0.161504,0.187447,0.7,2,0.00421464,0.00305945,-0.00720147,-0.0354749,4.73361,3.4079e+08,-0.00191533,MARKET_UP,False,False,False,Disc=0.99 10D超額=+18.7% 產業超額=+16.2% outperf10=70% RSaccel=-0.0072 觸發=indep regime=MARKET_UP
6285,啟碁,電子工業,2023-08-04,2023-08-07,120.3,133.759,0.25,111,123.418,0.0773067,0.880545,False,,,,,,0,,,,,,False,0.25,2023-08-14,118.204,131.428,F4_TIME_5D,FAILED_PROBE,6,0.25,-0.0054715,-0.0054715,-0.021886,-0.0174252,0.0266002,-0.0482128,0.0266002,-0.0482128,,,,,1.25,0,,DISCOVERY,2023,0.95104,-0.00440529,0.0396476,0.0498893,0.143425,0.283071,0.0511501,1.15345,0.559898,0.804784,1.20374,-0.000184552,0.101467,0.101282,0.7,1,-0.00823304,0.00229126,0.0233011,-0.0522088,2.73373,2.87221e+09,-0.00296264,MARKET_SIDEWAYS,False,False,False,Disc=0.95 10D超額=+10.1% 產業超額=+10.1% outperf10=70% RSaccel=+0.0233 觸發=indep regime=MARKET_SIDEWAYS
6285,啟碁,電子工業,2023-09-19,2023-09-20,152.881,169.985,0.25,143.5,159.554,0.0613629,0.95066,False,,,,,,0,,,,,,False,0.25,2023-09-21,143.141,159.155,F1_PROBE_LOW,FAILED_PROBE,2,0.25,-0.0170165,-0.0170165,-0.0680662,-0.0637095,0.000776747,-0.0417399,0.000776747,-0.0417399,,,,,0.25,0,,DISCOVERY,2023,0.980183,0.0170068,0.047619,0.123473,0.252033,0.719385,0.0354824,1.18837,0.359,1.33296,0.968181,0.00192267,0.173992,0.175915,0.7,2,0.00214787,0.0132947,0.0101725,-0.00323625,4.02614,2.31489e+09,-0.00370818,MARKET_SIDEWAYS,False,False,False,Disc=0.98 10D超額=+17.6% 產業超額=+17.4% outperf10=70% RSaccel=+0.0102 觸發=indep regime=MARKET_SIDEWAYS
6290,良維,電子零組件業,2023-02-13,2023-02-14,65.4633,71.8393,0.25,58.9,64.6368,0.100258,0.965531,True,2023-02-16,70.3,77.1472,persist,2,1,2023-02-17,70.0748,76.9,,,True,1,2023-03-14,67.9297,74.5461,TREND_FAILURE_MA20x2,EXIT,19,1,-0.0180078,-0.0180078,-0.0180078,0.0376776,0.167067,-0.0192971,0.073885,-0.0192971,0.0704441,-0.0306102,0.0902643,-0.0595757,15.75,0,,DISCOVERY,2023,0.966102,0,0.0651085,0.128704,0.194757,0.151625,0.0225034,0.808366,0.283897,7.68459,2.37673,0.0150846,0.120944,0.136029,0.8,2,0.00981409,-0.0114437,0.0121536,-0.0139104,6.26866,1.07086e+08,-0.00271835,MARKET_UP,False,False,False,Disc=0.97 10D超額=+13.6% 產業超額=+12.1% outperf10=80% RSaccel=+0.0122 觸發=indep regime=MARKET_UP
6290,良維,電子零組件業,2025-05-15,2025-05-16,98.245,115.477,0.25,92.8,109.077,0.0554227,0.846647,True,2025-05-20,101.5,119.303,persist,2,1,2025-05-21,101.754,119.601,,,True,1,2025-05-28,95.5605,112.321,HARD_STOP,EXIT,9,1,-0.0568619,-0.0568619,-0.0568619,-0.0273246,0.0636674,-0.0248868,0.0433101,-0.0248868,0.0357143,-0.0608651,0.0269892,-0.0899598,5.75,0,,STRICT_OOS,2025,0.969743,0.00631579,0.0189474,0.208565,0.359551,0.125581,0.0349026,0.995733,0.411648,1.78928,2.48575,0.0187715,0.172695,0.191467,0.6,3,-0.00286516,-0.000302871,-0.0035611,-0.00411523,6.21564,4.26428e+08,-0.00241566,MARKET_UP,False,False,False,Disc=0.97 10D超額=+19.1% 產業超額=+17.3% outperf10=60% RSaccel=-0.0036 觸發=indep regime=MARKET_UP
6290,良維,電子零組件業,2025-10-31,2025-11-03,188.47,232.599,0.25,174.5,215.358,0.0741232,0.967885,True,2025-11-06,198.5,244.978,persist,3,1,2025-11-07,197.994,244.353,,,True,1,2025-11-18,176.558,217.898,HARD_STOP,EXIT,12,1,-0.101284,-0.101284,-0.101284,-0.0632063,0.098318,-0.0608585,0.098318,-0.0608585,0.0505319,-0.108267,0.0126582,-0.141387,8,0,,STRICT_OOS,2025,1,0.00273973,0.030137,0.241744,0.534694,0.790476,0.0522416,0.746955,0.545869,0.532434,1.38327,0.0252928,0.232442,0.257735,0.7,3,0.0101204,0.00124545,0.0131695,-0.0284238,5.14182,2.51957e+09,-0.00191533,MARKET_UP,False,False,False,Disc=1.00 10D超額=+25.8% 產業超額=+23.2% outperf10=70% RSaccel=+0.0132 觸發=indep regime=MARKET_UP
6409,旭隼,電子工業,2024-03-14,2024-03-15,1759.39,1858.8,0.25,1650,1743.23,0.0621736,0.79398,False,,,,,,0,,,,,,False,0.25,2024-03-20,1650.86,1744.14,F2_STRUCTURE,FAILED_PROBE,4,0.25,-0.0165112,-0.0165112,-0.0660446,-0.0616834,0.031609,-0.0394384,0.031609,-0.0394384,,,,,0.75,0,,DISCOVERY,2024,0.96696,0,0.0445104,0.111989,0.318352,0.14658,0.033888,1.0272,0.321174,1.34177,0.840456,-0.0695232,0.114894,0.0453705,0.6,2,-0.0191796,-0.00552457,0.00822515,-0.152089,3.43713,3.68577e+08,0.000472188,MARKET_UP,False,False,False,Disc=0.97 10D超額=+4.5% 產業超額=+11.5% outperf10=60% RSaccel=+0.0082 觸發=indep regime=MARKET_UP
6409,旭隼,電子工業,2025-10-17,2025-10-20,1097.74,1225.73,0.25,996,1112.13,0.0926792,0.890997,False,,,,,,0,,,,,,False,0.25,2025-11-18,1117.2,1247.46,PROBE_MAX_LIFE,FAILED_PROBE,21,0.25,0.00329744,0.00329744,0.0131898,0.0177296,0.16148,-0.0116034,0.16148,-0.0116034,,,,,5,0,,STRICT_OOS,2025,0.968961,-0.0140845,0.00938967,0.0957089,0.099182,-0.0811966,0.0403987,1.0949,0.504595,1.41333,1.40473,-0.0518127,0.178468,0.126655,0.5,2,0.00695247,0.000155041,0.00718319,-0.514379,4.07566,8.31943e+08,-0.0124964,MARKET_UP,False,False,False,Disc=0.97 10D超額=+12.7% 產業超額=+17.8% outperf10=50% RSaccel=+0.0072 觸發=indep regime=MARKET_UP
6412,群電,電子零組件業,2023-12-29,2024-01-02,145.864,167.812,0.25,135,155.314,0.0744788,0.832733,True,2024-01-04,153.5,176.598,persist,2,1,2024-01-05,153.884,177.039,,,True,1,2024-01-19,142.144,163.533,HARD_STOP,EXIT,14,1,-0.0679513,-0.0679513,-0.0679513,-0.0255033,0.0797748,-0.0230609,0.0523519,-0.0230609,0.0549828,-0.0762914,0.0234999,-0.0772255,10.75,0,,DISCOVERY,2024,0.973082,0.00714286,0.0392857,0.0674982,0.0139373,0.25431,0.0289642,1.12261,0.3423,1.8343,0.883419,-0.0206921,0.100139,0.0794471,0.8,1,0.00523186,0.000115056,0.0211531,-0.03,4.62712,1.06724e+08,0.00114124,MARKET_UP,False,False,False,Disc=0.97 10D超額=+7.9% 產業超額=+10.0% outperf10=80% RSaccel=+0.0212 觸發=indep regime=MARKET_UP
6412,群電,電子零組件業,2024-03-15,2024-03-18,188.47,216.83,0.25,166,190.978,0.119223,0.804221,False,,,,,,0,,,,,,False,0.25,2024-03-19,180.049,207.141,F3_RS_FAILURE,FAILED_PROBE,2,0.25,-0.0122704,-0.0122704,-0.0490816,-0.0446822,0.0399533,-0.082082,0.0399533,-0.082082,,,,,0.25,0,,DISCOVERY,2024,0.958196,-0.00287356,0.0287356,0.0801026,0.193333,0.340824,0.0430966,0.64151,0.442036,0.969921,1.48734,-0.078261,0.0980065,0.0197455,0.5,2,0.0119211,-0.0128439,0.0167679,-0.0110497,2.39815,1.39682e+08,-0.0128108,MARKET_UP,False,False,False,Disc=0.96 10D超額=+2.0% 產業超額=+9.8% outperf10=50% RSaccel=+0.0168 觸發=indep regime=MARKET_UP
6412,群電,電子零組件業,2025-01-08,2025-01-09,127.318,152.354,0.25,121.5,145.392,0.0456929,0.808119,True,2025-01-13,128.5,153.769,persist,2,1,2025-01-14,126.315,151.154,,,True,1,2025-01-14,124.189,148.61,HARD_STOP,EXIT,4,1,-0.0232261,-0.0232261,-0.0232261,-0.0245744,0.0328509,-0.0221297,0.0328509,-0.0221297,-0.00787402,-0.0168329,-0.00249377,-0.0183272,0.75,0,,STRICT_OOS,2025,0.959384,-0.00803213,0.0200803,0.0485036,0.0200803,2.22045e-16,0.0241845,0.73936,0.299671,1.11779,0.976879,-0.0078865,0.0671992,0.0593127,0.6,3,0.0154352,-0.0138609,0.00367323,-0.326036,3.09302,1.08422e+08,-0.010314,MARKET_SIDEWAYS,False,False,False,Disc=0.96 10D超額=+5.9% 產業超額=+6.7% outperf10=60% RSaccel=+0.0037 觸發=indep regime=MARKET_SIDEWAYS
6415,矽力*-KY,電子工業,2025-02-19,2025-02-20,434.083,1776.11,0.25,416.5,1704.17,0.0405049,0.631736,True,2025-02-25,461,1886.24,persist,3,1,2025-02-26,456.137,1866.35,,,True,1,2025-02-26,452.366,1850.92,HARD_STOP,EXIT,5,1,-0.000180485,-0.000180485,-0.000180485,0.0421204,0.101173,-0.00249377,0.101173,-0.00249377,0.0508083,-0.00826781,0.00737168,-0.0189362,1,0,,STRICT_OOS,2025,0.978541,0,0.0248815,0.108335,0.165768,-0.0698925,0.0394715,1.07611,0.567406,1.08345,2.05768,0.0453413,0.0633244,0.108666,0.4,2,-0.00556284,-0.00333682,0.0145339,-0.246516,4.86192,1.18595e+09,-0.00262105,MARKET_SIDEWAYS,False,False,False,Disc=0.98 10D超額=+10.9% 產業超額=+6.3% outperf10=40% RSaccel=+0.0145 觸發=indep regime=MARKET_SIDEWAYS
6415,矽力*-KY,電子工業,2025-03-19,2025-03-20,458.644,1876.6,0.25,438,1792.14,0.0450104,0.794774,False,,,,,,0,,,,,,False,0.25,2025-03-21,436.905,1787.66,F1_PROBE_LOW,FAILED_PROBE,2,0.25,-0.0129478,-0.0129478,-0.0517913,-0.0473979,0.00186692,-0.0319284,0.00186692,-0.0319284,,,,,0.25,0,,STRICT_OOS,2025,0.957839,-0.00225734,0.0225734,0.0326552,0.0734597,0.0968523,0.0397351,0.98565,0.484362,0.86942,0.943797,-0.00291483,0.0901473,0.0872324,0.6,1,0.00668805,-0.000906078,0.0227821,-0.210801,3.91667,1.53417e+09,-0.0139567,MARKET_DOWN,False,False,False,Disc=0.96 10D超額=+8.7% 產業超額=+9.0% outperf10=60% RSaccel=+0.0228 觸發=indep regime=MARKET_DOWN
6417,韋僑,通信網路業,2023-03-02,2023-03-03,122.305,130.921,0.25,112,119.89,0.0842566,,True,2023-03-07,131,140.228,persist,2,1,2023-03-08,132.33,141.652,,,True,1,2023-03-13,118.703,127.064,HARD_STOP,EXIT,7,1,-0.0889093,-0.0889093,-0.0889093,-0.029455,0.124239,-0.0270226,0.124239,-0.0270226,0.0819672,-0.102981,0.0352906,-0.115847,3.75,0,,DISCOVERY,2023,0.994152,0.017094,0.0299145,,0.443114,0.377143,0.0425152,0.409235,0.490074,2.36595,2.5184,0.0776212,0.287523,0.365144,0.9,3,0.0131484,-0.00473005,,-0.0163265,6.63664,3.41012e+07,1.4745e-05,MARKET_SIDEWAYS,False,False,False,Disc=0.99 10D超額=+36.5% 產業超額=+28.8% outperf10=90% RSaccel=+nan 觸發=indep regime=MARKET_SIDEWAYS
6435,大中,半導體業,2026-04-30,2026-05-04,195.989,262.968,0.25,185,248.224,0.0560682,0.71681,True,2026-05-06,217,291.16,persist,2,1,2026-05-07,218.545,293.233,,,True,1,2026-05-18,224.438,301.139,MFE_PROTECTION,EXIT,11,1,0.0518834,0.0518834,0.0518834,0.145155,0.3113,-0.0178008,0.155679,-0.0178008,0.11509,0.0269624,0.175959,-0.0528266,7.75,0,,STRICT_OOS,2026,0.965599,0.00526316,0.0157895,0.117221,0.331034,0.210031,0.0571799,0.885477,0.660504,0.750319,1.31438,0.0385689,0.0899299,0.128499,0.6,2,0.00523888,0.000876738,0.00264875,-0.0374065,3.26214,2.00802e+08,-0.00958871,MARKET_UP,False,False,False,Disc=0.97 10D超額=+12.8% 產業超額=+9.0% outperf10=60% RSaccel=+0.0026 觸發=indep regime=MARKET_UP
6438,迅得,其他電子業,2024-08-27,2024-08-28,128.32,157.322,0.25,116.5,142.83,0.0921135,0.925745,False,,,,,,0,,,,,,False,0.25,2024-09-03,122.194,149.811,F3_RS_FAILURE,FAILED_PROBE,5,0.25,-0.0130336,-0.0130336,-0.0521345,-0.047742,0.00919576,-0.0453554,0.00919576,-0.0453554,,,,,1,0,,DISCOVERY,2024,0.967113,0,0.0243902,0.117764,0.0909091,0.101178,0.0328798,0.955144,0.507837,1.85798,1.51183,0.0950514,0.0702265,0.165278,0.9,2,-0.000429457,-0.00731723,0.02015,-0.0697629,5.31034,1.1356e+08,-0.0024784,MARKET_SIDEWAYS,False,True,False,Disc=0.97 10D超額=+16.5% 產業超額=+7.0% outperf10=90% RSaccel=+0.0202 觸發=indep regime=MARKET_SIDEWAYS
6438,迅得,其他電子業,2024-11-25,2024-11-26,234.585,287.603,0.25,216,264.818,0.079225,0.695731,False,,,,,,0,,,,,,False,0.25,2024-11-27,215.46,264.156,F1_PROBE_LOW,FAILED_PROBE,2,0.25,-0.0214609,-0.0214609,-0.0858436,-0.081527,0,-0.0515165,0,-0.0515165,,,,,0.25,0,,DISCOVERY,2024,0.977922,0.00656455,0.02407,0.0939691,0.0985916,0.902439,0.0608974,0.997225,0.623656,0.66175,1.24219,0.00433193,0.11383,0.118162,0.5,2,0.0133401,0.0248978,0.00232835,-0.0229645,2.63158,1.15196e+09,0.00192322,MARKET_SIDEWAYS,False,False,False,Disc=0.98 10D超額=+11.8% 產業超額=+11.4% outperf10=50% RSaccel=+0.0023 觸發=indep regime=MARKET_SIDEWAYS
6442,光聖,電子工業,2026-08-17,2026-08-18,1654.12,1893.52,0.25,1530,1751.43,0.0750397,0.865807,False,,,,,,0,,,,,,False,0.25,2026-08-19,1476.3,1689.96,F3_RS_FAILURE,FAILED_PROBE,2,0.25,-0.0279405,-0.0279405,-0.111762,-0.107504,0.0307564,-0.0750397,0.0307564,-0.0750397,,,,,0.25,0,,STRICT_OOS,2026,0.968112,0.0288462,0.0448718,0.196989,0.336066,-0.078949,0.0725241,1.1761,1.02474,1.05567,1.30159,0.036122,0.190392,0.226514,0.7,2,-0.0213714,0.0106854,0.00802376,-0.352726,3.12991,3.78008e+09,0.0010098,MARKET_SIDEWAYS,False,False,False,Disc=0.97 10D超額=+22.7% 產業超額=+19.0% outperf10=70% RSaccel=+0.0080 觸發=indep regime=MARKET_SIDEWAYS
6443,元晶,光電業,2024-11-28,2024-11-29,19.9497,20.7885,0.25,19.4,20.2156,0.0275567,0.787872,False,,,,,,0,,,,,,False,0.25,2024-12-06,19.95,20.7887,F2_STRUCTURE,FAILED_PROBE,6,0.25,-0.00112187,-0.00112187,-0.0044875,1.25315e-05,0.0300881,-0.0150253,0.0300881,-0.0150253,,,,,1.25,0,,DISCOVERY,2024,0.972332,0,0.0309278,-0.00336365,-0.0740741,-0.170124,0.0308929,0.75196,0.457663,0.899907,1.33524,-0.0134196,0.118711,0.105291,0.6,2,0.00342287,-0.0145235,0.0204372,-0.3857,2.34682,9.47807e+07,-0.00160646,MARKET_SIDEWAYS,False,False,False,Disc=0.97 10D超額=+10.5% 產業超額=+11.9% outperf10=60% RSaccel=+0.0204 觸發=indep regime=MARKET_SIDEWAYS
6443,元晶,光電業,2025-07-22,2025-07-23,15.8896,16.5576,0.25,15.6,16.2558,0.0182273,0.8055,False,,,,,,0,,,,,,False,0.25,2025-07-23,15.561,16.2152,F1_PROBE_LOW,FAILED_PROBE,1,0.25,-0.00628379,-0.00628379,-0.0251352,-0.0206817,0,0,,,,,,,0,0,,STRICT_OOS,2025,0.96118,0.00940439,0.0250784,0.0522928,0.10101,0.0348101,0.0358235,1.08105,0.403606,1.37987,1.18507,-0.0414598,0.0891398,0.04768,0.5,2,0.000682551,0.00256522,0.00888996,-0.48696,2.73171,7.54459e+07,-0.0151085,MARKET_SIDEWAYS,False,False,False,Disc=0.96 10D超額=+4.8% 產業超額=+8.9% outperf10=50% RSaccel=+0.0089 觸發=indep regime=MARKET_SIDEWAYS
6446,藥華藥,生技醫療業,2024-07-17,2024-07-18,661.65,672.698,0.25,594,603.918,0.102244,0.873126,True,2024-07-26,649,659.837,persist,4,1,2024-07-29,654.633,665.563,,,True,1,2024-08-05,600.495,610.522,HARD_STOP,EXIT,11,1,-0.0894398,-0.0894398,-0.0894398,-0.0924281,0.0428474,-0.0901534,0.01262,-0.0901534,-0.0106061,-0.0826992,0.0540265,-0.110952,6.25,0,,DISCOVERY,2024,0.964657,0.00330579,0.0661157,0.14922,0.327161,1.23958,0.0406423,0.66203,0.482429,1.42908,1.04704,-0.0157398,0.105877,0.0901368,0.6,2,0.0197073,-0.0122225,0.0175122,-0.00616333,4.76839,2.58348e+09,-0.00947734,MARKET_SIDEWAYS,False,False,False,Disc=0.96 10D超額=+9.0% 產業超額=+10.6% outperf10=60% RSaccel=+0.0175 觸發=indep regime=MARKET_SIDEWAYS
6446,藥華藥,生技醫療業,2026-08-14,2026-08-17,1508.76,1894.22,0.25,1415,1776.5,0.0621453,0.851348,False,,,,,,0,,,,,,False,0.25,2026-08-17,1411.46,1772.06,F1_PROBE_LOW,FAILED_PROBE,1,0.25,-0.0172112,-0.0172112,-0.0688448,-0.0644899,0,0,,,,,,,0,0,,STRICT_OOS,2026,0.969543,-0.00346021,0.0380623,0.214083,0.25523,1.11095,0.0688095,0.75809,0.817978,1.1582,1.51245,-0.00280286,0.355484,0.352681,0.6,1,0.0136611,0.0119935,0.00596207,-0.0322581,4.45675,4.41484e+09,-0.0045733,MARKET_SIDEWAYS,False,False,False,Disc=0.97 10D超額=+35.3% 產業超額=+35.5% outperf10=60% RSaccel=+0.0060 觸發=indep regime=MARKET_SIDEWAYS
6451,訊芯-KY,電子工業,2023-09-22,2023-09-25,144.861,157.68,0.25,133,144.77,0.0818801,0.78049,False,,,,,,0,,,,,,False,0.25,2023-09-26,138.653,150.922,F3_RS_FAILURE,FAILED_PROBE,2,0.25,-0.0118159,-0.0118159,-0.0472635,-0.04286,0.0113125,-0.0473643,0.0113125,-0.0473643,,,,,0.25,0,,DISCOVERY,2023,1,-0.0181159,0.0471015,0.259643,0.542156,0.484573,0.0570934,0.884511,0.722335,1.99442,2.11471,-0.00274,0.360894,0.358154,0.6,3,0.00852608,0.0183481,-0.0180853,-6.71758e-10,4.24242,6.5181e+08,0.00170439,MARKET_SIDEWAYS,False,False,False,Disc=1.00 10D超額=+35.8% 產業超額=+36.1% outperf10=60% RSaccel=-0.0181 觸發=indep regime=MARKET_SIDEWAYS
6451,訊芯-KY,電子工業,2023-11-24,2023-11-27,166.415,181.142,0.25,155,168.716,0.0685936,0.872109,False,,,,,,0,,,,,,False,0.25,2023-11-28,157.106,171.009,F3_RS_FAILURE,FAILED_PROBE,2,0.25,-0.0150778,-0.0150778,-0.0603111,-0.055937,0.00952438,-0.0685936,0.00952438,-0.0685936,,,,,0.25,0,,DISCOVERY,2023,0.972892,0.00946372,0.0252366,0.199483,0.221805,0.774017,0.0476923,1.1488,0.642838,0.77212,1.72532,0.0298156,0.311053,0.340868,0.8,3,0.0156607,0.0264753,0.00850092,-0.0921788,4.51613,6.08059e+08,-0.000412269,MARKET_UP,False,False,False,Disc=0.97 10D超額=+34.1% 產業超額=+31.1% outperf10=80% RSaccel=+0.0085 觸發=indep regime=MARKET_UP
6451,訊芯-KY,電子工業,2024-01-17,2024-01-18,188.47,205.148,0.25,180.5,196.473,0.0422879,0.900156,False,,,,,,0,,,,,,False,0.25,2024-01-19,180.049,195.982,F1_PROBE_LOW,FAILED_PROBE,2,0.25,-0.0122704,-0.0122704,-0.0490816,-0.0446822,0.0240357,-0.0290232,0.0240357,-0.0290232,,,,,0.25,0,,DISCOVERY,2024,0.997041,0.0110497,0.0497238,0.213864,0.324042,0.275168,0.0531955,1.31096,0.669263,1.82582,2.95913,-0.00116343,0.36183,0.360667,0.8,4,-0.0144288,0.0275877,0.00170358,-0.040404,5.78799,7.86439e+08,-0.0106694,MARKET_SIDEWAYS,False,False,False,Disc=1.00 10D超額=+36.1% 產業超額=+36.2% outperf10=80% RSaccel=+0.0017 觸發=indep regime=MARKET_SIDEWAYS
6472,保瑞,生技醫療業,2023-07-05,2023-07-06,855.133,1209.26,0.25,771.625,1091.17,0.0976546,0.910489,False,,,,,,0,,,,,,False,0.25,2023-07-07,807.975,1142.57,F3_RS_FAILURE,FAILED_PROBE,2,0.25,-0.0148806,-0.0148806,-0.0595223,-0.0551464,0.00686151,-0.0621336,0.00686151,-0.0621336,,,,,0.25,0,,DISCOVERY,2023,0.95125,0.0100503,0.0615578,0.133543,0.108924,0.0380835,0.0314455,0.544235,0.401429,1.98883,1.34162,0.0478861,0.154882,0.202768,0.7,2,0.00887296,-0.0104384,0.0136229,-0.00821596,5.94624,1.84374e+09,-0.00492043,MARKET_SIDEWAYS,False,False,False,Disc=0.95 10D超額=+20.3% 產業超額=+15.5% outperf10=70% RSaccel=+0.0136 觸發=indep regime=MARKET_SIDEWAYS
6485,點序,半導體業,2023-03-31,2023-04-06,105.764,113.493,0.25,99.5,106.772,0.059224,0.984504,True,2023-04-11,115.5,123.941,persist,3,1,2023-04-12,118.295,126.941,,,True,1,2023-04-21,102.742,110.251,HARD_STOP,EXIT,12,1,-0.110008,-0.110008,-0.110008,-0.0285661,0.129877,-0.0355864,0.0920566,-0.0355864,0.118483,-0.131472,0.0101864,-0.154656,8,0,,DISCOVERY,2023,0.995868,-0.0144928,0.0289855,0.246635,0.334586,0.591928,0.0401744,1.02824,0.496515,2.11156,3.21429,0.0110808,0.311867,0.322948,0.8,2,0.0134282,0.00100715,0.0193169,-0.257991,7.0818,3.25501e+08,0.00117544,MARKET_SIDEWAYS,False,False,False,Disc=1.00 10D超額=+32.3% 產業超額=+31.2% outperf10=80% RSaccel=+0.0193 觸發=indep regime=MARKET_SIDEWAYS
6485,點序,半導體業,2023-09-22,2023-09-25,110.275,123.239,0.25,101,112.874,0.0841079,0.808484,False,,,,,,0,,,,,,False,0.25,2023-10-02,104.239,116.494,F2_STRUCTURE,FAILED_PROBE,5,0.25,-0.0147787,-0.0147787,-0.059115,-0.0547382,0.0111086,-0.0750397,0.0111086,-0.0750397,,,,,1,0,,DISCOVERY,2023,0.960245,-0.00943396,0.0330189,0.133306,0.36194,0.0462281,0.0515329,1.31087,0.447219,1.98455,1.67497,0.00578556,0.135886,0.141672,0.7,1,0.00652308,-0.00413141,-0.00538988,-0.0456999,2.56962,2.92782e+08,0.00170439,MARKET_SIDEWAYS,False,False,False,Disc=0.96 10D超額=+14.2% 產業超額=+13.6% outperf10=70% RSaccel=-0.0054 觸發=indep regime=MARKET_SIDEWAYS
6491,晶碩,生技醫療業,2026-07-02,2026-07-03,347.868,394.917,0.25,330,374.633,0.0513629,0.865932,True,2026-07-07,378,429.125,persist,2,1,2026-07-08,387.466,439.871,,,True,1,2026-07-17,345.634,392.381,HARD_STOP,EXIT,10,1,-0.0868927,-0.0868927,-0.0868927,-0.00642124,0.121117,-0.00393109,0.121117,-0.00393109,0.113833,-0.107964,-0.00249377,-0.14057,6.75,0,,STRICT_OOS,2026,0.95666,-0.00735294,0.0205882,0.0647438,0.0676923,0.194492,0.0285097,0.417453,0.32188,1.22549,1.31089,0.0213363,0.0737352,0.0950715,0.7,1,0.0178565,-0.0159058,0.00381099,-0.0169972,3.94224,1.62554e+08,-0.00584509,MARKET_SIDEWAYS,False,False,False,Disc=0.96 10D超額=+9.5% 產業超額=+7.4% outperf10=70% RSaccel=+0.0038 觸發=indep regime=MARKET_SIDEWAYS
6491,晶碩,生技醫療業,2026-08-31,2026-09-01,392.98,458.228,0.25,370,431.432,0.0584763,0.830069,False,,,,,,0,,,,,,False,0.25,2026-09-03,379.549,442.566,END_OF_WINDOW,EXIT,3,0.25,-0.00965026,-0.00965026,-0.038601,-0.0341779,0.0420378,-0.0330297,0.0420378,-0.0126724,,,,,0.75,0,,STRICT_OOS,2026,0.969816,-0.00397878,0.0596817,0.0715712,0.152619,0.251013,0.0310209,0.472915,0.330176,2.64311,0.897244,0.0233732,0.06975,0.0931231,0.5,2,0.0150396,-0.0119992,0.00819969,0,3.3487,1.87793e+08,-0.00438104,MARKET_UP,False,False,False,Disc=0.97 10D超額=+9.3% 產業超額=+7.0% outperf10=50% RSaccel=+0.0082 觸發=indep regime=MARKET_UP
6505,台塑化,油電燃氣業,2025-02-25,2025-02-26,40.3005,44.1132,0.25,38.2,41.814,0.052121,0.883196,False,,,,,,0,,,,,,False,0.25,2025-03-03,38.5035,42.1462,F2_STRUCTURE,FAILED_PROBE,3,0.25,-0.0122474,-0.0122474,-0.0489897,-0.04459,0.00246895,-0.0446769,0.00246895,-0.0446769,,,,,0.5,0,,STRICT_OOS,2025,0.971114,-0.00502513,0.0163317,0.104965,0.0715232,-0.0679723,0.0318736,0.766502,0.405986,1.56452,1.04637,0,0.169911,0.169911,0.8,4,0.00715504,-0.00121584,0.0102427,-0.443733,4.77008,3.91376e+08,-0.0118645,MARKET_SIDEWAYS,False,False,False,Disc=0.97 10D超額=+17.0% 產業超額=+17.0% outperf10=80% RSaccel=+0.0102 觸發=indep regime=MARKET_SIDEWAYS
6505,台塑化,油電燃氣業,2025-10-17,2025-10-20,44.1601,49.4136,0.25,40.35,45.1502,0.0862798,0.833195,True,2025-10-23,46.5,52.0319,persist,3,1,2025-10-27,46.4659,51.9937,,,True,1,2025-11-27,50.1742,56.1432,MFE_PROTECTION,EXIT,28,1,0.0891924,0.0891924,0.0891924,0.136189,0.295286,-0.0217419,0.0722343,-0.0217419,0.0522134,0.0798086,0.231011,-0.062753,24,0,,STRICT_OOS,2025,0.956815,-0.0034965,0.0198135,0.0830548,0.136364,0.126126,0.0332245,0.710847,0.359423,1.51886,1.43338,0,0.0241567,0.0241567,0.5,2,0.00535191,-0.00241285,0.0120584,-0.171786,3.92138,2.43961e+08,-0.0124964,MARKET_UP,False,False,False,Disc=0.96 10D超額=+2.4% 產業超額=+2.4% outperf10=50% RSaccel=+0.0121 觸發=indep regime=MARKET_UP
6509,聚和,化學工業,2023-02-10,2023-02-13,47.1175,49.3872,0.25,44.7,46.8533,0.0513079,0.815015,False,,,,,,0,,,,,,False,0.25,2023-02-20,45.9848,48.1999,F4_TIME_5D,FAILED_PROBE,6,0.25,-0.00712171,-0.00712171,-0.0284869,-0.024041,0,-0.0300843,0,-0.0300843,,,,,1.25,0,,DISCOVERY,2023,0.988034,0.0110254,0.0363837,0.115396,0.138015,0.284153,0.0234043,0.825904,0.315168,5.22909,3.08536,-0.0214154,0.141005,0.119589,0.5,3,0.0131857,-0.00392284,0.0194886,-0.250282,5.59091,9.58147e+07,-0.000773141,MARKET_UP,False,False,False,Disc=0.99 10D超額=+12.0% 產業超額=+14.1% outperf10=50% RSaccel=+0.0195 觸發=indep regime=MARKET_UP
6509,聚和,化學工業,2024-10-29,2024-10-30,45.1125,51.2445,0.25,42.85,48.6745,0.0501524,0.976254,False,,,,,,0,,,,,,False,0.25,2024-11-07,44.8376,50.9322,F4_TIME_5D,FAILED_PROBE,6,0.25,-0.00264485,-0.00264485,-0.0105794,-0.00609311,0.0174564,-0.0246606,0.0174564,-0.0246606,,,,,1.25,0,,DISCOVERY,2024,0.957553,0.00224215,0.00896863,0.103685,0.159794,0.0895884,0.0211905,0.586974,0.160495,2.05541,2.37573,-0.00284977,0.140734,0.137884,0.9,2,0.0167278,-0.0141178,0.0152352,0,5.24345,7.91308e+07,-0.0117027,MARKET_SIDEWAYS,False,False,False,Disc=0.96 10D超額=+13.8% 產業超額=+14.1% outperf10=90% RSaccel=+0.0152 觸發=indep regime=MARKET_SIDEWAYS
6510,精測,半導體業,2024-10-04,2024-10-07,544.357,588.209,0.25,518,559.728,0.0484194,0.751353,False,,,,,,0,,,,,,False,0.25,2024-10-25,532.665,575.574,F2_STRUCTURE,FAILED_PROBE,14,0.25,-0.00648278,-0.00648278,-0.0259311,-0.0214795,0.0783355,-0.0263751,0.0783355,-0.0263751,,,,,3.25,0,,DISCOVERY,2024,0.951128,0.00766284,0.0383142,0.076839,0.100508,0.135051,0.0370981,0.874482,0.451166,1.64507,2.64336,-0.00851654,0.0691859,0.0606694,0.5,1,0.00499319,-0.00745461,0.000217531,-0.0987472,3.85435,2.39e+08,-0.00391597,MARKET_SIDEWAYS,False,False,False,Disc=0.95 10D超額=+6.1% 產業超額=+6.9% outperf10=50% RSaccel=+0.0002 觸發=indep regime=MARKET_SIDEWAYS
6510,精測,半導體業,2024-11-13,2024-11-14,735.835,795.111,0.25,684,739.1,0.0704438,0.961032,False,,,,,,0,,,,,,False,0.25,2024-11-21,733.163,792.223,F4_TIME_5D,FAILED_PROBE,6,0.25,-0.00203094,-0.00203094,-0.00812376,-0.00363193,0.0301222,-0.0364688,0.0301222,-0.0364688,,,,,1.25,0,,DISCOVERY,2024,0.99493,0.00714286,0.0485714,0.208728,0.301418,0.580194,0.0447645,0.827709,0.600337,1.60467,1.73573,-0.000114907,0.344874,0.344759,0.8,2,0.00638845,0.00124456,0.00918795,-0.00810811,5.44783,6.03124e+08,-0.00528854,MARKET_SIDEWAYS,False,False,False,Disc=0.99 10D超額=+34.5% 產業超額=+34.5% outperf10=80% RSaccel=+0.0092 觸發=indep regime=MARKET_SIDEWAYS
6515,穎崴,半導體業,2025-07-04,2025-07-07,1283.2,1469.38,0.25,1245.67,1426.41,0.0292465,0.780865,False,,,,,,0,,,,,,False,0.25,2025-07-07,1242.56,1422.84,F1_PROBE_LOW,FAILED_PROBE,1,0.25,-0.00902554,-0.00902554,-0.0361022,-0.0316734,0,0,,,,,,,0,0,,STRICT_OOS,2025,0.969834,0.0116732,0.0155642,0.0670482,0.197248,0.853693,0.0391352,1.2629,0.455572,1.07091,0.9661,0.0224471,0.0654312,0.0878783,0.7,2,-0.00618257,0.00975598,-0.00814311,-0.141447,3.62238,1.44802e+09,-0.00728526,MARKET_SIDEWAYS,False,False,False,Disc=0.97 10D超額=+8.8% 產業超額=+6.5% outperf10=70% RSaccel=-0.0081 觸發=indep regime=MARKET_SIDEWAYS
6515,穎崴,半導體業,2026-02-11,2026-02-23,5202.98,5957.88,0.25,4615,5284.59,0.113007,0.960495,False,,,,,,0,,,,,,False,0.25,2026-02-24,4738.12,5425.58,F3_RS_FAILURE,FAILED_PROBE,2,0.25,-0.0234105,-0.0234105,-0.0936421,-0.0893431,0,-0.106281,0,-0.106281,,,,,0.25,0,,STRICT_OOS,2026,0.974576,-0.0061287,0.0224719,0.213922,0.432046,1.26984,0.0518767,1.06102,0.623559,0.571618,0.867316,-0.0286911,0.297827,0.269136,0.8,3,-0.00132255,-0.00531373,0.0163719,-0.000998004,4.46768,2.75863e+09,0,MARKET_SIDEWAYS,False,False,False,Disc=0.97 10D超額=+26.9% 產業超額=+29.8% outperf10=80% RSaccel=+0.0164 觸發=indep regime=MARKET_SIDEWAYS
6526,達發,電子工業,2023-03-10,2023-03-13,622.252,646.522,0.25,598,621.325,0.0389742,0.904795,False,,,,,,0,,,,,,False,0.25,2023-03-16,596.505,619.772,F1_PROBE_LOW,FAILED_PROBE,4,0.25,-0.0114459,-0.0114459,-0.0457836,-0.0413767,0.00763075,-0.034153,0.00763075,-0.034153,,,,,0.75,0,,DISCOVERY,2023,0.95098,-0.00439469,0.039801,0.0846813,0.119643,0.0609137,0.0185692,0.630474,0.233145,5.1116,2.05381,0.0131664,0.0955244,0.108691,0.7,2,0.00923718,-0.0103822,0.00740552,,6.35583,3.47366e+07,-0.0155009,MARKET_SIDEWAYS,False,False,False,Disc=0.95 10D超額=+10.9% 產業超額=+9.6% outperf10=70% RSaccel=+0.0074 觸發=indep regime=MARKET_SIDEWAYS
6531,愛普*,半導體業,2023-09-20,2023-09-21,369.922,781.701,0.25,354.5,749.111,0.0416912,0.798014,True,2023-09-25,395.5,835.75,persist,2,1,2023-09-26,394.985,834.661,,,True,1,2023-10-16,366.581,774.64,HARD_STOP,EXIT,15,1,-0.0605649,-0.0605649,-0.0605649,-0.00903233,0.0948239,-0.00654867,0.0840108,-0.00654867,0.0677507,-0.071911,0.0253554,-0.0708508,11.75,0,,DISCOVERY,2023,0.963581,0.0124827,0.036061,0.0944253,0.125,0.276923,0.0504877,1.66144,0.525288,1.77332,1.90099,0.004066,0.0706754,0.0747414,0.6,1,-0.0183203,0.0077311,0.0124178,-0.0685786,3.26136,2.76487e+09,-0.00610532,MARKET_SIDEWAYS,False,False,False,Disc=0.96 10D超額=+7.5% 產業超額=+7.1% outperf10=60% RSaccel=+0.0124 觸發=indep regime=MARKET_SIDEWAYS
6532,瑞耘,半導體業,2023-08-04,2023-08-07,62.6562,71.3187,0.25,59.4,67.6123,0.0519701,0.658871,False,,,,,,0,,,,,,False,0.25,2023-08-10,61.3463,69.8276,F2_STRUCTURE,FAILED_PROBE,4,0.25,-0.00634017,-0.00634017,-0.0253607,-0.0209077,0.0374065,-0.0264339,0.0374065,-0.0264339,,,,,0.75,0,,DISCOVERY,2023,0.952264,0,0.0480929,0.0805266,0.0859106,0.248287,0.0408002,1.24318,0.506703,1.01822,2.80498,-0.0115783,0.129422,0.117844,0.6,1,0.00209244,0.00611897,-0.00964413,-0.0716962,4.49861,5.93592e+07,-0.00296264,MARKET_SIDEWAYS,False,False,False,Disc=0.95 10D超額=+11.8% 產業超額=+12.9% outperf10=60% RSaccel=-0.0096 觸發=indep regime=MARKET_SIDEWAYS
6533,晶心科,半導體業,2024-10-04,2024-10-07,401,407.084,0.25,364.5,370.03,0.0910224,0.882784,False,,,,,,0,,,,,,False,0.25,2024-10-18,400.995,407.079,F4_TIME_5D,FAILED_PROBE,9,0.25,-0.00112811,-0.00112811,-0.00451244,-1.24693e-05,0.0349127,-0.0473815,0.0349127,-0.0473815,,,,,2,0,,DISCOVERY,2024,0.981203,0,0.0612245,0.116998,0.111111,-0.0961761,0.0356227,0.96564,0.581611,3.0802,1.95826,-0.0095375,0.13803,0.128492,0.6,2,-0.00161,-0.00506172,0.0224905,-0.319372,4.35476,1.96543e+08,-0.00391597,MARKET_SIDEWAYS,False,False,False,Disc=0.98 10D超額=+12.8% 產業超額=+13.8% outperf10=60% RSaccel=+0.0225 觸發=indep regime=MARKET_SIDEWAYS
6535,順藥,生技醫療業,2023-05-15,2023-05-16,47.6187,47.8627,0.25,43.4,43.6223,0.0885943,0.764591,True,2023-05-19,52.1,52.3669,persist,3,1,2023-05-22,54.0348,54.3115,,,True,1,2023-06-15,57.7552,58.0511,MFE_PROTECTION,EXIT,23,1,0.100121,0.100121,0.100121,0.212868,0.442709,-0.0203439,0.121407,-0.0203439,0.134737,0.0688538,0.271404,-0.0172991,19,0,,DISCOVERY,2023,0.959103,0.0282805,0.040724,0.0634609,0.097852,0.108434,0.0402174,0.589071,0.514275,1.19632,0.691691,-0.0446298,0.134941,0.0903117,0.5,1,-0.00233749,0.000160724,0.00357959,-0.0139336,1.81081,3.06642e+07,-0.00176167,MARKET_DOWN,False,False,False,Disc=0.96 10D超額=+9.0% 產業超額=+13.5% outperf10=50% RSaccel=+0.0036 觸發=indep regime=MARKET_DOWN
6538,倉和,電子零組件業,2023-11-10,2023-11-13,158.395,180.902,0.25,146,166.746,0.0782537,0.937764,False,,,,,,0,,,,,,False,0.25,2023-11-15,154.613,176.582,F3_RS_FAILURE,FAILED_PROBE,3,0.25,-0.00708161,-0.00708161,-0.0283264,-0.0238802,0.0101329,-0.0466871,0.0101329,-0.0466871,,,,,0.5,0,,DISCOVERY,2023,0.982143,-0.00983607,0.0229508,0.127779,0.106383,-0.04,0.0382326,0.469938,0.398008,1.28475,1.86784,0.00350495,0.153367,0.156872,0.8,2,-0.000668842,0.00258094,0.0210052,-0.193798,4.61078,1.18578e+08,-0.00376098,MARKET_SIDEWAYS,False,False,False,Disc=0.98 10D超額=+15.7% 產業超額=+15.3% outperf10=80% RSaccel=+0.0210 觸發=indep regime=MARKET_SIDEWAYS
6541,泰福-KY,生技醫療業,2026-01-29,2026-01-30,55.4383,19.5914,0.25,51.7,18.2703,0.0674309,0.75926,False,,,,,,0,,,,,,False,0.25,2026-02-02,51.7703,18.2952,F3_RS_FAILURE,FAILED_PROBE,2,0.25,-0.0176287,-0.0176287,-0.0705148,-0.0661637,0.00652528,-0.056608,0.00652528,-0.056608,,,,,0.25,0,,STRICT_OOS,2026,0.97482,0.0210325,0.0669216,0.0653938,0.0145455,0.00540541,0.0332181,0.214662,0.417028,3.55138,1.5939,-0.0527378,0.0677454,0.0150076,0.5,1,0.0178821,-0.0159746,0.0143,-0.31257,3.74952,4.23178e+07,-0.00815606,MARKET_UP,False,False,False,Disc=0.97 10D超額=+1.5% 產業超額=+6.8% outperf10=50% RSaccel=+0.0143 觸發=indep regime=MARKET_UP
6547,高端疫苗,生技醫療業,2023-03-15,2023-03-16,58.4457,87.057,0.25,56.6,84.3077,0.0315805,0.597213,False,,,,,,0,,,,,,False,0.25,2023-03-16,56.4585,84.0969,F1_PROBE_LOW,FAILED_PROBE,1,0.25,-0.00960627,-0.00960627,-0.0384251,-0.0340016,0,0,,,,,,,0,0,,DISCOVERY,2023,0.958564,0.00524476,0.0402098,-0.0196078,-0.127566,-0.269042,0.0433373,1.11534,0.579105,0.818434,1.32429,-0.0117823,0.0655126,0.0537303,0.5,2,-0.00551259,-0.00909838,0.000597013,-0.690114,2.98615,2.51798e+08,0.00176883,MARKET_SIDEWAYS,False,False,False,Disc=0.96 10D超額=+5.4% 產業超額=+6.6% outperf10=50% RSaccel=+0.0006 觸發=indep regime=MARKET_SIDEWAYS
6547,高端疫苗,生技醫療業,2023-08-11,2023-08-14,64.2602,95.7179,0.25,57.8,86.0951,0.100533,0.8065,False,,,,,,0,,,,,,False,0.25,2023-08-21,61.3462,91.3774,F2_STRUCTURE,FAILED_PROBE,6,0.25,-0.0124362,-0.0124362,-0.0497448,-0.0453469,0.013068,-0.0507351,0.013068,-0.0507351,,,,,1.25,0,,DISCOVERY,2023,0.984868,0.00172712,0.0794473,0.0550304,0.0869565,0.0665529,0.0278857,0.501965,0.402692,3.54971,1.23479,-0.0276073,0.127685,0.100077,0.5,2,0.00617064,-0.0159682,0.0146444,-0.584718,3.84426,1.12922e+08,-0.00201086,MARKET_SIDEWAYS,False,False,False,Disc=0.98 10D超額=+10.0% 產業超額=+12.8% outperf10=50% RSaccel=+0.0146 觸發=indep regime=MARKET_SIDEWAYS
6550,北極星藥業-KY,生技醫療業,2024-03-28,2024-03-29,73.2827,59.3481,0.25,68.2,55.2319,0.0693581,0.861017,False,,,,,,0,,,,,,False,0.25,2024-04-03,71.1217,57.598,F3_RS_FAILURE,FAILED_PROBE,4,0.25,-0.00848054,-0.00848054,-0.0339222,-0.0294885,0.0643705,-0.0379728,0.0643705,-0.0379728,,,,,0.75,0,,DISCOVERY,2024,0.968,0.00714286,0.03,0.0865798,0.0212465,-0.0720721,0.033089,0.4523,0.485025,1.63091,1.10992,0.0087337,0.118026,0.12676,0.7,3,-0.00126616,-0.0205836,0.0206878,-0.296585,5.07186,1.5493e+08,-0.00265196,MARKET_UP,False,False,False,Disc=0.97 10D超額=+12.7% 產業超額=+11.8% outperf10=70% RSaccel=+0.0207 觸發=indep regime=MARKET_UP
6561,是方,通信網路業,2023-02-22,2023-02-23,334.835,357.116,0.25,310,330.628,0.0741709,0.826422,True,2023-03-06,362.5,386.622,persist,5,1,2023-03-07,363.406,387.588,,,True,1,2023-03-13,345.135,368.101,HARD_STOP,EXIT,11,1,-0.0344504,-0.0344504,-0.0344504,0.0307615,0.116968,-0.00249377,0.116968,-0.00249377,0.0853293,-0.0502777,0.020896,-0.0506492,5.5,0,,DISCOVERY,2023,0.972222,-0.0016,0.0576,0.128083,0.182469,0.180357,0.0295008,0.386676,0.414309,4.12835,3.1909,0.0438211,0.114527,0.158348,0.5,2,0.0180501,-0.0111927,0.0182348,-0.046176,6.25641,5.21025e+07,-0.00926749,MARKET_SIDEWAYS,False,False,False,Disc=0.97 10D超額=+15.8% 產業超額=+11.5% outperf10=50% RSaccel=+0.0182 觸發=indep regime=MARKET_SIDEWAYS
6561,是方,通信網路業,2023-08-11,2023-08-14,409.521,436.772,0.25,396,422.351,0.0330172,0.847041,False,,,,,,0,,,,,,False,0.25,2023-08-15,401.993,428.742,F2_STRUCTURE,FAILED_PROBE,2,0.25,-0.00571073,-0.00571073,-0.0228429,-0.0183843,0.00971561,-0.0232497,0.00971561,-0.0232497,,,,,0.25,0,,DISCOVERY,2023,0.962169,0,0.0263819,0.0440227,0.036802,0.105548,0.0327855,0.463424,0.30613,0.837657,1.00846,-0.0615123,0.193839,0.132326,0.7,2,0.00611678,-0.00618467,-0.00376496,-0.0388235,2.576,7.13202e+07,-0.00201086,MARKET_SIDEWAYS,False,False,False,Disc=0.96 10D超額=+13.2% 產業超額=+19.4% outperf10=70% RSaccel=-0.0038 觸發=indep regime=MARKET_SIDEWAYS
6570,維田,電腦及週邊設備業,2024-07-17,2024-07-18,71.2777,89.1837,0.25,65.6,82.0796,0.0796567,0.81192,False,,,,,,0,,,,,,False,0.25,2024-07-19,65.436,81.8744,F1_PROBE_LOW,FAILED_PROBE,2,0.25,-0.0215683,-0.0215683,-0.0862732,-0.0819576,0.0522218,-0.0473886,0.0522218,-0.0473886,,,,,0.25,0,,DISCOVERY,2024,0.968815,0.00296296,0.0518519,0.229757,0.347249,0.365946,0.0457746,0.529398,0.631303,1.7935,3.28512,-0.000843356,0.285026,0.284183,0.7,1,0.022588,-0.00184698,0.00612981,-0.00837988,5.38462,1.11243e+08,-0.00947734,MARKET_SIDEWAYS,False,False,False,Disc=0.97 10D超額=+28.4% 產業超額=+28.5% outperf10=70% RSaccel=+0.0061 觸發=indep regime=MARKET_SIDEWAYS
6579,研揚,電腦及週邊設備業,2024-01-10,2024-01-11,165.914,187.516,0.25,157,177.442,0.0537252,0.914622,False,,,,,,0,,,,,,False,0.25,2024-01-15,158.104,178.689,F2_STRUCTURE,FAILED_PROBE,3,0.25,-0.0128667,-0.0128667,-0.0514667,-0.0470726,0.00353346,-0.0507116,0.00353346,-0.0507116,,,,,0.5,0,,DISCOVERY,2024,0.980254,0.00615385,0.0184615,0.0938533,0.141379,0.161404,0.0343116,1.82408,0.403875,1.23298,1.94863,-0.0168038,0.170378,0.153574,0.6,3,-0.0151809,0.00680326,0.004444,-0.301688,4.49057,8.34179e+07,-0.00398392,MARKET_SIDEWAYS,False,False,False,Disc=0.98 10D超額=+15.4% 產業超額=+17.0% outperf10=60% RSaccel=+0.0044 觸發=indep regime=MARKET_SIDEWAYS
6579,研揚,電腦及週邊設備業,2024-03-20,2024-03-21,169.423,191.482,0.25,158,178.572,0.0674202,0.70012,False,,,,,,0,,,,,,False,0.25,2024-03-25,166.084,187.708,F3_RS_FAILURE,FAILED_PROBE,3,0.25,-0.00604058,-0.00604058,-0.0241623,-0.0197066,0.000457436,-0.0290546,0.000457436,-0.0290546,,,,,0.5,0,,DISCOVERY,2024,0.96,0.01875,0.046875,0.0394043,0.0307692,0.131757,0.0360341,1.01257,0.471459,1.18436,0.551632,-0.0500332,0.0790311,0.0289979,0.6,2,0.0099823,-0.0100657,0.0160442,-0.293249,3.31361,1.74352e+08,-0.00366366,MARKET_UP,False,False,False,Disc=0.96 10D超額=+2.9% 產業超額=+7.9% outperf10=60% RSaccel=+0.0160 觸發=indep regime=MARKET_UP
6585,鼎基,其他,2023-12-29,2024-01-02,136.34,136.666,0.25,126,126.302,0.0758398,0.812907,False,,,,,,0,,,,,,False,0.25,2024-01-09,134.663,134.985,F4_TIME_5D,FAILED_PROBE,6,0.25,-0.00419403,-0.00419403,-0.0167761,-0.0123038,0.01951,-0.053836,0.01951,-0.053836,,,,,1.25,0,,DISCOVERY,2024,0.950202,0.00384615,0.0461538,0.07171,-0.0285714,0.0967742,0.0388655,1.0681,0.469722,2.46124,0.933155,-0.0264109,0.164415,0.138005,0.7,2,-0.0101979,-0.00215455,0.00680855,-0.090301,4.06757,1.34313e+08,0.00114124,MARKET_UP,False,False,False,Disc=0.95 10D超額=+13.8% 產業超額=+16.4% outperf10=70% RSaccel=+0.0068 觸發=indep regime=MARKET_UP
6585,鼎基,其他,2025-02-12,2025-02-13,189.974,194.099,0.25,181.5,185.441,0.0446049,0.909363,False,,,,,,0,,,,,,False,0.25,2025-02-14,181.046,184.978,F1_PROBE_LOW,FAILED_PROBE,2,0.25,-0.0128469,-0.0128469,-0.0513876,-0.0469934,0.008034,-0.0340771,0.008034,-0.0340771,,,,,0.25,0,,STRICT_OOS,2025,0.984195,0.00544959,0.0435967,0.179914,0.264026,0.339161,0.038232,0.877946,0.413966,2.52023,2.03663,-0.00124812,0.268475,0.267226,0.8,2,0.00733846,-0.00304196,0.00268971,-0.178143,5.66829,1.31007e+08,-0.00403266,MARKET_SIDEWAYS,False,False,False,Disc=0.98 10D超額=+26.7% 產業超額=+26.8% outperf10=80% RSaccel=+0.0027 觸發=indep regime=MARKET_SIDEWAYS
6589,台康生技,生技醫療業,2025-01-13,2025-01-14,78.6962,78.6962,0.25,73.6,73.6,0.0647585,0.930667,False,,,,,,0,,,,,,False,0.25,2025-01-22,76.3088,76.3087,F2_STRUCTURE,FAILED_PROBE,7,0.25,-0.00869248,-0.00869248,-0.0347699,-0.0303382,0.0368982,-0.0304494,0.0368982,-0.0304494,,,,,1.5,0,,STRICT_OOS,2025,0.97195,0.00385109,0,0.0648623,0.145588,-0.0781065,0.019989,0.636418,0.309686,0.75186,0.941748,0.0645804,0.0679774,0.132558,0.9,2,0.00940326,-0.0197713,0.0214572,-0.243689,4.94495,7.0172e+07,-0.0227504,MARKET_SIDEWAYS,False,False,False,Disc=0.97 10D超額=+13.3% 產業超額=+6.8% outperf10=90% RSaccel=+0.0215 觸發=indep regime=MARKET_SIDEWAYS
6591,動力-KY,電腦及週邊設備業,2025-08-14,2025-08-15,78.2952,104.117,0.25,71.8,95.4795,0.0829584,0.878697,True,2025-08-20,83.1,110.506,persist,3,1,2025-08-21,83.809,111.449,,,True,1,2025-09-02,88.7775,120.641,MFE_PROTECTION,EXIT,13,1,0.0968061,0.0968061,0.0968061,0.158708,0.315533,-0.0369786,0.0945747,-0.0369786,0.0704225,0.0824769,0.228985,-0.0597669,9,0,,STRICT_OOS,2025,0.961972,0.0145119,0.0237467,0.153963,0.239053,0.0470646,0.0382193,0.989844,0.324913,2.0901,1.91544,0.00575608,0.196444,0.2022,0.9,2,0.0187508,-0.00327842,0.0107165,-0.0426838,5.83312,1.60165e+08,-0.00541321,MARKET_UP,False,False,False,Disc=0.96 10D超額=+20.2% 產業超額=+19.6% outperf10=90% RSaccel=+0.0107 觸發=indep regime=MARKET_UP
6596,寬宏藝術,文化創意業,2024-03-22,2024-03-25,81.2025,91.0355,0.25,74.5,83.5214,0.0825406,0.84982,False,,,,,,0,,,,,,False,0.25,2024-04-01,72.7178,87.4099,F3_RS_FAILURE,FAILED_PROBE,6,0.25,-0.0110592,-0.0110592,-0.0442369,-0.0398265,0.0219984,-0.0542163,0.0219984,-0.0542163,,,,,1.25,0,,DISCOVERY,2024,0.976351,0.00131234,0.0341207,0.252384,0.512476,0.521236,0.0420595,0.526965,0.449811,0.913442,1.38173,-0.0357647,0.328895,0.29313,0.9,2,0.00323645,0.0024445,-0.00738908,-0.00880503,6.09483,8.52369e+07,0.00145254,MARKET_UP,False,False,False,Disc=0.98 10D超額=+29.3% 產業超額=+32.9% outperf10=90% RSaccel=-0.0074 觸發=indep regime=MARKET_UP
6596,寬宏藝術,文化創意業,2025-01-02,2025-01-03,94.0345,113.805,0.25,88.5,107.107,0.0588561,0.915376,False,,,,,,0,,,,,,False,0.25,2025-01-03,88.2787,106.839,F1_PROBE_LOW,FAILED_PROBE,1,0.25,-0.0163928,-0.0163928,-0.0655712,-0.0612089,0,0,,,,,,,0,0,,STRICT_OOS,2025,0.979647,0.0333333,0.05,0.15448,0.26,0.292726,0.0404384,0.57749,0.32543,2.06028,1.43427,0,0.171199,0.171199,0.8,2,0.0172483,-0.00888637,0.00312162,-0.0104712,3.71589,8.20354e+07,-0.00881437,MARKET_SIDEWAYS,False,False,False,Disc=0.98 10D超額=+17.1% 產業超額=+17.1% outperf10=80% RSaccel=+0.0031 觸發=indep regime=MARKET_SIDEWAYS
6596,寬宏藝術,文化創意業,2025-06-12,2025-06-13,145.363,189.902,0.25,135.5,177.018,0.0678476,0.833069,False,,,,,,0,,,,,,False,0.25,2025-06-27,144.638,188.955,F2_STRUCTURE,FAILED_PROBE,11,0.25,-0.00236908,-0.00236908,-0.00947631,-0.00498753,0.0559807,-0.0437699,0.0559807,-0.0437699,,,,,2.5,0,,STRICT_OOS,2025,0.955157,-0.00352113,0.028169,0.118988,0.226891,0.726182,0.053816,0.86993,0.581881,1.1649,1.56804,-0.0570077,0.132233,0.0752253,0.6,1,0.0167563,-0.00177205,0.0116344,0,3.30909,9.37724e+07,-0.00811211,MARKET_SIDEWAYS,False,False,True,Disc=0.96 10D超額=+7.5% 產業超額=+13.2% outperf10=60% RSaccel=+0.0116 觸發=indep regime=MARKET_SIDEWAYS
6603,富強鑫,電機機械,2026-07-28,2026-07-29,25.5136,28.6616,0.25,23.7,26.6242,0.0710846,0.839381,False,,,,,,0,,,,,,False,0.25,2026-08-07,25.6856,28.8548,F3_RS_FAILURE,FAILED_PROBE,8,0.25,0.000556579,0.000556579,0.00222632,0.00674149,0.0660971,-0.0358093,0.0660971,-0.0358093,,,,,1.75,0,,STRICT_OOS,2026,0.990643,-0.0366795,-0.011583,0.025025,0.130243,0.0118577,0.0449219,0.673819,0.589901,1.09942,0.773843,-0.0516574,0.162373,0.110716,0.5,2,0.00721498,-0.0106413,0.0324798,-0.2879,2.26087,4.0298e+07,-0.0465422,MARKET_SIDEWAYS,False,False,False,Disc=0.99 10D超額=+11.1% 產業超額=+16.2% outperf10=50% RSaccel=+0.0325 觸發=indep regime=MARKET_SIDEWAYS
6609,瀧澤科,電機機械,2023-01-17,2023-01-30,41.1025,44.385,0.25,37.85,40.8728,0.0791315,0.798389,False,,,,,,0,,,,,,False,0.25,2023-02-06,39.501,42.6556,F2_STRUCTURE,FAILED_PROBE,6,0.25,-0.010844,-0.010844,-0.0433759,-0.0389636,0.0583298,-0.0365549,0.0583298,-0.0365549,,,,,1.25,0,,DISCOVERY,2023,0.974237,0.00396301,0.0792603,0.131814,0.205015,0.474729,0.0417031,0.741156,0.500201,2.25451,3.08899,-0.0253279,0.122968,0.0976404,0.4,1,0.010283,-0.0106735,-0.000650465,-0.0451871,4.57862,6.60821e+07,0.000396597,MARKET_SIDEWAYS,False,False,False,Disc=0.97 10D超額=+9.8% 產業超額=+12.3% outperf10=40% RSaccel=-0.0007 觸發=indep regime=MARKET_SIDEWAYS
6609,瀧澤科,電機機械,2024-09-02,2024-09-03,77.1925,92.2199,0.25,72.2,86.2555,0.0646759,0.832181,False,,,,,,0,,,,,,False,0.25,2024-09-04,68.5283,81.869,F1_PROBE_LOW,FAILED_PROBE,2,0.25,-0.0291224,-0.0291224,-0.11649,-0.112242,0.0298928,-0.0517213,0.0298928,-0.0517213,,,,,0.25,0,,DISCOVERY,2024,0.988636,0.0108548,0.0298508,0.271091,0.707537,0.624066,0.0638528,0.691152,0.529201,0.692936,1.45924,0.0413523,0.259451,0.300804,0.9,3,0.0181428,-0.00399734,-0.0192598,-0.0380228,4.51879,3.5362e+08,-0.00148149,MARKET_UP,False,False,False,Disc=0.99 10D超額=+30.1% 產業超額=+25.9% outperf10=90% RSaccel=-0.0193 觸發=indep regime=MARKET_UP
6613,朋億*,其他電子業,2026-02-02,2026-02-03,214.535,616.969,0.25,193,555.038,0.10038,0.648653,False,,,,,,0,,,,,,False,0.25,2026-02-04,195.011,560.822,F3_RS_FAILURE,FAILED_PROBE,2,0.25,-0.0238251,-0.0238251,-0.0953002,-0.091005,0.00682872,-0.0840655,0.00682872,-0.0840655,,,,,0.25,0,,STRICT_OOS,2026,0.950957,0.0310881,0.0518135,0.0246389,0.0229037,0.237928,0.0325475,0.674471,0.33045,2.07532,1.10356,-0.0649839,0.0640372,-0.00094677,0.2,1,0.00727855,-0.00922912,0.00984587,-0.176298,1.96757,6.00029e+07,0,MARKET_UP,False,False,False,Disc=0.95 10D超額=-0.1% 產業超額=+6.4% outperf10=20% RSaccel=+0.0098 觸發=indep regime=MARKET_UP
6620,漢達,生技醫療業,2023-02-22,2023-02-23,191.838,63.7453,0.25,182,60.4761,0.0512848,0.886275,True,2023-03-02,178.5,73.0007,persist,3,1,2023-03-03,180.4,73.7777,,,True,1,2023-03-14,182.562,74.6621,MFE_PROTECTION,EXIT,12,1,0.0471887,0.0471887,0.0471887,0.171258,0.385782,0,0.385782,0,0.157384,0.0119877,0.155766,-0.168514,8,0,,DISCOVERY,2023,0.960648,0.0132086,0.0481283,0.25412,0.589522,1.37873,0.0541802,0.882633,0.63259,0.700275,1.29421,0.00659927,0.323359,0.329959,0.8,2,0.0492335,0.0143297,0.000649106,-0.0224439,5.01533,3.33888e+08,-0.00926749,MARKET_SIDEWAYS,False,False,False,Disc=0.96 10D超額=+33.0% 產業超額=+32.3% outperf10=80% RSaccel=+0.0006 觸發=indep regime=MARKET_SIDEWAYS
6620,漢達,生技醫療業,2025-09-19,2025-09-22,111.598,34.9065,0.25,108,33.781,0.0322434,,True,2025-09-25,118,36.9088,persist,3,1,2025-09-26,118.716,37.1328,,,True,1,2025-09-26,115.211,36.0365,HARD_STOP,EXIT,5,1,-0.0185166,-0.0185166,-0.0185166,0.0323746,0.124569,-0.00536119,0.124569,-0.00536119,0.0637801,-0.0295225,0.015027,-0.031302,1,0,,STRICT_OOS,2025,0.950758,-0.0155357,0.0133929,0.0618837,0.106696,0.082579,0.0610619,0.378194,0.387606,0.924671,1.22104,-0.0902802,0.133881,0.0436009,,2,0.017066,-0.00717684,0.0151147,-0.0381356,4.76155,7.73657e+07,-0.00741152,MARKET_UP,False,False,False,Disc=0.95 10D超額=+4.4% 產業超額=+13.4% outperf10=nan% RSaccel=+0.0151 觸發=indep regime=MARKET_UP
6625,必應,其他,2025-05-15,2025-05-16,89.022,104.09,0.25,84.1,98.3347,0.0552897,0.9404,False,,,,,,0,,,,,,False,0.25,2025-05-23,87.381,102.171,F4_TIME_5D,FAILED_PROBE,6,0.25,-0.00572304,-0.00572304,-0.0228922,-0.0184337,0.00873941,-0.0463032,0.00873941,-0.0463032,,,,,1.25,0,,STRICT_OOS,2025,0.971256,0.00462963,0.0277778,0.202193,0.302053,0.154424,0.0379665,0.917022,0.418141,2.52662,2.86808,-0.0433322,0.225451,0.182119,0.6,1,0.00395806,-0.000949694,0.01186,-0.0531799,5.75424,4.5725e+07,-0.00241566,MARKET_UP,False,False,False,Disc=0.97 10D超額=+18.2% 產業超額=+22.5% outperf10=60% RSaccel=+0.0119 觸發=indep regime=MARKET_UP
6643,M31,半導體業,2024-01-03,2024-01-04,1087.71,1265.63,0.25,1040,1210.11,0.043865,0.89058,True,2024-01-08,1140,1326.47,persist,2,1,2024-01-09,1162.9,1353.11,,,True,1,2024-03-08,1596,1857.06,TREND_FAILURE_MA20x2,EXIT,39,1,0.390757,0.390757,0.390757,0.467299,0.92606,-0.0254778,0.0710551,-0.0254778,0.0691244,0.372431,0.801531,-0.0583885,35.75,0,,DISCOVERY,2024,0.971918,-0.0230415,0.0046083,0.0446617,0.113381,0.359102,0.0366972,1.57991,0.642002,1.05043,0.494189,0.0217725,0.0914532,0.113226,0.9,1,-0.00921008,0.0116028,0.0199132,-0.0878661,3.175,1.23557e+09,-0.0164923,MARKET_SIDEWAYS,False,False,True,Disc=0.97 10D超額=+11.3% 產業超額=+9.1% outperf10=90% RSaccel=+0.0199 觸發=indep regime=MARKET_SIDEWAYS
6664,群翊,電子零組件業,2023-04-06,2023-04-07,118.796,134.091,0.25,113,127.549,0.0487915,0.916843,False,,,,,,0,,,,,,False,0.25,2023-04-14,116.708,131.734,F2_STRUCTURE,FAILED_PROBE,6,0.25,-0.00551077,-0.00551077,-0.0220431,-0.0175826,0.0395951,-0.0277471,0.0395951,-0.0277471,,,,,1.25,0,,DISCOVERY,2023,0.964237,0.00877193,0.0394737,0.109551,0.144928,0.216632,0.0247137,0.590912,0.268691,2.3423,1.70294,0.0111697,0.113972,0.125142,0.7,1,0.0101389,-0.00493232,0.0123219,-0.00420168,5.12195,3.35824e+07,-0.0036104,MARKET_SIDEWAYS,False,False,False,Disc=0.96 10D超額=+12.5% 產業超額=+11.4% outperf10=70% RSaccel=+0.0123 觸發=indep regime=MARKET_SIDEWAYS
6664,群翊,電子零組件業,2024-05-24,2024-05-27,248.62,295.579,0.25,228,271.064,0.0829378,0.858225,True,2024-05-29,265.5,315.647,persist,2,1,2024-05-30,262.154,311.669,,,True,1,2024-06-04,245.385,291.733,HARD_STOP,EXIT,7,1,-0.0556117,-0.0556117,-0.0556117,-0.0130119,0.122195,-0.0105382,0.122195,-0.0105382,0.0544355,-0.0639654,0.0394663,-0.0978576,3.75,0,,DISCOVERY,2024,0.961143,0.00647948,0.049676,0.176186,0.320652,0.537975,0.0482069,0.910115,0.593164,1.11083,1.1607,-0.0043162,0.269409,0.265092,0.6,2,0.00196691,-0.00208631,-0.00436453,-0.00816326,4.26829,2.31145e+08,-0.00194794,MARKET_UP,False,False,False,Disc=0.96 10D超額=+26.5% 產業超額=+26.9% outperf10=60% RSaccel=-0.0044 觸發=indep regime=MARKET_UP
6668,中揚光,電子工業,2024-01-03,2024-01-04,51.9295,54.6181,0.25,49.65,52.2206,0.043896,0.902582,False,,,,,,0,,,,,,False,0.25,2024-01-08,49.5259,52.0901,F1_PROBE_LOW,FAILED_PROBE,3,0.25,-0.0126705,-0.0126705,-0.0506821,-0.0462863,0.0032833,-0.0390818,0.0032833,-0.0390818,,,,,0.5,0,,DISCOVERY,2024,0.975342,-0.00766284,0.00957854,0.122052,0.390501,0.412869,0.0537409,0.607208,0.801876,0.978108,1.29137,0.00990371,0.172691,0.182595,0.6,1,0.0189595,-0.00660138,0.0271274,-0.0487365,3.70744,2.34655e+08,-0.0164923,MARKET_SIDEWAYS,False,False,False,Disc=0.98 10D超額=+18.3% 產業超額=+17.3% outperf10=60% RSaccel=+0.0271 觸發=indep regime=MARKET_SIDEWAYS
6668,中揚光,電子工業,2025-06-05,2025-06-06,46.4659,48.8716,0.25,44.35,46.6462,0.0455361,0.8038,False,,,,,,0,,,,,,False,0.25,2025-07-01,46.683,49.1,F2_STRUCTURE,FAILED_PROBE,18,0.25,4.05676e-05,4.05676e-05,0.00016227,0.00467278,0.0997318,-0.0347755,0.0997318,-0.0347755,,,,,4.25,0,,STRICT_OOS,2025,0.973054,0.0166667,0.03,0.143738,0.387725,-0.0511771,0.0416859,0.813601,0.580489,0.48272,0.748489,-0.0157488,0.112275,0.0965266,0.6,2,0.000858279,-0.00297661,-0.00779129,-0.342553,2.71719,5.18264e+07,0.00260615,MARKET_UP,False,False,False,Disc=0.97 10D超額=+9.7% 產業超額=+11.2% outperf10=60% RSaccel=-0.0078 觸發=indep regime=MARKET_UP
6669,緯穎,電腦及週邊設備業,2023-07-07,2023-07-10,1488.71,1555.17,0.25,1420,1483.39,0.0461557,0.779021,True,2023-07-12,1735,1812.46,persist,2,1,2023-07-13,1844.6,1926.95,,,True,1,2023-07-31,1830.41,1912.13,MFE_PROTECTION,EXIT,16,1,0.0469971,0.0469971,0.0469971,0.229527,0.440842,-0.0159282,0.172154,-0.0159282,0.239057,-0.00769137,0.162854,-0.0539954,12.75,0,,DISCOVERY,2023,0.964504,0,0.0451389,0.188643,0.310156,0.273026,0.0562411,1.33124,0.670847,2.01709,1.89912,0.0366274,0.233341,0.269969,0.7,3,-0.0203195,0.0100266,-0.0149122,-0.0652174,5.49367,3.93297e+09,-0.00584411,MARKET_SIDEWAYS,False,False,False,Disc=0.96 10D超額=+27.0% 產業超額=+23.3% outperf10=70% RSaccel=-0.0149 觸發=indep regime=MARKET_SIDEWAYS
6669,緯穎,電腦及週邊設備業,2024-11-13,2024-11-14,2205.5,2341.35,0.25,2055,2181.58,0.0682385,0.911241,False,,,,,,0,,,,,,False,0.25,2024-11-19,2074.8,2202.6,F2_STRUCTURE,FAILED_PROBE,4,0.25,-0.0159069,-0.0159069,-0.0636276,-0.0592609,0.0473815,-0.0637044,0.0473815,-0.0637044,,,,,0.75,0,,DISCOVERY,2024,0.95564,0.0190476,0.0190476,0.0767296,0.0890585,0.0918367,0.0322096,1.34648,0.337108,1.46325,1.5113,0.0266804,0.0907973,0.117478,0.6,1,-0.00659003,0.0137641,0.0192689,-0.281879,4.78756,3.34223e+09,-0.00528854,MARKET_SIDEWAYS,False,False,False,Disc=0.96 10D超額=+11.7% 產業超額=+9.1% outperf10=60% RSaccel=+0.0193 觸發=indep regime=MARKET_SIDEWAYS
6669,緯穎,電腦及週邊設備業,2024-12-17,2024-12-18,2611.51,2772.37,0.25,2470,2622.14,0.054188,0.901137,True,2024-12-20,2640,2802.61,persist,2,1,2024-12-23,2691.71,2857.51,,,True,1,2025-01-13,2493.75,2647.36,HARD_STOP,EXIT,18,1,-0.0707828,-0.0707828,-0.0707828,-0.0450936,0.09898,-0.0427004,0.041542,-0.0427004,0.0307102,-0.0735452,0.0662357,-0.104659,14.75,0,,DISCOVERY,2024,0.981308,0.002,0.042,0.163726,0.2494,0.51895,0.0400329,1.33668,0.641263,1.12202,1.05239,-0.0497789,0.339793,0.290014,0.7,2,-0.013394,0.0116332,-0.00265364,-0.125839,5.84932,6.72984e+09,-0.000950091,MARKET_SIDEWAYS,False,False,False,Disc=0.98 10D超額=+29.0% 產業超額=+34.0% outperf10=70% RSaccel=-0.0027 觸發=indep regime=MARKET_SIDEWAYS
6669,緯穎,電腦及週邊設備業,2025-05-06,2025-05-07,2130.31,2261.53,0.25,1990,2112.58,0.0658648,0.867647,True,2025-05-12,2255,2393.9,persist,3,1,2025-05-13,2325.8,2469.06,,,True,1,2025-07-02,2473.8,2704.66,MFE_PROTECTION,EXIT,40,1,0.115782,0.115782,0.115782,0.195944,0.317385,-0.0189233,0.0820009,-0.0189233,0.0917647,0.0954228,0.206657,-0.0433399,36,0,,STRICT_OOS,2025,0.950925,0,0.0416667,0.132277,0.353503,0.0143198,0.0379832,1.14457,0.645909,1.13597,0.893345,0.0264748,0.054284,0.0807588,0.6,1,-0.00377616,0.0115127,0.0180751,-0.286913,5.14159,5.04965e+09,-0.000506502,MARKET_SIDEWAYS,False,False,False,Disc=0.95 10D超額=+8.1% 產業超額=+5.4% outperf10=60% RSaccel=+0.0181 觸發=indep regime=MARKET_SIDEWAYS
6670,復盛應用,運動休閒,2026-07-27,2026-07-28,273.683,394.736,0.25,260,375.001,0.0499941,0.85324,False,,,,,,0,,,,,,False,0.25,2026-07-29,259.35,374.064,F1_PROBE_LOW,FAILED_PROBE,2,0.25,-0.0141878,-0.0141878,-0.0567512,-0.0523691,0.00481397,-0.02259,0.00481397,-0.02259,,,,,0.25,0,,STRICT_OOS,2026,0.969732,0.00934579,0.0205607,0.049899,0.0876494,0.142759,0.0223705,0.559936,0.167763,0.9881,0.888648,0.0508982,0.0396068,0.090505,0.7,2,0.011855,-0.0155002,0.00983988,-0.0505153,3.19298,1.28e+08,-0.000473029,MARKET_SIDEWAYS,False,True,False,Disc=0.97 10D超額=+9.1% 產業超額=+4.0% outperf10=70% RSaccel=+0.0098 觸發=indep regime=MARKET_SIDEWAYS
6670,復盛應用,運動休閒,2026-08-31,2026-09-01,288.72,416.425,0.25,266.5,384.377,0.0769604,0.798939,False,,,,,,0,,,,,,False,0.25,2026-09-02,275.809,397.803,F3_RS_FAILURE,FAILED_PROBE,2,0.25,-0.0122796,-0.0122796,-0.0491183,-0.0447189,0,-0.040593,0,-0.040593,,,,,0.25,0,,STRICT_OOS,2026,0.968504,0.00733945,0.0550459,0.0784957,0.1079,0.0874077,0.0216149,0.473293,0.31929,2.58256,1.51241,-1.20056e-05,0.0935244,0.0935124,0.5,2,0.0178467,-0.0222274,0.014039,-0.00173611,4.34483,6.28833e+07,-0.00438104,MARKET_UP,False,False,False,Disc=0.97 10D超額=+9.4% 產業超額=+9.4% outperf10=50% RSaccel=+0.0140 觸發=indep regime=MARKET_UP
6672,騰輝電子-KY,電子零組件業,2023-05-24,2023-05-25,90.225,100.334,0.25,85.4,94.9681,0.0534774,0.801449,False,,,,,,0,,,,,,False,0.25,2023-06-02,90.0742,100.166,F4_TIME_5D,FAILED_PROBE,7,0.25,-0.00154176,-0.00154176,-0.00616706,-0.00167082,0.0229981,-0.0246606,0.0229981,-0.0246606,,,,,1.5,0,,DISCOVERY,2023,0.953846,0.008,0.0194286,0.0800993,0.0851582,0.0657109,0.0255445,0.915567,0.240243,1.33282,1.70074,-0.00944588,0.0628374,0.0533915,0.6,2,-0.00924157,-0.00423642,0.0180057,-0.0293798,4.4326,7.15822e+07,-0.00177353,MARKET_UP,False,False,False,Disc=0.95 10D超額=+5.3% 產業超額=+6.3% outperf10=60% RSaccel=+0.0180 觸發=indep regime=MARKET_UP
6683,雍智科技,半導體業,2023-05-30,2023-05-31,225.562,238.41,0.25,205.5,217.205,0.0889443,0.843391,False,,,,,,0,,,,,,False,0.25,2023-06-05,212.468,224.57,F3_RS_FAILURE,FAILED_PROBE,4,0.25,-0.0156061,-0.0156061,-0.0624242,-0.0580549,0.00858964,-0.0556941,0.00858964,-0.0556941,,,,,0.75,0,,DISCOVERY,2023,0.950345,-0.00235294,0.0211765,0.100406,0.112821,0.0260047,0.0284727,1.24715,0.291548,2.57387,2.41443,0.0187845,0.0421262,0.0609107,0.6,1,-0.011194,0.00374663,0.00726456,-0.158915,4.12717,4.24857e+07,-0.000815085,MARKET_UP,False,False,False,Disc=0.95 10D超額=+6.1% 產業超額=+4.2% outperf10=60% RSaccel=+0.0073 觸發=indep regime=MARKET_UP
6683,雍智科技,半導體業,2024-07-02,2024-07-03,456.137,501.206,0.25,410,450.51,0.101148,0.836639,False,,,,,,0,,,,,,False,0.25,2024-07-04,429.922,472.401,F3_RS_FAILURE,FAILED_PROBE,2,0.25,-0.0154606,-0.0154606,-0.0618424,-0.0574717,0.00298704,-0.0682634,0.00298704,-0.0682634,,,,,0.25,0,,DISCOVERY,2024,0.968508,0.00928074,0.0324826,0.172441,0.41046,0.537133,0.0472713,0.796988,0.547428,1.50134,1.22773,-0.00344646,0.161487,0.15804,0.6,2,0.0124773,0.00358734,0.00507348,-0.0133038,4.32598,4.99542e+08,-0.00777151,MARKET_UP,False,False,False,Disc=0.97 10D超額=+15.8% 產業超額=+16.1% outperf10=60% RSaccel=+0.0051 觸發=indep regime=MARKET_UP
6689,伊雲谷,其他電子業,2024-06-07,2024-06-11,104.761,111.836,0.25,94.9,101.308,0.0941307,0.84854,False,,,,,,0,,,,,,False,0.25,2024-06-28,104.737,111.81,F2_STRUCTURE,FAILED_PROBE,14,0.25,-0.00118155,-0.00118155,-0.00472619,-0.000226698,0.0786431,-0.0454486,0.0786431,-0.0454486,,,,,3.25,0,,DISCOVERY,2024,0.983333,0.00706357,0.0292634,0.092545,0.0472279,-0.135593,0.0290616,0.981424,0.400926,1.99028,2.48431,0.0149882,0.102244,0.117232,0.7,3,0.00136563,-0.00212215,0.0133146,-0.370432,4.8241,6.4179e+07,-0.00202349,MARKET_UP,False,False,False,Disc=0.98 10D超額=+11.7% 產業超額=+10.2% outperf10=70% RSaccel=+0.0133 觸發=indep regime=MARKET_UP
6691,洋基工程,電子工業,2024-06-04,2024-06-05,410.524,752.118,0.25,385,705.356,0.0621736,0.786853,False,,,,,,0,,,,,,False,0.25,2024-06-24,424.935,778.52,F3_RS_FAILURE,FAILED_PROBE,13,0.25,0.00763139,0.00763139,0.0305256,0.0351045,0.0693657,-0.0268529,0.0693657,-0.0268529,,,,,3,0,,DISCOVERY,2024,0.962596,0.0125156,0.0250313,0.0757208,0.0513479,0.0380228,0.0194488,0.575644,0.274232,2.85689,1.78353,0.0350315,0.0440923,0.0791238,0.5,2,0.018214,-0.00823909,0.024256,-0.0238379,5.27354,1.16935e+08,-0.0083643,MARKET_SIDEWAYS,False,False,False,Disc=0.96 10D超額=+7.9% 產業超額=+4.4% outperf10=50% RSaccel=+0.0243 觸發=indep regime=MARKET_SIDEWAYS
6691,洋基工程,電子工業,2024-12-17,2024-12-18,401,917,0.25,373,852.97,0.0698255,0.88412,False,,,,,,0,,,,,,False,0.25,2024-12-25,390.023,891.897,F2_STRUCTURE,FAILED_PROBE,6,0.25,-0.00795343,-0.00795343,-0.0318137,-0.0273753,0.0274314,-0.0224439,0.0274314,-0.0224439,,,,,1.25,0,,DISCOVERY,2024,0.951936,-0.0038961,0.0246753,0.160124,0.293443,0.244479,0.0334058,0.60443,0.417513,1.09716,1.68912,-0.0190452,0.265901,0.246856,0.8,2,0.0140291,-0.00855137,-0.00934183,-0.00629723,5.95664,3.18632e+08,-0.000950091,MARKET_SIDEWAYS,False,False,False,Disc=0.95 10D超額=+24.7% 產業超額=+26.6% outperf10=80% RSaccel=-0.0093 觸發=indep regime=MARKET_SIDEWAYS
6691,洋基工程,電子工業,2025-06-23,2025-06-24,451.125,1031.62,0.25,411.5,941.011,0.087836,0.847791,False,,,,,,0,,,,,,False,0.25,2025-06-30,431.419,986.561,F2_STRUCTURE,FAILED_PROBE,5,0.25,-0.012021,-0.012021,-0.0480842,-0.0436825,0.0518149,-0.042394,0.0518149,-0.042394,,,,,1,0,,STRICT_OOS,2025,0.953593,-0.0151515,0.0268065,0.0295063,0.00570776,0.0770171,0.0414302,0.79161,0.404369,1.24911,1.14678,-0.00297085,0.102781,0.0998099,0.7,2,0.0105125,-0.00402072,0.0161411,-0.119,2.52055,7.51501e+08,-0.0142304,MARKET_SIDEWAYS,False,False,False,Disc=0.95 10D超額=+10.0% 產業超額=+10.3% outperf10=70% RSaccel=+0.0161 觸發=indep regime=MARKET_SIDEWAYS
6703,軒郁,生技醫療業,2023-04-25,2023-04-26,181.954,235.023,0.25,173,223.458,0.0492089,0.784313,True,2023-05-09,193.5,249.937,persist,8,1,2023-05-10,195.989,253.152,,,True,1,2023-06-13,209.475,270.572,MFE_PROTECTION,EXIT,34,1,0.0847208,0.0847208,0.0847208,0.151254,0.395959,-0.0327212,0.121164,-0.0327212,0.077135,0.0688113,0.295993,-0.0203519,26.25,0,,DISCOVERY,2023,0.954308,0.00550964,0.00550964,0.165204,0.382576,0.837865,0.0649706,0.28361,0.612006,0.733542,1.21247,0.0311748,0.119164,0.150339,0.7,2,0.0166955,-0.00910456,-0.0198127,-0.051948,2.53012,9.69993e+07,-0.016391,MARKET_SIDEWAYS,False,False,False,Disc=0.95 10D超額=+15.0% 產業超額=+11.9% outperf10=70% RSaccel=-0.0198 觸發=indep regime=MARKET_SIDEWAYS
6712,長聖,生技醫療業,2024-05-31,2024-06-03,197.994,281.206,0.25,181,257.07,0.0858298,0.872377,False,,,,,,0,,,,,,False,0.25,2024-06-11,196.009,278.387,F4_TIME_5D,FAILED_PROBE,6,0.25,-0.00362575,-0.00362575,-0.014503,-0.0100256,0.0480129,-0.0176458,0.0480129,-0.0176458,,,,,1.25,0,,DISCOVERY,2024,0.955801,0,0.0427808,0.0956462,0.0653799,0.000300122,0.0205933,0.420022,0.336228,1.87932,1.48976,0.00583688,0.0979587,0.103796,0.6,3,0.0233402,-0.0147538,0.0338721,-0.0346449,5.87962,1.24827e+08,-0.00890544,MARKET_SIDEWAYS,False,False,False,Disc=0.96 10D超額=+10.4% 產業超額=+9.8% outperf10=60% RSaccel=+0.0339 觸發=indep regime=MARKET_SIDEWAYS
6712,長聖,生技醫療業,2025-11-24,2025-11-25,171.929,276.796,0.25,163.5,263.226,0.0490246,0.846966,False,,,,,,0,,,,,,False,0.25,2025-12-04,170.573,274.612,F4_TIME_5D,FAILED_PROBE,8,0.25,-0.00309267,-0.00309267,-0.0123707,-0.00788844,0.026588,-0.022851,0.026588,-0.022851,,,,,1.75,0,,STRICT_OOS,2025,0.963329,0,0.0393939,0.0526316,0.0457317,0.113636,0.017701,0.395046,0.185112,2.59121,1.37045,0.0437845,0.0838198,0.127604,0.8,2,0.0174467,-0.0111754,0.00385202,-0.087766,4.77647,3.10671e+07,0.00262153,MARKET_SIDEWAYS,False,False,False,Disc=0.96 10D超額=+12.8% 產業超額=+8.4% outperf10=80% RSaccel=+0.0039 觸發=indep regime=MARKET_SIDEWAYS
6732,昇佳電子,半導體業,2023-08-09,2023-08-10,324.309,376.282,0.25,317.5,368.382,0.0209947,0.739612,False,,,,,,0,,,,,,False,0.25,2023-08-10,316.706,367.461,F1_PROBE_LOW,FAILED_PROBE,1,0.25,-0.00697236,-0.00697236,-0.0278894,-0.0234422,0,0,,,,,,,0,0,,DISCOVERY,2023,0.987516,0.00155763,0.0218069,0.059346,-5.55112e-16,-0.0120482,0.0500871,1.29725,0.482841,0.570152,1.97898,-0.0160473,0.16615,0.150103,0.6,3,0.0114815,-0.00277496,-0.00331249,-0.229142,4.38261,2.10001e+08,-0.000363215,MARKET_SIDEWAYS,False,False,False,Disc=0.99 10D超額=+15.0% 產業超額=+16.6% outperf10=60% RSaccel=-0.0033 觸發=indep regime=MARKET_SIDEWAYS
6732,昇佳電子,半導體業,2023-10-18,2023-10-19,426.062,494.342,0.25,402,466.423,0.0564764,0.903075,False,,,,,,0,,,,,,False,0.25,2023-10-26,410.97,476.831,F4_TIME_5D,FAILED_PROBE,6,0.25,-0.00996088,-0.00996088,-0.0398435,-0.0354232,0.0503154,-0.042394,0.0503154,-0.042394,,,,,1.25,0,,DISCOVERY,2023,0.965099,-0.00120192,0.0120192,0.0799718,0.113757,0.366883,0.0422464,0.939137,0.380359,0.961492,1.49597,0.016595,0.0882187,0.104814,0.7,1,0.012553,0.00515226,0.0137497,-0.0163551,3.54217,4.83602e+08,-0.0121159,MARKET_SIDEWAYS,False,False,False,Disc=0.97 10D超額=+10.5% 產業超額=+8.8% outperf10=70% RSaccel=+0.0137 觸發=indep regime=MARKET_SIDEWAYS
6739,竹陞科技,其他電子業,2025-12-09,2025-12-10,780.947,348.495,0.25,705,314.604,0.0972504,0.740165,False,,,,,,0,,,,,,False,0.25,2025-12-17,743.138,331.622,F2_STRUCTURE,FAILED_PROBE,6,0.25,-0.0132017,-0.0132017,-0.0528066,-0.0484155,0.0730555,-0.0498721,0.0730555,-0.0498721,,,,,1.25,0,,STRICT_OOS,2025,0.979651,0.0167364,0.0641562,0.131292,0.0466392,0.123711,0.0473694,1.03056,0.580857,1.0502,2.01987,0.0333824,0.111599,0.144981,0.4,2,-0.000167058,0.00413132,0.000266009,-0.251961,4.26087,3.3227e+08,-0.00428141,MARKET_SIDEWAYS,False,False,False,Disc=0.98 10D超額=+14.5% 產業超額=+11.2% outperf10=40% RSaccel=+0.0003 觸發=indep regime=MARKET_SIDEWAYS
6742,澤米,電子工業,2024-10-21,2024-10-22,83.7087,72.886,0.25,75,65.3032,0.104036,0.901797,False,,,,,,0,,,,,,False,0.25,2024-10-28,78.8025,68.6141,F3_RS_FAILURE,FAILED_PROBE,5,0.25,-0.0157448,-0.0157448,-0.0629791,-0.058611,0.0512641,-0.0765601,0.0512641,-0.0765601,,,,,1,0,,DISCOVERY,2024,0.983891,-0.00395778,0.0672823,0.200119,0.319739,0.244034,0.0578315,0.668309,0.535208,1.90214,2.27322,-0.017649,0.176773,0.159124,0.6,2,0.0245131,-0.0131517,0.00505146,-0.118036,3.2916,2.29289e+08,0.00235276,MARKET_UP,False,False,False,Disc=0.98 10D超額=+15.9% 產業超額=+17.7% outperf10=60% RSaccel=+0.0051 觸發=indep regime=MARKET_UP
6753,龍德造船,航運業,2025-02-03,2025-02-04,109.774,104.427,0.25,103,97.9829,0.0617065,0.881345,False,,,,,,0,,,,,,False,0.25,2025-02-11,109.725,104.38,F4_TIME_5D,FAILED_PROBE,6,0.25,-0.00123577,-0.00123577,-0.0049431,-0.000444096,0.0157255,-0.0161582,0.0157255,-0.0161582,,,,,1.25,0,,STRICT_OOS,2025,0.967883,-0.00925926,0.00925926,0.0610854,0.0430622,-0.0396476,0.0263434,0.927673,0.265,1.91602,1.47892,0.0129668,0.111499,0.124465,0.6,1,0.00109499,-0.0048452,0.0146773,-0.342604,3.93532,4.30886e+07,-0.0353108,MARKET_SIDEWAYS,False,False,False,Disc=0.97 10D超額=+12.4% 產業超額=+11.1% outperf10=60% RSaccel=+0.0147 觸發=indep regime=MARKET_SIDEWAYS
6756,威鋒電子,電子工業,2023-09-05,2023-09-06,231.577,245.737,0.25,219,232.39,0.0543123,0.930974,False,,,,,,0,,,,,,False,0.25,2023-09-11,218.452,231.809,F1_PROBE_LOW,FAILED_PROBE,4,0.25,-0.0152622,-0.0152622,-0.061049,-0.0566765,0.00614265,-0.0435167,0.00614265,-0.0435167,,,,,0.75,0,,DISCOVERY,2023,0.953313,-0.00219298,0.0350877,0.143965,0.0875576,0.105386,0.0311743,1.54439,0.396573,2.90148,2.1583,0.0309309,0.145503,0.176434,0.8,1,-0.0087063,0.0138731,0.0135247,-0.0783814,6.18447,7.96905e+07,0.000114356,MARKET_SIDEWAYS,False,False,False,Disc=0.95 10D超額=+17.6% 產業超額=+14.6% outperf10=80% RSaccel=+0.0135 觸發=indep regime=MARKET_SIDEWAYS
6757,台灣虎航,航運業,2023-05-15,2023-05-16,42.3556,43.8709,0.25,39.95,41.3792,0.0567959,0.64543,True,2023-05-23,46.9,48.5779,persist,5,1,2023-05-24,46.897,48.5747,,,True,1,2023-05-25,44.3389,45.9251,HARD_STOP,EXIT,8,1,-0.0336384,-0.0336384,-0.0336384,0.0468238,0.114374,0,0.114374,0,0.107219,-0.0545467,0.00646204,-0.0617727,2.5,0,,DISCOVERY,2023,0.955145,-0.0079614,0.0349819,0.020214,-0.0466667,0.162685,0.0367965,0.786193,0.276997,1.54132,1.25914,-0.0321288,0.0602413,0.0281125,0.4,2,-0.00198354,0.0134351,0.0188214,-0.131579,2.21719,4.83766e+07,-0.00176167,MARKET_DOWN,False,False,False,Disc=0.96 10D超額=+2.8% 產業超額=+6.0% outperf10=40% RSaccel=+0.0188 觸發=indep regime=MARKET_DOWN
6757,台灣虎航,航運業,2024-05-08,2024-05-09,43.1576,44.7016,0.25,39.6,41.0167,0.0824333,0.945718,False,,,,,,0,,,,,,False,0.25,2024-05-22,42.8925,44.427,F2_STRUCTURE,FAILED_PROBE,10,0.25,-0.00265734,-0.00265734,-0.0106294,-0.00614318,0.069336,-0.0187134,0.069336,-0.0187134,,,,,2.25,0,,DISCOVERY,2024,0.986063,-0.00122549,0.0441177,0.196377,0.238372,0.314815,0.0331992,0.607233,0.440903,1.33633,2.41233,-0.0131693,0.217337,0.204168,0.6,1,0.0131217,-0.00467804,0.020268,-0.199248,6.43434,3.90631e+07,0.00227467,MARKET_SIDEWAYS,False,False,False,Disc=0.99 10D超額=+20.4% 產業超額=+21.7% outperf10=60% RSaccel=+0.0203 觸發=indep regime=MARKET_SIDEWAYS
6757,台灣虎航,航運業,2024-07-01,2024-07-02,62.155,64.3786,0.25,58.2,60.2822,0.0636312,0.931503,True,2024-07-05,66.6,68.9827,persist,3,1,2024-07-08,71.378,73.9316,,,True,1,2024-07-16,60.8475,63.0244,HARD_STOP,EXIT,11,1,-0.120147,-0.120147,-0.120147,-0.0210361,0.201834,-0.0185826,0.0779503,-0.0185826,0.148387,-0.147531,0.0465409,-0.1524,7,0,,DISCOVERY,2024,0.985683,0.00847458,0.0474576,0.175967,0.294241,0.853073,0.0390083,0.43707,0.418152,0.945199,1.38045,-0.0102079,0.238774,0.228566,0.8,2,0.0258739,0.0056296,0.00639789,-0.0127796,5.62074,7.56705e+07,0.00114275,MARKET_UP,False,False,False,Disc=0.99 10D超額=+22.9% 產業超額=+23.9% outperf10=80% RSaccel=+0.0064 觸發=indep regime=MARKET_UP
6757,台灣虎航,航運業,2024-11-01,2024-11-04,65.363,67.7014,0.25,59.5,61.6287,0.0896991,0.902253,False,,,,,,0,,,,,,False,0.25,2024-11-08,62.244,64.4708,F2_STRUCTURE,FAILED_PROBE,5,0.25,-0.0130277,-0.0130277,-0.0521108,-0.0477181,0.0663525,-0.0514511,0.0663525,-0.0514511,,,,,1,0,,DISCOVERY,2024,0.961686,-0.00158479,0.0237718,0.100136,0.0893761,0.1274,0.0297435,0.708226,0.324999,2.03483,1.45145,0.0225503,0.101201,0.123751,0.8,2,0.00483919,-0.0131254,0.0163394,-0.135207,4.05948,8.39353e+07,-0.00176815,MARKET_SIDEWAYS,False,False,False,Disc=0.96 10D超額=+12.4% 產業超額=+10.1% outperf10=80% RSaccel=+0.0163 觸發=indep regime=MARKET_SIDEWAYS
6757,台灣虎航,航運業,2024-11-27,2024-11-28,78.7965,81.6155,0.25,74.6,77.2689,0.0532574,0.868591,False,,,,,,0,,,,,,False,0.25,2024-12-02,74.4135,77.0757,F1_PROBE_LOW,FAILED_PROBE,3,0.25,-0.0149998,-0.0149998,-0.0599991,-0.0556242,0.0279644,-0.0481811,0.0279644,-0.0481811,,,,,0.5,0,,DISCOVERY,2024,0.979003,-0.0114943,0.0127714,0.123468,0.310744,0.471243,0.0493605,0.706111,0.628114,0.474076,0.657095,-0.00113185,0.223815,0.222683,0.5,4,0.0234214,-0.00495271,0.0121385,-0.00998752,3.57664,3.70514e+08,-0.0151675,MARKET_SIDEWAYS,False,False,False,Disc=0.98 10D超額=+22.3% 產業超額=+22.4% outperf10=50% RSaccel=+0.0121 觸發=indep regime=MARKET_SIDEWAYS
6763,綠界科技,電子商務業,2023-01-17,2023-01-30,516.288,520.05,0.25,463,466.374,0.103213,0.965158,False,,,,,,0,,,,,,False,0.25,2023-01-31,492.765,496.356,F3_RS_FAILURE,FAILED_PROBE,2,0.25,-0.0124896,-0.0124896,-0.0499583,-0.0455609,0,-0.0489795,0,-0.0489795,,,,,0.25,0,,DISCOVERY,2023,0.996183,-0.00527426,0.0316456,0.196996,0.256968,0.4609,0.045188,1.04733,0.555841,1.73159,2.82117,0,0.226574,0.226574,0.7,3,-0.000660607,-0.00229216,0.0202722,-0.500498,5.15424,7.46081e+07,0.000396597,MARKET_SIDEWAYS,False,False,False,Disc=1.00 10D超額=+22.7% 產業超額=+22.7% outperf10=70% RSaccel=+0.0203 觸發=indep regime=MARKET_SIDEWAYS
6763,綠界科技,電子商務業,2025-07-02,2025-07-03,68.17,740.685,0.25,63,684.511,0.0758398,0.852391,False,,,,,,0,,,,,,False,0.25,2025-07-07,62.8425,682.8,F1_PROBE_LOW,FAILED_PROBE,3,0.25,-0.0206186,-0.0206186,-0.0824744,-0.0781502,0.0165762,-0.0450345,0.0165762,-0.0450345,,,,,0.5,0,,STRICT_OOS,2025,0.964992,0.0126382,0.0726698,0.189454,0.281132,0.264432,0.057227,1.05681,0.661959,2.65315,3.02692,0,0.150798,0.150798,0.5,1,-0.00577684,-0.00262885,0.0166801,-0.287997,3.98897,3.01912e+08,0.00106501,MARKET_SIDEWAYS,False,False,False,Disc=0.96 10D超額=+15.1% 產業超額=+15.1% outperf10=50% RSaccel=+0.0167 觸發=indep regime=MARKET_SIDEWAYS
6781,AES-KY,電子零組件業,2025-11-18,2025-11-19,1393.48,1504.56,0.25,1310,1414.43,0.0599042,0.742013,False,,,,,,0,,,,,,False,0.25,2025-11-21,1316.7,1421.67,F3_RS_FAILURE,FAILED_PROBE,3,0.25,-0.014868,-0.014868,-0.0594721,-0.0550961,0.0513285,-0.0240227,0.0513285,-0.0240227,,,,,0.5,0,,STRICT_OOS,2025,0.952514,0.0114068,0.0760456,0.14459,0.347619,0.145749,0.0648662,0.923175,0.665611,1.9883,1.13037,0.0173499,0.107081,0.124431,0.5,2,0.00141493,-0.00658864,6.97915e-05,-0.0503356,2.77821,3.53519e+09,-0.0251824,MARKET_SIDEWAYS,False,False,False,Disc=0.95 10D超額=+12.4% 產業超額=+10.7% outperf10=50% RSaccel=+0.0001 觸發=indep regime=MARKET_SIDEWAYS
6782,視陽,生技醫療業,2023-01-31,2023-02-01,338.845,284.988,0.25,317.5,267.036,0.0629935,0.771109,False,,,,,,0,,,,,,False,0.25,2023-02-06,322.192,270.983,F3_RS_FAILURE,FAILED_PROBE,4,0.25,-0.0133836,-0.0133836,-0.0535343,-0.0491449,0.0181646,-0.0585666,0.0181646,-0.0585666,,,,,0.75,0,,DISCOVERY,2023,0.959924,-0.00758725,0.0349014,0.126435,0.1,0.542986,0.0447214,0.911157,0.58502,1.35502,1.5349,-0.0378535,0.0995745,0.0617209,0.6,1,-0.00484499,-0.00162419,0.0210274,-0.172991,3.80328,2.03278e+08,-0.0147556,MARKET_UP,False,False,False,Disc=0.96 10D超額=+6.2% 產業超額=+10.0% outperf10=60% RSaccel=+0.0210 觸發=indep regime=MARKET_UP
6782,視陽,生技醫療業,2024-01-02,2024-01-03,219.548,189.794,0.25,203.5,175.922,0.0730935,0.910599,True,2024-01-05,240.5,207.907,persist,2,1,2024-01-08,244.109,211.027,,,True,1,2024-03-11,258.353,223.34,TREND_FAILURE_MA20x2,EXIT,41,1,0.0832521,0.0832521,0.0832521,0.17675,0.266241,-0.0184356,0.122764,-0.0184356,0.111872,0.05835,0.138837,-0.0741831,37.75,0,,DISCOVERY,2024,0.982216,0,0.016129,0.174278,0.151436,0.0782396,0.0314221,0.735152,0.332442,1.98872,2.84078,-0.0140308,0.234446,0.220415,0.8,1,0.009222,-0.014682,0.0260989,-0.416627,6.7835,9.48893e+07,-0.00429707,MARKET_UP,False,False,False,Disc=0.98 10D超額=+22.0% 產業超額=+23.4% outperf10=80% RSaccel=+0.0261 觸發=indep regime=MARKET_UP
6782,視陽,生技醫療業,2025-02-19,2025-02-20,194.986,170.108,0.25,182.5,159.215,0.0640366,0.838102,False,,,,,,0,,,,,,False,0.25,2025-02-26,184.538,160.992,F2_STRUCTURE,FAILED_PROBE,5,0.25,-0.0144916,-0.0144916,-0.0579665,-0.0535871,0.0103277,-0.0563437,0.0103277,-0.0563437,,,,,1,0,,STRICT_OOS,2025,0.959943,0.0190217,0.0597826,0.137856,0.20743,-0.057971,0.0331502,0.579236,0.349574,3.26403,2.09602,0.0198182,0.0981031,0.117921,0.7,2,0.00317108,-0.00522573,0.00829883,-0.353731,4.95028,7.46464e+07,-0.00262105,MARKET_SIDEWAYS,False,False,False,Disc=0.96 10D超額=+11.8% 產業超額=+9.8% outperf10=70% RSaccel=+0.0083 觸發=indep regime=MARKET_SIDEWAYS
6785,昱展新藥,生技醫療業,2023-12-18,2023-12-19,211.578,99.6705,0.25,200,94.2165,0.0547205,0.808799,False,,,,,,0,,,,,,False,0.25,2023-12-26,205.156,96.6453,F2_STRUCTURE,FAILED_PROBE,6,0.25,-0.00869592,-0.00869592,-0.0347837,-0.030352,0.0445339,-0.0452677,0.0445339,-0.0452677,,,,,1.25,0,,DISCOVERY,2023,0.974871,0.00391089,0.0569307,0.0808758,0.0621891,0.428094,0.0341251,0.392753,0.4119,3.15264,1.94445,-0.0553041,0.134142,0.0788379,0.6,2,0.0161304,-0.000420978,0.0199485,-0.283371,4.66667,3.02979e+07,-0.00123572,MARKET_UP,False,False,False,Disc=0.97 10D超額=+7.9% 產業超額=+13.4% outperf10=60% RSaccel=+0.0199 觸發=indep regime=MARKET_UP
6788,華景電,半導體業,2025-06-30,2025-07-01,241.101,278.421,0.25,230.5,266.179,0.0439702,0.767679,True,2025-07-04,260.5,300.823,persist,3,1,2025-07-07,257.642,297.523,,,True,1,2025-08-01,255.859,295.463,TREND_FAILURE_MA20x2,EXIT,24,1,0.00558692,0.00558692,0.00558692,0.0612087,0.173781,-0.0066414,0.109492,-0.0066414,0.0686071,-0.00692335,0.0984213,-0.0393666,20,0,,STRICT_OOS,2025,0.966565,0.00431034,0.0366379,0.110598,0.13981,0.314287,0.0438075,1.23441,0.515926,2.01381,2.47708,0.0140369,0.138451,0.152488,0.5,1,-0.00179157,0.0156548,0.00108181,-0.169353,4.84068,2.6015e+08,-0.0143516,MARKET_UP,False,False,False,Disc=0.97 10D超額=+15.2% 產業超額=+13.8% outperf10=50% RSaccel=+0.0011 觸發=indep regime=MARKET_UP
6788,華景電,半導體業,2025-12-18,2025-12-19,306.264,353.67,0.25,279.5,322.764,0.0873879,0.970913,True,2025-12-24,347.5,401.29,persist,3,1,2025-12-26,354.384,409.239,,,True,1,2026-01-08,364.586,421.021,MFE_PROTECTION,EXIT,13,1,0.0645444,0.0645444,0.0645444,0.190432,0.306064,-0.0400431,0.137908,-0.0400431,0.157119,0.0287894,0.12872,-0.0476426,9,0,,STRICT_OOS,2025,0.991137,0.00171821,0.0378007,0.264921,0.391705,0.157088,0.0358325,0.711274,0.482258,4.00417,3.42507,0.0092589,0.341758,0.351017,0.7,2,0.0217522,-0.00479311,0.0393021,-0.00494234,7.43894,4.49537e+08,-0.00205775,MARKET_SIDEWAYS,False,False,False,Disc=0.99 10D超額=+35.1% 產業超額=+34.2% outperf10=70% RSaccel=+0.0393 觸發=indep regime=MARKET_SIDEWAYS
6789,采鈺,半導體業,2023-02-09,2023-02-10,260.149,261.992,0.25,242.5,244.218,0.067841,0.798497,False,,,,,,0,,,,,,False,0.25,2023-02-13,244.387,246.119,F3_RS_FAILURE,FAILED_PROBE,2,0.25,-0.0162373,-0.0162373,-0.0649492,-0.0605855,0.00711612,-0.063997,0.00711612,-0.063997,,,,,0.25,0,,DISCOVERY,2023,0.967185,-0.00788955,0.0236686,0.136911,0.341085,0.313924,0.0390862,1.37818,0.452065,1.30444,1.33389,0.0847647,0.0497818,0.134546,0.8,3,-0.00778575,0.00845682,0.00546983,-0.522232,4.33803,4.48215e+08,-0.00124598,MARKET_UP,False,True,False,Disc=0.97 10D超額=+13.5% 產業超額=+5.0% outperf10=80% RSaccel=+0.0055 觸發=indep regime=MARKET_UP
6789,采鈺,半導體業,2023-12-04,2023-12-05,318.795,323.555,0.25,295,299.405,0.0746404,0.955518,False,,,,,,0,,,,,,False,0.25,2023-12-07,303.739,308.274,F3_RS_FAILURE,FAILED_PROBE,3,0.25,-0.0129056,-0.0129056,-0.0516224,-0.0472286,0.0116219,-0.0511144,0.0116219,-0.0511144,,,,,0.5,0,,DISCOVERY,2023,0.987722,0,0.0190779,0.294819,0.511792,0.487239,0.0427903,1.41554,0.520192,1.24027,1.96176,0.0480701,0.370473,0.418543,0.8,6,-0.0151251,0.0072174,0.0170514,-0.0108025,6.89062,1.00336e+09,-0.000967408,MARKET_UP,False,False,False,Disc=0.99 10D超額=+41.9% 產業超額=+37.0% outperf10=80% RSaccel=+0.0171 觸發=indep regime=MARKET_UP
6791,虎門科技,資訊服務業,2023-03-28,2023-03-29,84.21,83.1758,0.25,79.1,78.1286,0.0606817,0.583109,False,,,,,,0,,,,,,False,0.25,2023-03-30,80.598,79.6082,F2_STRUCTURE,FAILED_PROBE,2,0.25,-0.0118241,-0.0118241,-0.0472963,-0.0428928,0,-0.045244,0,-0.045244,,,,,0.25,0,,DISCOVERY,2023,0.958221,0.0374532,0.0599251,0.0330981,0.06125,0.789252,0.0728588,0.60276,0.865976,0.901447,0.861712,0.0663463,0.0587472,0.125093,0.4,2,0.00447143,0.014876,-0.00606948,-0.0919786,3.91224,3.91615e+07,-0.00813819,MARKET_SIDEWAYS,False,True,True,Disc=0.96 10D超額=+12.5% 產業超額=+5.9% outperf10=40% RSaccel=-0.0061 觸發=indep regime=MARKET_SIDEWAYS
6791,虎門科技,資訊服務業,2025-08-29,2025-09-01,149.372,163.174,0.25,143.5,156.759,0.0393144,0.749051,False,,,,,,0,,,,,,False,0.25,2025-09-01,143.141,156.367,F1_PROBE_LOW,FAILED_PROBE,1,0.25,-0.0115306,-0.0115306,-0.0461222,-0.0417161,0,0,,,,,,,0,0,,STRICT_OOS,2025,0.979085,0.0135593,0.0372881,0.253328,0.507389,0.464115,0.0676937,1.21532,0.835587,1.56234,2.58708,0.0375374,0.215608,0.253146,0.6,2,0.00836631,4.77779e-05,-0.001512,-0.0982976,4.15172,3.25212e+07,-0.000138222,MARKET_SIDEWAYS,False,False,False,Disc=0.98 10D超額=+25.3% 產業超額=+21.6% outperf10=60% RSaccel=-0.0015 觸發=indep regime=MARKET_SIDEWAYS
6799,來頡,電子工業,2023-04-21,2023-04-24,175.939,136.641,0.25,165.5,128.534,0.0593317,0.813596,False,,,,,,0,,,,,,False,0.25,2023-04-26,165.086,128.213,F1_PROBE_LOW,FAILED_PROBE,3,0.25,-0.0165111,-0.0165111,-0.0660446,-0.0616834,0.0941308,-0.025229,0.0941308,-0.025229,,,,,0.5,0,,DISCOVERY,2023,0.96749,0.0060241,0.0753012,0.121231,0.275,0.785,0.0556222,1.2442,0.685296,2.51788,2.01423,-0.00887633,0.194113,0.185237,0.6,2,-0.00143272,0.0252993,0.00653949,-0.205482,4.17986,5.89156e+08,-0.00665477,MARKET_SIDEWAYS,False,False,False,Disc=0.97 10D超額=+18.5% 產業超額=+19.4% outperf10=60% RSaccel=+0.0065 觸發=indep regime=MARKET_SIDEWAYS
6805,富世達,電子零組件業,2023-10-04,2023-10-05,313.642,213.812,0.25,299,203.83,0.0466843,0.808609,False,,,,,,0,,,,,,False,0.25,2023-10-12,305.454,208.23,F2_STRUCTURE,FAILED_PROBE,4,0.25,-0.00763662,-0.00763662,-0.0305465,-0.0261052,0.0234594,-0.0419017,0.0234594,-0.0419017,,,,,0.75,0,,DISCOVERY,2023,0.962848,0.00192182,0.02443,0.122117,0.164154,0.0956746,0.051916,0.668904,0.514801,0.626949,1.05286,0.0325547,0.118525,0.15108,0.8,2,0.0111453,-0.00638704,-0.00804774,-0.0314236,3.4604,2.79262e+08,-0.0109977,MARKET_SIDEWAYS,False,False,False,Disc=0.96 10D超額=+15.1% 產業超額=+11.9% outperf10=80% RSaccel=-0.0080 觸發=indep regime=MARKET_SIDEWAYS
6805,富世達,電子零組件業,2024-01-16,2024-01-17,508.267,309.74,0.25,477,290.686,0.0615178,0.904784,False,,,,,,0,,,,,,False,0.25,2024-01-18,475.807,289.959,F1_PROBE_LOW,FAILED_PROBE,2,0.25,-0.0170551,-0.0170551,-0.0682204,-0.063864,0.0270183,-0.0310221,0.0270183,-0.0310221,,,,,0.25,0,,DISCOVERY,2024,0.994065,0.00310881,0.0673575,0.233016,0.357049,0.705107,0.0450763,0.661259,0.551172,1.32013,1.6359,-0.00130603,0.392131,0.390825,0.8,4,0.0239294,0.0015865,0.00205538,-0.00579151,6.22462,5.89869e+08,-0.0113952,MARKET_SIDEWAYS,False,False,False,Disc=0.99 10D超額=+39.1% 產業超額=+39.2% outperf10=80% RSaccel=+0.0021 觸發=indep regime=MARKET_SIDEWAYS
6805,富世達,電子零組件業,2024-10-04,2024-10-07,880.195,540.395,0.25,801,491.773,0.0899744,0.904603,False,,,,,,0,,,,,,False,0.25,2024-10-11,847.875,520.552,F3_RS_FAILURE,FAILED_PROBE,4,0.25,-0.0102841,-0.0102841,-0.0411365,-0.0367191,0.0429507,-0.045666,0.0429507,-0.045666,,,,,0.75,0,,DISCOVERY,2024,0.964912,0.007109,0.028436,0.113463,0.155792,0.1154,0.0376893,1.08088,0.539239,1.62334,1.07207,-0.037117,0.141498,0.104381,0.6,1,0.00419509,0.00104917,0.0204567,-0.0677258,3.30131,2.123e+09,-0.00391597,MARKET_SIDEWAYS,False,False,False,Disc=0.96 10D超額=+10.4% 產業超額=+14.1% outperf10=60% RSaccel=+0.0205 觸發=indep regime=MARKET_SIDEWAYS
6805,富世達,電子零組件業,2024-11-29,2024-12-02,927.312,569.322,0.25,854,524.312,0.0790591,0.930801,True,2024-12-04,1065,653.855,persist,2,1,2024-12-05,1072.68,658.567,,,True,1,2024-12-16,905.73,556.072,HARD_STOP,EXIT,11,1,-0.126769,-0.126769,-0.126769,-0.0232742,0.207791,-0.0208263,0.159264,-0.0208263,0.156757,-0.155634,0.0441187,-0.160976,7.75,0,,DISCOVERY,2024,0.973475,0.00115607,0.0427746,0.070242,0.0525088,0.126092,0.0327843,0.972652,0.356891,2.30653,1.31269,0.0353026,0.13486,0.170162,0.8,3,0.0194771,-0.00110286,0.0143758,-0.0312081,4.59903,1.25168e+09,-0.00163237,MARKET_SIDEWAYS,False,False,False,Disc=0.97 10D超額=+17.0% 產業超額=+13.5% outperf10=80% RSaccel=+0.0144 觸發=indep regime=MARKET_SIDEWAYS
6805,富世達,電子零組件業,2025-05-20,2025-05-21,593.48,364.366,0.25,556,341.355,0.063153,0.662403,False,,,,,,0,,,,,,False,0.25,2025-05-28,598.5,367.448,F2_STRUCTURE,FAILED_PROBE,6,0.25,0.000984888,0.000984888,0.00393955,0.00845858,0.0463706,-0.0395633,0.0463706,-0.0395633,,,,,1.25,0,,STRICT_OOS,2025,0.983655,0.0197487,0.0556553,0.201103,0.565912,-0.227332,0.049016,1.29203,0.683399,1.01394,1.19823,0.0195736,0.248441,0.268015,0.6,2,-0.0262484,0.017365,-0.0199475,-0.475,5.55142,1.57461e+09,0.000102212,MARKET_UP,False,False,False,Disc=0.98 10D超額=+26.8% 產業超額=+24.8% outperf10=60% RSaccel=-0.0199 觸發=indep regime=MARKET_UP
6805,富世達,電子零組件業,2025-10-31,2025-11-03,1468.66,908.606,0.25,1400,866.127,0.0467517,0.855865,False,,,,,,0,,,,,,False,0.25,2025-11-05,1381.54,854.705,F1_PROBE_LOW,FAILED_PROBE,3,0.25,-0.0159223,-0.0159223,-0.0636892,-0.0593227,0.0349553,-0.0229205,0.0349553,-0.0229205,,,,,0.5,0,,STRICT_OOS,2025,0.961749,0.00350877,0.0210526,0.172205,0.460843,0.578225,0.0456554,1.3884,0.524277,0.427873,0.664784,0.0258314,0.175681,0.201513,0.8,2,0.00264051,0.00775815,-0.010055,-0.00682594,4.89247,3.53892e+09,-0.00191533,MARKET_UP,False,False,False,Disc=0.96 10D超額=+20.2% 產業超額=+17.6% outperf10=80% RSaccel=-0.0101 觸發=indep regime=MARKET_UP
6806,森崴能源,綠能環保,2023-11-01,2023-11-02,104.761,138.456,0.25,98.3,129.917,0.0616759,0.760328,False,,,,,,0,,,,,,False,0.25,2023-11-28,106.733,141.061,F3_RS_FAILURE,FAILED_PROBE,19,0.25,0.00356856,0.00356856,0.0142743,0.0188166,0.0929614,-0.0215848,0.0929614,-0.0215848,,,,,4.5,0,,DISCOVERY,2023,0.955814,0.024218,0.049445,0.0292953,-0.037037,0.0151431,0.0303571,0.869888,0.339395,1.69598,1.03013,-1.11022e-16,0.0835356,0.0835356,0.6,1,0.0110096,-0.0154049,0.0132417,-0.207881,3.32579,1.81493e+08,0.00233044,MARKET_SIDEWAYS,False,False,False,Disc=0.96 10D超額=+8.4% 產業超額=+8.4% outperf10=60% RSaccel=+0.0132 觸發=indep regime=MARKET_SIDEWAYS
6829,千附精密,電機機械,2024-03-01,2024-03-04,134.836,142.788,0.25,125,132.372,0.0729496,0.857408,False,,,,,,0,,,,,,False,0.25,2024-03-07,131.171,138.907,F3_RS_FAILURE,FAILED_PROBE,4,0.25,-0.00790499,-0.00790499,-0.03162,-0.0271811,0.0197554,-0.0395758,0.0197554,-0.0395758,,,,,0.75,0,,DISCOVERY,2024,0.976071,0.0117647,0.0509804,0.207207,0.320197,0.288462,0.03758,1.08153,0.470991,4.11207,3.02115,0.111262,0.137262,0.248524,0.7,3,-0.0027618,0.00447017,0.00533268,-0.18541,5.85816,1.1003e+08,-0.001626,MARKET_UP,False,False,False,Disc=0.98 10D超額=+24.9% 產業超額=+13.7% outperf10=70% RSaccel=+0.0053 觸發=indep regime=MARKET_UP
6844,諾貝兒,生技醫療業,2023-05-05,2023-05-08,244.76,229.656,0.25,230,215.806,0.0603054,0.809807,False,,,,,,0,,,,,,False,0.25,2023-05-11,229.425,215.267,F1_PROBE_LOW,FAILED_PROBE,4,0.25,-0.0167534,-0.0167534,-0.0670137,-0.0626546,0.0193643,-0.0500913,0.0193643,-0.0500913,,,,,0.75,0,,DISCOVERY,2023,0.988127,-0.00904167,0.0333333,0.161321,0.284974,0.40113,0.0508353,0.535775,0.561393,1.12758,1.65789,0.0280476,0.192824,0.220872,0.7,2,0.0100751,-0.00191039,-0.00541306,-0.0119522,3.84703,3.05486e+07,0.00109168,MARKET_SIDEWAYS,False,False,False,Disc=0.99 10D超額=+22.1% 產業超額=+19.3% outperf10=70% RSaccel=-0.0054 觸發=indep regime=MARKET_SIDEWAYS
6869,雲豹能源,綠能環保,2025-03-14,2025-03-17,180.45,233.392,0.25,171.5,221.817,0.0495982,0.844151,False,,,,,,0,,,,,,False,0.25,2025-03-24,176.059,227.713,F2_STRUCTURE,FAILED_PROBE,6,0.25,-0.00719506,-0.00719506,-0.0287802,-0.024335,0.0473815,-0.0218897,0.0473815,-0.0218897,,,,,1.25,0,,STRICT_OOS,2025,0.960265,0.0057971,0.0318841,0.0360885,0.0532544,-0.0165746,0.0379213,0.781152,0.36511,1.07442,1.31691,0.008952,0.082107,0.091059,0.7,1,-0.00509128,0.00236771,0.0114285,-0.450791,3.25926,2.32586e+08,0.000290051,MARKET_DOWN,False,False,False,Disc=0.96 10D超額=+9.1% 產業超額=+8.2% outperf10=70% RSaccel=+0.0114 觸發=indep regime=MARKET_DOWN
6873,泓德能源,綠能環保,2023-03-13,2023-03-14,144.861,172.661,0.25,136,162.099,0.0611706,,False,,,,,,0,,,,,,False,0.25,2023-03-28,135.66,161.694,F1_PROBE_LOW,FAILED_PROBE,11,0.25,-0.0169687,-0.0169687,-0.0678748,-0.0635177,0.104505,-0.0128485,0.104505,-0.0128485,,,,,2.5,0,,DISCOVERY,2023,0.992382,0.00719424,0.0431655,0.189771,0.352973,0.837553,0.0505475,0.634329,0.627725,1.23795,1.36881,-0.0119824,0.272193,0.260211,,2,0.00520949,0.00562309,0.00932143,-0.00684932,5.05651,9.71473e+07,0.00220852,MARKET_SIDEWAYS,False,False,False,Disc=0.99 10D超額=+26.0% 產業超額=+27.2% outperf10=nan% RSaccel=+0.0093 觸發=indep regime=MARKET_SIDEWAYS
6877,鏵友益,其他電子業,2024-07-01,2024-07-02,63.1575,54.1855,0.25,60.3,51.7339,0.045244,0.850488,False,,,,,,0,,,,,,False,0.25,2024-07-02,60.1493,51.6046,F1_PROBE_LOW,FAILED_PROBE,1,0.25,-0.0130059,-0.0130059,-0.0520237,-0.0476309,0,0,,,,,,,0,0,,DISCOVERY,2024,0.970264,0.00819672,0.042623,0.274613,0.558824,0.827586,0.0658693,0.659835,0.600811,0.856279,1.65817,0.0819274,0.203079,0.285006,0.8,1,0.0144922,0.00567416,-0.00376443,-0.0334347,4.05797,6.43927e+07,0.00114275,MARKET_UP,False,False,False,Disc=0.97 10D超額=+28.5% 產業超額=+20.3% outperf10=80% RSaccel=-0.0038 觸發=indep regime=MARKET_UP
6877,鏵友益,其他電子業,2025-03-04,2025-03-05,88.4205,83.4904,0.25,83.1,78.4665,0.0601727,0.802714,True,2025-03-07,99.6,94.0465,persist,2,1,2025-03-10,102.255,96.5535,,,True,1,2025-03-28,88.7775,83.8275,TREND_FAILURE_MA20x2,EXIT,18,1,-0.102123,-0.102123,-0.102123,0.00403752,0.334532,-0.0115414,0.126436,-0.0115414,0.156463,-0.131803,0.153978,-0.165811,14.75,0,,STRICT_OOS,2025,0.986541,-0.00825472,0.0448113,0.120384,0.17976,0.140283,0.0455498,1.08209,0.565713,1.64679,2.12678,0.0153781,0.162088,0.177466,0.6,2,0.00189917,0.00351153,0.0163714,-0.164151,4.01416,6.43228e+07,-0.00700335,MARKET_SIDEWAYS,False,False,False,Disc=0.99 10D超額=+17.7% 產業超額=+16.2% outperf10=60% RSaccel=+0.0164 觸發=indep regime=MARKET_SIDEWAYS
6877,鏵友益,其他電子業,2026-04-28,2026-04-29,180.45,187.624,0.25,170,176.759,0.0579108,0.833779,False,,,,,,0,,,,,,False,0.25,2026-04-30,169.575,176.317,F1_PROBE_LOW,FAILED_PROBE,2,0.25,-0.0161576,-0.0161576,-0.0646304,-0.060266,0.0335273,-0.0385148,0.0335273,-0.0385148,,,,,0.25,0,,STRICT_OOS,2026,0.991677,0.00864553,0.0576369,0.280307,0.542017,1.07345,0.0702608,0.71156,0.807379,0.713309,2.06034,-0.0601974,0.451167,0.390969,0.7,2,0.0210434,-0.00319025,-0.0355835,-0.0732323,5.70083,2.29773e+08,-0.00239546,MARKET_UP,False,False,False,Disc=0.99 10D超額=+39.1% 產業超額=+45.1% outperf10=70% RSaccel=-0.0356 觸發=indep regime=MARKET_UP
6885,全福生技,生技醫療業,2023-01-04,2023-01-05,39.709,30.2348,0.25,37.85,28.8193,0.0468162,0.715052,True,2023-01-17,58.2,43.5897,persist,8,1,2023-01-30,55.4683,36.0873,,,True,1,2023-03-15,72.8774,47.4135,TREND_FAILURE_MA20x2,EXIT,40,1,0.372087,0.372087,0.372087,0.568178,0.97966,0,0.446663,0,0.19357,0.313855,0.658604,0.0420362,32.25,0,,DISCOVERY,2023,0.954783,-0.00704042,0.0599739,0.0285931,0.00123153,0.133111,0.0359339,0.43256,0.348459,2.10835,0.870918,0.00624732,0.0475432,0.0537905,0.5,1,0.000904422,-0.0110917,0.00834904,,2.6357,4.58598e+07,-0.00175687,MARKET_SIDEWAYS,False,False,False,Disc=0.95 10D超額=+5.4% 產業超額=+4.8% outperf10=50% RSaccel=+0.0083 觸發=indep regime=MARKET_SIDEWAYS
6890,來億-KY,運動休閒,2025-01-10,2025-01-13,435.085,441.769,0.25,399.5,405.638,0.0817886,0.932576,True,2025-01-15,494,501.589,persist,2,1,2025-01-16,501.25,508.951,,,True,1,2025-02-14,441.893,448.681,TREND_FAILURE_MA20x2,EXIT,18,1,-0.0892116,-0.0892116,-0.0892116,0.0156464,0.23654,-0.026627,0.23654,-0.026627,0.152074,-0.118419,0.0673317,-0.121197,14.75,0,,STRICT_OOS,2025,0.991561,0.00361446,0.0361446,0.0996739,0.11399,0.124183,0.0252492,0.691299,0.315248,1.00882,1.47028,-0.0160751,0.166771,0.150696,0.8,2,0.00586171,-0.00466144,0.0238872,,5.01974,2.91358e+08,-0.00300115,MARKET_SIDEWAYS,False,False,False,Disc=0.99 10D超額=+15.1% 產業超額=+16.7% outperf10=80% RSaccel=+0.0239 觸發=indep regime=MARKET_SIDEWAYS
6901,鑽石投資,其他,2023-04-06,2023-04-07,89.2826,68.612,0.25,85.7,65.8588,0.0401271,0.845486,False,,,,,,0,,,,,,False,0.25,2023-04-21,88.8872,68.3081,F2_STRUCTURE,FAILED_PROBE,11,0.25,-0.00222974,-0.00222974,-0.00891895,-0.00442891,0.0685167,-0.0154862,0.0685167,-0.0154862,,,,,2.5,0,,DISCOVERY,2023,0.980743,0.000342466,0.0319635,0.113163,0.144304,0.124378,0.0276549,0.815969,0.297321,1.94086,1.86949,-0.0058997,0.15154,0.145641,0.6,2,0.0122372,-0.0134151,-0.000244795,,5.72,5.98071e+07,-0.0036104,MARKET_SIDEWAYS,False,False,False,Disc=0.98 10D超額=+14.6% 產業超額=+15.2% outperf10=60% RSaccel=-0.0002 觸發=indep regime=MARKET_SIDEWAYS
6901,鑽石投資,其他,2023-10-19,2023-10-20,44.8619,53.6806,0.25,42.05,50.3159,0.0626785,0.722766,False,,,,,,0,,,,,,False,0.25,2023-10-27,43.3913,51.9208,F2_STRUCTURE,FAILED_PROBE,6,0.25,-0.00930185,-0.00930185,-0.0372074,-0.0327812,0.0197969,-0.0337007,0.0197969,-0.0337007,,,,,1.25,0,,DISCOVERY,2023,0.95122,0.0058548,0.0679157,0.0607118,-0.0440252,-0.110249,0.0325031,0.873517,0.543509,1.373,0.52999,-0.0429463,0.140517,0.0975708,0.4,1,-0.00278977,-0.00582253,0.0254832,-0.2573,4.01446,1.96862e+08,0.000718938,MARKET_SIDEWAYS,False,False,False,Disc=0.95 10D超額=+9.8% 產業超額=+14.1% outperf10=40% RSaccel=+0.0255 觸發=indep regime=MARKET_SIDEWAYS
6919,康霈*,生技醫療業,2024-11-29,2024-12-02,605.51,422.142,0.25,562,391.809,0.0718568,0.860439,False,,,,,,0,,,,,,False,0.25,2024-12-05,576.555,401.956,F2_STRUCTURE,FAILED_PROBE,4,0.25,-0.0130529,-0.0130529,-0.0522116,-0.0478192,0.0371422,-0.0404783,0.0371422,-0.0404783,,,,,0.75,0,,DISCOVERY,2024,0.977454,-0.00511945,0.0255973,0.115649,0.131827,-0.0682216,0.0440338,0.679095,0.47099,0.769445,1.6359,0.0330886,0.159569,0.192657,0.6,2,0.0112622,-0.0244443,0.00140811,-0.270883,4.59109,2.27223e+08,-0.00163237,MARKET_SIDEWAYS,False,False,False,Disc=0.98 10D超額=+19.3% 產業超額=+16.0% outperf10=60% RSaccel=+0.0014 觸發=indep regime=MARKET_SIDEWAYS
6919,康霈*,生技醫療業,2025-01-15,2025-01-16,646.612,450.798,0.25,621,432.941,0.0396102,0.725074,False,,,,,,0,,,,,,False,0.25,2025-01-16,619.447,431.859,F1_PROBE_LOW,FAILED_PROBE,1,0.25,-0.0116042,-0.0116042,-0.0464167,-0.0420113,0,0,,,,,,,0,0,,STRICT_OOS,2025,0.978571,0.00159744,0.0239617,0.0556653,0.182657,0.254403,0.0435703,0.650945,0.490727,0.870671,1.55869,0.0401515,0.0247222,0.0648737,0.5,2,0.0141353,-0.0130223,0.00429144,-0.222357,3.07928,7.44349e+08,-0.0124114,MARKET_SIDEWAYS,False,True,False,Disc=0.98 10D超額=+6.5% 產業超額=+2.5% outperf10=50% RSaccel=+0.0043 觸發=indep regime=MARKET_SIDEWAYS
6919,康霈*,生技醫療業,2025-03-04,2025-03-05,989.467,689.825,0.25,918,640,0.0722282,0.763795,False,,,,,,0,,,,,,False,0.25,2025-03-07,933.66,650.918,F2_STRUCTURE,FAILED_PROBE,3,0.25,-0.0151937,-0.0151937,-0.0607746,-0.0564015,0.0308575,-0.0590899,0.0308575,-0.0590899,,,,,0.5,0,,STRICT_OOS,2025,0.958277,-0.00313152,0.0229645,0.0885865,0.424419,0.652614,0.0502915,0.482868,0.568866,0.556809,0.903524,0.0424337,0.0649173,0.107351,0.6,4,0.0182884,-0.0104633,0.00253112,-0.0140845,2.08985,1.74985e+09,-0.00700335,MARKET_SIDEWAYS,False,False,False,Disc=0.96 10D超額=+10.7% 產業超額=+6.5% outperf10=60% RSaccel=+0.0025 觸發=indep regime=MARKET_SIDEWAYS
6919,康霈*,生技醫療業,2025-06-05,2025-06-06,972.425,677.944,0.25,890,620.48,0.0847624,0.919388,True,2025-06-17,1100,766.885,persist,7,1,2025-06-18,1097.74,765.308,,,True,1,2025-07-09,1167.08,813.648,MFE_PROTECTION,EXIT,24,1,0.0926962,0.0926962,0.0926962,0.20017,0.444842,-0.011749,0.131193,-0.011749,0.128866,0.063164,0.279905,-0.00704859,17,0,,STRICT_OOS,2025,0.988024,0.0163577,0.0534351,0.15426,0.376068,0.0568928,0.0357882,0.921951,0.424556,2.04629,1.21897,0.00167916,0.121022,0.122701,0.7,3,-0.00520168,-2.55485e-05,0.00327083,-0.0529412,3.47107,1.07031e+09,0.00260615,MARKET_UP,False,False,False,Disc=0.99 10D超額=+12.3% 產業超額=+12.1% outperf10=70% RSaccel=+0.0033 觸發=indep regime=MARKET_UP
6919,康霈*,生技醫療業,2025-12-09,2025-12-10,171.427,1195.14,0.25,162.5,1132.9,0.0520774,0.704794,False,,,,,,0,,,,,,False,0.25,2025-12-12,166.583,1161.36,F2_STRUCTURE,FAILED_PROBE,3,0.25,-0.00817477,-0.00817477,-0.0326991,-0.0282627,0.00917297,-0.0433274,0.00917297,-0.0433274,,,,,0.5,0,,STRICT_OOS,2025,0.953488,0,0.0208955,0.162672,0.36255,-0.254902,0.0620301,0.508242,0.820371,0.433333,1.62271,-0.0351773,0.120421,0.0852438,0.7,2,0.00654432,-0.0163722,-0.0278215,-0.382671,3.3468,2.02016e+09,-0.00428141,MARKET_SIDEWAYS,False,False,False,Disc=0.95 10D超額=+8.5% 產業超額=+12.0% outperf10=70% RSaccel=-0.0278 觸發=indep regime=MARKET_SIDEWAYS
6923,中台,綠能環保,2025-09-19,2025-09-22,114.786,122.12,0.25,109.5,116.496,0.046053,0.833074,False,,,,,,0,,,,,,False,0.25,2025-09-22,109.226,116.205,F1_PROBE_LOW,FAILED_PROBE,1,0.25,-0.0132072,-0.0132072,-0.0528288,-0.0484378,0,0,,,,,,,0,0,,STRICT_OOS,2025,0.97096,-0.00877193,0.0131579,0.115888,0.110577,0.508932,0.0493506,0.79934,0.642613,0.552544,2.28846,-0.0953212,0.210714,0.115392,0.4,1,0.0317378,-8.77568e-05,0.019175,-0.0685484,5.22807,1.50661e+08,-0.00741152,MARKET_UP,False,False,False,Disc=0.97 10D超額=+11.5% 產業超額=+21.1% outperf10=40% RSaccel=+0.0192 觸發=indep regime=MARKET_UP
6937,天虹,電子工業,2025-09-15,2025-09-16,266.665,223.695,0.25,256,214.749,0.039994,0.84514,False,,,,,,0,,,,,,False,0.25,2025-09-17,255.36,214.212,F1_PROBE_LOW,FAILED_PROBE,2,0.25,-0.0116996,-0.0116996,-0.0467986,-0.042394,0.0406315,-0.0156188,0.0406315,-0.0156188,,,,,0.25,0,,STRICT_OOS,2025,0.989796,0.00193424,0.0386847,0.206877,0.316176,0.363024,0.0500133,1.18785,0.658387,1.89086,2.78933,-0.041964,0.30474,0.262776,0.5,2,-0.0164364,0.00800965,-0.0056325,-0.344827,5.3617,3.02188e+08,-0.00461165,MARKET_SIDEWAYS,False,False,False,Disc=0.99 10D超額=+26.3% 產業超額=+30.5% outperf10=50% RSaccel=-0.0056 觸發=indep regime=MARKET_SIDEWAYS
6944,兆聯實業,綠能環保,2023-12-01,2023-12-04,172.009,163.66,0.25,164.5,156.516,0.0436544,0.913231,False,,,,,,0,,,,,,False,0.25,2023-12-11,169.246,161.031,F4_TIME_5D,FAILED_PROBE,6,0.25,-0.00513193,-0.00513193,-0.0205277,-0.0160638,0.0522708,-0.0233066,0.0522708,-0.0233066,,,,,1.25,0,,DISCOVERY,2023,0.968011,-0.0041543,0.0385757,0.17746,0.310861,0.19863,0.032449,0.972294,0.379701,1.38407,1.61909,-0.0078565,0.214038,0.206182,0.7,2,0.000180577,0.00120138,0.0142077,,5.72327,4.31952e+07,0.000258119,MARKET_UP,False,False,False,Disc=0.97 10D超額=+20.6% 產業超額=+21.4% outperf10=70% RSaccel=+0.0142 觸發=indep regime=MARKET_UP
6944,兆聯實業,綠能環保,2024-01-15,2024-01-16,184.009,175.077,0.25,172,163.651,0.0652624,0.939356,True,2024-01-23,202.5,192.671,persist,5,1,2024-01-24,203.738,193.849,,,True,1,2024-04-24,353.694,336.526,TREND_FAILURE_MA20x2,EXIT,62,1,0.776294,0.776294,0.776294,0.922155,1.17653,-0.0245036,0.119511,-0.0245036,0.107219,0.736021,0.965759,-0.0306181,56.5,0,,DISCOVERY,2024,0.971976,-0.0021547,0.0276243,0.0826542,0.110448,0.447471,0.0226575,0.955788,0.258334,1.74149,1.5115,0.0166288,0.128653,0.145282,0.8,3,0.0101519,0.00778655,0.017702,,5.22034,3.99559e+07,0.00194086,MARKET_SIDEWAYS,False,False,False,Disc=0.97 10D超額=+14.5% 產業超額=+12.9% outperf10=80% RSaccel=+0.0177 觸發=indep regime=MARKET_SIDEWAYS
6944,兆聯實業,綠能環保,2024-07-19,2024-07-22,416.459,384.683,0.25,391.5,361.628,0.0599304,0.815392,True,2024-07-26,445,411.046,persist,2,1,2024-07-29,444.709,426.009,,,True,1,2024-07-29,395.315,378.691,HARD_STOP,EXIT,4,1,-0.0915004,-0.0915004,-0.0915004,-0.0155743,0.115357,-0.0131071,0.115357,-0.0131071,0.107429,-0.111071,0.0118977,-0.145509,0.75,0,,DISCOVERY,2024,0.958805,-0.0140904,0.018315,0.158108,0.305911,0.0911927,0.0462464,0.724103,0.416597,1.15233,2.56987,0.0918038,0.175394,0.267198,0.8,1,-0.000142284,-0.0150029,0.00444601,-0.0424799,5.06316,1.56463e+08,-0.0226173,MARKET_SIDEWAYS,False,False,False,Disc=0.96 10D超額=+26.7% 產業超額=+17.5% outperf10=80% RSaccel=+0.0044 觸發=indep regime=MARKET_SIDEWAYS
6944,兆聯實業,綠能環保,2024-12-13,2024-12-16,387.125,444.1,0.25,369.5,423.881,0.0455289,0.843503,False,,,,,,0,,,,,,False,0.25,2024-12-23,375.539,430.808,F2_STRUCTURE,FAILED_PROBE,6,0.25,-0.00859062,-0.00859062,-0.0343625,-0.0299298,0.0074255,-0.0390711,0.0074255,-0.0390711,,,,,1.25,0,,DISCOVERY,2024,0.960916,0.00102013,0.0375839,0.0492738,0.041779,0.0964539,0.022177,0.782854,0.211153,3.40205,1.63657,-0.0143536,0.0524282,0.0380747,0.5,1,0.00478075,-0.00745723,0.0118219,-0.021519,3.90833,6.29319e+07,-0.00114202,MARKET_SIDEWAYS,False,False,False,Disc=0.96 10D超額=+3.8% 產業超額=+5.2% outperf10=50% RSaccel=+0.0118 觸發=indep regime=MARKET_SIDEWAYS
6944,兆聯實業,綠能環保,2025-01-15,2025-01-16,401.04,460.063,0.25,383.5,439.941,0.0437365,0.761545,True,2025-01-21,431.5,495.005,persist,3,1,2025-01-22,426.875,489.699,,,True,1,2025-03-04,421.404,483.423,TREND_FAILURE_MA20x2,EXIT,26,1,-0.00142434,-0.00142434,-0.00142434,0.0507773,0.117095,-0.00633378,0.0796925,-0.00633378,0.0644186,-0.0128157,0.0494887,-0.0313313,22,0,,STRICT_OOS,2025,0.964286,-0.000588235,0.0242967,0.0444647,0.0511811,0.029563,0.0238095,0.748518,0.226272,1.62634,1.49428,-1.11022e-16,0.0963238,0.0963238,0.5,2,0.0115479,-0.00876423,-0.00348514,-0.0267315,4.35206,7.98975e+07,-0.0124114,MARKET_SIDEWAYS,False,False,False,Disc=0.96 10D超額=+9.6% 產業超額=+9.6% outperf10=50% RSaccel=-0.0035 觸發=indep regime=MARKET_SIDEWAYS
6944,兆聯實業,綠能環保,2025-08-19,2025-08-20,519.295,655.037,0.25,488,615.562,0.0602644,0.882432,True,2025-08-22,541,682.416,persist,2,1,2025-08-25,556.387,701.825,,,True,1,2025-09-16,558.6,704.616,TREND_FAILURE_MA20x2,EXIT,20,1,0.0173554,0.0173554,0.0173554,0.0756892,0.203555,-0.0390818,0.066831,-0.0390818,0.0714286,0.00397654,0.123318,-0.0474265,16.75,0,,STRICT_OOS,2025,0.951857,-0.00585938,0.015625,0.142355,0.173815,0.405312,0.0376374,0.532402,0.381177,1.04015,1.41155,-0.047036,0.227053,0.180017,0.7,2,-0.00164394,-0.00154519,0.0140721,-0.00763359,5.05839,3.60544e+08,-0.00526988,MARKET_UP,False,False,False,Disc=0.95 10D超額=+18.0% 產業超額=+22.7% outperf10=70% RSaccel=+0.0141 觸發=indep regime=MARKET_UP
7402,邑錡,光電業,2024-06-25,2024-06-26,110.776,134.953,0.25,106,129.134,0.0431162,0.807413,False,,,,,,0,,,,,,False,0.25,2024-07-02,105.735,130.616,F2_STRUCTURE,FAILED_PROBE,5,0.25,-0.00914107,-0.00914107,-0.0365643,-0.0321366,0.0471559,-0.0386026,0.0471559,-0.0386026,,,,,1,0,,DISCOVERY,2024,0.963455,0.00925926,0.0231482,0.0551444,-0.0264317,-0.0133928,0.0320621,0.730455,0.386968,0.599841,1.20577,-0.0212978,0.0710645,0.0497666,0.6,2,-0.000515333,-0.00167651,0.0261864,-0.175373,3.52823,6.05102e+07,0.0027295,MARKET_SIDEWAYS,False,False,False,Disc=0.96 10D超額=+5.0% 產業超額=+7.1% outperf10=60% RSaccel=+0.0262 觸發=indep regime=MARKET_SIDEWAYS
7722,LINEPAY,數位雲端,2024-10-29,2024-10-30,633.901,633.901,0.25,614,614,0.0313942,0.770538,False,,,,,,0,,,,,,False,0.25,2024-11-06,625.014,625.014,F2_STRUCTURE,FAILED_PROBE,5,0.25,-0.0046221,-0.0046221,-0.0184884,-0.0140199,0.0364398,-0.0235065,0.0364398,-0.0235065,,,,,1,0,,DISCOVERY,2024,0.965044,-0.00371611,0.0287081,0.0874147,0.162162,0.133568,0.0399779,0.446079,0.495409,1.49399,2.10745,0,0.122036,0.122036,0.5,4,0.0311273,-0.0146614,0.000827404,,3.60665,3.41374e+07,-0.0117027,MARKET_SIDEWAYS,False,False,False,Disc=0.97 10D超額=+12.2% 產業超額=+12.2% outperf10=50% RSaccel=+0.0008 觸發=indep regime=MARKET_SIDEWAYS
7740,熙特爾,綠能環保,2026-07-20,2026-07-21,162.906,114.705,0.25,152,107.026,0.066948,0.780423,False,,,,,,0,,,,,,False,0.25,2026-07-22,162.592,114.485,F3_RS_FAILURE,FAILED_PROBE,2,0.25,-0.00160541,-0.00160541,-0.00642162,-0.00192596,0.00364473,-0.0209093,0.00364473,-0.0209093,,,,,0.25,0,,STRICT_OOS,2026,0.981153,0.00653595,0.0424837,0.0491695,0.0224359,-0.2025,0.0441111,0.672899,0.687244,0.83125,1.08996,0.00856638,0.147346,0.155913,0.6,2,0.011891,-0.0181022,0.0211326,-0.425225,3.05584,3.3815e+07,-0.00519249,MARKET_SIDEWAYS,False,False,False,Disc=0.98 10D超額=+15.6% 產業超額=+14.7% outperf10=60% RSaccel=+0.0211 觸發=indep regime=MARKET_SIDEWAYS
7750,新代,電機機械,2026-02-02,2026-02-03,1002.5,1420.11,0.25,931,1318.82,0.0713217,0.881359,True,2026-02-06,1100,1558.22,persist,3,1,2026-02-09,1097.74,1555.02,,,True,1,2026-03-25,1286.77,1822.8,TREND_FAILURE_MA20x2,EXIT,29,1,0.195096,0.195096,0.195096,0.283566,0.451372,-0.0294264,0.127182,-0.0294264,0.095,0.172206,0.325453,-0.0161582,25,0,,STRICT_OOS,2026,0.971292,0.00415369,0.0436137,0.117349,0.145952,0.199284,0.0324805,0.50214,0.446047,2.67812,1.84811,-0.0621759,0.226955,0.164779,0.6,1,0.0124203,-0.0084206,0.00391418,-0.00495049,4.90153,2.07313e+08,0,MARKET_UP,False,False,False,Disc=0.97 10D超額=+16.5% 產業超額=+22.7% outperf10=60% RSaccel=+0.0039 觸發=indep regime=MARKET_UP
7769,鴻勁,半導體業,2025-06-19,2025-06-20,1265.39,1476.37,0.25,1180,1376.75,0.0674779,0.96903,True,2025-06-27,1380,1610.1,persist,5,1,2025-06-30,1352.72,1578.27,,,True,1,2025-07-04,1286.78,1501.33,HARD_STOP,EXIT,11,1,-0.0367656,-0.0367656,-0.0367656,0.0169035,0.145896,-0.00425607,0.094528,-0.00425607,0.0690207,-0.0487523,0.0719117,-0.0833307,5.5,0,,STRICT_OOS,2025,0.965257,-0.00117269,0.0200803,0.148555,0.272773,0.518637,0.0355749,0.640355,0.336634,2.6658,1.74917,-0.00124213,0.210419,0.209177,0.8,1,0.00738488,0.00140604,0.0121577,,5.64408,7.56472e+08,-0.0157997,MARKET_SIDEWAYS,False,False,False,Disc=0.97 10D超額=+20.9% 產業超額=+21.0% outperf10=80% RSaccel=+0.0122 觸發=indep regime=MARKET_SIDEWAYS
7769,鴻勁,半導體業,2026-02-03,2026-02-04,3809.5,3828.02,0.25,3715,3733.06,0.0248064,0.889476,False,,,,,,0,,,,,,False,0.25,2026-02-05,3705.71,3723.73,F1_PROBE_LOW,FAILED_PROBE,2,0.25,-0.00792076,-0.00792076,-0.031683,-0.0272443,0.0171939,-0.0234939,0.0171939,-0.0234939,,,,,0.25,0,,STRICT_OOS,2026,0.950721,0.016,0.028,0.0765901,0.182515,0.388199,0.0287197,0.61894,0.377692,0.968195,0.916734,-0.0274004,0.12084,0.0934401,0.6,2,0.00913726,-0.0038762,0.00441756,-0.0064433,3.52258,3.03253e+09,0,MARKET_UP,False,False,False,Disc=0.95 10D超額=+9.3% 產業超額=+12.1% outperf10=60% RSaccel=+0.0044 觸發=indep regime=MARKET_UP
7799,禾榮科,生技醫療業,2025-06-19,2025-06-20,651.926,339.703,0.25,610,317.856,0.0643106,0.74891,True,2025-06-24,747,389.243,persist,2,1,2025-06-25,726.081,378.343,,,True,1,2025-07-31,867.616,452.093,TREND_FAILURE_MA20x2,EXIT,30,1,0.223895,0.223895,0.223895,0.33085,0.509374,-0.00142002,0.148904,-0.00142002,0.113748,0.19493,0.355221,0.0122842,26.75,0,,STRICT_OOS,2025,0.951662,-0.0105238,0.0507937,0.15497,0.367769,0.230683,0.0499568,0.518374,0.578955,1.40388,0.833786,-0.0350094,0.119495,0.0844854,0.5,1,0.0028563,0.0069297,-0.00218669,,2.75162,2.73431e+08,-0.0157997,MARKET_SIDEWAYS,False,False,False,Disc=0.95 10D超額=+8.4% 產業超額=+11.9% outperf10=50% RSaccel=-0.0022 觸發=indep regime=MARKET_SIDEWAYS
7799,禾榮科,生技醫療業,2025-12-11,2025-12-12,611.525,284.849,0.25,575,267.835,0.0597277,0.673694,False,,,,,,0,,,,,,False,0.25,2025-12-16,573.562,267.166,F1_PROBE_LOW,FAILED_PROBE,3,0.25,-0.0166097,-0.0166097,-0.0664387,-0.0620784,0.00895303,-0.0384694,0.00895303,-0.0384694,,,,,0.5,0,,STRICT_OOS,2025,0.970888,0.0191304,0.0695652,0.0751748,0.00819672,-0.325446,0.0537747,0.766491,0.714542,1.74318,1.52066,-0.0492335,0.17742,0.128186,0.5,2,0.0103381,-0.0211016,-0.000473736,-0.441299,2.78186,2.11258e+08,-0.0132384,MARKET_SIDEWAYS,False,False,False,Disc=0.97 10D超額=+12.8% 產業超額=+17.7% outperf10=50% RSaccel=-0.0005 觸發=indep regime=MARKET_SIDEWAYS
7799,禾榮科,生技醫療業,2026-02-11,2026-02-23,473.18,220.407,0.25,437.5,203.788,0.0754047,0.821827,True,2026-02-26,556,258.985,persist,3,1,2026-03-02,551.375,256.831,,,True,1,2026-03-04,494.76,230.459,HARD_STOP,EXIT,7,1,-0.0699605,-0.0699605,-0.0699605,0.0456063,0.229976,-0.00355045,0.229976,-0.00355045,0.165254,-0.10268,0.0156427,-0.147586,3,0,,STRICT_OOS,2026,0.951574,-0.0156951,0.0616592,0.0728447,0.105018,-0.226307,0.0526475,0.512436,0.551044,1.92765,0.854414,-0.0445325,0.183838,0.139306,0.6,2,-0.00285595,-0.0237375,0.0130183,-0.569846,2.98854,3.14249e+08,0,MARKET_SIDEWAYS,False,False,False,Disc=0.95 10D超額=+13.9% 產業超額=+18.4% outperf10=60% RSaccel=+0.0130 觸發=indep regime=MARKET_SIDEWAYS
7827,漢康-KY,生技醫療業,2025-12-16,2025-12-17,84.2702,68.3764,0.25,81,65.723,0.0388056,0.927508,False,,,,,,0,,,,,,False,0.25,2026-01-16,109.067,76.6699,PROBE_MAX_LIFE,FAILED_PROBE,21,0.25,0.0291296,0.0291296,0.116518,0.121291,0.233695,-0.0387462,0.233695,-0.0387462,,,,,5,0,,STRICT_OOS,2025,0.972018,-0.0120669,0.0155317,0.119781,0.23229,0.0600855,0.0448193,0.192041,0.413521,1.47567,1.5775,-0.0506408,0.237965,0.187324,0.8,2,0.031692,-0.014752,0.0145759,,4.04237,4.97452e+07,-0.011852,MARKET_SIDEWAYS,False,False,False,Disc=0.97 10D超額=+18.7% 產業超額=+23.8% outperf10=80% RSaccel=+0.0146 觸發=indep regime=MARKET_SIDEWAYS
7828,創新服務,半導體業,2025-11-07,2025-11-10,415.807,370.912,0.25,395,352.352,0.0500399,0.747057,False,,,,,,0,,,,,,False,0.25,2025-11-11,394.012,351.471,F1_PROBE_LOW,FAILED_PROBE,2,0.25,-0.0141992,-0.0141992,-0.0567969,-0.0524148,0.00888171,-0.04042,0.00888171,-0.04042,,,,,0.25,0,,STRICT_OOS,2025,0.993075,0.000567901,0.0333333,0.0868718,-0.00711744,-0.00122568,0.057689,0.304489,0.676486,1.33155,1.20966,-0.0190129,0.279036,0.260023,0.6,2,0.00679784,-0.00892894,0.00165572,,4.18343,6.87144e+07,-0.0088905,MARKET_SIDEWAYS,False,False,False,Disc=0.99 10D超額=+26.0% 產業超額=+27.9% outperf10=60% RSaccel=+0.0017 觸發=indep regime=MARKET_SIDEWAYS
8011,台通,電子工業,2024-11-12,2024-11-13,29.4234,29.8216,0.25,27.85,28.227,0.0534736,0.837904,False,,,,,,0,,,,,,False,0.25,2024-11-14,27.7804,28.1564,F1_PROBE_LOW,FAILED_PROBE,2,0.25,-0.0150536,-0.0150536,-0.0602143,-0.0558399,0.0501854,-0.0194871,0.0501854,-0.0194871,,,,,0.25,0,,DISCOVERY,2024,0.960459,-0.0017301,0.0121107,0.0588235,0.0446428,0.228992,0.0435897,0.965993,0.3479,1.31239,1.30401,-0.0234863,0.116144,0.0926574,0.5,2,0.0102166,0.0235085,0.0109151,-0.177215,2.82353,1.47881e+08,-0.0232842,MARKET_SIDEWAYS,False,False,False,Disc=0.96 10D超額=+9.3% 產業超額=+11.6% outperf10=50% RSaccel=+0.0109 觸發=indep regime=MARKET_SIDEWAYS
8016,矽創,電子工業,2023-09-08,2023-09-11,280.7,389.411,0.25,268.5,372.486,0.0434628,0.929892,True,2023-09-14,300,416.186,persist,3,1,2023-09-15,304.76,422.789,,,True,1,2023-09-21,283.789,393.696,HARD_STOP,EXIT,9,1,-0.0532484,-0.0532484,-0.0532484,0.0110038,0.120413,-0.00249377,0.0794442,-0.00249377,0.0857143,-0.0688123,0.0319596,-0.0812443,5,0,,DISCOVERY,2023,0.987673,0.00368324,0.0220994,0.117262,0.173362,0.272208,0.0288288,0.838856,0.404644,1.52215,2.24046,0.023562,0.146555,0.170117,0.7,3,0.00763847,0.000101081,0.0102814,-0.00892857,5.375,5.80487e+08,-0.0025946,MARKET_SIDEWAYS,False,False,False,Disc=0.99 10D超額=+17.0% 產業超額=+14.7% outperf10=70% RSaccel=+0.0103 觸發=indep regime=MARKET_SIDEWAYS
8021,尖點,電子工業,2025-07-08,2025-07-09,50.0247,62.8936,0.25,47.45,59.6565,0.0514695,0.922325,False,,,,,,0,,,,,,False,0.25,2025-07-23,50.5733,63.5832,F2_STRUCTURE,FAILED_PROBE,11,0.25,0.00160998,0.00160998,0.00643991,0.0109646,0.129441,-0.0164868,0.129441,-0.0164868,,,,,2.5,0,,STRICT_OOS,2025,1,-0.0153531,0.0235415,0.277089,0.722314,1.09063,0.0580776,1.01089,0.508267,2.04276,2.25468,-0.0190115,0.318834,0.299823,0.8,3,0.0161307,0.00358468,-0.00151119,-0.0176817,4.20983,6.66234e+08,-0.00296272,MARKET_SIDEWAYS,False,False,False,Disc=1.00 10D超額=+30.0% 產業超額=+31.9% outperf10=80% RSaccel=-0.0015 觸發=indep regime=MARKET_SIDEWAYS
8021,尖點,電子工業,2026-01-15,2026-01-16,223.056,282.88,0.25,205,259.981,0.0809493,0.730786,False,,,,,,0,,,,,,False,0.25,2026-01-20,219.949,278.939,F3_RS_FAILURE,FAILED_PROBE,3,0.25,-0.00460003,-0.00460003,-0.0184001,-0.0139315,0.0221637,-0.0271512,0.0221637,-0.0271512,,,,,0.5,0,,STRICT_OOS,2026,0.961691,0.00699301,0.037296,0.199038,0.416011,1.04966,0.057884,1.18863,0.549252,0.72696,1.06633,0.0102206,0.107262,0.117483,0.6,2,0.0130526,-0.00159109,-0.00842136,-0.0156237,3.69477,5.41082e+09,-0.00424022,MARKET_UP,False,False,False,Disc=0.96 10D超額=+11.7% 產業超額=+10.7% outperf10=60% RSaccel=-0.0084 觸發=indep regime=MARKET_UP
8027,鈦昇,電機機械,2023-08-16,2023-08-17,72.982,77.8431,0.25,67,71.4627,0.0819654,0.852265,False,,,,,,0,,,,,,False,0.25,2023-08-22,71.022,75.7526,F2_STRUCTURE,FAILED_PROBE,4,0.25,-0.00782388,-0.00782388,-0.0312955,-0.0268559,0.0290209,-0.0531912,0.0290209,-0.0531912,,,,,0.75,0,,DISCOVERY,2023,0.975484,0.016035,0.0568513,0.095994,0.169355,0.589912,0.0677833,0.907737,0.785299,1.35954,0.672493,-0.0219916,0.188789,0.166798,0.6,2,0.00837491,0.0102979,0.00628121,-0.0869018,3.60174,3.6135e+08,-0.000487396,MARKET_DOWN,False,False,False,Disc=0.98 10D超額=+16.7% 產業超額=+18.9% outperf10=60% RSaccel=+0.0063 觸發=indep regime=MARKET_DOWN
8027,鈦昇,電機機械,2024-01-05,2024-01-08,72.7815,77.6293,0.25,67.1,71.5693,0.0780624,0.930565,False,,,,,,0,,,,,,False,0.25,2024-01-15,74.214,79.1572,F4_TIME_5D,FAILED_PROBE,6,0.25,0.00378448,0.00378448,0.0151379,0.0196822,0.00849804,-0.0340952,0.00849804,-0.0340952,,,,,1.25,0,,DISCOVERY,2024,0.993007,0.0058309,0.0524781,0.105581,0.0776119,0.121118,0.0298773,1.04498,0.323232,4.65402,2.32729,0.00235897,0.156095,0.158453,0.6,3,-0.000889826,-0.00187985,0.0256812,-0.0929648,5.51656,3.69883e+07,-0.0017385,MARKET_SIDEWAYS,False,False,False,Disc=0.99 10D超額=+15.8% 產業超額=+15.6% outperf10=60% RSaccel=+0.0257 觸發=indep regime=MARKET_SIDEWAYS
8028,昇陽半導體,電子工業,2024-11-11,2024-11-12,145.363,180.195,0.25,139,172.308,0.0437699,0.921796,False,,,,,,0,,,,,,False,0.25,2024-11-12,138.652,171.877,F1_PROBE_LOW,FAILED_PROBE,1,0.25,-0.0126392,-0.0126392,-0.0505566,-0.0461605,0,0,,,,,,,0,0,,DISCOVERY,2024,0.9677,0.00701754,0.0245614,0.0869161,0.093633,0.286344,0.0393836,1.14483,0.423648,0.668754,0.98754,-0.0323255,0.160752,0.128427,0.7,1,0.00585348,0.0070419,0.0110711,-0.0457516,4.95652,2.11372e+09,-0.00102955,MARKET_SIDEWAYS,False,False,False,Disc=0.97 10D超額=+12.8% 產業超額=+16.1% outperf10=70% RSaccel=+0.0111 觸發=indep regime=MARKET_SIDEWAYS
8028,昇陽半導體,電子工業,2025-04-30,2025-05-02,135.338,167.768,0.25,121.5,150.614,0.102244,0.887648,False,,,,,,0,,,,,,False,0.25,2025-05-06,127.68,158.275,F3_RS_FAILURE,FAILED_PROBE,3,0.25,-0.0152384,-0.0152384,-0.0609535,-0.0565808,0.00489517,-0.0800776,0.00489517,-0.0800776,,,,,0.5,0,,STRICT_OOS,2025,0.958092,-0.00796813,0.0398406,0.169722,0.125,0.0566802,0.0540777,1.26911,0.90454,2.41208,2.07584,0.00762121,0.172605,0.180227,0.7,1,-0.00724083,0.0109988,0.00308223,-0.286885,4.67611,1.13895e+09,0.00011862,MARKET_SIDEWAYS,False,False,False,Disc=0.96 10D超額=+18.0% 產業超額=+17.3% outperf10=70% RSaccel=+0.0031 觸發=indep regime=MARKET_SIDEWAYS
8028,昇陽半導體,電子工業,2025-09-02,2025-09-03,159.397,200.574,0.25,153,192.524,0.0401355,0.807164,True,2025-09-08,182,229.016,persist,3,1,2025-09-09,182.956,230.219,,,True,1,2025-09-15,168.079,211.498,HARD_STOP,EXIT,9,1,-0.0517656,-0.0517656,-0.0517656,0.0544629,0.223357,-0.00876739,0.163757,-0.00876739,0.147799,-0.0813172,0.0658286,-0.0817477,5,0,,STRICT_OOS,2025,0.953488,0.019544,0.0390879,0.0672466,-0.027439,0.136188,0.0454545,1.2109,0.578436,1.52758,1.52667,0.033626,0.0994986,0.133125,0.7,2,-0.00427346,-0.00020582,0.0156305,-0.115264,3.93103,2.19809e+09,-0.00228276,MARKET_SIDEWAYS,False,False,False,Disc=0.95 10D超額=+13.3% 產業超額=+9.9% outperf10=70% RSaccel=+0.0156 觸發=indep regime=MARKET_SIDEWAYS
8033,雷虎,其他,2023-04-19,2023-04-20,76.7915,79.2117,0.25,73,75.3007,0.049374,0.864468,False,,,,,,0,,,,,,False,0.25,2023-04-20,72.8175,75.1124,F1_PROBE_LOW,FAILED_PROBE,1,0.25,-0.0140335,-0.0140335,-0.0561341,-0.0517506,0,0,,,,,,,0,0,,DISCOVERY,2023,0.987401,0.0258503,0.0421769,0.213561,0.311644,0.828162,0.0494219,0.605363,0.816444,2.58851,2.94947,0.0761336,0.246168,0.322301,0.8,5,0.00527731,0.0108896,0.023652,-0.100939,7.13208,7.66087e+08,-0.00623651,MARKET_SIDEWAYS,False,False,True,Disc=0.99 10D超額=+32.2% 產業超額=+24.6% outperf10=80% RSaccel=+0.0237 觸發=indep regime=MARKET_SIDEWAYS
8033,雷虎,其他,2024-05-17,2024-05-20,82.4055,85.0026,0.25,77.1,79.5299,0.0643828,0.797062,False,,,,,,0,,,,,,False,0.25,2024-05-21,77.007,79.434,F3_RS_FAILURE,FAILED_PROBE,2,0.25,-0.017466,-0.017466,-0.069864,-0.0655114,0,-0.0631693,0,-0.0631693,,,,,0.25,0,,DISCOVERY,2024,0.972125,0.00387597,0.0529716,0.0761207,0.0111663,0.520522,0.0441718,0.358973,0.574369,2.43923,1.62997,-0.0476575,0.143461,0.0958031,0.5,1,0.029807,-0.00611784,0.0132136,-0.0297619,3.25,3.68732e+08,-0.00214934,MARKET_SIDEWAYS,False,False,False,Disc=0.97 10D超額=+9.6% 產業超額=+14.3% outperf10=50% RSaccel=+0.0132 觸發=indep regime=MARKET_SIDEWAYS
8033,雷虎,其他,2025-12-01,2025-12-02,142.856,149.846,0.25,135,141.605,0.0549941,0.868286,False,,,,,,0,,,,,,False,0.25,2025-12-03,134.662,141.251,F1_PROBE_LOW,FAILED_PROBE,2,0.25,-0.0154319,-0.0154319,-0.0617276,-0.0573567,0.0115063,-0.0269939,0.0115063,-0.0269939,,,,,0.25,0,,STRICT_OOS,2025,0.989193,0.0106762,0.0355872,0.145444,0.132296,-0.0820189,0.0557192,0.834739,0.793896,1.74339,2.04967,0.0301463,0.25561,0.285756,0.6,2,0.00555492,0.000426818,0.0123178,-0.23822,5.18062,1.50444e+09,-0.0102782,MARKET_SIDEWAYS,False,False,False,Disc=0.99 10D超額=+28.6% 產業超額=+25.6% outperf10=60% RSaccel=+0.0123 觸發=indep regime=MARKET_SIDEWAYS
8034,榮群,通信網路業,2024-03-11,2024-03-12,29.0224,31.8607,0.25,27,29.6406,0.0696833,0.632131,False,,,,,,0,,,,,,False,0.25,2024-03-14,28.0796,30.8258,F2_STRUCTURE,FAILED_PROBE,3,0.25,-0.00922761,-0.00922761,-0.0369105,-0.0324835,0.0130115,-0.0438411,0.0130115,-0.0438411,,,,,0.5,0,,DISCOVERY,2024,0.972789,0.0128913,0.0626151,0.0688154,0.0548446,0.212185,0.0505075,0.445181,0.672962,0.981652,2.39823,-0.0654341,0.120176,0.0547424,0.5,1,0.00923013,-0.0258417,-0.0147908,-0.148968,4.97549,1.17083e+08,-0.00299414,MARKET_UP,False,False,False,Disc=0.97 10D超額=+5.5% 產業超額=+12.0% outperf10=50% RSaccel=-0.0148 觸發=indep regime=MARKET_UP
8038,長園科,電子零組件業,2023-04-26,2023-04-27,50.0248,50.6152,0.25,46.65,47.2006,0.0674616,0.626534,False,,,,,,0,,,,,,False,0.25,2023-04-28,49.7254,50.3123,F2_STRUCTURE,FAILED_PROBE,2,0.25,-0.00261777,-0.00261777,-0.0104711,-0.00598454,0,-0.0284809,0,-0.0284809,,,,,0.25,0,,DISCOVERY,2023,0.963255,0.00319829,0.0724947,0.0841101,0.226829,0.21901,0.0600682,0.602102,0.776651,0.799366,1.64097,-0.0105568,0.129652,0.119095,0.5,3,0.00649096,-0.011092,-0.0371785,-0.104982,3.69031,1.19033e+08,0.000253729,MARKET_DOWN,False,False,False,Disc=0.96 10D超額=+11.9% 產業超額=+13.0% outperf10=50% RSaccel=-0.0372 觸發=indep regime=MARKET_DOWN
8038,長園科,電子零組件業,2025-12-09,2025-12-10,45.1125,45.645,0.25,43.65,44.1652,0.032419,0.820147,False,,,,,,0,,,,,,False,0.25,2025-12-10,43.5409,44.0548,F1_PROBE_LOW,FAILED_PROBE,1,0.25,-0.00981488,-0.00981488,-0.0392595,-0.0348379,0,0,,,,,,,0,0,,STRICT_OOS,2025,0.96657,0.00669643,0.0446429,0.135922,0.2,-0.209459,0.0464744,0.721395,0.672649,1.26414,1.31503,0.0257012,0.122495,0.148196,0.5,2,0.00551254,-0.0181812,0.0137187,-0.257143,3.77011,6.5092e+07,-0.00428141,MARKET_SIDEWAYS,False,False,False,Disc=0.97 10D超額=+14.8% 產業超額=+12.2% outperf10=50% RSaccel=+0.0137 觸發=indep regime=MARKET_SIDEWAYS
8039,台虹,電子零組件業,2024-04-25,2024-04-26,51.4282,60.7438,0.25,47.3,55.8678,0.080272,0.839319,False,,,,,,0,,,,,,False,0.25,2024-05-06,51.5708,60.9122,F4_TIME_5D,FAILED_PROBE,6,0.25,-0.000433847,-0.000433847,-0.00173539,0.00277085,0.0266731,-0.0345773,0.0266731,-0.0345773,,,,,1.25,0,,DISCOVERY,2024,0.953811,0.0229645,0.0542797,0.062431,0.10989,0.0542797,0.0217822,0.569292,0.280915,5.49186,1.72627,-0.00738931,0.101542,0.0941529,0.6,1,0.0202866,-0.0126137,0.00390896,-0.00980392,3.72727,5.10587e+07,-0.0136262,MARKET_SIDEWAYS,False,False,False,Disc=0.95 10D超額=+9.4% 產業超額=+10.2% outperf10=60% RSaccel=+0.0039 觸發=indep regime=MARKET_SIDEWAYS
8040,九暘,半導體業,2023-10-20,2023-10-23,48.2704,50.2866,0.25,44.6,46.4629,0.0760379,0.939808,False,,,,,,0,,,,,,False,0.25,2023-10-30,46.5334,48.477,F2_STRUCTURE,FAILED_PROBE,6,0.25,-0.010101,-0.010101,-0.0404038,-0.0359848,0.0461903,-0.0480704,0.0461903,-0.0480704,,,,,1.25,0,,DISCOVERY,2023,0.974537,-0.00106724,0.0266809,0.11246,0.0894677,0.095672,0.037719,1.02126,0.374506,2.58262,3.46146,0.0117281,0.123227,0.134955,0.8,1,0.00333192,-0.00141708,0.0306762,-0.242813,4.40945,4.0693e+07,-0.00072997,MARKET_SIDEWAYS,False,False,False,Disc=0.97 10D超額=+13.5% 產業超額=+12.3% outperf10=80% RSaccel=+0.0307 觸發=indep regime=MARKET_SIDEWAYS
8044,網家,電子商務業,2024-05-08,2024-05-09,34.0349,35.224,0.25,31.65,32.7558,0.0700715,0.685332,False,,,,,,0,,,,,,False,0.25,2024-05-14,33.0173,34.1709,F3_RS_FAILURE,FAILED_PROBE,4,0.25,-0.00858305,-0.00858305,-0.0343322,-0.0298995,0,-0.0450971,0,-0.0450971,,,,,0.75,0,,DISCOVERY,2024,0.965157,0.0155763,0.0436137,0.0812555,0.0419907,-0.242081,0.0427505,0.376482,0.465677,0.818321,1.37365,0,0.0717589,0.0717589,0.6,2,0.0139141,-0.0209795,-0.014057,-0.420044,3.77057,3.34269e+07,0.00227467,MARKET_SIDEWAYS,False,False,False,Disc=0.97 10D超額=+7.2% 產業超額=+7.2% outperf10=60% RSaccel=-0.0141 觸發=indep regime=MARKET_SIDEWAYS
8046,南電,電子零組件業,2024-12-27,2024-12-30,125.312,143.659,0.25,119,136.423,0.0503741,0.860137,True,2025-01-02,133,152.473,persist,2,1,2025-01-03,132.33,151.704,,,True,1,2025-01-13,121.196,138.941,HARD_STOP,EXIT,10,1,-0.0756537,-0.0756537,-0.0756537,-0.0328479,0.117207,-0.0304239,0.0773067,-0.0304239,0.056,-0.0841362,0.0579612,-0.0856193,6.75,0,,DISCOVERY,2024,0.960437,-0.00823045,0.0246914,0.0949868,0.0686695,-0.126316,0.0381526,1.01201,0.358329,1.28216,1.73891,-0.00314527,0.177774,0.174629,0.8,1,0.000134924,-0.00695916,0.00799065,-0.49503,4.84211,2.94509e+08,0.00123629,MARKET_SIDEWAYS,False,False,False,Disc=0.96 10D超額=+17.5% 產業超額=+17.8% outperf10=80% RSaccel=+0.0080 觸發=indep regime=MARKET_SIDEWAYS
8054,安國,半導體業,2023-09-22,2023-09-25,39.0975,41.7583,0.25,36.35,38.8238,0.070273,0.872621,False,,,,,,0,,,,,,False,0.25,2023-09-26,37.1569,39.6856,F3_RS_FAILURE,FAILED_PROBE,2,0.25,-0.013506,-0.013506,-0.0540238,-0.0496355,0.00901592,-0.0434171,0.00901592,-0.0434171,,,,,0.25,0,,DISCOVERY,2023,0.952599,-0.0107239,0.0241287,0.101103,0.224359,0.114216,0.0402954,0.951672,0.401348,1.15669,2.54378,0.00706937,0.135407,0.142476,0.7,1,0.0031205,-0.00784421,-0.00178656,-0.0438048,4.45012,7.05947e+07,0.00170439,MARKET_SIDEWAYS,False,False,False,Disc=0.95 10D超額=+14.2% 產業超額=+13.5% outperf10=70% RSaccel=-0.0018 觸發=indep regime=MARKET_SIDEWAYS
8054,安國,半導體業,2023-11-27,2023-11-28,84.1098,89.8338,0.25,79.2,84.5899,0.0583732,0.811382,True,2023-11-30,95.2,101.679,persist,2,1,2023-12-01,96.4405,103.004,,,True,1,2024-03-01,165.585,176.854,TREND_FAILURE_MA20x2,EXIT,60,1,0.773639,0.773639,0.773639,0.968678,1.66319,-0.0096273,0.188923,-0.0096273,0.146603,0.716965,1.32268,-0.115517,56.75,0,,DISCOVERY,2023,0.986823,0.0207824,0.0146699,0.234109,0.45614,1.48876,0.0668675,0.872198,0.649389,1.23684,2.26804,0.0516192,0.246049,0.297668,0.7,4,0.0105404,0.0156952,-0.00412791,-0.102703,5.40541,9.32828e+08,-0.00867683,MARKET_UP,False,False,True,Disc=0.99 10D超額=+29.8% 產業超額=+24.6% outperf10=70% RSaccel=-0.0041 觸發=indep regime=MARKET_UP
8068,全達,電子通路業,2023-11-29,2023-11-30,40.1501,41.3685,0.25,37,38.1228,0.0784586,0.78821,False,,,,,,0,,,,,,False,0.25,2023-12-01,38.5035,39.6719,F3_RS_FAILURE,FAILED_PROBE,2,0.25,-0.0113549,-0.0113549,-0.0454194,-0.0410117,0.00497819,-0.0498162,0.00497819,-0.0498162,,,,,0.25,0,,DISCOVERY,2023,0.974286,0.00649351,0.0363636,0.131514,0.225806,0.371134,0.0457393,0.89104,0.715069,1.94844,1.79966,0.011855,0.194213,0.206068,0.7,3,-0.0109644,0.0133196,0.00526352,-0.190669,4.52055,9.45263e+07,0.00169019,MARKET_UP,False,False,False,Disc=0.97 10D超額=+20.6% 產業超額=+19.4% outperf10=70% RSaccel=+0.0053 觸發=indep regime=MARKET_UP
8070,長華*,電子通路業,2024-05-17,2024-05-20,50.0248,59.5112,0.25,47.15,56.0913,0.0574666,0.74738,False,,,,,,0,,,,,,False,0.25,2024-05-24,48.6281,57.8498,F2_STRUCTURE,FAILED_PROBE,5,0.25,-0.00808896,-0.00808896,-0.0323559,-0.0279187,0.0774667,-0.0194854,0.0774667,-0.0194854,,,,,1,0,,DISCOVERY,2024,0.961672,0.0392365,0.0434783,0.094793,0.198538,0.28125,0.0329559,0.825372,0.485401,1.16018,1.79325,-0.0426577,0.102622,0.0599645,0.6,1,0.00563388,-0.00516864,-0.0046863,-0.0352941,4.37885,2.41141e+08,-0.00214934,MARKET_SIDEWAYS,False,False,False,Disc=0.96 10D超額=+6.0% 產業超額=+10.3% outperf10=60% RSaccel=-0.0047 觸發=indep regime=MARKET_SIDEWAYS
8076,伍豐,電腦及週邊設備業,2023-10-13,2023-10-16,33.9848,39.2859,0.25,32.3,37.3384,0.0495737,0.857241,False,,,,,,0,,,,,,False,0.25,2023-10-18,32.2193,37.245,F1_PROBE_LOW,FAILED_PROBE,3,0.25,-0.0140832,-0.0140832,-0.0563328,-0.0519497,0,-0.0407462,0,-0.0407462,,,,,0.5,0,,DISCOVERY,2023,0.961479,-0.0015083,0.0241327,0.064764,0.035061,-0.0467846,0.0221965,0.941208,0.220327,3.2418,1.92506,-0.00348937,0.0675313,0.064042,0.6,1,0.0013563,0.00274574,0.00940958,-0.13658,4.64455,3.36652e+07,-0.00257579,MARKET_SIDEWAYS,False,False,False,Disc=0.96 10D超額=+6.4% 產業超額=+6.8% outperf10=60% RSaccel=+0.0094 觸發=indep regime=MARKET_SIDEWAYS
8081,致新,電子工業,2023-09-13,2023-09-14,270.174,331.341,0.25,249.5,305.986,0.0765202,0.952324,True,2023-09-18,283.5,347.684,persist,2,1,2023-09-19,286.214,351.012,,,True,1,2023-09-21,264.836,324.795,HARD_STOP,EXIT,6,1,-0.0653199,-0.0653199,-0.0653199,-0.0197559,0.0733833,-0.0172991,0.0733833,-0.0172991,0.0593692,-0.0746907,0.00798791,-0.0863472,2.75,0,,DISCOVERY,2023,0.972093,0.00384615,0.0307692,0.123454,0.183223,0.410226,0.0290512,0.703532,0.23837,1.67649,1.78811,0.0154402,0.163138,0.178578,1,3,0.0106099,0.0109805,0.00736503,0,5.07339,1.96024e+08,0.000530993,MARKET_SIDEWAYS,False,False,False,Disc=0.97 10D超額=+17.9% 產業超額=+16.3% outperf10=100% RSaccel=+0.0074 觸發=indep regime=MARKET_SIDEWAYS
8086,宏捷科,半導體業,2023-04-06,2023-04-07,88.9218,94.0037,0.25,85.1,89.9636,0.0429788,0.885876,True,2023-04-11,93.7,99.0551,persist,2,1,2023-04-12,93.9342,99.3027,,,True,1,2023-04-25,87.8798,92.9022,HARD_STOP,EXIT,13,1,-0.0556551,-0.0556551,-0.0556551,-0.0117181,0.0728534,-0.00924127,0.0717288,-0.00924127,0.0563698,-0.0644546,0.015604,-0.116403,9.75,0,,DISCOVERY,2023,0.979367,0,0.0206422,0.119638,0.12232,0.314623,0.0371589,1.14476,0.379551,1.06889,2.60401,-0.00224873,0.128263,0.126015,0.7,2,-0.00054474,0.00631059,0.00904395,-0.104637,4.05184,2.9889e+08,-0.0036104,MARKET_SIDEWAYS,False,False,False,Disc=0.98 10D超額=+12.6% 產業超額=+12.8% outperf10=70% RSaccel=+0.0090 觸發=indep regime=MARKET_SIDEWAYS
8086,宏捷科,半導體業,2023-07-10,2023-07-11,100.751,106.509,0.25,92.1,97.3636,0.0858674,0.885673,False,,,,,,0,,,,,,False,0.25,2023-07-14,98.7525,104.396,F3_RS_FAILURE,FAILED_PROBE,4,0.25,-0.00607346,-0.00607346,-0.0242938,-0.0198385,0.037208,-0.0352477,0.037208,-0.0352477,,,,,0.75,0,,DISCOVERY,2023,0.96319,0.0114108,0.036307,0.0974404,0.108768,0.0695931,0.036036,1.14392,0.416277,1.9502,2.59292,0.0195255,0.161889,0.181415,0.9,2,-0.000608335,0.00421609,0.0212784,-0.0253659,4.72222,3.31778e+08,-0.000684701,MARKET_SIDEWAYS,False,False,False,Disc=0.96 10D超額=+18.1% 產業超額=+16.2% outperf10=90% RSaccel=+0.0213 觸發=indep regime=MARKET_SIDEWAYS
8088,品安,半導體業,2025-06-05,2025-06-06,35.689,45.236,0.25,33.05,41.891,0.0739444,0.70408,False,,,,,,0,,,,,,False,0.25,2025-06-16,35.6108,45.1368,F2_STRUCTURE,FAILED_PROBE,7,0.25,-0.00167191,-0.00167191,-0.00668763,-0.00219256,0.136204,-0.0305136,0.136204,-0.0305136,,,,,1.5,0,,STRICT_OOS,2025,0.97006,0.00728863,0.0422741,0.0553506,0.156958,0.391051,0.0559441,1.04033,0.629023,1.90973,1.21268,-0.00961466,0.0624052,0.0527905,0.5,2,-0.00380107,0.00289936,0.00237291,-0.170053,2.125,4.89442e+08,0.00260615,MARKET_UP,False,False,False,Disc=0.97 10D超額=+5.3% 產業超額=+6.2% outperf10=50% RSaccel=+0.0024 觸發=indep regime=MARKET_UP
8089,康全電訊,通信網路業,2025-02-27,2025-03-03,70.3755,82.1096,0.25,66.5,77.5879,0.0550689,0.684899,False,,,,,,0,,,,,,False,0.25,2025-03-10,66.3337,77.3939,F1_PROBE_LOW,FAILED_PROBE,6,0.25,-0.0154505,-0.0154505,-0.061802,-0.0574312,0.0344509,-0.0167033,0.0344509,-0.0167033,,,,,1.25,0,,STRICT_OOS,2025,0.969128,0.00884956,0.0545723,0.0587887,0.0113154,-0.302439,0.0404595,0.44359,0.568679,2.1187,0.863733,-0.0130606,0.146793,0.133732,0.5,2,9.48872e-05,-0.00720675,0.0168905,-0.516892,3.49136,6.69345e+07,-0.0149287,MARKET_SIDEWAYS,False,False,False,Disc=0.97 10D超額=+13.4% 產業超額=+14.7% outperf10=50% RSaccel=+0.0169 觸發=indep regime=MARKET_SIDEWAYS
8091,翔名,電子零組件業,2025-09-08,2025-09-09,122.806,168.238,0.25,113.5,155.489,0.0757799,0.827763,False,,,,,,0,,,,,,False,0.25,2025-09-11,118.703,162.616,F3_RS_FAILURE,FAILED_PROBE,3,0.25,-0.00946032,-0.00946032,-0.0378413,-0.0334165,0,-0.0391369,0,-0.0391369,,,,,0.5,0,,STRICT_OOS,2025,0.964331,0.00862069,0.0431034,0.129522,0.19802,0.152381,0.0368949,0.969786,0.499867,2.47678,1.38344,0.0255487,0.155448,0.180997,0.9,2,0.00410181,-0.000698388,0.00638157,-0.25593,4.592,3.4194e+07,0.00215558,MARKET_SIDEWAYS,False,False,False,Disc=0.96 10D超額=+18.1% 產業超額=+15.5% outperf10=90% RSaccel=+0.0064 觸發=indep regime=MARKET_SIDEWAYS
8097,常珵,通信網路業,2024-12-13,2024-12-16,96.9417,120.504,0.25,88.4,109.886,0.0881122,0.934156,False,,,,,,0,,,,,,False,0.25,2024-12-17,89.1765,110.851,F3_RS_FAILURE,FAILED_PROBE,2,0.25,-0.0211055,-0.0211055,-0.084422,-0.0801022,0,-0.0850175,0,-0.0850175,,,,,0.25,0,,DISCOVERY,2024,0.986523,-0.0172228,0.0279871,0.126844,0.179012,0.540323,0.040015,0.601162,0.340804,1.19931,1.8833,-0.0299963,0.17788,0.147883,0.5,2,0.0253502,0.00443482,0.0122265,-0.0154639,4.50093,1.82042e+08,-0.00114202,MARKET_SIDEWAYS,False,False,False,Disc=0.99 10D超額=+14.8% 產業超額=+17.8% outperf10=50% RSaccel=+0.0122 觸發=indep regime=MARKET_SIDEWAYS
8099,大世科,資訊服務業,2024-06-04,2024-06-05,79.6987,88.8694,0.25,73.3,81.7344,0.0802867,0.685276,True,2024-06-13,89.9,100.244,persist,5,1,2024-06-14,91.5282,102.06,,,True,1,2024-07-12,100.249,113.628,MFE_PROTECTION,EXIT,27,1,0.149809,0.149809,0.149809,0.278595,0.562393,-0.0464091,0.127998,-0.0464091,0.148428,0.113344,0.360462,-0.0330854,21.5,0,,DISCOVERY,2024,0.985699,0.0216216,0.0743243,0.140684,0.184799,0.327212,0.0439353,0.296045,0.64868,3.30727,3.62645,0.0464988,0.110137,0.156636,0.5,3,0.0275378,-0.011976,-0.00405982,-0.0914286,5.86912,4.79726e+07,-0.0083643,MARKET_SIDEWAYS,False,False,False,Disc=0.99 10D超額=+15.7% 產業超額=+11.0% outperf10=50% RSaccel=-0.0041 觸發=indep regime=MARKET_SIDEWAYS
8103,瀚荃,電子零組件業,2024-06-21,2024-06-24,59.6487,68.652,0.25,54.8,63.0714,0.0812883,0.82342,False,,,,,,0,,,,,,False,0.25,2024-07-22,71.5207,82.316,PROBE_MAX_LIFE,FAILED_PROBE,21,0.25,0.048521,0.048521,0.194084,0.199032,0.398185,-0.0460823,0.398185,-0.0460823,,,,,5,0,,DISCOVERY,2024,0.951381,0,0.0258621,0.16228,0.334081,0.286486,0.0466387,0.742543,0.393123,1.25797,2.2043,-0.025052,0.183897,0.158845,0.7,2,0.00570547,-0.00291289,-0.0150209,-0.0309446,4.82883,1.78393e+08,-0.00652437,MARKET_UP,False,False,False,Disc=0.95 10D超額=+15.9% 產業超額=+18.4% outperf10=70% RSaccel=-0.0150 觸發=indep regime=MARKET_UP
8110,華東,電子工業,2024-01-24,2024-01-25,15.7393,16.2335,0.25,14.4,14.8522,0.0850898,0.86884,False,,,,,,0,,,,,,False,0.25,2024-02-02,15.561,16.0497,F2_STRUCTURE,FAILED_PROBE,7,0.25,-0.00394992,-0.00394992,-0.0157997,-0.0113252,0.0801023,-0.0215544,0.0801023,-0.0215544,,,,,1.5,0,,DISCOVERY,2024,0.971056,0.0100671,0.0402685,0.0651091,0.00649348,0.0402685,0.0239631,0.846763,0.307213,3.96667,1.4464,-0.00426439,0.0879212,0.0836568,0.7,2,-0.0100601,0.000350867,0.0149182,-0.0935672,4.44231,4.47194e+07,6.93722e-05,MARKET_SIDEWAYS,False,False,False,Disc=0.97 10D超額=+8.4% 產業超額=+8.8% outperf10=70% RSaccel=+0.0149 觸發=indep regime=MARKET_SIDEWAYS
8111,立碁,光電業,2024-11-29,2024-12-02,40.1501,50.9281,0.25,38,48.2008,0.0535521,0.734607,False,,,,,,0,,,,,,False,0.25,2024-12-03,39.102,49.5986,F3_RS_FAILURE,FAILED_PROBE,2,0.25,-0.0076366,-0.0076366,-0.0305464,-0.0261051,0.00373287,-0.0323816,0.00373287,-0.0323816,,,,,0.25,0,,DISCOVERY,2024,0.961538,0.00652742,0.0300261,0.00426398,-0.068477,0.319398,0.0475285,0.792371,0.505099,0.618278,0.700491,-0.0104465,0.109433,0.0989863,0.6,2,0.0265074,-0.00098562,0.007909,-0.207831,2.50667,2.95952e+08,-0.00163237,MARKET_SIDEWAYS,False,False,False,Disc=0.96 10D超額=+9.9% 產業超額=+10.9% outperf10=60% RSaccel=+0.0079 觸發=indep regime=MARKET_SIDEWAYS
8111,立碁,光電業,2025-11-04,2025-11-05,58.0447,74.913,0.25,57,73.5647,0.017999,0.841783,True,2025-11-12,65.8,84.922,persist,5,1,2025-11-13,65.9645,85.1343,,,True,1,2025-11-21,60.9472,78.659,HARD_STOP,EXIT,13,1,-0.0489435,-0.0489435,-0.0489435,0.0500045,0.274878,-0.0128306,0.223194,-0.0128306,0.136442,-0.0760598,0.121816,-0.120739,7.5,0,,STRICT_OOS,2025,0.979536,-0.00171527,0.0274443,0.0882006,0.0990826,0.244029,0.0467446,0.986066,0.449352,1.77908,2.63678,-0.0722893,0.143949,0.0716593,0.5,2,0.00545079,-0.00247002,0.0163571,-0.140384,4.25,2.95924e+08,-0.00769484,MARKET_UP,False,False,False,Disc=0.98 10D超額=+7.2% 產業超額=+14.4% outperf10=50% RSaccel=+0.0164 觸發=indep regime=MARKET_UP
8112,至上,電子通路業,2023-08-11,2023-08-14,51.6288,63.3448,0.25,48.7,59.7514,0.0567271,0.914716,False,,,,,,0,,,,,,False,0.25,2023-08-15,47.0304,59.602,F1_PROBE_LOW,FAILED_PROBE,2,0.25,-0.0158631,-0.0158631,-0.0634524,-0.0590853,0,-0.0412319,0,-0.0412319,,,,,0.25,0,,DISCOVERY,2023,0.953342,0.00506586,0.0374873,0.0546915,0.167617,0.261497,0.0274833,0.584366,0.336833,3.09613,1.49751,0.00519442,0.0704973,0.0756917,0.7,1,0.00924072,0.00240025,0.015679,-0.00967118,3.69543,3.63079e+08,-0.00201086,MARKET_SIDEWAYS,False,False,False,Disc=0.95 10D超額=+7.6% 產業超額=+7.0% outperf10=70% RSaccel=+0.0157 觸發=indep regime=MARKET_SIDEWAYS
8114,振樺電,電腦及週邊設備業,2024-09-11,2024-09-12,193.482,222.195,0.25,178.5,204.989,0.077436,0.794598,False,,,,,,0,,,,,,False,0.25,2024-09-13,187.53,215.359,F3_RS_FAILURE,FAILED_PROBE,2,0.25,-0.00879896,-0.00879896,-0.0351958,-0.0307651,0,-0.0309201,0,-0.0309201,,,,,0.25,0,,DISCOVERY,2024,0.965206,0,0.0384615,0.0224506,-0.015625,0.245996,0.0364701,0.768478,0.320937,1.7514,1.22868,-0.0184957,0.119703,0.101207,0.8,2,0.0158282,-0.00126612,0.0086042,-0.0780488,3.04663,7.82275e+07,-0.00157045,MARKET_SIDEWAYS,False,False,False,Disc=0.97 10D超額=+10.1% 產業超額=+12.0% outperf10=80% RSaccel=+0.0086 觸發=indep regime=MARKET_SIDEWAYS
8114,振樺電,電腦及週邊設備業,2024-11-20,2024-11-21,272.68,313.145,0.25,266,305.473,0.0244976,0.825381,True,2024-11-25,313.5,360.022,persist,2,1,2024-11-26,311.777,358.044,,,True,1,2025-01-14,344.138,395.206,TREND_FAILURE_MA20x2,EXIT,38,1,0.138535,0.138535,0.138535,0.262056,0.400909,-0.0134957,0.164368,-0.0134957,0.143382,0.103792,0.225233,-0.0425865,34.75,0,,DISCOVERY,2024,0.996149,0.00747664,0.0242991,0.187304,0.25977,0.473118,0.0477059,0.700684,0.601546,0.816504,2.19989,0.0232771,0.329605,0.352883,0.7,4,0.0188865,-0.0028428,-0.0109559,-0.0214286,5.6612,3.10472e+08,-0.00702181,MARKET_SIDEWAYS,False,False,False,Disc=1.00 10D超額=+35.3% 產業超額=+33.0% outperf10=70% RSaccel=-0.0110 觸發=indep regime=MARKET_SIDEWAYS
8147,正淩,電子零組件業,2024-06-07,2024-06-11,132.33,141.726,0.25,121.5,130.127,0.0818408,0.655682,False,,,,,,0,,,,,,False,0.25,2024-06-12,125.186,134.075,F2_STRUCTURE,FAILED_PROBE,2,0.25,-0.0145907,-0.0145907,-0.0583629,-0.0539844,0,-0.0705056,0,-0.0705056,,,,,0.25,0,,DISCOVERY,2024,0.965556,-0.00793651,0.0396825,0.142608,0.253588,-0.0260223,0.0613413,1.22177,0.71473,0.819595,1.68614,0.000256766,0.145447,0.145704,0.5,2,-0.0164535,0.0072496,-0.0235383,-0.120805,3.42222,2.50053e+08,-0.00202349,MARKET_UP,False,False,False,Disc=0.97 10D超額=+14.6% 產業超額=+14.5% outperf10=50% RSaccel=-0.0235 觸發=indep regime=MARKET_UP
8147,正淩,電子零組件業,2024-12-31,2025-01-02,114.285,124.666,0.25,111.5,121.628,0.0243689,0.779638,False,,,,,,0,,,,,,False,0.25,2025-01-02,111.221,121.324,F1_PROBE_LOW,FAILED_PROBE,1,0.25,-0.00781191,-0.00781191,-0.0312476,-0.0268079,0,0,,,,,,,0,0,,STRICT_OOS,2025,0.982313,-0.0132743,0.0176991,0.0785463,0.036036,-0.0456431,0.0438509,1.04789,0.502169,0.948326,2.68772,0.0141022,0.10166,0.115762,0.5,2,0.00717715,-0.00481341,0.0244715,-0.296636,4.77904,4.08327e+07,-0.00668817,MARKET_SIDEWAYS,False,False,False,Disc=0.98 10D超額=+11.6% 產業超額=+10.2% outperf10=50% RSaccel=+0.0245 觸發=indep regime=MARKET_SIDEWAYS
8150,南茂,電子工業,2025-09-15,2025-09-16,28.2204,37.547,0.25,26.75,35.5907,0.0521033,0.814369,True,2025-09-19,29.7,39.5156,persist,3,1,2025-09-22,29.7742,39.6144,,,True,1,2025-12-17,44.1893,58.7935,TREND_FAILURE_MA20x2,EXIT,63,1,0.498938,0.498938,0.498938,0.565863,0.821379,-0.0148962,0.0736923,-0.0148962,0.0550622,0.484143,0.726324,-0.0327212,59,0,,STRICT_OOS,2025,0.951531,0.010989,0.025641,0.106064,0.166667,0.0612789,0.0304847,1.05431,0.426339,1.03861,0.903299,-0.041084,0.154351,0.113267,0.6,2,0.0100004,-0.00903323,-0.0079943,-0.234214,5.09623,1.00284e+08,-0.00461165,MARKET_SIDEWAYS,False,False,False,Disc=0.95 10D超額=+11.3% 產業超額=+15.4% outperf10=60% RSaccel=-0.0080 觸發=indep regime=MARKET_SIDEWAYS
8150,南茂,電子工業,2026-01-15,2026-01-16,62.6562,83.3637,0.25,57.5,76.5034,0.0822943,0.787614,True,2026-01-20,71.7,95.3964,persist,2,1,2026-01-21,72.18,96.035,,,True,1,2026-01-30,61.2465,81.4881,HARD_STOP,EXIT,11,1,-0.123463,-0.123463,-0.123463,-0.0224997,0.179451,-0.0200499,0.179451,-0.0200499,0.152,-0.151475,0.00997506,-0.181214,7.75,0,,STRICT_OOS,2026,0.98679,-0.00673401,0.037037,0.21553,0.406393,0.898305,0.0642393,0.656477,0.492686,1.25779,2.11162,0.0094816,0.233218,0.2427,0.6,2,0.0147756,-0.00291729,-0.00437995,-0.0268562,4.16967,2.69647e+09,-0.00424022,MARKET_UP,False,False,False,Disc=0.99 10D超額=+24.3% 產業超額=+23.3% outperf10=60% RSaccel=-0.0044 觸發=indep regime=MARKET_UP
8155,博智,電子零組件業,2023-07-18,2023-07-19,187.467,208.906,0.25,173.5,193.341,0.0745063,0.806038,False,,,,,,0,,,,,,False,0.25,2023-07-21,173.565,193.414,F3_RS_FAILURE,FAILED_PROBE,3,0.25,-0.0196232,-0.0196232,-0.0784927,-0.0741595,0.00550762,-0.0558363,0.00550762,-0.0558363,,,,,0.5,0,,DISCOVERY,2023,0.986536,0.0342857,0.0457143,0.211921,0.316547,0.165605,0.0458626,1.23782,0.551772,2.87626,2.97911,0.00323572,0.271401,0.274637,0.9,2,-0.0139768,0.0096441,-0.0117395,-0.0518135,6.13617,5.70073e+08,-0.00613697,MARKET_SIDEWAYS,False,False,False,Disc=0.99 10D超額=+27.5% 產業超額=+27.1% outperf10=90% RSaccel=-0.0117 觸發=indep regime=MARKET_SIDEWAYS
8155,博智,電子零組件業,2023-12-12,2023-12-13,165.914,193.134,0.25,159.5,185.668,0.0386571,0.841327,False,,,,,,0,,,,,,False,0.25,2023-12-18,159.101,185.204,F1_PROBE_LOW,FAILED_PROBE,4,0.25,-0.011367,-0.011367,-0.0454681,-0.0410605,0.0246288,-0.0205754,0.0246288,-0.0205754,,,,,0.75,0,,DISCOVERY,2023,0.971429,0.00931677,0.0279503,0.138827,0.258555,0.0711974,0.0461804,1.42549,0.439936,0.97128,2.12664,-0.000247586,0.224423,0.224176,0.7,3,-0.0059137,-0.00151392,-0.00433549,-0.10424,4.64486,3.5023e+08,0.00185379,MARKET_UP,False,False,False,Disc=0.97 10D超額=+22.4% 產業超額=+22.4% outperf10=70% RSaccel=-0.0043 觸發=indep regime=MARKET_UP
8155,博智,電子零組件業,2024-10-17,2024-10-18,149.373,178.337,0.25,141,168.341,0.0560512,0.876454,False,,,,,,0,,,,,,False,0.25,2024-10-25,147.131,175.661,F4_TIME_5D,FAILED_PROBE,6,0.25,-0.00486767,-0.00486767,-0.0194707,-0.0150044,0.0577583,-0.0259251,0.0577583,-0.0259251,,,,,1.25,0,,DISCOVERY,2024,0.961395,0.0140845,0.0387324,0.0989011,0.161417,0.0278746,0.0324455,0.900274,0.398253,3.21216,2.20057,-0.029531,0.118171,0.0886396,0.5,1,0.000781293,-0.00364497,0.0167539,-0.110106,4.38806,9.09302e+07,0.00186259,MARKET_UP,False,False,False,Disc=0.96 10D超額=+8.9% 產業超額=+11.8% outperf10=50% RSaccel=+0.0168 觸發=indep regime=MARKET_UP
8155,博智,電子零組件業,2025-03-10,2025-03-11,133.333,161.842,0.25,128.5,155.976,0.036244,0.846572,False,,,,,,0,,,,,,False,0.25,2025-03-11,128.179,155.586,F1_PROBE_LOW,FAILED_PROBE,1,0.25,-0.0107666,-0.0107666,-0.0430664,-0.0386534,0,0,,,,,,,0,0,,STRICT_OOS,2025,0.950993,0.011236,0.0224719,0.11322,0.186125,0.181078,0.0357507,1.04478,0.488269,1.80975,2.46492,0.0166969,0.169738,0.186435,0.5,2,-0.00143949,0.0103327,0.0284,-0.145135,5.63528,1.26901e+08,-0.00517894,MARKET_DOWN,False,False,False,Disc=0.95 10D超額=+18.6% 產業超額=+17.0% outperf10=50% RSaccel=+0.0284 觸發=indep regime=MARKET_DOWN
8171,天宇,通信網路業,2023-02-15,2023-02-16,64.16,66.4288,0.25,59.6,61.7076,0.0710723,0.858416,False,,,,,,0,,,,,,False,0.25,2023-02-23,64.0395,66.3041,F4_TIME_5D,FAILED_PROBE,6,0.25,-0.00159347,-0.00159347,-0.00637388,-0.00187811,0.045823,-0.0476933,0.045823,-0.0476933,,,,,1.25,0,,DISCOVERY,2023,0.966667,-0.00486224,0.0324149,0.0974244,0.117544,0.527578,0.0424983,0.7779,0.353671,1.57725,0.943462,0.0172597,0.0670917,0.0843514,0.6,3,0.0214606,-0.0122747,0.00866632,-0.0333839,3.32454,3.73887e+08,-0.0141551,MARKET_UP,False,False,False,Disc=0.97 10D超額=+8.4% 產業超額=+6.7% outperf10=60% RSaccel=+0.0087 觸發=indep regime=MARKET_UP
8210,勤誠,電腦及週邊設備業,2025-05-08,2025-05-09,286.715,314.009,0.25,254,278.18,0.114103,0.831098,False,,,,,,0,,,,,,False,0.25,2025-06-09,333.165,364.881,PROBE_MAX_LIFE,FAILED_PROBE,21,0.25,0.0392858,0.0392858,0.157143,0.162008,0.203285,-0.0199327,0.203285,-0.0199327,,,,,5,0,,STRICT_OOS,2025,0.97432,0.024952,0.0441459,0.14082,0.454545,0.0322581,0.0433298,1.25067,0.670705,1.13764,0.932731,0.0409001,0.0829486,0.123849,0.6,2,-0.00989108,0.0115182,0.0058443,-0.20363,3.86061,2.58707e+08,-0.000150391,MARKET_UP,False,False,False,Disc=0.97 10D超額=+12.4% 產業超額=+8.3% outperf10=60% RSaccel=+0.0058 觸發=indep regime=MARKET_UP
8210,勤誠,電腦及週邊設備業,2025-07-08,2025-07-09,521.3,579.527,0.25,486.5,540.84,0.0667562,0.912573,False,,,,,,0,,,,,,False,0.25,2025-07-25,532.665,592.161,F3_RS_FAILURE,FAILED_PROBE,13,0.25,0.00431305,0.00431305,0.0172522,0.0218013,0.0588912,-0.0274314,0.0588912,-0.0274314,,,,,3,0,,STRICT_OOS,2025,0.961656,-0.00798403,0.0479042,0.13864,0.460023,1.36848,0.0425654,1.27683,0.552753,1.24069,0.821596,-0.0120789,0.123815,0.111736,0.7,1,0.00642544,0.0183606,0.00288755,-0.00379507,2.30458,2.30733e+09,-0.00296272,MARKET_SIDEWAYS,False,False,False,Disc=0.96 10D超額=+11.2% 產業超額=+12.4% outperf10=70% RSaccel=+0.0029 觸發=indep regime=MARKET_SIDEWAYS
8215,明基材,電子工業,2024-11-11,2024-11-12,34.2855,40.0789,0.25,32.4,37.8748,0.0549941,0.822197,False,,,,,,0,,,,,,False,0.25,2024-11-18,33.4163,39.0627,F2_STRUCTURE,FAILED_PROBE,5,0.25,-0.00744906,-0.00744906,-0.0297962,-0.0253533,0.000422919,-0.0549941,0.000422919,-0.0549941,,,,,1,0,,DISCOVERY,2024,0.96124,0.00895522,0.0298507,0.0556916,0.0969793,0.2,0.0269151,0.747364,0.328867,2.99014,1.62983,-0.0315281,0.0951964,0.0636683,0.5,2,0.0214272,-0.00287489,0.00923374,-0.0573918,4.2,3.5248e+07,-0.00102955,MARKET_SIDEWAYS,False,False,False,Disc=0.96 10D超額=+6.4% 產業超額=+9.5% outperf10=50% RSaccel=+0.0092 觸發=indep regime=MARKET_SIDEWAYS
8222,寶一,電機機械,2024-04-01,2024-04-02,49.6237,49.6237,0.25,47.05,47.05,0.0518653,0.771754,False,,,,,,0,,,,,,False,0.25,2024-04-08,46.9324,46.9324,F1_PROBE_LOW,FAILED_PROBE,3,0.25,-0.0146534,-0.0146534,-0.0586136,-0.0542357,0.00355173,-0.042797,0.00355173,-0.042797,,,,,0.5,0,,DISCOVERY,2024,0.956069,0.00318471,0.0477707,0.0978865,0.0775109,0.0488842,0.0353163,0.670038,0.410301,1.83825,2.8031,0.0512719,0.0805111,0.131783,0.5,2,-0.00642532,-0.0213786,0.00258315,-0.290948,4.64754,1.28087e+08,-0.00355368,MARKET_UP,False,False,False,Disc=0.96 10D超額=+13.2% 產業超額=+8.1% outperf10=50% RSaccel=+0.0026 觸發=indep regime=MARKET_UP
8222,寶一,電機機械,2025-04-22,2025-04-23,58.4458,58.8569,0.25,52.3,52.6679,0.105153,0.708133,False,,,,,,0,,,,,,False,0.25,2025-05-02,59.5508,59.9696,F3_RS_FAILURE,FAILED_PROBE,7,0.25,0.00359097,0.00359097,0.0143639,0.0189064,0.122408,-0.0196036,0.122408,-0.0196036,,,,,1.5,0,,STRICT_OOS,2025,0.969402,0.011194,0.0429104,0.080402,0.285057,0.550624,0.0964733,0.806097,0.971753,0.839684,0.849839,-0.0108935,0.110828,0.099935,0.6,2,0.0336598,0.00353498,-0.027849,-0.129283,3.46755,2.24261e+09,-0.0163701,MARKET_SIDEWAYS,False,False,False,Disc=0.97 10D超額=+10.0% 產業超額=+11.1% outperf10=60% RSaccel=-0.0278 觸發=indep regime=MARKET_SIDEWAYS
8227,巨有科技,半導體業,2024-12-20,2024-12-23,196.49,130.836,0.25,175,116.527,0.109369,0.844392,False,,,,,,0,,,,,,False,0.25,2024-12-25,187.53,124.87,F3_RS_FAILURE,FAILED_PROBE,3,0.25,-0.0124994,-0.0124994,-0.0499977,-0.0456003,0.0102295,-0.0482976,0.0102295,-0.0482976,,,,,0.5,0,,DISCOVERY,2024,0.971774,0.0166667,0.0555556,0.144578,0.221865,0.0354223,0.0513158,0.93049,0.55756,2.27636,1.70709,-0.00787701,0.210166,0.202289,0.5,1,0.00477224,-0.00654757,0.0165443,-0.567275,2.92308,1.58781e+08,-0.018402,MARKET_SIDEWAYS,False,False,False,Disc=0.97 10D超額=+20.2% 產業超額=+21.0% outperf10=50% RSaccel=+0.0165 觸發=indep regime=MARKET_SIDEWAYS
8240,華宏,光電業,2024-10-21,2024-10-22,46.917,58.585,0.25,43.15,53.8812,0.0802907,0.937732,False,,,,,,0,,,,,,False,0.25,2024-10-29,43.092,53.8088,F2_STRUCTURE,FAILED_PROBE,6,0.25,-0.0214609,-0.0214609,-0.0858435,-0.0815269,0.0827632,-0.0696336,0.0827632,-0.0696336,,,,,1.25,0,,DISCOVERY,2024,0.986369,0.00335946,0.0492721,0.216725,0.406907,0.377941,0.0552676,0.635331,0.510661,2.15018,2.22909,-0.00774768,0.318046,0.310299,0.7,2,0.0256239,-0.00609177,0.00857325,-0.0136842,4.94345,7.4643e+07,0.00235276,MARKET_UP,False,False,False,Disc=0.99 10D超額=+31.0% 產業超額=+31.8% outperf10=70% RSaccel=+0.0086 觸發=indep regime=MARKET_UP
8249,菱光,電子零組件業,2025-05-23,2025-05-26,51.6287,58.1743,0.25,49.65,55.9447,0.0383265,0.752549,False,,,,,,0,,,,,,False,0.25,2025-05-27,49.5259,55.8048,F1_PROBE_LOW,FAILED_PROBE,2,0.25,-0.0112848,-0.0112848,-0.045139,-0.0407307,0.0149384,-0.0141152,0.0149384,-0.0141152,,,,,0.25,0,,STRICT_OOS,2025,0.951542,0.002,0.042,0.0963228,0.234597,-0.14168,0.0356457,1.06678,0.569159,1.99705,1.16737,0.0162964,0.119243,0.135539,0.5,1,-0.00948489,0.00379974,0.00235614,-0.322497,4.22692,1.48571e+08,-0.000863829,MARKET_UP,False,False,False,Disc=0.95 10D超額=+13.6% 產業超額=+11.9% outperf10=50% RSaccel=+0.0024 觸發=indep regime=MARKET_UP
8271,宇瞻,電子工業,2025-09-15,2025-09-16,68.4707,88.0899,0.25,63.6,81.8235,0.0711362,0.800868,False,,,,,,0,,,,,,False,0.25,2025-09-24,68.229,87.7789,F4_TIME_5D,FAILED_PROBE,7,0.25,-0.00200569,-0.00200569,-0.00802277,-0.00353071,0.0515439,-0.0463081,0.0515439,-0.0463081,,,,,1.5,0,,STRICT_OOS,2025,0.959184,0.0445469,0.0583717,0.0823123,0.118506,0.332796,0.0404313,1.01157,0.346515,4.54256,1.85145,-0.0407417,0.098632,0.0578903,0.4,1,0.0105547,-0.0033504,0.0100664,-0.0157143,3.23077,1.54795e+08,-0.00461165,MARKET_SIDEWAYS,False,False,False,Disc=0.96 10D超額=+5.8% 產業超額=+9.9% outperf10=40% RSaccel=+0.0101 觸發=indep regime=MARKET_SIDEWAYS
8271,宇瞻,電子工業,2025-10-08,2025-10-09,77.8942,100.214,0.25,71.4,91.8585,0.0833726,0.902039,True,2025-10-14,93.6,120.419,persist,2,1,2025-10-15,94.9368,122.139,,,True,1,2025-11-05,88.8773,114.344,MFE_PROTECTION,EXIT,18,1,-0.0170919,-0.0170919,-0.0170919,0.140999,0.508455,-0.0217506,0.290211,-0.0217506,0.21879,-0.0638267,0.237666,-0.0751737,14.75,0,,STRICT_OOS,2025,0.954301,-0.00397878,0.0251989,0.118669,0.187404,0.506823,0.0397339,0.689257,0.443808,2.29714,1.46625,-0.0552643,0.110691,0.0554266,0.6,1,0.0114839,-1.41073e-05,0.00629305,-0.00770218,3.8093,4.49641e+08,-0.00544871,MARKET_UP,False,False,False,Disc=0.95 10D超額=+5.5% 產業超額=+11.1% outperf10=60% RSaccel=+0.0063 觸發=indep regime=MARKET_UP
8289,泰藝,電子零組件業,2026-02-10,2026-02-11,27.4184,33.6221,0.25,26.1,32.0054,0.0480836,0.771526,True,2026-02-24,31.05,38.0754,persist,2,1,2026-02-25,32.3807,39.7072,,,True,1,2026-03-10,33.516,41.0993,MFE_PROTECTION,EXIT,12,1,0.0772083,0.0772083,0.0772083,0.222392,0.553703,-0.0316713,0.148865,-0.0316713,0.180987,0.0350594,0.315596,-0.0827884,8.75,0,,STRICT_OOS,2026,0.984281,0.00380952,0.0666666,0.0973937,0.230769,0.352657,0.0635204,0.583569,0.860944,1.00805,2.26596,-0.0362903,0.170916,0.134625,0.5,4,0.00953347,-0.0168812,-0.00656471,-0.0524535,4.66667,3.26272e+07,0,MARKET_UP,False,False,False,Disc=0.98 10D超額=+13.5% 產業超額=+17.1% outperf10=50% RSaccel=-0.0066 觸發=indep regime=MARKET_UP
8299,群聯,半導體業,2023-04-07,2023-04-10,410.022,410.022,0.25,381,381,0.0707827,0.93035,False,,,,,,0,,,,,,False,0.25,2023-04-18,408.975,408.975,F4_TIME_5D,FAILED_PROBE,7,0.25,-0.00176225,-0.00176225,-0.00704899,-0.00255474,0.0365285,-0.0268827,0.0365285,-0.0268827,,,,,1.5,0,,DISCOVERY,2023,0.969613,0,0.0251256,0.115821,0.111717,0.335516,0.0343137,0.914106,0.379689,1.81127,1.88033,0.00386393,0.134403,0.138267,0.8,1,0.00222448,-0.00535059,0.0219577,-0.177419,4.03571,8.92559e+08,0.00162737,MARKET_SIDEWAYS,False,False,False,Disc=0.97 10D超額=+13.8% 產業超額=+13.4% outperf10=80% RSaccel=+0.0220 觸發=indep regime=MARKET_SIDEWAYS
8299,群聯,半導體業,2025-06-05,2025-06-06,528.317,560.825,0.25,492,522.273,0.0687418,0.778181,False,,,,,,0,,,,,,False,0.25,2025-06-16,524.685,556.969,F2_STRUCTURE,FAILED_PROBE,7,0.25,-0.00284003,-0.00284003,-0.0113601,-0.0068756,0.0486119,-0.019529,0.0486119,-0.019529,,,,,1.5,0,,STRICT_OOS,2025,0.959581,0.00587084,0.037182,0.0693569,0.204545,-0.0586146,0.0309299,1.02404,0.345451,1.84395,1.31027,-0.00928231,0.0483591,0.0390768,0.5,2,-0.00796512,-0.00399381,0.00221936,-0.141846,2.65359,1.20952e+09,0.00260615,MARKET_UP,False,False,False,Disc=0.96 10D超額=+3.9% 產業超額=+4.8% outperf10=50% RSaccel=+0.0022 觸發=indep regime=MARKET_UP
8390,金益鼎,綠能環保,2023-05-10,2023-05-11,45.313,43.3601,0.25,43.1,41.2424,0.0488381,0.780402,False,,,,,,0,,,,,,False,0.25,2023-05-16,43.6905,41.8075,F2_STRUCTURE,FAILED_PROBE,4,0.25,-0.0100565,-0.0100565,-0.0402259,-0.0358065,0,-0.0444243,0,-0.0444243,,,,,0.75,0,,DISCOVERY,2023,0.973753,0.0170261,0.0374574,0.077449,0.103865,0.250342,0.036105,0.431072,0.505135,1.61211,2.39875,0.0297727,0.0740669,0.10384,0.6,2,0.0154935,-0.0150513,-0.000769262,-0.0338266,4.09091,7.16361e+07,-0.00546424,MARKET_SIDEWAYS,False,False,False,Disc=0.97 10D超額=+10.4% 產業超額=+7.4% outperf10=60% RSaccel=-0.0008 觸發=indep regime=MARKET_SIDEWAYS
8390,金益鼎,綠能環保,2024-10-30,2024-11-01,79.6988,81.727,0.25,77,78.9596,0.0338618,0.914635,False,,,,,,0,,,,,,False,0.25,2024-11-01,76.8075,78.7622,F1_PROBE_LOW,FAILED_PROBE,1,0.25,-0.0101739,-0.0101739,-0.0406955,-0.0362771,0,0,,,,,,,0,0,,DISCOVERY,2024,0.969427,0.0115979,0.0373711,0.0665077,0.0481771,0.104252,0.0239574,0.668759,0.269249,3.66903,1.67296,-0.00864019,0.127266,0.118626,0.8,3,0.0204585,-0.0190605,0.0176127,-0.100929,4.35556,6.56599e+07,-0.00463043,MARKET_SIDEWAYS,False,False,False,Disc=0.97 10D超額=+11.9% 產業超額=+12.7% outperf10=80% RSaccel=+0.0176 觸發=indep regime=MARKET_SIDEWAYS
8420,明揚,運動休閒,2023-05-09,2023-05-10,95.2375,109.621,0.25,89.6,103.132,0.0591941,0.876035,False,,,,,,0,,,,,,False,0.25,2023-05-17,91.371,105.171,F2_STRUCTURE,FAILED_PROBE,6,0.25,-0.0112518,-0.0112518,-0.0450072,-0.0405985,0.0237564,-0.037144,0.0237564,-0.037144,,,,,1.25,0,,DISCOVERY,2023,0.959477,-0.00539374,0.0237325,0.0676717,0.024838,0.22507,0.0289026,0.563023,0.352857,2.36436,1.39528,-0.000399686,0.111733,0.111333,0.7,1,0.00254644,0.011339,0.0123708,-0.0199441,4.52083,3.5956e+07,0.00179177,MARKET_SIDEWAYS,False,False,False,Disc=0.96 10D超額=+11.1% 產業超額=+11.2% outperf10=70% RSaccel=+0.0124 觸發=indep regime=MARKET_SIDEWAYS
8422,可寧衛*,綠能環保,2024-04-25,2024-04-26,195.487,229.849,0.25,188,221.046,0.0383017,0.783735,False,,,,,,0,,,,,,False,0.25,2024-05-06,192.019,225.771,F4_TIME_5D,FAILED_PROBE,6,0.25,-0.00555105,-0.00555105,-0.0222042,-0.0177441,0,-0.0229554,0,-0.0229554,,,,,1.25,0,,DISCOVERY,2024,0.951501,-0.00262467,0.0236221,0.0618023,0.086351,0.0955056,0.0177656,0.482273,0.235638,2.48261,1.53508,0.0786523,0.0271824,0.105835,0.7,1,0.0187063,-0.00852372,-0.00592287,-0.0561829,4.76289,7.66771e+07,-0.0136262,MARKET_SIDEWAYS,False,True,False,Disc=0.95 10D超額=+10.6% 產業超額=+2.7% outperf10=70% RSaccel=-0.0059 觸發=indep regime=MARKET_SIDEWAYS
8431,匯鑽科,其他電子業,2026-01-07,2026-01-08,77.8942,91.0443,0.25,72.6,84.8563,0.0679672,0.879952,False,,,,,,0,,,,,,False,0.25,2026-01-12,72.4185,84.6441,F1_PROBE_LOW,FAILED_PROBE,3,0.25,-0.0186598,-0.0186598,-0.0746391,-0.0702973,0.0488579,-0.0268858,0.0488579,-0.0268858,,,,,0.5,0,,STRICT_OOS,2026,0.967967,0.027668,0.0289855,0.187381,0.473585,0.934656,0.0657582,0.575222,0.978863,1.51832,1.66341,-0.0394511,0.186236,0.146785,0.6,1,0.00271411,-0.000545333,0.0072846,-0.0163728,3.77747,4.61355e+08,-0.00460585,MARKET_UP,False,False,False,Disc=0.97 10D超額=+14.7% 產業超額=+18.6% outperf10=60% RSaccel=+0.0073 觸發=indep regime=MARKET_UP
8436,大江,生技醫療業,2026-07-24,2026-07-27,117.293,150.79,0.25,113,145.272,0.0365965,0.652877,False,,,,,,0,,,,,,False,0.25,2026-07-29,114.713,147.473,F2_STRUCTURE,FAILED_PROBE,3,0.25,-0.0066117,-0.0066117,-0.0264468,-0.0219963,0,-0.023808,0,-0.023808,,,,,0.5,0,,STRICT_OOS,2026,0.953036,-0.00431034,0.00862069,0.021611,-0.00425532,-0.0168067,0.0265568,0.445553,0.291564,0.772432,0.789308,-0.0496485,0.104517,0.0548686,0.5,1,0.0225499,-0.0202044,-0.00466635,-0.277778,1.93103,8.00164e+07,-0.0266655,MARKET_SIDEWAYS,False,False,False,Disc=0.95 10D超額=+5.5% 產業超額=+10.5% outperf10=50% RSaccel=-0.0047 觸發=indep regime=MARKET_SIDEWAYS
8446,華研,文化創意業,2024-07-31,2024-08-01,116.29,137.115,0.25,110,129.699,0.0540889,0.800048,False,,,,,,0,,,,,,False,0.25,2024-08-05,109.725,129.374,F1_PROBE_LOW,FAILED_PROBE,3,0.25,-0.0152067,-0.0152067,-0.0608267,-0.0564537,0.0233038,-0.0239917,0.0233038,-0.0239917,,,,,0.5,0,,DISCOVERY,2024,0.960042,0,0.0223214,0.044708,0.0801887,0.145,0.025577,0.433904,0.291863,1.08636,0.721743,0.0596905,0.0611223,0.120813,0.7,3,0.0154272,-0.0111218,0.00429657,-0.0213675,3.07317,3.22552e+07,-0.00108983,MARKET_SIDEWAYS,False,False,False,Disc=0.96 10D超額=+12.1% 產業超額=+6.1% outperf10=70% RSaccel=+0.0043 觸發=indep regime=MARKET_SIDEWAYS
8454,富邦媒,貿易百貨,2023-03-27,2023-03-28,922.3,1471.06,0.25,868,1384.46,0.0588746,0.923886,False,,,,,,0,,,,,,False,0.25,2023-04-06,864.832,1379.4,F1_PROBE_LOW,FAILED_PROBE,5,0.25,-0.0166672,-0.0166672,-0.0666687,-0.0623089,0.0278651,-0.0469478,0.0278651,-0.0469478,,,,,1,0,,DISCOVERY,2023,0.966079,0,0.0359147,0.121098,0.183333,0.50817,0.0289429,1.26008,0.347915,1.35308,1.3238,-0.0553737,0.188906,0.133533,0.7,1,0.00697774,0.000764886,0.0116248,-0.00323974,6.1016,6.92334e+08,-0.00530264,MARKET_SIDEWAYS,False,False,False,Disc=0.97 10D超額=+13.4% 產業超額=+18.9% outperf10=70% RSaccel=+0.0116 觸發=indep regime=MARKET_SIDEWAYS
8454,富邦媒,貿易百貨,2024-04-25,2024-04-26,424.559,760.963,0.25,396,709.775,0.0672669,0.794134,False,,,,,,0,,,,,,False,0.25,2024-05-06,422.94,758.061,F4_TIME_5D,FAILED_PROBE,6,0.25,-0.00207605,-0.00207605,-0.0083042,-0.00381278,0.059924,-0.0189815,0.059924,-0.0189815,,,,,1.25,0,,DISCOVERY,2024,0.964203,0.00871731,0.0510585,0.0757759,0.103268,-0.0715071,0.027759,0.478873,0.346024,2.84592,1.79979,0.0542471,0.0426002,0.0968473,0.7,2,0.0162606,-0.0187093,0.0085836,-0.471917,4.35366,4.27839e+08,-0.0136262,MARKET_SIDEWAYS,False,True,False,Disc=0.96 10D超額=+9.7% 產業超額=+4.3% outperf10=70% RSaccel=+0.0086 觸發=indep regime=MARKET_SIDEWAYS
8462,柏文,觀光餐旅,2026-07-14,2026-07-15,168.42,206.465,0.25,155.5,190.627,0.076713,0.963233,False,,,,,,0,,,,,,False,0.25,2026-07-16,161.096,197.487,F3_RS_FAILURE,FAILED_PROBE,2,0.25,-0.0119718,-0.0119718,-0.0478872,-0.043485,0,-0.0499941,0,-0.0499941,,,,,0.25,0,,STRICT_OOS,2026,0.988121,0.003125,0.04375,0.150508,0.20864,0.23843,0.0243798,0.423445,0.284983,4.121,1.89091,-0.0251725,0.20705,0.181877,0.8,4,0.0225868,-0.0182635,0.0108871,-0.00298507,6.50877,3.61779e+07,-0.0141596,MARKET_SIDEWAYS,False,False,False,Disc=0.99 10D超額=+18.2% 產業超額=+20.7% outperf10=80% RSaccel=+0.0109 觸發=indep regime=MARKET_SIDEWAYS
8464,億豐,居家生活,2023-01-04,2023-01-05,300.75,320.427,0.25,287.5,306.31,0.0440565,0.86307,True,2023-01-16,330,351.59,persist,7,1,2023-01-17,330.324,351.935,,,True,1,2023-01-31,309.724,329.988,HARD_STOP,EXIT,11,1,-0.0437244,-0.0437244,-0.0437244,0.0298379,0.108894,-0.0274314,0.105569,-0.0274314,0.0983333,-0.0623631,0.00961557,-0.0615268,4,0,,DISCOVERY,2023,0.982609,0.00340716,0.0187394,0.0527242,0.0755396,0.184158,0.0295031,1.06297,0.355728,0.827376,1.12134,0,0.0891872,0.0891872,0.8,2,-0.000831103,0.00532405,0.00393079,-0.250273,3.34413,1.14073e+08,-0.00175687,MARKET_SIDEWAYS,False,False,False,Disc=0.98 10D超額=+8.9% 產業超額=+8.9% outperf10=80% RSaccel=+0.0039 觸發=indep regime=MARKET_SIDEWAYS
8464,億豐,居家生活,2026-07-27,2026-07-28,381.451,468.811,0.25,359.5,441.832,0.0575467,0.806402,True,2026-07-30,382.5,470.1,persist,2,1,2026-07-31,378.444,465.115,,,True,1,2026-08-13,369.574,454.213,HARD_STOP,EXIT,13,1,-0.0298059,-0.0298059,-0.0298059,-0.0311377,0.0604238,-0.0287094,0.00930329,-0.0287094,-0.00788436,-0.0234381,0.0688511,-0.050057,9.75,0,,STRICT_OOS,2026,0.953434,0.0175676,0.0243243,0.0442929,0.0813124,0.0782361,0.0251602,0.471324,0.362947,0.864454,0.569851,0,0.0683732,0.0683732,0.7,2,0.0219209,-0.0214512,0.0110407,-0.216786,3.0412,2.426e+08,-0.000473029,MARKET_SIDEWAYS,False,False,False,Disc=0.95 10D超額=+6.8% 產業超額=+6.8% outperf10=70% RSaccel=+0.0110 觸發=indep regime=MARKET_SIDEWAYS
8476,台境,綠能環保,2026-07-23,2026-07-24,24.2605,62.2214,0.25,23.2,59.5015,0.043713,0.757885,False,,,,,,0,,,,,,False,0.25,2026-07-24,23.142,59.3527,F1_PROBE_LOW,FAILED_PROBE,1,0.25,-0.012625,-0.012625,-0.0505,-0.0461038,0,0,,,,,,,0,0,,STRICT_OOS,2026,0.976109,0.00215054,0.055914,0.0350873,0.0532968,0.378968,0.0561298,0.438878,0.525957,1.15789,0.854043,-0.0429451,0.0916155,0.0486704,0.6,1,0.0283021,-0.0118007,-0.0158994,-0.018,2.35851,3.63125e+07,0.000558384,MARKET_SIDEWAYS,False,False,False,Disc=0.98 10D超額=+4.9% 產業超額=+9.2% outperf10=60% RSaccel=-0.0159 觸發=indep regime=MARKET_SIDEWAYS
8478,東哥遊艇,運動休閒,2023-10-03,2023-10-04,404.007,427.16,0.25,375.5,397.019,0.0705618,0.782465,False,,,,,,0,,,,,,False,0.25,2023-10-11,374.561,396.027,F1_PROBE_LOW,FAILED_PROBE,4,0.25,-0.0193054,-0.0193054,-0.0772214,-0.0728854,0.0259711,-0.029721,0.0259711,-0.029721,,,,,0.75,0,,DISCOVERY,2023,0.978395,0.00775194,0.0490956,0.0640807,-0.0109622,-0.28668,0.0373856,1.00134,0.423499,2.42052,1.08458,-0.0320025,0.143906,0.111904,0.6,2,-0.0132629,-0.00852754,0.0184217,-0.384848,4.11765,5.56218e+08,-0.00621901,MARKET_SIDEWAYS,False,False,False,Disc=0.98 10D超額=+11.2% 產業超額=+14.4% outperf10=60% RSaccel=+0.0184 觸發=indep regime=MARKET_SIDEWAYS
8499,鼎炫-KY,其他,2025-12-04,2025-12-05,299.747,306.545,0.25,282.5,288.907,0.0575401,0.814112,True,2025-12-09,366,374.3,persist,2,1,2025-12-10,352.88,360.883,,,True,1,2025-12-30,349.125,357.043,MFE_PROTECTION,EXIT,17,1,0.0286271,0.0286271,0.0286271,0.16473,0.367818,-0.0241787,0.2277,-0.0241787,0.177258,-0.010641,0.161868,-0.0492519,13.75,0,,STRICT_OOS,2025,0.98557,0.00352113,0.0492958,0.144503,0.0955882,0.0836364,0.0396692,1.15091,0.579213,1.92049,2.36365,0.0377443,0.162638,0.200382,0.6,2,0.00341238,-0.00481032,2.92469e-05,-0.134978,5.66767,4.24901e+07,9.60672e-05,MARKET_SIDEWAYS,False,False,False,Disc=0.99 10D超額=+20.0% 產業超額=+16.3% outperf10=60% RSaccel=+0.0000 觸發=indep regime=MARKET_SIDEWAYS
8926,台汽電,油電燃氣業,2026-05-20,2026-05-21,60.6513,86.9042,0.25,56.1,80.3829,0.0750396,0.842535,False,,,,,,0,,,,,,False,0.25,2026-05-25,59.85,85.7561,F3_RS_FAILURE,FAILED_PROBE,3,0.25,-0.00442026,-0.00442026,-0.017681,-0.0132108,0.0271841,-0.022279,0.0271841,-0.022279,,,,,0.5,0,,STRICT_OOS,2026,0.951794,0.00701754,0.0508772,0.190263,0.302174,0.42657,0.0490103,0.450201,0.569671,1.33332,2.30701,0,0.309832,0.309832,0.7,3,0.0229099,-0.0172435,-0.00132854,-0.0446571,5.77372,3.77796e+08,-0.0038516,MARKET_SIDEWAYS,False,False,False,Disc=0.95 10D超額=+31.0% 產業超額=+31.0% outperf10=70% RSaccel=-0.0013 觸發=indep regime=MARKET_SIDEWAYS
8927,北基,油電燃氣業,2023-03-03,2023-03-06,44.0599,51.8223,0.25,41.75,49.1054,0.0524259,0.95747,False,,,,,,0,,,,,,False,0.25,2023-03-06,41.6456,48.9827,F1_PROBE_LOW,FAILED_PROBE,1,0.25,-0.0147929,-0.0147929,-0.0591715,-0.0547948,0,0,,,,,,,0,0,,DISCOVERY,2023,0.956076,0.00465116,0.0511628,0.156824,0.267882,0.302594,0.0294722,0.503684,0.265776,2.25737,1.91278,0,0.167244,0.167244,0.9,2,0.0131065,-0.00858431,0.0102424,-0.00330761,5.78016,5.19212e+07,0.000621846,MARKET_SIDEWAYS,False,False,False,Disc=0.96 10D超額=+16.7% 產業超額=+16.7% outperf10=90% RSaccel=+0.0102 觸發=indep regime=MARKET_SIDEWAYS
8927,北基,油電燃氣業,2023-09-01,2023-09-04,59.6487,77.583,0.25,56.5181,73.5111,0.0524841,0.867191,True,2023-09-06,63.8,82.9824,persist,2,1,2023-09-07,63.9595,83.1898,,,True,1,2023-09-08,59.3512,77.1961,HARD_STOP,EXIT,5,1,-0.0596596,-0.0596596,-0.0596596,-0.00498753,0.0779773,-0.00249377,0.0712714,-0.00249377,0.0722689,-0.0720495,0.00532368,-0.0775412,1.75,0,,DISCOVERY,2023,0.983508,0.00786164,0.0220126,0.196998,0.302605,0.322482,0.0313187,0.808911,0.396633,1.336,1.89925,0,0.276153,0.276153,0.7,2,0.0143826,0.00575672,-0.000213419,-0.00459418,7.56491,9.45681e+07,0.00062701,MARKET_SIDEWAYS,False,False,False,Disc=0.98 10D超額=+27.6% 產業超額=+27.6% outperf10=70% RSaccel=-0.0002 觸發=indep regime=MARKET_SIDEWAYS
8927,北基,油電燃氣業,2025-09-25,2025-09-26,38.8469,67.932,0.25,36.9,64.5275,0.0501166,0.741037,False,,,,,,0,,,,,,False,0.25,2025-10-02,36.8078,64.3661,F1_PROBE_LOW,FAILED_PROBE,4,0.25,-0.0142183,-0.0142183,-0.0568732,-0.0524913,0.0168128,-0.0153648,0.0168128,-0.0153648,,,,,0.75,0,,STRICT_OOS,2025,0.972868,0.00402685,0.0389262,0.0415125,-0.0214918,-0.0907625,0.029808,0.586669,0.329195,0.810465,0.698473,0,0.0611713,0.0611713,0.5,2,-0.000439339,-0.011445,0.0183912,-0.334023,4.33437,7.27187e+07,-0.0065993,MARKET_UP,False,False,False,Disc=0.97 10D超額=+6.1% 產業超額=+6.1% outperf10=50% RSaccel=+0.0184 觸發=indep regime=MARKET_UP
8932,智通*,數位雲端,2023-08-02,2023-08-04,72.6813,72.6812,0.25,68.3,68.3,0.0602803,0.91707,False,,,,,,0,,,,,,False,0.25,2023-08-09,70.9222,70.9222,F2_STRUCTURE,FAILED_PROBE,4,0.25,-0.00716178,-0.00716178,-0.0286471,-0.0242016,0.0910654,-0.0245077,0.0910654,-0.0245077,,,,,0.75,0,,DISCOVERY,2023,0.955152,-0.00284495,0.0142248,0.0583346,0.0935583,0.313076,0.0385694,0.674825,0.311978,0.862512,0.837325,0,0.118438,0.118438,0.9,2,-0.000758558,0.00246968,0.00885876,-0.00696375,2.94545,4.49173e+07,-0.0185408,MARKET_SIDEWAYS,False,False,False,Disc=0.96 10D超額=+11.8% 產業超額=+11.8% outperf10=90% RSaccel=+0.0089 觸發=indep regime=MARKET_SIDEWAYS
8932,智通*,數位雲端,2023-09-27,2023-09-28,84.8115,84.8115,0.25,81,81,0.0449409,0.767514,False,,,,,,0,,,,,,False,0.25,2023-10-04,81.396,81.396,F2_STRUCTURE,FAILED_PROBE,4,0.25,-0.0111703,-0.0111703,-0.044681,-0.0402716,0.0151926,-0.0437618,0.0151926,-0.0437618,,,,,0.75,0,,DISCOVERY,2023,0.960061,-0.00365854,0.0280488,0.0303105,0.0766283,0.306977,0.0378749,0.812254,0.305291,0.600191,0.89415,0,0.0444014,0.0444014,0.5,2,0.018669,0.00449545,0.00676577,-0.0420454,2.56823,7.62486e+07,0.00210677,MARKET_SIDEWAYS,False,False,False,Disc=0.96 10D超額=+4.4% 產業超額=+4.4% outperf10=50% RSaccel=+0.0068 觸發=indep regime=MARKET_SIDEWAYS
8932,智通*,數位雲端,2024-03-19,2024-03-20,119.799,119.799,0.25,112,112,0.0650988,0.821125,False,,,,,,0,,,,,,False,0.25,2024-03-20,111.72,111.72,F1_PROBE_LOW,FAILED_PROBE,1,0.25,-0.0179461,-0.0179461,-0.0717843,-0.067436,0,0,,,,,,,0,0,,DISCOVERY,2024,0.965517,0,0.0257511,0.0792504,0.149038,0.0863636,0.0550508,0.545572,0.438668,1.01087,1.03351,0,0.052319,0.052319,0.6,2,0.0244891,-0.00271724,0.0130826,-0.0842912,3.66341,9.50474e+07,-0.00113934,MARKET_UP,False,False,False,Disc=0.97 10D超額=+5.2% 產業超額=+5.2% outperf10=60% RSaccel=+0.0131 觸發=indep regime=MARKET_UP
8932,智通*,數位雲端,2025-06-06,2025-06-09,110.275,223.987,0.25,100,203.117,0.0931761,0.843923,True,2025-06-11,137,278.27,persist,2,1,2025-06-12,136.34,276.929,,,True,1,2025-07-09,129.176,262.379,TREND_FAILURE_MA20x2,EXIT,23,1,-0.00106495,-0.00106495,-0.00106495,0.171401,0.333031,-0.0206302,0.269553,-0.0206302,0.236364,-0.0525433,0.0781869,-0.0978436,19.75,0,,STRICT_OOS,2025,0.9538,0.0146341,0.0585366,0.0773508,0.0904523,0.0585366,0.0246215,0.876507,0.294302,4.24659,1.37455,0,0.0964349,0.0964349,0.6,2,0.000569183,-0.00262747,-0.00140089,-0.00913242,3.93048,1.18046e+08,-0.000635311,MARKET_UP,False,False,False,Disc=0.95 10D超額=+9.6% 產業超額=+9.6% outperf10=60% RSaccel=-0.0014 觸發=indep regime=MARKET_UP
8932,智通*,數位雲端,2025-08-26,2025-08-27,224.56,456.119,0.25,206.5,419.436,0.080424,0.905867,True,2025-08-29,229.5,466.153,persist,2,1,2025-09-01,229.573,466.3,,,True,1,2025-09-02,217.455,441.688,HARD_STOP,EXIT,5,1,-0.0518903,-0.0518903,-0.0518903,-0.0316397,0.0598504,-0.0292127,0.0598504,-0.0292127,0.0223214,-0.0527829,0.0258197,-0.0917902,1.75,0,,STRICT_OOS,2025,0.965287,0.002331,0.027972,0.184211,0.436482,1.16176,0.0442177,1.00978,0.474405,1.22322,0.990759,-0.064948,0.297638,0.23269,0.7,1,0.0170178,0.0144312,0.00355689,-0.0112108,4.66667,1.04868e+09,0.0011418,MARKET_SIDEWAYS,False,False,False,Disc=0.97 10D超額=+23.3% 產業超額=+29.8% outperf10=70% RSaccel=+0.0036 觸發=indep regime=MARKET_SIDEWAYS
8936,國統,其他,2023-09-28,2023-10-02,33.1326,34.4131,0.25,31.1,32.3019,0.0613482,0.885201,True,2023-10-25,37.85,39.3127,persist,15,1,2023-10-26,37.4935,38.9425,,,True,1,2023-12-29,45.3863,48.5027,TREND_FAILURE_MA20x2,EXIT,63,1,0.281334,0.281334,0.281334,0.409426,0.667602,-0.0206028,0.146906,-0.0206028,0.131619,0.245496,0.473643,-0.0625042,50,0,,DISCOVERY,2023,0.95679,0.008,0.0544,0.0571062,0.0803279,0.00918836,0.0242792,0.986783,0.279387,2.3478,1.39708,-0.00840359,0.103476,0.0950722,0.7,1,0.000867892,0.00483085,0.00935622,-0.188424,3.625,5.6946e+07,0.00265966,MARKET_SIDEWAYS,False,False,False,Disc=0.96 10D超額=+9.5% 產業超額=+10.3% outperf10=70% RSaccel=+0.0094 觸發=indep regime=MARKET_SIDEWAYS
8937,合騏*,其他,2025-03-28,2025-03-31,191.478,191.478,0.25,177.5,177.5,0.0729981,0.928101,False,,,,,,0,,,,,,False,0.25,2025-03-31,177.056,177.056,F1_PROBE_LOW,FAILED_PROBE,1,0.25,-0.0199115,-0.0199115,-0.0796462,-0.0753156,0,0,,,,,,,0,0,,STRICT_OOS,2025,0.976,-0.0027027,0.0405405,0.0957735,0.112717,0.509804,0.038961,0.549066,0.388131,2.94075,1.47979,0.0323515,0.0905926,0.122944,0.9,1,0.0209514,0.0147207,0.0209993,-0.0128205,2.66667,8.02038e+07,-0.0158926,MARKET_DOWN,False,False,False,Disc=0.98 10D超額=+12.3% 產業超額=+9.1% outperf10=90% RSaccel=+0.0210 觸發=indep regime=MARKET_DOWN
8937,合騏*,其他,2025-09-26,2025-09-30,179.448,179.554,0.25,167,167.099,0.0693657,0.916102,False,,,,,,0,,,,,,False,0.25,2025-10-01,166.582,166.681,F1_PROBE_LOW,FAILED_PROBE,2,0.25,-0.0190077,-0.0190077,-0.076031,-0.0716923,0.00586523,-0.0415024,0.00586523,-0.0415024,,,,,0.25,0,,STRICT_OOS,2025,0.963636,0.0116959,0.0526316,0.105841,0.212839,0.225215,0.0468254,0.475625,0.565996,1.45907,1.00524,-0.0417117,0.206394,0.164683,0.7,1,0.0210408,0.00150653,0.0166913,-0.0763765,3.38136,1.37065e+08,-0.0170432,MARKET_UP,False,False,False,Disc=0.96 10D超額=+16.5% 產業超額=+20.6% outperf10=70% RSaccel=+0.0167 觸發=indep regime=MARKET_UP
8996,高力,電機機械,2023-06-01,2023-06-02,265.161,274.048,0.25,246,254.245,0.0722626,0.601683,False,,,,,,0,,,,,,False,0.25,2023-07-04,378.551,391.238,PROBE_MAX_LIFE,FAILED_PROBE,21,0.25,0.105541,0.105541,0.422164,0.427627,0.40292,-0.0100363,0.40292,-0.0100363,,,,,5,0,,DISCOVERY,2023,0.960219,0.00608519,0.0709939,0.155614,0.329975,0.135169,0.0505952,0.64958,0.617936,1.79537,1.59908,0.0335949,0.122103,0.155697,0.6,2,-0.0117057,0.00865875,-0.0170705,-0.0347349,3.74332,1.74216e+09,-0.00399965,MARKET_UP,False,False,False,Disc=0.96 10D超額=+15.6% 產業超額=+12.2% outperf10=60% RSaccel=-0.0171 觸發=indep regime=MARKET_UP
9802,鈺齊-KY,運動休閒,2023-08-31,2023-09-01,129.824,136.834,0.25,121,127.534,0.0679671,0.706845,False,,,,,,0,,,,,,False,0.25,2023-09-08,120.698,127.215,F1_PROBE_LOW,FAILED_PROBE,6,0.25,-0.0186598,-0.0186598,-0.074639,-0.0702972,0.0437227,-0.0140479,0.0437227,-0.0140479,,,,,1.25,0,,DISCOVERY,2023,0.955357,0.00403226,0.0403226,0.0504886,0.0661157,-0.0264151,0.0224252,0.402505,0.282776,2.88143,1.1229,-0.0128453,0.0674385,0.0545932,0.4,2,0.0130325,-0.0197212,0.00552321,-0.355472,3.45679,7.5902e+07,-0.00510233,MARKET_SIDEWAYS,False,False,False,Disc=0.96 10D超額=+5.5% 產業超額=+6.7% outperf10=40% RSaccel=+0.0055 觸發=indep regime=MARKET_SIDEWAYS
9802,鈺齊-KY,運動休閒,2024-05-09,2024-05-10,128.821,144.188,0.25,122,136.553,0.0529513,0.822084,False,,,,,,0,,,,,,False,0.25,2024-05-20,128.678,144.027,F3_RS_FAILURE,FAILED_PROBE,7,0.25,-0.00140334,-0.00140334,-0.00561338,-0.00111589,0.0324384,-0.0141378,0.0324384,-0.0141378,,,,,1.5,0,,DISCOVERY,2024,0.952765,0.00816327,0.0612245,0.108033,0.155556,0.0485909,0.0271978,0.433951,0.385876,4.09953,1.23854,-0.022453,0.0981883,0.0757353,0.6,1,0.00670266,-0.0118242,0.00295032,-0.127905,4.52525,9.33245e+07,-0.00675056,MARKET_SIDEWAYS,False,False,False,Disc=0.95 10D超額=+7.6% 產業超額=+9.8% outperf10=60% RSaccel=+0.0030 觸發=indep regime=MARKET_SIDEWAYS
9904,寶成,運動休閒,2024-03-14,2024-03-15,32.9823,36.8016,0.25,31.2,34.813,0.0540367,0.774787,True,2024-03-21,35.3,39.3878,persist,4,1,2024-03-22,35.3882,39.4862,,,True,1,2024-04-18,34.5135,38.5102,TREND_FAILURE_MA20x2,EXIT,23,1,-0.0114168,-0.0114168,-0.0114168,0.0464265,0.109688,-0.0191694,0.0702727,-0.0191694,0.0729483,-0.0247187,0.0342416,-0.0434678,18.25,0,,DISCOVERY,2024,0.985683,0.0015528,0.0310559,0.0813452,0.0658106,0.0675241,0.0150602,0.505668,0.196661,2.21796,1.63234,-0.0523816,0.0897035,0.0373219,0.5,2,0.00555944,-0.012015,0.0191063,0,6.1,3.14624e+08,0.000472188,MARKET_UP,False,False,False,Disc=0.99 10D超額=+3.7% 產業超額=+9.0% outperf10=50% RSaccel=+0.0191 觸發=indep regime=MARKET_UP
9906,欣巴巴,建材營造,2024-07-22,2024-07-23,150.876,165.587,0.25,146,160.236,0.0323196,0.871556,True,2024-07-30,193,211.818,persist,3,1,2024-07-31,193.482,212.348,,,True,1,2024-08-06,198.004,217.31,MFE_PROTECTION,EXIT,9,1,0.0909003,0.0909003,0.0909003,0.312359,0.504544,-0.00249377,0.322276,-0.00249377,0.282392,0.0233677,0.173233,-0.103278,5,0,,DISCOVERY,2024,0.991736,0,0,0.308786,0.691094,0.716247,0.0563333,0.433097,0.657663,0.966383,2.05646,0.142029,0.321213,0.463242,0.9,2,0.02637,-0.00518414,-7.42601e-05,-0.0196078,5.26627,1.58238e+08,-0.0267726,MARKET_SIDEWAYS,False,False,False,Disc=0.99 10D超額=+46.3% 產業超額=+32.1% outperf10=90% RSaccel=-0.0001 觸發=indep regime=MARKET_SIDEWAYS
9907,統一實,其他,2025-03-06,2025-03-07,17.4435,21.3411,0.25,16,19.5751,0.0827528,0.963431,True,2025-03-11,18.05,22.0832,persist,2,1,2025-03-12,18.045,22.077,,,True,1,2025-03-28,17.3565,21.2347,HARD_STOP,EXIT,16,1,-0.0342956,-0.0342956,-0.0342956,-0.00498752,0.0548342,-0.00249377,0.0491014,-0.00249377,0.0344828,-0.0381546,0.0196731,-0.0412857,12.75,0,,STRICT_OOS,2025,0.964096,0.0118694,0.0296736,0.0960202,0.152824,0.108626,0.0162618,0.478668,0.168846,4.46878,2.47052,0.0396527,0.110175,0.149828,0.8,1,0.012036,-0.00812534,0.0127992,-0.00287356,6.37975,3.41477e+07,-0.00684115,MARKET_SIDEWAYS,False,False,False,Disc=0.96 10D超額=+15.0% 產業超額=+11.0% outperf10=80% RSaccel=+0.0128 觸發=indep regime=MARKET_SIDEWAYS
9907,統一實,其他,2026-07-29,2026-07-30,15.2881,21.209,0.25,14.95,20.74,0.0221168,0.769289,False,,,,,,0,,,,,,False,0.25,2026-08-03,14.9625,20.7573,F2_STRUCTURE,FAILED_PROBE,3,0.25,-0.00643782,-0.00643782,-0.0257513,-0.0212992,0.0138588,-0.0188463,0.0138588,-0.0188463,,,,,0.5,0,,STRICT_OOS,2026,0.958042,0,0.00328947,0.000327976,0.00660066,-0.0702849,0.0168618,0.405255,0.183426,1.16823,0.739394,0.0191868,0.100101,0.119288,0.6,3,0.0181599,-0.0174316,0.0240062,-0.199538,1.94444,5.90626e+07,-0.0375974,MARKET_DOWN,False,False,False,Disc=0.96 10D超額=+11.9% 產業超額=+10.0% outperf10=60% RSaccel=+0.0240 觸發=indep regime=MARKET_DOWN
9910,豐泰,運動休閒,2023-09-13,2023-09-14,202.505,244.839,0.25,192,232.138,0.0518752,0.908243,False,,,,,,0,,,,,,False,0.25,2023-09-21,193.515,233.969,F2_STRUCTURE,FAILED_PROBE,6,0.25,-0.0121985,-0.0121985,-0.0487941,-0.044394,0.00244438,-0.044468,0.00244438,-0.044468,,,,,1.25,0,,DISCOVERY,2023,0.992248,-0.00511509,0.0230179,0.132022,0.156069,0.159314,0.0278571,0.750233,0.397342,2.10072,2.53308,0.00415452,0.180588,0.184743,0.8,3,0.00316182,-0.00207926,0.0162361,-0.00497512,5.92308,3.1658e+08,0.000530993,MARKET_SIDEWAYS,False,False,False,Disc=0.99 10D超額=+18.5% 產業超額=+18.1% outperf10=80% RSaccel=+0.0162 觸發=indep regime=MARKET_SIDEWAYS
9910,豐泰,運動休閒,2025-05-06,2025-05-07,114.786,142.496,0.25,106.5,132.209,0.0721885,0.730614,True,2025-05-09,121.5,150.83,persist,2,1,2025-05-12,122.806,152.452,,,True,1,2025-06-04,115.71,143.643,TREND_FAILURE_MA20x2,EXIT,20,1,-0.0457332,-0.0457332,-0.0457332,0.00804756,0.0976924,-0.0155615,0.0715569,-0.0155615,0.069869,-0.0577841,0.0260064,-0.0717085,16.75,0,,STRICT_OOS,2025,0.957326,0.028169,0.0704225,0.0864904,0.0506912,-0.11284,0.039599,1.05459,0.830019,1.22169,1.0836,-0.0466872,0.106883,0.0601959,0.5,2,-0.00707517,-0.00336538,-0.00134588,-0.311178,2.87975,1.40984e+08,-0.000506502,MARKET_SIDEWAYS,False,False,False,Disc=0.96 10D超額=+6.0% 產業超額=+10.7% outperf10=50% RSaccel=-0.0013 觸發=indep regime=MARKET_SIDEWAYS
9910,豐泰,運動休閒,2025-09-26,2025-09-30,119.799,155.234,0.25,111,143.833,0.0734461,0.835412,False,,,,,,0,,,,,,False,0.25,2025-10-30,121.196,157.045,F3_RS_FAILURE,FAILED_PROBE,20,0.25,0.00178479,0.00178479,0.00713915,0.0116654,0.135237,-0.0108411,0.135237,-0.0108411,,,,,4.75,0,,STRICT_OOS,2025,0.961039,-0.017094,0.00854701,0.0373626,0.00425532,-0.0247934,0.0217918,0.898216,0.281951,1.66106,1.19055,-0.0149226,0.059663,0.0447404,0.6,2,0.00721275,-0.00900781,0.0211461,-0.215477,2.91667,9.8901e+07,-0.0170432,MARKET_UP,False,False,False,Disc=0.96 10D超額=+4.5% 產業超額=+6.0% outperf10=60% RSaccel=+0.0211 觸發=indep regime=MARKET_UP
9911,櫻花,居家生活,2024-07-31,2024-08-01,97.6435,119.789,0.25,89.6,109.921,0.0823762,0.905771,False,,,,,,0,,,,,,False,0.25,2024-08-05,89.376,109.646,F1_PROBE_LOW,FAILED_PROBE,3,0.25,-0.0222449,-0.0222449,-0.0889798,-0.0846703,0.0056993,-0.0567728,0.0056993,-0.0567728,,,,,0.5,0,,DISCOVERY,2024,0.98633,0.0177384,0.078714,0.0917251,0.0610687,0.0406417,0.0213625,0.469866,0.358581,6.60689,2.368,0,0.176036,0.176036,0.7,4,0.0165016,-0.0103754,0.0205978,-0.0151822,6.10997,4.07943e+07,-0.00108983,MARKET_SIDEWAYS,False,False,False,Disc=0.99 10D超額=+17.6% 產業超額=+17.6% outperf10=70% RSaccel=+0.0206 觸發=indep regime=MARKET_SIDEWAYS
9911,櫻花,居家生活,2025-03-21,2025-03-24,92.631,113.639,0.25,89.1,109.308,0.038119,0.875364,False,,,,,,0,,,,,,False,0.25,2025-03-31,90.2738,110.748,F4_TIME_5D,FAILED_PROBE,6,0.25,-0.00747262,-0.00747262,-0.0298905,-0.0254477,0.0072222,-0.0208462,0.0072222,-0.0208462,,,,,1.25,0,,STRICT_OOS,2025,0.962252,-0.00110132,0.0143172,0.0434487,0.0598389,0.106971,0.013262,0.329869,0.13679,1.75667,1.04683,-0.0650496,0.143588,0.0785386,0.6,3,0.0145729,-0.0140964,0.00296619,-0.0678138,4.09357,4.14105e+07,-0.00751477,MARKET_DOWN,False,False,False,Disc=0.96 10D超額=+7.9% 產業超額=+14.4% outperf10=60% RSaccel=+0.0030 觸發=indep regime=MARKET_DOWN
9914,美利達,運動休閒,2023-06-05,2023-06-06,197.994,209.357,0.25,191.5,202.49,0.0327978,0.876491,True,2023-06-26,217.5,229.982,persist,12,1,2023-06-27,214.535,226.847,,,True,1,2023-07-21,216.458,228.88,TREND_FAILURE_MA20x2,EXIT,32,1,0.0254669,0.0254669,0.0254669,0.0932542,0.146501,-0.0226964,0.101045,-0.0226964,0.0835443,0.00896124,0.0581024,-0.0258,21.25,0,,DISCOVERY,2023,0.952128,-0.00258398,0.0361757,0.107735,0.165698,0.0867209,0.0258283,0.758853,0.304173,1.8676,1.67153,-0.013949,0.10738,0.093431,0.6,2,0.00849978,-0.00715579,0.00929754,-0.263727,4.44138,2.05789e+08,0.000450113,MARKET_UP,False,False,False,Disc=0.95 10D超額=+9.3% 產業超額=+10.7% outperf10=60% RSaccel=+0.0093 觸發=indep regime=MARKET_UP
9914,美利達,運動休閒,2024-07-26,2024-07-29,245.111,267.964,0.25,224.5,245.431,0.0840894,0.893988,False,,,,,,0,,,,,,False,0.25,2024-08-05,236.906,258.994,F4_TIME_5D,FAILED_PROBE,6,0.25,-0.00947482,-0.00947482,-0.0378993,-0.0334746,0.0587029,-0.0371719,0.0587029,-0.0371719,,,,,1.25,0,,DISCOVERY,2024,0.955882,-0.0274262,0.0253165,0.0809609,0.0970655,0.0146138,0.0342446,0.573562,0.312725,1.1484,0.966278,0.10871,0.0669932,0.175704,0.8,1,0.0127112,-0.0084098,0.0148961,-0.0357143,2.58369,2.51315e+08,-0.0329064,MARKET_SIDEWAYS,False,True,False,Disc=0.96 10D超額=+17.6% 產業超額=+6.7% outperf10=80% RSaccel=+0.0149 觸發=indep regime=MARKET_SIDEWAYS
9917,中保科,其他,2023-10-16,2023-10-17,115.789,133.771,0.25,113,130.549,0.0240849,0.839885,False,,,,,,0,,,,,,False,0.25,2023-10-24,113.715,131.375,F2_STRUCTURE,FAILED_PROBE,6,0.25,-0.00559237,-0.00559237,-0.0223695,-0.0179098,0.00614265,-0.0240848,0.00614265,-0.0240848,,,,,1.25,0,,DISCOVERY,2023,0.952527,0,0.0131004,0.0671573,0.104762,0.0497737,0.0212438,0.734819,0.219574,1.6563,1.8432,-0.0222712,0.0803801,0.0581089,0.5,1,0.00687537,-0.00130879,0.000914494,-0.007294,4.05797,6.75619e+07,-0.0077658,MARKET_SIDEWAYS,False,False,False,Disc=0.95 10D超額=+5.8% 產業超額=+8.0% outperf10=50% RSaccel=+0.0009 觸發=indep regime=MARKET_SIDEWAYS
9917,中保科,其他,2024-06-24,2024-06-25,134.335,161.391,0.25,124.53,149.612,0.0729873,0.812323,False,,,,,,0,,,,,,False,0.25,2024-06-27,127.68,153.396,F3_RS_FAILURE,FAILED_PROBE,3,0.25,-0.0134822,-0.0134822,-0.0539289,-0.0495403,0,-0.0434362,0,-0.0434362,,,,,0.5,0,,DISCOVERY,2024,0.959116,-0.0553506,0.0360706,0.101343,0.0925103,0.150718,0.0200055,0.454761,0.227054,2.91446,2.45038,-0.0272808,0.0846548,0.057374,0.4,1,0.0129577,-0.0076378,0.0245002,0,5.47889,8.44622e+07,-0.0189086,MARKET_UP,False,False,False,Disc=0.96 10D超額=+5.7% 產業超額=+8.5% outperf10=40% RSaccel=+0.0245 觸發=indep regime=MARKET_UP
9917,中保科,其他,2024-12-16,2024-12-17,134.836,161.993,0.25,130,156.183,0.0358676,0.76384,False,,,,,,0,,,,,,False,0.25,2024-12-23,131.171,157.59,F2_STRUCTURE,FAILED_PROBE,5,0.25,-0.00790499,-0.00790499,-0.03162,-0.0271811,0.0160472,-0.0358676,0.0160472,-0.0358676,,,,,1,0,,DISCOVERY,2024,0.956989,-0.00381679,0.0267176,0.0143288,0.0267176,-0.0253623,0.0220393,0.524537,0.290053,1.28429,0.785385,-0.0694525,0.0947375,0.025285,0.5,2,0.00534856,-0.00960176,0.00965781,-0.100334,2.0241,7.60527e+07,0.000843597,MARKET_SIDEWAYS,False,False,False,Disc=0.96 10D超額=+2.5% 產業超額=+9.5% outperf10=50% RSaccel=+0.0097 觸發=indep regime=MARKET_SIDEWAYS
9919,康那香,其他,2023-09-26,2023-09-27,19.9497,22.4592,0.25,19.2,21.6151,0.037582,0.737264,False,,,,,,0,,,,,,False,0.25,2023-10-05,19.8004,22.291,F4_TIME_5D,FAILED_PROBE,6,0.25,-0.00299267,-0.00299267,-0.0119707,-0.00748754,0.0225692,-0.0175315,0.0225692,-0.0175315,,,,,1.25,0,,DISCOVERY,2023,0.984756,-0.00253165,0.0253164,0.0352761,0.134454,0.0604315,0.0296296,0.409229,0.466912,1.50462,0.918081,-0.00959178,0.0849323,0.0753405,0.5,3,0.0132935,-0.00576818,0.0131266,-0.0774488,3.08333,1.70323e+08,-0.0107074,MARKET_SIDEWAYS,False,False,False,Disc=0.98 10D超額=+7.5% 產業超額=+8.5% outperf10=50% RSaccel=+0.0131 觸發=indep regime=MARKET_SIDEWAYS
9921,巨大,運動休閒,2024-07-22,2024-07-23,221.051,247.688,0.25,211.5,236.986,0.0432083,0.869558,True,2024-07-30,228.5,256.034,persist,3,1,2024-07-31,228.57,256.113,,,True,1,2024-08-05,219.45,245.894,HARD_STOP,EXIT,8,1,-0.0361647,-0.0361647,-0.0361647,-0.00724379,0.0947687,-0.00475568,0.0450065,-0.00475568,0.0340136,-0.0399002,0.0587566,-0.100932,4,0,,DISCOVERY,2024,0.955579,0,0.0022779,0.0354159,0.0377358,-0.011236,0.0272727,0.57501,0.290256,1.18878,1.0612,0.0922697,0.0461829,0.138453,0.7,2,0.0159546,-0.011274,0.0261403,-0.0737207,3.5,3.05366e+08,-0.0267726,MARKET_SIDEWAYS,False,True,False,Disc=0.96 10D超額=+13.8% 產業超額=+4.6% outperf10=70% RSaccel=+0.0261 觸發=indep regime=MARKET_SIDEWAYS
9921,巨大,運動休閒,2025-03-11,2025-03-12,166.415,190.452,0.25,157,179.677,0.0565754,0.871233,False,,,,,,0,,,,,,False,0.25,2025-03-14,154.114,176.374,F2_STRUCTURE,FAILED_PROBE,3,0.25,-0.0195632,-0.0195632,-0.0782528,-0.0739191,0.0245471,-0.0535709,0.0245471,-0.0535709,,,,,0.5,0,,STRICT_OOS,2025,0.967062,0.00928793,0.0309598,0.0618622,0.15625,0.0882353,0.033462,0.602567,0.277331,3.61385,1.78316,-0.0403966,0.137966,0.0975691,0.7,2,0.00471395,-0.00226401,0.00348629,-0.328629,2.69231,3.28082e+08,-0.0172785,MARKET_DOWN,False,False,False,Disc=0.97 10D超額=+9.8% 產業超額=+13.8% outperf10=70% RSaccel=+0.0035 觸發=indep regime=MARKET_DOWN
9927,泰銘,其他,2025-04-14,2025-04-15,71.8793,81.0166,0.25,66.5,74.9536,0.0748373,0.800486,False,,,,,,0,,,,,,False,0.25,2025-04-22,68.8275,77.5769,F2_STRUCTURE,FAILED_PROBE,6,0.25,-0.0117153,-0.0117153,-0.0468611,-0.0424566,0.00724479,-0.0386655,0.00724479,-0.0386655,,,,,1.25,0,,STRICT_OOS,2025,0.953642,0.00434783,0.0391304,-0.0234934,-0.0244898,0.0863636,0.0386531,0.705127,0.578913,1.01915,1.22193,-0.0290478,0.0786217,0.0495739,0.6,1,0.0190605,-0.012843,-0.00817969,-0.118651,4.43814,4.30959e+07,-0.000802918,MARKET_SIDEWAYS,False,False,False,Disc=0.95 10D超額=+5.0% 產業超額=+7.9% outperf10=60% RSaccel=-0.0082 觸發=indep regime=MARKET_SIDEWAYS
9934,成霖,居家生活,2024-04-19,2024-04-22,18.2956,19.1441,0.25,17.4,18.2069,0.048953,0.731369,False,,,,,,0,,,,,,False,0.25,2024-04-25,17.8054,18.6311,F3_RS_FAILURE,FAILED_PROBE,4,0.25,-0.00780893,-0.00780893,-0.0312357,-0.026796,0,-0.0380214,0,-0.0380214,,,,,0.75,0,,DISCOVERY,2024,0.978996,0.00555556,0.0166667,0.0681453,0.112462,0.2,0.0351288,0.452631,0.441301,2.30317,2.4931,0,0.119497,0.119497,0.5,2,0.0205147,-0.00839661,0.00639631,-0.0108109,3.42222,6.10407e+07,-0.0381298,MARKET_SIDEWAYS,False,False,False,Disc=0.98 10D超額=+11.9% 產業超額=+11.9% outperf10=50% RSaccel=+0.0064 觸發=indep regime=MARKET_SIDEWAYS
9934,成霖,居家生活,2024-08-13,2024-08-14,19.2981,21.5319,0.25,17.75,19.8045,0.0802215,0.840106,False,,,,,,0,,,,,,False,0.25,2024-08-21,18.9026,21.0906,F4_TIME_5D,FAILED_PROBE,6,0.25,-0.00623703,-0.00623703,-0.0249481,-0.0204942,0.0234155,-0.0361758,0.0234155,-0.0361758,,,,,1.25,0,,DISCOVERY,2024,0.957871,0.0106952,0.0240642,0.0597676,0.0698324,0.0525574,0.0445729,0.68488,0.548195,1.19377,1.30122,-0.00204664,0.0677085,0.0656619,0.6,2,0.0173633,-0.00787023,0.0112561,-0.0229592,4.45188,4.70111e+07,0.00107058,MARKET_SIDEWAYS,False,False,False,Disc=0.96 10D超額=+6.6% 產業超額=+6.8% outperf10=60% RSaccel=+0.0113 觸發=indep regime=MARKET_SIDEWAYS
9937,全國,油電燃氣業,2025-04-08,2025-04-09,59.1475,69.0398,0.25,55.8,65.1324,0.0565958,0.844896,False,,,,,,0,,,,,,False,0.25,2025-04-10,58.4535,68.2297,F2_STRUCTURE,FAILED_PROBE,2,0.25,-0.00405175,-0.00405175,-0.016207,-0.0117334,0,-0.0346168,0,-0.0346168,,,,,0.25,0,,STRICT_OOS,2025,0.980299,-0.025729,0.0240137,-0.0363196,-0.0448,-0.0772798,0.0257239,0.611136,0.25557,0.137279,1.50652,0,0.124011,0.124011,0.7,1,0.0154495,-0.0066033,0.0162527,-0.114243,4.49302,5.38121e+07,-0.0401615,MARKET_DOWN,False,False,False,Disc=0.98 10D超額=+12.4% 產業超額=+12.4% outperf10=70% RSaccel=+0.0163 觸發=indep regime=MARKET_DOWN
9938,百和,其他,2024-04-25,2024-04-26,65.4633,75.3292,0.25,60.8,69.9632,0.0712346,0.866724,False,,,,,,0,,,,,,False,0.25,2024-05-02,63.84,73.4613,F3_RS_FAILURE,FAILED_PROBE,4,0.25,-0.00731014,-0.00731014,-0.0292406,-0.0247964,0.00667168,-0.0361004,0.00667168,-0.0361004,,,,,0.75,0,,DISCOVERY,2024,0.963048,0.00315956,0.0221169,0.0919831,0.153298,0.230038,0.0324575,0.597567,0.25277,2.23855,1.84876,0.0385427,0.116306,0.154848,0.6,1,0.0238829,-0.00698873,0.00302229,-0.0137195,3.66667,1.43212e+08,-0.0136262,MARKET_SIDEWAYS,False,False,False,Disc=0.96 10D超額=+15.5% 產業超額=+11.6% outperf10=60% RSaccel=+0.0030 觸發=indep regime=MARKET_SIDEWAYS
9938,百和,其他,2024-06-07,2024-06-11,69.1725,79.5975,0.25,63.3,72.84,0.0848965,0.693776,False,,,,,,0,,,,,,False,0.25,2024-06-14,66.9322,77.0196,F3_RS_FAILURE,FAILED_PROBE,4,0.25,-0.00920339,-0.00920339,-0.0368136,-0.0323864,0.0235281,-0.0415266,0.0235281,-0.0415266,,,,,0.75,0,,DISCOVERY,2024,0.951111,0,0.0456621,0.0467774,0.0569231,0.251366,0.0236016,0.602718,0.289193,2.13588,0.974062,0.0177921,0.0271711,0.0449631,0.5,2,0.0172584,-0.00700139,0.0153821,-0.00434783,4.13216,1.23724e+08,-0.00202349,MARKET_UP,False,False,False,Disc=0.95 10D超額=+4.5% 產業超額=+2.7% outperf10=50% RSaccel=+0.0154 觸發=indep regime=MARKET_UP
9939,宏全,其他,2025-04-08,2025-04-09,138.345,167.419,0.25,136,164.582,0.0169504,0.774582,False,,,,,,0,,,,,,False,0.25,2025-04-09,135.66,164.17,F1_PROBE_LOW,FAILED_PROBE,1,0.25,-0.00596608,-0.00596608,-0.0238643,-0.019408,0,0,,,,,,,0,0,,STRICT_OOS,2025,0.970109,0.0215827,0.057554,-0.064588,-0.100917,-0.0134228,0.0340136,0.655904,0.464307,2.19614,1.23669,0.0210857,0.0579425,0.0790282,0.5,1,0.0124958,-0.00842506,0.0245158,-0.151004,5.1,2.1726e+08,-0.0401615,MARKET_DOWN,False,False,False,Disc=0.97 10D超額=+7.9% 產業超額=+5.8% outperf10=50% RSaccel=+0.0245 觸發=indep regime=MARKET_DOWN
9939,宏全,其他,2026-07-20,2026-07-21,128.821,170.577,0.25,123.5,163.531,0.0413073,0.844083,False,,,,,,0,,,,,,False,0.25,2026-07-24,129.176,171.047,F3_RS_FAILURE,FAILED_PROBE,4,0.25,-0.000437611,-0.000437611,-0.00175044,0.00275576,0.0402011,-0.0102565,0.0402011,-0.0102565,,,,,0.75,0,,STRICT_OOS,2026,0.968958,0,0.0239044,0.0403525,0.00797024,0.149515,0.0274658,0.367057,0.243161,1.27836,0.806357,0.0799697,0.0658884,0.145858,0.7,3,0.0235722,-0.0207631,0.0182934,-0.125773,2.2667,2.51278e+08,-0.00519249,MARKET_SIDEWAYS,False,True,False,Disc=0.97 10D超額=+14.6% 產業超額=+6.6% outperf10=70% RSaccel=+0.0183 觸發=indep regime=MARKET_SIDEWAYS
9941,裕融,其他,2024-09-27,2024-09-30,153.884,260.239,0.25,143.5,242.678,0.0674779,0.840692,False,,,,,,0,,,,,,False,0.25,2024-10-09,149.126,252.193,F4_TIME_5D,FAILED_PROBE,6,0.25,-0.00883666,-0.00883666,-0.0353466,-0.0309162,0,-0.0414842,0,-0.0414842,,,,,1.25,0,,DISCOVERY,2024,0.960859,0.00684932,0.0376712,0.0862162,0.0631579,0.070508,0.0221594,0.725055,0.285102,2.64891,1.27611,-0.0123819,0.0932011,0.0808192,0.7,1,0.0146299,-0.00948297,0.00681298,-0.177605,5.65957,1.53773e+08,-0.00157576,MARKET_SIDEWAYS,False,False,False,Disc=0.96 10D超額=+8.1% 產業超額=+9.3% outperf10=70% RSaccel=+0.0068 觸發=indep regime=MARKET_SIDEWAYS
9945,潤泰新,其他,2024-01-02,2024-01-03,39.1977,79.9274,0.25,36.8,75.0382,0.0611706,0.845261,False,,,,,,0,,,,,,False,0.25,2024-01-09,37.8053,77.088,F2_STRUCTURE,FAILED_PROBE,5,0.25,-0.00998626,-0.00998626,-0.0399451,-0.035525,0,-0.0433124,0,-0.0433124,,,,,1,0,,DISCOVERY,2024,0.97264,0.00529801,0.0397351,0.0642625,0.0565276,0.145985,0.0183803,0.811797,0.238099,2.15981,1.17415,-0.016923,0.0663056,0.0493827,0.5,2,-0.00230226,0.00474215,0.0142948,-0.20321,4.36634,2.6125e+08,-0.00429707,MARKET_UP,False,False,False,Disc=0.97 10D超額=+4.9% 產業超額=+6.6% outperf10=50% RSaccel=+0.0143 觸發=indep regime=MARKET_UP
9958,世紀鋼,鋼鐵工業,2023-06-01,2023-06-02,111.779,119.249,0.25,107.5,114.684,0.0382788,0.692961,False,,,,,,0,,,,,,False,0.25,2023-06-09,110.723,118.122,F4_TIME_5D,FAILED_PROBE,6,0.25,-0.00348205,-0.00348205,-0.0139282,-0.00944947,0.0198718,-0.0338056,0.0198718,-0.0338056,,,,,1.25,0,,DISCOVERY,2023,0.971193,0.00917431,0.0183486,0.0740203,-0.0553191,0.0829268,0.0317246,0.90883,0.473551,0.728269,1.38351,-0.0220014,0.109831,0.0878293,0.5,2,-0.0119609,-0.0018301,0.0175517,-0.0826446,4.31643,4.12845e+08,-0.00399965,MARKET_UP,False,False,False,Disc=0.97 10D超額=+8.8% 產業超額=+11.0% outperf10=50% RSaccel=+0.0176 觸發=indep regime=MARKET_UP
9958,世紀鋼,鋼鐵工業,2023-07-06,2023-07-07,134.836,143.847,0.25,130,138.688,0.0358676,0.76899,True,2023-07-12,143,152.557,persist,3,1,2023-07-13,146.866,156.681,,,True,1,2023-07-18,139.151,148.451,HARD_STOP,EXIT,8,1,-0.0358269,-0.0358269,-0.0358269,0.0320018,0.123585,-0.00249377,0.108752,-0.00249377,0.0892193,-0.0525307,0.0315508,-0.0535606,4,0,,DISCOVERY,2023,0.95528,0.0152672,0.0419847,0.146577,0.240909,0.3,0.0368917,0.688846,0.534784,1.62225,2.368,0.00294739,0.234985,0.237933,0.7,4,0.00493518,-0.00054199,-0.0139529,-0.0353357,6.15603,8.24967e+08,-0.0172521,MARKET_SIDEWAYS,False,False,False,Disc=0.96 10D超額=+23.8% 產業超額=+23.5% outperf10=70% RSaccel=-0.0140 觸發=indep regime=MARKET_SIDEWAYS
9958,世紀鋼,鋼鐵工業,2023-11-16,2023-11-17,170.926,182.923,0.25,164,175.511,0.0405219,0.787135,False,,,,,,0,,,,,,False,0.25,2023-11-21,163.59,175.072,F1_PROBE_LOW,FAILED_PROBE,3,0.25,-0.011831,-0.011831,-0.047324,-0.0429206,0.00628195,-0.0375966,0.00628195,-0.0375966,,,,,0.5,0,,DISCOVERY,2023,0.985507,0.00302115,0.0271903,0.0739103,-0.017341,0.231301,0.0510504,0.628113,0.571181,0.72346,1.54686,0.00018546,0.171235,0.17142,0.6,3,0.00931377,-0.00970446,0.0115604,-0.125964,4.3786,1.21321e+09,0.00247537,MARKET_UP,False,False,False,Disc=0.99 10D超額=+17.1% 產業超額=+17.1% outperf10=60% RSaccel=+0.0116 觸發=indep regime=MARKET_UP
9958,世紀鋼,鋼鐵工業,2024-05-17,2024-05-20,252.63,270.362,0.25,239,255.775,0.0539524,0.732807,True,2024-05-22,294.5,315.171,persist,2,1,2024-05-23,292.73,313.276,,,True,1,2024-07-01,299.25,320.254,MFE_PROTECTION,EXIT,30,1,0.0581981,0.0581981,0.0581981,0.184539,0.478447,-0.0104105,0.187507,-0.0104105,0.15873,0.0222731,0.27592,-0.038363,26.75,0,,DISCOVERY,2024,0.989547,-0.00205761,0.0390946,0.132287,0.171694,0.0498961,0.0598303,0.610789,0.648871,1.31332,1.8611,-0.0422942,0.0944668,0.0521726,0.5,2,0.0263309,-0.00196136,-0.000823801,-0.0665434,4.00473,2.17945e+09,-0.00214934,MARKET_SIDEWAYS,False,False,False,Disc=0.99 10D超額=+5.2% 產業超額=+9.4% outperf10=50% RSaccel=-0.0008 觸發=indep regime=MARKET_SIDEWAYS
9958,世紀鋼,鋼鐵工業,2025-06-12,2025-06-13,227.066,246.437,0.25,215,233.342,0.0531398,0.799267,False,,,,,,0,,,,,,False,0.25,2025-06-23,224.438,243.584,F4_TIME_5D,FAILED_PROBE,7,0.25,-0.00401274,-0.00401274,-0.016051,-0.011577,0.0701723,-0.0113018,0.0701723,-0.0113018,,,,,1.5,0,,STRICT_OOS,2025,0.986547,0,0.0295455,0.185554,0.265363,0.21123,0.0433617,1.09056,0.524761,1.37169,1.81284,-0.0678589,0.268816,0.200957,0.6,3,-0.00485127,0.00141885,-0.0107641,-0.385006,5.09091,1.61206e+09,-0.00811211,MARKET_SIDEWAYS,False,False,False,Disc=0.99 10D超額=+20.1% 產業超額=+26.9% outperf10=60% RSaccel=-0.0108 觸發=indep regime=MARKET_SIDEWAYS
